# zi.tools の日本語音読み。/api/yin/search/cvt:jp;<子音>;<母音>;*/jp を447回叩いて取得
# 形式: 字 <TAB> 読み:時期 …  時期 G=呉音 K=漢音 T=唐音 (空=不明)
㐀	キュウ
㐁	テン
㐂	キ
㐄	カ:K ケ:G
㐅	ゴ
㐌	イ
㐖	ケツ:K ゲチ:G
㐜	キュウ:K グ:G
㐡	ジュ
㐤	キュウ タン
㐧	ダイ:G テイ:K
㐨	ショ:K ジョ:G
㐩	キョウ ゴ
㐪	ガイ
㐫	キョウ:K ク:G
㐬	コウ トツ リュウ:K ル:G
㐭	リン
㐮	ショウ:G ジョウ ソウ:K
㐯	ヨウ
㐰	シン
㐱	シン
㐲	タイ:K ダイ:G フク
㐳	ゴツ
㐴	ハン
㐸	ケン
㐹	キツ
㐺	ギン シュウ
㐻	ダイ ネ
㐼	ショウ
㑁	チュツ
㑂	ホウ
㑃	オウ
㑄	ブ
㑅	サク
㑉	シュク
㑊	エキ:K ヤク:G
㑋	キュウ:K ク:G
㑌	オウ
㑍	ライ レ
㑎	ドウ:K ノウ:G
㑐	シュク
㑑	サン
㑒	セン
㑓	シュン
㑗	シン
㑘	カイ
㑙	チョウ
㑚	ダ
㑛	ショク:K ソク:G
㑜	エイ セチ:G セツ:K テイ
㑞	ヨウ
㑟	ヒョウ:G ホウ:K
㑣	ラン
㑤	ボウ
㑥	イ シ
㑦	ライ:G レイ:K
㑧	キ
㑪	サイ:G ザイ セイ:K
㑮	コン:K ゴン:G
㑯	シュ
㑱	ショウ
㑳	シュ:G シュウ:K ス ドウ:K ノウ:G
㑴	シン
㑵	シツ
㑶	キ:K ケ:G
㑷	タイ
㑸	ヨウ
㑹	エ:G カイ:K
㑻	バツ:K マチ:G
㑼	リャク
㑽	トウ
㑾	ヨウ
㑿	ジョウ:G ソウ:K
㒀	タ タク:K チャ チャク:G
㒁	グ
㒂	チャク
㒃	ジ
㒄	セン:K ゼン:G ネン
㒅	ケイ
㒆	キュウ
㒇	ブ
㒈	カン
㒉	ショウ
㒊	シュウ
㒋	シ
㒌	ケイ
㒍	ルイ
㒎	ソウ
㒑	エ:G カイ:K
㒒	ボク
㒓	タチ:G タツ:K
㒔	ショク:K ゾク:G トク:K ドク:G
㒕	オウ
㒖	ゴウ
㒙	ベン:K メン:G
㒚	イン:K オン:G
㒛	ジョウ:G チョウ:K
㒜	ヨ
㒝	バツ:K ベツ:K マチ:G メチ:G
㒞	シュン
㒟	ジョウ:K ニョウ:G
㒠	カイ:K ガイ:G
㒡	ユ:G ユウ:K
㒤	ショウ
㒥	フ:G フウ:K
㒦	ライ ルイ
㒧	レイ
㒨	セン
㒩	ラ
㒪	セキ
㒫	キ
㒭	コン
㒯	ヨウ
㒰	セン:K ゼン:G
㒲	サイ
㒳	リョウ
㒴	コツ
㒵	ボウ
㒶	ク:G コウ:K シュ:G ショウ:K
㒸	スイ:K ズイ:G
㒹	テン
㒺	ボウ:K ム モウ:G
㒻	ボウ:K ボク:K モウ:G モク:G
㒼	バン:K ベン:K マン:G メン:G
㒽	ケン
㒾	イ シ
㒿	リ
㓁	ボウ:K モウ:G
㓂	コウ
㓃	タ ツ:G ト:K
㓄	チン
㓅	チョウ:G テイ:K
㓇	ヨク
㓈	ヒョウ
㓉	カツ:K ガチ:G
㓊	ズ:G トウ:K
㓋	キョウ:K グ:G
㓌	ショウ:G セイ:K
㓎	シン
㓏	キョウ:G ケイ:K
㓐	リク:K ロク:G
㓑	ギョウ:G ケイ:K
㓓	ダン:K ナン:G
㓔	シャ:K ジャ:G
㓕	ベツ メツ
㓖	ヒチ:G ヒツ:K
㓗	ケツ
㓘	ソク
㓙	キョウ
㓚	ク:G コウ:K
㓛	ク:G コウ:K
㓜	ヨウ
㓞	カイ カツ:K ケイ ケチ:G
㓟	ヒ
㓠	テン
㓡	フ:G フウ:K
㓢	ラク
㓣	カツ コウ
㓤	カチ:G カツ:K
㓧	カン:K コン:G
㓨	シ
㓩	ケン
㓪	ロウ
㓬	ク:G コ:K
㓭	セツ:K ゼチ:G
㓮	チョウ
㓯	ライ:G レイ:K
㓱	ズ:G トウ:K
㓲	ヘン:K ベン:G
㓳	タイ:G テイ:K
㓴	ゼン:K ネン:G
㓵	ガク
㓶	ケチ:G ケツ:K
㓷	ギ ケイ
㓸	タク ツ:G トウ:K
㓹	エイ カツ ケツ セイ
㓺	ケン:K ゲン:G コン
㓻	ゴウ
㓼	シ シチ:G シツ:K セチ:G セツ:K
㓽	シュウ:K ジュ:G
㓾	サイ:G ジ:G セイ:K チ:K
㔀	リョウ
㔁	トウ
㔂	リン
㔃	ケチ:G ケツ:K セチ:G セツ:K
㔄	ショク:K ソク:G
㔅	ショウ
㔆	サン:K ザン:G
㔇	ハチ:G ハツ:K
㔊	セン タン
㔋	カン:K ガン:G ラン
㔌	シュ:G ジュ ソウ:K
㔍	サチ:G サツ:K サン セ:G セイ:K
㔎	ギツ ゴチ セチ:G セツ:K
㔏	ラ リャク:G レキ:K
㔑	シチ:G シツ:K
㔒	ケイ ゲ
㔓	ケン:K コン:G
㔕	キツ ゴチ
㔗	ヒ:K ビ:G
㔘	チュツ
㔙	ヒョウ:G ホウ:K
㔚	コウ
㔜	ホツ
㔝	リョウ
㔞	カイ:K ケ:G
㔟	セイ
㔠	カツ:K ケチ:G
㔡	ヘチ:G ヘツ:K
㔣	ライ ルイ レ
㔤	シン
㔥	ハイ バ
㔦	ヨウ
㔧	リョ:K ロ:G
㔨	ハイ:K ヘ:G
㔩	オウ
㔪	ロ
㔫	サ
㔬	タク
㔭	シ
㔮	ダ:K ナ:G
㔯	セン:K ゼン:G
㔰	コウ
㔱	ユ
㔳	キ
㔴	ヨキ ヨク
㔵	セン
㔶	カン:K ク:G コウ:K コン:G
㔷	ル:G ロウ:K
㔸	タイ:G テイ:K
㔹	ロク
㔺	セ:G セイ:K
㔻	ヒ
㔼	ジュン
㔽	ユウ
㔾	セツ
㔿	ソウ
㕁	キャク
㕂	ギン
㕃	ケイ
㕄	シ
㕅	コウ
㕆	コ:K ゴ:G ツ:G ト:K
㕇	リュウ ロウ
㕈	アイ イ
㕉	コウ
㕊	フ
㕋	キン:K ケン:K ゲン:G ゴン:G
㕌	ガイ タク:K チャク:G
㕍	ガン タイ:K テ:G
㕎	オウ:G コウ:K
㕐	シャ
㕑	ジュ ズ チュ チュウ
㕒	ギ
㕕	ゲン
㕖	ソ
㕗	ユ:G ユウ:K
㕙	シュン セン
㕚	ショウ:G ソウ:K
㕛	ユウ
㕜	シ
㕝	シ
㕞	セチ:G セツ:K
㕟	カイ:K キ ケ:G
㕠	ソウ
㕡	カク:K ガク:G
㕢	カイ:K ガイ:G
㕣	エン
㕤	キュウ
㕥	シン
㕦	カ:K ゲ:G ゴ
㕧	キ シ
㕨	ハン
㕩	ホウ
㕪	タン:K トン:G
㕫	ホウ
㕬	ク:G コウ:K シュ:G ショウ:K ジュ
㕭	オウ:K ヨウ:G
㕮	フ
㕯	トツ
㕰	カク
㕱	ウ:G ユウ:K
㕲	ゲチ コウ ヨウ
㕳	キョウ:K ク:G
㕴	チン
㕵	コク ボウ
㕶	ボク
㕸	リュウ
㕹	ハツ:K バチ:G ボチ
㕺	キョウ
㕻	ツ:G トウ:K フ:G ホウ:K
㕼	コウ
㕽	シ
㖀	ロチ ロツ
㖁	リン
㖂	エイ セイ セチ:G セツ:K ゼイ
㖃	ク:G コウ:K
㖄	シュウ
㖅	シュチ:G シュツ:K
㖆	キク キュウ:K キョク:K ク:G コク:G
㖇	ジ:K ニ:G
㖏	デツ ネチ
㖐	イ
㖑	カイ:K ケ:G
㖒	テイ
㖓	コウ
㖔	チン トン
㖕	ガチ ガツ
㖖	ガツ
㖗	ギン
㖘	シン
㖟	シュウ:K ジュ:G
㖠	ダ:K ナ:G
㖡	エ ヤ
㖢	イ シ:K ジ:G
㖣	トウ
㖤	カン:K ゴン:G
㖥	キン:K ゴン:G
㖦	ツ:G トウ:K
㖧	コン ブン
㖨	ロク
㖩	シュ:G ソウ:K ユ
㖪	イク カク:K キャク:G キョク ケキ
㖫	リョウ
㖶	エツ
㖷	シ ダイ:G テイ:K
㖸	キャク
㖹	フン ホン:K ボン:G
㖺	シュン
㖻	ジュウ ニュ
㖼	ボウ
㖾	ガク
㖿	シャ:K ジャ:G ヤ
㗀	ユウ
㗁	ガク
㗂	ショウ:G セイ:K
㗃	ブン
㗄	マン
㗅	コ:K ゴ:G
㗆	カク:K キャク:G
㗇	カ:K ゲ:G
㗉	ガク リャク
㗊	キュウ:K コウ:G シュウ ホウ ライ
㗋	コウ
㗌	チチ:G チツ:K
㗍	タイ
㗐	コウ
㗓	タイ:K ツイ テ:G
㗔	ケン
㗕	ク:G コウ:K
㗖	タン
㗗	ハイ:K ヘ:G
㗘	ハク
㗙	シュ ドウ:K ノウ:G
㗚	リチ:G リツ:K
㗛	ショウ
㗜	キュウ
㗢	ク:G グ コウ:K ズ:G トウ:K
㗣	テイ
㗤	シュク
㗥	カク
㗦	ロウ
㗧	チツ テチ:G テツ:K
㗨	ア アイ カイ:K キツ:K ケ:G コチ:G
㗩	シュウ
㗪	ヒ
㗫	サイ:G サツ セイ:K セチ:G セツ:K
㗬	タ
㗭	シツ
㗱	シュウ
㗲	カク ギャク
㗳	トウ
㗴	ガン:K ゲン:G
㗵	クチ クツ
㗶	ハツ
㗻	カ
㗼	ギョウ:G ゴウ:K
㗽	キョウ:G コウ:K
㗾	カ
㗿	カ:K ケ:G
㘀	サク
㘁	エキ:K ヤク:G
㘂	シ:K ジ:G
㘅	カン
㘆	タイ:K ダイ:G
㘇	エイ:K ヨウ:G
㘈	ギ ギョク ゴキ
㘉	シチ:G シツ:K
㘊	キュウ:K コウ:G ユウ
㘋	ケン:K ゲン:G
㘌	ギャク ケキ
㘍	シチ:G シツ:K
㘐	ヒョウ:G ホウ:K
㘑	ライ:G レイ:K
㘓	ラン
㘕	カン ラン
㘖	ガン:K ゲン:G
㘙	ガン:K ギャク ゲキ ゲン:G
㘛	カン
㘜	シュウ
㘝	ジュウ ドウ:K ニョウ ノウ:G
㘞	カ:K ワ:G
㘠	ヒキ:G ヒョク:K
㘡	コウ
㘢	オウ
㘣	ケン セン:K ゼン:G
㘤	エン ワン
㘥	ユウ
㘦	キン:K ゴン:G
㘧	ジョ
㘨	カイ:K ケ:G ジョウ:K ニョウ:G
㘩	ヒ
㘪	コウ
㘫	ジョウ:G セイ:K
㘬	ブツ
㘭	オウ
㘰	シン
㘱	タン
㘲	キク コク
㘳	キュウ
㘴	ザ
㘶	ケツ
㘷	ガイ
㘸	ザ
㘹	シ
㘺	ハツ
㘻	イン
㘿	デツ ネチ
㙀	キュウ:K ク:G リュウ:K ル:G
㙁	バイ:K ボク:K メ:G モク:G
㙂	タイ
㙃	ホウ
㙄	ヘイ
㙅	ホウ
㙇	ジョク:K チク チョク ニク:G
㙈	カ:K ケ:G
㙉	テン
㙊	ジョウ:G チョウ:K
㙎	イ
㙏	フク
㙐	タ
㙑	ウ
㙒	ヤ
㙓	キ:K ギ:G
㙔	イ カン
㙕	カイ
㙙	ボウ:K モ モウ:G リュ リョウ
㙚	ショウ:G セイ:K
㙛	フ:G ホ:K
㙝	キョウ:G コウ:K
㙞	ギツ ゴチ
㙠	エイ
㙡	シュ:G ショウ:K
㙢	バン:K マン:G
㙣	チョウ
㙤	カ:K ケ:G
㙥	コン
㙧	リュウ:K ル:G
㙨	キ
㙩	リョウ
㙪	イ エイ
㙫	シュウ
㙬	ギン
㙯	ゲイ
㙰	カイ
㙱	コウ
㙲	ヨウ
㙳	カン
㙴	セン
㙵	タイ
㙶	ドウ
㙷	チュウ チョウ
㙸	ハク
㙹	ボウ:K モウ:G
㙺	キ
㙻	テン
㙼	ルイ
㙾	カク
㚀	キ
㚁	キョウ
㚂	ドウ:K ノウ:G
㚃	イン ウン エチ:G エツ:K
㚅	リュ リュウ
㚆	フク:K ブク:G
㚇	ス:G ソウ:K
㚈	ショウ
㚉	ク:G コ:K
㚊	カイ
㚋	チョウ
㚌	カ
㚍	カイ:K ケ:G
㚐	トウ
㚑	リョウ:G レイ:K
㚒	シャク:G セキ:K セン
㚓	ライ
㚔	コウ ジョウ:K ニュウ ニョウ:G
㚕	ヒツ:K ビチ:G フツ ブチ
㚖	コウ シャク:G ジャク:G セキ:K タク:K
㚗	シャ:K ジャ:G
㚘	ハン:K バン:G
㚙	カ
㚚	コウ
㚜	オキ キョク ケキ ヨク
㚝	ケ:G ケイ:K
㚞	シン
㚠	キョウ
㚡	キ
㚢	ド
㚣	コウ
㚤	ヨキ ヨク
㚥	ウ
㚦	キ
㚧	ゲン
㚩	ゼン:K デン ネン:G
㚪	コウ
㚫	ソウ
㚬	キン
㚭	ウ:G ユウ:K
㚮	タン
㚰	ハイ ヒ
㚱	キュウ:K ク:G
㚲	ショウ セン テン
㚳	カ
㚴	フ:G ホ:K
㚵	ツ:G トウ:K
㚶	ジ
㚷	デイ
㚸	シ
㚹	ボウ:K ミョウ:G
㚺	ヨウ
㚻	キ
㚼	コウ
㚽	キョウ:G コウ:K
㚾	キョウ:G ケイ:K
㚿	ホウ
㛁	ヒョウ:G ホウ:K
㛂	ガ ダ:K ナ:G
㛃	ケチ:G ケツ:K
㛄	イ:K エ:G
㛅	ジ:K ニ:G
㛆	タ
㛍	キョウ ショウ
㛎	リョ:K ロ:G
㛏	キュウ:K グ:G
㛐	ソウ
㛑	サン
㛒	ツ:G トウ:K
㛓	キ:K ケ:G チ
㛔	ホウ
㛕	オウ
㛖	サ
㛗	サ
㛘	ホチ ホツ
㛙	シン
㛚	ツ:G トウ:K ユ:G ヨウ:K
㛛	シン
㛜	ニ ユウ
㛝	ハイ
㛞	ル:G ロウ:K
㛥	トウ
㛦	ラン
㛧	バン:K マン:G
㛨	キョウ:G コウ:K
㛩	チク
㛪	エン
㛫	シャク:G セキ:K
㛬	リク:K ロク:G
㛭	シャク:G セキ:K
㛮	ソウ
㛯	テン ベン
㛰	コン
㛱	エ:G ワイ:K
㛳	エイ セイ
㛴	ドウ:K ノウ:G
㛵	ショウ
㛶	タン
㛷	ケイ
㛸	シュ
㛹	ヘン:K ベン:G
㛺	アン:K オン:G
㛻	カイ:K ケ:G
㛼	ソウ チョウ
㛽	サン
㛾	カン:K ガン:G
㜂	フ:G ホウ:K
㜃	レン
㜄	シン:K ジン:G
㜅	キク チク
㜆	ベイ メイ
㜇	イ スイ:K ズイ:G ヨウ
㜈	ボク:K モク:G
㜉	ユ:G ヨウ:K
㜊	テン
㜋	エキ:K ヤク:G
㜌	ク:G コウ:K ドウ:K ヌ:G
㜍	トウ:K ドウ:G
㜎	ケイ ゲイ
㜏	ウン
㜐	シュ:K ジュ:G
㜑	バ
㜒	ゲイ
㜓	トウ
㜖	ソウ:K ゾウ:G
㜗	サン シン ソウ
㜘	サ:K シュ ショ ジャ:G
㜙	ロク
㜚	シュク
㜛	ナン
㜜	ゴウ
㜝	アン エン:K オン:G カン:K ガン ゲン:G ゴン
㜞	サン:K ザ セン:G
㜠	サイ:K セ:G
㜡	シュ:G ショウ:K
㜢	リュ ル:G ロウ:K
㜣	セン:K ゼン:G デン:K ネン:G
㜤	シン タン:K テン:K デン:G ドン:G ネン
㜥	バイ:K メ:G
㜦	シン:K ジン:G
㜧	ケツ
㜩	オウ
㜪	シン
㜫	ビ
㜮	ラン
㜯	キ
㜰	シャク ヤク
㜱	シチ:G シツ:K
㜲	エイ:K ヨウ:G
㜳	エ:G カイ:K
㜴	ボウ:K モウ:G
㜵	ジョウ:K ニョウ:G
㜶	ハン
㜷	セン ビ:K ベイ ミ:G メイ
㜸	ゲツ セツ
㜹	オ オウ ク:K グ:G
㜺	サン
㜻	レン
㜼	テツ
㜽	シ
㜾	ガイ
㝀	コウ
㝁	ケン
㝂	セイ セチ:G セツ:K
㝃	ハン:K バン:K ブン:K ベン:K ホン:G マン:G メン:G モン:G
㝄	ジュン
㝅	ク:G コウ:K ドウ:K ヌ:G
㝇	ジュン
㝈	サン:K セン:G
㝊	シュ
㝋	リョウ
㝌	キュウ:K ク:G ユ:G ユウ:K
㝍	シャ
㝎	テイ
㝏	カイ
㝐	ヨウ
㝑	ボウ
㝒	キョ
㝓	コウ
㝔	ヨウ
㝕	ネイ
㝖	ギ
㝗	ロウ
㝘	グ ゴウ
㝙	イン
㝚	エン
㝛	シュク
㝜	シャク:G セキ:K
㝝	リン
㝞	ア
㝟	ホウ
㝠	メイ
㝡	サイ
㝢	ウ
㝣	エイ エチ:G エツ:K ケチ:G ケツ:K
㝤	ク:G コウ:K
㝥	ビ:K ベイ ミ:G メイ
㝦	シュン
㝧	オン
㝩	コウ
㝪	チョウ テン
㝫	リュウ
㝬	コ
㝭	ショウ:G セイ:K
㝮	サイ:K セ:G
㝯	キョウ:K ギョウ:G
㝰	ベン:K メン:G
㝱	ム
㝲	シン
㝴	ガン
㝵	ガイ トク
㝶	トク
㝸	ヘン:K ベン:G
㝺	レン
㝻	キン ギン
㝼	ウ
㝾	サ
㝿	ハ
㞀	カイ:K ケ:G
㞁	ビュウ ミュウ ヨウ
㞂	タイ:K テ:G
㞃	ギャク ケキ
㞄	アン:K オウ オン:G
㞅	ラ
㞆	イ キ
㞇	エ:G ワイ:K
㞈	ハチ:G ハツ:K
㞉	サチ:G サツ:K
㞊	シュツ
㞋	シキ:G ショク:K デン:K ネン:G
㞌	ヨウ
㞍	コウ
㞏	キョウ:K ギョウ:G ジュウ:G チュウ:K
㞐	キョ
㞑	ビ
㞒	カイ:K キ ケ:G
㞓	キ ケイ
㞕	セツ
㞖	シ
㞗	キュウ:K グ:G
㞘	トク
㞙	ニョウ
㞚	ショウ:G ソウ:K
㞛	キ
㞜	カ:K ゲ:G サイ:K セ:G タ タイ:K テ:G
㞟	チョウ:G テイ:K テン
㞡	テン
㞢	シ
㞣	フン:K ブン:G
㞤	ギン:K ゴン:G
㞥	シン:K ジン:G
㞦	キ
㞧	カイ
㞨	シ
㞩	ラン
㞪	ドウ:K ノウ:G
㞫	ソウ
㞬	キン
㞭	タイ
㞮	シュチ:G シュツ:K スイ デ
㞯	キ
㞰	キョ
㞱	シュ:G ショウ:K
㞲	ギュウ グ
㞳	ツ:G トウ:K
㞴	ジ:G チ:K
㞶	ビン
㞹	カ
㞺	ゾク
㞻	コウ:K ゴウ:G
㞼	ショウ:K ジョウ:G
㞽	カチ ケツ
㞾	ジ:K ニ:G
㞿	キ
㟀	レン
㟁	ガン
㟃	シ
㟄	ショウ:K ゾウ:G
㟅	グ ゴウ
㟇	サ:K ザ:G
㟈	キュウ:K グ:G
㟉	ロウ
㟊	フウ:K ブ:G
㟋	タイ デ
㟌	ボウ:K モウ:G
㟍	ロウ
㟎	タ タイ:K テ:G
㟏	カン:K コン:G
㟐	ボウ:K モウ:G
㟑	ホツ:K ボチ:G
㟒	キン
㟓	キ:K ゲ:G
㟔	カン
㟗	ヒン
㟘	ジョウ:G チョウ:K
㟙	サク ジャク
㟚	キ
㟛	サン:K ザン:G
㟜	ビ
㟝	バイ
㟞	サン
㟟	コウ
㟠	コウ
㟦	ウン
㟧	ガク
㟨	タン
㟩	ビン
㟪	イ エ:G ワイ:K
㟫	セン
㟬	ソウ
㟭	ビン
㟰	ベイ ミョウ
㟱	ヨウ
㟲	ゲン
㟳	リチ:G リツ:K
㟴	イ カイ:K ケ:G
㟵	コウ
㟶	ガン:K ゲン:G
㟸	コウ
㟹	リョウ:K ロウ:G
㟺	ル:G ロウ:K
㟻	セン
㟼	ガク ゴク
㟽	ヒョウ
㟾	ユ:G ヨウ:K
㟿	ボウ:K モウ:G
㠀	トウ
㠁	シン
㠂	ゴウ
㠅	フク
㠆	タイ:G タン テイ:K
㠇	シュ:G シュウ:K
㠈	ジュン:K ニン:G
㠉	ズ:G トウ:K
㠊	キョ:K コ:G
㠋	ガク
㠌	カン キ
㠍	シュウ
㠎	シュウ:K ショウ:G ジュウ:G ジョウ ソウ:K ゾウ
㠏	カ:K ゲ:G
㠐	キョウ
㠑	サイ:K スイ セ:G ゼ
㠒	ヒョウ
㠓	ボウ:K ム:G
㠔	ハイ:K ヘ:G
㠕	イ
㠖	ギ
㠗	オウ
㠘	ショ
㠙	コウ
㠚	タイ デ
㠛	ワク
㠝	サン
㠠	リョ:K ロ:G
㠡	ジョウ:K ニョウ:G
㠢	エ:G カイ:K
㠥	ライ リチ:G リツ:K ルイ レ
㠦	フ:G フウ:K
㠧	ビ:K ミ:G
㠨	ウツ
㠩	コウ
㠪	キョ
㠭	テン
㠮	ホ ホウ
㠯	イ
㠱	キ:K ギ:G
㠲	ヒ
㠴	ジツ:K ジン:K ニチ:G ニン:G
㠵	コウ
㠶	ハン:K ボン:G
㠷	コウ
㠸	フ
㠹	カイ
㠺	サ:K シャ:G ビョウ モウ
㠻	キ
㠼	シ
㠽	ズ:G トウ:K
㠾	エン:K オン:G
㠿	シ
㡀	ヘイ ヘチ:G ヘツ:K ベイ
㡁	カ カイ:K ケ:G
㡂	レイ
㡃	コウ ボウ:K モウ:G
㡄	シュン:K ジュン:G
㡅	ダ:K ナ:G
㡆	コウ ボウ:K モウ:G
㡇	ショウ チョウ テン
㡈	ブン:K ベン:K メン:G モン:G
㡉	ケン:K ゲン:G
㡊	コウ
㡋	アン:K オン:G ヨウ
㡌	ボウ
㡏	シュ:K ス:G ズ:G トウ:K ユ
㡐	セン
㡑	ショウ
㡒	シュン チュン トン
㡓	コン
㡔	キョク ブ ボ:K ボウ:K ボク:K ム:G モ:G モク:G
㡕	エイ
㡖	ジュ チョウ:G トウ:K
㡗	ケイ シ タイ:G ダイ テイ:K
㡘	リン レン
㡙	ヒ:K ビ:G ヘイ
㡚	ク:G コウ:K
㡛	コウ ボウ
㡜	セイ セチ:G セツ:K
㡝	ブ:G ホウ:K
㡞	ル:G ロウ:K
㡟	ソウ
㡠	トウ
㡡	ジュ チュ チュウ
㡢	バン:K マン:G
㡣	リョウ
㡥	イン:K オン:G
㡦	ヒン
㡧	チョウ:G トウ:K
㡨	セン
㡩	ラン
㡪	ダイ ダン:K ドン ナン:G ネ
㡫	エイ
㡬	キ
㡭	ケイ
㡮	キツ ゴチ
㡯	ジャク:G ズ:G タク:K ダク ト:K
㡰	ウ
㡱	キュウ:K ク:G
㡲	カン:K ゲン:G
㡳	テイ
㡴	ロウ
㡵	リョウ:G レイ:K
㡶	シ
㡷	ホン
㡸	サ:K シャ:G ジャ
㡹	シ ショ
㡺	タン
㡻	リュウ:K リョウ ル:G
㡼	イ エイ
㡽	ジョウ:G チョウ:K
㡾	カン:K ゲン:G
㡿	セキ
㢀	シ
㢁	シ
㢂	ゲン タイ
㢃	ロウ
㢄	ズ:G トウ:K
㢅	ル:G ロウ:K
㢆	テン
㢈	タイ デ
㢉	タ:K タク:K ダ:G チャク:G
㢊	ア アイ イ
㢋	シ
㢍	エイ:K ヨウ:G
㢎	ショウ
㢏	ズ:G トウ:K ユ
㢑	サイ:K セ:G
㢒	サ:K ジャ:G
㢓	ショウ
㢔	ス:G ソウ:K
㢕	ユ:G ヨウ:K
㢖	ハン
㢗	キョウ
㢙	キン
㢚	ロ
㢛	カン:K ゲン:G コン:K ゴン:G
㢜	コウ
㢝	ス:G ソ:K
㢞	エキ:K ヤク:G
㢟	テン
㢡	ショウ
㢢	ヘイ ヘツ
㢣	ギョウ:G ケイ:K
㢥	ズ:G トウ:K
㢦	カ
㢧	ケン
㢨	カン
㢩	チャク:G テキ:K
㢪	オ
㢬	コウ
㢮	シ
㢯	トン ビン:K ミン:G
㢰	ヒ:K ビ:G
㢲	ソン
㢳	ロ
㢴	セイ
㢵	キョウ
㢶	ヒツ
㢸	ヒツ
㢺	ケン:K ゲン:G
㢻	イ ズイ ダイ ニ ネ
㢼	ヘツ
㢽	ジ
㢾	ケン セン
㣀	チン
㣁	ヒ:K ビ:G
㣂	カク:K ガク キャク:G ギャク
㣃	シュク
㣄	キョ:K ゴ:G
㣅	サン
㣆	シ ビ:K ミ:G
㣇	イ ダイ:G テイ:K
㣈	イ シ
㣉	コウ
㣋	タン
㣌	サン
㣍	タイ
㣎	ビュウ ボク:K ミュ モク:G
㣏	セイ
㣐	ヘン
㣑	ユ:G ヨウ:K
㣒	ショウ:G ソウ:K
㣓	サン
㣔	チョウ:G テイ:K
㣘	ク
㣙	ジャク:G ジュ チュウ テキ:K トク:K ドク:G
㣚	トウ
㣛	イ カイ トウ
㣜	ギョウ:G コウ:K
㣝	シュ:G シュウ:K
㣞	タツ ダチ
㣟	キチ:G キツ:K
㣠	トウ
㣢	ダイ:G テイ:K
㣣	セン
㣤	セン:K ゼン:G
㣥	ジ:G チ:K
㣦	イ
㣪	カン:K ガン:G
㣫	シュ:G ショウ:K ズ:G トウ:K
㣬	シュウ
㣭	ス:G ソウ:K
㣯	セチ:G セツ:K
㣰	シチ:G シツ:K
㣱	サク ジャク
㣲	ビ
㣵	タツ ダチ
㣶	タン テン
㣷	デイ ニョウ
㣺	シン
㣻	ガイ:K ゲ:G
㣼	ジン:K ニン:G
㣽	ジョ
㣾	サ:K シャ:G
㣿	シャク チャク:G チョウ テキ:K
㤀	ボウ
㤁	テン
㤂	キュウ
㤃	ホウ
㤄	ハイ ハチ:G ハツ:K ホチ
㤅	アイ
㤆	ハン:K ホン:G
㤇	オウ
㤈	シン
㤉	カ:K ガ:K ギョウ:G ケ:G ゲ:G ゴウ:K ジ
㤊	コウ:K ゴウ:G
㤋	フン
㤌	カン
㤍	キョウ:G コウ:K
㤎	カ
㤏	ズ:G トウ:K
㤐	セン チョウ テン
㤑	ユウ
㤒	コウ
㤓	ホン:K ボン:G
㤔	フ:K ブ:G
㤕	チュチ:G チュツ:K トチ トツ ホチ ホツ
㤖	チョ
㤗	タイ
㤙	オン
㤚	コウ:K ゴウ:G
㤛	ジン
㤜	キチ:G キツ:K ケチ:G ケツ:K
㤝	シュ:G シュウ:K
㤞	ジャク:G タ タク:K ダク
㤟	キョウ
㤠	レツ
㤡	レイ レチ:G レツ:K
㤢	イク
㤣	ヒョウ:G ホウ:K
㤤	ユ
㤥	カイ:K ガイ:G
㤦	リ
㤧	コウ ゴ
㤨	キョウ:G ク コウ:K
㤩	カク
㤪	エン
㤫	トク
㤬	イ
㤮	オウ キョウ:G コウ:K
㤯	キョウ:G ケイ:K
㤰	サク:K ザク:G
㤱	ヅ トウ フ:G フウ:K
㤲	キョウ
㤳	ガイ ハイ
㤴	ショウ チョウ
㤵	ジ
㤶	ボウ:K モウ:G
㤷	カン:K ゴン:G
㤸	キャク:G ケキ:K
㤹	キュウ:K グ:G
㤺	コウ
㤻	ラン ロン
㤾	サン タン:K トン:G
㤿	エン
㥀	ショク:K ジキ:G トク
㥁	トク
㥂	トク
㥃	モン
㥄	リョウ
㥅	シュウ:K ジュ:G
㥆	タイ:K テ:G トチ トツ
㥇	サン:K ザン:G
㥈	ジョウ:G チョウ:K
㥉	フ:G フウ:K
㥊	ビョウ:G ホウ:K
㥋	イ:K エ:G
㥌	キク コク
㥍	キ
㥎	リ
㥏	テン
㥐	ウン エン:K オン:G
㥑	オ オウ:G ユウ:K
㥒	サイ
㥓	キ
㥔	イク
㥕	リン
㥖	ス:G ソウ:K
㥚	ギョ:K ゴ:G ユ
㥛	カク:K キャク:G キョク コキ
㥜	イ
㥝	ビ:K ベン:K ミ:G メン:G
㥞	スイ
㥟	カイ:K ケイ ゲ:G
㥠	ショ
㥡	チ
㥢	シュウ:K ジュ:G
㥣	エ:G ケイ:K
㥤	キン
㥥	グ
㥦	キョウ
㥧	ジュン
㥨	イ スイ:K ズイ:G
㥩	タ
㥬	ホウ:K ボウ:G
㥭	タイ
㥮	ショウ:G ソウ:K
㥯	イン:K オン:G
㥰	ソウ
㥱	ヒ
㥲	シン
㥳	ガン:K ゲン:G
㥴	イ シ ダイ:G テイ:K
㥵	コン
㥶	ケン サイ ソク
㥷	エイ キョウ
㥸	ビン
㥹	ホン
㥺	コウ
㥼	イン エン:K オン:G
㥽	サク:K シャク:G
㥾	ジツ:K ジョク トク ニキ ニチ:G
㥿	ゴウ
㦀	ホウ ボ
㦁	テン レン
㦂	ショウ:K ジョウ:G
㦃	サン:K セン:G
㦄	バ
㦅	タイ:G テイ:K テツ:K デチ:G
㦆	カ:K ク:G ケ:G コ:K
㦇	ロク
㦉	イ
㦊	カ:K ゲ:G
㦋	シャ タ テ
㦌	カチ:G カツ:K キャク:G ケキ:K コチ:G コツ:K サン
㦍	ガク ゴ
㦎	カク
㦏	シュン セン
㦐	ジ:K ニ:G
㦑	カン
㦒	ライ:G リ レイ:K
㦓	ケン:K ゲン:G ゼン:K デン ネン:G
㦔	エン
㦕	リュ リュウ
㦖	モン
㦗	キン:K コン:G ゴン
㦘	キャク:G ケキ:K
㦚	ヘン
㦛	ヨ
㦜	カク:K キャク:G ワク
㦝	バク
㦞	チュウ
㦟	バイ:K マイ:G
㦡	ラク
㦢	セチ:G セツ:K
㦣	エ:G エイ エチ:G エツ:K ゲイ ワイ:K
㦤	イ
㦥	カン:K ケン:G コン
㦦	カク:K キャク:G ケキ
㦧	サン
㦨	ラン
㦩	イン:K オン:G
㦪	ショウ
㦫	サチ:G サツ:K
㦬	ラ
㦭	リョウ:G レイ:K
㦮	サン:K ザン セン:G
㦯	イキ:G コク ヨク:K ワク
㦰	セン
㦱	ガ
㦲	サイ
㦴	カク:K キャク:G
㦵	チュ
㦶	ユ:G ヨウ:K
㦷	ユウ
㦸	ゲキ
㦹	ヨウ
㦺	ジョク:K ニク:G
㦻	シュウ
㦼	ソウ
㦽	イク
㦾	イ
㦿	カン:K ケン:G コ
㧀	キュウ ゴウ
㧁	キョ:K コ:G コウ:K ゴウ:G
㧂	テン
㧃	キュウ:K ク:G シュウ
㧄	キュウ:K グ:G ケン:K コン:G
㧅	ボク
㧆	キン:K コン:G
㧇	ボウ:K モウ:G
㧈	イン
㧉	カイ ケチ:G ケツ:K ゲツ コツ:K ゴチ:G
㧊	ハチ:G ハツ:K バチ
㧋	ケン
㧌	ボウ:K モウ:G
㧍	ホウ:K ボウ:G
㧎	カ:K ガ:K ケ:G ゲ:G
㧒	イチ:G イツ:K ウチ:G ウツ:K ケツ ゲツ
㧓	カ:K ケ:G ワ
㧔	カイ:K ケ:G
㧕	リュウ:K ル:G
㧖	ヤク
㧗	サイ:G シ セイ:K
㧘	キ:K ギ:G サイ:K シ:K ジ:G セ:G ヒ
㧙	ヒ:K ヒチ:G ヒツ:K ビ:G ヘツ:K ベチ:G
㧞	バツ
㧡	イ カイ:K ガイ キ ケ:G
㧢	イン
㧣	シュ
㧤	シュウ:K ジュ:G
㧥	セン
㧦	キョウ:G ケン コウ:K
㧧	ソ
㧨	キュウ
㧩	ハイ:K バイ:G
㧪	キ:K ギ:G
㧫	ジ:K ズイ ゼン:K ニ:G ネン:G ボ
㧬	キョウ:K ク:G
㧭	キョウ:K グ:G
㧮	コチ:G コツ:K
㧯	ロウ
㧲	サン
㧳	タイ:K テ:G ハイ:K ヘ:G
㧴	ガ
㧶	キョウ:G コウ:K
㧷	トン
㧸	ヒョウ:G ホウ:K
㧹	トク
㧺	トウ:K ドウ:G
㧻	ソク タク トク
㧼	ヒョウ
㧽	コ
㧾	コチ:G コツ:K
㧿	ソウ
㨀	ヘイ
㨁	ショク:K ジ:G ジキ:G チ:K
㨂	カン ツ:G トウ:K
㨃	ジョウ:G タイ:K テ:G トウ:K
㨄	ジョウ:G チョウ:K
㨅	ジ:K ジョウ:K ゼイ ニ:G ニョウ:G ネ
㨆	ラン リン
㨇	ハン
㨉	ビン:K ブン:K ミン:G モン:G
㨊	イ タ
㨋	シャ
㨍	ホウ
㨎	ズイ ゼツ ゼン:K ニ ネチ ネン:G
㨏	タン
㨐	フ:G ホウ:K
㨒	ケ:G ケイ:K
㨓	ロウ
㨔	カン:K ゴン:G
㨕	エイ
㨖	ジ:G チ:K
㨗	ショウ
㨙	カイ:K ケイ ゲ:G ゲイ
㨚	シュン:K ジュン:G
㨛	セン ソン
㨜	カン:K ケン:G ゴン
㨝	セチ:G セツ:K
㨞	サク ソ
㨟	カイ
㨠	ベン:K メン:G
㨡	クチ コツ:K コン:K ゴチ:G ゴン:G
㨢	ヒ
㨣	ヨウ
㨤	カイ
㨥	ドウ:K ノウ:G
㨦	シュ:G ショウ:K
㨧	ホン:K ボン:G
㨨	チュ チュウ ヨク リク
㨭	ク:G コ:K ゴ
㨮	ツ:G トウ:K
㨯	カク
㨰	コン
㨱	ヨウ
㨲	サク
㨳	キ:K ギ:G
㨴	ケン
㨵	セン
㨶	トウ
㨷	カン:K キン:K ケン:G コン:G ゴン
㨸	バツ:K マチ:G
㨹	エ:G エイ:K ケ:G ケイ:K セ:G セイ:K セチ:G セツ:K
㨺	ベン:K ボン メン:G
㨻	サン:K ザン:G セン:K ゼン:G ゾン
㨼	リャク
㨽	ヒキ:G ヒョク:K
㨾	ヨウ
㨿	キョ
㩀	キョ
㩃	ケン
㩄	サイ
㩅	ジュ チュ チュウ リク:K リュウ:K ル:G ロク:G
㩆	シュ:G シュウ:K シュク
㩇	カク ギャク サク:K シャク:G
㩈	ギン
㩉	キュウ キョウ:G コウ:K トウ ロウ
㩊	ショウ:G セイ:K セン
㩋	シュク ショウ
㩌	ヒ フン
㩍	サク:K シャク:G
㩎	ヨウ
㩒	キン:K ゴン:G
㩓	キ
㩔	トン:K ドン:G
㩕	レイ
㩖	キョウ:K ゴウ:G
㩗	ケイ
㩙	サイ
㩚	ボウ:K モ:G
㩛	タン
㩜	ラン
㩝	コウ
㩞	サク
㩠	オウ ヒョウ:K ビョウ:G フ:G フウ:K
㩡	ラ
㩢	バツ:K ベイ ベツ:K マチ:G メイ メチ:G
㩣	キ
㩤	フ
㩥	セン
㩦	ケイ
㩧	ハク:K ヒャク:G ホウ
㩨	ケ:G ケイ:K セ:G セイ:K
㩩	キョウ:G ケイ:K ショウ:G セイ:K
㩪	ケツ
㩬	キ
㩭	ギョウ:G コウ:K
㩮	ケン:K コン:G
㩯	ハ:K バ:G
㩰	ショウ
㩱	シャク
㩲	ケン
㩳	シュ ショウ:G ソウ:K
㩴	キョク:K ク:K グ:G コク:G
㩵	ガチ ガツ サツ ザチ
㩶	ジョウ:K ニョウ:G
㩸	ジョウ:G チョウ:K トウ
㩺	ヒ
㩻	キ
㩼	シ
㩽	キ:K ギ:G
㩾	キ:K ギ:G ツイ
㩿	クチ コツ
㪀	ウ
㪁	カン:K キン:K ケン:G コン:G ゴン
㪂	コツ
㪃	カ
㪄	フツ ブチ
㪅	コウ
㪆	タイ:G テイ:K
㪇	セン
㪈	ケ:G ケイ:K
㪉	コウ
㪊	クン
㪋	カ カン:K ガン:G
㪌	ス:G ソウ:K ツ:G トウ:K
㪍	ホツ:K ボチ:G
㪎	セン ドウ:K ノウ:G
㪏	ヘイ
㪐	ロチ ロツ
㪑	ヨウ
㪒	ゲイ
㪓	タイ デ
㪔	サン
㪕	シャク ショウ
㪖	リョク:K ロク:G
㪗	ツ:G トウ:K
㪘	レン
㪚	サン
㪛	チン
㪜	シ セン タ
㪝	レン
㪞	ボウ:K モウ:G
㪟	トン
㪠	カン
㪡	カイ カチ:G カツ:K
㪢	ソウ
㪣	キョウ:G コウ:K
㪤	ヒ ヒチ:G ヒツ:K
㪥	サ:K シャ:G
㪦	イン
㪧	キュウ:K コウ:G
㪨	セン:K ゼン:G
㪩	シュク
㪬	タク チョク
㪭	ロ
㪮	リョウ:G レイ:K
㪯	キョ
㪰	サイ
㪱	カン
㪴	カツ:K ケチ:G
㪵	ハン
㪶	コク
㪷	トウ
㪸	シン
㪹	ル:G ロウ:K
㪺	ク:G コウ:K
㪻	カン:K ケン:G ハン:K ホン:G
㪼	カ
㪽	ショ:G ソ:K
㪾	カク:K キャク:G ラク
㪿	セツ
㫀	テイ
㫁	タン:K ダン:G
㫂	ショ
㫃	エン
㫄	ボウ
㫅	キ
㫊	ア イ
㫋	セン
㫍	ユ:G ユウ:K ヨウ
㫎	キ コン
㫏	ヨウ
㫐	ヨウ
㫑	シ
㫒	キョウ:K ク:G
㫓	ケイ
㫔	コン
㫕	コウ
㫖	シ
㫗	コウ
㫘	ビツ:K ミチ:G
㫙	フ:K ブ:G
㫚	コツ
㫛	キョウ:G コウ:K
㫝	タイ:G テイ:K
㫞	トウ
㫟	エン
㫡	トウ
㫢	キョ
㫤	チョウ
㫥	ミョウ:G メイ:K
㫦	シュウ ユウ
㫧	ボウ
㫨	アン チョウ
㫩	シュン
㫪	ショウ
㫫	ケン
㫬	ジュン
㫯	ボク:K モク:G
㫰	ロウ
㫱	ダン:K ナン:G
㫲	ハイ:K ベ:G ホツ:K ボチ:G
㫳	シン
㫴	コウ
㫵	ヒ
㫶	シュ:G シュウ:K
㫷	キ
㫸	ショウ
㫹	ショ:G ソ:K
㫺	シャク:G セキ:K
㫻	コン
㫼	セイ
㫽	リョク:K ロク:G
㬁	ソウ
㬂	グ
㬃	タイ:K ダイ:G
㬅	マン
㬆	ビン:K ミン:G
㬇	カン
㬈	オン
㬉	ダン:K ナン:G
㬊	エン
㬋	コウ ゴ
㬌	エイ:K キョウ:G ケイ:K ヨウ:G
㬍	ハク
㬎	キン:K ケン ゴウ ゴン:G
㬏	リャク:G レキ:K
㬐	シン
㬒	ボウ:K モウ:G
㬓	ヒョウ
㬔	コウ:K ゴウ:G
㬗	デン:K ネン:G
㬘	ソク
㬙	イ
㬚	テチ:G テツ:K
㬛	キュウ:K コウ:G
㬜	シン
㬝	ソウ:K ゾウ:G
㬞	エツ
㬠	サイ サツ
㬡	レイ
㬢	ギ
㬣	タイ デ
㬤	キュウ:K コウ:G
㬥	ハク ホウ:K ホク:K ボウ:G ボク:G
㬦	カク:K ワク:G
㬧	ハク:K ホク:G
㬩	ケイ
㬪	チョウ
㬫	エン
㬬	ク
㬭	ザク シャク ショウ
㬮	ダツ ダン:K ナチ ナン:G
㬯	レチ:G レツ:K
㬰	ユ ヨ
㬱	タイ
㬲	テン
㬳	ゴ
㬴	ク:G コウ:K
㬵	コウ
㬶	コウ
㬸	チョウ
㬹	ショウ:G ソウ:K
㬻	コウ
㬼	ホク
㬿	トン
㭁	ジ:K ジョウ:K ニ:G ニョウ:G
㭂	ショウ
㭃	コウ
㭄	シン
㭇	エ:G エイ:K エン
㭈	ケチ:G ケツ:K ケン
㭉	カ:K ゲ:G
㭊	セキ
㭋	ホウ:K ボウ:G
㭌	ボウ:K ム:G
㭑	バイ:K ビ:K ミ:G メ:G
㭒	イ シ:K ジ:G
㭓	ヘン:K ベン:G
㭔	ク:G コ:K ツ:G ト:K ロ
㭕	キョ:K コ:G
㭘	ギョウ:G コウ:K
㭙	タク:K チャク:G
㭚	リョ:K ロ:G
㭛	ハ:K ハイ ヘ:G
㭜	ジュウ ニュ
㭝	オ オウ キュウ:K グ:G
㭞	レチ:G レツ:K
㭟	キク キョウ:K ク:G コク
㭠	セン
㭡	サイ:G シン セイ:K
㭢	キョウ:G ケイ:K
㭨	ヤ
㭩	ラチ:G ラツ:K レチ:G レツ:K
㭪	フ
㭫	サ:K サン:K ザ:G ザン:G
㭬	チョ
㭭	ハイ:K ハチ:G ハツ:K ヘ:G
㭮	サチ:G サツ:K サン
㭯	チョウ
㭰	シ スイ
㭱	コウ
㭲	キョウ
㭸	ズ:G ト:K
㭹	ケン:K ゲン:G
㭺	アン エン:K オン:G
㭻	トウ
㭼	トウ:K ドウ:G
㭽	タイ:G テイ:K
㭾	クツ グチ
㭿	コウ:K ゴウ:G
㮀	カン
㮁	ギョウ:G コウ:K
㮂	キョク:K コク:G
㮃	イ ズイ ニ
㮄	ボウ
㮅	スイ
㮆	ゲツ
㮇	テン
㮈	ナ
㮊	ホウ
㮌	メン
㮍	サン:K セン:G
㮎	ハイ
㮏	ダツ デイ:K ナイ:G ナチ
㮐	カ:K ケ:G シ ショウ:G セイ:K
㮑	シュウ ソウ
㮒	ゼン
㮓	コウ
㮔	ショウ ズ:G トウ:K
㮕	ジ:K ゼン:K ニ:G ネン:G
㮖	カツ:K ケチ:G
㮗	キン:K ゴン:G
㮘	ボウ:K ム モウ:G
㮙	ガク
㮚	リツ
㮛	イ シ:K ジ:G
㮜	ソウ
㮝	カク ギャク
㮞	セツ
㮟	デン:K ネン:G
㮡	カン
㮤	ショウ
㮥	ハン:K ホン ボン:G
㮦	サク シャク:G セキ:K
㮧	ウ:G オ:K オチ:G オツ:K
㮨	シキ:G ショク:K
㮩	ショク ソキ
㮪	キョウ:K グ:G
㮫	カツ:K ガチ ゲチ:G
㮬	オ オウ
㮭	カン:K ゴン:G
㮮	キツ ケツ
㮯	カチ:G カツ:K コン:K ゴン:G
㮰	ヒ:K ビ:G ヘイ ヘチ:G ヘツ:K
㮱	ショウ シン
㮲	シュ:G シュウ:K ス
㮳	チン
㮴	シュウ
㮵	セン
㮶	サク
㮷	ケイ
㮸	ソウ
㮹	チ
㮺	ホン
㮿	ヒチ:G ヒツ:K
㯀	セン:K ゼン:G
㯁	ハイ:K バイ:G
㯂	タイ
㯃	シチ:G シツ:K
㯄	シ
㯅	ヒ:K ビ:G ヘイ
㯆	サン:K セン:G
㯇	ヘイ
㯈	ソク
㯉	クワ ゲ チョ
㯊	コン:K ゴン:G
㯋	キョウ:G ケイ:K
㯌	テン
㯍	ショウ
㯎	ドン
㯏	ケイ
㯐	ダ
㯓	トウ
㯔	セ:G セイ:K
㯕	サイ:G シ セイ:K
㯖	タク
㯗	カン:K ゲン:G
㯘	カン
㯙	テツ:K デチ:G
㯚	トウ
㯛	コ:K ゴ:G
㯜	スイ:K ズイ:G
㯝	ロ
㯟	ロク
㯠	ケン
㯡	カン:K ガン:G ヒョウ:G ビョウ ホウ:K
㯣	フン
㯤	リキ リョク
㯥	ソウ
㯦	キ
㯪	レイ
㯫	キョ:K ゴ:G
㯬	レン
㯭	ロ
㯮	ショク:K ゾク:G
㯯	ク:G グ コウ:K タン:K トン:G
㯰	チ
㯱	エ:G ヒョウ:G ビョウ ホウ:K ワイ:K
㯲	キン:K コン:G
㯳	ケイ
㯶	シュ ス:G ソウ:K
㯷	ハク ホク:K ボク:G
㯸	シン セン
㯺	カン:K ガン:G
㯻	ケン コン:K ゴン:G
㯽	ヒン:K ビン:G
㯾	ショウ:G ソウ:K
㯿	ヨウ リョウ:K ロウ:G
㰀	レイ
㰁	ラ
㰂	シン
㰃	ベン:K メン:G
㰄	セン
㰅	タク テキ
㰆	ハイ
㰉	シン
㰊	セン:K ゼン:G
㰋	ヒン:K ビン:G
㰌	カク
㰍	リュ リョウ ル:G ロウ:K
㰎	スイ
㰏	コウ
㰐	タ
㰑	サン
㰒	ガク
㰔	ショウ
㰕	キ
㰖	ラン
㰗	シュク
㰘	イ
㰙	ダ
㰚	リ
㰛	ヤク
㰝	イ
㰞	シ
㰟	キ:K キツ:K ケ:G コチ:G
㰠	コウ
㰡	カイ:K ケ:G
㰢	キョウ:G コウ:K
㰣	シ:K ジ:G
㰤	カ:K ケ:G
㰥	ケイ
㰦	カ キョ:K コ:G
㰧	カイ
㰨	カイ:K キ ケ:G
㰩	カイ
㰪	アイ ケイ
㰫	タン:K トン:G
㰬	シュン
㰭	ク:G コ:K
㰮	シン:K ジン:G
㰯	ク:G コウ:K ツ:G トウ:K ヒュ ヒュウ
㰰	キョウ:G コウ:K
㰱	ソウ
㰲	イク カク キョク ケキ ショク:K ソク:G
㰳	ア
㰴	フ:G ホウ:K
㰵	シュチ:G シュツ:K
㰶	オ オウ:G キュウ ギョウ ヒョウ:K ビョウ:G ユウ:K
㰷	シ
㰸	カン:K ケン:G コン
㰹	カン:K ケン:G コン
㰺	カ:K ゲ:G
㰻	イ キ ク:G コウ:K
㰼	キョウ ショウ
㰽	エン
㰾	キョウ
㰿	ケイ
㱀	シ
㱁	カン スイ
㱂	コウ
㱃	イン
㱄	コク ボク:K モク:G
㱅	イ
㱆	キ
㱇	キョウ キョク コキ シキ:G ショク:K
㱈	キン:K ゴン:G
㱉	ギョウ
㱊	ウ:G ユウ:K
㱋	コウ
㱌	ショウ ヨウ
㱍	ケン ラン
㱎	コン
㱏	セイ
㱒	カ
㱕	キ
㱖	スイ:K ズイ:G
㱗	キュウ:K ク:G
㱘	エン
㱙	キュウ:K ク:G
㱚	ガチ ガツ サン:K ザン:G ハチ:G ハツ:K
㱛	セン ホ
㱜	サツ:K セチ:G
㱞	ギュウ ゴウ ロウ
㱟	ヒ
㱠	ク:G コ:K
㱡	ショウ
㱢	ロウ
㱣	タイ:K テ:G
㱤	シャク:G セキ:K
㱥	リョウ:K ロウ:G
㱦	キ
㱧	エン:K オン:G ワチ ワツ
㱨	レン
㱪	コン ボン
㱫	ラン
㱬	エ:G ワイ:K
㱭	タン
㱯	カイ:K ガイ:G
㱰	サイ
㱱	エ:G カイ:K
㱲	イ
㱳	バク:K マク:G
㱴	シ
㱵	フン
㱶	ヒョウ:G ホウ:K
㱸	ヒャク:G ビャク ヘキ:K
㱹	リャク:G レキ:K
㱺	リョ:K ロ:G
㱻	ラ ライ レ
㱼	アイ カイ
㱽	キン:K ゴン:G タン:K チン トン:G
㱾	カイ:K ガイ:G
㱿	カク
㲀	シン
㲁	ク:G コウ:K シュ:G シュウ:K
㲂	ジョウ:G トウ:K
㲃	キュウ:K ク:G ジュウ ニュ
㲄	フ
㲅	カイ ケイ
㲆	リョウ:G レイ:K
㲇	トウ ロウ
㲈	ショウ:K ジョウ:G トウ:K ドウ:G
㲉	カク コク
㲊	エイ
㲋	チャク
㲌	ジョウ:K ニョウ:G
㲍	シ
㲎	ル
㲏	ホウ
㲒	ホウ:K ボウ:G
㲓	シュ
㲔	シン セン
㲕	ライ レ レチ:G レツ:K
㲖	シュ:G シュウ:K ショウ
㲗	フ
㲙	ショ:G ソ:K
㲚	サ:K シャ:G
㲛	チ
㲜	タン
㲝	ジュン:K ジョウ ニュ ニン:G ボウ:K モウ:G
㲞	ソチ:G ソツ:K
㲟	エイ:K ヨウ:G
㲠	リ
㲡	ダイ:K ナイ:G
㲢	ヘン:K ベン:G
㲣	シュウ
㲤	スイ
㲥	トウ:K ドウ:G
㲦	カン:K ガン:G
㲧	ソウ
㲨	ジョウ ニュ
㲪	トウ
㲫	ホク:K ボク:G
㲬	ショウ
㲭	タン
㲯	ゼン:K ネン:G ラン
㲰	ドウ:K ニョウ:G
㲱	リョウ
㲳	チチ:G チツ:K テツ:K デチ:G
㲴	ス:G ソウ:K
㲵	ショウ
㲶	リョク
㲷	タン
㲸	キュウ:K コウ:G
㲹	キ ハン
㲺	シチ:G シツ:K
㲻	ダク デキ ナク ニャク
㲼	ガイ:K ゲ:G
㲽	ショウ ジン:K デン:K ニン:G ネン:G
㲾	ウ
㳀	カ
㳁	シキ:G ショク:K
㳂	エン
㳃	サイ
㳄	セン
㳅	リュウ
㳆	ツ:G トウ:K
㳈	ハイ
㳊	ユウ
㳋	キュウ
㳌	オウ
㳍	フ:G ホ:K
㳎	ヘン:K ベン:G
㳏	シ
㳐	サツ:K セチ:G
㳑	イツ
㳒	ホウ
㳖	イ
㳗	サイ:K セ:G
㳘	シュ:G シュウ:K トウ
㳙	ケン
㳚	キチ:G キツ:K
㳛	ユ:G ユウ:K
㳜	キュウ:K ク:G
㳞	チュウ
㳟	キョウ:K ク:G
㳤	シュク
㳥	ロウ
㳦	カイ:K ガイ:G
㳧	ショウ ジョウ:G チョウ:K ニョウ
㳩	タン
㳪	ヒ
㳬	セン
㳭	セン:K ゼン:G
㳮	ニョウ
㳴	ビツ:K ミチ:G
㳵	キ
㳶	ジュ ドウ:K ニュ ヌ:G
㳷	カイ:K ケ:G コチ:G コツ:K タイ:K テ:G ブン:K モン:G
㳸	カ:K ケ:G
㳹	オウ
㳺	ユウ
㳻	サク シャク:G セキ:K ソ
㳼	ヒチ:G ヒツ:K
㳽	ビ
㳾	キョウ:G コウ:K
㳿	セチ:G セツ:K
㴀	ハン:K ホン:G
㴁	エキ:K ヤク:G
㴂	タン
㴃	ルイ
㴄	オウ
㴅	ショウ
㴆	シン
㴇	ショウ
㴈	ギン:K ゴン:G
㴉	セイ
㴊	エン
㴏	オウ ワ
㴐	ベン:K メン:G
㴑	ソ
㴒	エキ:K ヤク:G
㴓	サイ:K セ:G
㴔	オウ:G キュウ コウ:K ユウ
㴕	シュウ
㴖	ハク
㴗	ユ:G ユウ:K
㴘	フ:K ブ:G ボウ:K モウ:G
㴙	ショウ:G ソウ:K ゾウ
㴚	スイ
㴛	チ
㴜	ヘン
㴝	ライ:G レイ:K
㴞	トウ:K ドウ:G
㴠	カン
㴥	ショウ
㴦	キュウ:K ク:G
㴧	ショク ソキ
㴨	ジン:G チン:K
㴩	ユ:G ヨウ:K
㴪	ゲチ:G ゲツ:K
㴫	ガ:K クン:K グン:G ゲ:G コン
㴬	シャ ヤ
㴭	ヨウ
㴮	セツ
㴯	シ
㴰	ドウ:K ノウ:G
㴱	シン
㴲	シ
㴳	ボウ:K モ モウ:G
㴴	タン
㴵	ビツ:K ミチ:G
㴶	カク コク:K ゴク:G
㴷	タン:K トン:G
㴸	セン
㴼	シュク
㴽	セチ:G セツ:K
㴾	ボツ
㴿	チョウ:G テイ:K
㵀	ソク:K ゾク:G
㵁	オウ:G コウ:K
㵂	ショ
㵃	シャ:K ジャ:G
㵄	カン
㵅	タン:K トン:G
㵆	コウ
㵊	ドウ:K ノウ:G
㵋	バイ:K ベキ:K ミャク:G メ:G
㵌	シュン:K ジュン:G
㵍	ボン:K モン:G
㵎	カン:K ケン:G
㵏	サイ
㵐	カチ ケツ
㵑	カ ガ
㵒	ハイ:K ヒ ヘ:G
㵓	ショク
㵔	シャ
㵕	シン
㵖	ジョ:K ニョ:G
㵗	ヒョウ:G ビョウ ホウ:K
㵘	ジョウ:K ニョウ:G バン:K マン:G
㵝	エイ
㵞	シュウ:K ジュ:G ソウ
㵟	ビ:K ミ:G
㵠	クチ コツ
㵡	ハク:K バク:G
㵢	ライ レ
㵣	カチ:G カツ:K
㵤	ソウ
㵥	ビツ:K ミチ:G
㵦	ズイ
㵧	エイ カチ:G カツ:K
㵨	ハク:K ヒ ヒャク:G
㵩	エイ
㵪	エン セン:K ゼン:G
㵫	ジュウ:K ニュウ:G
㵬	エイ:K ヨウ:G
㵭	ショ
㵮	チュン
㵯	フ:K ブ:G
㵰	ショ:K ジョ:G
㵱	ヒョウ
㵲	ブ
㵳	リョウ
㵴	ソウ:K ゾウ:G
㵵	シュウ:K ショ:K ジュ:G ジョ:G
㵶	サチ:G サツ:K シャク:G セキ:K
㵷	ヘン:K ベン:G
㵸	ヤク
㵹	バク:K ミャク:G
㵺	ハイ:K ヘ:G ヘイ
㵻	キュウ:K ク:G
㵼	シャ
㵽	ライ ルイ レ
㵾	ショウ:G セイ ソウ:K
㵿	キョウ:K ギョウ:G
㶀	キョウ
㶁	カク
㶄	エン セン:K ゼン:G
㶅	カク コウ
㶆	ショ:K ジョ:G チョ
㶇	オウ:G コウ:K
㶈	エイ
㶌	レン
㶍	セン
㶎	カン:K ゲン:G
㶏	イン
㶒	サン:K シン セン:G タン:K トン:G
㶓	ソウ:K ゾウ:G
㶔	ハイ:K ベ:G
㶖	シュク
㶗	ハン:K ホン:G
㶘	テン:K デン:G
㶚	ハ
㶛	ヨ
㶜	エン
㶞	ドウ:K ノウ:G
㶟	ルイ
㶠	エキ:K ヤク:G
㶡	カ タイ:K ダイ:G
㶣	イン タン:K ダン:G テン:K デン:G
㶤	ショウ
㶥	カン
㶦	シン:K ジン:G
㶧	ドン ナン
㶨	ハイ
㶬	バツ:K マチ:G
㶭	ウ:G ユウ:K
㶮	ヘイ
㶯	リュウ:K ル:G
㶰	カン:K ゴン:G
㶱	ホ
㶳	シン:K ジン:G
㶴	シ
㶵	ジン
㶹	グ:G コウ:K
㶺	カン:K ガン:G テン
㶻	ホウ
㶼	アイ キ
㶾	ヒョウ
㶿	ホツ:K ボチ:G
㷀	ケイ
㷂	ショ
㷃	ツイ
㷄	カイ:K カン ケ:G
㷅	ショウ:G ソウ:K
㷆	フウ:K ブ:G
㷇	カイ:K ケ:G
㷈	オウ
㷉	イ
㷊	フン
㷋	タン:K ダン:G
㷎	エチ:G エツ:K
㷏	ユ:G ヨウ:K
㷐	キ
㷑	エン
㷒	グ
㷓	ス:G ソウ:K
㷔	エン
㷕	シュウ:K ジュ:G
㷖	ショウ
㷘	タイ
㷙	セン
㷟	タイ:K テ:G
㷠	リン
㷡	キョウ:G ケイ:K
㷢	サ:K シ シャ:G
㷣	ショウ:G セイ:K
㷤	カク コク
㷥	ジョウ
㷦	ケキ
㷫	キョウ:G ケイ:K
㷬	バク:K マク:G
㷭	ホウ
㷮	ソウ:K ゾウ:G
㷯	ホウ ボ
㷰	チ リ
㷱	キュウ:K グ:G ユ:G ユウ:K
㷳	ガン:K ゲン:G
㷴	リャク:G レキ:K
㷵	ボク:K モク:G
㷶	ヒ:K ヒキ:G ヒョク:K ビ:G ホク:K ボク:G
㷷	シ セン
㷸	ユウ:G ヨウ:K
㷹	ショウ:G ジョウ:G ソウ:K トウ:K
㷻	コ ブ
㷼	エン
㷾	ガク キャク
㷿	ケン:K コン:G
㸀	タイ
㸁	カン
㸂	スイ
㸃	セン タ テン
㸄	セイ
㸅	シチ:G シツ:K ショク セチ:G セツ:K ソキ
㸈	ショウ
㸉	ショウ
㸊	ライ ラチ:G ラツ:K レ
㸋	ハン:K ボン:G
㸍	キ
㸎	ジョウ:K ニョウ:G
㸏	ビ:K ミ:G
㸐	ゼン
㸑	ソン
㸒	イン ジン:K ニン:G
㸔	カン
㸕	カク
㸖	ショ
㸗	ズ:G トウ:K
㸘	バン
㸙	シャ
㸚	イ ライ:G リ レイ:K
㸛	ショウ:K ジョウ:G
㸜	ク:G コウ:K
㸝	カン:K ケン:G コン
㸞	セチ:G セツ:K
㸟	シ
㸠	チョウ
㸡	シュ
㸢	ヒ
㸣	ギョウ:G ゴウ:K
㸤	ヘン
㸥	サン:K ゼン:G
㸦	コ
㸧	カン:K ケン:G
㸨	キュウ:K ク:G
㸩	ガン
㸪	シュン:K ジュン:G スン ズン
㸫	カ ケン
㸬	ハイ
㸭	ハ:K ヘ:G
㸮	フン:K ブン:G
㸯	カ キュウ:K ク:G
㸰	カ タ:K ダ:G
㸱	タ
㸲	サク
㸳	リョウ:G レイ:K
㸵	キ
㸶	アン:K エン:G
㸷	セイ ゼイ
㸸	オ オウ ク:G コウ:K
㸹	ラチ:G ラツ:K レチ:G レツ:K
㸺	サ:K シャ:G
㸻	シ:K ジ:G
㸼	フ:G ホウ:K
㸽	ハイ
㸾	ジン
㸿	トク:K ドク:G
㹀	シ:K ジ:G
㹁	リョウ
㹂	カン ケツ:K ケン:K ゲチ:G ゲン:G
㹃	ハイ:K ヒ:K ビ:G ヘ:G
㹄	シキ:G ショク:K
㹅	ソウ
㹆	カイ:K キ ケ:G
㹇	カツ:K ガチ:G ケン:K コン:G
㹉	ガン:K ゲン:G
㹊	ガク コク:K ゴク:G ラク
㹋	シュ:G シュウ:K
㹌	サン:K ショウ:G セイ:K セン:G
㹍	ジャク:G テキ:K
㹎	ルイ
㹏	キン:K コン:G
㹐	ショウ:K ジュ:G
㹑	シ
㹒	ハク
㹓	ギョウ
㹔	キョウ:G コウ:K
㹕	カン
㹖	カン
㹗	キュウ:K ク:G サイ シュウ ショウ タイ トウ:K ドウ:G
㹘	ジュ ニュ
㹙	オウ:K ヨウ:G
㹚	オウ:K ヨウ:G
㹛	ジョウ:K ニョウ:G
㹜	ギン:K ゴン:G
㹝	シ
㹞	ガイ:K ギン:K ゲ:G ゴン:G
㹟	カイ:K ケ:G ケチ:G ケツ:K
㹠	トン:K ドン:G
㹡	ケン:K ゲン:G
㹢	カ:K ケ:G
㹣	シュウ
㹤	キョウ
㹥	シュ ツ:G トウ:K
㹦	チョウ
㹧	オウ:K ヨウ:G
㹨	ユウ
㹫	イ
㹬	シ
㹭	エイ
㹮	バク:K ミャク:G
㹯	キュウ
㹱	サク:K シャク:G ショク:K ソク:G
㹲	キョウ:G コウ:K
㹳	ゴ
㹴	キョウ:G コウ:K
㹵	ギョウ ゲイ
㹶	ジョウ:G テイ:K
㹷	キ
㹸	ボウ
㹹	キョウ:G コウ:K
㹺	トウ
㹻	イ ワ
㹼	キク コク
㹽	サン:K セン:G
㹾	キョウ:K ギョウ:G ヒョウ:K ビョウ:G
㹿	ジョク タク チョウ:G トウ:K
㺀	ドウ
㺁	ドウ:K ノウ:G
㺂	カン:K ガン:G コン
㺃	コウ
㺄	ユ
㺅	コウ
㺇	シ
㺈	シ
㺉	カク ク:G コウ:K コク
㺊	ヨウ
㺋	オ オウ
㺌	カン:K ガン:G ケン:K ゲン:G
㺎	ユ:G ヨウ:K
㺏	ユ ル
㺐	ショウ:G ソウ:K チョウ:G トウ:K ロウ
㺑	サン:K ザン:G ショウ:G シン ソウ:K
㺒	オウ:K キョウ:G ギョウ コウ:K ドウ:K ニョウ:G ヨウ:G ロウ
㺓	セキ
㺔	カイ キ
㺕	ハン:K ヘン:K ベン:G ボン:G
㺖	アン カン:K ガン:G サン
㺗	エン サン:K セン:G
㺘	サン
㺚	タツ ダツ
㺛	シュ
㺜	ジョウ:K ドウ:K ニュ ニョウ:G ヌ ノウ:G
㺝	カン:K ガン:G
㺞	ヨ
㺟	ジョク タク
㺠	ユ:G ユウ:K
㺡	リャク:G レキ:K
㺣	キ
㺤	セン
㺥	サン:K ザン:G
㺨	シ
㺩	キュウ:K グ:G シチ:G シツ:K
㺪	ハク
㺫	キュウ
㺬	キョウ:K ク:G シン
㺭	シ
㺮	ウ
㺰	シ
㺱	ジョウ:K ニョウ:G
㺲	ジュウ
㺳	バイ
㺴	ハチ:G ハツ:K
㺷	シュチ:G シュツ:K
㺸	ビョウ:G ヘイ:K
㺹	ヘン:K ベン:G
㺺	バイ ボウ
㺿	イ キ
㻀	ユ
㻁	カイ
㻂	ヒョウ:G ビョウ ヘイ:K
㻃	キョク:K コク:G
㻄	ホウ
㻆	ケン
㻉	ブ:G ホ:K
㻊	ボン
㻋	ラツ
㻌	ツ:G ト:K
㻍	ゴ
㻎	シツ
㻑	キ
㻒	キン:K ギン グン ゴン:G
㻓	シュ:G シュウ:K
㻔	タ
㻕	クツ グチ
㻖	タイ:K ダイ:G
㻗	ハイ
㻚	ホウ
㻝	ラチ:G ラツ:K
㻞	ハン:K ヒン ヘン:G
㻟	スイ:K ズイ:G
㻠	トチ トツ
㻡	セツ
㻧	タ
㻨	ワン
㻫	ヒチ:G ヒツ:K
㻬	チョ ツ:G ト:K
㻭	シツ
㻮	サン
㻯	ツ:G ト:K
㻰	エ:G エイ:K
㻲	リュウ:K ル:G
㻵	サン:K ゼン:G
㻶	ヒチ:G ヒツ:K
㻷	キョク コキ
㻸	シン
㻹	ケン
㻺	リャク:G レキ:K
㻽	スイ:K ズイ:G セン:K ゼン:G
㻾	ヨウ
㻿	ショク:K ゾク:G
㼄	キ
㼇	ケイ
㼉	ジン:G チン:K
㼊	トン:K ドン:G
㼋	ク:G コ:K ジョ
㼌	ユ
㼍	ライ レ
㼎	ハク:K バク:G
㼏	ダイ ネ
㼐	ヘン:K ベン:G
㼑	レン
㼒	トウ
㼓	レン
㼔	オン
㼕	トウ
㼖	ライ:G リ レイ:K
㼗	ジョウ:G テイ:K
㼘	ガ:K ゲ:G
㼙	シュウ
㼚	コウ
㼛	ギョウ:G ケイ:K コウ
㼜	オウ:K ヨウ:G
㼝	ワン
㼞	ヒョウ:G ビョウ ホウ:K
㼠	タ:K ダ:G
㼡	シュ:K ジュ:G
㼢	イ
㼣	ハク:K ヒャク:G
㼤	ケイ ケチ:G ケツ:K
㼥	コウ ツ:G トウ:K
㼦	キョウ
㼧	ズ:G トウ:K
㼨	カン:K ゴン:G
㼩	ジョウ:G セイ:K
㼪	ショウ
㼫	カ:K カン:K ガン:G ゲ:G
㼬	ギョウ:G ケイ:K コウ
㼭	テン:K デン:G
㼮	サ:K サイ:G シャ:G セ セイ:K バイ:K メ:G
㼯	ツ:G トウ:K
㼰	ヒ:K ビ:G ヘイ ベイ
㼱	シュン ゼン:K ネン:G
㼲	リョウ
㼳	ショウ:G セイ:K
㼴	ゴ ゴウ
㼵	ダイ:G テイ:K
㼶	ウ ユ:G ユウ:K
㼷	セン
㼸	ユ:G ヨウ:K
㼹	コウ
㼺	トウ:K ドウ:G
㼻	ズ ソウ:K ゾウ:G
㼼	ヒョウ
㼽	ショウ:G ソウ:K
㼾	ロク
㼿	シュ:G ショウ:K ズ:G トウ:K
㽀	ジョウ:G テイ:K
㽁	リャク:G レキ:K
㽂	ソウ
㽃	ハン:K ボン:G
㽄	サイ:G シ セイ:K
㽆	トウ
㽇	コク:K ゴク:G
㽈	ギ
㽉	カン:K ガン:G
㽊	ショウ
㽋	ラ
㽍	カン
㽎	キン:K コン:G タン トン:K ドン:G
㽐	ケン
㽑	タン:K ドン:G
㽒	セイ
㽕	ユ:G ユウ:K
㽖	ダン
㽗	セ
㽘	コウ
㽙	イン
㽚	シャク:G セキ:K
㽛	ク:G グ コウ:K
㽜	エン
㽝	レイ レチ:G レツ:K
㽞	リュウ
㽟	レチ:G レツ:K
㽠	ギョウ:G コウ:K
㽡	ヒ
㽢	アン:K オン:G ヨウ
㽣	イキ
㽤	キク コク
㽥	ジュウ ニュ
㽦	キン ケン:K ゲン:G シュン:K シン ジュン:G テン:K デン:G
㽧	シ
㽨	サ:K シャ:G
㽩	サン
㽪	ソウ
㽫	ユ:G ヨウ:K
㽬	ヒキ:G ヒョク:K フ:G フウ:K
㽭	ゼン
㽮	セイ
㽯	ケイ
㽰	ショ:G ソ:K
㽱	キュウ:K キョウ:G ク:G コウ:K ジュウ ニュ
㽲	キュウ:K ク:G
㽳	ク
㽴	ジョウ:G チョウ:K
㽵	ショウ:G ソウ:K
㽷	スイ
㽸	ジン
㽹	ハン:K ホン:G
㽺	キュウ コウ:K ゴウ:G
㽻	シ
㽽	ク:G コ:K
㽾	ゴチ:G ゴツ:K
㽿	カ
㾀	キョ:K キョウ:G コ:G コウ:K
㾁	キチ:G キツ:K コチ:G コツ:K シュツ ジュチ チュチ:G チュツ:K
㾂	カイ
㾃	タ:K ダ:G
㾄	トク:K ドク:G
㾅	シ
㾆	セン
㾇	ボク:K モク:G
㾈	フ:K ブ:G
㾉	リョウ:G レイ:K
㾊	サク シ シャク:G ジャク セキ:K ソク
㾋	キュウ:K ク:G
㾌	セン
㾍	ザイ ダイ:K ナイ:G
㾎	オウ
㾏	カイ:K ガイ:K ケ:G ゲ:G ゲイ
㾐	レイ
㾑	ゴウ トウ
㾒	ジョ:K ニョ:G
㾓	エン
㾔	リョ:K ロ:G
㾕	シン ソン
㾖	リ
㾗	リョウ
㾘	キョウ:G コウ:K
㾙	キ:K キン:K ケ:G コン:G
㾚	シャ
㾛	シン
㾜	キョウ
㾝	シャ
㾞	ユ:G ユウ:K
㾟	ブ:G ホ:K
㾠	キョウ:K ゴウ:G
㾡	キャク
㾢	ライ
㾣	キン:K コウ コン:G
㾤	コウ
㾥	チク
㾦	ハイ:K ヘ:G ベ
㾧	カ ラ
㾨	ア アイ イ キ
㾩	カイ:K ケ:G
㾪	ショウ:G セイ:K
㾫	ヘン:K ベン:G
㾬	カイ
㾭	シュ:G シュウ:K
㾮	オウ:G コウ:K
㾯	エ:G カイ:K ケ:G タイ デ ワイ:K
㾰	コ:K ゴ:G
㾱	ハイ
㾶	クチ コツ
㾷	サイ:G シ セイ:K
㾸	コウ
㾹	サイ:K シ:K ジ:G ゼ:G
㾺	ダン:K ナン:G バ:K バン:K マン:G メ:G
㾻	ジョ:G チョ:K
㾼	タイ:K テ:G
㾽	タイ:K ツイ テ:G デ
㾾	ケン:K コン:G レン
㾿	ロウ
㿂	チ
㿃	タイ:G テイ:K
㿄	ア アイ イ
㿅	セン
㿆	カ
㿇	シュウ
㿈	ヨウ
㿉	タイ デ
㿊	サン:K シン セン:G
㿋	ソウ
㿌	ケン:K コン:G
㿍	カイ
㿎	フン:K ブン:G
㿏	ガン クン
㿑	ヤク
㿒	ジュ チュウ トウ
㿓	コウ
㿕	エン
㿖	ロ
㿗	タイ デ
㿘	エイ:K ヨウ:G
㿙	ヒ:K ビ:G
㿚	ラ
㿛	ライ:G リ リャク:G レイ:K レキ:K
㿝	キュウ:K コウ:G ヒュウ
㿞	ボウ
㿟	キョウ ハク:K ビャク:G
㿡	トウ
㿢	ヨウ
㿣	カチ:G カツ:K
㿤	シュン
㿥	カク:K ガク:G コク:K ゴク:G ラク
㿦	デイ ニョウ
㿧	シュウ:K ジュ:G チュウ
㿨	レキ
㿩	トウ
㿪	カン:K ガン:G
㿫	ヒ
㿬	ハ:K ヘ:G
㿭	タク:K チャク:G リャク:G レキ:K
㿮	エイ:K ヨウ:G
㿯	トウ
㿰	ギョウ:G ゴウ:K ヒャク:G ヘキ:K
㿱	セツ:K ゼチ:G
㿲	キ
㿳	シ
㿴	トウ
㿵	ゼン
㿶	ホウ
㿷	サ:K ザ:G スイ ソウ
㿸	バン:K マン:G
㿹	タチ:G タツ:K
㿺	ハク
㿻	カン
㿼	ゲン
㿽	ケイ ゲイ
㿾	ジョ:G チョ:K
㿿	ガ:K ゲ:G
䀀	ハン:K ヘン:K ベン:G ホン ボン:G
䀁	ウ:G エ:G カイ:K ユウ:K
䀂	アン
䀃	タイ デ
䀄	ボウ:K モ モウ:G
䀅	シャ:K ジャ:G
䀆	ジン
䀇	ク:G コ:K
䀈	キ:K ケ:G
䀉	キョウ:K ギョウ:G
䀊	キョウ:G ギョウ コウ:K リク:K ロク:G
䀋	エン
䀍	カン:K コン:G
䀎	メン
䀏	ケン:K ゲン:G シュン
䀐	サン
䀒	セン
䀓	カン:K ガン:G
䀔	ジン:K ニン:G
䀕	ジン:G チン:K
䀖	テン
䀗	ケチ:G ケツ:K
䀘	ケイ
䀙	サイ:G セイ:K
䀚	ゴウ
䀛	カツ:K ケチ:G バイ:K バツ:K ブツ:K マチ:G メ:G モチ:G
䀜	コチ:G コツ:K バイ
䀞	トウ
䀟	ヒ
䀠	ク
䀡	セン タン テン
䀢	シ シュン シン
䀣	バツ:K ヒ ビツ:K マチ:G ミチ:G
䀤	ボウ:K モ:G
䀧	ク:G コウ:K
䀨	カチ:G カツ:K
䀩	ラク リャク
䀪	コウ:K ゴウ:G
䀫	コウ トン
䀬	セン:K ゼン:G
䀭	カイ
䀮	コウ ボウ:K モウ:G
䀯	フ:G ホ:K
䀰	コク
䀱	フ:G ホウ:K
䀲	ボク:K モク:G
䀳	ラツ
䀴	キョウ:G ギョウ ゲイ コウ:K
䀵	シ
䀶	キョウ:G コウ:K リョウ:K ロウ:G
䀷	キョウ:G コウ:K
䀸	セイ セチ:G セツ:K タイ:G テイ:K
䀹	コウ:K ゴウ:G ショウ:G ソウ:K
䀺	チュ チュウ チョウ:G トウ:K
䀻	ヒョウ:G ヘイ:K
䀼	シン:K ジン:G ニン
䀽	エン セン
䀾	ツ:G ト:K
䀿	シ セイ
䁀	セイ
䁁	リョウ
䁂	カン:K ゲン:G
䁃	ヒョウ
䁄	ギョウ:G ケイ:K
䁅	ボウ:K ミョウ:G
䁆	アン エン:K オン:G ヨウ
䁇	ビョク ボク:K ミキ モク:G
䁈	キ ケイ ツ:G ト:K
䁉	キ
䁊	ジ:K ダツ ナチ ニ:G ワチ ワツ
䁋	キョウ ショウ ジョウ:G チョウ:K
䁌	ウチ:G ウツ:K
䁍	カン:K コウ コン:G
䁎	ジョウ:G チョウ:K テイ トウ
䁏	ヨウ
䁐	エイ:K ヨウ:G
䁑	ヨウ
䁒	シュウ
䁓	カイ ス:G ソウ:K
䁔	カン:K ガン:G ケン
䁕	ビン:K ミン:G
䁗	カイ
䁘	ヨウ
䁙	アツ:K アン:K エチ:G エン:G
䁚	ケイ ソン
䁛	キ
䁜	オウ:G コウ:K
䁝	エイ:K オウ ギョウ:G ケイ:K ヨウ:G
䁞	セイ
䁟	サ:K ジャ:G
䁠	レン
䁢	セン:K ゼン:G
䁣	セン:K ゼン:G
䁤	キ タク:K チャク:G
䁥	ジツ:K ニチ:G
䁦	ショ
䁧	バン:K ビョウ:K マン:G ミョウ:G
䁨	カク
䁩	ギョ:K ゴ:G
䁫	コツ:K ゴチ:G ボウ:K モ:G
䁬	ソウ
䁭	ヒョウ
䁮	セン:K ゼン:G
䁯	キュウ キョウ:G コウ:K
䁰	コウ
䁱	オウ:K キョウ:G ク コウ:K ヨウ:G
䁲	バイ:K メ:G
䁳	ボウ:K モウ:G
䁴	セン
䁵	カン ケン:K ゲン:G ヘン
䁶	キャク:G キョウ ケキ:K
䁷	オク:G カク ヨク:K
䁸	ドウ:K ニョウ:G ヌ
䁹	ヘイ
䁺	エキ:K シャク:G セキ:K ヤク:G
䁻	シャク リャク:G レキ:K
䁼	ボク:K モク:G
䁽	リョウ
䁾	ベツ:K メチ:G
䁿	ボク:K モク:G
䂀	キ
䂁	サン:K ザン:G
䂂	ク:K グ:G
䂃	サク:K シャク:G ショウ:G セイ:K
䂄	カク:K キャク:G
䂅	カン:K ケン:G
䂆	キャク:G ケキ:K
䂇	ジク:K ジュウ ニク:G ニュ
䂈	ズ:G トウ:K
䂉	コウ ゴ
䂊	ヨ
䂌	シュ:G ショウ:K
䂍	ハク:K バク:G
䂎	サン
䂏	チョウ
䂐	セチ:G セツ:K
䂑	サイ:G シ セイ:K
䂒	カチ:G カツ:K
䂓	キ
䂔	ギョウ:G ケイ:K
䂕	カイ:K ガイ:K ケ:G ゲ:G
䂖	セキ
䂗	クチ コツ
䂘	サイ:K セ:G
䂙	タイ
䂚	ギョウ:G コウ:K
䂛	ヨ
䂜	カク ホウ:K ボウ:G
䂝	タク
䂞	シャ
䂟	カ:K ケ:G
䂠	シ
䂡	シ
䂢	ツ:G トウ:K
䂣	シ
䂤	フ:K ブ:G
䂥	ビン
䂦	シン
䂧	シン
䂩	キョウ:G ケイ:K ゲン
䂪	キョウ:G コウ:K ジョウ:G チョウ:K
䂫	グ:G コウ:K
䂬	キョウ:K ク:G グ
䂭	キョウ:G コウ:K
䂮	リャク
䂯	カイ
䂰	ロウ
䂱	エイ
䂲	キョウ
䂳	サ:K セ:G
䂴	ゲン
䂷	カイ:K ケ:G
䂸	カク:K キャク:G
䂹	サク:K シャク:G
䂺	ワ
䂻	ジョウ:G トウ:K
䂼	デツ ネチ
䂽	ジョウ:G チョウ:K
䂾	ライ
䂿	タン:K トウ:K ドウ:G ドン:G
䃀	サイ:K セ:G
䃁	ア
䃂	キョウ:G コウ:K コン
䃈	カイ
䃉	ビン
䃊	シャク:G ショ セキ:K
䃋	ユ
䃌	イン シン
䃍	オツ タイ チツ ヂチ ツイ ヅイ
䃎	タ
䃏	ショウ:G セイ:K
䃑	ハン
䃒	カク ギャク
䃓	ク:G コウ:K
䃔	キュウ:K ク:G グ:G コウ:K
䃕	ラク ロウ
䃖	ウ:G オ:K
䃗	サク ハク
䃘	コウ
䃙	ロク
䃚	サク:K ザク:G ソク
䃛	テン レン
䃜	エイ
䃝	キョウ:G コウ:K
䃞	シュク:K ジュク:G
䃡	シン
䃢	キン:K コン:G
䃣	キ
䃤	シュク ショウ
䃥	ジョウ:G トウ:K
䃦	トン
䃧	リュ リュウ ル:G ロウ:K
䃩	ドウ
䃪	タン:K ダン:G
䃫	タン
䃬	カイ ガイ:K ゲ:G ライ レ
䃭	カン:K コン:G
䃮	タツ ダチ
䃯	ラク リャク:G レキ:K
䃰	サツ:K セチ:G
䃱	セン
䃲	バン
䃳	リョウ:K ロウ:G
䃴	ショ
䃵	ジョウ:K ニョウ:G
䃶	エ:G カイ:K ケ:G ワイ:K
䃷	エイ:K ヨウ:G
䃸	サン:K シン セン:G
䃹	ラン
䃺	バ:K マ:G
䃻	ハ:K ヘ:G
䃽	キ シ
䃾	ヒ:K ビ:G
䃿	チツ フ
䄀	カ
䄁	エイ
䄂	シュウ
䄃	オウ
䄄	イン
䄅	ケン
䄆	カツ:K カン:K ガチ ガン:G ゲチ:G
䄇	ジョウ:G テイ:K
䄈	ズ:G トウ:K
䄉	ガ
䄋	エン
䄌	テ テイ テチ:G テツ:K
䄍	サ:K ジャ:G
䄎	キ
䄏	ヨウ
䄐	カン:K ケン:G
䄑	カツ:K ガチ:G
䄒	ジン:K ニン:G
䄓	オウ:G コウ:K
䄔	ク
䄕	シャ
䄘	ビョウ:G ホウ:K
䄙	ベイ ミョウ
䄚	ソウ:K ゾウ:G
䄛	ル:G ロウ:K
䄜	リ
䄝	チョウ:G トウ:K
䄟	サン セ:G セイ:K
䄠	セン
䄡	セン タン
䄢	セイ
䄤	ライ ラン レ
䄥	リョウ:G レイ:K
䄦	リョウ
䄧	ジョウ:K ニョウ:G
䄨	ウ
䄩	ヨキ ヨク
䄪	チャク:G チョウ テキ:K
䄫	キ
䄬	イ
䄭	ネン
䄮	フ
䄯	ケン
䄰	ガ:K ゲ:G
䄱	ホウ:K ボウ:G
䄲	ジ:K ズイ ニ:G
䄳	セン
䄶	ヒツ:K ビチ:G ホツ:K ボチ:G
䄷	ジャク:G セキ:K
䄸	ハク
䄺	チ
䄻	チョウ:G トウ:K
䄼	テン
䄾	ジク:K ジョウ ニク:G ニュ
䄿	エイ
䅀	レイ レチ:G レツ:K
䅁	アン
䅂	カク:K ガク:G
䅃	キョウ:K グ:G
䅄	ライ:G レイ:K
䅅	エ:G ケ:G ケイ:K ワイ:K
䅆	シ
䅇	ゾク
䅈	イン
䅊	ズ:G タ:K ダ:G トウ:K
䅋	バン:K マン:G
䅌	ケン
䅍	ジョウ:G テイ:K
䅎	ウ:G ユウ:K
䅏	ビ:K ミ:G
䅐	ケン
䅑	スイ:K ズイ:G
䅒	ボウ
䅓	ク
䅔	シ
䅕	キョ:K コ:G
䅖	アン エン:K オン:G ヨウ
䅗	スイ
䅘	ライ リ
䅙	コン:K ゴン:G
䅚	ケン
䅛	ショウ
䅜	スイ:K ズイ:G タ:K ダ:G ツイ
䅝	ク:G コウ:K
䅞	トク ノク
䅠	テイ
䅡	シュ
䅢	シュ:G シュウ:K ジュ チュウ
䅣	オウ:G ギョウ コウ:K
䅤	シュウ
䅥	カチ:G カツ:K ケチ:G ケツ:K コチ
䅦	ボウ:K ミョウ:G
䅧	イン エン:K オン:G
䅨	キョウ:G コウ:K
䅩	キ:K ギ:G シ
䅬	ア アイ
䅭	ビョウ:G ホウ:K ボウ
䅮	ソウ
䅯	トウ:K ドウ:G
䅰	オン
䅱	ゴン
䅲	キ:K ギ:G シ:K ジ:G
䅳	シュ:G シュウ:K ジュ ス
䅴	サク:K シャク:G
䅵	コク シャク ドク ノク
䅶	ドウ
䅷	ショ:K ジョ:G ズ:G ト:K
䅸	シン ソク
䅹	ル:G ロウ:K
䅺	ヒョウ ビョウ:K ミョウ:G
䅻	リ
䅼	バン:K マン:G
䅽	ケイ
䅾	キン:K ケン:K ゲン:G ゴン:G シン:K ジン:G
䅿	カ:K ゲ:G
䆀	バイ:K マイ:G メ
䆁	コウ
䆂	レン
䆃	トウ:K ドウ:G
䆄	セン
䆅	シ
䆈	チ
䆉	ハ:K ベ:G
䆊	スイ:K ズイ:G ビ:K ミ:G
䆋	シュウ
䆍	ル:G ロウ:K
䆎	セン
䆏	ヒ:K ビ:G フン
䆐	コク
䆑	ジョウ:G トウ:K
䆒	キュウ
䆓	ゼン:K ネン:G
䆔	チュ チュウ
䆕	エチ:G エツ:K ケチ:G ケツ:K
䆖	ギョウ:G コウ:K
䆗	キョウ ヨウ
䆘	オウ サチ:G サツ:K
䆙	ヨウ
䆚	ズ:G トウ:K
䆛	タ
䆜	ウ:G ユウ:K
䆝	ケチ:G ケツ:K ジュチ チュツ
䆞	ヨウ
䆟	オウ:G コウ:K
䆠	カン
䆡	ロウ
䆢	エチ:G エツ:K
䆣	シン
䆤	セン
䆥	ヒン
䆦	タン:K ドン:G
䆧	ワ
䆨	デイ ニョウ
䆩	メイ
䆪	ク:G コウ:K
䆫	ソウ
䆬	ウン
䆭	ケン
䆯	カツ:K ゲチ:G シュチ:G シュツ:K タチ:G タツ:K
䆰	ウ
䆱	タン:K ダン:G
䆲	コウ
䆳	スイ
䆴	ソウ
䆵	ジョウ:G トウ:K
䆶	シチ:G シツ:K シュ:G シュウ:K
䆷	ケチ:G ケツ:K
䆸	チョウ:G トウ:K
䆹	シュ:G ショウ:K ツ:G トウ:K
䆺	ハン
䆻	キョウ
䆼	カ
䆽	キョ:K ゴ:G
䆾	ラン
䆿	ゲイ
䇀	ジョウ ニュ
䇁	シ
䇂	ケン
䇃	シ
䇅	ハツ:K ボチ:G
䇇	ボウ
䇈	カイ:K ゲ:G
䇋	ガイ
䇌	ショウ
䇍	シュウ シュク
䇎	サク シャク:G セキ:K
䇏	タイ:K テ:G
䇐	リ リュウ ルイ
䇑	ハ ハイ:K ヒ ベ:G
䇒	カイ
䇓	シュ
䇔	ラ
䇕	シュ
䇖	ウン
䇗	シュ:G ショウ:K
䇘	コ:K ゴ:G
䇙	イン
䇚	ホク
䇛	シ
䇜	ケン
䇝	セン
䇞	カン
䇟	ケン コン:K ゴン:G
䇠	ジュ チュ
䇡	ジョ:G チョ:K
䇢	ク:G コ:K
䇣	ジョウ:K ニョウ:G
䇤	ゼイ ネ
䇥	サク
䇦	エイ:K オウ ヨウ:G
䇧	キ ダイ:G テイ:K
䇨	ク:G コウ:K ゴウ
䇩	エイ エチ:G エツ:K
䇪	シ
䇫	キ
䇬	シュ:G シュウ:K ソウ チュ
䇭	ロウ
䇮	ジン:K ニン:G
䇯	ジョウ ニュ
䇰	ショウ
䇱	ドウ
䇲	サク
䇳	セン
䇵	ギ ギン:K ゴン:G
䇶	アク カク
䇷	ヘチ:G ヘツ:K
䇸	ジョウ:G チョウ:K テイ
䇹	キン クン
䇺	ズ:G トウ:K
䇻	ビ:K ミ:G
䇼	オウ:G ユウ:K
䇽	セイ セチ:G セツ:K
䇾	ゲン:K ゴン:G
䇿	サク:K シャク:G
䈀	サン
䈁	リン
䈂	ヒョウ:G ビョウ ヘイ:K
䈃	ショウ
䈄	カン
䈅	イキ:G ヨク:K ワク
䈆	タイ:K ダイ:G
䈇	タク トウ
䈈	ハ:K ヒ:K ビ:G ヘ:G
䈉	ショウ:G ソウ:K
䈊	リョウ
䈋	トウ
䈌	ショ
䈍	ボウ:K ミョウ:G
䈎	ジョウ:G チョウ:K ヨウ
䈏	ハク:K バク:G フク
䈐	カイ:K カク:K キャク:G ケ:G
䈑	カ:K ケ:G
䈒	ダン:K ナン:G
䈓	カチ:G カツ:K ガツ ゲチ
䈔	カ
䈕	イ ケイ シ:K ジ:G ダイ:G テイ:K
䈖	カ
䈗	サ
䈘	シ
䈙	ジュ チュウ
䈚	シ:K ジ:G タイ:K ダイ:G チ
䈛	カイ:K ケ:G
䈜	シン
䈝	ショ
䈞	トク
䈟	セチ:G セツ:K
䈠	エン カン:K ガン:G
䈡	ス:G ソウ:K
䈢	サイ シ
䈣	ショウ:G セイ:K
䈤	ケン
䈥	キン
䈦	ス:G ソウ:K
䈧	イ:K エ:G
䈪	カク:K キャク:G ケキ
䈫	ドウ:K ノウ:G
䈬	ブ:G ホ:K
䈭	エ:G カイ:K シュ:G シュウ:K
䈮	ク
䈯	シン
䈰	サク ショウ:G ソウ:K
䈱	トウ
䈲	ハン:K バン:G
䈳	トウ:K ドウ:G
䈴	ケン
䈵	オ オウ
䈶	ユ:G ヨウ:K
䈷	ラク
䈸	コク:K ゴク:G
䈹	ソウ
䈺	シュ:G シュウ:K
䈻	ブ:G ホ:K
䈼	ビツ:K ベツ:K ミチ:G メチ:G
䈽	キン:K コン:G
䈾	サク ショウ:G ソウ:K
䈿	バク:K ベキ ミャク:G
䉀	ショ
䉁	リョウ:G レイ:K
䉂	ルイ
䉃	ショウ:G ソウ:K ゾウ
䉄	ロウ
䉅	シ シュウ
䉆	チョウ
䉈	サチ:G サツ:K サン
䉉	コ:K ゴ:G
䉊	テン:K デン:G ハン:K ボン:G
䉋	ビ:K ミ:G
䉌	スイ:K ズイ:G
䉍	カン:K ケン:G
䉎	ジョウ トウ:K ドウ:G
䉏	カイ:K ゲ:G
䉐	ク:G コ:K ロ
䉑	ブ:K ボ:K ム:G モ:G
䉒	ハン
䉓	ラ
䉔	サン
䉕	ソウ:K ゾウ:G
䉖	レイ
䉗	ユウ
䉘	ソウ
䉙	ウン
䉚	ミョウ:G モウ:K
䉛	イク オウ キク コク
䉜	ジ:G チ:K
䉝	ギ
䉞	タン:K トン:G
䉟	カク:K コ:K ゴ:G ワク:G
䉠	ビ:K ミ:G
䉡	タン:K ダン:G
䉢	シキ:G ショク:K
䉣	シャ
䉤	シュ ス:G ソウ:K
䉥	ス:G ソウ:K
䉦	セン
䉧	リュウ:K ル:G
䉨	ギ:K ゲ:G
䉩	オ オウ
䉪	ライ レ
䉫	ライ:G レイ:K
䉬	ハイ:K ヘ:G
䉮	リン
䉯	カン:K ケン:G
䉰	ギョウ:G コウ:K
䉱	オ オウ
䉲	ビ:K ミ:G
䉳	セン
䉴	ジョウ:K ニョウ:G
䉵	ケン:K ゲン:G サン:K ザン:G セン:K ゼン:G テン
䉶	ソウ
䉷	ゲン:K ゴン:G
䉸	ヘン:K ベン:G
䉹	レイ
䉺	グ:G コウ:K
䉻	キ:K ギ:G
䉼	リョウ
䉽	ハン
䉾	ヒ
䉿	コ:K ゴ:G
䊀	コ
䊁	シン
䊂	サク:K シャク:G
䊃	ハイ:K ベ:G
䊄	キョウ:K グ:G
䊅	ベイ ミョウ
䊆	ウ:G キュウ:K グ:G ユウ:K
䊇	ブ:G ホ:K
䊈	バイ:K メ:G
䊉	サン
䊊	ビ:K ミ:G
䊋	ソウ
䊍	リ
䊎	クン ケン:K コン:G
䊏	サン
䊐	コン:K ゴン:G
䊑	ショウ
䊒	セイ
䊓	シ:K ジ:G チ
䊔	エイ:K ヨウ:G
䊕	ケン:K コン:G
䊖	ダン:K ナン:G
䊗	オウ:G コウ:K
䊘	シュ:G シュウ:K
䊙	ゲン
䊚	ズイ:G タイ:K ツイ:K テ:G
䊛	サツ
䊜	タン:K ダン:G
䊝	シチ:G シツ:K セチ:G セツ:K ソチ:G ソツ:K
䊞	タク:K チャク:G
䊟	バン:K ボン:K マン:G モン:G
䊠	キ:K ケ:G
䊡	バン:K マン:G
䊢	ショウ
䊣	オウ:G コウ:K
䊤	タン:K ドン:G
䊥	ショウ
䊦	エチ:G エツ:K
䊧	ヒ
䊨	ラ
䊩	ハン:K ベン:G
䊪	ライ:G ラチ:G ラツ:K レイ:K
䊫	サイ:K セ:G
䊬	タ テ
䊭	ジュ チュウ トウ:K ドウ:G
䊮	チャク:G チョウ テキ:K
䊯	コウ
䊰	ジョ:G チョ:K
䊱	セン
䊲	サン:K セン:G
䊳	バ:K ビ:K マ:G ミ:G
䊴	ケン
䊵	キュウ
䊶	チン
䊷	シ
䊸	ウ
䊺	コ:K ゴ:G
䊻	カン:K コン:G シ
䊼	シ
䊽	カイ:K ケ:G ケチ:G ケツ:K
䊾	ボク:K モク:G
䊿	フ
䋀	エ:G カ:K カイ:K ゲ:G コ:K ゴ:G
䋁	コウ
䋂	ギョウ:G コウ:K
䋃	ボウ:K モウ:G
䋄	モウ
䋇	エキ:K ヤク:G
䋈	ジョ:K ダ:K ナ:G ニョ:G
䋉	イチ:G イツ:K ケチ:G ケツ:K シュツ ジュチ
䋊	ショウ:G セイ:K
䋋	ビン:K ミン:G
䋌	キョ キョウ:G ク:G ケン コ:K コウ:K
䋍	ア
䋎	タン デン
䋏	サ:K サク:K ザク:G ジャ:G
䋐	エツ:K オチ:G
䋑	ヘイ レツ
䋓	シュウ
䋕	ジン
䋖	イチ:G イツ:K
䋗	ケン
䋘	ツイ
䋙	ジ:K ニ:G
䋚	ヨク
䋛	ベイ:K マイ:G
䋜	ケイ
䋝	エイ:K ヨウ:G
䋟	キ:K ギ:G
䋠	ホ
䋡	ショ
䋢	ヘチ:G ヘツ:K
䋣	ハ:K ハン:K バ:G バン ヘン ボン:G
䋤	ヤク
䋥	リ
䋦	ハン:K ホン:G
䋧	ク
䋨	フ:G フウ:K
䋩	サイ ジ:K ニ:G
䋪	ア
䋫	ショウ:G ソウ:K
䋬	テン
䋭	イク
䋮	キン ケン:K ゲン:G
䋯	ケイ
䋰	キョク:K コク:G
䋱	ライ リ レ
䋲	ショウ:K ジョウ:G
䋳	ハイ:K ヘ:G
䋴	ジュウ ニュ
䋵	エイ エチ:G エツ:K
䋶	ケツ:K ゲチ:G シュ:G シュチ:G シュツ:K ショウ:K
䋷	ク:G コウ:K ビュウ ボウ:K ミュ ム:G
䋸	シュン:K ジュン:G
䋹	フク
䋺	シュウ
䋻	ジン:K ニン:G
䋼	エイ:K チョウ:G テイ:K ヨウ:G
䋽	ホ ホウ
䋾	タ:K ダ:G テ ナ
䋿	エ:G ワイ:K
䌀	カ
䌁	ヨウ
䌂	オ オウ
䌃	サク
䌄	コウ
䌅	トウ:K ドウ:G
䌆	キ ソウ
䌇	サク
䌈	トウ
䌉	コウ
䌌	ショウ
䌍	キン:K コン:G
䌎	リャク
䌏	ミツ
䌐	ベキ:K ミャク:G
䌑	ケン
䌒	ロク
䌓	ハン
䌔	オ オウ
䌕	ビ
䌖	シュウ ショウ:K ジョウ:G
䌗	フ
䌘	ヘイ ヘチ:G ヘツ:K ベイ
䌙	オウ:G コウ:K
䌚	ソク
䌛	ユ:G ユウ:K ヨウ
䌜	ギョウ:G ゴウ:K ジョウ:K ニョウ:G
䌝	キン:K コン:G ゴン
䌞	セン レン
䌟	ハク:K ヒャク:G ビャク:G ヘキ:K
䌠	カン:K ケン:G コン
䌡	タイ:G テイ:K
䌢	リョウ:G レイ:K
䌣	サン
䌤	シ チ
䌥	イン:K オン:G
䌦	コウ ジャク:G テキ:K トウ:K ドウ:G
䌧	チュウ
䌨	サイ サチ:G サツ:K
䌩	ベツ:K メチ:G
䌪	エン
䌫	ラン
䌬	ジュ チョウ
䌭	ショウ
䌮	ショウ:G ソウ:K
䌯	カン:K ガン:G ケン:K ゲン:G
䌰	ジョウ:K ニョウ:G
䌱	ラ
䌲	クン
䌳	シ
䌴	ラ
䌵	ショク:K ソク:G
䍂	ウ
䍃	ユ:G ユウ:K ヨウ
䍄	テン
䍅	レイ
䍆	チョ
䍇	トウ:K ドウ:G ヒャク:G ヘキ:K
䍈	ヘイ
䍉	タイ
䍊	カク:K キャク:G キョウ:G ケキ コウ:K
䍋	スイ
䍌	フウ ブ:G ホウ:K
䍍	ク:G コウ:K コク フ:G フウ:K
䍎	セン ソン
䍏	ボウ:K モウ:G
䍐	カン
䍑	カン
䍓	ガ:K ゲ:G
䍔	キョウ:G コウ:K
䍕	タイ:G テイ:K
䍖	ヒョウ:G フ:K フウ ブ:G ホウ:K
䍗	ケン
䍘	ビ:K ベイ ミ:G メイ
䍙	バイ:K ブ ボ:K ボウ:K ム:G メ:G モ:G
䍚	ロウ
䍛	ク:G コ:K
䍜	チョウ:G トウ:K
䍝	トウ
䍞	ヨク
䍟	ス:G ソウ:K
䍡	ロク
䍢	ブ:K ム:G
䍣	ライ レ
䍤	サイ:G セイ:K
䍥	リャク:G レキ:K
䍦	リ
䍧	ソウ
䍨	ハチ:G ハツ:K ヒ
䍩	ヨウ
䍪	バツ:K マチ:G マツ
䍫	タ:K ダ:G
䍬	ヒョウ:G ホウ:K
䍭	ソウ
䍮	ジョウ:G チョウ:K トウ:K ドウ:G
䍯	キ
䍰	イン
䍱	ショ:K ジョ:G ヨ
䍲	カイ:K ケ:G ゲイ
䍳	カチ ケチ:G ケツ:K テチ:G テツ:K
䍴	イ
䍵	ショウ:G ソウ:K
䍶	ジン:G チン:K ツ:G トウ:K
䍷	イ
䍸	ハク フ
䍹	ガン
䍺	カン:K ゲン:G
䍻	セン
䍼	サン シン セン:K ゼン:G ソウ:K ゾウ:G
䍽	リャク:G レキ:K
䍾	ゲン
䍿	オウ:G コウ:K
䎀	カチ ケツ
䎁	コ:K ゴ:G
䎂	ホウ
䎃	ゼン:K ネン:G
䎄	キョウ ジョウ:G チョウ:K
䎅	ハク
䎆	リョウ
䎇	シュ:G シュウ:K
䎈	エイ セチ:G セツ:K
䎉	キチ:G キツ:K
䎊	ハク ラク
䎋	コウ
䎌	シュク
䎍	フ
䎎	ジョウ:K ニョウ:G
䎏	カン:K コン:G
䎐	チョウ:G トウ:K
䎑	ロク
䎒	サン:K ザン セン:G
䎓	トウ
䎔	フ
䎕	コウ
䎖	ソウ
䎗	キョウ:K ギョウ:G
䎘	シュク
䎙	ヒン:K ビン:G
䎚	ケイ
䎜	コン
䎝	ショ
䎟	ジ:K ニ:G
䎠	カン:K ガン:G ジ:K ダ:K ナ:G ニ:G
䎡	ダン:K ナン:G
䎢	キツ:K コチ:G シ
䎣	シ
䎤	キョク:K コク:G
䎦	エン
䎧	ブ:G ホウ:K ボウ
䎨	アン:K オウ:K オン:G ヨウ:G
䎪	ドク ノク
䎫	ス:G ソウ:K
䎮	タイ:G チャク:G テイ:K テキ:K
䎯	カン
䎰	サク:K ザク:G
䎱	ハ ヒ
䎲	ギツ ゴチ
䎳	ガチ ガツ ゲツ
䎴	キョウ:G コウ:K
䎵	ヒ ビツ:K ミチ:G
䎶	ジ:K ニ:G
䎷	シュ フ
䎸	ゴ
䎹	ブン
䎺	セイ
䎻	シュ:G シュウ:K
䎼	ロク
䎽	ショウ:G セイ:K ブン
䎿	シュ:G シュウ:K
䏀	ラツ
䏁	サイ
䏂	ソウ
䏃	ビン:K ベイ ベン:K ミョウ ミン:G メン:G
䏄	タイ:G タチ:G タツ:K チチ:G チツ:K テイ:K
䏅	サイ:G サツ セイ:K セチ:G セツ:K
䏆	ショウ:G ジョウ ソウ:K ゾウ
䏇	ヒョウ:K ビョウ:G
䏈	レン
䏉	シュウ
䏊	ロウ
䏋	シュク
䏌	キツ:K コチ:G
䏍	エン
䏎	ガン フウ:K ブ:G
䏏	ク:G コ:K
䏐	ケ:G ケイ:K ケチ:G ケツ:K
䏑	セキ
䏒	ヘン
䏓	カン:K ガ ゲン:G
䏔	ジク:K ジュウ:G チュ チュウ:K ニク:G ニュ
䏕	オウ
䏖	イン ジン:G チン:K
䏗	カイ:K ケ:G
䏘	ヒチ:G ヒツ:K
䏙	タン:K トン:G
䏚	ビョウ:K ミョウ:G
䏛	シュン
䏜	コウ
䏞	バツ:K マチ:G
䏟	ヒツ:K ビチ:G ヘツ:K ベチ:G
䏠	キュウ:K コウ:G ロウ
䏡	シ:K ジ:G
䏢	ヒ
䏣	ショ
䏤	シ
䏥	タン
䏦	カチ:G カツ:K テン:K デン:G
䏧	シ タ:K ダ:G ナ
䏨	カイ:K ケ:G タイ:K テ:G
䏩	オウ キュウ
䏪	ジ:K ニ:G
䏫	キュウ:K ク:G
䏬	ボウ:K ム:G
䏭	シュ
䏮	キョウ:G コウ:K
䏯	シ
䏰	ジュン ジン:K ニュン ニン:G
䏱	キク コク
䏲	タイ:G テイ:K テツ:K デチ:G
䏳	セチ:G セツ:K
䏴	ショウ:G ソウ:K
䏵	ボウ:K モ モウ:G
䏶	ヒ:K ビ:G
䏷	カン:K ガン:G
䏸	ギョ
䏹	ケン
䏻	ドウ
䏼	サン:K ザン ゼン:G
䏽	ハイ:K ブ:G ベ:G ホウ:K
䏾	ホウ
䏿	ケイ
䐀	キ
䐁	タク チョク トク
䐂	リョク:K ロク:G
䐃	キン:K ゴン:G シュン
䐄	カン:K ガン ゲン:G コン:K ゴン:G
䐅	キ
䐆	サ サイ
䐇	シュン:K ジュン:G ビン:K フン ブン:K ミン:G モン:G
䐈	シキ:G ショク:K チキ:G チョク:K
䐉	シ
䐊	コン:K ゴン:G
䐋	ス:G ソウ:K
䐌	テン
䐍	ス
䐎	タイ:G テイ:K
䐏	シュン
䐐	シュ:G シュウ:K
䐑	ショウ ジョウ:G チョウ:K
䐒	タ
䐓	ジュウ ニュ
䐔	ヒン ヘン:K ベン:G
䐕	シュウ
䐖	キ
䐗	チョ
䐘	ガク キャク
䐙	カク:K キャク:G
䐚	シキ:G シャク:G ショク:K セキ:K
䐛	トウ
䐜	シ シン
䐝	サ
䐞	ジャク:K ニャク:G
䐟	ク:G コウ:K
䐠	コウ
䐡	セイ
䐢	シュ:G シュウ:K ス:G ソウ:K
䐣	ソン
䐤	サ:K サイ:K ザ:G シ セ:G
䐥	オ オウ
䐦	コウ
䐧	コウ
䐨	カク コク トク:K ドク:G
䐩	カイ:K ガイ ケ:G
䐫	シュ:G ショウ:K
䐬	ソウ:K ゾウ:G
䐭	タイ:G テイ:K
䐮	サン:K セン:G
䐯	ライ ルイ レ
䐰	シュウ
䐱	シャク:G セキ:K タ タイ:K タク:K チャク:G テ:G
䐲	ジュウ:G ジョウ:G チュウ:K チョウ:K
䐳	ギョ
䐴	カイ:K ケ:G
䐵	オウ:G コウ:K
䐶	サン シン セン:K ゼン:G
䐷	タン
䐸	カク
䐹	シュ:G シュウ:K ショウ
䐺	タン トン:K ドン:G
䐻	コ
䐼	ケイ ケツ:K ゲイ ゲチ:G
䐽	ボン
䐾	タク:K ダク:G
䐿	イク オウ
䑀	ビャク:G ヘキ:K
䑁	アク オク
䑂	アイ ヨ
䑃	ボウ:K モ モウ:G
䑄	ギ ヒ
䑅	ロク
䑆	ヨウ
䑇	シチ:G シツ:K
䑈	ハク
䑉	エイ:K ヨウ:G
䑊	イ
䑋	ジョウ:K ニョウ:G
䑌	ラン
䑍	エイ:K ヨウ:G
䑎	サン:K セン:G
䑏	カン ケン:K ゲン:G
䑐	シン
䑑	ボク
䑓	ダイ
䑔	ハイ:K ハツ:K ヘ:G ボチ:G
䑕	ソ
䑗	トウ:K ドウ:G
䑘	サ:K ザ:G シ
䑙	ゼン:K タン テン ネン:G
䑚	テン
䑛	シ:K ジ:G
䑜	チョウ:G トウ:K
䑝	カ
䑞	シュン
䑟	コウ
䑠	リョウ
䑡	サ:K サイ:K シャ:G セ:G
䑢	ゴチ:G ゴツ:K
䑣	チン
䑤	キン:K ゴン:G
䑥	ゴウ
䑦	ク:G コウ:K
䑧	フ
䑨	タ
䑪	ゴウ
䑫	ヒョウ:G ホウ:K
䑬	トウ ヨウ
䑭	テイ
䑯	ダイ:G テイ:K
䑰	ブ:G ホ:K
䑱	エン:K オン:G
䑲	ジョウ:G トウ:K
䑳	ケン リン ロン
䑴	キ:K ギ:G
䑶	セン
䑹	ソウ
䑺	ハン
䑻	ユ:G ユウ:K
䑼	シュ:G シュウ:K ス
䑽	トウ
䑿	シュク
䒀	フ:G ブ ホ:K
䒁	シュウ:K ジュウ:G
䒂	ショウ
䒃	ゾウ
䒄	フ:G フウ:K
䒅	トウ:K ドウ:G ヨウ
䒆	セチ:G セツ:K テチ:G テツ:K
䒈	ヒ
䒉	ブ:K ム:G
䒊	ケイ
䒋	オウ:K ヨウ:G
䒌	ベイ ミョウ:G メイ:K
䒍	ホウ
䒎	ボウ:K モウ:G
䒏	ソウ
䒐	ボウ:K モウ:G
䒑	ソウ
䒒	チョウ
䒓	カイ:K ケ:G
䒔	ハイ
䒕	ショウ
䒖	シン
䒗	キツ
䒘	スイ
䒚	ショウ
䒛	カン:K ゲン:G
䒜	ギュウ ゴ
䒝	コウ
䒞	イン ジン:G タン:K チン:K トン:G
䒟	タン
䒠	カツ:K ゲチ:G フ:G ホウ:K
䒡	イン
䒢	ギョウ:G ゴウ:K
䒣	ゼン
䒤	ジツ:K ニチ:G
䒥	バン:K マン:G
䒦	ハン:K ホン:G
䒧	キョ:K コ:G
䒨	シ:K ジ:G
䒩	カ
䒪	キュウ ヘン:K ベン:G
䒫	タイ:K ダイ:G
䒬	バク
䒭	トウ
䒰	キョウ:G コウ:K
䒱	ジョウ
䒲	タ
䒳	タ
䒴	ウ:G ユウ:K
䒵	コウ
䒶	テン
䒷	カチ:G カツ:K セツ:K ゼチ:G
䒸	キャク:G ケキ:K ケチ:G ケツ:K
䒹	ライ リ ルイ レ
䒺	キン
䒻	キ
䒼	キョク:K コク:G
䒽	ボウ:K モウ:G
䒾	イ
䓁	タイ トウ
䓂	ゲン:K ゴン:G
䓃	オウ:G ユウ:K
䓄	ギ ギン:K ゴン:G
䓅	キ:K ギ:G
䓆	セチ:G セツ:K
䓇	カク:K キャク:G ケキ
䓈	イ エキ:K ヤク:G
䓉	シャ:K ジャ:G ヤ
䓊	ギョ:K ゴ:G
䓋	シ
䓌	シ
䓍	カン:K ガン:G
䓎	サク
䓏	フ
䓐	シュン:K ジュン:G
䓑	ヘイ
䓒	カイ
䓓	ゼン
䓗	ソウ
䓘	キュウ:K グ:G コウ
䓙	カイ:K ケ:G
䓚	ショ:K ジョ:G ソ
䓛	クチ クツ コツ
䓜	シ:K ジ:G チ
䓝	ボウ:K ミョウ モウ:G
䓞	ライ:G レイ:K レチ:G レツ:K
䓟	シュ:G シュウ:K レチ:G レツ:K
䓠	トウ
䓡	チ
䓢	ク:G コ:K
䓣	リョウ
䓤	コチ:G コツ:K
䓥	ラチ:G ラツ:K
䓦	テン
䓧	キョク
䓭	サツ:K セチ:G
䓮	ボウ:K モ モウ:G
䓯	トク
䓰	イン
䓱	サイ シ
䓲	エイ エチ:G エツ:K
䓳	カイ:K ガイ:G コン
䓴	ゼン:K ネン:G
䓵	フ
䓶	ライ ラチ:G ラツ:K
䓷	コウ
䓸	カン
䓹	イ
䓺	ビ
䓼	カク:K ガク:G ボウ:K モウ:G
䓽	キ
䓾	サ
䓿	カン
䔀	ズイ ニ
䔁	リチ:G リツ:K
䔂	サイ シ
䔃	ソ
䔄	ヨウ
䔅	カ
䔆	リ
䔇	エ:G カイ:K ガイ キ
䔈	ク:G コウ:K
䔉	リャク:G レキ:K
䔊	ヒョウ:G ホウ:K
䔌	コウ
䔍	バ
䔎	ソク
䔏	シュ:G シュウ:K
䔐	セン
䔑	シャ:K ジャ:G ズ:G ト:K ヤ
䔒	ハイ:K ベ:G
䔓	キョ:K コ:G
䔔	キョウ:G ケイ:K
䔕	ブ:G ホ:K
䔖	リョウ
䔗	ショウ:K ゾウ:G
䔘	ソ:K ゾ:G
䔙	チョウ
䔚	シン ジュン
䔛	ケイ
䔜	タン
䔝	サイ:K セ:G
䔞	リチ:G リツ:K
䔟	イ
䔠	サク ショウ:G ソウ:K
䔡	ギョ:K ゴ:G
䔢	カ
䔣	ライ:G レイ:K
䔤	ハ:K ヘ:G
䔥	シュク ショウ
䔪	ショウ:G ソウ:K
䔬	イ ヨキ ヨク
䔭	デイ ニョウ
䔮	シ
䔯	ク:G コ:K
䔰	フ:G フウ:K フク
䔱	ユウ
䔲	ジョウ:G トウ:K
䔳	ゼン:K ネン:G
䔴	サイ:G シキ:G ショク:K セ セイ:K
䔵	カン
䔶	タイ:G ダイ テイ:K
䔷	キョウ:K キン:K ゴウ:G ゴン:G
䔸	ヒョウ
䔹	スイ:K ズイ:G タイ デ
䔺	イ スイ:K ズイ:G
䔻	タイ トン
䔼	シュウ
䔽	アイ エイ
䔾	アチ:G アツ:K ガツ ケイ ケチ:G ケツ:K ゲチ
䔿	ソン
䕀	カン
䕁	ヒ
䕃	イン
䕄	ショウ
䕅	ソウ
䕆	ズ:G トウ:K
䕇	エ:G カイ:K
䕈	ショウ ジョウ:G チョウ:K
䕉	ジャク:G タク:K
䕊	タン:K ダン:G
䕋	トウ:K ドウ:G
䕌	チ ヂ
䕍	エイ
䕎	ホク
䕏	ガ
䕑	スイ
䕒	カ:K ケ:G
䕓	サツ:K セ:G セイ:K セチ:G
䕔	カン
䕖	ソン
䕗	ヒ:K ビ:G
䕘	リョウ:G レイ:K
䕙	セツ
䕚	キ
䕛	コウ
䕝	ショウ
䕞	ロウ
䕟	キョウ:G コウ:K
䕠	ハイ:K ヘ:G
䕡	リョ:K ロ:G
䕢	タ
䕣	カツ:K ガチ:G
䕤	キ
䕥	デイ
䕦	エイ:K ヨウ:G
䕧	キョウ:G ギョウ コウ:K
䕨	トウ
䕩	ロウ
䕪	ジャク:G タク:K
䕫	キ
䕬	キョウ
䕭	セン:K ゼン:G
䕮	キク
䕯	ヒョウ
䕰	ハン:K ボン:G
䕱	ズ:G トウ:K
䕲	リン
䕳	ビ:K ミ:G
䕴	サク
䕵	ケツ:K ゲチ:G
䕶	コ:K ゴ:G
䕸	カイ カツ:K ゲチ:G
䕹	ショウ:G ジョウ ソウ:K ゾウ
䕺	ソウ
䕻	ライ:G リ レイ:K
䕼	ゼン:K ネン:G
䕽	チク チョク
䕾	ギン ゲン
䕿	ゼン
䖀	キョウ
䖁	オク
䖂	ラン レン
䖃	ヤク ラ
䖅	レイ
䖆	ジョウ:K ニョウ:G
䖇	ウチ:G ウツ:K
䖈	ギャク
䖉	ク
䖊	ガイ:K ゲ:G
䖋	ギャク
䖌	ギャク ゲキ
䖍	ケン
䖎	ギョウ:G コウ:K
䖏	ショ
䖐	ギン:K ゴン:G
䖑	ベキ:K ミャク:G
䖒	キ
䖓	ダツ ナチ
䖔	カン:K ゴン:G
䖕	サ:K ザ:G ソ:K ゾ:G
䖖	ギョウ:G コウ:K
䖗	ガン
䖘	ズ:G ト:K
䖙	ダイ:G テイ:K
䖚	ウ
䖛	サク
䖜	ギン:K ゴン:G シュウ:K ジュ:G チツ
䖝	チュウ
䖞	チュ チュウ
䖟	ボウ
䖠	ガン
䖡	ジク:K ニク:G
䖢	ビョウ:K ミョウ:G
䖣	ソウ
䖤	エン:K オン:G ワン
䖥	ボウ
䖦	クチ クツ ゴチ:G ゴツ:K セチ:G セツ:K
䖧	ダツ テチ:G テツ:K ナチ
䖨	シャク:G ジャク セキ:K
䖩	ヒ:K ヒツ:K ビ:G ビチ:G
䖪	サイ:K シ セ:G
䖫	ホウ
䖭	カン:K ケン:G
䖮	キョウ:G コウ:K
䖯	エ:G ケ:G ケイ:K ワイ:K
䖰	ハイ:K ヘ:G
䖱	キョウ:G コウ:K
䖲	シュン ス:G ソウ:K
䖳	タ:K ダ:G チャク
䖴	ヨウ
䖵	コン
䖶	カイ:K ケ:G
䖷	キ:K ケ:G
䖸	ガ
䖹	ヨウ
䖺	ジョウ:G チョウ:K
䖻	ユ:G ユウ:K リュウ:K ル:G
䖼	キャク
䖽	リ
䖿	ライ:G リ レイ:K
䗀	チョウ
䗁	キ:K ギ:G
䗂	ク:G コ:K
䗃	サン セン:K ゼン:G
䗄	フ
䗅	ジョウ:G チョウ:K
䗆	カン
䗇	キク コク:K ゴク:G
䗈	ボウ
䗉	ショウ
䗊	タン
䗋	ボウ:K ム:G
䗌	ショウ:G セイ:K
䗍	ラ レイ
䗎	エン
䗏	シュ:G シュウ:K ス
䗐	イ シ
䗑	ユウ
䗒	ビョウ:G ホウ:K
䗓	ス:G ソウ:K
䗔	コウ ゴ
䗕	ワン
䗗	ケイ ケン
䗘	コウ
䗙	カン:K ガン:G
䗚	ハク
䗛	シュ:G シュウ:K シュク
䗜	リュウ:K ル:G
䗝	サン
䗞	サン
䗟	エイ
䗠	セン:K ゼン:G
䗡	エン
䗢	ソウ
䗣	カン:K ガン:G ゴン
䗤	ユ:G ヨウ:K
䗥	シュ:K ショ:K ショウ:G ジョ:G ス:G ソウ:K
䗦	ホウ
䗧	コウ
䗨	ギョ:K ゴ:G
䗩	シャク:G シュク セキ:K
䗪	シャ
䗫	バ
䗬	ホウ
䗮	ソウ
䗯	シン
䗰	カン
䗱	ハク ブ:G ホウ:K ホク:K ボク:G
䗲	リン
䗳	トウ
䗵	キョウ:G コウ:K
䗶	ロウ
䗷	オキ ヨク
䗸	ユ:G ヨウ:K
䗹	シ
䗺	エン タン:K ダン:G
䗼	クン
䗽	イ
䗾	ケン
䗿	デイ ニョウ
䘀	フウ:K ブ:G
䘁	セツ:K ゼチ:G
䘂	セン
䘃	ボク:K モク:G
䘄	シ ショ
䘅	ダイ:K ドウ:K ドク ナイ:G ノウ:G ノク
䘆	キン:K ケン コン:G
䘇	ブン
䘉	サン
䘊	ベツ
䘋	セン
䘌	ジツ:K ジョク ニキ ニチ:G
䘍	タイ タツ
䘎	ワン
䘏	ジュツ
䘐	ジク
䘑	ミャク
䘒	サイ スイ
䘓	カン:K コン:G タン:K ダン:G
䘔	カク:K キャク:G
䘕	コウ
䘖	カン
䘘	ギョ:K ゴ:G ソ
䘙	エイ
䘚	ソツ
䘜	キン
䘝	ヨキ ヨク
䘟	チョウ
䘡	ヒ:K ビ:G
䘢	チョ
䘣	シ
䘤	シュツ ジュチ チュツ
䘥	コウ
䘦	ジ:K デイ:K ナイ:G ニ:G
䘨	キョウ:G ギョウ コウ:K
䘩	シュン
䘪	シュ:G シュウ:K
䘫	ジョ
䘬	ジョウ ニュ
䘭	シ
䘮	ソウ
䘯	ショウ:G ソウ:K
䘰	エン セン
䘱	ユ
䘳	キン:K コン:G ゴン
䘴	シュ:G ショウ:K
䘵	ロク
䘶	カン:K ゴン:G
䘷	ヘチ:G ヘツ:K
䘸	エキ:K シャク:G セキ:K ヤク:G
䘹	サイ:K セ:G
䘺	タン デン
䘻	イク
䘼	エン:K オン:G
䘽	ゲイ ゲチ:G ゲツ:K
䘾	カン
䘿	クツ グチ
䙀	ホウ
䙁	サン:K ザン セン:G
䙂	ショウ
䙃	タ:K ダ:G
䙄	シュウ ソウ
䙅	ヨウ
䙆	ケ:G ケイ:K
䙇	ゼン:K ダン:K ナン:G ネン:G
䙈	コウ ゴ
䙉	シュン:K ジュン:G
䙎	カイ:K ケイ ゲ:G ゲイ
䙏	ハク
䙐	カク:K キャク:G
䙑	サイ
䙒	キク コク チク
䙔	ウ:G オ:K オウ シュ
䙕	シュ:K ショウ:G ス:G ソウ:K
䙖	ホウ
䙗	テイ
䙘	シュク ショ:G ソ:K ソク
䙙	ジ:G チ:K
䙚	ジョウ
䙛	コン
䙜	ブ:G ホウ:K
䙝	セチ:G セツ:K ダイ:K ナイ:G
䙞	トウ
䙟	イ
䙠	カチ ケツ
䙡	エ:G カイ:K キ
䙢	ショウ:G ソウ:K ゾウ
䙣	ソウ
䙤	タ
䙥	レイ
䙦	ボウ:K モ:G
䙧	クン
䙨	カ
䙪	ハン
䙬	オウ:K ヨウ:G
䙭	ケン
䙮	カン
䙯	シュク
䙰	リ
䙱	ショク:K ゾク:G
䙲	セン
䙳	ヒョウ
䙴	セン
䙵	ケイ
䙷	トク
䙸	トク
䙹	ケン:K ゲン:G ジ:K ニ:G
䙺	レン
䙼	キョウ ショウ:K ジョウ:G
䙽	ケチ:G ケツ:K テツ:K デチ:G
䙾	イ シ:K ジ:G スイ チ
䙿	ビ:K ミ:G
䚀	チン
䚁	チン
䚂	カク:K キャク:G
䚃	ユ:G ユウ:K
䚄	リョク:K ロク:G
䚅	ライ
䚆	エイ:K ヨウ:G
䚇	ショウ:G セイ:K
䚈	ケン
䚉	ケイ
䚊	ケン
䚋	ウン
䚍	シャク:G セキ:K チャク:G テキ:K
䚎	トウ
䚏	リン
䚐	ジャク:G セキ:K チャク:G テキ:K
䚑	バイ:K メ:G
䚒	トウ:K ドウ:G
䚓	シン
䚔	ヒン
䚕	シ ライ:G リ レイ:K
䚖	リョウ:G レイ:K
䚗	コウ シュ:G ショウ:K
䚘	ギョウ:G コウ:K ジョウ:G ソウ:K
䚙	カン:K キ ケン:G
䚚	セン
䚛	コク:K ゴク:G
䚜	ヒ ヘイ
䚝	ソツ ゾチ
䚞	タイ
䚟	タイ
䚠	コン:K ゴン:G
䚡	サイ:K シ セ:G
䚢	エイ タイ:G テイ:K テチ:G テツ:K
䚣	タイ:G ダイ テイ:K
䚥	ジャク:K ダク ニャク:G ニョク
䚦	ジ:G チ:K ヒ
䚧	リュウ:K ル:G
䚨	ハイ:K ハツ:K バチ:G ヘ:G ホチ
䚩	キョウ:K ギョウ:G
䚪	カン
䚫	カク ギャク ギョウ:G ケキ ゴウ:K
䚬	リン
䚭	カン:K ケン:G セ:G セイ:K
䚮	ジ:K ジョウ:K ニ:G ニョウ:G
䚯	ケン
䚰	カ
䚱	シン
䚲	サン
䚳	シ
䚴	ガチ ガツ ゲツ
䚵	ツ:G トウ:K
䚶	テン
䚷	エイ ケイ ゲイ
䚸	カイ:K ガイ:G
䚹	ヒ
䚺	ヨウ
䚻	ユ:G ユウ:K ヨウ
䚼	ジク:K ニク:G
䚽	コウ
䚾	ジン:K ニン:G
䚿	イン:K オン:G キ
䛀	ハン:K ホン:G
䛁	ザン ゼン:K ダン:K ナン:G ネン:G
䛂	シ
䛃	ガン
䛄	エン:K オン:G
䛅	コウ:K ゴウ:G
䛆	ジュ チュウ
䛇	エン
䛈	シ
䛉	ベン:K メン:G
䛊	ケイ シ
䛋	キ シ
䛌	トウ:K ドウ:G ホウ:K ボウ:G
䛍	ヒ
䛎	カチ ケチ:G ケツ:K
䛏	ジ:K デイ:K ナイ:G ニ:G
䛐	シ
䛑	ヒツ
䛒	ベン
䛔	ダ:K ナ:G
䛕	ユ
䛖	エイ セイ セツ
䛗	シ
䛘	ジン:K ニン:G
䛙	キク
䛚	リャク
䛛	カイ
䛜	シン
䛝	ドウ:K ノウ:G
䛞	カン:K ガン:G
䛟	キョウ
䛠	ツ:G トウ:K
䛡	ワ
䛢	タ トク
䛣	チュ チュウ ヒョウ:G ヘイ:K
䛤	ショク:K ソク:G
䛥	キ:K キツ:K キン:K ケ:G コチ:G コン:G
䛦	ショウ
䛨	シン
䛩	アク:K ウ:G オ:K カ:K ケ:G ヤク:G
䛪	キュウ:K ク:G
䛫	チョウ:G トウ:K
䛬	トウ:K ドウ:G
䛭	キョウ:G ギョウ コウ:K
䛮	キュウ
䛯	キョ:K コ:G
䛰	コン:K ゴン:G
䛱	ジ:G チ:K
䛲	ベン:K メン:G
䛳	エン
䛴	キ
䛵	シュウ:K ジュ:G
䛶	ルイ
䛷	エン:K オン:G
䛹	ケ セン
䛺	カイ
䛻	ユウ
䛼	キ
䛽	ソウ:K ゾウ:G
䛾	ソ
䛿	カク:K キャク:G
䜀	ドウ
䜁	ケイ
䜃	サイ:K セ:G タイ:K テ:G
䜄	チ
䜅	イ サイ シュ:G スイ ソウ:K
䜆	ショウ バ:K マ:G
䜇	コン
䜈	ショウ:G ソウ:K
䜉	シチ:G シツ:K チ
䜊	ソウ:K ゾウ:G
䜋	カイ:K ガイ:G
䜌	ラン レン
䜍	リョウ
䜎	ロウ
䜏	タ
䜐	キ スイ
䜑	アク ウ:G オ:K
䜒	オウ
䜓	ショウ
䜕	カイ バイ:K マイ:G
䜗	カン:K キン:K コン:G ゴン:G
䜘	ケイ
䜙	ガン ゴウ ゴン
䜚	トウ:K ドウ:G
䜛	ザン
䜜	イ エイ
䜝	タン
䜞	ザイ:G セイ:K
䜟	シン
䜠	シツ
䜡	イク
䜢	ケン
䜪	キュウ:K グ:G
䜫	グ:G コウ:K
䜬	シュウ:K ジュ:G
䜭	エイ ケン:K ゲン:G シュン
䜮	リョウ:K ロウ:G
䜯	キク ギク
䜰	キョウ:G コウ:K
䜱	バン:K マン:G
䜲	リョウ
䜴	シュ:K ス:G
䜵	シ
䜶	コウ:K ゴウ:G
䜷	シン
䜸	バイ:K マイ:G
䜹	ソク
䜺	サク:K シャク:G
䜻	シ
䜼	コク トク:K ドク:G ボウ:K ボク:K ム:G モク:G
䜽	ユ
䜾	イン:K オン:G
䝀	リュウ:K リョウ ル:G
䝁	ロウ
䝂	シュ
䝃	ジョウ:G チョウ:K
䝄	ソウ
䝅	カイ
䝆	コチ:G コツ:K
䝇	カイ
䝈	ヤク
䝊	ソウ
䝋	ス:G ソウ:K
䝌	ケチ:G ケツ:K
䝍	クン
䝎	タン
䝏	ル:G ロウ:K
䝐	イ ジ:G タ:K ダ:G チ:K
䝑	チュ チョウ
䝒	ジュ ス:G ソウ:K
䝓	リョウ
䝔	カン
䝕	ショウ
䝖	ショウ:G ソウ:K
䝗	キュウ
䝘	キ
䝚	ジ:K ニ:G
䝛	ハ
䝜	サン
䝝	イ
䝞	ゴウ
䝟	アツ:K エイ エチ:G エツ
䝠	ゲン
䝡	バン
䝢	バン
䝣	キョ:K ゴ:G
䝤	チョウ:G トウ:K リョウ:K ロウ:G
䝥	コウ
䝦	シュ:G シュウ:K
䝧	ビン:K ミン:G
䝨	ケン
䝩	シン
䝪	ショ:G ソ:K フ
䝫	サク:K ザク:G
䝬	チュ
䝭	ク:G コウ:K
䝮	ケン
䝯	イ シ
䝰	ジ:G チ:K
䝱	キョウ:K ギョウ:G
䝳	サン:K ザン:G
䝴	セイ
䝵	ブ:G ホ:K
䝶	リョウ
䝷	チ
䝸	キ:K ギ:G
䝹	ワン
䝺	カン
䝻	キョ:K コ:G
䝼	ジョウ:G セイ:K
䝽	ガイ
䝾	フ
䝿	キ
䞀	グ:G コウ:K
䞁	エン:K オン:G
䞂	ゼン:K デン ネン:G
䞃	チ
䞄	ヒョウ
䞅	イ
䞆	サ
䞇	シ
䞈	ガ:K キ ゲ:G
䞋	シン
䞑	グ:G コウ:K
䞒	ズ:G トウ:K
䞓	チョウ:G テイ:K
䞔	ビ:K ミ:G
䞕	ジュ ニュ ユ
䞖	ショク:K ゾク:G
䞗	サイ
䞘	キチ:G キツ:K コチ ゴチ
䞙	ソウ
䞚	キ:K ギ:G
䞛	ウ:G オ:K
䞜	フ
䞝	ギョク:K ゴク:G
䞞	ヒ フツ ブチ
䞟	ハク:K ヒャク:G
䞠	シャク:G セキ:K
䞡	タン
䞢	サク
䞣	シャ
䞤	ク:K グ:G フ
䞥	ウ:G ユウ:K
䞦	カク ギャク
䞧	グ:G コウ:K
䞨	キ
䞩	オウ:G ギョウ コウ:K
䞪	ショウ:K ゾウ:G
䞫	グン
䞬	トウ
䞭	シュ:G シュウ:K シュン
䞮	ツ:G ト:K
䞯	フ:K フウ ブ:G
䞰	サク:K シャク:G
䞱	コク:K ゴク:G
䞳	フ:G ホウ:K ボク:K モク:G
䞴	チョウ:G トウ:K
䞵	ケチ:G ケツ:K テチ:G テツ:K
䞶	チャク:G テキ:K
䞷	ガチ クツ グチ ケツ
䞹	オウ:G コウ:K
䞺	チュン
䞻	ユ:G ヨウ:K
䞼	サン
䞽	サク:K シャク:G
䞾	ジ:G ダイ:G チ:K テイ:K
䞿	ケン:K コン:G
䟀	サイ シ
䟁	ショウ:G ソウ:K
䟂	バン:K ボン:K マン:G モン:G
䟃	サン ソウ
䟄	サク シャク:G セキ:K
䟅	サン セン:K ゼン:G
䟆	ヒ ヒチ:G ヒツ:K
䟇	キ:K ケ:G
䟈	ジチ:G チツ:K
䟉	ショク:K ソク:G ゾク
䟊	キョ:K ゴ:G
䟋	セン
䟌	キツ
䟍	エン ヘン
䟎	サン
䟏	シャク ヤク リャク:G レキ:K
䟐	リャク:G レキ:K
䟑	ヤク
䟒	カン:K ガン:G ケン:K ゲン:G
䟓	チョウ:G テイ:K トウ
䟔	フ ホク:K ボク:G
䟕	サ:K シャ:G
䟖	シ
䟗	シ:K ジ:G
䟘	コウ:K ゴウ:G
䟙	セチ:G セツ:K
䟚	キ
䟛	ハイ ハツ:K バチ:G ヒ フチ フツ
䟜	ドウ:K ドツ ノウ:G ノチ
䟝	ツ:G トウ:K
䟞	チュ
䟟	ショク:K ソク:G
䟠	エツ:K オチ:G カチ ケツ
䟡	タイ:G チ テイ:K
䟢	デン
䟣	チュチ:G チュツ:K
䟤	ヘイ ヘツ:K ベイ ベチ:G
䟥	ボウ
䟦	バツ
䟧	テン:K デン:G
䟨	ビン:K ミン:G
䟩	カク:K キャク:G ラ
䟪	ハン:K フ:G ホウ:K ホン:G
䟫	ショウ:K ジョウ:G トウ
䟬	キュウ:K ク:G
䟭	ソ
䟮	フク:K ブク:G ホク:K ボク:G
䟯	カチ:G カツ:K
䟰	カン
䟱	セキ
䟴	シン
䟵	キュウ:K グ:G
䟶	サ
䟷	ケイ テイ
䟸	キ:K ギ:G
䟹	レチ:G レツ:K
䟺	ハイ:K バイ:G
䟻	ズ:G タ:K ダ:G ト:K
䟼	ブ:K ム:G
䟽	ショ:G ス ソ:K
䟾	ケチ:G ケツ:K テイ テチ:G テツ:K
䟿	リョク:K ロク:G
䠀	ショウ
䠁	セイ
䠂	ソ
䠃	リョウ
䠄	テン
䠅	コン
䠆	チョウ
䠇	クチ クツ
䠈	トチ トツ
䠉	カン:K ガン:G
䠊	ヒ
䠋	ハイ バ ヒ:K ビ:G ヘン:K ベン:G
䠍	カ:K ゲ:G
䠎	アク
䠏	キ:K ギ:G
䠐	キャク:G ケキ:K
䠑	キ:K ギ:G ケ:G ケイ:K
䠒	コ:K ゴ:G
䠓	シュ:G シュウ:K シュク
䠔	スイ
䠕	サイ
䠖	シ
䠗	キュ キュウ:K ギュウ ク:G グ
䠘	ハイ ヘイ
䠙	ホウ:K ボウ:G
䠚	エ:G ワ:K
䠛	ヨウ
䠜	ジョウ ニュ
䠝	ケン
䠞	シュク
䠟	ジョウ:G チョウ:K
䠠	セイ タイ:G ダイ テイ:K
䠡	サ:K ザ:G ジャ
䠢	ボウ:K ム:G
䠣	サン:K セン:G
䠤	タ
䠥	ヘツ ベツ
䠦	シ チ
䠧	ジ:G ジョ:G チ:K チョ:K
䠨	セン
䠩	カイ:K ゲ:G
䠪	タン:K ダン:G
䠫	ジュ ソウ
䠬	トウ:K ドウ:G
䠭	ライ
䠮	トウ
䠯	ヤク
䠰	ケン:K ゲン:G
䠱	ショク:K ジク ジョ ソク:G タク チョク
䠳	チン
䠴	シン
䠵	フ:K ブ:G
䠶	シャ
䠷	チョウ
䠸	カ:K ケ:G
䠹	カイ
䠻	キュウ:K ク:G
䠼	シュ
䠽	カイ:K ガイ:G
䠾	セン
䠿	ガイ:K ゲ:G
䡀	セン
䡁	ル:G ロウ:K
䡂	キュウ:K ク:G
䡃	リチ:G リツ:K
䡄	キ
䡅	チュン
䡆	ユ:G ヨウ:K
䡇	ゲツ
䡈	カク キョウ:G コウ:K
䡉	コウ
䡊	ハン:K ホン:G
䡋	キ シ
䡌	コウ
䡍	フ
䡎	ル:G ロ:K
䡏	コウ
䡐	タ:K ダ:G
䡑	ビン:K ミン:G
䡒	テン:K デン:G
䡓	ケン
䡔	ケイ
䡕	ショウ
䡖	キョウ:G コウ:K
䡗	キョウ
䡘	テン:K デン:G
䡙	ロウ
䡚	ボウ:K ミョウ:G
䡛	エキ:K ヤク:G
䡜	リク:K ロク:G
䡝	ウン エン:K オン:G
䡞	キョク:K コク:G
䡟	ヘイ
䡠	キョウ:G コウ:K
䡡	カイ:K ガイ:G
䡢	ヘン
䡣	ケン コン:K ゴン:G
䡤	ショ
䡥	ヨウ
䡦	ソウ
䡧	ウ:G オ:K
䡨	シ
䡩	カン:K キョウ:G ケン:G コウ:K シン
䡪	セン
䡫	ホウ ボ
䡬	バン:K マン:G
䡭	シュ:G シュウ:K
䡮	シュ:G ショウ:K
䡯	ス:G ソウ:K
䡰	キョウ:G コウ:K
䡱	テン
䡲	サン セン:K ゼン:G タン
䡳	シ
䡴	シュ:G ショウ:K ジョウ:G トウ:K
䡵	スイ:K ズイ:G
䡶	ヘイ
䡷	カイ カチ:G カツ:K
䡺	エイ
䡼	レイ
䡽	サン
䡾	ガツ ゲチ:G ゲツ:K
䡿	リョウ:G レイ:K
䢃	ゲイ
䢄	シ
䢅	シン:K ジン:G
䢇	ジョウ ニュ
䢈	エ:G カイ:K シン:K ジン:G
䢉	ドウ:K ノウ:G
䢊	ユウ
䢋	キ
䢌	ハチ:G ハツ:K
䢍	ホウ:K ボウ:G
䢎	キ
䢐	ソ
䢑	タイ:G テイ:K
䢒	キョウ:G コウ:K
䢓	ウ
䢔	コウ:K ゴウ:G
䢕	キツ:K コチ:G
䢖	イツ ケン:K コン:G
䢗	キョク
䢙	ハイ:K バイ:G
䢚	キョウ:G コウ:K ゴウ
䢛	ケイ
䢜	キ
䢝	ア
䢞	ジュツ
䢟	ユウ
䢠	ソウ
䢡	ショウ ツイ ヨウ
䢢	ソウ
䢤	ジュツ
䢦	シュチ:G シュツ:K
䢧	リョウ
䢨	シュ:G ショウ:K
䢩	ギョ
䢪	キョウ
䢫	ズイ
䢬	セン
䢭	エン セン:K ゼン:G
䢮	テキ トク ライ レ
䢯	リン
䢰	テキ
䢱	トク:K ドク:G
䢲	ワク
䢳	キ
䢴	セン
䢵	ウン
䢶	ホウ
䢸	ショ
䢹	キョ:K コ:G ゴ
䢻	シン:K ジン:G
䢼	キュウ:K キョウ ク:G
䢽	コウ:K ゴウ:G
䢾	セン
䢿	アン
䣀	キ:K ギ:G
䣁	ウ
䣂	ライ レ
䣃	シャ
䣄	シャ ショ:K ジョ:G ズ:G ト:K
䣅	シン:K ジン:G
䣆	ギョウ:G ケイ:K
䣇	キュウ:K グ:G
䣈	コウ
䣊	ショウ トウ
䣋	サイ
䣌	テイ
䣍	エン
䣎	シ
䣏	キョウ:G ケイ:K
䣐	エイ:K ヨウ:G
䣑	テン
䣓	ライ:G リャク:G レイ:K レキ:K
䣔	サ
䣕	バ:K メ:G
䣖	バ
䣘	トウ:K ドウ:G
䣙	カイ:K ケ:G ハイ:K フウ ブ:G ベ:G ホウ:K
䣚	ル:G ロウ:K
䣛	シチ:G シツ:K
䣜	サ
䣝	ズ:G タ デ ト:K
䣞	ガク
䣟	サン ソウ:K ソン ゾウ:G タイ:G テイ:K
䣡	ギ
䣢	サク:K ザク:G シャク:G セキ:K
䣣	トウ
䣤	カク:K キャク:G
䣥	ヒ
䣦	ルイ
䣧	ヨキ ヨク
䣨	チュン
䣩	シュン:K ジュン:G チュン
䣪	ハチ:G ハツ:K
䣫	リ
䣬	カ タイ:K ダイ:G
䣮	ハツ:K バチ:G
䣯	ソ
䣰	キャク キョ
䣱	ク
䣲	ハン
䣴	ク
䣵	ジ:K ニ:G
䣶	カツ:K ガチ:G
䣷	ショ
䣸	ゼン:K ダン:K ナン:G ネン:G
䣹	ハツ:K ボチ:G
䣺	ケン
䣻	カン:K コン:G
䣼	リョウ
䣽	タイ:G チ テイ:K
䣾	アン イン:K オン:G ベキ:K ミャク:G
䣿	ウ ク
䤁	イン シン:K ジン:G チン
䤂	バイ:K メ:G
䤃	アン イン:K オン:G
䤄	ベン:K メン:G
䤅	ズ:G ト トウ:K
䤆	キ:K ギ:G
䤇	シュ:G シュウ:K
䤈	ケイ
䤉	ヒチ:G ヒツ:K ビツ:K ミチ:G
䤊	ジ:K ジョウ ニ:G ニュ
䤋	イク
䤍	ハン バン:K ベイ マン:G メイ
䤎	キチ:G キツ:K ケチ:G ケツ:K ゴチ
䤏	ヒ:K ビ:G
䤐	シン
䤑	オウ
䤒	キ:K ケ:G ゲ
䤓	ボウ:K モ:G
䤔	サン セン:K ゼン:G
䤕	カク
䤖	ホウ:K ボウ:G
䤗	カン:K コン:G タン:K ドン:G
䤘	サン:K セン:G
䤙	ライ:G リャク:G レイ:K レキ:K
䤚	リ
䤛	キュウ
䤜	トン
䤝	キョウ:K グ:G
䤞	イン
䤟	チン
䤡	ゼン:K ネン:G
䤢	ハツ ヘチ
䤤	カイ
䤥	キ:K ギ:G
䤧	カイ:K ケ:G
䤨	ハク ヘキ
䤫	サン
䤬	サ:K シャ:G
䤭	シキ:G ショク:K
䤮	ショウ:K ジョウ:G
䤯	ケイ
䤰	ギョウ:G ケイ:K
䤱	セイ
䤳	シャ:K ジャ:G ヤ
䤴	カン:K ゲン:G コン
䤵	ヒ
䤶	アン エン:K オン:G ヨウ
䤷	エン
䤸	ショウ
䤹	シュ:G シュウ:K ス
䤺	キン:K ギン:K コン:G ゴン:G
䤻	タ:K タイ ダ:G デ
䤽	カン
䤾	トウ
䤿	ケチ:G ケツ:K
䥀	テン
䥁	カン
䥂	ボウ:K モ:G
䥃	ガク
䥄	ソ
䥅	キン
䥆	キン
䥈	ボ:K ボウ:K モ:G モウ:G
䥉	エン:K オン:G
䥊	ソウ
䥋	ヒョウ:G ホウ:K
䥌	ショウ
䥍	シ
䥎	シュン:K ジュン:G
䥏	ギョ:K ゴ:G
䥐	ボウ
䥒	キョウ:K ゴウ:G
䥓	キ:K ギ:G
䥔	ショク:K ソク:G
䥕	ヘツ
䥖	テン
䥗	カン
䥘	サク
䥙	スイ
䥚	ショ
䥝	イク オウ
䥞	キョウ
䥟	エチ:G エツ:K
䥠	シン
䥡	ジョウ:G チョウ:K
䥢	ロウ
䥣	サク
䥤	ハク:K バク:G
䥧	セン
䥨	リョ:K ロ:G
䥩	ビ:K ミ:G
䥪	ケン
䥫	テツ
䥬	ハク
䥭	ショウ
䥮	チク
䥯	ハ:K ハイ:K ヒ ヘ:G ベ:G
䥰	ボウ:K ミョウ:G
䥱	シャ
䥲	オウ
䥳	ユウ
䥵	キョウ チョウ
䥶	レキ
䥷	サツ:K セチ:G
䥸	ビ:K ミ:G
䦇	ケイ
䦈	サ:K シャ:G
䦊	ジョウ:K ニョウ:G
䦋	ゴウ
䦌	チュ
䦍	コツ:K ゴチ:G ゴツ
䦎	カン コウ
䦏	カイ:K ガイ:G ケイ ゲイ
䦐	チョウ:G テイ:K
䦑	ケチ:G ケツ:K
䦒	トウ:K ドウ:G
䦓	セン テン
䦔	タン
䦕	ヒョウ:G ホウ:K
䦖	カツ ケツ:K ゲチ:G
䦗	キョク ケキ
䦘	カン:K ゲン:G
䦙	シ:K ジ:G
䦚	カチ:G カツ:K ケチ
䦜	ゴ
䦝	カク
䦞	ジュン
䦟	オン
䦠	タク チョク トク
䦡	カン:K ガン:G
䦣	フ:G フウ:K
䦤	サイ:K セ:G
䦥	カン
䦦	キン
䦧	ゲキ
䦨	ラン
䦪	アツ:K エチ:G
䦫	イン エイ:K ヨウ:G
䦬	ケチ:G ケツ:K
䦭	コウ
䦮	チュン
䦯	ジ:G チ:K
䦰	キ キュウ
䦱	イ カイ:K ケ:G
䦲	エン ケン セン
䦳	キョウ:G コウ:K
䦴	エキ
䦹	シュウ:K ジュウ:G
䦺	チョウ:G テイ:K
䦻	シ
䦼	ケチ:G ケツ:K ヒキ:G ヒョク:K
䦽	ジョ
䦾	ユウ
䧁	ク:K グ:G
䧂	ショウ
䧃	テン:K デン:G
䧄	カク:K キャク:G
䧅	イ
䧆	グ:G コウ:K
䧇	イ:K エ:G
䧉	リ
䧊	コウ コク
䧋	ケン:K ゲン:G
䧌	スイ
䧍	ケキ
䧏	リュウ
䧐	カク
䧑	テイ
䧒	ライ
䧓	シュ:G シュウ:K
䧔	デン:K ネン:G
䧕	ヨク
䧖	セン:K ゼン:G
䧗	ヒョク ビキ
䧘	タン:K ダン:G テン:K デン:G
䧙	リョウ
䧚	コウ:K ゴウ:G
䧛	ビョウ:G ホウ:K ボウ
䧜	トウ
䧝	シ:K ジ:G チ
䧞	バ:K フウ:K ブ:G メ:G
䧟	カン:K ゲン:G
䧠	セン:K ゼン:G
䧡	ヨウ
䧢	オ オウ ク
䧣	イン
䧤	ホク
䧥	エ:G ケイ:K
䧦	イ キ
䧧	ギ
䧨	ギョウ:G ゴウ:K ヒュウ ホウ
䧪	ショウ
䧫	コウ:K ゴウ:G
䧬	ヒン
䧮	ケン:K コン:G
䧯	サン:K ザン:G
䧰	コン:K ゴン:G
䧱	キュウ
䧲	カン
䧳	シ
䧴	シ
䧵	チン
䧶	キ:K ギ:G
䧷	ジュウ ニュ
䧸	コ
䧹	オウ:K ヨウ:G
䧺	ユウ
䧻	コウ
䧼	コク
䧽	ア ガ スイ
䧾	ショ
䧿	サク シャク:G ジャク セキ:K
䨀	テキ
䨁	ブ:K ム:G
䨂	シュ:G シュウ:K
䨃	アン
䨄	アン:K オン:G
䨅	リョウ
䨆	ヘイ
䨇	ソウ
䨈	ヒン
䨉	ヨウ
䨊	エン
䨋	ギャク
䨌	ハク:K バク:G
䨍	エイ:K ヨウ:G
䨎	オウ
䨏	シ:K ジ:G
䨐	ギョウ:G コウ:K
䨑	ダイ:G テイ:K
䨒	ウ
䨓	ライ
䨕	ウ
䨖	セイ
䨗	フウ:K ブ:G
䨘	セン
䨚	コチ:G コツ:K
䨛	サク シャク:G セキ:K
䨜	ホウ
䨝	ショウ:G セイ:K
䨞	ウ ク:G コ:K
䨟	ワ
䨠	アイ
䨡	カン
䨢	タン
䨣	カク:K キャク:G ハク
䨤	ジャク:G テキ:K トク:K ドク:G
䨥	カク:K シャク:G セキ:K ワク:G
䨦	ホウ
䨨	イ タイ ツイ デ
䨩	レイ
䨪	バイ
䨫	バク
䨬	ラン
䨭	ショウ
䨮	セツ
䨯	チン
䨰	ハク
䨱	フク
䨲	ドウ:K ヌ:G バン:K マン:G
䨳	カン:K キ:K ケ:G ケン:G
䨴	タイ デ
䨵	タン:K ドン:G
䨷	セン
䨸	イン:K オン:G
䨹	シュク
䨺	タイ デ
䨻	ビョウ:G ホウ:K
䨼	コ:K ゴ:G
䨽	ヒ:K ビ:G
䨾	ヒ:K ビ:G
䨿	ソウ
䩀	ヒ:K ビ:G
䩁	ヒ
䩂	カン
䩃	シ:K ジ:G
䩅	テン
䩆	サン
䩇	タン テン
䩈	カイ
䩉	フ:G ブ ホ:K
䩊	エン:K オン:G ワチ ワツ
䩋	バ:K マ:G
䩌	ショウ
䩍	リョウ
䩏	ベツ:K メチ:G
䩐	キャク:G ケキ:K コチ:G コツ:K
䩑	コウ
䩒	ウ ク
䩓	キ:K ギ:G
䩔	サン タ:K ダ:G ハン:K バン:G
䩕	ギョウ:G ゴウ:K
䩖	サ:K シャ:G
䩗	ハ
䩘	テイ
䩙	ケン:K ゲン:G
䩚	タイ:G ダイ テイ:K
䩛	ヒ ヒツ:K ビチ:G
䩜	チュウ
䩝	ビョウ:G ホウ:K
䩞	チョウ
䩟	イ タイ:G テイ:K
䩠	チョウ:G テイ:K
䩡	コウ
䩢	セイ セチ:G セツ:K
䩣	ツ:G ト:K
䩤	キャク:G キョク:K ケキ:K ケチ:G ケツ:K コク:G
䩥	タン:K ダン:G テン
䩦	チョウ
䩧	ケチ:G ケツ:K
䩨	チョウ
䩩	ウン エン
䩪	カン
䩫	リョウ
䩬	ホ ホウ
䩭	キ
䩮	ロク
䩯	キョク コキ
䩰	シュウ
䩱	シュ:K ス:G ユ
䩲	ツ:G ト:K
䩳	シュ:G ソウ:K
䩴	コ:K ゴ:G
䩵	ウン カン:K ケン:G
䩶	ジ:G チ:K チョウ:G テイ:K テン
䩷	ホウ
䩸	ジョウ ニュ
䩹	カク:K ガク:G ギャク
䩺	オ オウ
䩻	ハ
䩼	ブ:G ホウ:K
䩽	ウ:G オ:K オウ
䩾	シャ
䩿	フン
䪀	カン
䪁	ヒョク ホク
䪂	カク:K キャク:G キョク コキ
䪃	トン
䪄	コウ
䪅	ショク
䪆	タイ:G テイ:K
䪇	ハク
䪈	ケン
䪉	リョウ
䪊	ル:G ロウ:K
䪋	イ:K ユイ:G
䪌	サン:K ザン セン:G
䪍	ラン
䪎	サイ:K スイ セ:G
䪏	ドウ:K ノウ:G
䪐	ヒ ヘ ヘイ ヘチ:G ヘツ:K
䪑	タ:K ダ:G
䪒	シュ
䪓	チョウ
䪔	フ:K ブ:G
䪕	キク ゴク
䪖	フウ:K ブ:G
䪗	カ:K ゲ:G
䪘	イ
䪙	ハク ビャク:G フウ:K ブ:G ヘキ:K
䪚	トウ
䪛	ハン:K ホン ボン:G
䪜	エン セン
䪝	コ:K ゴ:G ワク
䪞	ソウ:K ゾウ:G
䪠	サイ:G セイ:K
䪡	サイ:G セイ:K
䪣	セイ
䪤	ハン:K ボン:G
䪥	カイ:K ガイ:G
䪦	グ:G コウ:K
䪧	ジ:G チ:K
䪨	ハク
䪩	ギン
䪫	ギョウ:G コウ:K
䪬	ホチ ホツ
䪭	ゲン
䪮	シュ:G シュウ:K ソウ
䪯	エイ:K オウ ショウ:G ソウ:K ヨウ:G
䪰	イ
䪱	カイ:K ガイ:G
䪲	ゴチ:G ゴツ:K
䪳	イ イン
䪴	シン タン:K トン:G
䪵	ガ
䪶	ショ
䪷	ク:G コウ:K
䪸	ビン:K ミン:G
䪹	ハイ:K ヒ ベ:G
䪺	コウ
䪻	ハン:K ヘン:K ベン:G ボン:G
䪼	クチ コツ シュチ:G シュツ:K セチ:G セツ:K
䪽	コウ:K ゴウ:G
䪾	シン
䪿	シン
䫀	ケン:K コン:G テン
䫁	ヒ:K ビ:G
䫂	タ
䫃	シン
䫄	タチ:G タツ:K
䫅	サン
䫆	ギョウ:G ケイ:K ジョウ:G セイ:K
䫇	ゼン:K ネン:G
䫈	シン:K ジン:G
䫉	ボウ
䫊	ハイ
䫋	イ タイ デ
䫌	ヒ ヘイ
䫎	セチ:G セツ:K テチ:G テツ:K
䫏	キ
䫐	リン
䫑	イ
䫒	ボン:K モン:G
䫓	ゴ
䫔	アツ:K エチ:G ケイ ケチ:G ケツ:K
䫕	テチ:G テツ:K
䫖	シン:K ジン:G チン トン
䫗	カ:K ゲ:G
䫘	カチ:G カツ:K ガチ
䫙	ソウ
䫚	カ:K ケ:G
䫛	コウ ゴ
䫜	オウ:K ヨウ:G
䫝	フク
䫞	キョウ フン:K ブン:G
䫟	イン:K ウン オン:G コン:K ゴン:G
䫠	ヒ:K ビ:G
䫡	カン:K ガン ゲン:G
䫢	シ
䫣	ケイ ゲイ
䫤	ベイ ミョウ
䫥	カイ:K ガイ:K キ ケ:G ゲ:G
䫦	カイ コウ
䫨	ゴウ
䫩	サン
䫪	ショウ:G ソウ:K
䫫	ル:G ロウ:K
䫬	シン
䫭	エ:G カイ:K
䫮	サン:K ザン セン:G
䫰	リン
䫱	ジュ
䫲	カン:K コン:G ゴン
䫳	トク:K ドク:G
䫴	イン:K オン:G キン:K ギョウ:G ケイ:K ゴン:G
䫵	ベン
䫶	ハン:K フン:K ブン:G ホン ボン:G
䫷	ガク
䫸	チョウ トウ:K ドウ:G ニョウ
䫹	グ:G コウ:K
䫺	ギョウ:G コウ:K
䫻	イチ:G イツ:K
䫼	ケチ:G ケツ:K
䫽	ホウ
䫾	ヒキ:G ヒチ:G ヒツ:K ヒョク:K ヘチ:G ヘツ:K ベチ
䫿	チョウ
䬀	ウ:G ユウ:K
䬁	イ
䬂	カチ ケツ
䬃	サツ
䬄	キチ:G キツ:K
䬅	キョウ リョウ
䬆	リ リチ:G リツ:K レイ
䬇	エン
䬈	タイ:K テ:G
䬉	カク
䬊	ソウ
䬋	ロウ
䬌	ヒュ ヒュウ
䬍	クチ クツ コチ:G コツ:K
䬎	カク:K キャク:G キョク ケキ
䬏	フ:G フウ:K ブ:G ホウ:K
䬐	イ エ:G ズイ ニ ワイ:K
䬑	イ イチ:G イツ:K ウチ:G ウツ:K
䬒	シュ:G シュウ:K ショウ
䬓	アン
䬔	ユ
䬕	コウ
䬖	コウ
䬗	ヨウ
䬘	キョウ:G コウ:K
䬙	ヨウ
䬚	ハン
䬛	ヒチ:G ヒツ:K
䬜	チ
䬝	オウ:G コウ:K
䬞	ジュ チュウ トウ:K ドウ:G
䬟	リュウ:K ル:G
䬠	ヒ
䬡	ショ
䬢	トウ
䬣	キ キツ:K コチ:G
䬤	サン:K セン:G
䬥	イ
䬦	ズ:G セチ:G セツ:K トウ:K
䬧	ガン:K ゲン:G
䬨	キュウ:K ク:G
䬩	サイ
䬪	ハク
䬫	タイ:G ダイ テイ:K
䬬	エイ:K オウ ヨウ:G
䬭	トウ
䬮	イ
䬯	ゼン:K ダン:K デン ナン:G ネン:G
䬰	ショウ:K ジョウ:G
䬱	ホン:K ボン:G
䬲	ク:G コウ:K
䬳	ハン
䬴	マツ
䬵	アイ カイ
䬶	ゴン
䬷	シャ ダ:K ナ:G
䬸	サン
䬹	チチ:G チツ:K
䬺	ヨウ
䬻	セン
䬼	エン
䬽	キ ズイ セ:G セイ:K ニ ライ レ
䬾	ダイ:G テイ:K
䬿	バツ:K ビ:K マチ:G ミ:G
䭀	シン
䭁	セイ セチ:G セツ:K
䭂	イチ:G イツ:K オウ:K ユウ ヨウ:G
䭃	ジョウ:K ジン:K ニョウ:G ニン:G
䭄	シ:K ジ:G
䭅	ク:G グ コ:K
䭆	ダク ニャク
䭇	エチ:G エツ:K
䭈	ケン:K コン:G セン
䭉	イ スイ
䭊	エイ:K オウ ヨウ:G
䭋	ホウ
䭌	コ
䭍	コ:K ゴ:G
䭎	ヨウ
䭐	オウ:K ヨウ:G
䭑	カン ケン:K ゲン:G レン
䭒	ショク ソキ
䭓	ゴン
䭔	タイ:K テ:G
䭕	サン:K ザン セン:G
䭖	ショ
䭗	エイ:K ヨウ:G
䭘	エイ:K ヨウ:G
䭙	シン
䭚	ジョウ:G トウ:K
䭛	タン
䭝	カイ:K ケ:G
䭞	エキ:K ヤク:G
䭟	ヨウ
䭠	ケン
䭡	オン
䭢	ドウ:K ニョウ:G
䭣	シ
䭤	ケン
䭥	ヨウ
䭦	ハク
䭧	ビ:K ミ:G
䭨	エ:G エイ キ ケイ:K スイ:K ズイ:G セイ ニ
䭩	バ:K マ:G
䭫	ケイ
䭬	ケイ
䭭	シュ:G シュウ:K
䭮	フツ ブチ
䭯	ホチ ホツ
䭰	ブ:G ホウ:K
䭱	ヘチ:G ヘツ:K
䭲	イ
䭳	ギ
䭴	カイ:K カン ガイ:G ケン:K ゲン:G
䭵	ハン:K ヘン:K ベン:G ボン:G
䭶	キ
䭷	ボウ:K モウ:G リョウ
䭸	フ:K ブ:G
䭹	ゴウ
䭺	ゴウ
䭻	フン
䭼	キ
䭽	グン
䭿	イチ:G イツ:K テツ:K デチ:G
䮀	ハク
䮁	ヘン
䮂	ハツ:K バチ:G
䮃	ク
䮄	ケン:K ゲン:G
䮆	ヒ
䮇	イツ
䮈	チ
䮉	リョ:K ロ:G
䮊	イ
䮋	レツ
䮌	キュウ
䮍	ジョウ
䮎	キ:K ケ:G
䮏	ゴ
䮐	ケイ
䮑	ラ ライ ラチ:G ラツ:K レ
䮒	フ:G ホ:K
䮓	タク チョウ:G チョク トウ:K
䮔	スイ
䮕	テチ:G テツ:K
䮖	ショウ
䮗	ガン:K ゲン:G
䮘	ゲイ
䮙	イキ:G キョク ケキ ヨク:K
䮚	リョウ:K ロウ:G
䮛	フ
䮜	ソウ:K ゾウ:G ヨウ
䮝	キ コン:K ゴン:G
䮞	シュン
䮟	シュウ ソウ
䮠	ヒキ:G ヒョク:K
䮡	ハク:K ヒツ:K ビチ:G ホク:G
䮢	ショウ:G ソウ:K ゾウ
䮣	ソウ
䮤	カク:K ガク:G
䮥	レキ
䮦	キョウ
䮧	カン:K ガン:G
䮨	サイ
䮩	クチ コツ
䮪	ショウ:K ジョウ:G
䮫	リョ:K ル:G ロ:G ロウ:K
䮬	バク:K マク:G
䮭	ベキ:K ミャク:G
䮮	バク:K ミャク:G
䮯	ゴウ
䮰	タク:K チャク:G
䮱	ジク:G チク:K
䮲	コウ
䮳	ハン:K ボン:G
䮴	トウ:K ドウ:G
䮵	ズ:G トウ:K
䮶	シュウ
䮷	ショク:K ゾク:G トク:K ドク:G
䮸	アク カク ヨク
䮹	エ:G ケ:G ケイ:K ワイ:K
䮺	セイ
䮻	トウ
䮼	リン
䮽	ヒョウ
䮾	ブ:G ホウ:K リュウ リョウ ル:G ロウ:K
䮿	ケン
䯀	ジョウ
䯂	シュウ:K シン ジュウ:G
䯆	ヨク
䯇	カチ:G カツ:K クチ コツ
䯈	ガン
䯉	アツ:K エチ:G オチ:G オツ:K
䯊	カ:K ケ:G
䯋	カチ:G カツ:K ハイ:K ハツ:K バチ:G ベ:G
䯌	コウ
䯍	リョウ:G レイ:K
䯎	カン
䯏	カチ:G カツ:K ゲチ
䯐	ガイ
䯑	コウ
䯒	ギョウ:G コウ:K
䯓	ケ:G ケイ:K
䯔	セキ
䯕	チョウ:G テイ:K
䯖	ロウ
䯗	バイ ヘイ
䯘	カン:K ガン:G
䯙	ハク フ
䯚	キョウ:K ギョウ:G ショウ ヨウ
䯛	ワン
䯜	シャク:G セキ:K タク チャク:G テキ:K
䯝	スイ
䯞	カ:K ケ:G
䯟	タイ デ
䯠	オウ
䯡	ケン
䯢	バ:K マ:G
䯣	カイ:K キ ケ:G
䯤	カイ:K ケ:G
䯥	ガン キュウ:K コウ:G ゴン
䯦	バツ:K マチ:G
䯧	キョウ:G ケイ:K
䯨	コウ
䯪	コウ
䯫	コウ
䯬	タ
䯭	セン
䯮	ダイ:K ドウ:K ナイ:G ノウ:G
䯯	サ
䯰	カイ
䯱	ハイ:K ヒ フ:K ブ:G ヘ:G
䯲	ハ:K ヘ:G
䯳	ショウ
䯴	ジョウ:G チョウ:K
䯵	ガチ ガツ
䯷	シュ:G シュウ:K
䯸	シ
䯹	セン
䯺	カツ
䯽	フ ブ:G ホウ:K
䯾	シュ:G シュウ:K ジュ チュウ チョウ
䯿	カイ:K ゲ:G サイ:K セ:G ソチ:G ソツ:K
䰀	ワ
䰁	ヒ ホク
䰂	サイ
䰃	ビョウ:G ホウ:K ボウ
䰄	サイ シ
䰅	シュ
䰆	ジュウ ニュ
䰇	キ
䰈	サ スイ
䰉	ハン:K バン:G ヘン
䰊	ハク
䰋	バン
䰌	シュ:K ショウ:G ス:G ソウ:K
䰍	キュウ シ
䰎	キ
䰏	サイ:G ザイ セイ:K セチ:G セツ:K
䰐	ラン
䰑	シュ
䰒	ボウ:K モ:G
䰓	ベン:K メン:G
䰔	ハン
䰕	リョ:K ロ:G
䰖	サン
䰗	キュウ:K ク:G
䰘	キョウ リャク:G リュウ:K ル:G レキ:K
䰙	キ:K ギ:G
䰚	ギ ブン:K モン:G
䰛	レキ
䰜	レキ
䰝	ショウ:G ソウ:K
䰞	シャ ショ
䰟	コン
䰠	シン:K ジン:G
䰡	チ チチ:G チツ:K
䰢	ギョウ:G コウ:K
䰣	ボウ
䰤	ツ:G トウ:K
䰥	イキ:G コク ヨク:K ワク
䰦	ヘイ
䰧	ク:G コ:K
䰨	ビ
䰩	シャ ツ:G ト:K
䰫	キョウ ジョウ:G ソウ:K
䰬	キツ ギチ
䰭	レイ
䰯	ギ:K ゲ:G
䰰	ジュ ドウ:K ニュ ヌ:G
䰱	リョウ
䰲	アツ:K エチ:G
䰴	キツ:K コチ:G
䰷	ホウ:K ボウ:G
䰸	ク:G コウ:K ツ:G トウ:K
䰹	ソク
䰺	カイ
䰻	ギョ
䰼	キン:K ギン ゴン:G サン:K ザン:G シン:K ジン:G
䰽	ハイ
䰿	タ
䱀	オウ:K ヨウ:G
䱁	キョウ:K ギョウ:G
䱂	イク ウ:G ユウ:K ヨウ
䱃	ジチ:G チツ:K
䱅	バツ:K ベツ:K マチ:G メチ:G
䱆	ヨウ
䱇	セン
䱈	キ シ
䱉	ショ
䱊	ベイ メイ
䱋	キョウ:G ク コウ:K
䱌	イ
䱍	コウ
䱎	コウ
䱏	ズ ツ:G トウ:K
䱐	ヒュウ フ:K フウ ブ:G
䱑	セツ:K ゼチ:G
䱒	ヨウ
䱓	ジョウ:G チョウ:K テイ
䱔	ショウ チュウ チョウ ユウ
䱕	バイ:K ボウ:K ム:G メ:G
䱖	リュウ:K ル:G
䱘	リ
䱙	シュク
䱚	リョク:K ロク:G
䱛	エキ キョク ケキ
䱜	サク:K シャク:G
䱝	ハイ:K バイ:G ヒ
䱞	ダイ:K ナイ:G
䱟	キョ:K コ:G
䱠	サン:K ゼン:G
䱡	キク キョク:K コク:G
䱢	ショウ:G ソウ:K
䱣	シュチ:G シュツ:K
䱤	カン ケン:K ゲン:G
䱥	セイ
䱧	セン
䱨	セイ
䱫	ラツ
䱬	ショ
䱭	コウ
䱮	ガク ギャク
䱯	ボ:K モ:G
䱰	トウ
䱱	タイ:G ダイ テイ:K
䱲	エン
䱳	テン
䱵	オ オウ
䱶	ロウ
䱷	ギョ
䱸	シュ:G シュウ:K
䱹	サ
䱺	カイ:K ガイ:G
䱻	カツ:K ゲチ:G コチ:G コツ:K
䱼	セン テン
䱽	ショウ
䱾	ル:G ロウ:K
䱿	サン:K セン:G
䲀	シ
䲁	イ
䲂	セン
䲃	サ ジョウ:G ソウ:K
䲄	ビン
䲅	キ
䲆	セン ソ
䲉	シ
䲊	イ:K キ タ ユイ:G
䲋	シン
䲌	カン
䲍	トウ
䲏	ロウ
䲐	ル:G ロ:K
䲑	ギ
䲒	カイ:K ゲ:G
䲓	ゲン
䲔	キョウ:G ギョウ:G ケイ:K ゴウ:K
䲕	フ:G ホ:K
䲖	ジュ チュウ
䲗	カン:K ガン:G
䲙	セチ:G セツ:K
䲚	タチ:G タツ:K ライ
䲛	ボウ
䲜	ギョウ:G ゴウ:K
䲥	キュウ:K ク:G
䲦	タイ:G ダイ テイ:K
䲧	ズ:G ト:K
䲨	グ:G コウ:K
䲩	シ
䲪	キ
䲬	キ:K ギ:G シ
䲭	シ:K ジ:G
䲮	ガン:K ゲン:G
䲯	キュウ ゴウ
䲰	ウン
䲱	ホウ
䲲	ク:G コウ:K シュ:G シュウ:K
䲳	コウ:K ゴウ:G
䲴	チン
䲵	ジャク
䲷	キョウ
䲸	カイ
䲹	ヒ:K ビ:G
䲺	カン:K コン:G
䲻	エン ケン:K ゲン:G
䲼	ショウ:G ソウ:K
䲽	ジャク:G セキ:K チョウ:G トウ:K
䲾	キョウ:G コウ:K
䲿	ジ
䳀	イチ:G イツ:K テツ:K デチ:G
䳁	ハツ:K バチ:G
䳂	キョウ ジョウ:G チョウ:K
䳃	エン:K オン:G
䳄	シ
䳅	キ シ
䳆	ハク:K ビャク:G
䳇	ム
䳈	ホウ
䳉	タン:K ツ:G トウ:K トン:G
䳊	ハツ
䳋	キョウ ジュ ズ:G チュウ トウ:K
䳌	ケン
䳍	キョウ:K ク:G
䳎	キュウ:K グ:G
䳏	キ:K ケ:G ケイ ケチ:G ケツ:K ケン
䳐	シ
䳑	イウ イク ウ:G ユウ:K
䳒	エン
䳓	ロウ
䳔	キク キュウ:K キョク:K グ:G コク:G
䳕	フ:K フウ ブ:G
䳖	ジョウ:K ニョウ:G
䳗	ガ
䳘	ガ
䳙	キョウ:G ケイ:K
䳚	カイ カチ:G カツ:K カン
䳛	アン:K エン:G
䳜	ヨ
䳝	フ ブ:G ホウ:K
䳞	フ ブ:G ホウ:K
䳟	ミョウ:G メイ:K
䳠	スイ:K ズイ:G チュ
䳡	スイ
䳢	キ:K ギ:G
䳣	エン
䳤	ヘチ:G ヘツ:K
䳦	カン:K ケン:G セン
䳧	コウ
䳨	オウ
䳩	ヨウ
䳪	セン タン
䳫	キ:K ギ:G
䳬	ギャク ゲキ
䳭	シキ:G シャク:G ショク:K セキ:K
䳮	バク:K ベキ ミャク:G
䳯	シュ:G ショウ:K ジュ チョウ
䳰	ホウ
䳱	ボク
䳲	シン
䳳	シュチ:G シュツ:K
䳴	トウ:K ドウ:G
䳵	チョク
䳶	ケイ
䳷	ショウ:K ジュ:G
䳸	バイ:K メ:G
䳺	アン:K オン:G
䳻	サン:K ザン:G
䳼	オウ
䳽	カク
䳾	トウ
䳿	ゼン:K ネン:G
䴀	ズ:G トウ:K
䴁	グ
䴂	ショウ:K ゾウ:G
䴃	ドウ:K ニョウ:G
䴄	シュン
䴅	フン:K ブン:G ホン
䴆	ホク:K ボク:G
䴇	リョウ:G レイ:K
䴈	オウ
䴉	カン ケン:K ゲン:G セン:K ゼン:G
䴊	ギ
䴋	カン:K ゲン:G セン:K ゼン:G
䴌	ボウ
䴍	オウ:K ヨウ:G
䴎	ライ ルイ
䴏	エン
䴐	ホウ
䴑	ジョウ:G チョウ:K
䴒	レイ
䴚	コウ
䴛	ショウ
䴜	カイ ワイ
䴝	サイ:K セ:G
䴞	ジャク:G テキ:K
䴟	カン:K ガン:G
䴠	オウ:K ヨウ:G
䴡	リ レイ
䴣	ク:G コ:K
䴤	ショウ:G ソウ:K
䴥	カ
䴦	ギン:K ゴン:G
䴧	イ
䴩	ヒョウ:K ビョウ:G
䴪	ロク
䴫	レイ
䴬	ヨキ ヨク
䴭	サイ:K ザイ:G
䴮	サン:K セン:G
䴯	コチ:G コツ:K
䴰	ショウ ゾク
䴱	タ
䴲	バツ:K マチ:G
䴳	カツ:K ゲチ:G
䴴	チョウ デン:K ネン:G
䴵	ヘイ
䴶	ブ:G ホウ:K
䴷	カン:K ガン ゲン:G コン:K ゴン:G
䴸	フ
䴹	カ:K ゲ:G コン:K ゴン:G ラ
䴺	ブ:G ホウ:K ホツ:K ボチ:G
䴻	リ
䴼	サン:K セン:G
䴽	ヒ:K ビ:G
䴾	サ:K ザ:G シ
䴿	ボウ:K モ:G
䵀	サ
䵁	ショウ:G ソウ:K
䵂	ジャク:G タク:K チャク:G テキ:K
䵃	オウ:G コウ:K
䵄	フウ ホウ
䵅	ゴウ
䵆	ボウ
䵇	サン
䵈	コク
䵉	トウ
䵊	タン
䵋	イ カイ:K ケ:G
䵌	ケン
䵍	トン
䵎	タン
䵏	ロウ
䵐	セン
䵒	ジツ:K ニチ:G
䵓	リ
䵔	ツ:G トウ:K
䵕	キョ:K コ:G
䵖	キン ケン
䵗	ヒキ:G ヒョク:K ホク:K ボク:G
䵘	サ:K サイ:K シャ:G セ:G
䵙	タ
䵚	トウ
䵛	ケン
䵜	ドウ:K ヌ:G
䵝	アイ アツ:K アン:K イ:K エ:G エチ:G エン:G
䵞	ケイ
䵟	カン
䵠	シャク チャク:G テキ:K
䵡	ケン
䵢	バイ:K マイ:G メ
䵣	タチ:G タツ:K
䵤	ケン:K ゲン:G テン
䵥	ウチ:G ウツ:K
䵦	シャ:K ジャ:G
䵧	サイ
䵨	ボウ:K モウ:G
䵩	ライ:G レイ:K
䵪	コン
䵫	ウチ:G ウツ:K クン
䵬	トウ:K ドウ:G
䵭	シャ
䵮	ショウ ヨウ
䵯	トン
䵰	ショウ:G ソウ:K
䵱	キ キョク コキ シャク:G セキ:K
䵲	ショウ
䵳	エ:G カイ:K ケ:G ワイ:K
䵴	ソウ:K ゾウ:G ヨウ
䵵	サチ:G サツ:K セチ:G セツ:K
䵶	ク:G グ コウ:K
䵷	ア アイ エ:G カ:K カイ:K ゲ:G ワ ワイ
䵸	シュウ
䵹	チ
䵺	チョウ:G テイ:K
䵻	セイ
䵼	ショウ
䵽	ソウ
䵾	フ:K ブ:G
䵿	チョウ
䶀	コウ トウ:K ドウ:G
䶁	トウ
䶂	シャク チャク:G テキ:K ヒョウ:G ホウ:K
䶃	カン コン:K ゴン:G
䶄	ビョウ:G ヘイ:K
䶅	カク ラク
䶆	スイ
䶈	ハク
䶉	リュウ
䶊	ジク:K ニク:G
䶋	キュウ:K コウ:G
䶌	ヒョウ:G ホウ:K
䶍	テイ
䶎	コウ
䶏	キ タイ:G テイ:K
䶐	エ:G カイ:K ケ:G ワイ:K
䶑	タイ:G テイ:K
䶒	サイ:G ザイ セイ:K
䶓	サイ:G セイ:K
䶔	ジ:G チ:K
䶕	ハ:K ヘ:G ベ
䶖	キン:K ゴン:G
䶗	カ:K ケ:G
䶘	リュウ ロウ
䶙	キョ:K ク:G コ:K ゴ:G
䶚	ク
䶛	ラチ:G ラツ:K レチ:G レツ:K
䶜	カク コク:K ゴク:G
䶝	ギョウ:G コウ:K
䶞	キ:K ギ:G
䶟	カン:K ゲン:G
䶠	カン:K ガン ゲン:G コウ
䶡	シツ:K ジチ:G
䶢	カン
䶣	カイ:K ガイ:G
䶤	カツ:K ゲチ:G
䶥	ショ:G ソ:K
䶦	サク ジャク
䶧	ギョウ:G ゴウ:K
䶨	サン
䶩	ザイ:G セイ:K
䶪	サツ:K セチ:G
䶫	ガン:K ゲン:G
䶬	ケン ゲチ:G ゲツ:K チョウ
䶯	キ
䶰	ショウ:K ジョウ:G
䶱	シュ:G シュウ:K ズ:G トウ:K
䶳	ヤク
䶴	スイ
䶵	ジ:G チ:K
一	イチ:G イツ:K
丁	チョウ:G テイ:K トウ:K
丂	コウ:GK
七	シチ:G シツ:K
丄	ショウ:K
丅	カ:K
万	バン:K ボク:K マン:G モク:G
丈	ジョウ:G チョウ:K
三	サン:GK シン
上	ショウ:K ジョウ:G
下	ア カ:K ゲ:G
丌	キ:K
不	ヒ フ:G フウ:K フツ:K ブ:G ブチ ホチ:G ホツ
与	アイ ヨ:GK
丏	ベン:K メン:G
丐	カイ:GK カチ:G カツ:K
丑	チュ チュウ:GK
丒	チュウ:GK
且	シャ:GK ショ:K ソ:G ゾ
丕	ヒ:GK
世	セ:G セイ:K
丗	ジュウ セイ:K
丘	キュウ:K ク:G
丙	ヒョウ:G ヘイ:K
业	ホク
丞	ショウ:K ジョウ:G
丟	チュウ
丠	キュウ:K ク:G ハ
両	リョウ:GK
丢	チュウ
丣	ユウ:K
两	リョウ:GK
並	ハン:K バン:G ビョウ:G ヘイ:K ホウ:K ボウ
丨	コン:GK シ ジョ:K ニョ:G
丩	キュウ:K キョウ:K ギョウ:G ク:G
个	カ:GK カン コ:T
丫	ア:K
丬	ショウ:K ゾウ:G
中	ジュウ チュ チュウ:GK
丮	キャク:G ケキ:K
丯	カイ:K
丰	フ:G フウ:G ブ:G ホウ:K ボウ
丱	カン:K ギョウ:G ケン:G コウ:K
串	カン:K ガン:G セン:GK
丳	サン:K セン:G
丵	サク:K ザク:G
丶	チュ
丸	カン:K ガン:G
丹	タン:GK
为	イ
主	シュ:K ス:G
丼	ショウ:G セイ:K タン:K トン:G
丽	レイ
丿	エイ:K ヘチ:G ヘツ:K ヨウ:G
乀	フツ:K ブチ レチ:G レツ:K
乁	イ:GK
乂	ガイ:K ゲ:G
乃	アイ ダイ:K ナイ:G ノ:G
久	キュウ:K ク:G
乆	キュウ
乇	タク:GK チャク:G
么	ヨウ
义	ギ
之	シ:GK
乍	サ:K サク ジャ:G
乎	オ:G コ:K ゴ:G
乏	ホウ:K ボウ:G
乑	ギン:K ゴン:G シュウ:K ハン:K
乒	ヘイ
乓	ホウ
乔	ケ:G ケイ:K
乕	コ:K
乖	カイ:K ケ:G
乗	ショウ:K ジョウ:G
乘	ショウ:K ジョウ:G
乙	イツ:K オツ:G
乚	イン:K オツ:G オン:G
乜	バ:K メ:G
九	キュウ:K ク:G グ
乞	キ:K キツ:K ケ:G コチ:G コツ:G
也	イ:K エ:G ヤ:GK
乢	ガイ
乣	キュウ
乨	シ:GK
乩	ケイ:K
乪	ドウ:K ノウ:G
乫	ドウ:K ノウ:G
乱	ラン:GK ロン:T
乳	ジュ:K ニュ ニュウ:G
乴	セツ:K ゼチ:G
乵	エン
乹	カン:GK ケン:K
乾	カン:GK ケン:K ゲン:G
乿	ジ:G チ:K
亀	キ:GK キュウ:K キン:K ク:G コン:G
亁	ケン
亂	ラン:GK ロン:T
亃	リン
亄	イ
亅	カチ ケツ:K
了	リョウ:GK
予	シャ ショ:K ジョ:G チョ ヨ:GK
争	ショウ:G ソウ:K
亊	ジ:G ズ
事	シ:K ジ:G ズ
二	ジ:K ニ:G
亍	カン チク チュ チョク:GK
于	ウ:GK キョ ク:G コ:K
亏	ウ
亐	ウ
云	ウン:GK
互	コ:K ゴ:G
亓	キ
五	ゴ:GK
井	ショウ:G セイ:K
亖	シ:GK
亗	サイ:G
亘	カン:K ガン:G コウ:GK セン:GK
亙	コウ:GK
些	サ:G サイ:G シャ:K セイ:K
亜	ア:K アク オウ
亝	セイ:K
亞	ア:K アク オウ
亟	キ:K キョク:K コキ
亠	ズ:G トウ:K
亡	ブ:K ボウ:K ム:G モウ:G
亢	キョウ コウ:GK
亣	タイ
交	キョウ:G コウ:K
亥	カイ:K ガイ:G
亦	エキ:K ヤク:G
亨	キョウ:GK コウ:GK ヒョウ:G ホウ:K
享	キョウ:K コウ:G
京	キョウ:G キン:T ケイ:K ゲン
亭	チョウ:G チン:T テイ:K
亮	リョウ:K
亯	キョウ:K コウ:G
亰	キョウ:G ケイ:K ゲン
亱	ヤ
亲	シン ヨウ
亳	ハク:K バク:G
亴	ギュウ グ
亶	セン:K ゼン:G タン:GK テン
亷	レン
亹	ビ:K ボン:K ミ:G モン:G
人	ジン:K ニン:G
亻	イ
亼	シュウ:K ジュウ:G
亾	ボウ
什	シュウ:K ジュウ:G
仁	ジン:K ニ:G ニン:G
仂	リキ リョク ロク:GK
仃	テイ:K
仄	シキ:G ショク:K ソク:K
仅	フ
仆	フ:GK ホク:K
仇	キュウ:K ク:G チュウ
仈	ハチ:G ハツ:K
仉	ショウ
今	キン:K コン:G
介	カイ:K
仌	ヒョウ
仍	ジョウ:K ニョウ:G
从	ショウ:K ジュウ:G
仏	ヒツ:K ビチ:G フツ:K ブチ:G ブツ:G ホツ:K ボチ:G ボツ
仐	サン
仔	サイ シ:GK
仕	シ:K ジ:G
他	タ:GK
仗	ジョウ:G チョウ:K
付	フ:GK
仙	セン:GK
仚	ケン:GK
仛	タ:GK タク:GK ダク
仜	グ:G コウ:K
仝	ドウ
仞	ジン:K
仟	セン:GK
仠	カン:GK ガン:G
仡	キツ:K ギツ:K ゴツ
仢	シャク ジャク:G テキ:K ハク:K バク:G
代	タイ:K ダイ:G
令	リョウ:G レイ:K
以	イ:GK シ:K ジ:G
仧	チョウ
仨	サ
仫	ムー
仭	ジン:K ニン:G
仮	カ:K カク ケ:G ハン
仯	ショウ:G ソウ:K ビョウ:K ミョウ:G
仰	ギョウ:K コウ:K ゴウ:G
仱	キョウ キン:K ケン:K ゲン:G ゴン:G
仲	チュウ:K
仳	ヒ:GK ビ:G
仴	ガチ ガツ
仵	ゴ:GK
件	ケン:K
价	カイ:K
仸	ヨウ
仹	フウ
仺	ソウ
任	ジン:K ニン:G
仼	キョウ:G コウ:K ゴウ
份	ヒン:GK フン:GK
仾	テイ:K
仿	ホウ:GK ボウ:G
伀	シュ:G ショウ:K
企	キ:GK
伂	ハイ:GK
伃	ヨ:GK
伄	チョウ
伅	トン:K ドン:G
伆	ブツ:K ブン:K モチ:G モン:G
伇	エキ:K ヤク:G
伈	シン:GK
伉	コウ:GK
伊	イ:GK
伋	キュウ:K ゴウ ハ
伌	ア アイ:K
伍	ゴ:GK
伎	キ:K ギ:G シ
伏	フウ フク:K ブク:G ホク
伐	ハツ:K バツ
休	キュウ:K ク:G
伒	キン:K コン:G
伓	ハイ:K ヒ ヘ:G
伔	ジン:G チン:K
伕	フ
伖	ド:K
众	ギン:K ゴン:G
优	ウ:G ユウ:K
伙	カ
会	エ:G カイ:K カチ:G カツ:K
伛	ウ
伜	サイ:GK ソツ:K
伝	テン:K デン:G
伨	ジュン
伭	ケン
伮	ド:K
伯	ハ:K ハク:K バク:G
估	コ:K
伱	ジ:K
伲	ジ
伳	セツ:K
伴	ハン:K バン:G
伵	キョク:K シ
伶	リョウ:G レイ:K
伷	チュウ:K
伸	シン:GK チン
伹	ショ:K タン
伺	シ:GK
伻	ホウ:K
似	シ:K ジ:G
伽	カ ガ キャ:K
伾	ハイ ヒ:GK
伿	イ シ
佀	ジ:G
佁	アイ イ シ:K ジ:G タイ:G チ:K
佂	ショウ:G セイ:K
佃	テン:K デン:G
佄	カン
佅	バイ:K バツ:K マチ:G メ:G
但	タン:K ダン:G
佇	チョ:K
佈	フ:G ホ:K
佉	カ キャ キョ:K コ:G
佊	ヒ
佋	ショウ:K ジョウ:G
佌	シ:GK
位	イ:GK
低	テイ:K
住	ジュ ジュウ:G チュ
佐	サ:GK
佑	ウ:G ユウ:K
佒	オウ:K ヨウ:G
体	タイ:G テイ:K ホン:K ボン:G
佔	セン:GK テン:GK
何	カ:K
佖	ヒツ:K ビチ:G
佗	イ タ:GK ダ:G
佘	シャ:K ジャ:G
余	ヤ ヨ:GK
佚	イチ:G イツ:K テツ:K デチ:G
佛	ヒツ:K ビチ:G フツ:K ブチ:G ブツ:G ホツ:K ボチ:G ボツ
作	サ:GK サク:GK ショ:G ソ:K
佝	ク:G コウ:K
佞	デイ ネイ:K
佟	ズ:G トウ:K
你	ジ:K ニ:G
佡	ケン
佢	キョ
佣	ヨウ
佤	ワ
佨	ホウ
佩	ハイ:K
佪	エ:G カイ:K
佫	カク:K キャク:G
佬	リョウ:K ロ ロウ:G
佭	コウ:K ゴウ:G
佮	コウ:GK
佯	ヨウ:GK
佰	ハク:K バク ヒャク:G
佱	ホウ:GK
佲	メイ
佳	カ カイ:K ケイ
佴	ジ:K ダイ:K ナイ:G ニ:G
併	ヘイ:K
佶	キツ:K ゴチ
佷	ギン:K コウ:K コン:K ゴウ:G ゴン:G
佸	カツ:K ガチ:G
佹	キ:GK
佺	セン:GK
佻	ジョウ:G チョウ:K ヨウ
佼	キョウ:G コウ:K
佽	シ:GK
佾	イツ:K
使	シ:GK
侀	ギョウ:G ケイ:K
侁	シン:GK
侂	タク:GK
侃	カン:GK
侄	シチ:G シツ:K テツ
侅	カイ:GK ガイ:G
來	ライ:GK リキ リョク
侇	イ
侈	イ シ:GK シャ セ
侉	ア カ:K ケ:G
侊	コウ:GK
例	レイ:K レツ
侌	イン:K
侍	シ:K ジ:G
侎	ビ:K ミ:G
侏	シュ:K チュ チュウ
侐	キ キョク:K ケキ
侑	ウ:G ユウ:K
侒	アン:GK
侓	リツ ロツ:K
侔	ボウ:K ム:G
侕	ジ:K ニ:G
侖	リン:GK ロン
侗	ズ ツ トウ:K ドウ:G
侘	タ:K
侙	チキ:G チョク:K
侚	シュン:K ジュン:G
供	キョウ:K ク:G グ
侜	チュ チュウ
依	イ:K エ:G
侞	ジョ:K ニョ:G
侟	セン:GK
侠	キョウ:K
価	カ:K ケ:G
侫	ニョウ:G ネイ:K
侭	シン:K ジン:G
侮	ブ:K ム:G
侯	コウ:K ゴ
侰	キン
侱	チョウ:G テイ:K
侲	シン:GK
侳	サ
侴	チュウ
侵	シン:GK
侶	リョ:K ロ:G
侷	キョク:K ゴク:G
侸	シュ:K ジュ:G ツ:G トウ:K
侹	ジョウ チョウ:G テイ:K
侺	シン:K ジン:G
侻	タイ:GK タチ:G タツ:K テ
侼	ホツ:K ボチ:G
侽	ダン:K
侾	キョウ:G コウ:K
便	ビン ヘン:K ベン:G
俀	タイ:K テ:G
俁	グ:GK ゴ
係	キ ケイ:K
促	サク ショク:K ソク:G
俄	ガ:GK
俅	キュウ:K グ:G
俆	ショ:GK ジョ:G
俇	キョウ:G コウ:K ゴウ
俈	コク:GK
俉	ゴ:K
俊	シュン:GK
俋	ジュウ:G チュウ:K ユウ:K
俌	フ:GK
俍	リョウ:K ロウ:G
俎	ショ:G ソ:K
俏	ショウ:GK
俐	リ:GK
俑	ツ:G トウ:K ユ:G ヨウ:K
俒	カン コン:K ゴン:G
俓	キョウ:G ギョウ:G ケイ:K ゲン ゴウ:K
俔	ケン:GK ゲン:G
俕	サン
俗	ショク:K ゾク:G
俘	フ:GK
俙	カイ:K キ ケ:G
俚	リ:GK
俛	フ:GK ベン:K メン:G
俜	ビョウ:G ヘイ:K
保	ホ:G ホウ:GK
俞	シュ チュウ ツ ヌ ユ
俟	キ シ:K
俠	キョウ:K コウ:G
信	シン:GK
俢	シュウ:K
俦	チュウ:K
修	シュ:G シュウ:K
俯	フ:GK
俰	カ:K ワ:G
俱	ク:GK グ
俲	コウ:K
俳	ハイ:K
俴	セン:K ゼン:G
俵	ヒョウ:GK
俶	シュク:GK テキ:K
俷	ヒ
俸	フ ブ:G ホウ:K
俹	ア
俺	アン エン:GK ヨウ
俻	ビ
俼	イク:GK
俽	キン:K コン:G
俾	ヒ:GK ヘイ:K
俿	ジ:G チ:K
倀	ジョウ:G チョウ:GK トウ:K
倁	ジ:G チ:K
倂	ヘイ:K
倃	キュウ:K グ:G
倄	エ:G カイ:K ギョウ:G コウ:K
倅	サイ:GK セ ソチ:G ソツ:K
倆	リョウ:K
倇	エン:K オン:G
倈	ライ
倉	ショウ ソウ:GK
倊	ス:G ソウ:K
個	カ:GK コ:T
倌	カン:GK
倍	ハイ:K バイ:G
倎	テン:GK
倏	シュク:GK
倐	シュク:GK
們	ボン:K メン モン:G
倒	トウ:GK
倓	タン:GK ダン:G
倔	クツ:K
倕	スイ:K ズイ:G ツイ
倖	ギョウ:G コウ:K
倗	ホウ:K ボウ:G
倘	ショウ:K トウ:GK
候	コウ:K ゴ
倚	イ:GK キ:GK
倛	キ:GK
倜	チャク:G チュ チュウ チョウ テキ:K
倝	カン:GK
倞	キョウ:G ギョウ:G ケイ:K リョウ:GK
借	シャ:GK シャク:G セキ:K
倠	キ
倡	ショウ:GK
倢	ショウ:K
倣	ホウ:GK ボウ
値	ジキ:G チ:K チョク:K
倥	ク:G コウ:K
倦	ケン:K ゲン:G
倧	ス:G ソウ:K
倨	キョ:K コ:G
倩	ショウ:G セイ:K セン:GK
倪	ガイ ゲイ:K ゲツ
倫	リン:GK
倬	タク:GK チョク
倭	イ:GK ワ:GK
倮	カ:K ゲ:G ラ:GK
倯	シュ:G ショウ:K
倰	リョウ:GK ロウ:GK
倱	コン:K ゴン:G
倲	ツ トウ:GK
倳	シ:K
倴	ホン
倵	ブ:K ム:G
倶	ク:GK グ
倷	ダイ:K ナイ:G
倸	サイ
倹	ケン:K ゲン:G
倻	ヤ
偀	エイ:K
偁	ショウ:GK
偂	セン:K
偃	エン:K
偄	ゼン ダ:K ダン:K ド ナ:G ナン:G
偅	シュ:G ショウ:K トウ
偆	シュン:GK
假	カ:K カク ケ:G ハン
偈	ケイ:K ケツ:K ゲ:G ゲチ:G
偉	イ:GK
偊	ウ:GK ク
偋	ヘイ
偌	ジャ ニャ
偍	ダイ:G テイ:K
偎	エ:G ワイ:K
偏	ヘン:GK
偐	ガン:K ゲン:G
偑	フ:G フウ:G
偒	トウ:K
偓	アク:GK
偕	カイ:K
偖	シャ:GK
偗	ショウ:G セイ:K
偘	カン
偙	タイ:G テイ:K
做	サ サク
偛	ソウ
停	チョウ:G テイ:K
偝	ハイ:K バイ:G
偞	キョウ チョウ ヨウ
偟	オウ:G コウ:K
偠	ヨウ:GK
偡	タン ダ
偢	ショウ
偣	アン:K エン:G
偤	ユ:G ユウ:K
健	ケン:K ゲン:G ゴン:G
偦	ショ:K
偧	タ
偨	シ
偩	フウ:K ブ:G
偪	ヒキ:G ヒツ ヒョク:K フク
偫	ジ:G チ:K
偬	ス:G ソウ:K
偭	ベン:K メン:G
偮	シュウ
偯	イ
偰	セチ:G セツ:K
偱	シュン
偲	サイ:GK シ:GK
偳	タン
側	シキ:G ショク:K ソク:K
偵	チョウ:G テイ:K トウ
偶	グ:G グウ ゴウ:K
偷	チュウ トウ
偸	チュウ ツ:G トウ:K
偹	ビ
偺	サン
偻	ロウ
偼	ショウ
偽	イ カ ガ:GK キ ギ:GK
傀	カイ:K キ ケ:G
傁	ス:G ソウ:K
傂	シ:K ジ:G チ
傃	ソ:K
傄	カツ:K ケチ:G
傅	デン フ:GK ブ
傆	カン:K ガン:G ゲン:K
傇	ジョウ ニュ
傈	リチ:G リツ:K
傉	ジョク ノク
傊	イン
傋	ク:G コウ:K
傌	バ:K メ:G
傍	ビョウ:G ホウ:K ボウ:G
傎	テン:GK
傏	トウ:K ドウ:G
傐	コウ:K ゴウ:G
傑	ケツ:K
傒	ケイ:K ゲイ
傓	セン:GK
傔	ケン:GK
傕	カク:GK
傖	ジョウ:G ソウ:K
傗	チク
傘	サン:GK
備	ヒ:K ビ:G
傚	コウ:K ゴウ:G
傛	ユ:G ヨウ:K
傜	ヨウ:GK
傝	タフ タン:K トウ トン:G
傞	サ:GK
傟	オウ:GK
傠	カ ハツ:K ボチ:G
傡	ヘイ:K
傢	カ:K
傣	タイ
傥	トウ
傪	サン:K
傫	ライ ルイ
催	サイ:K スイ
傭	チョウ ユ:G ヨウ:K
傮	シュウ:K ジュ:G ソウ:K ゾウ:G
傯	ソウ:K
傰	ホウ:GK ボウ:G
傱	シュ:G ショウ:K ソウ
傲	ゴウ:GK
傳	テン:K デン:G
傴	ウ:GK
債	サイ:K サク:K シャ:G シャク:G
傶	シャク:G セキ:K ソク
傷	ショウ:GK
傸	ショウ:G ソウ:K
傹	キョウ:G ギョウ:G ケイ:K コウ:K ゴウ
傺	テイ:K
傻	サ:K セ:G
傼	カン
傽	ショウ:GK
傾	キョウ:G ケイ:K
傿	イン エン:K オン:G
僀	テイ:K
僁	シチ:G シツ:K セチ:G セツ:K
僂	リュウ ル:GK ロウ:K
僃	ビ:G
僄	ヒョウ:GK
僅	キン:K ギン
僆	レン
僇	リク:K リュウ:K リョウ:GK ル:G ロク:G
僈	バン:K マン:G
僉	セン:GK
僊	セン:GK
僋	タン:K トン:G ラン
僌	ヨウ:GK
働	ドウ
僎	シュン:GK セン:K ゼン:G
像	ショウ:K ゾウ:G ヨウ
僐	セン:K ゼン:G
僑	キョウ:K ギョウ:G
僒	キン ギン
僓	カイ:K ガイ ケ:G ズイ:G タイ:K ツイ:K
僔	ソン:GK
僕	ホク:K ボク:G
僖	キ:GK
僗	ロウ
僘	ショウ:GK
僙	コウ:GK
僚	リョウ:GK
僛	キ
僜	ショウ チョウ:GK トウ:K ドウ:G
僝	サン:K セン:K ゼン:G
僞	イ カ ガ:GK キ ギ:GK
僟	キ:GK ゲ
僠	ハン
僡	ケイ:K
僢	セン:GK
僣	セン テチ:G テツ:K
僤	セン:K ゼン:G タチ:G タツ:K タン:K ダン:G
僥	キョウ:GK ギョウ:GK
僦	シュ:G シュウ:K
僧	ショウ:K ソウ:GK ゾウ:G
僨	フン:K ホン:G
僩	カン:K ケン:K ゲン:G
僪	イチ:G イツ:K キツ ギチ ケチ:G ケツ:K
僫	アク
僬	ショウ:K ジョウ:G
僭	シン:GK セン:GK
僮	ズ トウ:K ドウ:G
僯	リン:GK
僰	ホク:K ボク:G
僱	コ:K
僲	セン:GK
僳	ス
僴	カン
僵	キョウ:K コウ:G
僶	ビン:K ミン:G
僷	ヨウ
僸	キン:K ギン:K コン:G ゴン:G
價	カ:K ケ:G
僺	ショウ:GK
僻	バイ ヒ:GK ヒャク:G ビャク ヘイ ヘキ:K
僼	ホウ
僽	シュ:G シュウ:K ジュ
僾	アイ:K イ
僿	サイ シ
儀	ギ:GK
儁	シュン:GK
儂	ドウ:K ヌ ノウ:G
儃	セン:K ゼン:G タン:GK ダン:G
億	オク:G ヨク:K
儅	トウ
儆	キョウ:G ギョウ ケイ:K
儇	ケン:GK
儈	カイ:K ケ:G
儉	ケン:K ゲン:G
儋	セン:K ゼン:G タン:GK
儌	キョウ:GK ギョウ
儍	サ:K
儎	サイ
儐	ヒン:GK
儑	ガン ゴウ ゴン
儒	ジュ:K ニュ
儓	タイ
儔	ジュ チュウ:K トウ:K ドウ:G
儕	サイ:K ザイ:G セイ:K
儖	ラン:GK
儗	カイ:K ガイ:G ギ:GK
儘	シン:K ジン:G
儙	ケン
儚	ビョウ:K ボウ:K ミョウ:G ム モウ:G
儛	ブ:K ム:G
儜	ドウ:K ニョウ:G
儝	ケイ
儞	ジ:K
償	ショウ:K ジョウ:G
儠	リョウ
儡	ギ ライ:GK
儢	リョ:K ロ:G
儣	コウ:GK
儤	ヒョウ:G ホウ:K
儥	イク テキ トク
儦	ヒョウ
儧	サン:GK
儨	シチ:G シツ:K
儩	シ
優	ウ:G オウ ユウ:K
儫	ゴウ
儬	ショウ:G シン セイ:K ソウ:K
儭	シン:GK
儮	リャク:G レキ:K
儯	トウ:K ドウ:G
儰	イ
儱	リュ リョウ:K ル:G ロウ:K
儲	ジョ:G チョ:K
儳	サン:K ザン ゼン:G
儴	ショウ:GK ジョウ:K ソウ ニョウ:G
儵	シュク:GK
儶	エ:G ケイ:K
儷	ライ:G リ レイ:K
儸	ラ:GK
儹	サン:GK
儺	ダ:K ナ:G
儻	トウ:GK
儼	ゲン:K ゴン:G
儽	ラ ライ ルイ
儾	ノウ
儿	カイ ジン:K ニン:G
兀	コツ:K ゴチ:G ゴツ:K
允	イン:GK エン
兂	シン
元	ガン ゲン:K
兄	キョウ:G ケイ:K
充	シュウ:K ジュウ:G
兆	ジョウ:G チョウ:K
兇	キョウ:K ク:G
先	セン:GK
光	コウ:GK
兊	タイ:K ダ
克	コク:GK
兌	エイ エチ:G エツ:K タイ:K タツ ダ ダイ:G ダチ
免	バン:K フ ブン:K ベン:K マン:G メン:G モン:G
兎	ト:K
兏	チョウ:GK
児	ゲイ:K ジ:K ニ:G
兑	エツ ダ
兒	ゲイ:K ジ:K ニ:G
兓	サン シン:GK
兔	ツ:G ト:K
兕	シ:K ジ:G
兖	エン
兗	エン:GK
兘	シ:GK
党	ショウ トウ:GK
兜	ツ:G ト:G トウ:K
兟	シン:GK
兠	トウ:K
兢	キョウ:GK コウ:K ゴウ:G
兤	コウ:K
入	ジュ ジュウ:K ニュウ:G
兦	ボウ:K
內	ゼイ ダイ:K ドウ:K ドツ ナイ:G ネイ ノウ:G
全	セン:K ゼン:G
兩	リョウ:GK
兪	シュ:K ユ:GK ユウ
八	ハ ハイ ハチ:G ハツ:K
公	ク:G コウ:K シュ:G ショウ:K
六	リク:K リュウ ロク:G
兮	ケイ:K ゲイ
共	キョウ:K ク:G グ:G コウ:K
兲	テン
关	ショウ
兴	キョウ:G コウ:K
兵	ヒョウ:G ヘイ:K
其	キ:K ギ:G
具	ク:K グ:G
典	テン:GK
兹	ジ
养	ビ
兼	ケン:GK
兾	キ:GK
冀	キ:GK
冂	キョウ:G ギョウ ケイ:K
冃	ボウ:K モ モウ:G
冄	ゼン:K
内	ゼイ ダイ:K ドウ:K ドツ ナイ:G ネイ ノウ:G
円	ウン エン:GK オン
冈	モウ
冉	ゼン:K ネン:G
冊	サク:K サツ サン シャク:G ソウ
冋	ケイ:K
册	サク:K サツ サン シャク:G ソウ
再	サ サイ:GK
冎	カ:K ケ:G
冏	キョウ:G ケイ:K
冐	ボウ:K
冑	ジュウ:G チュウ:K
冒	バイ:K ボウ:K ボク:K マイ:G モウ:G モク:G
冓	ク:G コウ:K
冔	ク
冕	ベン:K メン:G
冖	ベキ:K ミャク:G
冗	ジョウ:K
冘	イン:GK ユ:G ユウ:K
写	シャ:GK ソ
冝	ギ:GK
冞	ビ:K ミ:G
冟	シャク:G セキ:K
冠	カン:GK
冡	ボウ:K ム:G モウ:G
冢	チュ チョウ:K
冣	サイ:GK シュ:K ジュ:G
冤	エン:K オン:G
冥	ベキ ベン:K ミョウ:G メイ:K メン:G
冦	コウ:K
冨	フ:G フウ:K
冩	シャ:GK ソ
冪	ベキ:K ミャク:G
冫	ヒョウ:GK
冬	トウ:GK
冭	タイ:GK タチ:G タツ:K
冮	コウ
冰	ギョウ:G ゴウ:K ヒョウ:GK
冱	コ:K ゴ:G
冲	ジュ ズ:G チュウ:K トウ:K
决	ケツ:K
冴	コ:K ゴ:G
况	キョウ:K
冶	ヤ:GK
冷	リョウ:G レイ:K
冸	ハン:GK
冹	ハツ:K フチ フツ ホチ:G
冺	ビン:K
冼	ショウ:GK
冽	レイ レチ:G レツ:K
冾	キョウ
冿	シン セン
凁	シュ:G ソウ:K
凂	バイ:K
凃	チョ ト:K トウ
凄	サイ:G セイ:K
凅	ク:G コ:K
准	シュン:GK ジュ ジュン
凇	シュ ジョウ ス:G ソウ:K
凈	ショウ:G ソウ:K
凉	リョウ:K
凊	ショウ:G セイ:K
凋	チョウ:GK
凌	リョウ:GK
凍	ツ:G トウ:K
减	ゲン:G
凐	イン
凑	ソウ:K
凒	ガイ:GK ギ:K ゲ:G
凓	リチ:G リツ:K
凔	ショウ:G ソウ:K
凕	ミョウ:G メイ:K
凖	ジュン
凗	サイ ズイ
凘	サイ:G シ:GK セイ:K
凙	ジャク:G タク:K ダク
凚	キン:K ゴン:G
凛	リン:GK
凜	キン:K ゴン:G リン:GK
凝	ギョウ:GK ゴウ
凞	キ:GK
几	キ:GK
凡	ハン:K ボン:G
凢	ハン:K ボン:G
凤	ホウ
凥	キョ:K コ:G
処	キョ:K コ:G ショ:GK ソ
凬	フ:G フウ:K
凭	ヒョウ:K ビョウ:G ヘイ:K
凮	フウ:G
凰	オウ:G コウ:K
凱	カイ:GK ガイ
凲	カン:K
凳	トウ:GK
凴	ヒョウ
凵	カン:K ケン:K コン:G
凶	キョウ:K ク:G
凷	カイ:K ケ:G
凸	テツ トツ:K
凹	オウ:K ヨウ:G
出	シュチ:G シュツ:K スイ:GK
函	カン:K ゲン:G ゴン:G
凾	カン:K
刀	チョウ トウ:GK
刁	チョウ:GK
刂	トウ
刃	ジン:K ニン:G
刄	ジン:K ニン:G
刅	ショウ:G ソウ:K
分	フン:GK ブ ブン:G
切	サイ:G セイ:K セチ:G セツ:K
刈	カイ ガイ:K ゲ:G
刉	カイ:K キ:K ギ:G ケ:G
刊	カン:GK
刋	カン セン
刌	セン ソン
刍	シュ:G シュウ:K ス スウ
刎	フン ブン:K モン:G
刏	カイ:K キ ケ:G
刐	タン
刑	ギョウ:G ケイ:K
划	カ:K ゲ:G
刓	ガン:GK
刔	ケチ:G ケツ:K
刕	ライ:G リ:GK レイ:K
刖	ガツ ゲツ:K ゴツ
列	レイ レツ:K
刘	リュウ:K
刜	フチ フツ
初	ショ:K ソ:G
刞	ショ
刟	チョウ
删	サン
刡	ビン:K ミン:G
刢	リョウ:G レイ:K
刣	シュ:G ショウ:K
判	ハン:GK バン ホウ
別	ヘツ:K ベチ:G ベツ
刦	キョウ
刧	キョウ:K
刨	ビョウ:G ホウ:K
利	リ:GK
刪	サン:K
别	ヘツ ベツ
刭	ケイ
刮	カツ:K
刯	コウ
到	トウ:GK
刱	ショウ:G ソウ:K
刲	ケイ:K
刳	ク:G コ:K コウ
刴	タ
刵	ゲイ ジ:K ニ:G
制	セイ:K
刷	サツ:K セチ:G セツ:K
券	ケン:K
刹	サツ:K セチ:G セツ:K
刺	シ:GK セキ:K
刻	コク:GK
刼	キョウ:K
刾	シ セキ
剃	タイ:G テイ:K
剄	キョウ:G ケイ:K
剅	トウ:K ル:G ロウ:K
剆	ラ
則	ソク:GK
剈	エン ケン
剉	サ:GK ザ
削	サク:G シャク:K ショウ:GK ソウ
剋	コク:GK
剌	シ ラツ:K
前	セン:K ゼン:G
剎	サツ セチ:G セツ:K
剏	ソウ:K
剒	サク
剓	リ
剔	セキ テイ テキ:K
剕	ヒ:K
剖	フ:G ホウ:K ボウ:G
剗	サン:K セン:G
剘	キ:K ギ:G
剙	ソウ
剚	シ:GK
剛	コウ:GK ゴウ
剜	ワン:GK
剝	ハク:K ホク:G
剞	イ キ:GK
剟	タチ:G タツ:K テツ:K
剠	ギョウ:G ケイ:K リャク リョウ
剡	エン:GK セン:K
剢	タク トク
剣	ケン:K
剤	ザイ:G スイ:GK セイ:K
剥	ハク:K
剦	エン:GK
剨	カク:K キャク:G
剩	ジョウ:G
剪	セン:GK
剫	タク:K ダク:G ヅ ト
剬	セイ セン タン:GK
剭	アク オク
剮	カ:K ケ:G
副	ヒョク フウ:K フク:GK
剰	ジョウ:G
剱	ケン:K
割	カツ:K
剳	サツ トウ:GK
剴	カイ:GK ガイ:K
創	ショウ:G ソウ:K
剶	セン
剷	サン:K セン:G
剸	セン:GK タン:K
剹	キュウ:K ク:G リク:K ロク:G
剺	リ
剻	フウ:K ブ:G
剼	サン ショウ
剽	ヒョウ:GK
剾	オ オウ ク:G コウ:K
剿	ショウ:GK ソウ:K
劀	カツ:K ケツ
劁	ショウ:K ジョウ:G
劂	カイ:K ケ:G ケイ ケツ:K
劃	カク:K
劄	サツ トウ:K
劅	タク:GK
劆	レン
劇	ケキ:K ゲキ
劈	ヒャク:G ヘキ:K
劉	リュウ:K ル:G
劊	カイ:K カチ:G カツ:K ケ:G
劋	ショウ:G ソウ:K
劌	ケ:G ケイ:K
劍	ケン:K
劎	ケン
劐	カク ギャク
劑	ザイ:G スイ:GK セイ:K
劒	ケン:K
劓	ギ:GK ケイ
劔	ケン:K
劕	シチ:G シツ:K チ
劖	サン:K ザン:G
劗	サン:K ザン:G セン:G
劘	バ:K ビ:K マ:G ミ:G
劙	ライ:G リ レイ:K
劚	チョク:K
力	リキ:G リョク:K
劜	アツ:K エチ:G
劝	カン
办	ヘン:K ベン:G
功	ク:G コウ:K
加	カ:K ケ:G
劣	レチ:G レツ:K
劤	キン:K コン:G ロク
劥	キョウ:G コウ:K
劦	キョウ:K ギョウ:G リョウ
劧	シ
助	ショ:K ジョ:G ゾ
努	ド:K ヌ:G
劫	キョウ:K コウ:G ゴウ
劬	ク:K グ:G
劭	キョウ ショウ:K
劮	イチ:G イツ:K
劯	ショ リョク
劰	バク:K マク:G
励	レイ:K
劳	ロウ
労	リョウ ロウ:GK
劵	ケン:K ゲン:G
劶	ク:G コウ:K
劷	ヨウ:GK
劸	ア アイ:K
効	キョウ:G ギョウ:G コウ:K
劺	ボウ:K ム:G
劻	キョウ:GK コウ
劼	カツ:K キチ:G キツ:K ケチ:G
劽	レチ:G レツ:K
劾	カイ:K ガイ:G コク:K ゴク:G
势	セイ
勀	コク:GK
勁	キョウ:G ケイ:K
勂	コウ:K ゴウ:G
勃	ホツ:K ボチ:G ボツ
勄	ビン:K
勅	チキ:G チョク:K
勆	ロウ:GK
勇	ユ:G ユウ:G ヨウ:K
勈	ユウ:G ヨウ:K
勉	ベン:K メン:G
勊	コク:GK
勌	カン ケン:K ゲン:G
勍	ギョウ:G ケイ:K
勎	リク
勏	ブ:G ホウ:K
勐	ボウ
勑	チキ:G チョク:K ライ:GK
勒	ロク:GK
勓	カイ
勔	ビン:K ベン:K ミン:G メン:G
動	ズ トウ:K ドウ:G
勖	キョク:K コク:G ボウ
勗	キョク:K
勘	カン:K コン:G
務	ブ:K ボウ:K ム:G モ モウ:G
勛	クン:GK
勜	オ オウ:K
勝	ショウ:GK
勞	リョウ ロウ:GK
募	ブ ボ:K モ:G
勠	リク:K リュウ:K リョウ ル:G ロク:G
勡	ヒョウ:GK
勢	セ:G セイ:K
勣	シャク:G セキ:K
勤	キ:K キン:K ギ:G ゴン:G
勥	キョウ:K ゴウ:G
勦	ショウ:GK ジョウ:G ソウ:K
勧	カン ケン:K
勨	ショウ:K ゾウ:G ヨウ
勩	イ エイ:K シ:K ジ:G
勪	ガク キャク:K
勫	ハン:K ホン:G
勬	ケン:GK
勭	ズ:G トウ:K
勮	キョ:K ゴ:G リョ:K ロ:G
勯	タン
勰	キョウ:K ギョウ:G
勱	バイ:K メ:G
勲	クン:GK
勳	クン:GK
勴	リョ:K ロ:G
勵	レイ:K
勶	テツ:K デチ:G
勷	ジョウ:K ニョウ:G
勸	カン ケン:K
勹	ヒョウ:G ホウ:K
勺	シャク:K
勻	イン:GK キン:GK
勼	キュウ:K ク:G
勽	ヒョウ:G ブン:K ホウ:K ボウ モン:G
勾	ク:G コウ:K
勿	ブツ:K ボツ:K モチ:G
匀	イン:GK
匃	カイ:GK カチ:G カツ:K
匄	カツ
包	ヒョウ:G ホウ:K
匆	ソウ:K
匇	ソウ:K
匈	キョウ:K ク:G
匉	ヒョウ:G ホウ:K
匊	キク:GK コク
匋	トウ:K ドウ:G ヨウ:GK
匌	コウ:GK
匍	フ:G ブ:G ホ:K
匎	オウ
匏	ビョウ:G ホウ:K
匐	フク:K ホク:K ボク:G
匑	キク キュウ:K ク:G コク
匒	トウ
匓	キュウ:K ク:G
匔	キク キュウ ゴク
匕	ヒ:GK
化	カ:K ガ ケ:G
北	ハイ:K ヘ:G ホク:GK
匘	ドウ:K ノウ:G
匙	シ:K ジ:G ヒ
匚	ホウ:GK ボウ
匛	キュウ:K グ:G
匜	イ:GK タ:K ダ:G
匝	ソウ:GK
匞	ショウ:K
匟	コウ
匠	ショウ:K ゾウ:G
匡	オウ キョウ:K コウ:G
匢	コチ:G コツ:K
匣	コウ:K ゴウ:G
匤	キョウ:G キョク:K コウ:K コク:G
匥	ヘン:K ベン:G
匧	キョウ:GK
匨	ソウ:GK
匩	キョウ:K
匪	ヒ:GK フン
匫	コチ:G コツ:K
匬	ズ:G トウ:K ユ:GK
匭	キ:GK
匯	カイ:K ワイ
匰	タン:GK
匱	キ:K ギ:G
匲	レン:GK
匳	レン:GK
匴	サン:K セン:G
匵	トク:K ドク:G
匶	キュウ:K グ:G
匷	ゴ
匸	ケイ:K ゲイ
匹	ヒキ ヒツ:K ボク
区	オ オウ:K キュウ:K ク:GK コウ:G
医	イ:GK エイ:K
匼	アン:K オン:G コウ
匽	エン:K
匾	ヘン:GK
匿	ジ ジョク:K トク
區	オ オウ:K キュウ:K ク:GK コウ:G
十	シュウ:K シン ジッ ジュウ:G
卂	シン:GK
千	セン:GK
卄	ジュウ
卅	ソウ:GK
卆	ソツ:K
升	ショウ:GK
午	ゴ:GK
卉	キ:K クツ
半	ハン:GK
卋	セイ:K
卌	シュウ:GK
卍	バン:K マン:G
卐	バン
卑	ハン ヒ:GK ヒツ:K ビチ:G
卒	サイ シュツ:K ソツ:K
卓	シツ タク:GK
協	キョウ:K
南	ダン:K ナ ナン:G
単	セン:K ゼン:G タン:GK ダン
卙	シュウ:GK
博	ハク:GK バク
卛	シュツ:K ソツ
卜	ホク:GK ボク
卝	オウ:G カン コウ:K
卞	ハン ヘン:K ベン:G
卟	ケイ
占	セン:GK
卡	カ サ ソウ:K ゾウ:G
卣	ユ:G ユウ:K
卤	セイ
卥	セイ:K
卦	カ カイ:K ケ:G
卧	ガ:GK
卨	セツ
卩	セチ:G セツ:K
卪	セチ:G セツ:K
卬	ギョウ:K コウ ゴウ:GK
卭	キョウ:K
卮	キ シ:GK
卯	ボウ:K ミョウ:G
印	イン:GK
危	キ ギ:GK
卲	ショウ:K ジョウ:G
即	シキ ショク:K ソウ ソク:G
却	キャク:K
卵	コン ラ ラン:GK
卶	シ
卷	カン:K ゲン:G コン
卸	シャ:GK
卹	シュチ:G シュツ:K ジュツ:G ソチ:G ソツ:K
卺	キン:K
卻	カク:G キャク:K
卼	ゴチ:G ゴツ:K
卽	シキ ショク:K ソウ ソク:G
卾	ガク:GK
卿	キョウ:G ケイ:K
厀	シツ
厂	カン:GK ゲン:K ゴン:G
厃	エン ギ:GK セン
厄	アク:K ガ ヤク:G
厇	タク:K チャク:G
厈	カン:GK
厉	レイ
厊	ガ:K ゲ:G
厎	シ:GK タイ:G チ テイ:K
厏	サ:K サク:K シャ:G シャク:G
厒	キョウ:G コウ:K
厓	ガイ:K ギ ゲ:G
厔	シチ:G シツ:K
厖	ボウ:K モウ:G
厗	ダイ:G テイ:K
厘	テン:K デン:G リ:GK リン
厙	シャ:GK
厚	グ:G コウ:K
厜	スイ:K ズイ:G
厝	サク:GK ジャク:G セキ:K ソ:K
厞	ヒ:K ビ:G
原	ガン ゲン:K
厠	シ:GK
厡	ゲン:K
厤	リャク:G レキ:K
厥	カチ クチ クツ ケツ:K
厦	カ:K サ:K シャ:G
厧	テン
厨	キュウ ズ:G チュ チュウ:K
厩	キュウ:K
厪	キン:K ゴン:G
厫	ゴウ
厬	キ
厭	アン:K エン:GK オウ:GK オン:G ユウ:K ヨウ:GK
厮	シ:GK
厯	レキ:K
厰	ショウ:GK
厱	カン:K ケン:K ゲン:G コン:G ラン
厲	ライ:GK レイ:K レツ
厳	ガン ゲン:K ゴン:G
厴	エン:GK
厵	ゲン:K
厶	コウ シ:GK ボウ:K モ:G
厷	コウ:GK
厸	リン:GK
厹	キュウ:K グ:G ジュウ:K ニュウ:G
厺	キョ:K
去	キョ:K ク コ:G
厽	サン ルイ:GK
厾	チュウ
叀	セン:GK
叁	サン
参	サン:GK シン:GK
參	サン:GK シン:GK
叄	サン
叅	サン:GK
又	ウ:G ユウ:K
叉	サ:K シャ:G
及	キュウ:K
友	ウ:G ユウ:K
双	ソウ:GK
反	タン ハン:K ヘン:K ベン:G ホン:G
収	シュウ:K
叏	カイ:K ケツ
叐	ハツ
叒	ジャク:K ニャク:G
叓	シ:K ジ:G
叔	シュク:K
叕	ケツ ゲツ テチ:G テツ:K
取	シュ:K シュウ ソウ
受	シュウ:K ジュ:G ズ:G トウ:K
叙	ショ:K ジョ:G
叚	カ:K ケ:G ゲ
叛	ハン:K バン:G ホン:G
叜	シュ:G ソウ:K
叝	コウ:G
叞	イ:GK
叟	シュウ ショウ:G シン ソウ:K
叠	チョウ:K
叡	エイ:K
叢	ズ:G ソウ:K
口	ク:G コウ:K
古	ク:G コ:K
句	キュウ:K ク:GK グ:G コウ:K
另	リョウ:G レイ:K
叧	カ:K ケ:G
叨	トウ:GK
叩	ク:G コウ:K
只	シ:GK シチ:G シツ:K
叫	キョウ:GK
召	ショウ:GK ジョウ:G チョウ:K
叭	ハ:T ハチ:G ハツ:K
叮	チョウ:G テイ:K
可	カ:GK コク
台	イ:GK グ コ シ:K ジ:G タイ:K ダイ:G
叱	カ:K ケ:G シチ:G シツ:K
史	シ:GK
右	ウ:G ユウ:K
叴	キュウ:K グ:G
叵	ハ:GK
叶	キョウ:K
号	キョウ:G コウ:K ゴウ:G
司	シ:GK ス:T
叹	ユウ
叺	セキ
叻	リョク:K ロク:G
叼	チョウ
叿	ク:G コウ:K
吀	バ
吁	ウ:GK キョ:K ク:GK コ:G
吂	ボウ:K モウ:G
吃	キツ:K ケツ コチ:G
各	カク:GK
吅	カン:K ケン:G ショウ:K ジュ:G セン リン
吆	ヨウ
吇	シ
合	カッ ガッ コウ:GK ゴウ:G
吉	キチ:G キツ:K
吊	チョウ:GK
吋	スン ズ:G トウ:K
同	ズ トウ:K ドウ:G
名	ベイ ミョウ:G メイ:K
后	コウ:K ゴ
吏	リ:GK
吐	ツ:G ト:GK
向	キョウ:K コウ:G ショウ
吒	タ:K
吓	カ カク:K
吔	タ ヤ
吘	グ ゴウ
吙	カ
吚	イ:GK キ
君	クン:GK
吜	チュ チュウ
吝	リン:GK
吞	テン トン:GK ドン
吟	キン:K ギン:K コン:G ゴン:G
吠	ハイ:K バイ:G ベイ
吡	ヒ:GK ヒツ:K ビチ:G
吢	シン
吣	シン
吤	カ カイ:K ケ:G
吥	フ:G ホウ:K
否	ヒ:K ビ:G フ:G フウ:K
吧	ハ:K ヘ:G
吨	トン:K ドン:G
吩	フン:GK
吪	カ:K ガ:GK ゲ:G
含	カン:K ガン:G ゴン:G
听	キン ギ:K ギツ ギン:K ゲ:G ゴチ チョウ:G テイ:K
吭	コウ:K ゴウ:G
吮	エン シュン:K ジュン:G セン:K
启	ケイ:K
吰	オウ:G コウ:K
吱	キ シ:GK
吲	シン
吳	ゴ
吴	ゴ:K
吵	ショウ:G ソウ:K ビョウ:K ミョウ:G
吶	ジュツ ゼツ デツ トツ ドツ:K ナチ ニュチ ネチ
吷	ケチ:G ケツ:K セチ:G セツ:K
吸	キュウ:K
吹	スイ:GK
吺	ジュ ツ:G トウ:K ニュ
吻	フン ブン:K モン:G
吼	ク:G コウ:K
吽	イン:K ウン オン:G コウ:K ゴウ:K
吾	ガ:K ギョ ゲ:G ゴ:K
吿	カク:K ガク:G キク コウ コク
呀	カ:K ガ:K ケ:G
呁	キン
呂	リョ:K ロ:G
呃	アイ:K アク:K
呄	コク
呅	バイ:K ブン:K メ:G モン:G
呆	ガイ:GK タイ:K ダイ:G ホ:G ホウ:K ボウ:G
呇	ケイ
呈	キョウ:G コウ:K テイ:K
呉	ゴ:K
告	キク コウ:GK コク:GK
呋	フ
呌	キョウ
呍	ウン
呎	セキ
呏	ショウ
呐	トツ ドツ
呑	テン トン:GK ドン
呕	オウ:K
呚	カツ:K キ ゲチ:G
呝	ア アイ アク:K ヤク:G
呞	シ:GK チ
呟	ケン:GK ゲン
呠	ホン
呡	ブン:K モン:G
呢	ジ:K ニ:G
呣	ボウ
呤	リョウ:G レイ:K
呥	ゼン:K ネン:G
呦	オウ:K ユ ユウ:GK ヨウ:G
呧	タイ:G ダイ テイ:K
周	シュ:G シュウ:K ス:G
呩	シ:K
呪	シュ:G シュウ:K ジュ ズ
呫	ショウ チョウ:GK テン
呬	イ キ:GK チ リョウ レ
呭	エイ:K セチ:G セツ:K
呮	キ
呯	ビョウ:G ヘイ:K
呰	サ シ:GK シャク:G ジ セイ セキ:K
呱	ク:G コ:K ワ
呲	イ シ:K ジ:G
味	バイ バツ:K ビ:K マチ:G ミ:G
呴	ク:GK コウ:K
呵	ア カ:GK ガ
呶	ダ:K ド ドウ:K ナ:G ニョウ:G
呷	コウ:K
呸	ヒ
呹	イチ:G イツ:K チチ:G チツ:K
呺	キョウ:G ク コウ:K ゴウ
呻	シン:GK
呼	カ キョウ:G ク:G コ:K コウ:K
命	ベイ マン ミョウ:G メイ:K
呾	アツ:K エチ:G タチ:G タツ:K テチ
呿	カ キャ キョ:K キョウ:K コ:G コウ:G ヨウ
咀	ショ:K ジョ:G ソ
咁	カン:K ガン:G
咂	ソウ
咃	タ
咄	タチ:G タツ:K トチ:G トツ:K
咅	ツ:G トウ:K フ:G ホウ:K
咆	ビョウ:G ホウ:K
咇	ヒ:K ヒチ:G ヒツ:K ビ:G ヘツ:K ベチ:G
咈	ヒツ:K ビチ:G フツ:K ブチ ホツ
咉	オウ:K ヨウ:G
咊	カ:K ワ:G
咋	サ:K サク:K シャ:G シャク:G
和	オ:T カ:K ワ:G
咍	カイ:GK タイ
咎	キュウ:K ク:G コウ:GK
咏	エイ:K ヨウ:G
咐	フ:G ブ:G ホ:K
咒	ジュ
咓	ガ:K ゲ:G
咔	ロウ
咕	コ
咖	カ
咜	タ:K
咞	ケン
咟	カク:K
咠	シュウ:GK ユウ
咡	ジ:K ニ:G
咢	ガク:GK
咣	コウ
咤	タ:K タク ツ:G ト:K
咥	キ:GK ギチ ケ シ チチ テチ:G テツ:K デチ:G
咦	イ:GK キ タイ:K ダイ:G
咧	レチ:G レツ:K
咨	シ:GK
咩	ビ:K ミ:G
咪	ビ ベイ
咫	シ:GK
咬	オウ:K カイ キョウ:G ギョウ:G コウ:K ゴウ:K ヨウ:G
咭	カツ:K キツ:K ギチ ケチ:G
咮	シュ:K ジュ:G チュ チュウ:GK ツ:G トウ:K ニュ
咯	カク:K ラク:GK
咰	シュチ:G シュツ:K シュン
咱	サ:K サチ:G サツ:K シャ:G
咲	ショウ:GK
咳	アイ カイ:K ガイ:G
咴	カイ:K ケ:G
咵	カ:K ケ:G
咶	カ:K カイ:K カツ:K ケ:G ケチ:G ゲ:G シ:K ジ:G
咷	ジャク:G チョウ テキ:K トウ:K ドウ:G
咸	カン:K ゲン:G ゴン
咹	アチ:G アツ:K アン:GK
咺	カン ケン:K
咻	キュウ:K ク:GK コウ:G
咼	カ:K カイ:K ケ:G
咽	イン:K エチ:G エツ:K エン:GK オン:G
咾	ロウ:GK
咿	イ:GK
哀	アイ:GK
品	ヒン:K ホン:G
哂	シン:GK
哃	ズ トウ:K ドウ:G
哄	キョウ:G ク:G グ:G コウ:K
哅	キョウ:G ク コウ:K
哆	シ:GK シャ:GK タ
哇	ア アイ:K エ:G カイ:K ケ:G ケイ:K ワ:K
哈	カ コウ:GK ゴウ:GK ソウ トウ ハ
哉	サイ:GK
哊	イク:K
哋	テツ
响	キョウ:K
哎	アイ:T ガイ
哏	コン
哙	カイ
哠	コウ:K ゴウ:G
員	イン:K ウン:G エン:GK
哢	ル:G ロウ:K
哣	トウ
哤	ボウ:K モウ:G
哥	カ:GK
哦	ガ:GK
哧	カ:K ケ:G セキ
哨	ショウ:GK ソウ:K チョウ
哩	ボク:K モク:G リ:K
哪	ダ:K デツ ナ:G ネチ
哫	ショク:K ソク:G
哬	カ:K
哭	コク:GK
哮	カク キョウ:G コウ:K
哯	ケン:K ゲン:G
哰	ロウ
哱	ハイ:K ヘ:G ホチ:G ホツ:K
哲	テチ:G テツ:K
哳	タツ:K テチ:G
哴	リョウ:K ロウ:G
哵	ハチ:G ハツ:K
哶	バ:K ビ:K ミ:G メ:G
哷	リチ:G リツ:K レチ:G レツ:K
哸	サイ:K セ:G
哹	フ:G フウ ホウ:K
哺	フ:G ブ:G ホ:K
哻	カン:K ガン:G
哼	キョウ:G コウ:K
哽	オウ:K キョウ:G コウ:K ヨウ:G
哾	セ:G セイ:K セチ:G セツ:K
哿	カ:GK
唀	ユウ
唁	ゲン:GK ゴン
唂	コク
唃	コク
唄	ハイ:K バイ ベ:G
唅	カン:K コン:G ゴン
唆	サ:GK
唇	シュン:K シン:GK
唈	オウ:GK ユウ:K
唉	アイ:GK イ カイ キ
唊	キョウ:G ケン コウ:K
唋	ツ:G ト:K
唌	エン:GK セン:K ゼン:G タン:K ダン:G
唍	カン:K ゲン:G
唎	リ:GK
唏	カイ:K キ:K ケ:G
唐	トウ:K
唑	ゼイ
唒	シュウ:K ジュウ:G
唓	シャ
唔	ゴ:K
唕	ソウ
唖	ア:K アク:K
唗	トウ
唘	ケイ
唙	テキ
唚	シン
唧	ショク:K ソク:G
唩	イ ワ
唪	ブ:G ホ ホウ:K
唫	キン:K ギン:K ゴン:G
唬	カ:K カク:K キャク:G キョウ:G ケ:G コウ:K ゴウ
唭	キ
售	シュウ:K シュク:K ジュ:G ジュク:G
唯	イ:K スイ ユイ:G
唰	サツ セチ:G セツ:K
唱	ショウ:GK
唲	アイ:K ジ:K ニ:G
唳	ライ:G レイ:K レチ:G レツ:K
唴	キョウ:G コウ:K
唵	アン:K オン:G
唶	サク:K シャ:GK シャク:G ジャク セキ:K
唷	イク
唸	テン:GK
唹	オ:G ヨ:K
唺	ケン テン
唻	ライ:GK
唼	ショウ:GK ソウ:K
唽	セキ:K
唾	タ:GK ダ
唿	コチ:G コツ:K
啀	ガイ:K ゲ:G
啁	シュウ ジョウ チュウ:GK チョウ:G トウ:K
啂	ドウ:K ヌ:G
啃	シュウ
啄	タク:GK トク:K
啅	サク タク:GK チョウ:G チョク トウ:K
商	ショウ:GK
啇	シャク:G セキ:K チャク:G テキ:K
啈	ガチ ガツ キョウ:G コウ:K サツ
啉	ラン:K リン
啊	ア:GKT
啋	キャク:G キョウ ケキ:K サイ
啌	コウ:GK
啍	キョウ:G コウ:K シュン:GK ジュン タイ:GK テ:G トン:K ドン:G
啎	ゴ
問	ブン:K モン:G
啐	ガチ ガツ サイ:GK シュチ:G シュツ:K セ:G セイ:K ソツ
啑	ショウ:GK ソウ:K
啒	コチ:G コツ:K
啓	ケイ:K
啔	ケイ
啕	トウ:K ドウ:G
啖	タン:K ダン:G
啗	タン:K ダン:G
啘	エツ エン セツ ワ
啙	サイ:G ザイ シ:K シャク:G ジ:G セイ:K セキ:K
啚	ト:K ヒ:GK
啛	サイ:GK セ
啜	エイ セ:G セイ:K セチ:G セツ:K テイ テチ:G テツ:K
啝	カ:K ワ:G
啞	ア:K アク:K ヤク:G
啟	ケイ
啠	テツ:K
啡	ハイ:GK ヒ ヘ
啢	リョウ
啣	カン:K ガン:G
啤	ヒ
啥	シャ
啦	ロウ
啨	ジョウ:G セイ:K
啫	シ
啵	ハ:K バ:G
啺	トウ
啻	シ:GK タイ:G テイ:K
啼	ダイ:G テイ:K
啽	ガン:K ゴン:G
啾	シュ:G シュウ:K ショウ:G ジュウ ソウ:K
啿	タン:K ドン:G
喀	カク:K キャク:G
喁	ギョウ:K グ:G グウ:G ゴウ
喂	イ
喃	アン ダン:K ナン:G
善	セン:K ゼン:G
喅	イク オウ:G ユウ:K
喆	テツ:K
喇	ラ:T ラチ:G ラツ:K
喈	カイ:K
喉	コウ:K ゴ
喊	カン:GK
喋	キョウ ジョウ:G チョウ:K トウ:K ドウ:G
喌	シュ:G シュウ:K シュク
喍	サイ:K ゼ:G
喎	カ
喏	ジャ:K ジャク:K ダク ニャ:G ニャク:G
喐	イク
喑	アン イン:K オン:G
喒	サン
喓	ヨウ:GK
喔	アク:GK オク
喕	ベン:K メン:G
喖	コ:K ゴ:G
喗	ギン:K グン:K ゴン:G ソン:K ゾン:G
喘	セン:GK ゼン
喙	カイ:K ケ:G ケイ セ:G セイ:K ツ:G トウ:K
喚	カン:GK
喛	エン:K オン:G カ:K カイ カン:K ケン:G ワ:G
喜	キ:K シ
喝	アイ カイ カチ:G カツ:K
喞	シチ:G シツ:K ショク:K ソク:G
喟	カイ:K キ:GK ケ:G
喠	シュ:G ショウ:K
喡	イ
喢	ショウ:G ソウ:K チョウ
喣	ク:GK
喤	オウ:G ギャウ コウ:K
喥	タク:K ダク:G ツ:G ト:K
喦	ジョウ:K ニョウ:G
喧	カン ケン:K
喨	リョウ:K
喩	ジュ ユ:GK
喪	ソウ:GK
喫	カイ:K キツ ケキ:K
喬	キョウ:K ギョウ:G
喭	ガン:GK ゲン:GK
單	セン:K ゼン:G タン:GK ダン
喯	フン
喰	サン ソン
喱	リ
喲	ヤク
喳	サ
喴	イ
喵	ミャオ
営	エイ:K ギョウ:G ケイ:K ヨウ:G
喻	ユ
喿	ショウ:GK ソウ:GK
嗀	カク コク
嗁	ダイ:G テイ:K
嗂	ヨウ
嗃	カク:GK キョウ:G コウ:K
嗄	アイ エ:G サ:K シャ:G ワイ:K
嗅	キュウ:K ク:G
嗆	ショウ:GK ジョウ:G ソウ:K
嗇	シキ:G ショク:K
嗈	ユ:G ヨウ:K
嗉	ソ:K
嗊	ク:G コウ:K
嗋	キョウ:K コウ:G
嗌	アイ:K アク エイ エキ:K ヤク:G
嗍	サク
嗎	バ
嗏	サ:K セ:G
嗐	カイ:K カツ:K ガイ:G ゲチ:G
嗑	コウ:GK
嗒	トウ:GK
嗓	ソウ:GK
嗔	シン:GK テン:K デン:G
嗕	ジョク:K ドウ:K ニク:G ヌ:G
嗖	シュ:G シュウ:K シュク
嗗	アツ:K エチ:G
嗘	ケイ:K
嗙	ホウ
嗚	ウ:G オ:K
嗛	カン:K ガン:G キョウ:GK ケン:GK
嗜	シ:K ジ:G
嗝	カク:K キャク:G
嗞	シ:GK
嗟	サ:G シャ:K
嗠	ラク ロ
嗡	オ オウ
嗢	アツ:K エチ:G オチ:G オツ:K
嗣	シ:K ジ:G
嗤	シ:GK
嗥	コウ
嗦	サ
嗨	カイ
嗩	サ:GK
嗶	ヒチ:G ヒツ:K
嗷	ゴウ:GK
嗸	ゴウ
嗹	レン:GK
嗺	サイ:K スイ セ:G
嗻	シャ ショ
嗼	バク:K マク:G ミャク
嗽	サク シュ:G シュウ:K ソウ:K ソク:GK
嗾	サ シュ:G ソウ:K ソク:K ゾク:G
嗿	タン:K トン:G
嘀	サク:K シャク:G
嘁	シュク ソウ
嘂	キョウ
嘃	シュ:G シュウ:K
嘄	キョウ
嘅	カイ:GK ガイ
嘆	タン:GK
嘇	サン:K
嘈	ショウ:G ジョウ ソウ:K ゾウ:G
嘉	カ:K ケ:G ゲ
嘊	ガイ:K
嘋	キョウ:G コウ:K
嘌	ヒョウ
嘍	ル:G ロウ:K
嘎	カツ:K ケチ:G
嘏	カ:K ケ:G
嘐	コウ:K ヒョウ:G ビュウ ホウ:K ミュウ ロウ
嘑	ク:G コ:K
嘒	ケ:G ケイ:K
嘓	カク:K キャク:G
嘔	ウ:G オ:K オウ:K ク:GK シュ
嘕	エン ケン
嘖	サク:K ジャク
嘗	ショウ:K ジョウ:G
嘘	キョ:K コ:G
嘙	ハ
嘚	トク
嘛	マ
嘜	バ
嘟	ズ:G ト:K
嘨	シチ:G シツ:K シュク ショウ:GK
嘩	カ:K
嘪	バイ:K メ:G
嘫	ゼン:K ダン:K ナン:G ネン:G
嘬	サイ:K セ:G セイ
嘭	ビョウ:G ホウ:K
嘮	キョウ:G コウ:K タ チョウ:G トウ:K ロウ
嘯	シチ:G シツ:K シュク ショウ:GK
嘰	キ:K ギ:G ケ:G ゲ
嘱	ショク:K ソク:G
嘲	チョウ:G トウ:K
嘳	カイ:K キ:GK ケ:G
嘴	シ
嘵	キョウ:GK ギョウ
嘶	サイ:G セイ:K
嘷	コウ:K ゴウ:G
嘸	フ:K ブ:GK ム:G
嘹	リョウ:GK
嘺	キョウ:K ギョウ:G
嘻	イ キ:GK
嘼	キク:GK キュウ:K ク:G チュ チュウ
嘽	セン:GK タ タン:GK ダン
嘾	タン:K ドン:G
嘿	コク ボク:K モク:G
噀	ソン
噁	アク:GK ウ:G オ:K ワク
噂	ソン:GK
噃	ハン:K ボン:G
噄	キツ
噅	キ
噆	サン:K ソウ:GK
噇	ジョウ トウ:GK
噈	コウ:K ゴウ:G シュク ソウ
噉	タン:K ダン:G
噊	イチ:G イツ:K シュツ ジュチ
噋	カク トン:GK
噌	ショウ:G ジョウ ソ ソウ:K
噍	ザク シャク シュ:G シュウ:K ショウ:GK ジョウ:G
噎	アイ イチ:G イツ:K エイ エチ:G エツ:K
噏	キュウ:K
噐	キ:GK
噑	コウ:K ゴウ:G
噒	タン
噓	キョ:K コ:G
噔	トウ
噕	キ
噖	ギン
噗	ボク
噘	ケツ
噙	キン
噛	ギョウ:G ゴウ:K
噞	ゲン:GK
噟	ヨウ
噠	タチ:G タツ:K ダチ
噡	セン:GK タン
噢	イク:GK ウ:GK ク ユウ
噣	ショク:K ソク:G タク:GK チュウ:GK チョク ツ:G トウ:K トク
噤	キン:K ゴン:G
噥	ドウ:K ニョウ:G ヌ
噦	エチ エツ:K オチ:G カイ:K ケ:G ケイ
噧	カイ キ タチ:G タツ:K
器	キ:GK
噩	ガク:GK
噪	ソウ:GK
噫	アイ:K イ:GK エ:G オキ オク:G ヨク:K
噬	エイ セイ:K ゼイ:G
噭	キャク:G キョウ:GK ケキ:K
噮	エン
噯	アイ:GK ガイ
噰	ユ:G ヨウ:K
噱	ガク:G キャク:K
噲	エ:G カイ:K カチ:G カツ:K ケ:G ワイ:K
噳	グ
噴	フン ホン:GK
噵	ドウ:G
噶	カチ:G カツ:K ガ
噷	キン
噸	トン
噹	トウ
噽	ヒ
噾	イン
噿	スイ
嚀	デイ ニョウ:G ネイ:K
嚁	ジャク:G テキ:K
嚂	カン ラン
嚃	テ テイ トウ
嚄	カク:K ワク:G
嚅	ジュ:K ニュ
嚆	キョウ:G コウ:K
嚇	カ:K カク:K キャク:G ケ:G
嚈	ヨウ:GK
嚉	トツ
嚊	キ ヒ:GK
嚋	ジュ チュ チュウ:GK
嚌	カイ サイ:K ザイ:G セイ:K
嚍	シン
嚎	コウ:K ゴウ:G
嚏	テイ:K
嚐	ショウ
嚔	タイ:G チ テイ:K
嚕	ロ:GK
嚖	ケイ
嚗	ハク:K バク:G ヒョウ:G ホウ:K ボウ ボク
嚘	ウ:G ユウ:K
嚙	ギョウ:G ゴウ:K
嚚	ガン:K ギン:K ゲン:G ゴン:G
嚛	カク コク
嚜	バイ:K ビ:K ボク:K ミ:G メ:G モク:G
嚝	コウ:GK
嚞	テツ:K
嚟	リ
嚠	リュウ:K
嚢	ドウ:K ノウ:G
嚥	エン:GK
嚦	リャク:G レキ:K
嚧	ロ:K
嚨	ル:G ロウ:K
嚩	ハク
嚪	タン:K ダン:G
嚫	シン:GK
嚬	ヒン:K ビン:G
嚭	ヒ:GK
嚮	キョウ:K コウ:G
嚯	ギャク
嚱	キ:K
嚲	タ:GK
嚳	コク:GK
嚴	ガン ゲン:K ゴン:G
嚵	サン:K ザン:G セン:K ゼン:G
嚶	オウ:K ヨウ:G
嚷	ジョウ:GK
嚻	キョウ:K ゴウ:G
嚼	ザク:G シャク:K ショウ:K ジョウ:G
嚽	セツ
嚾	カン:GK タン
嚿	カク:K ワク:G
囀	テン:GK
囁	ショウ:GK ジョウ:K セツ ニョウ:G
囂	キョウ:GK ゴウ:GK
囃	ソウ:GK
囅	テチ:G テツ:K テン:GK
囆	タイ:K テ:G
囇	レイ
囈	ゲイ:K
囉	ラ:GK
囊	ドウ:K ノウ:G
囋	サツ:K サン:K ザチ:G ザン:G
囌	ソ
囏	カン:K
囐	ガチ ガツ ゲチ:G ゲツ:K ゲン:K ゴン:G サツ:K ザチ:G
囑	ショク:K ソク:G
囒	ラン
囓	ゲツ:K
囔	ドウ
囗	イ:K コク:GK
囘	カイ:K
囙	イン:GK
囚	シュウ:K ジュ:G
四	シ:GK シチ:G シツ:K
囜	ジン:K ニン:G
囝	ガチ ケン:GK ゲツ
回	ウイ エ:G カイ:K
囟	シ シン:GK
因	イン:GK
囡	ジュウ:K ニュウ:G
团	シュウ
団	セン:K ゼン:G タン:K ダン:G トン:T ドン:G
囤	トン:K ドン:G
囥	コウ:GK
囦	エン:GK
囧	ケイ:K
囨	ヘン
囩	イン ウン エン:K オン:G
囪	ソウ
囫	コチ:G コツ:K
囬	カイ メン
园	エン ガン:GK タン:K ダン:G
囮	ウ:G カ ガ:GK ユウ:K
囯	コク
困	コン:GK
囱	ス:G ソウ:K
囲	イ:K トウ
図	ズ:G ト:K
囶	コク:GK
囷	キン:K コン:G ゴン
囸	ジツ
囹	リョウ:G レイ:K
固	ク:G コ:K
囻	コク
囼	タイ
国	コク:GK
囿	イク:GK ウ:G ユウ:K
圀	コク:GK
圁	ガン:K ギン:GK ゲン:G ゴン
圂	カン:K ゲン:G コン:K ゴン:G
圃	フ:G ホ:K
圄	ギョ:K ゴ:G
圅	カン:K ゴン:G
圇	リン
圈	カン:K ガン:G ケン:K ゲン:G ゴン:G
圉	ギョ:K ゴ:G
圊	ショウ:G セイ:K
國	コク:GK
圌	スイ:K ズイ:G セン:K ゼン:G タン
圍	イ:K トウ
圎	エン
圏	ケン:K
圑	フ:G ボ
園	エン:K オン:G
圓	ウン エン:GK オン
圔	オウ:K ヨウ:G
圕	サイ
圖	ズ:G ト:K
圗	ズ:G ト:K
團	セン:K ゼン:G タン:K ダン:G トン:T ドン:G
圚	エ:G カイ:K
圛	エキ:K ヤク:G
圜	エン:GK オン カン:K ギン ケン:K ゲン:G セン:K ゼン:G
圝	ラン:GK
圞	ラン
土	カ:K ケ:G ズ:G タ ツ:G テ ト:K ド
圠	アツ:K エチ:G
圡	ト:K ド
圢	チョウ:G テイ:K テン
圣	コチ:G コツ:K セイ
圤	ハク:GK ホク:GK
圥	ロク
圧	アツ エン オウ:K ジョウ:K ニョウ:G ヨウ:G
在	サイ:K ザイ:G ゼ
圩	イ ウ:GK オ キョ
圪	イツ オチ ギチ ギツ:K ゴチ:G
圫	オウ
圬	ウ:G オ:K
圭	ケ:G ケイ:K
圮	ヒ:K ビ:G
圯	イ:GK シ
地	ジ:G チ:K
圱	ショク:K セン ソク:G
圲	セン
圳	シュウ:K シュン シン ジュ:G ソン
圴	キン サク シャク:GK
圵	トウ
圶	キョウ:G コウ:K
圻	キ:K ギン:K ゲ:G ゴン:G
圼	デツ
圽	ボツ:K モチ:G
圾	ギュウ:K ゴウ:G ショク セイ
圿	カツ:K ケチ:G
址	シ:GK
坁	シ:K ジ:G チ
坂	ハン:K バン:G ヘン:K ベン:G ホン:G
坃	ケン
坄	エキ:K ズ:G トウ:K ヤク:G
坅	キン:K ギン:K コン:G ゴン:G サン
坆	バイ フン
均	イン ウン:GK エン:K オン:G キン:GK
坈	キョウ:G コウ:K ジョウ ニュ
坉	トン:K ドン:G
坊	ホウ:K ボウ:G ボッ
坋	フン ホン:K ボン:G
坌	フン ホン:K ボン:G
坍	タン:GK トン
坎	カン:K コン:G
坏	カイ ハイ:K ヘ:G
坐	サ:K ザ:G
坑	キョウ:G コウ:K
坒	ヒ:K ビ:G
坓	ケイ
坔	チ
坕	ケイ
坖	キ
块	カイ
坘	チ
坙	キョウ:G ケイ:K
坚	ケン
坡	ハ:GK ヒ
坢	ハン:GK バン
坣	ドウ
坤	コン:GK
坥	ショ:K タン
坦	タン:GK
坧	セキ:K
坨	イ タ
坩	カン:GK
坪	ヘイ:K
坫	チン テン:GK
坬	カ:K ケ:G
坭	ジ:K デイ:K ナイ:G ニ:G
坮	ダイ:G
坯	ハイ:K ヒ ヘ:G
坰	キョウ:G ケイ:K
坱	オウ:GK
坲	フツ ブチ ヘツ:K ベチ:G
坳	オウ:K ヨウ:G
坴	リク:K ロク:G
坵	キュウ:K
坶	ボク:K モク:G
坷	カ:GK
坸	コウ
坹	ケツ:K ゲチ:G
坺	ハチ:G ハツ:K バツ ボチ
坻	シ:GK ジ:G タイ:G チ:K テイ:K
坼	タク:K チャク:G
坽	リョウ:G レイ:K
坾	ジョ:G チョ:K
坿	フ:K ブ:G
垀	ク:G コ:K
垁	ジ:G チ:K
垂	スイ:K ズイ:G ツイ
垃	ラ ラツ
垉	ホウ
型	ギョウ:G ケイ:K
垌	ツ:G トウ:K
垍	キ:K ギ:G
垎	カク ギャク
垏	ロチ ロツ
垐	シ:K ショク:K ジ:G ジキ:G
垑	シ
垒	ルイ
垓	カイ:GK ガイ
垔	イン:GK シュ:K ジュ:G ズ:G トウ:K
垕	コウ:K
垖	タイ
垗	ジョウ:G チョウ:K
垘	フク:K ブク:G ホク:K ボク:G
垙	コウ:GK
垚	キ ギョウ:GK
垛	タ:K ダ:G
垜	タ:K ダ:G
垝	キ:GK
垞	タ:K ダ:G
垟	ヨウ:GK
垠	ギン:K コン ゴン:G
垡	ハツ:K ボチ:G
垢	キク ク:G コウ:K コク
垣	エン:K オン:G カン:K ガン:G
垤	ジチ:G チツ:K テツ:K デチ:G
垥	キョウ:G コウ:K
垦	ギン
垧	ケイ
垨	シュ:G ラチ:G ラツ:K
垩	セイ
垶	ショウ:G セイ:K
垷	ケン:K ゲン:G
垸	カン:K ガン:G
垹	ホウ
垺	ハイ:K フ:G ブ:G ヘ:G ホ:K ホウ:K
垻	ハ:K ハイ ヘ:G
垼	エキ:K ヤク:G
垽	ギン:K ゴン:G
垾	カン:K ガン:G
垿	ショ:K ジョ:G
埀	スイ:K
埁	シン:K ジン:G
埂	キョウ:G コウ:K
埃	アイ:GK ジ:G チ:K
埄	ホウ ボ
埅	チ ホウ:K ボウ:G
埆	カク:GK ガク
埇	ユ:G ヨウ:K
埈	シュン:GK
埉	コウ
埊	チ
埋	バイ:K マイ:G
埌	ロウ:GK
埍	ケン
城	ジョウ:G セイ:K
埏	エン:GK セン:GK ゼン
埐	シン
埑	テツ
埒	ラチ:G ラツ:K レチ:G レツ:K
埓	ラチ レツ:K
埔	ホ
埕	テイ
埜	ヤ:GK
埝	ジョウ:K テン:GK ニョウ:G ネン
埞	テイ:K
域	イキ:G イク ヨク:K
埠	フ:T ホ:K
埡	ウ:G オ:K
埢	ケン
埣	サイ:K セ:G ソチ:G ソツ:K
埤	ヒ:K ビ:G ヘイ:K
埥	ショウ:G セイ ソウ:K
埦	オウ ワン:GK
埧	ク:K グ:G
埨	リン ロン
埩	ショウ:G ソウ:K
埪	ク:G コウ:K
埫	チュ チョウ
埬	ツ:G トウ:K
埭	タイ:K ダイ:G
埮	タン:K ダン:G
埯	アン エン:K オン:G
埰	サイ:GK
埱	シュク ツ:G トウ:K
埲	ホウ:K ボ ボウ:G
埳	カン
埴	シ:GK ショク:K ジキ:G
埵	タ:GK
埶	ゲイ:K セイ:K
執	シツ シュ シュウ:GK
埸	エキ:K ヤク:G
培	ハイ:K バイ:G フウ ブ:G ベ:G ホウ:K ホク:K ボク:G
基	キ:K
埻	カク コウ シュン:GK ジュク タ:K タイ:K ダ:G テ:G
埼	キ:K ギ:G ゲ
埽	ソウ:GK
埾	シュ:K ジュ:G
埿	デイ:K ナイ:G ハン:K バン:G
堀	クチ クツ:K コツ:K
堁	カ:K カイ:K ケ:G ワ:G
堂	トウ:K ドウ:G
堃	コン
堄	ゲイ:K
堅	ケン:GK
堆	タイ:GK ツイ:T テ:G
堇	キン:K コン:G ゴン
堈	コウ:GK
堉	イク:GK
堊	ア アク:GK ウ:G オ:K
堋	ヒョウ ホウ:GK ボウ:G
堌	ク:G コ:K
堍	ト
堕	キ:GK スイ タ:K ダ:G
堗	トツ:K ドチ:G
堘	ショウ
堙	イン:GK
堚	コン
堛	ヒキ:G ヒョク:K
堜	レン
堝	カ:GK
堞	ジョウ:G チョウ:K
堟	テン:K デン:G
堠	グ:G コウ:K
堡	ホ:G ホウ:K
堢	ホウ
堣	グ
堤	イ シ:K ジ:G タイ:G テイ:K
堥	ブ:K ボウ:K ム:G モウ:G
堦	カイ:K
堧	ゼン:K ダ:K ダン:K ナ:G ナン:G ネン:G
堨	アイ アチ:G アツ:K ゲチ:G ゲツ:K
堩	コウ
堪	カン:K コン:G シン タン
堫	ス:G ソウ:K
堬	ユ
堭	オウ:G コウ:K
堮	ガク
堯	ギョウ:GK
堰	エン:GK オン:G
報	フ ホウ:GK
堲	シ シキ:G シチ:G シツ:K ショク:K ジキ
堳	ビ:K ミ:G
場	ショウ ジョウ:G チョウ:K
堵	シャ:K ジャ:G ツ:G ト:K
堶	タ:K ダ:G
堷	アン:K オン:G
堸	フ:K ブ:G
堹	チュ チョウ:K
堺	カイ:K
堻	シン
堼	コウ:K ゴウ:G フ:G ホウ:K
堽	コウ:GK
堾	シュン
堿	カン:K コン:G
塀	ヘイ
塁	キ ライ リチ:G リツ:K ルイ:GK
塉	シャク:G セキ:K
塊	カイ:K ケ:G
塋	エイ:K ヨウ:G
塌	トウ:GK
塍	ショウ:K ジョウ:G
塎	ユ:G ヨウ:K
塏	カイ:GK ガイ
塐	ソ:K
塑	ス:G ソ:K
塒	シ:K ジ:G
塓	ベキ:K ミャク:G
塔	トウ:GK
塕	オ オウ:K
塖	ショウ
塗	ズ:G タ ト:K
塘	トウ:K ドウ:G
塙	カク:GK キョウ:G コウ:K
塚	チョウ:K
塛	リチ:G リツ:K
塜	チョウ ブ:G ホウ:K
塝	ホウ:K ボウ:G
塞	サイ:GK ソク:GK
塟	ソウ:GK
塠	サイ:K セ:G タイ:K テ:G
塡	シ ジン チン:GK テン:K デン:G
塢	ウ:G オ:K
塣	ジョウ:G テイ:K
塤	カン ケン:K
塥	カク:K キャク:G
塦	ジン
塧	アイ エ
塨	キョウ
塩	アン エン:GK
填	シ ジン チン:GK テン:K デン:G
塲	ジョウ:G
塳	ホウ ボ
塴	ホウ
塵	ジン:G チン:K テン:K デン:G
塶	ロク
塷	ロ
塸	オ オウ:K
塹	ザン セン:GK
塺	バ:K バイ:K マ マイ:G メ:G
塻	バク:K マク:G
塼	セン:GK ゼン タン:K ダン:G
塽	ショウ:G ソウ:K
塾	シュク:K ジュク:G
塿	ル:G ロウ:K
墀	ジ:G チ:K
墁	バン:K マン:G
墂	ヒョウ
境	キョウ:G ケイ:K
墄	ソク
墅	ショ:K ジョ:G ヤ
墆	タイ:G ダイ テイ:K テツ:K デチ:G
墇	ショウ:GK
墈	カン:K コン:G
墉	ユ:G ヨウ:K
墊	ジョウ:G チョウ:K テン:GK
墋	シン:GK
墌	シャク:G セキ:K
墍	カイ:K ガイ キ:K ギ:G ケ:G
墎	カク
墏	ショウ:GK ソウ
墐	キン:K ゴン:G
墑	チャク:G テキ:K
墒	ショウ
墓	ボ:K
墔	サイ:K ゼ:G
墕	エン
墖	トウ:GK
増	ソウ:GK ゾウ
墜	ツイ:K
墝	キョウ:G コウ:K
增	ソウ:GK ゾウ
墟	キョ:K コ:G
墠	セン:K ゼン:G タン
墡	セン:K ゼン:G
墢	ハツ:K
墣	ハク:K ホク:G
墤	タイ
墥	タン ツ:G トウ:K
墦	ハン:K ホン:G
墧	カク
墨	バイ:K ビ:K ボク:K ミ:G メ:G モク:G
墩	トン:GK
墪	トン:GK
墫	シュン:GK ソン:GK
墬	チ
墭	セイ
墮	キ:GK スイ タ:K ダ:G
墯	ダ
墰	タン
墱	トウ:GK
墲	ブ:K ボ:K ム:G モ:G
墳	フン:K ブ ホン:K ボン:G
墴	コウ
墵	タン
墷	ヨウ
墺	イク:GK オウ:GK
墻	ショウ:K
墼	キャク:G ケキ:K
墽	キョウ:G コウ:K
墾	コン:GK ゴン
墿	エキ ト
壀	ヒ ヘイ
壁	ヒャク:G ヘキ:K
壂	テン:K デン:G
壃	キョウ:K
壄	ヤ:GK
壅	ユ:G ヨウ:K
壆	カク:K ガク:G
壇	セン:K ゼン:G タン:K ダン:G
壈	ラン:GK
壉	キョ
壊	エ:G カイ:K ケ:G
壌	ジョウ:K ニョウ:G
壍	ザン
壎	カン クン:GK ケン:K
壏	カン ラン
壐	シ:GK ジ
壑	カク:GK ガク
壒	アイ:GK カイ
壓	アツ エン オウ:K ジョウ:K ニョウ:G ヨウ:G
壔	トウ:GK
壕	コウ:K ゴウ:G
壖	ゼン:K ネン:G
壘	キ ライ リチ:G リツ:K ルイ:GK
壙	コウ:GK
壚	リョ ロ:K
壛	エン
壜	タン:K ドン:G
壝	イ:K タ:K ダ:G
壞	エ:G カイ:K ケ:G
壟	リュ リョウ:K ル:G ロウ:K
壠	リョウ:K ロウ:G
壡	エイ:K
壢	リャク:G レキ:K
壣	リン
壤	ジョウ:K ニョウ:G
壥	テン:K
壦	ケン
壧	ガン
壨	ライ
壩	ハ:K ヘ:G
士	シ:K ジ:G
壬	ジン:K ニン:G
壮	ショウ:G ソウ:K
壯	ショウ:G ソウ:K
声	ケイ ショウ:G セイ:K
壱	イチ:G イツ:K イン
売	バ:K バイ:K マイ:T メ:G
壳	カク:GK
壴	シュ チュ
壵	ソウ
壷	コ:K
壹	イチ:G イツ:K イン
壺	コ:K ゴ:G
壻	サイ:G セイ:K
壼	キン コン:GK
壽	シュウ:K ジュ:G ス
壾	ボウ:K モウ:G
壿	シュン ソン:K ゾン:G
夀	ジュ
夁	イツ
夂	シュ:G シュウ:K チ:GK
夃	エイ ク:G コ:K
夅	コウ:GK
夆	バ ブ:G ホウ:K
备	ヒ:K ビ:G リュウ
夈	サイ
変	ヘン:GK ベン
夊	スイ:GK
夋	シュン:GK
夌	リョウ:GK
复	フク:K ブク:G
夎	サ:K セ:G
夏	カ:K ゲ:G
夐	キョウ:G ケイ:K ケン:GK
夒	ドウ:K ノウ:G
夓	カ:K
夔	キ:K ギ:G
夕	ジャク:G セキ:K
外	ウイ:T ガイ:K ガチ ガツ ゲ:G
夗	エン:K オン:G
夘	ボウ:K ミョウ:G
夙	シュク:K
多	タ:GK
夛	タ:GK
夜	エキ:K ヤ:GK ヤク:G
夝	ショウ:G ジョウ:G セイ:K ソウ:K
够	コウ
夠	ク:G コウ:K
夡	キ:GK
夢	ボウ:K ム:G
夣	ボウ:K ム:G
夤	イ イン:GK
夥	カ:K カイ ゲ:G ワ:G
夦	チン
大	タ:K タイ:K ダ:G ダイ:G
夨	シキ:G ショク:K レチ:G レツ:K
天	テン:GK デン
太	タ タイ:GK タチ:G タツ:K ダイ
夫	フ:GK フウ:K ブ:G
夬	カイ:K ケ:G ケチ:G ケツ:K
夭	オウ オク:G ヤ ヨウ:GK ヨク:K ワイ
央	エイ:K オウ:G ヨウ:GK
夯	コウ:GK
夰	コウ:GK ゴウ
失	イチ:G イツ:K シチ:G シツ:K
夲	トウ:GK ホン
夳	タイ:GK
夵	エン:GK トウ
夶	ヒ:GK
夷	イ:GK
夸	カ:K ク:G ケ:G コ:K
夹	キョウ
夽	グン:GK
夾	キョウ:G コウ:K
夿	ハ:K ヘ:G
奀	ボウ
奃	タイ:G テイ:K
奄	エン:GK
奅	ヒョウ:G ホウ:K
奆	ガン ケン
奇	アイ イ キ:GK ギ:G
奈	ダ:K ダイ:K ナ:G ナイ:G
奉	フ ブ:G ホウ:K
奊	ケツ:K ゲチ:G ヘ ヘイ レチ:G レツ:K
奋	コウ ホン
奌	テン
奎	キ:K ケ:G ケイ:K
奏	シュ:G ソウ:K
奐	カン:GK
契	キツ ケイ:K ケツ:K セツ:K
奒	カイ:GK
奓	シ:GK シャ:GK タ:K
奔	ホン:GK
奕	エキ:K ヤク:G
套	トウ:GK
奘	ジョウ ソウ:K ゾウ:G
奙	ホン:GK
奚	ケイ:K ゲイ
奛	コウ
奜	ヒ
奝	チョウ:GK
奞	シュン:K ショウ スイ
奟	コウ ヒョウ:G ホウ:K
奠	ジョウ:G チョウ:K テイ テン:K デン:G
奡	ゴウ:GK
奢	シャ:GK
奣	オウ:GK カウ
奤	タイ ハク ハン
奥	イク:K オウ:GK オク:G サン ユウ
奦	ブ:K ム:G
奧	イク:K オウ:GK オク:G サン ユウ
奨	ショウ:K ソウ:G
奩	レン:GK
奪	タツ:K ダチ:G ダツ:G デ
奫	イン:GK
奬	ショウ:K
奭	カク:K キャク:G シャク:G セキ:K
奮	フン:GK
奯	カチ:G カツ:K
奰	ヒ:K ビ:G
奱	レン
奲	シャ セン タ:GK
女	ジョ:K ニョ:G ニョウ
奴	ド:K ヌ:G
奵	チョウ:G テイ:K テン
奶	ダイ:K ネ
奷	セン
奸	カン:GK ケン:G
她	イ シャ:GK ジ:G タ チ:K
奺	キュウ
奻	ダン:K ナン:G
奼	タ:K ツ:G ト:K
好	コウ:GK
奾	セン
奿	ガン
妀	キ
妁	シャク:GK
如	ジョ:K ニョ:G
妃	イ ハイ:K ヒ:GK ヘ:G
妄	ボウ:K モウ:G
妅	ク:G コウ:K
妆	ショウ:G ソウ:K
妇	フ
妉	タン
妊	ジン:K ニン:G
妋	ウ:G フ:GK ユウ:K
妌	ジョウ:G セイ:K
妍	ケン
妎	カイ:K ガイ:G ケイ
妏	ブン:K モン:G
妐	シュ:G ショウ:K
妑	ハ:K ヘ:G
妒	ツ:G ト:K
妓	キ:K ギ:G
妔	キョウ:G コウ:K ゴウ
妕	チュウ:GK
妖	キョウ:G コウ:K ヨウ:GK
妗	カン キン:K ケン:GK ゴン:G セン:GK
妘	ウン
妙	ビョウ:K ミョウ:G
妚	ハイ フウ
妜	エチ:G エツ:K ケチ:G ケツ:K
妝	ショウ:G ソウ:K
妞	ジュウ:G チュウ:K ニュ
妟	アン:K エン:G
妠	ダン:K ドウ:K ナン:G ノウ:G
妡	キン:K コン:G
妢	フン:K ブン:G
妣	ヒ:GK
妤	ヨ:GK
妥	タ:GK ダ
妦	フ:G ホウ:K
妧	ガン:GK ゲン:K
妨	ホウ:GK ボウ
妬	シャク:G セキ:K ツ:G ト:K
妭	ハツ:K バチ:G
妮	ジ:G ニ:K
妯	ジク:G ジャク:G チク:K チュウ:GK テキ:K トク:K ドク:G ロク
妰	チャク:K
妱	ショウ
妲	タチ:G タツ:K タン ダツ
妳	ダイ:K ナイ:G
妴	エン:K オン:G
妵	ツ:G トウ:K
妶	ケン:K ゲン:G
妷	イチ:G イツ:K ジツ チツ:K
妸	ア
妹	バイ:K マイ:G メ:G
妺	バツ:K マチ:G マツ:G
妻	サイ:G シ セイ:K
妼	ヒ:K ヒツ:K ビ:G ビチ:G
妽	シン
妾	ショウ:GK
妿	ア カ
姀	カ:K ワ:G
姁	ク:GK グ:G
姂	ハン:K ホウ:K ボウ:G ボン:G
姃	ショウ:G セイ:K
姄	ビン:K ミン:G
姅	ハン
姆	ボ:K ボウ:K モ:G
姇	フ:K フウ ブ:G
姈	リョウ:G レイ:K
姉	シ:GK
姊	シ:GK
始	シ:GK
姌	ゼン
姍	サチ:G サツ:K サン:GK セン:G ハン
姎	オウ
姏	カン:K コン:G バン:K マン:G
姐	シ シャ:GK ショ:G セ ソ:K
姑	ク:G コ:K
姒	シ:K ジ:G
姓	ショウ:G セイ:K ソウ:K
委	イ:GK
姕	シ
姖	キョ:K ゴ:G
姘	ヒン ヘイ ホウ
姙	ニン:G
姚	チョウ トウ:K ドウ:G ヨウ:GK
姛	ズ:G トウ:K
姜	キョウ:K コウ:G
姝	シュ:K チュ
姞	キチ:G キツ:K
姟	カイ:GK
姠	キョウ:G コウ:K ショウ
姡	カチ:G カツ:K
姢	エン ケン
姣	キョウ:G ギョウ:G コウ:K
姤	ク:G グ コウ:K
姥	ボ:K モ:G
姦	カン:K ケン:G
姧	カン:K
姨	イ:GK
姩	デン:K ネン:G
姪	ジチ:G チツ:K テツ:K デチ:G
姫	イ キ:GK キョ シン
姬	イ キ:GK キョ シン
姭	ケン
姮	コウ:K ゴウ:G
姯	コウ:GK
姰	キン ケン シュン:K ジュン:G
姱	カ:K ク:G ケ:G コ:K ゴ
姲	アン:K エン:G
姳	ベイ ミョウ
姴	レチ:G レツ:K
姵	ハイ:K バイ ベ:G
姶	アイ オウ:GK
姷	ウ:G ユウ:K
姸	ケン ゲン:GK
姹	タ ツ:G ト:K
姺	サイ:G シン セイ:K セン ソン
姻	イン:GK
姼	キ:K ギ:G シ タ ダイ:G テイ:K
姽	ガ キ:K ギ:G
姾	セン
姿	シ:GK
娀	シュ:G シュウ:K ジュウ
威	イ:GK
娂	コウ
娃	ア アイ:K エ:G ワ:K
娄	ル:GK ロウ:K
娉	ヒョウ:G ヘイ:K ホウ:K
娊	ケン:K ゲン:G
娋	サク:K シャク:G ショウ:G ソウ:K
娌	リ:GK
娍	ジョウ:G セイ:K
娎	キョウ ケチ:G ケツ:K
娏	ボウ:K モウ:G
娐	フ:K フウ ブ:G
娑	サ:GK シャ
娒	ボ:K
娓	キ ビ:K ミ:G
娔	コク
娕	サク ショク:K ソク:G ライ
娖	サク ショク:K ソク:G
娗	ジョウ:G テイ:K テン:GK
娘	ジョウ:K ニョウ:G
娙	キョウ:G ギョウ:G ケイ:K コウ:K ゴウ
娚	ドウ:K ナン ノウ:G
娛	グ ゴ
娜	ダ:K ナ:G
娝	ハイ:K ヒ フ:G ヘ:G ホウ:K
娞	スイ ダイ:K ネ
娟	エン:GK ケン:GK
娠	シン:GK
娡	シ
娢	カン:K ゴン:G
娣	ダイ:G テイ:K
娤	ソウ:K
娥	ガ:GK
娦	ヒン
娧	エチ:G エツ:K タイ:GK テ
娨	カン:K ゲン:G バン:K マン:G
娩	バン:K ブン:K ベン:K マン:G メン:G モン:G
娪	ギョ ゴ:K
娫	エン
娬	ブ:K ム:G
娭	アイ:GK キ:GK
娮	ゲン
娯	グ:GK ゴ:K
娰	ジ:G
娱	グ ゴ
娵	シュ:K シュウ ソウ
娶	シュ:K シュウ ショ
娷	スイ:K ズイ:G ツイ
娸	キ
娹	ケン:K ゲン:G
娺	セチ:G セツ:K タチ:G タツ:K ツイ テ テイ
娻	ツ:G トウ:K
娼	ショウ:GK
娽	リョウ ロク
娾	ガイ:K ガク ギャク ゲ:G
娿	ア
婀	ア:GK
婁	ル:GK ルイ ロウ:K
婂	ベン:K メン:G
婃	ス:G ソウ:K
婄	ハイ:K ブ:G ホウ:K
婅	キク:GK コク
婆	ハ:K バ:G
婇	サイ:GK
婈	リョウ:GK
婉	エン:K オン:G ワン
婊	ヒョウ
婋	キョウ:G コウ:K
婌	シュク:K ジュク:G
婍	キ
婎	キ ヒ
婏	ハン:K フ ホン:G
婐	カ ワ:GK
婑	ズイ ニ ワ
婒	タン:K ダン:G
婓	ヒ
婔	ヒ
婕	ショウ:GK
婖	テン
婗	ゲイ
婘	ケン:K ゲン:G
婙	セイ
婚	コン:GK
婛	キョウ:G ケイ:K
婜	カン:K キン ケン:G
婝	テン:K デン:G
婞	ギョウ:G ケイ:K コウ
婟	コ:K ゴ:G
婠	カツ:K カン ガチ:G ワチ ワツ ワン
婡	ライ
婢	ヒ:K ビ:G
婣	イン:GK
婤	シュ:G シュウ:K ジュ チュウ チョウ
婥	シャク:GK ジャク:G テキ:K ドウ:K ニョウ:G
婦	フ
婧	ショウ:G ジョウ:G セイ:K
婨	ロン
婩	ガク ガン:K ギャク ゲン:G
婪	ラン:GK
婫	コン:K ゴン:G
婬	イン:GK
婭	ア:K
婮	キョ:K コ:G
婯	レイ
婰	テン
婱	ケン:K ゲン:G
婷	チョウ:G テイ:K
婸	トウ:K ドウ:G ヨウ
婹	ヨウ
婺	ブ:K ボウ:K ボク:K ム:G モク:G
婻	ダン:K ナン:G
婼	シャク ジ:K ジャ ニ:G ニャ
婽	カ:K ケ:G
婾	ツ:G トウ:K ユ:GK
婿	サイ:G セイ:K
媀	ギョウ:G グ ゴウ:K
媁	イ
媂	タイ:G ダイ テイ:K
媃	ジュウ:K ニュウ:G
媄	ビ:K ミ:G
媅	タン:K トン:G
媆	ゼン:K ドン ナン ネン:G
媇	シン
媈	キ コン:K ゴン:G
媉	アク オク
媊	シ セン:K ゼン:G
媋	シュン:GK
媌	ボウ:K ボク:K ミョウ:G モク:G
媍	フ
媎	ソ
媏	タン
媐	イ キ:GK
媑	ジュ チョウ:G トウ:K
媒	バイ:K ボウ:K メ:G モウ:G
媓	オウ:G コウ:K
媔	ベン:K メン:G
媕	アン エン:K オウ オン:G
媖	エイ:K ヨウ:G
媗	カン:K ケン:G セン
媘	カイ
媙	イ
媚	ビ:K ミ:G
媛	エン:GK オン:G
媜	チョウ:G テイ:K
媝	シュ:G シュウ:K
媞	シ:K ジ:G タ タイ:G ダイ:G テイ:K
媟	セチ:G セツ:K
媠	タ:GK ダ:G ナ ラ
媡	レン
媢	バイ:K ビ:K ボウ:K ボク:K ミ:G メ:G モウ:G モク:G
媣	カン:K コン:G ゼン:K ネン:G
媤	シ
媥	ヘン
媦	イ
媧	カ:K カイ:K ケ:G
媨	シュ:G シュウ:K シュク ジュ ユ:G ユウ:K
媩	コ:K ゴ:G
媪	オウ
媰	シュ:G シュウ:K ジュ ス
媱	ヨウ:GK
媲	ヒ:K ビ:G ヘイ:K
媳	シャク:G セキ:K
媴	エン:K オン:G
媵	ショウ ヨウ:GK
媶	ジョウ ニュ
媷	ジョク:K ニク:G
媸	シ:GK
媹	リュウ:K ル:G
媺	ビ:K ミ:G
媻	ハ:K ハン:K バ:G バン:G
媼	ウン オウ:GK オチ:G オツ:K オン
媽	ボ:K マ モ:G
媾	ク:G コウ:K
媿	キ:GK
嫀	シン:K ジン:G
嫁	カ:K ケ:G
嫂	ソウ:GK
嫃	シン
嫄	ガン ギン ゲン:K
嫅	サ:K シャ:G
嫆	ユ:G ヨウ:K
嫇	ベイ ボウ:K ミョウ:G
嫈	エイ:K オウ キョウ:G ギョウ ケイ:K ゲイ ヨウ:G
嫉	シ:K シツ:K ジ:G ジチ:G
嫊	ソ
嫋	ジャク ジョウ:K ダク デキ ニョウ:G ニョク
嫌	ケン:K ゲン:G
嫍	トウ ヨウ
嫎	ホウ:K ボウ:G
嫏	ロウ
嫐	ジョウ ドウ:K ノウ:G
嫕	エイ
嫖	ヒョウ:GK
嫗	ウ:GK オ:G オウ ク:G コウ:K ヨ:K
嫘	ライ ルイ レ
嫙	セン:K ゼン:G
嫚	エン バン:K ベン:K マン:G メン:G
嫛	イ エイ
嫜	ショウ:GK
嫝	コウ
嫞	ショウ:K ジュ:G チュ チョウ
嫟	ジョク ニキ
嫠	リ:GK
嫡	タク チャク:G テキ:K
嫢	イ キ:K ギ:G ケン:K ゲン:G スイ
嫣	エン:GK ケン
嫤	キン:K コン:G ゴン
嫥	セン:GK タン:K ダン:G
嫦	コウ:K ショウ:K ジョウ:G
嫧	サク シャク:G セキ:K
嫨	カン ゼン:K ネン:G
嫩	ドン:K ナン ノン:G
嫪	ロウ:GK
嫫	ボ:K モ:G
嫬	シャ ショ
嫭	コ:K ゴ:G
嫮	コ:K ゴ:G
嫯	ゴウ
嫰	ドン:K
嫳	ヘチ:G ヘツ:K
嫴	ク:G コ:K
嫵	ブ:K ム:G
嫶	ショウ:K ジョウ:G
嫷	タ:K ダ:G
嫸	セン
嫹	ボウ:K ミョウ:G
嫺	カン:K ゲン:G
嫻	カン:K
嫼	アツ:K エチ:G コク ボク:K モク:G
嫽	リョウ:GK ロウ
嫾	レン
嫿	カク ギャク
嬀	キ:GK ギ
嬁	トウ:GK
嬂	シキ:G ショク:K
嬃	シュ
嬄	イチ:G イツ:K
嬅	カ:K ゲ:G
嬆	キュウ:K コウ:G
嬇	エ カイ:K ケ:G
嬈	キョウ ジョウ:K ドウ ニョウ:G ヨウ
嬉	キ:GK
嬊	エン
嬋	セン:K ゼン:G
嬌	キョウ:GK
嬍	ビ
嬎	ハン:K ヘン:G
嬏	ハン
嬐	ギン:K ゲン ゴン:G セン
嬑	イ
嬒	エ:G カイ:K ケ:G ワイ:K ワチ ワツ
嬓	キョウ
嬔	フ
嬕	シャク:G セキ:K
嬖	ヒ ヘイ:K
嬗	セン:K ゼン:G タン
嬘	スイ:K ズイ:G
嬙	シキ:G ショウ:K ショク:K ゾウ:G
嬚	レン
嬛	エン カン:K ギョウ:G ケイ:K ケン:GK ゲン:G セン:K ゼン:G
嬜	アン:K オン:G カン キン:K コン:G タン:K ドン:G
嬝	ジョウ:K
嬞	トウ
嬟	イ ギ
嬠	サン
嬡	アイ
嬢	ジョウ:K ドウ ニョウ:G
嬣	デイ トウ ニョウ
嬤	バ:K マ:G
嬥	ジョウ:G タク:K ダク:G チャク:G チョウ:K テキ:K
嬦	シュウ:K ジュ:G チュウ
嬧	シン:K ジン:G
嬨	シ:K ジ:G
嬩	ヨ
嬪	ヒン:K ビン:G
嬫	エイ:K ヨウ:G
嬬	シュ ジュ:K ドウ:K ニュ ヌ:G
嬭	ジ:K ダイ:K デイ:K ナイ:G ニ:G ネ:G
嬮	エン ヨウ
嬯	タイ:K ダイ:G
嬰	エイ:K ヨウ:G
嬱	セン
嬲	ジョウ:K ドウ:K ニョウ:G ノウ:G
嬳	コ:K ゴ:G ワク
嬴	エイ:K
嬵	ベン:K メン:G
嬸	シン:GK
嬹	キョウ:G コウ:K
嬺	ジョク
嬻	トク:K ドク:G
嬼	リュウ:K ル:G
嬽	エン:K オン:G ワン
嬾	ラン:GK
嬿	エン
孀	ショウ:G ソウ:K
孁	リョウ:G レイ:K
孂	キ キュウ:K キョウ ク:G ケン コク
孃	ジョウ:K ドウ ニョウ:G
孄	ラン
孅	セン:GK
孆	エイ
孇	ソウ
孈	イ エ:G カイ:K キ ケイ スイ
孉	ケン
孊	ビ:K ミ:G
孋	リ:GK レイ:K
孌	バン:K マン:G ラン レン:GK
孍	ゲン:K ゴン:G
孎	サク ショク:K ソク:G ゾク タク チョク
孏	ラン
子	シ:GK ジ ス:T
孑	キチ:G キツ:K ケツ:K ゲツ
孒	カチ キョウ:K ク:G クチ クツ ケツ:K
孔	ク:G コウ:K
孕	ヨウ:GK
孖	シ:GK ジ
字	シ:K ジ:G
存	セン ソン:K ゾン:G
孚	フ:GK フウ:K ブ:G
孛	ハイ:K ヒ フチ フツ ベ:G ホツ:K ボチ:G ボツ
孜	シ:GK
孝	キョウ:G コウ:K
孞	シン:GK
孟	ショウ バン:K ボウ:K マン:T ミョウ:G モウ:GK
孠	シ
孡	タイ
孢	ヒョウ:G ホウ:K
季	キ:GK
孤	コ:K
孥	ド:K ヌ:G
学	カク:K ガク:G キョウ:G コウ:K
孨	ジュウ:K セン:GK ニュウ:G
孩	カイ:K ガイ:G
孫	ソン:GK
孬	カイ:K ケ:G
孮	ズ:G ソウ:K
孯	カン:K ケン:GK
孰	シュク:K ジュク:G
孱	サン:K セン:K ゼン:G
孲	ア
孳	シ:GK ジ:G
孴	ギ ユウ
孵	フ:GK
孶	シ:K ジ:G
孷	リ
學	カク:K ガク:G キョウ:G コウ:K
孹	ハク
孺	ジュ:K ニュ
孻	ダイ:K ナイ:G
孼	ゲチ:G ゲツ:K
孽	ゲツ:K
孾	エイ
孿	サン:K セン:G レン:GK
宀	ベン:K メン:G
宁	チョ:K
宂	ジョウ ニュ
它	シャ:K ジャ:G タ:GK
宄	キ:GK
宅	ジャク:G タ タク:K チャク ツ:G ト:K
宆	キュウ:K
宇	ウ:GK
守	シュ:G シュウ:K ス:G
安	アン:GK
宊	トツ:K
宋	ス:G ソウ:K
完	カン:K ガン:G ゴチ:G ゴツ:K
宍	ジク:K ニク:G
宎	ヨウ:GK
宏	コウ:K ゴウ:G
宐	ギ:GK
宑	ショウ:G セイ:K
宒	チュン
宓	ヒツ:K ビツ:K フク:K ブク:G ミチ:G
宔	シュ:K
宕	トウ:K ドウ:G
宖	オウ:G コウ:K ゴウ:G
宗	シュウ ソウ:K
官	カン:GK
宙	ジュ チュウ:K
定	ジョウ:G チョウ:K テイ:K
宛	ウチ:G ウツ:K エン:K オン:G
宜	ギ:GK
宝	ホウ:GK
实	ジツ
実	シ シツ:K ジチ:G ジツ
客	カ:K カク:K キャク:G ケ:G
宣	ケン セン:GK
室	シ シチ:G シツ:K
宥	ウ:G ユウ:K
宦	カン:K ゲン:G
宧	イ
宨	チョウ:GK
宩	シ:GK
宪	キョウ コン ボウ
宫	キュウ:K ク:G グウ
宬	ジョウ:G セイ:K
宭	クン:K グン:G
宮	キュウ:K ク:G グウ
宯	キョウ:G コウ:K
宰	サイ:GK
宱	サ:K ジャ:G
宲	ジツ ホウ:GK
害	カイ:K カツ:K ガイ:G
宴	エン:GK
宵	ショウ:GK
家	カ:K ケ:G コ:K
宷	シン:GK
宸	シン:K ジン:G
容	ユ:G ヨウ:K
宺	コウ
宻	ミツ
宼	コウ:K
宿	シュウ:K シュク:K スク:G
寀	サイ:GK
寁	サン:K ショウ:G
寂	ジャク:G セキ:K
寃	エン:K
寄	キ:GK
寅	イ イン:GK
密	ビツ:K ミチ:G ミツ:G
寇	ク:G コウ:K
寈	セイ
寊	チョウ:G テイ:K
寋	ケン
富	フ:G フウ:K
寍	ネイ:K
寎	キョウ:G ケイ:K ヒョウ:G ヘイ:K
寏	カン:K ガン:G
寐	ビ:K ミ:G
寑	シン
寒	カン:K
寓	ギョ:K グ:GK グウ ゴ:G
寔	ショク:K ジキ:G
寕	デイ ニョウ:G ネイ:K
寖	シン:GK
寗	ネイ:K
寘	シ:GK テン
寙	エ:G ユ:GK ワ:K
寚	ホウ:GK
寛	カン:GK
寜	ネイ
寝	シン:GK
寞	バク:K マク:G
察	サツ:K セチ:G
寠	ク:K ル:G ロウ:K
寡	カ:K
寢	シン:GK
寣	コチ:G コツ:K
寤	ゴ:K
寥	リャク:G リョウ:GK レキ:K ロウ
實	シ シツ:K ジチ:G ジツ
寧	デイ ニョウ:G ネイ:K
寨	サイ:K ゼ:G ソク
審	シン:GK ハン
寫	シャ:GK ソ
寬	カン:GK
寭	ケ:G ケイ:K
寮	リョウ:GK
寯	シュン:GK
寰	カン:K ケン:K ゲン:G
寱	ゲイ:K
寲	ギ
寳	ホウ:GK
寴	シン:GK
寵	チュ チョウ:K ル:G ロウ:K
寶	ホウ:GK
寷	フ:G フウ ホウ:K
寸	スン:G ソン:K
对	タイ
寺	シ:K ジ:G
寽	リチ:G リツ:K
対	タイ:GK ツイ:T
寿	シュウ:K ジュ:G ス
尀	ハ
封	フ:G フウ:G ヘン ホウ:K
専	セン:GK タン:K ダン:G
尃	フ:GK ホ
射	エキ:K シャ:K ジャ:G ジャク:G セキ:K ヤ:GK ヤク:G
尅	コク:GK
将	ショウ:K ソウ:G ヨウ
將	ショウ:K ソウ:G ヨウ
專	セン:GK タン:K ダン:G
尉	イ:GK ウチ:G ウツ:K
尊	ソン:GK
尋	シン:K ジン:G
尌	シュ:K ジュ:G チュ
對	タイ:GK ツイ:T
導	トウ:K ドウ:G
小	ショウ:GK
尐	シチ:G シツ:K セチ:G セツ:K
少	ショウ:GK
尒	ジ:K ニ:G
尓	キ:K ギ:G シ ジ:K
尔	ジ
尖	セン:GK
尗	シュク:K
尘	ジン
尙	ショウ:K ジョウ:G
尚	ショウ:K
尛	マ
尞	リョウ:GK
尟	ショウ セン:GK
尠	シュ:G ショウ:K セン:GK
尢	オウ:GK ユウ
尣	オウ:GK
尤	ウ:G ユウ:K
尥	チョウ ホウ:K ボウ:G リュウ
尦	チョウ ホウ リョウ:GK
尨	ボウ:K ム モウ:G
尩	オウ:GK
尪	オウ
尫	オウ:GK
尬	カイ:K カツ:K ケチ:G
尭	ギョウ:GK
尮	タ:GK
尯	キ
尰	シュウ:K ジュ:G
就	シュウ:K ジュ:G
尲	カン:K ケン:G
尳	カツ:K クチ ゲチ:G コツ
尵	タイ:K デ:G
尶	カン:K
尷	カン:K ケン:G
尸	シ:GK
尹	イン:GK
尺	シャク:G セキ:K
尻	コウ:GK
尼	イ ジ:K ジツ:K デイ:K ナイ:G ニ:G ニチ:G
尽	シン:K ジン:G
尾	ビ:K ミ:G
尿	ジョウ:K ニョウ:G
局	キョク:K
屁	ヒ:GK
屄	ヒ
居	キ:GK キョ:K コ:G
屆	カイ:K ケ:G
屇	テン:K デン:G
屈	クツ:K ケツ
屉	タイ:G テイ:K
届	カイ:K ケ:G
屋	オク:GK
屌	チョウ
屍	シ:GK
屎	キ シ:GK
屏	ビョウ:G ヘイ:K
屐	ケキ:K ゲキ
屑	セチ:G セツ:K ソチ:G ソツ:K
屒	シン:K ジン:G チン
屓	キ:GK
屔	ジ:K デイ:K ナイ:G ニ:G
展	テン:GK
屖	サイ:G セイ:K
屙	ア
屚	ル:G ロウ:K
屛	ビョウ:G ヘイ:K
屜	タイ:G テイ:K
屝	ヒ:K ビ:G
属	シュ ショク:GK ゾク:G
屟	ショウ:GK タイ:G テイ:K
屠	ジョ:G ズ:G チョ:K ト:K
屡	ル:GK
屢	ル:GK
屣	シ:GK
層	ソウ:K ゾウ:G
履	リ:GK
屧	ショウ:GK タイ:G テイ:K
屨	ク:GK
屩	カク:G キク キャク:K キョウ コク
屪	リョウ
屫	キャク
屬	シュ ショク:GK ゾク:G
屭	キ:GK
屮	サ ソウ テチ:G テツ:K
屯	チュン:GK トン:K
屰	ギャク ゲキ:K ハク:K ヒャク:G
山	サン:K セン:G
屳	セン
屴	リキ:G リョク:K
屵	ガチ:G ガツ:K ゲチ:G ゲツ:K ゲン
屸	グ:G コウ:K
屹	キツ ギツ:K ゴチ:G
屺	キ:K
屻	ジン:K ニン:G
屼	グチ グツ コツ ゴツ:K
屽	カン:K ガン:GK
屾	サン シン
岀	シュツ スイ
岄	ガチ ゲツ
岅	ハン
岆	ヨウ
岇	ゴウ:GK
岈	カ:K ガ ケ:G
岉	ブツ:K モチ:G
岊	グ セチ:G セツ:K
岋	ゴウ
岌	キュウ ギュウ:GK ゴウ:GK
岍	ケン
岎	フン
岏	ガン:GK
岐	キ:K ギ:G シ
岑	ギン シン:K
岒	ケン:K ゲン:G シン
岓	キ:K ゲ:G
岔	サ タ フン
岕	カイ
岝	サク:K ザク:G シャク:G
岞	サク
岟	オウ:G ヨウ:K
岠	キョ:K ゴ:G
岡	コウ:GK
岢	カ:GK
岣	ク:GK コウ:K
岤	ケチ:G ケツ:K
岥	ハ
岦	リュウ:GK
岧	ジョウ:G チョウ:K
岨	ショ:K ソ:G
岩	ガン:K
岪	フツ:K ブチ:G
岫	シュウ:K ユ:G ユウ:K
岬	コウ:K
岭	リョウ:G レイ:K
岮	タ:K ダ:G
岯	ハイ:K ヒ:K ビ:G ヘ:G
岰	オウ:K ユ:G ユウ:K ヨウ:G
岱	タイ:K ダイ:G
岲	キョウ:GK コウ
岳	ガク:GK
岴	ク:GK
岵	コ:K ゴ:G
岶	ハク:K ヒャク:G
岷	ビン:K ミン:G
岸	ガン:GK
岹	チョウ
岺	レイ:K
岻	ジ:G タイ:G チ:K テイ:K ニ
峆	コウ:K ゴウ:G
峇	コウ:GK
峈	ラク
峉	ガク:K ギャク
峊	フ
峋	シュン:GK
峌	テツ:K デチ:G
峍	ロツ
峎	ゴン
峏	ジ:K ニ:G
峐	カイ:GK キ
峑	セン
峒	トウ:K ドウ:G
峓	イ
峔	ボ:K モ:G
峖	アチ:G アツ:K アン
峗	ガイ:K キ ギ:GK グチ グツ ゲ:G
峘	カン:K ガン:G コウ:K ゴウ:G
峙	ジ:G チ:K
峚	ビツ:K ミチ:G
峛	リ
峜	ケイ
峝	ズ:G トウ:K
峞	ガイ:K キ ゲ:G ゴチ:G ゴツ:K
峟	ウ:G ユウ:K
峡	キョウ コウ:GK
峦	ラン
峨	ガ:GK
峩	ガ:GK
峪	ユウ ヨク:GK
峫	シャ:K ジャ:G ヤ
峬	フ:G ホ:K
峭	ショウ:GK
峮	キン:K クン:K コン:G
峯	フ:G ホウ:K
峰	フ:G ホウ:K
峱	ドウ:K ノウ:G
峲	リ
峳	ユ:G ユウ:K
峴	ケン:K ゲン:G
峵	コウ
島	トウ:GK
峷	シン
峸	ジョウ:G セイ:K
峹	ト
峺	キョウ:G コウ:K
峻	シュン:GK
峼	コウ:K ゴウ:G
峽	キョウ コウ:GK
峾	ギン:K ゴン:G
峿	ギョ:K ゴ:G
崀	ロウ
崆	ク:G コウ:GK
崇	シュ:G シュウ:K スウ ズ:G ソウ:K
崈	ショウ
崉	トウ:K ドウ:G
崊	リン
崋	カ:K ゲ:G
崌	キョ:K コ:G
崍	ライ:GK
崎	イ キ:GK ゲ
崏	ビン
崐	コン:GK
崑	コン:GK
崒	シュツ:K ジュチ:G スイ ソツ:K ゾチ:G
崓	ク:G コ:K
崔	サイ:GK スイ セ
崕	ガイ:K
崖	ガイ:K ギ ゲ:G
崗	コウ:GK
崘	ロン:GK
崙	リン ロン:GK
崚	リョウ:GK
崛	クツ:K グチ グツ
崜	タ
崝	ジョウ:G ソウ:K
崞	カク
崟	ギン:K ゴン:G
崠	ツ:G トウ:K
崡	カン:K ゲン:G
崢	ジョウ:G ソウ:K
崣	イ:GK
崤	コウ:K ゴウ:G
崥	バイ ヒ:K ビ:G ヘイ
崦	エン:GK
崧	シュ:G シュウ:K スウ:G
崨	ショウ:K ジョウ:G
崩	ホウ:GK
崪	スイ
崫	クチ クツ:K コツ
崱	ショク:K ジキ:G
崲	オウ:G コウ:K
崳	ユ
崴	イ エ:G ワイ:K
崵	トウ ヨウ
崶	フ:G ホウ:K
崷	シュウ:K ジュ:G
崸	トン:K ドン:G
崹	ダイ:G テイ:K
崺	イ
崻	ジ:G チ:K
崼	シ テツ
崽	サイ:K シ
崾	ヨウ
崿	ガク:GK
嵀	ジュ チュウ
嵁	カン:K ガン:G ケン コン:K ゴン:G サン:K ザン:G チン
嵂	リチ:G リツ:K
嵃	ガン ゲン:GK
嵄	ビ:K ミ:G
嵅	カン:K コン:G
嵆	ケイ:K ゲイ
嵇	ケイ:K
嵈	カン:K ガン:G
嵉	チョウ:G テイ:K
嵊	ショウ:K ジョウ:G
嵋	バイ:K ビ:K ミ:G メ:G
嵌	カン:K ガン:G サン:K ザン:G
嵍	ブ:K ボウ:K ム:G モウ:G
嵎	グ:GK グウ ゴウ
嵏	ス:G ソウ:K
嵐	ラン:GK
嵑	カチ:G カツ:K ケツ:K ゲチ:G
嵒	ガン:K ギュウ ギン:K ゴウ ゴン:G
嵓	ガン:K
嵔	エ:G ワイ:K
嵕	ソウ:K
嵖	サ
嵗	セイ
嵜	イ キ:GK ゲ
嵞	ズ:G ト:K
嵟	タイ:K テ:G デ
嵠	ケイ:K
嵡	オ オウ:K
嵢	ソウ
嵣	トウ:K ドウ:G
嵤	エイ:K ギョウ:G ケイ:K コウ:K ヨウ:G
嵥	ケツ:K ゲチ:G
嵦	カイ:K ガイ:G
嵧	リュウ:K ル:G
嵨	ウ:G オ:K
嵩	シュ:G シュウ:K スウ:G
嵪	キョウ コウ:GK
嵫	シ:K ジ:G
嵬	イ エ:G カイ:K ガイ:K ギ ゲ:G ワイ
嵭	ヒョウ:G ホウ:K
嵮	テン
嵯	サ:K シ
嵰	カン ケン:GK
嵱	ユ:G ヨウ:K
嵲	ゲチ:G ゲツ:K
嵳	サ:K
嵴	シャク:G セキ:K
嵷	シュ:K ショウ:G ス:G ソウ:K
嵸	ショウ
嵹	キョウ:K ゴウ:G
嵺	キョウ:G コウ:K リョウ:GK
嵻	コウ
嵼	サン:K セン:G
嵽	ダイ:G テイ:K テツ:K デチ:G
嵾	サン シン:GK ソン
嵿	チョウ:G テイ:K
嶀	ツ:G ト:K
嶁	ル:GK ロウ:K
嶂	ショウ:GK
嶃	サン:K ザン:G セン:K ゼン:G
嶄	サン:K ザン:G セン:K ゼン:G
嶅	ギョウ:G ゴウ:K
嶆	ソウ:K ゾウ:G
嶇	ク:GK
嶈	ショウ:K ソウ:G
嶉	シ スイ
嶊	サイ:GK スイ セ ツイ
嶋	トウ:GK
嶌	トウ:GK
嶍	シュウ
嶏	ハイ:K ヒ:K ビ:G フチ フツ ヘ:G ホツ:K ボチ:G
嶐	リュ リュウ:K
嶑	ショウ:K ゾウ:G
嶒	ショウ:K ジョウ:G ソウ:K ゾウ:G
嶓	ハ:GK
嶔	カン:K キン:K ケン:G コン:G
嶕	ショウ:K ジョウ:G
嶖	エン
嶗	ロウ:GK
嶘	サン:K セン:G
嶙	リン:GK
嶚	リョウ
嶛	リョウ:GK
嶜	シン:K ジン:G セン:K ゼン:G
嶝	トウ:GK
嶞	タ:K ダ:G
嶟	シュン ソン:GK
嶠	キョウ:K ギョウ:G
嶡	カチ ケ:G ケイ:K ケツ
嶢	ギョウ:GK
嶣	ショウ
嶤	ギョウ:GK
嶦	セン ソン
嶧	エキ:K シャク:G セキ:K ヤク:G
嶨	カク:K ガク:G
嶩	ドウ
嶪	ギュウ ギョウ:G ゴウ:K
嶫	ギョウ:K
嶬	ギ:GK
嶭	ガチ ガツ ゲチ:G ゲツ:K
嶮	ケン ゲン:GK
嶯	シュウ ソウ
嶰	カイ:K ケ:G ゲ:G
嶱	カチ:G カツ:K
嶲	ケイ:K スイ:GK
嶳	チ
嶴	オウ
嶵	サイ
嶷	ギ:GK ギョク:K ゴキ
嶸	エイ:K オウ:G コウ:K ヨウ:G
嶹	トウ:GK
嶺	リョウ:G レイ:K
嶻	サツ
嶼	キョ ショ:K ジョ:G
嶽	ガク:GK
嶾	イン:K オン:G
巀	サツ セツ
巁	レイ レツ
巂	キ ケイ スイ セン
巃	ル:G ロウ:K
巄	ロウ
巆	ギョウ:G ケイ:K コウ
巇	キ:GK ギ
巈	キク コク
巉	サン:K ザン:G
巊	エイ:K ヨウ:G
巋	キ:GK ギ
巌	ガン:K ゲン:G
巍	ガイ:K ギ:GK ゲ:G
巎	ドウ:K
巏	カン ケン:K ゲン:G
巐	チョウ:GK
巑	サン:K ザン:G
巒	ラン:GK
巓	テン:GK
巖	ガン:K ゴン
巗	ガン:K ゲン:G
巘	ケン:K ゲン:GK ゴン:G
巙	キ:K ギ:G ドウ:K ノウ:G
巚	ケン
巛	セン:GK
巜	カイ:K カン ケ:G
川	セン:GK
州	シュウ:K ス:G
巟	コウ
巠	キョウ:G ケイ:K
巡	エン シュン:K ジュン:G
巢	ジョウ:G ソウ:K
巣	ジョウ:G ソウ:K
巤	リョウ:GK
工	ク:G コウ:K
左	サ:GK
巧	キョウ:G コウ:K
巨	キョ:K コ:G ゴ:G
巩	キョウ:K
巫	フ ブ:K
差	サ:K サイ:K シ:GK シャ:G セ:G タ
己	イ キ:K コ:G
已	イ:GK キ コ シ
巳	シ:K ジ:G
巴	ハ:K ヘ:G
巵	シ:GK
巶	ショウ
巷	コウ:K ゴウ:G
巸	イ:GK キ
巹	キン:K
巺	ソン
巻	カン ケン:GK
巽	ソン:GK
巾	キン:K コン:G
巿	シ ハイ ハチ:G ハツ:K ヒ フチ フツ
帀	ソウ:GK
币	イン
市	シ:K ジ:G
布	フ:G ホ:K
帄	チョウ:G テイ:K
帅	スイ
帆	ハン:K ボン:G
帇	ジョウ:K ニョウ:G
师	シ
帉	フン:K ブン:G
帊	ハ:K ヘ:G
帋	シ:GK
希	キ:K ケ:G
帍	コ:K ゴ:G
帎	タン:K トン:G
帑	トウ:GK ド:K ヌ:G
帒	タイ:K ダイ:G バツ
帓	バツ:K ボチ マチ:G メチ
帔	ヒ:GK
帕	ハ:K ハク バク:K バツ:K ヘ:G ミャク:G メチ:G
帖	ジョウ チョウ:GK
帗	ハチ:G ハツ:K フチ フツ
帘	シン:K ジン:G ヨウ レン:GK
帙	チツ:K
帚	シュ:G シュウ:K ソウ
帛	ハク:K ビャク:G
帝	タイ:G チ テイ:K
帞	ハク:K バク:G
帟	エキ:K ヤク:G
帠	ゲイ:K
帡	ヘイ
帢	コウ
帣	ケン:K ゲン:G
帤	ジョ:K ニョ:G
帥	シュチ:G シュツ:G スイ:GK セイ ソツ:K
带	タイ
帨	エツ スイ セ:G セイ:K ゼイ:G
帩	ショウ
帪	シン
師	シ:GK
帬	クン
席	シャク:G セキ:K
帮	ホウ:GK
帯	タイ:GK
帰	キ:GK ギ
帲	ヒョウ:G ヘイ:K
帳	チョウ:GK
帴	サイ サツ:K サン:K ザン セチ:G セン:G
帵	エン:K オン:G ワン:GK
帶	タイ:GK
帷	イ:GK
常	ショウ:K ジョウ:G
帹	ショウ:G ソウ:K
帺	キ:K ギ:G
帽	ボウ:K
帾	ツ:G ト:K
帿	グ:G コウ:K
幀	チョウ:G テイ:K トウ:K
幁	シュ:K ス:G
幂	ベキ:K ミャク:G
幃	イ:GK キ
幄	アク:GK
幅	ヒキ:G ヒョク:K フク:GK
幆	エイ カイ
幇	ホウ:GK
幈	ヘイ
幊	ク:G コウ:K
幋	ハン:K バン:G
幌	オウ:G コウ:K
幍	コウ トウ
幎	ベイ ベキ:K ベン:K ミャク:G ミョウ メン:G
幏	カ:K ケ:G
幐	トウ:K ドウ:G
幑	キ:K
幒	シュ:G ショウ:K
幓	サン:K ショウ シン セン:G
幔	バン:K マン:G
幕	バク:K バン:K マク:G マン:G
幖	ヒョウ:GK
幗	カイ:K カク:K キャク:G ケ:G
幘	サク:K シャク:G
幙	バク:K バン:K ボ マク:G マン:G
幚	ホウ
幛	ショウ
幜	キョウ:G ケイ:K
幝	セン タン
幞	ホク:K ボク:G
幟	シ:GK
幠	ク:G コ:K ブ:K ム:G
幡	ハン:K バン:K ホン:G マン:G
幢	ジョウ ズ トウ:K ドウ:G
幣	ヘイ:K
幤	ヘイ:K
幦	キャク:G ケキ:K ベキ:K ミャク:G
幧	ショウ:G ソウ:K
幨	セン:GK
幩	ヒ フン:K ブン:G
幪	ボウ:K モウ:G
幫	ホウ:GK
幬	ジュ チュウ:K トウ:K ドウ:G
幭	バツ:K ベツ:K マチ:G メチ:G
幮	ジュ チュ チュウ:K
幯	サチ:G サツ:K セチ:G セツ:K
幰	ケン:K コン:G
幱	ラン
干	カン:GK ガン
平	ヒョウ:G ビョウ:G ヘイ:K ヘン:K ベン:G
年	デイ デン:K ニョウ ネン:G
幵	ケン:GK ゲン
并	ヒョウ:G ヘイ:K
幷	ヒョウ:G ヘイ:K
幸	ギョウ:G コウ:K ジョウ:K ニョウ:G
幹	カン:GK
幺	ベキ:K ミャク:G ヨウ:GK
幻	カン:K キョウ ゲン:G
幼	イク オウ ユウ:GK ヨウ:GK
幽	ユ ユウ:GK
幾	キ:K ケ:G ゲ
广	ゲン:K
庀	ヒ:GK ヘイ
庁	チョウ:G テイ:K
庂	シキ:G ショク:K
広	コウ:GK
庄	ショウ:G ソウ:K ビョウ:G ホウ:K
庇	ヒ:GK
庈	キン:K ゴン:G
庉	トン:K ドン:G
床	ショウ:G ソウ:K
庋	キ:GK
庌	ガ:K ゲ:G
庍	ハイ:K ヘ:G
庎	カイ:K
序	ショ:K ジョ:G
庐	ロ
庒	ショウ:G ソウ:K ビョウ:G ホウ:K
底	タイ:G テイ:K
庖	ビョウ:G ホウ:K
店	テン:GK
庘	オウ
庙	ビョウ
庚	キョウ:G コウ:K
庛	シ:K ジ:G
府	フ:GK
庝	ズ:G トウ:K
庠	ショウ:K ジョウ:G
庡	イ:K エ:G
庢	チチ:G チツ:K テイ
庣	ジョウ:G チョウ:K
庤	ジ:G チ:K
庥	キュウ:K ク:G
度	ズ:G タク:K ダク:G ト:K ド:G
座	サ:K ザ:G
庨	キョウ:G コウ:K
庩	ヅ ト
庪	キ:GK
庫	ク:GT コ:K シャ
庬	ボウ:K モ モウ:G
庭	テイ:K
庮	ユ:G ユウ:K
庯	フ:G ホ:K
庰	ヒョウ:G ビョウ ヘイ:K
庱	チョウ:GK リョウ
庲	ライ
庳	ヒ:K ビ:G
庴	シャク:G ジャク セキ:K
庵	アン:K オウ
庶	ショ:GK
康	コウ:GK
庸	ユ:G ヨウ:K
庹	タ:K タク ダ:G
庺	ショウ
庻	ショ
庽	グウ
庾	ユ:GK
庿	ビョウ:K
廀	シュ:G シュウ:K ソウ
廁	シ:GK シキ:G ショク:K
廂	ショウ:K ソウ:G
廃	ハイ:K ヘ:G
廄	キュウ:K ク:G
廅	オウ コウ:K ゴウ:G
廆	エ:G カイ:K ガイ:K ケ:G ゲ:G
廇	リュウ:K ル:G
廈	カ:K ゲ:G サ:K シャ:G
廉	レン:GK
廊	ロウ:GK
廋	シュ:G シュウ:K ソウ:K
廌	チ:K
廎	キョウ:G ケイ:K テイ
廏	キュウ:K ク:G
廐	キュウ:K
廑	キン:K ゴン:G
廒	ゴウ
廓	カク:GK
廔	リュ ル:G ロウ:K
廕	イン:K オン:G
廖	チュ チュウ リュウ:K リョウ:GK ル:G
廗	タイ
廘	ロク
廙	イ イキ:G ヨク:K
廚	ジュ ズ:G チュ チュウ:K
廛	テン:K デン:G
廜	ツ:G ト:K
廝	シ:GK
廞	カン:K キン:K ギン:K ケン:G コン:G ゴン:G
廟	ビョウ:K ミョウ:G
廠	ショウ:GK
廡	ブ:K ム:G
廢	ハイ:K ヘ:G
廣	コウ:GK
廥	カイ:K ケ:G
廦	ヒャク:G ヘキ:K
廧	ショウ:K ゾウ:G
廨	カイ:K ケ:G ゲ:G
廩	ラン リン:GK
廪	リン
廫	リョウ:GK ロウ
廬	リョ:K ル:G ロ:G
廮	エイ:K ヨウ:G
廯	セン
廰	チョウ:G
廱	ユ:G ヨウ:K
廲	ライ:G リ レイ:K
廳	チョウ:G テイ:K
廴	イン:GK
延	エン:GK
廷	テイ:K
廸	テキ:K
廹	ハク:K ヒャク:G
建	ケン:K コン:G
廻	エ:G カイ:K
廼	ダイ:K ナイ:G ノ
廽	カイ:K
廾	キョウ:K ク:G
廿	ジュウ:K デン
开	カイ
弁	ハン:K バン:G ヘン:K ベン:G
异	イ:GK
弃	キ:GK
弄	ル:G ロウ:K
弅	フン:K ブン:G
弆	キョ:K コ:G
弇	エン:GK カン:K コン:G ダン:K ナン:G
弈	エキ:K ヤク:G
弉	ジョウ:G ソウ:K
弊	ハイ ヘイ:K ヘツ
弋	イキ:G ヨク:K
弌	イチ:G イツ:K
弍	ジ:K ニ:G
弎	サン:GK
式	シ シキ:G ショク:K チキ:G チョク:K トク
弐	ジ:K ニ:G
弑	シ:GK シイ
弒	シ シイ
弓	キュウ:K ク:G
弔	チャク:G チョウ:GK テキ:K
引	イン:GK
弗	ヒツ:K ビチ:G フ フツ:K ブチ ホツ
弘	グ:G コウ:K
弙	ウ:G オ:K ク:G コ:K
弚	タイ デ
弛	イ シ:GK チ
弜	キ キョウ:K ゴウ:G
弝	ハ:K ヘ:G
弞	イン シン:GK
弟	ジャク:G タイ:G ダイ:G テ テイ:K テキ:K デ
弡	クツ グチ チョウ
弢	トウ:GK
弣	フ:GK
弤	タイ:G チョウ:G テイ:K
弥	ゲイ ド ビ:K ミ:G
弦	ケン:K ゲン:G
弧	ウ:G オ:K ク:G コ:K
弨	ショウ:GK
弩	ド:K ヌ:G
弫	シン
弬	イ:GK
弭	ビ:K ミ:G
弮	ケン:GK
弯	ワン:K
弰	ショウ:G ソウ:K
弱	ジャク:K ニャク:G
弲	エン ケン
弴	チョウ:GK トン:GK
張	チョウ:GK
弶	キョウ:K ゴウ:G
強	キョウ:K コウ:G ゴウ:G
弸	ヒョウ:G ビョウ:G ホウ:K
强	キョウ
弻	ヒツ:K
弼	ヒツ:K ビチ:G
弽	キョウ ショウ:GK
弾	タン:K ダン:G
弿	ケン:GK コン
彀	ク:G コウ:K
彃	ヒチ:G ヒツ:K
彄	ク:G コウ:K
彆	ヘイ ヘチ:G ヘツ:K
彇	ショウ:GK
彈	タン:K ダン:G
彉	カク
彊	キョウ:K ゴウ:G
彋	ギョウ:G ク:G コ:K コウ:K
彌	ゲイ ド ビ:K ミ:G
彍	カク:GK
彎	ワン:K
彏	カク
彐	ケイ:K セツ
彑	ケイ:K
归	キ
当	トウ:GK
彔	ロク:GK
录	ロク
彖	シ タン:GK
彗	イ エ:G エイ ケイ:K スイ:K ズイ:G セ:G セイ:K ゼ
彘	エ:G エイ:K ダイ:G テイ:K
彙	イ:GK
彚	イ
彛	イ:GK
彜	イ:GK
彝	イ:GK
彞	イ
彠	カク:K
彡	サン:K セン:GK
形	ギョウ:G ケイ:K
彣	ブン:K モン:G
彤	ズ:G トウ:K
彥	ゲン
彦	ゲン:GK
彧	イク:K
彩	サイ:GK
彪	ヒュ ヒュウ:GK ヒョウ
彫	チョウ:GK
彬	ハン ヒン:GK
彭	ビョウ:G ホウ:GK ボウ
彮	ユ:G ヨウ:K
彯	ヒョウ:GK ビョウ
彰	ショウ:GK
影	エイ:K ヨウ:G
彲	チ:GK
彳	チャク:G テキ:K フク ホク
彴	シャク:GK ジャク チャク:G テキ:K ハク:K バク:G
彵	タ
彶	キュウ:K コウ:G
彷	ホウ:GK ボウ:G
彸	シュ:G ショウ:K
役	エキ:K ヤク:G
彺	オウ:GK
彼	ヒ:GK
彽	ジ:G タイ:G チ:K テイ:K デ
彾	リョウ:G レイ:K
彿	フチ フツ:K
往	オウ:GK
征	ショウ:G セイ:K
徂	ソ:K ゾ:G
徃	オウ:GK
径	キョウ:G ケイ:K
待	タイ:K ダイ:G
徆	サイ:G セイ:K
徇	シュン:K ジュン:G
很	コン:K ゴン:G
徉	ヨウ:GK
徊	エ:G カイ:K
律	リチ:G リツ:K
後	コウ:K ゴ
徍	ア アイ:K カ カイ ケイ
徎	チョウ:G テイ:K リョウ:G レイ:K
徏	チョク:K
徐	ショ:K ジョ:G
徑	キョウ:G ケイ:K
徒	ズ:G ト:K
従	ショウ:K ジュ:G ジュウ:G ス ソウ:G ゾウ
徖	ス:G ソウ:K
得	トク:GK
徘	ハイ:K ベ:G
徙	シ:GK
徛	キ:K ギ:G
徜	ショウ:K
徝	チ チキ:G チョク:K
從	ショウ:K ジュ:G ジュウ:G ス ソウ:G ゾウ
徟	シュ:G シュウ:K
徠	ライ:GK
御	ガ:K ギョ:K ゲ:G ゴ:G
徢	ショウ:GK
徣	セキ
徤	ケン:K
徥	シ:K ジ:G タイ:G ダイ チ テイ:K
徦	カ:K カク:K キャク:G ケ:G
徧	ヘン:GK ベン
徨	オウ:G コウ:K
復	フウ:K フク:K
循	シュン:K ジュン:G
徫	イ:GK
徬	ホウ:K ボウ:G
徭	ヨウ:GK
微	ビ:K ミ:G
徯	ケイ:K ゲイ
徰	セイ:K
徱	ヒョウ
徲	ジ:G ダイ:G チ:K テイ:K
徳	チ トク:GK
徴	チ:GK チョウ:GK
徵	チ:GK チョウ:GK
徶	ヘツ:K ベチ:G
德	チ トク:GK
徸	シュ:G ショウ:K
徹	テツ:K デチ:G
徻	エ:G ワイ:K
徼	キョウ:GK ギョウ ヨウ:GK
徽	キ:K
徾	ビ
徿	リュ リョウ ル:G ロウ:K
忀	ショウ:G ジョウ:K ソウ:K ニョウ:G
忁	ヒョウ:G ホウ:K ボウ
忂	ク:K グ:G
心	シン:GK
忄	シン
必	ヒチ:G ヒツ:K ヘチ:G ヘツ:K
忇	ロク
忈	ジン:K ニン:G
忉	トウ:GK
忊	ジョウ:G テイ:K
忋	カイ:K ガイ:G
忌	キ:K ギ:G
忍	ジン:K ニン:G
忎	ジン
忏	セン
忐	キョウ:G コウ:K タン
忑	トウ トク
忒	トク:GK
忓	カン:GK ガン
忔	キ キツ:K ギツ コチ:G コツ:K ゴチ
忕	エイ セイ セツ:K ゼイ ゼチ:G タイ:K ダイ:G
忖	ソン:GK
志	シ:GK
忘	ボウ:K モウ:G
忙	ボウ:K モウ:G
忚	ケイ ラ
応	オウ:G ヨウ:K
忝	テン:GK
忞	ビン:K ブン:K ミン:G モン:G
忟	ビン
忠	チュ チュウ:GK
忡	シュ:G シュウ:K チュ チュウ:GK
忢	ゴ:K
忣	キュウ
忤	ゴ:K
忥	キ:K ケ:G
忦	カイ:K カツ:K ガイ ガツ ケ:G ケチ:G ゲチ
忧	ウ コウ
忨	ガン:GK
忩	ソウ:K
忪	シュ:G ショウ:K
快	カイ:K ケ:G
忬	ショ:GK ヨ:GK
忭	ヘン:K ベン:G
忮	キ:K ギ:G シ:GK
忯	イ キ:K ギ:G コン シ:K ジ:G ダイ:G テイ:K
忰	スイ:K
忱	シン:K ジン:G
忲	セイ タイ:GK
忳	シュン:K ジュン:G トン:K ドン:G
忴	キン:K ケン ゴン:G
念	デン:K ネン:G
忶	ウン コン:K ゴン:G
忷	キョウ
忸	ジク:K ジュウ ニク:G ニュ
忹	オウ
忺	ケン:K コン:G
忻	キン:K コン:G
忼	コウ:GK ヒョウ:G ホウ:K
忽	コチ:G コツ:K
忾	キ キツ
忿	フン:GK ブン
怀	カイ フ:G フウ:K
怇	キョ:K キョウ ゴ:G
怈	エイ
怉	ヒョウ:G ホウ:K ボウ
怊	ショウ:K ジョウ:G チョウ:GK
怋	コン ビン:K ボン:K ミン:G モン:G
怌	ヒ
怍	サ:K サク:K ザク:G ジャ:G
怎	シン:GK ソ ソウ
怏	オウ:G ヨウ:K
怐	ク:G コウ:K
怑	ハン:K バン:G
怒	ド:K ヌ:G
怓	ドウ:K ニョウ:G
怔	ショウ:G セイ:K
怕	ハ:K ハク:K バク ヒャク:G ヘ:G
怖	フ:G ホ:K
怗	セン:GK チョウ:GK テン
怘	ク:G コ:K
怙	コ:K ゴ:G
怚	シャ ショ:K ソ:GK ゾ
怛	タチ:G タツ:K タン:K ダツ ダン:G
怜	リョウ:G レイ:K レン:GK
思	サイ:GK シ:GK
怞	ジュ チュウ ユ:G ユウ:K
怟	タイ:G テイ:K
怠	イ タイ:K ダイ:G
怡	イ:GK
怢	タイ:K テ:G テチ:G テツ:K トチ:G トツ:K
怣	ユウ
怤	フ:GK
急	キュウ:K コウ:G
怦	ヒョウ:G ホウ:K
性	ショウ:G セイ:K
怨	ウン エン:K オン:G
怩	ジ:K ジツ:K デイ:K ナイ:G ニ:G ニチ:G
怪	カイ:K ケ:G
怫	ハイ:K ヒ:GK フツ:K ブチ ベ:G
怬	キ
怭	ヒツ:K ビチ:G
怮	イク オウ:K オク ユ:G ユウ:K ヨウ:G
怯	キョウ:K コウ:G
怰	ケン:K ゲン:G
怱	ソウ:K
怲	ヒョウ:G ヘイ:K
怳	キョウ:K ケイ コウ:G
怴	カチ ケツ
怵	キチ:G キツ:K シュチ シュツ:K ジュチ ジュツ:G チュツ:K
怶	ヒ
怷	ジュチ チュツ
怸	シツ
怹	タン
恀	シ:K
恁	イン:T ジン:K ニン:G
恂	シュン:GK ジュン
恃	シ:K ジ:G チ
恄	キチ:G キツ:K
恅	ロウ
恆	コウ:GK ゴウ:G
恇	キョウ:K コウ:G
恈	ボウ:K ム:G
恉	シ:GK
恊	キョウ:K
恋	レン:GK
恌	チョウ:GK ヨウ
恍	コウ:GK
恎	シ シチ:G シツ:K テツ:K デチ:G
恏	コウ
恐	キョウ:K
恑	キ:GK ギ
恒	コウ:GK ゴウ:G
恓	サイ:G セイ:K
恔	キョウ:GK ギョウ:G コウ:K
恕	ショ:GK ジョ
恖	シ:GK
恗	カ:K ク:G ケ:G コ:K
恘	キュウ:K ク:G
恙	ヨウ:GK
恚	イ:GK エ:G ケイ:K
恛	エ:G カイ:K
恜	シキ チョク
恝	カイ カツ:K ガツ ケイ:K
恞	イ
恟	キョウ:K ク:G
恠	カイ:K
恡	リン:GK
恢	カイ:K キ ケ:G
恣	シ:GK
恤	シュツ:K ジュツ:G
恥	チ:GK
恦	ショウ
恧	ジク:K ジョク ニキ ニク:G
恨	コン:K ゴン:G
恩	オン:GK
恪	カク:GK
恫	ツ ヅ トウ:K ドウ:G
恬	テン:K デン:G
恭	キョウ:K ク:G
恮	シュン セン
息	ショク:K ソク:G
恰	カッ カツ コウ:K
恱	エツ:K
恲	ヒョウ:G ビョウ:G ヘイ:K ホウ:K
恳	コン
恴	トク
恵	エ:G ケイ:K
恾	ボウ:K モウ:G
恿	ツ:G トウ:K ユ:G ヨウ:K
悀	ユ:G ヨウ:K
悁	エン:GK ケン
悂	ヒ:GK ヘイ:K
悃	コン:GK
悄	ショウ:GK
悅	エツ:K
悆	ショ ヨ:GK
悇	チョ ツ:G ト:K ヨ
悈	カイ:K カク キョク:K コキ コク:G
悉	シチ:G シツ:K
悊	テチ:G テツ:K
悋	リン:GK
悌	ジャク:G タイ:G ダイ:G テイ:K テキ:K
悍	カン:K ガン:G ゲン:G
悎	カク キョウ:G コウ:K コク ゴウ:G
悏	キョウ
悐	チャク:G テキ:K
悑	フ:G ホ:K
悒	イウ オウ:G ユウ:K
悓	ケン:GK
悔	カイ:K ケ:G
悕	キ:K ケ:G
悖	ハイ:K ヘ:G ベ ホツ:K ボチ:G ボツ:G
悗	バン:K ボン:K マン:G モン:G
悘	イ:GK エイ:K
悙	キョウ:G コウ:K ヒョウ:G ホウ:K
悚	シュ:G ショウ:K
悛	シュン セン:GK
悜	チョウ:G テイ:K
悝	カイ:K ケ:G リ:GK
悞	ゴ:K
悟	ゴ:K
悠	ユウ:GK
悡	リ
悢	リョウ:K ロウ:GK
患	カン:K ゲン:G
悤	ス:G ソウ:K
悥	オク:G
悦	エツ:K
悧	リ:GK
您	ニン
悩	ドウ:K ノウ:G
悪	アク:GK ウ:G オ:K コ
悮	グ ゴ
悰	ズ:G ソウ:K
悱	ヒ:GK
悲	ヒ:GK
悳	トク:GK
悴	シュツ ジュチ スイ:K ズイ:G
悵	チョウ:GK
悶	ボン:K モン:G
悷	ライ:G リ レイ:K
悸	キ:K ギ:G
悹	カン
悺	カン ワン
悻	ギョウ:G ケイ:K コウ:K
悼	トウ:K ドウ:G
悽	サイ:G セイ:K
悾	ク コウ:GK
悿	テン
惀	リン ロン
惁	シャク セチ
惂	カン:K コン:G
惃	コン
惄	デキ:K ドク ニャク:G ノク
情	ジョウ:G セイ:K
惆	キュウ:K ク:G シュ:G シュウ:K ジュ チュ チュウ:GK ニュ
惇	シュン:GK ジュン トン:GK
惈	カ:GK
惉	セン:GK
惊	リョウ:GK
惋	エン ワン:GK
惌	エン:K オン:G
惍	キン:K コン:G
惎	キ:K ギ:G
惏	ラン:GK リン:GK
惐	イク キョク:K ケキ コク:G ヨキ ヨク
惑	コク:K ワク:G
惒	ワ
惓	ケン:K ゲン:G
惔	エン ケン タン:K テン ネン
惕	チャク:G テキ:K
惖	コチ:G コツ:K チャク:G テキ:K
惗	ジョウ:K セン ニョウ:G
惘	ボウ:K モウ:G
惙	テ テイ テチ:G テツ:K
惚	コチ:G コツ:K
惛	コン:GK ビン:K ボン:K ミン:G モン:G
惜	シャク:G セキ:K
惝	ショウ:GK トウ
惞	キン:K コン:G
惟	イ:K ビ:K ミ:G ユイ:G
惠	エ:G ケイ:K
惡	アク:GK ウ:G オ:K コ
惢	サ:GK スイ:K ズイ:G ニ
惣	ソウ:K
惤	ケン
惥	ヨウ:K
惦	テン
惧	ク:K グ:G
惨	サン:K ザン:G シン
惩	チョウ
惪	トク
惮	タ タン:K
惰	タ:K ダ:G
惱	ドウ:K ノウ:G
惲	ウン:GK キン:K ゴン:G
想	ショウ:K ソ ソウ:G
惴	カイ:K ケ:G スイ:GK ズイ
惵	キョウ ジョウ:G チョウ:K
惶	オウ:G コウ:K
惷	シュン:GK
惸	ギョウ:G ケイ:K
惹	ジャ:K ジャク:K ニャ:G ニャク:G
惺	ショウ:G セイ:K
惻	シキ:G ショク:K ソク:K
惼	ヘン:GK
惽	コン:GK ビン
惾	ス:G ソウ:K
惿	シ:K ジ:G ダイ:G テイ:K
愀	シュ:G シュウ:K ショウ:GK ジュ:G
愁	シュ:G シュウ:K ジュ:G ソウ:K ゾウ:G
愂	ボツ:G
愃	カン:K ケン:G セン:GK
愄	エ:G ワイ:K
愅	カク:K キャク:G キョク コキ
愆	ケン:GK
愇	イ:GK
愈	ギョ:K ゴ:G ユ:GK
愉	トウ ユ:GK
愊	ヒキ:G ヒョク:K フク
愋	エン:K オン:G カン:K ケン:G
愌	カン:K ガン:G
愍	ビン:K フン ミン:G
愎	ヒキ:G ヒョウ ヒョク:K フク
意	イ:GK ヨク
愐	ベン:K メン:G
愑	ヨウ:K
愒	カイ:GK カチ:G カツ:K ケイ:K ケチ:G ケツ:K
愓	ショウ トウ:K ドウ:G ヨウ
愔	アン:K イン:K オン:G
愕	ガク:GK ゴ
愖	キン:K コン:G シン:K ジン:G タン:K チン トン:G
愗	ボウ:K モ:G
愘	カ:K カク ケ:G
愙	カク:GK
愚	グ:GK
愛	アイ:GK エ
愜	キョウ:GK
愝	エン
愞	ジュ ジン:K ゼン:K ダ:K ダン:K ナ:G ニュ ニン:G ネン:G
感	カン:K コン:G ゴン
愠	ウン オン
愡	ソウ:K
愢	サイ:GK シ:GK
愣	リョウ
愥	オウ:K ヨウ:G
愧	キ:GK
愨	カク:K
愩	ク:G コウ:K
愪	イン ウン:GK
愫	ソ:K
愬	サク:K シャク:G ソ:K
愭	キ:K ギ:G
愮	ヨウ
愯	シュ:G ショウ:K
愰	オウ:G コウ:K
愱	シチ:G シツ:K
愲	クチ コツ
愳	ク
愴	ショウ:G ソウ:K
愵	デキ:K ニャク:G
愶	キョウ:K コウ:G
愷	カイ:GK ガイ
愸	セイ
愹	ヨウ:K
愺	ソウ:GK
愻	ソン
愼	シン:K ジン:G
愽	ハク:GK
愾	カイ:GK ガイ キ:K キツ:K ケ:G コチ:G
愿	ガン ゲン:K
慀	カイ:K ケ:G ケイ ゲイ
慁	コン:K ゴン:G
慂	ユ:G ヨウ:K
慃	オウ
慄	リチ:G リツ:K
慅	ショウ ソウ:GK
慆	トウ:GK
慇	イン:K オン:G
慈	ジ:G
慉	キク:GK コク チク
慊	キョウ:GK ケン:GK コウ
態	タイ:GK テイ
慌	コウ:GK
慍	ウチ:G ウツ:K ウン:GK オン
慎	シン:K ジン:G
慏	ベイ ベキ:K ミャク:G ミョウ
慒	シュウ:K ジュウ:G ズ:G ソウ:K
慓	ヒョウ:GK ビョウ
慔	バク:K ボ:K マク:G モ:G
慕	ボ:K
慖	カイ:K カク:K キャク:G ケ:G
慗	チキ:G チョク:K
慘	サン:K ザン:G シン
慙	サン:K ザン:G
慚	ザン:G
慛	サイ:K ゼ:G
慜	ビン:K ミン:G
慝	ジョク トク:GK ニキ
慞	ショウ:GK
慟	ズ トウ:K ドウ:G
慠	ゴウ:GK
慡	ショウ:G ソウ:K
慢	バン:K ベン:K マン:G メン:G
慣	カン:K
慤	カク
慥	ソウ:GK ゾウ
慦	キュウ:K ク:G
慧	エ:G ケイ:K
慨	カイ:GK ガイ
慩	レン
慪	オ オウ ク:G コウ:K
慫	シュ:G ショウ:K
慬	キン:K コン:G ゴン:G
慭	ギン
慮	リョ:K ル ロ:G ロク
慯	ショウ:GK
慰	イ:GK
慱	セン:K ゼン:G タン:K ダン:G
慲	バン:K マン:G
慳	カン:K ケン:G
慴	シュウ:K ショウ:GK ジュウ:G ジョウ:G チョウ:K
慵	ショウ:K ジュ:G ヒョウ ヨウ
慶	キョウ:G ケイ:K
慷	コウ:GK
慸	セイ タイ:GK ダイ:G テイ:K
慹	シュウ ショウ ジョウ:K チュウ ニョウ:G
慺	ル:G ロウ:K
慻	ケン
慼	シャク:G シュク セキ:K ソク
慽	セキ
慾	ユ ヨク:GK
慿	ヒョウ:K
憀	リュウ:K リョウ:GK ル:G
憁	ス:G ソウ:K
憂	オウ:G ユウ:K
憃	シュ:G ショウ:K チュ チョウ トウ:GK
憄	チ:GK
憅	ズ トウ:K ドウ:G
憆	トウ
憇	ケイ:K
憈	キョ:K コ:G
憉	ビョウ:G ホウ:K
憊	ハイ:K ヘイ ベ:G ベイ ホク:K ボク:G
憋	ヘチ:G ヘツ:K
憌	ギョウ:G ケイ:K シュン:K ジュン:G
憍	キョウ:GK
憎	ソウ:GK ゾウ
憏	タイ:G テイ:K
憐	リン レン:GK
憑	ヒョウ:K ビョウ:G ボウ
憒	エ カイ:K ケ:G
憓	エ:G ケイ:K
憔	ショウ:K ジョウ:G
憕	ジョウ:G セイ チョウ:K トウ
憖	ガツ キン:GK ギン:GK ゲチ コン:K ゴン:G
憗	ギン:GK
憘	キ:GK
憙	キ:GK
憚	エン セン タ タツ タン:K ダン:G
憛	エン タン トン:K ドン:G
憜	タ:K ダ:G
憝	タイ:K デ
憞	タイ デ トン:K ドン:G
憟	ショク:K ソク:G
憠	ケツ:K
憡	サク:K シャク:G
憢	キョウ
憣	ハン:K ベン:G
憤	フン:K
憥	ロウ:GK
憦	ロウ
憧	シュ:G ショウ:K ジョウ ズ ズウ トウ:K ドウ:G
憨	カン:GK ガン
憩	ケイ:K ケチ:G ケツ:K
憪	カン:K ゲン:G
憫	ビン:K ミン:G
憬	キョウ:G ケイ:K
憭	リョウ:GK
憮	ク:G コ:K ブ:K ム:G
憯	サン
憰	ケチ:G ケツ:K
憱	シュ:G シュウ:K
憲	ケン:K
憳	タン
憴	ショウ:K ジョウ:G
憵	ヒャク:G ヘキ:K
憶	オキ オク:G ヨク:K
憷	ショ:G ソ:K
憸	ケン セン:GK
憹	ドウ:K ニョウ ヌ ノウ:G
憺	タン:K ダン:G
憻	タン
憼	キョウ:G ケイ:K コウ:K
憽	ス:G ソウ:K
憾	カン:K ゴン:G タン:K ドン:G
憿	キャク:G キョウ ケキ:K
懀	エ ワイ:GK ワチ ワツ
懁	カン:K ケン:GK ゲン:G
懂	ツ:G トウ:K
懃	キン:K ゴン:G
懄	キン
懅	キョ:K ゴ:G
懆	ソウ:GK
懇	コン:GK
懈	カイ:K ケ:G
應	オウ:G ヨウ:K
懊	イク オウ:GK
懋	ボウ:K モ:G
懌	エキ:K ヤク:G
懍	キン:K ゴン:G ラン リン:GK
懎	シキ:G ショク:K
懏	シュン:GK
懐	エ:G カイ:K
懔	リン
懕	エン:GK ヨウ
懖	カチ:G カツ:K
懗	カ:K ケ:G
懘	シ セイ タイ:G テイ:K
懙	ヨ
懚	イン
懛	タイ
懜	ボウ:K モ モウ:G
懝	ガイ:K ギ ギョク ゴキ
懞	ボウ:K モ モウ:G
懟	タイ:K チ ツイ:K デ
懠	サイ:G ザイ シ:K ジ:G セイ:K
懡	バ:K マ:G
懢	カン:K ゲン:G ラン:GK
懣	バン:K ボン:K マン:G モン:G
懤	ジュ チュウ トウ
懥	エイ シ チ:GK
懦	ジュ:K ゼン:K ダ:K ダン:K ナ:G ナン:G ニュ ネン:G
懧	ジュ:K ダ:K
懨	エン
懩	ヨウ:GK
懪	ハク:K バク:G
懫	シ シチ:G シツ:K チ
懬	コウ:GK
懭	コウ:GK
懮	ウ:G ユウ:K
懯	フ:GK
懰	リュウ:K ル:G
懱	ベツ:K メチ:G
懲	ジョウ:G チョウ:K
懴	サン:K ザン セン:G
懵	ボウ:K
懶	ライ:GK ラン:GK
懷	エ:G カイ:K
懸	ケ ケン:K ゲン:G
懹	ジョウ:K ニョウ:G
懺	サン:K ザン セン:G
懻	キ
懼	ク:K グ:G
懽	カン:GK
懾	ショウ:GK
懿	イ:GK
戀	レン:GK
戁	ゼン:K ダン:K ナン:G ネン:G
戂	バ:K ビ:K マ:G ミ:G
戃	ショウ トウ:GK
戄	カク:G ガク:G キャク:K ク サク ジャク ワク
戅	カン:K グ:G コウ:K コン:G チュ チョウ:G トウ:K
戇	カン:K グ:G コウ:K コン:G チュ チョウ トウ:GK
戈	カ:GK
戉	エツ:K オチ:G ガチ ゲツ
戊	ボ:K ボウ:K モ:G
戌	シュチ:G シュツ:K ジュツ:G
戍	シュ:K ジュ:G
戎	ジュウ:K ジョウ:K ニュ ニョウ:G
成	ジョウ:G セイ:K
我	ガ:GK
戒	カイ:K
戓	カ
戔	サン:K ザン:G シン セン:GK ゼン:G ヘン
戕	カ サン:K ザン:G ショウ:K ジョウ:G セイ ソウ:K ゾウ:G
或	イキ:G コク:K ヨク:K ワク:G
战	セン
戚	シュク ショク:K セキ:K ソク:G
戛	カツ:K ケチ:G
戜	テツ:K デチ:G
戝	サイ:K ザイ:G
戞	カツ:K
戟	キャク:G ケキ:K ゲキ
戠	シ シキ:G ショク:K
戡	カン:K コン:G チン
戢	シュウ:G
戣	キ:K ギ:G
戤	カイ:K ガイ:G
戥	トウ
戦	セン:GK
戧	ショウ:G ソウ:K
戨	カ
戩	セン:GK
截	セツ:K ゼチ:G
戫	イキ:G ヨク:K
戬	セン
戭	イン エン テン:K デン:G ユ:G ユウ:K
戮	リク:K リュウ:K リョウ ル:G ロク:G
戯	イ キ:GK ギ:K ク:G ゲ:G コ:K サ
戰	セン:GK
戱	ギ
戲	イ キ:GK ギ:K ク:G ゲ:G コ:K サ
戳	タク:GK
戴	サイ:K セ:G タイ:GK テ
戵	ク:K グ:G
戶	コ:K ゴ:G
户	コ
戸	コ:K ゴ:G
戹	アク:K ヤク:G
戺	イ シ:K ジ:G
戻	ライ:G リ レイ:K レツ
戼	ボウ
戽	ク:G コ:K ゴ
戾	ライ:G リ レイ:K レチ:G レツ:K
房	ホウ:K ボウ:G
所	ショ:G ソ:K
扁	ハン:K ヒン ヘン:GK ベン ホン:G
扂	テン:K デン:G
扃	キョウ:G ケイ:K
扄	ショウ
扅	イ
扆	イ:K エ:G
扇	セン:GK
扈	コ:K ゴ:G
扉	ヒ:GK
扊	エン
手	シュ:G シュウ:K ズ
扌	シュ
才	サイ:K ザイ:G
扎	アツ:K エチ:G サツ:K
扏	キュウ:K グ:G
扐	リキ リョク ロク:GK
扑	ハク ヒキ:G ヒョク:K フ:G ホウ:K ホク:GK ボク
扒	ハイ:K ハチ:G ハツ:K ヘ:G ヘチ:G ヘツ:K
打	タ:K ダ:T チョウ:G テイ:K
扔	ジョウ:K ニョウ:G
払	ハン:K ヒ ヒツ:K ビチ:G フチ フツ:K ホツ:T ホン:G
扗	ザイ
托	タク:GK
扙	ジョウ:G チョウ:K
扚	アク:K シャク チャク:G チョウ:GK テキ:K ヤク:G リャク:G レキ:K
扛	コウ:GK
扜	ウ:GK ク
扝	ウ
扞	カン:GK ガン:G
扟	シン
扠	サ:K サイ:K シャ:G セ:G タイ:K テ:G
扡	イ シ:K ジ:G タ:GK タイ ダ チ:GK デ
扢	キツ クチ ケチ:G ケツ:K コチ:G コツ:K
扣	ク:G コウ:K
扤	ガチ ガツ ゲツ ゴチ:G ゴツ:K
扥	トン
扦	セン
执	シュウ
扭	ジュウ:K チュ チュウ ニュ
扮	カイ:K ケ:G ハン:K フン:GK ブン ヘン:G
扯	シャ:GK
扰	ウ:G ユウ:K
扱	キュウ ギュウ コウ:K ゴウ:G シュウ ショウ:G ソウ:K
扲	キン:K ケン:K ゲン:G ゴン:G
扳	ハン:K
扴	カツ:K ケチ:G
扵	オ
扶	フ:K ブ:G ホ
扷	オウ
扸	シャク:G セキ:K
批	ヒ:K ビ:G ヘイ:K ヘツ:K ベチ:G
扺	キ:K ギ:G シ:GK
扻	シチ:G シツ:K
扼	アク:K ヤク:G
扽	トン:GK
找	カ:K ゲ:G ソウ
承	ショウ:K ジョウ:G セイ ソウ:G ゾウ チョウ:K
技	キ:K ギ:G
抁	イ エイ エン セン
抂	キョウ:K ゴウ:G
抃	ハン:K ヘン:K ベン:G ホン:G
抄	サ ショウ:G ソウ:K
抅	コウ:K
抆	ブン:K モン:G
抈	ガチ ガツ ゲツ
抉	エチ:G エツ:K ケチ:G ケツ:K
把	ハ:K ヘ:G ベ
抋	シン
抌	シン:K ジン:G タン:K チン トン:G ユ
抍	ショウ:GK ジョウ
抎	イン ウン:GK
抏	ガン:GK
抐	ジュウ:K ズイ ゼイ ドウ:K ドツ:K ニュウ:G ネ ノウ:G
抑	ヨキ ヨク:K
抒	ショ:GK ジョ:G チョ:K
抓	ショウ:G ソウ:K
抔	ハイ:K ブ:G ヘ:G ホウ:K
投	ズ:G トウ:K
抖	ツ:G ト トウ:K
抗	コウ:GK
折	シャク セイ セチ:G セツ:K ゼツ ダイ:G テイ:K
抙	ホウ:K
抚	ブ
抛	ホウ:K
抜	ハイ:K ハツ:K バイ:G バチ:G バツ ヘチ:G ヘツ:K ボチ
抝	オウ
択	エキ:K ジャク:G タク:K ヤク:G
报	フ:G ホウ:K
抦	ヒョウ:G ヘイ:K
抧	キ サイ:K シ セ:G
抨	ヒョウ:G ビョウ:G ヘイ:K ホウ:K
抩	ゼン
抪	フ:G ホ:K
披	ハ:K ヒ:GK ヘ:G
抬	タイ チ:GK
抭	トウ ユ:G ユウ:K ヨウ
抮	ケン シン テン:K デン:G ネン
抯	サ:K シャ:G ジャ
抰	オウ:K ヨウ:G
抱	ホウ:K
抲	カ:K ガ ケ:G ダ:K ナ:G
抳	ジ:K ジツ:K デイ:K ナイ:G ニ:G ニチ:G
抴	エイ エチ:G エツ:K セツ:K ゼチ:G
抵	シ:GK タイ:G ダ テイ:K
抶	チチ:G チツ:K
抷	ヒ:GK ビ
抸	ソウ
抹	バツ:K マチ:G マツ:G
抺	バイ:K マイ:G メ
抻	シン:GK チン:GK
押	オウ:K コウ:K
抽	ジュ チュ チュウ:GK
抾	キ:GK キョ:K キョウ:K コ:G コウ:G
抿	ビン:K ミン:G
拂	ハン:K ヒ ヒツ:K ビチ:G フチ フツ:K ホツ:T ホン:G
拃	サツ サン
拄	チュ チュウ:GK
担	エン ケチ:G ケツ:K セン:K ゼン:G タン:GK トン
拆	シャク:G セキ:K タク:K
拇	ボ:K ボウ:K モ:G
拈	エン セン デン:K ネン:G
拉	ラ ラツ ロウ:GK
拊	フ:GK ホウ
拋	ヒョウ:G ホウ:K
拌	ハン:K バン:G
拍	ハク:K ヒャク:G ヒョウ:G ホウ:K
拎	リョウ:G レイ:K
拏	ダ:K ナ:G
拐	カイ:K ゲ:G
拑	カン:K ケン:K ゲン:G ゴン:G
拒	キョ:K ク ゴ:G
拓	シャク:G セキ:K タク:GK ダク
拔	ハイ:K ハツ:K バイ:G バチ:G バツ ヘチ:G ヘツ:K ボチ
拕	タ:GK ダ
拖	イ タ:GK ダ
拗	イク オウ:K ユ:G ユウ:K ヨウ:G
拘	キョ:K キョク:K ク:GK コウ:K コク:G ゴ:G
拙	セチ:G セツ:K
拚	ハン:K フン:GK ヘン:K ベン:G ホン:G
招	キョウ:K ギョウ:G ショウ:GK ジョウ
拜	ハイ:K ヘ:G
拝	ハイ:K ヘ:G
拞	テイ
拟	ギ
拠	キャク:G キョ:K ケキ:K コ:G ゴ
拡	オウ:G カク:GK コウ:K
拪	イ セン:GK
拫	コン:K ゴン:G
括	カチ:G カツ:K
拭	シキ:G ショク:K
拮	カツ キチ:G キツ:K ケチ:G ケツ:K
拯	ショウ:GK ジョウ
拰	ジン:K ニン:G
拱	キク キョウ:K ク:G ゴク
拲	キク キョウ:K キョク:K ク:G コク:G
拳	カン ケン:K ゲン:G
拴	セン:GK
拵	ソン:K ゾン:G
拶	サチ:G サツ:K
拷	コウ:GK ゴウ
拸	イ シャ ジ:G タ:K ダ:G チ:K ヂ
拹	キョウ:G コウ:K ロウ
拺	サク:K シャク:G
拻	カイ:K ケ:G
拼	ホウ:K
拽	エイ:K エチ:G エツ:K セイ ゼイ
拾	キョウ シュウ:K ショウ ジュウ:G
拿	ダ:K ナ:G
挀	ハク:K ヒャク:G
持	ジ:G チ:K
挂	カ カイ:K ケ:G ケイ
挃	チチ:G チツ:K テツ:K デチ:G
挄	カク コウ
挅	タ
挆	タ
指	シ:GK
挈	カツ ケイ:K ケチ:G ケツ:K セイ
按	アチ:G アツ:K アン:GK
挊	ロウ:K
挋	キン:K コン:G シン
挌	カク:K キャク:G ラク
挍	キョウ:G コウ:K
挎	ク:G コ:K コウ
挏	ズ:G トウ:K
挐	ジョ:K ダ:K ナ:G ニョ:G
挑	ジョウ:G チョウ:GK トウ:GK
挒	レチ:G レツ:K
挓	タ:K
挔	リョ
挕	チョウ
挖	アチ:G アツ:K ヤク
挗	ケツ
挙	キョ:K コ:G ヨ
挟	キョウ:K ギョウ:G コウ:G ショウ:G ソウ:K
挨	アイ:K
挩	エイ セ:G セイ:K タチ:G タツ:K
挪	ダ:K ナ:G
挫	サ:GK ザ シャ
挬	ホツ:K ボチ:G
挭	キョウ:G コウ:K
挮	タイ:G テイ:K
振	シン:GK
挰	ジョウ:G テイ:K トウ
挱	サ:K シャ:G
挲	サ:GK シャ
挳	コウ
挴	バイ:K メ:G
挵	ル:G ロウ:K
挶	キョク:K コク:G
挷	ホウ
挸	ケン
挹	オウ:G ユウ:K
挺	チョウ:G テイ:K
挻	エン セン:GK テン
挼	キ サイ:GK スイ:T ズイ:G ダ:K ダイ ナ:G ネ
挽	バン:K ベン:K マン:G メン:G
挾	キョウ:K ギョウ:G コウ:G ショウ:G ソウ:K
挿	ショウ:G ソウ:K
捀	フ ブ:G ホウ:K
捁	キョウ:G コウ:K コク
捂	ゴ:K
捃	クン:GK
捄	キュウ:K ク:GK グ:G
捅	ス:G ソウ:K ツ:G トウ:K
捆	コン:GK ゴン
捇	カク:K キャク:G シャク:G セキ:K チャク:G テキ:K
捈	ズ:G タ:K ダ:G チョ ト:K ヤ
捉	サク:K ソク:G
捊	ビョウ:G フ:K フウ ブ:G ホウ:K
捋	ラチ:G ラツ:K レチ:G レツ:K
捌	ハチ:G ハツ:K ヘツ ベツ
捍	カン:K ガン:G ゲン:G
捎	ショウ:GK ソウ:K
捏	デツ:K ネチ:G ネツ:G
捐	エン:GK ケン
捑	ショク:K ジキ:G
捒	シュ:GK ショ:G ショウ:G ショク:K ス ソ:K ソウ:K ソク:G
捓	ヤ:GK ヨ
捔	カク:GK サク:K ザク:G
捕	フ:G ブ:G ホ:K
捖	カチ:G カツ:K カン:K ガン:G
捗	チキ:G チョク:K ブ:G ホ:K
捘	サイ:K シュン:GK スイ セ:G ソン:GK
捙	エイ:K
捚	サイ
捛	リョ:K
捜	オ オウ シュ:G シュウ:K ショウ:G ス ソウ:K
捤	ビ:K ミ:G
捥	ウチ:G ウツ:K ワン:GK
捦	キン:K ゴン:G
捧	フ:G ブ:G ホウ:K
捨	シャ:GK
捩	ライ:G レイ:K レチ:G レツ:K
捪	ビン
捫	ボン:K モン:G
捬	フ:GK ホウ
捭	ハイ:K ハク:K ヒャク:G ヘ:G ヘイ
据	キョ:K コ:G
捯	トウ
捰	ラ ワ
捱	ガイ:K ゲ:G
捲	カン:K ケン:GK ゲン:G
捳	ガク
捴	ソウ:K
捵	チン テン:GK デン:K ネン:G
捶	スイ:GK タ
捷	ショウ:K ソウ:G
捸	トチ トツ
捹	ホン:K ボン:G
捺	ダツ:K ナチ:G ナツ:G
捻	ジョウ:K デツ デン:K ニョウ:G ネチ ネン:G
捼	イ ズイ ダ:K ダイ ナ:G ネ ネン ワ
捽	サイ:K シュツ ジュチ セ:G ソツ:K ゾチ:G
捾	アツ:K エチ:G カツ:K ゲチ:G ワチ ワツ ワン
捿	セイ:K
掀	キツ:K キン:K ケン:K コチ:G コン:G ゴン:G
掁	ジョウ:G トウ:K
掂	テン
掃	ソウ:GK
掄	リン:GK ロン:GK
掅	ショウ:G セイ:K
掆	コウ
掇	セチ:G セツ:K タチ:G タツ:K テチ:G テツ:K
授	シュウ:K ジュ:G
掉	ダク チョウ:K トウ:K ドウ:G ナク ニョウ ニョク
掊	ハイ:K ビョウ:G フ:G ベ:G ホウ:K ホク:K ボク:G
掋	タイ:G テイ:K
掌	ショウ:GK
掍	コン
掎	イ カ キ:GK
掏	トウ:K ドウ:G
掐	コウ:K
掑	キ:K ギ:G
排	ハイ:K バイ ベ:G
掓	シュク チク
掔	カン:K ケン:GK
掕	リョウ:GK ロウ
掖	エキ:K ヤク:G
掗	ア
掘	ガチ クツ:K グチ ケツ:K コツ:K ゴチ:G セツ
掙	ショウ:G ソウ:K
掚	リョウ:K
掛	カ カイ:K ケ:G
掜	ケイ ゲイ ゲチ:G ゲツ:K ダイ ネ
掝	カク:K キョク:K ケキ コク:G ワク:G
掞	エン:GK セン:GK
掟	ジョウ:G チョウ:K テイ:K トウ
掠	リャク:K リョウ:K
採	サイ:GK
探	セン:K ゼン:G タン:K トン:G
掣	セイ:K セチ:G セツ:K
掤	ヒョウ:GK
接	キョウ ショウ:GK セツ ソウ
掦	チャク:G テキ:K
控	ク:G コウ:K
推	スイ:GK ズイ:G タイ:GK ツイ:T テ
掩	アン:K エン:GK オン:G ヨウ
措	サク シャク:G セキ:K ソ:K
掫	シュ:G シュウ:K ソウ:K
掬	キク:GK コク
掭	テン
掮	ケン
掯	コウ
掰	ハイ
掱	シュ
掲	カツ ケイ:K ケチ:G ケツ:K ゲチ:G ゲツ:K コチ ゴチ タイ:G テイ:K
掴	カク:K
掻	ショウ ソウ:GK
掽	ビョウ:G ホウ:K
掾	エン:GK テン:K デン:G
掿	ダク ニョク
揀	カン:K ケン:G レン
揁	キョウ:G コウ:K チョウ:G テイ:K
揂	シュ:G シュウ:K ユ:G ユウ:K
揃	セン:GK
揄	ズ:G チュ チュウ ツ:G トウ:K ユ:GK ユウ:K ヨウ
揅	ケン
揆	キ:K ギ:G
揇	ダン:K ナン:G
揈	キク ケン コウ:K コク
揉	ジュウ:K ジョウ:K ニュ ニョウ:G
揊	テチ:G テツ:K ヒキ:G ヒョク:K
揋	エ:G ワイ:K
揌	サイ
揍	ス:G ソウ:K
揎	セン:GK
描	ビョウ:K ボウ ミョウ:G
提	シ:K ジ:G タイ:K ダイ:G チョウ:G テイ:K
揑	ケチ ゲツ ネツ:G
插	ショウ:G ソウ:K
揓	シ:GK
揔	ス:G ソウ:K
揕	チン:GK
揖	イ シュウ:GK ジュウ ユウ:GK
揗	シュン:K ジュン:G
揘	エイ:K オウ:G コウ:K ヨウ:G
揙	ヘン:K ベン:G
揚	ヨウ:GK
換	カン:K ガン:G
揜	アン:GK エン:GK オン
揝	サン
揞	アン:K オン:G カン:K コン:G ヨウ
揟	ショ
揠	アツ:K エチ:G
握	アク:GK オ オウ オク
揢	カ:K カク:K キャク:G ケ:G
揣	シ スイ:GK セン タ タン:K ダン:G
揤	シキ:G シチ:G シツ:K ショク:K
揥	タイ:G チャク:G テイ:K テキ:K
揦	ラチ:G ラツ:K
揧	ラチ:G ラツ:K
揨	ジョウ ドウ
揩	カイ:K カツ:K ケチ:G
揪	シュ:G シュウ:K
揫	シュ:G シュウ:K ジュ
揬	トツ:K ドチ:G
揭	カツ ケイ:K ケチ:G ケツ:K ゲチ:G ゲツ:K コチ ゴチ タイ:G テイ:K
揮	キ:K クン コン:K ゴン:G
揯	コウ
揰	シュ:G ショウ:K ツ:G トウ:K
揱	サク:K サン シャク:G ショウ:G ソウ:K
揲	ケチ:G ケツ:K ショウ ジョウ:G セツ:K ゼチ:G チョウ:K ヨウ
揳	カツ ケチ:G ケツ:K セチ:G セツ:K
援	エン:GK オン:G カン:K ガン:G
揵	ケン:K ゲン:G ゴン
揶	ヤ:GK ヨ
揷	ソウ:K
揸	サ
揹	ハイ
揺	ヨウ:GK
揾	ウン オチ:G オツ:K オン
搆	ク:G コウ:K
搇	キン:K コン:G
搈	ユ:G ヨウ:K
搉	カク:GK
搊	シュ:G シュウ:K ス
搋	イ タイ:G チ:K テ
搌	テン
損	ソン:GK
搎	ソン
搏	ハク:GK フ:G ブ ホ:K
搐	チク:GK
搑	ジョウ:K ドウ ニュ ニョウ:G
搒	ヒョウ:K ビョウ:G ホウ:GK
搓	サ:GK サイ
搔	ショウ ソウ:GK
搕	オウ:G コウ:K
搖	ヨウ:GK
搗	トウ:GK
搘	シ:GK
搙	ジョク:K ダク ドウ:K ニク:G ニョク ヌ:G
搚	キョウ:G ケン コウ:K ロウ
搛	ケン:K コン:G レン
搜	オ オウ シュ:G シュウ:K ショウ:G ス ソウ:K
搝	キュウ:K ク:G
搞	キョウ:G コウ:K
搟	ケン:K コン:G サン
搠	サク:GK
搡	ソウ
搢	サイ ショウ:G シン:GK セイ:K
搣	ケチ:G ケツ:K ベツ:K メチ:G
搤	アク:K ヤク:G
搥	ズイ:G タイ:GK ツイ:T テ
搦	ジャク:K ジョク ダク:K ニキ ニャク:G ニョク
搧	セン
搨	トウ:GK
搩	ケツ:K
搪	トウ:K ドウ:G
搫	ハ:K ハン:K バ:G バン:G
搬	ソク ハン:K
搭	トウ:GK
搮	リチ:G リツ:K
搯	トウ:GK
搰	カチ:G カツ:K コツ:K ゴチ:G
搱	ジ:G ダイ:K チ:K ナイ:G
搲	ワ
搳	カツ:K ガツ ゲチ:G
搴	ケン:GK セン
搵	ウン オチ:G オツ:K オン:GK
搶	ショウ:K ソウ:G
搷	チン テン:K デン:G
搸	シン
搹	アク:K カク:K キャク:G ヤク:G
携	ケイ:K
搻	ダク
搼	ケン
搽	タ:K チャ
搾	サ サク
搿	カク
摀	ウ
摁	オン
摂	キョウ ショウ:GK ジョウ:K セツ ソウ ニョウ:G
摋	サイ サチ:G サツ:K セチ:G セツ:K
摌	サン:K セン:G ソン
摍	シュク
摎	キュウ:K キョウ:G ク:G コウ:K ドウ リュウ:K リョウ ル:G
摏	シュ:G ショウ:K
摐	シュ ショウ:G ソウ:K
摑	カク:K キャク:G
摒	ヒョウ:G ヘイ:K
摓	フウ ブ:G ホウ:K
摔	シュチ:G シュツ:K
摕	タイ:G ダイ テイ:K テツ:K デチ:G トツ:K ドチ:G
摖	サイ:G サツ セイ:K セツ
摗	ス:G ソウ:K
摘	タク:K チャク:G テキ:K
摙	レン
摚	ジョウ トウ:K ドウ:G
摛	チ:GK リ
摜	カン:K
摝	ル:G ロ ロウ:K ロク:GK
摞	ラ
摟	ル:G ロウ:K
摠	ス:G ソウ:K
摡	カイ:GK キ:K ケ:G
摢	コ:K ゴ:G チョ
摣	サ:K サイ:K シャ:G セ:G ダ:K ナ:G
摤	ショウ:G ソウ:K
摥	トウ
摦	カ:K ゲ:G
摧	サ サイ:K スイ セ:G ビ
摨	ジ:G ダイ:K チ:K ナイ:G
摩	バ:K ビ:K マ:G ミ:G
摪	ショウ:G ソウ:K
摫	キ
摬	エイ:K キョウ:K ゴウ:G ヨウ:G
摭	シャク:G セキ:K
摮	キョウ:G ギョウ:G コウ:K ゴウ:K
摯	シ:GK シチ:G シツ:K チ
摰	ゲチ:G ゲツ:K セイ
摱	バン:K マン:G
摲	サン セン:K ゼン:G
摳	オ オウ ク:G コウ:K
摴	チ チョ:GK
摵	サク:K シャク:G シュク ベイ メイ
摶	セン タン:K ダン:G テン:K デン:G
摷	ショウ:G ソウ:K リョウ:K ロウ:G
摸	バク:K ボ:K マク:G モ:G
摹	ボ:K モ:G
摺	ショウ:GK ロウ:GK
摻	サン:K ショウ シン セン:G
摼	キョウ:G ケン コウ:K
摽	ヒャク:G ヒョウ:GK ヘキ:K ホウ
摾	キョウ:K ゴウ:G
摿	イン:K オン:G
撀	ク:G コウ:K
撁	ケン
撂	リャク
撃	キャク:G ケイ ケキ:K ゲキ
撅	カチ ケ:G ケイ:G ケチ:G ケツ:K
撆	ヘツ ベツ
撇	ヘイ ヘチ:G ヘツ:K ベツ
撈	リョウ ロウ:GK
撉	トン
撊	カン ケン:K ゲン:G
撋	ジュン:K ズイ ゼン:K ダ:K ナ:G ニ ニン:G ネン:G
撌	キ
撍	サン シン セン:K ゼン:G
撎	イ エイ
撏	サン:K ザン:G シン:K ジン:G セン:K ゼン:G
撐	チョウ:G トウ:K
撑	トウ:K
撒	サツ:K サン
撓	キョウ:G コウ:K ジョウ:K トウ ドウ:K ニョウ:G
撔	ギョウ:G コウ:K
撕	サイ:G シ:GK セイ:K
撖	カン:K ケン:G コン
撗	オウ:G カク コウ:K
撘	トウ:GK
撙	ソン:GK
撚	エン デン:K ネン:G
撛	リン:GK
撜	ショウ:K ジョウ:G トウ
撝	イ キ:GK
撞	シュ ジョウ トウ:K ドウ:G
撟	キョウ:GK コウ
撠	キャク:G ケキ:K ゲキ
撡	サン ソウ:GK
撢	イン ジン:G タン:K トン:K ドン:G
撣	セン:K ゼン:G タン:K ダン:G テン
撤	テチ:G テツ:K デチ
撥	ハチ:G ハツ:K バチ バツ ボチ
撦	シャ:GK
撧	ゼツ
撨	ショウ:GK ス:G ソウ:K
撩	リョウ:GK ロウ
撪	ホン
撫	フ:GK ブ ボ:K モ:G
撬	キョウ:GK
播	ハ:GK ハン:K バン:G
撮	サイ:K サチ:G サツ:K サン セ:G セチ:G セツ:K
撯	チャク
撰	サン:K ザン:G セン:GK
撱	イ キ タ
撲	ハク ホク:GK ボク:K モク:G
撳	キン
撴	トン
撹	カク コウ:K
撻	タチ:G タツ:K
撼	カン:K ゴン:G
撽	キャク:G キョウ:GK ケキ:K ゲキ コウ
撾	カ タ:GK テ
撿	ケン:GK レン:GK
擀	カン
擁	ユ:G ヨウ:K
擂	ライ:GK レ
擃	ドウ:K ニョウ:G
擄	ロ:K
擅	セン:K ゼン:G
擆	チャク
擇	エキ:K ジャク:G タク:K ヤク:G
擈	ハク
擉	サク:K ショク:K ソク:G ゾク タク
擊	キャク:G ケイ ケキ:K ゲキ
擋	トウ:GK
擌	サク:K シャク:G
操	ソウ:GK
擎	ギョウ:G ケイ:K
擏	ギョウ:G ケイ:K
擐	カン:K ケン:K ゲン:G セン
擑	ショウ:GK
擒	キン:K ゴン:G
擓	カイ:K ケ:G
擔	エン ケチ:G ケツ:K セン:K ゼン:G タン:GK トン
擕	ケイ:K
擖	カチ:G カツ:K ガツ ケ:G ケイ:K ゲチ トウ ヨウ
擗	ハク:K ヒャク:G ビャク:G ヘキ:K
擘	ハク:K バク ヒャク:G ビャク:G ヘキ:K
擙	オウ
據	キャク:G キョ:K ケキ:K コ:G ゴ
擛	ヨウ
擟	ビ:K ミ:G
擠	サイ:G セイ:K
擡	タイ:K ダイ:G
擢	ジョク タク:K テキ
擣	ジュ チュウ トウ:GK
擤	キョウ:G コウ:K
擥	ラン:GK
擦	サツ:K セチ:G
擧	キョ:K コ:G ヨ
擨	イ ヤ
擩	ジュ:K ズイ:K セン ゼツ ドウ:K ニュ ヌ:G ネチ
擪	エン:GK オウ ジョウ:G チョウ:K ニョウ ヨウ:GK
擫	ヨウ
擬	ギ:K
擭	カ カク:K コ:K コク ワク:GK
擮	シツ セツ:K ゼチ:G
擯	ヒン:GK
擰	ドウ:K ニョウ:G
擱	カク:GK
擲	ジャク:G チャク:G テキ:K
擳	シチ:G シツ:K セチ:G セツ:K
擴	オウ:G カク:GK コウ:K
擵	マ:G
擶	セン:GK
擷	ケツ:K ゲチ:G
擸	リョウ:K ロウ:G
擹	タン
擺	ハイ:K ベ:G
擻	ス:G ソウ:K
擼	ロ
擽	ヤク ラク:G リャク:K レキ
擾	ジョウ:K ドウ:K ニョウ:G ノウ:G
擿	ジャク:G タク:K チャク:G テキ:K
攀	ハン:K
攁	ヨウ:GK
攂	ライ
攃	サチ:G サツ:K
攄	チョ:GK
攅	サン:GK
攆	デン:K ネン:G
攇	ケン:K コン:G
攈	キン クン:GK ヒ
攉	カク:GK
攊	リャク:K レキ
攋	ライ ラチ:G ラツ:K ラン
攌	カン:K ゲン:G ワン
攍	エイ:K ヨウ:G
攎	ラ ロ
攏	ル:G ロウ:K
攐	ケン:K コン:G
攓	ケン:GK
攔	ラン:GK
攕	サン:K セン:G
攖	エイ:K ヨウ:G
攗	ビ:K ミ:G
攘	ショウ ジョウ:GK ドウ:K ニョウ:G
攙	サン:K ザン:G シン
攛	サン:GK
攜	ケイ:K ゲ
攝	キョウ ショウ:GK ジョウ:K セツ ソウ ニョウ:G
攞	ラ:GK
攟	クン:GK
攠	バ:K ビ:K マ:G ミ:G
攡	チ リ
攢	サン:GK
攣	レン:GK
攤	タン:GK ダ:K ダン:K ナ:G ナン:G
攥	サチ:G サツ:K
攦	サイ:K シ セ:G ライ:G リ レイ:K レチ:G レツ:K
攨	ワ
攩	オウ:G コウ:K ショウ:G ソウ:K トウ:GK
攪	カク キョウ:G ギョウ コウ:K
攫	カク:G キャク:K キョク:K ケキ コク:G ワク
攬	ラン:GK
攭	ラ ライ:G レイ:K
攮	ドウ:K ノウ:G
支	キ:K ギ:G シ:GK ジョウ:G チョウ:K
攰	キ
攱	キ:GK
攲	キ:GK
攳	シン:K ジン:G
攴	ハク ホク:GK ボク
攵	ボク
收	シュウ:K
攷	コウ:GK
攸	シュウ ユ:G ユウ:K
改	カイ:GK キ
攺	イ:GK シ:K ジ:G
攻	ク:G コウ:K
攼	カン:GK ガン:G
攽	ハン:K ヒン:GK
放	ホウ:GK ボウ
政	ショウ:G セイ:K
敀	ハク
敁	テン
敂	ク:G コウ:K
敃	ビン:K フン ミン:G
敄	ブ:K ボウ:K ム:G
故	ク:G コ:K
敆	ギョウ:G コウ:K
敇	サク:K シャク:G
效	キョウ:G ギョウ:G コウ:K
敉	ヒ ビ:K ミ:G
敊	シ シュ:G シュウ:K チク
敌	カツ:K ゲチ:G
敍	ショ:K ジョ:G
敎	キョウ:G コウ:K
敏	ビ ビン:K ミン:G
敐	シン:K ジン:G
救	キュウ:K ク:G グ
敒	ショウ シン:GK ジン:G チン:K
敓	タツ ダチ
敔	ギョ:K ゴ:G
敕	チキ:G チョク:K
敖	ゴウ:GK
敗	ハイ:K ベ:G
敘	ジョ:G
教	キョウ:G コウ:K
敜	ジョウ:K デツ ニョウ:G ネチ
敝	ヒ:K ビ:G ヘイ:K ヘツ:K ベイ ベチ:G
敞	ショウ:GK ジョウ:G チョウ:K トウ ヘイ
敟	テン:GK
敠	セチ:G セツ:K タチ:G タツ:K
敡	イ
敢	カン:GK
散	サン:GK
敤	カ
敥	エン
敦	シュン ジュ タイ:GK ダン チョウ トウ:K トン:GK ドウ:G
敧	キ:GK
敩	ガク
敫	キャク:G キョウ:GK ケキ:K ヤク:GK
敬	キョウ:G ケイ:K
敭	ヨウ
敮	キ コウ
敯	コン ビン:K ミン:G
数	サク:GK シュ:G シュク ショ:G ショク:K ス:K スウ:K ソ:K ソク:G
敱	カイ:K ガイ ケ:G ショク:K ソク:G
敲	キョウ:G コウ:K
敳	カイ:K ガイ:G ショク
整	ショウ:G セイ:K
敵	ジャク:G テキ:K
敶	ジン:G チン:K
敷	フ:GK
數	サク:GK シュ:G シュク ショ:G ショク:K ス:K スウ:K ソ:K ソク:G
敹	リョウ
敺	オウ:K ク:GK
敻	ケイ
敼	イ
敽	キョウ:GK ギョウ
敾	セン:K ゼン:G
斀	ショク:K ソク:G タク チョク トク
斁	エキ:K ズ:G ツ:G ト:K ヤク:G
斂	レン:GK
斃	ヘイ:K ベ:G
斄	タイ ライ:GK リ:GK レイ
斅	カク:K ガク:G ギョウ:G コウ:K
斆	ガク
文	ビン:K ブン:K ミン:G モン:G
斈	ガク:G
斉	サイ:K シ:GK ジ セイ:K セン
斊	セイ:K
斋	サイ
斌	ヒン:GK
斍	カク
斎	サイ:K シ
斐	ヒ:GK
斑	ハン:K
斒	ハン:K ヘン:G
斔	シュ:G ショウ:K ユ
斕	ラン:K レン:G
斖	ビ:K ミ:G
斗	シュ ツ:G ト トウ:K
斘	ショウ
料	リョウ:GK
斚	カ
斛	コク:K ゴク:G
斜	シャ:K タ ヤ:GK
斝	カ:K ケ:G
斞	ユ
斟	シン:GK
斠	カク:GK キョウ:G コウ:K
斡	アツ カン ワツ:K
斢	ツ:G トウ:K
斣	シュク ショク:K ソク:G ツ:G トウ:K
斤	キン:K コン:G
斥	シャ シャク:G セキ:K タク:K チャク:G
斦	ギン:K ゴン:G シチ:G シツ:K
斧	フ:GK
斨	ショウ:G ソウ:K
斪	ク:G コウ:K
斫	シャク:GK
斬	サン:GK ザン
断	タン:K ダン:G
斮	サク:GK シャク:G ジャク:G タク:K
斯	シ:GK ソ
新	シン:GK
斱	シャク チャク
斲	タク:GK チョク
斳	キン:K コン:G ゴン
斴	リン
斵	タク:GK
斶	ショク:K ソク:G
斷	タン:K ダン:G
斸	サク ショク:K ソク:G
方	ホウ:GK ボウ:G モウ
斺	カイ:K ガイ:G
斻	コウ:K ゴウ:G
於	ウ:G オ:GK ヨ:K
施	イ:GK シ:K セ:G
斾	ハイ
斿	ユ:G ユウ:K リュウ:K ル:G
旁	ヒョウ ホウ:GK ボウ:G
旂	キ:K ゲ:G
旃	セン:GK
旄	ブ:K ボウ:K ム:G モウ:G
旅	リョ:K ロ:G
旆	ハイ:K ハツ:K バイ:G バチ:G
旇	ヒ ビ:K ミ:G
旈	リュウ:K
旉	フ
旊	フ:G ホウ:K
旋	セン:K ゼン:G
旌	ショウ:G セイ:K ヒョウ
旍	セイ
旎	ジ:K ダ:K ナ:G ニ:G
族	ス:G ソウ:K ソク:K ゾク:G
旐	ジョウ:G チョウ:K
旑	イ
旒	リュウ:K ル:G
旓	ショウ:G ソウ:K
旔	ケン:K コン:G
旖	イ:GK
旗	キ:K ギ:G
旘	シ:GK
旙	ハン:K
旚	ヒョウ
旛	ハン:K バン ホン:G ボン:G
旜	セン
旝	カイ:K ケ:G
旞	スイ:K ズイ:G
旟	ヨ:GK
无	ブ:K ボ:K ム:G モ:G
旡	キ:K ケ:G
既	キ:K ケ:G
旣	キ:K ケ:G
旤	カ
日	ジツ:K ジョク ニキ ニチ:G
旦	タン:GK ダン
旧	キュウ:K ク:G グ:G
旨	シ:GK
早	サ サッ ソウ:GK
旪	キョウ
旫	チョウ
旬	キン シュン:K ジュン:G
旭	カン:K キュウ キョク:K ク:G ケン:G コウ:K コク:G
旮	カ キョク
旰	カン:GK
旱	カン:K
旲	エイ タイ:K ダイ:G
旳	チャク:G テキ:K
旴	ク:GK コ
旵	タン:K
时	ジ
旹	ジ:G
旺	オウ:GK
旻	ビン:K ミン:G
旼	ビン:K ミン:G
旽	シュン トン
旾	シュン:GK
旿	ゴ:K
昀	イン:GK
昁	ハイ
昂	ギョウ:G コウ:K ゴウ:GK
昃	シキ:G ショク:K ソク:K
昄	ハン:K ヘン:G
昅	キョウ:K ゴウ:G
昆	コン:GK ゴン
昇	ショウ:GK
昈	コ:K ゴ:G
昉	ホウ:GK
昊	コウ:K ゴウ:G
昋	コウ:K ゴウ:G
昌	ショウ:GK
昍	カン ケン:K
明	ベイ ボウ ミョウ:G ミン:T メイ:K
昏	コン:GK
昐	フン
昑	キン:K
昒	コチ:G コツ:K ブツ:K モチ:G
易	イ:GK エキ:K シ:K ジ:G ヤク:G
昔	サク シャク:G セキ:K
昕	キ キン:K コン:G
昖	エン
昗	ショク
昘	ホウ
昙	ヨク
昚	シン
昛	キョ:K コ:G
昜	イ エキ ヨウ:GK
昝	サン:K
昞	ヒョウ:G ヘイ:K ホウ:K
星	ショウ:G セイ:K
映	エイ:K オウ ヨウ:G
昡	ケン:K ゲン:G
昢	ハイ:K ヘ:G ホチ:G ホツ:K
昣	シン:GK
昤	リョウ:G レイ:K
春	シュン:GK
昦	コウ:K
昧	バイ:K ブン:K マイ:G メ モン:G
昨	サク:K ザク:G
昩	バツ:K マチ:G
昪	ヘン:K ベン:G
昫	キョウ ク:GK
昬	コン:GK
昭	ショウ:GK
昮	ショウ:K ジュ:G
是	シ:K ジ:G ゼ:G ダイ:G テイ:K
昰	カ:K ゼ
昱	イク:GK
昲	ハチ:G ハツ:K ヒ フ フツ フン
昳	イツ テツ:K デチ:G
昴	ボウ:K ミョウ:G リュウ:K ル:G
昵	シキ:G ショク:K ジツ:K デイ:K ナイ:G ニチ:G
昶	チョウ:GK
昷	オン:GK
昸	トウ
昹	アイ
昺	ヘイ:K ホウ
昻	コウ:K ゴウ:G
昼	チュウ:GK
昿	コウ:GK
晀	チョウ
晁	ジョウ:G チョウ:K
時	シ:K ジ:G
晃	オウ:G コウ:K
晄	コウ:K
晅	カン ケン:K
晆	カイ ボク:K モク:G
晇	カ:K ク:G ケ:G コ:K
晈	キョウ:GK コウ
晉	シン:GK セン
晊	シチ:G シツ:K
晋	シン:GK
晌	ショウ:GK
晍	トウ
晎	ク:G コウ:K
晏	アン:GK エン:G
晐	カイ
晑	キョウ:G コウ:K
晒	サイ:K
晗	カン:K ゴン:G
晘	カン:K ゲン:G
晙	シュン:GK
晚	バン:K マン:G
晛	ケン:K ゲン:G デン:K ネン:G
晜	コン:GK
晝	チュウ:GK
晞	キ:K ケ:G
晟	ジョウ:G セイ:K
晠	セイ:K
晡	フ:G ホ:K
晢	シャク:G セイ:K セキ:K セチ:G セツ:K テチ:G テツ:K
晣	セイ:K セツ:K
晤	ゴ:K
晥	カン:K ガン:G ゲン:G
晦	カイ:K ケ:G
晧	コウ:K ゴウ:G
晨	シン:K ジン:G
晩	バン:K
晪	テン:GK
晫	タク:GK チョク
晬	サイ:GK スイ セ
晭	シュウ:K
普	フ:G ホ:K
景	エイ:K キョウ:G ケイ:K ヨウ:G
晰	セキ:K
晱	セン
晲	ゲイ
晳	シャク:G セキ:K
晴	ジョウ:G セイ:K
晵	ケイ:K ケン
晶	ショウ:G セイ:K
晷	キ:GK
晸	チョウ:G テイ:K
晹	エキ:K シャク:G セキ:K ヤク:G
智	チ:GK
晻	アン:K エン:GK オン:G
晼	エン:K オン:G
晽	リン
晾	リョウ
晿	ショウ
暀	オウ:GK キョウ:K ゴウ:G
暁	キョウ:GK ギョウ
暄	カン ケン:K
暆	イ
暇	カ:K ゲ:G
暈	ウン:GK
暉	キ:GK
暊	フ
暋	コン ビン:K ミン:G
暌	ケ:G ケイ:K
暍	アチ:G アツ:K エツ:K カチ:G カツ:K
暎	エイ:K
暏	ショ:K ジョ:G ツ:G ト:K
暐	イ:GK
暑	ショ:GK
暒	セイ:K
暓	ボウ:K ム:G
暔	ダン:K ナン:G
暕	カン:K ケン:G フン
暖	カン:K ケン:G ダン:K ナン:G ノ ノウ ノン:T
暗	アン:K オン:G
暘	ヨウ:GK
暙	シュン
暚	ヨウ:GK
暛	サ:GK
暜	フ:G
暝	ベイ ミョウ:G メイ:K
暞	キョウ:G コウ:K
暟	カイ:GK
暠	コウ:GK
暡	オ オウ
暢	チョウ:GK
暣	キ:K ケ:G
暤	コウ:K ゴウ:G
暥	アン:K エン:G
暦	チャク リャク:G レキ:K
暨	キ
暩	ケイ
暪	ボン:K モン:G
暫	サン:K ザン:G
暬	ジョウ:K セチ:G セツ:K ニョウ:G
暭	コウ:K
暮	ボ:K
暯	バク:K マク:G
暰	シュ:G ショウ:K
暱	ジツ:K ニチ:G
暲	ショウ:GK
暳	ケ:G ケイ:K
暴	ハク:K バク:G ヒョク ボウ:G
暵	カン:GK
暶	セン:K ゼン:G
暷	テン
暸	リョウ:GK
暹	セン:GK
暺	タン:K ダン:G
暻	キョウ:G ケイ:K
暼	ヘチ:G ヘツ:K
暽	リン
暾	トン:GK
暿	キ:GK
曀	イ エイ:K エチ:G エツ:K
曁	カイ:K キ:K キツ:K ケ:G コチ:G
曂	オウ:G コウ:K
曃	タイ:GK ダイ
曄	オウ:G ユウ:K ヨウ:GK
曅	ヨウ
曆	チャク リャク:G レキ:K
曇	タン:K ドン:G
曈	ツ:G トウ:K
曉	キョウ:GK ギョウ
曊	ヒ
曋	シン
曌	ショウ:GK
曍	コウ
曎	エキ:K ヤク:G
曏	キョウ:K コウ:G ショウ
曐	セイ
曑	シン
曒	キョウ:G コウ:K ゴウ
曓	ホウ:K ボウ:G
曔	キョウ:G ケイ:K
曕	エン
曖	アイ:GK
曗	ヨウ
曘	ジュ ニュ
曙	ショ:K
曚	ボウ:K モ モウ:G
曛	クン:GK
曜	ヨウ:GK
曝	バク ホウ:K ホク:K ボウ:G ボク:G
曞	レイ
曟	シン:K
曠	コウ:GK
曡	ジョウ:G チョウ:K
曣	アン:K エン:G
曤	カク
曥	リョ:K ロ:G
曦	キ:GK ギ
曧	ユ:G ユウ:K
曨	ル:G ロウ:K
曩	ドウ:K ノウ:G
曪	ラ
曫	バン:K マン:G ラン:GK レン
曬	サ サイ:K シ:GK チ
曭	トウ
曮	ガン ゲン:GK ゴン
曯	ショク:K ソク:G
曰	エツ:K オチ:G
曱	オウ
曲	キョク:K ク コク:G
曳	エイ:GK
更	キョウ:G コウ:K
曵	エイ:GK
曶	コチ:G コツ:K
曷	アチ:G アツ:K カツ:K
書	ショ:GK
曹	ソウ:K ゾウ:G
曺	ソウ:K
曻	ショウ:GK
曼	バン:K マン:G
曽	ソ:G ソウ:GK ゾ:G ゾウ:G
曾	ソ:G ソウ:GK ゾ:G ゾウ:G
替	タイ:G テイ:K テチ:G テツ:K
最	サイ:GK サツ
朁	サン:K セン:K ゼン:G ソン:G
朂	キョク:K コク:G
會	エ:G カイ:K カチ:G カツ:K
朄	イン
朅	ケチ:G ケツ:K コチ
朆	フ
朇	ヒ:K
月	ガチ ガツ ゲツ:K
有	ウ:G ユウ:K
朊	ガン:K ゲン:G
朋	ホウ:K
朌	ハン
服	ヒョク フ:G フウ:K フク:K ブク:G
朎	リョウ:G レイ:K
朏	キツ:K コチ:G ハイ:K ヒ:GK ヘ:G ホチ ホツ
朐	キョウ:K ク:G
朒	ジク:K ニク:G
朓	ジョウ チョウ:GK ヨウ
朔	サク:GK ソク
朕	ジン:G チン:K
朖	ロウ:GK
朗	ロウ:GK
朘	サ サイ:K スイ セ:G セン
朙	メイ:K
朚	コウ ボウ:K モウ:G
望	ボウ:K モウ:G
朜	トン:GK
朝	チュ チョウ:GK
朞	キ:K
期	キ:K ギ:G ゴ:G
朠	エイ:K ヨウ:G
朡	ス:G ソウ:K
朢	ボウ:K モウ:G
朣	ツ トウ:K ドウ:G
朤	ロウ
朦	ボウ:K モ モウ:G
朧	ル:G ロウ:K
木	ボク:K モク:G
朩	ハイ:K ハチ:G ハツ:K ヘ:G
未	ビ:K ミ:G
末	バツ:K ベキ:K マチ:G マツ:G ミャク:G
本	ホン:GK
札	アチ:G アツ:K サチ:G サツ:K シチ:G シツ:K セチ:G セツ:K
朮	シュツ:K ジュチ:G ジュツ:G チュツ:K
术	シュツ:K ジュツ:G スイ
朱	シュ:K ス:G
朲	ジン:K ニン:G
朳	ハチ:G ハツ:K ヘチ:G ヘツ:K
朴	ハク:K ヒュウ フ:G ホウ:K ホク:G ボク
朵	タ:K ダ:G
朶	タ:GK ダ
朷	ジョウ:G チョウ:K トウ:GK ボク:K モク:G
朸	キョク キン:K ゴン:G リキ リョク ロク:GK
朹	キ キュウ:K グ:G
机	ガイ キ:GK
朻	キュウ:K キョウ:K ク:G グ:G
朼	ヒ
朽	キュウ:K ク:G
朾	ジョウ:G チョウ:G テイ:K トウ:K
朿	キョク コキ シ:GK
杀	サツ
权	ケン:K ゴン:G
杄	セン
杅	ウ:GK
杆	カン:GK
杇	ウ:G オ:K コ:K ゴ:G
杈	サ:K サイ:K シャ:G セ:G
杉	サン:K セン:G
杊	シュン:K ジュン:G
杋	ハン:K ヘン ボン:G
杌	ガチ ガツ グチ グツ ゲチ:G ゲツ:K ゴツ:K
杍	シ:GK リ
李	リ:GK
杏	アン:T キョウ:G コウ:K
材	サイ:K ザイ:G
村	ソン:GK
杒	ジ:K ジン:K ニ:G ニン:G
杓	シャク:K チョウ テキ ヒョウ:GK
杔	タク:GK チャク:G
杕	タ:K ダ:G ダイ:G テイ:K
杖	ジョウ:G
杗	ボウ:K ム モウ:G
杘	ジ:K チ ニ:G
杙	ヨキ ヨク:K
杚	カイ クチ コツ
杛	キュウ:K ク:G
杜	ズ:G ト:K ド
杝	イ:GK シ:K ジ:G タ:K タイ チ:GK デ リ:GK
杞	カイ:K ガイ:G キ:K コ:G シ:K ジ:G
束	シュ ショク:K ソク:G
杠	ク コウ:GK
条	ジャク:G ジョウ:G チョウ:K テキ:K
来	ライ:GK リキ リョク
杪	ショウ:G ソウ:K ビョウ:K ミョウ:G
杫	シ
杬	ガン ゲン:K
杭	コウ:K ゴウ:G
杮	ハイ:K
杯	ハイ:K ヘ:G
杰	ケツ:K ゲチ:G
東	トウ:K
杲	コウ:GK ゴウ
杳	ヨウ:GK
杴	ケン:K コン:G
杵	ショ:GK
杶	チュン:GK
杷	ハ:K ハイ:K ベ:G ワ
杸	シュ:K ジュ:G タイ:K テ:G
杹	カ:K ケ:G
杺	シン
杻	ジュウ:K チュウ:GK チュン ニュ
杼	ショ:K ジョ:G チョ:K
杽	チュウ
松	ショウ:K ジュ:G
板	ハン:K バン:G ベン
枀	ショウ
极	キョウ:K ギョウ:G
枂	ガチ ガツ ゲツ
枃	イン ウン シン
构	ク:G コウ:K
枅	ケイ:K ケン
枆	ボウ:K モウ:G
枇	ヒ:GK ビ:G ヘイ
枈	ヒ ヘイ
枉	オウ:GK キョウ:K ゴウ:G
枊	ゴウ
枋	ヒョウ:G ヘイ:K ホウ:GK ボウ
枌	フン:K ブン:G
枍	エイ
枎	フ:GK ブ:G
枏	ゼン:K ダン:K ナン:G ネン:G
析	シ シャク:G セキ:K
枑	コ:K ゴ:G
枒	ガ:K ヤ:GK
枓	シュ:K ツ:G トウ:K
枔	シン:K ジン:G
枕	シン:GK ジン:G チン:K
枖	ヨウ:GK
林	リン:GK
枘	ゼイ:K ドン ナン ネ
枙	アク:K カ ガ:GK ヤク:G
枚	バイ:K マイ:G
枛	ショウ:G ソウ:K
果	カ:GK カン ラ ワ
枝	キ:K ギ:G シ:GK
枞	ショウ
枟	ウン
枢	オ オウ シュ:K スウ チョ
枣	ソウ
枦	ヘ ロ:K
枩	ショウ:K
枮	セン チン
枯	ク:G コ:K ゴ
枰	ビョウ:G ヘイ:K
枱	イ シ:K ジ:G ダイ
枲	シ:GK
枳	キ:GK ギ シ:GK
枴	カ カイ:K
枵	キョウ:GK
架	カ:K ケ:G
枷	カ:K ガ キャ ケ:G
枸	ク:GK コウ:K
枹	ヒョウ:G フ:K フウ:K ブ:G ホウ:K
枺	バツ:K マチ:G
枻	エイ:K セツ:K
枼	ヨウ:GK
枽	ソウ
枾	シ
枿	ガチ ガツ ゲツ
柀	ヒ:GK
柁	タ:K ダ:G
柂	ダ:G
柃	リョウ:G レイ:K
柄	ヒョウ:G ヘイ:K
柅	ジ:K ジツ:K デイ:K ナイ:G ニ:G ニチ:G
柆	ロウ:GK
柇	カ ガ
柈	ハン:K バン:G
柉	ハン:K ヘン:K ベン:G ボン:G
柊	シュ:G シュウ:K
柋	タイ:K ダイ:G
柌	シ
柍	エイ:K オウ ヨウ:G
柎	フ:GK ブ
柏	ハク:K ヒャク:G ビャク
某	バイ:K ボウ:K メ:G モ:G
柑	カン:GK ケン:K ゲン:G
柒	シチ:G シツ:K
染	セン ゼン:K ネン:G
柔	ショ ジュウ:K ニュ ニュウ:G
柕	ボウ
柖	ショウ:K ジョウ:G
柗	ショウ:K
柘	シャ:GK
柙	オウ コウ:K ゴウ:G
柚	ジク:G チク:K ユ:G ユウ:K
柛	シン:GK
柜	キョ:K ク コ:G
柝	タク:GK
柞	サ:K サク:K ザク:G シャク:G ジャ:G
柟	ゼン ダン:K ナン:G
柠	チョ
柡	エイ:K ヨウ:G
柢	シ:K ジ:G タイ:G テイ:K
柣	ジチ:G セチ:G セツ:K チツ:K テツ:K デチ:G
柤	サ:K シャ:G ショ:G ソ:K
查	サ
柦	タン:K ダン:G
柧	カ:K ク:G ケ:G コ:K
柨	フ:G ホ:K
柩	キュウ:K グ:G
柪	オウ:K ヨウ:G
柫	ヒツ:K ビチ:G フツ ブチ
柬	カン:K ケン:G
柭	ハイ:K ハチ:G ハツ:K バイ:G フチ フツ ヘチ:G ヘツ:K
柮	ゴチ:G ゴツ:K サツ ジュツ ダツ トチ:G トツ:K ニュチ ネチ
柯	カ:GK
柰	ダイ:K ナ ナイ:G
柱	ジュ チュ チュウ:GK
柲	ヒ:GK ヒツ:K ビチ:G ヘツ:K ベチ:G
柳	リュウ:K ル:G
柴	サ:K サイ:K シ ジャ:G ゼ:G
柵	サク:K サン:K シャク:G セキ:K セン:G
柶	シ:GK
柷	シュク:GK
柸	ハイ:K ヘ:G
柹	シ:K ジ:G
柺	カ カイ:K ケ:G タイ:K ダイ:G
査	サ:K サイ:K シャ:G ゼ:G
柼	オウ:K ヨウ:G
柽	ケツ
柾	キュウ
柿	シ:K
栀	シ
栁	リュウ:K
栄	エイ:K ヨウ:G
栅	サク
栐	エイ:K ヨウ:G
栒	シュン
栓	サン セン:GK
栔	ケイ:K ケチ:G ケツ:K
栕	シン
栖	サイ:G セイ:K
栗	リ リチ:G リツ:K レチ:G レツ:K
栘	イ:GK エ:G ケイ:K ゲイ サイ:G ザイ セイ:K
栙	コウ:K ゴウ:G
栚	ジン:G チン:K
栛	ライ:G レイ:K
栜	サク シ シャク:G セキ:K チャク:G テキ:K
栝	カイ:K カチ:G カツ:K ケ:G テン
栞	カン:GK ケン
栟	ヘイ:K
栠	ジン:K ニン:G
校	キョウ:G ギョウ:G コウ:K
栢	ハク:K
栣	ジン
栤	ヒョウ:K ビョウ:G
栥	シ
栦	シュウ:K ジュウ:G
栧	エイ:K
栨	シ セチ:G セツ:K
栩	ウ ク:GK チョ
株	シュ チュ
栫	セン:K ソン:K
栬	セ:G セイ:K
栭	ジ:K ニ:G
栮	ジ:K ニ:G
栯	イク:GK ウ:G ユウ:K
栰	ハツ:K バツ ボチ:G
栱	キョウ:K ク:G
栲	コウ:GK ゴウ
栳	ロウ:GK
栴	セン:GK
栵	ライ:G レイ:K レチ:G レツ:K
栶	イン
样	ショウ:G ソウ:K ゾウ ヨウ
核	カイ カク:K ギャク コツ:K ゴク ゴチ:G
根	コン:GK
栺	ケイ ゲイ シ
栻	シキ:G ショク:K チキ:G チョク:K
格	カク:K キャク:G コウ:K ゴウ:G ラク
栽	サイ:GK ザイ
栾	ラン:GK
栿	フク:K ブク:G
桀	ケチ:G ケツ:K ゲチ:G
桁	ギョウ:G コウ:K ゴウ:G
桂	ケ:G ケイ:K
桃	ショ:K ジョ:G ジョウ:G チョウ:K トウ:K
桄	コウ:GK
桅	ガイ:K キ:GK ゲ:G
框	キョウ:K コウ:G
桇	ジョ:K ニョ:G
案	アン:GK
桉	アン:GK
桊	ケン:GK
桋	イ ダイ:G テイ:K
桌	タク:GK チョク
桍	ク:G コ:K
桎	シチ:G シツ:K チ
桏	キョウ:K グ:G
桐	ズ トウ:K ドウ:G
桑	ソウ:GK
桒	ソウ:GK
桓	カン:K ガン:G
桔	キツ ケチ:G ケツ:K ゲチ
桕	キュウ
桖	ケツ
桗	タ:GK
桘	ツイ:K
桙	ウ:GK ボウ:K ム:G
桜	オウ:K ヨウ:G
桟	サン:K シン:K ジン:G セン:K ゼン:G
档	トウ:GK
桧	カイ:K
桫	サ:GK
桬	サ:K シャ:G
桭	シン
桮	ハイ:K ヘ:G
桯	エイ:K ギョウ:G ケイ:K チョウ:G テイ:K ヨウ:G
桰	カチ:G カツ:K
桱	キョウ:G ケイ:K
桲	ホツ:K ボチ:G
桳	ホン:K ボン:G
桴	フ:GK フウ:K ブ:G
桵	ズイ:K ニ
桶	ツ:G ツウ:G トウ:K ユ:G ヨウ:K
桷	カク:GK
桸	キ:K ケ:G
桹	ロウ:GK
桺	リュウ:K
桻	フ:G ホウ:K
桼	シチ:G シツ:K
桽	オン
桾	クン:GK
桿	カン:GK ガン
梀	イン:K オン:G ショク:K ソク:G チク チョク
梁	リョウ:K ロウ:G
梂	キク キュウ:K キョク:K グ:G コク:G
梃	ジョウ:G チョウ:K テイ:K
梄	ユウ:K
梅	バイ:K メ:G
梆	ホウ:GK
梇	ル:G ロウ:K
梈	ヒョウ:G ホウ:K
梉	ショウ:G ソウ:K
梊	タイ:G テイ:K テツ:K デチ:G
梋	エン ケン ゲ ゲイ セン:K ゼン:G
梌	ズ:G タ デ ト:K ユ
梍	オウ ソウ:K ゾウ:G
梎	オウ:K ユ:G ユウ:K ヨウ:G
梏	カク:GK キョク コク:GK
梐	ヘイ:K ベイ
梑	ジャク:G テキ:K
梒	カン:K ゴン:G
梓	シ:GK
梔	シ:GK
梕	ジン
梖	ハイ:GK バイ
梗	キョウ:G コウ:K
梘	カン ケン:GK
梙	カン:K
梚	バン:K マン:G
梛	ダ:K ナ:G
梜	キョウ:GK コウ
條	ジャク:G ジョウ:G チョウ:K テキ:K
梞	キ
梟	キョウ:GK
梠	リョ:K ロ:G
梡	カン:GK ガン:G コン:K ゴン:G
梢	ショウ:G ソウ:K
梣	シン:K
梤	フン:K ブン:G
梥	ショウ:K
梦	ボウ:K ム:G
梧	ギョ ゴ:K
梨	ライ:G リ:GK レイ:K
梩	カイ:K ガイ:G キ サイ シ:K ジ:G タイ リ:GK
梪	ズ:G トウ:K
梫	シン:GK
梬	エイ:K チョウ:G テイ:K ヨウ:G
梭	サ:GK シュン:K ジュン:G セン
梮	キク キョク:K コク:GK
梯	タイ:G ダイ テイ:K
械	カイ:K ガイ:G
梱	コン:GK ゴン
梲	エイ セチ:G セツ:K タチ:G タツ:K トチ トツ
梳	シュク ショ:G ソ:K
梴	セン テン:GK レン
梵	ハン:K フウ:K ブ:G ボン:G
梶	ビ:K ミ:G
梷	ジョウ:G セイ:K
梸	リ
梹	ヒン:GK ビン
梼	ジュ チュウ トウ:K ドウ:G
棁	エツ セツ タチ:G タツ:K トツ
棃	リ:GK
棄	キ:GK
棅	ヒョウ:G ヘイ:K
棆	チュン リン:GK
棇	ス:G ソウ:K
棈	ショウ:G セイ:K セン:GK
棉	ベン:K メン:G
棊	キ:K ギ:G
棋	キ:K ギ:G ゴ:G
棌	サイ:GK
棍	コン:K ゴン:G
棎	セン:K ゼン:G
棏	タク:K トク:K
棐	ヒ:GK ビ
棑	ハイ:K バイ ベ:G
棒	ホウ:K ボウ:G
棓	ハイ:K バイ:G フ ホウ:K ボウ:G
棔	コン:GK
棕	シュ:G ソウ:K
棖	ジョウ:G チョウ:K トウ:K
棗	ソウ:GK
棘	キ キョク:K コキ
棙	ライ:G レイ:K レチ:G レツ:K
棚	ホウ:K
棛	イク
棜	オ:K ヨ:G
棝	ク:G コ:K
棞	コン
棟	ツ:G トウ:K
棠	トウ:K ドウ:G
棡	コウ:GK
棢	ボウ:K モウ:G
棣	ジ:G タイ:K ダイ:G チ:K テイ:K デ
棤	サク:G シャク:K セキ
棥	ハン:K ボン:G
棦	ショウ:G ソウ:K
棧	サン:K シン:K ジン:G セン:K ゼン:G
棨	ケイ:K ケン
棩	エン
棪	エン:GK セン
棫	イキ:G イク ヨク:K
棬	カン:K ケン:GK ゲン:G
棭	エキ:K ヤク:G
森	シン:GK
棯	シン ジン:K デン:K ニン:G ネン:G
棰	スイ:GK タ
棱	チョウ リョウ ロウ:GK
棲	サイ:G セイ:K
棳	セチ:G セツ:K
棴	ソク フク:K ブク:G
棵	カ カン:GK ガン
棶	ライ:GK
棷	サイ:K シュ:G シュウ:K セ:G ソウ:K
棸	シュ:G シュウ:K ジュ チュウ
棹	ジョウ:G ジョク タク:GK トウ:K
棺	カン:GK
棻	フン:GK
棼	フン:K ブン:G
棽	シン チン:GK リン
棾	ギョウ:G ケイ:K
棿	ゲイ ゲチ:G ゲツ:K
椀	ワン:GK
椁	カク:GK
椂	ロク
椃	コウ:K
椄	ショウ:GK ジョウ セツ
椅	イ:GK
椆	キュウ:K ク:G シュウ:K ジュ:G チュウ:K
椇	キョ ク:GK
椈	キク:GK コク
椉	ジョウ:G
椊	サチ:G サツ:K スイ:K ソチ:G ソツ:K
椋	リョウ:K
椌	キョウ:K ク:G コウ:GK
植	シ:K ショク:K ジ:G ジキ:G チ:K チョク
椎	スイ:GK ズイ:G ツイ:K
椏	ア:K
椐	キョ:K コ:G
椑	ハイ:K バイ:G ヒ:GK ビャク:G ヘイ:K ヘキ:K ベイ
椒	ショウ:GK
椓	タク:GK チョ
椔	シ
椕	ヒン
椖	ホウ
椗	テイ
椘	ソ
検	ケン:GK
椯	スイ セン:K ゼン:G タ
椰	ヤ:GK
椱	カ フウ:K フク:K ブ:G ブク:G
椲	イ キ
椳	エ:G ガ ガイ:K ゲ:G ワイ:K
椴	タン:K ダン:G
椵	カ:K ケ:G ゲ
椶	シュ ス:G ソウ:K
椷	カン:K ゴン:G
椸	イ:GK
椹	シン:K ジン:G チン:GK
椺	ギャク ケキ
椻	エン:K
椼	エン
椽	テン:K デン:G
椾	セン
椿	チュン:GK チン
楀	ウ ク
楁	カク ギャク
楂	サ:K ジャ:G
楃	アク
楄	ヘン:K ベン:G
楅	ヒキ:G ヒョク:K フク:GK
楆	ヨウ:GK
楇	カ:K ガ ケ:G
楈	サン ショ:G ソ:K
楉	ジャク:K ニャク:G
楊	ヨウ:GK
楋	ラツ
楌	ガン:K ゲン:G
楍	ホン
楎	キ:K クン コン:K ゴン:G
楏	ケ:G ケイ:K
楐	カイ
楑	キ:K ギ:G
楒	シ
楓	ハン:K フ フウ:G ヘン ホン:G
楔	カチ:G カツ:K ケチ:G ケツ:K セチ:G セツ:K
楕	タ:GK ダ
楖	シチ:G シツ:K
楗	ガン ケン:K ゴン:G
楘	ボク:K モク:G
楙	ボウ:K ム:G
楚	ショ:G ソ:K
楛	コ:K ゴ:G
楜	コ:K ゴ:G
楝	レン:GK
楞	リョウ ロウ:GK
楟	ジョウ:G テイ:K
楠	ダン:K ナン:G
楡	ユ:GK
楢	シュ:G シュウ:K ショウ ユ:G ユウ:K
楣	ビ:K ミ:G
楤	ソウ:K
楥	エン:K オン:G カン ケン:K
楦	ケン
楧	エイ:K オウ ヨウ:G
楨	チョウ:G テイ:K
楩	ヘン:K ベン:G
楪	ショウ ジョウ:G チャ チョウ:K ヨウ:GK
楫	シュウ:K ショウ:GK
楬	カチ:G カツ:K ケツ:K ゲチ:G コウ
業	ギュウ ギョウ:K ゴウ:G
楮	ショ チョ:GK ト
楯	ジュン:G
楰	ギョ:K ゴ:G ユ:GK
楱	ス:G ソウ:K
楲	イ:GK
楳	バイ:K
楴	シ ダイ:G チ ヂ テイ:K
極	キャク:G キョク:K ケキ:K ゴク:G
楶	セチ:G セツ:K
楷	カイ:K
楸	シュ:G シュウ:K
楹	エイ:K ヨウ:G
楺	ジュウ:K ニュ
楻	ギョウ:G コウ:K
楼	ル:G ロウ:K
楽	ガク:GK ギョウ:G ゴウ:K ラク:GK リョウ
概	カイ:GK ガイ キ:K ケ:G ケツ:K ゲチ:G コチ:G コツ:K
榅	オツ
榆	ユ
榍	セツ:K
榎	カ:K
榏	ギャク ゲキ
榐	ジン:G チン:K テン:K デン:G ネン
榑	ハク フ:K ブ:G
榒	ダク ニャク:G
榓	ビツ:K ミチ:G ミツ
榔	ロウ:GK
榕	ユ:G ヨウ:K
榖	ク:G コウ:K コク:GK
榗	シン セン
榘	ク:GK
榙	コウ:K ゴウ:G トウ
榛	シン:GK セン
榜	ヒョウ:G ビョウ:G ホウ:GK ボウ
榝	サチ:G サツ:K セチ:G セツ:K
榞	ガン:K ゲン:G
榟	シ
榠	ベイ ミョウ:G メイ:K
榡	ソ:K
榢	カ
榣	ヨウ
榤	ケツ:K ゲチ:G
榥	オウ:G コウ:K
榦	カン:K
榧	ヒ:GK
榨	サ:K サイ:K サク シャ:G セ:G
榩	ケン:K ゲン:G ゴン
榪	バ:K メ:G
榫	シュン:GK
榬	イ エン:K オン:G
榭	シャ:K
榮	エイ:K ヨウ:G
榯	シ:K
榰	シ:GK
榱	スイ:GK
榲	イン ウン オチ:G オツ:K オン:GK
榳	ジョウ:G テイ:K
榴	リュウ:K ル:G
榵	ジョウ ニュ
榶	トウ:K ドウ:G
榷	カク:GK キョウ:G コウ:K
榸	タイ:K
榹	シ
榺	ショウ
榻	トウ:GK
榼	コウ:GK
榽	カイ:K ケイ ゲ:G ゲイ
榾	クチ コツ:K
榿	カイ:K ガイ:G キ:GK
槀	コウ:GK
槁	コウ:GK
槂	ソン
槃	ハン:K バン:G
槄	トウ
槅	カク:K キャク:G
槆	シュン:K ジュン:G
槇	シン:GK テン:GK デン
槈	ドウ:K ヌ:G
槉	シツ:K ジチ:G
槊	サク:GK
構	コウ:K
槌	ズイ:G タイ:K ツイ:K テ:G
槍	ショウ:K ソウ:G
槎	サ:K サイ:K シャ:G ジャ:G ゼ:G
槏	ケン:G タイ
槐	エ:G カイ:K
槑	バイ:K
槒	キク
槓	コウ:GK
槔	コウ
槕	タク
槖	タク:GK
槗	キョウ:GK
様	ショウ:K ゾウ:G ヨウ:GK
槙	シン:GK テン:GK
槢	シュウ:K ジュウ:G ジョウ:G チョウ:K
槣	キ:GK
槤	レン
槥	エ:G エイ:K ケイ:K セイ:K
槦	ツ:G トウ:K ユ:G ヨウ:K
槧	サン:K ザン:G セン:GK ゼン:G
槨	カク:GK
槩	カイ:GK ガイ
槪	カイ:GK ガイ キ:K ケ:G ケツ:K ゲチ:G コチ:G コツ:K
槫	セン:K ゼン:G タン:K ダン:G
槬	カ
槭	サク:K シャク:G シュ:G シュウ:K シュク:K セキ:K
槮	サン シン:GK ソウ
槯	サイ:K セ:G
槰	フウ:K ブ:G
槱	ウ:G ユウ:K
槲	コク:K ゴク:G
槳	ショウ:K ソウ:G
槴	コ:K ゴ:G
槵	カン:K ガン:G
槶	カイ:K ケ:G
槷	ゲチ:G ゲツ:K セチ:G セツ:K デツ ネチ
槸	ゲイ ゲチ:G ゲツ:K
槹	コウ:GK
槺	コウ
槻	キ:GK
槼	キ
槽	ソウ:K ゾウ:G
槾	バン:K マン:G
槿	キン:K コン:G ゴン
樀	タク チャク:G テキ:K
樁	シュ:G ショウ:K チョウ トウ:GK
樂	ガク:GK ギョウ:G ゴウ:K ラク:GK リョウ
樃	ロウ
樄	ジン:G チン:K
樅	シュ:G ショウ:K
樆	チ リ
樇	シュ:G シュウ:K
樈	ギョウ:G ケイ:K
樉	ショウ:G ソウ:K
樊	ハン:K ベン ボン:G
樋	ツ:G トウ:K
樌	カン:GK
樍	サク シキ:G シャク:G ショク:K セキ:K
樎	シュク
樏	ラ ルイ:GK
樐	ロ
樑	リョウ
樒	ビツ:K ミチ:G ミツ:G
樓	ル:G ロウ:K
樔	ショウ:G ジョウ:G ソウ:K
樕	ソク:GK
樖	カ
樗	チョ:GK ツ:G ト:K
樘	チョウ:G トウ:K
標	ヒョウ:GK
樚	トク:K ドク:G ロク:GK
樛	キュウ:GK ク ビュウ ミュ リョウ
樜	シャ ショ
樝	サ:K シャ:G
樞	オ オウ シュ:K スウ チョ
樟	ショウ:GK
樠	バン:K ボン:K マン:G モン:G ロウ
模	ボ:K モ:G
樢	チョウ:GK ボク:K モク:G
樣	ショウ:K ゾウ:G ヨウ:GK
樤	ジョウ:G
樥	ホウ ボ
樦	ジュ チュ
樧	サチ:G サツ:K セチ:G セツ:K
樨	セイ
権	カン:K ケン:K ゲン:G ゴン:G
横	オウ:G ギョウ コウ:K ヨウ
樬	ソウ
樯	ショウ
樲	ジ:K チ ニ:G
樳	ジン:G
樴	シキ:G ショク:K トク:K ドク:G ヨキ ヨク
樵	ショウ:K ジョウ:G ゾウ
樶	サイ:K
樷	ズ:G ソウ:K
樸	ハク:K ブ:G ホ:K ホク:GK ボク:G
樹	シュ:K ジュ:G
樺	カ:K
樻	キ:K ギ:G
樼	シン セン
樽	ソン:GK
樾	エツ:K オチ:G
樿	セン:GK ゼン
橀	カイ ケイ
橁	シュン チュン
橂	テン:K デン:G
橃	ハイ:K ハチ:G ハツ:K バツ ヘ:G ボチ
橄	カン:GK
橅	ボ:K モ:G
橆	ブ:K ム:G
橇	キョウ:GK セ:G セイ:K セチ:G セツ:K ゼイ ヒョウ
橈	ジョウ:K ドウ:K ニョウ:G
橉	リン:GK
橊	リュウ:K ル:G
橋	キョウ:GK ギョウ:G コウ:K
橌	カン:K ゲン:G
橍	ジュン:K ニン:G
橎	ハ ハン:K ホン:G ボン:G
橏	ケン セン
橐	シャ タク:GK ツ:G ト:K
橑	リョウ:GK ロウ:GK
橒	ウン:GK
橓	シュン
橔	タイ デ トン
橕	チョウ:G トウ:K
橖	チョウ:G トウ:K ドウ:G
橗	ボウ:K ミョウ:G
橘	カツ キチ:G キツ:K
橙	トウ:GK
橚	シュ:G シュウ:K シュク ショウ:G ソウ:K
橛	カチ ケ:G ケイ:K ケツ:K
橜	ケツ
橝	シン:K ジン:G タン:K チン テン:K デン:G ドン:G
橞	エ:G ケイ:K
機	キ:K ケ:G
橠	ダ:K ナ:G ラ
橡	ショウ:K ゾウ:G
橢	タ:GK ダ
橣	デイ ニョウ
橤	ズイ:K ニ
橥	チョ
橦	シュ:G ショウ:K ジョウ:G ズ:G ソウ:K トウ:K ヒョウ
橧	ショウ:K ソウ:GK ゾウ:G
橨	ヒ:K ビ:G フン:K ブン:G
橩	ギョウ:G ケイ:K
橪	エン:GK ゼン:K ネン:G
橫	オウ:G ギョウ コウ:K ヨウ
橬	シン:K ジン:G セン:K ゼン:G
橭	ク:G コ:K ゴ
橮	リュウ
橯	ロウ
橰	コウ
橱	チュウ
橲	キ
橸	ショウ
橺	カン:K ゲン:G
橽	タチ:G タツ:K
橾	シュ:K ショウ:GK ス:G ソウ:K
橿	キョウ:K
檀	セン:K ゼン:G タン:K ダン:G
檁	リン:GK
檂	ジョウ ニュ
檃	イン:K オン:G
檄	ギャク ギョウ:G ケキ:K ゲキ コウ:K
檅	セイ
檆	サン:K
檇	サイ:K スイ:GK セ:G
檈	シュン セン:K ゼン:G
檉	チョウ:G テイ:K
檊	カン
檋	キョウ キョク:K コク:G
檌	サイ:K ゼ:G
檍	イ オク:G ヨキ ヨク:K
檎	キン:K ゴ ゴン:G
檏	ハク ボク
檐	エン:GK タン:GK
檑	ライ:GK レ
檒	フウ
檓	キ
檔	トウ:GK
檕	カイ:K ケ:G ケイ
檖	スイ:K ズイ:G
檗	ハク:K バク ヒャク:G ビャク:G ヘキ:K
檘	ハク ヘイ
檙	チョウ:G テイ:K
檚	ソ
檛	サ:K セ:G タ:GK テ
檜	カイ:K カチ:G カツ:K ケ:G
檝	シュウ:K ショウ:GK
檞	カイ:K ゲ:G
檟	カ:K ケ:G
檠	キョウ:G ギョウ:G ケイ:K
檡	エキ:K シャク:G ジャク:G セキ:K タク:K ダク ト ヤク:G
檢	ケン:GK
檣	ショウ:K ゾウ:G
檤	トウ:K ドウ:G
檥	イ ガ ギ:GK
檦	ヒョウ
檧	ス:G ソウ:K
檨	ショウ:K ゾウ:G ヨウ
檪	ヤク:GK レキ:K ロウ:GK
檫	サチ:G サツ:K
檬	ボウ:K モ モウ:G
檭	ギン:K ゴン:G
檮	ジュ チュウ トウ:K ドウ:G
檯	ダイ:G
檰	ベン:K メン:G
檱	キ:K
檲	タン:K ダン:G
檳	ヒン:GK ビン
檴	カ:K カク:K ゲ:G ワク:G
檵	ケイ
檶	ケン
檷	ジ:K デイ:K ナイ:G ニ:G ビ:K ミ:G
檸	ドウ:K ニョウ:G ネイ
檹	イ
檺	コウ
檻	カン:K ガン:G
檼	イン:K オン:G
檽	ジ:K ジュ ゼン:K ドウ:K ニ:G ニュ ヌ:G ネン:G
檾	キョウ:G ケイ:K
檿	エン:GK
櫀	キ
櫁	ビツ:K ミツ:G
櫂	ジャク:G ジョウ:G ジョク タク:K チャク:G テキ:K トウ:K
櫃	キ:K
櫄	チュン
櫅	ザイ:G セイ:K
櫆	カイ:K ケ:G
櫇	ハ:K バ:G
櫈	トウ:GK
櫉	チュ
櫋	ベン:K メン:G
櫌	ウ:G ユウ:K
櫍	シチ:G シツ:K テチ:G テツ:K
櫎	オウ:G カク コウ:K
櫏	セン
櫐	ライ ルイ:GK レ
櫑	ライ:GK レ
櫒	サツ
櫓	ル:G ロ:K
櫔	レイ:K
櫕	サン:K
櫖	リョ:K ロ:G
櫗	ベイ ベツ:K メイ メチ:G
櫘	セイ
櫙	オ オウ
櫚	リョ:K ロ:G
櫛	シチ:G シツ:K
櫜	コウ:GK
櫝	トク:K ドク:G
櫞	エン:GK
櫟	シャク ヤク:GK ラク リャク:G レキ:K ロウ:GK
櫠	ハイ:K ヘ:G
櫡	ジョ:G チャク チョ:K
櫢	シュ:G ソウ:K
櫣	レン
櫥	チュ
櫧	ショ:GK
櫨	リョ ロ:K
櫩	エン
櫪	リャク:G レキ:K
櫫	チョ
櫬	カン シン:GK
櫭	キ:K ギ:G ケイ ケツ:K ゲイ ゲチ:G コウ:K ゴウ:G
櫮	ガク
櫯	ソ
櫰	エ:G カイ:K ケ:G
櫱	ガチ ガツ ゲチ:G ゲツ:K
櫲	ヨ:GK
櫳	ル:G ロウ:K
櫴	ライ
櫹	ショウ
櫺	リョウ:G レイ:K
櫻	オウ:K ヨウ:G
櫼	サン:K シン セン:GK
櫽	イン:K
櫾	ユ:G ユウ:K
櫿	エイ
欀	ショウ ジョウ:K ニョウ:G
欁	ノウ
欂	ハク:GK バク ビャク:G ヘキ:K
欃	サン:K ザン:G
欄	ラン:GK レン:GK
欅	キョ:K コ:G
欆	ソウ
欇	ショウ:GK
欈	イ スイ
欉	ス:G ソウ:K
權	カン:K ケン:K ゲン:G ゴン:G
欋	ク:K グ:G チュ
欏	ラ:GK
欐	シ ライ:G リ:GK レイ:K
欑	サン:K ザン:G
欒	ラン:GK
欓	トウ
欔	カク
欖	ラン:GK
欗	ラン:GK
欘	ジョク タク チク チョク
欙	ラ ルイ
欚	ライ:G レイ:K
欛	ハ:K ヘ:G
欜	ドウ:K ノウ:G
欝	ウツ:K
欞	リョウ:G レイ:K
欠	キ ケチ:G ケツ:K ケン:K
次	シ:GK ジ
欣	キン:K コン:G ゴン
欤	ヨ:GK
欥	イチ:G イツ:K カン
欦	カン:K ケン:G コン
欧	オ オウ:K
欨	ク:GK
欩	チョウ
欪	カチ:G カツ:K キチ:G キツ:K クチ クツ チチ:G チツ:K
欫	キャク:G ケキ:K
欬	アイ カイ:GK ガイ キ
欭	イ イン
欮	カチ ケツ
欯	カイ キチ:G キツ:K
欰	シュチ:G シュツ:K
欱	コウ
欲	ユ ヨク:GK
欳	カイ:K ケ:G
欴	ロウ
欵	カン:GK
欶	サク:GK シュ:G シュク ソウ:K ソク:GK
欷	キ:K ケ:G
欸	アイ:GK イ カイ:K ケ:G
欹	イ:GK キ:GK
欺	キ:K ギ:G
欻	クチ クツ:K
欼	サイ:K シ セ:G
欽	キン:K ギン:K コン:G ゴン:G
款	カン:GK
欿	カン:K コン:G ゴン:G タン:K トン:G
歀	カン
歁	カン:K ケン:G コウ コン
歂	セン:K ゼン:G
歃	ショウ:G ソウ:K
歄	カ カイ:K ケ:G
歅	イン エイ エン
歆	キン:K コン:G
歇	アツ:K エチ:G カイ:K カチ:G カツ:K ケ:G ケツ:K コチ:G
歈	ズ:G トウ:K ユ
歉	カン:K ケン:GK
歊	カク キョウ:GK コク
歋	イ ヤ
歌	カ:GK
歍	ウ:G オ:K オウ
歎	タン:GK
歏	キン:K クン コン:G ゴン
歐	オ オウ:K
歑	ク:G コ:K
歒	チャク:G テキ:K
歓	カン:GK
歔	キョ:K コ:G
歕	フン ホン
歖	イ キ:K
歗	ショウ
歘	クツ:K
歙	キュウ:K キョウ:K コウ:G ショウ:GK
歛	カン:GK ケン:K コン:G
歜	サン ザ ショク:K ソク:G
歝	エキ:K
歞	ギョウ:G ゴウ:K
歟	ヨ:GK
歠	セチ:G セツ:K
歡	カン:GK
止	シ:GK
正	ショウ:G セイ:K
此	シ:GK
步	フ:G ブ:G ホ:K
武	ブ:K ム:G
歧	キ:K ギ:G
歨	ホ
歩	フ:G ブ:G ホ:K
歪	エ:G ワイ:K
歫	キョ:K ゴ:G
歬	ゼン:G
歭	ジ:G チ:K
歮	シュウ:G
歯	シ:GK ショウ
歰	シュウ:G ソウ:K
歱	シュ:G ショウ:K
歲	サ サイ:G セイ:K セチ:G セツ:K
歳	サ サイ:G セイ:K セツ
歴	リャク:G レキ:K
歵	サク ジャク
歷	リャク:G レキ:K
歸	キ:GK ギ
歹	ガチ:G ガツ:K キョウ サツ タイ:GK
歺	ガツ:K
死	シ:GK
歽	セチ:G セツ:K
歾	フン ブン:K ボツ:K モチ:G モン:G
歿	ボツ:K モチ:G
殀	ヨウ:GK
殁	ボツ:K
殂	ソ:K ゾ:G
殃	オウ:G ヨウ:K
殄	テン:K デン:G
殅	ショウ:G ソウ:K
殆	タイ:K ダイ:G
殈	イチ:G イツ:K キャク:G ケキ:K
殉	エン シュン:K ジュン:G
殊	シュ:K ジュ:G
残	サン:K ザン:G
殌	カチ ギョウ:G ケイ:K ケツ
殍	ヒ:K ヒョウ:K ビ:G ビョウ:G フ:GK
殎	コウ
殏	キュウ:K グ:G
殐	サク ソク
殑	キョウ:K ゴウ:G
殔	イ シ
殕	オク フ:G フウ ホ:K ホク:K ボク:G
殖	シ:K ショク:K ジ:G ジキ:G
殗	エン:GK ヨウ:K
殘	サン:K ザン:G
殙	コン ボン:K モン:G
殛	キョク:K コキ
殜	ジョウ:G チョウ:K ヨウ
殝	シン
殞	イン:GK ウン
殟	オチ:G オツ:K オン:GK
殠	キュウ:K ク:G シュ:G シュウ:K
殢	ケイ タイ:G ダイ テイ:K
殣	キン:K ギン:G ゴン:G
殤	ショウ:GK
殥	イン
殦	チョウ
殧	シュウ:K シュク ジュ:G ソウ
殨	エ:G カイ:K コツ:K ゴチ:G
殩	サン:GK
殪	エイ:K
殫	タン:GK
殬	ツ:G ト:K
殭	キョウ:K コウ:G
殮	レン:GK
殯	ヒン:GK
殰	トク:K ドク:G
殱	セン:GK
殲	セン:GK
殳	シュ:K ジュ:G
殴	オ オウ:K ク:G コウ:K
段	タン:K ダン:G
殶	シュ
殷	アン:K イン:K エン:G オン:G
殸	キョウ:G ケイ:K コウ:K ショウ:G セイ:K
殹	エイ:K
殺	サイ:K サチ サツ:K シ セイ:G セチ:G セツ:G
殻	カク:K キャク:G コク:G
殼	カク:K キャク:G コク:G
殽	ギョウ:G コウ:K ゴウ:G
殾	シュン
殿	テン:K デン:G
毀	キ:GK
毁	キ
毃	カク:GK キョウ:G コウ:K
毄	カイ:K キャク:G ケ:G ケイ:K ケキ:K ゲキ
毅	キ:K ギ:K ゲ:G
毆	オ オウ:K ク:G コウ:K
毇	キ:GK サク ソク
毈	タ:K タン:K ダ:G ダン:G
毉	イ:GK エイ
毊	キョウ
毋	ブ:K ボウ:K ム:G
毌	カン:GK
母	ボ:K ボウ:K ム:G モ:G
毎	バイ:K マイ:G メ
每	バイ:K マイ:G メ
毐	アイ
毑	サ:K シャ:G
毒	タイ:K ダイ:G トク:K ドク:G
毓	イク:GK
比	ヒ:GK ヒツ:K ビ:G ビチ:G
毖	ヒ:GK
毗	ヒ:K ビ:G
毘	ヒ:K ビ:G
毚	サン:K ザン:G
毛	ブ ボウ:K モウ:G
毞	ヒ:K ビ:G
毠	カ:K ケ:G
毡	セン:GK
毢	サイ
毣	バク:K ボウ:K ボク:K マク:G モウ:G モク:G
毤	エチ:G エツ:K タ タイ:K テ:G
毥	シュン:K ジュン:G
毦	ジ:K ニ:G
毧	ジュウ ニュ
毨	セン
毩	キク ゴク
毫	コウ:K ゴウ:G
毬	キュウ:K グ:G
毭	ズ:G ダク トウ:K ナク
毯	タン:GK ダン
毰	ハイ:K ベ:G
毱	キク:K ゴク
毲	タチ:G タツ:K
毳	カツ:K ケチ:G セ:G セイ:K セチ:G セツ:K ゼイ
毴	ヒ
毷	ボウ:K モウ:G
毸	サイ:K セ:G
毹	シュ:K ス:G ユ
毺	シュ:K ス:G ユ
毻	タ タイ:K テ:G
毼	カチ:G カツ:K ガチ トウ
毽	ケン
毾	トウ
毿	サン:K
氀	シュ:K ス:G ツ:G トウ:K ル
氁	ボ ム
氂	ボウ:K モウ:G ライ リ:GK
氃	ズ:G トウ:K
氄	ジュウ ジュン:K ジョウ:K ニュ ニン:G
氅	ショウ:GK
氆	ホウ
氈	セン:GK
氉	ソウ
氊	セン:GK
氋	ボウ:K モ:G
氌	ラ ロ
氍	キョ:K ク:K グ:G コ:G
氎	ジョウ:G チョウ:K
氏	シ:GK ショウ:G ジ:G セイ:K
氐	シ タイ:G チ テイ:K
民	ビン:K ミン:G
氒	カチ ケツ:K
氓	ボウ:K ミョウ:G モウ:K
气	キ:K キツ:K ケ:G コチ:G
氖	ダイ
気	キ:K ケ:G
氙	セン
氛	フン:K ブン:G
氜	ジツ ヨウ
氝	ダイ
氟	フツ
氣	キ:K ケ:G
氤	イン:GK
氥	セイ
氦	ガイ
氧	ヨウ
氨	アン
氪	コク
氫	ケイ
氬	ア
氭	トウ
氮	タン
氯	リョク
氰	セイ
氱	ヨウ
氲	ウン オン
氳	ウン:GK
水	スイ:GK
氶	ショウ:GK ジョウ:G
氷	ギョウ ヒョウ:GK
永	エイ:K ヨウ:G
氹	カン
氺	スイ
氻	ロク:GK
氼	デキ
氽	トン
氾	ハン:K ホン:G ボン:G
氿	キ:GK キュウ:K グ:G
汀	ジョウ チョウ:G テイ:K
汁	キョウ:K ギョウ:G シュウ:GK ジュウ
求	キュウ:K ク:G グ:G ゲ
汃	ハチ:G ハツ:K ヒン
汄	ショク
汅	メン
汊	サ:K シャ:G
汋	サク:K ザク:G シャク:GK ジャク:G ヤク:GK
汌	セン
汍	カン:K ガン:G
汎	ハン:K フウ ブ:G ホウ:K ホン:G ボウ
汏	タ:K タイ:GK タチ:G タツ:K ダ:G ダイ:G
汐	ジャク:G セキ:K
汑	タク
汒	ボウ:K モウ:G
汓	シュウ:K ジュ:G ユ:G ユウ:K
汔	キツ:K
汕	サン:K セン:G
汗	カン:K ガン:G
汘	セン
汙	ウ:G オ:K ワ
汚	ウ:G オ:K ワ
汛	サイ:K シン:GK ジン:G セ:G セン:K
汜	イ シ:K ジ:G
汝	ジョ:K ニョ:G
汞	ク:G グ:G コウ:K
江	コウ:GK ゴウ
池	タ:K ダ:G チ:K テツ:K デチ:G
污	オ
汥	キ:K ギ:G シ ヒ:K ビ:G
汦	シ:K ジ:G チ
汧	キョウ:G ケイ:K ケン:GK ゲン
汨	イチ:G イツ:K コチ:G コツ:K ベキ:K ミャク:G
汩	イツ コツ
汪	オウ:GK
汫	キョウ:G ケイ:K ジョウ:G セイ:K
汬	セイ
汭	ズイ ゼイ:K ゼツ トン ニ ネ ネチ
汮	イン エイ:K キン:K コン:G ヨウ:G リン
汯	オウ:G ギョウ コウ:K
汰	エイ タ タイ:GK タチ:G タツ:K テイ
汱	ケン
汲	キュウ:K
汳	ヘン:K ベン:G
汴	ハン:K ヘン:K ベン:G ホン:G
汵	カン:K コン:G ゴン シン:K ジン:G
汶	ビン:K フン ブン:K ボン:K ミン:G モン:G
汷	シュウ
汸	ホウ:GK ボウ
汹	キョウ:K
決	エチ:G エツ:K ケイ ケチ:G ケツ:K
汻	ク:G コ:K コウ
汼	ギュウ グ
汽	イツ オチ カイ:K キ:K キツ:K ケ:G コチ:G
汾	フン:K ブン:G ホン:K ボン:G
汿	ショ:K ジョ:G
沀	ショ:K ジョ:G
沁	シン:GK
沂	キ:K ギ:K ギン:K ゲ:G ゴン:G
沃	オウ オク:GK ヨク ワク
沄	ウン:GK コン:K ゴン:G
沅	ガン ゲン:K
沆	コウ:K ゴウ:G
沇	イ イン エン:GK
沈	シン:GK ジン:G タン:K チン:K ドン:G
沉	チン:K
沊	タン:K トン:G
沋	ウ:G ユウ:K
沌	シュン:K ジュン:G テン:K デン:G トン:K ドン:G
沍	カク:K ガク:G ギャク コ:K ゴ:G
沎	カ
沏	シチ:G シツ:K セチ:G セツ:K
沐	ボク:K モク:G
沑	ジク:K ジュウ ニク:G ニュ
沒	バ:K バイ:K ボツ:K マ マイ:G メ:G モチ:G モツ:G
沓	トウ:K ドウ:G
沔	ビ:K ビン:K ベン:K ミ:G ミン:G メン:G
沕	コチ:G コツ:K バイ:K ビツ:K ブツ:K ミチ:G メ:G モチ:G
沖	ジュ ズ:G チュウ:K トウ:K
沗	テン
沘	ヒ:GK ビ
沙	サ:K シ シャ:G
沚	シ:GK
沛	ハイ:GK
沜	ハン:GK
沝	スイ
沞	ソウ
沟	ク:G コウ:K
沠	ハ
没	バ:K バイ:K ボツ:K マ マイ:G メ:G モチ:G モツ:G
沢	エキ:K シャク:G ジャク:G セキ:K タク:K ダク ヤク:G
沪	リョ:K ル ロ:G
沫	バツ:K マチ:G マツ:G
沬	カイ:K ケ:G バイ:K ビ:K マイ:G ミ:G メ
沭	イチ:G イツ:K シュツ:K ジュチ ジュツ:G
沮	ショ:K セン ソ:G ゾ:G
沰	タク:GK
沱	ジ:G タ:K ダ:G チ:K
沲	ダ:G
河	カ:K ガ:G
沴	シン テン:K デツ デン:G ネチ ライ:G リ レイ:K
沵	シ レイ
沶	イ シ:K ジ:G チ
沷	ハツ:K フチ フツ ホチ:G
沸	ハイ:K ヒ:GK フチ フツ ヘ:G
油	ユ:G ユウ:K
沺	テン:K デン:G
治	イ ジ:G タイ チ:K
沼	ショウ:GK
沽	ク:G コ:K
沾	セン ソン チョウ:GK テン:GK トン
沿	エン:GK
泀	シ
況	キョウ:K コウ:G
泂	キョウ:G ギョウ:G ケイ:K
泃	キョ:K ク:G コウ:K ゴ:G
泄	エイ:K セチ:G セツ:K
泅	シュウ:K ジュ:G ユウ
泆	イチ:G イツ:K テツ:K デチ:G
泇	カ:K ケ:G
泈	シュウ
泉	セン:K ゼン:G
泊	ハク:K バク:G ヒャク:G
泋	キ
泌	ヒ:GK ヒツ:K ビチ:G
泍	ホン:GK ボン:G
泎	サク ジャク
泏	クチ コツ チュチ:G チュツ:K
泐	リキ リョク ロク:GK
泑	オウ:K ユ ユウ:GK ヨウ:G
泒	ク:G コ:K
泓	オウ:GK キョウ:G コウ:K
泔	カン:GK ゴン:G
法	ハッ ホウ:GK ホッ
泖	ボウ:K ミョウ:G リュウ:K ル:G
泗	シ:GK
泘	コ
泙	ヒョウ:G ビョウ:G ヘイ:K ホウ:K
泚	サイ:G シ:GK セイ:K
泛	ハン:K フ ホウ:K ホン:G ボウ:G
泜	シ:K ジ:G タイ:G チ:K テイ:K
泝	ソ:K
泞	ジョ:G チョ:K
泟	テイ
泠	リョウ:G レイ:K レン
泡	ホウ:K
波	ハ:GK ヒ
泣	キュウ:K コウ:G シュウ リュウ
泤	シ
泥	デイ:K デツ ナイ:G ニョウ ネチ
泦	キク コク
泧	エツ カ ケツ:K
注	シュ:K チュ チュウ
泩	ショウ:G ソウ:K
泪	ルイ:GK
泫	ケン:K ゲン:G
泬	ケチ:G ケツ:K
泭	フ:K フウ ブ:G
泮	ハン:GK
泯	ビン:K ベン:K ミン:G メン:G
泰	タイ:GK
泱	エイ オウ:GK ヨウ:K
泲	サイ:G セイ:K
泳	エイ:K ヨウ:G
泴	カン:GK
泵	リュウ
泻	シャ:K
泿	ギン:K ゴン:G
洀	シュ:G シュウ:K ハン
洁	キチ:G キツ:K コウ
洂	エキ
洃	カイ:K ケ:G
洄	エ:G カイ:K
洅	サイ:K セ:G
洆	ショウ:K ジョウ:G
洇	イン:GK エチ:G エツ:K
洈	キ:K ギ:G
洉	コウ ゴ
洊	セン:K ゼン:G ソン:K ゾン:G
洋	ショウ:K ジョウ:G ヨウ:GK
洌	レイ レチ:G レツ:K
洍	イ シ:K ジ:G
洎	キ:K ギ:G
洏	ジ:K ニ:G
洐	ギョウ:G コウ:K
洑	フク:K ブク:G
洒	サ:K サイ:GK シ シャ:G セ:G セイ:K セン ソン
洓	サク シ:K シャク:G ジ:G セキ:K
洔	シ:K ジ:G チ
洕	イン
洖	ゴ
洗	サイ:G セイ:K セン:GK
洘	コウ
洙	シュ:K ジュ:G
洚	グ:G コウ:GK ス:G ソウ:K
洛	ラク:GK
洜	ラク
洝	アチ:G アツ:K アン:K エン:G
洞	ズ トウ:K ドウ:G
洟	イ:GK ダイ:G テイ:K
洠	ボウ:K ム:G
洡	ライ レ
洢	イ
洣	ベイ:K マイ:G
洤	セン:K
津	シン:GK
洦	ハク:K バク:K ヒャク:G ミャク:G
洧	イ:GK
洨	コウ:K ゴウ:G
洩	エイ:K エツ セチ:G セツ:K
洪	グ:G コウ:K
洫	イチ:G イツ:K キョク:K ケキ
洬	サク ソク
洭	キョウ
洮	ジョウ:G チョウ:K トウ:GK ドウ:G ヨウ
洯	ケチ:G ケツ:K
洰	キョ
洱	ジ:K ニ:G ビ:K ミ:G
洲	シュウ:K ス:G
洳	ジョ:K ニョ:G
洴	ビョウ:G ヘイ:K ホウ:K
洵	ケン シュン:GK ジュン:G
洶	キョウ:K ク:G シュ:G ショウ:K
洷	ジチ:G チ チツ:K
洸	オウ:G コウ:GK
洹	エン:K オン:G カン:K ガン:G
洺	ベイ ミョウ
活	カツ:K ガチ:G
洼	アイ イ エ:G エイ ケ:G ケイ:K ワ:K ワイ:K
洽	ギョウ:G コウ:GK
派	ハ ハイ:K バク
洿	ウ:G オ:K ク:G コ:K ゴ
浀	キョク
流	リュウ:K ル:G
浂	イチ:G イツ:K
浃	ショウ
浄	シン ジョウ:G セイ:K ソウ
浅	サン:K ザン:G セン:GK
浊	ダク
浖	レチ:G レツ:K
浗	キュウ:K グ:G
浘	ビ:K ミ:G
浙	セイ セチ:G セツ:K
浚	シュン:GK
浛	カン:K ゴン:G
浜	ヒョウ:G ヒン:GK ホウ:K
浝	ボウ:K モウ:G
浞	サク:K ザク:G
浟	チャク:G テキ:K ユ:G ユウ:K
浠	キ:K ケ:G
浡	ホツ:K ボチ:G ボツ
浢	ズ:G トウ:K
浣	カン:K ガン:G ゲン:G
浤	ギョウ:G コウ:K
浥	オウ:GK ユウ:K ヨウ:G
浦	フ:G ホ:K
浧	エイ:K チョウ:G テイ:K ヨウ:G
浨	ラン
浩	コウ:K
浪	ラン:T ロウ:GK
浫	カン
浬	リ:GK
浭	キョウ:G コウ:K
浮	フ:G フウ:K ブ:G ホウ:K
浯	ゴ:K
浰	ライ:G リ:GK レイ:K レン:GK
浱	シュン
浲	ホウ
浳	ヨキ ヨク
浴	ヨク:GK
浵	ズ:G トウ:K
浶	ロウ
海	カイ:GK
浸	シン:GK
浹	キョウ:G ギョウ コウ:K ショウ:GK ソウ
浺	チュ チュウ
浻	オウ キョウ:G ケイ:K
浼	バイ:K バン:K ベン:K マン:G メ:G メン:G
浽	スイ ダイ ネ
浾	サ:K シャ:G シン チョウ:G テイ:K
浿	ハイ:K ヘ:G
涀	ケイ ケン:K ゲイ ゲン:G
涁	シン:GK
涂	ジョ:G ズ:G タ:K ダ:G チョ:K ト:K ヤ
涃	コン
涄	ヒョウ:G ヘイ:K
涅	ケン:K ゲン:G デツ:K ネ ネチ:G ネツ
涆	カン
涇	キョウ:G ケイ:K
消	ショウ:GK
涉	ショウ:K ジョウ:G チョウ:GK
涊	ジン:K デン:K ニン:G ネン:G
涋	トチ トツ
涌	ユ:G ユウ:G ヨウ:K
涍	キョウ:G コウ:K
涎	エン:GK セン:K ゼン:G
涏	ジョウ:G テイ:K テン:K デン:G
涑	シュ:G シュウ:K ショク ソウ:K ソク:GK
涒	イン:GK ウン キン:K コン:G トン:GK
涓	エン ケン:GK ゲン
涔	サン:K ザン シン:K セン:G
涕	エキ:K タイ:G テイ:K ヤク:G
涖	ライ:G リ:GK レイ:K
涗	セ:G セイ:K セチ:G セツ:K
涘	シ:K ジ:G
涙	ライ:G リツ ルイ:GK レイ:K レツ
涛	トウ:K
涜	トク:K
润	ジュン:K ニン:G
涪	フ:G フウ:K ブ:G ホウ:K
涫	カン:GK
涬	ギョウ:G ケイ:K
涭	シュウ:K ジュ:G トウ
涮	サン:K セチ:G セツ:K セン:G
涯	ガ ガイ:K ギ ゲ:G
涰	セチ:G セツ:K テチ:G テツ:K
涱	チョウ
液	エキ:K シャク:G セキ:K ヤク:G
涳	ク:G コウ:K ドウ:K ニョウ:G
涴	エン:K オン:G ワ:GK
涵	カン:K ゲン:G ゴン:G
涶	タ
涷	ツ:G トウ:K
涸	カク:K ガク:G コ:K ゴ:G
涹	イ ダイ ネ ワ:GK
涺	キョ:K コ:G
涻	シャ
涼	リョウ:K
涽	コン:GK
涾	トウ:K ドウ:G
涿	タク:GK チョク トク:K ドク:G
淀	テン:K デン:G
淁	シュウ ショウ
淂	チキ:G チョク:K トク:GK
淃	ケン:K ゲン:G
淄	シ:GK
淅	シャク:G セキ:K
淆	ギョウ:G コウ:K
淇	キ:K ギ:G
淈	クチ コツ:K
淉	カ カン
淊	アン:K エン:G カン:K ゴン:G
淋	リン:GK
淌	ショウ:GK トウ
淍	シュ:G シュウ:K
淎	フ:G ホ:K ホウ:K
淏	コウ:K ゴウ:G
淐	ショウ:GK
淑	シュク:K
淒	サイ:G シ セイ:K セン
淓	ホウ
淔	ショク:K ジキ:G チキ:G チョク:K
淕	リク:K ロク:G
淖	シャク:GK ショク:K ジョウ:K ゾク:G タク トウ ドウ:K ニョウ:G
淗	キク コク
淘	トウ:K ドウ:G
淙	ス:G ソウ:K ゾウ:G
淚	ライ:G リチ:G リツ:K ルイ:GK レイ:K レチ:G レツ:K
淛	セイ セチ:G セツ:K
淜	ハン:K ヒョウ フウ:K ブ:G ヘン:G
淝	ヒ:K ビ:G
淞	シュ:G ショウ:K
淟	テン:GK トン
淠	ハイ:GK ヒ:GK ヘイ
淡	エン タン:K ダン:G
淢	イキ:G イク イチ:G イツ:K キョク:K ケキ ヨク:K
淣	ガイ:K ゲ:G ゲイ
淤	オ:G ヨ:K
淥	リョク:K ロク:GK
淦	カン:K コン:G ゴン
淧	ヒツ
淨	シン ジョウ:G セイ:K ソウ
淩	リョウ:GK
淪	カン リン:GK ロン
淫	イン:GK エン ヨウ
淬	サイ:GK シュチ:G シュツ:K セ
淭	キョ:K ゴ:G
淮	エ:G カイ:K ワイ
淯	イク:GK
淰	アン:K オン:G シン:GK デン:K ドウ:K ナン ネン:G ノウ:G
深	シン:GK ジン
淲	ク:G コ:K ヒュウ ビュ
淳	シュン:K ジュン:G
淴	オチ:G オツ:K カイ:K ケ:G コチ:G コツ:K
淵	イン エン:GK
淶	ライ:GK
混	コン:GK ゴン:G
淸	ショウ:G シン:T ジョウ セイ:K
淹	エン:GK オウ:K ヨウ:G
淺	サン:K ザン:G セン:GK
添	テン:GK
淼	ビョウ:K ミョウ:G
淽	シ
淾	イン
淿	ベキ
渀	ホン:K ボン:G
渁	エン
渂	ビン ブン
渃	ジャ ジャク:K ニャ ニャク:G
渄	ヒ
清	ショウ:G シン:T ジョウ セイ:K
渆	エン
渇	カツ:K ケツ:K
済	サイ:G ザイ セイ:K
渉	ショウ:K ジョウ:G チョウ:GK
渊	エン:GK
渋	シュウ:G ジュウ
渒	ハイ
渓	ケイ:K
渕	エン:GK
渗	シン:GK ソン
渘	ジュウ ニュ
渙	カイ:K カン:GK ケ:G
渚	ショ:GK
減	カン:K ゲン:G
渜	ゼン:K ダン:K ドン ナン:G ネン:G
渝	ズ:G トウ:K ユ:GK
渞	シュウ:K ジュ:G
渟	チョウ:G テイ:K
渠	キョ:K ゴ:G
渡	ズ:G ト:K
渢	ハン:K バン フウ:K ブ:G ホン ボン:G
渣	サ:K シャ:G ジャ
渤	ホツ:K ボチ:G ボツ
渥	アク:GK オ オウ オク
渦	カ:GK ケ ワ:GK
渧	ダイ:G チャク:G テイ:K テキ:K
渨	イ エ:G ワイ:K
温	ウン:T オン:GK
渪	ジュ
渫	エイ ショウ:G ジョウ:G セチ:G セツ:K ソウ:K チョウ:K トウ
測	シキ:G ショク:K ソク:K
渭	イ:GK
渮	カ:GK
港	コウ:GK
渰	エン
渱	ク:G グ コウ:K
渲	セン:GK
渳	ビ:K ビン:K ミ:G ミン:G
渴	カイ カチ:G カツ:K ケツ:K ゲチ:G
渵	ボウ:K ミョウ:G
渶	エイ:K ヨウ:G
渷	エン
游	シュウ:K ジュ:G ユ:G ユウ:K リュウ:K ル:G
渹	コウ:GK ショウ:G セイ:K
渺	ビョウ:K ミョウ:G
渻	ショウ:G セイ:K
渼	ビ:K ミ:G
渽	サイ
渾	コン:K ゴン:G
渿	ダイ:K ナイ:G
湀	キ:K ギ:G ケ:G ケイ:K ケチ:G ケツ:K
湁	チュウ
湂	ガク
湃	ハイ:K ヘ:G
湄	ダン:K ナン:G ビ:K ミ:G
湅	ラン レン:GK
湆	キュウ:K コウ:G
湇	キュウ キョウ:G コウ:K
湈	バイ:K メ:G
湉	テン:K デン:G
湊	シュ:G ソウ:K
湋	イ:GK
湌	サン:GK ソン
湍	セン タン:GK
湎	ベン:K メン:G
湏	カイ:GK ケ シュ:K ス:G
湐	ハク
湑	ショ:K
湒	シュウ:GK
湓	フン ホン:K ボン:G
湔	サン:K セン:GK ゼン:G
湕	ケン:K コン:G
湖	コ:K ゴ:G
湗	フ:G ホウ:K
湘	ショウ:K ソウ:G
湙	エキ
湚	イン
湛	イン シン:K ジン:G セン タン:K ダン:G チン:K テン
湜	ショク:K ジキ:G
湝	カイ:K
湞	キョウ:G コウ:K ジョウ:G チョウ:G テイ:K トウ:K
湟	オウ:G キョウ:G コウ:K
湠	タン
湡	グ ゴウ
湢	ヒキ:G ヒョク:K
湣	コン:GK ビン:K ベン:K ミン:G メン:G
湤	シ
湥	トチ トツ
湦	ショウ:G ソウ:K
湧	ユウ:G ヨウ:K
湨	キャク:G ケキ:K
湩	ズ チュ チョウ ツ:G トウ:K
湪	ジョク タク タン:K ダン:G ナン
湫	シュ:G シュウ:K ショウ:GK ジュ ソ
湬	シュウ
湭	シュウ:K ジュ:G
湮	イン:GK
湯	ショウ:GK トウ:GK ヨウ:GK
湰	リュ リュウ
湱	カク
湲	エン:GK オン カン:K ゲン:G
湳	ダン:K ナン:G
湴	ハン:K バン:G
湵	ユ:G ユウ:K
湶	セン
湷	ズイ:G ツイ:K
湸	リョウ
湺	セン
湻	ジュン:G
湼	デツ
湽	シ:GK
湾	ワン:K
湿	ゴウ シツ シュウ:GK ショウ トウ
満	バン:K ボン:K マン:G モン:G
溂	ラツ
溉	カイ:K ガイ:G
溌	ハツ:K
溍	シン:GK
溎	エン ケ:G ケイ:K
溏	トウ:K ドウ:G
源	ガン ゲン:K
溑	サ
溒	エン:K オン:G
溓	カン:K ガン ゲン:G デン:K ネン:G ラン リン レン:GK
溔	ヨウ
溕	ボウ:K モ:G
準	シュン:GK ジュン スイ セチ:G セツ:K
溗	ショウ:K ジョウ:G
溘	カイ コウ:GK
溙	ソウ タイ:GK
溚	トウ
溛	ワ
溜	リュウ:K ル:G
溝	コウ:K
溞	シュ:G シュウ:K ソウ
溟	ベイ ベキ:K ミャク:G ミョウ:G メイ:K
溠	サ:K シ シャ:G
溡	シ:K ジ:G
溢	イチ:G イツ:K シ:K シチ:G シツ:K ジ:G ジチ
溣	ロン
溤	エン バ:K ヒョウ マ:G
溥	ハク フ:G ブ ホ:K
溦	ビ:K ミ:G
溧	リチ:G リツ:K
溨	サイ:K ザイ:G
溩	ウ:G オ:K
溪	ケイ:K
溫	ウン:T オン:GK トウ:K ドウ:G
溬	キョウ
溭	ショク:K ジキ:G
溮	シ:GK
溯	サク ソ:K
溰	ガイ:K ギ ゲ:G
溱	シン:GK
溲	シュ:G シュウ:K ソウ:K
溳	イン:GK ウン:GK
溴	シュ:G シュウ:K
溵	イン:K オン:G
溶	ユ:G ヨウ:K
溷	カン:K ゲン:G コン:K ゴン:G
溸	ソ
溹	サク:K シャク:G
溺	ジャク:K ジョウ:K ダク デキ:K ニャク:G ニョウ:G ニョク
溻	トウ:GK
溼	シツ シュウ
溽	ジョ:K ジョク:K ニク:G ニョ:G
溾	アイ エ:G カイ:K ワイ
溿	ハン
滀	チク:GK
滁	ジョ:G チョ:K
滂	ヒョウ ホウ:GK ボウ
滃	オ オウ:K
滄	ショウ ソウ:GK
滅	ベツ:K メチ:G メツ:G
滆	カク ギャク
滇	シン テン:GK
滈	カク:GK コウ:K コク ゴウ:G
滉	オウ:G コウ:K
滊	キ:K ケ:G ケチ:G ケツ:K
滋	シ:GK ジ
滌	ジャク:G ジョウ:G チョウ:K テキ:K デキ
滍	ジ:G チ:K
滎	エイ:K キョウ:G ギョウ:G ケイ:K ヨウ:G
滏	フ:K ブ:G
滐	ケツ:K ゲチ:G
滑	カツ:K ゲチ:G コチ:G コツ:K
滒	カ
滓	サイ シ:GK
滔	トウ:GK
滕	トウ:K ドウ:G
滖	スイ
滗	ヒツ
滘	キョウ
滙	カイ:K ワイ
滚	コン
滛	イン
滜	コウ
滝	ソウ リュ リョウ ル ロウ:GK
滞	ジ:G セイ タイ:G ダイ:G チ:K テイ:K
滣	シン
滫	シュ:G シュウ:K
滬	コ:K ゴ:G
滭	ヒチ:G ヒツ:K
滮	ヒュ ヒュウ:GK
滯	ジ:G セイ タイ:G ダイ:G チ:K テイ:K
滰	キョウ:G ギョウ:G ケイ:K ゴウ:K
滲	シン:GK リン
滳	ショウ
滴	チャク:G テキ:K
滵	ビツ:K ミチ:G ミツ
滶	ゴウ
滷	シャク:G ジャク:G セキ:K テキ:K ロ:K
滸	キョ ク:G コ:K
滹	ク:G コ:K
滺	ユ:G ユウ:K
滻	サン:K セン:G
滼	ハン:K ボン:G
滽	ユ:G ヨウ:K
滾	コン:GK
滿	バン:K ボン:K マン:G モン:G
漀	キョウ:G ケイ:K
漁	ギョ:K ゴ:G リョウ
漂	ヒョウ:GK
漃	ジャク:G セキ:K
漄	ガイ:K
漅	サ ショウ:G ソウ:K ゾウ
漆	シ シチ:G シツ:K セチ:G セツ:K
漇	シ
漈	セイ:G
漉	ロク:GK
漊	ル:GK ロウ:K
漋	リュウ
漌	キン:K コン:G
漍	カク:K キャク:G
漎	ショウ:G ス ズ ソウ:K ゾウ
漏	ル:G ロ ロウ:K
漐	ジュウ チュウ:GK
漑	カイ:GK ガイ キ:K ケ:G
漒	ギョウ:G ゴウ:K
漓	リ:GK
演	イン エン:GK
漕	シュ ソウ:K ゾウ:G
漖	キョウ:G コウ:K
漗	ス:G ソウ:K
漘	シン:K ジン:G
漙	セン:K ゼン:G タン:K ダン:G
漚	ウ:G オ:K オウ:K
漛	トウ:K ドウ:G
漜	ヤ
漝	シュウ
漞	ベキ:K ミャク:G
漟	トウ:K ドウ:G
漠	バク:K マク:G ミャク
漡	ショウ
漢	カン:GK タン
漣	ラン レン:GK
漤	ラン
漥	ワ:K
漦	ギ サン シ:K ジ:G タイ:G チ:K ライ リ
漧	カン
漨	ブ:G ホウ:K ボ
漩	セン:K ゼン:G
漪	イ:GK
漫	バン:K マン:G
漬	シ:K ジ:G
漭	ボウ:K モウ:G
漮	コウ
漯	トウ:GK ルイ
漰	ヒョウ ホウ:GK
漱	シュ:G シュウ:K ソウ:K
漲	チョウ:GK
漳	ショウ:GK
漴	シュウ:K ジュ:G ジョウ ソウ:K ゾウ:G
漵	ショ:K ジョ:G
漶	カン:K ガン:G
漷	カク
漸	サン:K ザン セチ:G セツ:K セン:GK ゼン:G
漹	アン:K エン:G
漺	ショウ:G ソウ:K
漻	ギョウ:G コウ:K リャク:G リュウ:K リョウ:GK ル:G レキ:K
漼	サイ:GK セ ゼ
漽	テイ
漾	ヨウ:GK
漿	ショウ:K ソウ:G
潀	ソウ
潁	エイ:K ヨウ:G
潂	コウ
潃	シュン:K ジュン:G
潄	ソウ
潅	カン:GK
潎	ヒ ヒョウ:G ヘイ:K ヘチ:G ヘツ:K
潏	イチ:G イツ:K ケチ:G ケツ:K シュツ ジュチ
潐	ショウ:K ジョウ:G
潑	ハイ ハチ:G ハツ:K
潒	ショウ:K ゾウ:G トウ:K ドウ:G
潓	エ:G ケイ:K
潔	ケチ:G ケツ:K
潕	ブ:K ム:G
潖	ハ:K ベ:G
潗	シュウ:GK
潘	ハ ハン:GK ホン
潙	イ:GK キ:GK
潚	シュウ シュク:K ショウ
潛	セン:K ゼン:G
潜	セン:K ゼン:G
潝	オウ キュウ:K コウ:G
潞	ロ:K
潟	サク シャク:G ジャク:G セキ:K テキ:K
潠	セン ソン:GK
潡	トン:K ドン:G
潢	オウ:G コウ:K
潣	バイ:K ビン:K ベン ミン:G メ:G
潤	ジュン:K ニン:G
潥	ソク
潦	リョウ ロウ:GK
潧	シン ソウ
潨	シュ:G シュウ:K ショウ:G ズ:G ソウ:K ゾウ
潩	イ シキ:G ショク:K ヨキ ヨク
潪	ジャク:G タク:K チ チャク:G テキ:K
潫	エン ワン
潬	セン:K ゼン:G タン:GK ダン
潭	イン シン:K ジン:G タン:K
潮	チョウ:K
潯	イン シン:K ジン:G タン:K ドン:G
潰	エ:G カイ:K コツ:K ゴチ:G
潱	エチ:G エツ:K
潲	ショウ:G ソウ:K
潳	ズ:G タ ト:K
潴	チョ:GK
潵	サン
潶	コク
潷	ヒチ:G ヒツ:K
潸	サン:K セン:G
潹	セン
潺	サン:K セン:K ゼン:G
潻	ショ
潼	シュ:G ショウ:K ズ トウ:K ドウ:G
潽	フ:G ホ:K
潾	ラン リン:GK レン
潿	イ
澀	シュウ:G ジュウ
澁	シュウ:G ジュウ
澂	ジョウ:G チョウ:K
澃	キョウ:G ケイ:K
澄	ジョウ:G チョウ:K トウ:K ドウ:G
澅	エ:G カイ:K カク ギャク
澆	キョウ:GK ギョウ:G ゴウ:K ジョウ:K ドウ ニョウ:G リョウ:K ロウ:G
澇	ロウ:GK
澈	テツ:K デチ:G
澉	カン タン
澊	ソン
澋	ギョウ:G ケイ:K コウ:K
澌	サイ:G シ:GK セイ:K
澍	シュ:K ジュ:G
澎	ヒョウ:G ホウ:K
澏	カン
澐	ウン:GK
澑	リュウ:K
澒	ク:G グ:G コウ:K ゴウ
澓	フク:K ブク:G
澔	コウ:K
澕	カ:K ワ:G
澖	カン:K ゲン:G
澗	カン:K ケン:G
澘	サン:K セン:G
澚	オウ
澞	グ
澟	リン:GK
澠	ショウ:K ジョウ:G ビン:K ベン:K ミン:G メン:G
澡	ソウ:GK
澢	トウ
澣	カン:K ガン:G
澤	エキ:K シャク:G ジャク:G セキ:K タク:K ダク ヤク:G
澥	カイ:K ゲ:G
澦	ヨ:GK
澧	ライ:G レイ:K
澨	エイ セイ:K ゼイ
澩	カク:K ガク:G ギョウ:G コウ:K コク サク:K ザク:G
澪	リョウ:G レイ:K
澫	マン
澬	シ
澭	ユ:G ヨウ:K
澮	エ:G カイ:K カツ:K ガチ:G ケ:G ワイ:K
澯	サン:GK
澰	ラン:GK レン:GK
澱	テン:K デン:G
澲	ギョウ:G ゴウ:K
澳	イク:GK オウ:GK オク
澴	エン カン ケン:K ゲン:G
澵	シン
澶	セン:K ゼン:G タン:K ダン:G テン:K デン:G
澷	マン
澸	タン:K トン:G
澹	セン:K ゼン:G タン:K ダン:G
澺	オキ ヨク
澻	スイ:K ズイ:G
澼	キャク:G ケキ:K ヒャク:G ヘキ:K
澽	キョ:K ゴ:G
澾	タチ:G タツ:K
澿	キン:K ゴン:G
激	キャク:G キョウ ケキ:K ゲキ
濁	ジョク タク:K ダク:G
濂	セン レン:GK
濃	ジョウ:K ドウ:K ニュ ヌ ノウ:G
濄	カ:K ワ:G
濅	シン:GK
濆	フン:K
濇	シキ:G シュウ:GK ショク:K
濈	シュウ:G ソウ:K ゾウ:G
濉	スイ:GK
濊	エ:G カイ:K カチ:G カツ:K ケ:G サイ:K セ:G ワイ:GK
濋	ショ:G ソ:K
濌	トウ
濍	ス:G ソウ:K
濎	チョウ:G テイ:K
濐	ショ:G ソ:K
濔	デイ:K ナイ:G ビ:K ベイ ミ:G メイ
濕	ゴウ シツ シュウ:GK ショウ トウ
濖	ショ:K ジョ:G
濗	ベキ:K ミャク:G
濘	デイ:K ナイ:G ニョウ:G ネイ:K
濙	エイ ケイ
濚	エイ:K
濛	ボウ:K モ モウ:G
濜	シン:K ジン:G
濝	キ:K ギ:G
濞	ハイ ヒ:GK ビ ヘイ:K
濟	サイ:G ザイ セイ:K
濠	コウ:K ゴウ:G
濡	ジュ:K ジュウ ゼン:K ダ:K ナ:G ナン ニ ニョ ネン:G
濢	スイ
濣	ワチ ワツ
濤	シュウ:K ジュ:G チュウ トウ:K ドウ:G
濥	イン
濦	イン:K オン:G
濧	タイ デ
濨	シ:GK ジ
濩	カク:K コ:K ゴ:G ワク:G
濫	カン:K ガン:G タン:K ダン:G ラン:GK
濬	シュン:GK
濭	アイ カイ
濮	ホク:GK ボク
濯	タク:K トウ
濰	イ:K ユイ:G
濱	ヒン:GK
濳	セン:K
濴	エイ:K ギョウ:G ケイ:K ヨウ:G
濵	ヒン:GK
濶	カツ:K
濷	ヒ
濹	ボク
濺	サン セン:GK
濻	タイ
濼	シャク ハク:GK ホク ヤク ラク:GK リャク:G レキ:K ロク
濽	サン:GK
濾	リョ:K ロ:G
濿	レイ
瀀	ウ:G ユウ:K
瀁	ヨウ:GK
瀂	ロ
瀃	シ
瀄	シチ:G シツ:K
瀅	エイ:K キョウ:G ケイ:K ヨウ:G
瀆	ズ:G タク チョク トウ:K トク:K ドク:G
瀇	オウ:GK コウ
瀈	キ
瀉	シャ:K
瀊	ハン:K バン:G
瀋	シン:GK
瀌	ヒュウ ヒョウ ビュ
瀍	テン:K デン:G
瀎	バツ:K ベツ:K マチ:G メチ:G
瀏	リュウ:K ル:G
瀐	セン
瀑	ハク:K バク:G ホウ:K ホク:K ボウ:G ボク:G
瀒	ショク
瀓	チョウ
瀔	コク
瀕	ヒン:GK
瀖	カク
瀗	ケン:K
瀘	ロ:K
瀙	シン
瀚	カン:K ガン:G
瀛	エイ:K ヨウ:G
瀜	ユ:G ユウ:K
瀝	レキ:K
瀞	ジョウ:G セイ:K
瀟	ショウ:GK
瀠	エイ:K ヨウ:G
瀡	スイ
瀢	イ タイ デ
瀣	エ:G カイ:K ガイ
瀤	エ:G カイ:K
瀥	カク
瀦	チョ:GK ツ:G ト:K
瀧	ソウ リュ リョウ ル ロウ:GK
瀨	ライ:GK
瀩	タイ デ
瀪	ハン:K ボン:G
瀫	コク:K ゴク:G
瀬	ライ:GK
瀯	エイ:K ヨウ:G
瀰	デイ:K ナイ:G ビ:K ベイ ミ:G メイ
瀱	ケイ
瀲	レン:GK
瀳	セン:K ゼン:G ソン:K ゾン:G
瀴	エイ:K オウ ベイ ミョウ ヨウ:G
瀵	フン ホン
瀶	リン
瀷	イキ:G シキ:G ショク:K チキ:G チョク:K ヨク:K
瀸	セン
瀹	ヤク:GK ヨウ
瀺	サン:K ザン:G セン:K ゼン:G
瀻	タイ
瀼	ショウ:G ジョウ:K ソウ:K ドウ:K ニョウ:G ノウ:G
瀽	ケン
瀾	ラン:GK
瀿	ハン:K ボン:G
灀	ショウ:G ソウ:K
灁	エン
灂	サク:K ザク:G ショウ ジャク
灃	フ:G フウ ホウ:K
灄	ショウ:GK ジュウ:K ジョウ:K ニュウ:G ニョウ:G
灅	ライ ルイ レ
灆	ラン
灇	ソウ:K
灈	ク:K グ:G
灉	ユ:G ヨウ:K
灊	シン:K ジン:G セン:K ゼン:G
灋	ホウ:GK
灌	カン:GK
灍	ケツ
灎	エン:GK
灑	サ:K サイ:K ザイ:G シ シャ:G セ:G セイ:K セン
灒	サチ:G サツ:K サン:K ザン:G セン:K ゼン:G
灓	ラン レン
灔	エン:GK
灕	リ:GK
灖	ビ:K ミ:G
灗	セン:K ゼン:G
灘	カン タン:GK ダン:K トン ナン:G
灙	トウ
灚	キョウ:G コウ:K
灛	セン
灝	カン:K コウ:K コン:G ゴウ:G
灞	ハ:K ヘ:G
灟	ショク:K ソク:G
灠	ラン
灡	ラン
灢	ドウ:K ノウ:G
灣	ワン:K
灤	ラン:GK
灥	シュン:K ジュン:G セン:K ゼン:G
灦	ケン
灧	エン
灨	カン:K ク:G コウ:K コン:G
灩	エン:GK
灪	ウチ:G ウツ:K
火	カ:GK コ:T
灬	カ ヒョウ
灮	コウ
灯	チョウ:G チン:T テイ:K トウ:GK ドン
灰	カイ:K ケ:G
灱	キョウ:G コウ:K チョウ:G トウ:K
灲	コウ
灳	キ
灴	グ:G コウ:K
灵	リョウ:G レイ:K
灶	ソウ:GK
灷	セン:K ゼン:G
灸	キュウ:K
灹	イク タ テ
灺	シャ:K ジャ:G タ:K ダ:G
灻	セキ
灼	シャク:GK
災	サイ:GK
灾	サイ:GK
炁	キ:K
炂	シュ:G ショウ:K チュ チュウ
炃	フン:K ブン:G ホン:K ボン:G
炄	ジュウ ニュ
炅	エイ:K キョウ:G ケ ケイ:K ヨウ:G
炆	ブン:K モン:G
炇	ハク
炈	エキ:K ヤク:G
炉	ロ:K
炊	スイ:GK
炋	ハイ:K ヘ:G
炌	カイ
炍	ハン
炎	エン:GK オン タン:K ダン:G
炏	エン カイ
炐	ホウ
炑	ボク:K モク:G
炒	ショウ:G ソウ:K
炓	リョウ
炔	ケ:G ケイ:K ケチ:G ケツ:K
炕	コウ:GK
炖	トン:K ドン:G
炗	コウ:GK
炘	キン:K コン:G
炙	シャ:GK シャク:G ショ セキ:K
炚	キョウ:G コウ:K
炛	キョウ コウ:GK
炟	タチ:G タツ:K
炠	コウ:K ゴウ:G
炡	ショウ:G セイ:K
炢	ジュチ チュツ
炣	カ
炤	シャク ショウ:GK
炥	ハチ:G ハツ:K ヒ フツ ブチ
炦	ハツ:K バチ:G ヘツ:K ベチ:G
炧	シャ タ:K ダ:G
炨	タ
炩	リョウ:G レイ:K
炪	セチ:G セツ:K チュチ:G チュツ:K
炫	ケン:K ゲン:G
炬	キョ:K コ:G ゴ:G
炭	タン:GK
炮	ヒョウ:G ビョウ:G ホウ:K
炯	キョウ:G ギョウ:G ケイ:K
炰	ビョウ:G フ:G フウ:K ホウ:K
炱	タイ:K ダイ:G
炲	タイ
炳	ハウ ヒョウ:G ヘイ:K ホウ:K
炴	エイ:K ヨウ:G
炵	ツ:G トウ:K
炶	カン:K ガン:G セン
炷	シュ:K
炸	サ サク:K サツ ソウ
点	セン タ テン:GK
為	イ:GK
炻	セツ
烄	キョウ:G ギョウ:G コウ:K ゴウ:K
烅	キョク ケキ
烆	ギョウ:G コウ:K
烇	セン
烈	レチ:G レツ:K
烉	カン
烊	ヨウ:GK
烋	キュウ:GK キョウ:G ク コウ:K
烌	キュウ:K ク:G
烍	セン
烎	イン
烏	ア アン:K ウ:GT エン:G オ:K
烐	シュ:G シュウ:K
烑	ヨウ:GK
烒	シキ:G ショク:K
烓	イ エ:G エイ:K エツ キ:K キョウ:G ケ:G ケイ:K
烔	ヅ トウ:K
烕	ケチ:G ケツ:K ベツ:K メチ:G
烖	サイ:GK
烗	カイ
烘	キョウ:G ク:G グ コウ:K
烙	ラク:GK ロク
烚	ギョウ:G ゴウ:K
烛	ジュ チュウ
烜	カン キ:GK ケン:K
烝	ショウ:GK ジョウ
烞	ハク
烟	エン:GK
烠	アイ エ カイ:K ケ:G タイ:K テ:G
烡	コウ
烢	ジャク:G タク:K
烣	カイ
烤	コウ:GK
烬	ジン:G
热	ネツ
烯	キ:K ケ:G
烰	フウ:K ブ:G
烱	キョウ:G ケイ:K
烲	ケチ:G ケツ:K テチ:G テツ:K
烳	フ:G ホ:K
烴	キョウ:G ギョウ ケイ:K ゲイ
烵	シャク
烶	ジョウ:G テイ:K
烷	カン:K ガン:G
烸	カイ
烹	ヒョウ:G ホウ:K
烺	ロウ:GK
烻	エン セン テン
烼	クチ クツ
烽	グ:G コウ:K フ:G ホウ:K
烾	セキ
烿	ユ:G ユウ:K
焀	コク:K ゴク:G
焁	キ:K ケ:G
焂	シュク
焃	カク:K キャク:G ケキ
焄	クン:GK
焅	コウ:GK コク:GK
焆	エチ:G エツ:K エン ケチ:G ケツ:K ケン:GK
焇	ショウ:GK ソウ
焈	キ:GK
焉	イ エン:GK オン
焊	カン
焋	ショウ:G ソウ:K
焌	サン シュチ:G シュツ:K シュン:GK ソン
焍	タイ:G ダイ テイ:K
焎	ケチ:G ケツ:K
焏	キョク ジョウ
焔	エン:GK セン:K ゼン:G
焘	トウ
焙	ハイ:K ベ:G ホイ ホウ
焚	フン:K ブン:G
焛	リン
焜	コン:GK ゴン:G
焝	コン
焞	サン シュン:K ジュン:G ソン タイ ツイ トン:GK ドン
焟	シャク:G セキ:K
焠	サイ:GK セ
無	ブ:K ム:G
焢	ク:G コウ:K
焣	ショ:K ショウ ジョ:G
焤	フ:K ブ:G
焥	アイ エツ:K オチ:G ワチ ワツ
焦	シュ:G シュウ:K ショウ:GK
焧	ス:G ソウ:K
焨	フ:G フウ:K
焩	ヒョウ
焪	キュウ:K ク:G
焫	ゼツ:K ネチ:G
焬	エキ:K シャク:G セキ:K ヤク:G
焭	ケイ:K
焮	キン:K コン:G
焯	シャク:GK タク チョク トク
焰	エン:GK セン:K ゼン:G
焱	エキ:K エン:GK キャク:G ケキ:K ヤク:G
焲	エキ:K ヤク:G
焳	サク:K シャク:G
焴	イク
焵	コウ
然	ゼン:K ネン:G
焷	ヒ:K ビ:G ビャク:G ヘキ:K
焸	キョウ:G ク:G ケイ:K コ:K
焺	ショウ:G セイ:K
焻	ショウ
焼	ショウ:GK
焽	ク:G ケイ コ:K
煁	シン:K ジン:G
煂	カク:K キャク:G
煃	キ
煄	シュ:G ショウ:K
煅	タン
煆	カ:K ケ:G
煇	ウン カン:K キ:K クン ケン:G コン:K ゴン:G
煈	フ:G フウ:K
煉	ラン レン:GK
煊	カン ケン:K
煋	ショウ:G セイ:K
煌	オウ:G コウ:K
煍	シュウ:K ショウ ジュ:G
煎	セン:GK
煏	ヒキ:G ヒョク:K ホク:K ボク:G
煐	エイ:K ヨウ:G
煑	シャ ショ:GK
煒	イ:GK キ:K
煓	タン:GK
煔	エン カン:K ガン:G サン セン:K ゼン:G テン
煕	イ キ:GK
煖	カン ケン:K ダン:K ナン:G
煗	ダン:K ナン:G
煘	テン:K デン:G
煙	イン エン:GK
煚	キョウ:G ケイ:K
煛	キョウ:G ケイ:K
煜	イク:GK ユウ:K
煝	ビ:K ミ:G
煞	サイ:K サツ:K セチ:G
煟	イ
煠	ソウ:K ゾウ:G チョウ ヨウ:GK
煡	キン
煢	ギョウ:G ケイ:K
煣	ジュウ ニュ
煤	バイ:K メ:G
煥	カン:GK
煦	キュウ キョウ ク:GK
照	ショウ:GK
煨	ウチ:G ウツ:K エ:G ワイ:K
煩	ハン:K ボン:G
煪	シュウ:K ジュ:G チュ チュウ ユ:G ユウ:K
煫	スイ
煬	ショウ ヨウ:GK
煭	レツ
煮	シャ ショ:GK
煯	カイ
煰	コウ
煱	カ
煲	ホウ
煳	コ
煴	ウン
煹	ク:G コウ:K
煺	タイ
煻	トウ:K ドウ:G
煼	ショウ:G ソウ:K
煽	セン:GK
煾	オン
煿	ハク
熀	キョウ:G コウ:K ヨウ
熁	キョウ:G ケン コウ:K
熂	カイ:K キ ケ:G ケチ:G ケツ:K
熃	ブ:K ム:G
熄	ショク:K ソキ ソク:G
熅	ウン:GK オチ:G オツ:K オン
熆	コウ:K ゴウ:G
熇	カク:GK キョウ コウ:GK コク:GK
熈	キ:GK
熉	イン ウン
熊	キュウ:K グ:G ダイ:K ナイ:G ユ:G ユウ:K
熋	ダイ:K ナイ:G ユウ
熌	セン:K
熍	キュウ:K ク:G
熎	ヨウ
熏	クン:GK
熐	ベイ ベキ:K ミャク:G ミョウ
熑	ケン レン
熒	エイ:K キョウ:G ギョウ:G ケイ:K コウ:K ヨウ:G
熓	ウ:G オ:K オチ:G オツ:K
熔	ヨウ
熕	コウ
熖	エン:GK
熙	イ キ:GK
熚	ヒチ:G ヒツ:K
熛	ヒョウ:GK
熜	ソウ
熝	ロク
熞	ケン
熟	シュク:K ジュク:G
熠	シュウ:K ジュウ:G ユウ:GK
熡	ル:G ロウ:K
熢	ホウ:K ボ
熣	サイ:K セ:G
熤	エキ:K ヤク:G ヨキ ヨク
熥	ツ:G トウ:K
熦	サク:K シャク:G
熧	シュ:G ショウ:K
熨	イ:GK ウチ:G ウツ:K
熩	コ:K ゴ:G
熪	イ
熫	シャ
熬	ゴウ:GK
熭	エ:G エイ エツ:K オチ:G ケイ:K
熮	リュウ:K リョウ:GK ル:G
熯	カン:GK ゼン:K ネン:G
熰	ウ:G オウ:K
熱	ゼツ:K ネチ:G ネツ:G
熲	キョウ:G ケイ:K
熳	マン
熶	サン
熷	ショウ:G ジョウ ソウ:K
熸	セン
熹	キ:GK
熺	キ:GK
熻	キュウ:K コウ:G
熼	ヨキ ヨク
熽	ショウ
熾	シ:GK
熿	オウ:G コウ:K
燀	セン:GK タン:GK
燁	オウ:G ユウ:K ヨウ:GK
燂	シン:K ジン:G セン:K ゼン:G タン:K ドン:G
燃	ゼン:K ネン:G
燄	エン:GK セン:K ゼン:G
燅	シン:K ジン:G セン:K ゼン:G
燆	キョウ
燇	ソン トン
燈	チョウ:G チン:T テイ:K トウ:GK ドン
燉	トン:K ドン:G
燊	カ:K ゲ:G サイ:K シン セ:G
燋	サク:G シャク:K ショウ:GK ジョウ セキ
燌	フン:K ホン
燍	サイ シ ショウ:G セイ:K
燎	リョウ:GK
燏	イチ:G イツ:K
燐	リン:GK
燑	ズ:G トウ:K
燒	ショウ:GK
燓	ハン:K フン:K ブン:G ボン:G
燔	ハン:K フン:K ブン:G ボン:G
燕	エン:GK
燖	シン:K ジン:G セン:K ゼン:G
燗	ラン:GK
燘	カイ:K ケ:G バイ:K メ:G
燙	トウ:GK ドウ
燚	イチ:G イツ:K
燛	キョウ:G ケイ:K
燜	モン
營	エイ:K ギョウ:G ケイ:K ヨウ:G
燠	イク:GK ウ:GK オウ:GK ユウ
燡	エキ:K ヤク:G
燢	カク:K ガク:G
燣	ラン
燤	タイ タチ:G タツ:K レチ:G レツ:K
燥	ソウ:GK
燦	サン:GK
燧	スイ:K ズイ:G
燨	キ
燩	カク:K キャク:G ケキ
燪	ス:G ソウ:K
燫	レン
燬	カ キ:GK
燭	シュ ショク:K ソク:G
燮	ショウ:GK
燯	レイ
燰	エ:G ワイ:K
燱	イ
燲	キョウ:G コウ:K
燳	ショウ
燴	カイ
燵	タツ
燸	ジュ ダン ニュ
燹	キ:GK セン:GK ビョウ:G フン ヘイ:K
燺	コウ
燻	クン:GK
燼	シン:K ジン:G
燽	ジュ チュウ
燾	ジュ チュウ トウ:K ドウ:G
燿	シャク ショウ:G ソウ:K ヤク ヨウ:GK
爀	カク:K
爁	ラン レン
爂	セ:G セイ:K ヒョウ ビョウ:K ミョウ:G
爃	エイ:K ヨウ:G
爄	レイ レチ:G レツ:K
爅	ボク:K モク:G
爆	ハク:K バク:G ヒョウ:G ホウ:K ホク:G ボク
爇	ゼイ ゼツ:K ネイ ネチ:G ネツ:G
爈	リョ:K ロ:G
爉	リョウ:GK ロウ:GK
爊	オウ オン
爋	クン
爌	コウ
爍	シャク:GK ヤク ラク
爏	リャク:G レキ:K
爐	ロ:K
爑	シャク
爒	リョウ
爓	エン:GK シン:K ジン:G セン:K ゼン:G
爔	キ
爕	ショウ:GK
爖	ル:G ロウ:K
爗	オウ:G ユウ:K ヨウ:GK
爙	ジョウ:K ニョウ:G
爚	シャク:GK ヤク:GK
爛	ラン:GK レン
爜	ズ:G ソウ:K
爝	サク:G シャク:K ショウ:GK
爞	ジュ ズ:G チュウ トウ:K
爟	カン:GK ケン:K ゲン:G
爠	ク
爡	タチ:G タツ:K テチ:G テツ:K
爢	ビ
爣	トウ
爤	ラン:GK
爥	ショク:K ソク:G
爧	リョウ:G レイ:K
爨	サン:GK セン
爩	ウチ:G ウツ:K
爪	ショウ:G ソウ:K
爬	ハ:K バ:G ベ:G
爭	ショウ:G ソウ:K
爮	ビョウ:G ホウ:K
爯	ショウ:GK
爰	エン:K
爱	アイ エ エン:K オン:G
爲	イ:GK
爴	カク:G
爵	シャク:K
父	フ:GK ブ:G ホ:K
爸	ハ:K バ:G ヘ:G
爹	タ:K ダ:G チャ:GK テ
爺	ヤ:GK
爻	ギョウ:G コウ:K
爼	ショ:G ソ:K
爽	ショウ:G ソウ:K
爾	ジ:K デイ:K ナイ:G ニ:G
爿	ショウ:K ゾウ:G
牀	ショウ:G ジョウ:G ソウ:K
牁	カ:GK
牂	ショウ:K ゾウ:G
牃	ジョウ:G チョウ:K
牄	ショウ:G ソウ:K
牅	ヨウ:K
牆	ショウ:K ゾウ:G
片	ハン ヘン:GK
版	ハン:K バン:G ヘン:G
牉	ハン
牊	ジョウ:G チョウ:K
牋	セン:GK
牌	ハイ:K バイ:G
牎	ソウ:GK
牏	シュ:K ジュ:G ズ:G チュ トウ:K ユ:GK
牐	ソウ:K ゾウ:G
牑	ヘン ベン:K メン:G
牒	ジョウ:G チョウ:K
牓	ホウ:GK ボウ
牔	ハク
牕	ソウ:GK
牖	ユ:G ユウ:K
牗	ユ:G ユウ:K
牘	トク:K ドク:G
牙	ガ:K ゲ:G
牚	チョウ:G トウ:K
牛	ギュウ:K ゴ
牝	ヒ:K ヒン:K ビ:G ビン:G ヘン:K ベン:G
牞	キュウ:K ク:G
牟	ボウ:K ム:G モ
牠	タ:K ダ:G
牡	ボ:K ボウ:K モ:G
牢	リュウ:K ル:G ロウ:GK
牣	ジン:K ニン:G
牥	ホウ:K ボウ:G
牦	ボウ:K モウ:G
牧	ボウ:K ボク:K モ:G モク:G
牨	コウ:GK チン
物	ブツ:K モチ:G モツ:G
牪	ゲン
牫	カ バツ
牬	ハイ
牭	シ
牮	セン:GK
牯	ク:G コ:K
牰	シュウ:K ジュ:G ユ:G ユウ:K
牱	カ
牲	ショウ:G セイ:K ソウ:K
牳	ボウ:K モ:G
牴	タイ:G テイ:K
牶	カン:K ケン:G
牷	セン:K ゼン:G
牸	シ:K ジ:G
特	トク:K ドク:G
牻	ボウ:K モウ:G
牼	カン:K キョウ:G ケイ ケン:G コウ:K
牽	ケン:GK
牾	ゴ:K
牿	コク:GK
犀	サイ:G シ セイ:K
犁	リ:GK レイ:K
犂	ライ:G リ:GK リュウ:K ル:G レイ:K
犃	ブ:G ホウ:K
犄	イ:GK キ
犅	コウ
犆	ジキ チョク トク:K ドク:G
犇	ホン:GK
犈	ケン:K ゲン:G
犉	ジュン:K ゼン:K ニン:G ネン:G
犌	カ:K ケ:G
犍	ケン:K コン:G
犎	フ:G ホウ:K
犏	ヘン
犐	カ
犑	キャク:G ケキ:K
犒	コウ:GK
犓	シュ:G ス:K スウ:K
犔	キ:K ケ:G
犕	ヒ:K ビ:G フク:K ブク:G
犖	ラク:GK
犗	カイ
犘	バ:K メ:G
犙	カン サン シュ:G シュウ:K
犚	イ
犛	ボウ:K ミョウ:G モウ:G ライ リ:GK
犜	トン
犝	ズ:G トウ:K
犠	キ:GK ギ サ
犡	ライ:G レ レイ:K
犢	トク:K ドク:G
犣	リョウ
犤	ハイ:K ヒ ベ:G
犥	ヒョウ:G ホウ:K
犦	ハク:K ヒョウ:G ホウ:K ホク:G
犧	キ:GK ギ サ
犨	シュ:G シュウ:K
犩	ギ
犪	キ:K ギ:G
犫	シュウ
犬	ケン:GK
犮	ハツ:K バチ:G
犯	ハン:K ボン:G
犰	キュウ:K グ:G
犱	キャク:G ケキ:K
犲	サイ:K
犳	シャク ヒョウ ヨウ
犴	カン:K ガン:GK ケン:G
犵	キチ:G キツ:K
状	ジョウ:G ソウ:K
犹	ウ:G ユウ:K
犺	コウ
犻	ハイ:K ベ:G ホツ:K ボチ:G
犼	ク:G コウ:K
犽	ガ:K ゲ:G
犾	ギン:K
犿	カン ハン:K ホン:G
狀	ジョウ:G ソウ:K
狁	イン:GK
狂	カク キョウ:K ゴウ:G
狃	ジク:K ジュウ:K ニク:G ニュ
狄	ジャク:G テキ:K
狅	ギョウ:G ケイ:K
狆	チュウ:GK
狇	ボク
狉	ヒ:GK
狊	グ
狋	ギ ケン:K ゲン:G シ:K ジ:G スイ
狌	ショウ:G セイ:K ソウ:K
狍	ビョウ:G ホウ:K
狎	コウ:K ゴウ:G
狏	イ タ:K ダ:G
狐	コ:K ゴ:G
狑	リョウ:G レイ:K
狒	ヒ:K ビ:G
狓	ヒ
狔	ジ:K ニ:G
狕	オウ:K ヨウ:G
狖	ユ:G ユウ:K
狗	ク:G コウ:K
狘	カチ ケツ:K
狙	ショ:K ソ:G
狚	タチ:G タツ:K タン
狛	ハ:K ハク:GK ヒャク:G ビャク ヘキ:K ベ:G
狜	コ
狟	カン:K ガン:G ケン:K
狠	ガン:K ギン:K ゲン:G コン:K ゴン:G
狡	キョウ:G コウ:K
狢	カク:K バク
狣	ジョウ:G チョウ:K トウ:K ドウ:G
狤	カイ:K キチ:G キツ:K ケ:G ケチ:G ケツ:K
狥	ジュン:G
狦	サン:K セン:G
狧	ジ トウ
狨	ジュウ ニュ
狩	シュ:G シュウ:K
狪	ツ:G トウ:K
狫	ロウ
独	トク:K ドク:G
狭	キョウ:G ギョウ:G コウ:K
狳	ヨ:GK
狴	ヘイ:K ベイ
狵	タク チョク ボウ:K モウ:G
狶	イ キ:K ケ:G シ チ
狷	ケン:GK
狸	リ:GK
狹	キョウ:G ギョウ:G コウ:K
狺	ギン:GK ゴン:G
狻	サン:GK シュン
狼	ロウ:GK
狽	バイ
狾	ケイ セイ:K
狿	エン テン
猀	サ
猁	リ
猂	カン:K
猄	キョウ:G ケイ:K
猅	ハイ:K バイ:G
猆	ヒ
猇	オウ:K キョウ:G コウ:K チ ユ:G ユウ:K ヨウ:G
猈	ハイ:K バイ ヒ:K ビ:G ヘン:K ベ:G ベン:G
猉	キ:K ギ:G
猊	ゲイ:K
猋	ヒョウ:GK
猌	ギン:K ゴン:G
猍	ライ:GK リ
猎	サク シャク:G ジャク セキ:K
猏	ケン
猐	キョウ
猑	コン
猒	エン:GK オウ ヨウ:GK
猓	カ:GK ラ
猔	ソウ
猕	ビ
猖	ショウ:GK
猗	ア:GK イ:GK キ:K ギ:G
猘	ケイ:K セイ:K
猙	ショウ:G ジョウ:G セイ:K ソウ:K トウ
猚	ガイ:K ギ ゲ:G ユ:G ユウ:K ルイ
猛	ボウ:K ミョウ:G モウ:K
猜	サイ:GK セ
猝	ソチ:G ソツ:K
猞	シャ
猟	リョウ:GK
猢	コ:K ゴ:G
猣	ス:G ソウ:K
猤	キ:K ギ:G
猥	エ:G ワイ:K
猦	フ:G フウ:K
猧	ワ:GK
猨	エン:K オン:G
猩	ショウ:G セイ:K ソウ:K
猪	チョ:GK
猫	ビョウ:K ボウ:K ミョウ:G
猬	イ:GK
猭	エン セン テン:K デン:G
献	キ:K ギ:G ケン:K コン:G サ
猯	タン:GK
猰	アツ:K エイ エチ:G エツ カツ ケチ:G ケツ:K
猱	ジュウ ドウ:K ニュ ヌ ノウ:G
猲	カイ カチ:G カツ:K キョウ:G ケチ:G ケツ:K コウ:K
猳	カ:K ケ:G
猴	コウ:K ゴ
猵	ヒ ヒン:K ビン:G ヘン:GK
猶	キュウ ユウ:K ヨウ
猷	ユ:G ユウ:K
猸	ビ:K ミ:G
猹	チャー
猺	ヨウ:GK
猻	ソン:GK
猼	ハク:K ホク:G
猽	ベイ ミョウ:G メイ:K
猾	カツ:K ゲチ:G
猿	エン:K オン:G
獀	シュ:G シュウ:K ソウ
獁	バ:K メ:G
獂	カン:K ガン ゲン:G
獃	ガイ:GK ゲ
獄	ギョク:K ゴク:G
獅	シ:GK
獆	コウ
獈	エキ
獉	シン
獊	ソウ
獋	コウ
獌	バン:K マン:G
獍	キョウ:G ケイ:K
獎	ショウ:K ソウ:G
獏	バク:K ボ:K モ:G
獐	ショウ:GK
獑	サン:K ザン:G
獒	ゴウ:GK
獓	ゴウ
獔	コウ
獖	フン:K ブン:G ホン:K ボン:G
獗	カチ ケツ:K
獘	バイ ヘイ:K ヘツ:K ベチ:G
獙	バイ ヘイ
獚	オウ:G コウ:K
獛	ホク
獜	リョウ:G リン レイ:K
獝	イチ:G イツ:K キチ:G キツ:K
獞	ズ:G トウ:K
獟	キョウ:GK ギョウ:GK ゴウ
獠	チョウ:G トウ:K リョウ:GK ロウ:GK
獡	シャク:G セキ:K
獢	キョウ
獣	シュ:G シュウ:K ジュウ
獥	キョウ ギャク ケキ
獦	カチ:G カツ:K リョウ:GK
獧	ケン:GK
獨	トク:K ドク:G
獩	エ:G ワイ:K
獪	カイ:K カツ:K ケ:G ゲチ:G
獫	ケン:GK レン:GK
獬	カイ:K ゲ:G
獮	セン:GK
獯	クン:GK
獰	ドウ:K ニョウ:G
獱	ヒン:K ビン:G ヘン
獲	カ:K カク:K ゲ:G コ:K ゴ:G ワク:G
獳	ジュ ドウ:K ニュ ヌ:G
獴	ボウ:K モ:G
獵	リョウ:GK
獶	ウ:G ドウ:K ニョウ ノウ:G ユウ:K
獷	キョウ:G ク ケイ コウ:K
獸	シュ:G シュウ:K ジュウ
獹	ル:G ロ:K
獺	タチ:G タツ:K ダチ ダツ
獻	キ:K ギ:G ケン:K コン:G サ
獼	ビ:K ミ:G
獽	ジョウ:K ニョウ:G
獾	カン ケン:K ゲン:G
獿	ダイ:K ドウ:K ナイ:G ニョウ ノウ:G
玀	ラ:GK
玁	ケン:GK
玂	キ:K ゲ:G
玃	カク:G キャク:K ク:G ケキ コ:K
玄	ケン:K ゲン:G
玅	ショウ ビョウ:K ミョウ:G
玆	ケン:K ゲン:G シ:K ジ:G
率	シュツ スイ:GK セツ ソツ:K リツ:K ルイ
玈	ル:G ロ:K
玉	ギョク:K ゴク:G
玊	キュウ:K ク:G シュク:K ショク:K ソク:G
王	オウ:GK
玌	キュウ:K グ:G
玎	チョウ:G テイ:K トウ
玏	ロク
玐	ハチ:G ハツ:K
玒	グ:G コウ:K
玓	チャク:G テキ:K
玔	セン:GK
玕	カン:GK
玖	キュウ:K ク:G
玗	ウ:GK
玘	キ:GK
玜	ク:G コウ:K
玝	ゴ
玞	フ:GK
玟	バイ:K ビン:K ブン:K ミン:G メ:G モン:G
玠	カイ:K
玡	ガ:K ゲ:G
玢	ハン:K ヒン:GK フン ヘン:G
玣	ヘン:K ベン:G
玤	ホ ホウ:K ボウ:G
玥	ガチ ゲツ:K
玦	ケチ:G ケツ:K
玧	イン エン ボン:K モン:G
玨	カク:GK
玩	ガン:GK
玪	カン:K ギン:K ケン:GK ゲン:G ゴン:G リン:GK
玫	バイ:K マイ:G メ
玬	タン
玭	ヒン:K ビン:G ヘイ ヘン:K ベイ ベン:G
玲	リョウ:G レイ:K ロウ
玳	タイ:K ダイ:G
玴	エイ
玵	ガン:GK
玶	ビョウ:G ヘイ:K
玷	テン:GK
玸	フ:K ブ:G
玹	ケン:K ゲン:G
玺	ジ
玻	ハ:GK
玼	サ サイ:G シ:GK ジ:G セイ:K
玽	ク:G コウ:K
玾	コウ
玿	ショウ:K ジョウ:G
珀	ハク:K ヒャク:G
珁	ジ
珂	カ:GK
珃	ゼン:K ネン:G
珄	ジョウ:G ソウ:K
珅	シン:GK
珆	イ:GK タイ:GK
珇	ショ:K ジョ:G ソ
珈	カ:K ケ:G
珉	ビン:K ミン:G
珊	サチ:G サツ:K サン:GK
珋	リュウ:K ル:G
珌	ヒチ:G ヒツ:K ヘチ:G ヘツ:K
珍	チン:GK
珎	チン:GK
珏	カク:GK コク
珐	ホウ
珒	シン:GK
珓	キョウ:G コウ:K
珔	セン:K ゼン:G
珕	ライ:G リ レイ:K
珖	コウ:GK
珗	セン
珘	シュ:G シュウ:K
珙	キョウ:K ク:G グ:G コウ:K
珚	エン
珛	キュウ:K キョク:K ク:G コク:G
珜	ヨウ
珝	ク:GK
珞	ラク:GK リャク:G レキ:K
珟	シュク
珠	シュ:K ジュ:G
珡	キン:K
珢	ギン:K コン ゴン:G
珣	シュン:GK
珤	ホウ
珥	ジ:K ジョウ:K ニ:G ニョウ:G
珦	キョウ:K コウ:G ショウ
珧	ヨウ:GK
珨	オウ:G ギョウ コウ:K
珩	ギョウ:G コウ:K
珪	キ:K ケ:G ケイ:K
珫	シュ:G シュウ:K
珬	シュチ:G シュツ:K
班	ハン:K
珮	ハイ:K
珱	エイ:K オウ ヨウ:G
珳	ブン:K モン:G
珴	ガ:GK
珵	ジョウ チョウ:G テイ:K
珶	ダイ:G テイ:K
珷	ブ:K ム:G
珸	ゴ:K
珹	ジョウ:G セイ:K
珺	クン
珻	バイ:K メ:G
珼	ハイ
珽	チョウ:G テイ:K
現	ケン:K ゲン:G
珿	サク シュク:K
琀	カン:K ゴン:G
琁	ギョウ:G ケイ:K セン:K ゼン:G
琂	ゲン:K ゴン:G
球	キュウ:K グ:G
琄	ギョウ:G ケイ:K ケン:K
琅	ロウ:GK
理	リ:GK
琇	ウ:G シュ:G シュウ:K ユウ:K
琈	フ:K フウ ブ:G
琉	リュウ:K ル:G
琊	ヤ:GK
琋	キ
琌	リョウ
琍	リ
琑	サ:GK
琓	カン
琔	テン:K デン:G
琕	ヒョウ:G ヘイ:K ヘン:K ベン:G
琖	サン:K セン:G
琗	サイ:K シチ:G シツ:K シン セ:G
琘	ビン:K ミン:G
琙	イキ:G ヨク:K
琚	キョ:K コ:G
琛	シン チン:GK
琜	ライ
琝	ビン:K ミン:G
琞	セイ
琟	イ:K ギョク:K ゴク:G ユイ:G
琠	テン
琡	シュク
琢	タク:GK チョク
琣	ハイ:K ヘ:G ホ ホウ
琤	ショウ:G ソウ:K
琥	ク:G コ:K
琦	キ:K ギ:G
琧	アク
琨	コン:GK
琩	ショウ:GK
琪	キ:K ギ:G
琫	ホ ホウ:K
琬	エン:K オン:G ワン:GK
琭	ロク:GK
琮	ス:G ズ ソウ:K
琯	カン:GK コン
琰	エン:GK
琱	チョウ:GK
琲	ハイ:K ヒ ベ:G
琳	リン:GK
琴	キン:K ゴン:G
琵	シツ ヒ:K ビ:G
琶	ハ:K ベ:G ワ
琷	キョウ
琸	タク チョク
琹	キン:K
琺	ホウ:GK
琼	エイ:K ケイ ヨウ:G
琽	ツ:G ト:K
琾	カイ
琿	グン コン:K ゴン:G
瑀	ウ:GK
瑁	バイ:K ボウ:K ボク:K マイ:G メ モウ:G モク:G
瑂	ビ:K ミ:G
瑃	チュン:GK
瑄	セン:GK
瑅	ダイ:G テイ:K
瑆	ショウ:G セイ:K
瑇	タイ:K ダイ:G トク:K ドク:G
瑈	ジュウ ニュ
瑉	ヒン ビン:K ミン:G
瑊	カン:K ケン:G シン
瑋	イ:GK
瑌	ゼン:K ダン:K ナン:G ネン:G
瑍	カン
瑎	カイ
瑏	セン
瑐	セン
瑑	ジ:G ジン:G チ:K チン:K テン:K デン:G
瑒	ジョウ チョウ:GK トウ:K ドウ:G ヨウ:GK
瑓	レン:GK
瑔	セン:K ゼン:G
瑕	カ:K ケ:G ゲ:G
瑖	タン
瑗	エン:GK オン カン:K ゲン:G
瑘	ヤ
瑙	ドウ:K ノウ:G
瑚	コ:K ゴ:G
瑛	エイ:K ヨウ:G
瑜	ユ:GK
瑝	オウ:G コウ:K
瑞	スイ:K ズイ:G
瑟	シ シチ:G シツ:K
瑠	リュウ:K ル:G
瑡	シ
瑢	ヨウ:K
瑣	サ:GK
瑤	ヨウ:GK
瑥	オン
瑦	ウ:G オ:K
瑧	シン
瑨	シン:GK
瑩	エイ:K ヨウ:G
瑪	バ:K メ:G
瑫	トウ:GK
瑬	リュウ:K ル:G
瑭	トウ:K ドウ:G
瑮	リチ:G リツ:K
瑯	ロウ:GK
瑰	エ:G カイ:K キ
瑱	シン チン:GK テン:GK
瑲	ショウ:K ソウ:G
瑳	サ:GK
瑴	カク コク
瑵	ショウ:G ソウ:K
瑶	ヨウ:GK
瑹	ショ ツ:G ト:K
瑺	ショウ:K ジョウ:G
瑻	コン
瑼	セン
瑽	シュ:G ショウ:K
瑾	キン:K ギン コン:G
瑿	エイ
璀	サイ:GK セ
璁	ス:G ソウ:K
璂	キ:K ギ:G
璃	リ:GK
璄	エイ:K ヨウ:G
璅	サ:GK ソウ:GK
璆	キュウ:K グ:G チュ チュウ ユ:G ユウ:K リュウ:K ル:G
璇	セン:K ゼン:G
璈	ゴウ:GK
璉	レン:GK
璊	バン:K ボン:K マン:G モン:G
璋	ショウ:GK
璌	イン
璏	エ:G エイ:K エツ:K オチ:G ダイ:G テイ:K
璐	ロ:K
璑	ブ:K ム:G
璒	トウ:GK
璓	シュ:G シュウ:K ユ:G ユウ:K
璔	ソウ
璕	シン:K ジン:G
璖	キョ
璗	トウ:K ドウ:G
璘	リン:GK
璙	リョウ:GK
璚	ギョウ:G ケイ:K ケチ:G ケツ:K
璛	シュク
璜	オウ:G コウ:K
璝	カイ
璞	ハク:K
璟	エイ:K キョウ:G ケイ:K ヨウ:G
璠	ハン:K ボン:G
璡	シン:GK
璢	リュウ:K
璣	キ:K ギ:G ケ:G
璥	キョウ:G ケイ:K
璦	アイ:GK
璧	ヒャク:G ヘキ:K
璨	サン:GK
璩	キョ:K ゴ:G
璪	ソウ:GK
璫	トウ:GK
璬	キョウ
璭	コン
璮	タン
璯	エ:G カイ:K ケ:G
環	カン:K ゲン:G
璱	シチ:G シツ:K
璲	スイ:K ズイ:G
璳	テン
璵	ヨ:GK
璶	シン:K ジン:G
璷	フ リョ
璸	ヒン ヘン:K ベン:G
璹	シュウ:K シュク:K ジュ:G ジュク:G トウ:K ドウ:G
璺	キン:GK ブン:K モン:G
璻	スイ:GK
璼	ラン
璽	シ:GK ジ
璾	ザイ:G シ セイ:K
璿	エイ ケ:G ケイ:K セン:K ゼン:G
瓀	ゼン:K ネン:G
瓁	ガク ワク
瓂	カイ
瓃	ライ ルイ レ
瓄	トク:K ドク:G
瓅	リャク:G レキ:K
瓆	シチ:G シツ:K
瓇	ジュウ ニュ
瓈	ライ:G リ:T レイ:K
瓉	サン:K
瓊	ギョウ:G ケイ:K セン:K ゼン:G
瓋	テキ
瓌	カイ:K
瓍	スイ:K ズイ:G
瓎	ラチ:G ラツ:K
瓏	リュ リョウ ル:G ロウ:K
瓐	ロ:K
瓑	リャク:G レキ:K
瓓	ラン:GK
瓔	エイ:K オウ ヨウ:G
瓕	シ セン ビ:K ミ:G
瓖	ショウ:K ソウ:G
瓗	ギョウ:G ケ ケイ:K ゲ スイ ユイ
瓘	カン:GK
瓙	トウ:K ドウ:G
瓚	サン:K ザン:G
瓛	カン:K ガン:G ケン:K ゲチ:G ゲツ:K コン:G
瓜	カ:K
瓝	ハク:K バク:G
瓞	テツ:K デチ:G
瓟	ハク:K バク:G ビョウ:G ホウ:K
瓠	カク:K コ:K ゴ:G ワク:G
瓡	ク:G コ:K シュウ
瓢	ヒョウ:K ビョウ:G
瓣	ハン:K バン:G ヘン:K ベン:G
瓤	ジョウ:K ドウ:K ニョウ:G ノウ:G
瓥	レイ
瓦	ガ:K ギ ゲ:G
瓨	グ コウ:K ゴウ:G
瓪	ハン:K ホン:G
瓫	ホン:K ボン:G
瓬	ホウ
瓭	ジン:G タン:K チン:K トン:G
瓮	オ オウ:K
瓯	ウ:G オウ:K
瓲	トン
瓳	コ:K ゴ:G
瓴	リョウ:G レイ:K
瓵	イ
瓶	ビョウ:G ビン:T ヘイ:K
瓷	シ:K ジ:G
瓹	ケン
瓺	ジョウ:G チョウ:K
瓻	チ:GK チャク:G テキ:K
瓽	トウ
瓾	ボウ:K ミョウ:G
瓿	フ:K ブ:G ホ ホウ:K
甀	スイ:K ズイ:G ツイ
甁	ビョウ:G ビン:T ヘイ:K
甂	ヘン
甃	シュ:G シュウ:K
甄	カイ ケイ ケン:GK シン:GK セン
甆	シ:K
甇	オウ:K ヨウ:G
甈	ケイ ケチ:G ケツ:K ゲイ ゲチ:G ゲツ:K
甉	カン:K ガン ゲン:G サン
甊	ル:G ロウ:K
甋	チャク:G テキ:K
甌	ウ:G オ:K オウ:K
甍	ベイ ボウ:K ミョウ:G モウ:K
甎	セン:GK ゼン
甏	ビョウ:G ホウ:K
甐	リン
甑	ショウ:K ジョウ:G ソウ:G
甒	ブ:K ム:G
甓	ハク:K ヒャク:G ビャク:G ヘキ:K
甔	サン タン:K トン:G
甕	オ オウ:K ユ ヨウ:G
甖	エイ:K オウ:K ヨウ:G
甗	ゲン:GK ゴン
甘	カン:GK コン
甚	シン:K ジン:G ソ
甛	テン
甜	テン:K デン:G
甝	カン:K ガン:G
甞	ショウ:K
生	ショウ:G セイ:K ソウ:K
甠	セイ:K
甡	シン:GK
產	サン:K セン:G
産	サン:K セン:G
甤	ズイ:K ニ
甥	ショウ:G セイ:K
甦	ソ:K
甧	シン ソン
用	ユ:G ヨウ:K
甩	シュツ
甪	ロク
甫	フ:GK ホ
甬	ズ:G トウ:K ユ:G ヨウ:K
甭	ホウ
甯	デイ ニョウ:G ネイ:K
田	ジン:G チン:K テン:K デン:G
由	ユ:G ユイ ユウ:K ヨウ
甲	カン コウ:K
申	シン:GK
甴	ソウ
甶	ヒ フチ:G フツ:K
男	ダン:K ナン:G
甸	ショウ:G ジョウ セイ:K テン:K デン:G ヨウ
甹	ビョウ:G ヘイ:K
町	ジョウ:G チョウ:G テイ:K テン トウ:K
画	エ:G カイ:K カク:K ガ:G ギャク
甼	チョウ:G
甽	ケン:GK シュン:K ジュン:G
甾	シ:GK
甿	ボウ:K ミョウ:G モウ:K
畀	ヒ:GK
畁	ヒ
畂	キュウ:K ク:G ホ ボウ:K モ:G リュウ:K ル:G
畃	シュン
畄	リュウ:K
畆	ホ
畇	イン:GK キン ケン:K ゲン:G シュン テン:K デン:G
畈	ハン:K ホン:G
畉	フ:K ブ:G
畊	コウ:K
畋	テン:K デン:G
界	カイ:K
畍	カイ:K
畎	キョウ:G ケイ:K ケン:GK
畏	イ:K エ:G ワイ:K
畐	ヒキ:G ヒョク:K フク:K ブク:G
畒	ホ
畓	セン
畔	ハン:K バン:G
畕	キョウ:G コウ:K
畖	ワ
畗	トウ:GK フク:K ブク:G
畘	ダン:K ナン:G
留	リュウ:K ル:G
畚	ホン:GK
畛	シン:GK
畜	キク:GK キュウ:K ク:G チク:GK チュ チュウ
畝	ホ ボウ:K モ:G
畞	ホ ボウ:K
畟	シキ:G ショク:K
畡	カイ:GK ガイ
畢	ヒチ:G ヒツ:K
畣	トウ
畤	シ:GK ジ:G チ:K
略	リャク:K
畦	イ エ:G ケイ:K スイ
畧	リャク:K
番	ハ:GK ハン:K バ バン:G ヒ:K ビ:G ホン:G ボン:G
畫	エ:G カイ:K カク:K ガ:G ギャク
畬	シャ:GK ヨ:GK
畭	シャ:GK ヨ:GK
畮	ホ ボウ:K モ:G
畯	シュン:GK
異	イ:GK
畱	リュウ:K
畲	ヨ
畳	ジョウ:G チョウ:K
畴	チュウ:K
畵	カイ カク ガ
當	トウ:GK
畷	セ:G セイ:K テ テイ:K テチ:G テツ:K
畸	キ:GK
畹	エン:K オン:G
畺	キョウ:K コウ:G
畻	ショウ:K
畼	ジョウ チョウ:GK
畽	タン:GK ツ:G トウ:K トン
畾	ライ:GK ルイ:GK レ
畿	キ:K ゲ:G
疀	ショウ:G セチ:G セツ:K ソウ:K ヘツ:K ベチ:G
疁	キク コク リュウ:K ル:G
疂	ジョウ:G
疃	タン
疄	リン
疅	キョウ:K コウ:G
疆	キョウ:K ギョウ:G コウ:G ゴウ:K
疇	ジュ チュウ:K
疈	ヒキ:G ヒョク:K フ:G フウ:K フク ホク
疉	ジョウ:G チョウ:K
疊	ジョウ:G チョウ:K
疋	ガ:K ショ:G ソ:K ヒツ:K
疌	ショウ:K ジョウ:G チ ニョウ
疎	ショ:G ソ:K
疏	ショ:G ソ:K
疐	シ タイ:G チ:GK テイ:K
疑	キ ギ:GK ギツ ギョウ ギョク ゴキ ゴチ
疒	ジョウ:G ソウ:K ダク:K ニャク:G
疓	キュウ ザイ ダイ:K ナイ:G
疔	チョウ:G テイ:K
疕	ヒ:GK
疘	ク:G コウ:K
疙	キ:K キツ:K ギツ:K ケ:G コチ:G ゴチ:G
疚	キュウ:K ク:G
疛	ジク:G ジュ チク:K チュ チュウ
疜	カ:K ゲ:G
疝	サン:K セン:G
疞	ク
疢	チン:GK
疣	ウ:G ユウ:K
疤	ハ:K ヘ:G
疥	カイ:K
疦	ケチ:G ケツ:K
疧	キ:K ギ:G シ タイ:G テイ:K
疨	カ:K ガ:K ケ:G ゲ:G
疩	スイ
疪	ヒ
疫	イ:K エキ:K ヤク:G ユイ:G
疰	シュ:K
疱	ヒョウ:G ホウ:K
疲	シ ヒ:K ビ:G
疳	カン:GK
疴	ア:GK カ:K ケ:G
疵	サイ:G ザイ シ:K ジ:G セイ:K ゼ
疶	エイ セチ:G セツ:K
疷	タイ:G チ:GK テイ:K
疸	タン:GK
疹	キン シン:GK チン:GK デツ ネチ
疺	ヘン:GK ホウ:K
疻	シ
疼	ズ トウ:K ドウ:G
疽	ショ:K ソ:G
疾	シツ:K ジチ:G
疿	ヒ:GK
痀	ウ ク:GK グ
痁	セン:GK テン:GK
痂	カ:K ケ:G
痃	ケン:K ゲン:G
痄	サ:K シャ:G ジャ
病	ビョウ:G ヘイ:K
痆	ジツ:K ダツ:K ナチ ニチ:G
症	ショウ:GK セイ
痊	セン:GK
痋	ジュ ズ:G チュウ トウ:K
痌	ズ:G トウ:K
痍	イ:GK
痎	カイ:K ガイ:G
痏	イ:GK イク ウ:G オク ユウ:K
痐	エ:G カイ:K
痑	シ タ タン
痒	ショウ:K ゾウ:G ヨウ:GK
痓	シ:GK
痔	ジ:G チ:K
痕	ギン:K コン:K ゴン:G
痗	カイ:K ケ:G バイ:K メ:G
痘	ズ:G トウ:K
痙	ギョウ:G ケイ:K
痚	キョウ:G コウ:K
痛	ツ:G ツウ:G トウ:K
痜	トク:GK
痝	ボウ:K モウ:G
痞	ハイ:K ヒ:K ビ:G フ:G フウ:K ヘ:G
痟	ショウ:GK
痠	サン:GK
痡	フ:G ブ ホ:K
痢	リ:GK
痣	シ:GK
痤	サ:K ザ:G
痥	タツ ダチ テチ:G テツ:K
痦	ハイ
痧	サ
痩	シュ:G シュウ:K ソウ:K
痬	エキ:K シャク:G セキ:K ヤク:G
痭	ヒョウ:G ビョウ ホウ:K ボウ
痮	チョウ:GK
痯	カン:GK
痰	タン:K ダン:G
痱	ハイ:K バイ:G ヒ:K ビ:G
痲	バ:K マ:T メ:G
痳	バ:K マ:G リン:GK
痴	チ:GK
痵	キ:K ギ:G
痶	テン
痷	アン:K オウ:K オン:G ヨウ:G
痸	セイ セチ:G セツ:K
痹	ヒ:GK
痺	ヒ:GK
痻	コン ビン:K ミン:G
痼	ク:G コ:K
痽	タイ:K テ:G
痾	ア:GK
痿	イ:GK エ:G ズイ:K ニ ワイ:K
瘀	オ:G ヨ:K
瘁	スイ:K ズイ:G
瘂	ア:K
瘃	ショク:K ソク:G チク チョク:K トク:G
瘄	ソ
瘇	ショウ:K ジュ:G
瘈	ケイ:K セイ:K
瘉	ユ:GK ヨ
瘊	コウ:K ゴ
瘋	フ フウ:G
瘌	ライ ラチ:G ラツ:K
瘍	トウ:K ドウ:G ヨウ:GK
瘎	エン シン:K ジン:G タン:K ダン:G
瘏	ズ:G ト:K
瘐	ユ
瘑	カ:K ケ:G
瘒	ゴン:GK
瘓	タン:GK
瘔	ク:G コ:K
瘕	カ:K ガ:K ケ:G ゲ:G
瘖	イン:K オン:G
瘘	ロウ:K
瘙	ソウ:GK
瘚	カチ ケツ
瘛	ケイ:K ゲイ セイ:K セチ:G セツ:K
瘜	ショク:K ソク:G
瘝	カン:K
瘞	エイ:K
瘟	ウン オチ:G オツ:K オン:GK
瘠	ジャク:G セキ:K
瘡	ショウ:G ソウ:K
瘢	ハン:K バン:G
瘣	エ:G カイ:K ライ レ
瘤	リュウ:K ル:G
瘥	サ:K サイ:K ザ:G シャ:G セ:G
瘦	シュ:G シュウ:K ソウ:K
瘧	ガク:G ギャク
瘨	シン テン:GK デン
瘩	トウ:GK
瘬	チョウ
瘭	ヒョウ:GK
瘮	シン
瘯	ソク:K ゾク:G
瘰	ラ:GK ライ:GK ルイ レ
瘱	エイ
瘲	シュ:G ショウ:K
瘳	チュ チュウ:GK リョウ
瘴	ショウ:GK
瘵	サイ:K セイ
瘶	シュ:G ソウ:K
瘷	サク:K シャク:G
瘸	カ ガ
瘹	チョウ:GK
瘺	ル:G ロウ:K
瘻	リュウ ル:GK ロウ:K
瘼	バク:K マク:G
瘽	キン:K ギン ゴン:G
癀	オウ:G コウ:K
癁	フク ボク
療	シャク リョウ:GK
癃	リュ リュウ:K
癄	ショウ:G ジョウ ソウ:K
癅	リュウ:K
癆	リョウ ロウ:GK
癇	カン:K ゲン:G
癈	ハイ:K ヘ:G
癉	タ:GK タン:GK
癊	イン:K オン:G
癋	カク ガ
癌	ガン:K
癎	カン
癏	カン
癐	イ カイ:K ケ:G
癑	ドウ:K ヌ:G
癒	ユ:GK
癓	ビ:K ミ:G
癔	ヨキ ヨク
癕	ヨウ:K
癖	ヒャク:G ヘキ:K
癗	ライ レ
癘	ライ:G レイ:K
癙	ショ:GK ソ
癚	タン
癛	キン:K ゴン:G ヒン ホン リン
癜	テン:K デン:G
癟	ヘツ:K ベチ:G
癠	ザイ:G セイ:K
癡	チ:GK
癢	ヨウ:GK
癤	セチ:G セツ:K
癥	チョウ:GK
癧	リャク:G レキ:K
癨	カク:GK
癩	ライ:GK ラチ:G ラツ:K
癪	シャク
癬	セン:GK
癭	エイ:K ヨウ:G
癮	イン:K オン:G
癯	ク:K グ:G
癰	ユ:G ヨウ:K
癱	タン:GK
癲	テン:GK
癴	ラン レン:GK
癵	レン
癶	ハチ:G ハツ:K
癸	キ:GK
癹	ハチ:G ハツ:K
発	ハイ:K ハチ:G ハツ:K ヘ:G ホチ:G ホツ:G
登	チキ:G チョク:K ト トウ:GK
發	ハイ:K ハチ:G ハツ:K ヘ:G ホチ:G ホツ:G
白	シ:K ジ:G ハ:K ハク:K ヒャク:G ビャク:G ベ:G
百	ハク:K バク:K ヒャク:G ミャク:G
癿	カ:K ゲ:G
皀	キュウ:K キョウ:K コウ:G ヒキ:G ヒュウ ヒョク:K ホウ
皁	ソウ:K ゾウ:G
皂	ソウ
皃	バク:K ボウ:K
的	キョウ:K ギョウ:G チャク:G テキ:K
皅	ハ:K ヘ:G ベ
皆	カイ:K キ
皇	オウ:G コウ:K
皈	キ:GK
皉	サイ:G シ セイ:K
皊	レイ
皋	ク:G コ:K コウ:GK ゴウ
皌	バツ:K マチ:G
皍	ソク:G
皎	キョウ:GK コウ
皏	ヒョウ:G ホウ:K
皐	コウ:GK
皒	ガ
皓	カイ:K ケ:G コウ:K ゴウ:G
皔	カン:K ガン:G
皕	ヒ ヒキ:G ヒョク:K
皖	カン:K ガン:G ゲン:G コン:K ゴン:G
皗	ジュ チュウ
皘	セン
皙	シャク:G セキ:K
皚	ガイ:GK ギ:K ゲ:G
皛	キョウ:K ギョウ:G ケイ:K ハク:K バク:K ヒャク:G ミャク:G
皜	コウ:K ゴウ:G
皝	オウ:G コウ:K
皞	コウ:K ゴウ:G
皟	サク:K シャク:G
皠	サイ:GK セ
皡	コウ:K
皢	キョウ:GK
皣	ヨウ:GK
皤	ハ:K ハン:K バ:G バン:G
皥	コウ:K
皦	キョウ:GK
皧	アイ:GK
皨	セイ:K
皩	コウ
皪	ハク ラク リャク:G レキ:K
皫	ヒョウ:G ホウ:K
皬	カク
皭	ザク:G シャク:K ショウ:GK
皮	ヒ:K ビ:G
皯	カン:GK
皰	ビョウ:G ホウ:K
皱	シュ:G シュウ:K スウ
皳	キュウ
皴	シュン:GK
皵	サク シャク:G セキ:K
皶	サ:K
皷	コ:K
皸	キン クン:GK
皹	クン:GK
皺	シュ:G シュウ:K スウ:K
皻	サ:K シャ:G ソ
皽	ショウ:GK セン タン テン:GK
皾	トク:K ドク:G
皿	ベイ ボウ:K ミョウ:G
盀	キ
盁	エイ:K
盂	ウ:GK
盃	ハイ:K
盄	ショウ
盅	ジュ チュウ:K
盆	ホン:K ボン:G
盇	コウ
盈	エイ:K ヨウ:G
盉	カ:K ワ:G
益	イチ:G イツ:K エキ:K ヤク:G
盋	ハチ:G ハツ:K
盌	ワン:GK
盍	カイ カチ:G カツ:K コウ:K ゴウ:G
盎	オウ:GK
盒	アン:K オン:G コウ:K ゴウ:G
盓	ウ:G オ:K
盔	カイ:K ケ:G
盕	ハン
盖	ガイ
盗	トウ:K ドウ:G
盙	フ:GK
盚	キュウ:K グ:G
盛	ジョウ:G セイ:K
盜	トウ:K ドウ:G
盝	ロク
盞	サン:K セン:G
盟	ベイ ボウ ミョウ:G メイ:K モウ:K
盠	ライ:G リ レイ:K
盡	シン:K ジン:G
盢	キャク:G ケキ:K
監	カン:K ケン:G
盤	ハン:K バン:G
盥	カン:GK
盦	アン:K オウ オン:G
盧	リョ ロ:K
盨	シュ:K ショ:K ス:G ソ:G
盩	ジュ チュ チュウ
盪	トウ:K ドウ:G
盫	オウ
盬	ク:G コ:K
盭	ライ:G レイ:K レチ:G レツ:K
目	ボク:K モク:G
盯	ジョウ:G チョウ:K トウ
盰	カン:GK
盱	ウ ク:GK コ
盲	ボウ モウ:K
盳	ホウ ボウ:K モウ:G
直	ジ:G ジキ:G チ:K チョク:K
盵	キ:K ケ:G
盶	ガン ゲン:K
盷	ケン:K ゲン:G テン:K デン:G ビン:K ミン:G
相	ショウ:K ジョウ:G ソウ:G
盹	シュン:GK
盺	キン:K コン:G
盻	ケイ:K ゲイ
盼	ハン:K フン:K ブン:G ヘン:G
盽	ホウ
盾	イン シュン:K ジュン:G トン:K ドン:G
盿	ビン:K ミン:G
眀	ベイ ホウ ミョウ:G メイ:K
省	ショウ:G セイ:K セン
眂	シ:K ジ:G
眃	ウン コン:K ゴン:G
眄	ベン:K メン:G
眅	ハン
眆	ホウ:GK
眇	ビョウ:K ミョウ:G
眈	タン:K チン トン:G ドン:G
眉	ビ:K ミ:G
眊	バイ:K バク:K ボウ:K マク:G メ:G モウ:G
看	カン:GK
県	ケン:K ゲン:G
眎	シ:K ジ:G
眏	エイ:K オウ ヨウ:G
眐	ショウ:G セイ:K
眑	オウ:K ユ:G ユウ:K ヨウ:G
眒	シン:GK
眓	カチ:G カツ:K ケチ:G ケツ:K
眔	トウ:K ドウ:G
眕	シン:GK チン
眖	キョウ:G コウ:K
眗	ク:GK コウ:K
眘	シン:K ジン:G
眙	イ:GK チ:GK チョウ
眚	ショウ:G セイ:K
眛	バイ:K マイ:G メ
眜	バツ:K ベツ:K マチ:G メチ:G
眝	チョ
眞	シン:GK
真	シン:GK
眠	ビン:K ベン:K ミン:G メン:G
眡	シ タイ:G テイ:K
眢	イ エン:K オン:G ワン:GK
眣	タツ チチ:G チツ:K テチ:G テツ:K デチ トチ
眤	イ
眥	サイ:K ザイ:G シ:K セイ:K ゼ:G
眦	シ:K セイ:K
眧	ショウ
眨	ソウ:K
眩	カン ケン:K ゲン:G
眪	ヒョウ:G ヘイ ホウ:K
眫	ベイ
眭	イ:K エ:G キ:GK ケ:G ケイ:K スイ:GK ボク:K モク:G
眮	ズ:G トウ:K
眯	ビ:K ベイ:K マイ:G ミ:G
眰	シチ:G シツ:K チチ:G チツ:K テツ:K デチ:G
眱	イ ダイ:G テイ:K
眲	ジ:K ジョク ダク チキ:G チョク:K ニ:G ニキ ニャク
眳	ベイ ミョウ:G メイ:K
眴	ケン:GK ゲン シュン:GK ジュン
眵	シ:GK
眶	キョウ:K コウ:G
眷	ケン:GK
眸	ボウ:K ム:G
眹	ショウ ジン:G チン:K
眺	チョウ:GK
眻	ヨウ
眼	ガン:K ゲン:G ゴン
眽	バク:K ベキ ミャク:G
眾	シュ:G シュウ:K
眿	バク:K ミャク:G
着	ジャク:G チャク:K
睁	ジョウ:G セイ:K
睂	ビ:K
睃	シュン セン
睄	ショウ:G ソウ:K
睅	カン:K ガン ゲン:G
睆	カチ:G カツ:K カン:K ゲン:G ワン
睇	ダイ:G テイ:K
睈	チョウ:G テイ:K
睉	サ:K サイ:K ザ:G ゼ:G
睊	エン ケン:GK
睋	ガ
睌	バン:K メン:G
睍	ケン:K ゲン:G
睎	キ:K ケ:G
睏	コン
睒	セン:GK タン
睓	テン
睔	カン:K ゲン:G コン:K ゴン:G ロン
睕	エン:K オン:G ワチ ワツ ワン
睖	チョウ:GK リョウ:GK
睗	シャク:G セキ:K
睘	ギョウ:G ケイ:K セン:K ゼン:G
睙	レチ:G レツ:K
睚	ガ ガイ:K ゲ:G
睛	ショウ:G セイ:K
睜	ジョウ:G セイ:K
睝	リ
睞	ライ:GK
睟	サイ:K スイ:GK セ:G
睠	ケン:GK
睡	スイ:K ズイ:G
睢	イ キ:GK ケ:G ケイ:K スイ:GK
督	トク:GK
睤	ヘイ:K
睥	ヘイ:K
睦	ボク:K モク:G
睧	コン:GK
睨	ゲイ:K
睩	リョク:K ロク:G
睪	エキ:K コウ ジャク:G ジョウ:K タク:K ツ:G ト:K ニョウ:G ヤク:G
睫	ショウ:GK
睬	サイ
睭	チュ チュウ
睮	ユ
睯	コン
睰	バツ:K マチ:G
睱	カ:K ゲ:G
睲	ショウ:G セイ:K
睳	ケ:G ケイ:K
睴	キ:K コン:GK ゴン:G
睵	サイ
睶	シュン
睷	ケン:K コン:G
睸	ビ:K ミ:G
睹	ツ:G ト:K
睺	コウ:K ゴ
睻	ケン
睼	タイ:G ダイ テイ:K テン:GK
睽	キ:K ギ:G ケ:G ケイ:K
睾	コウ:GK ゴウ
睿	エイ:K
瞀	バク:K ブ:K ボウ:K マク:G ム:G モ:G モウ:G モク
瞁	キャク:G ケキ:K
瞂	ハツ:K バチ:G ボチ
瞃	オチ:G オツ:K
瞄	ビョウ
瞅	シュウ
瞇	ビ:K ベイ ミ:G メイ
瞈	オ オウ
瞉	ク:G ケイ コウ:K
瞊	トウ:K ドウ:G
瞋	シ シン:GK チン テン:K デン:G
瞌	コウ:GK
瞍	シュ:G ショウ:GK ソウ:K
瞎	カツ:K
瞏	ギョウ:G ケイ:K セン:K ゼン:G
瞐	バク:K マク:G
瞑	ベイ ベン:K ボウ ミョウ:G ミン メイ:K メン:G
瞔	サク:K シャク:G
瞕	ショウ
瞖	エイ:K
瞗	チョウ ツ:G トウ:K
瞘	オ オウ:G キョ ク:G コ:K コウ:K
瞙	バク:K マク:G
瞚	シュン:GK
瞛	シュ:G ショウ:K
瞜	ル:G ロウ:K
瞝	チ
瞞	バン:K ベン:K ボン:K マン:G メン:G モン:G
瞟	ヒョウ:GK ビョウ
瞠	ジョウ チョウ:G トウ:K ドウ:G
瞡	キ
瞢	ベツ:K ボウ:K ミョウ ム:G メチ:G モウ:G
瞤	シュン:GK ジュン:K ゼン:K ニュン ネン:G
瞥	ハイ:K ヘ:G ヘイ ヘチ:G ヘツ:K ベツ
瞦	キ
瞧	ショウ:K ジョウ:G
瞨	ハク
瞩	ショク:K
瞪	ジョウ:G チョウ:K トウ:K ドウ:G
瞫	シン タン:K ドン:G
瞬	シュン:GK
瞭	リョウ:GK
瞮	テチ:G テツ:K
瞯	カン:K ケン:G ゲン:G
瞰	カン:GK
瞱	ヨウ:GK
瞲	キチ:G キツ:K ケチ:G ケツ:K
瞳	ズ トウ:K ドウ:G
瞴	ビ:K ブ ボウ:K ミ:G ム:G
瞵	リン:GK レン:GK
瞶	イ:K キ:GK ユイ:G
瞸	キョウ ヨウ
瞹	アイ:GK
瞺	エ:G カイ:K
瞻	セン:GK
瞼	ケン:GK
瞽	ク:G コ:K
瞾	ショウ:GK
瞿	キョク ク:GK グ:G
矀	ビ:K ミ:G
矁	シュウ
矃	デイ ニョウ:G ネイ:K
矄	クン
矅	ヨウ
矆	カク:K キャク:G ワク
矇	ボウ:K モ モウ:G
矉	ヒン:GK ビン
矊	ベン:K メン:G
矌	カク コウ
矍	カク:G キャク:K
矎	キョウ:G ケイ:K ケン
矏	ベン:K メン:G
矐	カク
矑	ロ:K
矒	ボウ:K
矓	リョウ:K ロウ:G
矔	カン ケン:K ゲン:G
矕	バン:K マン:G ラン
矖	サイ:K シ セ:G ライ:G リ レイ:K
矗	シュク チク:GK チュ チュウ
矘	トウ
矙	カン:GK
矚	ショク:K ソク:G
矛	ボウ:K ム:G
矜	カン:K キョウ:GK キン:K ギョウ:G ギン ケイ:K ケン:G ゴン:G
矝	リン
矞	イチ:G イツ:K キチ:G キツ:K ケチ:G ケツ:K シュツ ジュチ
矟	サク:GK
矠	サク:K ザク シャク:G
矡	カク:K キャク:G
矢	シ:GK
矣	イ:GK
矤	シン:GK
知	チ:GK
矦	コウ:K ゴ
矧	シン:GK
矨	ギョウ ゲイ
矩	ク:GK
矪	チュ チュウ:GK
矬	サ:K ザ:G
短	タン:GK
矮	ア アイ:K ワイ
矯	キョウ:GK
矰	ソウ:GK
矱	ワク:GK
矲	ハイ:K ベ:G
石	コク シャク:G ジャク:G セキ:K タン
矴	チョウ:G テイ:K
矵	セイ
矷	シ
矸	カン:GK ガン
矹	ゴチ:G ゴツ:K
矺	タ タク:K チャク:G トウ
矻	カチ:G カツ:K クチ コツ:K
矼	ク コウ:GK
矽	セキ
砂	サ:K シャ:G
砃	タン
砄	ケチ:G ケツ:K
砅	ヒョウ リ レイ:K
砆	フ:GK
砇	ビン:K ミン:G
砈	ガ ダ:K ナ:G
砉	カク:K キャク:G ギャク ケキ:K
砊	キョウ:G コウ:K
砋	シ
砌	サイ:G セイ:K
砍	カン:K コン:G
砎	カイ:K カツ:K ケチ:G
砏	ハン ヒン フン
砐	ゴウ
砑	ガ:K ゲ:G
砒	ヒ:K ビ:G ヘイ:K
砓	セチ:G セツ:K
研	ギョウ:G ケイ:K ケン ゲン:GK
砕	サイ:GK セ
砙	ゴ ゴウ
砝	キョウ:K コウ:G ホウ
砞	バツ:K マチ:G
砟	サ:K サク:K ザク:G ジャ:G
砠	ショ:K ソ:G
砡	ギク:K ギョク:K ゴク:G
砢	カ:GK ラ:GK
砣	タ:K ダ:G
砤	タ
砥	シ:GK タイ:G テイ:K
砦	サイ:K ゼ:G
砧	チン:GK
砨	ア アイ アク:K ヤク:G
砩	ハイ:K フツ ブチ ヘ:G
砪	ボウ:K モ:G
砫	シュ
砬	リュウ:GK ロウ:GK
砭	ヘン:GK
砮	ド:K ヌ:G
砯	ヒョウ
砰	ヒョウ:G ビョウ ホウ:K
砱	リョウ:G レイ:K
砲	ハク:K バク:G ヒョウ:G ホウ:K ホク
砳	ラク リャク
破	ハ:GK ヒ
砵	オウ
砶	ハク
砷	シン
砸	ソウ
砺	レイ:K
砿	コウ:K
硂	セン
硃	シュ:K
硄	コウ:GK
硅	カク:K キャク:G ケイ
硆	ゴウ
硇	ドウ:K ニョウ:G
硈	カチ:G カツ:K
硉	ロチ ロツ
硊	キ:K ギ:G
硋	ガイ
硌	ラク:GK リャク:G レキ:K
硍	カン:K キョウ:G ケン:K ゲン:G コウ:K コン:G
硎	ケイ:K
硏	ギョウ:G ケイ:K ケン ゲン:GK
硐	ズ:G トウ:K
硑	ヒョウ:G ホウ:K
硒	セイ
硜	キョウ:G ケイ コウ:K
硝	ショウ:GK
硞	カク:GK キャク:G コク:GK
硟	セン
硠	ロウ:GK
硡	コウ:K ゴウ:G
硢	ヨ
硣	キョウ:G コウ:K
硤	ギョウ:G コウ:K
硥	ホウ ボウ:K モウ:G
硦	ラク ル:G ロウ:K
硧	ズ ツ:G トウ:K ユ:G ヨウ:K
硨	シャ:GK
硩	シャク:G セキ:K タク チャク:G テキ:K テチ:G テツ:K
硪	ガ:GK ギ
硫	ショ:G ソ:K リ リュウ:K ル:G
硬	キョウ:G ギョウ:G コウ:K ゴウ:K
硭	ボウ
确	カク:K
硯	ケン ゲン:GK
硰	サ:K シャ:G
硱	キョウ コン
硴	カキ
硸	ガク ギャク
硹	シュ:G シュウ:K
硺	タク チョク
硻	キョウ:G コウ:K
硼	ヒョウ:G ホウ:K
硽	エン
硾	タ ツイ:K
硿	ク:G コウ:K
碀	ジョウ:G ソウ:K
碁	キ:K ギ:G ゴ:G
碂	ス:G ソウ:K
碃	ショウ:G セイ:K
碄	リン
碅	キョウ キン
碆	ハ:GK バ
碇	チョウ:G テイ:K
碈	ビン
碉	チョウ
碊	サン:K セン:GK ゼン:G
碋	カ ガ
碌	ラク リョク:K ロク:GK
碍	ガイ:K ギ ゲ:G
碎	サイ:GK セ
碏	サク:G シャク:K セキ
碐	リョウ:K ロウ:G
碑	ハ ヒ:GK
碒	ギン:K ゴン:G
碓	タイ:GK ツイ テ
碔	ブ:K ム:G
碕	キ:K ギ:G ゲ
碖	リン ロン
碗	ワン:GK
碘	テン
碙	コウ
碚	ハイ
碝	ゼン:K ネン:G
碞	ガン:K ギン:K ゲン:G ゴン:G
碟	ジョウ:G セツ:K ゼチ:G チョウ:K
碠	チョウ:G テイ:K
碡	トク:K ドク:G
碢	タ:K ダ:G
碣	アツ:K エチ:G カチ:G カツ:K ケイ ケツ:K ゲイ ゲチ:G
碤	エイ:K ヨウ:G
碥	ヘン
碦	カク:K キャク:G
碧	ヒャク:G ヘキ:K
碨	イ エ:G ワイ:K
碩	ジャク:G セキ:K
碪	カン ガン:K コン:K ゴン:G チン:GK
碫	タン:K ダン:G
碬	カ:K ゲ:G
碭	トウ:K ドウ:G
碮	ダイ:G テイ:K
碯	ドウ:K ノウ:G
碰	ホウ
碱	ケン
碲	テイ
碳	タン
碵	セキ
確	カク:GK
碻	カク:GK キョウ:G コウ:K
碼	バ:K マ メ:G
碽	ク:G コウ:K
碾	テン デン:K ネン:G
碿	ソチ:G ソツ:K
磀	ガク ギャク
磁	シ:K ジ:G
磂	リュウ:K ル:G
磃	シ ダイ:G テイ:K
磄	トウ:K ドウ:G
磅	ヒョウ:G ホウ:GK
磆	カチ:G カツ:K ゲチ:G
磇	ヒ ヘイ:K
磈	イ エ:G カイ:K ガイ:K キ:K ギ:G ケ:G ゲ:G ワイ:K
磉	ソウ:GK
磊	ライ:GK レ
磋	サ:GK
磌	シン:GK テン:K デン:G フン:K ブン:G
磍	アツ:K エチ:G カツ:K ゲチ:G
磎	ケイ:K
磏	レン
磐	ハン:K バン:G
磑	カイ:K ガイ:GK キ:K ギ:G ゲ:G バ:K マ:G
磒	イン:GK ウン
磓	ズイ:G タイ:K ツイ:K テ:G
磔	タク:K チャク:G
磕	カイ:GK カチ:G カツ:K コウ:GK
磖	ロウ:GK
磚	セン:GK タ:K タン:K ダ:G ダン:G
磛	サン:K ザン:G セン:K ゼン:G
磜	サイ:G セイ:K
磝	ガク キョウ:G ギョウ:G コウ:K ゴウ:K ゴク
磞	ヒョウ:G ホウ:K
磟	リク ロク:GK
磠	ロ:K
磡	カン:K コン:G
磢	ショウ:G ソウ:K
磣	シン ソウ
磤	イン:K オン:G
磥	ライ ルイ レ
磦	ヒョウ:GK
磧	シャク:G セキ:K
磨	バ:K マ:G
磩	シャク:G シュク セキ:K
磪	サイ:K セ:G ゼ
磫	シュ:G ショウ:K
磬	キョウ:G キン:T ケイ:K
磭	ギン:K ゴン:G シャク
磯	カイ:K キ:K ケ:G ゲ:G
磰	セン:K ゼン:G
磱	ロウ
磲	キョ:K ゴ:G
磳	ジョウ ソウ:GK
磴	トウ:GK
磵	カン:K ケン:G
磶	シャク:G セキ:K
磷	リョウ:K リン:GK ロウ:G
磸	テイ
磹	タン:K テン:K デン:G ドン:G
磺	オウ:G コウ:GK
磻	ハ:GK ハン:K バン:G
磼	ショウ:G ジョウ ソウ:K ゾウ
磽	ガク キョウ:G ギョウ:G コウ:K ゴウ:K
磾	タイ:G テイ:K
磿	リャク:G レキ:K
礀	カン:K ケン:G
礁	ショウ:GK
礆	ケン
礇	イク:GK
礈	ツイ
礉	カク:K ガク:G キョウ:G ギャク コウ:K ゴウ
礊	カク:K キャク:G
礋	ジャク:G タク:K
礌	ライ:GK レ
礍	カチ:G カツ:K
礎	ショ:G ソ:K
礏	ギュウ ゴウ
礐	オク:G カク:GK ガク コク:K ゴク:G ヨク:K ラク:K リャク:G
礑	トウ:GK
礒	ギ:GK
礓	キョウ:G コウ:K
礔	ヒャク:G ヘキ:K
礕	ヒャク:G ヘキ:K
礗	ヒン
礘	キュウ コウ:K ゴウ:G
礙	ガイ:K ギ ゲ:G
礚	カイ:GK
礛	カン:K ケン:G ラン
礜	ヨ:GK
礝	ゼン
礞	ボウ:K モ:G
礟	ホウ:K
礠	ジ:G
礣	バツ:K ベツ:K マチ:G メチ:G
礤	サチ:G サツ:K
礥	キン:K ギン:G ケン:K ゲン:G
礦	コウ:K
礧	ライ:GK ルイ レ
礨	ライ ルイ レ
礩	シ シチ:G シツ:K チツ
礪	レイ:K
礫	ラク リャク:G レキ:K
礬	ハン:K バン ボン:G
礭	カク
礮	ヒョウ:G ホウ:K
礯	エイ:K ヨウ:G
礰	リャク:G レキ:K
礱	ル:G ロウ:K
礲	ロウ
礴	ハク:K バク:G
礵	ソウ
礶	カン
礷	ラン
礸	サチ:G サツ:K
礹	ガン:K ゲン:G
示	キ:K ギ:G シ:K ジ:G
礻	シ
礼	ライ:G リ レイ:K
礽	ジョウ:K ニョウ:G
社	シャ:K ジャ:G
礿	ヤク:GK
祀	シ:K ジ:G
祁	キ:K ギ:G ケ シ:K ジ:G チ
祄	カイ:K ガイ:G
祅	ヨウ:GK
祆	ケン:GK テン
祇	キ:K ギ:G シ:GK ジ
祈	キ:K ゲ:G
祉	シ チ:GK
祊	ヒョウ:G ホウ:K
祋	タイ:GK タチ:G タツ:K テ
祌	シュ:G シュウ:K ジュ チュウ
祏	ジャク:G セキ:K
祐	ウ:G ユウ:K
祑	ジチ:G チツ:K
祒	ショウ ジョウ:G チョウ:K
祓	ハイ:K バイ フチ フツ:K ヘ:G
祔	フ:K ブ:G
祕	ヒ:GK ヒチ:G ヒツ:K ベチ ベツ
祖	シャ ショ ソ:GK
祗	シ:GK
祘	サン:GK
祙	ビ:K ミ:G
祚	ソ:K ゾ:G
祛	キョ:K コ:G
祜	コ:K ゴ:G
祝	シュ:G シュウ:K シュク:GK チョ
神	シン:K ジン:G
祟	シュチ:G シュツ:K スイ:GK
祠	シ:K ジ:G
祡	サイ
祢	セン デイ:K ナイ:G ネ:G
祣	リョ:K ロ:G
祤	ウ ク
祥	ショウ:K ゾウ:G
祦	ゴ
祧	チョウ:GK
票	ヒョウ:GK
祩	シュ:GK チュ
祪	キ
祫	ギョウ:G コウ:K
祬	シ
祭	サイ:G セイ:K
祮	コウ
祰	キョク:K コウ コク:G
祱	スイ セイ ライ
祲	シン:GK
祳	シン:K ジン:G
祴	カイ カツ:K ケチ:G
祶	テイ
祷	トウ:GK
祹	トウ:K ドウ:G
祺	キ:K ギ:G
祻	ク:G コ:K
祼	カン:GK
祽	サイ:K セ:G
祾	リョウ:GK ロウ
祿	リョク ロク:GK
禀	ヒン:GK リン:GK
禁	キン:K コン:G ゴン
禂	チュ トウ
禃	ショク:K ジキ:G
禄	リョク ロク:GK
禅	セン:K ゼン:G
禈	キ
禉	ユウ
禊	カツ:K ケイ:K ケチ:G ゲイ
禋	イン:GK エン
禌	シ
禍	カ:K ワ:G
禎	チョウ:G テイ:K
福	フ:G フウ:K フク:GK
禐	エン
禑	グ:G ゴ:K
禒	セン ロク
禓	ショウ:GK ヨウ:GK
禔	シ:GK ジ ダイ:G テイ:K
禕	イ:GK
禖	バイ:K メ:G
禗	シ
禘	ダイ:G テイ:K
禚	シャク
禛	シン:GK
禜	エイ:K ヨウ:G
禝	シキ:G ショク:K
禞	コウ
禟	トウ:K ドウ:G
禠	イ キ:K ギ:G シ:K ジ:G
禡	バ:K メ:G
禢	トウ
禤	ケン
禥	キ
禦	ギョ:K ゴ:G
禧	キ:K
禨	キ:K ギ:G ケ:G
禩	シ:K
禪	セン:K ゼン:G
禫	タン:K ドン:G
禬	カイ:K ケ:G
禭	スイ:K ズイ:G
禮	ライ:G リ レイ:K
禯	ジョウ ニュ
禰	セン デイ:K ナイ:G ネ:G
禱	トウ:GK
禲	ライ:G レイ:K
禳	ジョウ:K ニョウ:G
禴	ヤク:GK ヨウ
禵	ダイ:G テイ:K
禶	サン:K ザン:G
禷	ルイ
禸	ジュウ:K ニュ
禹	ウ:GK
禺	ギョウ:K グ:GK グウ:G
离	チ:GK リ:GK
禼	セチ:G セツ:K
禽	キン:K ゴン:G
禾	カ:K ワ:G
禿	トク:GK
秀	シュ:G シュウ:K
私	シ:GK
秂	ジン:K ニン:G
秄	シ:GK
秅	タ:K ダ:G ツ:G ト:K ナ
秆	カン
秇	ゲイ:K
秈	セン:GK
秉	ヒョウ:G ヒン:T ヘイ:K
秊	ネン:G
秋	シュ:G シュウ:K
秌	シュ:G シュウ:K
种	ジュ チュウ:K
秎	フン:K ブン:G
秏	カイ:K ケ:G コウ:GK ボウ:K モウ:G
秐	ウン
科	カ:GK
秒	ビョウ:K ミョウ:G
秓	シ
秔	キョウ:G コウ:K
秕	ヒ:GK ビ
秖	シ:GK
秗	ヨ
秘	ヒ:GK ヒチ:G ヒツ:K ベチ ベツ
秙	ク:G コ:K
秚	ハン:K バン:G
秛	ヒ
秜	ジ:K ジツ:K ニ:G ニチ:G リ
秝	リャク:G レキ:K
秞	ユ:G ユウ:K
租	シュ:G ショ:G ソ:K ソウ:K
秠	ヒ:GK ヒュ ヒュウ フ:G フウ:K
秡	ハイ ハツ:K バチ:G フツ
秢	リョウ:G レイ:K
秣	バイ:K バツ:K マイ:G マチ:G マツ:G メ
秤	ショウ:GK チョウ:G テイ:K ヒョウ ビン
秥	デン:K ネン:G
秦	シン:K ジン:G
秧	オウ:G ヨウ:K
秨	サク:K ザク:G ソ:K ゾ:G
秩	イチ:G イツ:K ジチ:G チツ:K テチ:G テツ:K
秪	シ チ:GK
秫	シュツ:K ジュチ ジュツ:G
秬	キョ:K ゴ:G
秭	シ:GK
积	シ
称	ショウ:GK
秱	ズ:G トウ:K
秲	シ:K ジ:G チ
秳	カツ:K ガチ ゲチ:G
秴	コウ
秵	イン
秶	シ
秷	チチ:G チツ:K
秸	カツ:K キチ:G キツ:K ケチ:G
秹	ジン:K ニン:G
秺	タ ツ:G ト:K
移	イ:GK シ
秼	シュ:GK
秿	フ:G ホ:K
稀	キ:K ケ:G
稁	コウ
稂	リョウ ロウ:GK
稃	フ:GK フウ:K ブ:G
稄	シキ:G ショク:K
稅	エツ ケイ セ:G セイ:K セチ:G セツ:K ゼイ タイ:K タツ タン ダツ テ:G
稆	ロ
稇	コン:GK
稈	カン:GK
稉	キョウ:G コウ:K
稊	ダイ:G テイ:K
程	テイ:K
稌	ショ:K ジョ:G ズ:G ト:K
稍	ショウ:G ソウ:K
税	エツ ケイ セ:G セイ:K セチ:G セツ:K ゼイ タイ:K タツ タン ダツ テ:G
稏	ア
稐	ロン
稑	リク:K ロク:G
稒	ク:G コ:K
稓	サク:K ザク:G
稔	ジン:K ニン:G ネン
稕	シュン:GK
稖	ホウ:K ボウ:G
稗	ハイ:K ヒ ベ:G
稘	キ:GK ギ
稙	ショク:K ジキ:G チキ:G チョク:K
稚	ジ:G チ:K
稛	キン クン コン:GK
稜	リョウ ロウ:GK
稝	ビョウ:G ホウ:K
稞	カ:GK ゲ:G ラ
稟	ヒン:GK ホン リン:GK
稠	ジュ ジョウ:G チュウ:K チョウ:K
稡	サイ:GK セ ソチ:G ソツ:K
稢	イク
稦	イ
稧	ケイ:K ケチ:G ケツ:K ゲイ
稨	ヘン
稩	キ
稪	フク
稫	ヒキ:G ヒョク:K
稬	ダ:K ダン:K ナ:G ナン:G
稭	カイ:K カツ:K ケチ:G
種	シュ:G シュウ:K ショウ:K ジュ:G チョウ
稯	ス:G ソウ:K
稰	ショ:K
稱	ショウ:GK
稲	トウ:K ドウ:G
稴	カン ケン:K ゲン:G レン:GK
稵	シ:GK シュウ
稶	イク
稷	シキ:G ショク:K
稸	チク:GK
稹	シン:GK テン:K デン:G ヘン
稺	ジ:G チ:K
稻	トウ:K ドウ:G
稼	カ:K ケ:G
稽	ケイ:K
稾	キョウ コウ:GK
稿	コウ:GK
穀	ク:G コウ:K コク:GK ドウ:K ヌ:G
穁	ジョウ ニュ
穂	スイ:K ズイ:G
穃	ヨウ
穄	サイ:G セイ:K
穅	コウ:GK
穆	ボク:K モク:G
穇	サン:K シン
穈	ビ:K ボン:K ミ:G モン:G
穉	チ:K
穊	キ:K ケ:G
穋	キュウ:K ク:G リク:K ロク:G
穌	ソ:K
積	シ:GK シャク:G セキ:K
穎	エイ:K ヨウ:G
穏	オン:GK
穐	シュウ:K
穓	ヨキ ヨク
穔	オウ:G コウ:K
穕	ショウ:GK
穖	キ:GK ケ:G
穗	スイ:K ズイ:G
穘	キョウ:G コウ:K ジョウ:K ニョウ:G
穙	ホク:K ボク:G
穚	キョウ:G ギョウ コウ:K
穛	サク
穜	シュ:G ショウ:K ジュ ズ:G チョウ トウ:K
穟	スイ:K ズイ:G
穠	ジョウ:K ニュ
穡	シキ:G ショク:K
穢	アイ エ:G ワイ:K
穣	ジョウ:K ゼイ
穤	ダ
穥	ヨ:GK
穦	ヒン
穧	サイ:G ザイ:G シ セイ:K
穨	タイ デイ
穩	オン:GK
穪	ショウ
穫	カク:K コ:K ゴ:G ワク:G
穬	コウ
穭	リョ:K ロ:G
穮	ヒョウ:G ホウ:K
穰	ジョウ:K ゼイ ニョウ:G
穱	サク:K シャク:G
穲	リ
穳	サン:K ザン:G
穴	キツ ギチ ケツ:K ゲチ:G
穵	アツ:K エチ:G ワツ
究	キュウ:K ク:G
穷	キュウ:K グ:G
穸	キュウ ジャク:G セキ:K
穹	キュウ:K ク:G コウ:K
空	ク:G クウ:G コウ:K
穻	ウ
穼	シン
穽	ジョウ:G セイ:K
穾	ヨウ:GK
穿	エン:K オン:G セン:GK
窀	タン:K ダン:G チュン:GK トン:K ドン:G
突	タチ:G タツ:K テツ デツ トク トチ トツ:K
窂	ロウ:GK
窃	セチ:G セツ:K
窄	サク:K シャク:G
窅	エイ:K オウ:G ベン:K メン:G ヨウ:GK
窆	ヘン:GK ホウ
窇	ハク:K バク:G
窈	ヨウ:GK
窉	キョウ:G ケイ:K ヒョウ:G ヘイ:K
窊	ワ:K
窋	タチ:G タツ:K チュチ:G チュツ:K
窌	キョウ:G コウ:K ヒョウ:G ホウ:K リュウ リョウ ル:G ロウ:K
窏	ウ:G オ:K
窐	エ:G エイ:K オウ キョウ:G ケ:G ケイ:K コウ:K ヨウ:G
窑	ヨウ:GK
窒	チツ:K テチ:G テツ:K デツ ネチ
窓	ソウ:GK
窔	ヨウ:GK
窕	ジョウ:G チョウ:K ヨウ
窖	キョウ:G コウ:K ソウ
窗	ス ソウ:GK
窘	キ:K キン:K ギ:G クン:K グン:G ゴン:G
窙	キョウ:G コウ:K
窚	ジョウ:G セイ:K
窛	ク:G コウ:K
窞	タン:K ドン:G ラン ロン
窟	クチ クツ コツ:K
窠	カ:GK
窡	タチ:G タツ:K
窢	カク キョク ケキ
窣	ソチ:G ソツ:K
窤	カン
窨	イン:K オン:G
窩	カ ワ:GK
窪	ア アイ エイ:K ヨウ:G ワ:K
窫	アツ:K エチ:G
窬	ズ:G トウ:K ユ:GK
窮	キュウ:K グ:G
窯	キョウ:G コウ:K ヨウ:GK
窰	ヨウ:GK
窱	ジョウ:G チョウ:K
窲	ジョウ:G ソウ:K リョウ
窳	エ:G ユ:GK ワ:K
窴	アン:K エン:G ジン:G チン:K テン:K デン:G
窵	チョウ:GK トウ
窶	ク:K グ:G リョ:K ル:G ロ:G ロウ:K
窷	リョウ
窸	シチ:G シツ:K
窹	ゴ:K
窺	キ:GK
窻	ソウ:GK
窼	ショウ:G ソウ:K
窾	カ カン:GK ク:G コウ:K サン
窿	リュ リュウ:K
竀	チョウ:G テイ:K トウ
竁	セ:G セイ:K セチ:G セツ:K セン
竂	リョウ
竃	ソウ:GK
竄	サイ:K サン:GK ザン セ:G
竅	キョウ:GK
竆	キュウ:K
竇	ズ:G トウ:K トク:K ドク:G
竈	ソウ:GK
竉	ル:G ロウ:K
竊	セチ:G セツ:K
立	イ リツ リュウ:GK
竌	ショ
竎	フ:G フウ:K
竐	シュク
竑	ギョウ:G コウ:K ソウ
竒	キ:GK
竘	ウ ク:G コウ:K
站	タン:K
竚	チョ:K
竛	リョウ:G レイ:K
竜	ボウ:K モウ:G リュ リュウ:G リョウ:K リン ロウ:G
竝	ハン:K バン:G ビョウ:G ヘイ:K ホウ:K ボウ
竟	キョウ:G ケイ:K
章	ショウ:GK
竢	シ:K
竣	シュン:GK セン
竤	ギョウ:G コウ:K
童	シュ:G ショウ:K ズ トウ:K ドウ:G
竦	シュ:G ショウ:K
竧	シン ジョウ:G セイ:K
竨	ジョウ:G チョウ:K
竩	ギ:GK
竪	ジュ:G
竫	ジョウ:G セイ:K
竬	ク
竭	ケツ:K ゲチ:G
竮	ヘイ
端	セン タン:GK ベン:K メン:G
竱	セン:GK タン:GK テン
竲	ショウ:G ジョウ ソウ:K
竳	トウ
竴	シュン:GK
竵	エ:G カイ:K ケ:G ワイ:K
競	キョウ:G ギョウ:G ケイ:K
竷	カン:K コン:G
竸	キョウ:G ケイ:K
竹	チク:GK
竺	ジク チク:GK トク:GK
竻	キン:K コン:G ロク:GK
竼	ホウ ボ
竽	ウ:GK
竾	チ
竿	カン:GK
笀	ボウ:K モウ:G
笁	トク
笄	ケイ:K
笅	ギョウ:G コウ:K
笆	ハ:K ヘ:G
笇	サン:GK
笈	キュウ:K キョウ:K ギュウ ゴウ:G ソウ:K
笉	イン シン:K ジン:G
笊	ショウ:G ソウ:K
笋	ジュン
笌	ガ:K ゲ:G
笍	ゼイ テ テイ デツ ネ ネチ
笎	ガン:K ゲン:G
笏	コチ:G コツ:K ブツ:K ブン:K モチ:G モン:G
笐	コウ:K ゴウ:G
笑	ショウ:GK
笒	カン キン:K ゴン:G シン
笓	ヒ:K ヒツ:K ビ:G ビチ:G ヘイ ベイ
笔	ヒツ:K
笖	イ スイ
笗	ツ:G トウ:K
笘	サン セン:GK チョウ:GK
笙	ショウ:G シン セイ:K ソウ:K
笚	コウ:K ゴウ:G トウ:K ドウ:G ノウ
笛	ジャク:G テキ:K
笜	チュチ:G チュツ:K トツ
笝	ドウ:K ノウ:G
笞	チ:GK
笟	ク:G コ:K
笠	リュウ:GK
笡	シャ
笢	ビン:K ミン:G
笣	キョウ:G コウ:K ヒョウ:G ホウ:K
笤	ジョウ:G チョウ:K
笥	シ:GK ス
符	フ:K ブ:G
笧	サク:K
笨	ホン:K ボン:G
笩	ハイ:K ハツ:K バイ:G バツ
笪	タチ:G タツ:K タン
笫	シ:GK シチ:G シツ:K シン
第	ダイ:G テイ:K
笭	リョウ:G レイ:K
笮	サ:K サク:K ザク:G シャ:G シャク:G
笯	ダ ド:K ヌ:G ネ
笰	ヒ フチ フツ:K
笱	ク:G コウ:K
笲	ハン:K ヘン:K ベン:G ホン ボン:G
笳	カ:K ケ:G
笴	カ:GK カン:GK コウ
笵	ハン:K ボン:G
笶	シ:GK
笷	ボウ
笻	キョウ:K
笿	ラク:GK
筀	ケ:G ケイ:K
筁	キョク:K コク:G
筂	チ
筃	イン
筄	ユ:G ユウ:K ヨウ
筅	セン:GK
筆	ジョウ:K ニョウ:G ヒチ:G ヒツ:K ヘチ:G ヘツ:K
筇	キョウ:K グ:G
筈	カチ:G カツ:K
等	タイ:GK トウ:GK
筊	キョウ:G ギョウ コウ:K
筋	キン:K ケン:K ゲン:G コン:G ゴン
筌	セン:GK
筍	イン シュン:GK ジュン
筎	ジョ:K ニョ:G
筏	ハチ:G ハツ:K バツ ボチ:G
筐	キョウ:K コウ:G
筑	チク:GK ツク
筒	ズ:G トウ:K
筓	ケイ
答	トウ:GK
筕	ギョウ コウ:K ゴウ:G
策	サク:K シャク:G
筗	ジュ チュウ
筘	ク:G コウ:K
筝	ショウ:G ソウ:K
筞	サク
筟	フ
筠	イン:GK ウン
筡	ショ ズ:G タイ:G チョ テイ:K ト:K
筢	ハ:K ベ:G
筣	ライ:G リ レイ:K
筤	リョウ ロウ:GK
筥	キョ:K コ:G リョ:K ロ:G
筦	カン:GK
筧	ケン:GK
筨	カン:K ゴン:G
筩	ズ:G トウ:K ユ:G ヨウ:K
筪	コウ:K ゴウ:G
筫	シ シチ:G シツ:K チ
筬	ジョウ:G セイ:K
筭	サン:GK
筮	エイ セイ:K ゼイ
筯	チョ:K
筰	サク:K セキ
筱	ショウ:GK
筲	サク ショウ:G ソウ:K
筳	ジョウ:G チョウ:K テイ:K
筴	キョウ:G コウ:K サク:K シャク:G
筵	エン:GK
筶	コウ
筷	カイ
筸	カン
筹	ジュ チュウ:K チョウ トウ:K ドウ:G
筺	キョウ:K
筿	ショウ:GK
箁	フウ ブ:G ホ ホウ:K
箂	ライ
箃	シュ:G シュウ:K
箄	ハイ:K バイ:G ヒ:GK ビャク:G ヘイ ヘキ:K
箅	ヒ ヘイ
箆	ヘイ:K
箇	カ:GK コ:T
箈	ジ:G タイ:K ダイ:G チ:K
箉	カイ:K
箊	オ:G ヨ:K
箋	セン:GK
箌	トウ
箍	ク:G コ:K
箎	ク:G コ:K チ
箏	ショウ:G ソウ:K
箐	ショウ:GK セイ:K セン:GK ソウ
箑	ショウ:G ソウ:K ゾウ
箒	シュウ:K ソウ
箓	ロク
箔	ハク:K バク:G
箕	キ:GK
箖	リン:GK ロン
算	サン:GK セン
箘	キン:K ゴン:G
箙	フク:K ブク:G
箚	サツ トウ:K
箛	コ:K
箜	ク:G コウ:K
箝	カン ケン:K ゲン:G
箞	ケン:GK
箟	キン:K
箠	スイ:GK ズイ ツイ:GK
管	カン:GK
箢	エン:K オン:G
箣	サク
箤	シュツ ジュチ
箥	ハ
箪	タン:GK
箬	ジャク:K ニャク:G
箭	セン:GK
箮	カン:K ケン:G
箯	ヘン:K ベン:G
箰	シュン:GK
箱	ショウ:K ソウ:G
箲	セン:GK
箳	ヘイ
箴	カン シン:GK
箵	ショウ:G セイ:K
箶	コ:K ゴ:G
箷	イ シ
箸	チャク:GK チョ:K ト
箹	アク:K オウ:K サク ヤク:G ヨウ:G
箺	シュン
箻	リツ:K
箼	オク
箽	ツ:G トウ:K
箾	サク ショウ:G ソウ:K
箿	シュウ
節	セチ:G セツ:K
篁	オウ:G コウ:K
篂	ショウ:G セイ:K
篃	バイ:K ビ:K ミ:G メ:G
範	ハン:K バン:G
篅	スイ:K ズイ:G セン:K ゼン:G タン テン:K デン:G
篆	テン:K デン:G
篇	ヘン:GK ベン
篈	フ:G ホウ:K
築	チク:GK
篊	グ:G コウ:K
篋	キョウ:GK
篌	コウ:K ゴ
篍	シュ:G シュウ:K
篎	ビョウ:K ミョウ:G
篏	カン:K
篔	ウン:GK エン
篕	カイ コウ:K ゴウ:G
篖	トウ:K ドウ:G
篗	ワク:GK
篘	シュ:G シュウ:K
篙	コウ:GK
篚	ヒ:GK
篛	ジャク:K
篜	ショウ
篝	ク:G コウ:K
篞	デツ ネチ
篟	セン
篠	ショウ:GK
篡	サン:K セン:G
篢	カン:K ク:G コウ:K コン:G
篣	ビョウ:G ホウ:K ボウ
篤	トク:GK
篥	リキ リチ:G リツ:K
篦	ヒ:K ビ:G ヘイ:K
篧	カク コ:K ゴ:G サク:K ザク:G タク チョク
篨	ジョ:G チョ:K
篩	サイ:K シ:GK
篪	ジ:G チ:K
篫	チク
篬	ショウ:G ソウ:K
篭	ロウ:K
篰	フ ブ:G ホウ:K
篱	リ
篲	イ エイ スイ:GK ズイ セ:G セイ:K ソチ:G ソツ:K
篳	ヒ ヒチ:G ヒツ:K
篴	ジク:G チク:K チャク:G テキ:K
篵	ス:G ソウ:K
篶	エン
篷	ホウ:K ボ
篸	サン:K シン:GK
篹	サン:GK セン:K
篺	ハイ:K バイ ヒ:K ビ:G ヘン:K ベ:G ベン:G
篻	ヒョウ:K ビョウ:G メウ
篼	ツ:G トウ:K
篽	ギョ:K ゴ:G
篾	ベツ:K メチ:G
篿	セン タン:K ダン:G
簀	サイ:K サク:K シャク:G セ:G
簁	サイ:K シ:GK セ:G
簂	カイ:K カク:K キャク:G ケ:G
簃	イ:GK ジ:G チ:K
簄	コ:K ゴ:G
簅	サン:K セン:G
簆	ク:G コウ:K
簇	サク:GK シュ:G ソウ:K ソク:GK ゾク
簈	ヒョウ:G ビョウ ヘイ:K
簉	シュ:G シュウ:K
簊	キ
簋	キ:GK
簌	ソク:GK
簍	ク:K グ:G ル:G ロウ:K
簎	サク:K シャク:G セキ:K
簏	ロク:GK
簐	デン:K ネン:G
簑	サ:GK サイ:K
簒	サン:K
簓	セン
簔	サ:GK
簘	ショウ
簙	ハク:GK
簚	ベキ:K ミャク:G
簛	シ:GK
簜	トウ:K ドウ:G
簝	リョウ:K ロウ:G
簞	タン:GK
簟	テン:K デン:G
簠	フ:GK ブ:G ホ:K
簡	カン:K ケン:G
簢	ビン:K ミン:G
簣	カイ:K キ:K ギ:G ケ:G
簤	タイ:K ダイ:G
簥	キョウ:GK ギョウ
簦	トウ:GK
簧	オウ:G コウ:K
簨	サン:K ザン:G シュン:GK
簩	ロウ
簪	サン:K ザン:G シン:GK
簫	ショウ:GK
簬	ロ:K
簭	セイ ゼイ
簳	カン:GK
簴	キョ:K ゴ:G
簵	ロ
簶	ロク:GK
簷	エン:GK
簸	ハ:GK
簹	トウ:GK
簺	サイ:GK
簻	カ タ テ
簼	コウ
簽	セン:GK
簾	レン:GK
簿	ハク:K ホ:K ボ
籀	チュウ:K
籃	ラン:GK
籄	キ:K ギ:G
籅	ヨ:GK
籆	ワク:GK
籇	コウ:K ゴウ:G
籈	ケン シン セン
籉	タイ:K ダイ:G
籊	チャク:G テキ:K
籋	ジュウ:K ジョウ:K ニュウ:G ニョウ:G ビ:K ベイ ミ:G メイ
籌	ジュ チュウ:K トウ:K ドウ:G
籍	シャ ジャク:G セキ:K
籐	トウ:K ドウ:G
籑	セン:K
籒	ジュ チュウ:K
籓	ハン:K ホン:G
籔	シュ:G ス:GK ソウ:K
籕	リュウ
籖	セン:GK
籗	タク:GK
籘	トウ:K
籙	リョク:K ロク:G
籚	ロ:K
籛	サン セン:GK
籜	タク:GK
籝	エイ:K ヨウ:G
籞	ギョ:K ゴ:G
籟	ライ:GK
籠	リュ リョウ ル:G ロウ:K
籢	レン
籣	ラン:GK
籤	セン:GK
籥	ヤク:GK
籦	シュ:G ショウ:K
籧	キョ:K コ:G ゴ:G
籩	ヘン:GK
籪	タン
籫	サン
籬	リ:GK
籭	サイ:K シ:GK セ:G
籮	ラ:GK
籯	エイ:K ヨウ:G
籰	イキ:G ヨク:K ワク:GK
籱	カク タク チョク
籲	ヤク ユ:GK
米	ベイ:K マイ:G メ
籴	ジャク:G ソウ:K ゾウ:G テキ:K
籵	ハン
籷	タク:K チャク:G
籸	シン
籹	ジョ:K ニョ:G
籺	ケツ:K ゲチ:G コツ:K ゴチ:G
类	ルイ
籼	セン:GK
籽	シ:GK
粃	ヒ:GK
粄	ハン
粅	ブツ:K モチ:G
粆	サ:K シャ:G ショウ
粇	コウ:GK
粈	ジュウ ニュ
粉	フン:GK
粊	ヒ
粋	サイ:K スイ:GK セ:G
粏	タ:K ダ:G
粒	リュウ:GK
粓	カン
粔	キョ:K ゴ:G
粕	ハク:GK ヒャク
粖	バツ:K ベツ:K マチ:G メチ:G
粗	ソ:K ゾ:G
粘	デン:K ネン:G
粙	ジュ チュウ
粚	チ
粛	シュク:K ショウ
粜	チョウ
粝	レイ
粞	サイ:G セイ:K
粟	ショク:K ソク:G ゾク
粠	コウ:K
粡	ズ:G トウ:K
粢	ザイ:G シ:GK セイ:K
粣	サク
粤	エツ:K オチ:G
粥	イク:GK シュク:GK ビ:K ミ:G
粦	リン:GK
粧	ショウ:G ソウ:K
粮	リョウ:K
粯	カン:K ゲン:G
粰	フ:GK フウ:K ブ:G
粱	リョウ:K
粲	サン:GK
粳	キョウ:G コウ:K
粵	エツ:K オチ:G
粶	ロク:GK
粷	キク コク
粸	キ:K ギ:G
粹	サイ:K スイ:GK セ:G
粺	ハ ハイ:K ベ:G
粻	ジョウ:G チョウ:GK トウ:K
粼	リン:GK
粽	ス:G ソウ:K
精	ショウ:G セイ:K
粿	カ:GK ゲ:G
糂	サン:K ジン
糃	トウ:K ドウ:G
糄	ヘン:GK
糅	ジュウ:K ニュ
糆	メン
糇	コウ:K ゴ
糈	ショ:K
糉	ス:G ソウ:K
糊	コ:K コチ:G コツ:K ゴ:G
糋	セン
糌	サン
糍	シ
糏	セチ:G セツ:K ソチ:G ソツ:K
糐	フ
糑	ダク デキ ニャク
糒	ハイ:K ヒ:K ビ:G ベ:G
糓	コク:GK
糔	シュ:G シュウ:K ソウ
糕	コウ:GK
糖	トウ:K
糗	キュウ:K ク:G ショウ
糙	ソウ:GK ゾウ
糚	ショウ:G ソウ:K
糛	トウ
糜	ビ:K ミ:G
糝	サン:K シン
糞	フン:GK
糟	ソウ:GK
糠	コウ:GK
糡	キョウ:K ゴウ:G
糢	モ
糣	サン
糤	サン
糥	ダ
糦	キ シ:GK
糧	リョウ:K ロウ:G
糨	キョウ
糩	カイ:K ケ:G
糪	ハク:K ハチ:G ハツ:K ヒャク:G
糫	カン:K ゲン:G
糮	カン:K ゲン:G
糯	ダ:K ダン:K ナ:G ナン:G
糰	タン:K ダン:G
糱	ゲチ:G ゲツ:K
糲	ライ:G ラチ:G ラツ:K レイ:K
糳	サク ソク
糴	ジャク:G チャク:G テキ:K トウ:K ドウ:G
糵	ゲツ:K
糶	ジョウ チョウ:GK
糷	ラン
糸	シ:GK ベキ:K ミャク:G
糺	キュウ:GK
系	ケイ:K ゲイ
糼	コウ
糽	チョウ:G トウ:K
糾	キュウ:GK キョウ
紀	キ:K
紁	サ:K セ:G
紂	ジュ チュウ:K
紃	シュン:K ジュン:G セン
約	アク オウ ケキ ヤク:GK ヨウ:GK
紅	ク:G グ:G コウ:K
紆	ウ:GK オ オウ ク
紇	ケツ:K ゲチ:G コツ:K ゴチ:G
紈	カン:K ガン:G
紉	キン:K コン:G ジン:K ニン:G
紊	ビン ブン:K モン:G
紋	ブン:K モン:G
紌	キュウ:K グ:G
納	トウ ドウ:K ナ:T ナッ ナン ノウ:G
紎	シ
紏	ツ:G トウ:K
紐	ジュウ:K チュウ ニュ
紑	ハイ:K フ:G フウ:K フツ ブチ ベ:G
紒	カイ ケイ:K ケチ:G ケツ:K
紓	ショ:GK ジョ:G
純	キン シ シュン:GK ジュン:G セン:K ゼン:G トン:K ドン:G
紕	シ ヒ:GK ビ:G ヘン:K ベン:G
紖	イン ジン:G チン:K
紗	サ:K シャ:G ビョウ:K ミョウ:G
紘	ギョウ:G コウ:K
紙	シ:GK
級	キュウ:K
紛	フン:GK
紜	ウン:GK
紝	ジン:K ニン:G
紞	タン:GK トン
紟	キン:K ケン:K ゲン:G コン:G
素	ス:G ソ:K
紡	ホウ:GK ボウ
索	サク:GK シャク:G ソ
紣	サイ:GK
紤	キュウ:K ク:G
紥	サツ
紦	ハ
紨	フ:K ブ:G
紩	ジチ:G チツ:K
紪	サイ:G セイ:K
紫	シ:GK
紬	シュウ:K ジュ:G チュウ:GK
紭	ギョウ:G コウ:K
紮	サチ:G サツ:K
累	ラ ライ リョウ ル ルイ:GK
細	サイ:G セイ:K
紱	フツ:K ブチ
紲	セチ:G セツ:K
紳	シン:GK
紴	ハ ヒ:K ビ:G
紵	ジョ:G チョ:K
紶	キョ:K キョウ コ:G
紷	リョウ:G レイ:K
紸	シュ
紹	ショウ:K ジョウ:G
紺	カン:K コン:G
紻	オウ:K ヨウ:G
紼	ヒ フツ:K ブチ
紽	タ:K ダ:G
紾	キン シン:GK セン:K ゼン:G テン:GK デン
紿	タイ:K ダイ:G
絀	チュチ:G チュツ:K
絁	シ:K
終	シュウ:K
絃	ケン:K ゲン:G
組	ショ:G ソ:K
絅	キョウ:G ギョウ ケイ:K
絆	ハン:GK バン
絇	ク:K グ:G
絈	バク:K
絉	ジュツ
絊	サイ
絋	ゲン コウ:GK
経	キョウ:G キン:T ケイ:K
絍	ジン:K
絎	ギョウ:G コウ:K
絏	エイ セチ:G セツ:K
結	ケイ ケチ:G ケツ:K ゲイ
絑	シュ:K チュ
絒	シュウ:K ジュ:G
絓	エ:G カ カイ:K ク ケ:G
絔	ハク:K バク:K ヒャク:G ミャク:G
絕	セツ:K ゼチ:G ゼツ
絖	コウ:GK
絗	コツ:K ゴチ:G
絘	シ
絙	カン:K ガン:G コウ:GK
絚	コウ:GK
絛	ジョウ トウ:GK
絜	カツ ケイ ケチ:G ケツ:K
絝	ク:G コ:K
絞	キョウ:G ギョウ コウ:K
絟	セチ:G セツ:K セン
絠	アイ カイ
絡	カク ラク:GK
絢	ケン:GK シュン:K ジュン:G
絣	ヒョウ:G ヘイ ヘン ホウ:K
絤	セン
絥	ヒ:K ビ:G フク:K ブク:G
給	キュウ:K キョウ:K ギョウ:G コウ:G ゴウ:K ヨウ
絧	ズ:G トウ:K
絨	ジュウ:K ニュ
絩	ジョウ:G チョウ:K トウ:K ドウ:G
絪	イン:GK
絫	ルイ
絬	セチ:G セツ:K
絭	カン:K キョク:K ケン:G コク:G
絮	ショ:K ジョ:G ダ:K チョ:GK ナ:G ニョ
絯	カイ:K ガイ:G
絰	テツ:K デチ:G
統	ツ トウ:GK
絲	シ:GK ベキ:K ミャク:G
絳	コウ:GK
絴	ショウ
絵	エ:G カイ:K
絶	セツ:K ゼチ:G ゼツ:G
絸	ケン:GK
絹	ケン:GK
絺	チ:GK
絻	バン:K ブン:K ベン:K マン:G メン:G モン:G
絼	ジン:G チン:K
絽	リョ:K ロ:G
絾	ジョウ:G セイ:K
絿	キュウ:K グ:G
綀	ショ:G ソ:K
綁	ホウ
綂	トウ:GK
綃	ショウ:GK ソウ
綄	カン:K ガン:G ワン
綅	シン:GK セン:GK
綆	キョウ:G コウ:K ハン ヒョウ:G ヘイ:K
綇	シュ:G シュウ:K
綈	ダイ:G テイ:K
綉	シュウ:K ツ:G トウ:K
綊	キョウ:K ギョウ:G
綋	コウ
綌	キャク:G ケキ:K ゲキ
綍	ヒ フツ:K ブチ
綎	ジョウ:G テイ:K
綏	キ スイ:GK ズイ タ:GK タイ:K テ:G ニ
綐	タイ デ
綑	コン:GK
綒	フ
經	キョウ:G キン:T ケイ:K
綔	コ:K ゴ:G
綕	シ
綖	エン:GK セン:GK
綗	ケイ
綘	ホウ
継	キ ケイ:K
続	ショク:K ゾク:G
綜	ス:G ソウ:K
綝	シン:GK チン:GK リン
綞	タ:GK
綟	ライ:G レイ:K レチ:G レツ:K
綠	リク:K リョク:K ロク:G
綡	リョウ
綢	ジュ ジョウ:G チュウ:K チョウ:K トウ:GK
綣	カン キン ケン:K
綤	ショウ
綥	キ:K ギ:G
綦	キ:K ギ:G
綧	シュン
綨	キ
綩	エン:K オン:G
綪	ショウ:G セイ セン:GK ソウ:K
綫	セン:GK
綬	シュウ:K ジュ:G
維	イ:K ユ:G ユイ:G ヨウ:K
綮	エイ キョウ:G ケイ:K
綯	トウ:K ドウ:G
綰	ワン:K
綱	コウ:GK
網	ボウ:K モウ:G
綳	ヒョウ:G ホウ:K
綴	スイ セチ:G セツ:K テ テイ:K テチ:G テツ:K
綵	サイ:GK
綶	カ
綷	サイ:GK シュツ スイ:GK
綸	カン:K リン:GK ロン
綹	リュウ:K ル:G
綺	キ:GK
綻	タン:K テン
綼	ヒ ヒツ:K ヒャク:G ビチ:G ヘキ:K
綽	シャク:GK
綾	リョウ:GK リン:T
綿	ベツ ベン:K メン:G
緀	サイ:G セイ:K
緁	シュウ ショウ
緂	サン:K セン:G タン:GK
緃	シュ:G ショウ:K
緄	コン:GK ゴン:G
緅	シュ:G シュウ:K ソウ
緆	イ シャク:G セキ:K
緇	シ:GK
緈	ギョウ:G ケイ:K
緉	リョウ
緊	キン:GK
緋	ヒ:GK
緌	ズイ:K ニ
緍	ビン:K
緎	イキ:G イク キョク ケキ ヨク:K
総	ス:G ソウ:K
緑	リク:K リョク:K ロク:G
緒	シャ ショ:K チョ
緖	シャ ショ:K ジョ:G チョ
緗	ショウ:K ソウ:G
緘	カン:K
緙	カク:K キャク:G
線	セン:GK
緛	ゼン:K ネン:G
緜	ベツ:K ベン:K メチ:G メン:G
緝	シュウ:GK
緞	タン:K ダン:G ドン:T
緟	ジュ チュ チョウ
締	ジ:G ダイ:G チ:K テイ:K
緡	コン ビン:K ベン:K ミン:G メン:G
緢	ビョウ:K ボウ:K ミュウ
緣	エン:GK タン
緤	セチ:G セツ:K
緥	ホウ:GK
緦	シ:GK
緧	シュ:G シュウ:K
編	ヘン:GK ベン
緩	カン:K ケン:G
緪	コウ:GK
緫	ソウ:K
緬	ベン:K メン:G
緭	イ:GK キ:K ギ:G
緯	イ:GK
緰	シュ ズ:G トウ:K ユ:G ヨウ:K
緱	ク:G コウ:K
緲	ビョウ:K ミョウ:G
緳	ケツ:K ゲチ:G
練	レン:GK
緵	ス:G ソウ:K
緶	ヘン:K ベン:G
緷	ウン カン:K ケン:G コン:K ゴン:G
緸	イン
緹	ダイ:G テイ:K
緺	カ:K カイ:K ケ:G ラ
緻	ジ:G チ:K
緼	ウン オン
緽	チョウ:G テイ:K
緿	タイ
縀	カ:K ゲ:G
縁	エン:GK タン
縂	ソウ
縃	ショ
縄	ショウ:K ジョウ:G ビン:K ミン:G ヨウ
縈	エイ:K ヨウ:G
縉	シ シン:GK
縊	イ:GK エイ:K
縋	ズイ:G ツイ:K
縌	ギャク ゲキ
縍	ホウ
縎	クチ コツ:K ゴチ:G
縏	ハン:K バン:G
縐	シュ:G シュウ:K シュク ショウ:G ス スウ:K ソウ:K
縑	ケン:GK
縒	サ:GK サク:GK シ:GK
縓	セン
縔	ショウ:G ソウ:K
縕	イン ウン:GK オン:GK
縖	カツ:K ゲチ:G
縗	サ サイ:K スイ:GK セ:G
縘	ケイ
縙	ジョウ ニュ
縚	トウ
縛	ハ ハク:K バク:G
縜	イン:GK ウン
縝	シン:GK チン
縞	コウ:GK
縟	ジョク:K ニク:G
縠	コク:K ゴク:G
縡	サイ:GK
縢	トウ:K ドウ:G
縣	ケン:K ゲン:G
縤	ソ
縥	シン
縦	シュ:G ショウ:K ジュウ ス:G ズ ソウ:K
縧	トウ:GK
縩	サイ
縪	ヒチ:G ヒツ:K ヘチ:G ヘツ:K
縫	フウ ホウ:K
縬	シュク:K
縭	チ リ:GK
縮	シュク:K
縯	イン:GK エン:GK
縰	シ
縱	シュ:G ショウ:K ジュウ ス:G ズ ソウ:K
縲	ラ ルイ:GK
縳	ケン:GK セン テン:K デン:G
縴	ケン デン:K ネン:G
縵	バン:K マン:G
縶	ショウ チュウ:GK
縷	リュウ ル:GK ロウ:K
縸	バク:K ボ:K マク:G モ:G
縹	ヒョウ:GK
縺	レン:GK
縻	ビ:K ミ:G
縼	セン:K ゼン:G
總	ス:G ソウ:K
績	シャク:G セキ:K
縿	サン:K ショウ:GK セン:G ソウ:GK
繀	サイ:K セ:G
繁	ハ:K ハン:K バ:G バン:G ボン:G
繂	シュチ:G シュツ:K リチ:G リツ:K
繃	ヒョウ:G ホウ:K
繄	イ エイ:K
繅	ソウ:GK
繆	キュウ:GK ク ビュウ:K ボウ:K ボク:K ム:G モク:G リュウ:K リョウ ル:G
繇	ジュ チュウ:K ユ:G ユウ:K ヨウ:GK
繈	キョウ:G コウ:K
繉	コン:K ゴン:G
繊	セン:GK チン
繋	ケイ:K
繍	シュ:G シュウ:K ショウ
繎	ゼン:K ネン:G
繏	シュ セン
繐	エ:G ケイ:K セ:G セイ:K
繑	カク:K キャク:G キョウ
繒	ショウ:K ソウ:GK ゾウ:G
繓	サチ:G サツ:K
織	シ:GK シキ:G ショク:K
繕	セン:K ゼン:G
繖	サン:GK
繗	リン
繘	イチ:G イツ:K キチ:G キツ:K ケツ シュツ ジュチ
繙	ハン:K バン ホン:G ボン:G
繚	ジョウ:K ニョウ:G リョウ:GK
繛	シャク
繜	ソン
繝	カン:K ケン:G ゲン:G
繞	ギョウ ジョウ:K ニョウ:G
繟	セン:GK ゼン:G タン:K ダン:G
繠	ズイ ニ
繡	シュ:G シュウ:K ショウ
繢	エ:G カイ:K キ:K ギ:G コツ:K ゴチ:G
繣	エ:G カイ:K カク ガ ギャク
繤	サン
繥	キ
繦	キョウ:K コウ:G
繧	ウン
繨	タツ
繩	ショウ:K ジョウ:G ビン:K ミン:G ヨウ
繪	エ:G カイ:K ケ:G
繫	ケイ:K
繬	シキ:G ショク:K
繭	ケン:GK
繮	キョウ:K コウ:G
繯	カン:K ケン:K ゲン:G
繰	ショウ ソウ:GK
繱	ス:G ソウ:K
繲	カイ:K ケ:G
繳	カク キョウ:GK キョク ギャク シャク:GK
繴	ハク:K ヒャク:G ビャク:G ヘキ:K
繵	タン:K ダン:G テン:K デン:G
繶	オキ オク:G ヨク:K
繷	ドウ:K ニョウ:G ヌ
繸	スイ:K ズイ:G
繹	エキ:K シャク:G セキ:K ヤク:G
繻	シュ:K ジュ:K ニュ
繼	キ ケイ:K
繽	ヒン:GK ビン
繾	キン ケン:GK
繿	ラン:GK
纀	ブク ホク
纁	クン:GK
纂	サン:GK
纅	シャク ヤク リャク:G レキ:K
纆	ボク:K モク:G
纇	ライ:GK レ
纈	ケチ:G ケツ:K ゲチ:G
纉	サン:GK
纊	コウ:GK
纋	ウ:G オウ ユウ:K
續	ショク:K ゾク:G
纍	ライ:GK ルイ:GK レ
纎	セン:GK
纏	テン:K デン:G
纐	コウ
纑	ロ:K
纒	テン:K
纓	エイ:K ヨウ:G
纔	サイ:K サン:K
纕	ショウ:K ジョウ:K ソウ:G ニョウ:G
纖	セン:GK チン
纗	イ エ:G カイ:K ケイ スイ チ
纘	サン:GK
纙	ラ
纚	サイ:K シ:GK セ:G リ
纛	トウ:K トク:K ドウ:G ドク:G
纜	ラン:GK
纝	ルイ:GK
纞	レン
缘	エン:GK タン
缶	カン:GK フ:G フウ:K
缷	シャ
缸	コウ:K ゴウ:G
缹	フ:G フウ ホウ:K
缺	キ ケチ:G ケツ:K ケン:K
缻	フ:G
缼	ケツ:K
缽	ハチ:G ハツ:K
缾	ビン ヘイ:K
缿	コウ:K ゴ ゴウ:G ズ:G トウ:K
罀	チョウ
罁	コウ
罃	オウ:K ヨウ:G
罄	キョウ:G ケイ:K
罅	カ:K ケ:G
罆	カン
罇	ソン:GK
罈	タン
罊	カク:K キ キャク:G ケイ
罋	オ オウ:K ユ ヨウ:G
罌	エイ:K オウ:K ヨウ:G
罍	ライ:GK ルイ レ
罎	タン:K ドン:G
罏	ロ:K
罐	カン:GK フ:G フウ:K
网	ボウ:K モウ:G
罒	モウ
罓	モウ
罔	ボウ:K ム モウ:G
罕	カン:GK
罗	ラ
罘	ヒ:K ビ:G フ:K フウ:K ブ:G
罙	ビ:K ベイ ミ:G メイ
罛	ク:G コ:K
罜	シュ:K トク:K ドク:G
罝	シャ:K ショ
罞	ボウ:K ミョウ モ:G
罟	ク:G コ:K
罠	ビン:K ミン:G
罡	コウ
罢	ハイ ヒ
罣	カイ:K ケ:G ケイ:K
罤	コン ダイ:G テイ:K
罥	ケン:GK
罦	フ:GK フウ:K ブ:G
罧	シン:GK リン
罨	アン エン:GK オウ:K ヨウ:G
罩	タク チョウ:G チョク トウ:K
罪	サイ:K ザイ:G セ:G
罫	エ:G カイ:K ケ:G ケイ:K
罬	ケチ:G ケツ:K セチ:G セツ:K チチ:G チツ:K テチ:G テツ:K
罭	イキ:G キョク ヨク:K
置	チ:GK
罯	アン:K オウ オン:G
罰	ハツ:K バチ:G バツ ボチ:G
罱	ダン:K ナン:G ラン:GK
署	ショ:K ジョ:G
罳	サイ シ
罵	バ:K メ:G
罶	リュウ:K ル:G
罷	ハ ハイ:K ヒ:GK ヒキ:G ヒョク:K ビ:G ベ:G
罸	バツ
罹	リ:GK
罺	ショウ:G ソウ:K
罻	イ ウチ:G ウツ:K
罼	ヒチ:G ヒツ:K
罽	ケイ:K
罾	ソウ:GK
罿	シュ:G ショウ:K ズ:G トウ:K
羀	リュウ:K
羂	ケン:GK
羃	ベキ:K ミャク:G
羄	チョウ:G トウ:K
羅	ラ:GK リ
羆	ヒ:GK
羇	キ:GK
羈	キ:GK
羉	バン:K マン:G ラン
羊	ヨウ:GK
羋	ビ:K ミ:G
羌	キョウ:K コウ:G
羍	タチ:G タツ:K
美	ビ:K ミ:G
羏	ヨウ:GK
羐	ユ:G ユウ:K
羑	ユウ:K
羒	フン:K ブン:G
羓	ハ:K ヘ:G
羔	コウ:GK
羕	ヨウ
羖	ク:G コ:K
羗	キョウ:K
羘	ソウ
羙	コウ ビ
羚	リョウ:G レイ:K
羛	キ:K ギ:G
羜	ショ:K ジョ:G チョ:K
羝	タイ:G テイ:K
羞	シュ:G シュウ:K
羠	イ シ:K ジ:G
羡	イ:GK
羢	ジョウ ニュ
羣	クン:K グン:G
群	クン:K グン:G
羥	カン:K キョウ:G ケン:G コウ:K
羦	カン:K ガン:G
羧	サイ:K セ:G
羨	イ エン:GK セン:K ゼン:G
義	キ ギ:GK
羪	ヨウ
羫	コウ
羬	カン:K ガン:G ケン:K ゲン:G
羭	ユ:GK
羮	コウ:K ロウ
羯	カツ ケチ:G ケツ:K
羱	ガン:K ゲン:G
羲	キ:GK ギ
羳	ハン:K ボン:G
羴	カン:K ガン:G ケン:K ゲン:G セン:GK
羵	フン:K ブン:G
羶	キョウ:G ケイ:K セン:GK
羷	ケン レン
羸	ルイ:GK レン
羹	カン:T キョウ:G コウ:K ロウ
羺	ドウ:K ヌ:G
羻	ギョウ:G ゴウ:K
羼	サン:K セン:G
羽	ウ:GK グ コ
羾	ク:G コウ:K
羿	ゲイ:K
翀	ジュ チュウ:K
翁	オウ:K
翂	フン
翃	コウ:K
翄	シ
翅	キ:K ギ:G シ:GK
翆	スイ:GK
翇	ハイ:K バイ:G フツ ブチ
翈	コウ:K ゴウ:G
翉	ホン
翊	ユウ ヨク:K
翋	ロウ
翌	イク ヨク:K
翍	ハ ヒ:K ビ:G
翎	リョウ:G レイ:K
翏	リク:K リュウ:K リョウ:GK ル:G ロク:G
翐	ジチ:G チツ:K
翑	ウ:G オ:K ク:K グ:G シュ:K ス:G
習	シュウ:K ジュウ:G
翓	ケツ:K ゲチ:G
翔	ショウ:K
翕	キュウ:K コウ:G
翖	キュウ
翗	カ ガ
翛	イク シュク:GK ショウ:GK ユ:G ユウ:K
翜	シュウ ソウ
翝	ギョウ:G コウ:K
翞	キョウ:G コウ:K
翟	ジャク:G ジョク タク:K ダク:G テキ:K
翠	スイ:GK
翡	ヒ:K
翢	トウ:K ドウ:G
翣	ショウ:G ソウ:K
翤	シ
翥	ショ:GK
翦	セン:GK
翧	カン:K ケン:G セン
翨	キ シ:GK
翩	ヘン:GK ベン
翪	ス:G ソウ:K
翫	ガン:GK
翬	キ:K
翭	コウ
翮	カク:K ギャク リャク:G レキ:K
翯	カク:K ガク:G コウ:K コク:K ゴウ:G ゴク:G
翰	カン:K ガン:G
翱	コウ
翲	ヒョウ:GK ビョウ
翳	エイ:K エチ:G エツ:K
翴	レン
翵	ク:G グ コウ:K ゴ ゴウ
翷	リン
翸	ホン
翹	キョウ:K ギョウ:G
翺	コウ ゴウ:GK
翻	ハン:K ヘン ホン:G
翼	ヨク:K
翽	カイ:K ケ:G
翾	ケン:GK
翿	トウ:K ドウ:G
耀	ヨウ:GK
老	ロウ:GK
考	コウ:GK
耄	ボウ:K モウ:G
者	シャ:GK
耆	キ:K ギ:G シ:GK ジ:G
耇	ク:G コウ:K
耈	コウ:K
耉	ク:G コウ:K
耊	テツ:K
耋	テツ:K デチ:G
而	ジ:K ドウ:K ニ:G ノウ:G
耍	サ:K シャ:G
耎	ゼン:K ネン:G
耏	ジ:K ダイ:K ナイ:G ニ:G
耐	ジ:K タイ ダイ:K ドウ:K ナイ:G ニ:G ノウ:G
耑	セン タン:GK
耒	ライ:GK ルイ:GK レ
耓	チョウ:G テイ:K
耔	シ:GK
耕	コウ:K
耖	ショウ:G ソウ:K
耗	コウ:GK ボウ:K モウ:G
耘	ウン:GK
耙	ハ:K ヘ:G
耚	ヒ
耛	イ ジ:G チ:K
耜	シ:K ジ:G
耝	ショ:K ゾ
耞	カ:K ケ:G
耟	キョ:K ゴ:G
耠	コウ:K
耡	ショ:K ジョ:G ソ:K ゾ:G
耣	リン
耤	シャ:K ジャ:G ジャク:G セキ:K
耦	グウ ゴウ:K
耨	ジョク ドウ:K ドク ヌ:G ノク
耩	ク:G コウ:K
耪	ホウ
耫	サク サツ:K ジャク セチ:G
耬	ル:G ロウ:K
耭	キ:K ケ:G
耮	ロウ:GK
耯	カク:K ワク:G
耰	ユ:G ユウ:K
耱	バ:K マ:G
耳	ジ:K ジョウ:K ニ:G ニョウ:G
耴	ジョウ:G チョウ:K ニョウ
耵	チョウ:G テイ:K
耶	シャ:K ジャ:G ヤ:GK
耷	チョウ トウ:GK
耸	ショウ
耹	キン:K ケン:K ゲン:G ゴン:G
耺	ウン:GK ヨウ:GK
耻	チ:GK
耼	タン:GK ダン:K ナン:G バン:K マン:G
耽	タン:K トン:G
耾	オウ:G コウ:K
耿	キョウ:G ケイ コウ:K
聀	ショク:K
聃	タン:GK
聄	シン:GK
聅	エチ:G エツ:K タン:K ダン:G テチ:G テツ:K
聆	リョウ:G レイ:K
聇	ショウ:G セイ:K
聈	ユ:G ユウ:K
聉	ガチ ガツ ギツ ゴチ タイ:K タチ:G タツ:K テ:G
聊	リュウ:K リョウ:GK ル:G
聎	チョウ トウ:K ドウ:G
聏	ジ:K ジク:K ニ:G ニク:G
聐	ガチ ガツ ゲチ
聑	タク:K チャク:G チョウ
聒	カチ:G カツ:K
联	レン
聕	コウ:K ゴウ:G
聖	ショウ:G セイ:K
聗	リョウ
聘	ヒョウ:G ヘイ:K
聙	ショウ:G セイ:K
聚	シュ:K シュウ:K ジュ:G
聛	ヒ
聜	タイ:G テイ:K
聝	カク
聞	ブン:K モン:G
聟	セイ:K
聠	ヘイ:K
聡	ソウ:K
聢	テイ
聤	チョウ:G テイ:K
聥	ウ ク
聦	ソウ:K
聧	ケ:G ケイ:K
聨	レン:GK
聬	オ オウ
聭	キ:GK
聮	レン
聯	レン:GK
聰	ス:G ソウ:K
聱	ギュウ:GK ギョウ グ ゴウ:GK
聲	ケイ ショウ:G セイ:K
聳	シュ:G ショウ:K ソウ
聴	チョウ:G テイ:K
聵	カイ ガイ:K ゲ:G
聶	ショウ ジョウ:K チョウ ニョウ:G ヨウ
職	シ シキ:G ショク:K トク:K ドク:G ヨキ ヨク
聸	タン
聹	デイ ニョウ:G ネイ:K
聺	セチ:G セツ:K
聻	シャク:G ジ:K セキ:K ニ:G
聼	チョウ
聽	チョウ:G テイ:K
聾	ル:G ロウ:K
聿	イチ:G イツ:K
肁	ジョウ:G チョウ:K トウ:K ドウ:G
肂	イ シ
肄	イ:GK エイ シ
肅	シュク:K ショウ
肆	イ カイ シ:GK シチ:G シツ:K チャク:G テキ:K
肇	チョウ:K トウ
肈	ジョウ:G チョウ:K トウ:K ドウ:G
肉	ジク:K ジュ ジュウ ニク:G ニュ
肊	オキ オク:G ヨク:K
肋	キン:K コン:G ロク:GK
肌	キ:GK ケ
肍	キュウ:K グ:G
肎	コウ:GK
肏	ソウ
肐	オキ キツ:K コチ:G ヨク
肑	チャク:G テキ:K ハク:K ヒャク:G ヘキ
肒	カン:K ガン:G
肓	コウ:GK
肔	イ シ チ
肕	ジン:K ニン:G
肖	ショウ:GK
肗	ジョ:K ニョ:G
肘	チュ チュウ:GK
肙	エン:GK
肚	ズ:G ト:K
肛	グ コウ:GK
肜	チン ユ:G ユウ:K
肝	カン:GK
肞	サ
股	ク:G コ:K
肢	シ:GK
肣	カン キン:K ゴン:G
肤	フ:GK
肥	ヒ:K ビ:G
肦	ハン:K フン:K ブン:G
肧	ハイ:K フ:G フウ:K
肨	フ:G ホウ:K
肩	カン:K ケン:GK コン:G
肪	ホウ:K ボウ:G
肫	サイ:K シュン:GK ジュン:G セ:G セチ:G セツ:K トン:K ドン:G
肬	ウ:G ユウ:K
肭	ジク ダツ ドツ:K ナチ
肮	コウ:K ゴウ:G
肯	カイ コウ:GK
肰	ゼン:K ネン:G
肱	コウ:GK
育	イク:GK ジュ チュウ
肳	バイ:K ブン:K メ:G モン:G
肴	ギョウ:G コウ:K
肵	キ:K キン:K ゲ:G コン:G
肶	ヒ:K ビ:G ヘイ ベイ
肷	キチ:G キツ:K
肸	キツ:K ケチ:G ケツ:K コチ:G ヒ
肹	キツ:K ヒ
肺	ハイ:GK
肻	コウ
胂	イ シン チン
胃	イ:GK
胄	ジュ チュウ:K
胅	テツ:K デチ:G
胆	タチ:G タツ:K タン:GK ダン トウ
胇	ハイ:K ヒ:K ヒツ:K ビ:G ビチ:G ヘ:G
胈	ハイ:K ハツ:K バイ:G バチ:G フツ ブチ
胉	ハク:K ヒャク:G
胊	キョク:K ク:K グ:G コ コク:G シュン ハク
胋	テン:K デン:G
背	ダイ ネ ハイ:GK バイ:G ヘ:G
胍	カ ク:G コ:K
胎	タイ:GK
胏	シ:GK
胐	クチ コツ タチ:G タツ:K トチ トツ
胑	シ
胒	デイ:K ナイ:G
胓	ヒョウ:G ビョウ:G ヘイ:K ホウ:K
胔	サイ:K シ:K ジ:G ジャク:G セキ:K ゼ:G
胕	フ:GK ブ:G
胖	ハン:GK バン:G
胗	キン シン:GK
胘	ケン:K ゲン:G
胙	サク:K ザク:G ソ:K ゾ:G
胚	ハイ:K フ ヘ:G
胛	コウ:K
胜	ショウ:G セイ ソウ:K
胝	シ タイ:G チ:GK テイ:K
胞	フウ ホウ:K
胟	ボ ボウ
胠	キョ:K キョウ:K コ:G コウ:G
胡	ウ:T コ:K ゴ:G
胢	カ
胣	イ シ チ
胤	イン:GK シン
胥	ショ:K ソ:G
胦	オウ:G ヨウ:K
胭	エン:GK
胮	ホウ:GK ボウ
胯	カ:K カイ:K ケ:G コ:K
胰	イ:GK
胱	コウ:GK
胲	カイ:GK
胳	カク:GK ギャク
胴	ズ トウ:K ドウ:G
胵	シ:GK チ チチ:G チツ:K
胶	ギョウ:G コウ:K
胷	キョウ
胸	キョウ:K ク:G
胹	ジ:K ニ:G
胺	アチ:G アツ:K
胻	ギョウ:G コウ:K ゴウ:G
胼	ヘン:K
能	キュウ:K グ:G タイ:GK ダイ:K ドウ:K ナイ:G ノウ:G
胾	シ:GK
胿	ケ:G ケイ:K ゲイ
脀	ショウ:K ジョウ:G
脂	シ:GK
脃	セイ:K セツ ゼイ ソツ
脄	バイ:K メ:G
脅	キュウ キョウ:K ケン コウ:G
脆	セ:G セイ:K セチ:G セツ:K ゼイ ソチ:G ソツ:K
脇	キョウ:K
脈	バク:K ミャク:G
脉	ミャク:G
脊	シャク:G セキ:K
脋	キョウ:K
脔	レン
脕	バン:K ブン:K マン:G モン:G
脖	ホツ:K ボチ:G ボツ
脗	ビン フン ブン:K モン:G
脘	カン:GK ガン:K ゲン:G
脙	キュウ:K ク:G グ
脚	カク:G キャ:T キャク:K
脛	キョウ:G ギョウ:G ケイ:K コウ:K
脜	ジュウ ニュ
脝	キョウ:G コウ:K
脞	サ:GK ザ
脟	ヒョウ:G ホウ:K ラチ:G ラツ:K レチ:G レツ:K レン
脠	セン:GK テン:GK
脡	チョウ:G テイ:K
脢	カイ:K ケ:G バイ:K ビ:K ミ:G メ:G
脣	シュン:K シン ジュン:G ビン:K ミン:G
脤	シン:K
脥	キョウ:G ケン コウ:K
脦	トク
脧	サ サイ:K スイ セ:G セン:GK
脨	ショク:K ジャク:G セキ:K ソク:G
脩	ウ:G シュ:G シュウ:K ショウ チョウ ユウ:K
脪	キン:K コン:G チ
脫	エチ:G エツ:K タイ:GK タチ:G タツ:K ダツ:G テ
脬	ヒョウ:G ホウ:K
脭	ジョウ:G テイ:K
脮	タイ:K ダイ:G テ ネ
脯	フ:GK ブ:G ホ:K
脰	ズ:G トウ:K
脱	エチ:G エツ:K タイ:GK タチ:G タツ:K ダツ:G テ
脲	ニョウ
脳	ドウ:K ノウ:G
脴	ヒ
脹	チョウ:GK
脺	スイ:GK セ:G セイ:K セチ:G セツ:K ゼイ ソチ:G ソツ:K
脻	ショウ
脼	リョウ:GK
脽	シュ:G シュウ:K スイ:K
脾	ハイ:K バイ:G ヒ:K ビ:G ヘイ
脿	ヒョウ
腀	リン
腁	ヘン:K ベン:G
腂	カ:K ゲ:G ルイ
腃	キ ケン
腄	ウ:G サイ:K スイ:K ズイ:G セ:G ツイ ユウ:K
腅	タン:K ダン:G
腆	テン:GK
腇	ダイ:K ネ ワ
腈	ショウ:G セイ:K
腉	カイ:K ケ:G
腊	シャク:G セキ:K ラク ロウ
腋	エキ:K シャク:G セキ:K ヤク:G
腌	エン:K ヨウ:GK
腍	シン:K ジン:G テン:K デン:G ニン
腎	シン:K ジン:G
腏	セイ ゼ タチ:G タツ:K テ テイ テチ:G テツ:K
腐	フ:K
腑	フ:GK ブ
腒	キョ:K コ:G
腓	ヒ:K ビ:G
腔	ク クウ コウ:GK
腕	ワン:GK
腖	ツ:G トウ:K
腗	ヒ:K
腘	カク:K キャク:G
腛	アク オク
腜	バイ:K メ:G
腝	ザイ ゼイ ゼン:K デイ:K ドウ:K ナイ:G ネン:G ノウ:G
腞	テン:K デン:G トツ:K トン:K ドチ:G ドン:G
腟	チチ:G チツ:K
腠	シュ:G ソウ:K
腡	カ カイ:K ケ:G ラ:GK
腢	ガイ:K グ ゲ:G ゴウ
腣	タイ:G テイ:K
腤	アン:K オン:G
腥	ショウ:G セイ:K
腦	ドウ:K ノウ:G
腧	シュ:GK ユ
腨	セン:K ゼン:G
腩	タン:K ダン:K ドン:G ナン:G
腪	イン ウン
腫	シュ:G シュウ:K ショウ:K
腬	ジュウ ニュ
腭	ガク
腮	サイ:GK
腯	トチ トツ:K トン:K ドチ:G ドン:G
腰	ヨウ:GK
腱	キン:K ケン:K ゲン:G コン:G ゴン:G
腲	エ:G ワイ:K
腳	カク:K キャク:G
腴	ユ:GK
腵	カ:K ケ:G
腶	タン
腷	ヒョク:K ビキ:G
腸	チョウ:K
腹	フク:GK
腺	セン
腽	オチ:G オツ:K
腿	タイ:GK テ
膀	ホウ:K ボウ:G
膁	カン:K ケン:GK ゲン:G
膂	リョ:K ロ:G
膃	アチ:G アツ:K オチ:G オツ:K ワツ
膄	シュ:G シュウ:K ソウ:K
膅	トウ:K ドウ:G
膆	ソ:K
膇	ズイ:G ツイ:K
膈	カク:K キャク:G
膉	エキ:K ヤク:G
膊	ハイ:K ハク:GK フ ヘ:G レチ:G レツ:K
膋	リョウ:GK
膌	シャク:G ジャク セキ:K
膍	ヒ:K ビ:G ヘイ ベイ
膎	カイ:K ゲ:G
膏	コウ:GK
膐	リョ:K
膒	オ オウ
膓	チョウ:K
膔	ロク
膕	カク:K キャク:G コク
膖	チュ チョウ ホウ:GK
膗	サイ:K セ:G
膘	ショウ ヒョウ:GK
膙	キョウ:G コウ:K
膚	フ:GK リョ:K ロ:G
膛	トウ
膜	バク:K ボ:K マク:G モ:G
膝	シチ:G シツ:K
膞	シュン:K ジュン:G セン:GK ゼン:G
膟	シュチ:G シュツ:K リチ:G リツ:K
膠	キョウ:G コウ:K ゴウ ドウ:K ニョウ:G
膡	ショウ ジョウ:G チョウ:K トウ:K ドウ:G ヨウ
膢	リュウ リョ:K ル:GK ロ:G ロウ:K
膣	チチ:G チツ:K
膦	リ
膧	ジョウ ズ:G トウ:K
膨	ビョウ:G ホウ:K ボウ
膩	ジ:K ニ:G
膪	タ タイ:K テ:G
膫	リョウ:K ロウ:G
膬	セイ ゼイ
膭	エ カイ:K ケ:G タイ デ
膮	キュウ:K キョウ:GK ク:G
膯	トウ
膰	ハ:K ハン:K バ:G バン ボン:G
膱	シキ:G ショク:K
膲	ショウ:GK
膳	セン:K ゼン:G
膴	ク:G コ:K バイ:K ブ:K ボ:K ム:G メ:G モ:G
膵	スイ
膷	キョウ:G コウ:K
膸	イ スイ:GK
膹	ヒ:K ビ:G フン ボン
膺	オウ:G ヨウ:K
膻	セン:GK タン:K ダン:G
膼	タ
膽	タチ:G タツ:K タン:GK ダン トウ
膾	カイ:K ケ:G
膿	ドウ:K ヌ ノウ:G
臀	デン トン:K ドン:G
臁	レン:GK
臂	ヒ:GK
臃	ユ:G ヨウ:K
臄	ガク キャク キョ:K ゴ:G
臅	ショク:K ソク:G
臆	イ オキ オク:G ヨク:K
臇	スイ セン
臈	カチ:G カツ:K ロウ:GK
臉	ケン:GK セン:GK ラン:K レン:G
臊	ソウ:GK
臋	デン
臌	コ
臍	サイ:G ザイ:G セイ:K ヘイ
臎	スイ:GK
臏	ヒン:K ビン:G
臐	クン
臑	ジ:K ジュ:K ドウ:K ニ:G ニュ ノウ:G
臒	ワク
臓	ソウ:K ゾウ:G
臔	ケン:K ゲン:G
臕	ヒョウ:GK
臖	キョウ:K コウ:G
臗	カン:GK コン:GK
臘	リョウ ロウ:GK
臙	エン:GK
臚	フ リョ:K ロ:G
臛	カク:GK コク:GK
臝	ラ:GK
臞	ク:K グ:G
臟	ソウ:K ゾウ:G
臠	ラン レン:GK
臡	ザイ ゼイ ダ:K デイ:K ナ:G ナイ:G
臢	サン
臣	シン:K ジン:G
臤	カン:K キョウ:G ケン:GK ゲン:G コウ:K
臥	ガ:GK
臦	オウ キョウ:G ケイ コウ:K ゴウ
臧	ソウ:GK ゾウ
臨	リン:GK
臩	キョウ:G ケイ コウ:K
自	シ:K ジ:G
臫	キョウ
臬	ケ:G ケイ:K ゲチ:G ゲツ:K
臭	キュウ:K ク:G シュ:G シュウ:K
臮	キ
臯	コウ
臰	シュウ
臱	ベン:K メン:G
臲	ゲチ:G ゲツ:K
至	シ:GK テツ:K デチ:G
致	チ:GK
臵	カク:K
臶	セン:K ゼン:G ソン:K
臷	ジチ:G タイ:G チツ:K テイ:K テツ:K デチ:G
臸	シ:GK シン ジツ:K チキ:G チョク:K ニチ:G
臹	シュ:G シュウ:K
臺	イ:GK グ コ シ:K ジ:G タイ:K ダイ:G
臻	シン:GK セン
臼	キュウ:K グ:G ブ:G ホウ:K
臽	カン:K ゲン:G コン:G
臾	キ:K ギ:G ユ:GK ヨ ヨウ
臿	ショウ:G ソウ:K
舀	ユ:GK ユウ:K ヨウ:GK
舁	キョ:K コ:G ヨ:GK
舂	シュ:G ショウ:K ソウ
舃	サク シャク:G セキ:K タク
舄	セキ:K
舅	キュウ:K グ:G
與	アイ ヨ:GK
興	キョウ:K キン コウ:G
舉	キョ:K
舊	キュウ:K ク:G グ:G
舋	キン ブン:K モン:G
舌	カツ:K ゲチ:G セツ:K ゼチ:G ゼツ:G
舍	シャ:GK シャク:G セキ:K
舎	シャ:GK シャク:G セキ:K
舏	キュウ:K ク:G
舐	シ:K ジ:G
舑	ゼン:K タン テン ネン:G
舒	ショ:GK ジョ
舓	シ:K ジ:G
舔	テン
舕	タン
舖	フ:G ホ:K
舗	フ:G ホ:K
舘	カン:GK
舙	カ:K ゲ:G
舚	テン:GK
舛	シュン セン:GK
舜	シュン:GK
舝	カツ:K ゲチ:G
舞	ブ:K ム:G
舟	シュ:G シュウ:K
舠	トウ
舡	コウ:GK セン:K ゼン:G
舢	サン
舥	ハ:K ヘ:G
舦	タイ
舧	ハン:K バン:G
舨	ハン:K
舩	セン:K
航	コウ:K ゴウ:G
舫	ホウ:GK ボウ
般	ハツ ハン:K バン:G
舭	ケツ
舮	リョ ル:G ロ:K
舲	リョウ:G レイ:K
舳	ジク:G ジュ チク:K チュウ ユ:G ユウ:K
舴	サク:K シャク:G タク:K チャク:G
舵	タ:K ダ:G
舶	ハク:K ビャク:G
舷	ケン:K ゲン:G
舸	カ:GK
船	エン セン:K ゼン:G
舺	コウ:K ゴウ:G
舼	キョウ:K グ:G コウ:G
舽	ホウ:K ボウ:G
艀	フ:K フウ:K ブ:G
艁	ゾウ
艂	フウ:K ブ:G
艃	リ:GK
艄	ショウ:G ソウ:K
艅	ヨ:GK
艆	ロウ:GK
艇	ジョウ:G テイ:K
艉	ビ
艊	ハク
艋	ボウ:K ミョウ:G モウ:K
艌	デン:K ネン:G
艎	オウ:G コウ:K
艏	シュ:G シュウ:K
艐	カイ ソウ
艑	ヘン:K ベン:G
艒	ボウ:K ボク:K モウ:G モク:G
艓	ジョウ:G チョウ:K
艕	ヒョウ:G ホウ:K
艖	サ:K サイ:K シャ:G セ:G
艗	ギャク ゲキ:K
艘	シュ:G シュウ:K ショウ ソウ:GK
艙	ソウ:GK
艚	ソウ:K ゾウ:G
艛	ル:G ロウ:K
艜	タイ:GK
艞	チョウ ヨウ
艟	シュ:G ショウ:K ジュ ジョ ズ トウ:K ドウ:G
艡	トウ
艢	ショウ:K
艣	ロ:K
艤	ギ:GK
艥	シュウ
艦	カン:K ガン:G
艧	ワク
艨	ボウ:K モ モウ:G
艩	ザイ:G セイ:K
艪	ロ:K
艫	リョ ロ:K
艬	サン:K ザン:G
艭	ソウ:GK
艮	コン:GK ゴン
良	リョウ:K ロウ:G
艱	カン:K ケン:G
色	シキ:G ショク:K
艴	フチ フツ:K ボチ:G ボツ
艵	ヒョウ:G ヘイ:K
艶	エン:GK
艷	エン:GK
艸	ソウ:GK
艹	ソウ
艻	キョク ロク:GK
艼	チョウ:G テイ:K
艽	キ:K キュウ:K キョウ:G ギ:G グ:G コウ:K
艾	ガイ:GK ゲ:G
艿	ジ:K ジョウ:K デイ ニ:G ニョウ:G
芀	ショウ ジョウ:G チョウ:K
芁	コウ
芃	フウ ブ:G ホウ:K
芄	カン:K ガン:G
芅	ヨキ ヨク
芆	サ:K サイ:K シャ:G セ:G
芇	バン:K ベン:K マン:G メン:G
芉	カン:GK
芊	セン:GK
芋	ウ:GK ク:G コ:K
芌	ウ
芍	キャク:G キョウ:K ギョウ:G ケキ:K シャク:K ジャク:G チャク:G テキ:K
芎	キュウ:K ク:G
芏	ズ:G ツ ト:K
芐	カ:K ゲ:G コ:K ゴ:G
芑	キ:K ギ:G
芒	コウ ボウ:K モウ:G
芓	シ:GK ジ:G
芔	キ:K
芕	スイ
芖	ジ:G チ:K
芘	ヒ:K ビ:G
芙	フ:K
芚	チュン:GK トン:K ドン:G
芛	イチ:G イツ:K エ シュツ シュン ジュチ
芜	ブ:K ム:G
芝	シ:GK
芞	キツ:K コチ:G
芟	イ サン:K セン:G
芠	ブン:K モン:G
芡	ケン:K ゲン:G
芢	ジン:K ニン:G
芣	フ:G フウ:K ブ:G
芤	ク:G コウ:K
芥	カイ:K カツ:K ケ:G ケチ:G
芦	ロ:K
芧	ショ:K ジョ:G チョ:K ヨ
芨	キュウ:K コウ:G
芩	キン:K ギン ケン:K ゲン:G ゴン:G
芪	キ:K ギ:G シ:K ジ:G チ
芫	ガン ゲン:K
芬	フン:GK ボン
芭	ハ:K バ ヘ:G
芮	ゼイ:K ゼツ ダイ ネ:G ネチ
芯	シン:GK
芰	キ:K ギ:G
花	カ:K ケ:G
芲	カ:K
芳	ホウ:GK
芴	コチ:G コツ:K ブツ:K モチ:G
芵	ケチ:G ケツ:K
芶	ク:G コウ:K
芷	シ:GK
芸	ゲイ:K
芹	キ キン:K
芺	オウ:GK フ ヨウ:GK
芻	シュ:G シュウ:K ス:K スウ
芼	ボウ:K モウ:G
芽	ガ:K ゲ:G
芾	ハイ:GK ハツ:K バチ:G ヒ:GK フツ:K ブチ
芿	ジョウ:K ニョウ:G
苀	コウ:K ゴウ:G
苁	ジュウ
苃	ユ:G ユウ:K
苄	ベン
苅	カイ ガイ:K
苐	テイ:K
苑	ウツ ウン エン:K オン:G
苒	ゼン:K ネン:G
苓	リョウ:G リン レイ:K レン
苔	タイ:K ダイ:G
苕	ショウ ジョウ:G チョウ:K
苖	ジャク:G チク テキ:K トク:K ドク:G ビョウ
苗	ビョウ:K ミョウ:G
苘	キョウ:G ケイ:K
苙	キュウ:K ギュウ リュウ:GK
苚	ユ:G ヨウ:K
苛	カ:GK ガ:G ケ
苜	ボク:K モク:G
苝	ハイ:K ベ:G
苞	ヒョウ:G ホウ:K
苟	ク:G コウ:K
苠	ビン:K ミン:G
苡	イ:GK シ:K ジ:G ワ
苢	イ:GK
苣	キョ:K ゴ:G
苤	ヒ:GK
若	ジャ:K ジャク:K ニャ:G ニャク:G
苦	ク:G
苧	ジョ:G チョ:K
苨	デイ:K ナイ:G
苩	ハ:K ハク:K ビャク:G ヘ:G
苪	ヒョウ:G ヘイ:K
苫	セン:GK テン
苬	シュウ:K ジュ:G ユ:G ユウ:K
苭	ヨウ:GK
苮	セン
苯	ホン:GK
苰	オウ:G コウ:K
英	エイ:K オウ ヨウ:G
苲	サ:K サク:K ザク シャ:G シャク:G
苳	ツ トウ:GK
苴	サ:K シュ:K ショ:K ジャ:G ス:G ソ:G タイ ホウ
苵	テツ:K デチ:G
苶	ジョウ:K ゼツ デツ:K ニョウ:G ネチ:G
苷	カン:GK
苸	ク:G コ:K
苹	ヒョウ:G ビョウ:G ヘイ:K ヘン:K ベン:G ホウ:K
苺	バイ:K ボウ:K マイ:G メ:G モ モウ:G
苻	フ:K ブ:G ホ
苼	ショウ:G ズイ ソウ:K
苽	ク:G コ:K
苾	ヒツ:K ビチ:G ヘツ:K ベチ:G ミツ
苿	ミ
茀	ハイ:K ヒ:GK ヒツ フツ:K ブチ ベ:G ホツ:K ボチ:G
茁	キチ:G キツ:K サチ:G サツ:K セチ:G セツ:K チュチ:G チュツ:K
茂	ボウ:K モ:G
范	ハン:K ホン:G
茄	カ:K
茅	バイ ビョウ ボウ:K
茆	ボウ:K ミョウ:G モウ:G リュウ:K ル:G
茇	ハイ ハツ:K バチ:G バツ フ フツ ブチ
茈	サイ:K シ:GK ジ ジャ ゼ:G
茉	バツ:K マ マツ:G
茊	シ:GK ジ:G
茋	シ:GK
茌	シ:K ジ:G
茍	キョク
茎	オウ:G ギョウ:G ケイ:K コウ:K ヨウ
茖	カク:K
茗	ベイ ミョウ:G メイ:K
茘	リ:GK レイ:K
茙	ジュウ ニュ
茚	イン
茛	カン:K ケン:G コン:GK
茜	セン:GK
茝	サイ:GK シ:GK セイ
茞	シン:K
茟	イチ:G イツ:K エ:G ヒツ ワイ:K
茠	キュウ ク:G コウ:K
茡	シ:K
茢	セイ レイ レチ:G レツ:K
茣	ゴ:K
茤	キ:K ギ:G タ
茥	ケ:G ケイ:K
茦	サク シ
茧	ジュ チュウ
茨	シ:K ジ:G
茩	ク:G コウ:K
茪	コウ
茫	ボウ:K モウ:G
茬	シ:K ジ:G
茭	キャク:G キョウ:G ギョウ ケキ:K コウ:K
茮	ショウ:GK ジョウ:K ニョウ:G
茯	ヒ フク:K ブク:G ホク:K ボク:G
茰	ユ:GK
茱	シュ:K
茲	シ:GK ジ:G
茳	コウ:GK
茴	ウイ:T エ:G カイ:K
茵	イン:GK
茶	サ:T タ:K チャ
茷	ハイ:GK ハツ:K バイ:G バチ:G ベ ボチ:G
茸	ジュウ ジョウ:K ニュ
茹	ジュ ジョ:K ダ:K ナ:G ニュ ニョ:G
茺	シュ:G シュウ:K ジュウ
茻	ボ:K ボウ:K モ:G モウ:G
茼	ズ:G トウ:K
茽	ジュ チュウ:K
茾	ケン
茿	チク
荀	シュン:GK ジュン
荁	カン:K ガン:G
荂	カ:K ク:GK ケ:G フ:GK
荃	サツ セチ:G セツ:K セン:GK ソン
荄	カイ:GK
荅	トウ:GK
荆	ケイ
荇	カン ギョウ:G コウ:K
荈	セン
草	ソウ:GK
荊	キョウ:G ケイ:K
荋	ザイ ジ:K ナイ ニ:G
荌	アン
荍	キョウ:K ギョウ:G シュ:G シュウ:K
荎	ジ:G ジチ:G チ:K チツ:K テツ:K デチ:G
荏	ジン:K ニン:G
荐	セン:K ゼン:G ソン:K ゾン:G
荑	イ:GK ダイ:G テイ:K
荒	コウ:GK
荓	ビョウ:G ヘイ:K
荔	ライ:G リ:GK レイ:K レン
荕	キン:K
荖	ハイ ロウ
荗	ショク:K ジキ:G モ
荘	ショウ:G ソウ:K
荢	ウ
荣	エイ:K
荰	ズ:G ト:K
荱	ビ:K ミ:G
荲	キク コク チク チョク トク リ
荳	ズ:G トウ:K
荴	フ
荵	ジン:K ニン:G
荶	ギン:K ゴン:G
荷	カ:K
荸	ホツ:K ボチ:G
荹	ブ:G ホ:K
荺	イン キン
荻	ジャク:G テキ:K
荼	シャ ショ ズ:G タ:K ダ:G ト:K ヤ ヨ
荽	イ スイ:GK ズイ ニ
荾	スイ
荿	ジョウ:G
莀	シン:K ドウ:K ノウ:G
莁	ブ:K ム:G
莂	ヘチ:G ヘツ:K
莃	キ:K ケ:G
莄	キョウ:G コウ:K
莅	リ:GK リチ:G リツ:K ルイ
莆	フ:GK ブ:G ホ:K
莇	ショ:K ジョ:G ゾ チョ
莈	ボツ:K モチ:G
莉	チ リ レイ:K
莊	ショウ:G ソウ:K
莋	サク:K ザク:G ジャク:G セキ:K
莌	タツ ダチ
莍	キク キュウ:K グ:G ゴク
莎	サ:GK シャ:G スイ
莏	サ スイ
莐	ジン:G タン チン:K
莑	フ ブ:G ホウ:K
莒	キョ:K コ:G
莓	バイ:K ビュウ ミュ メ:G
莔	キツ:K キョウ:G ケイ:K コチ:G ボウ:K ミョウ:G
莕	カン コウ:K
莖	オウ:G ギョウ:G ケイ:K コウ:K ヨウ
莗	シャ
莘	シン:GK
莙	ウン キン:K ギン:G クン:GK ゴン:G
莚	エン:GK
莛	ジョウ:G テイ:K
莜	ジャク:G ジョウ:G チョウ:K テキ:K
莝	サ:GK ザ
莞	カン:GK
莟	カン:K ガン:G ゴン:G
莠	シュ:G シュウ:K ユ:G ユウ:K
莡	サク
莢	キョウ:GK
莤	シュク ユウ
莥	キュウ:K グ:G ジク ジュウ:K チュ チュウ ニュ ニュウ:G
莦	ショウ:GK ソウ:K
莧	カン:K ケン:K ゲン:G
莨	リョウ ロウ:GK
莩	ヒョウ:K ビョウ:G フ:GK フウ:K ブ:G
莪	ガ:GK
莫	バク:K ベキ:K ボ:K マク:G ミャク:G モ:G
莬	バン:K ブン:K ベン:K マン:G メン:G モン:G
莭	セチ:G セツ:K
莮	ダン:K ナン:G
莯	ボク:K モク:G
莱	ライ:GK リ
莵	ウ ト:K
莽	ボウ:K モウ:G
莾	モウ:G
莿	シ:GK シャク:G セキ:K
菀	ウチ:G ウツ:K ウン エツ:K エン:K オチ:G オン:G
菁	ショウ:G セイ:K
菂	キョウ:K ギョウ:G チャク:G テキ:K
菃	キョ:K ゴ:G
菄	ツ:G トウ:K
菅	カン:K ケン:G
菆	サン:K ザン:G シュ:G シュウ:K ス:G ズ ソウ:K
菇	ク:G コ:K
菈	ロウ
菉	リョク:K ロク:G
菊	キク:GK
菋	アイ バイ:K ビ:K ミ:G メ:G
菌	キン:K ケン
菍	ジョウ:K ジン:K デツ ニョウ:G ニン:G ネチ
菎	コン:GK
菏	カ:GK ガ:G
菐	ホク:K ボク:G
菑	サイ:GK シ:GK
菒	コウ
菓	カ:GK
菔	フク:K ブク:G ホク:K ボク:G
菕	リン ロン
菖	ショウ:GK
菗	ジュ チュウ
菘	ク:G コウ:K シュ:G シュウ:K スウ:G
菙	スイ:K ズイ:G
菚	サン:K ゼン:G
菛	ボン:K モン:G
菜	サイ:GK
菝	ハツ:K バチ:G
菞	ライ:G リ レイ:K
菟	ト:K
菠	ハ:GK ホウ
菡	カン:K ゴン:G
菢	ホウ:K ボウ:G
菣	キン ケン
菤	ケン
菥	シ シャク:G セキ:K
菦	カイ:K ガイ:G キン:K コン:G ゴン
菧	タイ:G テイ:K
菨	ショウ:GK ソウ:K
菩	ハイ:K バイ:G フウ:K ブ:G ホ:K ホウ:K ホク:K ボ ボク:G
菪	トウ:K ドウ:G
菫	キン:K
菬	ショウ:K ジョウ:G
菭	シ:K ジ:G タイ:K ダイ:G チ
菮	キョウ:G コウ:K
華	カ:K カイ:K ケ:G ゲ:G
菰	ク:G コ:K
菱	リョウ:GK
菲	ヒ:GK
菳	キン:K ゴン:G
菴	アン:K エン:K オン:G
菵	ボウ:K モウ:G
菶	フ ブ:G ホウ:K ボ
菷	シュウ:K ソウ
菸	エン:GK オ:G ヨ:K
菹	シャ ショ:G ソ:K
菺	ケン
菻	リン:GK
菼	タン:GK
菽	シュク:GK ショウ
菾	テン:K デン:G
菿	タク チョウ:G チョク トウ:K
萀	ク:G コ:K
萁	カイ キ:K ギ:G
萂	カ
萃	サイ:K シュツ ジュチ スイ:K ズイ:G セ:G
萄	トウ:K ドウ:G
萅	シュン
萆	ハツ:K バチ:G ヒ:GK ビャク:G ヘイ:K ヘキ:K
萇	ジョウ:G チョウ:K
萈	カン:K ガン:G
萉	ヒ:K ビ:G フン:K ブン:G ホク:K ボク:G
萊	ライ:GK リ
萋	サイ:G シ セイ:K
萌	ベイ ホウ:K ボウ:G
萍	ビョウ:G ヘイ:K
萎	イ:GK エ:G ズイ ニ ワイ:K
萏	タン:K ドン:G
萐	ショウ:G ソウ:K ゾウ
萑	カン:K ガン:G スイ:GK
萒	エン ケン:K ゲン:G
萓	ギ:GK ケン
萔	チョウ
萕	セイ:K
萗	サク:K ソウ
萘	ダイ:K ナイ:G
萞	ヒ ヘイ
萟	ゲイ
萠	ホウ:K ボウ:G
萢	ヤチ ヤツ
萤	エイ:K ギョウ:G ケイ:K ヨウ:G
营	エイ
萩	シュ:G シュウ:K ショウ
萪	カ:GK
萫	キョウ:G コウ:K
萬	バン:K ボク:K マン:G モク:G
萭	ウ:G オ:K キョ ク:G コ:K
萮	ズ:G トウ:K ユ
萯	ハイ:K バイ:G フ:K フウ:K ブ:G ベ:G
萰	レン
萱	カン ケン:K
萲	エン:K オン:G ケン:K コン:G
萳	ダン:K ナン:G
萴	シキ:G ショク:K
萵	カ ワ:GK
萶	シュン
萷	サク:K シャク:G ショウ:G ソウ:K
萸	ユ:GK
萹	ヘン:GK ベン:G
萺	ビク ボウ:K ボク:K モウ:G モク:G
萻	アン:K オン:G
萼	ガク:GK
落	ラク:GK
萾	エイ
萿	カツ:K ガチ:G
葀	カチ:G カツ:K
葁	キョウ:G コウ:K
葂	バン:K ブン:K ベン:K マン:G メン:G モン:G
葃	サク:K ザク:G ジャク:G セキ:K
葄	ソ:K ゾ:G
葅	ショ:G ソ:K
葆	ホ:G ホウ:GK
葇	ジュウ:K ニュ ニュウ:G
葈	シ:GK
葉	ショウ:GK ヨウ:GK
葊	アン:K
葋	ク:K グ:G
葌	カン:K ケン:G
葍	フク:GK
葎	リチ:G リツ:K ロチ ロツ
葏	ショウ:G シン セイ:K セン:GK
葐	フン:K ブン:G ホン:K ボン:G
葑	フ:G フウ:G ホウ:K
葒	グ:G コウ:K コク
葓	コウ
葔	コウ ゴ
葕	エン
葖	トツ:K ドチ:G
著	ジャク:G ジョ チャク:K チョ:GK チョウ
葘	シ:GK
葙	ショウ:K ソウ:G
葚	シン:K ジン:G
葛	カツ:K
葜	カツ:K ケチ:G
葝	キョウ:G ギョウ ケイ:K
葞	ビ:K ミ:G
葟	オウ:G コウ:K
葠	シン:GK セン
葡	ヒ:K ビ:G ブ:G ホ:K
葢	カイ:GK ガイ
董	シュ:G ショウ:K ツ:G トウ:K トク
葤	ジュ チュウ:K
葥	セン:GK ゼン:G
葦	イ:GK
葧	ホツ:K ボチ:G
葨	エ:G ワイ:K
葩	ア ハ:K ヘ:G
葪	カイ:K キ ケ:G ケイ
葫	コ:K ゴ:G
葬	ソウ:GK
葭	カ:K ケ:G
葮	タン:K ダン:G
葯	アク チャク:G テキ:K ヤク:GK
葰	サ:K シュン:GK スイ:GK セ:G
葱	ソウ:K
葲	セン:K ゼン:G
葳	イ:GK
葴	カン ケン:K ゲン:G シン:GK
葵	キ:K ギ:G
葶	ジョウ:G チョウ:G テイ:K
葷	クン:GK
葸	サイ シ:GK
葹	シ:K
葺	シュウ:GK
葻	フウ ラン
葼	ス:G ソウ:K
葽	ヨウ:GK
葾	エン:K オン:G
葿	ビ:K ミ:G
蒀	ウン
蒁	イチ:G イツ:K シュツ:K ジュチ:G リチ:G リツ:K
蒂	タイ:G テイ:K
蒃	テン
蒄	カン:GK
蒋	ショウ:K
蒐	エ:G カイ:K シュ:G シュウ:K
蒑	イン:K オン:G
蒒	シ:GK
蒓	ジュン:G
蒔	シ:K ジ:G
蒕	ウン:GK
蒖	シン
蒗	ロウ:GK
蒘	ジョ:K ダ:K ナ:G ニョ:G
蒙	ボウ:K ム:G モ モウ:G
蒚	カク ギャク リャク:G レキ:K
蒛	ケチ:G ケツ:K
蒜	サン:GK
蒝	カン:K ガン ゲン:G セン
蒞	リ:GK
蒟	ク:GK グ コン
蒠	シキ:G ショク:K
蒡	ビョウ:G ホウ:GK ボウ
蒢	ジョ:G チョ:K
蒣	ショ:K ジョ:G
蒤	ズ:G ト:K
蒥	リュウ:K ル:G
蒦	カク:K キャク:G ヤク ワク:G
蒧	シン テン
蒨	セン:GK
蒩	シャ:K ショ:K ジャ:G ソ:GK
蒪	ハク:GK ホク
蒫	サ:K ザ シ シャ:G
蒬	エン:K オン:G
蒭	シュ:G スウ:K
蒮	イク
蒯	カイ:K ケ:G
蒰	ハン:K バン:G
蒱	ブ:G ホ:K
蒲	ハク:K バク:G フ:G ブ:G ホ:K
蒳	ドウ:K ノウ:G
蒴	サク:GK
蒵	ケイ ゲイ
蒶	フン:K ブン:G
蒷	ウン
蒸	ショウ:GK ジョウ
蒹	カン ケン:GK
蒺	シツ:K ショク:K ジキ:G ジチ:G
蒻	ジャク:K ダク ニャク:G ニョク
蒼	ソウ:GK
蒽	オン:GK
蒾	ベイ:K メイ
蒿	コウ:GK
蓀	ソン:GK
蓁	シン:GK
蓂	ベイ ベキ:K ミャク:G ミョウ:G メイ:K
蓃	シュ:G シュウ:K ス:G ソウ:K
蓄	キク:GK チク:GK
蓅	リュウ:K ル:G
蓆	ジャク:G セキ:K
蓇	クチ コツ:K
蓈	ロウ:GK
蓉	オウ ユ:G ヨウ:K
蓊	オ オウ:K
蓋	カイ:GK カチ:G カツ:K ガイ コウ:K ゴウ:G
蓌	サ:GK サイ:K シャ セ:G
蓍	シ:GK
蓎	トウ:K ドウ:G
蓏	ラ:GK
蓐	ジョク:K ニク:G
蓑	サ:GK サイ:K セ:G
蓒	ケン:K コン:G
蓓	ハイ:K バイ:G
蓔	コク ヨウ
蓕	ケ:G ケイ:K
蓖	ヒ ヘイ:K
蓘	コン
蓙	ザ
蓚	シュウ チョウ:GK
蓜	ハイ
蓧	ジャク:G ジョウ:G チョウ:GK テキ:K
蓨	シュ:G シュウ:K チャク:G チョウ テキ:K
蓩	ブ:K ボウ:K ボク:K ム:G モ モウ:G モク:G
蓪	ツ:G トウ:K
蓫	キク チク トク
蓬	ホウ:K
蓭	アン
蓮	レン:GK
蓯	シュ:G ショウ:K ス:G ソウ:K
蓰	シ:GK
蓱	ビョウ:G ヘイ:K
蓲	ウ:G オ:K オウ:K キュウ ク:GK シュ フ:GK
蓳	キン
蓴	シュン:K ジュン:G タン:K ダン:G
蓵	ショウ:K ジョウ:G
蓶	イ
蓷	スイ:GK タイ:GK ツイ:T テ
蓸	ソウ:K ゾウ:G
蓹	ギョ:K ゴ:G
蓺	ゲイ:K
蓻	キク シュウ:GK ジョウ:K ニョウ:G
蓼	リク:K リュウ リョウ:GK ル:G ロウ:K ロク:G
蓽	ヒチ:G ヒツ:K
蓾	ロ
蓿	シュク:K
蔀	ブ:G ホ ホウ:K
蔁	ショウ
蔂	ラ ライ ルイ:GK レ
蔃	キョウ:K ゴウ:G
蔄	バン:K メン:G ル:G ロウ:K
蔅	ゲン
蔆	リョウ:GK
蔇	キ:K ギ:G ケ:G
蔈	ヒョウ
蔉	コン
蔊	カン
蔋	シュク ショウ ジャク:G テキ:K トク:K ドク:G
蔌	シュ ス:G ソウ:K ソク:GK
蔍	ソ ロク
蔎	サチ:G サツ:K セチ:G セツ:K
蔏	ショウ
蔐	テキ:K
蔑	ベイ ベツ:K メイ メチ:G
蔒	クン
蔓	バン:K マン:G
蔔	フク ホク:K ボク:G
蔕	タイ:G テ テイ:K
蔖	サ:K ザ シャ:G ソ
蔗	シャ:GK ショ
蔘	サン シン:GK
蔙	セン
蔚	イ:GK ウチ:G ウツ:K
蔛	コク:K ゴク:G
蔜	ゴウ:GK
蔝	ベイ メイ
蔞	ク:K グ:G リュウ ル:GK ロウ:K
蔟	サク シュ:G ソウ:K ソク:GK ゾク
蔠	シュ:G シュウ:K
蔡	サイ:GK サチ:G サツ:K
蔢	ハ:K バ:G
蔣	ショウ:K ソウ:G
蔤	ビツ:K ミチ:G ミツ:G
蔥	ス:G ソウ:K
蔦	チョウ:GK
蔧	スイ:K セ:G セイ:K
蔨	ガン キン:K ケン:K ゲン:G ゴン:G
蔩	イ イン エン
蔪	サン:K セン:GK ゼン:G
蔫	エン:GK オン:G
蔬	シュ:K ショ:G ス:G ソ:K
蔭	イン:K オン:G
蔮	カイ:K ケ:G
蔯	ジン:G チン:K
蔰	コ:K ゴ:G
蔱	サツ:K セイ セチ:G
蔲	ク:G コウ:K
蔳	セン:GK
蔴	マ:T
蔵	ソウ:K ゾウ:G
蔷	ショウ:G ショク ソウ:K
蔻	ク
蔽	ヘイ:K
蔾	ライ:G リ:GK レイ:K
蔿	イ:GK カ:K ガ キ ケ:G
蕀	キョク:K
蕁	シン:K ジン:G タン:K ドン:G
蕂	ショウ
蕃	ハン:K バン ヒ:K ビ:G ボン:G
蕄	ボウ
蕅	グ ゴウ
蕆	テン:GK
蕇	テン
蕈	キン:K コン:G ゴン シン:K ジン:G タン:K テン ドン:G
蕉	ショウ:GK
蕊	ズイ:K セチ:G セツ:K セン ニ
蕋	ズイ:K
蕌	ライ レ
蕍	ユ
蕎	キョウ:GK ギョウ:G
蕏	チョ:K
蕐	カ:K
蕑	カン:K ケン:G ゲン:G
蕒	バイ:K メ:G
蕓	ウン:GK
蕔	ホウ
蕕	ユ:G ユウ:K
蕖	キョ:K ゴ:G
蕗	ロ:K
蕘	ギョウ ジョウ:K ドウ ニョウ:G
蕙	エ:G ケイ:K
蕚	ガク:GK
蕛	ダイ:G テイ:K
蕜	ヒ:GK ビ
蕝	セ:G セイ:K セチ:G セツ:K
蕞	サイ:K サチ:G サツ:K セ:G セチ:G セツ:K
蕟	ハイ:K ハツ:K ホチ:G
蕠	ジョ:K ニョ:G
蕡	ハイ:K ハン:K ヒ:K フン:K ブン:G ベ:G ホン ボン:G
蕢	カイ:K キ:K ギ:G ケ:G
蕣	シュン:GK
蕤	ショウ:G スイ ズイ:K ソウ:K ニ
蕥	ガ:K ゲ:G
蕦	シュ
蕧	フク
蕨	カチ ケツ:K
蕩	トウ:K ドウ:G
蕪	ブ:K ム:G
蕫	ズ ツ:G トウ:K
蕬	シ
蕭	ショウ:GK
蕮	シャク:G セキ:K
蕯	リュウ ル:G ロウ:K
蕰	ウン オン
蕳	カン:K ケン:G
蕶	リョウ:G レイ:K
蕷	ヨ:GK
蕸	カ:K ケ:G
蕹	ユ:G ヨウ:K
蕺	シュウ:G ショウ
蕻	グ:G コウ:K
蕼	イ シ
蕽	ドウ:K ヌ ノウ:G
蕾	ライ:GK レ
蕿	ケン:K
薀	ウン:GK オン:GK
薁	イク:GK オウ
薂	キョウ:K ギャク ギョウ:G ケキ
薃	コウ:K ゴウ:G
薄	ハク:K ヘキ ホ
薅	コウ:GK
薆	アイ:GK キ:K ケ:G
薇	ビ:K ミ:G
薈	イ エ:G カイ:K ワイ:GK
薉	エ:G ワイ:K
薊	カイ:K ケ:G ケイ:K ケチ:G ケツ:K
薋	シ:GK
薌	キョウ:K コウ:G
薍	ガン ラン
薎	ベツ
薏	イ オキ オク:G ヨク:K
薐	レン ロウ:GK
薑	キョウ:K コウ:G
薒	サン
薓	シン:GK
薔	シキ:G ショウ:K ショク:K ソウ:G ゾウ:G
薕	レン
薖	カ
薗	エン:K オン:G
薘	タチ:G タツ:K
薙	シ:K ジ:G タイ:G チ:K テイ:K
薚	ジョウ:G チョウ:K トウ
薛	セチ:G セツ:K
薜	ハイ:K ハク:K バク ヒャク:G ヘイ:K ヘキ ベ:G ベイ
薝	セン:GK タン:K
薞	ソン
薟	カン:K ケン:GK ゲン:G コン:K ゴン:G レン:GK
薠	ハン:K ボン:G
薡	チョウ:G テイ:K
薢	カイ:K ケ:G ゲ
薣	ク:G コ:K
薤	カイ:K ガイ:G ケイ ゲイ
薥	ショク:K ゾク:G チク チョク
薦	シン セン:GK
薧	コウ:GK
薨	コウ:GK
薩	サチ:G サツ:K
薪	シン:GK
薫	クン:GK
薬	シャク ヤク:GK リャク
薮	ソウ:K
薯	ショ:K ジョ:G
薰	クン:GK
薱	タイ デ
薲	ヒン
薳	イ エン:K オン:G
薴	ドウ:K ニョウ:G
薵	ジュ チュウ
薶	バイ:K マイ:G メ:G リ ワ
薷	ジュ:K ジュウ ニュ
薸	ヒョウ:K ビョウ:G
薹	タイ:K ダイ:G
薺	ザイ:G シ:K ジ:G セイ:K
薻	ソウ
薼	チン:K
薽	ケン シン:GK
薾	ジ:K デイ:K ナイ:G ニ:G
薿	ギ:K ギョク:K ゴキ ゴク:G
藀	ギョウ:G ケイ:K
藁	コウ:GK
藂	ス:G ズ:G ソウ:K
藃	カク キョウ:G コウ:K
藄	キ
藅	ハツ:K ボチ:G
藆	ケン
藇	ショ:K ジョ:G ヨ:GK
藈	ケ:G ケイ:K
藉	シャ:K ジャ:G ジャク:G セキ:K
藊	ヘン:GK
藋	ジャク:G ジョウ:G ジョク タク:K チョウ:K テキ:K
藌	ミツ
藍	ラン:GK
藎	シン:K ジン:G
藏	ソウ:K ゾウ:G
藐	バク:K ビョウ:K ボウ マク:G ミョウ:G
藑	ギョウ:G ケイ:K
藒	カチ:G カツ:K ケイ ケチ:G ケツ:K コチ
藕	グ:G グウ ゴウ:K
藖	カン:K ゲン:G
藗	ソク
藘	リョ:K ロ:G
藙	ギ:K ゲ:G
藚	ショク:K ゾク:G
藛	シャ
藜	ライ:G レイ:K
藝	ゲイ:K
藟	ルイ:GK
藠	キョウ:K ギョウ:G
藡	テキ:K
藢	チ
藣	ヒ:K ビ:G
藤	トウ:K ドウ:G
藥	シャク ヤク:GK リャク
藦	バ:G マ:K
藧	カン:K ガン:G
藨	キョウ ヒョウ:GK ビョウ:G ホウ:GK
藩	ハン:K
藪	シュ ス:G ソウ:K
藫	イン タン:K ドン:G
藬	タイ デ
藭	キュウ:K グ:G
藮	ショウ
藯	イ
藰	リュウ:K ル:G
藱	エ:G カイ:K
藳	コウ:GK
藴	ウン オン
藶	リャク:G レキ:K
藷	ショ:GK ジョ:G チョ:K
藸	ジョ:G タ チョ:K
藹	アイ:GK アチ:G アツ:K
藺	リン:GK レン
藻	ソウ:GK
藼	ケン:K
藽	シン
藾	ライ:GK
藿	カク:GK スイ
蘀	ジャク タク:GK
蘁	ガク ゴ
蘂	ズイ:K
蘃	ズイ
蘄	キ:K キン:K ギ:G ケ ゴン:G
蘅	ギョウ:G コウ:K
蘆	ラ リョ ロ:K
蘇	ショ:G ス:G ソ:K
蘈	タイ
蘉	ボウ:K モウ:G
蘊	ウン:GK オン
蘋	ヒン:K ビン:G
蘌	ギョ:K ゴ:G
蘍	クン:GK
蘎	キ:GK
蘏	ケイ
蘐	ケン:K
蘑	バ:K マ:G
蘓	ス:G ソ:K
蘕	ホウ
蘖	ゲツ:K
蘗	ハク:K
蘘	ショウ:G ジョウ:K ソウ:K ドウ ニョウ:G
蘙	エイ:K
蘚	セン:GK
蘛	イク:GK ユ
蘜	キク コク
蘞	ケン レン:GK
蘟	イン:K オン:G
蘠	ショウ:K ゾウ:G
蘡	オウ:K ヨウ:G
蘢	リュ リョウ ル:G ロウ:K
蘣	ツ:G トウ:K
蘤	イ カ:K ケ:G ハ:K バ:G
蘥	ヤク
蘦	リョウ:G レイ:K
蘧	キョ:K ク:K グ:G ゴ:G
蘨	ユ:G ユウ:K ヨウ
蘩	ハン:K ボン:G
蘪	ビ:K ミ:G
蘫	カン ラン
蘬	キ
蘭	ラン:GK
蘮	ケイ
蘯	トウ:K
蘱	キ ライ ルイ レ
蘲	ラ ルイ
蘳	カ:K キ ゲ:G
蘴	シュ:G シュウ:K フ:G フウ ホウ:K
蘵	シキ:G ショク:K
蘶	ギ:K
蘸	サン:K
蘹	ウイ エ:G カイ:K
蘺	リ:GK
蘻	ケイ
蘼	ビ:K ミ:G
蘽	ルイ:GK
蘾	エ:G カイ:K
蘿	ラ:GK
虀	サイ:G セイ:K
虁	キ:K ギ:G
虂	ロ:K
虃	セン
虆	ラ ルイ:GK
虇	カン:K ケン:G
虈	キョウ
虉	ガク ギャク ゲキ
虊	ラン
虋	ビン:K ボン:K ミン:G モン:G
虌	ヘチ:G ヘツ:K
虍	ク:G コ:K
虎	ク:G コ:K
虐	ギャク
虑	ヒツ:K ビチ:G
虒	シ:GK チ テイ
虓	キョウ:G コウ:K
虔	ケン:K ゲン:G
處	キョ:K コ:G ショ:GK ソ
虖	キョウ:G ク:G ケイ:K コ:K ゴ
虗	キョ:K
虘	サ:K ザ:G ソ
虙	フク:K ブク:G
虚	キョ:K コ:G
虛	キョ:K コ:G
虜	リョ ロ:K
虝	コ:K
虞	グ:GK ゲ
號	キョウ:G コウ:K ゴウ:G
虠	コウ
虡	キョ:K ゴ:G
虢	カク:K キャク:G
虣	ホウ:K ボウ:G
虤	ガン:K ケン:K ゲン:G
虥	サン セン:K ゼン:G
虦	サン
虧	キ:GK
虨	ハン:K ヒン ヘン:G
虩	キャク:G ケキ:K ゲキ サク:K シャク:G
虪	イク シュク
虫	キ:K ジュ ズ:G チュウ:K トウ:K
虬	アツ キュウ:K
虭	チョウ
虮	キ
虯	キュウ:K キョウ:K ギョウ:G グ:G
虰	ジョウ:G チョウ:K テイ トウ
虱	シツ:K
虳	クチ クツ チャク:G テキ:K
虴	サク:K シャク:G タク:K チャク:G
虵	シャ:K ダ
虶	ウ:GK
虷	カン:GK ガン:G
虸	シ
虹	グ:G コウ:GK ゴウ
虺	カイ:K キ:K ケ:G
虻	ボウ モウ:K
虼	コツ
虽	スイ
蚄	ホウ:K ボウ:G
蚅	アク:K ヤク:G
蚆	ハ
蚇	シャク:G セキ:K
蚈	ケン:GK
蚉	ブン:K
蚊	ブン:K モン:G
蚋	ゼイ:K
蚌	ビョウ:G フ ホウ:K ボウ:G
蚍	ヒ:K ビ:G
蚎	イチ:G イツ:K エツ:K オチ:G
蚏	エツ
蚐	キン
蚑	キ:K ギ:G ゲ
蚒	トウ
蚓	イン:GK キン:K ケン コン:G
蚔	キ:K ギ:G ジ:G チ:K
蚕	サン:K ザン:G ゾン:G テン:GK
蚖	ガン:GK ゲン:K
蚗	エチ:G エツ:K ケチ:G ケツ:K
蚘	ウ:G エ:G カイ:K ユウ:K
蚙	キン:K ケン:K ゲン:G ゴン:G
蚚	エ:G カイ:K キ:K ゲ:G
蚛	ジュ チュウ
蚜	カ:K ケ:G
蚝	シ:GK
蚞	ボク:K モク:G
蚟	オウ
蚠	フン:K ブン:G
蚡	フン:K ブン:G
蚢	コウ:K ゴウ:G
蚣	ク:G コウ:K シュ:G シュウ:K ショウ:K ス ソウ:G
蚤	ショウ:G ソウ:GK
蚥	フ
蚦	ザン ゼン:K テン ナン ネン:G
蚧	カイ:K
蚨	フ:K ブ:G
蚩	シ:GK チ
蚪	ツ:G ト トウ:K
蚫	ホウ
蚭	ジ:K ニ:G
蚮	タイ トク:K ドク:G
蚯	キュウ:K ク:G
蚰	ジク:G チク:K ユ:G ユウ:K
蚱	サ:K サク:K シャ:G シャク:G
蚲	ビョウ:G ヘイ:K
蚳	シ:K ジ:G タイ:G チ:K テイ:K
蚴	ユ ユウ:GK
蚵	カ:GK ガ:G
蚶	カン:GK ゴン
蚷	キョ:K ゴ:G
蚸	シャク:G セキ:K リャク:G レキ:K
蚹	フ:K ブ:G ホク:K ボク:G
蚺	ゼン
蚻	サツ セチ:G セツ:K
蚼	ク:G グ コウ:K
蚽	ヒ:K ビ:G
蚾	ハ ヒ:K ビ:G
蚿	ケン:K ゲン:G
蛀	シュ:K
蛁	チョウ:GK
蛂	タイ:G テイ:K バイ ヒ フチ フツ ヘイ ヘツ:K ベチ:G
蛃	ヒョウ:G ビョウ:G ヘイ:K ホウ:K
蛄	ク:G コ:K
蛅	セン ゼン:K ネン:G
蛆	ショ:K ソ:G テツ
蛇	イ:GK シャ:K ジ:G ジャ:G タ:GK ダ チ:K ヤ
蛈	タイ:G テイ:K テチ:G テツ:K
蛉	リョウ:G レイ:K
蛊	コ
蛋	タン:K ダン:G
蛌	カ
蛍	エイ:K ギョウ:G ケイ:K ヨウ:G
蛎	レイ:K
蛐	キョウ コク
蛑	ボウ:K ム:G モウ:G
蛒	カク:K キャク:G ラク:GK
蛓	シ
蛔	エ:G カイ:K
蛕	エ:G カイ:K
蛖	ホウ ボウ:K モ モウ:G
蛗	フウ:K ブ:G
蛘	ヨウ
蛙	ア エ:G カ カイ:K ケ:G ワ:K ワイ:K
蛚	レチ:G レツ:K
蛛	シュ チュ チュウ:GK
蛜	イ:GK
蛝	カン:K ギン:K ゲン:G ゴン:G
蛞	カチ:G カツ:K セツ:K ゼチ:G
蛟	キョウ:G コウ:K
蛠	ライ:G レイ:K
蛡	ク ヨキ ヨク
蛢	ヘイ
蛣	キチ:G キツ:K ケイ ケチ:G ケツ:K ゲツ
蛤	コウ:GK ゴウ
蛥	セツ:K ゼチ:G
蛦	イ:GK ダイ:G テイ:K
蛧	ボウ:K モウ:G
蛨	バン ミャク
蛩	キョウ:K グ:G
蛪	エチ:G エツ:K ケチ:G ケツ:K ゲチ:G ゲツ:K
蛫	キ
蛬	キョウ:K ク:G グ
蛭	シチ:G シツ:K タイ:G チツ テイ:K テツ:K デチ:G
蛮	バン:K マン:G
蛵	キョウ:G ケイ:K
蛶	ラチ:G ラツ:K レチ:G レツ:K
蛷	キュウ:K ク:G グ
蛸	ショウ:GK ソウ:K
蛹	ユ:G ヨウ:K
蛺	キョウ:GK ギョウ:G コウ:K ヨウ リョウ
蛻	エツ:K セ:G セイ:K セツ ゼイ タ タイ:GK テ
蛼	シャ:GK
蛽	バイ
蛾	ガ:GK ギ:GK ゲ チ
蛿	カン:K ゴン:G
蜀	ショク:K ゾク:G
蜁	セン:K ゼン:G
蜂	フ:G ブ:G ホウ:K
蜃	シン:K ジン:G
蜄	シン:K
蜅	フ:GK ブ:G ホ:K
蜆	ケン:GK ゲン:G
蜇	テチ:G テツ:K
蜈	ゴ:K
蜉	フ:K フウ:K ブ:G
蜊	リ:GK
蜋	リョウ:K ロウ:GK
蜌	ハ:K ヒ ヘイ ベ:G ベイ
蜍	シ ショ:K ジョ:G ヨ:GK
蜎	エン:GK ガン ケン:K ゲン:G
蜏	シュ:G シュウ:K ユ:G ユウ:K
蜐	キョウ:K コウ:G
蜑	タン:K ダン:G
蜒	エン:GK オウ:K タン ヨウ:G
蜓	ジョウ:G テイ:K テン:K デン:G
蜔	テン:K デン:G
蜕	ゼイ
蜘	チ:GK
蜙	シュ:G シュウ:K ショウ:K ス ソウ:G
蜚	ハイ:K ヒ:GK ビ ベ:G
蜛	キョ:K コ:G
蜜	ビツ:K ミチ:G ミツ:G
蜝	キ:K ギ:G
蜞	キ:K ギ:G
蜟	イク:GK
蜠	キン:K ゴン:G
蜡	サ:K シャク:G ショ:K ジャ:G セキ:K タ:K ダ:G
蜢	ボウ:K ミョウ:G
蜣	カク:K キャク:G キョウ:K コウ:G
蜤	シ セキ
蜥	シャク:G セキ:K
蜦	ライ:G リン レイ:K
蜧	ライ リン レ
蜨	ショウ:GK ジョウ:G ソウ チョウ:K
蜩	ジュ ジョウ:G チュウ チョウ:K
蜪	トウ:K ドウ:G
蜫	コン:K ゴン:G
蜬	カン:K ゴン:G
蜭	カン:K ゴン:G
蜮	イキ:G カク:K キャク:G コク:K ヨク:K ワク:G
蜯	ビョウ:G ホウ:K ボウ:G
蜰	ヒ:K ビ:G
蜱	ヒ:K ヒョウ:G ビ:G ビョウ ヘイ:K
蜲	イ:GK
蜳	イン ジュン テン トン
蜴	エキ:K シャク:G セキ:K ヤク:G
蜵	イン エン
蜶	ソチ:G ソツ:K
蜷	ケン:K ゲン:G
蜸	ケン
蜹	エ:G エイ:K ゼイ:K ゼツ ネ:G ネチ
蜺	ゲイ:K ゲチ:G ゲツ:K
蜻	ショウ:G ジョウ セイ:K
蜼	イ:K カイ:K ケ:G トウ ユイ:G ユウ:K ヨ ルイ
蜽	リョウ:K
蜾	カ:GK ラ
蜿	エン:K オン:G ワン:GK
蝀	ツ:G トウ:K
蝁	アク ウ:G オ:K
蝂	ハン
蝃	セチ:G セツ:K タイ:G タチ:G タツ:K テイ:K
蝄	モウ
蝅	サン:K テン
蝆	ビ:K ミ:G
蝇	ヨウ
蝉	セン:K ゼン:G ダイ:G テイ:K
蝋	ロウ:GK
蝌	カ:GK
蝍	シキ:G シチ:G シツ:K ショク:K セチ:G セツ:K
蝎	カツ:K ケツ:K
蝏	ジョウ:G テイ:K
蝐	バイ:K ボウ メ:G
蝑	シャ:GK ショ:K
蝒	ベン:K メン:G
蝓	ユ:GK ユウ
蝔	カイ
蝕	ショク:K ジキ:G リキ リョク ル:G ロウ:K
蝖	カン:K ケン:G セン:K ゼン:G
蝗	エイ:K オウ:G ギョウ コウ:K ヨウ:G
蝘	エン:GK
蝙	ヘン:GK
蝚	ジュウ ドウ:K ニュ ノウ:G
蝛	イ
蝜	フ:K フウ ブ:G
蝝	エン:GK ケン
蝞	ビ:K ミ:G
蝟	イ:GK
蝠	フク:GK
蝡	ジュン:K ゼン:K ニン:G ネン:G
蝢	ケツ:K ゲチ:G
蝣	ユ:G ユウ:K リュウ:K ル:G
蝤	シュウ:K ジュ:G ソウ:K ゾウ:G ユ:G ユウ:K
蝥	ブ ボウ:K ミョウ:G ム:G
蝦	カ:K ガ:K ケ:G ゲ:G
蝧	エイ:K ヨウ:G
蝨	シチ:G シツ:K
蝩	シュ:G ショウ:K ジュ チョウ
蝪	トウ:K ドウ:G
蝫	ショ
蝬	ス:G ソウ:K
蝭	シ:K ジ:G タイ:G ダイ テイ:K
蝮	フク:GK ホク:K ボク:G
蝯	エン:K オン:G
蝰	ケ:G ケイ:K
蝱	ボウ:K ミョウ:G
蝲	ラチ:G ラツ:K
蝳	タイ:K ダイ:G トク:K ドク:G
蝴	コ:K ゴ:G
蝵	シュ:G シュウ:K
蝶	ショウ ジョウ:G チョウ:K
蝷	シャク:G セキ:K リャク:G レキ:K
蝸	カ:K カイ:K ケ:G ラ
蝹	イン ウン エン:K オウ オン:G
蝺	ウ ク
蝻	ナン:G
蝼	ル:G ロウ:K
蝽	シュン
蝿	ヨウ:GK
螂	ロウ:GK
螃	ヒョウ ホウ:GK ボウ:G
螄	シ:GK
螅	シ
螆	シ:GK
螇	ケイ:K ゲイ
螈	ガン ゲン:K
螉	オ オウ:K
螊	カン:K ゲン:G レン
螋	シュウ
螌	ハン:K バン:G
融	ユ:G ユウ:K
螎	ユウ
螏	シツ:K ジチ:G
螐	ウ:G オ:K
螑	キュウ:K ク:G
螒	カン:K ガン:G
螓	シン:K ジン:G
螔	イ シ
螕	ヒ:K ビ:G ヘイ:K
螖	エツ:K オチ:G カチ:G カツ:K ゲチ コチ:G コツ:K
螗	トウ:K ドウ:G
螘	ギ:GK
螙	ト:K
螚	ダ:K ダイ:K ドウ:K ドク ナ:G ナイ:G ノウ:G ノク
螛	カツ:K ガチ ゲチ:G
螜	コク:K ゴク:G
螝	エ:G カイ:K キ
螞	バ:K メ:G
螟	ミョウ:G メイ:K
螠	イ:GK
螡	ブン
螢	エイ:K ギョウ:G ケイ:K ヨウ:G
螣	ジン:G チン:K トウ:K トク:K ドウ:G
螤	ユ
螥	ソウ
螪	ショウ
螫	カク シャ シャク:G セキ:K
螬	シュウ:K ジュ:G ソウ:K ゾウ:G
螭	チ:GK
螮	タイ:GK テイ:K
螯	ゴウ:GK
螰	ロク
螱	イ:GK
螲	チチ:G チツ:K テチ:G テツ:K
螳	トウ:K ドウ:G
螴	ジン:G チン:K
螵	ヒョウ:GK ビョウ
螶	キョ:K ゴ:G
螷	ハイ:K バイ:G ヒ:K ビ:G ビョウ:G ホウ:K
螸	ユ ヨク
螹	サン:K ザン:G セン:K ゼン:G
螺	ラ:GK
螻	ル:G ロウ:K
螼	キン:K コン:G
螽	シュウ:K
螾	イン:GK
螿	ショウ:K ソウ:G
蟀	シュチ:G シュツ:G
蟁	ブン:K
蟂	コウ
蟃	バン:K マン:G
蟄	シュウ:K ジュウ:G チツ チュウ:K
蟅	シャ シャク:G セキ:K チャク
蟆	バ:K バク:K マ マク:G メ:G
蟇	バ:K バク マ:G
蟈	イキ:G カク:K キャク:G コク ヨク:K ワク
蟉	キュウ ユウ リュウ:GK リョウ:GK
蟊	ボウ:K マ ミョウ ム:G モ
蟋	シチ:G シツ:K
蟌	シ ス:G ソウ:K
蟍	リ
蟒	ボウ:K ミョウ モウ:G
蟓	ショウ:K ゾウ:G ヨウ
蟔	ボク:K モク:G
蟕	シ:GK スイ
蟖	シ:GK
蟗	シュ:G シュウ:K
蟘	トク:K ドク:G
蟙	シキ:G ショク:K
蟚	ハウ ビョウ:G
蟛	ホウ
蟜	キョウ:GK ギョウ:G
蟝	キョ:K ゴ:G
蟞	ヘツ:K ベチ:G
蟟	リョウ:GK
蟠	ハ:K ハン:K バ:G バン:G ボン:G
蟡	イ キ
蟢	キ:K
蟣	キ:K ケ:G ゲ:G
蟤	セン:GK ゼン
蟥	オウ:G コウ:K
蟦	ヒ:K ビ:G フン:K ブン:G ホン
蟧	リョウ:K ロウ:G
蟨	カチ ケ:G ケイ:K ケツ
蟩	カチ ケツ
蟪	エ:G ケイ:K
蟫	イン:GK シン:K ジン:G タン:K ドン:G
蟬	セン:K ゼン:G ダイ:G テイ:K
蟭	シュ:G シュウ:K ショウ:GK
蟮	セン:K ゼン:G
蟯	ギョウ ジョウ:K ニョウ:G ヨウ
蟰	シュク ショウ
蟱	ブ:K ボウ:K ム:G
蟲	キ:K ジュ ズ:G チュウ:K トウ:K
蟳	ジン
蟴	シ
蟵	チュ
蟶	チョウ:G テイ:K
蟷	トウ:GK
蟸	レイ:K
蟹	カイ:K ゲ:G
蟺	セン:K ゼン:G タ:K タン:K ダ:G ダン:G
蟻	ガ ギ:GK
蟼	カ:K キョウ:G ケ:G ケイ:K
蟽	タツ
蟾	セン:GK
蟿	キ:GK ケイ:K
蠀	シ シキ:G ショク:K
蠁	キョウ:K コウ:G
蠂	ショウ チョウ
蠃	カ ラ:GK
蠄	キン:K ゴン:G
蠅	ヨウ:GK
蠆	ジ:G タイ:GK タチ:G タツ:K チ:K テ
蠇	レイ
蠈	ソク:K ゾク:G
蠉	ケン:GK ゲン
蠊	レン:GK
蠋	ショク:K ジク ゾク:G チョク
蠌	ジャク:G タク:K ダク
蠍	カツ ケツ:K コチ:G
蠎	ボウ:K モウ:G
蠏	カイ:K
蠐	ザイ:G シ:K ジ:G セイ:K
蠑	エイ:K ヨウ:G
蠒	ケン:GK
蠓	ボウ:K ム:G モウ:G
蠔	コウ:K ゴウ:G
蠕	ジュ:K ジュン:K ゼン:K ニュ ニン:G ネン:G
蠖	カク ワク:GK
蠗	ジョウ タク
蠘	セツ:K ゼチ:G
蠙	ヒン:K ビン:G ヘン:K ベン:G
蠚	カク:GK コク シャク:G ジャク セキ:K チャク:GK テチ:G テツ:K
蠛	ベツ:K
蠜	ハン:K ボン:G
蠝	ルイ
蠞	セツ:K ゼチ:G
蠟	ロウ:GK
蠠	ビツ:K ビン:K ミチ:G ミン:G
蠡	ラ:GK ライ:G リ:GK レイ:K
蠢	シュン:GK
蠣	ライ:G レイ:K
蠥	ゲチ:G ゲツ:K
蠦	ロ
蠧	ト:K
蠨	シュク ショウ:GK
蠩	ショ
蠪	リュ リョウ ル:G ロウ:K
蠫	リ
蠬	リョウ
蠭	ホウ:K
蠮	エチ:G エツ:K
蠯	ハイ:K バイ:G ヒ:K ビ:G ビョウ:G ヘイ ホウ:K
蠰	ショウ:GK ジョウ:K ソウ ドウ:K ニョウ:G ノウ:G
蠱	ク:G コ:K ヤ
蠲	ケ:G ケイ:K ケン:GK
蠳	エイ
蠵	イ:K キ:K ケイ:K ゲ:G
蠶	サン:K ザン:G ゾン:G テン:GK
蠷	ク:K グ:G
蠸	カン ケン:K ゲン:G
蠹	ツ:G ト:K
蠺	サン:K
蠻	バン:K マン:G
蠼	カク:G キャク:K ク:K
蠽	サチ:G サツ:K セチ:G セツ:K
蠾	ショク:K ソク:G
蠿	サツ セチ:G セツ:K
血	ケチ:G ケツ:K
衁	コウ:GK
衂	ジク:K ニク:G
衃	ハイ:K フ:K フウ ブ:G
衄	ジク:K ニク:G
衅	キン:K
衆	シュ:G シュウ:K
衇	バク:K ミャク:G
衈	ジ:K ニ:G
衉	カク:K キャク:G
衊	バツ:K ベツ:K ベン マチ:G メチ:G
衋	キョク:K ケキ
行	アン:T カン:K ガン:G ギョウ:G コウ:K ゴウ:G
衍	エン:GK
衎	カン:GK
衏	エン
衑	リョウ:G レイ:K
衒	ケン:K ゲン:G
術	シュツ:K ジュツ:G スイ
衕	ズ:G トウ:K
衖	コウ:K ゴウ:G
街	カイ:K ガイ:G キ
衘	カン:K
衙	ガ:K ギョ:K ゲ:G ゴ:G
衚	コ:K ゴ:G
衛	エ:G エイ:K エチ:G エツ:K
衜	ドウ:G
衝	シュ:G ショウ:K
衞	エ:G エイ:K エチ:G エツ:K
衟	トウ:K ドウ:G
衠	シュン
衡	オウ:G ギョウ:G コウ:K
衢	ク:K グ:G
衣	イ:K エ:G
衦	カン
衧	ウ
表	ヒョウ:GK
衩	サ:K サイ:K シャ:G セ:G
衪	イ
衫	サン:K
衭	フ
衮	コン
衯	フン:GK
衰	サ サイ:K シ:GK スイ:GK セ:G
衱	キョウ:K コウ:G ゴウ
衲	ゼイ ドウ:K ネ ノウ:G
衳	シュ:G ショウ:K
衴	タン:K トン:G
衵	ジツ:K ニチ:G
衶	ジュ チョウ
衷	チュ チュウ:GK
衸	カイ:K ガイ:G
衹	キ:K ギ:G シ:GK タイ:G テイ:K
衺	シャ:K ジャ:G
衻	セン ゼン:K デン ネン:G
衼	シ
衽	ジン:K ニン:G
衾	キン:K コン:G
衿	キン:K ケン:K ゲン:G コン:G ゴン:G
袀	キン:GK
袁	エン:K オン:G
袂	ケチ:G ケツ:K ゲイ ゼイ ネ ベイ:K メイ
袃	タイ
袄	オウ
袈	カ:K ケ:G
袉	タ:K ダ:G
袊	リョウ:G レイ:K
袋	タイ:K ダイ:G テイ:K
袌	ヒョウ:G ホウ:K ボウ
袍	ホウ:K ボウ:G
袎	オウ:K ヨウ:G
袏	サ
袐	ヒチ:G ヒツ:K
袑	ショウ:K ジョウ:G
袒	タン:K ダン:G デン:G
袓	シャ ショ:K ジョ:G
袔	カ:K ガ ケ:G
袕	ケツ:K ゲチ:G シュツ ジュチ
袖	シュウ:K ジュ:G
袗	シン:GK
袘	イ:GK
袙	ハ:K バツ メチ
袚	ハイ:K ハチ:G ハツ:K バイ:G ヒ フチ:G フツ:G
袛	ギ シ タイ:G テイ:K
袜	バツ:K マチ:G
袝	フ:K ブ:G
袞	コン:GK
袟	ジチ:G チツ:K
袠	ジチ:G チツ:K
袡	ゼン
袢	ハン:K バン ボン:G
袣	イ エイ
袤	ボウ:K ム:G モ:G モウ:G
袥	タク
袦	クツ グチ ダツ ナチ
袧	ク:G コウ:K
袨	ケン:K ゲン:G
袩	セン チョウ テン
袪	キョ:K コ:G
被	ヒ:GK ビ:G
袬	イク
袱	フク:K ブク:G ホク
袲	イ シ ダ:K ナ:G
袳	ケイ シ タ
袴	コ:K
袵	ジン:K ニン:G
袶	コウ
袷	キョウ:GK コウ:GK
袸	セン:K ゼン:G ソン:K ゾン:G
袹	ハク バク:K バツ ミャク:G メチ
袺	カツ:K ケチ:G ケツ:K
袻	ジ:K ゼン:K ニ:G ネン:G
袼	カク:GK ラク
袽	ジョ:K ニョ:G
袾	シュ:GK チュ
袿	キ:K ケ:G ケイ:K
裀	イン:GK
裁	サイ:K ザイ:G
裂	レイ レチ:G レツ:K
装	ショウ:G ソウ:K
裊	ジョウ:K ニョウ:G
裋	シュ:K ジュ:G タン
裌	キョウ:G ギョウ コウ:K
裍	コン:GK
裎	ジョウ:G チョウ:G テイ:K
裏	リ:GK
裐	ケン
裑	シン:GK
裒	フウ ブ:G ホウ:K ボウ
裓	カイ:K カツ:K ケチ:G コク:GK
裔	エイ:GK エチ:G エツ:K
裕	ユ:GK ユウ
裖	シン
裗	リュウ
裘	キク キュウ:K グ:G ゴク
裙	クン:K グン:G
裚	サイ:G セイ:K
裛	オウ:G ユウ:K ヨウ:GK
補	フ:G ホ:K
裝	ショウ:G ソウ:K
裞	エ:G エイ:K セ:G セイ:K ゼイ タイ:GK タツ テ
裟	サ:K シャ:G
裠	クン
裡	リ:GK
裧	セン:GK タン:GK
裨	ヒ:GK ビ:G
裩	コン
裪	トウ:K ドウ:G
裫	エン
裬	リョウ
裭	チ
裮	ショウ
裯	ジュ ジュウ:G チュ チュウ:K チョウ トウ:GK
裰	タチ:G タツ:K
裱	ヒョウ:GK
裲	リョウ:K
裳	ショウ:K ジョウ:G
裴	ハイ:K ヒ:K ビ:G ベ:G
裵	ハイ:K
裶	ヒ
裷	エン:K オン:G カン ケン:K コン:GK
裸	ラ:GK
裹	カ:GK
裺	アン エン:K オン:G
裻	ソク トク
裼	シャク:G セキ:K タイ:G テイ:K
製	セイ:K
裾	キョ:K コ:G ゴ
裿	イ キ
褀	キ
褁	シャク:G セキ:K
褂	カイ:K ケ:G
褃	ケン
褅	テイ
褆	シ:K ジ:G ダイ:G チ テイ:K
複	フウ フク:GK
褈	ショウ:K ジュ:G チュ チョウ
褉	ケチ:G ケツ:K
褊	ヘン:GK ベン
褋	ジョウ:G チョウ:K
褌	コン:GK
褍	タ:GK タン:GK トン:K ドン:G
褎	シュウ:K ジュ:G ユ:G ユウ:K
褏	ユウ:K
褐	カチ:G カツ:K ガチ:G ケツ:K ゲチ:G
褑	エン:K オン:G
褒	ブ ホウ:GK
褓	ホ:G ホウ:GK
褔	フウ フク
褕	ズ:G トウ:K ユ:GK ヨウ:GK
褖	タン:GK
褗	エン
褘	イ:GK キ:GK
褙	ハイ:GK ヘ:G
褚	シャ:GK チョ:GK
褛	ル
褝	タン:GK
褞	ウン:GK オン
褟	トウ
褠	ク:G コウ:K
褡	タ トウ
褢	エ:G カイ:K
褣	ユ:G ヨウ:K
褤	エン
褥	ジョク:K ニク:G
褦	ダイ:K ナイ:G
褧	キョウ:G ケイ:K
褨	サ:GK ジャ
褩	ハン
褪	タイ トン:GK
褫	イ ジ:G チ:K
褬	ソウ
褭	ジョウ:K ニョウ:G
褮	エイ:K ギョウ:G ケイ:K ヨウ:G
褯	シャ:K ジャ:G ジャク:G セキ:K
褰	ケン:GK コン
褱	エ:G カイ:K
褲	コ:K
褳	レン
褵	リ:GK
褶	シュウ:K ジュウ:G ジョウ:G チョウ:K
褷	シ:GK
褸	ル:GK ロウ:K
褹	ゲイ:K ダイ:K ナイ:G ナチ ネ:G
褺	ジョウ:G チョウ:K
褻	ケ セチ:G セツ:K ダイ:K ナイ:G
褼	セン
褽	イ エ:G ワイ:K
褾	ヒョウ:GK
褿	ショウ:G ジョウ ソウ:K ゾウ
襀	シャク:G セキ:K
襁	キョウ:K コウ:G
襂	サン:K シン:GK
襃	ブ ホウ:GK
襄	ショウ:K ジョウ:K ソウ:G ニョウ:G
襆	ブク ホク:GK ボク:G
襇	カン:K ケン:G
襈	ケン:K ゲン:G セン:K ゼン:G
襉	カン:K ケン:G
襊	サイ:K サチ:G サツ:K セ:G
襋	キョク コキ
襌	タン:GK
襍	ザツ ソウ:K
襎	ハ ハン:K ボン:G
襏	ハチ:G ハツ:K ヒ フツ ブチ
襐	ショウ:K ゾウ:G トウ:K ドウ:G
襑	シン:K ジン:G タン:K トン:G
襒	ヘツ:K ベチ:G
襓	ジョウ:K ニョウ:G
襖	オウ:GK
襗	エキ:K ジャク:G タク:K ダク:G ヤク:G
襘	エ カイ:K ケ:G
襙	ソウ
襚	スイ:K ズイ:G
襛	ジュウ ジョウ:K ニュ
襜	セン:GK タン
襝	セン レン
襞	ヒャク:G ヘキ:K
襟	キン:K コン:G
襠	トウ:GK
襡	ショク:K ゾク:G タク チョク ツ:G トウ:K トク:K ドク:G
襢	セン:K ゼン:G タン:K ダン:G テン:K デン:G
襣	ヒ:K ビ:G
襤	ラン:GK
襥	ボク
襦	シュ ジュ:K ニュ
襩	ショク:K ゾク:G トク:K ドク:G ル:G ロウ:K
襪	バツ:K ベツ マチ:G
襫	シャク:G セキ:K
襬	ハイ ヒ
襭	ケツ:K ゲチ:G
襮	ハク:GK ホク:GK
襯	シン:GK
襰	ライ:GK
襱	チョウ リョウ ル:G ロウ:K
襲	シュウ:K ジュウ:G
襳	サン シン:GK セン:GK
襴	ラン:GK
襵	ショウ:GK チョウ
襶	タイ
襸	サン
襹	シ
襺	ケン:GK
襻	ハン:K
襼	ゲイ:K
襽	ラン:GK
襾	ア:K カ:K ケ:G
西	アク:K サイ:G シ スイ セイ:K セン ヤク:G
覀	ア エ カ:K ケ:G
要	ヨウ:GK
覂	ハン:K フ ブ:G ホウ:K ホン:G
覃	エン シン タン:K ドン:G
覅	キ
覆	フ:G フウ:K フク:GK
覇	ハ:K ハク:K
覈	カク:K キョウ ギャク ケツ:K ゲチ:G ゴチ
覉	キ:GK
覊	キ:GK
見	カン:K ケン:GK ゲン:G
覌	カン
覍	ヘン:K ベン:G
覎	エン
規	エ:G キ:GK キャク:G ケイ:K ケキ:K
覐	カク:GK
覑	ヘン
覒	ボウ:K モウ:G
覓	ベキ:K ミャク:G
覔	ベキ:K
覕	ヒ ヒチ:G ヒツ:K ヒン ヘツ:K ベチ:G ベツ:K メチ:G
視	シ:K ジ:G
覗	シ:GK
覘	タン:K テン:GK トン:G
覙	シン
覚	カク:GK キョウ:G コウ:K
覛	バク:K ベキ:K ミャク:G
覜	チョウ:GK
覝	レン
覞	シャク:G ショウ セキ:K ヨウ
覟	シ:GK
覠	キン:GK コン
覡	カク ギャク ケキ:K ゲキ
覢	セン
覣	イ ワ
覤	キャク:G キョク ケキ:K コキ サク:K シャク:G
覥	テン
覦	シュ:K ジュ:G ユ:GK
覧	ラン:GK
覨	ガク
覩	ツ:G ト:K
親	シン:GK
覫	ホウ
覬	キ:GK
覭	バク ベキ:K ミャク:G ミョウ:G メイ:K
覮	ヒョウ:G ヘイ:K
覯	カク ク:G コウ:K
覰	シュ ショ:K ソ:G
覱	サン
覲	キン:K ゴン:G
観	カン:GK ケン
覴	チョウ:GK トウ:GK
覵	エン カン:K ケン:G ヘン
覶	ラ:GK ラン レン:GK
覷	ショ:G ソ:K
覸	エン カン:K ケン:G ヘン
覹	ビ:K ミ:G
覺	カク:GK キョウ:G コウ:K
覻	ショ
覼	ラ:GK
覽	ラン:GK
覾	シン
覿	テキ:K トク
觀	カン:GK ケン
角	カク:GK コク ロク:GK
觓	キュウ:K ク:G グ
觔	キン:K
觕	ショク:K ジョウ:G ソ:K ソウ:K ソク:G ゾ:G
觖	キ:GK ケ:G ケイ:K ケチ:G ケツ:K
觗	シ:GK
觘	ショウ:G ソウ:K
觚	ク:G コ:K
觛	タン:K ダン:G
觜	シ:GK スイ:GK
觝	シ タイ:G テイ:K
觟	カ:K カイ:K ケ:G ゲ:G
觠	ケン:K ゲン:G
觡	カク:K キャク:G
觢	セイ ゼイ
解	カイ:K ゲ:G
觤	キ
觥	コウ:GK
触	グ:G コウ:K シュ ショク:K ソク:G
觧	カイ:K
觨	コン:K ゴン:G
觩	キュウ:K グ:G
觪	ショウ:G セイ:K
觫	ソク:GK
觬	ゲイ
觭	キ:GK
觮	ロク
觰	タ
觱	ウチ:G ウツ:K ヒチ:G ヒツ:K
觲	ショウ:G セイ:K
觳	カク:GK ガク コク:K ゴク:G
觴	ショウ:GK
觵	コウ
觶	シ:GK
觷	オク:G カク:K ガク:G コク:K ゴク:G ヨク:K
觸	グ:G コウ:K シュ ショク:K ソク:G
觹	ケイ:K
觺	ギ ギョク ゴキ
觻	リャク:G レキ:K ロク
觽	ケイ:K
觾	エン
觿	キ ケイ:K ゲイ スイ
言	ギン:K ゲン:K ゴン:G
訂	ジョウ:G チョウ:G テイ:K
訃	フ:GK
訄	キュウ:K コウ:GK ドウ
訅	キュウ:K グ:G
訆	キョウ
訇	キン ケン:K ゲン:G コウ:GK
計	カイ ケイ:K ケチ:G ケツ:K
訉	ハン:K ボン:G
訊	シュン シン:GK ジン
訋	チョウ
訌	グ:G コウ:K ゴウ:G
訍	サ:K サイ シャ:G タ テ
討	トウ:GK
訏	ク:GK コ
訐	カイ:K ケ:G ケイ ケチ:G ケツ:K コチ:G
訑	イ:GK シ タ:K タン:K ダ:G ダン:G テン:K デン:G
訒	ジン:K ニン:G
訓	キン:T クン:GK シュン
訔	ギン:K ゴン:G
訕	サン:K セン:G
訖	キツ:K コチ:G
託	タ タク:GK
記	キ:K
訙	シン
訛	カ ガ:GK
訜	フン
訝	ガ:K ゲ:G ゲン
訞	ヨウ:GK
訟	ショウ:K ジュ:G ユ:G ヨウ:K
訠	シン:GK
訡	ギン:K
訢	キ キン:K ギン:K コン:G ゴン:G
訣	ケ:G ケイ:K ケチ:G ケツ:K
訤	コウ:K ダ:K
訥	タチ:G タツ:K トツ ドツ:K ナチ
訦	シン:K ジン:G
訧	ウ:G ユウ:K
訨	シ
訩	キョウ:K ク:G
訪	ホウ:GK
訫	シン
訬	ショウ:G ソウ:K ビョウ:K ミョウ:G
設	セチ:G セツ:K
訮	ケン
訯	サ:K セ:G
訰	シュン トン:K ドン:G
許	キョ:K ク:G コ:GK
訲	オキ ヨク
訳	エキ:K ヤク:G
訴	シャク:G セキ:K ソ:K
訵	チ:GK
訶	カ:GK
訷	シン:GK
訸	カ ガ
訹	シュ:G シュウ:K シュチ:G シュツ:K
診	シン:GK チン:K
註	チュ チュウ:GK
証	ショウ:GK セイ:K
訽	コウ:K
訾	サイ:G シ:GK ジ セイ:K ソ
訿	シ
詀	ショウ:GK セン タン:K チョウ テン:G デン
詁	ク:G コ:K
詂	フ:K ブ:G
詃	ケン:GK
詄	イチ:G イツ:K シ テツ:K デチ:G
詅	リョウ:G レイ:K
詆	タイ:G ダイ チャク:G テイ:K テキ:K
詇	エイ オウ:G ヨウ:K
詈	リ:GK
詉	ダ:K ド:K ドウ:K ナ:G ニョウ:G ヌ:G
詊	ハン
詋	シュ:G シュウ:K
詌	カン:K コン:G
詍	エイ:K セイ セチ:G セツ:K ゼイ
詎	キョ:K ゴ:G
詏	オウ:K ヨウ:G
詐	サ:K サク:K ザク:G シャ:G
詑	イ キ タ:K ダ:G
詒	イ:GK タイ:K ダイ:G
詓	キョ:K コ:G
詔	ショウ:GK
評	ヒョウ:G ヘイ:K
詖	ハ ヒ:GK
詗	キョウ:G ケイ:K チョウ:G テイ:K
詘	クチ:G クツ:K チュチ:G チュツ:K トツ ドツ ノチ
詙	ハツ:K バチ:G
詚	タチ:G タツ:K
詛	シュ ショ:G ソ:K
詜	トウ:GK
詝	チョ:GK
詞	シ:K ジ:G
詠	エ エイ:K ヨウ:G
詡	ク:GK
詢	シュン:GK ジュン
詣	ケイ ゲイ:K
詤	コウ
詥	コウ:GK
試	シ:GK シキ:G ショク:K
詧	サチ:G サツ:K セチ:G セツ:K
詨	キョウ:G ギョウ コウ:K
詩	シ:GK
詪	ケン:K ゲン:G コン:K ゴン:G
詫	カ:K ケ:G タ:K ツ:G ト:K
詬	ク:G コウ:K ゴ
詭	キ:GK
詮	セン:GK
詯	カイ:K ガイ:G
詰	キチ:G キツ:K ケチ:G ケツ:K
話	エ:G カ:K カイ:K ゲ:G ワ:T
該	カイ:GK ガイ
詳	ショウ:K ゾウ:G ヨウ
詴	カイ:K ガイ:G ワイ
詵	シン:GK セン
詶	シュ:G シュウ:K ジュ:G
詷	ズ:G トウ:K
詸	ベイ
詹	セン:GK タン:K ダン:G
詺	ベイ ミョウ:G
詻	ガク:K ギャク ラク リャク
詼	カイ:K
詽	ガン ケン:K ゲン:G テン
詾	キョウ:K ク:G
詿	カ カイ:K ケ:G
誀	ジ:K チ ニ:G
誁	ヒョウ:G ホウ:K
誂	ジョウ:G チョウ:K
誃	イ:GK シ:K ジ:G タ:K ダ:G チ:K
誄	ルイ:GK
誅	チュ チュウ:GK
誆	キョウ:K ゴウ:G
誇	カ:K ク:G ケ:G コ:K
誈	フ
誉	ヨ:GK
誋	キ:K
誌	シ:GK
認	ジョウ:K ジン:K ニン:G
誎	ショク:K ソク:G
誏	ロウ:GK
誐	ガ:GK
誑	キョウ:K コウ:G
誒	アイ イ カイ キ:K
誓	エイ セイ:K セツ:K ゼイ ゼチ:G
誔	ジョウ:G テイ:K
誕	タン:K
誖	ハイ:K ヒ フツ ブチ ベ:G ホツ:K ボチ:G
誗	テン:K デン:G
誘	ユ:G ユウ:K
誙	ギョウ:G ケイ:K コウ:K
誚	ショウ:K ジョウ:G
誛	シン
誜	サ:K セ:G
誝	アン
語	ギョ:K ゴ:G
誟	コウ:K
誠	ジョウ:G セイ:K
誡	カイ:K
誢	ケン:K ゲン:G
誣	フ ブ:K ム:G
誤	ゴ:K
誥	コウ:GK コク
誦	ショウ:K ジュ:G ズ:G
誧	フ:G ブ ホ:K
誨	カイ:K ケ:G
誩	キョウ:G ギョウ:G ケイ:K ゴウ:K タン:K トン:G
說	エツ セ:G セイ:K セチ:G セツ:K ゼイ タツ ネ
誫	シン
説	エツ:K セイ:K セツ:K ゼイ ゼツ タツ
読	ズ:G トウ:K トク:K ドク:G
誯	ショウ:GK
誰	スイ:K ズイ:G
誱	ショウ
課	カ:GK
誳	クツ:K コチ:G
誴	ソウ
誵	ギョウ:G コウ:K
誶	サイ:GK シュツ シン ジュチ スイ:GK ズイ セ
誷	ボウ:K モウ:G
誸	ケン:K ゲン:G
誹	ヒ:GK
誺	チ ライ
誻	トウ:K ドウ:G
誼	ギ:GK
誽	カイ:K ケ:G ゲイ ダ:K ナ:G
誾	ギン:K ゴン:G
調	チュウ チョウ:K
諀	ヒ:K ビ:G
諁	テチ:G テツ:K
諂	エン テン:GK
諃	チン:GK
諄	シュン:GK ジュン
諅	キ:K ギ:G
諆	キ:K ギ:G
談	タン:K ダン:G
諈	ジ:K スイ:K ズイ:G チ:GK ニ:G
諉	イ ズイ ニ:G
諊	キク:GK コク
請	ショウ:G シン:T ジョウ:G セイ:K
諌	カン:K ケン:G ツ:G トウ:K
諍	ショウ:G ソウ:K
諎	サ:K サク:K ザク シャ:G シャク:G ジャク:G タク:K チャク
諏	シュ:K ス:G ソウ:K フウ:K ブ:G
諐	ケン:GK
諑	タク:GK チョク
諒	リョウ:K
諓	エン セン:K ゼン:G
諔	シュク:K ジャク:G セキ:K
諕	カ:K カク ケ:G コウ:K ゴウ:G
論	リン ロン:GK
諗	シン:GK ジョウ:K ニョウ:G
諘	ヒョウ
諙	カイ:K ケ:G
諚	ジョウ ヘン
諛	ユ:GK
諜	ショウ チョウ:K
諝	ショ:K
諞	ヘン:K ベン:G
諟	シ:K ジ:G タイ:G テイ:K
諠	カン ケン:K
諡	イ シ:K ジ:G
諢	コン ゴン:GK
諣	カ カイ:K ケ:G
諤	ガク:GK
諥	チュ チョウ
諦	タイ:G ダイ テイ:K
諧	カイ:K ガイ:G
諨	フク
諩	フ
諪	ジョウ:G テイ:K
諫	カン:K ケン:G ラン
諬	ケイ:K
諭	トウ ユ:GK
諮	シ:GK
諯	ケン セン:K ゼン:G テン:K デン:G
諰	アイ サイ:K シ:GK セ:G
諱	キ:GK
諲	イン シン
諳	アン:K オン:G ツ:G トウ:K
諴	カン:K ガン:G コン:K ゴン:G
諵	ダン:K ナン:G
諶	シン:K ジン:G
諷	フ:G フウ:G
諸	シャ ショ:GK ジョ
諹	ヨウ
諺	ガン ゲン:GK
諻	コウ
諼	カン ケン:K
諽	カク:K キャク:G キョク コキ
諾	ダク:K
諿	シュウ:GK ショ
謀	ボウ:K ム:G
謁	アイ エチ:G エツ:K
謂	イ:GK
謄	トウ:K
謅	シュ:G シュウ:K ショウ:G ソウ:K
謆	セン:GK
謇	ケン:GK コン
謈	ハク:K バク:G ホウ:K ボウ:G
謉	カイ キ タイ ヅイ
謊	キョウ コウ:GK
謋	カク:K キャク:G ケキ トク:K ドク:G
謌	カ:GK
謍	エイ:K オウ ギョウ:G ケイ:K コウ:GK ヨウ:G
謎	ベイ:K マイ:G メイ
謏	シュク ショウ:G ス スク ソウ:K
謐	ヒツ ビツ:K ミチ:G
謑	カ:K カイ:K ケ:G ケイ:K ゲ:G ゲイ
謒	ショウ:G ソウ:K
謓	シン
謔	カク:G キャク:K ギャク
謕	シ ダイ:G テイ:K
謖	シュク:K ショク
謗	ホウ:GK ボウ
謘	ジ:G タイ チ:K ヅイ
謙	ケン:GK
謚	エキ:K キャク:G ケキ:K シ:K ヤク:G
講	コウ:GK
謜	ガン ゲン:K セン
謝	シャ:K ジャ:G
謞	カク:GK キョウ:G コウ:K
謟	トウ:GK
謠	ヨウ:GK
謡	ヨウ:GK
謣	ウ ク
謤	ヒョウ
謥	ス:G ソウ:K
謦	キョウ:G ケイ:K
謧	ライ リ リョウ:G レイ:K ロウ
謨	バク:K ボ:K マク:G モ:G
謩	ボ
謪	ショウ:G ソウ:K
謫	サク:K シャク:G タク:K チャク:G テキ:K
謬	ビュウ:K ミュ
謭	セン:GK
謮	サク:K シャク:G
謯	サ:K シャ:G ショ:G ソ:K
謰	レン:GK
謱	ル:G ロウ:K
謲	サン シン
謳	ウ:G オウ:K ク
謴	コン
謵	シュウ ショウ チョウ
謶	シャ シャク ショ
謷	ギュウ ギョウ:G グ ゴウ:GK
謸	ゴウ
謹	キン:K コン:G ゴン
謺	シュウ ショウ チョウ
謻	イ シ:K ジ:G チ
謼	キョウ:G ク:G コ:K コウ:K ゴウ
謽	キョウ:K ゴウ:G
謾	バン:K ベン:K マン:G メン:G
謿	トウ
譀	カン:K ガン:G キョウ:G ケン:K ゲン:G コウ:K
譁	カ:K ガ:K ケ:G ゲ:G
譂	セン:GK
譃	ク:GK
譄	ソウ:GK
譅	シュウ:GK ドウ:K ノウ:G
譆	イ キ:K
譇	シャ タ
譈	ズイ タイ:K
證	ショウ:GK セイ:K
譊	キョウ ドウ:K ニョウ:G
譋	ラン
譌	カ:K ガ:GK キ ゲ:G
譍	オウ:G ヨウ:K
譎	キツ ケチ:G ケツ:K
譏	キ:K
譐	ソン
譑	キョウ:GK
譒	ハ:GK
譓	エ:G ケイ:K
譔	セン:GK ゼン:G
譕	ブ:K ボ:K ム:G モ:G
譖	シン:GK セン
譗	トウ
識	シ:GK シキ:G ショク:K
譙	ショウ:K ジョウ:G スイ:K ズイ:G
譚	タン:K ダン:G
譛	シン:GK
譜	フ:G ホ:K
譝	ショウ:K ジョウ:G
譞	ケン:GK
譟	ソウ:GK
譠	セン:K ゼン:G タン テン
譡	トウ
譢	スイ
譣	ケン:GK ゲン:GK セン:GK
譤	キャク:G キョウ ケキ:K
譥	キョウ
警	キョウ:G ケイ:K
譧	サン:K ゼン:G レン
譨	ドウ:K ニョウ:G ヌ
譩	イ:GK エ
譪	アイ
譫	ショウ:G セン:GK ソウ:K トウ:K ドウ:G
譬	ヒ:GK
譭	キ:GK
譮	エ カイ:K ケ:G
譯	エキ:K ヤク:G
議	ギ:GK
譱	ゼン:G
譲	ジョウ:K ニョウ:G
譳	ドウ:K ヌ:G
譴	ケン:GK
譵	ツイ
譶	ジュウ:G チュウ:K トウ:K ドウ:G
護	ゴ:G
譸	ジュ チュ チュウ:GK
譹	コウ:K ゴウ:G
譺	ガイ ギ ギョク:K ゴク:G
譻	オウ:K ヨウ:G
譼	カン:K
譽	ヨ:GK
譾	セン:GK
譿	エ:G ケイ:K
讀	ズ:G トウ:K トク:K ドク:G
讁	タク:K
讃	サン:GK
讄	ルイ:GK
讅	シン
讇	エン セン:K ゼン:G テン
讈	リャク:G レキ:K
讉	イ:K タイ ツイ ユイ:G
變	ヘン:GK ベン
讋	ショウ:GK トウ:K ドウ:G
讌	エン:GK
讍	ガク:GK
讎	シュウ:K ジュ:G
讏	エ:G エイ:K
讐	シュウ:K
讑	ヨウ
讒	サン:K ザン ゼン:G
讓	ジョウ:K ニョウ:G
讔	イン:K オン:G
讕	ラン:GK
讖	サン シン:GK
讗	エ:G カ:K カク:K キャク:G ケイ:K ゲ:G ワク
讘	ショウ ジョウ:K ニョウ:G
讙	カン:GK ケン:K
讚	サン:GK
讛	ゲイ
讜	トウ:GK
讝	セン:GK ダン ネン
讞	ゲチ:G ゲツ:K ゲン:GK
讟	トウ トク:K ドク:G
谷	コク:GK ヨク:GK ロク:GK
谸	セン:GK
谹	オウ:G コウ:K
谺	カ:K ケ:G
谻	カク:K キャク:G ケキ
谼	グ:G コウ:K
谽	カン:K ケン:G コン:G
谾	ク:G コウ:K ル:G ロウ:K
谿	ケイ:K ゲイ
豀	ケイ ゲイ
豁	カチ:G カツ:K
豂	リョウ
豃	カン:K ケン:G
豄	トク
豅	ル:G ロウ:K
豆	シュ:G シュウ:K ズ:G トウ:K
豇	コウ:GK
豈	カイ:GK ガイ キ:K ケ:G
豉	シ:K ジ:G
豊	フ:G フウ:K ブ:G ホウ:K ライ:G レイ:K
豋	トウ:GK
豌	エン ワン:GK
豍	ハン:K ヘイ ヘン:G
豎	シュ:K ジュ:G
豏	カン:K ゲン:G
豐	フ:G フウ:K ブ:G ホウ:K ライ:G レイ:K
豑	ジチ:G チツ:K
豓	エン:GK
豔	エン:GK
豕	カイ:K ガイ:G シ:GK
豖	チク チョク トク
豗	カイ:K
豘	トン:K
豙	ギ:K
豚	トン:K ドン:G
豛	エキ:K ヤク:G
豜	ケン
豝	ハ:K ヘ:G
豞	カク ク:G グ コウ:K
豟	アク:K ヤク:G
豠	ショ:G ソ:K ゾ
象	ショウ:K ゾウ:G
豢	カン:K ガン:G ケン:K ゲン:G
豣	ケン:GK ゲン
豤	ケン:GK コン:GK
豥	カイ:K ガイ:G
豦	キョ:K コ:G ゴ
豧	フ:G フウ ブ:G ホ:K ホウ:K
豨	キ:K ケ:G
豩	カン:GK ケン ヒン:GK
豪	コウ:K ゴウ:G
豫	シャ ショ:K ジョ:G チョ ヨ:GK
豬	シャ チョ:GK
豭	カ:K ケ:G
豯	ケイ ゲイ
豰	カク ク:G コウ:K コク:K ゴク:G トク ドウ:K ヌ:G ハク:K バク:G
豱	オン
豲	カン:K ガン ゲン:G
豳	ハン:K ヒン:GK ヘン:G
豴	チャク:G テキ:K
豵	シュ:K ショウ:G ス:G ソウ:K
豶	フン:K ブン:G
豷	エイ キ
豸	ジ:G タイ:K ダイ:G チ:K
豹	ヒョウ:G ホウ:K
豺	サイ:K ザイ:G
豻	カン:K ガン:GK
豼	ヒ:K
豽	ダツ ネチ
豾	ヒ:GK
豿	ク:G コウ:K
貀	ジュツ ダツ トチ トツ ニュチ ネチ
貁	ユ:G ユウ:K
貂	チョウ:GK
貃	ハク:K バク:G
貄	イ シ
貅	キュウ:K ク:G
貆	カン:GK ガン:G ケン:K
貇	コン:GK
貈	カク:K ガク:G
貉	カク:K ガク:G ハク バ:K バク:K マク:G ミャク:G メ:G
貊	ハク バク:K バツ ミャク:G メチ
貋	カン:K
貌	バク:K ボウ:K マク:G ミョウ:G
貍	リ:GK
貎	ゲイ:K
貏	ヒ
貐	イ ユ:GK
貑	カ:K ケ:G
貒	カン タン:GK
貓	ビョウ:K ボウ:K ミョウ:G
貔	ヒ:K ビ:G
貕	ケイ ゲイ
貖	アク:K ヤク:G
貗	ク:K グ:G ユ ル
貘	バク:K ミャク:G
貙	チュ チョ
貚	タン:K ダン:G テン:K デン:G
貛	カン:GK ガン ケン
貜	カク:G キャク:K ケキ ワク
貝	ハイ:GK バイ
貞	ジョウ:G チョウ:K テイ:K
貟	イン ウン エン
負	フ:K フウ:K ブ:G
財	サイ:K ザイ:G
貢	ク:G コウ:K
貣	トク
貤	イ:GK シ:K ジ:G
貥	コウ:K ゴウ:G
貦	ガン
貧	ヒン:K ビン:G
貨	カ:GK
販	ハン:K ホン:G
貪	タン:K トン:G ドン:G
貫	カン:GK ワン
責	サイ:K サク:K シャク:G シン セキ:K
貭	シツ:K
貮	ジ:K ニ:G
貯	チョ:GK
貰	シャ:K セイ:K
貱	ヒ
貲	シ:GK
貳	ジ:K ニ:G
貴	キ:GK
貵	ヘン
貶	ハン:K ヘン:GK ホウ:K ホン:G ボウ:G
買	バイ:K マイ:G
貸	タイ:GK トク
貹	ショウ:G セイ:K
貺	キョウ:K コウ:G
費	ヒ:GK フチ フツ
貼	チョウ:GK テン
貽	イ:GK タイ
貾	ジ:G チ:K
貿	ボウ:K ム:G モ:G
賀	ガ:G
賁	ヒ:GK フン:K ホン:GK
賂	ル:G ロ:K
賃	ジン:K チン ニン:G
賄	カイ:K ワイ
賅	カイ:GK ガイ
賆	ヒョウ:G ヘイ:K ヘン:K ベン:G
資	シ:GK
賈	カ:K ク:G ケ:G コ:K
賉	シュツ:K
賊	ソク:K ゾク:G
賋	コウ
賌	カイ
賍	ソウ:GK ゾウ
賎	セン:K
賏	エイ:K オウ ヨウ:G
賐	シュン
賑	シン:GK チン
賒	シャ
賓	ヒン:GK
賔	ヒン
賕	キュウ:K グ:G
賖	シャ:GK
賗	セン
賙	シュ:G シュウ:K
賚	ライ:GK リ
賛	サン:GK
賜	シ:GK
賝	チン:GK
賞	ショウ:GK
賟	テン
賠	ハイ:K バイ:G
賡	キョウ:G コウ:K ショク:K ゾク:G
賢	ケン:K
賣	バ:K バイ:K マイ:T メ:G
賤	セン:K ゼン:G
賥	スイ
賦	フ:GK
賧	タン:K ダン:G
賨	ズ:G ソウ:K
賩	ソウ
質	シ シチ:G シツ:K チ:GK
賫	セイ
賬	チョウ
賭	ツ:G ト:K
賮	シン:K ジン:G
賯	ケイ:K
賰	シュン:GK
賱	ウン:GK
賲	ホウ:GK
賳	サイ
賴	ライ:GK
賵	フ:G フウ:K ボウ
賶	ソウ
賷	セイ
賸	ショウ:K ジョウ:G ヨウ:GK
賹	アイ エ
賺	タン:K デン:G レン
賻	フ:K ブ:G
購	コウ:K
賽	サイ:GK
賾	サク:K ジャク:G
賿	リョウ:G ロウ:K
贀	イ
贁	ハイ:K
贂	シン
贃	エン:G ワン:K
贄	ゲチ:G ゲツ:K シ:GK チュウ
贅	ギョウ:G ゴウ:K セイ:K ゼイ
贆	ヒョウ
贇	イン:K
贈	ソウ:K ゾウ:G
贉	タン:K ドン:G
贊	サン:GK
贋	カン ガン:K
贍	セン:K ゼン:G
贎	バン:K ライ:G レイ:K
贏	エイ:K ヨウ:G
贐	シン:K ジン:G
贑	カン
贒	ケン:K
贓	ソウ:GK ゾウ
贔	ヒ:K ヒイ ビ:G
贕	トク:K ドク:G
贖	シュ:K ショク:K ジュ:G ゾク:G
贗	ガン:K ゲン:G
贙	ケン:K ゲン:G
贚	リュ リョウ
贛	カン:K ク:G ケン:G コウ:K コン:G チュ チョウ:G トウ:K
贜	ゾウ
赤	シャク:G セキ:K
赥	キャク:G キョク ケキ:K コキ
赦	サク:K シャ:GK シャク:G
赧	タン ダン:K
赨	キュウ:K グ:G ズ:G トウ:K ユ:G ユウ:K
赩	カク:K キャク:G キョク:K コク:G
赫	カ:K カク:K キャク:G ケ:G ケキ シャク:G セキ:K
赬	チョウ:G テイ:K
赭	シャ:GK
赮	カ:K ゲ:G
赯	トウ:K ドウ:G
走	シュ:G ソウ:K
赱	ソウ:K
赲	リキ リョク
赳	キュウ:GK
赴	フ:GK
赶	カン:K ガチ ケツ ケン:K ゲン:G ゴン:G
起	キ:K
赸	サン
赹	ギョウ:G ケイ:K シュン
赺	カン キン:K ギン ゴン:G
赻	セン
赼	シ
赽	ケ:G ケイ:K ケチ:G ケツ:K
赾	キン:K コン:G
赿	エツ チ:K
趀	シ
趁	シン チン:GK デン:K ネン:G
趂	チン:GK
趃	テツ:K デチ:G トツ:K ドチ:G
趄	ショ:K
超	チョウ:GK
趆	タイ:G テイ:K
趇	シュウ
趈	タン:K テン:G
趉	ガチ キツ ギチ クチ クツ グチ ジュチ チュツ
越	エツ:K オチ:G オツ カツ:K ガチ:G
趋	スウ
趌	キチ:G キツ:K ケチ:G ケツ:K
趍	シュ:K ジ:G チ:K
趎	シュ:G シュウ:K ジュ チュ チュウ
趏	カツ:K ガチ ガツ ケチ:G ゲチ
趐	ケチ:G ケツ:K
趑	シ:GK
趒	ジョウ:G チョウ:K
趔	レチ:G レツ:K
趕	カン
趖	サ
趗	ショク:K ソク:G
趘	ギャク ケキ
趙	キョウ ジョウ:G チョウ:K
趚	ソク
趛	ギン:K ゴン:G
趜	キク キュウ:K グ:G
趝	ケン
趞	サク:G シャク:GK ジャク:G セキ:K
趟	ジョウ チョウ:G トウ:K
趠	タク:GK チョウ:GK トウ
趡	イ:K ショ:K ショウ ジョ:G スイ ユイ:G
趢	リョク:K ロク:G
趣	シュ:K シュウ ショク:K ソウ ソク:G
趤	トウ:K ドウ:G
趥	シュ:G シュウ:K
趦	シ:GK
趧	タイ:G ダイ テイ:K
趨	シュ:K ショク:K スウ ソク:G
趩	チキ:G チョク:K
趪	オウ:G コウ:K
趫	キョウ:K ギョウ:G チョウ
趬	キョウ:GK
趭	ショウ:K ジョウ:G ヨウ
趮	ソウ
趯	チャク:G テキ:K ヤク:GK ヨウ
趲	サン:K ザン:G ソ
足	シュ:K ショク:K スウ ソク:G
趴	ハツ
趵	サク:K シャク:G ハク:GK ヒョウ:G ホウ:K
趶	ウ:G オ:K ク:G コ:K
趷	コツ
趹	ケ:G ケイ:K ケチ:G ケツ:K
趺	フ:GK
趻	シン タン チン:GK テン
趼	ケン:GK ゲン:GK
趽	ビョウ:G ホウ:K ボウ
趾	シ:GK
趿	シュウ ソウ
跀	ガツ ゲツ:K ゴツ ハツ
跁	ハ:K ベ:G
跂	キ:GK ギ:G ケキ ゲキ シ リ
跅	シャク:G セキ:K タク:GK
跆	タイ:K ダイ:G
跇	エイ:K セイ ゼイ テイ
跈	ジン:G セン:K ゼン:G チン:K テン:K デン:GK ネン:G
跉	リョウ:G レイ:K
跊	バイ:K マイ:G
跋	ハイ ハツ:K バチ:G バツ:G
跌	テツ:K デチ:G トツ:K ドチ:G
跍	ク:G コ:K
跎	タ:K ダ:G
跏	カ:K ケ:G
跐	サイ シ
跑	ハク:K バク:G ビョウ:G ホウ:K ホク:K ボク:G
跒	カ:K ケ:G
跓	ジュ チュ
跔	ク:GK
跕	チョウ:GK
跖	シャク:G セキ:K
跗	フ:GK ブ
跘	ハン:K バン:G ベン
跙	シャ ショ:K ジョ:G ソ
跚	サン:GK
跛	ハ:GK ヒ:GK
跜	ジ:K ニ:G
距	キョ:K
跟	コン:GK
跠	イ ジ:G チ:K
跡	シャク:G セキ:K
跢	ジ:G タ タイ チ:K チチ:G チツ:K
跣	セン:GK ソン
跤	キョウ:G コウ:K
跥	タ:GK
跦	ジュ チュ チュウ
跧	サン:K シュン セン:GK ゼン:G ソン
跨	カ:K カイ:K ク:G ケ:G コ:K
跩	セイ ゼイ
跪	キ:K ギ:G
跫	キョウ:K キョク:K ク:G コウ:GK コク:G
跬	カイ:K キ:GK ケ:G セチ:G セツ:K
跭	コウ:K ゴウ:G
跮	チ チチ:G チツ:K テツ:K デチ:G
路	ラク ロ:K
跰	ヘイ ヘン:K ホウ:K
跱	ジ:G チ:K
跲	キュウ キョウ:GK コウ:GK ゴウ
跳	ジョウ:G チョウ:K トウ:K ドウ:G
跴	サイ
践	セン:K ゼン:G
跼	キョク:K ク:K グ:G ゴク:G
跽	キ:K ギ:G
跾	シュク チュ チュウ
跿	ズ:G ト:K
踀	シュク スク
踁	キョウ:G ギョウ:G ケイ:K コウ:K
踂	ジョウ:K チュウ ニョウ:G
踃	ショウ
踄	ハク:K バク:G ブ:G ホ:K
踅	セツ:K ゼチ:G タイ:G テイ:K
踆	シュン:GK ソン:GK ゾン:G
踇	ボウ:K モ:G
踈	ソ:K
踉	リョウ:K ロウ:GK
踊	ユ:G ヨウ:K
踋	キャク:K
踌	チュウ:K
踏	トウ:GK
踐	セン:K ゼン:G
踑	キ:K ギ:G
踒	イ ズイ ワ
踓	イ シュク スイ
踔	ジョウ タク:GK チャク チョウ:G チョク トウ:K
踕	ショウ:K ジョウ:G
踖	サク シャク:G セキ:K
踗	ジョウ:K ニョウ:G
踘	キク コク
踚	リン ロン
踛	リク:K ロク:G
踜	チョウ ロウ
踝	カ:K ゲ:G
踞	キョ:K コ:G
踟	ジ:G チ:K
踠	エン:K オン:G ワ
踡	ケン:K ゲン:G
踢	シャク チャク:G テキ:K
踣	ハイ:K バイ:G フ:G ブ:G ホウ:K ホク:K ボク:G
踤	シュツ スイ ソツ
踥	ショウ
踦	イ:GK キ:GK ギ
踧	シュク:K ジャク:G テキ:K
踨	ショウ
踩	キ サイ レツ
踪	シュウ ソウ:K
踫	ハン:K ヘン:G
踰	チュ ユ:GK ヨウ
踱	タク:K ダク:G チャク:GK
踲	トン
踳	シュン:GK セン:GK
踴	ヨウ:K
踵	シュ:G ショウ:K
踶	シ:K ジ:G ダイ:G チ:K テイ:K
踷	タ:K
踸	タン チン:GK テン
踹	セン:K ゼン:G タン:GK
踺	ケン:K ゴン:G
踻	カ:K ケ:G タ:K ダ:G
踼	ショウ トウ:K ドウ:G
踽	ク:GK
踾	ヒキ:G ヒョク:K フク
踿	シュク
蹀	ジョウ:G チョウ:K
蹁	ヘン:K ベン:G
蹂	ジュウ:K ニュ ニュウ:G
蹃	ジャ ジャク:K ダ:K ダク ナ:G ニャ ニャク:G
蹄	ダイ:G テイ:K
蹅	サ
蹆	タイ
蹇	ケン:GK コン:G
蹈	トウ:K ドウ:G
蹉	サ:GK シ
蹊	ケイ:K ゲイ
蹋	トウ:K ドウ:G
蹌	ショウ:K ソウ:G
蹍	テン:GK デン:K ネン:G
蹎	テン:GK
蹏	ダイ:G テイ:K
蹐	シャク:G ショク セキ:K
蹑	ジョウ
蹔	サン:K ザン:G
蹕	ヒ:K ヒチ:G ヒツ:K ビ:G
蹖	シュ:G ショウ:K
蹗	ロク
蹘	リョウ:K ロウ:G
蹙	シャク:G シュク:K セキ:K
蹚	ジョウ:G トウ:K
蹛	タ タイ:GK タン ダイ:G テイ:K
蹜	シュク:K
蹝	シ:GK
蹞	キ:GK
蹟	シャク:G セキ:K
蹠	シャク:G ショ セキ:K
蹡	ショウ:K ソウ:G
蹢	ジャク:G タク:K チャク:G テキ:K
蹣	ハン:K バン:GK マン:G
蹤	シュ:G ショウ:K
蹥	レン
蹦	ホウ
蹧	ソウ
蹨	ゼン:K デン ネン:G
蹩	ヘツ:K ベチ:G ベツ:G
蹪	キ ズイ タイ
蹫	キチ:G キツ:K
蹬	トウ:K ドウ:G
蹭	ショウ ソウ:GK
蹮	セン
蹯	ハン:K フン:K ブン:G ボン:G
蹰	チュ
蹱	シュ:G ショウ:K チュ チョウ:K
蹲	サン:K ザン:G シュン ソン:K
蹳	ハチ:G ハツ:K バチ
蹴	シュウ シュク:K
蹵	シュウ シュク
蹶	カチ ケ:G ケイ:K ケチ:G ケツ:K
蹷	ケツ
蹸	リン
蹹	トウ:K
蹺	キョウ:GK
蹻	ガク キャク:K キョウ:GK キョク:K コク:G
蹼	ホク:GK ボク
躁	ソウ:GK
躂	タチ:G タツ:K
躃	ヘキ:K
躄	ヒャク:G ビャク ヘキ:K
躅	ジク ジョク タク:K チョク:K
躆	キャク:G キョ:K ケキ:K コ:G
躇	ジョ:G チャク:GK チョ:K
躈	キョウ
躉	トン
躊	ジュ チュウ:K
躋	サイ:G セイ:K
躌	ボ:K モ:G
躍	テキ:K ヤク:GK
躎	デン:K ネン:G
躐	リョウ:GK
躑	テキ:K
躒	ヤク ラク:GK リャク:G レキ:K
躓	シチ:G シツ:K チ:GK
躔	テン:K デン:G
躕	ジュ チュ チュウ:K
躖	タン
躘	リュ リョウ:K
躙	リン:GK
躚	セン:GK
躛	エ:G エイ:K カイ:K
躝	タン:K ダン:G ラン:GK
躞	ショウ:GK
躟	ジョウ:K ニョウ:G
躠	サチ:G サツ:K セチ:G セツ:K
躡	ジョウ:K ニョウ:G
躢	トウ:K ドウ:G
躣	ク:K グ:G
躤	シャ セキ
躥	サン
躦	サ:K サン:K ザ:G ザン:G
躧	サイ:K シ:GK セ:G リ
躨	キ:K ギ:G
躩	カク:G キャク:K ケキ
躪	リン:GK
身	カン ケン:K ゲン:G シン:GK
躬	キュウ:K ク:G
躭	タン:K
躯	ク:GK
躰	タイ:G
躱	タ:GK
躲	タ
躳	キュウ:K
躴	ロウ
躶	ラ:GK
躷	アイ
躸	キ
躹	キク コク
躺	トウ
躽	エン
躿	コウ
軀	ク:GK
軁	ル:GK ロウ:K
軂	ロウ
軃	タ
軄	ショク:K
軆	タイ:G
軇	トウ:K ドウ:G
軉	ギョク:K ゴク:G
車	キョ:K コ:G シャ:GK
軋	アツ:K アン:K エチ:G エン:G
軌	キ:GK
軍	クン:GK グン
軎	エイ セイ ゼ
軏	ガチ ゲツ:K ゴチ:G ゴツ:K
軐	シン セン
軑	タイ:K ダイ:G テイ:K
軒	カン:K ケン:K コン:G
軓	ハン:K ホン:G
軔	ジ:K ジン:K ニ:G ニン:G
軖	キョウ:G コウ:K
軗	シュ
軘	トン:K ドン:G
軙	チン
軛	アク:K ヤク:G
軜	ダイ:K ドウ:K ナイ:G ノウ:G
軝	キ:K ギ:G シ:K ジ:G
軞	ボウ:K モウ:G
軟	ゼン:K ナン ネン:G
軠	ジン:K ニン:G
軡	キン:K ケン ゴン:G
転	セン テン:GK
軣	ゴウ
軤	ク:G コ:K
軥	ク:G グ コウ:K
軦	キョウ:G コウ:K
軧	ジ:G タイ:G チ:K テイ:K
軨	リョウ:G レイ:K
軩	タイ:K ダイ:G
軪	オウ:K ヨウ:G
軫	シン:GK
軬	ハン:K ホン ボン:G
軭	キョウ:K ゴウ:G
軮	オウ:GK フク:K ブク:G
軯	ヒョウ:G ビョウ ホウ:K
軰	ハイ:K
軱	ク:G コ:K
軲	ク:G コ:K
軳	ビョウ:G ホウ:K
軴	チュ
軵	ジョウ ニュ フ:G ブ ホ:K
軶	アク:K ヤク:G
軷	ハイ:K ハツ:K バイ:G バチ:G
軸	ジク:G チク:K
軹	キ シ:GK シン
軺	ショウ:K ジョウ:G チョウ:K ヨウ:GK
軻	カ:GK
軼	イチ:G イツ:K テツ:K デチ:G
軽	キョウ:G キン:T ケイ:K
軾	シキ:G ショク:K
軿	ヘイ ヘン ホウ
輀	ジ:K ニ:G
輁	キョウ:K ク:G グ
輂	キョク:K コク:G
較	カク:GK コウ:K
輄	コウ
輅	カク ガ:K ギャク ゲ:G ラク ル:G ロ:K
輆	カイ
輇	ケン:K ゲン:G セン:K チュン
輈	シュ:G シュウ:K チュ チュウ:GK
載	サイ:GK ザイ:G タイ
輊	チ:GK
輌	リョウ:K
輍	ヨク
輎	ショウ:G ソウ:K
輏	ユウ:K
輐	カン:K ガン:G
輑	キン ギン クン:K グン:G
輒	チョウ:GK
輓	バン:K マン:G
輔	フ:K ブ:G ホ
輕	キョウ:G キン:T ケイ:K
輖	シュ:G シュウ:K チョウ
輗	ギ ゲイ:K
輘	リョウ:GK ロウ:GK
輙	チョウ:GK
輚	サン:K ゼン:G
輛	リョウ:K
輜	シ:GK
輝	キ:K
輞	ボウ:K モウ:G
輟	テ テイ:K テチ:G テツ:K
輠	カ:GK カイ:K カン:K ガ ガン:G ゲ:G ジョウ:G ソウ:K ワ
輡	カン:K コン:G
輢	イ キ
輣	ビョウ:G ホウ:K ボウ
輤	セン
輥	コン:GK
輦	レン:GK
輧	ヒョウ:G ビョウ:G ヘイ:K ヘン:K ベン:G ホウ:K
輨	カン:GK
輩	ハイ:K ヘ:G
輪	リン:GK
輫	ハイ:K バイ ベ:G
輬	リョウ:K
輭	ゼン:K ナン ネン:G
輮	ジュウ:K ニュ
輯	シュウ:K ショ ショウ ジュウ:G
輰	チョウ ヨウ
輱	カン:K ゲン:G コン
輲	セン:K ゼン:G
輳	ス:G ソウ:K
輴	チュン:GK
輵	アチ アツ:K エチ:G カチ:G カツ:K ケチ:G ケツ:K
輶	ユ:G ユウ:K
輷	コウ:GK ゴウ
輸	シュ:K ユ
輹	フク:GK ブク
輺	シ:GK
輻	フ:G フウ:K フク:GK
輼	ウン オン
輽	ホン:K ボン:G
輾	テン:GK デン:K ネン:G
輿	ヨ:GK
轀	ウン オン:GK
轁	トウ
轂	コク:GK
轃	シン:GK セン
轄	カイ:GK カツ:K
轅	エン:K オン:G
轆	ロク:GK
轇	コウ:K
轈	ジョウ:G ソウ:K
轉	セン テン:GK
轊	エイ:K
轋	ケン:K コン:G
轍	テツ:K デチ:G
轎	キョウ:K
轏	サン:K セン:K ゼン:G
轐	ホク:K ボク:G
轑	リョウ:GK ロウ:GK
轒	フン:K ブン:G
轓	ハン:K ヘン ホン:G
轔	リン:GK
轕	カツ:K ケチ:G
轖	シキ:G ショク:K
轗	カン:K コン:G
轘	カン:K ガン:G ケン:K ゲン:G
轙	ギ
轚	キャク:G ケイ ケキ:K ゲキ
轛	タイ:G ツイ テ テイ:K
轜	ジ:K ニ:G
轝	ヨ:GK
轞	カン:K ガン:G
轟	コウ:GK ゴウ
轠	ライ ルイ レ
轡	ヒ:GK
轢	ラク:GK ラチ:G ラツ:K リャク:G レキ:K
轣	リャク:G レキ:K
轤	ロ:K
轥	リン:GK
辛	シン:GK
辜	ク:G コ:K
辝	ジ:G
辞	シ:K ジ:G
辟	ハク:K ヒ ヒャク:G ビ:K ビャク:G ヘイ ヘキ:K ミ:G
辠	サイ:K ザイ:G セ:G
辡	ヘン:K ベン:G
辢	ラチ:G ラツ:K
辣	ラツ:K
辤	シ:K ジ:G
辥	セチ:G セツ:K
辦	ハン:K ベン:G
辧	ベン:G
辨	ハン ヘン:K ベン:G
辬	ハン ヒン
辭	シ:K ジ:G
辮	ヘン:K ベン:G
辯	ハン ヘチ:G ヘツ:K ヘン:K ベン:G
辰	シン:K ジン:G
辱	ジョク:K ニク:G
農	ドウ:K ヌ ノウ:G
辳	ノウ
辴	シン チ:GK チチ:G チツ:K チン:GK
辵	チャク:GK
辶	チャク
辸	ジョウ:K ニョウ:G
边	ヘン
辺	ヘン:GK
达	タチ:G タツ:K
辿	テン:GK
迀	カン:GK
迁	セン:GK
迂	ウ:GK
迃	ウ
迄	キツ:K コチ:G
迅	シュン:GK シン:GK ジン
迆	イ:GK
过	カ
迊	ソウ:GK
迋	オウ:GK ガク キャク キョウ:K コウ:G ゴウ
迌	トチ トツ
迍	チュン:GK トン:K ドン:G
迎	ギョウ:G ゲイ:K ゴウ:K
迏	テイ
运	ウン:GK
近	キン:K コン:G ゴン:G
迒	コウ:K ゴウ:G
迓	ガ:K ギョ:K ゲ:G ゴ:G
返	ハン:K ヘン ホン:G
迕	ゴ:K
迗	ガ
还	カン
这	ゲン
迠	ショウ チョウ
迡	ジ:G チ:K デイ:K ナイ:G
迢	ジョウ:G チョウ:K
迣	セイ:K タイ:G テイ:K レイ レツ
迤	イ:GK タ:K ダ:G
迥	キョウ:G ギョウ:G ケイ:K
迦	カ:K カイ:K キャ:GK ケ:G ゲ:G
迧	チン
迨	タイ:K ダイ:G
迩	ジ:K ニ:G
迪	テキ:K トク
迫	ハク:K ヒャク:G
迬	オウ キョウ:G コウ:K
迭	イツ テイ テツ:K
迮	サク:GK シャク:G
迯	トウ:K
述	シュツ:K ジュツ:G
迱	イ:GK タ:K ダ:G
迳	ケイ
迴	エ:G カイ:K
迵	ズ:G トウ:K
迶	ウ:G ユウ:K
迷	ビ ベイ:K メイ
迸	ホウ:K
迹	シャク:G セキ:K
迺	ダイ:K ナイ:G
迻	イ:GK
追	タイ ツイ:GK
迾	レイ レチ:G レツ:K
迿	ケン シュン:K ジュン:G
退	タイ:GK トン
送	ソウ:K
适	カチ:G カツ:K
逃	チョウ:G トウ:K
逄	ホウ:K ボウ:G
逅	コ:K コウ:K ゴ:G
逆	ギャク ゲキ:K
逇	トン:K ドン:G
逈	ケイ:K
逋	フ:G ホ:K
逌	ユ:G ユウ:K
逍	ショウ:GK
逎	シュウ:K
透	シュク:GK トウ:K
逐	ジク:G チク:K チュウ テキ トン
逑	キュウ:K グ:G ジュツ
递	テイ
逓	テイ:K
途	ズ:G ト:K
逕	キョウ:G ケイ:K
逖	チャク:G テキ:K
逗	キ ジュ ズ:G チュ トウ:K
逘	ギ:K ゲ:G シ:K ジ:G
這	ゲン:GK ゴン シャ
通	ツ:G ツウ:G トウ:K
逛	キョウ:K コウ:G ゴウ:G
逜	ゴ
逝	セイ:K
逞	テイ:K
速	ソク:GK
造	ソウ:GK ゾウ:G
逡	シュン:GK
逢	ブ:G ホウ:K
連	ラン レン:GK
逤	サ
逥	カイ
逨	ライ:GK
逩	ホン
逪	サク:GK
逫	ケチ:G ケツ:K チュチ:G チュツ:K
逬	ヒョウ:G ヘイ ホウ:K
逭	カン:K ガン:G
逮	タイ:K テイ:K
逯	タイ:G ダイ テイ:K リョク:K ロク:G
逰	ユウ
週	シュウ:K
進	シン:GK ジン
逳	イク:GK
逴	タク:GK チャク:GK チョク
逵	キ:K ギ:G
逶	イ:GK
逷	タク チャク:G テキ:K
逸	イチ:G イツ:K
逹	タチ:G タツ:K ダチ:G
逺	エン:K オン:G
逼	ヒキ:G ヒツ ヒョク:K
逽	ジャク:K ニャク:G
逾	ツ:G トウ:K ユ:GK
逿	トウ:K ドウ:G
遀	ズイ
遁	シュン:GK ジュン トン:K ドン:G
遂	スイ:K ズイ:G
遃	ガン ゲン:GK
遄	セン:K ゼン:G
遅	ジ:G チ:K
遆	ダイ:G テイ:K
遇	ギョウ グ:GK グウ ゲ
遈	ショク:K ジキ:G
遉	チョウ:G テイ:K
遊	ユ:G ユウ:K
運	ウン:GK
遌	ガク:GK ゴ
遍	ヘン:GK
過	カ:GK
遏	アチ:G アツ:K カチ:G カツ:K
遐	カ:K ゲ:G
遑	オウ:G コウ:K
遒	シュウ:K ジュ:G
道	トウ:K ドウ:G
達	タチ:G タツ:K ダチ:G
違	イ:GK
遘	ク:G コウ:K
遙	ヨウ:GK
遚	シュ:G シュウ:K
遛	リュウ:K
遜	ソン:GK
遝	トウ:K ドウ:G
遞	テイ:K
遟	サイ:G ジ:G セイ:K チ:K
遠	エン:K オン:G
遡	ソ:K
遢	トウ:GK
遣	ケン:GK
遥	ヨウ:GK
遦	カン:GK
遧	ショウ:GK
遨	ゴウ:GK
適	セキ:K タク チャク:G テキ:K
遪	ソウ:K ゾウ:G
遫	チキ:G チョク:K
遬	ソク:GK
遭	ソウ:GK
遮	シャ:GK
遯	トン:K ドン:G
遰	セイ タイ:G ダイ:G テイ:K
遱	ル:G ロウ:K
遲	ジ:G チ:K
遳	サ
遴	リン:GK
遵	シュン:GK ジュン
遶	ショウ ジョウ:K ニョウ:G ノウ
遷	セン:GK
選	サツ サン セツ セン:GK
遹	イチ:G イツ:K シュツ ジュチ
遺	イ:K スイ:K ズイ:G ユイ:G
遻	ガク ゴ
遼	リョウ:GK
遽	キョ:K
遾	セイ ゼイ
避	ヒ:K ビ:G
邀	キョウ:GK ヨウ:GK
邁	バイ:K マイ:G
邂	カイ:K ゲ:G
邃	スイ:GK
還	カン:K ゲン:G セン:K
邅	テン:GK デン:G
邆	トウ:K ドウ:G
邇	ジ:K ニ:G
邈	バク:K マク:G
邉	ヘン:GK
邊	ヘン:GK
邋	リョウ:GK ロウ:GK
邌	ジ:G チ:K ライ:G レイ:K
邍	ガン:K ゲン:G
邎	ホウ
邏	ラ:GK
邐	リ:GK
邑	オウ:G ユウ:K
邒	ジョウ:G テイ:K
邓	サン
邔	キ:K ギ:G
邕	ユ:G ヨウ:K
邖	サン:K セン:G
邗	カン:K ガン:G
邘	ウ:GK ク
邙	ボウ:K モウ:G
邚	ジョ
邛	キョウ:K グ:G
邞	フ:K ブ:G
邟	キョウ:G コウ:K ゴウ
邠	ヒン:GK
邡	ホウ:GK ボウ
邢	キョウ:G ギョウ:G ケイ:K ケン コウ:K
那	ダ:K ナ:G
邤	キン:K ケン コン:G
邥	シン:GK
邦	ホウ:GK
邧	ガン:K ゲン:G
邨	ソン:GK チュン トン:K ドン:G
邩	カ
邪	シャ:K ジャ:G ヤ:GK ヨ
邫	ホウ
邭	ク:K グ:G
邮	ジャク:G テキ:K トク:K ドク:G ユ:G ユウ:K
邯	カン:K ガン:G
邰	タイ:GK
邱	キュウ:K ク:G
邲	ヒツ:K
邳	ヒ:K ビ:G
邴	ヒョウ:G ヘイ:K
邵	ショウ:K
邶	ハイ:K バイ:G ヘ:G
邷	ガ:K ゲ:G
邸	ジ:G タイ:G チ:K テイ:K
邹	シュウ
邼	キョウ:G コウ:K
邽	ケ:G ケイ:K
邾	シュ チュ
邿	シ
郀	ク:G コ:K
郁	イク:GK
郂	カイ
郃	キョウ:G コウ:K ゴウ:G
郄	ゲキ
郅	キチ:G キツ:K シチ:G シツ:K チチ:G チツ:K
郆	キチ:G キツ:K
郇	カン:K ゲン:G シュン:GK
郈	グ:G コウ:K ゴ
郉	ケイ
郊	コウ:K
郋	ケイ ゲイ
郌	ケイ:K
郍	ダ:K ナ:G フク:K ブク:G
郎	ロウ:GK
郑	テイ
郒	ロウ:GK
郔	エン
郕	ショウ:G ジョウ:G セイ:K
郖	ズ:G トウ:K
郗	キ:K ケ:G チ:GK
郘	リョ:K ロ:G
郙	フ:GK
郚	ギョ:K ゴ:G
郛	フ:GK フウ
郜	コウ:GK コク:GK
郝	カク:GK シャク:G セキ:K
郞	ロウ:GK
郟	キョウ:G コウ:K
郠	キョウ:G コウ:K
郡	クン:K グン:G
郢	エイ:K ヨウ:G
郣	ホツ:K ボチ:G
郤	キャク:G ケキ:K ゲキ
郥	ハイ
部	ブ:G ホ:K ホウ:K
郩	オウ:G ギョウ コウ:K
郪	サイ:G シ セイ:K
郫	ハイ:K バイ:G ヒ:K ビ:G
郬	ショウ:G セイ:K
郭	カク:GK
郮	シュ:G シュウ:K
郯	タン:K ダン:G
郰	サン シュ:G シュウ:K スウ:K
郱	ビョウ:G ヘイ:K
郲	ライ:GK レ
郳	ゲイ ジ:K ニ:G
郴	チン:GK
郵	スイ:K ズイ:G ユ:G ユウ:K
郶	ブ:G
郷	キョウ:K コウ:G ゴウ
郹	キャク:G ケキ:K
郺	オ オウ:K ユ ヨウ:G
郻	キョウ
郼	イ
都	チョ ツ:G ト:K
郾	エン:K
郿	ビ:K ミ:G
鄀	ジャク:K チャク ニャク:G
鄁	ハイ
鄂	ガク:GK
鄃	シュ ユ
鄄	イン:K オン:G ケン:GK シン セン
鄅	ウ:GK ク
鄆	ウン:GK
鄇	コウ ゴ
鄈	キ:K ギ:G
鄉	キョウ
鄊	キョウ
鄋	シュ:G シュウ:K ソウ
鄌	トウ:K ドウ:G
鄍	ベイ ミョウ:G
鄎	シキ:G ショク:K
鄏	ジョク:K ニク:G
鄐	キク チク:GK
鄑	シ シン
鄒	シュ:G シュウ:K ジュ スウ:K
鄔	ウ:G オ:K ヨ
鄕	キョウ:K コウ:G ゴウ
鄖	ウン:GK
鄗	カク:GK キョウ:G コウ:K ゴウ:G
鄘	ユ:G ヨウ:K
鄙	ヒ:GK
鄚	バク:K マク:G
鄛	ショウ:G ジョウ ソウ:K
鄜	フ:GK ロク
鄝	リョウ
鄞	ギン:K ゴン:G
鄟	セン:K ゼン:G タン:K ダン:G
鄠	コ:K ゴ:G
鄡	キョウ
鄢	エン:GK オン:G
鄣	ショウ:GK
鄤	バン:K マン:G
鄥	キョウ
鄦	キョ:K コ:G
鄧	トウ:K ドウ:G
鄨	ヘイ ヘチ:G ヘツ:K
鄩	シン:K ジン:G
鄪	ヒ
鄫	ショウ:K ゾウ:G
鄬	イ キ
鄭	ジョウ:G テイ:K
鄮	ボウ:K モ:G
鄯	セン:K ゼン:G
鄰	リン:GK
鄱	ハ:K ハン:K バ:G バン:G ヒ:K ビ:G
鄲	タ タン:GK
鄳	ベイ ボウ:K ミョウ:G
鄴	ギョウ:K ゴウ:G
鄵	サン ショウ:G ソウ:K
鄶	カイ:K ケ:G
鄷	ホウ:K
鄸	ボウ:K ム モウ:G
鄹	サン シュ:GK シュウ:K ジュ:G
鄺	コウ:GK
鄻	レン
鄼	サン:GK
鄽	テン:K デン:G
鄾	ウ:G ユウ:K
鄿	キ
酀	エン
酁	サン:K ザン:G
酃	リョウ:G レイ:K
酄	カン:K ケン:G
酅	ケイ ゲ セン
酆	フ:G フウ ホウ:K
酇	サ:K サン:GK ザ:G ザン
酈	ジャク:G テキ:K リ:GK リャク:G レキ:K
酉	ユ:G ユウ:K
酊	チョウ:G テイ:K
酋	シュウ:K ジュ:G
酌	シャク:GK
配	ハイ:GK ベ
酎	ジュ チュウ:K
酏	イ:GK
酐	カン コウ
酑	ウ
酒	シュ:G シュウ:K
酓	イン:K エン:GK オン:G カン:K コン:G タン:K ドン:G
酔	スイ:GK
酕	ボウ:K モウ:G
酖	ジン:G タン:K チン:K トン:G
酗	ク:GK
酘	ズ:G トウ:K
酙	シン
酚	フン
酟	テン
酠	カ:K ケ:G
酡	タ:K ダ:G
酢	サク:K ザク:G ソ:K
酣	カン:K ガン:G コン
酤	ク:G コ:K ゴ
酥	ソ:K
酧	シュウ:K
酨	サイ:K ザイ:G スイ タイ:K ダイ:G
酩	ベイ ミョウ:G メイ:K
酪	ラク:GK ロ
酫	セチ:G セツ:K
酬	シュウ:K ジュ:G チュウ
酭	ユ:G ユウ:K
酮	ジュ ズ:G チョウ トウ:K
酯	シ
酲	ジョウ:G テイ:K
酳	イン:GK シン:K ジン:G
酴	ズ:G ト:K
酵	キョウ:G コウ:K
酶	バイ:K メ:G
酷	カク コク:GK
酸	サン:GK
酹	ライ:GK ラチ:G ラツ:K ルイ レ
酺	ブ:G ホ:K
酻	スイ
醀	イ スイ
醁	リョク:K ロク:G
醂	ラン:GK リン
醃	アン:K エン:GK オン:G
醄	トウ:K ドウ:G
醅	ハイ:K フ:G フウ:K ヘ:G ホウ:K
醆	サン:K セン:G
醇	シュン:K ジュン:G
醈	タン:K ダン:G
醉	スイ:GK
醊	テ テイ:K テチ:G テツ:K
醋	サク:K ザク:G ソ:K
醌	コン
醍	タイ:G ダイ:G テイ:K
醎	カン:K
醏	ツ:G ト:K
醐	コ:K ゴ:G
醑	ショ:K
醒	ショウ:G セイ:K
醓	タン:K トン:G
醔	シュウ:K ジュ:G
醕	シュン:K ジュン:G
醖	ウン
醗	ハチ:G ハツ:K
醘	コウ:GK
醙	シュ:G シュウ:K
醚	ビ ベイ メイ
醛	セチ:G セツ:K
醜	シュ:G シュウ:K
醝	サ:K ザ:G
醞	ウン:GK
醟	エイ:K キョウ:G ケイ:K ヨウ:G
醠	オウ
醡	サ:K サイ:K シャ:G セ:G
醢	カイ:GK
醣	トウ
醤	ショウ:K
醥	ヒョウ
醦	サン:K シン:GK セン:G
醧	オ:G オウ ヨ:K
醨	リ:GK
醩	ソウ
醪	ロウ:GK
醫	イ:GK エイ:K
醬	ショウ:K
醭	ホク:GK
醮	ショウ:GK ジョウ:G ソウ:K
醯	ケイ:K
醰	タン:K ドン:G
醱	ハチ:G ハツ:K
醲	ジョウ:K ドウ ニュ ニョウ:G
醳	エキ:K シャク:G セキ:K ヤク:G
醴	ライ:G リ レイ:K
醵	ガク:G キャク:K キョ:K ゴ:G
醶	カン:K ゲン:GK サン ラン
醷	ア アイ イ オク:G タン:K トン:G ヨキ ヨク:K
醸	ジョウ:K ニョウ:G
醹	ジュ ニュ
醺	クン:GK
醻	シュウ:K ジュ:G トウ:K ドウ:G
醼	エン:GK
醽	リョウ:G レイ:K
醾	ビ:K ミ:G
醿	ビ:K
釀	ジョウ:K ニョウ:G
釁	キン:K
釂	ショウ:GK
釃	シ:GK ショ:G ソ:K リ
釄	ビ:K
釅	ゲン:K
釆	ハン:K バン:K ヘン:K ベン:G マン:G
采	サイ:GK ス:G ソウ:K
釈	エキ:K シャク:G セキ:K ヤク:G
釉	ユ:G ユウ:K
釋	エキ:K シャク:G セキ:K ヤク:G
里	リ:GK
重	シュ:G シュウ:K ジュ ジュウ:G ズ:G チョウ:K トウ:K
野	ショ:K ジョ:G ヤ:GK ヨ
量	リョウ:K
釐	キ タイ ライ リ:GK
金	キン:K コン:G ゴン
釓	キュウ
釔	イツ
釕	チョウ リョウ
釖	トウ:GK
釗	キョウ ショウ:GK ソウ
釘	チョウ:G テイ:K リョウ:G レイ:K
釙	ハク:GK
釚	キュウ:K グ:G
釛	コク:K ゴク:G
釜	フ:K
針	シン:GK
釞	チュウ
釟	ハツ:K ヘチ
釠	ラン
釡	フ:K
釢	ダイ
釣	チョウ:GK
釤	サン:K セン:GK
釥	ショウ:GK
釦	ク:G コウ:K
釧	セン:GK
釨	シ
釩	ハン:K ホン:G
釪	ウ:GK
釫	ウ:G オ:K カ:K ゲ:G コ:K ゴ:G シャ:K ジャ:G
釬	カン:K ガン:G
釭	ク:G コウ:GK
釮	ザイ:G セイ:K
釯	ボウ:K
釰	ジツ:K ニチ:G
釱	タイ:K ダイ:G テイ:K
釲	シ:K ジ:G
釳	キツ:K ギツ コチ:G ゴチ
釴	ヨキ ヨク
釵	サ サイ:K
釶	シ:GK
釷	ト
釸	セキ
釹	ジョ
釻	キュウ
釼	ケン:K ジツ:K ニチ:G
釽	ハク:K ヒャク:G ヘキ:K
釾	ヤ
釿	キン:K ギン:K コン:G ゴン:G
鈀	ハ:K ヘ:G
鈁	ホウ:GK ボウ
鈂	シン:K ジン:G チン
鈃	ケイ
鈄	ズ:G トウ:K
鈅	ガチ ゲツ:K
鈆	エン:GK シュ:G ショウ:K
鈇	セン テツ フ:GK
鈈	ヒ
鈉	ゼイ:K ドウ:K ネ:G ノウ:G
鈊	シン:GK
鈋	ガ
鈌	エチ:G エツ:K ケ:G ケイ:K ケチ:G ケツ:K
鈍	トン:K ドン:G
鈎	コウ:K
鈏	イン シン:K ジン:G
鈐	カン:K ケン:K ゲン:G ゴン:G シン
鈑	ハン:K バン:G
鈒	キュウ:K コウ:G シュウ:GK ソウ:GK
鈓	ジン:K
鈔	ショウ:G ソウ:K
鈕	ジュウ:GK チュ チュウ ニュ
鈖	フン
鈗	イン:GK エイ タイ
鈘	キ ギ:GK
鈙	キン:K ゴン:G
鈚	ヒ:K ビ:G ヘイ
鈛	カ
鈜	ギョウ:G コウ:K
鈝	イン
鈞	キン:GK
鈟	チョウ
鈠	エキ:K ヤク:G
鈡	チュウ
鈣	カイ
鈤	ジツ
鈥	カ
鈦	タ
鈧	コウ
鈩	ロ:K
鈬	タク:K
鈭	シ
鈮	デイ:K ナイ:G
鈯	トツ:K ドチ:G
鈰	シ:K
鈱	ビン:K ミン:G
鈲	コ
鈳	ア:GK カ
鈴	リョウ:G リン:T レイ:K
鈵	ヒョウ:G ヘイ:K
鈶	イ シ:K ジ:G タイ
鈷	ク:G コ:K ゴ
鈸	ハツ:K バチ:G
鈹	ヒ:GK
鈺	ギョク:K ゴク:G
鈻	シ:K ジ:G
鈼	サク:K ザク:G
鈽	フ:G ホ:K
鈾	チュウ:K ユウ
鈿	テン:K デン:G
鉀	コウ:GK ゴウ
鉁	チン
鉂	シ
鉃	シ:K ジ:G セン ソク テツ
鉄	チツ:K テチ:G テツ:K デチ
鉅	キョ:K ゴ:G
鉆	キン:K ケン:K ゲン:G ゴン:G チョウ チン テン:GK
鉇	シ:K
鉈	シ:K シャ:K ジャ:G タ
鉉	カン キョウ:G ケイ:K ケン:K ゲン:G
鉊	ショウ:GK
鉋	ハク:K バク:G ビョウ:G ホウ:K
鉌	カ:K ワ:G
鉍	ヒ:GK ヒチ:G ヒツ:K
鉎	ショウ:G セイ:K ソウ:K
鉏	サ:K ショ:G ジャ:G ソ:K ゾ
鉐	ジャク:G セキ:K ソク
鉑	ハク:K バク:G
鉒	チュ
鉓	チキ:G チョク:K
鉔	ソウ
鉕	ハ
鉖	ズ:G トウ:K
鉗	カン:K ガン:G ケン:K ゲン:G
鉘	フツ ブチ
鉙	タイ
鉚	リュウ:K ル:G
鉛	エン:GK
鉜	フウ:K ブ:G ホウ:K
鉝	リュウ:GK
鉞	エツ:K オチ:G カイ:K ケ:G
鉟	ヒ
鉠	エイ:K オウ:G ヨウ:GK
鉡	ハン:K バン:G
鉢	ハチ:G ハツ:K
鉣	キョウ:G コウ:K
鉤	ク:G グ コウ:K
鉥	シュチ:G シュツ:K ジュチ
鉦	ショウ:G セイ:K
鉧	ボウ:K モ:G
鉨	デイ:K
鉩	ジョウ:K ニョウ:G
鉪	テイ
鉫	カ
鉬	ボク
鉭	タン
鉮	シン
鉯	イ
鉰	シ
鉱	コウ:GK
鉵	ズ:G トウ:K
鉶	ギョウ:G ケイ:K
鉷	グ:G コウ:K
鉸	キョウ:G コウ:K
鉹	イ:GK シ:GK
鉺	ジ:K ニ:G
鉻	カク:GK キャク ラク:GK
鉼	ヘイ:K
鉽	シキ:G ショク:K
鉾	ボウ:K ム:G
鉿	コウ
銀	ギン:K ゴン:G
銁	キン
銂	シュ:G シュウ:K
銃	シュ:G シュウ:K シュク ジュウ
銅	ズ トウ:K ドウ:G
銆	バク:K ミャク:G
銇	ライ レ
銈	ケイ
銉	イチ:G イツ:K
銊	シュチ:G シュツ:K
銋	ジン:K ニン:G
銌	ソン:K ゾン:G
銍	シチ:G シツ:K チツ:K
銎	キョウ:K ク:G
銏	サク:K サン:K シャク:G セン:G
銐	セイ ダイ:G テイ:K レイ
銑	セン:GK
銒	ギョウ:G ケイ:K ケン:GK コウ
銓	セン:GK
銔	ヒ:K ビ:G
銕	イ ダイ:G テイ:K テチ:G テツ:K
銖	シュ:K ジュ:G
銗	コウ:K ゴ
銘	ベイ ミョウ:G メイ:K
銙	カ:K カイ:K ケ:G
銚	ショウ:K ジョウ:G チョウ:GK ヨウ:GK
銛	カチ:G カツ:K セン:GK ゼン テン:GK
銜	カン:K ガン:G
銝	キュウ:K ク:G
銞	キン
銟	サ:K シャ:G
銠	ロウ
銡	キツ:K コチ:G
銢	ヘキ
銣	ジョ
銤	ベイ
銥	イ
銦	イン
銧	コウ
銨	アン
銩	チュウ
銪	ユウ
銫	ショク
銬	コウ
銭	セン:GK ゼン:G
銮	ラン
銲	カン:K ガン:G
銳	エ エイ:GK エチ:G エツ:K タイ:K デ
銴	エイ セイ ゼイ ダイ:G テイ:K ヘイ ベイ
銵	キョウ:G コウ:K
銶	キュウ:K グ:G
銷	ショウ:GK
銸	ジョウ:K チョウ:GK ニョウ:G
銹	シュ:G シュウ:K
銺	ソウ:K ゾウ:G
銻	ダイ:G テイ:K
銼	サ:GK ザ:G ソク:K ゾク:G
銽	カチ:G カツ:K
銾	グ:G コウ:K
銿	シュ:G ショウ:K セン ユ:G ヨ ヨウ:K
鋀	ズ
鋁	リョ:K ロ:G
鋂	バイ:K マイ:G
鋃	ロウ:GK
鋄	バン:K マン:G
鋅	シ シン
鋆	イン
鋇	ハイ:GK
鋈	アク オク:GK ヨク ワク
鋉	ソク
鋊	コク ユ:G ヨウ:K ヨク
鋋	エン:GK セン:K ゼン:G
鋌	ジョウ:G チョウ:G テイ:K
鋍	ホツ:K ボチ:G
鋎	カン:K ゲン:G
鋏	キョウ:GK
鋐	ギョウ:G コウ:K
鋑	サン:K セン:G
鋒	フ:G ホウ:K
鋓	テン:GK
鋔	バン:K マン:G
鋕	シ:GK
鋖	シ タ
鋗	ケン:GK ゲン セン:K ゼン:G
鋘	カ:K ゲ:G コ:K ゴ:K
鋙	ギョ:K コ ゴ:GK
鋚	ジョウ:G チョウ:K
鋛	コウ
鋜	サク:K ソク
鋝	セチ:G セツ:K レチ:G レツ:K
鋞	ギョウ:G ケイ:K コウ
鋟	シン:GK セン:GK
鋠	シン:K ジン:G
鋡	カン:K ゴン:G
鋣	ヤ:GK
鋤	ショ:K ジョ:G ゾ
鋥	ジョウ:G トウ:K
鋦	キョク:K コク:G
鋧	ケン:K ゲン:G
鋨	テツ
鋩	ボウ:K モウ:G
鋪	フ:G ホ:K
鋫	リ
鋬	ハン:K
鋭	エ エイ:GK エチ:G エツ:K タイ:K デ
鋮	セイ
鋯	コク
鋰	リ
鋱	トク
鋲	ビョウ
鋳	シュ:K シュウ シュク チュウ
鋴	チン
鋷	スイ
鋸	キョ:K コ:G
鋹	チョウ:GK
鋺	エン:K オン:G
鋻	ケン:GK
鋼	コウ:GK
鋽	ジョウ:G チョウ:K
鋾	トウ:K ドウ:G
鋿	ショウ:K ジョウ:G
錀	フン リン
錁	カ:K ケ:G
錂	リョウ
錃	ヒ
錄	リョ:K リョク:K ロ:G ロク:G
錅	リ
錆	ショウ:K セイ ソウ:G
錇	フウ ブ:G ホウ:K
錈	ケン:K
錉	ビン:K ミン:G
錊	サイ:K セ:G ソク
錋	ビョウ:G ホウ:K
錌	ガン
錍	ヒ:K ビ:G ヘイ:K
錎	カン:K ゲン:G コン
錏	ア:K
錐	スイ:GK
錑	ライ:GK レ レイ
錒	ア
錓	コウ
錔	トウ:GK
錕	コン:GK ゼン:K ネン:G
錖	トク
錗	イ ズイ:G ツイ:K ニ
錘	スイ:K ズイ:G ツイ:K
錙	シ:GK
錚	ショウ:G ソウ:K
錛	ホン
錜	ジョウ:K ニョウ:G
錝	ス:G ソウ:K
錞	シュン:K ジュン:G タ:K タイ:K ダ:G デ トン
錟	エン セン:GK ゼン タン:K ダン:G
錠	ジョウ:G チョウ:G テイ:K テン:K デン:G
錡	キ:K ギ:GK
錢	セン:GK ゼン:G
錣	タチ:G タツ:K テ テイ:K テチ:G テツ:K
錤	キ:K ギ:G
錥	イク:GK
錦	キン:K コン:G
錧	カン:GK
錨	ビョウ:K ミョウ:G
錩	ショウ
錪	テン:GK トン:GK
錫	シ シャク:G セキ:K ダイ:G チャク:G テイ:K テキ:K
錬	カン ツ:G トウ:K レン:GK
錭	チョウ トウ:K ドウ:G
錮	コ:K
錯	サク:GK シャク:G セキ:K ソ:K
錱	チン
録	リョ:K リョク:K ロ:G ロク:G
錳	モウ
錴	ロク
錵	カ
錶	ヒョウ
錷	アツ
錸	ライ
錹	コウ
錻	ブ
鍄	キョウ
鍇	カイ:K
鍈	エイ:K ヨウ:G
鍉	シ:K テイ:K テキ
鍊	カン:K ケン:G レン:GK
鍋	カ:GK
鍌	セン
鍍	ズ:G ト:K
鍎	トツ:K ドチ:G
鍏	イ
鍐	ス:G ソウ:K
鍑	フ:G フウ:K フク:GK
鍒	ジュウ:K ニュ
鍓	シュウ
鍔	ガク:GK
鍕	クン
鍖	チン:GK
鍗	ダイ:G テイ:K
鍘	サツ:K セチ:G
鍙	コク
鍚	シ シャク:G セキ:K ヨウ:GK
鍛	タン:GK
鍜	カ:K ゲ:G
鍝	グ
鍞	キョウ:G コウ:K チン
鍟	ショウ:G セイ:K
鍠	オウ:G コウ:K
鍡	エ:G ワイ:K
鍢	フウ
鍣	ショウ チョウ
鍤	ショウ:G ソウ:K チョウ:GK
鍥	カイ ケイ ケチ:G ケツ:K
鍦	シ シャ:K ジャ:G
鍧	コウ:GK
鍨	キ:K ギ:G
鍩	テン
鍪	ボウ:K ム:G モ
鍫	シュウ ショウ:GK
鍬	シュウ ショウ:GK
鍭	コウ:K ゴ
鍮	チュウ ツ:G トウ:K
鍯	ソウ:K
鍰	エン カン:K ゲン:G
鍱	キョウ:G コウ:K ショウ ジョウ:G チョウ:K ヨウ:GK
鍲	ビン:K ミン:G
鍳	カン:K
鍴	タン:GK
鍵	ケン:K ゲン:G コン:K ゴン:G
鍶	シ シュ:G シュウ:K
鍷	ケ:G ケイ:K
鍸	コ:K ゴ:G
鍹	セン
鍺	タ:GK
鍻	ケチ:G ケツ:K
鍼	カン ケン:K ゲン:G シン:GK
鍽	ヘン
鍾	シュ:G ショウ:K
鍿	シ:GK
鎀	シュ:G シュウ:K
鎁	ヤ:GK
鎂	ビ
鎃	ハ
鎈	サ:K シャ:G
鎉	トウ
鎊	ホウ:GK
鎋	カツ:K ゲチ:G
鎌	レン:GK
鎍	サク:GK シャク:G
鎎	カイ:K キ ケ:G
鎏	リュウ:K ル:G
鎐	ソク ヨウ
鎑	ギョウ コウ:K ゴウ:G ヨウ
鎒	コウ:GK ドウ:K ヌ:G
鎓	オ オウ
鎔	ユ:G ヨウ:K
鎕	トウ:K ドウ:G
鎖	サ:GK
鎗	ショウ:GK ソウ:GK ヒョウ
鎘	カク リャク:G レキ:K
鎙	サク
鎚	ズイ:G タイ:K ツイ:K テ:G
鎛	ハク:GK
鎜	ハン
鎝	ソウ
鎞	ヒ:K ビ:G ヘイ:K
鎟	ソウ
鎠	コウ
鎡	シ:GK ジ
鎢	ウ:G オ:K
鎣	エイ:K キョウ:G ギョウ ケイ:K ヨウ:G
鎤	コウ:K
鎥	ジョウ:G チョウ:K
鎦	リュウ:K
鎧	カイ:GK ガイ
鎨	シュン:GK
鎩	サイ:K サチ サツ:K シュウ セイ セチ:G セツ:G
鎪	シュ:G ソウ:K
鎫	バン:K
鎬	コウ:K ゴウ:G
鎭	チン:GK テン:K デン:G
鎮	チン:GK テン:K デン:G
鎯	ラ
鎰	イチ:G イツ:K
鎱	エン
鎲	トウ
鎳	ゲツ
鎴	ソク
鎵	カ
鎶	カ
鎷	マ
鎸	セン
鎻	サ
鏀	ロ
鏁	サ:GK
鏂	オ オウ ク:G コウ:K
鏃	サク シュ ソウ:K ソク:GK ゾウ:G ゾク
鏄	タン:K ダン:G
鏅	シュ:G シュウ:K
鏆	カン:GK
鏇	セン:K ゼン:G
鏈	テン:GK レン:GK
鏉	シュ:G シュウ:K ソウ:K ソク
鏊	ギョウ ゴウ:GK
鏋	バン:K マン:G
鏌	バク:K マク:G
鏍	ラ:GK
鏎	ヒチ:G ヒツ:K
鏏	エ:G エイ ケイ:K セイ ゼ
鏐	キュウ:K グ:G リュウ:GK リョウ ル
鏑	チャク:G テキ:K
鏒	サン ショウ
鏓	ス:G ソウ:K ボウ:K モ:G
鏔	イ イン
鏕	オウ ロク
鏖	オウ:GK ヒョウ
鏗	キョウ:G コウ:K
鏘	ショウ:K ソウ:G
鏙	サイ:GK セ
鏚	シャク:G セキ:K
鏛	ショウ:K ジョウ:G
鏜	トウ:GK
鏝	バン:K マン:G
鏞	ユ:G ヨウ:K
鏟	サン:K セン:G
鏠	フ:G ホウ:K
鏡	キョウ:G ケイ:K
鏢	ヒョウ:GK
鏣	ショ
鏤	ル:GK ロウ:K
鏥	シュウ:K
鏦	シュ:G ショウ:K ソウ:GK
鏧	ロウ:GK
鏨	サン:K ザン:G セン:K ゼン:G
鏩	サン:K ザン:G セン:K ゼン:G
鏪	ソウ:K ゾウ:G
鏫	レイ
鏬	カ
鏭	シツ
鏮	コウ
鏱	ショウ
鏳	ソウ
鏴	ロ
鏵	カ:K ゲ:G
鏶	シュウ:K ショウ ジュウ:G
鏷	ホク:K ボク:G
鏸	エ:G エイ ケイ:K セイ:K ゼ
鏹	キョウ:K コウ:G
鏺	ハチ:G ハツ:K
鏻	リョウ:G リン:GK レイ:K
鏼	サク:K シャク:G
鏽	シュ:G シュウ:K シュク
鏾	サツ サン:K セン:G
鏿	ソウ
鐀	キ
鐁	シ:GK
鐂	リュウ:K ル:G
鐃	ジョウ:K ドウ:K ニョウ:G
鐄	オウ:G コウ:K
鐅	ヘチ:G ヘツ:K
鐆	スイ:K ズイ:G
鐇	ハン:K ボン:G
鐈	キョウ:K ギョウ:G
鐉	セン:GK テン
鐊	ヨウ
鐋	トウ
鐌	ショウ:K ゾウ:G
鐍	イチ:G イツ:K ケチ:G ケツ:K
鐎	シュ:G シュウ:K ショウ:GK ジョウ
鐏	サン ソン:K ゾン:G
鐐	リョウ:GK ロウ
鐑	ケチ:G ケツ:K
鐒	ロウ
鐓	タイ:K タン:K トン:G
鐔	イン シン:K ジン:G タク:K タン:K ダク:G ドン:G
鐕	サン:K
鐖	ガイ:K キ:K ケ:G ゲ:G
鐗	カン:K ケン:G
鐘	シュ:G ショウ:K
鐙	トウ:GK
鐚	ア:K
鐜	タイ
鐝	ケツ
鐞	ドウ
鐟	テイ
鐠	フ
鐡	テツ:K
鐩	スイ
鐪	ロ
鐫	セン:GK
鐬	カイ:K ケ:G
鐭	イク オウ
鐮	レン:GK
鐯	シャク ジャク チャク:GK
鐰	ショウ:G ソウ:K ゾウ
鐱	ケン:K ゲン:G セン:GK
鐲	ショク:K ジョク ゾク:G タク:K チョク
鐳	ライ:GK レ
鐴	ヒャク:G ヘイ:K ヘキ:K ベイ
鐵	チツ:K テチ:G テツ:K デチ
鐶	カン:K ゲン:G セン:K ゼン:G
鐷	キョウ
鐸	タク:K ダク:G
鐹	カ
鐺	ショウ:G ソウ:K トウ:GK
鐻	キョ:K コ:G ゴ:G
鐼	クン フン:K ブン:G ホン
鐽	タツ
鐾	ヒ ヘイ ベイ
鐿	イ
鑁	バン:G
鑂	クン
鑃	チョウ:K
鑄	シュ:K シュウ シュク チュウ
鑅	オウ:G コウ:K
鑆	ズイ:G ツイ:K
鑇	サイ:G セイ:K
鑈	ジ:K ジョウ:K デイ:K デキ ナイ:G ナク ニ:G ニョウ:G
鑉	コウ:K ゴウ:G トウ
鑊	カク:K ワク:G
鑋	キョウ:G ケイ:K
鑌	ヒン:GK
鑍	エイ:K ヨウ:G
鑎	キ
鑏	デイ ドウ:K ニョウ:G
鑐	シュ:K ジュ:G ジュウ ニュ
鑑	カン:K ガン:G ケン:G
鑒	カン:K
鑕	シチ:G シツ:K
鑖	ベイ ベツ:K メイ メチ:G
鑗	ライ:G リ レイ:K
鑘	ライ レ
鑙	ケイ:K
鑚	サン:GK
鑛	コウ:GK
鑜	ショウ
鑝	ブ:G ホウ:K
鑞	ロウ:GK
鑟	トク:K ドク:G
鑠	シャク:GK ヤク リャク:G レキ:K
鑡	サク:GK
鑢	リョ:K ロ:G
鑣	ヒョウ:GK
鑤	ビョウ:G ホウ:K
鑥	ル:G ロ:K
鑨	ル:G ロウ:K
鑩	ガク
鑪	ル:G ロ:K
鑫	キョク キン:K ク クン コン:G
鑬	カン
鑭	ラン:GK
鑮	ハク:GK
鑯	セン:GK
鑰	ヤク:GK
鑱	サン:K ザン ゼン:G
鑲	ショウ:K ジョウ:K ソウ:G ニョウ:G
鑳	ケン
鑴	エ:G キ ケイ:K スイ
鑵	カン:GK
鑶	ソウ:K ゾウ:G
鑷	ジョウ:K セツ ニョウ:G
鑸	ライ レ
鑹	サン
鑺	ク:K グ:G
鑻	ハン
鑼	ラ:GK
鑽	サン:GK
鑾	ラン:GK
鑿	サク:GK ザク:G ソウ:K ソク:K ゾウ:G ゾク:G
钀	ギ ゲチ:G ゲツ:K ゴチ
钁	カク:K キャク:G
钂	ショウ
钃	ショク チョク:K
钄	ロウ
長	ジョウ:G チョウ:GK
镸	チョウ:GK
镹	キュウ:K ク:G
镺	オウ
镻	テツ:K デチ:G
镼	クツ グチ
镽	リョウ
镾	ビ:K ミ:G
門	ボン:K モン:G
閁	バツ メチ
閂	サン:K セン:G
閃	セン:GK
閄	コク ワク
閅	モン
閆	エン:GK
閇	ヘイ:K
閈	カン:K ガン:G
閉	ヘイ:K ヘチ:G ヘツ:K
開	カイ:GK ケン
閌	コウ:GK
閍	ヒョウ:G ベン:K ホウ:K ボウ メン:G
閎	ギョウ:G コウ:K
閏	ジュン:K ニン:G
閐	サン
閑	カン:K ゲン:G
閒	カツ:K カン:K ケン:G ゲチ:G
間	カツ カン:K ケン:G ゲツ
閔	ビン:K ミン:G
閕	カ:K ガ:K ケ:G ゲ:G
閘	オウ:K コウ:GK
閙	ドウ:K
閚	サン テン
閛	ハウ ヒョウ
閜	ア カ:K ケ:G
閝	リョウ:G レイ:K
閞	ハン:K ヘン:K ベン:G ボン:G
閟	ヒ:GK
閡	カイ ガイ:K ゲ:G コク:K
関	カン:K ワン
閣	カク:GK
閤	コウ:GK
閥	ハツ:K バツ ボチ:G
閦	シュク:GK スク
閧	コウ:K ゴウ:G
閨	ケ:G ケイ:K
閩	バン:K ビン:K ブン:K マン:G ミン:G モン:G
閫	コン:GK
閬	トウ:K ドウ:G リョウ ロウ:GK
閭	リョ:K ロ:G
閮	ジョウ:G チョウ:K テイ
閯	サ:K シャ:G
閰	キク コク
閱	エチ:G エツ:K
閲	エツ:K
閴	ケキ:K
閵	リン レン
閶	ショウ:GK トウ
閷	サイ:G サツ セイ:K セチ:G セツ:K
閸	コン
閹	エン:GK
閺	ビン:K ミン:G
閻	エン:GK セン:K ゼン:G
閼	ア アツ:K エツ エン:GK オ:G ヨ:K
閽	コン:GK
閾	イキ:G キョク:K ケキ ヨク:K
閿	ブン:K
闀	コウ:K ゴウ:G
闁	ホウ
闃	カク:K キャク:G ギャク ケキ:K ゲキ
闄	ヨウ
闅	ビン:K ブン:K ミン:G モン:G
闆	ハン:K ヘン:G
闇	アン:K イン:K オン:G
闈	イ:GK キ
闉	イン:GK エン
闊	カチ:G カツ:K
闋	ケ:G ケイ:K ケチ:G ケツ:K
闌	ラン:GK
闍	シャ:K ジャ:G ツ:G ト:K
闐	キ テン:K デン:G
闑	キ:K ケ:G ケイ ゲチ:G ゲツ:K
闒	トウ:K ロウ
闓	カイ:GK
闔	コウ:K ゴウ:G
闕	カチ ケツ:K
闖	チン:GK
闗	カン
闘	トウ:K
闙	ケイ:K
闚	キ:GK
闛	ショウ トウ:K ドウ:G
關	カン:K ワン
闝	ヒョウ
闞	カン:GK
闟	キュウ:K コウ:G シュウ トウ:K ドウ:G
闠	エ:G カイ:K キ:K ギ:G
闡	セン:GK
闢	ヒャク:G ビャク:G ヘキ:K
闣	トウ
闤	カン:K ゲン:G ワン
闥	タチ:G タツ:K
闦	ゴン
阜	フ:K フウ:K ブ:G
阞	ロク:GK
阠	シン
阡	セン:GK
阢	ガイ:K ギ グチ グツ ゲ:G ゴチ:G ゴツ:K
阣	カイ ギツ ゴチ
阤	イ:GK シ:K ジ:G タ:K ダ:G チ:K
阥	イン:K
阦	ヨウ:GK
阧	ツ:G トウ:K
阨	アイ:K アク:K ヤク:G
阩	ショウ
阪	ハン:K バン ホン:G
阫	ハイ:K ベ:G
阬	キョウ:G コウ:K
阭	イン エ:G エン セン ワイ:K
阮	ガン ゲン:K
阯	シ:GK
阰	ヒ:K ビ:G
阱	セイ:K
防	ホウ:K ボウ:G
阳	ヨウ:GK
阴	イン:K
阷	チョウ:G テイ:K
阸	ア アイ:K ヤク:G
阹	キョ:K コ:G
阺	ジ:G タイ:G チ:K テイ:K
阻	ショ:G ソ:K
阼	サク:K ザク:G ソ:K ゾ:G
阽	エン:GK テン:GK
阾	リョウ:G レイ:K
阿	ア:GK アク アチ オク
陀	ジ:G タ:K ダ:G チ:K
陁	イ:GK ジ:G タ:K ダ:G チ:K
陂	ハ:GK ヒ:GK ビ
陃	ヒョウ:G ヘイ:K
附	フ:K ブ:G ホウ:K
陊	ジ:G タ:K ダ:G チ:K
陋	ル:G ロ ロウ:K
陌	ハク バク:K ミャク:G
降	コウ:GK ゴウ:G
陎	シュ
陏	スイ:K ズイ:G タ:K ダ:G
限	カン:K ゲン:G ゴン
陑	ジ:K ニ:G
陒	キ:GK
陓	ウ:G オ:K
陔	カイ:GK ガイ
陕	セン
陖	シュン:GK
陗	ショウ:GK
陘	キョウ:G ギョウ:G ケイ:K
陙	シン
陚	フ ブ:K ム:G
陛	ヒ:K ビ:G ヘイ:K ベイ
陜	キョウ:G ギョウ:G コウ:K
陝	セン:GK
陞	ショウ:GK
陟	チキ:G チョク:K トク
陠	フ:G ブ ホ:K
陡	ツ:G トウ:K
院	イン:K エン:GK オン:G カン:K ガン:G
陣	ジン:G チン:K
除	ショ:K ジ ジョ:G チョ:K ヨ
陥	カン:K ゲン:G
陦	トウ:GK
陪	ハイ:K バイ ベ:G
陫	ハイ:K ヒ:K ビ:G ベ:G
陬	シュ:GK シュウ スウ:K ソウ:K
陭	イ:K エ:G キ
陮	タイ:K テ:G
陯	リン ロン
陰	アン イン:K オン:G
陱	キク コク
陲	スイ:K ズイ:G
陳	ジン:G チン:K
陴	ハイ:K バイ:G ヒ:K ビ:G
陵	リョウ:GK
陶	トウ:K ドウ:G ヨウ:GK
陷	カン:K ゲン:G
陸	リク:K ロク:G
陹	ショウ
険	カン:K ガン:G ケン:GK サン
陻	イン:GK
陼	ショ:GK ズ:G ツ ト:K
陽	ジョウ:G チョウ:K ヨウ:GK
陾	ジ:K ジョウ:K ドウ:K ニ:G ニョウ:G ヌ:G
陿	キョウ:K コウ:K
隀	ジュ チョウ
隁	エン:GK
隂	イン:K
隃	シュ:K ユ:GK ヨウ
隄	シ:K ジ:G タイ:G テイ:K
隅	グ:GK グウ
隆	リュ リュウ:K
隇	イ
隈	エ:G ワイ:K
隉	ゲチ:G ゲツ:K
隊	スイ タイ:K ツイ:K
隋	キ スイ:K ズイ:G タ:GK ダ:G
隌	アン イン:K オン:G
隍	エイ:K オウ:G コウ:K ヨウ:G
階	カイ:K
随	スイ:K ズイ:G
隐	イン:K オン:G
隑	カイ:GK ガイ:GK キ:K ギ:G ゲ
隒	ケン:K ゲン:G レン
隓	キ タ:K ダ:G
隔	カク:K キャク:G ケキ
隕	イン:GK ウン エン
隖	ウ:G オ:K
隗	カイ ガイ:K キ ゲ:G
隘	ア アイ:K アク:K ヤク:G
隙	キャク:G ク:G ケキ:K ゲキ コ:K
隚	トウ:K ドウ:G
際	サイ:G セイ:K
障	ショウ:GK
隝	チョウ トウ:GK
隞	ゴウ
隟	ゲキ
隠	イン:K オン:G
隢	ジョウ:K ニョウ:G
隣	リン:GK
隤	タイ:K
隥	トウ:GK
隦	ヒ:K ビ:G ヘイ
隧	スイ:K ズイ:G タイ ツイ ヅイ デ
隨	スイ:K ズイ:G
隩	イク:GK オウ:GK
險	カン:K ガン:G ケン:GK サン
隫	フン
隬	デイ:K ナイ:G
隭	ジ
隮	サイ:G シ セイ:K
隯	トウ:GK
隰	シツ シュウ:K ジュウ:G
隱	イン:K オン:G
隲	シツ:K
隳	キ:GK
隴	リュ リョウ:K ロウ:G
隵	キ
隶	イ:GK シ:K ジ:G タイ:K ダイ:G テイ:K
隷	ライ:G リ レイ:K レチ:G レツ:K
隸	ライ:G リ レイ:K レチ:G レツ:K
隹	サイ:K シ スイ:GK セ:G
隺	カク:K コク:K ゴク:G
隻	シャク:G セキ:K
隼	シュン:GK ジュン
隽	シュン:GK セン:K
隿	ヨキ ヨク
雀	サク:G シャク:K ジャク
雁	ガン:K ゲン:G
雂	カン:K ガン:G キン:K ケン:K ゲン:G コン:G ゴン
雃	ガク ガン キョウ:G ギャク ケン:K ゲン:G コウ:K
雄	キュウ:K グ:G ユ:G ユウ:K
雅	ア:K ガ:K
集	シュウ:K ジュウ:G
雇	コ:K ゴ:G
雈	カン:K ガン:G
雉	イ カイ シ:K ジ:G チ:K
雊	ク:G コウ:K
雋	シュン:GK シン スイ セン:K
雌	サイ:G シ:GK セイ:K
雍	ユ:G ヨウ:K
雎	ショ:K
雏	スウ
雐	ク:G コ:K
雑	ザツ ソウ:K ゾウ:G
雒	ラク:GK
雓	ヨ
雔	シュウ:K ジュ:G
雕	チョウ:GK
雖	イ:K スイ:GK ユイ:G
雗	カン:K ガン:G
雘	コ:K ゴ:G ワク:GK
雙	ソウ:GK
雚	カン:GK
雛	シュ:K ジュ:G ス:K スウ
雜	ザツ ソウ:K ゾウ:G
雝	ユ:G ヨウ:K
雞	ケイ:K
雟	キ:K ケイ:K ゲ:G スイ:GK セン
雡	リュウ:K ル:G
離	チ ライ:G リ:GK レイ:K
難	ダ:K ダン:K ナ:G ナン:G
雤	アク カク
雥	ソウ:K ゾウ:G
雦	シュウ
雧	シュウ
雨	ウ:GK
雩	ウ:GK オ キョ:K ク:GK コ:G
雪	セツ:K
雫	ダ:K
雭	シュウ
雮	ボク:K モク:G
雯	ブン:K モン:G
雰	フン:GK ブン
雱	ホウ:GK
雲	ウン:GK
雴	チュウ リュウ
雵	オウ:K ヨウ:G
零	リョウ:G レイ:K レン:GK
雷	ライ:GK ルイ レ
雸	ガン
雹	ハク:K バク:G ホク:K ボク:G
雺	ブ:K ボウ:K ム:G モ
電	テン:K デン:G
雼	トウ:K ドウ:G
雽	カン コ コウ
雿	ジャク:G ジョウ:G タク:K チョウ:K
需	シュ:K ジュ:G ゼン:K ダン:K ナン:G ニュ ネン:G
霂	ボク:K モク:G
霃	ジン:G チン:K
霄	ショウ:GK ヒョウ
霅	オウ:K コウ:K ゴウ:G ショウ:GK ソウ:GK トウ:K ドウ:G ヨウ:G
霆	ジョウ:G チョウ:K テイ:K
震	シン:GK
霈	ハイ:GK
霉	バイ:K メ:G
霊	リョウ:G レイ:K
霋	サイ:G セイ:K
霌	シュ:G シュウ:K
霍	カク:GK ガク ラク
霎	ショウ:GK ソウ:K
霏	ヒ:GK
霐	オウ
霑	セン テン:GK
霒	イン:K オン:G
霓	ギャク ゲイ:K ゲキ ゲチ:G ゲツ:K
霔	シュ:K
霕	トン:K ドン:G
霖	リン:GK
霗	レイ
霘	ズ:G トウ:K
霙	エイ:K オウ:G ヨウ:GK
霚	ブ:K ボウ
霛	レイ:K
霜	ショウ:G ソウ:K
霝	リョウ:G レイ:K
霞	カ:K ゲ:G
霟	グ:G コウ:K
霠	イン:K オン:G
霡	バク:K
霢	バク:K ベキ ミャク:G
霣	イン:GK ウン コン
霤	リュウ:K
霥	ボウ:K モ:G
霦	ハン ヒン
霧	ブ:K ボウ:K ム:G モ
霨	イ:GK
霩	カク
霪	イン:GK
霫	シュウ:K ジュウ:G
霬	エキ:K ヤク:G
霮	タン:K ダン:G ドン
霯	トウ
霰	サン セン:GK
霱	イチ:G イツ:K
露	ロ:K ロウ
霳	リュ リュウ:K
霴	タイ
霵	シュウ
霶	ホウ:GK
霷	ヨウ
霸	ハ:K ハク:K ヒャク:G ヘ:G
霹	ヒャク:G ヘキ:K
霺	ビ:K ミ:G
霻	フ:G フウ ホウ:K
霼	キ:K ケ:G
霽	サイ:G ザイ セイ:K
霾	バイ:K マイ:G メ:G
霿	ブ ボウ:K ム:G モ
靀	ボウ:K モ:G
靁	ライ:GK リュウ:K ル:G レ
靂	リャク:G レキ:K
靃	カク:GK スイ:GK
靄	アイ:GK アチ:G アツ:K
靅	ハイ:K ヒ ヘ:G
靆	タイ:K ダイ:G
靇	ル:G レイ ロウ:K
靈	リョウ:G レイ:K
靉	アイ:GK イ:K エ:G
靊	フ:G フウ:K
靋	リャク:G レキ:K
靌	ホウ
靍	カク
靐	ヒョウ:K ビョウ:G
靑	ショウ:G セイ:K チン
青	ショウ:G セイ:K チン
靕	シン
靖	ジョウ:G セイ:K
靗	チョウ:G テイ:K
靘	ショウ:G セイ:K
静	ジョウ:G セイ:K
靚	ジョウ:G セイ:K
靛	テン:K デン:G
靜	ジョウ:G セイ:K
靝	テン
非	ヒ:GK
靟	ヒ
靠	コウ:GK コク
靡	バ:K ヒ ビ:K マ ミ:G メ:G
面	ベン:K メン:G
靣	メン:G
靤	ビョウ:G ホウ:K
靦	テン:GK
靧	カイ:K ケ:G
靨	エン ヨウ:GK
革	カク:K キョク:K
靪	タイ チョウ:G テイ:K
靫	サ:K サイ:K サチ:G サツ:K シャ:G セチ:G セツ:K
靬	カン:K ケン:K ゲン:G コン:G
靭	ジン:K
靮	チャク:G テキ:K
靯	ズ:G ト:K
靱	ジン:K
靲	カン:K キン:K ケン:G ゴン:G
靳	キン:K コン:G
靴	カ:K
靵	チュウ
靶	ハ:K ヘ:G
靷	イン:GK ジン:G チン:K
靸	シュウ ソウ:GK
靹	ドウ:K ノウ:G
靺	バツ:K マチ:G マツ:G
靻	タツ
靼	セチ:G セツ:K タク:K タチ:G タツ:K タン チャク:G
靽	ハン:GK
靾	エイ ケイ セチ:G セツ:K
靿	オウ:K ヨウ:G
鞀	トウ:K ドウ:G
鞁	ヒ:K ビ:G
鞂	カツ:K ケチ:G
鞃	キュウ ク:G コウ:K
鞄	ハク:K ヒョウ:G ビョウ:G ホウ:K ホク:K ボク:G
鞅	オウ:G ヨウ:K
鞇	イン
鞈	コウ ソウ トウ
鞉	トウ:K ドウ:G
鞊	キチ:G キツ:K
鞋	アイ カイ:K ケ:G ケイ ゲ:G
鞌	アン
鞍	アン:GK
鞎	ギン:K ケン:K コン:G ゴン:G
鞏	キョウ:K ク:G
鞓	テイ
鞔	バン:K ボン:K マン:G モン:G
鞕	ギョウ:G ゴウ:K
鞖	サイ:K
鞗	ジョウ:G チョウ:K
鞘	ショウ:GK ソウ:K
鞙	ケン:K ゲン:G
鞚	ク:G コウ:K
鞛	ホウ
鞜	トウ:GK
鞝	ショウ
鞞	ヒ:GK ヒョウ:G ビ ヘイ:K ベイ
鞟	カク:GK
鞠	キク:GK キュウ:K ク:G コク
鞢	ショウ:GK
鞣	ジュウ:K ニュ
鞤	ホウ
鞥	アウ アン:K オウ オン:G
鞦	シュ:G シュウ:K
鞧	シュウ
鞨	カツ:K ガチ:G セツ:K ゼチ:G バツ メチ
鞩	ショウ
鞪	バク:K ボウ:K ボク:K マク:G ム:G モク:G
鞫	キク:GK コク
鞬	ケン:K コン:G ゴン
鞭	ヘン:GK ベン
鞮	タイ:G ダイ テイ:K
鞰	ウン
鞱	トウ:GK
鞲	コウ:K
鞳	トウ:GK
鞴	ヒ:K ビ:G フク:K ブ:G ブク:G ホ:K
鞵	アイ カイ:K ガイ:K ゲ:G
鞶	ハン:K バン:G
鞸	ヒツ:K
鞹	カク:GK
鞺	トウ:GK
鞻	ク ル:G ロウ:K
鞼	エ:G カイ:K キ:K ギ:G ケ:G ワイ:K
鞽	キャク キョウ
鞾	カ:K
鞿	キ:K ケ:G
韀	セン
韁	キョウ:K コウ:G
韂	セン
韃	タチ:G タツ:K ダツ
韄	アク:K カク:K ギャク コ:K ゴ:G ヤク:G ワク:G
韅	ケン:GK
韆	セン:GK
韇	トク:K ドク:G
韈	ベツ
韉	セン:GK
韊	ラン:GK レン
韋	イ:GK エ:G カイ:K
韌	ジン:K ニン:G
韍	ヒ フチ フツ:K
韎	キ バイ:K バツ:K メ:G メチ
韏	カン:K ガン:G ケン:K ゲン:G
韐	キョウ:G コウ:GK ゴウ
韑	イ
韒	ショウ:G ソウ:K
韓	カン:K ガン:G
韔	チョウ:GK リョウ
韖	ジュウ ニュ
韗	ウン:GK カン:K クン ケン:G
韘	ショウ:GK
韙	イ:GK
韚	カク
韛	ハイ:K フク:K ブク:G ベ:G
韜	トウ:GK
韝	ク:G コウ:K
韞	ウン:GK
韠	ヒチ:G ヒツ:K
韡	イ:GK
韢	ケイ ゲイ スイ:K ズイ:G セ:G セイ:K
韣	ショク:K ソク:G トク:K ドク:G
韤	バツ:K ベツ マチ:G
韥	トク:K ドク:G
韭	キュウ:K ク:G
韮	キュウ:K
韯	セン:GK
韰	カイ:K ガイ:G
韱	セン:GK
韲	セイ:K
音	イン:K オン:G
韴	ソウ:K ゾウ:G
韵	イン
韶	ショウ:K ジョウ:G
韷	ラク リャク
韸	フ:G フウ ホウ:K ボ
韹	オウ:G コウ:K ヨウ
韺	エイ:K ヨウ:G
韻	イン:K ウン:GK オン:G
韼	ホウ
韽	アン イン エン:K オン:G
韾	アン イン:K オン:G
響	キョウ:K
頀	コ:K ゴ:G
頁	ケツ:K ゲチ:G コウ シュ ヨウ
頂	チョウ:G テイ:K
頃	キ キョウ:G ケイ:K
頄	キ:K キュウ:K キン ギ:G グ:G
項	コウ:K ゴウ:G
順	シュン:K ジュン:G
頇	カン:GK ガチ ガツ ガン:GK
須	シュ:K ス:G ハン:K ヘン:G
頉	イ
頊	キョク:K ギョク:K コク:G ゴク:G
頋	ガ
頌	ショウ:K ジュ:G ユ:G ヨウ:K
頍	キ:GK ギ ケン
頎	キ:K キン:K ゲ:G コン:G
頏	コウ:GK ゴウ:G
預	ヨ:GK
頑	ガン:K
頒	ハン:K フン:K ブン:G ヘン:G
頓	トチ トツ トン:GK ドン
頔	ジャク:G テキ:K
頕	タン テン
頖	ハン:GK
頗	ハ:GK ヒ:K ビ:G
領	リョウ:G レイ:K
頙	サク:K シャク:G シン
頚	ケイ:K
頛	ライ レ
頜	カン:K ガン:G コウ:GK ゴン:G
頝	キョウ:G コウ:K
頞	アチ:G アツ:K アン
頟	ガク ギャク
頠	ガイ:K ギ:GK ゲ:G
頡	カツ:K キツ ケチ:G ケツ:K ゲチ:G
頢	カチ:G カツ:K ゲチ
頣	シン:GK
頤	アイ イ:GK
頥	イ:GK
頦	カイ:GK ガイ:G
頧	タイ:K テ:G
頨	ウ ケン ヘン
頩	ヘイ
頪	ライ レ
頫	チョウ:GK トウ バン:K フ:GK ベン:K マン:G メン:G
頬	キョウ:GK
頭	ジュウ:T ズ:G チュウ:K ト トウ:K
頮	カイ:K ケ:G
頯	カイ:K キ:GK キュウ:K ギ:G グ:G ケ:G
頰	キョウ:GK
頱	ラチ:G ラツ:K
頲	チョウ:G テイ:K
頳	チョウ:G テイ:K
頴	エイ:K
頵	イン:GK キン:GK コン:K ゴン:G
頶	コク:K ゴク:G
頷	カン:K ガン:G キン:K コン:G ゴン:G
頸	キョウ:G ギョウ:G ケイ:K
頹	タ:K タイ ダ:G デ
頺	タイ
頻	ヒン:K ビン:G
頼	ライ:GK
頽	タ:K タイ:K ダ:G デ:G
頾	シ:GK
頿	シ
顀	ズイ:G ツイ:K
顁	チョウ:G テイ:K
顂	ライ
顃	エン タン:K ダン:G
顄	カン:K ガン:G ゴン:G
顅	カン:K キョウ ケン:G
顆	カ:GK カン
顇	シュツ ジュチ スイ:K ズイ:G
顈	キョウ:G ケイ:K ケン:K ゲン:G
顉	ガン キン:K コン:G ゴン
顊	イ:GK
顋	サイ:GK
題	ダイ:G テイ:K
額	ガク:K ギャク
顎	ガク:GK
顏	ガイ:K ガン:K ゲ:G ゲン:G
顐	コン:K ゴン:G
顑	カン:K ガン:G コン:G
顒	ギョウ:K グ:G
顓	セン:GK
顔	ガイ:K ガン:K ゲ:G ゲン:G
顕	ケン:GK ゲン
顖	シン:GK
顗	ガイ:K ギ:K ゲ:G
願	ガン ゲン:K
顙	ショウ ソウ:GK
顚	チン テン:GK
顛	テン:GK
顜	カク コウ
顝	カ カイ:K ケ:G コツ コン
類	ライ リチ:G リツ:K ルイ:GK レ
顟	リョウ:K ロウ:G
顠	ヒョウ:K ビョウ:G
顡	カイ:K ガイ:K ギ ケ:G ゲ:G タイ:K テ:G
顢	バン:K マン:G
顣	シャク:G シュク:K セキ:K
顤	キョウ:G ギョウ コウ:K ジョウ:K ニョウ:G
顥	コウ:K ゴウ:G
顦	ショウ:K ジョウ:G
顧	コ:K
顨	ソン
顩	カン キン:K ケン:K ゲン:G コン:G チン
顪	カイ:K ケ:G
顫	セン:GK
顬	ジュ:K ニュ
顭	コウ ボウ:K モウ:G
顮	ヒン
顯	ケン:GK ゲン
顰	ヒ:K ヒン:K ビ:G ビン:G
顱	ロ:K
顲	ラン リン
顳	ショウ ジョウ:K ニョウ:G
顴	カン ケン:K ゲン:G
風	ハン:K フ:G フウ:G ホン:G
颩	フウ
颫	フ:K
颬	カ:K ケ:G
颭	セン:GK
颮	ハク:K ヒョウ:GK ビョウ:G ホウ:K
颯	サツ ソウ:GK ソク ラン リュウ ロウ
颰	ハツ:K バチ:G フツ ブチ ホチ
颱	タイ
颲	レチ:G レツ:K
颳	カチ:G カツ:K
颴	セン:K ゼン:G
颵	ショウ:G ソウ:K
颶	ク:K グ:G
颷	ヒョウ
颸	シ:GK
颹	イ
颺	ヨウ:GK
颻	ヨウ:GK
颼	シュ:G シュウ:K
颽	カイ
颾	シュ:G シュウ:K ソウ
颿	ハン:K ヘン ボン:G
飀	リュウ
飁	シュウ:K ジュウ:G
飂	リク:K リュウ:K リョウ:GK ル:G ロク:G
飃	ヒョウ:GK
飄	ヒョウ:GK
飅	リュウ:K ル:G
飆	ヒョウ:GK
飇	ヒョウ:GK
飈	ヒョウ:GK
飉	リョウ
飋	シチ:G シツ:K
飌	フウ:G
飍	キュウ:K ク:G ヒュ ヒュウ
飛	ヒ:GK
飜	ハン:K ホン:G
飝	ヒ
食	イ:GK シ:K ショク:K ジ:G ジキ:G
飡	サン
飢	キ:GK
飣	チョウ:G テイ:K
飤	シ:K ジ:G
飥	タク:GK
飦	カン:GK ケン:K コン:G セン:GK
飧	ソン:GK
飩	チュン トン:K ドン:G
飪	ジン:K ニン:G
飫	オ:G ヨ:K
飬	ケン
飭	チキ:G チョク:K
飮	イン:K オン:G
飯	ハン:K ボン:G
飰	ハン:K
飱	ソン:GK
飲	イン:K オン:G
飳	シュ:GK チュ ツ:G トウ:K
飴	イ:GK シ:K ジ:G
飵	サク:K ザク シャク:G ソ:K ゾ:G
飶	ヒツ:K ビチ:G ヘツ:K ベチ:G
飷	サ:K シャ:G ショ:G ソ:K
飸	トウ
飹	リュウ:K ル:G
飺	シ:K ジ:G
飻	テチ:G テツ:K
飼	シ:K ジ:G
飽	ホウ:K
飾	ショク:K
飿	トチ トツ
餀	カイ ケイ
餁	ジン
餂	テン:GK デン
餃	キョウ:G コウ:K
餄	コウ
餅	ヘイ:K
餆	ヨウ
餇	ズ:G トウ:K
餈	シ:K ジ:G
餉	ショウ:GK
養	ヨウ:GK
餋	カン:K ケン:G ヨウ
餌	ジ:K
餐	サン:GK ソン
餑	ホツ:K ボチ:G
餒	ダイ:K ネ
餓	ガ:GK
餔	フ:G ブ:G ホ:K
餕	シュン:GK セン:K ゼン:G
餖	ズ:G トウ:K
餗	サク ソク:GK
餘	ヤ ヨ:GK
餚	コウ:K
餛	コン:K ゴン:G
餜	カ:GK
餝	ショク:K チョク
餞	セン:K ゼン:G
餟	テ テイ:K テチ:G テツ:K
餠	ヒョウ:G ヘイ:K
餡	アン:T カン:K ガン:G コン
餢	ブ:G ホウ:K
餣	ヨウ
餤	エン タン:K ダン:G
餥	ヒ
餦	チョウ:GK
餧	イ:GK ダイ:K ネ
館	カン:GK
餩	オク
餪	ダン:K ナン:G
餫	ウン:GK コン:K ゴン:G
餬	コ:K ゴ:G
餭	オウ:G コウ:K
餮	テチ:G テツ:K テン:K デン:G
餯	カイ:K ケ:G
餰	ケン:K コン:G セン
餱	コウ:K ゴ
餲	アイ:GK アチ:G アツ:K イ エイ:K カチ:G カツ:K
餳	ジョウ:G セイ:K トウ:K ドウ:G
餴	フン:GK
餵	イ
餶	クチ コツ
餹	トウ:K ドウ:G
餺	ハク:GK
餻	コウ:GK
餼	キ:K ケ:G
餽	キ:K ギ:G
餾	リュウ:K
餿	シュ:G シュウ:K
饀	トウ:GK
饁	コウ ヨウ:GK
饂	ウン
饄	トウ
饅	バン:K マン:G
饆	ヒチ:G ヒツ:K
饇	ウ:GK オ:G オウ ヨ:K
饈	シュ:G シュウ:K
饉	キン:K ゴン:G
饊	サン
饋	キ:K ギ:G タイ デ
饌	サン:K ザン:G セン:K ゼン:G ハン:K ボン:G
饍	セン:K ゼン:G
饎	キ シ:GK
饏	タン:K ダン:G
饐	イ:GK イチ:G イツ:K エイ エチ:G エツ:K
饑	キ:K ケ:G
饒	ジョウ:K ニョウ:G
饓	チョウ:G トウ:K
饔	ユ:G ヨウ:K
饕	トウ:GK
饖	アイ イ エ:G ワイ:K
饗	キョウ:K
饘	セン:GK
饙	フン:GK
饚	カイ
饛	ボウ:K モ モウ:G
饜	エン:GK
饝	バ:K マ:G
饞	サン:K ザン:G
饟	ショウ:GK ジョウ:K ニョウ:G
饠	ラ:GK
饡	サン
首	シュ:G シュウ:K
馗	キ:K キュウ:K ギ:G グ:G
馘	カク:K キャク:G ケキ ゲキ コク
香	キョウ:K コウ:G
馚	フン
馛	ヘチ:G ヘツ:K
馜	ジ:K ニ:G
馝	ヒツ:K ビチ:G ヘツ:K ベチ:G
馞	ホツ:K ボチ:G
馟	ズ:G ト:K
馠	カン:K コン:G
馡	ヒ
馢	セン
馣	アン:K エン:K オウ オン:G
馤	アイ
馥	フウ フク:K
馦	ケン:GK
馧	ウン
馨	キョウ:G ケイ:K
馩	フン ボン
馪	ヒン
馫	キョウ:G コウ:K
馬	バ:K ボ:K マ:T メ:G モ:G
馭	ギョ:K ゴ:G
馮	ヒョウ:K ビョウ:G フウ:K フン:K ブ:G ブン:G ヘイ ホウ:K
馯	カン:K ガン:G ケン
馰	チャク:G テキ:K
馱	タ:K タイ:K ダ:G ダイ:G
馲	タク:GK チャク:G ラク:GK ワク
馳	ジ:G タ:K ダ:G チ:K
馴	イン クン シュン:K ジュン:G
馵	シュ:K ショク:K ソ ソク:G
馶	キ:K ギ:G シ
馷	ハイ
馸	キン:K コン:G
馹	ジツ:K ニチ:G
馺	ソウ:GK
馻	イン エン シュン:K ジュン:G
馼	ブン:K モン:G
馽	シュツ ジュチ チュウ:GK トウ
馾	タン:K トン:G
馿	ロ:G
駀	ユ:G ユウ:K
駁	ハク:K バク:G
駂	ホウ
駃	カイ:K ケ:G ケチ:G ケツ:K
駄	タ:K タイ:K ダ:G ダイ:G
駅	エキ:K ヤク:G
駆	キュウ ク:GK
駈	ク:GK
駉	キョウ:G ケイ:K
駊	ハ
駋	ショウ
駌	エン:K オン:G
駍	ヒ:K ヒョウ:G ビ:G ホウ:K
駎	ジュ チュウ
駏	キョ:K ゴ:G
駐	チュ チュウ:GK
駑	ド:K ヌ:G
駒	ク:GK
駓	ヒ:GK
駔	ショ:G ソ:K ソウ:GK ゾ
駕	カ:K ガ ケ:G
駖	リョウ:G レイ:K ロウ
駗	シン チン リン
駘	タイ:K ダイ:G
駙	フ:K ブ:G
駚	オウ:K ヨウ:G
駛	シ:GK
駜	ヒ:K ヒツ:K ビ:G ビチ:G
駝	タ:K ダ:G
駞	タ:K ダ:G
駟	シ:GK シチ:G シツ:K
駠	リュウ
駡	バ:K メ:G
駢	ヘン:K ベン:G
駣	ジョウ:G チョウ:K トウ:K ドウ:G
駤	チ
駥	ジュウ ニュ
駦	トウ
駧	ズ:G トウ:K
駨	ケン シュン
駩	セン:K ゼン:G
駪	シン:GK
駫	キョウ:G ケイ:K
駬	ジ:K ニ:G
駭	カイ:K ガイ:G
駮	カク ハク:K バク:G ホク:G
駯	シュ チュ
駰	イン:GK オン
駱	ラク:GK ロ
駳	タン:K ダン:G
駴	アイ カイ:K
駵	リュウ:K ル:G
駶	キョク:K ゴク:G
駷	シュ:K ショウ:G ス:G ソウ:K
駸	シン:GK
駹	ボウ:K モウ:G
駺	リョウ ロ
駻	カン:K ガン:G
駼	ズ:G ト:K
駽	ケン:GK ゲン
駾	タイ:GK テ
駿	シュン:GK スン
騀	ガ
騁	チョウ:G テイ:K
騂	キョウ:G ケイ:K ショウ:G セイ:K
騃	イ ガイ:K ギ シ:K ジ:G タイ:G チ:K
騄	リョク:K ロク:G
騅	スイ:GK
騆	シュ:G シュウ:K
騇	シャ
騈	ビョウ:G ヘイ:K ヘン:K ベン:G
騉	コン
騊	トウ:K ドウ:G
騋	ライ:GK
騌	ソウ:K
騍	カ
騎	キ:K ギ:G
騏	キ:K ギ:G
騐	ケン
騑	ヒ:GK
騒	ショウ ソウ:GK
験	ケン ゲン:GK
騔	カツ
騕	ヨウ
騖	ブ:K ム:G
騗	ヘン
騘	ソウ
騙	ヘン:GK
騚	セン:K ゼン:G
騛	ヒ
騜	オウ:G コウ:K
騝	ケン:K ゲン:G コン
騞	カク:K キャク:G ケ:G ケイ:K チャク:G テキ:K バク:K ミャク:G
騟	ユ
騠	ダイ:G テイ:K
騡	セン
騢	カ:K ゲ:G
騣	ス:G ソウ:K
騤	キ:K ギ:G ケチ:G ケツ:K
騥	ジュウ ニュ
騦	シ
騧	カ:K カイ:K ケ:G
騨	タ:K タイ:G タン:GK ダ:G ダン:G テイ:K テン
騩	キ:K ギ:G タイ デ
騪	シュ:G シュウ:K
騫	ケン:GK コン
騬	ショウ:K ジョウ:G
騭	シチ:G シツ:K チキ:G チョク:K
騮	リュウ:K
騯	ビョウ:G ホウ:K ボウ
騰	トウ:K
騱	ケイ:K
騲	ソウ
騳	トク:K ドク:G
騴	アン:K エン:G
騵	ガン ゲン:K
騶	シュ:G シュウ:K ス スウ:K チュ
騷	ショウ ソウ:GK
騸	セン:GK
騹	キ
騺	チ
騻	ショウ:G ソウ:K
騼	ロク
騽	オウ:G シュウ:K ジュウ:G ユウ:K
騾	ラ:GK
騿	ショウ
驀	バ:K バク:K ミャク:G メ:G
驁	ギョウ ゴウ:GK
驂	サン:K
驃	ヒョウ:K ビョウ:G
驄	ス:G ソウ:K
驅	キュウ ク:GK
驆	ヒツ
驇	チ:GK
驈	イチ:G イツ:K キツ ギチ シュツ ジュチ
驉	キョ:K コ:G
驊	カ:K ゲ:G
驋	ハチ:G ハツ:K
驌	シュク:K
驍	キョウ:GK ギョウ
驎	リン:GK
驏	サン:K ザン:G
驐	トン
驑	リュウ:K
驒	タ:K タイ:G タン:GK ダ:G ダン:G テイ:K テン
驓	ショウ:G ジョウ ソウ:K ゾウ
驔	タン:K テン:K デン:G ドン:G
驕	キョウ:GK ク
驖	テツ:K デチ:G
驗	ケン ゲン:GK
驘	ラ:GK
驙	タン:K ダン:G テン
驚	キョウ:G ケイ:K
驛	エキ:K ヤク:G
驜	ギョウ:G ゴウ:K
驝	タク:GK
驞	ヒン:K ビン:G
驟	シュウ:K ジュ:G ソウ
驠	エン
驡	ソウ リュウ リョウ
驢	リョ:K ロ:G
驣	トウ:K ドウ:G
驤	ショウ:K ジョウ:K ソウ:G ニョウ:G
驥	キ:GK
驦	ソウ
驧	キク コク:K ゴク:G
驨	ケイ ゲ
驩	カン:GK
驪	ジ:G チ:K ライ:G リ:GK レイ:K
驫	キュウ:K ク:G シュウ:K ジュウ:G ヒュ ヒュウ:GK ヒョウ:GK
骨	クチ コツ:K
骩	イ
骪	イ:GK
骫	イ
骬	ウ:GK
骭	カン:GK ゲン:G
骮	ヨク:K
骯	コウ:GK
骰	ク:G コ:K ズ:G トウ:K
骱	カイ:K カツ:K ガイ:G ガチ ケチ:G ゲチ
骲	ギョウ:G ゴウ:K ハク:K バク:G ビョウ:G ホウ:K ホク:GK
骳	ヒ ビ:K ミ:G
骴	サイ:K シ:K ジ:G ゼ:G
骵	タイ:G
骶	タイ:G テイ:K
骷	ク:G コ:K
骸	カイ:K ガイ:G
骹	キョウ:G ギョウ コウ:K
骺	ク:G コウ:K ゴ
骻	カ:K ケ:G
骼	カク:K キャク:G
骽	タイ:K テ:G
骾	キョウ:G コウ:K
骿	ヘン:K ベン:G
髀	ヒ:GK ビ:K ヘイ:K ベイ ミ:G
髁	カ:GK カイ:K ケ:G
髂	カ:K ケ:G
髃	ガイ:K グ:GK ゲ:G ゴウ
髄	スイ:GK ズイ
髆	ハク:GK
髇	キョウ:G コウ:K
髈	ホウ:K ボウ:G
髉	カク ハク
髊	サ シ:K ジ:G
髍	バ:K マ:G
髎	リョウ:GK ロウ
髏	ル:G ロ ロウ:K
髐	キョウ:G コウ:K
髑	トク:K ドク:G
髒	ソウ:GK
髓	スイ:GK ズイ
體	タイ:G テイ:K ホン:K ボン:G
髕	ヒン:K ビン:G
髖	カン:GK コン:GK
髗	ロ:K
高	コウ:GK
髙	コウ
髛	コウ
髜	キョウ:GK
髝	ロウ
髞	ソウ:GK ゾウ
髟	サン:K セン:G ヒュ ヒュウ:GK ヒョウ:GK
髠	コン:GK
髡	クチ コツ:K コン ゴチ:G ゴツ
髢	シャク:G ジ:G セキ:K ダイ:G チ:K テイ:K
髣	ホウ:GK ボウ
髤	キュウ:K ク:G シ
髥	ゼン:K ネン:G
髦	ボウ:K ミョウ ム モウ:G
髧	タン:K ドン:G
髨	コン
髩	ビン
髪	ハイ ハツ:K ホチ:G ホツ
髫	ジョウ:G チョウ:K
髬	ヒ:GK
髭	シ:GK ヒ
髮	ハイ ハツ:K ホチ:G ホツ
髯	ゼン:K
髰	テイ
髱	ビョウ:G ホウ:K
髲	ヒ:K ビ:G
髳	ボウ:K ム:G モ モウ:G
髴	ヒ フチ フツ:K ブチ
髵	ジ:K ニ:G
髶	ジ:K ジョウ ニ:G ニュ
髷	キョク:K コク:G
髸	キョウ:K ク:G
髹	キュウ:K ク:G
髺	カツ:K ガチ:G
髻	キチ:G キツ:K ケイ:K ケツ:K ゲチ:G
髼	ブ:G ホウ:K
髽	サ:GK セ
髾	ショウ:G ソウ:K
髿	サ:GK シャ:G
鬀	タイ:G テイ:K
鬁	リ
鬂	ビン
鬃	ス:G ソウ:K ゾウ:G
鬄	シャク:G セキ:K タイ:G チャク:G テイ:K テキ:K
鬅	ホウ:K ボウ:G
鬆	シュ:G ショウ:K ス ソウ:GK
鬇	ジョウ:G ソウ チョウ:K トウ
鬈	ケン:GK ゲン:G
鬉	ス:G ソウ:K
鬊	シュン
鬋	セン:GK
鬌	キ ズイ:G タ:K ダ:G ツイ:K
鬍	コ:K ゴ:G
鬎	ラツ
鬐	キ:K ギ:G
鬑	レン
鬒	シン:GK
鬔	ホウ
鬕	バ:K バク:K マク:G メ:G
鬖	サン:GK シン
鬗	バン:K マン:G
鬘	バン:K マン:G
鬙	ソウ:GK
鬚	シュ:K ス:G
鬛	リョウ:GK
鬜	カチ:G カツ:K カン:K ケン:G サン:K ゼン:G
鬞	ジョウ:K ドウ:K ニュ ニョウ:G ヌ:G
鬟	カン:K ゲン:G
鬠	カイ:K カツ:K ガチ:G ケ:G
鬡	ドウ:K ニョウ:G
鬢	ヒン:GK ビン
鬣	ヨウ リョウ:GK
鬤	ジョウ:K ドウ ニョウ:G
鬥	カク ツ:G トウ:K
鬦	トウ:K
鬧	トウ ドウ:K ニョウ:G
鬨	グ:G コウ:K ゴウ:G
鬩	カク:K キャク:G ケキ:K ゲキ
鬪	トウ:K
鬫	カン:K
鬬	トウ
鬭	ツ:G トウ:K
鬮	キュウ:K ク:G コウ:K
鬯	チョウ:GK
鬰	ウツ
鬱	ウツ:K オチ
鬲	アク:K カク:K キャク:G ヤク:G リャク:G レキ:K
鬳	カン:K ケン:G ゲン:K ゴン:G
鬴	フ:K ブ:G リャク:G レキ:K
鬵	シン:K ジン:G セン:K ゼン:G
鬷	ス:G ソウ:K
鬸	リュウ:K ル:G
鬹	エ:G キ:GK ギ ケイ:K
鬺	ショウ:GK ソウ
鬻	イク:GK キク コク シュク:GK ビ:K ミ:G
鬼	キ:GK
鬽	ビ:K ミ:G
鬾	キ:K ギ:G
鬿	キ:K ゲ:G
魀	カイ
魁	カイ:K
魂	コン:K ゴン:G
魃	ハツ:K バチ:G バツ:G
魄	タク:GK ハク:K バク ヒャク:G
魅	ビ:K ミ:G
魆	クチ クツ
魈	ショウ:GK
魊	イキ:G コク ヨク:K
魋	ズイ:G タイ:K ツイ:K デ
魌	キ:K
魍	ボウ:K モウ:G
魎	リョウ:K
魏	ガイ:K ギ:K ゲ:G
魐	カン
魑	チ:GK
魒	ヒョウ
魓	ヒチ:G ヒツ:K
魔	バ:K マ:G
魕	キ:K
魖	キョ:K コ:G
魗	シュ:G シュウ:K ジュ:G
魘	エン:GK ヨウ:GK
魙	サン:K セン:G
魚	ギョ:K ゴ:G
魛	トウ:GK
魜	ジン:K ニン:G
魝	ケイ ケチ:G ケツ:K シュ:K ス:G
魟	ク:G コウ:K
魠	タク
魡	チャク:G チョウ:GK テキ:K
魣	ショ:K
魤	カ:K ガ ケ:G
魥	キョウ:K コウ:G ゴウ
魦	サ:GK シャ:G ショウ
魧	コウ:K ゴウ:G
魨	トン:K ドン:G
魩	バツ:K マチ:G
魪	カイ:K
魫	シン:GK ジン:G チン:K
魬	ハン:K バン:G
魭	ガン:GK ゲン:K
魮	ヒ:GK ビ:G
魯	ロ:K
魰	ブン:K モン:G
魱	コ:K ゴ:G
魲	ロ:K
魳	シ ソウ:GK
魴	ホウ:K ボウ:G
魵	フン:K ブン:G
魶	トウ ドウ:K
魷	ユウ
魺	カ ガ
魻	コウ:K ゴウ:G
魼	キョ:K キョウ:G コ:G コウ:K トウ
魽	カン:K ガン:G
魾	ヒ:K ビ:G
魿	リョウ:G リン:GK レイ:K
鮀	タ:K ダ:G
鮁	ハイ:K ハツ:K バチ:G ベ:G
鮂	シュウ:K ジュ:G ユウ
鮃	ヒョウ:G ビョウ:G ヘイ:K
鮄	フツ ブチ ホツ
鮅	ヒツ:K ビチ:G
鮆	ザイ:G シ:GK ジ セイ:K
鮇	ビ:K ミ:G
鮈	ク:G グ コウ:K
鮉	チョウ:GK
鮊	ハ:K ハク:K ビャク:G ベ:G
鮋	シュウ:K ジュ:G チュウ:K ユ:G ユウ:K
鮌	コン
鮍	ヒ:GK
鮎	デン:K ネン:G
鮏	ショウ:G セイ:K ソウ:K
鮐	イ タイ:GK
鮑	ヒョウ:G ビョウ:G ホウ:K
鮒	フ:K ブ:G ホ
鮓	サ:K シャ:G ジャ:G
鮔	キョ
鮕	コ
鮙	ドウ
鮚	カツ キツ:K ギチ:G ケチ:G ケツ:K
鮛	シュク
鮜	コウ ゴ
鮝	ショウ:K
鮞	ジ:K ジク:K ニ:G ニク:G
鮟	アン:GK
鮠	ガイ:K
鮡	ジョウ:G チョウ:K トウ:K ドウ:G ヨウ
鮢	シュ
鮣	イン
鮤	レイ レチ:G レツ:K
鮥	エ:G カイ:K カク:K ガク キャク:G ラク
鮦	ジュ ズ:G チュウ:K チョウ トウ:K
鮧	イ:GK シ:K ジ:G ダイ:G テイ:K
鮨	キ:K ギ:G ゲイ:K シ:K ジ:G
鮩	ヒツ:K ビチ:G ビョウ:G ヘイ:K ホウ:K
鮪	イ:GK ウ:G ユウ:K
鮫	キョウ:G コウ:K
鮬	カ:K ク:G ケ:G コ:K ヒ:K ビ:G ブ:G ホ:K
鮭	エ:G カ:K カイ:K ケイ:K ゲ:G ワイ
鮮	セン:GK
鮯	コウ
鮰	エ:G カイ:K
鮵	タツ ダチ
鮶	クン
鮷	ダイ:G テイ:K
鮸	バン:K ベン:K マン:G メン:G
鮹	ショウ:GK ソウ:K
鮺	サ:K シャ:G
鮻	サ:GK
鮼	シン
鮽	ヨ
鮾	ダイ:K
鮿	チョウ:GK
鯀	コン:GK
鯁	キョウ:G コウ:K
鯂	ソ
鯃	ゴ
鯄	キュウ:K グ:G
鯅	シン セン テン
鯆	フ:G ホ:K
鯇	カン:K ガン ゲン:G コン:K ゴン:G
鯈	ジュ ジョウ:G チュウ:K チョウ:K ユ:G ユウ:K
鯉	リ:GK
鯊	サ:K シャ:G
鯋	サ
鯌	コウ
鯔	シ:GK
鯕	キ:K ギ:G
鯖	エイ:K ショウ:G セイ:K ヨウ:G
鯗	ショウ:K ソウ:G
鯘	ダイ:K ネ
鯙	シュン:K ジュン:G
鯚	キ
鯛	チョウ:GK トウ
鯜	ショウ
鯝	ク:G コ:K
鯞	シュ:G シュウ:K
鯟	ツ:G トウ:K
鯠	ライ
鯡	ヒ:GK
鯢	ゲイ:K
鯣	エキ:K ヤク:G
鯤	コン:GK ゴン
鯥	リク:K ロク:G
鯦	アイ キュウ:K グ:G シュウ:K ジュ:G
鯧	ショウ:GK
鯨	キョウ:G ギョウ:G ケイ:K ゲイ ゴウ:K
鯩	リン
鯪	リョウ:GK
鯫	シュ:K シュウ:K ジュ:G セン ソウ:K チョウ
鯬	ライ:G リ レイ:K
鯭	ボウ
鯮	ソウ:K
鯯	セイ:K
鯰	デン:K ネン:G
鯱	コ
鯵	ソウ:GK
鯶	カン:K ガン:G コン:K ゴン:G
鯷	シ:K ジ:G ダイ:G テイ:K
鯸	グ:G コウ:K
鯹	セイ:K
鯺	ショ:GK
鯻	ライ ラチ:G ラツ:K
鯼	ソウ
鯽	シャク:G ショク:K セキ:K ソク:GK ゾク:G
鯾	ヘン:K ベン:G
鯿	ハン:K ヘン:GK
鰀	カン:K ガン:G
鰁	セン:K ゼン:G
鰂	ソク:K ゾク:G
鰃	ワイ
鰄	イ:GK
鰅	ギョウ グ
鰆	シュン:GK
鰇	ジュウ ニュ
鰈	ショウ:G ジョウ:G ソウ:K チョウ:K トウ:GK
鰉	オウ:G コウ:K
鰊	レン:GK
鰋	エン:K オン:G
鰌	シュ:G シュウ:K
鰍	シュウ:K
鰎	ケン:K コン:G
鰏	ヒキ:G ヒョク:K
鰐	ガク:GK
鰑	ヨウ:GK
鰒	ハク:K バク:G フク:K ブク:G ホク:K ボク:G
鰓	サイ:GK シ:GK
鰔	カン:K ケン:G ゲン:G コン:G
鰕	カ:K ケ:G ゲ:G
鰖	タ:GK
鰗	コ
鰚	セン
鰛	オン:GK
鰜	カン:K ケン:GK ゲン:G セン
鰝	カク コウ:K ゴウ:G
鰞	ウ:G オ:K
鰟	ホウ
鰠	ソウ
鰡	リュウ:K
鰢	バ:K メ:G
鰣	シ:K ジ:G
鰤	シ:GK
鰥	カン:K ケン:G コン
鰦	シ:GK
鰧	ジン:G チン:K トウ:K ドウ:G
鰨	ジョウ:G チョウ:K トウ:GK ドウ:K ノウ:G
鰩	ヨウ:GK
鰪	オウ:GK コウ
鰫	ショウ:K ジュ:G ユ:G ヨウ:K
鰬	ケン:K ゲン:G
鰭	キ:K ギ:G
鰮	オン:GK
鰱	レン:GK
鰲	ゴウ:GK
鰳	ロク
鰴	キ
鰵	ビン:K ミン:G
鰶	サイ:G セイ:K
鰷	ショウ ジョウ:G チョウ:K
鰸	ウ:G オウ:K ク
鰹	ケン:GK
鰺	ソウ:GK
鰻	バン:K マン:G
鰼	シュウ:K ジュウ:G
鰽	シュウ:K ジュ:G
鰾	ヒョウ:K ビョウ:G
鰿	サク シャク:G ジャク セキ:K
鱀	キ:K ギ:G ゲ
鱁	ジク:G チク:K
鱂	ショウ:G ソウ:K
鱃	シュ:G シュウ:K
鱄	セン:GK ゼン タン:K ダン:G レン
鱅	ショウ:K ジュ:G ユ:G ヨウ:K
鱆	ショウ
鱇	コウ
鱈	セツ
鱉	ベツ
鱊	イチ:G イツ:K カツ ケチ:G ケツ:K シュツ ジュチ
鱋	キョ
鱌	ショウ:K ゾウ:G
鱍	ハチ:G ハツ:K
鱎	キョウ:GK ギョウ
鱏	イン:GK シン:K ジン:G
鱐	シュ:G シュウ:K シュク:K スク:G
鱑	コウ
鱒	セン:K ゼン:G ソン:K ゾン:G テン:K デン:G
鱓	セン:K ゼン:G タ:K ダ:G
鱔	セン:K ゼン:G
鱕	ハン:K ホン:G
鱖	エツ:K オチ:G カチ キ:K ケ:G ケイ:K ケツ:K
鱗	リン:GK
鱘	シン:K ジン:G
鱙	ビョウ
鱜	キョウ
鱝	フン:K ブン:G
鱞	カン
鱟	アク オク:GK グ:G コウ:K ゴウ:G ボウ:K モ:G ヨク
鱠	カイ:K
鱡	ソク
鱢	ソウ
鱣	セン:K ゼン:G タン:K ダン:G テン:GK
鱤	カン:K コン:G
鱥	ケイ:K
鱦	ショウ:K ジョウ:G ボウ:K ミョウ モウ:G ヨウ
鱧	ライ:G レイ:K
鱨	ショウ:K ジョウ:G
鱫	アイ
鱬	ジュ ニュ
鱭	シ セイ:K
鱮	ショ:K ジョ:G ヨ
鱯	カ:K カク:K ゲ:G コ:K ゴ:G ワク:G
鱱	レイ
鱲	リョウ:GK
鱳	ラク リャク:G レキ:K ロク
鱴	バツ:K ベツ:K マチ:G メチ:G
鱵	シン:GK
鱶	ショウ:K
鱷	ガク:GK
鱸	ロ:K
鱹	カン
鱺	ライ:G リ レイ:K
鱻	セン:GK
鳥	サク:K シャク:G チョウ:GK トウ
鳦	アツ イツ:K
鳧	フ:K ブ:G
鳨	リキ リョク
鳩	キュウ:K ク:G グ ジ:G チ:K
鳪	ハク:K ホク:G
鳫	ガン:K
鳬	フ:K
鳭	チョウ:G トウ:K
鳮	ケイ
鳯	ホウ
鳱	カン:K ガン ゲン:G
鳲	シ:GK
鳳	フウ ブ:G ブウ:G ホウ:K
鳴	ベイ ミョウ:G メイ:K
鳵	ホウ
鳶	エン:GK
鳷	キ シ:GK
鳸	コ:K ゴ:G
鳹	カン:K キン:K ケン:K ゲン:G コン:G ゴン:G
鳺	キ フ
鳻	ハン:K フン:K ブン:G ホン ボン:G
鳼	ビン:K ブン:K ミン:G モン:G
鳽	ケン
鳾	シ
鳿	ギョク:K ゴク:G
鴀	フ:G フウ:K
鴁	オウ:K ヨウ:G ヨク
鴂	ケ:G ケイ:K ケキ:K ケチ:G ケツ:K ゲキ
鴃	キャク:G ケイ ケキ:K ケチ:G ケツ:K ゲキ ゲツ
鴄	ヒチ:G ヒツ:K
鴅	カン
鴆	ジン:G タン チン:K トン:K ドン:G
鴇	ホウ:GK
鴈	ガン:K ゲン:G
鴉	ア:K ガ:K ゲ:G
鴊	ショウ:G セイ:K
鴋	ホウ:K ボウ:G
鴌	ホウ
鴍	ビン:K ブン:K ミン:G モン:G
鴎	イウ ウ:G オ:K オウ:K ク
鴏	トク:K ドク:G
鴐	カ:K ケ:G
鴑	ジョ:K ド:K ヌ:G
鴒	リョウ:G レイ:K
鴓	ヒツ:K ビチ:G ビツ:K ベツ:K ミチ:G メチ:G
鴔	キュウ:K コウ:G ヒュウ フク:K ブク:G ボウ
鴕	タ:K ダ:G
鴖	ビン:K ブン:K ミン:G モン:G
鴗	リュウ:GK
鴘	ハン:K ヘン:GK ホン:G
鴙	コツ:K ゴチ:G ジ:G チ:K
鴚	カ:K ケ:G
鴛	エン:K オン:GK
鴜	シ:K
鴝	ク:GK グ:G コウ:K
鴞	キョウ:K ヨウ
鴟	シ:GK
鴠	タン
鴡	ショ
鴢	オウ:K ユ:G ユウ:K ヨウ:G
鴣	ク:G コ:K
鴤	シュ:G シュウ:K
鴥	イク イチ:G イツ:K ウチ:G ウツ:K ケツ:K ゲチ:G ジョウ
鴦	オウ:GK ヨウ:K
鴧	イツ ジョウ ニュ
鴨	オウ:K
鴩	イツ テツ
鴪	イツ:K
鴬	オウ:K ヨウ:G
鴭	タイ:K テ:G
鴮	ウ:G オ:K ク:G コ:K
鴯	ジ:K ニ:G
鴰	カチ:G カツ:K
鴱	ガイ:K ゲ:G
鴲	シ:GK
鴳	アン:K エン:G
鴴	ギョウ:G コウ:K
鴵	キョウ
鴶	カツ:K キチ:G キツ:K ケチ:G
鴷	レチ:G レツ:K
鴸	シュ チュ
鴹	ショウ:K ゾウ:G ヨウ
鴺	イ:GK ダイ:G テイ:K
鴻	グ:G コウ:K
鴼	ロ:K
鴽	ジョ:K ニョ:G
鴾	ボウ:K ム:G
鴿	コウ:GK
鵀	ジン:K ニン:G
鵁	キョウ:G コウ:K
鵂	キュウ:K ク:G グ
鵃	ショウ チュ チュウ チョウ:GK トウ:K
鵄	シ:GK
鵅	カク:K キャク:G ラク:GK
鵉	ラン
鵊	キョウ:G ギョウ コウ:K
鵋	キ:K ギ:G
鵌	ヅ ト ヨ
鵍	カン:K ガン:G
鵎	タ
鵏	フ:G ブ ホ:K
鵐	ブ:K ム:G
鵑	ケン:GK
鵒	ヨク:GK
鵓	ホツ:K ボチ:G ボツ
鵔	シュン:GK
鵕	シュン
鵖	キョウ:G コウ:K ヒュウ ヒョウ:G ホウ:K
鵗	キ:K ケ:G チ
鵘	キン:K クン:K グン:G ゴン:G
鵙	キャク:G ケキ:K ゲキ
鵚	トク
鵛	キョウ:G ケイ:K
鵜	ダイ:G テイ:K
鵝	ガ:GK
鵞	ガ:GK
鵟	キョウ:K ゴウ:G
鵠	カク コウ:K コク:GK ゴウ:G ゴク:G
鵡	ブ:K ム:G
鵢	シン
鵣	テイ ライ:GK
鵦	ロク
鵧	ハ ハイ:K バイ ヒ:K ヒョウ:G ビ:G ビョウ ヘイ:K ベ:G
鵨	ショ
鵩	フク:K ブク:G
鵪	アン:K オウ:K オン:G ヨウ:G
鵫	ジョク タク:K チョウ:G トウ:K
鵬	ホウ:K
鵭	キン:K ゴン:G
鵮	カン タン
鵯	ヒ:GK ヒツ:K ビチ:G
鵰	チョウ:GK
鵱	リク:K ロク:G
鵲	サク:G シャク:K ジャク
鵳	ケン:GK
鵴	キク コク
鵵	ズ:G ツ ト:K
鵶	ア:K
鵷	エン:K オン:G
鵸	イ キ:K ギ:G
鵹	ライ:G リ レイ:K
鵺	ヤ:GK
鵻	シュン スイ:GK
鵼	ク:G コウ:K
鵽	タチ:G タツ:K
鵾	コン:GK
鵿	ショウ
鶀	キ:K ギ:G
鶁	キョウ:G ケイ:K
鶂	ガク ギャク ゲイ ゲキ
鶃	ガク ゲイ:K ゲキ:K
鶄	ショウ:G セイ:K
鶅	シ
鶆	ライ:GK
鶇	ツ:G トウ:K
鶈	サイ:G セイ:K
鶉	シュン:K ジュン:G タン:K ダン:G トン
鶊	キョウ:G コウ:K
鶋	キョ:K コ:G
鶌	クチ クツ
鶏	ケイ:K
鶐	シュツ ジュチ
鶒	シャ シャク:G セキ:K チョク:K
鶓	ビョウ:K ミョウ:G
鶔	ジュウ ニュ
鶕	アン:K
鶖	シュ:G シュウ:K
鶗	シ:K ジ:G ダイ:G テイ:K
鶘	コ:K ゴ:G
鶙	タイ:G ダイ:G テイ:K
鶚	ガク:GK
鶛	カイ
鶜	ボウ:K ミョウ:G
鶝	ヒキ:G ヒョク:K フク
鶞	チュン
鶟	トツ:K ドチ:G
鶠	エン
鶡	カイ カク カツ:K ガチ:G フン
鶢	エン:K オン:G
鶣	ヒン:K ビン:G ヘン:K ベン:G
鶤	イ ウン:GK キ コン:GK
鶥	ビ:K ミ:G
鶦	コ:K ゴ:G
鶧	エイ:K ヨウ:G
鶨	ジ:G タン チ:K テン トン:K ドン:G
鶩	ブ:K ボク:K ム:G モク:G
鶪	キャク:G ケキ:K ゲキ
鶬	ショウ:K ソウ:GK
鶭	ホウ
鶮	カク:K コク:K ゴク:G
鶯	オウ:K ヨウ:G
鶰	エン
鶱	ケン:K コン:G
鶲	オ オウ
鶳	シ
鶴	カク:K
鶵	シュ:G ス:K スウ:K
鶶	トウ:K ドウ:G
鶷	カツ:K ガチ ゲチ:G
鶸	ジャク:K ニャク:G
鶹	リュウ:K ル:G
鶺	シャク:G セキ:K
鶻	カツ:K クチ ゲチ:G コツ:K ゴチ:G
鶼	カン ケン:GK
鶽	シュン:GK
鶾	カン:K ガン:G
鶿	シ:K ジ:G
鷀	ジ:G
鷁	ギャク ゲキ:K
鷂	ヨウ:GK
鷃	アン:K エ エン:G
鷄	ケイ:K
鷅	リチ:G リツ:K
鷆	シン テン:K デン:G
鷇	カク ク:G コ:K コウ:K コク
鷈	シ タイ:G テイ:K
鷉	テイ:K
鷊	ギャク ゲキ:K
鷋	ヅ ト
鷌	バ:K メ:G
鷍	キョウ
鷎	コウ
鷏	シン テン:K デン:G
鷐	シン:K ジン:G
鷑	キュウ ゴウ リュウ
鷒	セン タン:K ダン:G
鷓	シャ:GK
鷔	ギュウ グ ゴウ:GK
鷕	イ:K キョウ:K ギョウ:G ユイ:G ヨウ:GK
鷖	エイ:K
鷗	イウ ウ:G オ:K オウ:K ク
鷘	チキ:G チョク:K
鷙	シ:GK セツ チツ チュウ
鷚	キュウ ビュウ ボウ リュウ:K リョウ
鷛	ユ:G ヨウ:K
鷜	ル:G ロウ:K
鷝	ヒチ:G ヒツ:K
鷞	ショウ:G ソウ:K
鷟	サク:K ザク:G
鷠	ギョ:K ゴ:G
鷡	ブ:K ム:G
鷢	ガチ ケツ
鷣	イン:GK ヨウ:GK
鷤	タン:K ダイ:G ダン:G テイ:K
鷥	シ:GK
鷦	ショウ:GK
鷧	イ:GK エイ
鷨	カ:K ゲ:G
鷩	ヒ ヘイ:K ヘチ:G ヘツ:K
鷪	オウ
鷫	シュク:K
鷬	オウ:G コウ:K
鷭	ハン:K バ バン ボン:G
鷮	キョウ:GK ギョウ
鷯	リョウ:GK
鷰	エン:GK
鷱	コウ
鷲	シュウ:K ジュ:G
鷳	カン:K ゲン:G
鷴	カン:K
鷵	ズ:G ト:K
鷶	バイ:K メ:G
鷷	シュン ソン:K ゾン:G
鷸	イチ:G イツ:K シュツ ジュチ
鷹	オウ:G ヨウ:K
鷺	リョ ロ:K
鷻	タイ タン:K ダン:G デ
鷼	カン:K ゲン:G
鷽	アク カク:K カツ:K ガク:G ゲチ:G ヨク
鷾	イ:GK
鷿	ハク:K ヒャク:G ビャク:G ヘキ:K
鸀	ショク:K ジョク ソク:G ゾク タク トク:K ドク:G
鸁	ラ
鸂	ケイ:K
鸃	ギ
鸄	キャク:G キョウ ケキ:K
鸅	ジャク:G タク:K
鸆	グ
鸇	ケン セン:GK
鸈	ギョウ:G ゴウ:K
鸉	エイ:K ヨウ:G
鸊	ハク:K ヒ ヒャク:G ヘキ:K
鸋	デイ ニョウ:G ネイ:K
鸌	ワク
鸍	シ ビ:K ミ:G
鸎	オウ:K ヨウ:G
鸏	ボウ:K モ モウ:G
鸐	ジャク:G ジョク タク:K テキ:K
鸑	ガク:GK
鸒	ヨ:GK
鸓	ライ ルイ レ
鸔	ホク
鸕	リョ ロ:K
鸖	カク:K
鸗	リュ リョウ ル:G ロウ:K
鸘	ソウ
鸙	ヤク:GK
鸚	イン:T オウ:K ヨウ:G
鸛	カン:GK ガン ケン:K ゲン:G
鸜	ク:K グ:G ケン:K ゲン:G
鸝	ライ:G リ:GK レイ:K
鸞	ラン:GK
鹵	ロ:K
鹶	キョウ:G キン:K コウ:K ゴン:G
鹷	リョウ:G レイ:K
鹸	カン:K ケン:G ゲン:G セン:GK
鹹	カン:K ゲン:G
鹺	サ:K ザ:G シ:K ジ:G
鹻	カン:K
鹼	カン:K ケン:G ゲン:G セン:GK
鹽	アン エン:GK
鹿	ロク:GK
麀	ユ:G ユウ:K
麁	ソ:K
麂	キ:GK
麃	ヒョウ:GK ビョウ:G ホウ:K
麄	ソ:K
麅	ホウ:K
麆	ショ:G ソ:K ゾ
麇	キン:K クン:K グン:G コン:G
麈	シュ:K ス:G
麉	ケン
麊	ビ:K ベイ ミ:G ミョウ
麋	ビ:K ミ:G
麌	グ:GK ゲ ゴ:K
麍	リョウ ル
麎	シ シン:K ジン:G
麏	キン:K クン:K
麐	リン
麑	ゲイ:K ベイ:K マイ:G メイ
麒	キ:K ギ:G
麓	ロク:GK
麔	キュウ:K キョウ:G ギョウ グ:G コウ:K ヒョウ:K ビョウ:G
麕	キン:K クン:K
麖	キョウ:G ケイ:K
麗	シ ライ:G リ:GK リャク:G レイ:K レキ:K
麘	キョウ:K コウ:G
麙	カン:K ガン ゲン:G
麚	カ:K ケ:G
麛	ベイ:K マイ:G メイ
麜	リチ:G リツ:K
麝	シャ:K ジャ:G ジャク:G セキ:K
麞	ショウ:GK
麟	リン:GK
麠	キョウ:G ケイ:K
麡	サイ:G ザイ セイ:K
麢	リョウ:G レイ:K
麣	ガン
麤	ソ:K ゾ:G
麥	キョク コキ バク:K ミャク:G
麦	キョク コキ バク:K ミャク:G
麧	ケツ:K ゲチ:G コツ:K ゴチ:G
麨	ショウ:GK
麩	フ:GK
麪	ベン:K メン:G
麫	メン
麬	フ:GK
麭	ヒョウ:G ホウ:K
麮	キョ:K コ:G
麯	キク:GK
麰	ボウ:K ム:G
麱	フ
麲	カン:K ゲン:G
麳	ライ:GK リ リキ リョク
麴	キク:GK コク
麵	ベン:K メン:G
麷	フ:G フウ:K ブ:G ホウ:K
麸	フ:GK
麹	キク:GK コク
麺	ベン:K メン:G
麻	バ:K マ:T
麼	バ:K ビ:K マ:G ミ:G モ
麽	バ:K マ:G
麾	キ:GK
黀	シュ:G シュウ:K
黁	ドン ナン
黂	ヒ:K ビ:G フン ボン
黃	オウ:G コウ:K
黄	オウ:G コウ:K
黅	キン:K コン:G
黆	コウ
黇	セン テン
黈	ツ:G トウ:K
黊	エ:G カ:K カイ:K ケイ ゲ:G
黋	コウ:GK
黌	オウ:G コウ:K
黍	ショ:GK
黎	ライ:G リ レイ:K
黏	デン:K ネン:G
黐	チ:GK リ:GK
黑	コク:GK
黒	コク:GK
黓	ヨキ ヨク
黔	キン:K ケン:K ゲン:G ゴン:G
黕	タン:K チン トン:G
黖	キ:K ケ:G
黗	トン
默	ボク:K モク:G
黙	ボク:K モク:G
黚	カン:K キン:K ケン:K ゲン:G コン:G ゴン:G
黛	タイ:K
黜	チュチ:G チュツ:K
黝	イ ユ:G ユウ:GK ヨウ:K
點	セン タ テン:GK
黟	アイ:G イ:GK エイ:K
黠	カツ:K ゲチ:G
黢	シュチ:G シュツ:K
黣	バイ
黤	アン:K エン:K オン:G
黥	ギョウ:G ケイ:K ゲイ
黦	ウチ:G ウツ:K エチ:G エツ:K
黧	ライ:G リ レイ:K
黨	ショウ トウ:GK
黫	アン:K イン エン:G
黬	アン エン:K オン:G カン:K ガン:K
黭	アン:K イン エン:K オン:G
黮	ジン:G セン:K ゼン:G タン:K チン:K デン トン:G ドン:G
黯	アン:K オン:G
黰	アン:K エン:G シン:GK
黱	ジン:G タイ:K ダイ:G チン:K
黲	サン:GK
黳	ア アイ エイ
黴	バイ:K ビ:K マイ:G ミ:G メ:G
黵	セン:GK タン:GK
黶	アン エン:GK
黷	トク:K ドク:G
黸	ロ:K
黹	チ:GK
黺	フン
黻	フツ:K ボチ
黼	フ:GK ホ
黽	ビン:K ベン:K ボウ:K ミョウ:G ミン:G メン:G
黾	ボウ
黿	ガン:GK ゲン:K
鼀	キョ シュウ シュク
鼁	キョ:K コ:G シュク
鼂	ジョウ:G チョウ:GK
鼃	カイ:K ワイ:K
鼄	チュ
鼅	チ
鼆	ボウ:K ミョウ:G
鼇	ゴウ:GK
鼈	ヘチ:G ヘツ:K ベツ
鼉	セン:K ゼン:G タ:K タン:K ダ:G ダン:G
鼊	ヒャク:G ヘキ:K
鼎	チョウ:G テイ:K
鼏	ベキ:K ミャク:G
鼐	ダイ:K ドウ:K ナイ:G ノウ:G
鼑	テイ:K
鼒	サイ:K シ:GK
鼓	ク:G コ:K
鼔	ク:G コ:K
鼕	ズ:G トウ:K
鼖	フン:K
鼗	トウ:K ドウ:G
鼘	イン エン:K オン:G
鼙	バイ:G ヘイ:K ベイ
鼚	チョウ:GK
鼛	コウ:GK
鼜	シャク:G セキ:K ソウ
鼝	イン エン
鼞	トウ
鼟	トウ:GK
鼠	ショ:GK ス:G ソ:K
鼡	ソ
鼢	フン:K ブン:G
鼣	ハイ:K ベ:G
鼤	ブン:K モン:G
鼥	ハイ:K ハツ:K バチ:G ベ:G
鼦	チョウ:GK
鼧	タ:K ダ:G
鼨	シュ:G シュウ:K ズ:G トウ:K
鼩	ク:K グ:G
鼪	ショウ:G セイ:K ソウ:K
鼫	ジャク:G セキ:K
鼬	ユ:G ユウ:K
鼭	シ:K ジ:G
鼮	ジョウ:G テイ:K
鼯	グ:G ゴ:K
鼰	デン:K ネン:G
鼱	ショウ:G セイ:K
鼲	コン:K ゴン:G
鼳	キャク:G ケキ:K
鼴	エン:K
鼵	トツ:K ドチ:G
鼶	サイ:G シ セイ:K ダイ:G テイ:K
鼷	ケイ:K ゲイ
鼸	ケン
鼹	エン:K
鼺	ルイ:GK
鼻	ヒ:K ビ:G
鼼	キュウ:K キョウ ギョウ:GK ク:G
鼽	キュウ:K グ:G
鼾	カン:GK ガン:G
鼿	カイ:K ケ:G ゴチ:G ゴツ:K
齀	ガ:K ゲ:G ゴチ:G ゴツ:K
齁	ク:G コ:K コウ:K
齂	カイ:K カチ:G カツ:K キ ケ:G バツ:K マチ:G
齃	アチ:G アツ:K カチ:G カツ:K
齄	サ:K
齅	キュウ:K ク:G
齆	オ オウ:K
齇	サ:K シャ:G
齈	ドウ:K ヌ:G
齉	ドウ
齊	サイ:K シ:GK ジ セイ:K セン
齋	サイ:K シ
齌	サイ:G ザイ セイ:K
齍	サイ:G ザイ シ セイ:K
齎	サイ:G シ:GK セイ:K ミ
齏	サイ:G セイ:K
齐	セイ
齒	シ:GK ショウ
齓	シン:GK ソン トン
齔	シュン シン:GK チン
齕	キ ケツ:K ゲチ:G コツ:K ゴチ:G
齖	ガ:K ゲ:G
齗	ガン:K キン:K ギン:K ゲン:G コン:G ゴン:G ゼン:K ネン:G
齘	カイ:K ケ:G
齙	ビョウ:G ホウ:K
齚	サク:K
齛	エイ セイ セチ:G セツ:K
齜	サ:K サイ:K シ ジャ:G ゼ:G
齝	シ:GK チ:GK
齞	ゲン:GK
齟	サ:K シャ:G ショ:K ジャ ソ:G ゾ
齠	チョウ:K
齡	リョウ:G レイ:K
齢	リョウ:G レイ:K
齣	キョ シ シュツ:K セキ セツ チ
齤	ケン
齥	エイ セツ
齦	カン:K ギン:K ケン:G コン:GK ゴン:G
齧	ケチ:G ケツ:K ゲチ:G ゲツ:K
齨	キュウ:K グ:G
齩	ギョウ:G コウ:K ゴウ:K
齪	サク:GK シュク ショク:K セク ソク:G
齫	グン コン
齬	ギョ:K ゴ:GK
齭	ショ:G ソ:K
齮	キ ギ:GK
齯	ゲイ:K ジ:K ニ:G
齰	サ:K サク:K ジャ:G ジャク:G
齱	サク:GK シュ:G シュウ:K シュク:K ジュ ジュク:G ソウ
齲	ウ ク:GK コ
齳	グン:GK
齴	ガン:K ゲン:G
齵	グ:G ゴウ:K
齶	ガク:GK
齷	アク:GK
齸	イチ:G イツ:K エイ エキ:K ヤク:G
齹	サ:K ザ:G シ:K ジ:G
齺	サク:K ザク:G シュ:G シュウ:K
齻	テン
齼	ショ
齽	キン:K コン:G ゴン:G
齾	ガチ ガツ ゲチ
龍	ボウ:K モウ:G リュ リュウ:G リョウ:K リン ロウ:G
龎	ホウ
龏	アク:GK キョウ:K ク:G
龐	ホウ:K ボウ:G リョウ ル:G ロウ:K
龑	エン ゲン
龒	リョウ:K
龓	イウ ウ ル:G ロウ:K
龔	キョウ:K ク:G ユ:G ヨウ:K
龕	カン:K ガン:G コン:G
龖	ソウ トウ:K ドウ:G
龗	リョウ:G レイ:K
龘	トウ
龜	キ:GK キュウ:K キン:K ク:G コン:G
龝	シュウ:K
龞	ベツ
龠	ヤク:GK
龡	スイ:GK
龢	カ:K ワ:G
龣	カク:GK ロク:GK
龤	カイ:K ガイ:G
龥	ヤク
龱	シュウ:K ジュ:G
龹	ケン
龼	エイ ケイ セン
鿃	セン
鿄	リョウ
鿆	ハイ:K バイ:G フチ フツ
鿋	キ
﨎	ソウ
﨑	キ
﨔	キョ:K コ:G
﨟	カツ ロウ
﨣	キュウ
﨤	ハン:K バン ヘン ホン:G
﨧	コウ
﨨	コウ
𠀀	カ
𠀁	シツ
𠀃	キ ショ
𠀅	カイ
𠀇	ショ
𠀈	キュウ
𠀋	ジョウ
𠀍	セイ
𠀐	キ チュウ
𠀒	ヘイ
𠀓	シ
𠀔	クチ クツ
𠀘	テン
𠀙	レイ
𠀚	フ
𠀛	ギョク
𠀠	キ
𠀡	テン
𠀢	シ
𠀦	ケイ
𠀩	テイ
𠀬	テン
𠀭	ヘイ
𠀮	キ
𠀷	キュウ
𠀸	ヤ
𠀹	クン
𠀻	ゲン
𠁁	ズ:G トウ:K
𠁅	ショ:G ソ:K
𠁈	クン
𠁉	ショ
𠁊	ショウ:G ソウ:K
𠁕	コン
𠁗	セキ
𠁠	ショ
𠁡	ボク
𠁤	シ
𠁥	カ カイ:K ケ:G
𠁦	チュウ
𠁧	チュウ
𠁩	チュウ
𠁭	キ:K ギ:G
𠁮	シュク
𠁰	カイ
𠁱	シ
𠁴	キ
𠁷	サン:K セン:G
𠁼	イ
𠁽	カン:K ガン:G
𠁾	シュ:G ソウ:K
𠁿	タン
𠂂	シュウ
𠂄	カン
𠂆	エイ
𠂇	サ
𠂈	ケツ コチ テン
𠂍	バン
𠂏	ジュ
𠂔	シ
𠂕	シ
𠂖	テイ
𠂜	ホウ
𠂞	コ
𠂟	キン
𠂠	ハン
𠂢	ハ:K ハイ ヘ:G
𠂣	イ:K イン:K エ:G オン:G
𠂤	タイ:K テ:G
𠂥	ソウ
𠂧	シン
𠂨	ソウ
𠂩	シ
𠂬	ガ
𠂮	シン
𠂯	カイ
𠂱	シ
𠂲	ソウ
𠂳	ソウ
𠂵	ヨウ
𠂶	ウ
𠂷	コウ
𠂸	コウ
𠂹	スイ:K ズイ:G
𠂺	シ
𠂼	テン
𠂽	イ
𠂾	ハイ
𠂿	シュ
𠃂	ヒ
𠃃	フ
𠃄	ユ
𠃉	アツ:K イツ エチ:G オチ
𠃋	コウ
𠃏	キュウ
𠃐	カイ
𠃑	イン
𠃒	ヤ
𠃕	シュウ
𠃖	キュウ:K ク:G
𠃞	レイ
𠃟	ヤ
𠃠	チュウ
𠃡	マン
𠃤	コウ
𠃥	キョ
𠃧	ヒ
𠃫	シン
𠃭	シ
𠃰	ビ
𠃲	セツ
𠃳	キ
𠃶	ラン
𠃺	キュウ
𠃼	シ
𠃽	オウ
𠃾	キ
𠄄	ケン
𠄅	ギョウ:G ゴウ:K
𠄇	ラク
𠄈	リン
𠄉	トウ
𠄊	ケン
𠄋	ケン
𠄌	カチ ケツ
𠄍	ケツ コチ
𠄎	ダイ
𠄏	チョウ
𠄑	カ ケツ
𠄒	スイ
𠄓	シュウ
𠄔	ゲン
𠄕	ダイ
𠄖	リョウ:G レイ:K
𠄗	シュウ
𠄙	ソウ
𠄚	チョウ:G テイ:K
𠄛	ヨ
𠄝	ヨ
𠄞	ショウ
𠄟	カ
𠄡	ゴ
𠄢	セン
𠄣	コウ
𠄤	ジュン
𠄨	コウ
𠄬	ソウ
𠄭	コウ
𠄮	バ:K マ:G
𠄰	ロウ
𠄱	イ
𠄴	ヒ
𠄵	セイ
𠄷	セイ
𠄹	キョク
𠄿	イ
𠅂	ケツ
𠅃	エキ
𠅅	マツ
𠅈	ドウ:K ニョウ:G
𠅌	イ
𠅓	チョク ユウ
𠅔	コク
𠅖	コウ ホウ
𠅗	タ テ
𠅘	テイ
𠅙	リョウ
𠅚	ケイ
𠅞	ショウ
𠅟	ショウ
𠅠	キョウ
𠅡	コク
𠅢	ハク
𠅦	ベン
𠅩	シュク
𠅪	カツ
𠅫	ショウ
𠅬	ホウ
𠅰	テイ
𠅱	シャ
𠅷	カク
𠅹	チョウ
𠆁	ラ
𠆂	スイ
𠆆	シュン
𠆇	オウ
𠆉	キ
𠆊	コン
𠆌	ヨウ
𠆎	イ
𠆏	サ
𠆐	キョク
𠆑	オウ
𠆓	タ
𠆕	ハ
𠆙	タ
𠆚	スイ
𠆛	タン
𠆜	セイ
𠆝	ショウ
𠆟	ビ
𠆣	カ
𠆤	カイ テイ
𠆦	サ
𠆩	ハン:K バン ボン:G
𠆪	コウ
𠆭	イン
𠆮	ボク
𠆯	サク
𠆰	ショウ
𠆱	セキ
𠆲	ゲン
𠆴	ドウ
𠆵	ゲイ
𠆶	タン:K ドン:G
𠆸	ブ
𠆹	シ
𠆺	ケン:K ゲン:G
𠆻	ケイ
𠆼	コウ
𠇂	コ
𠇊	カ:K ケ:G
𠇋	タン
𠇍	トウ
𠇒	キョウ
𠇗	カ カイ:K ケ:G
𠇘	シュク
𠇙	コウ
𠇚	コウ
𠇛	フツ
𠇜	シ
𠇝	コウ
𠇞	キ
𠇮	ベイ メイ
𠇯	キョ
𠇱	バツ
𠇲	ク
𠇳	シツ
𠇴	カイ
𠇵	カン
𠇾	キュウ
𠇿	ハツ
𠈀	シ
𠈁	タク
𠈃	ホウ
𠈄	カン
𠈅	シュ:G シュウ:K
𠈆	カイ:K ケ:G
𠈇	シュク
𠈈	シ
𠈉	カン
𠈊	ダ:K ナ:G
𠈋	ジュウ ニュ
𠈌	グ
𠈍	ビ
𠈎	シ
𠈏	ケン
𠈐	シン
𠈑	コウ
𠈓	リョウ
𠈖	ヨウ
𠈢	エン
𠈤	ヨウ
𠈧	エキ
𠈨	サク
𠈪	ヨウ
𠈬	ゴウ
𠈭	ロウ
𠈮	キ
𠈯	ヘイ
𠈰	タン:K ダン:G
𠈱	サ
𠈲	カツ
𠈳	ヘキ
𠈴	チ
𠈵	ボウ:K モウ:G
𠈶	ギュウ ゴウ
𠈷	ヒ
𠈸	トク
𠈹	ユ:G ユウ:K
𠈺	ヘイ ベイ
𠈻	ギャク ケキ
𠈼	シュン:K ジュン:G
𠈽	イ
𠈾	サイ
𠈿	エキ
𠉌	イン
𠉏	フ ホウ:K ボウ:G
𠉒	リュ リュウ リョウ
𠉔	ヘイ
𠉕	シ
𠉖	ボウ
𠉡	チョク
𠉢	シ
𠉣	コン
𠉤	トウ:K ドウ:G
𠉥	イン
𠉦	シュク
𠉧	サ シュ
𠉨	キョウ
𠉩	トク:K ドク:G
𠉪	ヨウ
𠉫	キョウ
𠉬	ガン:K ゲン:G
𠉭	トウ
𠉮	ケン
𠉳	ギョ
𠊊	ショク
𠊋	リョウ
𠊌	セン
𠊏	ギョ
𠊑	バイ
𠊖	レイ
𠊢	アン
𠊣	シュ:G シュウ:K
𠊤	チ
𠊥	ショウ
𠊦	ドウ:K ノウ:G
𠊧	ビョウ:G ホウ:K
𠊨	セン
𠊩	サン:K セン:G
𠊪	シュ:K ジュ:G
𠊫	ギョウ:G ケイ:K シュン:K ジュン:G
𠊬	ガク キャク:G ギャク ケキ:K
𠊭	カン
𠊮	ボウ:K モ:G
𠊰	カ:K ケ:G
𠊱	コウ
𠊲	トチ トツ
𠊳	ベン
𠊴	タク
𠊵	タ
𠊶	ヨウ
𠊷	チ
𠊸	ヘキ
𠊹	テキ
𠊺	イン
𠊻	ホウ
𠊾	キ
𠋑	ショク
𠋒	メイ
𠋓	ジャク
𠋕	キョウ
𠋗	ア
𠋛	シュウ
𠋜	カ シン
𠋝	ビョウ
𠋞	チ
𠋡	シ
𠋢	ソウ
𠋣	イ
𠋧	カ
𠋨	シ
𠋩	フク
𠋪	カン
𠋫	コウ
𠋬	ク:K グ:G
𠋭	ハイ
𠋮	シウ シュウ
𠋯	ヒツ:K ビチ:G
𠋰	セキ
𠋱	セツ
𠋲	サク:K シャク:G
𠋳	キ:K ギ:G
𠋴	タン
𠋵	ケン:K コン:G
𠋶	ミョウ:G メイ:K
𠋷	テン
𠋸	キョウ:K グ:G
𠋹	ジュン
𠋺	ソウ
𠋻	シキ:G ショク:K
𠋼	グ
𠋾	ホウ
𠋿	サ
𠌀	ホウ
𠌈	ロン
𠌉	ハン
𠌕	キョウ
𠌗	トク
𠌘	ウ:G オウ カ ユウ:K
𠌚	ロウ
𠌜	ケイ
𠌞	ソウ
𠌟	ソウ
𠌡	ソウ
𠌢	ギャク ケキ
𠌩	ヒョウ
𠌪	チョウ:G トウ:K
𠌫	ヒツ
𠌬	チ
𠌭	シュツ
𠌮	シャ
𠌯	レイ
𠌰	カイ
𠌱	スイ
𠌲	セン
𠌳	ガ キャ
𠌴	トウ
𠌵	ジョウ
𠌶	カ
𠌷	シュウ
𠌸	ヒョウ:G ビョウ ヘイ:K
𠌹	チョク
𠌺	スイ
𠌾	ギ
𠌿	ショウ
𠍀	トウ
𠍃	キ
𠍄	トウ
𠍗	カイ
𠍘	サン
𠍚	ケン
𠍛	エン
𠍞	トウ
𠍟	カ
𠍢	ボウ
𠍧	キョウ
𠍨	ビ:K ミ:G
𠍩	ギョウ
𠍪	チ
𠍫	イ
𠍬	タク
𠍮	スイ
𠍯	ヘツ:K ベチ:G
𠍰	チ
𠍱	シュウ
𠍲	キョ:K ゴ:G
𠍳	エキ
𠍴	ケン
𠍵	ヨウ
𠍶	ジュ
𠍷	ホク
𠍸	シュウ
𠍹	チョウ:G トウ:K
𠍺	カ
𠍻	チュウ
𠎃	サン
𠎘	キン
𠎚	ロン
𠎛	ソウ
𠎡	ベン
𠎢	キョウ
𠎮	ケツ
𠎯	トウ
𠎰	セキ
𠎱	ケン
𠎲	シュン
𠎳	ヨ
𠎶	サイ
𠎷	ソウ
𠎸	ショク
𠎹	アイ
𠎺	カイ
𠎻	トン
𠎼	ヒョウ
𠎽	ケイ
𠎾	ケン
𠎿	カイ:K ケ:G
𠏀	カ
𠏁	カ
𠏂	チ
𠏃	ア
𠏄	テイ
𠏇	カン:K ケン:G
𠏈	ヨウ
𠏓	セン
𠏔	シュク
𠏗	リョウ
𠏛	キョ
𠏡	レイ
𠏢	ラ
𠏣	キョ
𠏤	キョウ:G コウ:K
𠏧	ショウ:G セイ:K
𠏨	ソウ
𠏩	ギ
𠏪	カイ
𠏫	チョウ:G トウ:K
𠏬	ヘイ
𠏭	ズ:G ソウ:K
𠏮	タイ ツイ
𠏯	ケン
𠏰	タイ
𠐆	ヒョウ
𠐈	ヘン
𠐉	セチ:G セツ:K
𠐊	シュ:K ジュ:G
𠐋	キョウ:G コウ:K
𠐌	ヒ
𠐍	ソク
𠐎	バン
𠐚	レイ
𠐛	ケン
𠐡	ハイ
𠐢	コン:K ゴン:G
𠐣	カン
𠐤	カイ
𠐥	ヨク
𠐦	カイ
𠐧	ボウ
𠐨	ケン
𠐱	カン
𠐵	トウ
𠐺	ヒン
𠐻	ケン:K ゴン:G
𠐼	リン
𠐽	キ
𠐾	キ
𠐿	コウ
𠑂	ジ
𠑄	ショウ
𠑅	チョウ:G トウ:K
𠑊	ゲン
𠑍	タイ
𠑎	ヒョウ
𠑐	ギョウ
𠑗	セン
𠑘	テン
𠑙	チュ チョウ
𠑚	ダイ:K ナイ:G
𠑛	ダイ:K ナイ:G
𠑞	サイ
𠑟	ヘン:K ベン:G
𠑡	テン
𠑤	ソウ
𠑩	カク
𠑪	キョウ
𠑫	セン
𠑯	ソク
𠑰	キン
𠑱	カ
𠑲	セン
𠑴	シ セイ
𠑶	キ
𠑷	チョウ
𠑹	ク:G コ:K
𠑺	テン
𠑻	チョウ
𠑽	シュウ
𠑾	シ
𠑿	チョウ
𠒀	サン
𠒁	シ
𠒃	シ:K ジ:G
𠒄	ゴチ:G ゴツ:K
𠒅	シ
𠒆	ジ
𠒊	シ
𠒋	キョウ:K ク:G
𠒌	キョウ
𠒍	ユ
𠒖	ギョウ
𠒝	ヒョウ:G ヘイ:K
𠒞	ゲン
𠒢	ガン
𠒧	ホク
𠒨	リョウ
𠒰	ジョウ
𠒱	ヘキ
𠒸	ジョウ:K ニョウ:G
𠓆	キョウ
𠓊	タン
𠓋	エキ
𠓌	ケン:K ゲン:G
𠓎	トン
𠓗	ハク:K ヒャク:G フ
𠓙	キュウ
𠓜	リョウ
𠓝	トウ
𠓞	シツ
𠓟	ホウ
𠓠	ヘン
𠓡	シ
𠓣	トウ
𠓤	スイ
𠓥	ヘン
𠓧	カイ
𠓪	キ:K ギ:G
𠓫	ヘン
𠓭	ラン
𠓮	リン
𠓱	グ
𠓳	セン
𠓴	セン
𠓵	ジョウ:G セイ:K ヘチ:G ヘツ:K
𠓶	サイ:G セイ:K
𠓸	ジョウ
𠓽	ジョウ:G セイ:K
𠓿	キン
𠔀	ハン
𠔁	ヘチ:G ヘツ:K
𠔂	ヒョウ
𠔃	ケイ
𠔄	ヤ
𠔆	キョウ:G コウ:K
𠔇	シ
𠔈	チュウ
𠔊	チョウ
𠔋	キ
𠔌	カク:K キャク:G
𠔍	セイ
𠔎	キン
𠔏	キョウ
𠔐	キ
𠔑	ガイ
𠔒	シ
𠔓	テン
𠔔	ヨ
𠔕	ロン
𠔖	キョ
𠔗	チュウ
𠔘	フツ
𠔙	トウ
𠔚	キ
𠔛	キ
𠔜	コン
𠔝	キ
𠔟	ダツ
𠔠	ヤク
𠔥	ケン
𠔧	コン
𠔨	レン
𠔯	ハン ヒ
𠔰	テン
𠔱	イ
𠔲	コウ
𠔶	キ
𠔸	キ
𠔹	シン
𠔻	セイ
𠔼	ボウ:K モ モウ:G
𠔽	ジン
𠔾	シュウ
𠔿	ボウ:K モウ:G
𠕀	モウ
𠕁	サク サツ
𠕂	サイ
𠕃	モウ
𠕄	ドウ:K ノウ:G
𠕈	ボウ
𠕋	サク サツ サン:K セン:G
𠕌	ショウ
𠕍	カン
𠕐	サク
𠕑	タン
𠕒	ウ
𠕔	コウ
𠕕	ケイ
𠕖	コウ ショウ:G ソウ:K ダ
𠕘	ウ
𠕚	ボウ
𠕛	カツ
𠕝	ダ:K ナ:G
𠕞	ジ
𠕠	ジョウ:G セイ:K
𠕢	シャク
𠕣	キョウ:G コウ:K
𠕤	エン
𠕥	トウ
𠕦	シュ ユ
𠕧	キョウ:G コウ:K
𠕨	キ
𠕩	ハイ
𠕬	ボウ
𠕭	チョウ:G トウ:K
𠕮	ク
𠕰	ダ
𠕲	ウ
𠕳	チュウ
𠕵	コウ
𠕹	テン
𠕺	ヨウ
𠕻	ヨウ
𠕿	オウ
𠖂	リョウ
𠖄	ズ:G トウ:K
𠖅	ウ:G ユウ:K
𠖆	ボウ
𠖇	ベイ メイ
𠖊	カ
𠖋	ユウ
𠖌	カン
𠖓	シ
𠖔	カ
𠖜	エン
𠖟	イン
𠖠	コ
𠖣	エン
𠖥	チョウ ロウ
𠖦	イン
𠖧	ビツ
𠖩	テン
𠖬	ヒョウ
𠖱	コ:K ゴ:G
𠖵	コウ
𠖶	シン
𠖷	ケイ
𠖸	ショウ
𠖹	コウ
𠗂	カク:K ガク:G ギャク ラク
𠗃	イン
𠗄	イ
𠗆	トウ
𠗈	キュウ:K グ:G
𠗉	キョウ:G ギョウ コウ:K ショウ
𠗊	ギョウ:G ケイ:K ジョウ:G テイ:K
𠗋	デン:K ネン:G
𠗌	キョウ:K ゴウ:G
𠗍	ヒ:K ビ:G
𠗎	ソウ
𠗏	セキ
𠗗	レツ
𠗘	テン
𠗙	カン
𠗚	サイ:K セ:G
𠗛	ジョウ:G チョウ:K
𠗜	セイ
𠗝	キョウ:G ケイ:K
𠗢	レツ
𠗥	ヒョウ
𠗦	ヒョウ
𠗨	ジョウ:G チョウ:K
𠗩	ラク
𠗲	リョウ
𠗳	レン
𠗴	カン:K ゴン:G
𠗵	ホウ
𠗶	トウ:K ドウ:G
𠗺	イ
𠗻	ケン:K ゲン:G
𠗼	サク:K シャク:G
𠗽	リュウ:K ル:G
𠗾	ショウ:G ソウ:K
𠗿	サン シン
𠘀	トウ
𠘁	ホウ
𠘄	イン
𠘅	キン:K ゴン:G
𠘆	シン
𠘇	カク
𠘊	ドウ:K ヌ:G
𠘋	チョウ:G テイ:K
𠘌	キョウ:G コウ:K
𠘍	リツ
𠘒	カク
𠘖	シチ:G シツ:K
𠘗	トウ
𠘘	エン
𠘝	ライ
𠘞	ライ:G レイ:K
𠘟	リャク:G レキ:K
𠘡	リン
𠘣	ショウ
𠘤	レイ
𠘥	ゲン:K ゴン:G
𠘦	ヤ
𠘨	シュ:K ジュ:G
𠘩	ブ
𠘪	シ
𠘭	イン エン
𠘯	ジュウ ニュ
𠘱	シン
𠘲	タイ
𠘳	ウ:G ユウ:K
𠘵	シュク
𠘶	ヒ
𠘷	エイ
𠘸	キ
𠘺	サ
𠘻	キ
𠘼	クチ クツ
𠘽	ミン
𠘾	ショウ
𠙁	チョウ
𠙂	ショウ
𠙆	ギャク ケキ
𠙇	ヤ
𠙈	フウ
𠙉	シ
𠙊	フ:G フウ:K
𠙋	イ
𠙎	シュ
𠙏	ケキ
𠙐	フ
𠙑	ヤ
𠙒	フウ
𠙔	キュウ:K ク:G
𠙕	ベイ:K マイ:G
𠙗	フウ
𠙘	シャク
𠙙	カン
𠙚	ショ
𠙜	シツ シュ:G シュウ:K
𠙞	カク
𠙟	ショウ
𠙠	ソウ
𠙢	キョ
𠙤	ショウ
𠙥	ヒョウ
𠙬	ソウ
𠙭	シ
𠙴	キョ:K コ:G
𠙵	コウ
𠙶	オ オウ
𠙷	シン
𠙸	カン
𠙹	シ
𠙺	セイ
𠙻	オウ
𠙼	カ
𠙾	シ
𠙿	カン
𠚀	シ
𠚁	シン
𠚃	コウ
𠚄	リ
𠚅	チ
𠚆	ケン
𠚉	レン
𠚊	チョウ
𠚋	シ
𠚌	ウン
𠚍	チョウ
𠚎	ト
𠚏	ショウ:G ソウ:K
𠚑	メン
𠚒	シ
𠚖	キョク
𠚗	カン
𠚘	トウ
𠚙	ケイ
𠚛	カイ
𠚝	ダイ
𠚞	トウ
𠚟	ヒン
𠚠	ヒュウ
𠚡	トウ
𠚣	トウ
𠚥	チョウ
𠚦	シ
𠚧	ジ:K ニ:G
𠚨	キュウ:K ク:G
𠚩	ハク
𠚪	ジュウ ハク
𠚫	ガイ
𠚬	ハク
𠚭	チャク:G テキ:K
𠚮	ギツ ゴチ
𠚯	コン
𠚰	コク
𠚱	テチ:G テツ:K
𠚷	シ
𠚸	コウ
𠚹	サン
𠚺	サ:K シャ:G
𠚻	チョウ
𠚼	ヒン
𠚽	キ
𠚾	ガ
𠚿	サン
𠛀	シュ:G ショウ:K
𠛁	ヨウ
𠛂	ソウ
𠛃	イ
𠛄	ガイ
𠛉	カツ
𠛊	カツ
𠛍	セツ
𠛎	ク:G コウ:K
𠛏	シュウ
𠛐	セイ
𠛑	ケン:K ゲン:G
𠛒	カ
𠛓	リュウ:K ル:G
𠛔	シ
𠛕	カイ:K ケ:G
𠛖	セン
𠛗	キョウ
𠛘	リ
𠛙	ジ:K ニ:G
𠛚	サチ:G サツ:K
𠛛	カツ
𠛠	ワン
𠛥	ヒョウ:G ヘイ:K
𠛦	リ
𠛧	ハク
𠛨	シチ:G シツ:K
𠛪	チョウ
𠛫	タ
𠛬	ケイ
𠛭	エン
𠛮	セン
𠛯	セイ
𠛰	ベチ ベツ
𠛱	レツ
𠛳	コク
𠛴	サツ
𠛵	コン
𠛶	チン
𠛷	カツ
𠛸	フン:K ブン:G
𠛹	サン
𠛻	サチ:G サツ:K
𠜂	サン
𠜃	キュウ
𠜄	ジュツ
𠜆	ショ
𠜇	コク
𠜈	ロツ
𠜉	キュウ:K ク:G
𠜌	チャク
𠜐	カイ:K ケ:G
𠜑	タイ デ
𠜒	リチ:G リツ:K
𠜓	テキ
𠜔	セイ
𠜕	ソウ
𠜖	ラチ:G ラツ:K
𠜗	ケキ
𠜘	シン
𠜙	フ:G ホ:K
𠜚	ケイ
𠜛	コウ
𠜜	カツ
𠜝	コウ
𠜟	エン
𠜠	エン
𠜥	リツ
𠜨	カイ
𠜱	ヘイ
𠜲	ア
𠜳	ホウ
𠜴	カ
𠜵	カツ:K ケチ:G
𠜶	ドウ:K ノウ:G
𠜷	タン:K ダン:G
𠜸	セイ
𠜹	キャク:G ケキ:K
𠜺	レツ
𠜻	カク:K キャク:G
𠜼	コウ
𠜾	カチ クツ ケ:G ケイ:K ケツ コチ
𠝀	ソウ
𠝁	セイ
𠝂	ケン
𠝃	エン
𠝄	リ
𠝅	ダン
𠝏	ケン
𠝑	コウ
𠝒	ホウ
𠝘	コウ
𠝙	キュウ
𠝚	サツ:K セチ:G テツ:K デチ:G
𠝛	サツ:K セチ:G
𠝝	サツ ゼチ チョウ
𠝞	ソウ
𠝟	エイ:K ヨウ:G
𠝠	シュ:G シュウ:K
𠝢	エン
𠝣	セン
𠝤	シュ:G ショウ:K
𠝥	ケイ
𠝦	セイ
𠝧	リュウ
𠝨	シ
𠝩	サン:K ザン:G
𠝪	ワン
𠝲	カン
𠝳	ブ
𠝸	ム
𠝽	チュウ
𠝾	コウ
𠝿	サ
𠞀	トチ トツ
𠞁	サク
𠞂	セイ
𠞃	セツ:K ゼチ:G
𠞄	タイ:G チ テイ:K
𠞅	シキ:G ショク:K
𠞆	ウ:G オ:K
𠞇	ヘイ
𠞈	トウ
𠞉	リチ:G リツ:K
𠞊	サ サイ:K セ:G
𠞋	ソク
𠞌	ホウ
𠞍	フン
𠞎	キュウ
𠞏	キョウ:G コウ:K
𠞐	ザ
𠞗	キャク
𠞜	レツ
𠞝	レツ
𠞤	リ
𠞥	マ
𠞦	サク
𠞧	ビ:K ミ:G
𠞨	リク
𠞩	シチ:G シツ:K
𠞪	コウ:K ゴウ:G
𠞫	コク
𠞬	コン
𠞭	ル:G ロウ:K
𠞮	ショウ:G ソウ:K
𠞯	サチ:G サツ:K
𠞰	ショウ:G ソウ:K
𠞱	キン:K コン:G ゴン
𠞲	リ
𠞷	カク
𠞻	シツ
𠞼	トウ
𠞽	セン
𠞾	キン:K ゴン:G
𠞿	シャク
𠟂	ソウ
𠟃	ソン
𠟄	リャク:G レキ:K
𠟅	タク チョウ トウ:K ドウ:G
𠟆	サン
𠟇	ショウ
𠟈	ヘチ:G ヘツ:K
𠟉	サン シン セン:K ゼン:G
𠟊	キュウ:K コウ:G
𠟋	ギョウ
𠟌	フ
𠟍	シュ:G ショウ:K
𠟎	ガク
𠟏	サク
𠟐	ソウ
𠟑	バツ
𠟓	サツ
𠟔	ソク
𠟕	シュ
𠟖	キュウ
𠟗	カチ:G カツ:K
𠟘	ソウ
𠟟	バツ
𠟦	シチ:G シツ:K
𠟧	セン
𠟨	リョウ:G レイ:K
𠟩	シキ:G ショク:K
𠟪	ギョウ:G ゴウ:K ショウ
𠟫	リチ:G リツ:K
𠟬	セイ
𠟭	ソク
𠟮	ケツ
𠟯	ショウ:G ソウ:K
𠟰	ク
𠟱	カイ
𠟳	ヘイ
𠟵	ゲキ
𠟺	ジュ ゼン:K ニュ ネン:G
𠟻	ソク
𠟼	カン:K ゲン:G
𠟽	カチ:G カツ:K
𠟾	ショウ
𠟿	ショウ
𠠀	サン
𠠁	ケン
𠠂	レイ
𠠃	セン
𠠄	ジョウ:G チョウ:K
𠠅	ケン
𠠆	ケン
𠠇	タク ツ:G トウ:K トク
𠠋	サン:K ザン:G
𠠌	リョウ レツ
𠠍	リ
𠠎	カク コウ
𠠏	レイ
𠠐	ジュウ:K ニュウ:G
𠠛	カク
𠠜	オウ:K ヨウ:G
𠠝	リャク:G レキ:K
𠠞	リ
𠠡	テキ
𠠢	リョウ:G レイ:K
𠠣	ビ
𠠦	フク
𠠧	ヒョウ
𠠪	ワン
𠠫	レイ
𠠮	サン:K セン:G
𠠯	ジョウ:G チョウ:K
𠠰	カク
𠠱	レイ
𠠲	リョク
𠠳	キュウ:K ク:G
𠠶	クチ コツ
𠠷	コウ:K ゴウ:G
𠠹	チン
𠠺	コウ
𠠻	カ
𠡂	ヒツ
𠡃	サ
𠡄	ヒ
𠡅	チツ
𠡋	エイ
𠡍	ケイ
𠡑	サク
𠡒	タイ:K テ:G
𠡓	イツ
𠡔	イチ:G イツ:K
𠡕	ケイ
𠡞	バク:K マク:G
𠡟	キュウ:K ク:G
𠡠	ライ
𠡡	サン:K ザン:G
𠡣	ヘン
𠡤	コク
𠡥	シ
𠡦	ネン
𠡫	エイ
𠡬	アイ
𠡭	リョウ
𠡮	コウ ヒョウ:G ホウ:K
𠡯	シ
𠡰	クツ グチ
𠡱	タン
𠡶	ケン
𠡷	ドウ
𠡸	シ
𠡹	ザン
𠡻	ス:G ソウ:K
𠡼	キョク
𠡽	ケイ
𠡾	ヨク
𠡿	ヘイ
𠢃	ヨウ
𠢅	ケン:K ゲン:G
𠢆	カツ:K ゲチ:G
𠢇	カン:K ガン:G
𠢈	キョ:K コ:G
𠢉	イキ:G ヨク:K
𠢌	リャク
𠢎	キュウ
𠢏	ケン
𠢒	ヘツ
𠢓	バク:K マク:G
𠢔	オ オウ
𠢕	コウ:K ゴウ:G
𠢖	ベン
𠢗	テキ
𠢙	サツ:K セチ:G
𠢚	ケン
𠢛	ショウ
𠢠	キョク コキ リキ リョク
𠢡	トウ
𠢢	ウ:G ユウ:K
𠢣	テン:K デン:G
𠢤	カチ ケツ
𠢥	ヒ:K ビ:G
𠢦	ショウ:G セイ:K
𠢧	ショウ
𠢩	コウ
𠢪	ヘイ
𠢭	ケツ
𠢯	リク:K ロク:G
𠢰	ヨウ
𠢱	キン:K ゴン:G
𠢲	カイ:K ケ:G
𠢳	シキ:G ショク:K
𠢴	ヨウ
𠢵	キン
𠢶	ソウ
𠢷	コン
𠢹	カク:K キャク:G
𠢺	ケン:K ゲン:G
𠢻	リョ
𠢼	クン
𠢾	ロ
𠢿	ライ
𠣀	キョウ
𠣁	ロウ
𠣃	キョウ
𠣄	サン
𠣆	ヒョウ
𠣇	レン
𠣈	レン
𠣉	ベン:K メン:G
𠣊	リョ:K ロ:G
𠣋	リョ
𠣍	カン
𠣎	ヨウ
𠣏	カイ カチ:G カツ:K
𠣐	サク:K シャク:G
𠣑	オウ:K ヨウ:G
𠣒	ヒョウ:G ホウ:K
𠣔	スイ
𠣕	キン
𠣖	ケン:K ゲン:G
𠣘	シュ:G シュウ:K
𠣙	シュン
𠣚	シュン
𠣞	クン:K グン:G
𠣟	シュン
𠣠	カイ:K ケ:G
𠣡	シュン
𠣣	カツ
𠣤	シュン
𠣥	チョウ
𠣦	グン
𠣧	スウ
𠣨	ギ
𠣩	ヤク
𠣪	ク
𠣫	ショウ:K ジョウ:G
𠣯	カイ
𠣰	ツ:G ト:K
𠣱	カイ
𠣴	フク
𠣵	フ:K ブ:G ホク:K ボク:G
𠣸	フク
𠣺	ホウ
𠣽	キュウ
𠣾	フウ:K フク:K ブ:G ブク:G ホク
𠣿	オ:G キュウ:K ク:G ヨ:K
𠤀	ゼン:K ネン:G
𠤄	キク コク
𠤅	オウ
𠤇	フク
𠤈	ホウ
𠤉	ゼツ
𠤊	キュウ:K グ:G
𠤋	シツ
𠤎	カ:K ケ:G ヒ ヒン:K ビン:G
𠤏	ホウ
𠤐	チョウ
𠤑	ギ
𠤒	シ
𠤓	ヨウ
𠤔	シ
𠤕	ギ ケン
𠤗	ギ ギチ ギツ
𠤘	イ ギ
𠤙	キュウ
𠤚	タク
𠤛	シン
𠤜	ギ
𠤝	ボウ
𠤞	タク
𠤟	タク
𠤢	キュウ
𠤣	シ
𠤤	シン
𠤥	ジュ
𠤪	イツ
𠤫	シ
𠤬	ホウ
𠤮	カン:K ゴン:G
𠤯	ハイ
𠤰	ズ:G セン:K ゼン:G ソウ:K
𠤱	ホ
𠤳	ホ
𠤴	キャク:G ケキ:K
𠤵	セイ
𠤸	ヨウ
𠤹	セン:K ゼン:G
𠤺	ジョウ:G チョウ:K
𠤼	ジョウ:G チョウ:K
𠤾	カン:K ゴン:G
𠤿	カン
𠥀	ハイ
𠥁	キチ:G キツ:K
𠥂	キュウ
𠥃	テイ
𠥄	ジン
𠥉	ヒ
𠥊	キ
𠥋	コツ
𠥌	ヒ
𠥎	イ キ
𠥐	ソウ
𠥑	チョウ
𠥒	トウ
𠥓	ホウ
𠥖	ダイ:G テイ:K
𠥘	サン
𠥙	セン
𠥚	コウ
𠥛	イ
𠥜	アチ:G アツ:K
𠥝	グ ゴウ
𠥞	セン
𠥢	ブ:K ム:G
𠥣	ヘン
𠥦	ヨク
𠥨	ボウ
𠥩	キ
𠥪	トウ
𠥫	ヘン
𠥬	キュウ
𠥮	ロウ
𠥯	テイ
𠥰	コチ:G コツ:K
𠥱	ゲツ
𠥴	カン
𠥵	ヤ
𠥶	テイ
𠥸	タイ:G テイ:K
𠥺	オウ
𠥻	シツ
𠥽	シ
𠥾	ソツ
𠥿	ショク
𠦀	ホウ
𠦂	トウ
𠦃	ソウ
𠦄	キ
𠦅	ネン
𠦆	ハン
𠦇	ガイ
𠦈	ヒツ
𠦊	カン
𠦋	ケイ
𠦌	シュウ
𠦍	トウ
𠦎	キン
𠦏	イ ワイ
𠦐	シ
𠦑	シュク
𠦒	ハン ヒチ:G ヒツ:K
𠦓	ヒ
𠦔	セイ
𠦕	キョウ:K ク:G
𠦗	タイ
𠦘	キョウ
𠦙	シ
𠦚	ネン
𠦛	ヘイ
𠦜	シュウ ショ
𠦡	コウ
𠦢	キョウ
𠦣	シュウ
𠦤	タン
𠦧	シュウ
𠦨	ラン
𠦪	キ クチ クツ
𠦫	シュウ
𠦬	カイ:K ケ:G
𠦴	シャ
𠦵	シ
𠦶	カク
𠦸	シュチ:G シュツ:K スイ ソツ ルイ
𠧀	シュ
𠧈	トン
𠧎	ラン
𠧏	ラン
𠧑	ジョウ
𠧒	キツ
𠧓	ハク
𠧕	カ
𠧖	チョ
𠧗	ロウ
𠧘	ケン
𠧙	ショウ:K ジョウ:G
𠧚	シャク:G セキ:K
𠧛	ハク
𠧜	セイ
𠧝	キョ
𠧞	チョウ
𠧟	ジョウ:K セイ ニョウ:G
𠧠	ユウ
𠧡	セン
𠧢	セン
𠧣	キン
𠧤	ダイ
𠧥	レイ
𠧩	カイ:K ケ:G
𠧪	ジョウ:G チョウ:K ユウ
𠧫	ハン
𠧰	キョ
𠧲	コウ
𠧳	コク
𠧴	ユ:G ユウ:K
𠧵	シャク:G セキ:K
𠧶	コク
𠧷	ユウ
𠧸	ロ
𠧹	コク
𠧺	ケン
𠧻	コク
𠧼	ショク
𠧽	コウ
𠧿	コウ
𠨀	テイ
𠨁	セツ
𠨂	ガ
𠨃	ガイ:K ゲ:G
𠨅	ジョウ
𠨆	セチ:G セツ:K
𠨇	ショウ
𠨈	セツ
𠨊	カク
𠨋	チョウ
𠨌	スイ
𠨍	キョウ:G ケイ:K サイ:G セイ:K
𠨎	セン:K ゼン:G
𠨐	ゴウ
𠨒	ヒチ:G ヒツ:K
𠨓	セン
𠨔	ヨク
𠨕	キ
𠨖	セン
𠨘	ヒ
𠨙	ギョ
𠨚	キ:K ケ:G
𠨛	エン
𠨜	コツ
𠨝	エン
𠨞	ケイ
𠨟	ケン
𠨠	シキ:G ショク:K
𠨢	ソン
𠨣	トウ
𠨥	リョウ
𠨦	ユウ
𠨧	セン
𠨩	セン
𠨬	シ
𠨭	キク
𠨮	ソク
𠨯	ウ
𠨰	ジョ
𠨱	シン
𠨲	ヤク
𠨴	カイ:K ケ:G
𠨵	ホウ:K ボウ:G
𠨶	コウ
𠨷	シン
𠨸	ヒ:K ビ:G
𠨹	ハイ:K ヘ:G
𠨺	シャク:G セキ:K
𠨻	シキ:G ショク:K
𠨾	エキ
𠩀	キク
𠩁	ズ:G トウ:K
𠩂	キョウ:G コウ:K
𠩄	ショ
𠩆	カン
𠩈	チュ
𠩉	キク
𠩊	シ
𠩋	セキ
𠩌	セキ
𠩍	オウ
𠩎	サ:K シャ:G
𠩏	キョウ:G コウ:K
𠩔	セキ
𠩖	コウ
𠩗	イ
𠩘	ギョウ:G コウ:K
𠩙	ガ
𠩛	セキ
𠩜	モウ
𠩝	ホウ
𠩞	コウ
𠩟	シン
𠩠	ゲン
𠩤	ゲン
𠩥	ヨク
𠩦	イ
𠩧	コウ
𠩨	ド
𠩩	シキ:G ショク:K
𠩪	セ:G セイ:K
𠩫	ガク ギャク ゲキ
𠩬	タイ
𠩭	ジュン
𠩮	ジュン
𠩯	ソン
𠩰	コウ
𠩱	トウ
𠩷	テン
𠩸	キ
𠩹	シュ:G シュウ:K ソウ
𠩺	キ チ リ
𠩻	タン
𠩼	トウ
𠩽	ショ
𠩿	ヒツ
𠪂	ヘイ
𠪃	ビ
𠪄	レイ
𠪆	カチ ケツ
𠪇	シュ:G シュウ:K ソウ
𠪈	コウ
𠪉	サ
𠪊	レン
𠪋	コウ
𠪌	ショ
𠪍	ユウ
𠪏	ケツ
𠪐	リュウ
𠪑	ケ:G ケイ:K
𠪒	ク:G コウ:K
𠪓	ド
𠪔	ギン
𠪗	イ
𠪘	ギン
𠪙	イ イキ:G シ ヨク:K
𠪚	カン:K ガン ギン:K ゲン:G ゴン:G タン
𠪛	ショ
𠪜	ショ
𠪝	テン
𠪞	サク
𠪟	コウ
𠪣	セツ
𠪥	ゲン
𠪦	コウ
𠪧	ガ
𠪨	テン:K デン:G
𠪪	スイ
𠪫	バツ
𠪭	ゴウ
𠪮	シャク:G セキ:K ヒャク:G ヘキ:K
𠪯	ヨウ
𠪰	ゲン
𠪳	コ
𠪶	ゲツ
𠪷	コウ
𠪹	ボウ
𠪺	リャク:G レキ:K
𠪻	フ
𠪼	ケツ
𠪿	レイ
𠫃	ケツ
𠫄	セン レイ
𠫈	ケイ
𠫉	テン
𠫌	リャク:G レキ:K
𠫎	ショ
𠫐	ゲン
𠫓	トチ トツ
𠫔	コウ
𠫕	キョ
𠫖	コウ
𠫘	セン
𠫙	キュウ
𠫚	ボウ:K ム:G
𠫛	ハク
𠫜	テイ
𠫞	タイ
𠫟	キョ
𠫠	ト
𠫣	ギョク
𠫤	リン
𠫥	キョ
𠫦	テイ
𠫨	タイ:K ダイ:G
𠫩	ソウ
𠫪	リク
𠫫	カ
𠫬	ユウ
𠫭	サン シン
𠫮	ソウ
𠫯	ルイ
𠫰	サン
𠫱	セイ
𠫳	キュウ:K コウ:G
𠫵	サン シン
𠫶	タン
𠫹	セン:K ゼン:G
𠫺	ネン
𠫻	ホン
𠫼	セイ
𠫿	ハン
𠬀	チク
𠬁	フン
𠬂	カ
𠬆	カン
𠬇	キ
𠬈	ヒ
𠬋	セイ
𠬎	セイ
𠬐	セイ
𠬑	キョ
𠬓	チン
𠬘	セイ
𠬚	キ
𠬛	バツ:K ボツ:K マチ:G モチ:G
𠬜	ハン
𠬝	フク:K ブク:G
𠬞	キョウ
𠬟	コウ
𠬡	ハン
𠬢	トウ
𠬣	フ:G ホ:K
𠬥	トウ
𠬦	ドウ:K ニョウ:G
𠬧	シュウ
𠬨	セツ
𠬩	フク
𠬪	ヒョウ
𠬫	シュン
𠬬	シュウ
𠬭	カイ
𠬮	セツ
𠬯	キ
𠬱	ヒ
𠬲	ソウ
𠬳	コウ
𠬸	ボツ:K モチ:G
𠬹	キ
𠬺	ユウ
𠬻	ホウ
𠬼	ホン
𠬾	セン
𠬿	ヘイ
𠭀	ジャク
𠭁	トク
𠭂	コウ
𠭇	ホ
𠭈	シ
𠭉	セイ
𠭊	カ
𠭋	シ
𠭌	ソウ
𠭍	コウ
𠭎	ケイ
𠭏	シ
𠭔	ハン
𠭕	ソウ
𠭖	カン
𠭗	ジョウ:G セイ:K
𠭘	セイ
𠭙	シン
𠭚	ジャク
𠭛	ベン
𠭜	シン
𠭝	ゼン:K ネン:G
𠭞	ジャク
𠭠	シュン
𠭡	ソウ
𠭣	トン
𠭥	スイ セイ ゼイ
𠭦	ホウ:K ボウ:G
𠭧	ジュ
𠭨	ソウ
𠭯	サ:K シャ:G
𠭰	リ
𠭱	リュウ
𠭲	ヨウ
𠭳	コウ
𠭴	シュチ:G シュツ:K テチ:G テツ:K
𠭵	ジュ
𠭶	セン
𠭸	カイ
𠭹	ヘン
𠭻	ヨウ
𠭼	シュン
𠭾	シ
𠭿	トン:K ドン:G
𠮁	サツ
𠮃	ヒャク:G ヘキ:K
𠮄	セチ:G セツ:K
𠮆	ハイ
𠮇	シ
𠮉	エイ
𠮋	サイ
𠮍	シュウ
𠮎	フ
𠮐	シュチ:G シュツ:K
𠮑	キク
𠮒	キョウ
𠮓	ヘン:K ベン:G
𠮕	ユウ
𠮖	レン
𠮗	ラン
𠮘	サイ
𠮙	イチ:G イツ:K
𠮚	コウ
𠮛	シ
𠮜	アツ:K エチ:G
𠮞	ウ
𠮟	シツ
𠮠	ハイ
𠮡	シ
𠮢	ユウ
𠮣	ゴ
𠮤	カン
𠮥	ショウ
𠮦	ショウ
𠮪	キョウ
𠮫	ユウ
𠮬	ユウ
𠮭	バク
𠮯	キ
𠮰	ヒン
𠮱	ウ
𠮲	ウ
𠮳	ヨウ
𠮴	オウ
𠮵	ボウ:K モウ:G
𠮷	キチ:G キツ:K
𠮼	キョウ
𠮽	ロウ
𠯀	セン
𠯁	ソク
𠯂	ゲイ シ
𠯃	ブ
𠯄	ジン
𠯈	タイ
𠯉	キョク
𠯊	ウ
𠯋	エイ
𠯌	リン
𠯍	ゼン
𠯏	キツ
𠯐	カク
𠯑	カチ:G カツ:K ゲチ
𠯒	カ
𠯓	テチ:G テツ:K
𠯔	ヒチ:G ヒツ:K
𠯕	ジン
𠯖	カン:K ゴン:G
𠯗	ソウ
𠯘	ハン
𠯙	セチ:G セツ:K
𠯚	コウ
𠯛	リン
𠯜	ク:G コウ:K
𠯝	テイ
𠯞	テイ
𠯪	ガチ ガツ
𠯫	カ
𠯬	セツ
𠯭	ヒョク
𠯮	ヒン
𠯰	シュウ
𠯱	リョウ
𠯲	ゲツ
𠯳	コツ
𠯴	ヘン
𠯵	ゴ
𠯶	ク
𠯷	ジョウ
𠰄	イ
𠰅	チ ボウ
𠰆	キツ
𠰈	オウ
𠰉	チョウ
𠰊	ヒツ
𠰋	キュウ:K ク:G
𠰌	バツ:K マチ:G
𠰍	シュ チュ
𠰎	ヒ
𠰏	ソウ
𠰐	ハ
𠰑	ガン
𠰒	ジャ
𠰓	カ
𠰔	ボウ
𠰕	シュツ
𠰖	アン
𠰗	コ
𠰘	コウ:K ゴウ:G
𠰙	カツ
𠰚	シ
𠰛	コウ
𠰜	アク
𠰝	キ
𠰞	フク
𠰡	キン
𠰥	ジャク:K ニャク:G
𠰲	ジュツ
𠰶	オウ
𠰸	エン
𠰺	タイ
𠰼	ソウ ハツ
𠰽	ジョウ
𠰾	キョ
𠱀	ハ リン
𠱎	テイ
𠱐	グ
𠱑	ツ:G トウ:K
𠱒	トウ
𠱓	キ
𠱔	シュ:G シュウ:K
𠱕	セ:G セイ:K セチ:G セツ:K
𠱖	ジン
𠱗	サ
𠱘	ギャク ゲキ
𠱙	イク シュク ジャク:G セキ:K
𠱚	ル:G ロウ:K
𠱛	コウ:K ゴウ:G ヒョウ:G ヘイ:K
𠱜	ソン
𠱝	エチ:G エツ:K ケチ:G ケツ:K
𠱞	ゼン:K ネン:G
𠱟	チ
𠱠	リョウ:G レイ:K
𠱡	サイ:K サチ:G サツ:K セ:G
𠱢	ヒ
𠱣	テイ
𠱤	ライ レ
𠱥	ガチ ガツ キ ゲツ ゴチ サツ ザチ
𠱧	シュウ
𠱨	ギャク ゲキ
𠱩	クン
𠱫	ガチ ガツ
𠱬	シュウ
𠱭	クン
𠱮	エン
𠱯	ザ
𠱰	クン
𠱱	テイ
𠱲	ドウ:K ニョウ:G
𠱳	ギン
𠲋	スイ
𠲌	シュ
𠲎	バツ
𠲑	ホウ
𠲓	コウ
𠲗	ガチ ガツ
𠲙	カツ
𠲚	イ
𠲩	ガチ ガツ
𠲪	ヤク
𠲭	ユウ
𠲮	キョウ:G ケイ:K
𠲯	カイ
𠲰	ギン
𠲱	カク:K キャク:G
𠲲	リン
𠲳	シン
𠲴	ドウ:K ヌ:G
𠲵	キョウ:G コウ:K
𠲶	ベン
𠲷	チョウ
𠲸	ナン
𠲹	キ:K ギ:G
𠲺	ギュウ ゴウ
𠲻	ギ:K ゲ:G
𠲼	ゲツ
𠲽	フツ ブチ
𠲾	シチ:G シツ:K
𠲿	サク シュ:G ショク:K スイ ソウ:K ソク:G
𠳀	ヨウ
𠳂	カツ
𠳃	グ:G コウ:K
𠳄	レイ
𠳅	モン
𠳆	サイ
𠳇	カツ:K ガチ:G
𠳈	リン
𠳉	タイ:G テイ:K
𠳊	カ
𠳋	ケン
𠳌	カ:K ケ:G
𠳍	タイ:G テイ:K
𠳎	シ
𠳓	イ シ:K ジ:G
𠳫	ホウ
𠳬	キョウ
𠳯	コウ
𠳰	カイ
𠳱	ジン
𠳷	キョ
𠳸	ケイ
𠳹	ショウ
𠳺	リン
𠳻	リン
𠴀	ア アク レイ
𠴃	コク
𠴄	キュウ
𠴡	カン
𠴢	セイ
𠴣	コウ
𠴧	セイ
𠴨	カン
𠴩	キ
𠴪	サチ セツ
𠴫	イク シュク ジャク:G セキ:K
𠴬	チョウ
𠴭	シャク:G セキ:K
𠴮	フン
𠴯	ショウ
𠴰	オウ
𠴱	コ:K ゴ:G
𠴲	トウ:K ドウ:G
𠴳	ギョウ:G コウ:K
𠴴	ソウ
𠴵	ソウ
𠴶	ア アイ
𠴷	キャク:G ケキ:K
𠴸	ハ:K バ:G
𠴹	キュウ:K コウ:G
𠴺	ア アイ
𠴻	タ
𠴼	トウ
𠴽	リン
𠴾	シュ
𠴿	ヒ
𠵀	シ
𠵁	シュウ
𠵂	ラン
𠵃	コウ
𠵅	カ
𠵊	ゼン
𠵑	ク
𠵒	サイ
𠵓	ゲン
𠵠	タイ
𠵡	サツ
𠵢	カク
𠵥	ゴ
𠵪	トウ
𠵬	ヒ
𠵮	フン
𠵰	キョウ
𠵲	カ
𠵳	ハ
𠵵	アン
𠵷	セン
𠵸	ビ
𠵹	コウ
𠶧	テン
𠶨	キ
𠶩	コ
𠶪	コウ:K ゴウ:G
𠶫	タイ
𠶬	ノウ
𠶭	ロウ
𠶮	キ シ
𠶰	チョウ
𠶱	ラク
𠶲	コウ
𠶳	ケイ
𠶴	ソウ
𠶵	キ
𠶷	イ オキ ヨク
𠶸	ガク キャク:G ケキ:K
𠶹	コツ
𠶺	オウ:K キョウ:G コウ:K ヨウ:G
𠶻	シュウ
𠶼	キョウ
𠶽	カン
𠶾	カ ガ
𠶿	ゲツ
𠷀	ジュン:K ニン:G
𠷁	セン:K ゼン:G
𠷂	タイ:K ダイ:G
𠷃	シュ:G シュウ:K シュク
𠷄	コウ
𠷅	チュチ:G チュツ:K トツ
𠷆	サク
𠷇	シ
𠷈	リチ:G リツ:K
𠷉	カ:K ケ:G
𠷊	ヘン:K ベン:G
𠷋	コウ ゴ
𠷌	ショク
𠷍	トウ
𠷎	シュウ:K ジ:K ジュ:G チュウ ニ:G
𠷏	イ キ ワ
𠷐	ケイ
𠷑	ハチ:G ハツ:K
𠷒	タイ
𠷓	キョウ:G ケイ:K
𠷔	ソウ
𠷕	スイ
𠷖	ヘン
𠷗	ゲン
𠷘	シュウ
𠷙	キョク
𠷚	サ
𠷛	キ
𠷜	コウ
𠷝	キ
𠷞	コ
𠷟	カイ
𠷰	ト ヒ
𠷸	ガ
𠷻	ヒョウ
𠷼	ジク
𠷽	サク
𠷾	キョク
𠸀	コウ
𠸭	シ
𠸮	コウ
𠸰	ユウ
𠸱	ドウ:K ヌ:G
𠸲	カ
𠸳	ハチ:G ハツ:K
𠸴	カイ
𠸵	キョウ
𠸶	ソウ
𠸷	フウ:K ブ:G
𠸸	シン
𠸹	イク
𠸺	ギャク ゲキ
𠸻	ショウ
𠸿	ダン
𠹀	ソン
𠹁	ワ
𠹂	カク コク シ
𠹃	オウ
𠹄	カン
𠹅	キョウ
𠹆	タン:K トン:G
𠹇	ヒ
𠹈	ダ:K ダン:K ナ:G ナン:G
𠹉	ショウ
𠹊	ソウ
𠹋	シツ:K ジチ:G
𠹌	ドウ:K ノウ:G
𠹍	ユ:G ヨウ:K
𠹎	ク
𠹏	ソウ
𠹐	シュ:G シュウ:K
𠹑	エ ギョウ ユウ
𠹒	グ:G コウ:K
𠹓	コウ
𠹔	トウ:K ドウ:G
𠹕	ヒョウ:G ホウ:K
𠹖	テン
𠹗	タチ:G タツ:K
𠹘	キチ:G キツ:K
𠹙	ケチ:G ケツ:K
𠹚	ウン
𠹛	カイ:K ガイ:G
𠹟	ケン
𠹠	サク
𠹡	コウ
𠹢	コク
𠹣	トウ
𠹤	イ
𠹥	トウ
𠹦	ヒ
𠹧	ショウ
𠹨	ソ
𠹩	グン
𠹪	フ
𠺎	バ
𠺏	シ
𠺐	カン
𠺓	ガイ
𠺔	フン
𠺕	ル
𠺘	ロウ
𠺤	テツ
𠻌	キョウ
𠻍	カン
𠻎	セイ
𠻏	シュク
𠻐	ラク
𠻕	サイ
𠻖	セイ
𠻗	リ
𠻘	シャク
𠻙	トウ
𠻚	ボ
𠻛	ソウ
𠻜	サイ:K シュチ:G シュツ:K セ:G セチ:G セツ:K リチ:G リツ:K
𠻞	コウ
𠻟	シチ:G シツ:K
𠻠	リョウ:G レイ:K
𠻡	ラ
𠻢	コ
𠻣	ソウ
𠻤	イン エン
𠻥	ジョウ:G ソウ:K
𠻦	サ:K セ:G
𠻧	コク
𠻨	キン
𠻩	チョウ
𠻪	タン:K ダン:G
𠻫	フン
𠻬	ズ:G ト:K
𠻭	コ
𠻮	ショク
𠻯	タツ
𠻰	フ
𠻱	リョウ
𠻶	バク
𠻸	シ:K ジ:G
𠼕	バイ
𠼘	ゴ
𠼚	ハイ
𠼜	ケツ
𠼝	リ
𠼞	ア
𠼠	シ
𠼢	キョウ
𠼣	セツ
𠽜	イチ:G イツ:K
𠽝	ジン:K ニン:G
𠽡	ケイ
𠽢	ハク
𠽣	ソウ
𠽤	ゲキ
𠽥	イン
𠽦	カン:K ゲン:G
𠽧	テツ
𠽩	ヒチ:G ヒツ:K
𠽪	アン
𠽫	カ:K ケ:G
𠽬	ジ
𠽭	タイ:G テイ:K
𠽮	テイ
𠽯	テイ
𠽰	タイ:G テイ:K
𠽱	ケン
𠽲	ハン:K バン:G
𠽳	ハン
𠽴	ゼン
𠽵	ウチ:G ウツ:K
𠽶	サイ:G セ セイ:K セチ:G セツ:K
𠽷	サツ
𠽸	キョウ
𠽹	サイ:G サツ:K セイ:K セチ:G
𠽺	ギン
𠽻	サツ セチ:G セツ:K
𠽼	シュウ
𠽾	フ フン
𠽿	コ
𠾀	テツ:K デチ:G
𠾁	ゲイ
𠾂	ショク
𠾃	ショウ
𠾄	ゼン
𠾅	ヨウ
𠾈	ユウ
𠾉	シュウ:K ジュ:G チュウ
𠾊	ダ
𠾋	シ
𠾌	ハク
𠾢	ジュ
𠾣	キン
𠾤	セン
𠾥	リョウ:G レイ:K
𠾦	ヒ
𠾧	キュウ
𠾩	ロウ
𠾪	エン
𠾫	シュ
𠾬	キン
𠾮	セン
𠾯	キョウ
𠾰	イン
𠾺	ゼン
𠿅	カン
𠿆	バイ:K メ:G
𠿇	カイ
𠿈	シュ:G シュウ:K ショウ:G ソウ:K
𠿉	カク:K キャク:G ケイ
𠿊	キツ
𠿋	エツ:K オチ:G
𠿌	ヨウ
𠿍	テン
𠿎	カイ:K ケ:G
𠿏	セン
𠿐	バン:K マン:G
𠿑	カン:K コン:G
𠿒	カツ
𠿓	ソウ
𠿔	カイ
𠿕	キョウ
𠿖	ヒュ ヒュウ
𠿗	シチ:G シツ:K
𠿘	シ
𠿙	ホウ
𠿚	チョウ
𠿛	ロ
𠿜	カ:K ゲ:G
𠿝	ショ:G ソ:K
𠿞	セン
𠿟	アク
𠿠	シュウ
𠿡	タチ:G タツ:K
𠿢	セン
𠿣	エイ
𠿤	コク
𠿥	キ
𠿦	ギン
𠿧	ショウ
𠿿	ギ
𡀐	チョ
𡀑	チュウ
𡀒	ホウ
𡀓	レイ
𡀖	ハツ
𡀗	シ
𡀹	シツ
𡀺	キョウ
𡀽	アイ カチ:G カツ:K
𡀾	ゴウ
𡀿	ル
𡁀	カン:K ゴン:G
𡁁	カイ:K ケ:G
𡁂	チ
𡁃	サク
𡁄	ウツ
𡁅	ザン
𡁆	ラク
𡁇	シャク
𡁈	ハン
𡁉	チュウ
𡁊	オウ:K ヨウ:G
𡁋	オン
𡁌	アツ:K エチ:G
𡁎	ヨ
𡁏	モウ
𡁐	エキ
𡁑	カ
𡁒	キツ
𡁓	リョウ
𡁔	セイ
𡁕	ソウ:K ゾウ:G
𡁖	ギョウ
𡁗	キョウ
𡁧	ソウ
𡁨	タイ
𡁩	イン
𡁪	ケイ
𡁫	シ
𡁬	ギン
𡁭	ハイ
𡁰	シュウ
𡂊	ヨ
𡂋	タン:K ダン:G
𡂏	リョウ
𡂐	サン
𡂑	ハン
𡂒	シチ:G シツ:K
𡂓	シャク:G セキ:K
𡂔	セキ
𡂕	ロウ
𡂖	タチ:G タツ:K ライ
𡂗	エ:G スイ ワイ:K
𡂘	ビョウ:G ホウ:K ボウ
𡂙	ジ:G チ:K
𡂚	オウ:K ヨウ:G
𡂛	ズ:G トウ:K
𡂜	セチ:G セツ:K
𡂝	ドク
𡂞	ゲイ
𡂟	ビョウ:G ホウ:K
𡂠	セチ:G セツ:K
𡂡	シュ
𡂢	キョウ
𡂣	チュウ
𡂤	ソウ
𡂥	タン
𡂦	ショウ
𡂧	ソウ
𡂨	ギン
𡂩	リョウ
𡂶	ケツ
𡃂	シャ
𡃃	シュウ
𡃝	ロン
𡃠	ヒ
𡃡	ル:G ロウ:K
𡃢	キ
𡃣	セン
𡃤	ライ
𡃥	トン
𡃦	リン
𡃧	キョ:K コ:G
𡃨	キ
𡃩	カイ:K ケ:G
𡃪	カイ
𡃫	ゲン
𡃬	ショウ
𡃭	カ
𡃮	チュ
𡃯	トウ
𡃳	コウ
𡃷	レイ
𡄇	ケイ
𡄈	ケイ
𡄉	ドウ
𡄊	キツ
𡄑	セン
𡄒	トウ:K ドウ:G
𡄓	ケン
𡄔	キョウ:G ケイ:K
𡄕	ショウ
𡄖	ヨウ
𡄗	ハク
𡄘	キ
𡄙	サク
𡄚	ショウ
𡄛	キ
𡄠	ゼン
𡄢	シャ
𡄣	ベイ
𡄱	シュク
𡄲	ジョ:K ニョ:G
𡄳	サチ:G サツ:K
𡄴	カ:K カク:K ゲ:G ワク:G
𡄵	イ
𡄶	ソウ タイ:G テイ:K
𡄷	テイ
𡄸	ユ:G ヨウ:K
𡄹	ラン
𡄺	ヒョウ
𡄻	イ
𡅄	タン
𡅓	セイ
𡅔	ゲン
𡅗	ゲキ
𡅘	ロウ
𡅙	ウン
𡅚	ギン
𡅛	ザン
𡅜	ホウ
𡅝	ゲン
𡅞	カン ラン
𡅟	ショウ
𡅡	ガク
𡅭	カン
𡅮	ゲン
𡅰	ソウ
𡅱	カン
𡅴	ゲン
𡅵	シュウ
𡅶	ケン
𡅸	カン
𡅹	テン
𡅺	シュウ:K ジュウ:G
𡅻	カン
𡅼	ハン
𡅽	カン
𡅾	ゲン
𡅿	タン
𡆅	バン:K マン:G
𡆆	ラ
𡆎	テン
𡆏	ツ:G トウ:K
𡆐	カン
𡆑	ガン
𡆒	カン
𡆓	チュウ
𡆔	ゴウ
𡆠	ジツ
𡆡	キ
𡆣	チュウ
𡆤	ダン
𡆥	キュウ
𡆦	エツ
𡆧	ソウ
𡆨	リョウ
𡆩	ヨウ
𡆪	ソウ
𡆮	シン
𡆯	リ
𡆰	トン
𡆱	ドウ
𡆲	モク
𡆳	コツ
𡆴	チュウ ドウ:K ニュウ ニョウ:G
𡆵	コ
𡆶	モ
𡆷	コツ
𡆸	ジツ
𡆻	コク
𡆼	エン
𡆽	エツ
𡆾	ケイ
𡆿	コク
𡇀	ユウ
𡇁	ジツ
𡇂	イン
𡇃	ユウ
𡇄	チュウ
𡇆	コツ
𡇇	ケイ
𡇈	タク トウ:K ドウ:G
𡇉	コツ
𡇊	ホ
𡇋	エン
𡇌	カイ
𡇍	カク
𡇎	コク
𡇑	シン
𡇒	ベイ:K マイ:G
𡇓	チチ:G チツ:K テチ:G テツ:K
𡇔	ロウ
𡇕	コク
𡇖	チョウ:G テイ:K
𡇗	ジツ
𡇘	ヨウ
𡇚	カ
𡇛	チョク
𡇜	カン
𡇝	ソウ
𡇞	コウ
𡇟	キ
𡇠	タク:K チャク:G
𡇡	モク
𡇢	メン
𡇣	コ
𡇤	ヘイ
𡇦	イ
𡇧	トウ
𡇩	ト
𡇪	コウ
𡇫	ショウ
𡇬	イン コウ
𡇭	ル
𡇮	セン
𡇰	セン
𡇱	カク コク
𡇲	タイ
𡇳	オウ
𡇴	ト
𡇵	トウ:K ドウ:G
𡇶	コウ
𡇷	タイ:K テ:G
𡇸	カイ
𡇹	ゲツ
𡇺	エン
𡇼	アツ:K エチ:G
𡇽	エン
𡇾	ボウ
𡇿	エン ワン
𡈀	キン
𡈅	カク
𡈆	オウ
𡈇	ト
𡈉	ケン
𡈊	チュウ トウ
𡈋	キン:K コン:G
𡈌	ボウ:K モウ:G
𡈍	レイ
𡈎	ジツ
𡈏	キン
𡈐	トウ
𡈑	コク
𡈒	エン
𡈓	エン
𡈕	ケン
𡈖	ト
𡈘	ボウ
𡈙	カ
𡈚	ザイ
𡈞	ブ
𡈟	カン
𡈠	ショウ
𡈢	キン
𡈣	セン
𡈤	エン
𡈦	ジョウ
𡈧	コン
𡈨	ギョク
𡈪	マン
𡈭	ゴク
𡈮	オウ
𡈯	ヘン
𡈰	ユウ
𡈱	ユウ
𡈲	イン
𡈳	キン:K クン コン:G
𡈴	ジョ
𡈵	ユウ
𡈶	ライ
𡈷	キン
𡈸	ユウ
𡈹	ユウ
𡈼	ジョウ:G タイ:G チョウ:K テイ:K
𡈽	ト ド
𡈾	エイ
𡈿	シン
𡉄	セイ
𡉈	ザイ
𡉉	キャク キョウ
𡉊	キ
𡉎	キョク
𡉏	ヒ:K ビ:G
𡉐	シュン
𡉒	トン
𡉗	シ
𡉘	ホウ
𡉙	カイ キ
𡉚	ホウ
𡉛	キツ
𡉝	キ
𡉟	ソウ
𡉩	ボウ
𡉪	チ テイ
𡉬	チ
𡉭	ジツ
𡉱	タン
𡉲	キン
𡉳	チ
𡉴	コ
𡉵	チョウ
𡉶	シ
𡉷	セツ
𡉸	セイ
𡉻	サイ スイ
𡊀	タイ:K ダイ:G
𡊁	オキ ヨク
𡊂	サ
𡊃	ハン
𡊄	フン
𡊅	フン
𡊆	シ
𡊇	シ
𡊈	シ
𡊉	バツ:K マチ:G
𡊊	ヒ
𡊋	ホウ
𡊌	タ
𡊍	シュツ ジュチ
𡊎	サ
𡊏	シ
𡊙	ザ
𡊛	ゴウ
𡊝	ヒ
𡊞	ヘイ
𡊟	ハツ
𡊢	タン
𡊣	キュウ
𡊤	ホウ
𡊥	チョウ
𡊦	コウ
𡊬	コウ
𡊮	エン:K オン:G
𡊴	デイ
𡊵	タ:K ダ:G
𡊶	オキ ヨク
𡊷	ギン
𡊸	ジョウ ニュ
𡊹	イン シュ:K ジュ:G ズ:G トウ:K
𡊺	ビ
𡊻	レチ:G レツ:K
𡊼	キョウ:K グ:G
𡊽	ホウ
𡊾	タク
𡋘	イン
𡋛	ダイ
𡋜	シ
𡋝	シ
𡋞	コ
𡋠	ホウ
𡋧	ユウ
𡋨	ソウ
𡋩	トク
𡋪	イン
𡋫	ウ:G ユウ:K
𡋬	ヨ
𡋭	ハイ
𡋮	オウ
𡋯	ホツ:K ボチ:G
𡋰	ギョウ
𡋱	ル:G ロウ:K
𡋲	ザ
𡋳	ギン
𡋴	シュン
𡋵	キ
𡋶	カン
𡋷	サ
𡋸	オウ
𡌁	ケイ
𡌆	ヨ
𡌌	ギン:K ゴン:G
𡌕	コウ
𡌖	コウ
𡌗	カン
𡌘	ジョ
𡌙	タイ
𡌛	ショ ヤ
𡌜	コウ
𡌝	ヨウ
𡌞	チ
𡌟	ガイ
𡌤	ケイ
𡌥	アク
𡌦	ヒ:K ビ:G
𡌧	オ
𡌨	ヒ:K ビ:G ヘイ
𡌩	トウ
𡌪	カイ:K ケ:G
𡌫	ダイ
𡌬	ダイ
𡌭	タチ:G タツ:K
𡌮	ボウ
𡌯	ヤ
𡌰	デイ
𡌱	オウ
𡌲	ケイ
𡌳	ヨク
𡌴	ショク
𡌸	ヒ
𡍄	イ
𡍊	フン
𡍍	ドウ
𡍏	イン
𡍐	コ
𡍑	チ
𡍓	チ
𡍔	タク
𡍠	ショク:K ジキ:G
𡍡	ギツ ゴチ
𡍤	デツ
𡍥	サイ
𡍦	カン:K ゲン:G コン:K ゴン:G
𡍧	ホツ
𡍨	ズ:G ト:K
𡍩	タク
𡍪	シュウ
𡍫	シキ:G ショク:K
𡍬	ボク
𡍭	コン
𡍮	スイ
𡍯	イン
𡍰	バツ
𡍱	ゾウ
𡍲	トウ
𡍳	キ
𡍴	チョウ
𡍵	シュン
𡍶	ジ:G チ:K
𡍺	ジュウ
𡍻	オ オウ
𡍼	ト
𡎈	ホウ
𡎍	チ
𡎎	セイ
𡎐	ゲイ
𡎒	カツ
𡎔	ヤク
𡎕	ギ
𡎗	レツ
𡎧	バイ:K メ:G
𡎩	コウ
𡎪	コウ:K ゴウ:G
𡎫	ソウ
𡎬	サ:K セ:G
𡎮	ソチ:G ソツ:K
𡎯	カイ
𡎰	チ
𡎱	イン
𡎲	ダイ
𡎳	ダク ニャク
𡎴	ク:G コウ:K
𡎵	サイ
𡎶	エイ
𡎷	コク
𡎸	キン
𡎹	シン
𡎺	シュク
𡎻	サン セン:K ゼン:G
𡎼	カイ
𡎽	フ
𡎾	ホウ
𡎿	デイ:K ナイ:G
𡏀	ジュウ:G チュウ:K
𡏁	エ:G カイ:K
𡏂	テン
𡏃	エイ
𡏄	ソ
𡏇	チ
𡏗	タ
𡏛	ケイ
𡏩	タイ:K テ:G
𡏪	フ
𡏫	タク:K チャク:G
𡏭	キョウ
𡏮	ソウ
𡏯	ハイ:K ベ:G
𡏰	フン
𡏱	ラ
𡏲	キ
𡏳	キン
𡏴	ギン
𡏵	リョウ
𡏶	フン
𡏷	シン:K ジン:G
𡏸	シ
𡐉	ダイ
𡐎	コ
𡐐	ホウ
𡐑	ボク
𡐕	ヒ
𡐛	ザン セン
𡐝	フツ
𡐞	ヘチ:G ヘツ:K
𡐟	オウ
𡐠	カイ ケイ
𡐡	タイ
𡐢	フン
𡐣	フク
𡐤	ケツ
𡐥	ソウ
𡐦	ダ
𡐩	シュン
𡐪	ジン
𡐫	シ
𡐲	ケイ
𡐳	キン
𡐹	ケイ
𡐾	テイ
𡑂	セン
𡑇	ガク
𡑉	フク
𡑊	タ
𡑏	トウ
𡑘	チ
𡑙	タク
𡑚	クツ
𡑛	コウ
𡑜	リン
𡑞	スイ
𡑟	カ:K ワ:G
𡑠	ショク
𡑡	カン
𡑢	チョウ
𡑣	クツ
𡑤	ラ
𡑦	バン
𡑮	ソク
𡑶	ショウ
𡑷	アイ
𡑸	タイ
𡑹	トウ
𡑺	セイ
𡒂	キ
𡒆	テン
𡒈	コチ:G コツ:K
𡒉	ソウ:K ゾウ:G
𡒊	ヨ
𡒋	コウ
𡒌	ケン
𡒍	セイ
𡒎	ト
𡒏	リョウ
𡒐	シ
𡒒	ジュク
𡒓	カン
𡒖	ガイ
𡒡	フン
𡒣	キン
𡒤	ソウ
𡒨	ヒン
𡒯	ボウ
𡒰	ツイ
𡒱	テキ
𡒲	ジン
𡒳	ヘン メン
𡒼	ギャク ケキ
𡒽	カイ
𡒿	チ
𡓉	ダ
𡓊	ハイ:K ヘ:G
𡓍	リョウ
𡓐	ガク
𡓑	ジュン
𡓒	ライ レ
𡓓	イン
𡓔	ラン
𡓖	キョウ
𡓘	カク
𡓙	ハク
𡓚	コン
𡓛	カク
𡓣	ジュン
𡓤	カイ
𡓦	サン:K ザン:G
𡓬	チ
𡓰	キ
𡓱	ヨウ
𡓲	トウ
𡓳	ショウ
𡓴	フン
𡓵	イン
𡓶	ギン
𡓷	タ
𡓼	ガク
𡓿	ギュウ グ
𡔁	ジョウ:G チョウ:K
𡔂	サイ
𡔇	ルイ
𡔈	ショ
𡔉	リ
𡔊	ジュク
𡔋	トン
𡔏	ヨウ
𡔕	ク:G コウ:K
𡔗	カク
𡔘	チン
𡔙	ソ
𡔚	ジン
𡔛	チョウ:G テイ:K
𡔜	ギョウ
𡔝	ケイ
𡔞	モウ
𡔟	ヒョウ
𡔣	ケチ:G ケツ:K
𡔤	サ
𡔥	コ
𡔦	コ
𡔨	シュ:G シュウ:K
𡔩	ワ
𡔪	ジュ
𡔫	コ
𡔬	サイ
𡔯	キ
𡔰	カ
𡔱	イ
𡔳	コ
𡔴	イク
𡔵	コウ
𡔶	コン
𡔷	コ
𡔹	イツ
𡔻	ア
𡔼	ダイ
𡔾	イツ
𡕁	セン
𡕆	イ
𡕈	イン ウン コ
𡕉	オウ
𡕋	イツ
𡕌	イツ
𡕍	イツ
𡕎	ト
𡕐	チュウ
𡕑	チュウ
𡕒	カ:K ケ:G
𡕓	セイ
𡕕	ガク
𡕖	ホウ
𡕗	カイ:K ガイ:G ケチ:G ケツ:K
𡕘	ロウ
𡕚	カク
𡕛	コウ
𡕜	クツ
𡕝	シ
𡕞	ボク
𡕟	ヨウ
𡕠	ホク:K ボク:G
𡕡	ホク:K ボク:G
𡕢	バン:K ベン:K マン:G メン:G
𡕣	チョウ
𡕧	コウ:K ゴウ:G
𡕨	フク
𡕩	バン
𡕪	シュウ:K ジュ:G
𡕫	バン
𡕬	コウ
𡕭	カ
𡕮	リキ リョウ リョク
𡕯	ヨウ
𡕰	ス:G ソウ:K
𡕲	ショウ
𡕴	フク
𡕶	シュン
𡕹	ヨウ
𡕺	ギョ
𡕻	カ
𡕼	コン
𡕽	コン
𡕾	カ
𡕿	キ
𡖀	コン
𡖁	キク
𡖃	カ
𡖄	ガイ
𡖅	エン:K オン:G
𡖆	ホク
𡖇	タ
𡖈	タ
𡖊	シュク
𡖋	エキ
𡖌	キン
𡖍	ヤ
𡖐	タ
𡖑	ク:G コウ:K
𡖒	イン
𡖓	タン:K トン:G
𡖔	セン ダ:K ナ:G ネン
𡖕	シュク
𡖖	キョウ:G ケイ:K
𡖗	ウ
𡖜	キュウ:K ク:G
𡖝	ダ
𡖞	セン
𡖟	チ
𡖢	ジョウ ニュ
𡖣	イン:K オン:G
𡖤	セン
𡖧	シ
𡖨	カイ
𡖩	タ
𡖪	カイ:K ケ:G
𡖫	ダ:K ナ:G
𡖬	シン
𡖭	ダ:K ナ:G
𡖯	ソク
𡖰	イ
𡖲	タ
𡖳	シ
𡖴	キョウ
𡖶	バク:K ミャク:G
𡖸	イン
𡖹	タ
𡖺	バ
𡖽	ショク:K ジキ:G
𡖾	キ
𡖿	カ
𡗁	ク:G コウ:K
𡗃	ウ
𡗆	ル:G ロウ:K
𡗈	シ
𡗌	ヨウ
𡗍	トウ
𡗏	ケン
𡗑	ジュウ
𡗒	カイ
𡗓	リツ
𡗕	エキ
𡗚	ジョウ
𡗜	ハチ:G ハツ:K
𡗝	イ
𡗞	ケイ ゲイ
𡗟	カイ
𡗠	ナイ
𡗡	セイ
𡗢	カ ホン
𡗥	シュン:K ジュン:G
𡗦	カイ
𡗨	テイ
𡗳	ケイ
𡗴	カ
𡗵	コ
𡗷	ワ
𡗸	サ:K ジャ:G
𡗹	ハン:K バン:G
𡗺	グン
𡗻	ヒツ
𡗼	カイ シ
𡗽	グン
𡗾	ゴ
𡗿	ゴ
𡘂	トウ
𡘃	バン
𡘄	テイ
𡘆	カ
𡘇	オウ
𡘉	フツ
𡘋	ハン ビョウ:G ヘイ ホウ:K ボウ
𡘌	カイ シ
𡘍	エン:K オン:G カン:K ガン:G ケン
𡘎	ク:G コ:K
𡘏	ジョウ:K ニョウ:G
𡘐	ケイ ケチ:G ケツ:K
𡘙	タイ
𡘛	ソ
𡘝	コン:K ゴン:G
𡘟	カン
𡘠	ロウ
𡘡	キ
𡘢	キュウ:K コウ:G
𡘣	ホウ
𡘤	エン
𡘩	コン
𡘫	オン
𡘰	カン:K ガン:G
𡘲	ボ:K モ:G
𡘴	ヘチ:G ヘツ:K
𡘵	イツ
𡘶	ソウ
𡘷	トウ
𡘸	ケン
𡘹	エン
𡘺	シツ
𡘻	コウ
𡘼	シツ
𡙁	ソウ
𡙄	ケイ
𡙅	ケン
𡙇	ケツ
𡙈	ホウ
𡙉	コウ
𡙊	シン
𡙌	タイ
𡙎	コウ
𡙏	コウ
𡙐	キョク コキ
𡙑	チ
𡙒	テン
𡙓	カイ
𡙕	シュウ
𡙖	ケツ
𡙗	レン
𡙘	サン
𡙚	サイ
𡙜	ダツ
𡙝	イ
𡙠	シ
𡙤	カン
𡙨	イン
𡙩	シキ:G ショク:K
𡙪	ヘツ:K ベチ:G
𡙫	サン
𡙬	ツ:G トウ:K
𡙭	スイ
𡙮	ジチ:G チツ:K テツ:K デチ:G
𡙶	エン
𡙸	ダツ
𡙹	ソウ
𡙺	サイ
𡙻	ム
𡙼	ヘツ
𡚁	ヘイ
𡚅	カイ
𡚆	ケツ
𡚇	エン ケン:K ゲン:G
𡚈	イ
𡚉	シツ
𡚊	カン
𡚌	ケツ
𡚏	ソウ
𡚐	セキ
𡚑	ク:G コウ:K
𡚔	ホウ
𡚗	ライ レ
𡚙	タイ
𡚛	ヘイ
𡚜	カン
𡚟	アツ
𡚠	カク:K キャク:G
𡚤	ヒ
𡚧	ヒ
𡚨	シチ:G シツ:K
𡚭	ハツ
𡚮	キュウ:K ク:G
𡚯	コ
𡚷	テキ
𡚸	ヨウ
𡚹	ジョウ:G チョウ:K
𡚺	ガン
𡚻	タイ:K ダイ:G
𡚼	シ
𡚽	コウ
𡚾	シュ
𡛌	エツ
𡛍	ウン
𡛎	タ
𡛐	カイ
𡛒	サン
𡛗	ヒ:K ビ:G
𡛘	ヒチ:G ヒツ:K
𡛙	オウ:K ヨウ:G
𡛚	コ
𡛛	ノウ
𡛜	テイ
𡛝	サン
𡛞	ヒン:K ビン:G
𡛟	エツ:K オチ:G
𡛠	カ:K ケ:G
𡛡	ヒ
𡛢	ゲン
𡛵	カ
𡛶	エイ
𡛷	シ
𡛹	サン
𡛽	エイ
𡛾	ダイ ネ
𡜀	ハン
𡜁	カ
𡜂	ウ:G オ:K コ:K ゴ:G
𡜃	ジョ:K ニョ:G
𡜄	セツ
𡜅	リョ
𡜆	ケツ
𡜇	ギョウ:G ケイ:K
𡜈	サイ
𡜉	ゼン:K ネン:G
𡜊	ハイ ヒョウ:G フ:G フウ:K ホウ:K
𡜋	コウ ボウ:K モウ:G
𡜌	サイ
𡜍	シツ
𡜎	ダツ
𡜛	サイ
𡜜	サン
𡜝	トウ
𡜟	ニン
𡜡	コ
𡜢	ボウ リュウ
𡜣	ドウ:K ノウ:G
𡜥	タイ:K テ:G
𡜦	キ
𡜧	サイ:G セイ:K
𡜨	キュウ:K ク:G
𡜩	キツ
𡜪	ドウ:K ノウ:G
𡜫	ゼン
𡜬	イ
𡜭	イン
𡜮	カ
𡜯	チョウ
𡜰	ル
𡜱	キ:K ギ:G
𡜲	コウ
𡜳	ウ:G ユウ:K
𡜴	トウ
𡜵	ホ
𡜶	カツ
𡜷	ヒン:K ビン:G
𡜸	ル
𡜽	サイ
𡝂	ショウ
𡝈	ショク ソ
𡝉	ソ
𡝊	ケツ セチ:G セツ:K
𡝋	ジョウ
𡝌	シン
𡝍	キョウ
𡝎	カン
𡝏	ヒン
𡝑	ヒ
𡝒	ジツ ジョウ
𡝓	スイ
𡝙	タ:K ダ:G
𡝚	ジョウ:G テイ:K
𡝛	ヨウ
𡝜	ツ:G ト:K
𡝝	オウ
𡝞	ヒ
𡝟	デン
𡝠	ビ
𡝡	ビ
𡝢	テチ:G テツ:K
𡝤	ル:G ロウ:K
𡝥	セツ
𡝦	ドウ:K ヌ:G
𡝧	ケイ
𡝨	ル
𡝩	ヨウ
𡝪	コン
𡝫	セン テン
𡝲	ノウ
𡞐	ヘイ
𡞑	キ
𡞓	ショウ
𡞔	リュ ル:G ロウ:K
𡞘	ショウ
𡞙	ビョウ モウ
𡞚	コウ
𡞛	コ:K ゴ:G
𡞜	シュク
𡞞	ショウ:G セイ:K
𡞟	ハン:K バン:G
𡞡	キョウ
𡞢	コク
𡞣	カン:K ゲン:G
𡞤	セン
𡞦	ギョウ:G ケイ:K ケン
𡞧	ス:G ソウ:K
𡞨	ジュウ
𡞩	ウン
𡞪	フク:K ブク:G
𡞫	ダイ:K ナイ:G
𡞬	テチ:G テツ:K
𡞭	ゲイ
𡞮	キョ:K ゴ:G
𡞯	ク:G コ:K
𡟌	カイ ソ
𡟐	セン
𡟑	グ:G コウ:K
𡟒	ヨウ
𡟔	ヨク
𡟖	バ
𡟗	カン
𡟘	ジョウ ジョク
𡟝	スイ:K ズイ:G
𡟞	シュ:G シュウ:K
𡟟	ス:G ソウ:K
𡟠	キョウ
𡟡	ギョウ:G ケイ:K
𡟢	ソウ:K ゾウ:G
𡟣	キョウ:G コウ:K
𡟤	レン
𡟥	ク
𡟦	ダ
𡟨	セン
𡟩	セチ:G セツ:K
𡟪	シ
𡟫	ク:G コウ:K
𡟬	ベツ:K メチ:G
𡟭	タイ:K ダイ:G
𡟮	キ
𡟯	オン
𡟰	エン:K オン:G
𡟲	カイ
𡟳	トウ
𡟴	タイ:K テ:G
𡟽	サ
𡠈	リ
𡠋	シ
𡠐	セン
𡠑	サク
𡠒	カン
𡠓	キ
𡠖	コウ:K ゴウ:G
𡠙	ツ:G トウ:K
𡠚	ヒチ:G ヒツ:K
𡠛	ダン
𡠜	バク:K ボ:K ミャク:G モ:G
𡠞	フ:K ブ:G
𡠟	ショク
𡠠	トウ
𡠡	セン
𡠢	リク
𡠥	キョウ:K ゴウ:G
𡠦	シ シュウ
𡠷	ジョク
𡠸	セイ
𡠽	サク:K シャク:G シュク スク ベイ:K マイ:G
𡡁	シツ
𡡂	ヨウ
𡡃	チョウ
𡡈	ヒョウ:G ホウ:K
𡡉	バ:K マ:G
𡡊	ジョウ:G ソウ:K
𡡋	ル
𡡌	イ
𡡍	セン
𡡏	ショウ:G ソウ:K
𡡐	フク ホク:K ボク:G
𡡑	ソウ
𡡒	サイ:G シ セイ:K
𡡓	シュ
𡡔	サイ:K セ:G
𡡕	エツ:K オチ:G カチ ケツ
𡡖	サン ト
𡡗	ラ ラン レン
𡡘	シ
𡡙	タ:K ダ:G
𡡚	ビ
𡡛	セイ
𡡜	レイ
𡡟	ノウ
𡡥	キョ:K ゴ:G
𡡨	ボウ:K ミョウ:G
𡡹	ヘツ
𡡺	ビョウ
𡡼	ル
𡡽	カン
𡡾	ビ
𡡿	テキ
𡢃	カン
𡢆	ドウ:K ノウ:G
𡢇	ヨウ
𡢈	トウ:K ドウ:G
𡢉	ジュ
𡢊	エン
𡢋	ノウ
𡢑	タツ
𡢒	ショ
𡢓	カイ
𡢔	エイ
𡢕	キ
𡢖	カイ:K ケ:G ケイ
𡢗	ヨウ
𡢘	ヨウ
𡢙	コ
𡢚	バン:K マン:G
𡢛	レン
𡢜	バ:K マ:G
𡢝	キ
𡢣	エイ
𡢲	セキ
𡢴	リョウ
𡢵	ヨウ
𡢷	タツ
𡢸	ケン
𡢹	ヨウ
𡣀	テツ
𡣁	ジュウ:K ニュウ:G
𡣂	シュウ
𡣃	イ
𡣆	ブ
𡣇	エイ
𡣈	ショ:K ジョ:G
𡣉	ワイ
𡣋	ヒョウ
𡣌	セン
𡣍	エイ:K ヨウ:G
𡣎	シン
𡣏	サン
𡣐	トウ
𡣑	ヒン
𡣒	ソク
𡣔	カン:K ゴン:G
𡣕	ヒン:K ビン:G
𡣠	ヨウ
𡣡	ヨウ
𡣢	カイ
𡣤	カン
𡣩	バ
𡣪	シャク:G セキ:K
𡣫	ボク
𡣬	エン:K オン:G ワン
𡣭	リョ:K ロ:G
𡣮	サイ
𡣯	セチ:G セツ:K
𡣰	ショウ
𡣱	ケン
𡣳	セン
𡣷	フ
𡣸	イ
𡣹	セツ
𡣼	シ
𡣽	エン
𡣾	ショウ
𡣿	ジョウ
𡤀	ウン
𡤁	ヒン
𡤈	エン
𡤋	カイ:K ゲ:G
𡤌	リャク:G レキ:K
𡤏	セツ
𡤖	イ
𡤗	シュク
𡤘	ダイ
𡤙	ドウ:K ノウ:G
𡤚	ヒョウ
𡤛	テン
𡤡	ケン
𡤢	ラ
𡤣	レン
𡤤	シャク
𡤥	シュク
𡤨	レン
𡤫	カ:K ケ:G
𡤬	ワク
𡤮	セン
𡤯	ルイ
𡤱	ラン
𡤲	デン
𡤶	ワン
𡤸	エン
𡤹	ハン
𡤺	ハン フ
𡤼	ケツ
𡤽	ショ
𡤾	ソン
𡤿	コウ
𡥀	ホウ モウ
𡥁	ギ
𡥃	コウ
𡥅	ソン
𡥆	コウ
𡥇	ボツ
𡥈	キョウ:G コウ:K
𡥉	キョウ:G コウ:K
𡥋	カイ
𡥍	コウ
𡥎	シ
𡥏	ボツ
𡥐	シ
𡥑	シュン
𡥗	ヨウ
𡥛	シュ
𡥜	ジ
𡥝	ジ
𡥞	ボツ
𡥦	ギ
𡥨	ギ
𡥩	ダイ:G テイ:K
𡥪	シン
𡥭	フ
𡥳	キョ
𡥶	キョ:K ゴ:G
𡥷	セイ
𡥹	ケツ
𡥺	テツ
𡥽	リ
𡥿	チュウ
𡦀	ロウ
𡦁	ショ
𡦃	ギョウ:G ケイ:K
𡦄	フウ:K ブ:G
𡦅	ス
𡦆	ヒン
𡦊	キ
𡦋	カン
𡦌	ダイ
𡦍	セイ
𡦎	キ
𡦏	ギ
𡦑	キ
𡦔	トウ
𡦕	ジ:K ニ:G
𡦗	ジュ
𡦘	ジュ
𡦛	シュク
𡦜	トウ
𡦝	キョウ:G コウ:K
𡦟	ヒ
𡦠	キ
𡦡	ト
𡦢	シュ チョウ
𡦣	ゲツ
𡦨	タン
𡦩	コウ
𡦪	キュウ
𡦭	コウ
𡦱	キョウ:G コウ:K
𡦷	キュウ ショウ
𡦹	カン
𡦻	ヒン
𡦼	ジョウ ニュ
𡦽	ボウ
𡦾	トツ
𡦿	シュウ
𡧃	ウ
𡧈	ウ
𡧋	ヒン
𡧌	キ
𡧍	ベン:K メン:G
𡧎	ヒン
𡧏	モウ
𡧒	キュウ ベン
𡧔	シュ
𡧕	コウ
𡧖	ホウ
𡧗	グウ ゲ
𡧘	セキ
𡧙	ヒョウ:G ホウ:K
𡧚	カ
𡧜	タク
𡧡	テイ
𡧢	ニク
𡧣	カイ
𡧤	セキ
𡧥	コツ
𡧦	コウ
𡧨	チュツ
𡧩	カイ:K ケ:G
𡧪	タク
𡧫	キ
𡧬	コウ
𡧭	キ
𡧮	ヨウ
𡧯	ジャク:G セキ:K
𡧰	ホウ
𡧱	ガイ
𡧹	タイ
𡧺	カン
𡧻	ジャク
𡧼	ヒン
𡨀	タ:K ダ:G
𡨂	ゴ
𡨃	キュウ:K グ:G
𡨄	カ:K ケ:G
𡨅	キョク:K コク:G
𡨆	ギ
𡨇	キョウ
𡨈	セン
𡨉	ゴウ
𡨊	ケン
𡨋	ベイ ベキ:K ベン:K ミャク:G ミョウ:G メイ:K メン:G
𡨎	ソウ
𡨏	グン
𡨓	リツ
𡨔	サイ
𡨖	ホン
𡨗	ソウ
𡨚	エン
𡨛	ホウ
𡨜	セキ
𡨞	シン
𡨟	ゴ
𡨠	オン
𡨢	キョ:K コ:G
𡨣	ウ
𡨥	コウ
𡨦	シン
𡨧	サイ
𡨨	ソウ
𡨩	コン
𡨲	ケツ
𡨴	ネイ
𡨵	ダイ
𡨶	メイ
𡨷	キョウ コン
𡨻	ドウ:K ヌ:G
𡨼	ソウ
𡨽	ショウ:G セイ:K
𡨾	エン
𡨿	ウチ:G ウツ:K
𡩀	テン
𡩁	シン
𡩂	カン:K ガン:G
𡩃	コウ
𡩄	バン:K マン:G
𡩅	カ
𡩆	タ
𡩇	キョウ
𡩈	ビョウ
𡩉	キョウ
𡩏	ヒン
𡩙	カ
𡩟	イン
𡩠	シン
𡩡	サク:K シャク:G
𡩢	チョウ
𡩣	ケツ:K ゲチ:G
𡩤	セキ
𡩥	オ オウ
𡩦	セン
𡩧	ホウ
𡩨	シン
𡩩	ボウ:K モウ:G
𡩪	イン
𡩭	エツ
𡩶	ゴウ
𡩷	エン
𡩸	ギョウ
𡩻	シン
𡩽	ボウ:K モウ:G
𡩾	オ オウ
𡩿	ソク
𡪀	ギ
𡪁	ガン ゴン
𡪂	リ
𡪃	オウ
𡪄	チョ
𡪅	ル:G ロウ:K
𡪆	キョウ
𡪌	セキ
𡪎	ボウ
𡪏	セン
𡪐	テン
𡪑	ガク
𡪒	シ
𡪓	ホウ
𡪖	ミツ
𡪘	ベイ
𡪙	アン
𡪛	ヒン
𡪞	カツ
𡪟	セイ
𡪠	ジョウ:G ソウ:K
𡪡	カン
𡪢	シン
𡪤	サイ
𡪥	キョウ
𡪰	キョウ
𡪱	セキ
𡪲	ジツ
𡪳	サク
𡪴	シュク
𡪵	キ
𡪶	カン:K コン:G
𡪼	コウ
𡪽	キ
𡪾	グウ
𡪿	オウ
𡫀	キャク:G ケキ:K
𡫁	シャク:G シン セキ:K
𡫂	ケン
𡫃	デイ ニョウ
𡫄	キュウ
𡫅	ヒン
𡫆	ショウ:K ゾウ:G
𡫒	シン
𡫓	テン
𡫚	イン
𡫛	ベン
𡫜	カン
𡫝	リョウ
𡫞	ユ
𡫟	ソク
𡫤	ル
𡫥	カク
𡫩	サイ
𡫬	キク コク
𡫭	キク
𡫮	カン
𡫯	リャク:G レキ:K
𡫰	セキ
𡫱	リョウ
𡫳	ソク
𡫵	ジツ
𡫷	ホウ
𡫸	ジツ
𡫹	カン
𡫻	イン エン
𡫼	ソク
𡫽	ジョ:K ニョ:G ヨ
𡫾	カン
𡬁	キュウ コン
𡬂	キ
𡬃	キュウ
𡬄	キ:K ギ:G
𡬅	テン
𡬆	ボウ
𡬇	ヒュ ヒュウ
𡬉	サイ
𡬊	ヨ
𡬋	コウ
𡬌	バン:K ボウ:K マン:G モウ:G
𡬍	ビ:K ベイ ミ:G メイ
𡬎	キョウ
𡬐	ギ
𡬑	ゴ
𡬒	ゲイ
𡬓	シン
𡬕	リョウ
𡬖	カン:K コン:G
𡬗	ジツ
𡬘	ロウ
𡬙	ソウ
𡬚	セイ
𡬛	ネイ
𡬜	リン ロク
𡬝	トウ
𡬞	ユウ
𡬟	シュク
𡬠	シャク
𡬤	シャ
𡬥	ダ
𡬧	シュク
𡬨	ケイ
𡬪	タイ
𡬫	ゴツ
𡬬	サン
𡬮	シュ
𡬯	ヘン
𡬰	ジン
𡬱	ケイ
𡬲	ヘン
𡬳	エン ショウ:G セイ:K セン
𡬴	シュ
𡬵	ケン
𡬶	ジン
𡬸	ヘン
𡬹	ドウ
𡬻	ジン
𡬽	ヒョウ
𡬾	ジュ
𡭁	リク
𡭂	トク
𡭆	ソン
𡭇	セン
𡭈	リュウ
𡭊	タイ
𡭌	ボウ
𡭎	ドウ
𡭐	スイ セン:K ゼン:G
𡭑	ドウ
𡭒	チ
𡭓	ヒョウ
𡭕	シ
𡭗	ジ:K ニ:G
𡭙	キ
𡭛	キ
𡭝	ベイ
𡭞	サン:K セン:G
𡭟	サ
𡭠	トウ
𡭢	ハイ:K バイ:G
𡭣	レツ
𡭥	シャ
𡭩	ヒツ
𡭫	シュク
𡭭	ケン
𡭮	シュ
𡭯	マ
𡭳	コウ
𡭴	キャク:G ケキ:K
𡭷	カン
𡭸	ラン
𡭹	ビョウ
𡭼	ヒ
𡭽	ゲキ
𡭾	ドウ:K ヌ:G
𡭿	ショウ
𡮀	セイ
𡮁	ヒ
𡮂	キャク:G ケキ:K
𡮎	リョウ
𡮐	ショウ
𡮕	イ
𡮚	ニュウ
𡮞	チキ:G チョク:K
𡮡	マ
𡮦	ソウ:K ゾウ:G
𡮧	キ
𡮰	リャク:G レキ:K
𡮱	ゲキ
𡮻	ラン レン
𡮿	サン:K セン:G
𡯁	オウ
𡯂	オウ
𡯄	リキ リョク
𡯇	コツ
𡯈	ホウ
𡯉	ユウ
𡯊	ユウ
𡯌	ホウ リョウ
𡯍	カン:K ガン:G
𡯎	ボウ:K ム モウ:G
𡯏	アン
𡯐	キュウ:K ク:G
𡯑	スイ
𡯒	ズイ
𡯔	カイ
𡯖	クツ
𡯘	ハン:K バン:G
𡯙	ユウ
𡯚	ホウ:K ボウ:G
𡯛	サ
𡯜	カツ:K ゲチ:G
𡯝	アン
𡯠	カツ
𡯢	カツ ガツ
𡯥	キ
𡯧	ヨウ
𡯨	サ:K ザ:G
𡯩	ショウ
𡯫	ベン:K メン:G
𡯭	オウ
𡯮	ケキ
𡯲	オウ
𡯳	オウ ハ:K バ:G ブ
𡯴	シャク タク:K チャク:G チョウ:G トウ:K
𡯵	キ タイ:K テ:G
𡯶	シュウ
𡯷	コウ
𡯸	オウ
𡯺	タイ
𡯻	テイ
𡯾	キ
𡯿	チョウ
𡰀	ダ
𡰂	ワイ
𡰃	ヨウ
𡰆	ゲツ
𡰇	シュチ:G シュツ:K
𡰊	コツ
𡰋	エ:G ケイ:K
𡰌	ル:G ロウ:K
𡰎	ダイ:G テイ:K
𡰒	ショウ
𡰓	ロウ
𡰔	シュウ
𡰕	ショウ
𡰖	タイ:G ダイ テイ:K
𡰗	シュウ
𡰚	リン
𡰜	シュウ
𡰝	カン:K ガン:G テン
𡰟	ラ ラン ルイ
𡰡	エ:G ケイ:K
𡰣	シ
𡰤	ガツ
𡰥	イ ジン:K ニン:G
𡰦	ショク
𡰨	トウ
𡰩	リョウ
𡰪	トク
𡰫	デン:K ネン:G
𡰬	シン
𡰭	ヨウ
𡰮	ガツ
𡰯	シ
𡰱	ジ:K ジツ:K デイ:K ナイ:G ニ:G ニチ:G
𡰲	ケン
𡰶	カン
𡰸	ゲキ
𡰺	シュン
𡰻	ヒ
𡰼	コウ
𡰽	ブン
𡰾	シ
𡰿	キョク:K ゴク:G シュク ホク:K ボク:G
𡱀	コク
𡱁	シ
𡱂	トン:K ドン:G
𡱃	イ
𡱅	ク
𡱇	タン
𡱈	キョク
𡱉	ショウ
𡱊	スイ
𡱋	ユウ
𡱌	カン:K ガン:G
𡱍	ガイ
𡱎	ケン
𡱏	カ:K ゲ:G バク:K ミャク:G
𡱐	イ ジ:G チ:K
𡱑	ケン
𡱒	トン
𡱓	ビ
𡱔	シ
𡱕	ビ
𡱜	チョウ:G トウ:K
𡱝	サイ
𡱟	ヨウ
𡱠	コク
𡱡	テツ
𡱢	シ
𡱣	ショ ヨ
𡱤	ニョウ
𡱥	サ サイ:K セ:G
𡱦	シ
𡱧	コウ
𡱨	コ
𡱱	チョ
𡱲	ビ
𡱳	サ
𡱴	ニョウ
𡱷	チョウ
𡱹	キ
𡱺	ク
𡱻	ア
𡱼	カ
𡱽	コツ
𡱾	ショ
𡱿	エキ:K ヤク:G
𡲀	キョウ:G ケイ:K
𡲁	ジョ:G チョ:K
𡲂	ソ
𡲃	オク
𡲌	ジ
𡲍	ヘイ
𡲎	ヒ
𡲐	ニュウ
𡲑	シ
𡲒	クツ
𡲔	シ
𡲕	テイ
𡲖	シ
𡲗	クツ グチ
𡲘	ニョウ
𡲙	イン
𡲚	ショウ
𡲛	コウ
𡲜	ヘン:K ベン:G
𡲝	エイ
𡲞	コ
𡲟	リ
𡲠	ハ
𡲡	ソ
𡲣	コウ
𡲩	ヒ
𡲪	ベイ ミョウ
𡲬	クツ
𡲭	ベイ メイ
𡲮	ヒ
𡲯	ソウ
𡲰	ショ:K ジョ:G
𡲱	ソウ
𡲲	クワ
𡲳	デキ
𡲴	シ
𡲵	ビ
𡲶	クツ
𡲻	グン
𡲼	ベツ
𡲾	セイ タイ:K テ:G
𡲿	テイ
𡳂	カイ
𡳄	ヒ
𡳅	ケイ
𡳆	ショ
𡳇	リョウ
𡳈	ション
𡳉	シュン
𡳍	ク
𡳏	チョウ
𡳐	リ
𡳑	シュク
𡳘	クツ グチ
𡳚	コク
𡳞	リン
𡳟	ク
𡳠	シ
𡳡	ソウ
𡳧	ヘイ
𡳫	ロウ
𡳬	ロ
𡳭	チ
𡳮	セキ
𡳴	ロ
𡳸	リャク:G レキ:K
𡳻	ビ
𡳾	カチ ケツ
𡳿	シ
𡴀	ホウ
𡴁	セン
𡴂	ハン
𡴄	シ
𡴅	チュチ:G チュツ:K
𡴆	リク:K ロク:G
𡴈	キョク
𡴋	バイ:K メ:G
𡴌	コウ
𡴍	コウ
𡴎	ガイ ゲチ:G ゲツ:K
𡴏	セイ
𡴐	セイ
𡴑	セイ
𡴒	ケン
𡴓	シ
𡴕	バイ
𡴖	ナン
𡴘	コウ
𡴛	ドク
𡴜	シン
𡴝	ソウ
𡴞	イン
𡴟	ナン
𡴡	ホン
𡴤	シュ
𡴥	チ
𡴦	クン
𡴧	ソウ
𡴨	ソウ
𡴩	ホン
𡴫	リク
𡴬	ハイ
𡴭	アツ:K エチ:G
𡴮	ガイ
𡴯	ガチ ガツ
𡴰	コ
𡴱	コ
𡴲	キ
𡴳	ガク
𡴸	キ
𡴻	キ
𡴼	ハ
𡴾	キ
𡴿	カン
𡵀	ボウ
𡵁	キ
𡵊	ギツ
𡵋	ギツ ゴチ
𡵎	カン
𡵏	セン
𡵑	キン
𡵓	コウ
𡵔	ギョウ:G コウ:K
𡵕	タン
𡵖	オン
𡵗	ショク
𡵘	コ:K ゴ:G
𡵙	ゴウ
𡵚	カイ
𡵛	フ:K ブ:G
𡵜	ギュウ グ
𡵝	ショウ
𡵞	ホウ
𡵬	ボク
𡵮	チ
𡵯	フ:G ブ ホ:K
𡵰	リュウ
𡵱	キ
𡵳	フン:K ブン:G
𡵴	エン
𡵵	ボク
𡵶	ショク
𡵷	ショウ
𡵸	エキ
𡵹	ガク
𡵺	コウ
𡵼	タン
𡵾	コク
𡶂	ヤク
𡶃	ア アイ
𡶄	ヒョウ:G ホウ:K
𡶅	ハ
𡶆	ハ
𡶇	ミツ
𡶈	シ
𡶉	ハン:K ホン:G
𡶊	ダ
𡶋	キク コク
𡶍	ソウ
𡶎	ビ:K ミ:G
𡶏	クチ コツ
𡶐	カ:K ゲ:G
𡶑	カン
𡶒	フツ
𡶓	ガク
𡶜	ガン キン
𡶢	キョウ
𡶣	サイ
𡶤	ヨウ
𡶩	コウ
𡶪	カン
𡶫	ガイ ゲツ
𡶬	コウ
𡶭	ギョウ:G ケイ:K
𡶯	サイ:G セイ:K
𡶰	ボ
𡶱	リン
𡶲	タ
𡶳	ガク
𡶶	ホウ
𡶸	サン
𡷅	ホウ
𡷆	カン
𡷇	コウ
𡷈	シュウ
𡷉	セイ
𡷌	ホウ
𡷍	コウ
𡷎	ウ
𡷒	ガク
𡷓	コク
𡷕	ビ:K ミ:G
𡷖	シャ
𡷗	カン:K ガン ゲン:G
𡷘	ヘツ:K ベチ:G
𡷙	ダ:K ナ:G
𡷚	テイ
𡷛	カン:K ガン:G
𡷝	ジョウ:K ニョウ:G
𡷞	キ
𡷟	ル:G ロウ:K
𡷠	ズ:G トウ:K
𡷡	エン
𡷢	ボウ:K モウ:G
𡷣	ト
𡷤	ゴ
𡷥	コウ コク
𡷦	セツ
𡷧	ギン
𡷨	キョウ:G ギョウ ケイ:K
𡷩	スイ
𡷪	ギョウ
𡷭	サン:K ゼン:G
𡷮	シ
𡷸	コウ
𡷺	キ
𡷻	チュウ
𡷼	サイ
𡷿	サク:K ザク:G
𡸁	スイ:K ズイ:G ツイ
𡸂	ト
𡸈	シキ:G ショク:K
𡸉	リ
𡸊	サン
𡸋	シュ
𡸌	ジュ チュ
𡸎	セチ:G セツ:K
𡸑	チャク:G テキ:K
𡸒	ロツ
𡸓	キョウ
𡸔	ケイ
𡸕	キュウ:K ク:G
𡸖	カイ
𡸗	アチ:G アツ:K
𡸘	シュ
𡸙	キン
𡸚	サン
𡸛	ギン:K ゴン:G
𡸜	ジキ チョク
𡸞	カン:K コン:G
𡸟	シ
𡸠	タイ
𡸡	コウ:K ゴウ:G
𡸢	ゲツ
𡸣	ゲチ:G ゲツ:K
𡸤	ショウ:K ゾウ:G
𡸥	エン:K オン:G
𡸦	ショク:K ジキ:G
𡸧	ビン
𡸨	シュ
𡸩	キ
𡸪	シ
𡸬	タイ
𡸳	ギョウ
𡸴	ケン
𡸵	ソウ
𡹃	リョウ
𡹆	ドク
𡹊	ギン
𡹋	ビン
𡹎	カイ
𡹏	コウ
𡹓	キ
𡹔	ホウ
𡹖	セイ
𡹘	ケイ サイ
𡹢	キン
𡹣	ア
𡹤	キン:K ゴン:G
𡹥	サ
𡹨	ショク:K ジキ:G
𡹩	キ
𡹪	キョク
𡹫	ケイ
𡹬	タ:K ダ:G
𡹭	テツ:K デチ:G
𡹮	エン
𡹯	エ:G カイ:K
𡹰	ボウ:K ミョウ:G
𡹲	ショ
𡹳	ホン:K ボン:G
𡹵	グ:G コウ:K
𡹶	エン
𡹷	コウ
𡹸	ス:G ソウ:K
𡹹	コ:K ゴ:G
𡹺	ショウ
𡹻	ト
𡹼	ガン:K ゲン:G
𡹽	キョウ
𡹾	ヒョウ:G ヘイ:K
𡺆	タ
𡺇	ダ
𡺐	ショ
𡺒	ユウ
𡺓	キ
𡺔	シ
𡺕	クン
𡺖	ユウ
𡺗	カン
𡺙	セン
𡺚	シュウ
𡺝	コウ
𡺟	ケン
𡺡	エイ
𡺧	サツ
𡺫	トウ
𡺬	アイ
𡺭	ク:G コウ:K
𡺮	ヒ:K ビ:G
𡺯	ヨウ
𡺰	カツ
𡺱	ブ
𡺲	シュン
𡺴	トツ:K ドチ:G
𡺵	サイ
𡺶	サイ
𡺷	カ:K ゲ:G
𡺸	キ
𡺹	ケン
𡺺	キュウ
𡺼	ゲツ
𡺽	シン
𡺾	タイ:K テ:G
𡺿	リョウ
𡻅	トウ
𡻋	クツ
𡻌	ショ
𡻍	ガ
𡻎	キ:K ケイ ゲ:G スイ セン
𡻑	チュ チョウ
𡻕	セイ
𡻗	テン
𡻘	コウ
𡻙	カク
𡻚	コウ
𡻜	テツ
𡻝	ショウ:G ジョウ ソウ:K
𡻞	ヒチ:G ヒツ:K
𡻟	バク:K ミャク:G
𡻠	ショ
𡻡	カン:K ガン:G ゴン
𡻢	ギョ:K ゴ:G
𡻣	イ
𡻤	バ:K メ:G
𡻥	ビ
𡻧	キ
𡻨	コン
𡻩	バン:K マン:G
𡻪	リョウ
𡻬	ソク:K ゾク:G
𡻭	ライ ルイ レ
𡻮	コ:K ゴ:G
𡻯	ショウ:G ソウ:K
𡻰	サイ:G セイ:K
𡻱	ルイ
𡻲	ボク
𡻴	シュン
𡻵	リン
𡻺	ケツ ヨウ
𡻾	ミン
𡻿	シン
𡼃	バ
𡼊	ライ ルイ レ
𡼋	キ
𡼌	ケン:K ゴン:G
𡼍	ヨウ
𡼎	イ
𡼐	ビン
𡼑	ガク
𡼒	シン
𡼓	テン:K デン:G
𡼔	コウ
𡼕	シュン
𡼖	トン
𡼗	コウ
𡼘	コツ
𡼙	カ
𡼚	キョウ
𡼛	カツ:K ケチ:G
𡼜	ホウ
𡼝	フン
𡼞	セイ
𡼥	カン
𡼯	タン
𡼰	ガク
𡼶	シン
𡼺	ショウ
𡼻	タイ
𡼼	チョウ
𡼽	イン:K オン:G
𡼾	カイ:K ケ:G
𡼿	クチ コツ
𡽀	ソウ
𡽁	サイ:K ゼ:G
𡽂	ク:G コ:K
𡽃	タ
𡽄	キョウ:K ギョウ:G ゴウ
𡽅	ウン
𡽆	シ
𡽇	レイ
𡽈	クツ
𡽉	サイ:G セイ:K
𡽊	ショウ:G ソウ:K
𡽐	コウ リョウ:K ロウ:G
𡽓	サ
𡽔	シ
𡽕	サイ
𡽘	ロ
𡽚	ト
𡽛	スイ
𡽜	ガン
𡽝	コウ
𡽞	サク:K シャク:G
𡽟	リョウ
𡽠	ハ
𡽡	ザン
𡽢	テキ
𡽣	ヨウ
𡽤	リン
𡽥	ガ
𡽦	ロウ
𡽧	ギョウ:G ゴウ:K ドウ:K ニョウ:G
𡽬	ショ
𡽭	ライ
𡽲	ホウ
𡽵	タイ
𡽷	リク
𡽸	イン
𡽺	ガク
𡽼	キ
𡽽	クン
𡾀	カ
𡾃	サツ ザチ セツ:K ゼチ:G
𡾄	ソウ
𡾅	リョ:K ロ:G
𡾆	ガク ギャク
𡾇	コウ
𡾈	キュウ:K グ:G
𡾉	バ:K マ:G
𡾊	ライ ルイ レ
𡾋	ライ ルイ
𡾌	ビョウ:G ホウ:K
𡾍	ジツ
𡾐	ケツ
𡾑	サ
𡾕	トウ:K ドウ:G
𡾘	カク
𡾙	ガク
𡾚	ライ
𡾛	ヒョウ:G ホウ:K
𡾜	カク
𡾝	カイ
𡾞	ギ
𡾟	ギ
𡾥	ケン
𡾦	ガツ
𡾧	スイ
𡾩	ロウ
𡾮	セン
𡾯	イン
𡾰	ケン
𡾱	ビ:K ミ:G
𡾲	ガツ
𡾷	ライ
𡾻	ソウ:K ゾウ:G
𡾼	シュ:G ショウ:K
𡾽	ソウ
𡾾	イチ:G イツ:K
𡿁	ギ
𡿂	シュウ
𡿆	ギ
𡿇	ラ
𡿈	ライ レ
𡿉	ルイ
𡿊	ダ:K ナ:G
𡿋	レイ
𡿌	レキ
𡿎	リ
𡿏	ラ
𡿑	リン
𡿔	ルイ
𡿕	ゲン:K ゴン:G
𡿖	ゲチ:G ゲツ:K
𡿘	ソウ
𡿙	ケイ
𡿛	ライ レ
𡿜	ルイ
𡿝	ドウ:K ノウ:G
𡿠	リン
𡿡	リョウ:G レイ:K
𡿢	キ
𡿣	ザン
𡿤	カン
𡿥	ウチ:G ウツ:K
𡿦	コン
𡿧	サイ
𡿨	ケン
𡿩	レチ:G レツ:K
𡿪	レツ
𡿫	コウ
𡿬	コウ
𡿭	コン
𡿮	トツ
𡿯	イチ:G イツ:K ケン:K ゲン:G
𡿰	コウ
𡿱	ケイ
𡿳	ショ:G ソ:K
𡿵	コ
𡿷	ヨウ
𡿸	キ
𡿹	シ
𡿺	ドウ:K ノウ:G
𡿻	シュウ
𡿼	クン
𡿽	ジュン
𡿾	ケツ
𡿿	イキ:G コク ヨク:K ワク
𢀀	リュウ
𢀁	ギチ ギツ
𢀂	リョウ
𢀃	サイ
𢀇	シ
𢀈	シ
𢀉	シ
𢀊	ケイ
𢀋	ショク
𢀌	ソウ
𢀍	ヨウ
𢀎	カ
𢀐	シ
𢀑	キョ
𢀒	キ
𢀓	キョ
𢀕	シツ
𢀗	バン
𢀘	エ ヤ
𢀙	キュウ
𢀜	キョウ:K ク:G
𢀝	シン
𢀞	サ
𢀠	サ
𢀡	キ
𢀣	フ
𢀩	サ
𢀪	ジ
𢀯	ショ
𢀴	ヤク
𢀵	カン
𢀷	キン
𢀹	チン
𢀿	キン
𢁀	フウ:K ブ:G
𢁁	タク トク
𢁂	キ
𢁃	セイ
𢁄	ギ
𢁅	ソン
𢁌	ソン
𢁏	ホウ
𢁐	イン
𢁒	キ:K ギ:G ハン:K ボン:G
𢁓	シ
𢁔	イ
𢁕	チョウ
𢁖	ハイ:K ベ:G
𢁗	カン:K ケン:G コン
𢁘	サン
𢁙	フ
𢁚	サン
𢁛	サツ
𢁝	チョウ
𢁞	ヤク
𢁟	ベン
𢁠	キュウ
𢁢	ウ:G オ:K ク:G コ:K
𢁣	ボウ
𢁤	フン
𢁥	フン
𢁦	ヒ
𢁧	テン
𢁨	イン
𢁩	ダイ ネ
𢁪	ケチ:G ケツ:K
𢁫	キ
𢁬	ショウ:G ソウ:K
𢁭	バン
𢁮	ケン ゲ
𢁯	ジン
𢁰	ウ
𢁱	オウ
𢁳	ガイ
𢁴	ケイ
𢁵	フツ
𢁶	ボウ
𢁷	チュウ
𢁹	キョウ:G コウ:K
𢁺	コ
𢁻	フ:G ホ:K
𢁼	チョ
𢁽	ヒツ:K ビチ:G
𢁾	チョウ
𢁿	ショウ:G セイ:K
𢂀	フチ フツ
𢂁	ク:G グ コウ:K
𢂂	ドウ
𢂃	サク
𢂄	ケン
𢂆	フ:K ブ:G
𢂇	テイ
𢂉	キ
𢂊	オウ:K ヨウ:G
𢂋	ケイ
𢂍	ハツ
𢂏	ハイ
𢂐	キョウ:K ギョウ:G
𢂑	ショク
𢂒	イ
𢂓	ツ:G トウ:K
𢂔	グ:G コウ:K
𢂕	サイ:G セイ:K
𢂖	シ
𢂗	オキ ヨク
𢂘	セン
𢂙	コウ
𢂚	タク
𢂝	チ
𢂟	イン
𢂥	レイ
𢂦	タク
𢂨	ギン
𢂩	コウ
𢂪	コウ
𢂫	イン
𢂬	イン
𢂮	チツ
𢂯	エキ
𢂱	エン
𢂲	キャク:G ケキ:K
𢂳	ボ:K モ:G
𢂴	シ
𢂵	カイ
𢂶	キョウ:G ケイ:K
𢂷	コウ
𢂸	タイ
𢂹	ビョウ:K ボウ ミョウ:G
𢂺	サン:K セン:G
𢂻	ジン
𢂼	エイ テイ
𢂽	クン
𢂾	コウ
𢂿	コウ
𢃀	ブ:K ム:G
𢃁	イン
𢃂	イン
𢃆	クン
𢃋	シ
𢃌	シ
𢃍	ヒ ビャク:G ヘキ:K
𢃎	コク
𢃏	ス:G ソウ:K
𢃐	ク:G コウ:K
𢃑	ショウ
𢃒	サイ:K セ:G
𢃓	ショウ
𢃔	セン
𢃕	トウ:K ドウ:G
𢃖	チュウ
𢃗	カン:K ゴン:G
𢃘	ケン
𢃙	カン
𢃚	コン
𢃛	キ
𢃜	トク
𢃝	トク
𢃢	セキ
𢃤	コク
𢃥	ケン
𢃦	カ
𢃧	ショウ
𢃨	コウ
𢃪	ショウ
𢃫	コウ
𢃬	セン
𢃭	ショウ
𢃮	ベン:K メン:G
𢃯	キ
𢃰	シ:K ジ:G
𢃱	ボウ:K モ:G
𢃲	ガク ギャク
𢃳	ショウ:K ジョウ:G ハ:K ヘ:G
𢃴	ラチ:G ラツ:K
𢃵	イン
𢃶	トウ
𢃷	ボウ
𢃸	シュウ
𢃹	イン
𢃺	キュウ ゴウ
𢄀	ソウ
𢄄	サ:K シャ:G
𢄅	ゲキ
𢄆	サク
𢄇	ク:G コウ:K
𢄉	トン
𢄊	カイ:K キ ケ:G
𢄋	エイ:K ヨウ:G
𢄌	サイ
𢄍	アイ コウ:K ゴウ:G
𢄎	ホウ:K ボウ:G
𢄏	ボク
𢄐	ボウ:K モ:G
𢄒	セン
𢄓	ウ:G オ:K
𢄔	タイ
𢄕	キン
𢄖	イ
𢄗	ケイ
𢄘	チク
𢄚	ギ
𢄛	チュウ
𢄞	ヘイ ベイ
𢄟	ツ:G トウ:K
𢄠	コウ
𢄡	リ
𢄢	シ ショウ:G セイ:K ゼ
𢄣	セイ ゼ
𢄤	サン
𢄥	イ
𢄦	チョウ
𢄧	ソク
𢄬	キョク
𢄰	ヤク
𢄱	シ
𢄲	セン
𢄳	カ:K ケ:G
𢄴	ダ
𢄶	カク
𢄷	リョウ
𢄸	サイ:K セ:G
𢄹	キョウ
𢄺	ショウ リョウ
𢄻	サン
𢄼	シュ
𢄽	ジ:K ニ:G
𢄾	メイ
𢄿	タク
𢅀	タン
𢅁	チ
𢅂	チュウ
𢅈	ドウ:K ノウ:G
𢅉	ヒョウ:G ホウ:K ボウ:K ミョウ:G
𢅊	テイ
𢅋	ソウ
𢅍	タク
𢅎	キョウ
𢅏	レン
𢅐	セン
𢅑	サツ:K セチ:G
𢅒	タン
𢅓	ベツ
𢅔	チョ
𢅕	セイ
𢅗	カ
𢅙	サク
𢅚	ヒョウ
𢅛	リョウ
𢅜	シ
𢅝	デン
𢅞	リョク
𢅟	ギ
𢅠	エン
𢅡	ラン
𢅢	ソウ
𢅤	カイ
𢅦	キ
𢅨	キ
𢅩	ヒ
𢅪	シュク
𢅫	セイ ゼ
𢅭	ライ
𢅮	セン:K ゼン:G
𢅯	フチ フツ フン:K ブン:G
𢅰	カク:K キャク:G
𢅱	トウ
𢅵	ベキ
𢅸	レン
𢅹	ヤク
𢅺	テン
𢅻	ソウ
𢅽	ヒョウ
𢅾	ラ
𢆀	エン
𢆂	ノウ
𢆃	ナン
𢆄	ラン
𢆅	サイ
𢆇	ラク
𢆈	エ:G エイ:K
𢆉	ジン:K ニン:G
𢆊	テイ
𢆋	アン
𢆌	キン
𢆍	ショウ:G ソウ:K
𢆎	コウ
𢆑	シュク
𢆒	セン
𢆙	ヘイ
𢆛	ケン
𢆜	カチ:G カツ:K
𢆞	ケン
𢆟	ヘイ
𢆢	ヒョウ:G ヘイ:K
𢆣	ハ
𢆦	カン
𢆬	ケン
𢆯	ゲン ベキ
𢆰	コ:K ゴ:G
𢆲	ヨウ
𢆳	チョウ
𢆴	チョウ
𢆶	シ ユ:G ユウ:K
𢆷	ヨウ
𢆸	ヒョウ:G ホウ:K
𢆺	シン
𢆻	キ
𢆼	キ
𢆽	ショウ ビョウ:K ミョウ:G ヨウ
𢆾	チョク ユウ
𢆿	シ
𢇀	デイ
𢇂	カン
𢇃	シ
𢇆	シ
𢇇	カン
𢇈	エン
𢇊	ショウ
𢇋	エイ
𢇌	シ
𢇍	ゼツ
𢇏	イ
𢇑	ユウ
𢇒	キツ
𢇓	キツ
𢇔	ユウ
𢇕	ユウ
𢇖	ジ
𢇗	サ:K シャ:G
𢇘	ゲン:K ゴン:G
𢇙	ヨク
𢇚	エイ
𢇜	ブ
𢇝	テイ
𢇞	カン:K ゴン:G
𢇟	コウ
𢇠	トン
𢇣	ケン レン
𢇤	スイ
𢇥	スイ:K ズイ:G
𢇦	ジン:K ニン:G
𢇧	タン:K ドン:G
𢇨	シ
𢇩	ハイ
𢇪	バン
𢇫	ホウ
𢇭	オウ
𢇯	フ
𢇰	タン
𢇲	ビ:K ミ:G
𢇳	ヒ:K ビ:G
𢇴	フ:G ホ:K
𢇵	ドウ:K ノウ:G
𢇶	テン:K デン:G
𢇷	ハツ:K バチ:G
𢇸	エイ
𢇹	シ
𢇺	ケイ
𢇻	チ
𢇼	キ
𢈂	ゲン
𢈃	ジ
𢈄	チョウ
𢈅	カ
𢈆	ギョウ
𢈇	シン
𢈈	オウ:G コウ:K
𢈉	ズ:G トウ:K
𢈊	コウ
𢈋	ケン
𢈌	キ
𢈒	カイ
𢈓	ユウ
𢈗	ヨウ
𢈘	ロク
𢈙	コウ
𢈚	リョ:K ロ:G
𢈛	コン
𢈜	ソウ
𢈝	キュウ:K グ:G
𢈞	ユウ
𢈟	シ
𢈠	ソク ラチ:G ラツ:K
𢈡	スイ
𢈢	ル:G ロウ:K
𢈣	ソウ
𢈤	コウ:K ゴウ:G
𢈥	シン
𢈯	シン
𢈲	ホク:K ボク:G
𢈳	ス:G ソウ:K
𢈴	キョウ:G ケイ:K
𢈵	キョウ:G コウ:K
𢈶	イ シ
𢈷	ヒ
𢈸	ジョウ:K ニョウ:G
𢈹	タイ
𢈺	リン
𢈻	ショウ:K ジョウ:G
𢈼	スイ
𢈽	サン:K ゼン:G
𢈾	シュ:G ソウ:K
𢈿	ワク
𢉀	ロウ
𢉁	ホウ
𢉂	カン
𢉃	シャ
𢉄	キン
𢉅	キン:K ゴン:G
𢉆	テイ
𢉈	ショウ
𢉑	タン
𢉓	ダイ
𢉕	ドウ
𢉖	ロク
𢉗	キョク
𢉘	エン コウ
𢉙	ショ
𢉚	ドウ:K ヌ:G
𢉛	ソウ
𢉜	ズ:G ト:K
𢉝	イ
𢉞	ヘン
𢉟	ビョウ:G ヘイ:K
𢉠	ウ
𢉡	シ
𢉢	ク:G コ:K
𢉣	ホウ
𢉤	カ:K ケ:G
𢉥	アチ:G アツ:K エチ:G エツ:K
𢉦	クン
𢉧	ラン レン
𢉨	ラチ:G ラツ:K
𢉩	イン:K オン:G
𢉪	シ
𢉫	カン
𢉬	エイ
𢉭	タイ デ
𢉴	ウ
𢉵	ドウ
𢉶	フ
𢉺	ショ
𢉿	バ:K メ:G
𢊀	シ
𢊁	ジ:G タイ チ:K デ
𢊂	ショウ
𢊃	エイ
𢊄	キ
𢊅	ズイ:G ツイ:K
𢊆	レキ
𢊇	ワイ
𢊊	アン
𢊎	シツ
𢊐	イ
𢊒	キュウ
𢊓	ラン
𢊕	ス:G ソウ:K
𢊖	シン
𢊗	バク:K マク:G
𢊘	イ
𢊙	ショウ
𢊚	シ
𢊛	サイ:K セ:G
𢊜	ヘイ
𢊝	カイ
𢊧	ギョ
𢊪	コウ
𢊭	チツ
𢊯	イ
𢊰	セン
𢊱	フン:K ブン:G
𢊲	シン
𢊳	シ
𢊴	レン
𢊵	ビ
𢊺	リュウ
𢊻	ロウ
𢋀	シ
𢋁	キュウ
𢋂	ショ
𢋃	タン
𢋄	セン:K ゼン:G
𢋅	ユ:G ユウ:K
𢋆	キン:K コン:G
𢋇	ヨウ
𢋌	キ
𢋑	ブ
𢋒	カク:K ワク:G
𢋓	キン:K ゴン:G
𢋔	カン:K ケン:G コン
𢋚	バ
𢋜	ヘイ ホウ
𢋝	カイ
𢋡	ロ
𢋢	ショウ
𢋣	ウ:G ユウ:K
𢋦	ショク
𢋨	テン:K デン:G
𢋪	コ
𢋭	レイ
𢋮	セン
𢋯	レン
𢋰	ブ
𢋱	サク:K ザク:G
𢋲	フ
𢋹	ブ
𢋻	ギン:K ゴン:G
𢋼	キ
𢋽	カク
𢋾	ショウ:K ゾウ:G
𢋿	サイ
𢌀	セツ
𢌂	カ
𢌃	ギン
𢌄	ク:K グ:G
𢌇	ホウ
𢌈	リ
𢌉	カ
𢌋	ブ
𢌍	ケン
𢌑	ビ
𢌒	レイ
𢌓	カク
𢌔	リョウ:G レイ:K
𢌕	レン
𢌛	ショウ:G セイ:K
𢌝	チン
𢌞	カイ
𢌦	ジョウ:G トウ:K
𢌨	エン
𢌫	テン
𢌬	キュウ
𢌭	トウ
𢌮	ロウ
𢌯	カイ
𢌱	ヨ
𢌳	キ
𢌴	ソン
𢌵	カイ
𢌸	エキ
𢌹	フク
𢌺	サン
𢌻	イク キク コク
𢌼	ショウ
𢌽	ネツ
𢌾	エキ
𢌿	ヒ
𢍁	キ:K ギ:G
𢍂	ビ
𢍃	ホン
𢍄	シ
𢍅	カン
𢍆	カイ ケイ ケツ セチ:G セツ:K
𢍇	キ
𢍈	エン
𢍊	ケン
𢍍	ベン
𢍎	コウ
𢍏	ケン
𢍐	シュウ
𢍑	キ
𢍒	ケン
𢍓	カイ
𢍔	エン
𢍖	イ
𢍗	ゲン
𢍘	ベン
𢍙	ベン
𢍚	イ
𢍛	リ
𢍜	ソン
𢍝	レイ
𢍞	キ
𢍠	ケイ
𢍢	オウ
𢍣	キョク
𢍧	チ
𢍨	フン
𢍫	ケン
𢍬	ゲン
𢍭	シ
𢍮	フ
𢍯	キョウ
𢍰	エキ:K ジャク:G タク:K ヤク:G
𢍱	セン
𢍲	ジュン
𢍳	ソン
𢍶	ハン
𢍷	レキ
𢍸	ケイ
𢍹	セン
𢍺	ヨク
𢍻	ジュウ
𢍼	リツ
𢍽	チュウ
𢍿	ソウ
𢎀	ヨキ ヨク
𢎁	ブ
𢎂	サイ
𢎃	ヨク
𢎄	カ
𢎅	カ
𢎇	サイ
𢎈	シ
𢎉	ヨク
𢎊	シ
𢎋	サイ
𢎌	タイ:K ダイ:G
𢎍	シ
𢎎	ソ
𢎐	ジ
𢎑	タイ
𢎒	ソウ
𢎓	シ
𢎔	ケツ
𢎕	シン
𢎖	キョ
𢎗	ダイ
𢎘	カン:K ゴン:G
𢎙	ケン:K ゲン:G
𢎚	ダン
𢎜	キュウ
𢎝	ダン
𢎟	セツ
𢎠	ケン
𢎡	セツ
𢎢	イン
𢎣	チョウ
𢎤	シャ
𢎥	キュウ
𢎦	シュ
𢎧	ダイ
𢎨	チョウ
𢎪	タン
𢎫	ダン
𢎬	ダン
𢎭	キン:K コン:G
𢎮	テイ
𢎯	イ
𢎰	オ
𢎱	チョウ
𢎴	ヒョウ
𢎵	コ
𢎷	ボウ
𢎸	テイ
𢎹	ケツ
𢎺	ゲン
𢎻	ヨ
𢏁	テイ
𢏂	イン
𢏃	リ
𢏄	キョウ
𢏅	スイ
𢏆	ク:G コ:K
𢏇	ヒツ
𢏉	キュウ
𢏍	フツ
𢏎	シ
𢏒	スイ
𢏓	シン
𢏔	ケン
𢏕	ズ:G トウ:K
𢏖	ゲイ
𢏗	ケイ ゲイ
𢏘	ケイ
𢏙	ヨウ
𢏚	シュウ:K ジュ:G チュウ
𢏜	タ
𢏝	シュウ
𢏞	キョク サツ
𢏟	キョウ
𢏤	シュン
𢏥	カン
𢏦	シン
𢏧	カン:K ケン:G
𢏨	ヘツ
𢏩	ダイ
𢏪	ヘン:K ベン:G
𢏭	リュウ
𢏮	エン
𢏯	コ:K ゴ:G ジ:G チ:K
𢏰	ショウ:G ソウ:K
𢏱	ビ
𢏲	ショウ
𢏳	ヒョウ:G ホウ:K
𢏴	ズイ
𢏵	サン
𢏶	チ
𢏷	キョク:K ゴク:G
𢏸	ゲン
𢏼	ショウ
𢏽	イ
𢏾	ロ
𢐀	ヒツ
𢐁	ゲン
𢐂	シ:K ジ:G チ
𢐃	ヘン
𢐄	エン
𢐅	ジャク
𢐆	ケン
𢐇	ショウ
𢐈	ヒツ
𢐊	ホウ:K ボウ:G
𢐋	シ
𢐌	ソク
𢐎	タン
𢐏	シ
𢐐	ケン
𢐒	ヒョウ:G ホ ホウ:K
𢐓	ショウ
𢐔	ス:G ソウ:K
𢐕	ショウ
𢐖	ヒ
𢐚	カク
𢐝	ヒツ
𢐞	ジョウ:G ソウ:K
𢐟	キョウ
𢐠	ハン
𢐡	ヒツ
𢐤	ヒツ
𢐥	ヨウ
𢐦	ヘイ ベイ
𢐧	ギョウ:G ケイ:K
𢐨	ソウ
𢐫	シュク
𢐬	ヨウ
𢐭	キ
𢐯	ギ
𢐲	イク シュク ハン:K ボン:G
𢐳	ヘチ:G ヘツ:K
𢐴	ホウ
𢐶	ビ ベツ
𢐷	キョウ
𢐸	ロ
𢐹	セン
𢐺	ソウ
𢐻	トン
𢐼	ショ
𢐾	ホツ:K ボチ:G
𢐿	ジョウ:K ニョウ:G
𢑀	ビ
𢑁	ショウ
𢑂	ヨウ
𢑃	ビ
𢑅	テイ
𢑆	カン:K ケン:G コン
𢑇	キュウ:K グ:G
𢑈	ヨウ
𢑉	ヨウ
𢑊	サン
𢑋	シン セン
𢑌	コウ
𢑍	シュク
𢑐	トウ
𢑑	タ
𢑒	コウ
𢑓	カ:K ゲ:G
𢑔	チュウ
𢑕	リク
𢑖	ソウ
𢑗	ロク
𢑘	ビ
𢑙	ビ
𢑚	シン
𢑛	ビ
𢑜	チュウ
𢑝	タン
𢑞	イ
𢑟	ゴ
𢑠	タ
𢑡	シ
𢑢	コチ:G コツ:K
𢑣	テイ
𢑤	イ
𢑦	ショウ
𢑧	シツ
𢑨	シ
𢑩	イ
𢑪	ク
𢑫	シュウ
𢑬	ライ
𢑭	イ
𢑮	ヒ
𢑯	イ
𢑰	タ
𢑱	イ
𢑲	イ
𢑳	チョ
𢑵	ハン
𢑶	ソウ
𢑷	イ
𢑸	ゴウ
𢑹	コ
𢑽	ダ
𢑿	ノウ
𢒀	シン
𢒁	シン
𢒃	シ
𢒄	コウ
𢒆	サン
𢒈	ケイ
𢒉	セン
𢒊	ゲン
𢒍	ヒ
𢒏	ホ
𢒐	サ
𢒑	ショウ
𢒒	フウ
𢒓	チョク
𢒔	チョク トク
𢒕	ショ
𢒖	イク
𢒗	バ
𢒛	ヘン
𢒜	ヒュウ
𢒝	チュウ
𢒞	ラン
𢒟	ヘン
𢒠	バ
𢒡	シツ
𢒣	シュウ
𢒤	コン
𢒥	キュウ
𢒦	ヘン
𢒧	バ
𢒩	シ
𢒪	ヘン
𢒫	ジン
𢒬	エイ
𢒭	ヘン
𢒮	ボク
𢒯	ヒュ ヒュウ
𢒰	イク
𢒱	セイ
𢒲	シ
𢒳	ジュ
𢒴	バ
𢒵	ヒョウ
𢒷	ホウ
𢒸	ショク
𢒹	ヒン
𢒽	キョウ
𢒾	キョウ:K ギョウ:G
𢒿	ハン
𢓀	ヨキ ヨク
𢓂	ト
𢓃	カン:K ガン:G
𢓄	ケイ
𢓅	ジュウ
𢓆	ガン
𢓇	タイ ドウ:K ノウ:G
𢓈	シュン:K ジュン:G
𢓉	ヘン
𢓊	シ
𢓋	ゴウ
𢓎	チ
𢓏	ゼン:K ネン:G
𢓒	ゼン
𢓓	サク
𢓔	ソウ
𢓕	ユウ
𢓖	ヒ
𢓗	シ
𢓙	イン
𢓜	カク:K キャク:G
𢓝	ジョウ:G チョウ:K トウ
𢓞	ショウ
𢓟	シュ:G シュウ:K
𢓠	シン
𢓡	イ テイ
𢓢	カ:K ケ:G
𢓩	ニン
𢓪	シ
𢓫	シン
𢓭	シュン
𢓮	ショウ
𢓯	キョウ:K ゴウ:G
𢓰	タ
𢓱	フ ホウ:K ボウ:G
𢓲	ゴ
𢓳	ヘイ
𢓴	タイ:K テ:G トン
𢓵	シュ:G シュウ:K
𢓶	ツウ
𢓷	ギョ
𢓸	オウ
𢓻	イン
𢓼	コン
𢓽	ケイ
𢓾	ゾク
𢓿	ユウ
𢔀	シン
𢔁	リョウ
𢔂	エン
𢔃	リ
𢔄	トウ
𢔅	ツ:G トウ:K
𢔆	キュウ
𢔇	トウ:K ドウ:G
𢔈	カン:K ゴン:G
𢔉	ケイ
𢔊	ジ:G チ:K
𢔋	シュ:G ショウ:K
𢔌	ヒ
𢔍	イツ
𢔎	オウ
𢔏	コウ
𢔐	ジュン
𢔑	カン:K ケン:G
𢔔	ケキ
𢔘	キャク
𢔚	ホウ
𢔜	シュウ
𢔟	ジュウ ニュ
𢔠	シャク:G セキ:K
𢔡	カイ:K ケ:G
𢔢	ユ
𢔣	ソウ:K ゾウ:G
𢔤	チョウ:G トウ:K
𢔥	ウチ:G ウツ:K
𢔦	テイ
𢔧	ビョウ:G ヘイ:K
𢔨	トク
𢔩	シュ:G ショウ:K
𢔪	ショ
𢔬	ギョ ジュツ
𢔭	テイ
𢔱	ガク キャク
𢔳	ソウ
𢔴	ギョ:K ゴ:G
𢔵	コウ
𢔶	トク
𢔷	キョウ:K ゴウ:G
𢔸	レキ
𢔹	キョウ
𢕃	シュウ
𢕅	シュツ
𢕇	ショウ
𢕍	リュウ:K ル:G
𢕎	ショウ
𢕏	ヒツ
𢕐	セン
𢕑	シュチ:G シュツ:K
𢕒	フク
𢕓	シュ:K ス:G
𢕔	ショウ
𢕕	サン
𢕗	キ
𢕘	サイ:K セ:G
𢕙	ボウ
𢕚	チキ:G チョク:K
𢕛	フク
𢕜	ギョ
𢕝	ホウ
𢕞	チ
𢕟	ゴウ
𢕦	シュウ
𢕧	ビ
𢕨	ヘン
𢕫	カン
𢕬	シュウ ソウ
𢕭	カン
𢕯	テン:K デン:G
𢕰	ジュン
𢕱	エン
𢕶	フク
𢕷	ダ
𢕹	テツ
𢕺	カイ:K ケ:G
𢕻	セン:K ゼン:G
𢕼	カン
𢕾	ヒ
𢖃	ボク
𢖄	キ
𢖅	ギ
𢖈	ジョウ:G チョウ:K
𢖉	テツ
𢖊	ビョウ:G ヘイ:K
𢖋	カン
𢖍	オウ:G ギョウ コウ:K
𢖎	セン
𢖏	ショク:K ゾク:G
𢖐	ヒョウ
𢖑	サン:K ザン:G
𢖒	ウ:G ユウ:K
𢖗	ショウ:K ジュ:G
𢖘	ケン
𢖙	レキ
𢖜	ショウ
𢖝	セン
𢖞	サン:K ザン:G
𢖟	ユ:G ユウ:K
𢖡	ギョ
𢖢	ノウ
𢖣	ヒョウ
𢖤	タイ:K ダイ:G
𢖥	ビ
𢖦	カク:K キャク:G
𢖧	ドウ:K ノウ:G
𢖩	テン
𢖪	エイ
𢖫	ガイ:K ギ ゲ:G ジン:K トウ ニン:G
𢖬	ヒ:K ビ:G
𢖭	エン
𢖲	タク
𢖳	ク
𢖴	キツ:K ギツ コチ:G ゴチ
𢖵	ジョ:K ニョ:G
𢖶	キョウ
𢖷	ク:G コウ:K
𢖸	キュウ:K ク:G
𢖹	ショウ
𢖺	ヨキ ヨク
𢖻	アイ
𢖿	シ
𢗀	シン
𢗁	ネン
𢗂	キ
𢗃	ク
𢗄	カ
𢗇	シャク
𢗈	ショウ
𢗉	ドツ ナチ
𢗊	カイ カツ:K ケチ:G
𢗋	ギョウ:G ケイ:K シュン:K ジュン:G
𢗌	ハ
𢗍	シ
𢗎	エキ:K ヤク:G
𢗏	キ
𢗐	シン
𢗑	シン
𢗒	ホウ:K ボウ:G
𢗓	ヨ
𢗔	ベン
𢗕	コウ
𢗖	ジン
𢗗	セツ
𢗘	コツ
𢗫	フ
𢗬	カ
𢗭	シャ
𢗮	キョウ
𢗯	ゲン
𢗰	ハン
𢗱	シ
𢗲	フ
𢗴	ケイ
𢗹	キ:K ギ:G
𢗺	ショウ
𢗿	バツ:K マチ:G
𢘀	ハイ
𢘁	セン
𢘂	ド
𢘃	ブ:K ボ:K ム:G モ:G
𢘄	シュウ:K ジュ:G
𢘅	シュウ:K ジュ:G ボウ
𢘆	コウ
𢘇	ダツ
𢘈	エン
𢘉	コウ:K ゴウ:G
𢘊	シン チン
𢘋	タイ トク
𢘌	オウ:G コウ:K
𢘍	ヒ ヒツ フツ
𢘎	ゼン:K ネン:G
𢘏	エ:G ワイ:K
𢘐	トウ
𢘑	シン
𢘒	ヂ
𢘓	ボウ
𢘔	エン
𢘕	ボウ
𢘖	エン
𢘟	ギョウ
𢘠	キョウ
𢘢	テイ
𢘣	ショク:K ソク:G ハ
𢘦	カイ
𢘨	ハイ
𢘪	カイ
𢘴	ロン
𢘵	ロン
𢘶	トツ
𢘷	チュウ
𢘸	コウ
𢘹	サツ:K セチ:G
𢘺	ビ:K ベイ ミ:G メイ
𢘻	シツ
𢘼	サン:K セン:G
𢘽	エイ テイ
𢘿	サ
𢙀	サク
𢙁	ウ:G オ:K
𢙂	ケン
𢙃	コン
𢙄	キョウ
𢙅	キュウ:K コウ:G
𢙆	ソク
𢙇	イ
𢙈	シン
𢙉	ノウ
𢙊	シ
𢙌	キョウ
𢙍	シツ
𢙎	ケイ
𢙖	テン
𢙢	キョウ
𢙮	カン
𢙰	ゲン
𢙱	ル:G ロウ:K
𢙲	リョ:K ロ:G
𢙳	ショウ:G ソウ:K
𢙴	アイ
𢙵	リン
𢙶	カン
𢙷	キョウ
𢙸	アイ
𢙹	テキ
𢙺	シ
𢙻	シュク
𢙼	ギョウ:G ケイ:K コウ
𢙽	カイ
𢙾	キョウ:G コウ:K
𢙿	キン:K ゴン:G
𢚀	セン
𢚁	キ:K ギ:G
𢚂	サ
𢚃	レツ
𢚅	フン
𢚆	ショ
𢚇	キョウ
𢚈	キョウ
𢚉	コン
𢚊	シツ
𢚋	ビョウ:K ミョウ:G
𢚌	カ:K ゲ:G
𢚍	セキ
𢚎	ヨ
𢚏	ジョウ
𢚐	ユウ
𢚑	ソ
𢚦	ハイ:K バイ:G ヒ フチ フツ ホツ:K ボチ:G
𢚨	シ
𢚪	コ
𢚫	コウ
𢚭	ソウ
𢚮	ジョク
𢚯	キョウ
𢚰	ノウ
𢚺	トン
𢚻	チョ
𢛁	タツ
𢛂	トウ
𢛃	キュウ:K グ:G
𢛄	ガイ:K ゲ:G
𢛅	コ
𢛆	ケン:K ゲン:G
𢛇	シュウ
𢛈	セン
𢛉	ズイ ニ
𢛊	ズイ
𢛋	エン
𢛌	ソウ
𢛍	チ
𢛎	ヘツ:K ベチ:G
𢛐	チョウ
𢛑	コウ
𢛒	シュ:G ショウ:K
𢛓	ラン レン ロン
𢛔	ツ:G トウ:K
𢛕	キン クン:K グン:G
𢛖	コウ
𢛗	ケン
𢛘	ギョウ:G コウ:K
𢛚	ジョク
𢛛	ホウ
𢛜	デイ:K ナイ:G
𢛞	ハイ:K ヘ:G
𢛟	ア
𢛠	キャク
𢛡	ボウ
𢛢	コウ
𢛣	メツ
𢛤	ゴ
𢛥	シ
𢛦	イン:K オン:G
𢛧	イ
𢛨	オ:G ヨ:K
𢛩	モン
𢛪	エン
𢛫	アク
𢛬	ミツ
𢛭	アイ
𢛮	リ
𢛳	トク
𢜎	ケイ
𢜖	トク
𢜗	ホウ:K ボウ:G
𢜚	ケン
𢜣	シャク:G セキ:K
𢜤	アイ エ
𢜥	キュウ:K ク:G
𢜨	セチ:G セツ:K チョウ
𢜩	カン:K ケン:G タン
𢜪	ジャ ジャク ダク ナク
𢜫	ショウ:G セイ:K
𢜬	タク:K ダク:G
𢜭	ガク キャク:G ギャク ケキ:K
𢜮	ブ ボ:K ボウ:K ム:G モ:G
𢜯	ボ ボウ
𢜰	エン
𢜱	シュウ
𢜲	ダ
𢜳	セイ フ:G フウ:K
𢜴	コウ ゴ
𢜵	コウ
𢜶	ソウ
𢜷	デキ ニャク
𢜸	ドウ:K ノウ:G
𢜹	カチ:G カツ:K
𢜺	アイ
𢜻	ショウ
𢜼	チョウ
𢜽	キ:K ギ:G
𢜾	カイ
𢜿	カ:K ケ:G
𢝀	トツ:K ドチ:G
𢝁	コウ
𢝂	トク:K ドク:G
𢝄	カ
𢝅	カ:K ゲ:G
𢝆	ジュ チョウ
𢝇	カク
𢝈	ジュ チュウ
𢝉	トウ
𢝊	ウ:G ユウ:K
𢝋	リョウ
𢝌	ボウ:K モウ:G
𢝍	オウ:K ヨウ:G
𢝎	キョウ
𢝏	アク
𢝐	ケン
𢝑	ケイ
𢝒	ショ
𢝓	ケン
𢝔	ソク
𢝕	シツ
𢝗	ショウ:G セイ:K
𢝬	シ
𢝭	キョウ
𢝮	ケン
𢝯	ギン
𢝲	シュウ
𢝳	コ
𢝴	オ
𢝸	カ
𢝼	ギョウ:G ケイ:K
𢝽	ボウ
𢞇	ジャ ネ
𢞉	キ
𢞊	キョク
𢞋	トン
𢞎	ハイ
𢞏	ウ:G キュウ:K ク:G ユウ:K
𢞐	カイ:K ガイ:G
𢞑	ダ
𢞒	キャク:G ケキ:K チャク:G テキ:K
𢞓	リュウ
𢞔	デキ
𢞕	カク
𢞖	タイ:G テイ:K
𢞗	ヒ
𢞘	ユウ
𢞙	ダ:K ドウ ナ:G
𢞚	キャウ コウ
𢞛	ケイ シュン
𢞜	セチ:G セツ:K
𢞝	サイ
𢞞	ベイ メイ
𢞟	コウ
𢞠	トウ
𢞡	コウ
𢞢	ケイ
𢞣	シュク
𢞤	デキ
𢞥	ラン
𢞦	フ:K ブ:G
𢞧	シュン
𢞨	ケイ
𢞩	ケン
𢞪	キョウ
𢞫	テキ
𢞬	セン
𢞭	リュウ:K ル:G
𢞮	サク:K シャク:G
𢞯	ケイ
𢞰	ビン
𢞱	シ:K シツ ジ:G ジツ
𢞳	キョク
𢞶	カイ
𢟃	キョウ
𢟄	ジク
𢟅	ユウ
𢟊	チョウ
𢟋	タイ
𢟜	ユウ
𢟝	イン
𢟠	フン
𢟡	ハイ
𢟢	リ
𢟣	ヨウ
𢟤	リ
𢟦	コン
𢟧	ロ
𢟨	ボ:K モ:G
𢟩	セ:G セイ:K
𢟪	アイ キ:K ケ:G
𢟫	ベイ
𢟬	イ
𢟭	ク:G コウ:K
𢟮	バン ボン
𢟯	セ:G セイ:K ゼツ ネチ
𢟰	ガイ
𢟱	トウ:K ドウ:G
𢟲	ジョク:K ニク:G
𢟳	リチ:G リツ:K
𢟴	タイ デ
𢟵	ヘイ
𢟶	キョ
𢟷	ハン
𢟸	カク
𢟹	ジョク
𢟺	リョウ
𢟻	タン
𢟼	ボウ
𢟽	ボ
𢟾	キ
𢟿	カン
𢠀	トク
𢠛	カク
𢠜	ボツ
𢠝	シン
𢠞	ケイ
𢠟	カイ
𢠡	ソウ
𢠫	ショ タク
𢠬	カク
𢠭	ハ
𢠮	タイ:K テ:G
𢠱	ダン:K ナン:G
𢠲	フ:G フウ:K
𢠳	ヘツ
𢠴	レン
𢠵	ショウ
𢠶	カン
𢠷	コウ
𢠸	タン:K ダン:G ナン
𢠹	サイ:G シ セイ:K
𢠺	ハツ:K バチ:G
𢠻	タイ
𢠼	バイ:K メ:G
𢠽	トウ:K ドウ:G
𢠾	ケイ
𢠿	キ
𢡀	コク
𢡁	キュウ:K コウ:G
𢡂	トウ:K ドウ:G
𢡃	イキ:G オク ヨク:K
𢡄	サン
𢡅	ヘイ
𢡆	コン
𢡇	ク:G コ:K
𢡈	セ:G セイ:K
𢡉	シュウ
𢡊	ケン
𢡋	コウ
𢡎	グ
𢡏	ダ
𢡐	ザイ:G セイ:K
𢡑	リキ リョク
𢡒	セイ
𢡓	トウ
𢡔	ク
𢡕	テキ
𢡖	サン
𢡗	ボウ
𢡘	ケイ
𢡙	カン
𢡚	サン:K セン:G
𢡛	マン
𢡢	ダ
𢡤	カク:K キャク:G
𢡰	ショウ
𢡳	シュン
𢡴	キ
𢡵	ゼン
𢡸	ビョウ
𢡹	ショウ
𢡻	ビン:K ミン:G
𢡽	セキ
𢡾	ビョウ
𢡿	カン
𢢂	ケツ
𢢌	チョウ
𢢍	セツ
𢢒	ソチ:G ソツ:K
𢢓	ユ:G ヨウ:K
𢢔	マン
𢢕	シュウ
𢢖	ケイ
𢢗	タク:K ダク:G
𢢘	トウ:K ドウ:G
𢢙	リツ
𢢚	カイ
𢢛	ロ
𢢜	ギョウ:G ゴウ:K
𢢝	スイ
𢢞	カイ:K キ キャク:G ケ:G ケイ ケキ:K
𢢟	ダク
𢢠	ダ
𢢡	ゴウ
𢢢	カク
𢢣	カイ
𢢤	ジョウ:K ニョウ:G
𢢥	ソク
𢢦	ヒ
𢢧	シュウ
𢢱	シュク
𢢹	キュウ
𢣉	イ:K エ:G
𢣊	シュ:G シュウ:K
𢣍	ハイ
𢣎	タン
𢣏	アイ
𢣐	ヒン
𢣑	ヘン
𢣒	コン:K ゴン:G
𢣓	レツ
𢣔	ベン:K メン:G
𢣕	ガイ チ
𢣖	ダ
𢣘	イ
𢣙	エイ:K ヨウ:G
𢣚	デイ:K ナイ:G
𢣛	ドウ
𢣜	レン
𢣝	タ:K ダ:G
𢣞	ホク
𢣟	ヨ
𢣠	リュウ:K ル:G
𢣡	ボク
𢣢	キョウ
𢣳	スイ
𢣶	レン
𢣻	リョ
𢣼	サツ:K セチ:G テイ
𢣾	マ
𢣿	チョ
𢤀	コウ
𢤂	ライ:G リ レイ:K
𢤃	トク
𢤄	ソウ
𢤅	セイ
𢤆	ラチ:G ラツ:K レイ
𢤇	デイ:K ナイ:G
𢤈	トン
𢤉	ジュ チュウ
𢤊	トク
𢤋	キョク:K コク:G
𢤌	カツ
𢤍	エン
𢤎	サチ:G サツ:K
𢤏	イ
𢤐	リュウ:K ル:G
𢤑	ソク
𢤒	カン
𢤓	ゴ
𢤘	ボウ:K ミョウ:G
𢤙	ケイ
𢤚	セン
𢤤	ジョウ:G トウ:K
𢤦	ツ:G トウ:K
𢤧	バク:K マク:G
𢤨	エイ
𢤩	リャク:G レキ:K
𢤪	スイ
𢤫	キョ:K コ:G
𢤬	フン
𢤭	リン
𢤮	ケイ
𢤯	カイ:K ガイ:G
𢤰	カイ:K ガイ:G
𢤱	ル:G ロウ:K
𢤲	ル:G ロウ:K
𢤳	カイ
𢤴	ベン
𢤵	キ
𢤶	カク
𢥀	ユウ
𢥁	ケイ
𢥃	ジュ
𢥌	セン
𢥍	リュウ
𢥎	ザイ:G セイ:K
𢥏	エイ:K ヨウ:G
𢥐	ヒ:K ビ:G
𢥑	ハク:K バク:G
𢥒	ロウ
𢥓	ツイ
𢥗	リ
𢥘	エ:G キ ケイ:K
𢥚	ショウ
𢥛	ソク
𢥜	ソク
𢥝	ドウ
𢥞	チュウ
𢥟	バク
𢥠	シュ ショウ:G ソウ:K
𢥡	ヒョウ
𢥥	ショウ
𢥦	タイ
𢥧	ガン
𢥨	トウ
𢥩	ヒ
𢥯	ドウ
𢥰	ジュ チュウ
𢥱	ソウ
𢥲	タイ
𢥳	カ
𢥻	ハ
𢥼	ソウ
𢥽	トン
𢦅	ク:G コウ:K トウ
𢦈	ベン:K メン:G
𢦉	クウ
𢦊	キン
𢦌	キョ
𢦍	ト
𢦎	キュウ:K グ:G
𢦏	サイ
𢦐	ガ
𢦑	ショウ
𢦒	サイ
𢦓	ガ
𢦕	イ
𢦖	ガ
𢦘	サン
𢦙	ワク
𢦚	カ:K ゲ:G
𢦛	カク:K キャク:G
𢦜	セン
𢦞	セン
𢦟	カン:K コン:G
𢦠	ガ
𢦡	カン
𢦢	テイ
𢦣	エイ
𢦦	ジュウ
𢦧	ボウ
𢦨	ユウ
𢦩	セイ
𢦫	セキ
𢦬	カイ
𢦰	エツ
𢦱	チ
𢦲	シ
𢦳	シ
𢦴	ガ
𢦶	カイ
𢦷	ゴウ
𢦸	サン:K ザン:G
𢦹	メツ
𢦺	セン
𢦻	カ
𢦼	メツ
𢦽	ショウ ソク
𢦾	コク
𢦿	ジョウ ニュ
𢧀	カン:K ガン:G
𢧁	サイ
𢧅	ショウ
𢧆	カン
𢧇	シュク
𢧈	タク
𢧉	サク
𢧊	ケイ
𢧋	シュン
𢧌	コク
𢧏	セキ
𢧑	タイ:G テイ:K
𢧔	シュン
𢧕	ハツ:K ボチ:G
𢧖	タツ テチ
𢧗	セン
𢧘	カ
𢧜	テツ
𢧝	フン
𢧞	ベツ
𢧟	ボウ
𢧠	サク:K シャク:G
𢧡	サイ
𢧢	ゲキ
𢧤	チツ
𢧥	ケン
𢧦	ケン:K ゲン:G
𢧧	コク
𢧨	シュン
𢧬	シュン
𢧮	ザン
𢧰	コク
𢧱	キョウ
𢧳	ユ:G ヨウ:K
𢧴	ゴウ
𢧵	セツ
𢧶	コ
𢧷	カク
𢧸	シュン
𢧹	ワイ
𢧺	サン
𢧼	ワイ
𢧽	ギ
𢧾	シ
𢧿	ゾウ
𢨁	キョ
𢨂	ブ
𢨇	タイ
𢨈	サク
𢨉	ゾウ
𢨊	イキ
𢨋	ホツ
𢨌	キツ
𢨍	ショウ
𢨎	シュン
𢨏	カク
𢨐	シュウ
𢨑	ゾウ
𢨒	ショク
𢨓	シ
𢨔	バン:K マン:G
𢨖	ベツ
𢨗	ゾク
𢨙	シ
𢨚	タイ
𢨛	キ
𢨜	セツ
𢨝	シ
𢨞	シ
𢨟	キ
𢨡	ガ
𢨣	シュン
𢨥	コ
𢨦	コ
𢨧	ハク
𢨨	レイ
𢨩	ヤク
𢨪	シ
𢨮	イ
𢨯	ボウ:K ミョウ:G
𢨰	キョ
𢨱	シュウ
𢨲	ボウ
𢨳	ヨク
𢨴	イ
𢨷	ショ
𢨸	チュ
𢨹	イ
𢨺	キャク
𢨾	レイ
𢨿	ケン
𢩀	ケン
𢩁	キョク
𢩂	レイ
𢩄	チョ
𢩅	コウ
𢩆	カン:K ゲン:G
𢩈	ウ:G オ:K
𢩋	コウ:K ゴウ:G
𢩍	コ
𢩏	コウ
𢩑	ライ:G レイ:K
𢩒	ヒ
𢩕	キョ
𢩖	ソウ
𢩗	レイ
𢩘	コウ
𢩙	レイ
𢩚	シ
𢩝	レイ
𢩞	ハク
𢩟	ヘン
𢩠	サン
𢩡	キ
𢩢	タン:K ダン:G
𢩥	シツ
𢩦	キャク:G ケキ:K
𢩨	キュウ ク:G コウ:K
𢩫	シン
𢩬	カツ:K ケチ:G
𢩭	ソン
𢩰	ショウ
𢩱	ホウ
𢩲	シン
𢩷	タク トン
𢩸	カイ
𢩹	カ
𢩺	ボウ
𢩻	タ
𢩼	イ
𢪂	カイ
𢪃	セチ:G セツ:K ソチ:G ソツ:K
𢪄	ソツ
𢪇	ショウ:G ソウ:K
𢪈	ゼン:K タン:K ダン:G ナン ネン:G
𢪉	イン
𢪊	ハク
𢪋	ブ:G ホウ:K ボウ
𢪍	シチ:G シツ:K セチ:G セツ:K ソウ
𢪎	カ:K ケ:G タ:K ダ:G
𢪏	ガチ ケツ コチ:G コツ:K ゴチ
𢪐	ショウ
𢪑	キ
𢪒	キョウ:K ク:G
𢪓	ヨ
𢪔	テイ
𢪕	キ:K ギ:G
𢪖	ブン
𢪗	ハク
𢪥	ユウ
𢪦	ド
𢪧	エイ
𢪴	ヘン
𢪵	ショ
𢪷	ショウ:G ソウ:K
𢪸	ワン
𢪺	ハツ
𢪻	ショウ
𢪼	ドウ
𢪽	ショウ
𢪾	チョウ
𢪿	コ
𢫀	ケン
𢫂	ハツ
𢫐	セツ
𢫑	ジョウ
𢫢	カツ:K ケチ:G
𢫥	セン
𢫦	ハク
𢫧	シュ:G シュウ:K
𢫨	ジュウ ジョウ:K ニュ ニョウ:G
𢫩	コウ
𢫫	ロチ ロツ
𢫬	サチ サツ:K セチ:G
𢫭	ジク:K ニク:G
𢫮	コウ
𢫯	ホク:K ボク:G
𢫰	タク
𢫲	キン:K コン:G
𢫴	シ
𢫵	ソク
𢫶	ハイ
𢫷	ガ ダ:K ナ:G
𢫸	ゴ
𢫹	トウ
𢫺	ソウ
𢫻	ジョウ:K ニョウ:G
𢫼	ソウ
𢫽	ヨク
𢫾	シ
𢫿	セン
𢬀	コウ
𢬃	ヨク
𢬆	シュウ
𢬞	シュウ
𢬪	ソツ
𢬫	チョウ:G テイ:K
𢬬	キン
𢬱	キョウ
𢬲	カ
𢬳	トク
𢬴	ジョウ:G チョウ:K ニョウ
𢬵	ハン:K ヘン ホン:G
𢬶	シン
𢬷	ダン:K ナン:G
𢬸	カツ
𢬹	チョウ
𢬻	ドウ
𢬼	トン:K ドン:G
𢬽	ハイ
𢬾	ホ
𢬿	カイ:K ガイ:G
𢭀	セン
𢭁	ケイ
𢭂	ロウ
𢭃	ズ:G タン トウ:K
𢭄	キ
𢭅	ソウ
𢭆	シュク チュ チュウ
𢭇	ソウ
𢭈	コウ
𢭉	ソウ
𢭊	ヨウ
𢭋	ケツ
𢭌	ヨウ
𢭍	ズイ
𢭎	コウ:K ゴウ:G
𢭏	トウ
𢭐	ロウ
𢭒	サツ
𢭓	サツ
𢭤	キョウ
𢭥	ヘン
𢭦	カク
𢭧	シン
𢮁	オ:G ヨ:K
𢮂	ケン:K ゲン:G
𢮃	リ
𢮄	カン
𢮅	ヒ
𢮆	ハイ
𢮇	バイ:K マイ:G
𢮈	フン
𢮉	ショウ
𢮊	アツ:K エチ:G
𢮋	ショウ
𢮌	カツ:K ケチ:G
𢮍	キュウ:K ク:G
𢮎	カク
𢮏	ホウ:K ボウ:G
𢮐	チョウ:G トウ:K
𢮑	ロク
𢮒	タイ
𢮓	セイ
𢮔	ホウ:K ボウ:G
𢮕	セツ
𢮖	コン
𢮗	ワン
𢮘	ワン
𢮙	ケン
𢮚	シ:K ジ:G
𢮜	キ
𢮝	ダ:K ナ:G
𢮞	ソウ
𢮟	カツ
𢮠	ハイ
𢮡	アチ:G アツ:K
𢮢	シュウ
𢮣	ラン
𢮤	ハ
𢮦	ケン
𢮧	ヒ
𢮨	セン:K ゼン:G タン:K ダン:G
𢮮	ヨク
𢯅	クツ リク
𢯇	ショ ユウ
𢯉	ケイ
𢯩	シキ:G ショク:K
𢯪	タク
𢯫	タン
𢯬	コウ
𢯭	トウ
𢯮	ウチ:G ウツ:K
𢯯	チ
𢯰	リチ:G リツ:K
𢯱	シュウ ソウ
𢯲	ワン
𢯳	セチ:G セツ:K ゼチ
𢯴	キョウ:G コウ:K
𢯵	エチ:G エツ:K カツ
𢯶	チチ:G チツ:K
𢯷	イ キ
𢯸	ハチ:G ハツ:K
𢯹	カク:K カツ:K キャク:G ケチ:G
𢯺	ク
𢯻	エン
𢯼	イン エン
𢯽	サ
𢯾	ボウ:K モウ:G
𢯿	ホウ
𢰀	ジョウ
𢰁	タン
𢰂	タイ:G テイ:K
𢰃	オウ
𢰄	キ
𢰅	セン
𢰆	フ:K ブ:G
𢰇	アイ
𢰈	リョ
𢰉	エン
𢰊	セン
𢰋	タン:K ダン:G
𢰍	アン
𢰎	コウ
𢰔	ソウ
𢰕	セン
𢰖	ロウ
𢰗	チツ
𢰙	チ
𢰚	スイ
𢰛	ハイ
𢰜	ダ:K ナ:G
𢰤	イ カ キ
𢰨	コウ
𢰿	ハン
𢱀	シュウ
𢱁	カク ユウ
𢱂	アツ
𢱅	ショウ
𢱆	シ
𢱇	オウ:K ヨウ:G
𢱟	テン
𢱠	ショウ
𢱡	サ
𢱢	サク:K シャク:G
𢱣	シャク:G セキ:K
𢱤	ス:G ソウ:K
𢱥	ソウ
𢱦	テキ
𢱧	ヒ
𢱨	ハ:K バ:G
𢱩	シュク
𢱫	コウ
𢱬	キク コク
𢱮	ビツ:K ミチ:G
𢱯	ラン
𢱰	ベン
𢱱	セン
𢱲	ヨ
𢱳	キ
𢱴	カツ
𢱵	ホウ
𢱶	シン
𢱷	シン
𢱹	ホウ
𢱻	シュウ
𢱼	ユウ
𢱿	フ
𢲀	エン:K オン:G
𢲕	キ
𢲖	ザ
𢲘	タン
𢲰	ヒョウ
𢲳	ネン
𢲴	イ
𢲵	ソウ:K ゾウ:G
𢲶	シャ
𢲷	オウ
𢲸	ロ
𢲹	チ
𢲺	ジョウ
𢲻	サツ
𢲼	チチ:G チツ:K テチ:G テツ:K デチ
𢲽	チ
𢲾	ヘイ
𢳀	マ
𢳁	ハイ:K ベ:G
𢳂	ヘチ:G ヘツ:K
𢳃	イン
𢳄	セン:K ゼン:G
𢳅	セイ
𢳆	ゴウ
𢳇	サク:K ザク:G ソク
𢳈	ソク:K ゾク:G
𢳉	ク
𢳊	ゲイ
𢳋	ヒ
𢳍	セン
𢳎	ハイ:K ヘ:G
𢳏	チュウ
𢳐	セイ
𢳑	ロウ
𢳒	ベツ
𢳓	タイ:G テイ:K
𢳔	シュク
𢳕	セキ
𢳖	ト
𢳘	ヨウ
𢳙	ジョウ:G チョウ:K
𢳚	ケン:K コン:G
𢳽	タツ
𢳾	ドウ
𢴀	シュク
𢴠	ジ:G チ:K
𢴡	ケン
𢴢	フン:K ブン:G
𢴣	ソウ
𢴤	トウ
𢴥	ケイ
𢴦	コウ
𢴧	ジ:K チ ヂ ニ:G
𢴨	シ チ テキ
𢴩	ヒチ:G ヒツ:K
𢴪	カン
𢴫	リョウ
𢴬	バン ヘン
𢴭	ゼツ
𢴮	キョ:K コ:G
𢴰	キ:K ケ:G
𢴱	ラ ルイ
𢴲	ケツ:K ゲチ:G
𢴳	トウ
𢴴	レツ
𢴵	エン
𢴶	ジョウ
𢴷	シ
𢴸	ゲツ
𢴹	スイ
𢴺	ケツ
𢴻	サツ
𢴼	シュ:G シュウ:K
𢴽	ハイ
𢴾	ハイ:K ベ:G
𢴿	チョウ
𢵀	シュン
𢵁	ヒョウ
𢵃	ソウ
𢵄	ソ
𢵈	ケン セン:K ゼン:G
𢵍	タク
𢵎	ヨウ
𢵏	セン
𢵧	カン ケン:K ゲン:G
𢵿	キョウ
𢶀	サイ:K セ:G ゼ
𢶁	タン
𢶂	ウツ
𢶃	ハン:K ボン:G
𢶅	セツ:K ゼチ:G
𢶆	ケツ
𢶈	トウ
𢶉	ハク:K ヒャク:G
𢶊	ケン
𢶋	テチ:G テツ:K
𢶌	サ:K シャ:G
𢶍	ソウ
𢶎	カ
𢶏	ヒョウ
𢶐	キ
𢶑	ジョウ
𢶒	カイ:K ケ:G
𢶓	サイ:K セ:G
𢶔	バン
𢶕	セン
𢶖	ユ:G ユウ:K
𢶗	ゴウ
𢶘	カイ
𢶙	キ
𢶚	ヒョウ
𢶛	ソン
𢶜	ヨウ
𢶝	ショウ
𢶡	キョウ
𢶦	タン:K トン:G
𢶴	ジ
𢶵	クツ
𢷇	ソウ
𢷈	クツ コチ:G コツ:K
𢷋	ヒョウ
𢷌	タク
𢷍	イン:K オン:G
𢷎	ハイ
𢷏	ハク:K ホク:G
𢷐	チ
𢷑	ケン
𢷒	ケツ:K ゲチ:G ゴチ
𢷓	カク
𢷔	イ
𢷕	バク:K マク:G
𢷖	タン
𢷗	シュウ:K ジュ:G
𢷘	ケン
𢷙	コウ
𢷚	リュウ
𢷛	キョ
𢷜	ショウ
𢷝	ソウ
𢷢	ショウ
𢷤	ヒン
𢷥	フン
𢷭	ジョウ
𢷶	リュウ:K ル:G
𢷷	チャク
𢷸	チ
𢷹	テン:K デン:G
𢷺	トク:K ドク:G
𢷻	エン
𢷼	サ
𢷽	カイ
𢷾	サク
𢷿	シチ:G シツ:K
𢸀	ライ:G レイ:K
𢸁	キョウ
𢸂	ヒョウ
𢸃	カン
𢸄	セン
𢸅	ハン
𢸆	サツ
𢸇	ハイ
𢸈	テキ
𢸉	サ
𢸣	ジョウ:K ニョウ:G
𢸤	キ
𢸥	サン
𢸦	イ
𢸧	セン:K ゼン:G
𢸨	タク
𢸩	シン
𢸪	ソウ
𢸫	ソ
𢸬	カイ
𢸭	ル:G ロウ:K
𢸮	ブ
𢸯	セン
𢸰	シン
𢸱	セン
𢸳	ショウ
𢸴	エン
𢹍	キ
𢹎	ジョウ
𢹏	ヨ
𢹐	ハク
𢹑	チョウ:G トウ:K
𢹒	ショウ
𢹓	サ
𢹔	フン
𢹕	ケン
𢹖	キャク コウ
𢹗	タツ
𢹘	キョウ:G ケイ:K
𢹙	ラン
𢹚	セン
𢹬	ヨウ
𢹭	ヨウ
𢹮	ルイ
𢹯	ハク
𢹰	ヒョウ
𢹱	ショウ
𢹲	クン
𢹳	ギョウ:G コウ:K
𢹴	タン
𢹵	サツ
𢺂	タツ
𢺃	ケン
𢺄	カン:K コン:G
𢺅	ショウ
𢺆	ラ
𢺈	ラン
𢺉	タチ:G タツ:K
𢺊	ジョウ
𢺋	タン
𢺌	ブ
𢺑	ラ
𢺕	ジョウ:K ドウ:K ニョウ:G ノウ:G
𢺖	ジョウ
𢺞	ハ
𢺟	サン:K セン:G
𢺠	ヨウ
𢺡	ショク:K ゾク:G
𢺢	ライ
𢺦	ケン
𢺫	チョウ
𢺬	タン
𢺰	リョウ:G レイ:K
𢺱	サン
𢺴	ウチ:G ウツ:K
𢺵	キ
𢺶	シ
𢺷	キ
𢺼	キ
𢺿	シ
𢻀	フ
𢻂	キ
𢻃	シ:K ジ:G
𢻄	コ
𢻅	テン
𢻇	コウ
𢻈	シ
𢻉	カイ
𢻋	キ
𢻌	シ
𢻍	キョウ
𢻏	キ
𢻓	トウ
𢻔	カイ:K ケ:G
𢻗	キ
𢻘	ショク
𢻙	チ
𢻚	キ:K ギ:G
𢻛	ロ
𢻜	カイ
𢻝	ヘン
𢻞	サン
𢻟	キョウ
𢻠	リ
𢻤	キョウ
𢻦	サン
𢻧	トク
𢻩	シ
𢻪	キ
𢻫	シ
𢻬	フ ブ:K ム:G
𢻭	ハク
𢻮	セチ:G セツ:K
𢻯	ガク
𢻲	フ
𢻳	フ
𢻴	トン
𢻵	ハイ
𢻶	ヘン
𢻷	ハ
𢻸	キン
𢻹	ヒ
𢻻	ケイ
𢻼	タン:K トン:G
𢻽	テイ
𢻾	サン
𢻿	トウ
𢼀	キ
𢼁	コツ
𢼃	コウ
𢼄	キュウ
𢼅	キョウ
𢼉	シ
𢼊	シ
𢼋	セイ
𢼌	ホウ:K ボウ:G
𢼍	セツ
𢼎	サク
𢼏	イ
𢼐	カ
𢼑	コウ
𢼖	ビン
𢼘	シ
𢼙	ロウ
𢼛	カク:K キャク:G ラク
𢼜	シャ
𢼝	ヨウ
𢼞	サツ
𢼟	オウ
𢼠	タツ
𢼡	サツ
𢼢	サツ
𢼣	カチ:G カツ:K
𢼤	カツ:K キ ゲチ:G
𢼥	ヒツ
𢼦	ク:G コウ:K
𢼧	シン
𢼨	キ
𢼩	ヒョウ:G ホウ:K
𢼪	トン
𢼬	キョウ:G コウ:K
𢼯	サツ
𢼰	キョク
𢼱	ジ
𢼵	サツ
𢼶	ハン:K ヘン:G
𢼷	キ ハイ
𢼹	フ:G ホ:K
𢼺	セツ:K ゼチ:G
𢼻	タ
𢼼	ショウ:G ソウ:K
𢼽	カク:K キャク:G ギョウ:G コウ:K
𢼾	カイ:K ケ:G
𢼿	カン
𢽀	シャ
𢽁	ヨウ
𢽂	ロウ
𢽃	チ
𢽄	ジョウ:G テイ:K
𢽅	サツ
𢽆	サツ
𢽇	トウ:K ドウ:G
𢽉	コウ
𢽕	ヨウ
𢽗	シ
𢽘	サツ
𢽚	タク チョク トク
𢽛	ヘイ
𢽜	サツ ザチ
𢽝	サン:K ザン:G
𢽞	タツ
𢽟	チョク
𢽠	チョウ
𢽡	チョウ
𢽣	カン
𢽤	カン
𢽥	ソウ
𢽦	ク:G コウ:K
𢽧	シュ:G シュウ:K
𢽨	コチ:G コツ:K
𢽩	ヒョウ:G ホウ:K
𢽪	シン
𢽫	カイ:K ケ:G
𢽬	チン
𢽭	キュウ:K ク:G
𢽮	サツ
𢽯	サツ
𢽰	フ
𢽸	シャク
𢽹	ビン
𢽺	サツ
𢽾	カク:K ガク:G ギョウ
𢽿	カン
𢾀	ツ:G ト:K
𢾁	イ キ
𢾂	チ
𢾃	サン:K ザン:G
𢾄	ユ
𢾅	ズ:G ト:K
𢾆	カイ
𢾇	ヒョク
𢾈	サツ
𢾊	ジョウ:G トウ:K
𢾌	キ
𢾍	ゴウ
𢾎	シュン
𢾏	カク
𢾐	ショウ:G ソウ:K
𢾑	アン
𢾒	カイ:K ケ:G
𢾓	ボク
𢾔	エチ:G エツ:K
𢾠	ケイ
𢾥	ケイ
𢾦	キ:K ギ:G
𢾧	ショウ
𢾨	レイ
𢾩	コウ
𢾫	チ
𢾬	ロチ ロツ
𢾭	フ
𢾮	ズ:G トウ:K
𢾯	ジョク
𢾰	キ
𢾱	ヒ
𢾲	ダク ニャク
𢾳	ホウ
𢾴	タツ
𢾵	ギョ
𢾶	ショウ
𢾷	チョウ
𢾸	ソウ
𢾹	チョウ
𢾺	ヒ:K ビ:G
𢾾	フ
𢿆	シ
𢿈	サン
𢿉	ボク
𢿊	デン
𢿌	ケイ
𢿎	タ:K ダ:G
𢿏	ヒョウ:G ホウ:K
𢿐	レイ
𢿑	セツ
𢿒	カン
𢿓	カイ
𢿔	サツ
𢿘	スウ
𢿙	スウ
𢿚	ユウ
𢿛	ク
𢿞	リョウ
𢿟	シュウ
𢿠	フン
𢿡	カイ
𢿢	ラン ロン
𢿣	キャク:G キョウ:K ギョウ:G ケキ:K ゴウ
𢿤	トウ
𢿥	ハ
𢿦	ジョウ:G トウ:K
𢿧	ジョウ:G トウ:K
𢿨	サン
𢿩	ケイ
𢿪	テキ
𢿫	セイ
𢿬	ボク
𢿭	タク チョク
𢿮	ラン
𢿳	ラン
𢿷	サン
𢿸	サク
𢿹	サツ
𢿻	ラン レン
𢿾	ソウ
𣀀	ライ
𣀁	セン
𣀂	ライ:G レイ:K
𣀃	レン
𣀄	クン:K グン:G
𣀇	エキ:K ツ:G ト:K ヤク:G
𣀉	ソウ
𣀍	ジン
𣀎	サツ
𣀏	チョウ:G トウ:K
𣀐	コ ジョ
𣀒	ス:G ソウ:K
𣀓	シュ:G シュウ:K ジュ チュウ トウ:K ドウ:G
𣀔	サイ:G セ セイ:K ハン
𣀕	ハイ
𣀖	ケイ
𣀚	キ
𣀛	ハク
𣀜	ライ レ
𣀝	シャク
𣀞	リョ:K ロ:G
𣀣	フツ ブチ
𣀤	カイ
𣀥	リャク:G レキ:K
𣀦	トン
𣀧	サン
𣀨	フツ
𣀪	フツ
𣀬	イ
𣀭	スウ
𣀮	ジョウ
𣀯	サン
𣀰	フン
𣀳	ジョウ:K ニョウ:G
𣀵	ヘン
𣀶	サン
𣀷	ライ:G リ レイ:K
𣀻	ショク:K ソク:G
𣁃	ガク
𣁉	ヒツ
𣁊	ハン:K ヘン:G
𣁋	ビ:K ミ:G
𣁎	ヨ
𣁗	タン
𣁙	キン
𣁜	バン:K マン:G
𣁝	サイ
𣁟	リ
𣁢	ハイ ヘイ
𣁣	ラン
𣁦	ハン
𣁧	ブン
𣁨	ユウ
𣁫	ビ
𣁬	ト
𣁭	キュウ
𣁯	カ
𣁰	リョウ
𣁱	シン
𣁳	カチ:G カツ:K ワチ ワツ
𣁴	コウ
𣁵	ツ:G トウ:K
𣁶	チョウ
𣁷	レチ:G レツ:K
𣁹	カク
𣁺	ホウ
𣁻	レツ
𣁼	ホウ
𣁽	カ カイ ト
𣁿	チョウ
𣂁	ショウ チョウ
𣂂	ユ
𣂄	カ
𣂆	ビョウ:G ホウ:K
𣂇	ショウ
𣂉	チャク:G テキ:K
𣂊	イ
𣂌	ショク
𣂑	ト
𣂒	ロク
𣂔	セキ
𣂕	シ
𣂖	シ
𣂗	キン
𣂜	キン
𣂝	コウ
𣂞	ラ
𣂟	セツ
𣂠	キン
𣂡	タク
𣂢	ダン
𣂤	ホウ
𣂥	ショウ チョウ
𣂦	キ
𣂧	サン
𣂨	テイ
𣂪	タク
𣂫	セツ
𣂬	コウ
𣂭	カク
𣂮	ツ:G トウ:K
𣂯	セイ
𣂰	テイ
𣂱	ダン
𣂲	セツ
𣂳	チョウ
𣂴	テイ
𣂵	テン
𣂶	セイ
𣂹	セツ
𣂺	シン
𣂻	オ オウ ク:G コウ:K
𣂽	カク
𣃀	サク
𣃁	チョク
𣃂	タク
𣃃	タク
𣃄	シン
𣃅	ゼン
𣃆	タク
𣃈	チャク
𣃉	トウ
𣃊	テイ
𣃋	タク
𣃌	リン
𣃍	サツ:K セ:G セイ:K セチ:G
𣃎	キン
𣃏	タク
𣃐	タイ
𣃑	チャク
𣃒	テイ
𣃔	タン:K ダン:G
𣃖	ク
𣃗	ロク
𣃘	ジョウ:G チョウ:K テン トウ
𣃙	ボウ
𣃚	コウ:K ゴウ:G
𣃝	ヨウ
𣃞	ボウ
𣃟	ボウ
𣃠	レイ
𣃢	セイ
𣃦	ブツ:K モチ:G
𣃧	エン
𣃨	リョ
𣃪	ボウ
𣃯	セン
𣃳	エン ヨウ
𣃴	エン
𣃵	チン
𣃻	チン
𣃼	セン
𣃽	ダ:K ナ:G
𣃾	エン
𣃿	チョウ
𣄀	ショウ:G セイ:K
𣄁	ジュ
𣄅	ホウ
𣄆	リョ
𣄈	キ
𣄉	エン ヨウ
𣄊	ヨ
𣄍	テイ
𣄎	ハク
𣄏	ホン:K ボン:G
𣄐	コウ
𣄑	エン
𣄓	キ
𣄔	ヒョウ
𣄘	オ:G ヨ:K
𣄙	コウ
𣄚	スイ
𣄜	キ
𣄝	ゲン
𣄞	シ
𣄟	コ
𣄠	ヒョウ
𣄡	ヒョウ
𣄢	トウ
𣄤	ヨ
𣄦	ヒョウ
𣄧	イ スイ:K ズイ:G
𣄨	キ
𣄪	ヒョウ
𣄫	イ
𣄮	シ:K ジ:G
𣄯	キ
𣄰	バ:K マ:G
𣄱	ケイ
𣄲	カイ
𣄴	リョウ:K ロウ:G
𣄵	リョウ
𣄶	リョウ
𣄷	リョウ
𣄸	カ ガ
𣄺	イ
𣄻	タク チョク
𣄼	コン
𣄾	コン
𣄿	チョウ:G テイ:K
𣅀	シ
𣅁	タイ
𣅄	ジュウ
𣅆	キ
𣅇	ボウ:K モウ:G
𣅈	トウ
𣅉	ジン:K ニン:G
𣅊	ショウ
𣅋	トウ
𣅌	シ
𣅍	ヒョウ
𣅎	ゴ
𣅐	ビン
𣅖	ソウ
𣅚	ドツ ナチ
𣅛	ショク
𣅜	カイ
𣅝	トチ トツ
𣅞	ケツ
𣅟	タン:K トン:G
𣅠	キ
𣅡	ケチ:G ケツ:K
𣅢	サイ
𣅣	トウ
𣅤	キョ
𣅥	テイ
𣅦	ショク
𣅧	タン
𣅯	チュウ
𣅱	ジ
𣅲	ケツ
𣅳	ショク
𣅴	ジュウ
𣅷	キョウ:G ケイ:K
𣅸	ゲイ
𣅹	ベン
𣅺	ユ:G ユウ:K
𣅻	キョウ:G ケイ:K
𣅼	ソウ
𣅽	ホツ
𣆁	ショ:G ソ:K
𣆄	ヨウ
𣆇	ミツ
𣆈	カツ
𣆉	コウ
𣆊	シュン
𣆋	シン
𣆍	テイ
𣆑	サク:K シャク:G
𣆒	キツ:K コチ:G
𣆓	ジツ
𣆔	シュ:G シュウ:K
𣆕	ケン コ
𣆖	コウ ボウ:K モウ:G
𣆗	ソウ
𣆘	シ
𣆚	シ
𣆛	アン バン
𣆜	バイ
𣆝	ダン:K ナン:G
𣆞	ゼ
𣆠	キ
𣆥	ヒ
𣆧	コウ
𣆨	ソ
𣆩	サク
𣆫	ショウ
𣆲	シン
𣆳	キョウ:G コウ:K
𣆴	セン
𣆶	バン
𣆷	チョウ
𣆸	カン
𣆹	ジョウ
𣆺	ショウ
𣆻	ボウ
𣆼	トウ
𣆽	ショク
𣆾	コン
𣆿	カン
𣇀	ホ
𣇃	ショウ
𣇄	セイ セツ
𣇖	テン
𣇙	タン
𣇚	シュン
𣇢	ヘチ:G ヘツ:K
𣇤	コツ
𣇥	ケン
𣇦	ジ:G チ:K
𣇧	シャ
𣇨	タイ
𣇩	ア
𣇪	ヨウ
𣇫	ワ
𣇬	キュウ:K ク:G
𣇮	セキ
𣇯	ボウ
𣇰	リン
𣇱	メイ
𣇲	コン
𣇳	キ
𣇶	ボツ
𣇺	テン
𣈅	ソウ
𣈆	シン セン
𣈉	トク
𣈊	ボク
𣈍	ジョウ
𣈎	イ
𣈏	セキ
𣈟	ヨウ
𣈠	ヘン
𣈡	ダイ:G テイ:K
𣈤	シュン
𣈥	ツ:G ト:K
𣈦	グ
𣈧	オウ
𣈨	カン
𣈩	シュウ
𣈪	ルイ
𣈶	カン:K ケン:G コウ
𣉆	テイ
𣉇	ソク
𣉈	コン
𣉊	ギョウ
𣉑	キュウ
𣉒	カク
𣉓	キュウ:K コウ:G
𣉔	ソウ
𣉕	ソウ
𣉖	ケン
𣉗	オウ
𣉘	ダイ:K ドク ナイ:G ノク
𣉙	カン
𣉚	ショウ:K ゾウ:G ヨウ
𣉛	ソ
𣉜	サツ
𣉡	テイ
𣉩	ア
𣉫	ヨウ
𣉬	ショウ
𣉭	モウ
𣉰	イ
𣉺	トウ
𣉻	チ
𣉼	アイ
𣉾	オウ
𣉿	ソウ:K ゾウ:G
𣊀	コウ
𣊁	ゴウ
𣊂	シュウ
𣊃	ム
𣊄	ケイ
𣊅	カツ
𣊒	シ
𣊕	ショウ
𣊖	チン
𣊙	ザン
𣊚	ヨウ
𣊛	ソウ
𣊝	ソウ
𣊞	クツ
𣊟	カン トン
𣊠	ヒョウ
𣊡	キン ケン
𣊣	セキ
𣊤	ノウ
𣊥	コウ
𣊦	セキ
𣊧	ロウ
𣊨	シュン
𣊴	ボウ
𣊵	ダン
𣊷	ショウ
𣊸	コツ
𣊽	ビン
𣋄	トン
𣋅	エン
𣋉	イク
𣋊	タン:K ダン:G
𣋋	ヨウ
𣋌	ヨウ
𣋍	ショウ
𣋏	バク
𣋐	チョ
𣋓	ヨウ
𣋗	カ
𣋘	カイ
𣋞	アイ
𣋟	バ:K マ:G
𣋢	キョウ
𣋣	ラン
𣋥	コン
𣋬	トウ
𣋯	コン
𣋳	ボク
𣋴	ボク
𣋵	ハク
𣋶	キュウ:K ク:G
𣋷	コウ
𣋸	ダン
𣋹	ヒ
𣋿	ヨウ
𣌇	シン
𣌈	ハク
𣌍	ジョウ
𣌓	カン
𣌖	ダン
𣌗	ワク
𣌘	トン
𣌚	シュン
𣌜	リャク:G レキ:K
𣌞	チョウ
𣌟	レイ
𣌠	シュン
𣌣	リョウ
𣌦	ソウ
𣌧	サク:K シャク:G
𣌨	シュン
𣌩	リョウ
𣌬	キョ
𣌭	カイ
𣌼	ソウ
𣌽	キ
𣌾	ツ:G トウ:K
𣍃	イン
𣍄	イ
𣍆	ジ:K デイ ニ:G ニョウ
𣍇	シュウ
𣍈	ホウ
𣍏	タ
𣍑	バン
𣍓	ダ
𣍔	ケツ
𣍖	ソウ
𣍘	ソウ
𣍙	テン
𣍚	サイ
𣍛	ヨ
𣍜	コウ
𣍝	シュウ
𣍞	フク
𣍟	エ:G ワイ:K
𣍠	キ
𣍡	キ
𣍢	ボウ
𣍣	キ
𣍤	イン
𣍥	キチ:G キツ:K
𣍦	キョウ
𣍧	ヒ
𣍬	セン
𣍮	サク ソク
𣍴	セン
𣍵	ハン
𣍷	ロウ
𣍸	ハ
𣍹	チン
𣍺	ハイ
𣎄	コウ
𣎅	カン
𣎌	トウ
𣎍	チョウ
𣎎	リョウ
𣎒	ショウ
𣎓	セン:K ゼン:G
𣎔	デン:K ネン:G
𣎚	コツ:K ゴチ:G
𣎛	キチ:G キツ:K
𣎜	ショウ:K ジョウ:G ヨウ
𣎟	ジン
𣎣	キョウ
𣎤	ハン
𣎩	ヨウ
𣎭	ノウ
𣎱	ヤク
𣎲	トウ
𣎳	ハイ:K ヒン ヘ:G
𣎴	カツ:K ガチ:G
𣎵	ハイ:K ハチ:G ハツ:K ヘ:G
𣎸	リョウ
𣎹	キュウ
𣎺	カン
𣎼	ホ
𣎾	ダ
𣎿	ダ
𣏀	エイ
𣏁	バイ
𣏂	サツ
𣏃	シ
𣏄	コン
𣏋	ヨウ
𣏌	キ コ
𣏐	シャク
𣏑	ショウ
𣏓	オ
𣏔	コン
𣏕	ハイ:K バイ:G ビ:K ミ:G
𣏖	ジン:G チン:K
𣏗	ショ チョ
𣏘	フ
𣏙	カイ コツ
𣏚	シ:K ジ:G
𣏛	コ
𣏜	メン
𣏝	チン
𣏞	ウ:G ユウ:K
𣏟	ハイ:K ヘ:G
𣏠	ギョウ:G コウ:K
𣏡	ショク ソキ
𣏲	ヘイ
𣏳	ゴ
𣏶	シツ
𣏹	サイ
𣏺	コウ
𣏻	ダ
𣏽	マイ
𣏾	ザイ
𣐁	シ
𣐃	チ
𣐇	ライ
𣐈	シ
𣐉	チ
𣐊	キョク:K コウ コク:G
𣐋	エツ:K オチ:G
𣐌	ソ
𣐍	ガチ ケツ
𣐎	ガ:K ゲ:G
𣐏	ダン:K ナン:G
𣐐	ビ
𣐑	サイ:G シ セイ:K
𣐒	ケイ
𣐓	イ
𣐫	ヨウ
𣐬	リ
𣐭	カ
𣐮	ガイ
𣐯	シュウ
𣐰	コ
𣐵	イ
𣐶	カイ
𣐷	カ カイ:K ケ:G
𣐸	テン
𣐹	ショウ
𣐺	カン:K コン:G ゴン
𣐻	カン:K ゲン:G
𣐽	シン
𣐾	コウ
𣐿	イ:K エ:G
𣑀	オ
𣑁	シュ:G シュウ:K
𣑂	ク:G コ:K
𣑃	タ テ
𣑄	カン
𣑥	コウ
𣑧	タ
𣑨	ブ
𣑪	セン
𣑭	サン
𣑯	ショ チョウ:G トウ:K
𣑰	シチ:G シツ:K
𣑱	セン
𣑸	トウ
𣑹	ケン
𣑾	ギャク
𣑿	フウ
𣒀	セン
𣒁	チン
𣒂	テン:K デン:G
𣒃	エキ:K カイ:K カク ギャク ケ:G ケキ ヤク:G
𣒄	シャ
𣒅	ジン:G チン:K
𣒆	カク
𣒇	トク
𣒈	オウ キョウ:K ゴウ:G
𣒉	カイ
𣒨	コン
𣒩	トウ
𣒪	コツ
𣒫	バイ
𣒬	シツ
𣒭	サイ
𣒯	カン
𣒰	セン
𣒶	リ
𣒷	カン:K ゴン:G
𣒸	キョウ
𣒹	サ
𣒺	チ
𣒻	シュウ:K ジュ:G
𣒼	ジョウ
𣓀	シン セン
𣓁	カン
𣓂	ビ
𣓃	ダイ ネ
𣓅	カン:K ケン:G
𣓆	イン
𣓈	リョウ
𣓉	ショウ:G ジョウ ソウ:K
𣓊	シ
𣓋	ヒ
𣓌	キク キュウ:K グ:G コウ:K コク ゴウ:G
𣓍	ボウ
𣓎	ヨウ
𣓏	キン:K コン:G
𣓐	ヘイ
𣓑	イ
𣓒	サン
𣓓	シュン
𣓔	ベイ メイ
𣓕	オ オウ シュウ:K ジュ:G
𣓖	ケン
𣓗	コチ:G コツ:K
𣓘	カク
𣓙	ショウ
𣓛	ユ:G ユウ:K
𣓜	ソ
𣓝	ボウ:K モウ:G
𣓞	サク
𣓟	チョク
𣓠	リュウ
𣓡	コウ
𣓤	ギョウ トウ:K ドウ:G
𣓧	テン
𣓩	ホン
𣓪	キ
𣔎	ナン
𣔏	ゲツ
𣔑	キク
𣔒	サク
𣔓	ヒ
𣔔	キ
𣔕	ショウ
𣔖	シュウ
𣔫	サン
𣔬	ヒ
𣔭	クツ グツ
𣔮	サイ
𣔯	ウ
𣔱	シュ ショウ:G ソウ:K
𣔲	ギョウ:G ケイ:K
𣔳	タク
𣔵	サン:K ザン:G タク
𣔶	ハン
𣔷	ギョウ:G コウ:K チン
𣔸	イン
𣔹	コウ ゴ
𣔺	ボウ:K ボク:K モウ:G モク:G
𣔻	セン:K ゼン:G トツ:K ドチ:G
𣔼	カン
𣔽	キ
𣔾	スイ:K ズイ:G
𣔿	カン:K ガン:G
𣕀	ケツ
𣕁	エイ ゲイ
𣕂	トウ
𣕃	グ
𣕄	キョウ:G ケイ:K
𣕅	ビョウ:G ホウ:K
𣕆	ケイ
𣕇	ショウ:G ソウ:K
𣕈	サ
𣕉	コウ
𣕊	テン
𣕋	セチ:G セツ:K
𣕌	ク:G コウ:K
𣕍	シュン
𣕎	ケン
𣕐	ソウ
𣕑	ソ
𣕒	ジュ
𣕓	シ
𣕲	コウ
𣕽	オウ
𣕾	ヒ
𣕿	ソウ
𣖀	コウ
𣖁	コウ
𣖂	ゲツ
𣖃	タ
𣖇	チョク
𣖉	サン
𣖊	レツ
𣖔	ホウ
𣖣	キク
𣖤	ライ
𣖥	コ
𣖨	シ
𣖪	キョ:K ゴ:G
𣖫	カク コク
𣖬	ガチ ケツ
𣖭	ジュウ:G チュウ:K
𣖮	オウ
𣖰	ヒ:K ビ:G
𣖱	サイ:K セ:G
𣖲	シ
𣖴	チョク
𣖵	サ:K ザ:G
𣖶	ボク
𣖷	シャク:G セキ:K
𣖸	ダイ:G テイ:K
𣖹	ジョ:K ニョ:G
𣖺	リョ
𣖻	カイ
𣖼	シュン:K ジュン:G
𣖽	シン
𣖾	ヒ:K ビ:G
𣖿	トク:K ドク:G
𣗁	トン:K ドン:G
𣗂	ソ
𣗃	ツイ
𣗐	エイ
𣗥	キョク コキ
𣗳	ジュ
𣗴	リツ
𣗵	ゴウ
𣗷	ケン
𣗸	サン
𣗹	ヨウ
𣘅	フウ
𣘇	コウ
𣘐	キョク
𣘑	ケイ
𣘒	カン
𣘕	シン:K ジン:G
𣘖	ケン:K コン:G
𣘗	ジツ:K ニチ:G
𣘘	シン
𣘙	ホウ:K ボウ:G
𣘚	シュチ:G シュツ:K
𣘛	ツ:G トウ:K
𣘜	チ
𣘝	セン
𣘞	カン:K ゴン:G
𣘟	カ
𣘠	カン
𣘡	サ
𣘢	ゴウ
𣘣	シュン:K シン ジュン:G
𣘤	サチ:G サツ:K
𣘥	ヘイ ベイ
𣘦	エイ
𣘧	フ
𣘨	ア
𣘩	シ
𣘪	リョウ:K ロウ:G
𣘫	コウ:K ゴウ:G
𣘬	リ
𣘭	コウ
𣘮	ヘイ
𣘯	キョウ:G コウ:K
𣘰	コウ
𣘱	トク:K ドク:G
𣘲	シン
𣘳	コク
𣘸	コク
𣘺	キョウ:G ギョウ コウ:K
𣘻	ズ:G タ:K ダ:G ト:K
𣙂	ケン
𣙚	ショウ ヨウ
𣙛	イ
𣙜	カク キョウ:G コウ:K
𣙡	ジ
𣙤	イ ギ
𣙰	チ
𣙱	コウ
𣙳	ソ
𣙴	キョウ
𣙵	タク
𣙶	コ
𣙻	シュ:G シュウ:K
𣙼	イ シ:K ジ:G
𣙽	レキ
𣙾	エツ
𣙿	ハイ ヒ
𣚀	シ
𣚁	シ
𣚂	イ
𣚃	ケツ
𣚄	シ
𣚅	タク
𣚆	チュン
𣚇	ホウ
𣚈	サン
𣚉	キュウ
𣚊	ジ:K ゼン:K ニ:G ネン:G
𣚋	ヤ
𣚌	シ テキ
𣚍	オク
𣚎	ルイ
𣚏	キ ク
𣚐	ジュ ニュ
𣚑	トウ
𣚒	ハ:K ベ:G
𣚓	ケン
𣚔	シャク:G セキ:K
𣚕	ヨウ
𣚖	アン
𣚗	ショウ
𣚘	イ キ
𣚙	セン
𣚚	チョク
𣚛	キョ
𣚜	ス:G ソウ:K
𣚝	ワ
𣚟	シュウ
𣚠	チ
𣚡	ヘイ
𣚢	テン:K デン:G
𣚣	キョウ:G コウ:K
𣚤	ジュ
𣚥	イク
𣚦	キョウ
𣚧	コウ
𣚨	ム
𣚩	チ
𣚪	トン:K ドン:G
𣛖	コウ
𣛘	シャ
𣛙	ヤク
𣛚	ズイ
𣛫	コ
𣛱	タン:K ドン:G ラン
𣛳	サン
𣛴	カン:K コン:G
𣛵	サク:K シャク:G
𣛶	サツ
𣛷	サン:K セン:G
𣛸	ソク:K ゾク:G
𣛹	スイ セン:K ゼン:G
𣛺	シチ:G シツ:K
𣛻	ジョウ:G チョウ:K
𣛼	ギ
𣛽	サ
𣛿	ヨ
𣜀	エツ
𣜁	シ
𣜂	ソウ
𣜃	ユウ
𣜄	ラ
𣜅	ゼン
𣜆	セン
𣜇	シャク:G セキ:K
𣜈	シン
𣜎	ショウ
𣜢	ラ
𣜣	チン
𣜤	サ
𣜥	ゲキ
𣜦	トウ
𣜧	ケイ
𣜨	ケン
𣜹	タイ:G テイ:K
𣜺	ブン
𣜽	コウ
𣝁	ハイ:K ヒ ベ:G
𣝂	コン
𣝃	コウ
𣝄	コ
𣝅	ガイ
𣝆	ガイ
𣝇	サク
𣝈	レン
𣝉	タイ:K ツイ テ:G
𣝊	サン
𣝋	トウ:K ドウ:G
𣝌	キン
𣝍	ハク:K ヒャク:G ビャク:G ヘキ:K
𣝎	エン
𣝏	コウ
𣝑	ヨ
𣝒	シャ:K ジャ:G
𣝓	エン
𣝔	タク
𣝕	セン
𣝖	バイ
𣝗	コツ:K ゴチ:G
𣝘	ホウ ボ
𣝙	チュン
𣝚	リョウ
𣝛	キョ
𣝜	ヘン:K ベン:G
𣝝	ショク:K ソク:G
𣝞	ショウ
𣝣	シャク ジャク
𣝤	サイ
𣝥	トウ
𣝯	シン
𣝴	ハン
𣝷	チュウ
𣝸	テイ テツ
𣝹	ロク
𣝺	カ
𣝻	ショウ
𣝼	ヘン
𣝾	シン
𣞀	ダン
𣞆	セン
𣞇	トン:K ドン:G
𣞈	ヒョウ
𣞋	ショウ
𣞐	シャ
𣞑	ボウ
𣞒	フ
𣞓	ロク
𣞔	タン
𣞕	ゲイ
𣞖	サイ
𣞗	リュウ:K ル:G
𣞘	ケン
𣞙	ソウ
𣞚	サ
𣞛	ス:G ソウ:K
𣞜	ソウ
𣞝	ソウ
𣞞	ボク
𣞟	シン
𣞣	バク
𣞤	ブ
𣞲	セン
𣞴	リ
𣞵	ジン
𣞷	ス:G ソウ:K
𣟄	タク
𣟅	エイ
𣟆	リョウ
𣟇	ギョウ:G コウ:K
𣟉	カイ:K ケ:G
𣟊	ジョウ:K ニョウ:G
𣟋	ケン
𣟌	ライ:G リ レイ:K
𣟍	レイ
𣟎	ダ
𣟏	ホウ
𣟐	ジョウ:G チョウ:K
𣟑	リュウ:K ル:G
𣟒	ブ:K ム:G
𣟥	イ イキ:G オク ヨク:K
𣟨	キ
𣟯	ケン
𣟰	ヨ
𣟲	セン
𣟳	エン セン:K ゼン:G
𣟴	サン
𣟵	キ
𣟶	ショウ
𣟸	ビ:K ミ:G
𣟹	シン
𣟺	レン
𣟻	ヨク
𣟼	シュウ ショウ
𣟽	ロウ
𣟾	ユウ
𣠄	リョウ:G レイ:K
𣠐	カク
𣠔	コン ヒョウ:K ビョウ:G
𣠙	ヒョウ
𣠚	リュウ:K ル:G
𣠛	ソウ:K ゾウ:G
𣠜	ジョウ:G トウ:K
𣠝	チ
𣠞	ショウ
𣠟	シン:K ジン:G
𣠠	ライ レ
𣠡	ユウ
𣠤	カン
𣠭	タン
𣠮	ム
𣠷	ケン
𣠸	カン セン
𣠹	サツ ザチ
𣠺	ショウ
𣠻	ハイ
𣠼	ロウ
𣠽	ハ
𣠾	ラ
𣡃	デン
𣡆	ソウ
𣡉	イク
𣡊	ゲイ
𣡌	ゲツ
𣡍	キョク
𣡎	シン:K ジン:G
𣡕	エン キ
𣡗	ゼン
𣡘	ソウ
𣡛	キュウ
𣡞	エン
𣡟	ジョウ:G チョウ:K
𣡠	ベン:K メン:G
𣡣	タン
𣡦	ドウ
𣡧	ライ
𣡩	ワン
𣡪	ドウ:K ノウ:G
𣡫	シャク
𣡭	ジョウ:G チョウ:K
𣡰	ダ
𣡳	タイ
𣡴	キク
𣡶	エン
𣡷	リツ
𣡸	ウツ
𣡺	ルイ
𣡼	リツ
𣡽	キ サツ
𣡾	コ
𣢀	シン
𣢁	キ
𣢂	キ
𣢃	シ
𣢄	ユウ
𣢅	カン
𣢆	キ
𣢇	カイ キ シン
𣢉	ガ:K ゲ:G
𣢊	キ クチ クツ
𣢋	ヒ
𣢌	タン
𣢍	キ ケイ
𣢎	キ
𣢏	ヒン
𣢐	キョウ:G キン:K コウ:K コン:G
𣢑	カイ キ
𣢒	ユ
𣢓	ケイ
𣢕	シ
𣢖	ケツ
𣢗	コウ
𣢘	シン
𣢙	シ
𣢚	ガ
𣢛	アク:K ヤク:G
𣢜	イク ユ:G ユウ:K
𣢝	キョウ:G ケイ:K
𣢞	ジ:K ニ:G
𣢟	カン:K ガン:G
𣢠	ヒツ:K ビチ:G
𣢡	カチ ケツ ショウ:G ソウ:K
𣢢	ユウ
𣢣	ショク:K ジキ:G
𣢤	セン
𣢥	キュウ
𣢦	イ
𣢧	ユ
𣢨	オウ
𣢩	キョウ
𣢪	キ
𣢫	オウ
𣢬	カン ハン
𣢭	イ
𣢮	イ
𣢯	クチ クツ
𣢰	シュク
𣢱	カ:K ケ:G
𣢲	カン ハン
𣢳	チョウ
𣢴	キョウ:G コウ:K
𣢶	チュツ
𣢸	カン
𣢺	カン
𣢻	カン
𣢽	カン
𣣈	テン
𣣉	キャク:G ケキ:K
𣣊	シ
𣣋	リョウ
𣣌	シ
𣣎	イク
𣣏	コン
𣣐	キ
𣣑	シ
𣣒	カン:K コン:G
𣣓	ケン
𣣕	コ
𣣖	カン
𣣙	カン
𣣚	アン
𣣛	スイ
𣣝	ショク
𣣞	ゴン
𣣟	カ:K ケ:G
𣣠	コウ
𣣡	コウ
𣣢	イ
𣣣	テン
𣣤	コン
𣣥	コウ
𣣦	カ:K ケ:G
𣣧	ユウ
𣣨	ソウ
𣣩	ケチ:G ケツ:K
𣣬	シ
𣣭	カン
𣣮	セイ
𣣯	シ
𣣰	シ
𣣲	キョウ:G コウ:K
𣣳	ヨウ
𣣴	トウ:K ドウ:G
𣣵	ヨウ
𣣶	カイ:K ケ:G
𣣷	シ
𣣸	ユ:G ユウ:K
𣣹	コウ
𣣺	アイ エ サ:K セ:G
𣣻	カン
𣣼	ヤク
𣣽	キン
𣣾	アク
𣣿	タイ
𣤀	ゼン
𣤁	ショク
𣤂	カン
𣤃	オウ
𣤈	サク ジャク
𣤉	タン
𣤊	ロウ
𣤋	ル:G ロウ:K
𣤌	サイ:K シ セ:G セチ:G セツ:K
𣤍	ヨウ
𣤎	ユ:G ユウ:K
𣤏	ユ
𣤐	イク
𣤑	カ
𣤒	カ
𣤗	イン
𣤘	シ
𣤙	キョウ
𣤚	ショウ
𣤜	サイ
𣤟	ソウ
𣤠	エツ
𣤡	イク
𣤢	キャク:G ケイ ケキ:K タイ:G テイ:K
𣤣	ヨウ
𣤨	カク:K ギャク ワク:G
𣤩	チキ:G チャク:G チョク:K テキ:K
𣤪	エキ
𣤬	アク:K ヤク:G
𣤯	ジュ トク
𣤰	ガク
𣤱	サン:K ザン:G
𣤲	ガク
𣤳	セイ
𣤴	キ
𣤵	エイ:K ヨウ:G
𣤶	シュク ソウ
𣤷	ソウ
𣤹	ショウ
𣤺	ソウ
𣤻	ショク
𣤼	キョ
𣤿	コン
𣥀	ショク
𣥁	タン
𣥂	ショウ タチ:G タツ:K
𣥃	カイ ガン:K ゲン:G
𣥄	ホウ
𣥅	シ
𣥇	シン
𣥈	カイ
𣥉	シ
𣥊	ボウ:K モウ:G
𣥋	フ
𣥌	ゲン
𣥍	キン
𣥎	セン
𣥏	リョ
𣥐	リョ
𣥑	ゼン
𣥒	シュウ
𣥓	リョ
𣥔	セイ
𣥖	キ:K ギ:G
𣥗	タツ
𣥘	コ
𣥙	コウ
𣥠	ハツ
𣥣	ヒ
𣥤	コウ
𣥥	カン
𣥦	コン
𣥧	チョ
𣥨	シ
𣥩	ショウ ジョウ:G チョウ:K
𣥪	キン
𣥫	シ
𣥭	セン
𣥮	キ
𣥰	チ
𣥲	ト
𣥳	ズ:G ト:K
𣥴	シ
𣥷	トウ
𣥹	シュク
𣥺	ショウ ジョウ:G チョウ:K トウ
𣥻	チョウ
𣥼	チョ
𣥽	ドク
𣥾	トウ:K ドウ:G
𣥿	ショウ
𣦁	ショ
𣦂	ショ
𣦃	セン
𣦄	キョ
𣦅	スイ
𣦇	ヒョク ビキ
𣦈	チョ
𣦉	コウ
𣦋	シ
𣦌	ケイ
𣦏	エツ
𣦐	コウ
𣦑	ク
𣦔	セイ
𣦕	ダン
𣦖	カン
𣦗	シ
𣦙	ダン
𣦜	キョウ
𣦝	ソン
𣦞	キ
𣦟	セン
𣦡	チョ
𣦢	ヒャク:G ヘキ:K
𣦦	キ
𣦧	セイ
𣦨	キ
𣦩	コ
𣦪	ヘイ
𣦫	イン
𣦭	コ
𣦯	リャク:G レキ:K
𣦱	ヒ
𣦲	エイ
𣦵	ガチ ガツ キョウ サツ ザチ
𣦶	タイ
𣦷	サツ:K セチ:G
𣦸	シ
𣦹	カチ ケツ シ
𣦺	テン
𣦻	サン:K ザン:G
𣦼	サン
𣦽	シュク
𣧀	コウ
𣧁	キュウ:K ク:G
𣧂	タイ:G テイ:K
𣧃	ト
𣧄	ギツ ゴチ
𣧆	ケチ:G ケツ:K
𣧇	シ
𣧈	テツ
𣧉	キュウ
𣧊	ジュウ ニュ
𣧋	シ
𣧌	ケツ
𣧍	ドツ ナチ
𣧎	ケ:G ケイ:K
𣧏	コウ
𣧑	キョウ
𣧒	ボツ
𣧓	シュウ
𣧔	ジュン
𣧕	ヨウ
𣧖	サツ セチ:G セツ:K
𣧙	ハイ
𣧚	ショク
𣧛	デン
𣧜	ハ
𣧝	シュウ:K ジュ:G
𣧞	チ チチ:G チツ:K
𣧟	コン ベン:K ボン:K メン:G モン:G
𣧠	テン
𣧡	カチ ケチ:G ケツ:K
𣧢	テン
𣧣	バツ:K マチ:G
𣧤	カ
𣧥	ウ:G ユウ:K
𣧦	キョウ
𣧧	ハツ:K バチ:G
𣧨	シ
𣧩	シュウ
𣧪	クツ
𣧫	ソ
𣧭	ガク
𣧮	コ
𣧲	ベイ メイ
𣧳	ラク
𣧴	ユ
𣧶	ヒ:K ビ:G ブ:G ホウ:K
𣧸	シ
𣧹	ジ:K ニ:G
𣧺	サン:K セン:G
𣧻	サン
𣧼	キ
𣧽	ドウ:K ノウ:G
𣧾	ベン:K メン:G
𣧿	レイ
𣨀	ラン
𣨁	シ
𣨂	シ
𣨃	ユ
𣨅	ライ レ
𣨆	ボウ
𣨇	ボウ:K ミョウ:G
𣨈	ヒョウ
𣨉	キョウ:G コウ:K
𣨊	タク:K チャク:G
𣨋	セイ セキ
𣨌	ゲン
𣨍	カク:K ガク:G コク トク:K ドク:G
𣨎	サ
𣨏	ボツ
𣨐	ソ
𣨑	エイ
𣨓	オク
𣨔	トウ
𣨖	ソ
𣨗	セキ
𣨘	ヨウ
𣨙	イ
𣨚	ヨウ
𣨛	シュチ:G シュツ:K ソチ:G ソツ:K
𣨜	バ:K メ:G
𣨝	ヨ
𣨞	ブ ボウ
𣨟	イ
𣨠	シン
𣨡	ガク
𣨢	クツ グチ
𣨣	キョウ:K ゴウ:G
𣨤	キョク ケキ
𣨥	ホウ
𣨦	セン
𣨪	ラ
𣨫	ガ ツイ
𣨬	エン
𣨱	カ
𣨲	ズ:G ト:K
𣨳	コウ:K ゴウ:G
𣨴	バイ
𣨵	アイ
𣨶	カイ:K ケ:G
𣨷	カ
𣨸	レイ
𣨹	ゲン
𣨺	コツ
𣨻	コウ
𣨾	セイ
𣨿	コン
𣩀	ヘン
𣩃	キョウ:G ケイ:K ゴウ
𣩄	アイ コウ
𣩅	コウ
𣩆	ベイ
𣩇	フ
𣩈	サ:K シャ:G
𣩉	エイ
𣩋	ソ
𣩍	リク
𣩎	バク
𣩏	ロク
𣩐	シュク
𣩑	サイ:K セ:G
𣩒	ソウ
𣩓	ソウ
𣩔	カン
𣩕	ソ
𣩖	スイ
𣩙	エン
𣩚	ジ
𣩝	カン
𣩞	カン
𣩟	トウ
𣩠	シ
𣩡	サイ:K セ:G
𣩢	リョウ
𣩣	ヨウ
𣩧	ゼン
𣩨	ヨウ
𣩩	ヘキ
𣩪	エ:G ワイ:K
𣩫	ヨウ
𣩬	シ
𣩭	ボツ:K モチ:G
𣩯	ヨウ
𣩰	ジョウ:G チョウ:K
𣩱	アイ コウ
𣩲	キン
𣩳	サン
𣩴	キョウ:K ゴウ:G
𣩵	ヒン
𣩶	カイ
𣩷	ソ
𣩹	エ カイ:K ケ:G
𣩺	イク
𣩻	エ:G カイ:K
𣩼	ラン
𣩾	コウ
𣩿	ラ
𣪀	テン
𣪂	ハン
𣪃	タン
𣪄	キン
𣪅	オウ
𣪆	サツ
𣪇	カ
𣪉	キュウ
𣪊	カク コク
𣪋	キュウ:K ク:G
𣪌	ズ:G トウ:K
𣪍	デン
𣪏	カン
𣪐	シュウ:K ジュ:G
𣪖	サツ
𣪗	カク
𣪙	キュウ
𣪚	サン
𣪛	カク コク
𣪡	イ
𣪣	キ
𣪩	サツ
𣪪	デン
𣪭	ヘン
𣪮	サイ
𣪯	キュウ:K ク:G ズ:G トウ:K
𣪰	ワン
𣪲	サク
𣪳	カク
𣪴	キ:K ギ:G ゲ
𣪶	サン
𣪷	キ
𣪸	コウ
𣪹	カク
𣪼	トウ
𣪽	キョウ
𣪾	シュウ:K ジュウ:G チュウ
𣫀	コク
𣫁	コウ
𣫉	カイ
𣫊	コ
𣫌	コウ
𣫐	シュウ
𣫒	キョウ:G コウ:K
𣫓	コク
𣫖	キ
𣫘	カク
𣫙	エイ
𣫚	キ
𣫜	ドウ
𣫝	コウ
𣫞	サク
𣫟	トウ
𣫡	カン
𣫣	ル:G ロウ:K
𣫤	トウ
𣫥	リ
𣫦	ケイ
𣫧	リャク:G レキ:K
𣫨	ケイ
𣫩	サク
𣫪	イ
𣫫	サク
𣫬	モウ
𣫭	マイ
𣫯	ハン
𣫱	キ
𣫳	コウ
𣫴	エ:G ケイ:K
𣫹	タイ
𣫺	イク
𣫻	ロウ
𣬂	ハン
𣬃	ロウ
𣬅	ヒ
𣬆	ハイ:K ベ:G
𣬈	ヒ
𣬉	ヒ
𣬊	ハイ
𣬋	チャク
𣬌	ジ
𣬍	ヒ
𣬎	ケチ:G ケツ:K
𣬏	ケン:K ゲン:G ジョ:K ニョ:G
𣬑	コン
𣬒	シ
𣬓	ハイ
𣬕	グ ゴ シャ
𣬖	ヒ
𣬗	ズイ ニ
𣬙	ギョウ:G ケイ:K
𣬚	ハク:K ヒャク:G
𣬛	サン
𣬜	トク
𣬡	キ
𣬢	ホウ
𣬣	コ
𣬩	フン:K ブン:G
𣬪	ハイ:K ベ:G
𣬫	カイ
𣬬	ソウ
𣬭	ゼン
𣬮	ヒ
𣬴	テキ
𣬸	ジョウ:G チョウ:K
𣬹	リョウ:G レイ:K レン
𣬺	ショウ:G ソウ:K
𣬻	シン
𣬼	ヒ
𣬽	ボウ:K モ:G
𣬾	ハイ
𣬿	タク:K チャク:G
𣭀	ホウ
𣭁	ヒ
𣭅	ボウ
𣭇	ル
𣭖	コウ
𣭗	トウ
𣭘	フツ
𣭜	ボク
𣭝	コウ
𣭞	ジ
𣭟	セン
𣭠	ジョ:K ニョ:G
𣭡	セチ:G セツ:K
𣭢	ボウ
𣭣	セン
𣭭	リ
𣭮	ボウ
𣭱	ショウ
𣭲	ジョウ
𣭳	キュウ
𣭴	シュ:K ス:G
𣭵	シュ
𣭶	ショウ
𣭷	ホツ:K ボチ:G
𣭸	カツ
𣭹	コウ
𣭺	ドウ:K ニョウ:G
𣭻	エン
𣭼	ニョウ
𣭽	ドウ
𣮃	ビョウ:G ホウ:K
𣮄	スイ
𣮈	クツ グチ
𣮉	ライ リ
𣮊	チキ:G チョク:K トク
𣮋	リ
𣮌	ショウ
𣮍	ショウ
𣮎	コン
𣮏	セン
𣮐	ビャク:G ヘキ:K
𣮑	ショウ
𣮒	ショウ
𣮔	ク:K グ:G
𣮕	キク
𣮠	サン
𣮡	ホウ
𣮢	キ
𣮣	ショウ
𣮧	ホウ
𣮩	ジョウ
𣮪	ジュウ ニュ
𣮫	カ:K ケ:G
𣮬	シュ:G シュウ:K ショ:G ソ:K ソウ
𣮮	ビ
𣮯	シュウ
𣮱	カ
𣮲	タ
𣮳	ボウ
𣮴	キク
𣮸	シュ:G シュウ:K ショ ソウ
𣮾	セン
𣮿	セン
𣯂	ホウ
𣯃	シ
𣯅	ケイ
𣯆	キ:K ギ:G
𣯇	カツ:K ガチ:G
𣯈	トウ
𣯉	チョウ
𣯊	ホウ
𣯋	ジョク:K ニク:G
𣯌	サ
𣯍	ジュン:K ジョウ ニュ ニン:G
𣯎	オチ:G オツ:K
𣯏	ジョウ ニュ
𣯐	ジュウ ニュ
𣯒	ク
𣯓	ホウ
𣯕	リ
𣯜	シュウ
𣯝	ゼイ
𣯟	ホウ
𣯢	サ
𣯤	リ
𣯥	ショウ
𣯦	ケイ
𣯧	サイ
𣯨	シュ:G ショウ:K
𣯩	ボン:K モン:G
𣯪	シ
𣯫	ル
𣯬	ボウ:K モウ:G
𣯭	ダイ:K ナイ:G
𣯮	ショウ
𣯯	サイ
𣯰	ショウ
𣯱	ハイ
𣯲	キク
𣯵	テキ
𣯸	ク
𣯹	キョウ:K ギョウ:G
𣯺	サン
𣯻	ハン ヒ フン
𣯼	ショク:K ソク:G
𣯽	ホウ
𣯾	トウ
𣰃	シュ
𣰆	トウ
𣰉	ショウ
𣰊	ドウ:K ニョウ:G
𣰋	ク
𣰌	リョウ
𣰍	ショウ
𣰎	シュ:K ス:G
𣰐	キュウ
𣰔	セン
𣰖	セイ
𣰗	セイ
𣰘	コン
𣰚	セ:G セイ:K
𣰛	アイ
𣰜	ヒョウ
𣰞	ショウ
𣰟	シュ
𣰠	ク
𣰡	キョ:K ゴ:G
𣰢	ル
𣰨	ヒン
𣰩	ソウ
𣰫	リョウ
𣰬	トク:K ドク:G
𣰭	チョウ
𣰮	ショク:K ソク:G
𣰲	ジョウ
𣰶	ジョウ:K ドウ:K ニョウ:G ノウ:G
𣰷	セン
𣰸	チョウ
𣰺	トウ:K ドウ:G
𣰼	ジョウ:K ニョウ:G
𣰿	シュ:K ス:G
𣱀	ラ
𣱂	コン
𣱄	ゼン
𣱅	ボウ
𣱇	シ
𣱈	ビン:K ミン:G
𣱉	ブン:K ボウ モン:G
𣱊	シ
𣱍	タン
𣱎	テツ
𣱏	オ
𣱐	イン エイ チ
𣱑	イン
𣱒	イン
𣱓	ギョウ コウ:K ゴウ:G
𣱕	キ
𣱖	キ
𣱙	イン
𣱚	キ
𣱛	キ:K ケ:G
𣱜	イン
𣱞	キ
𣱠	リツ
𣱡	シュン
𣱤	ギツ
𣱦	フン
𣱩	ショウ
𣱪	ソウ
𣱫	カク
𣱮	ケイ
𣱯	ソウ
𣱱	サ
𣱳	リュウ:K ル:G
𣱴	オ
𣱵	エイ
𣱶	ホク
𣱷	カ
𣱺	ハチ:G ハツ:K
𣱻	ジ
𣱽	シン
𣲀	セン
𣲁	キツ
𣲂	スイ
𣲃	トン
𣲄	キュウ
𣲊	コク
𣲋	チ
𣲎	イン
𣲏	ユウ
𣲒	リキ リョク
𣲓	サ
𣲔	キュウ
𣲕	タン
𣲜	エイ
𣲝	ヒョウ
𣲟	セツ
𣲠	セキ
𣲡	サ
𣲨	コ:K ゴ:G
𣲱	トツ
𣲲	カ:K ワ:G
𣲳	ハ
𣲴	フツ
𣲵	キ シ
𣲶	ジュウ ニュ
𣲷	ジュウ:K ニュウ:G
𣲸	カイ
𣲹	タン
𣲺	ケツ
𣲻	キョ
𣲼	キ
𣲽	ジョウ ニュ
𣲾	カイ
𣲿	ドウ
𣳀	シュウ
𣳁	ソウ
𣳂	コク
𣳄	タン
𣳅	レイ
𣳊	シツ
𣳋	ハン
𣳘	セツ
𣳙	ソ
𣳚	バ バイ:K ボツ:K メ:G モチ:G
𣳛	リュウ
𣳝	ハン
𣳞	コウ:K ゴウ:G
𣳟	セイ
𣳠	ボ
𣳣	キク
𣳤	タン
𣳥	ト
𣳦	サイ:G シン セイ:K
𣳧	セン
𣳨	タイ
𣳩	シ
𣳪	シ リ
𣳫	オウ
𣳬	キョク
𣳭	ヒョウ:K ビョウ:G
𣳮	チ
𣳯	ジ
𣳰	ホン
𣳱	ケツ
𣳲	ケン
𣳳	サイ
𣳴	ホウ
𣳶	ヒ
𣳷	ヒョウ:K ビョウ:G
𣳾	タイ
𣴁	シュウ
𣴎	ショウ:G ジョウ:G セイ ソウ:K ゾウ チョウ:K
𣴑	リュウ
𣴒	ケン
𣴔	ソ
𣴕	コウ
𣴖	サチ:G サツ:K
𣴟	ボウ:K ミョウ:G
𣴠	カツ
𣴡	ヒツ
𣴢	ソウ:K ゾウ:G
𣴣	ショウ:G ソウ:K
𣴤	ヨク
𣴥	キョウ:K ゴウ:G
𣴦	オウ
𣴧	トウ
𣴩	ヒン
𣴪	ヘイ
𣴫	ハ
𣴬	バイ:K ボツ:K メ:G モチ:G モツ
𣴭	ボウ
𣴮	サイ
𣴯	カイ
𣴰	オ
𣴱	ヨウ
𣴲	ヨク
𣴳	シャ
𣴴	カイ
𣴵	カイ
𣴶	シツ
𣴷	サ:K シャ:G
𣴸	エン
𣴹	キョウ
𣴺	エン
𣴻	シュウ
𣴼	カン
𣴾	ダ
𣵀	デツ
𣵟	ラ ロウ
𣵠	タク
𣵢	タン
𣵤	セン
𣵦	デン
𣵧	クン
𣵨	エン
𣵩	テイ
𣵬	トウ
𣵱	カン
𣵷	カン:K ガン:G
𣵸	ジク:G チク:K
𣵹	ジョウ:G テイ:K
𣵺	タ:K ダ:G
𣵻	タ
𣵽	ヨク
𣵾	アイ
𣵿	セン
𣶀	ブ
𣶁	セキ
𣶂	オウ キョウ:G コウ:K
𣶃	チョウ
𣶄	レツ
𣶅	キョ
𣶆	キュウ:K ク:G
𣶇	サイ
𣶈	ボウ:K モウ:G
𣶉	ク:G コ:K
𣶊	バク:K ミャク:G
𣶋	シャ
𣶌	ブン
𣶍	ジョウ
𣶎	ハク
𣶏	ショウ チョウ
𣶐	ヒョウ:G ホウ:K
𣶑	キョウ
𣶒	エン
𣶓	サイ
𣶔	カン
𣶕	キョウ
𣶗	イン
𣶘	ソク
𣶙	セン
𣶚	セン
𣶛	セン
𣶜	セン
𣶝	ショ
𣶞	タン
𣶟	ソウ
𣶠	シチ:G シツ:K
𣶡	サン:K セン:G
𣶢	ホウ
𣶣	タン
𣶤	サ:K シャ:G
𣶥	カク
𣶦	タク
𣶿	ビ
𣷜	セン
𣷝	ギョウ
𣷟	ケイ
𣷡	チュ チュウ
𣷢	ショ
𣷤	コツ
𣷥	サク
𣷦	シツ
𣷧	フウ
𣷩	イン
𣷵	ショク ソキ
𣷶	ソ
𣷹	テン
𣷼	タン
𣷽	シン
𣷾	キ
𣷿	タ
𣸀	キ
𣸁	シン
𣸂	カイ
𣸃	シュチ:G シュツ:K
𣸄	サン
𣸅	カチ:G カツ:K
𣸆	シ
𣸇	ヘン:K ベン:G
𣸈	シュウ
𣸉	タツ ダチ
𣸊	イン
𣸌	カ
𣸍	ハツ
𣸎	カイ:K ケ:G
𣸏	ダ:K ナ:G
𣸐	サチ:G サツ:K
𣸑	リョウ
𣸒	ダイ:G テイ:K
𣸓	セイ
𣸔	キョ:K ゴ:G
𣸕	スイ
𣸖	ケイ
𣸗	シ
𣸘	イ
𣸙	タン
𣸚	シャ:K ジャ:G
𣸛	サク
𣸜	フン
𣸝	ギョウ:G ケイ:K
𣸞	マン
𣸟	レツ
𣸠	ウ:G ユウ:K
𣸡	シツ
𣸲	ケツ
𣸸	テン
𣹅	セン
𣹆	コウ
𣹇	カ
𣹉	カン
𣹊	トウ
𣹌	シュウ
𣹍	セイ
𣹎	セン
𣹚	エイ
𣹝	ショウ
𣹞	チュ チョウ
𣹟	ク:G コウ:K
𣹠	エン:K オン:G
𣹡	ジ:G チ:K
𣹢	カン
𣹣	シュウ
𣹤	ジョ:K ニョ:G
𣹥	セン
𣹦	シン
𣹧	サ:K サク:K ザク:G シャ:G
𣹨	セイ
𣹩	キョウ:G コウ:K
𣹪	ボウ:K モウ:G
𣹬	コク
𣹭	リュウ
𣹮	ヘイ
𣹯	シュン
𣹰	シン
𣹱	コウ
𣹲	ダイ:G テイ:K
𣹳	リュウ
𣹴	セイ
𣹵	ドウ:K ノウ:G
𣹶	サ:K セ:G
𣹷	リョウ
𣹸	トウ
𣹹	メツ
𣹺	セン
𣹻	セン
𣹼	タン
𣹽	ジョウ:G テイ:K
𣹾	ジュン
𣹿	ボウ
𣺀	ボ:K モ:G
𣺁	ガチ ケツ
𣺍	キ
𣺬	コウ
𣺯	シツ
𣺰	ショウ
𣺱	ヒツ
𣺲	ヘイ
𣺳	コウ
𣺴	セイ
𣻌	ヨウ
𣻍	ショウ
𣻎	ク:G コウ:K
𣻏	キョウ
𣻐	サ:K シャ:G ショ
𣻑	サイ:K サツ:K セ:G セチ:G
𣻒	ショウ:G セイ:K
𣻓	セイ
𣻔	ヒョウ
𣻕	バ:K マ:G
𣻖	ドウ:K ヌ:G
𣻗	イ
𣻘	サク
𣻙	リン
𣻚	シュツ ジュチ
𣻛	ショウ:G ソウ:K チョウ:G トウ:K
𣻜	フ:K ブ:G
𣻝	セン
𣻞	シ
𣻠	シャ:K ジャ:G
𣻡	ロウ
𣻢	ツ:G トウ:K
𣻣	ショウ
𣻥	フ:K ブ:G
𣻦	カン
𣻧	セン
𣻨	ニョウ
𣻩	ジャク:G タク:K
𣻪	シュク:K ジュク:G
𣻫	ヒョウ
𣻬	サン
𣻭	トウ
𣻮	ガツ ゲチ
𣻯	エイ
𣻱	カイ チュ チュウ
𣻲	シ
𣼙	ビ
𣼚	タン:K トン:G
𣼛	バン:K ボン:K マン:G モン:G
𣼜	エン
𣼝	デキ
𣼞	エン
𣼟	ロク
𣼠	エン
𣼡	シン
𣼢	リョウ
𣼣	ロウ
𣼻	コ
𣽃	タン
𣽄	ケイ
𣽅	カツ
𣽆	チク
𣽇	ソウ
𣽈	ジュ
𣽉	ジュ
𣽊	シュン
𣽌	カン:K コン:G
𣽍	キ:K ギ:G
𣽎	コウ:K ゴウ:G ジャク:G タク:K
𣽏	オ
𣽐	カク
𣽑	タツ
𣽒	セチ:G セツ:K
𣽓	リョウ
𣽔	イン
𣽕	オ オウ
𣽖	セン
𣽘	ジョウ
𣽚	シキ:G ショク:K
𣽛	トウ
𣽜	シャ:K ジャ:G ジャク:G セキ:K
𣽝	ク:G コウ:K
𣽞	キ
𣽟	カン
𣽠	ヘイ
𣽡	ハク
𣽢	ヨク
𣽣	コウ
𣽤	サク:K シャク:G
𣽥	ガン
𣽦	カン:K ガン:G
𣽧	シン
𣽨	トウ:K ドウ:G
𣽩	リュウ
𣽪	ビ
𣽫	ス:G ソウ:K
𣽬	カン
𣽭	ボウ:K モウ:G
𣽮	イン
𣽯	タン
𣽰	カツ:K ガチ:G
𣽱	セイ
𣽳	ゼン:K ネン:G
𣽴	イ
𣽵	ソウ
𣽶	コツ
𣽽	サン
𣾀	カイ ワイ
𣾅	セン
𣾣	タツ
𣾤	キ
𣾦	ショウ
𣾨	ビ
𣾩	コウ
𣾪	テキ
𣾫	シュウ
𣾬	エン
𣾭	チョウ
𣾮	デン
𣾰	シツ
𣿅	ツ:G トウ:K
𣿆	フ:K ブ:G
𣿇	シン
𣿈	ソチ:G ソツ:K
𣿉	ゲイ
𣿊	レン
𣿋	コ
𣿌	カツ:K ガチ:G
𣿍	ロク
𣿏	オウ
𣿐	サイ:K ザイ:G ソク:K ゾク:G
𣿑	コウ
𣿒	サイ:K セ:G
𣿓	サイ:K セ:G
𣿔	タツ
𣿕	セン
𣿖	ヒョウ
𣿗	ゴウ
𣿘	トウ
𣿙	シ
𣿚	リツ
𣿛	カツ
𣿜	シュウ
𣿝	フ:G フウ:K
𣿞	リ
𣿟	ク:G コウ:K
𣿠	シュウ
𣿡	ギョ
𣿣	ギョウ:G コウ:K
𣿤	ユ:G ユウ:K
𣿲	コツ
𣿳	ロウ
𣿴	トウ
𤀄	モウ
𤀅	ソウ
𤀇	ハン
𤀈	イク
𤀋	エン
𤀎	タク
𤀝	ギョ
𤀢	ブ
𤀣	カン
𤀤	サチ:G サツ:K サン:K セ:G セイ:K セン:G ソウ
𤀦	ラチ:G ラツ:K
𤀧	ザン
𤀨	トウ
𤀩	カン:K ガン:G
𤀪	ハ
𤀫	ヘン
𤀬	ホン
𤀮	ジ
𤀯	ギョ
𤀰	コウ
𤀱	タツ
𤀲	ヘン:K ベン:G
𤀳	ビン
𤀴	キョウ
𤀵	エン
𤀶	コ
𤀷	イ
𤁉	カン
𤁊	カン
𤁋	レキ
𤁌	イク
𤁍	シュウ
𤁟	トウ
𤁡	タン:K ドン:G
𤁢	サチ:G サツ:K シャク:G セキ:K セチ:G セツ:K
𤁣	ハイ:K ベ:G
𤁤	タン
𤁥	レン
𤁦	カン:K ガン:G
𤁧	シュウ
𤁨	キュウ
𤁪	カツ:K ゲチ:G
𤁫	タツ ダチ
𤁬	ス:G ソウ:K
𤁮	オ オウ
𤁯	リョウ
𤁰	ジャク:G タク:K チャク:G テキ:K
𤁱	サイ
𤁲	テツ
𤁳	ジョウ:G チョウ:K
𤁴	キョ
𤁵	リョ:K ロ:G
𤁶	テイ
𤁷	テキ
𤁸	リョウ
𤁹	カク
𤁺	サ
𤁻	ヘン
𤁼	レイ
𤁽	オウ
𤁾	ライ ラチ:G ラツ:K レ
𤁿	イ
𤂀	ヒチ:G ヒツ:K
𤂁	カク
𤂂	ジャク:G テキ:K
𤂃	ヘイ
𤂄	ソク
𤂅	ジョウ
𤂆	ヒュウ
𤂇	ジ
𤂖	コウ
𤂠	エン
𤂡	ヨウ
𤂢	サイ
𤂣	ショウ
𤂤	テン
𤂥	テキ
𤂦	カン
𤂲	コウ
𤂴	キ
𤂵	トウ
𤂶	リン
𤂷	アチ:G アツ:K
𤂸	ジュン
𤂹	イン
𤂺	ラン
𤂻	ヨ
𤂼	ヤク
𤂽	トウ
𤂾	カチ:G カツ:K
𤂿	セン
𤃀	ライ:G レイ:K
𤃁	シツ
𤃂	シン:K ジン:G
𤃃	ハン:K ホン:G
𤃄	キョ
𤃊	ボク
𤃕	トウ
𤃗	カン
𤃘	カイ
𤃙	ボク
𤃩	リョウ:G レイ:K
𤃪	キ
𤃫	コウ
𤃬	カン
𤃭	ショウ
𤃮	タク
𤃯	カク
𤃰	ビ
𤃱	ビ
𤃲	ジュウ:G チュウ:K
𤃳	ハン:K ホン:G
𤃴	エ:G エツ:K オチ:G カチ:G カツ:K ワイ:K
𤃵	ハク
𤃶	トウ
𤃷	アン イン:K オン:G
𤃸	ハク
𤃹	レキ
𤃺	ジン
𤃼	ソウ
𤃽	キ
𤄃	カツ
𤄉	リュウ
𤄎	カク:K キャク:G ケキ
𤄏	グ:G コウ:K
𤄐	リュウ
𤄑	ハン:K ホン:G
𤄒	カン:K ケン:G
𤄓	ズ:G ソウ:K
𤄔	サツ ザチ
𤄕	ヨ
𤄖	ソウ
𤄗	ハク
𤄘	ユウ
𤄙	ショウ
𤄚	ヒョウ
𤄛	タイ デ
𤄜	ヘン ホン
𤄝	エン
𤄦	ロ
𤄧	ハン
𤄨	ケイ
𤄩	ショウ
𤄪	フン
𤄫	ハン:K ヘン ホン:G
𤄴	トク
𤄵	セン
𤄶	シャク ヤク
𤄷	ラ
𤄸	シン:K ジン:G
𤄺	ヘン
𤄻	セン
𤄽	ライ:G レイ:K
𤅅	ブ
𤅆	コウ
𤅇	ラン
𤅊	ゲチ:G ゲツ:K
𤅋	ズ:G トウ:K
𤅌	ノウ
𤅍	ソウ
𤅎	バン:K マン:G
𤅐	コウ
𤅑	ジョウ:K ニョウ:G
𤅒	サン
𤅛	ノウ
𤅝	カク
𤅡	コウ:K ゴウ:G
𤅢	ヤク
𤅣	ボン:K モン:G
𤅤	ビ:K ミ:G
𤅦	タン
𤅨	サク
𤅩	カン タン
𤅪	サク
𤅫	レイ
𤅭	ジョウ
𤅰	ヤク
𤅱	ク:G コ:K
𤅲	サン
𤅳	ヒチ:G ヒツ:K
𤅴	チ
𤅷	レイ
𤅸	エン
𤅹	ヒ:K ビ:G
𤅻	カク
𤅼	タン
𤅽	タン
𤅿	エン
𤆀	ヒュ ヒュウ
𤆁	ジョウ:G トウ:K
𤆂	キ
𤆃	タイ:K ダイ:G
𤆄	カ
𤆅	シャ
𤆆	カイ:K ケ:G
𤆋	サイ
𤆍	セキ
𤆎	サイ
𤆏	ワ
𤆐	キュウ
𤆑	シュ:G ソウ:K
𤆒	チ
𤆙	スイ
𤆚	トン
𤆜	カイ
𤆝	ハク:K ホク:G
𤆞	クチ クツ
𤆟	シ
𤆯	ショ
𤆰	シ
𤆱	ダン
𤆲	サイ
𤆳	ト バイ
𤆴	コウ
𤆼	チョ
𤆽	セン
𤆾	イ
𤆿	ケイ
𤇀	イン
𤇁	カイ
𤇆	エン
𤇇	テン
𤇚	タク
𤇛	コウ
𤇜	ビン
𤇝	フツ
𤇞	カ
𤇟	エン
𤇠	コ
𤇡	ゲン
𤇫	シュウ
𤇯	オウ オン
𤇰	ハツ ベチ
𤇱	ドウ:K ノウ:G
𤇲	ジン:K ニン:G
𤇳	キチ:G キツ:K メツ
𤇴	イ キ
𤇵	ガイ
𤇶	ショウ
𤇷	オン
𤈑	チャク:G テキ:K
𤈒	フウ
𤈓	ショウ
𤈔	チ
𤈕	シ
𤈖	ホウ
𤈢	キュウ:K コウ:G
𤈣	フ:G フウ:K
𤈦	キ
𤈧	カク ギャク
𤈨	ソウ
𤈩	サ:K シャ:G
𤈪	カイ
𤈫	イ
𤈬	マン
𤈭	ショウ
𤈮	サイ
𤈯	イク
𤈰	イク
𤈱	ケツ
𤈲	ショ
𤉊	タツ
𤉌	テン
𤉍	ロウ
𤉎	ショウ
𤉏	シ
𤉑	カン
𤉝	キョ:K ゴ:G
𤉞	リョウ
𤉟	ゼツ ネチ
𤉡	ジ
𤉢	ショウ
𤉣	サイ
𤉤	ヘチ:G ヘツ:K
𤉥	キュウ:K ク:G
𤉦	ワ
𤉧	キョウ:G コウ:K
𤉩	レツ
𤉪	ショウ:G ソウ:K
𤉫	カイ
𤉬	ソウ
𤉭	コウ
𤉮	ハイ
𤉯	ギョ
𤉹	フチ フツ
𤉺	キョウ:G コウ:K
𤉻	コウ
𤊅	キョク ジョウ
𤊗	エン
𤊙	ショウ
𤊚	コウ
𤊛	ショウ
𤊜	タイ
𤊯	トン
𤊲	ドウ:K ノウ:G
𤊴	カク
𤊵	シキ:G シチ:G シツ:K ショク:K
𤊶	ラチ:G ラツ:K
𤊷	ハイ:K ベ:G
𤊹	ホツ:K ボチ:G
𤊺	クツ
𤊻	フ:G フウ:K
𤊼	カン:K ガン:G
𤊽	リョウ
𤊾	バツ:K ベツ:K マチ:G メチ:G
𤊿	チョウ
𤋀	キャク:G キュウ:K ケキ:K コウ:G
𤋁	ヨウ
𤋂	バツ:K マチ:G
𤋃	シュウ
𤋄	ブ
𤋅	ケイ
𤋆	トウ
𤋇	シ
𤋜	ショウ
𤋨	タ
𤋩	ネツ
𤋪	バク
𤋫	ドウ
𤋬	オ
𤋭	ケイ
𤋮	イ キ
𤋯	シャ
𤋰	ジョ
𤋱	クン
𤋳	ギョ
𤌁	コウ
𤌃	タ:K ダ:G
𤌈	ヒョク
𤌉	ショウ:G ソウ:K
𤌊	サイ
𤌋	キ
𤌌	エイ:K ヨウ:G
𤌍	カク コク:K ゴク:G
𤌎	リン
𤌏	オ オウ
𤌐	カン:K ゴン:G
𤌑	ヒョウ
𤌒	エイ
𤌓	カン
𤌔	ダン ネン
𤌕	ダ
𤌗	コウ
𤌛	ショク
𤌜	テン
𤌷	ケイ
𤌸	ショウ
𤌺	セン
𤌻	カイ
𤌼	コウ
𤌽	ソウ
𤌿	シツ
𤍀	キョウ
𤍁	サツ
𤍍	ム
𤍐	タイ
𤍒	ショウ:G ソウ:K
𤍓	ショ:K ジョ:G
𤍔	ケイ
𤍕	ユウ
𤍖	セン
𤍗	ホツ:K ボチ:G
𤍘	ヒン
𤍙	セン:K ゼン:G
𤍚	マン
𤍛	ショウ
𤍜	ショウ:G ソウ:K
𤍝	サン
𤍧	エイ
𤍽	ゼツ ネチ ネツ
𤍾	サン
𤎁	レツ
𤎂	ショウ
𤎗	キョク
𤎘	ショウ
𤎙	シャク
𤎚	リョウ
𤎝	ガン
𤎞	リョウ
𤎟	エン
𤎠	ドウ
𤎡	カン:K ゴン:G
𤎢	セン
𤎣	オウ
𤎤	ロウ
𤎥	セン タン
𤎦	コウ
𤎧	シュ
𤎨	ヘツ
𤎩	スイ
𤎫	コウ
𤎬	ショウ
𤎭	イン シン リン
𤎮	ネツ
𤎯	ショウ:G ソウ:K
𤎰	ショウ:G ソウ:K
𤎱	スイ セン
𤎲	クチ クツ
𤎳	セキ
𤎴	セン
𤎵	セン
𤎶	キ
𤎷	シ
𤎸	ギョウ
𤏀	サ
𤏁	キ
𤏐	ラン
𤏗	シン
𤏘	ワク
𤏙	ダン
𤏚	ガン
𤏛	ヒョク
𤏜	キ
𤏝	セン
𤏞	リン
𤏟	ソウ
𤏠	ボ
𤏭	カン:K ゲン:G
𤏮	ホツ:K ボチ:G
𤏯	エン
𤏰	ホツ
𤏴	キ
𤏵	エキ
𤏶	オウ
𤏷	サン
𤏸	シャク
𤏹	ヒョク
𤏺	ゴウ
𤏻	ショウ
𤏼	ジン
𤏽	シャウ セイ
𤏾	セイ
𤏿	ベツ:K メチ:G
𤐀	クチ クツ
𤐒	サン
𤐔	タン
𤐕	キ
𤐗	リョウ
𤐞	エン
𤐟	コク
𤐦	シ
𤐧	ヒキ:G ヒョク:K
𤐨	セン
𤐩	カイ
𤐪	リン
𤐫	ヒョウ
𤐬	セキ
𤐭	チュウ
𤐯	ヤク
𤐰	カク:K ワク:G
𤐱	リョウ
𤐲	サン
𤐳	キョウ:G コウ:K
𤐷	オン
𤑂	トウ
𤑃	カン:K ゲン:G
𤑄	ネツ
𤑅	エン
𤑆	ゼン
𤑊	ホウ
𤑋	コウ
𤑒	エイ
𤑓	ヤク
𤑔	ゼツ
𤑖	サン
𤑗	ショウ:G ソウ:K リョウ
𤑡	ショウ
𤑢	ソウ
𤑣	サツ
𤑤	ガン
𤑥	バク
𤑦	テキ テン
𤑧	サツ
𤑨	シャ
𤑩	ジン
𤑪	カイ
𤑱	キ
𤑳	ショウ
𤑴	トン
𤑵	ショウ:G ソウ:K
𤑶	セン
𤑷	ヨウ
𤑸	ラン
𤑹	エキ:K ヤク:G
𤑺	ベキ:K ミャク:G
𤑼	ヨウ
𤑽	ギョウ
𤑾	スイ
𤑿	レン
𤒀	ヤク
𤒁	ヒョウ:G ホウ:K
𤒂	ヨウ
𤒆	ジュク
𤒉	フツ
𤒓	フツ
𤒔	ハク
𤒖	ソウ
𤒗	シャ
𤒜	フチ フツ
𤒝	ヤク
𤒞	タイ:K ダイ:G
𤒤	レン
𤒥	レン
𤒦	エン レン
𤒧	リョウ
𤒫	ヨウ
𤒬	クツ
𤒮	スイ
𤒺	ハク
𤒻	トウ:K ドウ:G
𤒼	コウ
𤒽	ジョウ:G トウ:K
𤒾	ヒョウ
𤓄	シャク
𤓅	テン
𤓈	シャク
𤓉	ゼン
𤓊	ハク
𤓏	オウ
𤓐	コウ
𤓑	ケキ
𤓒	ビ
𤓔	セキ
𤓕	セ:G セイ:K
𤓗	ソウ
𤓚	キ
𤓜	ヒョク
𤓝	ヤク
𤓞	ヒョク
𤓟	サン
𤓠	セン
𤓡	シャク
𤓤	セン
𤓥	サン
𤓦	テチ:G テツ:K
𤓪	ショウ
𤓫	スイ
𤓬	ショウ
𤓭	ウツ
𤓮	ウツ
𤓯	ショウ
𤓱	キュウ
𤓲	ラン
𤓳	サイ
𤓴	レチ:G レツ:K
𤓵	ソ
𤓶	ダ:K ナ:G
𤓷	ダ:K ナ:G
𤓸	イ
𤓽	フ
𤓾	トウ
𤔀	ダ:K ナ:G
𤔁	ヘイ
𤔂	レチ:G レツ:K
𤔇	ジ
𤔈	ソ
𤔉	ハ ホウ
𤔊	ケイ
𤔋	キョ
𤔌	イン:K オン:G
𤔍	ホウ
𤔐	ラン
𤔑	レイ
𤔒	ラン
𤔔	ラン
𤔕	ケイ
𤔗	カク
𤔘	ヨウ
𤔙	サ
𤔚	ジョウ
𤔜	フク
𤔝	ラ
𤔟	フン
𤔠	アイ
𤔢	ソウ
𤔣	ホウ:K ボウ:G
𤔤	アイ
𤔥	ソウ
𤔦	ラン
𤔧	ジ
𤔩	カク
𤔪	レン
𤔬	ラン
𤔮	サツ
𤔰	ショウ
𤔱	トウ
𤔲	シ
𤔶	トウ
𤔹	ショウ
𤕀	ショウ
𤕄	ショウ
𤕅	ラン
𤕇	シュウ タ
𤕈	レン
𤕊	シン
𤕋	ジュ
𤕍	ラン
𤕐	ク
𤕒	カ
𤕓	ヤ
𤕕	ハ
𤕘	オ
𤕚	カイ
𤕛	セイ
𤕝	キョウ
𤕞	ジョ:G チョ:K
𤕟	ショ:G ソ:K
𤕠	ショ:G ソ:K
𤕢	ギョウ:G コウ:K
𤕣	キ
𤕤	ショウ:G ソウ:K
𤕥	ハツ
𤕦	ドウ:K ニョウ:G
𤕧	ドウ
𤕨	ジ
𤕩	ハン:K ホン:G
𤕪	ショウ
𤕫	ダク
𤕭	ショウ
𤕮	イ
𤕯	ショウ
𤕰	ボウ
𤕱	ゼン
𤕲	ソ
𤕴	イ
𤕵	レイ
𤕶	ソウ
𤕷	ジョウ:G チョウ:K ヨウ
𤕺	シツ
𤕼	シツ
𤕽	ショウ
𤕾	キュウ:K グ:G フ:G ホ:K
𤕿	ヨウ
𤖀	ホウ
𤖁	ソウ
𤖄	ソウ
𤖅	ショウ:G ソウ:K
𤖆	サン:K ゼン:G
𤖇	カ
𤖈	ソウ
𤖉	ヘイ
𤖌	イ
𤖍	イツ
𤖏	シツ
𤖐	ハイ
𤖒	チョウ
𤖓	サク
𤖕	ショウ
𤖖	コウ
𤖗	シュウ
𤖘	フン:K ブン:G
𤖙	ショウ
𤖚	イツ
𤖛	ショウ:G ソ:K ソウ:K ゾ:G
𤖜	レイ
𤖝	エン
𤖞	シュウ
𤖠	ショウ
𤖢	リャク:G レキ:K
𤖣	ショウ
𤖤	ビ
𤖦	リョウ:G レイ:K
𤖧	ショウ
𤖩	サ
𤖫	ハン
𤖬	シュ
𤖭	ハン:K バン:G
𤖮	コウ
𤖯	ハイ
𤖰	タン
𤖱	カ:K ワ:G
𤖲	コ
𤖳	ヒョウ:G ホウ:K
𤖴	タク:K チャク:G
𤖵	コウ
𤖷	タク:K チャク:G
𤖺	レチ:G レツ:K
𤖻	キョウ:K ギョウ:G シ ジョウ:G チョウ:K
𤖼	ハク:K ヒャク:G
𤖽	キョウ
𤖾	キョウ
𤖿	ベキ
𤗀	ラ
𤗁	ショク:K ソク:G
𤗂	キュウ
𤗃	ユ
𤗄	ソウ
𤗅	イン
𤗇	コウ
𤗈	ショウ
𤗉	ソウ
𤗊	チョウ
𤗋	ハイ
𤗌	ヒ
𤗍	エン
𤗎	エン
𤗏	ハイ:K バイ ヘ:G
𤗓	ショウ
𤗕	カ:K ケ:G
𤗗	トウ
𤗘	ダイ:G テイ:K
𤗙	タク:K チャク:G
𤗚	ヒキ:G ヒョク:K
𤗛	レン
𤗜	カ:K ケ:G
𤗞	テイ
𤗠	ソウ
𤗢	タイ:G テイ:K
𤗣	チョウ
𤗥	ギョウ
𤗦	カク
𤗨	ジョウ:G チョウ:K
𤗩	ビ
𤗪	シュチ:G シュツ:K
𤗫	リ
𤗬	ル
𤗭	カ:K ケ:G
𤗮	サク ソウ
𤗯	サイ:K セ:G
𤗱	ユウ
𤗴	タイ デ
𤗵	ホク
𤗶	コウ
𤗷	リン
𤗸	フン
𤗺	ハク:K ヒャク:G
𤗻	セン
𤗾	トウ
𤗿	タイ デ
𤘀	シュウ:K ジュ:G トウ:K ドウ:G
𤘃	リャク:G レキ:K
𤘄	トク
𤘅	ガ:K ゲ:G
𤘆	ガ
𤘇	タン
𤘈	ガ
𤘉	ガ
𤘊	イ テイ
𤘌	キ
𤘐	ウ ク
𤘑	ガイ ゴチ:G ゴツ:K
𤘔	コ:K ゴ:G
𤘖	チョウ
𤘘	ク:G コウ:K
𤘚	ソウ
𤘛	ジュン
𤘜	ウ:G ユウ:K
𤘝	フン
𤘞	ダ:K ナ:G
𤘠	テン
𤘡	キン:K ゴン:G
𤘢	ヒ:K ビ:G
𤘣	ジン:G チン:K
𤘤	ヒ
𤘥	ヒン
𤘦	カイ
𤘧	キ
𤘫	ジュン
𤘱	ハイ
𤘲	シャウ ソウ
𤘳	テイ
𤘴	ボク
𤘵	コク
𤘶	チュウ
𤘷	ジュツ
𤘸	トウ
𤘹	ヒ:K ビ:G
𤘺	ジョウ ニュ
𤘻	ジョウ ニュ
𤘽	ク:G コウ:K
𤘾	ヒョウ:G ホウ:K
𤘿	ハイ
𤙀	ホウ
𤙅	ハイ
𤙇	コウ
𤙈	チツ
𤙊	テイ
𤙋	キン
𤙌	ジ
𤙍	ハイ
𤙎	トウ
𤙏	キョ
𤙑	カ:K ケ:G
𤙒	キョウ:K ギョウ:G
𤙓	トウ
𤙔	ジョウ:G チョウ:K
𤙕	カイ:K ケ:G
𤙖	キン:K コウ コン:G
𤙗	ホウ
𤙘	シュ:G シュウ:K
𤙛	ズ:G ト:K
𤙜	ショウ:G ソウ:K
𤙞	ヘイ ベイ
𤙟	ショ:G ソ:K
𤙠	キュウ:K グ:G
𤙡	ショウ:G セイ:K
𤙢	ソウ
𤙣	キン
𤙤	フ:K フウ ブ:G
𤙨	ソク
𤙩	カイ
𤙪	チ
𤙭	フ
𤙰	トク:K ドク:G
𤙱	シャ
𤙲	セイ
𤙳	ヒ:K ビ:G
𤙴	チョウ:G トウ:K
𤙵	ガ スイ
𤙸	トク
𤙽	コウ
𤙾	ホン
𤙿	ガク ダ
𤚀	サイ
𤚁	ゼン
𤚂	シュウ
𤚃	テイ
𤚄	シュウ
𤚅	ボ
𤚈	トウ
𤚉	シュ
𤚊	チョウ
𤚌	サイ
𤚍	テン
𤚎	ユ
𤚏	ジュ チュウ
𤚑	シャ:K ジャ:G
𤚒	リョウ
𤚔	シュ:G シュウ:K
𤚕	エン
𤚖	キョウ
𤚚	ドク
𤚛	メン
𤚜	ビョウ
𤚝	コウ
𤚞	ゴウ
𤚟	トウ
𤚡	ド
𤚢	テイ
𤚣	セイ
𤚤	ビ
𤚥	バン
𤚨	シン
𤚩	シン:K ジン:G
𤚪	ヘイ
𤚫	トウ:K ドウ:G
𤚬	ソウ
𤚭	ヨウ
𤚮	ジュン
𤚯	キュウ:K ク:G
𤚱	クチ コツ
𤚲	ク:G コウ:K
𤚳	ケン:K コン:G
𤚴	ボ
𤚵	ブ:G ホ:K
𤚶	ウ
𤚼	コウ
𤚾	シン
𤚿	シン
𤛀	トク
𤛁	オン
𤛄	セイ
𤛅	チク
𤛊	ロウ
𤛋	トウ:K ドウ:G
𤛌	イ
𤛍	サイ:K ゼ:G
𤛎	ビ:K ビン:K ミ:G ミン:G
𤛏	ソ
𤛐	オ オウ ク
𤛑	ユ:G ヨウ:K
𤛒	トウ
𤛖	ボウ
𤛗	カク
𤛙	テイ
𤛚	カン
𤛛	タ:K ダ:G
𤛜	キョウ
𤛝	シュク
𤛟	ヒ
𤛡	ルイ
𤛢	ショウ:K ジョウ:G
𤛣	トウ:K ドウ:G
𤛤	サン
𤛥	オウ:G コウ:K
𤛦	カチ ケツ
𤛧	シン:K ジン:G
𤛩	タ
𤛪	キュウ
𤛫	セイ
𤛭	グン
𤛯	トク
𤛰	カン
𤛱	ジチ:G チツ:K
𤛲	イ ギ
𤛳	カイ:K ゲ:G
𤛴	トウ
𤛶	ライ:G レイ:K
𤛷	ショク
𤛸	アン
𤛹	ガク ゴク
𤛺	リ
𤛻	ソウ
𤛼	ライ:G リ リュウ:K ル:G レイ:K
𤛾	ジョウ:K ニョウ:G
𤛿	リ レイ
𤜂	エ:G エイ カイ:K ケイ ゲ
𤜃	ジュン
𤜄	エ:G カイ:K
𤜅	ゴク
𤜇	サン:K ザン:G
𤜈	ハク
𤜉	エイ:K ヨウ:G
𤜊	カ
𤜋	カイ
𤜌	ハク
𤜍	カン:K ガン:G
𤜏	ライ
𤜐	ソウ
𤜑	ヒ
𤜒	ライ
𤜓	リャク
𤜔	キク ゴク
𤜕	ハ
𤜖	ルイ
𤜘	バン
𤜙	リョウ:G レイ:K
𤜛	ハン
𤜜	リキ リョク
𤜝	キ
𤜡	エ:G カイ:K
𤜢	シン
𤜣	シ:K シャ:K ジ:G ジャ:G
𤜤	タク:K チャク:G
𤜧	ハツ
𤜨	トン
𤜩	シャク
𤜫	サ
𤜯	ショウ:G ソウ:K
𤜰	キョウ:G ケイ:K
𤜱	ハ
𤜲	ハイ:K バイ:G
𤜳	シ
𤜴	ユウ
𤜵	ガン ケン:K ゲン:G
𤜶	コ ソウ
𤜷	コ:K ゴ:G
𤜸	アク:K ヤク:G
𤜹	ユ
𤜺	エン
𤜻	ヒ:K ビ:G
𤜼	ケン:K ゲン:G セン:K ゼン:G
𤜽	ダツ
𤜾	キャク:G ケキ:K
𤜿	ケキ
𤝃	コ
𤝄	ボウ
𤝅	チュウ
𤝆	ユ
𤝇	ヤ
𤝈	ギツ トウ
𤝉	ヤ
𤝌	エン
𤝍	ジツ
𤝏	ヘン:K ベン:G
𤝐	コウ:K ゴウ:G
𤝑	ハン
𤝒	ダツ ナチ
𤝓	チョウ
𤝔	フ
𤝕	ボウ:K モ:G
𤝖	サイ:K セ:G
𤝗	テン:K デン:G
𤝘	コ:K ゴ:G
𤝙	キョ:K ゴ:G
𤝚	チン
𤝛	タ:K ダ:G
𤝜	ハイ:K ベ:G
𤝝	ビ:K ミ:G
𤝞	ジュチ チュツ
𤝟	フチ フツ
𤝠	ドク
𤝡	ハク
𤝣	ヒョウ
𤝤	ヤク
𤝦	サイ
𤝧	ヒョウ
𤝨	ユウ
𤝩	ジョ ヨク
𤝬	シ タイ:G テイ:K
𤝭	サイ
𤝮	ロチ ロツ
𤝯	ハ:K バ:G
𤝰	トウ
𤝱	エチ:G エツ:K エン
𤝲	ゴ
𤝳	イ
𤝵	キョウ
𤝶	キョウ
𤝷	コウ:K ゴウ:G
𤝸	ヘイ
𤝹	シュ
𤝺	ジ
𤝻	イ
𤝼	セイ
𤝽	イ シ
𤝾	ドウ:K ノウ:G
𤝿	キョウ
𤞀	コウ:K ゴウ:G
𤞁	キャク:G ケキ:K
𤞂	シツ
𤞈	テイ
𤞉	ジュ
𤞊	レツ
𤞋	ソウ
𤞌	タイ
𤞍	ドウ
𤞎	ジョ ヨク
𤞗	サイ
𤞙	コ
𤞚	ショウ
𤞛	ショウ:G ソウ:K ゾウ
𤞜	ハイ:K ヘ:G
𤞝	タイ:G チ:K デ
𤞞	コク ヨク
𤞟	ズ:G トウ:K
𤞠	サツ:K セチ:G タツ
𤞡	シャ:K ジャ:G
𤞢	ヨウ
𤞣	エン
𤞥	ホウ
𤞮	タイ
𤞯	チョウ
𤞰	キュウ
𤞲	コ:K ゴ:G
𤞳	サイ
𤞴	カク
𤞵	ヒョウ
𤞸	カン
𤞹	サン
𤞾	タン
𤞿	カン
𤟀	ソウ
𤟄	コウ
𤟅	カン:K ゲン:G
𤟇	エン
𤟈	トウ
𤟉	ガン
𤟋	キョウ:G コウ:K
𤟌	ショウ
𤟍	タク:K チャク:G
𤟎	クチ クツ
𤟏	シュク
𤟐	セイ
𤟑	ライ:G レイ:K
𤟒	ショウ
𤟓	ロク
𤟔	チョウ
𤟕	ショ
𤟖	サイ
𤟗	エン
𤟘	ロク
𤟙	ゼン
𤟚	カ:K ケ:G
𤟜	ケン
𤟝	カ:K ケ:G
𤟞	ギョウ:G コウ:K
𤟟	アン
𤟠	ショ
𤟡	コウ
𤟢	トン:K ドン:G
𤟣	エイ:K ヨウ:G
𤟤	キ クン コン:K ゴン:G
𤟥	ダイ:G テイ:K
𤟦	ドウ:K ヌ:G
𤟧	シ
𤟨	シュ
𤟩	トク:K ドク:G
𤟪	トツ:K ドチ:G
𤟫	シュウ ソウ
𤟬	トウ
𤟭	チャク
𤟱	ワ
𤟴	キ
𤟵	レイ
𤟶	エン
𤟸	チン
𤟻	カツ
𤟼	コウ
𤟽	シャ
𤟾	テイ
𤟿	セン
𤠀	サツ
𤠇	カク:K キャク:G
𤠌	サイ
𤠍	ハン:K バン:G
𤠎	シキ:G ショク:K
𤠏	ドウ
𤠐	トウ:K ドウ:G
𤠑	リュウ:K ル:G
𤠒	シ
𤠓	ケイ ゲイ
𤠔	エン
𤠕	キュウ
𤠖	コウ
𤠗	キュウ
𤠘	ソウ
𤠙	カ:K ケ:G
𤠚	ソ
𤠛	コウ
𤠜	ジョウ:G テイ:K
𤠝	サ
𤠞	ヒ
𤠟	トウ
𤠠	スイ
𤠡	トウ
𤠥	セイ
𤠪	フク
𤠫	リツ
𤠬	キョウ
𤠭	シャ
𤠵	ケツ
𤠶	テン
𤠹	セイ
𤠺	ヒチ:G ヒツ:K
𤠻	テキ
𤠽	シュク
𤠾	チョ
𤠿	カン:K ケン:G
𤡀	ヨウ
𤡁	バン:K マン:G
𤡂	ルイ
𤡃	ソク
𤡄	チン
𤡅	サン:K セン:G
𤡆	ス:G ソウ:K
𤡇	コウ
𤡎	ケン
𤡏	セキ
𤡐	ソウ
𤡑	ヒョウ
𤡒	ショ ヤ
𤡓	オク
𤡕	フン
𤡖	ガン
𤡗	シュウ
𤡘	カン
𤡙	サン
𤡜	エン
𤡝	ヘイ
𤡞	ソウ
𤡟	カン
𤡠	ドウ:K ニョウ ノウ:G
𤡡	シャク
𤡢	チ
𤡣	キョ:K コ:G
𤡤	ドウ:K ノウ:G
𤡥	カン:K ガン ゲン:G
𤡦	ガン
𤡧	カイ:K ガイ:G サイ:K スイ:K ズイ:G ゼ:G
𤡩	リン
𤡪	イ スイ
𤡫	リャク:G レキ:K
𤡬	キ
𤡭	ヒョウ:G ホウ:K
𤡮	ゼン:K ネン:G
𤡰	ハン
𤡱	ケ:G ケイ:K
𤡲	カイ
𤡳	チン
𤡴	トク:K ドク:G
𤡵	レイ
𤡶	クチ クツ
𤡾	アク
𤡿	レイ
𤢀	キ
𤢁	カン
𤢃	キョウ
𤢄	ショウ
𤢅	ゼン
𤢊	ロ
𤢋	ガン
𤢌	チ
𤢍	ズイ
𤢎	トウ
𤢏	タン
𤢐	オウ
𤢑	キ
𤢒	タイ:G チ:K テ
𤢓	キョ:K コ:G ゴ
𤢔	キョウ:G ケチ:G ケツ:K コウ:K コチ
𤢖	ショウ
𤢗	ライ
𤢘	ソ
𤢙	リョウ
𤢚	ジュウ
𤢜	ドク
𤢝	ゴウ
𤢞	マン
𤢠	カツ
𤢢	ジョウ
𤢣	ヘキ
𤢦	イン:K オン:G
𤢧	シャク
𤢨	コウ
𤢩	スイ ツイ
𤢪	リョウ
𤢮	ヨウ
𤢯	リン
𤢴	シャク リャク:G レキ:K
𤢵	ライ
𤢶	キュウ:K グ:G
𤢷	セン
𤢸	リョウ
𤢹	ルイ
𤢺	ケツ:K ゲチ:G
𤢻	シ セイ
𤢼	テキ
𤣃	ロ
𤣅	カク
𤣆	タン チン テン:K デン:G レン
𤣊	コウ
𤣋	レイ
𤣌	キョウ
𤣍	リョウ:G レイ:K
𤣎	エイ:K ヨウ:G
𤣑	ケイ ゲ
𤣒	ショウ
𤣓	カク:K キャク:G ク
𤣔	セン
𤣘	リョウ:G レイ:K
𤣙	ユウ
𤣛	ユ:G ユウ:K
𤣜	ドウ
𤣝	セン
𤣟	ラン
𤣠	キョウ
𤣣	キョウ
𤣤	リョウ:G レイ:K
𤣧	ロ
𤣩	ギョク:K ゴク:G
𤣪	ギョク
𤣫	トウ
𤣬	オ
𤣭	シン
𤣯	タク
𤣰	フ:G ホ:K
𤣴	ボウ
𤣵	キョウ:K ク:G シ
𤣶	キン
𤣸	ハツ
𤣹	ホウ
𤣺	ソウ
𤣻	ボツ:K モチ:G
𤣼	ゼツ ネチ
𤣽	ボウ
𤤈	コ
𤤉	ホ
𤤊	タイ
𤤋	キ
𤤍	ビン
𤤏	ケツ
𤤐	ソ
𤤑	キョウ:K グ:G
𤤒	ハツ ヘチ
𤤓	ホウ
𤤘	キュウ
𤤦	テン
𤤧	ユウ
𤤨	カイ
𤤩	タ
𤤪	サン
𤤫	ガイ
𤤬	ヨウ
𤤯	エイ
𤤱	シ
𤤲	コウ
𤤶	キョウ:K グ:G
𤤷	タイ:K テ:G
𤤸	タ:K ダ:G
𤤹	キョク
𤤺	エイ
𤤻	ハン
𤤼	ドウ
𤤽	チン
𤥎	エン
𤥒	セイ
𤥓	キン
𤥔	シュク
𤥕	セン
𤥖	ホウ
𤥗	リュウ:K ル:G
𤥙	バン:K マン:G
𤥚	カン
𤥛	ギン
𤥜	ボツ
𤥮	シュ
𤥰	ビョウ
𤥷	ゼン
𤥸	リン
𤥼	ソウ
𤥽	ヨ
𤥾	キョ:K ゴ:G
𤥿	エキ:K ヤク:G
𤦀	ビ:K ミ:G
𤦃	ライ
𤦒	コク
𤦛	ボウ:K マイ モウ:G
𤦠	カイ
𤦡	キン
𤦤	ケイ
𤦥	エイ
𤦦	ハン
𤦨	セイ
𤦮	ジ:G チ:K
𤦯	シン
𤦰	リュウ
𤦱	ギョウ:G ケイ:K
𤦲	キョ:K ゴ:G
𤦳	コン
𤦴	ロウ
𤦼	カン:K ガン:G ワン
𤧖	カン
𤧗	カ
𤧘	トウ
𤧙	ユ
𤧠	ゲン
𤧢	リン
𤧧	エイ
𤧪	チン
𤧫	タイ
𤧭	ホウ:K ボウ:G
𤧮	タ:K ダ:G
𤧯	バン:K マン:G
𤧰	ヒ
𤧲	ハ
𤧺	セン
𤨍	リク
𤨎	キョ
𤨏	サ
𤨐	ジ
𤨔	カン
𤨕	ロク
𤨖	コ:K ゴ:G
𤨘	ハン
𤨙	ロク
𤨛	サ
𤨜	ロウ
𤨝	シツ
𤨭	ヨウ
𤨸	モン
𤨹	ト
𤨺	チン
𤨻	リョウ:G レイ:K
𤩀	サン
𤩁	キョ
𤩂	ロウ
𤩃	オウ
𤩄	セン
𤩅	セン
𤩆	カン
𤩇	シュク
𤩈	シュク
𤩉	シュク
𤩋	セン
𤩒	キ
𤩟	キン
𤩡	セン
𤩣	ビ
𤩤	ユウ
𤩨	カン:K ガン:G
𤩩	ゴウ
𤩫	カイ
𤩬	キョウ:G コウ:K
𤩭	コウ:K ゴウ:G
𤩮	リャク:G レキ:K
𤩯	レキ
𤩰	リツ
𤩱	テン:K デン:G
𤩲	カチ:G カツ:K
𤩳	ホン
𤩴	テン
𤩵	キョ
𤪃	リョウ
𤪄	オウ
𤪅	ヨウ
𤪆	カツ
𤪇	ラ
𤪌	キ:K ギ:G
𤪍	カツ:K ガチ ゲチ:G
𤪎	ユ:G ユウ:K ヨウ
𤪏	リン
𤪐	ヨ
𤪡	ソウ
𤪢	レキ
𤪣	キン
𤪩	サ
𤪪	チュン テン:K デン:G
𤪫	キ:K ギ:G
𤪬	キョ
𤪮	テン
𤪴	シツ
𤪹	カン
𤪿	カイ
𤫀	セン
𤫅	ヘキ
𤫆	シ
𤫉	ショウ
𤫊	リョウ:G レイ:K
𤫌	ヨ
𤫍	キン
𤫔	ヨウ
𤫕	ジュウ ジョウ:K ドウ:K ニュ ニョウ:G ノウ:G
𤫘	ドウ:K ノウ:G
𤫝	キ キュウ ケイ ケツ
𤫞	デン
𤫣	ゲン
𤫤	ルイ
𤫥	ライ レ
𤫧	コウ
𤫨	シン:K ジン:G
𤫩	レイ
𤫪	トン:K ドン:G
𤫫	ハン
𤫬	ホ ホウ
𤫭	トン
𤫯	チン
𤫰	テツ
𤫱	ク:G コウ:K
𤫲	リョウ:G レイ:K
𤫳	シ
𤫴	テツ
𤫵	カチ:G カツ:K
𤫶	カツ:K ケチ:G
𤫷	キョウ:G コウ:K
𤫹	オン
𤫺	ヨウ
𤫻	トク
𤫼	テツ
𤫾	ヨウ
𤬁	カ:K ワ:G
𤬂	トク
𤬃	ハイ:K ヘ:G
𤬇	ヨウ
𤬈	コウ ゴ
𤬉	ケ:G ケイ:K
𤬌	エン
𤬍	ヨウ
𤬎	テツ
𤬏	ル:G ロウ:K
𤬐	エイ:K ギョウ:G ケイ:K ヨウ:G
𤬒	オン
𤬕	シツ
𤬖	ショウ ヨウ
𤬗	コ
𤬘	キ
𤬚	レン
𤬛	ロ
𤬜	ロ
𤬝	ゲン:K ゴン:G
𤬠	ケン:K ゲン:G
𤬡	ヒョウ
𤬢	ヒョウ
𤬣	ヒョウ
𤬤	レイ
𤬥	ジョウ
𤬦	ガ:K ゲ:G
𤬧	ソツ
𤬨	ハン:K ホン:G
𤬩	ヨク
𤬪	カン:K コウ コン:G ズ:G ト:K
𤬫	サイ
𤬬	シュ:G シュウ:K
𤬭	ハイ:K ヘ:G
𤬮	ヘイ
𤬯	カン:K ケン:G ゴン
𤬰	ケン
𤬱	クツ
𤬳	キョウ:K ク:G
𤬵	タイ:G テイ:K
𤬶	ユ:G ヨウ:K
𤬷	ダツ ナチ
𤬺	オウ
𤬻	レイ
𤬼	ダツ
𤬿	ケ:G ケイ:K ゲ
𤭀	ゼン
𤭁	トウ
𤭂	ジョウ:K ニョウ:G
𤭃	リョウ
𤭄	オウ カク
𤭌	ダイ:G テイ:K
𤭍	ハン:K ボン:G
𤭎	ブ
𤭏	チャク:G テキ:K
𤭐	ボウ:K ミョウ:G
𤭑	ゴ
𤭒	ロウ
𤭓	ケイ
𤭔	セン ビョウ:G ヘイ:K
𤭕	コウ
𤭖	チョウ
𤭗	ダツ
𤭘	イ
𤭛	コウ
𤭜	ライ:G レイ:K
𤭝	ケイ
𤭞	トン
𤭟	フウ:K ブ:G
𤭠	ダツ
𤭡	ダツ
𤭢	サイ:K セ:G
𤭣	シ
𤭦	シ
𤭧	カイ
𤭨	タ:K ダ:G
𤭩	キョウ:G ケイ:K
𤭪	ソウ
𤭫	エイ
𤭬	コウ:K ゴウ:G
𤭰	シュウ
𤭱	コ
𤭳	カク
𤭴	ソク
𤭹	オウ
𤭺	コウ
𤭻	カ
𤭼	ゴウ
𤭽	シュチ:G シュツ:K
𤮀	シ
𤮅	ケイ
𤮆	キ
𤮇	ヨウ
𤮈	ケチ:G ケツ:K
𤮉	ルイ
𤮊	コウ
𤮋	カク
𤮌	ショウ
𤮍	ゼン
𤮎	ルイ
𤮏	オウ:G コウ:K
𤮐	ソン:K ゾン:G
𤮓	シ
𤮔	ケン
𤮖	カク
𤮘	トウ
𤮙	キ
𤮚	ライ
𤮛	ケキ
𤮜	セン:K ゼン:G
𤮡	ジョウ
𤮢	ブ:K ム:G
𤮦	タン:K ドン:G
𤮧	ロ
𤮨	ル:G ロウ:K
𤮩	タイ:K テ:G
𤮪	シュン ジョウ ジン:K ゼン:K ニュ ニン:G ネン:G
𤮫	チョ
𤮭	サン
𤮮	レイ
𤮯	ケイ
𤮰	エ:G エイ:K ケ:G ケイ:K ゲ
𤮱	ショウ
𤮲	ヨウ
𤮳	セン
𤮵	リョウ
𤮷	リュウ:K ル:G
𤮸	ライ レ
𤮹	レイ
𤮺	カン
𤮻	シ
𤮼	タイ:K ダイ:G
𤮽	カン
𤯁	カツ
𤯂	ゴ
𤯄	ジ
𤯅	ジン
𤯇	エン
𤯈	シャ
𤯉	タン
𤯋	シャ
𤯌	カン コウ タン:K ドン:G
𤯍	カン
𤯎	カン
𤯏	バイ
𤯐	エン
𤯓	セイ
𤯔	ジン
𤯕	セイ
𤯖	スイ
𤯗	オン
𤯚	シュ:G シュウ:K
𤯛	ショウ
𤯜	セイ
𤯝	セイ
𤯟	ヨク
𤯠	イン
𤯡	ショウ:G セイ:K
𤯢	セイ
𤯣	セイ
𤯦	ドン
𤯧	セイ
𤯬	セイ
𤯯	ドン
𤯲	リュウ
𤯳	ス:G ソ:K
𤯷	オウ:G コウ:K
𤯻	ボウ
𤯽	シ
𤰀	カウ コウ
𤰂	ジョウ
𤰃	ヨウ
𤰅	コウ:K ゴウ:G
𤰆	ヨウ
𤰇	ヒ:K ビ:G
𤰈	ヒ:K ビ:G
𤰋	ヨウ
𤰌	デン
𤰎	ヨウ
𤰏	セン
𤰑	フ:K ブ:G
𤰓	エン
𤰕	ケン
𤰖	セ
𤰛	リュウ
𤰝	ケン
𤰞	ヒ
𤰟	コウ
𤰠	チキ:G チョク:K
𤰡	ボウ
𤰢	コウ
𤰣	イ
𤰦	タ
𤰧	キュウ
𤰨	セイ
𤰩	ヨ
𤰪	フン:K ブン:G
𤰫	ホウ
𤰬	ショウ:G ソウ:K
𤰭	シ
𤰮	ケ:G ケイ:K
𤰰	イ
𤰱	カク
𤰲	イ
𤰳	キョウ:G ケイ:K
𤰴	イ
𤰵	イ
𤰶	シン
𤱃	レツ
𤱄	セン
𤱅	ドウ
𤱆	ドウ
𤱇	ドウ
𤱊	リュウ:K ル:G
𤱋	ザン ゼン:K ダン:K ナン:G ネン:G
𤱌	ソ
𤱍	ハ ヒ
𤱎	ユ:G ユウ:K
𤱏	シン
𤱒	リク
𤱓	シン
𤱖	イ
𤱛	レツ
𤱜	シュウ
𤱞	テン
𤱟	コウ
𤱠	ショウ
𤱡	ダ
𤱣	ダン:K ナン:G
𤱤	チョ
𤱥	シン
𤱦	コウ
𤱨	キョウ:K ク:G
𤱩	ジョウ:G チョウ:K
𤱪	カク
𤱫	イ
𤱬	シュン
𤱭	トウ
𤱮	ビ
𤱱	サイ
𤱲	キ
𤱳	コウ
𤱴	ボウ
𤱵	ホウ
𤱷	キョウ
𤱸	シ
𤱺	カイ
𤱼	シン
𤱽	フ:K ブ:G
𤱾	エ:G ケイ:K
𤲃	ヒツ
𤲄	ビ
𤲉	ケイ
𤲊	ホウ
𤲋	シュン
𤲍	コウ:K ゴウ:G
𤲑	チョ
𤲒	ビョウ:G ヘイ:K
𤲓	タイ ライ
𤲔	ジ
𤲕	リン
𤲖	テン
𤲗	ゼン:K ネン:G
𤲘	チョウ
𤲙	ホン
𤲚	ツ トク
𤲛	ホン
𤲜	ヒツ
𤲝	ショク
𤲢	リュウ
𤲣	ソウ
𤲧	ボウ
𤲨	ケン
𤲩	エン
𤲫	タン
𤲬	ゼン:K ダ:K ナ:G ネン:G
𤲭	タン
𤲮	チュウ
𤲯	カク
𤲰	バイ
𤲲	フン
𤲵	ジ
𤲶	ジョウ セン
𤲷	ショク
𤲸	シ
𤲹	テツ
𤲺	ケイ
𤲻	キョウ
𤲽	コウ
𤲿	カク
𤳁	ジョウ
𤳂	バ
𤳅	サ:K セ:G
𤳈	ショウ
𤳉	カン
𤳊	ヒョウ:G ビョウ ヘイ:K
𤳋	ショク
𤳌	ショ
𤳎	セキ
𤳏	ライ
𤳒	サン
𤳓	ライ:G レイ:K
𤳔	ショウ
𤳕	イク
𤳖	ハン:K ホン:G
𤳗	ハン
𤳘	トウ
𤳛	ハ
𤳝	チュウ
𤳟	ゼン:K ネン:G
𤳠	チュウ
𤳤	ケイ
𤳥	キ
𤳩	リン
𤳪	ヨウ
𤳫	ヘイ
𤳬	ケイ
𤳭	コウ
𤳮	ショウ
𤳯	ショ
𤳳	キ ライ レ
𤳴	ライ
𤳵	サツ
𤳶	サ
𤳹	キ
𤳻	ルイ
𤳼	ショ
𤳿	タン
𤴀	キョウ:G コウ:K
𤴂	リャク
𤴄	キ
𤴅	ロ
𤴇	セイ
𤴈	ルイ
𤴉	チョウ
𤴋	タン
𤴌	ライ
𤴎	タン
𤴐	ライ
𤴑	ライ
𤴒	ライ
𤴓	ガ セイ
𤴔	カ:K ゲ:G ショ:G ソ:K
𤴕	ソク
𤴗	ショウ
𤴘	ジョウ
𤴙	ショ:G ソ:K
𤴜	ソ
𤴝	チ
𤴞	カ
𤴟	セイ
𤴡	タイ:G チ テイ:K
𤴢	チ
𤴣	ヘキ
𤴤	レイ
𤴥	キュウ
𤴦	キュウ:K ク:G ユウ
𤴧	ガイ:K ゲ:G
𤴨	ウ:G ユウ:K
𤴩	ソク
𤴪	キュウ
𤴫	ダク
𤴮	キュウ:K ク:G
𤴯	カン:K ガン:G
𤴰	ゴツ
𤴱	ツ:G ト:K
𤴴	ジン
𤴸	ギツ
𤴻	トウ:K ドウ:G
𤴼	キョウ:G コウ:K シ:K ジ:G
𤴽	キン:K ゴン:G
𤴾	キン:K コン:G
𤴿	セン:K ゼン:G ネン
𤵀	キ:K ケ:G
𤵁	ジ:G チ:K
𤵂	シン
𤵃	チュ チュウ
𤵇	カイ
𤵊	ト
𤵋	チ
𤵍	セキ
𤵎	オウ
𤵑	キ
𤵒	ブン
𤵔	ジン
𤵗	フ:G ホ:K
𤵘	ヒ
𤵙	ショウ:G セイ:K
𤵚	タ
𤵛	ハイ:K ヘ:G
𤵜	チン
𤵝	ボウ:K モ:G
𤵞	キン:K ゴン:G
𤵟	トウ:K ドウ:G
𤵠	リョウ
𤵡	コ
𤵢	ケン
𤵣	ヘイ
𤵤	ビン:K ミン:G
𤵥	ソウ:K ゾウ:G
𤵦	サツ
𤵧	セン
𤵫	タ
𤵬	シ
𤵮	カイ
𤵯	ギン
𤵰	ソウ
𤵵	ユ
𤵷	セン
𤵸	ホウ リュウ:K ル:G
𤵹	カチ:G カツ:K
𤵺	エイ
𤵻	コウ
𤵼	ショウ
𤵽	カイ
𤵾	タ
𤵿	ロウ
𤶀	コウ
𤶁	ロウ
𤶅	シツ
𤶆	ドウ
𤶈	セイ
𤶉	ユ
𤶋	ハク
𤶌	シュウ
𤶍	シュウ
𤶓	シ
𤶔	キュウ
𤶕	トン
𤶖	フウ:K ブ:G
𤶗	ガイ:K ゲ:G
𤶘	コチ:G コツ:K
𤶙	サ
𤶚	デツ ネチ
𤶛	ユウ
𤶜	ショウ:G ソウ:K
𤶝	チン
𤶠	ジョ:G タ:K ダ:G チョ:K
𤶡	チュウ
𤶢	チ
𤶣	エキ
𤶤	サン
𤶥	シツ
𤶨	コン
𤶩	キュウ シュウ
𤶪	ヨウ
𤶫	キュウ
𤶮	ト
𤶯	シュウ
𤶰	セイ
𤶲	ケイ
𤶳	カク
𤶴	シン
𤶵	ノウ
𤶶	オウ
𤶷	ソウ
𤷀	オウ
𤷁	ハイ:K ヘ:G
𤷂	ヒ
𤷃	セン:K ゼン:G
𤷄	ケン:K ゲン:G
𤷅	ガイ:K ゲ:G ゲイ
𤷆	ツ:G トウ:K
𤷇	カク キョク ケキ
𤷈	ダツ ナチ
𤷉	キョク コキ
𤷊	ウ:G ユウ:K
𤷌	キン
𤷍	キ:K ギ:G
𤷎	タイ:K テ:G
𤷏	イン
𤷐	ボウ
𤷑	キュウ:K グ:G
𤷓	キン
𤷔	ロン
𤷕	サイ
𤷖	リョウ
𤷗	ヘツ:K ベチ:G
𤷘	トウ:K ドウ:G
𤷙	トク
𤷚	ショク チョク
𤷛	ショウ
𤷜	イン
𤷢	グ
𤷤	コウ
𤷥	サン
𤷦	ケイ
𤷧	ワ
𤷨	シュウ
𤷷	オウ
𤷸	ワ
𤷹	エ:G ワイ:K
𤷺	ソウ
𤷻	ドウ:K ノウ:G
𤷼	ショウ:G ソウ:K
𤷽	カク:K キャク:G
𤷾	キョウ
𤷿	トツ:K ドチ:G
𤸀	ショ
𤸁	カイ:K キ:K ギ:G ケ:G
𤸂	シュウ
𤸃	シュ:G シュウ:K ソウ
𤸄	カン
𤸅	コン ビン:K ミン:G
𤸆	イ
𤸇	リュウ
𤸈	ユ:G ユウ:K
𤸉	タイ デ
𤸊	タイ:K ダイ:G
𤸋	カイ
𤸌	イン:K オン:G
𤸎	エチ:G エツ:K カイ カチ:G カツ:K
𤸏	ダツ
𤸑	フ:G フウ:K フク ボク
𤸒	グ
𤸓	チ
𤸔	ヒン ホン
𤸕	カン
𤸖	アイ
𤸗	フ:K ブ:G
𤸙	コウ
𤸞	セイ
𤸟	ジ
𤸠	ビョウ
𤸡	オウ
𤸢	ドウ
𤸤	ショク
𤸦	セン
𤸩	ドウ:K ヌ:G
𤸪	セイ セチ:G セツ:K
𤸫	イン ウン
𤸬	サ スイ
𤸭	ズ:G ト:K
𤸮	ソチ:G ソツ:K
𤸯	ソウ
𤸰	ヨウ
𤸱	オウ:G カイ コウ:K
𤸲	ショウ
𤸳	ガイ
𤸴	サク:K シャク:G
𤸵	ブ:G ホ:K
𤸶	ハイ
𤸷	ガン クン:K グン:G
𤸸	イ
𤸹	エン
𤸺	カイ
𤸻	ダ:K ナ:G
𤸼	ウ:G オ:K
𤸽	エイ
𤸾	セイ
𤸿	タク
𤹈	レキ
𤹉	カ
𤹊	ショク
𤹋	エツ
𤹌	シ
𤹍	エン
𤹎	ア
𤹏	レン
𤹛	チン
𤹜	エイ
𤹝	ヒ:K ビ:G ヘチ:G ヘツ:K
𤹞	タク:K チャク:G
𤹟	ショウ
𤹠	シャク:G ジャク セキ:K
𤹡	サ:K シャ:G
𤹢	タ
𤹣	ク:G コ:K
𤹤	トウ:K ドウ:G
𤹥	エイ:K ヨウ:G
𤹦	ヒ
𤹧	ドウ:K ニョウ:G
𤹨	レン
𤹩	シン
𤹪	ク:K グ:G
𤹬	トク
𤹱	カ
𤹲	ビ
𤹳	マ
𤹴	マ
𤹵	タイ
𤹶	ソウ
𤹷	トウ
𤹸	シ
𤹹	タン
𤹻	ノウ
𤺀	スイ
𤺁	シュウ
𤺃	キョウ
𤺄	ショウ:K ジュ:G ズ:G トウ:K
𤺅	セ:G セイ:K
𤺆	ヨキ ヨク
𤺈	ヅ ト
𤺉	イ
𤺊	サイ:G シ セイ:K
𤺋	シン
𤺌	トウ
𤺍	カン
𤺎	シャ
𤺏	ハン
𤺐	ゴチ:G ゴツ:K
𤺑	シン
𤺒	シ
𤺓	ヘチ:G ヘツ:K
𤺔	シャ:K ジャ:G
𤺕	ヒ:K ビ:G
𤺖	ビン:K ミン:G
𤺗	ケイ
𤺘	ア
𤺙	ドウ
𤺚	ケイ セイ
𤺛	カン
𤺜	トウ
𤺝	ギャク
𤺦	エイ
𤺧	フ
𤺨	ソウ
𤺫	ショウ
𤺷	キョク
𤺸	エ:G ワイ:K
𤺺	タ タン:K ダン:G
𤺻	シュン:K ジュン:G セン
𤺼	リク:K ロク:G
𤺽	クン
𤺾	オウ
𤺿	ロ
𤻀	イ
𤻁	ヨウ
𤻂	エキ:K ヤク:G
𤻃	ショ
𤻄	スイ
𤻅	エ:G ワイ:K
𤻆	ガン
𤻇	ショ:G ソ:K
𤻈	ヨウ
𤻉	ガン
𤻌	イ ガ
𤻍	ユ
𤻕	ヨウ
𤻖	ヒ:K ビ:G
𤻗	ラ
𤻘	イン:K オン:G
𤻙	カク:K ワク:G
𤻚	ハイ:K ベ:G
𤻛	セツ
𤻜	オウ カイ
𤻝	ドウ:K ニョウ:G
𤻞	シン
𤻢	ア アイ
𤻣	シツ
𤻥	カン
𤻦	サイ
𤻨	タン
𤻩	エン
𤻮	オウ
𤻯	シュウ
𤻱	ロ
𤻲	シャク ヤク ラク リョウ
𤻳	ライ
𤻴	トウ
𤻵	セツ
𤻶	ヘン:K ベン:G
𤻷	ハン:K バン:G
𤻸	サ
𤻹	レイ
𤻺	ソウ
𤼀	ソ
𤼁	ボウ:K モウ:G
𤼂	ケン:K コン:G
𤼃	リュ リョウ
𤼄	ヒョウ
𤼅	キ
𤼆	トウ
𤼋	サン
𤼌	ヨキ ヨク
𤼍	コウ
𤼐	カン:K ガン:G
𤼑	バ:K メ:G
𤼒	イ:K カイ:K ケ:G ユイ:G
𤼖	トウ
𤼗	カチ ケツ
𤼘	ルイ
𤼙	ラン レン
𤼚	ライ
𤼛	エン
𤼜	ハイ ヒ ホウ
𤼝	ドウ
𤼟	ヒ
𤼠	ラ
𤼡	ヨウ
𤼢	カン
𤼣	レン
𤼤	ヒ
𤼥	セイ
𤼦	サク
𤼧	ハツ
𤼩	キ
𤼪	トウ
𤼬	ハン
𤼮	ケイ
𤼱	バン:K マン:G
𤼲	ハイ:K ハチ:G ハツ:K ヘ:G ホチ ホツ
𤼳	キク コク
𤼴	コク
𤼶	トウ
𤼷	トウ
𤼹	ハイ
𤼺	ハイ:K ヘ:G
𤼼	トウ
𤼽	ハク
𤼾	カ
𤼿	コウ
𤽁	シ
𤽂	カン
𤽃	ベイ メイ
𤽅	カン
𤽆	シ
𤽇	セン
𤽉	ハ:K ヘ:G
𤽊	ヘイ
𤽋	トウ
𤽌	ハチ:G ハツ:K
𤽍	キ
𤽎	イン
𤽐	ハク
𤽓	ジ
𤽕	カン
𤽖	ビュウ ミュ
𤽘	シュウ
𤽙	コウ
𤽚	コウ
𤽛	セイ
𤽢	コウ
𤽣	チョウ
𤽤	カイ
𤽥	ラク
𤽦	フ:G フウ:K
𤽧	コウ
𤽫	シュウ
𤽬	シュウ
𤽰	シン
𤽱	ソク ハク
𤽲	ダン
𤽳	ギョウ
𤽹	ハイ:K ベ:G
𤽺	ロク
𤽻	ハ
𤽼	ラク
𤽽	テイ
𤽿	デン:K ネン:G
𤾄	チュ
𤾅	コク
𤾆	トウ
𤾇	トウ
𤾈	キ
𤾉	トウ
𤾊	シュウ チュウ
𤾐	ザイ
𤾑	コウ
𤾒	トウ
𤾕	タイ:G テイ:K
𤾙	ソウ
𤾛	ビョウ:K ミョウ:G
𤾝	ハク:K ビャク:G
𤾞	チ
𤾠	テキ
𤾡	イ
𤾢	トウ
𤾣	ホク
𤾤	キ
𤾥	ス:G ソウ:K
𤾦	シュウ
𤾧	ギョウ:G ゴウ:K
𤾨	レイ
𤾪	セイ
𤾫	ヨウ
𤾬	ボウ:K モ:G
𤾭	リュ リュウ
𤾲	レン
𤾴	オウ:K ユウ ヨウ:G
𤾵	ヘツ
𤾶	サツ
𤾸	イ
𤾺	リョ
𤾻	レイ
𤾼	ヨウ
𤾾	レキ
𤾿	サク
𤿀	サチ:G サツ:K
𤿃	シャク
𤿄	ソン
𤿅	リョウ:G レイ:K
𤿆	チョウ:G トウ:K
𤿇	ヒ
𤿈	ハク:K バク:G
𤿉	ハク
𤿊	カン
𤿋	サク:K シャク:G
𤿌	ヒ
𤿎	ヒ
𤿏	ダン:K ナン:G
𤿐	ヒ
𤿑	ハ
𤿒	ダン
𤿓	ハツ
𤿔	ホウ
𤿕	ビン:K ミン:G
𤿖	バツ:K マチ:G
𤿗	バツ
𤿘	ショウ
𤿙	シ ヒ
𤿚	ショ:G ソ:K
𤿛	コ
𤿜	ダン
𤿟	シュン
𤿠	キチ:G キツ:K
𤿡	キ
𤿣	ヒ
𤿤	ヒ
𤿥	シュウ
𤿧	カン:K ガン:G
𤿨	ショウ
𤿩	カク
𤿪	ソウ
𤿫	タチ:G タツ:K テチ:G テツ:K トチ トツ
𤿭	ホ
𤿮	シュウ
𤿯	キ
𤿳	キン
𤿴	ロク
𤿵	セチ:G セツ:K
𤿶	テン
𤿷	カン
𤿻	ハツ
𤿼	ショウ
𤿽	トウ
𤿾	ヒ
𤿿	シュウ
𥀁	ズ:G ト:K
𥀂	ホ ホウ
𥀃	コウ ゴ
𥀄	コウ
𥀈	ソウ
𥀉	ソウ
𥀊	イ
𥀍	ヒ
𥀎	カク
𥀏	バ:K メ:G
𥀐	カン
𥀓	リュウ
𥀔	ロク
𥀕	ヒチ:G ヒツ:K
𥀖	シ
𥀗	バン:K マン:G
𥀘	ヒ
𥀙	シュ:G シュウ:K
𥀛	ソウ
𥀝	ジク
𥀞	シ
𥀟	サク:K シャク:G
𥀠	カイ
𥀢	フン:K ブン:G
𥀣	カク:K ガク:G
𥀤	バン
𥀥	ロウ
𥀦	ヒ
𥀧	ヒ
𥀨	ヨウ
𥀩	エイ
𥀫	ゼン:K ドウ:K ヌ:G ネン:G
𥀬	エン
𥀭	ゼン
𥀮	ドウ
𥀯	バツ
𥀰	ロウ
𥀱	コウ
𥀲	トク
𥀴	イ
𥀵	リョ:K ル ロ:G
𥀸	ジュク
𥀹	ケン
𥀺	ショウ
𥀼	トウ
𥀽	セキ
𥀾	キョウ
𥁁	カ
𥁂	ケツ コチ
𥁃	ボウ:K モウ:G
𥁄	ウ
𥁅	ハク
𥁆	カ:K ケ:G
𥁇	キ
𥁈	ハチ:G ハツ:K
𥁉	カン
𥁊	ハ ハチ
𥁋	コウ
𥁎	ユ:G ヨウ:K
𥁏	ショウ
𥁐	カイ
𥁑	ビツ:K ミチ:G
𥁒	オウ:K ヨウ:G
𥁓	ユウ
𥁔	ハン
𥁕	オン
𥁖	コ
𥁚	ボウ
𥁛	ト
𥁜	ショウ
𥁞	ジン
𥁟	レイ
𥁠	カン ケン:K ゲン:G
𥁡	ウ ラ
𥁩	ハン
𥁪	モウ
𥁫	サン
𥁬	キ
𥁭	タン
𥁮	ジョウ:G チョウ:K
𥁯	サク ショク:K ソク:G
𥁰	メイ
𥁱	ア
𥁶	ボウ
𥁷	ハン
𥁸	ケン
𥁹	シャ:K ジャ:G
𥁺	タン
𥁻	タン
𥁼	シ:K ジ:G チ
𥂀	メイ
𥂂	ボウ
𥂄	カン
𥂇	ロク
𥂈	フ:G ホ:K
𥂊	コウ
𥂋	ト
𥂒	ドウ
𥂓	バ:K マ メ:G
𥂔	コウ
𥂖	ロク
𥂗	メイ
𥂘	タン
𥂙	フン
𥂠	カイ
𥂡	トウ
𥂣	カク
𥂤	コ:K ゴ:G
𥂥	サン:K ザン:G
𥂦	タイ:K テ:G トン
𥂧	カイ
𥂨	キョウ:G コウ:K
𥂩	コ
𥂬	トウ
𥂯	ソ
𥂱	チュウ
𥂲	チュウ
𥂳	トウ
𥂵	シン
𥂶	トウ
𥂸	ショウ:G ソウ:K ヨウ
𥂹	カイ
𥂺	アク:K ヤク:G
𥂼	レイ
𥂾	ソ
𥃀	トウ
𥃂	トウ
𥃃	コウ
𥃇	ライ レ
𥃈	ロ
𥃉	ク:G コ:K
𥃌	カイ
𥃍	レイ
𥃎	レイ
𥃓	ジョ:G チョ:K
𥃔	ク:K グ:G
𥃕	コウ
𥃖	ウ
𥃘	キン
𥃙	コウ ソウ
𥃜	ク ゴ
𥃟	ケイ
𥃠	イ
𥃡	ケン
𥃣	カイ
𥃤	キョウ
𥃦	モク
𥃧	オウ:K キョウ チュ チュウ ヨウ:G
𥃨	ホク
𥃩	ガン:K ゲン:G コン ヨウ
𥃪	キョウ:G コウ:K
𥃫	シャク:G セキ:K
𥃮	トウ
𥃰	ヒン
𥃲	グ
𥃳	ク
𥃴	キョウ:G ケイ:K
𥃵	ハン:K ホン:G
𥃶	ハン
𥃹	セン
𥃺	オウ:K ヨウ:G
𥃻	シュ
𥃼	ユウ
𥃽	オウ:K ヨウ:G
𥃾	ト
𥃿	フク
𥄀	ヨウ
𥄁	ボウ
𥄂	ジキ チョク
𥄆	シ
𥄇	コン シ
𥄈	ボク:K モク:G
𥄉	キョウ
𥄊	キョウ
𥄋	ジク:K ニク:G
𥄌	スイ
𥄍	カク:K キャク:G
𥄎	カチ キョク ケキ ケチ:G ケツ:K バツ:K マチ:G
𥄏	シ
𥄐	ビン
𥄑	フ:K ブ:G
𥄒	カ
𥄓	フ:G フウ:K
𥄔	ハイ ハチ:G ハツ:K
𥄕	テツ:K デチ:G バツ:K ベツ:K マチ:G メチ:G
𥄖	キチ:G キツ:K
𥄗	ダイ ネ ワチ ワツ ワン
𥄘	セン
𥄙	シ
𥄚	シ
𥄛	キツ:K コチ:G
𥄜	キツ:K コチ:G
𥄝	ベン:K メン:G
𥄞	ホウ
𥄥	キ
𥄦	タン
𥄧	コウ
𥄩	キョウ
𥄱	ハチ:G ハツ:K ヒ フチ フツ
𥄲	バ:K メ:G
𥄳	トウ:K ドウ:G
𥄴	キチ:G キツ:K ケチ:G ケツ:K
𥄵	イチ:G イツ:K キチ:G キツ:K
𥄶	シ
𥄷	ク
𥄸	ボウ:K ミョウ:G
𥄹	ハク:K バク:G ビョウ:G ホウ:K
𥄺	チツ
𥄻	イ
𥄼	カ
𥄽	ジ:K ニ:G
𥄾	セイ
𥄿	イ テイ
𥅀	テイ
𥅁	ソ
𥅄	ド:K ヌ:G
𥅏	コウ
𥅑	タン
𥅒	ハン
𥅓	イ
𥅔	キュウ
𥅕	ビ
𥅖	チュ
𥅗	ソ
𥅘	シン
𥅙	ヘイ
𥅚	ク:G コ:K
𥅛	キツ
𥅜	キチ:G キツ:K シン
𥅝	ケイ
𥅞	シキ:G ショク:K
𥅟	キョウ:G コウ:K
𥅠	ク:G コウ:K
𥅣	イ
𥅦	ライ レ
𥅧	ケチ:G ケツ:K
𥅨	コウ
𥅪	キュウ:K ク:G シュ:G シュウ:K
𥅫	シュウ
𥅬	ケン
𥅭	シ
𥅮	ビ
𥅰	サイ
𥅱	セイ
𥅳	ケイ
𥅵	イ
𥅶	セイ
𥅷	シュ
𥅸	ケイ
𥅹	キ
𥅺	ケキ
𥅼	ベイ
𥆅	キョウ:G コウ:K
𥆆	ボウ
𥆇	トウ
𥆈	コウ ボウ
𥆉	ボツ
𥆋	クチ クツ
𥆌	カク コク:K ゴク:G
𥆍	ジョウ
𥆎	キョウ
𥆏	シン ジョウ:G セイ:K
𥆐	ギョ
𥆑	ジョウ:G テイ:K
𥆒	カン
𥆓	シン
𥆔	キョウ:G コウ:K
𥆖	ツ:G トウ:K
𥆗	カン ケン:K ゲン:G
𥆘	カク:K キャク:G
𥆙	ボウ:K モウ:G
𥆚	オウ
𥆛	エキ:K キャク:G ケキ:K ヤク:G
𥆜	オウ
𥆝	サ
𥆞	ケン
𥆟	エチ:G エツ:K
𥆠	カツ
𥆡	カン:K ゴン:G
𥆢	ガン
𥆣	シン
𥆤	モク
𥆥	キョウ
𥆦	リュウ:K ル:G
𥆩	ゲイ
𥆯	ヒ
𥆰	コウ
𥆲	ドウ
𥆳	トク
𥆵	チン
𥆶	ワン
𥆷	シュウ
𥇄	ジ:K ニ:G ワチ ワツ
𥇅	バン
𥇆	ビ
𥇇	サ
𥇉	リョウ
𥇊	コン
𥇋	モウ
𥇌	カン:K コウ ゴン:G
𥇍	タク チョク
𥇎	ビ:K ミ:G
𥇏	キャク:G ケキ:K
𥇐	シン
𥇑	ロウ
𥇒	ショウ
𥇓	ジョウ:G テイ:K
𥇔	チョウ
𥇕	セイ
𥇖	ヒ ヒン
𥇗	カツ:K ケチ:G
𥇘	キン:K ゴン:G
𥇙	カク キョク ケキ
𥇚	キ ケイ
𥇛	キョク ク コキ
𥇜	カク シュン トン
𥇝	エキ
𥇞	テン
𥇟	キョウ:G コウ:K
𥇠	オウ
𥇡	エキ
𥇥	ケン
𥇫	コウ
𥇭	チ
𥇮	ビ
𥇯	バイ
𥇲	ショク
𥇳	キ
𥇴	テイ
𥇵	カツ
𥇾	ショウ
𥇿	キョク
𥈀	ク
𥈂	キョク コキ
𥈃	ソウ
𥈄	トウ
𥈅	テン
𥈆	キク ボウ:K ム モウ:G
𥈇	ゼン:K ネン:G
𥈈	ク
𥈉	カン
𥈊	ソウ
𥈋	ク
𥈎	カツ
𥈐	サイ
𥈑	コウ
𥈒	カン
𥈓	カ:K ケ:G
𥈔	エン
𥈕	ビ:K ベツ ミ:G
𥈖	テツ
𥈗	ヒ:K ビ:G
𥈘	リョウ
𥈙	ラチ:G ラツ:K
𥈚	ショウ セン
𥈛	フ:K ブ:G ロク
𥈜	キョク コキ
𥈞	マン
𥈟	ショウ:G ス ソウ:K
𥈠	エイ
𥈩	トウ
𥈪	ソン
𥈫	オウ
𥈷	クチ コツ
𥈸	キ
𥈻	キ:K ギ:G
𥈼	ハン:K バン:G
𥈽	ソク
𥈾	エチ:G エツ:K ケチ:G ケツ:K
𥈿	ク:G コウ:K
𥉀	カン
𥉁	キョウ:G ク ケイ コウ:K
𥉂	コウ
𥉃	ダイ:K ナイ:G
𥉄	カツ:K ゲチ:G
𥉅	カク:K キャク:G
𥉆	ライ:G リ レイ:K
𥉇	ク:G コウ:K
𥉈	チャク:G チュ チュウ テキ:K
𥉉	テキ
𥉊	チョウ バ:K メ:G
𥉋	トウ:K ドウ:G
𥉌	トウ
𥉍	シ
𥉏	カン
𥉐	ケイ ゲイ
𥉑	イク カク
𥉒	キョウ ゲチ:G ゲツ:K
𥉓	ビ:K ベツ:K ミ:G メチ:G
𥉔	キョウ:G コウ:K
𥉕	ボウ:K モ モウ:G
𥉖	イ
𥉗	ボウ
𥉘	ダイ:G テイ:K
𥉙	シ
𥉚	スイ
𥉛	エン
𥉜	シン:K ジン:G
𥉝	ツ:G トウ:K
𥉞	ボウ:K モウ:G
𥉟	ハン:K バン:G
𥉢	ザ
𥉦	ベン
𥉧	ジャク
𥉰	カン:K コウ ゴン:G
𥉱	ヨウ
𥉴	ビツ:K ミチ:G
𥉵	バ:K メ:G
𥉶	ロク
𥉷	シャク:G セキ:K
𥉸	キョウ:G コウ:K
𥉹	ライ ルイ レ
𥉺	テチ:G テツ:K
𥉻	サイ:G サツ:K セイ:K セチ:G タイ:G テイ:K
𥉼	キョウ
𥉽	コウ
𥉾	キョウ:G コウ:K
𥉿	ベキ:K ミャク:G
𥊀	サン
𥊁	サイ
𥊂	シ
𥊄	ボウ
𥊅	ガイ
𥊆	ショウ
𥊇	カン:K ケン:G
𥊈	リ
𥊉	コウ
𥊊	クツ
𥊐	ショウ
𥊓	サン
𥊕	テキ
𥊧	ク:G コウ:K
𥊨	ライ:G リ レイ:K
𥊪	ギ
𥊫	カン
𥊬	シュウ
𥊭	ソン
𥊮	カク
𥊯	ケツ:K ゲチ:G
𥊰	チョウ:G トウ:K
𥊱	シン
𥊲	ドウ
𥊳	セン
𥊴	サイ:K セ:G
𥊶	ゼン:K ネン:G
𥊸	トク
𥊹	ヨウ
𥊺	カン
𥊻	ルイ
𥊼	ジョウ:G トウ:K
𥊽	コン
𥊾	コウ
𥊿	ベン:K メン:G
𥋀	シン
𥋁	シチ:G シツ:K
𥋂	カン
𥋃	ジュン
𥋄	ヒョウ
𥋌	サツ
𥋍	スイ
𥋐	ビョウ
𥋙	ゴウ
𥋚	ベツ:K メチ:G
𥋜	シュ:G シュウ:K ソウ
𥋝	ボウ:K ミョウ:G
𥋞	レイ
𥋟	ギ
𥋠	ヒョウ
𥋡	トウ:K ドウ:G
𥋢	キュウ:K ク:G
𥋣	カ:K ケ:G
𥋤	ショウ:K ジョウ:G
𥋥	キャク:G ケキ:K
𥋦	ヒョウ
𥋫	ショウ
𥋬	ベン
𥋭	セキ
𥋯	シャク
𥋰	シュン
𥋻	バイ
𥋿	カク:K キャク:G
𥌀	サツ:K セチ:G
𥌁	キュウ:K コウ:G
𥌂	ベイ ベン:K ミョウ メン:G
𥌃	ビ
𥌄	クチ コツ
𥌅	ヨウ
𥌆	チュ チュウ
𥌈	カン
𥌉	ヨウ
𥌊	ハン:K ベン:G
𥌋	ボウ
𥌌	リン
𥌍	ケ:G ケイ:K
𥌎	ジュン
𥌏	ベイ ミョウ
𥌐	リュウ
𥌕	コ
𥌖	ヨウ
𥌗	ベン
𥌚	ガイ:K ゲ:G シュ:K ジュ:G バイ:K メ:G
𥌛	ライ:G レイ:K
𥌜	ヒョウ
𥌝	ヒョウ
𥌞	ハン
𥌟	ギ
𥌡	ヘン
𥌣	ベン
𥌨	ケチ:G ケツ:K
𥌩	トク
𥌪	キュウ
𥌭	ケン:K ゲン:G
𥌮	リャク:G レキ:K
𥌯	ボウ:K ミョウ:G
𥌰	イ
𥌱	ボウ:K ム:G
𥌲	シュン
𥌵	カン
𥌶	キ
𥌺	ヤク ヨウ
𥌻	ラン レン
𥌼	リョウ:G レイ:K
𥌽	オウ:K ヨウ:G
𥌾	オウ:K ヨウ:G
𥌿	リ
𥍀	セン
𥍁	キ
𥍂	エン
𥍄	カン
𥍉	ショウ ジョウ:K ニョウ:G
𥍊	カン
𥍋	エ:G キ ケイ:K スイ
𥍌	ヒョウ
𥍏	ショウ
𥍓	カン:K ゲン:G
𥍔	ルイ
𥍕	カン
𥍗	シン
𥍚	ヘン
𥍝	ショ
𥍞	ジク:K ニク:G
𥍟	エキ:K キャク:G ギャク ケキ:K ヤク:G
𥍠	キャク:G ケキ:K
𥍡	サク:K シャク:G
𥍢	シ
𥍣	キョウ:G コウ:K ゴウ
𥍤	ボウ
𥍥	ボウ
𥍧	キャク:G ケキ:K
𥍨	キ
𥍪	タイ
𥍫	ロウ
𥍬	サン
𥍭	セイ
𥍮	ブ:G ホウ:K
𥍯	シン セン
𥍰	ケキ
𥍱	サク:K シャク:G
𥍲	ドウ:K ノウ:G
𥍳	ジュウ ニュ
𥍴	エキ
𥍵	キン:K ゴン:G
𥍶	コウ
𥍷	ソウ
𥍸	シ シャ:K ジャ:G
𥍹	ケン:K コン:G
𥍺	ス:G ソウ:K
𥍻	エン
𥍼	オウ:K ヨウ:G
𥍽	シュ:G ショウ:K
𥍾	ジョウ
𥍿	ジュン
𥎀	ゼン
𥎂	ジョウ ニュウ
𥎃	キ
𥎄	ソウ
𥎅	キョウ
𥎆	カイ コウ
𥎇	ロウ
𥎈	ブ
𥎉	バク:K ボ ボウ:K マク:G モ:G
𥎊	キン:K ゴン:G
𥎋	シュ:G シュウ:K ソウ
𥎌	ホウ
𥎍	サク:K シャク:G
𥎎	カイ:K ゲ:G
𥎏	サク
𥎐	イチ:G イツ:K
𥎑	サン
𥎒	ソウ
𥎓	ライ:G レイ:K
𥎔	リ
𥎖	ビ:K ミ:G
𥎗	ショ:K ジョ:G
𥎘	ゼン:K ネン:G
𥎙	ショウ:G ソウ:K
𥎚	キン
𥎛	キ
𥎜	ジュン
𥎞	サン
𥎟	ボウ
𥎠	ボウ
𥎡	キン
𥎢	サン
𥎣	サン
𥎤	サン
𥎥	サン
𥎦	コウ
𥎧	シン
𥎨	シ
𥎩	ゾク
𥎪	シン
𥎫	ゾク
𥎭	タン
𥎮	オク
𥎯	シン
𥎰	ホウ
𥎱	ハツ:K バチ:G
𥎲	ギ
𥎵	チ
𥎶	タン
𥎸	キョウ:G コウ:K
𥎹	チチ:G チツ:K
𥎺	ジョウ:G チョウ:K
𥎻	チュウ
𥎼	ゾク
𥎽	ゾク
𥎾	キ
𥎿	チ
𥏀	ゾク
𥏁	ゾク
𥏂	シツ
𥏄	チ
𥏅	チョク
𥏆	タン
𥏇	カン
𥏈	チュウ
𥏉	テイ
𥏎	ギョウ ゲイ
𥏏	アイ エイ
𥏒	ゴ
𥏓	ヒ
𥏔	ケイ
𥏖	シン
𥏘	クツ グチ
𥏙	カイ:K ケ:G
𥏚	イ
𥏜	イ
𥏝	ア
𥏞	テチ:G テツ:K
𥏟	ヘチ:G ヘツ:K
𥏠	ハイ:K ヒ ヘイ ベ:G
𥏢	ケイ
𥏥	セン
𥏩	コ
𥏪	カイ
𥏫	ショウ:G ソウ:K
𥏬	トウ
𥏯	タク:K チャク:G
𥏰	タイ
𥏲	ソウ
𥏳	シ:K ジ:G
𥏴	シツ
𥏵	リュウ
𥏷	チ
𥏸	タン
𥏻	ソウ
𥏼	チ
𥏾	チ
𥐀	サイ:G シ セイ:K
𥐁	ホク:K ボク:G
𥐂	グウ
𥐃	シツ
𥐄	イ
𥐑	エイ:K ヨウ:G
𥐓	カン
𥐕	アツ:K エチ:G
𥐖	セキ
𥐗	ヘン
𥐘	セキ
𥐙	ハチ:G ハツ:K
𥐚	ハク
𥐝	チャク:G テキ:K
𥐞	ボウ:K モウ:G
𥐤	カイ
𥐩	イン
𥐪	コウ:K ゴウ:G
𥐫	コウ
𥐬	クチ コツ
𥐺	シ
𥐼	ドウ
𥐽	タク
𥐿	コク
𥑁	ヘン
𥑄	カツ:K ケチ:G
𥑅	ジョウ
𥑆	カ
𥑇	テツ:K デチ:G
𥑈	チョウ:G テイ:K
𥑉	アイ
𥑊	デン
𥑋	カイ:K ケ:G
𥑌	ド
𥑍	ハン:K バン:G
𥑎	キョウ:G ケイ:K
𥑏	シ
𥑐	コウ
𥑑	オウ:K ヨウ:G
𥑒	ダ:K ナ:G
𥑓	ヒン
𥑔	カツ:K ケチ:G
𥑚	ドウ
𥑟	ト
𥑡	シャ
𥑢	フ
𥑣	ガ
𥑥	サ
𥑦	カク
𥑩	ドウ
𥑯	トク:K ドク:G
𥑰	カイ:K ケ:G
𥑱	キョ
𥑲	セン
𥑳	ジュウ ニュ
𥑴	イ:K エ:G
𥑵	タイ:K テ:G
𥑶	ライ
𥑷	ユ
𥑸	シュ:G シュウ:K
𥑹	カ:K ケ:G
𥑺	ガク ギャク
𥑻	セン ソン
𥑼	テン:K デン:G
𥑽	ダ:K ナ:G
𥑾	ガチ ガツ
𥑿	ユ:G ユウ:K
𥒀	ウ:G オ:K
𥒁	キョウ:G コウ:K
𥒂	ヒャク:G ヘキ:K
𥒎	セン:K ゼン:G
𥒐	ケイ
𥒑	サ
𥒒	カイ
𥒔	セン
𥒗	シ
𥒙	ホウ
𥒛	セイ
𥒜	ヒョウ:K ビョウ:G
𥒞	ヨウ
𥒠	カク
𥒡	キュウ
𥒢	レイ
𥒣	リン
𥒤	ドウ
𥒧	ガ
𥒨	シン ロク
𥒩	コウ
𥒪	ロウ
𥒫	フ:G フウ:K
𥒬	サン ソン
𥒭	シュク
𥒮	ビ:K ミ:G
𥒯	レン
𥒰	フ
𥒱	キョウ:G コウ:K
𥒲	シ
𥒳	コウ
𥒴	ボウ:K モウ:G
𥒵	エキ:K ヤク:G
𥒶	カ:K ゲ:G
𥒽	キョウ
𥓀	カン
𥓁	ドウ
𥓃	レキ
𥓆	リン
𥓇	トク
𥓊	テツ
𥓋	ゲン
𥓌	キョウ:G コウ:K
𥓍	トク
𥓎	ロツ
𥓏	タイ:K ダイ:G
𥓐	ショウ:K ジョウ:G
𥓑	サク
𥓒	カン:K ゲン:G コン
𥓓	ヒ
𥓔	ギ ワイ
𥓕	ケイ
𥓖	コウ
𥓗	シン
𥓨	ケン
𥓩	カク
𥓫	トウ
𥓭	サク
𥓰	コウ
𥓱	ドウ
𥓺	ボウ:K モウ:G
𥓻	ス:G ソウ:K
𥓼	キョ
𥓽	サイ
𥓾	シュウ
𥓿	タ
𥔀	コウ
𥔁	ヒキ:G ヒョク:K
𥔂	コウ
𥔃	ワイ
𥔄	デツ ネチ
𥔅	カイ
𥔆	セキ
𥔇	コウ
𥔈	ダイ:G テイ:K
𥔉	ショウ
𥔊	シ
𥔐	カイ
𥔡	シャ
𥔢	ユ
𥔨	サチ:G サツ:K
𥔩	カツ:K ケチ:G
𥔪	シン
𥔫	ソウ
𥔭	サ
𥔯	エ:G カイ:K
𥔰	ホウ
𥔱	セン
𥔲	ガク
𥔳	カク
𥔵	シ:K ジ:G
𥔻	キュウ
𥕁	セイ
𥕃	シン
𥕅	ショ
𥕆	レキ
𥕇	タ テ
𥕈	セン
𥕉	サク
𥕌	サン
𥕍	ル:G ロウ:K
𥕎	コウ
𥕏	カク
𥕐	テキ
𥕑	シャ ショ
𥕓	バク:K マク:G
𥕔	タン
𥕕	カ:K ケ:G
𥕖	カク
𥕗	コウ:K ゴウ:G
𥕘	サ ジョウ:G ソウ:K
𥕙	カク
𥕡	ロウ
𥕣	タ テキ
𥕰	キョ:K コ:G
𥕱	ホウ
𥕲	カチ ケツ
𥕳	ケツ
𥕴	レキ
𥕵	カン
𥕶	シ
𥕷	ゼン
𥕸	サイ:K セ:G
𥕹	セチ:G セツ:K
𥕺	ソウ
𥕻	ブ:K ム:G
𥕼	ゲン
𥕽	ヒョウ:G ホウ:K
𥕾	ショウ
𥕿	ハン
𥖋	ドウ
𥖌	ツイ
𥖘	チン
𥖙	シュウ
𥖚	コツ
𥖛	シャク
𥖜	キン:K コン:G
𥖝	レン
𥖞	コン
𥖟	レイ
𥖠	トク
𥖡	キョウ
𥖨	ソウ
𥖪	ラク リャク
𥖫	シャク:G セキ:K
𥖬	ヒョウ
𥖳	カク
𥖴	ツイ
𥖷	タン
𥖻	シュ:G ソウ:K
𥖼	リョ:K ロ:G
𥖽	セキ
𥖾	テキ
𥖿	トク:K ドク:G
𥗀	リョウ
𥗁	チャク
𥗂	マ
𥗉	ライ
𥗊	ソウ
𥗒	シン
𥗓	タチ:G タツ:K
𥗘	マ
𥗙	カク
𥗝	ジョウ:K ニョウ:G
𥗞	コウ
𥗟	ハク
𥗣	セキ
𥗦	ショウ
𥗧	ケツ
𥗪	キョウ
𥗫	ク:K グ:G
𥗬	ライ
𥗭	ソウ
𥗮	ケツ
𥗱	ソウ
𥗲	ヘキ
𥗴	ラ
𥗵	コウ
𥗶	ルイ
𥗷	デン
𥗸	ドウ
𥗺	ラン
𥗾	ドウ:K ノウ:G
𥗿	ラ
𥘃	リョウ:G レイ:K
𥘄	ウチ:G ウツ:K
𥘅	シ
𥘆	レイ
𥘇	ヒ
𥘈	スイ
𥘉	ショ
𥘐	スイ
𥘕	キ
𥘖	トウ
𥘦	シャ
𥘫	カ ガ
𥘬	フツ
𥘭	シュ
𥘮	ク
𥘰	シ
𥘱	シュウ
𥘲	ソ
𥘾	ダイ ナ
𥘿	シン:K ジン:G
𥙀	サ
𥙂	シ
𥙄	デイ
𥙉	シ
𥙊	サイ
𥙋	スイ
𥙍	シン
𥙎	バク:K ミャク:G リョ
𥙏	オウ
𥙤	トウ
𥙦	ジョ
𥙫	ユウ
𥙬	ショウ:G ソウ:K
𥙭	シャ
𥙮	セン
𥙯	カ
𥙰	シュウ:K ジュ:G
𥙱	カツ
𥙲	シャ
𥙳	フ
𥙸	トウ
𥙿	キツ ユ:G ユウ:K
𥚉	シ
𥚊	リク:K ロク:G
𥚋	シュチ:G シュツ:K
𥚌	カン
𥚍	カ
𥚜	トウ
𥚞	シン
𥚦	コウ ゴ
𥚧	ホウ
𥚨	サイ
𥚩	ショ:G ソ:K
𥚪	サイ
𥚫	エン
𥚺	カイ
𥛀	シン
𥛁	ケン
𥛂	シュ
𥛃	シン
𥛅	ジュ チュウ リュウ:K ル:G
𥛆	シン
𥛇	トウ
𥛈	トウ
𥛔	カ
𥛘	ヒチ:G ヒツ:K
𥛙	ショウ
𥛚	チャク:G テキ:K
𥛛	イン
𥛜	ショ:G ソ:K
𥛝	ブ:G ホウ:K
𥛞	ロク
𥛟	ハク
𥛠	シン
𥛡	イン
𥛮	ハン
𥛯	ケチ:G ケツ:K
𥛰	リョウ
𥛱	ホウ
𥛲	ショウ
𥛳	キョ:K コ:G
𥛴	シ
𥛶	ゼン
𥛻	ホウ
𥛼	ソウ
𥛽	リュウ
𥛿	イン
𥜃	エキ:K ヤク:G
𥜄	カン
𥜅	ロク
𥜏	キ
𥜑	リュウ:K ル:G
𥜒	エン
𥜓	ラン
𥜔	チョウ
𥜖	ヒョク
𥜙	サン
𥜚	ウ:G ユウ:K
𥜛	ルイ
𥜠	リョ
𥜢	キン
𥜣	トウ
𥜦	セン デイ
𥜧	リョウ:G レイ:K
𥜨	レイ
𥜩	シン
𥜬	デイ
𥜯	タン
𥜰	シ
𥜱	スイ
𥜲	ケン
𥜴	ケン:K コン:G
𥜷	サイ
𥜸	タン
𥜹	トウ
𥜼	ウ
𥜽	セツ
𥜿	ヒ
𥝀	シャ
𥝁	セツ
𥝂	カ
𥝃	ヒ
𥝄	バン
𥝅	バン
𥝈	ヒ
𥝊	ヒ
𥝋	ヒ
𥝌	ガイ ケイ
𥝍	ギョク
𥝐	ヘイ
𥝑	シ チ
𥝒	カイ
𥝓	ヒ
𥝔	ケチ:G ケツ:K
𥝕	ボウ:K モウ:G
𥝖	ケツ:K ゲチ:G コツ:K ゴチ:G
𥝘	ユウ
𥝟	ト
𥝢	リ
𥝣	ヒ
𥝤	リ
𥝥	キョウ:G コウ:K
𥝦	ジュウ:K ニュウ:G
𥝧	ハ
𥝨	オ:G ヨ:K
𥝩	スイ:K ズイ:G
𥝪	キ
𥝫	レイ
𥝬	キ:K ケ:G コツ:K ゴチ:G
𥝮	シ チ
𥝯	ホン
𥝱	シ ジョ
𥝸	カ
𥝹	カ
𥝺	サン
𥝻	コク
𥝾	ツ:G ト:K
𥝿	カ:K ケ:G
𥞀	イ
𥞁	チン
𥞂	フ
𥞃	スイ
𥞄	カ:K ワ:G
𥞅	サイ:K セ:G
𥞆	ショ
𥞍	カ
𥞎	シ
𥞏	シュウ シュク
𥞗	チョウ
𥞘	ソン:K ゾン:G
𥞙	コウ
𥞚	ジョ:K ニョ:G
𥞜	コウ
𥞝	ソウ
𥞞	ケイ
𥞧	コウ
𥞩	カ:K ワ:G
𥞪	マイ
𥞯	ソツ
𥞱	キョウ
𥞲	ヘチ:G ヘツ:K
𥞳	ホツ
𥞴	コク
𥞵	キョウ
𥞶	ヒ
𥞷	ショク
𥞸	カツ
𥞹	リョウ
𥞺	サク
𥞻	ヒツ ヘツ
𥞼	シュウ
𥟃	カ
𥟍	ヒ
𥟎	ショウ
𥟏	イ
𥟐	テイ
𥟑	ハイ
𥟒	テ テイ
𥟓	カン
𥟔	シキ:G ショク:K
𥟕	ケン:K コン:G
𥟖	ライ:G レイ:K
𥟗	ヒ
𥟘	エキ:K ヤク:G
𥟙	ボク
𥟚	チョウ
𥟛	ショク
𥟜	レツ
𥟝	キ
𥟯	トウ
𥟷	スウ
𥟸	レツ
𥟺	ダ
𥟻	イ
𥟽	オク
𥟿	イ ワ
𥠀	ショウ:G セイ:K
𥠁	カ
𥠂	スイ
𥠃	シュウ
𥠄	タ タン
𥠅	カン
𥠆	レン
𥠇	ボク
𥠈	シツ ショク
𥠉	シキ:G ショク:K
𥠊	ジュウ ニュ
𥠋	シュウ
𥠌	リン
𥠍	ヨウ
𥠎	ショク
𥠖	ライ:G リ レイ:K
𥠡	ソウ
𥠱	シ
𥠲	リチ:G リツ:K
𥠳	クチ コツ
𥠴	チョウ
𥠵	ホ
𥠶	ヒ
𥠷	リュウ
𥠸	コウ
𥠹	ケツ:K ゲチ:G
𥠺	ウン
𥠼	シン
𥠽	ジ:G チ:K
𥠾	コウ
𥠿	シュウ
𥡀	ジュ チュウ
𥡁	ヘチ:G ヘツ:K
𥡆	ボク
𥡏	キ:K ケ:G
𥡔	チョウ
𥡚	レイ
𥡜	スイ ラ
𥡝	ケン
𥡞	ケイ
𥡟	チョウ:G トウ:K
𥡠	ショウ:G ソウ:K
𥡡	サン
𥡣	キン:K コン:G
𥡤	ショウ
𥡥	ソウ
𥡦	チャク:G テキ:K
𥡧	サ:K シャ:G
𥡨	ホ
𥡩	ゲイ
𥡪	ヨキ ヨク
𥡫	チツ
𥡬	シュ:G ショウ:K
𥡭	ダイ ネ
𥡮	カ:K ケ:G
𥡯	シ セキ
𥡰	シュ
𥡳	ケイ
𥡴	ケイ
𥡹	ボン
𥢀	ライ:G レイ:K
𥢁	スイ
𥢇	ケン
𥢈	セン
𥢊	ホン:K ボン:G
𥢋	リュウ:K ル:G
𥢌	ハン:K ボン:G
𥢍	コ:K ゴ:G
𥢎	ソン
𥢏	テン:K デン:G
𥢐	コウ
𥢑	コウ:K ゴウ:G
𥢒	ロウ
𥢓	ジュ
𥢔	タク チョウ:G トウ:K
𥢕	ショク:K ゾク:G
𥢖	ショウ
𥢗	キ
𥢞	ソン
𥢭	ヘツ:K ベチ:G
𥢮	シン
𥢰	シ タ
𥢲	セイ
𥢴	レイ
𥢵	ラ
𥢶	カ カイ:K ケ:G
𥢷	トウ
𥢸	カチ:G カツ:K
𥢹	ケツ:K ゲチ:G
𥢺	ショク
𥢻	ケチ:G ケツ:K
𥢼	セキ
𥢽	サン
𥣊	ショク
𥣌	ホ
𥣓	シ
𥣖	ギ
𥣗	ドウ:K ニョウ:G
𥣘	エン ヨウ
𥣙	シュウ:K ジュ:G ズ:G ソウ:K
𥣚	サン
𥣜	ボク
𥣝	ヘン
𥣞	チャク:G テキ:K
𥣟	ショウ:K ゾウ:G
𥣠	シン
𥣤	ロク
𥣥	リ
𥣦	チ
𥣨	シュウ
𥣩	サイ:G セイ:K
𥣪	サン
𥣫	ベツ:K メチ:G
𥣬	ライ レ
𥣭	レイ
𥣮	シチ:G シツ:K
𥣯	ウ:G ユウ:K
𥣰	ヘン
𥣱	ショク
𥣲	タン
𥣷	リョウ
𥣸	モク
𥣼	スイ
𥤀	レキ
𥤁	シュン
𥤂	ジョウ:K ニョウ:G
𥤃	ユウ
𥤅	ヒ
𥤆	セン
𥤇	シン
𥤈	ヒ
𥤊	ケン:K ゲン:G
𥤋	ショウ
𥤌	ヨク
𥤎	ビョウ
𥤑	ヒ
𥤒	タイ
𥤓	ヘン
𥤗	トウ
𥤘	カク
𥤛	シュウ
𥤜	リョウ:G レイ:K
𥤞	リョウ:G レイ:K
𥤟	エン
𥤢	ケツ
𥤣	ヨウ
𥤤	シン
𥤦	アイ
𥤧	ソク
𥤨	ド:K ヌ:G
𥤩	ボウ:K モウ:G
𥤪	ジ
𥤫	ギャク
𥤬	ニク
𥤱	カン
𥤲	セキ
𥤳	サン
𥤴	アン:K エン:G セイ
𥤵	ベン:K メン:G
𥤶	ヒ
𥤷	イン
𥤸	ガン
𥤹	ヨウ
𥤺	アチ:G アツ:K ダツ ナチ
𥤻	ヒ:K ビ:G
𥤼	スイ
𥤽	セキ
𥤾	キョウ
𥤿	ソク
𥥄	ヒン
𥥇	セ:G セイ:K
𥥈	オウ
𥥉	シュウ
𥥊	ベイ ボウ:K ミョウ:G
𥥋	リョウ:G レイ:K
𥥌	イチ:G イツ:K
𥥍	イン シン タン:K ドン:G
𥥎	ヨウ
𥥏	サク
𥥐	ショ
𥥑	ロウ
𥥒	セキ
𥥓	ヒ
𥥔	トウ
𥥝	ヨウ
𥥞	エツ
𥥠	キ
𥥡	グ:G コウ:K
𥥢	セン
𥥣	エン
𥥥	シ
𥥦	シン タン
𥥧	キュウ:K ク:G
𥥨	トウ
𥥩	コウ
𥥱	チョウ
𥥳	コウ
𥥴	エイ
𥥶	ジョウ:G テイ:K
𥥷	ズ:G トウ:K
𥥸	タ:K ダ:G
𥥹	リュウ ル:G ロウ:K
𥥺	コウ
𥥻	キョウ:G ケイ:K
𥥼	シャク
𥥽	キュウ:K グ:G
𥥾	ケン
𥥿	シン タン:K ダン:G
𥦀	ベキ
𥦁	ツ:G トウ:K
𥦂	キョウ
𥦃	ケン
𥦄	キュウ
𥦅	チュウ
𥦆	ク:G コウ:K
𥦇	タン
𥦉	ミ
𥦊	オン
𥦌	ル:G ロウ:K
𥦍	アン エン:K オン:G
𥦎	ヒン
𥦏	デイ ニョウ
𥦐	イ
𥦑	ソツ
𥦛	カ カイ:K ケ:G
𥦜	ホウ
𥦝	ラン ロン
𥦞	コウ
𥦟	テン
𥦠	ユ ワ
𥦡	サイ
𥦢	ギョウ:G コウ:K
𥦣	キ
𥦤	ビ
𥦥	キョウ:K ク:G
𥦦	エン
𥦧	ユ
𥦨	コウ
𥦩	エン
𥦭	サイ
𥦵	キュウ
𥦶	カン
𥦸	フウ フク
𥦹	ユ
𥦺	ゲン
𥦻	ザン
𥦼	シャ
𥦽	ショク
𥦾	ソウ
𥦿	コウ
𥧀	シャク
𥧄	ソウ
𥧇	ソウ
𥧊	クツ
𥧋	クツ
𥧌	ビ:K ミ:G
𥧒	ク:G コウ:K
𥧓	バ:K メ:G
𥧔	ヒ
𥧕	リュウ
𥧗	キク コク
𥧘	ヨウ
𥧙	ビ:K ミ:G
𥧚	オン
𥧛	エン
𥧜	フウ
𥧝	ゴ
𥧞	ザイ
𥧟	ヨウ
𥧠	リュウ
𥧢	ジョウ
𥧬	ケン
𥧭	バン:K マン:G
𥧮	タク:K チャク:G
𥧯	リャク:G リョウ:K レキ:K ロウ:G
𥧰	カ:K ゲ:G
𥧱	ショウ:K ジュ:G
𥧲	シン
𥧳	ヨウ
𥧴	ビ:K ミ:G
𥧵	ゲイ
𥧶	ショウ:G セイ:K
𥧷	フ:G フウ:K
𥧸	ゴ
𥧹	タン:K ドン:G
𥧺	キュウ
𥧻	キョ
𥧼	セツ
𥧽	チョウ
𥨅	セキ
𥨇	キュウ
𥨌	リュウ:K ル:G
𥨍	フク:K ブク:G
𥨎	タン:K ドン:G
𥨏	シュン
𥨐	ク:G コウ:K
𥨑	チョウ
𥨒	ザン
𥨓	キュウ
𥨔	キュウ
𥨕	セイ
𥨖	キ
𥨗	ザン
𥨘	ゲイ
𥨜	トツ
𥨠	ソウ
𥨡	ソウ
𥨢	ザン スイ
𥨪	キュウ:K グ:G
𥨫	ソウ
𥨬	ザン
𥨭	ヨウ
𥨮	キュウ
𥨱	セツ
𥨲	ジョ:K ニョ:G
𥨳	カク ジョウ
𥨴	キク
𥨶	キュウ
𥨷	セツ
𥨻	リャク:G レキ:K
𥨼	キク
𥨽	リョウ
𥨾	キ
𥨿	キャク:G ケキ:K
𥩀	タク
𥩁	キク
𥩂	スイ
𥩊	ケイ
𥩋	ソウ
𥩌	ズ:G トウ:K
𥩎	シ
𥩐	トウ
𥩒	タン:K ダン:G
𥩓	セツ
𥩔	レイ
𥩕	ガン:K ゲン:G
𥩖	エキ
𥩗	ガン:K ゲン:G
𥩙	ハ:K ヘ:G
𥩠	タン
𥩡	エツ:K オチ:G
𥩢	サク:K シャク:G
𥩣	ジュ チュ
𥩤	カイ
𥩭	ガツ
𥩮	ガツ
𥩱	ハツ
𥩲	カイ:K ガイ:G
𥩳	タイ
𥩴	ザイ
𥩵	ヘイ
𥩶	オク シ
𥩾	ホチ ホツ
𥩿	ボウ
𥪀	ホ
𥪁	ビョウ:G ヘイ:K
𥪂	リョウ
𥪃	シュ
𥪊	カイ:K クツ ケ:G
𥪋	ビツ:K フク:K ブク:G ミチ:G ロク
𥪌	テン
𥪍	ワ
𥪎	ハ
𥪏	シュ
𥪐	リョウ
𥪑	リョウ
𥪘	チン
𥪙	シュ
𥪚	フク:K ブク:G
𥪛	シュ:K ジュ:G
𥪥	シュ
𥪦	ケイ
𥪧	テン:K デン:G
𥪫	キ ボウ
𥪬	フク
𥪯	キョウ:K ギョウ:G
𥪰	ケイ
𥪱	ソク
𥪵	ショウ
𥪶	シャク
𥪺	ギ
𥪻	ル:G ロウ:K
𥪼	キ
𥪿	ドウ
𥫂	トウ
𥫃	ギ
𥫅	ショウ
𥫈	リョウ
𥫉	タイ
𥫋	ロウ
𥫍	ドウ
𥫎	ズ:G トウ:K
𥫐	ショウ
𥫔	コウ
𥫖	コウ
𥫙	チョウ:G テイ:K
𥫚	キ
𥫛	セン
𥫜	ギ
𥫝	ヨキ ヨク
𥫞	ウ シ
𥫟	キ
𥫠	キ
𥫡	ウ
𥫢	サ
𥫣	ヨ
𥫤	ヤ
𥫯	チュ チュウ
𥫰	リク
𥫱	トン:K ドン:G
𥫲	キョウ:G コウ:K
𥫳	ホウ
𥫴	シ:K ジ:G
𥫵	タイ:G テイ:K
𥫶	キ
𥫷	キュウ:K ク:G
𥫸	スイ
𥫹	ジン:G チン:K
𥫻	コ
𥫼	キョウ:G コウ:K
𥫽	シ
𥬁	ジュン
𥬆	リョウ
𥬇	ショウ
𥬈	マン
𥬉	コウ
𥬌	チ
𥬍	セン
𥬎	バツ:K マチ:G
𥬏	コ:K ゴ:G
𥬐	シン
𥬒	ハチ:G ハツ:K
𥬓	オウ:K ヨウ:G
𥬔	キョ:K コ:G
𥬕	ゼン:K デン ネン:G
𥬖	ヒ
𥬗	セン
𥬘	セン
𥬙	キョ:K ゴ:G
𥬚	サク
𥬛	サク
𥬝	ハク:K ビャク:G
𥬞	ジョウ:K ニョウ:G
𥬪	ジュウ ニュ
𥬫	セン
𥬬	ジョウ:K ニョウ:G
𥬭	レイ レチ:G レツ:K
𥬮	コウ
𥬯	コウ
𥬰	サク
𥬱	シュ:G シュウ:K
𥬲	タ:K ダ:G テ
𥬳	シ
𥬴	ヨウ
𥬵	セン
𥬶	キョク:K ゴク:G チク
𥬷	シュン
𥬸	タ:K ダ:G テ
𥬹	シュン
𥬺	エイ:K ヨウ:G
𥬻	ヨウ
𥬼	ブン:K モン:G
𥬽	ユ
𥬾	チク
𥬿	イン
𥭋	タ
𥭌	キ
𥭐	リツ
𥭑	キュウ:K グ:G
𥭒	トン
𥭓	サク ハク:K バク:G
𥭔	テン
𥭕	ヤ
𥭖	ハク:K ヒャク:G ヘキ
𥭗	ホウ ボ
𥭘	チ
𥭙	チョウ
𥭚	ボウ:K モウ:G
𥭛	シュウ
𥭜	キ:K ギ:G
𥭝	ビョウ:K ミョウ:G
𥭞	エン
𥭟	サ
𥭠	ゴ
𥭡	シ
𥭢	ビョウ:G ヘイ:K
𥭣	リョウ
𥭤	キン
𥭥	チュ チュウ
𥭦	ギン:K ゴン:G
𥭧	デツ ネチ
𥭨	カン
𥭪	ショウ
𥭫	ベイ メイ
𥭬	ヒ
𥭭	サ
𥭮	キョウ:G ケイ:K ボウ:K ミョウ:G
𥭰	チク
𥭱	キ
𥭷	リョウ
𥭸	ショウ
𥮅	サン
𥮍	イン
𥮎	ボウ:K モウ:G
𥮏	テン
𥮐	チョウ
𥮑	コウ
𥮒	セン:K ゼン:G
𥮓	セン
𥮔	タン:K ダン:G
𥮕	コウ:K ゴウ:G
𥮖	ショク:K ジキ:G
𥮗	キク コク
𥮘	ジョウ:K デン:K ニョウ:G ネン:G
𥮙	セン
𥮚	サン:K セン:G
𥮜	ベイ メイ
𥮝	クチ クツ コツ
𥮠	ケン
𥮡	セン
𥮢	シュ:G シュウ:K
𥮣	タ テ
𥮤	ジョウ:K ニョウ:G
𥮥	シャク
𥮦	ロ
𥮧	ヨウ
𥮨	ス:G ソウ:K
𥮪	シュ:G シュウ:K ジュウ
𥮫	サク
𥮬	キャク:G ケキ:K
𥮭	ザ
𥮮	サク
𥮯	ハ
𥮲	チョウ
𥯑	キン:K コン:G
𥯒	サイ
𥯓	シン
𥯔	ク
𥯕	トウ:K ドウ:G
𥯖	ズ:G ト:K
𥯗	シュン
𥯘	ヤ
𥯙	キョウ:G ケイ:K
𥯚	カク
𥯛	ラク
𥯜	エ
𥯝	トチ トツ
𥯞	ウ:G ユウ:K
𥯟	ハイ:K ヘ:G
𥯠	ハイ
𥯡	ヒ:K ビ:G
𥯢	チョウ:G テイ:K
𥯣	ベツ
𥯤	エ
𥯥	チョウ
𥯦	ケン ソウ
𥯧	サク:K シャク:G
𥯨	シ
𥯩	シャク
𥯪	シュ:G ソウ:K
𥯫	キ:K ギ:G
𥯬	ゼン:K ネン:G
𥯭	サク
𥯮	ユ
𥯯	ユ
𥯰	エイ
𥯱	シ
𥯳	カク:K ガク:G
𥯴	ソウ
𥯵	レイ
𥯶	ク:G コ:K
𥯷	ハク
𥯸	ジュ チュ
𥯹	チク
𥯺	キク コク
𥯼	ケキ
𥯽	カ カン
𥯾	カツ
𥯿	コウ
𥰂	シュウ
𥰋	カク
𥰘	ヒ
𥰙	ビ
𥰚	ビョウ
𥰛	フウ:K ブ:G
𥰜	トウ:K ドウ:G ヨウ
𥰝	ショク ソキ
𥰞	シュウ
𥰟	エン
𥰠	リョ:K ロ:G
𥰡	サク:K シャク:G
𥰢	セン
𥰣	リュウ:K ル:G
𥰤	リュウ
𥰥	ケイ ゲイ
𥰦	キャク:G ケキ:K
𥰧	イ
𥰨	サン:K ザン:G タン:K ダン:G テン
𥰩	ヨ
𥰪	コ:K ゴ:G
𥰫	ゼイ
𥰬	キク
𥰭	サ:K サン:K ザ シ シャ:G セン:G
𥰮	カ
𥰯	カ
𥰰	エイ セイ セツ:K ゼイ ゼチ:G
𥰱	ソウ
𥰲	ク:G コウ:K
𥰳	セン
𥰴	ジュン
𥰵	ホウ
𥰶	カツ:K ゲチ:G
𥰷	リュウ
𥰸	セン
𥰹	コウ
𥰺	チク
𥰻	ボ:K モ:G
𥰼	サク:K シャク:G
𥰽	チ
𥰾	サイ:K セ:G
𥰿	ジュン
𥱀	フ
𥱁	シュウ
𥱂	ジョ:K ニョ:G
𥱄	サン
𥱅	ジン
𥱇	ゼン
𥱋	リョウ
𥱏	コウ
𥱨	セイ
𥱩	キク
𥱵	シュウ:K ジュウ:G セ:G セイ:K
𥱶	ショウ:G ソウ:K
𥱷	タン:K トン:G
𥱸	オ オウ
𥱹	バク:K マク:G
𥱺	セン
𥱻	ズ:G タイ:G テイ:K ト:K
𥱼	ハイ:K ベ:G
𥱽	ガン ケン:K ゲン:G
𥱾	リョ
𥱿	キョ:K コ:G
𥲀	チョウ:G トウ:K
𥲁	リョウ
𥲂	ヒョウ:G ヘイ:K
𥲄	タン:K ダン:G
𥲆	ツ:G トウ:K
𥲇	タン:K トン:G
𥲈	バン:K マン:G
𥲉	ク:G コ:K
𥲊	リョウ
𥲋	ケン:K ゲン:G
𥲌	カン
𥲍	ソウ:K ゾウ:G
𥲎	リク:K ロク:G
𥲏	サン
𥲐	ゴ
𥲑	バン:K マン:G
𥲒	チク
𥲕	シ
𥲖	カイ:K ケ:G
𥲗	ツ:G ト:K
𥲘	ダ ネ
𥲙	コウ
𥲚	ソウ
𥲛	フ:K ブ:G
𥲜	キョ:K ゴ:G
𥲝	シュ:G シュウ:K
𥲞	シ
𥲟	チョウ
𥲠	ボウ:K モウ:G
𥲡	ソウ
𥲢	カン:K キョウ ケン:G コン
𥲣	セ:G セイ:K
𥲤	キョ
𥲥	レン
𥲦	ヒョウ
𥲧	リ
𥲨	セ:G セイ:K
𥲩	キク
𥲪	リ
𥲫	セン
𥲮	トク
𥲯	コウ
𥲻	サン:K ゼン:G
𥲼	ベン
𥲽	サ
𥳆	ヘイ
𥳇	フク
𥳈	スイ セ:G セイ:K
𥳉	ツ:G ト:K
𥳊	ハイ
𥳋	サン
𥳌	リュ リュウ
𥳍	シン:K ジン:G
𥳎	キュウ:K キョウ ク:G
𥳏	キ:K ケ:G
𥳐	ケン
𥳑	カン:K ケン:G
𥳒	カン セン
𥳓	シュ:K ショウ:G ス:G ソウ:K
𥳔	タ:K タイ ダ:G デ
𥳕	ショ
𥳖	ブ:G ホ:K
𥳗	シュ
𥳘	ツ:G トウ:K
𥳙	スイ
𥳚	ゼン:K デン ネン:G
𥳛	シュ:G シュウ:K シュク
𥳜	ヨウ
𥳝	ズイ ニ
𥳞	リン
𥳟	セン
𥳠	ダイ:G テイ:K
𥳡	フン:K ブン:G
𥳢	テン:K デン:G
𥳣	サイ:K ゼ:G
𥳤	テキ
𥳥	デイ ニョウ
𥳦	シュン
𥳧	サイ
𥳨	テン
𥳩	リュウ:K ル:G
𥳪	サン
𥳫	テン
𥳬	アン:K オン:G
𥳭	セン
𥳮	ルイ
𥳯	サク
𥳰	チョウ:G テイ:K
𥳱	シン
𥳲	ツ:G ト:K
𥳳	ジ:G チ:K
𥳴	キョウ:G コウ:K
𥳵	セ:G セイ:K
𥳶	ショウ
𥳷	セン
𥳿	イチ:G イツ:K
𥴀	チク
𥴂	ヒツ
𥴐	テン
𥴑	テイ
𥴒	シュウ チ
𥴓	スイ
𥴔	ビ
𥴡	ライ:G レイ:K
𥴢	ジ:G チ:K
𥴣	ホウ
𥴤	ケン:K ゴン:G
𥴥	ケン
𥴦	スイ:K ズイ:G テキ
𥴧	キョ:K コ:G ゴ
𥴨	アイ
𥴩	カク:K キャク:G
𥴪	ク:K グ:G
𥴫	テン トン:K ドン:G
𥴬	ヒ ヘイ ベイ
𥴭	ガツ ゲチ
𥴮	ハク
𥴯	カイ:K ケ:G
𥴰	セイ
𥴱	セン
𥴲	ビン
𥴴	ク:G コウ:K
𥴵	サン
𥴶	タン
𥴷	サン
𥴸	ベツ:K メチ:G
𥴹	サク:K シャク:G
𥴺	シ:K ジ:G
𥴻	ショウ:G ソウ:K
𥴿	エン
𥵅	ソウ
𥵏	テン
𥵐	リョウ
𥵒	ベツ
𥵓	キ
𥵜	ハク
𥵝	リョウ:G レイ:K
𥵞	セツ:K ゼチ:G
𥵟	ショ
𥵠	コク
𥵡	コウ
𥵢	チョウ:G トウ:K
𥵣	タン
𥵤	タク チョク
𥵥	バン
𥵦	ショウ:G ソウ:K
𥵧	シン
𥵨	ビ:K ミ:G
𥵩	フク ボク
𥵪	ビョウ:G ヘイ:K
𥵫	ズ:G ソウ:K
𥵬	チュ チュウ
𥵭	チク
𥵮	ジョウ:K デン:K ニョウ:G ネン:G
𥵯	ソウ
𥵰	カク
𥵱	キク
𥵲	ケイ
𥵳	ソウ
𥵴	ビン
𥵵	ベキ
𥵶	テン
𥵸	ビ
𥵹	ソウ
𥵽	チュウ
𥶅	リュウ:K ル:G
𥶆	リョ:K ロ:G
𥶇	ル:G ロ:K
𥶈	シュ:G シュウ:K
𥶊	サン
𥶋	ハン:K ホン:G
𥶌	リョ:K ロ:G
𥶍	カン:K ガン:G
𥶎	ショ
𥶏	ジョウ:G チョウ:K
𥶐	タイ デ
𥶑	ショウ:G ソウ:K
𥶒	リン
𥶓	ヒ
𥶔	ビョウ:G ホウ:K
𥶕	セン
𥶖	ケイ
𥶗	リ
𥶘	シャ
𥶙	セイ
𥶚	テン
𥶛	ダイ:G テイ:K
𥶜	コ:K ゴ:G
𥶝	ショウ
𥶞	キョウ
𥶟	サン
𥶢	リョウ
𥶪	サク
𥶫	ビ
𥶴	タ
𥶵	キ
𥶶	キク コク
𥶷	セン
𥶸	セン
𥶹	ジョウ:G セイ:K
𥶺	ジョウ:G チョウ:K ヨウ
𥶻	スイ:K ズイ:G
𥶼	スイ
𥶽	エ:G エイ:K
𥶾	ライ:G リ レイ:K
𥶿	エン
𥷀	エン
𥷁	ハン:K ベン:G
𥷂	セイ
𥷃	ショウ:G ソウ:K
𥷄	ジ:K ニ:G
𥷅	リャク:G レキ:K
𥷆	コク:K ゴク:G
𥷇	キ
𥷈	チュ チュウ
𥷉	キョ
𥷐	タク
𥷔	ヨ
𥷕	ジョウ:G チョウ:K ヨウ
𥷖	リン
𥷗	リ
𥷘	ジョク タク
𥷙	ケイ
𥷚	キク コク
𥷛	シュク
𥷜	フ:G フウ:K
𥷝	トン
𥷞	イク
𥷟	ショ
𥷠	リョ
𥷢	リュウ
𥷣	セイ
𥷤	キク
𥷨	リョウ
𥷩	ソウ:K ゾウ:G
𥷫	カイ
𥷬	カン
𥷭	サン
𥷮	サク ショウ:G ソウ:K
𥷯	カン
𥷰	セン
𥷱	フ:G フウ:K
𥷲	ギョ
𥷸	セキ
𥷹	サツ シキ
𥷼	シュク
𥷽	トン
𥷿	ショ
𥸀	ビ:K ミ:G
𥸂	ゲン
𥸃	キ
𥸅	ヘン
𥸈	トウ
𥸉	ル:G ロウ:K
𥸊	ギ:K ゲ:G
𥸋	キ
𥸐	ロ
𥸑	カン
𥸖	テン
𥸗	サイ:K セ:G
𥸘	ワク
𥸚	テキ
𥸜	カン
𥸡	カン:K コン:G タン:K トン:G
𥸢	サン
𥸣	セン:K ゼン:G
𥸤	ユ
𥸥	ハ
𥸧	チョウ:G テイ:K
𥸨	ハン
𥸪	イク ヨク
𥸫	ゾク
𥸬	シン
𥸭	キク
𥸮	ソウ
𥸲	キュウ
𥸳	キ
𥸴	ベツ:K メチ:G
𥸵	トン:K ドン:G
𥸶	デツ ネチ
𥸷	シ
𥸸	レチ:G レツ:K
𥸽	ケツ
𥸾	リョウ
𥹁	サ:K サク シャ:G
𥹂	ハイ:K ヘ:G
𥹃	フ
𥹄	ビ:K ベイ ミ:G メイ
𥹅	ベツ:K メチ:G
𥹆	ビ:K ベイ ミ:G ミョウ
𥹇	ハン:K ボン:G
𥹈	タ
𥹉	ドウ:K ノウ:G
𥹊	シ
𥹋	イ
𥹌	カ:K ケ:G
𥹍	ジョ:G チョ:K
𥹎	フン
𥹏	サン
𥹓	ハン
𥹔	オ
𥹕	レイ
𥹖	ハ
𥹚	カン
𥹜	キョウ:G コウ:K
𥹝	ショウ
𥹞	エイ
𥹟	ゾク
𥹠	タン:K ダン:G
𥹡	ジョ:K ニョ:G
𥹢	ブン
𥹤	サク:K サチ:G サツ:K シャク:G
𥹩	チ
𥹫	ベイ
𥹱	ヨウ
𥹲	タイ デ
𥹳	カン:K ガン:G ケン:K コン:G
𥹴	ホ
𥹵	チョク
𥹶	ショウ
𥹷	リュウ:K ル:G
𥹸	ホツ:K ボチ:G
𥹹	ビ
𥹺	コウ
𥹻	フン
𥹼	ショ
𥹽	コ
𥹾	サン
𥹿	ジュン
𥺈	ギン
𥺉	トウ
𥺊	コク
𥺋	チョウ
𥺘	ヒ
𥺙	リョウ
𥺚	シャク:G セキ:K
𥺛	ハ ハイ:K ベ:G
𥺜	デイ:K ナイ:G
𥺝	シュ:G シュウ:K
𥺞	イク
𥺟	ヒ
𥺠	ミン
𥺡	チ
𥺢	ビ
𥺣	シュ:G シュウ:K
𥺤	サン
𥺳	ショ
𥺵	ケイ
𥺶	シ
𥺷	クツ
𥺸	ショ
𥻁	タン:K ダン:G
𥻂	ラン
𥻃	ライ ラチ:G ラツ:K
𥻄	カイ
𥻅	ヒョク ビキ
𥻆	ゾク
𥻇	カン:K ゲン:G
𥻈	ヨウ
𥻉	カツ:K ガチ:G
𥻊	リ
𥻋	リン
𥻌	ラチ:G ラツ:K
𥻍	シ
𥻎	フン
𥻏	サイ
𥻐	シ
𥻑	グ ゴウ レイ
𥻒	ベイ メイ
𥻓	シ:K ジ:G
𥻔	フン
𥻕	サン
𥻖	ケン
𥻘	リン
𥻝	チョウ
𥻞	ホ
𥻟	ダ:K ダン:K ナ:G ナン:G
𥻤	シュ:G シュウ:K
𥻥	サイ:G セイ:K
𥻦	サチ:G サツ:K
𥻧	カン ケン:K ゲン:G
𥻨	サク:K シャク:G
𥻩	ベイ ベン:K ミョウ メン:G
𥻪	フン
𥻫	バン
𥻬	シャク:G セキ:K
𥻭	ホウ:K ボウ:G
𥻮	サイ:K セ:G
𥻯	シュ
𥻰	フン
𥻳	レイ
𥻴	カ
𥻵	シ
𥻾	ゼン
𥻿	チ リ
𥼀	シュク
𥼁	リチ:G リツ:K
𥼂	サイ:K ゼ:G
𥼃	サク ジャク
𥼄	フウ:K ブ:G
𥼅	リ
𥼆	サチ:G サツ:K
𥼇	フン
𥼈	フン
𥼉	ヒ
𥼋	リ
𥼓	ヒ
𥼘	キ:K ゲ:G
𥼙	ロク
𥼚	サク
𥼛	セ:G セイ:K
𥼜	ホク
𥼝	チ
𥼞	ハン:K ボン:G
𥼟	タン:K ダン:G
𥼠	ヒ
𥼡	ソ
𥼤	セイ
𥼩	シ
𥼪	ソ
𥼫	シュク
𥼬	エイ
𥼭	リン
𥼮	ダン
𥼶	エキ:K シャク:G セキ:K ヤク:G
𥼷	セン
𥼸	リャウ レイ
𥼹	キ
𥼺	サイ:K セ:G
𥼻	シ
𥼼	フ
𥼽	トウ
𥼾	サン
𥼿	カン
𥽀	チョウ
𥽁	ショウ
𥽂	キ
𥽃	キュウ
𥽅	ヒ
𥽇	カン
𥽈	レイ
𥽉	セキ
𥽊	ケン
𥽏	カン:K ゲン:G
𥽐	カン:K ガン:G
𥽑	ヒ
𥽒	フン
𥽗	リャク:G レキ:K
𥽘	バツ:K ベツ:K マチ:G メチ:G
𥽙	キュウ:K ク:G
𥽚	ハイ
𥽛	レイ
𥽟	ユウ
𥽣	レイ
𥽥	カク
𥽦	サク
𥽧	キク コク
𥽬	ジョウ:K ニョウ:G
𥽭	ラン
𥽮	レイ
𥽰	ビ:K ミ:G
𥽱	サン
𥽲	ベイ
𥽳	シュウ
𥽴	バン
𥽶	カク ギャク
𥽷	ハク:K ヒャク:G
𥽸	レン
𥽹	ソウ
𥽻	トウ
𥽼	ラン
𥽽	サン:K セン:G ハン
𥽾	ソウ
𥽿	サク ソク
𥾀	ショウ
𥾁	タン
𥾂	レイ
𥾄	ゾク
𥾅	シュチ:G シュツ:K
𥾆	キュウ
𥾇	チョウ
𥾊	キ
𥾋	ジョウ
𥾌	ケチ:G ケツ:K
𥾍	カン
𥾎	キ
𥾏	ゲン
𥾐	エキ
𥾒	シ
𥾓	チク
𥾕	ゴツ
𥾖	シュン
𥾙	コ
𥾛	セチ:G セツ:K ソチ:G ソツ:K
𥾜	ソウ
𥾝	ベツ:K メチ:G メン
𥾞	ショウ
𥾡	シュン
𥾢	ゼン:K ネン:G
𥾣	シ
𥾤	コウ
𥾥	コウ
𥾦	キ
𥾧	フツ
𥾨	コツ
𥾩	シ
𥾪	ウ
𥾫	ケツ
𥾬	シ タイ:G テイ:K
𥾮	セチ:G セツ:K
𥾯	チョウ
𥾹	シュ
𥾺	シュ:K ショウ:G ジュウ ス:G ズ ソウ:K
𥾻	キ
𥾼	コウ
𥿃	ダ:K ナ:G
𥿄	タイ:G テイ:K
𥿅	シ
𥿆	シ:K ジ:G
𥿇	キョ:K コ:G ショ:G ソ:K
𥿈	フツ
𥿉	バツ:K マチ:G
𥿊	シャ
𥿋	ハン
𥿌	オウ
𥿍	ク:G コ:K
𥿎	エン:K オン:G
𥿏	フツ
𥿐	トウ
𥿑	リン
𥿓	キ
𥿜	シン
𥿟	サク
𥿦	シュ:G シュウ:K
𥿧	キョウ:G コウ:K
𥿨	ベイ ミョウ
𥿩	シ
𥿪	カウ ボウ:K モウ:G
𥿫	イ ビ:K ミ:G
𥿬	ケキ
𥿭	ケキ
𥿮	シ シキ:G ショク:K
𥿯	ハイ:K ヘ:G
𥿰	タ
𥿱	タ
𥿲	シュウ
𥿳	サイ
𥿴	シ
𥿵	ボウ
𥿸	コウ
𥿹	エキ
𥿺	ク:G コウ:K
𥿻	シ
𦀉	タ
𦀒	ク:G コ:K
𦀓	ソウ
𦀔	ビョウ:G ヘイ:K
𦀕	ヨウ
𦀖	キョウ
𦀗	ショク
𦀘	ヒ ヘイ
𦀙	ソウ
𦀚	テイ
𦀛	サ:K シャ:G
𦀜	ショウ:G ソウ:K
𦀝	キョウ:G ケイ:K
𦀞	カン
𦀟	サ
𦀠	リュウ:K ル:G
𦀡	ギョ:K ゴ:G
𦀢	セン
𦀣	コウ
𦀤	キョ
𦀥	キョク
𦀦	シ
𦀧	ショウ
𦀨	ナ
𦀸	ボウ
𦁃	シ
𦁆	セイ セン:K ゼン:G テン:K デン:G
𦁈	ク:G コウ:K
𦁉	ショウ
𦁊	エ:G カイ:K
𦁋	ショク
𦁍	イン シン
𦁎	サク:K ザク:G ジャク:G セキ:K
𦁏	エン
𦁐	カチ クチ クツ ケツ
𦁑	ショウ
𦁒	モウ
𦁓	ショク
𦁔	タン テン
𦁕	コチ:G コツ:K
𦁖	ジュ チュウ
𦁗	ジョウ
𦁘	ソ
𦁙	エン
𦁚	ケイ
𦁛	セツ
𦁜	ジョウ:G チョウ:K
𦁞	ズイ
𦁟	シン チン
𦁤	デン:K ネン:G
𦁥	チ
𦁰	キ
𦁱	ゾク
𦁲	ケン
𦁳	キ
𦁴	シン
𦁶	トウ
𦁷	コウ
𦂀	トウ:K ドウ:G
𦂁	スイ
𦂂	チョ
𦂃	テイ
𦂄	カイ
𦂅	ショウ:G ソウ:K
𦂆	エ:G カイ:K
𦂇	ケン
𦂈	ジュ チュウ
𦂉	ソウ
𦂊	フウ:K ブ:G
𦂋	チ
𦂌	ホウ
𦂍	ダク ナク
𦂎	シュク
𦂏	シュウ
𦂐	コウ
𦂑	ケイ
𦂒	セン:K ゼン:G
𦂓	フツ
𦂔	バン:K マン:G
𦂕	グ ゴウ
𦂖	ヘイ
𦂗	サク
𦂘	キョ:K ゴ:G
𦂙	トウ
𦂚	ショウ
𦂛	シ
𦂜	ケイ
𦂝	シュウ
𦂠	ケイ
𦂡	ギョウ
𦂴	コウ
𦂵	ジュウ
𦂷	セン
𦃁	ゲキ
𦃃	ソ
𦃄	ヒ
𦃅	ラク
𦃆	ラク
𦃇	ライ:G リ レイ:K
𦃈	シュウ
𦃉	ケイ
𦃊	リチ:G リツ:K
𦃋	ヒ:K ビ:G
𦃌	シン
𦃍	ハン
𦃎	ショク
𦃏	サイ
𦃐	ソウ
𦃑	コウ
𦃒	スイ
𦃓	リュウ:K ル:G
𦃔	カク ギャク
𦃕	コン
𦃖	タン
𦃗	サク
𦃘	ジ:G チ:K
𦃙	ハク ホク:K ボク:G
𦃚	ソ
𦃛	ケキ
𦃜	ケン
𦃝	ケイ
𦃞	シ
𦃟	ケイ
𦃠	シ
𦃡	ハ:K バ:G
𦃢	キン:K コン:G
𦃣	キョウ
𦃥	トウ
𦃧	ヘキ
𦃽	ヨウ
𦄂	タイ
𦄉	シュク
𦄊	ケイ
𦄋	チョウ
𦄌	ダイ:K ナイ:G
𦄍	ショウ:G ソウ:K
𦄎	サツ
𦄏	ショウ:G ソウ:K
𦄐	キン:K コン:G ビ:K ミ:G
𦄑	セイ
𦄒	ヘン
𦄓	ツ:G トウ:K
𦄔	テチ:G テツ:K
𦄕	ヘイ
𦄖	シュウ
𦄗	リョウ
𦄘	チン
𦄙	サク
𦄚	ジュウ
𦄛	シ
𦄜	ク:G コウ:K
𦄯	テン
𦄰	コク
𦄱	ヘン
𦄲	シュク
𦄼	シュ:G シュウ:K ショウ
𦄽	キョ:K ゴ:G
𦄾	ホク:K ボク:G
𦄿	ボク
𦅀	シン:K ジン:G
𦅁	タ
𦅃	ショウ
𦅄	テツ:K デチ:G
𦅆	テン:K デン:G
𦅇	ソウ
𦅈	ヒョウ:G ホウ:K
𦅉	ショク
𦅊	サク
𦅋	ケン
𦅌	トウ
𦅍	ルイ
𦅎	ジュ
𦅏	ジュ
𦅐	ケン
𦅑	ジュン
𦅒	ソウ
𦅓	シュ:G ショウ:K
𦅔	ボク:K モク:G
𦅕	シャク
𦅘	カン:K ケン:G
𦅥	ショウ:K ジョウ:G ビン ヨウ
𦅦	セン
𦅧	チ
𦅨	シュ
𦅩	カイ
𦅬	チュウ
𦅵	セイ
𦅶	ロウ
𦅷	チョ
𦅸	ジュ チュウ
𦅺	ライ:G レイ:K
𦅻	カン
𦅼	タン
𦅽	キョク:K コク:G
𦅾	シャク
𦅿	ウン
𦆀	エン セン:K ゼン:G テン:K デン:G
𦆁	ラ
𦆂	ショク
𦆃	カン
𦆄	シチ:G シツ:K
𦆅	バン
𦆆	レン
𦆈	ケイ
𦆉	セン
𦆊	キョウ
𦆋	ライ
𦆍	ショウ
𦆎	エキ
𦆏	セン
𦆕	ヒ
𦆖	リョウ
𦆗	ヤク
𦆘	トウ
𦆜	シュウ
𦆝	ヒョウ
𦆞	ブ:K ム:G
𦆟	ボウ:K モ:G
𦆠	キ:K ギ:G
𦆡	ケイ
𦆢	ケイ
𦆣	チ
𦆥	ミツ
𦆦	ギ
𦆧	サ
𦆩	イ
𦆪	カ
𦆫	ホ ホウ
𦆬	ショウ
𦆯	ヒン:K ビン:G
𦆰	ヘツ
𦆸	ヨウ
𦆻	ロウ
𦆽	リチ:G リツ:K
𦆾	リチ:G リツ:K
𦆿	ハク
𦇀	セイ
𦇁	フ
𦇂	ケン
𦇃	チョ
𦇄	ライ
𦇅	イ
𦇈	サ
𦇎	ス:G ソウ:K
𦇏	ケン
𦇑	マ
𦇓	ケイ
𦇔	リャク:G レキ:K
𦇕	サン
𦇖	ヒン:K ビン:G
𦇗	シュ セン
𦇘	キン:K コン:G
𦇙	キョ:K コ:G
𦇚	イ
𦇛	ロウ
𦇞	キン ケン
𦇢	シン
𦇣	カイ
𦇥	ヘン
𦇧	ケイ
𦇨	トウ
𦇩	セン
𦇫	セン
𦇬	ヤク
𦇭	ヘン
𦇰	シュク
𦇱	ズ:G ソウ:K
𦇳	ヒョウ
𦇵	シ
𦇶	ケン
𦇷	ヒ
𦇸	カク ギャク
𦇹	イツ
𦇺	バ:K マ:G
𦇻	カン
𦇼	シ
𦇾	エン
𦈀	シャク
𦈁	リツ
𦈃	ドウ
𦈅	ジョウ:G チョウ:K
𦈇	イツ
𦈢	フ:G フウ:K
𦈣	ウ
𦈤	カ:K ケ:G
𦈦	ケイ
𦈧	ハイ
𦈨	ギョウ:G ケイ:K
𦈩	キョウ:K ク:G
𦈫	ケツ
𦈬	スイ
𦈭	エツ
𦈮	トウ
𦈯	キ
𦈰	カイ:K ケ:G
𦈱	シ:K ジ:G
𦈲	カイ
𦈴	フ
𦈵	ギョウ:G コウ:K
𦈶	ハイ:K ヘ:G
𦈷	ソ
𦈸	イキ:G ヨク:K
𦈹	トウ
𦈺	シュ:G シュウ:K
𦈻	サン:K ゼン:G
𦈼	スイ
𦉁	ダイ:G テイ:K
𦉂	シュ:G ショウ:K
𦉆	サ
𦉇	ヘイ
𦉈	スイ:K ズイ:G ツイ
𦉉	リュウ:K ル:G
𦉎	サイ:K セ:G
𦉏	カ
𦉐	ソク
𦉕	セン:K ゼン:G
𦉖	スイ
𦉙	セン
𦉚	ウツ
𦉝	キン
𦉞	カン:K ガン:G
𦉟	ガツ ゲチ
𦉠	ウツ
𦉢	リョウ:G レイ:K
𦉣	レイ
𦉥	オ オウ:K ユ ヨウ:G
𦉦	オウ
𦉧	ガツ ゲチ
𦉩	ライ
𦉪	モウ
𦉫	モウ
𦉬	チョウ:G テイ:K
𦉭	シ
𦉮	モウ
𦉯	モウ
𦉰	ボウ:K モウ:G
𦉳	モウ
𦉷	シュ トク
𦉸	モウ
𦉹	チャク:G テキ:K
𦉻	カン
𦉼	グン
𦉽	モウ
𦉾	モウ
𦉿	エツ
𦊁	ヒ:K ビ:G
𦊂	コ:K ゴ:G
𦊃	シン:K ジン:G
𦊆	コウ
𦊋	トク
𦊌	コン
𦊍	コ
𦊏	ボウ
𦊐	キョ:K ゴ:G
𦊑	リュウ:K ル:G
𦊒	コウ
𦊓	リョウ:G レイ:K
𦊔	ダン:K ナン:G
𦊕	シャ
𦊖	コ
𦊘	コ
𦊝	シュ
𦊞	ミン
𦊟	コ
𦊠	ホウ
𦊡	コ
𦊤	コウ
𦊦	フウ:K ブ:G
𦊧	ゴ
𦊩	シャ
𦊪	オウ:G コウ:K
𦊫	コウ
𦊭	コウ
𦊮	ビ
𦊻	ハン
𦊼	リョ:K ロ:G
𦊽	ボウ:K モ:G
𦊾	ヒ:K ビ:G フ:K フウ ブ:G
𦊿	リュウ:K ル:G
𦋄	フ
𦋅	ケイ ゲ
𦋆	コ
𦋇	トウ
𦋈	セン
𦋉	ホク:K ボク:G
𦋊	キ
𦋋	キョウ:G ケイ:K
𦋌	トウ
𦋍	ボウ
𦋑	フウ
𦋖	テツ
𦋗	シン
𦋘	チ
𦋙	エン
𦋚	トウ
𦋛	ザイ
𦋜	トウ
𦋝	ラ
𦋞	サク
𦋟	モウ
𦋠	セン
𦋡	ボウ:K モ:G
𦋣	カン
𦋧	ショ
𦋪	タン
𦋫	アン
𦋬	バツ
𦋭	セン
𦋮	シ
𦋯	ヨ
𦋰	ケン
𦋲	チ
𦋳	コウ
𦋴	ケイ
𦋹	バク
𦋻	バ
𦋼	ハイ
𦋽	シャ
𦋾	シ シャ
𦋿	ソウ:K ゾウ:G
𦌀	シン
𦌁	リュウ
𦌂	ヒツ
𦌃	チ
𦌅	モウ
𦌆	ショウ:G ソウ:K
𦌊	ソク
𦌏	ロク
𦌐	リ
𦌑	リュウ
𦌒	リョウ
𦌓	ケイ
𦌔	サン:K セン:G
𦌕	ロ
𦌖	チ
𦌚	ケン
𦌜	ショウ
𦌝	ソウ
𦌞	ケイ
𦌟	ロク
𦌠	ハク ビャク:G ヘイ ヘキ:K ベイ
𦌡	ビン:K ミン:G
𦌢	ダイ:G テイ:K
𦌣	ケン
𦌤	チ
𦌦	カン
𦌩	エキ:K ヤク:G
𦌪	タン
𦌫	ダン:K ナン:G
𦌬	ブ:K ム:G
𦌭	キ
𦌮	カン:K ケン:G
𦌱	キ
𦌲	ヒ
𦌳	ブ
𦌴	ラ
𦌵	ライ レ
𦌶	ケン
𦌷	トク:K ドク:G
𦌸	コン
𦌺	クン
𦌻	セン
𦌼	ロウ
𦌾	ケン
𦌿	シ ショ:G ソ:K
𦍁	ハク:K ヒャク:G
𦍃	ケン
𦍅	ケン
𦍆	ケン
𦍇	ヘン
𦍈	キ
𦍊	キ
𦍋	ヨウ
𦍌	ジン
𦍎	キョウ
𦍏	ホン:K ボン:G
𦍐	タツ
𦍑	キョウ:G コウ:K
𦍒	タツ
𦍔	タ
𦍕	ヨウ
𦍗	ショ
𦍘	ガン
𦍚	コウ
𦍛	ヨウ
𦍜	ハツ
𦍝	テイ
𦍞	テイ
𦍟	シュウ
𦍡	ミ
𦍤	サク ソク
𦍥	タ
𦍦	トチ トツ
𦍧	シ
𦍨	ケツ
𦍩	コ
𦍪	フン:K ブン:G
𦍬	コ
𦍭	ジュウ ニュ
𦍮	シュウ
𦍱	コウ
𦍲	ヨウ
𦍴	ショウ
𦍵	コウ
𦍷	トウ
𦍹	ショウ:K ゾウ:G
𦍺	シ:K ジ:G
𦍻	トウ
𦍼	ガン
𦍽	ショウ
𦍾	ケツ コチ
𦍿	テイ
𦎀	ドウ
𦎃	シツ
𦎄	ソツ
𦎆	ソウ
𦎇	テン
𦎈	カイ
𦎉	チョウ
𦎊	ハン
𦎋	チ
𦎌	バン
𦎍	ゼン
𦎎	ホ
𦎒	ケツ
𦎗	サン:K ゼン:G
𦎘	イキ:G ヨク:K
𦎙	ユウ
𦎚	シ
𦎝	エキ
𦎞	セン
𦎟	カン キョウ:G コウ:K ロウ
𦎢	キョク コキ
𦎣	アン:K イン エイ エン:G
𦎤	ジュウ ニュ
𦎥	カン
𦎦	ブ ボウ:K ム:G モ
𦎧	シュン:K ジュン:G
𦎨	ビョウ
𦎩	カツ
𦎭	フク
𦎯	ク:G コウ:K
𦎰	クチ コツ
𦎱	カツ:K ケチ:G
𦎴	コウ
𦎵	ケン
𦎷	シン
𦎸	シ
𦎹	ル:G ロウ:K
𦎻	カン
𦎼	コウ
𦏁	ギ
𦏂	セン
𦏃	ブ
𦏅	カチ ケツ
𦏆	ズ:G トウ:K
𦏇	ユ:G ユウ:K
𦏈	レキ
𦏊	カン:K ガン:G
𦏋	シン
𦏌	ドウ
𦏍	エイ
𦏕	トク:K ドク:G
𦏖	カン
𦏗	コク ゴ
𦏘	カイ
𦏙	シ
𦏚	エイ
𦏜	ヨ
𦏝	エイ
𦏞	ルイ
𦏟	ゼン
𦏠	コウ
𦏡	ギ
𦏢	バイ:K メ:G
𦏣	ケン
𦏤	シ
𦏦	コウ
𦏧	ジュク
𦏨	エ:G カイ:K
𦏩	レキ
𦏪	レイ
𦏫	セン
𦏬	セン
𦏮	ケン
𦏯	ゼン
𦏰	リョウ:G レイ:K
𦏱	ヨウ
𦏲	ウ
𦏳	シ
𦏴	ウ
𦏵	ヨク
𦏶	ブ
𦏷	ショウ
𦏸	ジ:G チ:K
𦏹	ガン:K ゲン:G
𦏺	グ:G コウ:K
𦏻	ウ
𦏼	コウ
𦐀	ブ
𦐂	ヨク
𦐃	ザン ダン:K ナン:G
𦐄	コウ:K ゴウ:G
𦐅	シュウ
𦐆	ハ:K ヘ:G
𦐇	トウ
𦐈	フン:K ブン:G
𦐉	シ:K ジ:G
𦐊	シ
𦐋	ケチ:G ケツ:K
𦐌	ギョウ:G コウ:K
𦐍	ケツ
𦐕	エイ
𦐖	シ
𦐗	フツ
𦐘	ゼン
𦐙	ホウ
𦐚	ハク
𦐛	ク
𦐞	エイ セチ:G セツ:K
𦐡	フツ
𦐢	ヒ
𦐣	チュ
𦐤	カイ:K ガイ:G
𦐥	コウ
𦐦	ハク
𦐧	ゲイ
𦐨	シ
𦐩	トウ
𦐪	エイ
𦐫	エイ
𦐬	キュウ
𦐭	ヒ
𦐮	ユウ
𦐯	ユウ
𦐰	タイ
𦐱	リク
𦐲	ボツ
𦐳	コウ
𦐷	フ
𦐸	ホウ
𦐹	シン
𦐺	ショウ
𦐼	シ
𦐽	ケン
𦐾	シ
𦐿	テイ
𦑀	ハク
𦑇	トウ
𦑈	ソウ
𦑊	セイ
𦑋	シュツ ジュチ
𦑌	イキ:G カク ヨク:K
𦑍	キョク
𦑎	エン
𦑏	タイ
𦑐	ケイ
𦑑	タ:K ダ:G
𦑘	カン:K ゲン:G
𦑙	エン
𦑚	コウ ゴ
𦑛	カン
𦑜	カク:K キャク:G コク
𦑝	シュ:G ショウ:K
𦑞	ヒキ:G ヒョク:K
𦑟	コウ
𦑠	コウ
𦑡	シ:K ジ:G
𦑢	トウ:K トク:K ドウ:G ドク:G
𦑣	チョウ
𦑤	コウ
𦑥	ショ
𦑦	セン
𦑧	シ
𦑨	ソウ
𦑩	キ
𦑪	チョウ
𦑰	ケン
𦑱	カク ジャク:G タク:K
𦑲	トウ:K ドウ:G
𦑳	セン
𦑴	ドク
𦑵	ハク
𦑶	トウ:K ドウ:G
𦑸	ユ:G ユウ:K
𦑹	フ:K ブ:G
𦑺	シ
𦑻	トウ
𦑼	トウ
𦑽	キョウ
𦑾	リュウ:K ル:G
𦒃	コウ
𦒄	ケイ
𦒅	カン
𦒆	ロウ
𦒇	トウ
𦒈	シ
𦒊	ハク
𦒍	ズ:G トウ:K
𦒎	エ:G エイ ケイ:K
𦒏	カク
𦒐	ヘチ:G ヘツ:K
𦒑	イチ:G イツ:K
𦒒	ギョウ
𦒓	キョウ
𦒔	イツ
𦒕	セン
𦒖	ヨク
𦒜	ケン
𦒝	カン:K コン:G
𦒞	トウ
𦒟	ハク
𦒢	コウ
𦒣	シツ
𦒥	オウ
𦒦	ロウ
𦒧	カク:K キャク:G
𦒨	ロウ
𦒩	ロウ
𦒪	リン
𦒫	トウ
𦒬	ケン
𦒮	ヒ
𦒰	タイ
𦒱	コウ
𦒲	シュ
𦒳	ロウ
𦒴	ロウ
𦒶	シュ:K ジュ:G
𦒷	ボウ
𦒸	シュ
𦒺	トウ:K ドウ:G
𦒻	テン
𦒾	テン
𦒿	キ:K ギ:G シ:K ジ:G
𦓀	キ
𦓂	ジュ
𦓄	ボウ
𦓆	ジュ
𦓈	キョウ ジョウ
𦓋	ボウ:K モウ:G
𦓍	テツ
𦓎	ダイ
𦓐	カク
𦓒	ジ:K ニ:G
𦓓	ジ:K ニ:G
𦓔	ジ:K ジュ ニ:G
𦓕	ジ
𦓖	ドク ノク
𦓗	フツ
𦓘	ダイ
𦓚	セン
𦓝	セン
𦓞	フ
𦓠	ジ
𦓢	ダ
𦓤	レチ:G レツ:K
𦓨	シ
𦓪	キツ
𦓬	ショウ
𦓮	コウ
𦓯	エ:G ケ:G ケイ:K ワイ:K
𦓰	セン:K ゼン:G
𦓱	カク:K キャク:G
𦓳	キョウ
𦓴	ショウ:G ソウ:K
𦓵	シ
𦓷	ウン
𦓹	ライ
𦓺	ショウ:G ソウ:K
𦓻	エキ:K ヤク:G
𦓼	コン
𦓽	イ
𦓾	キン:K ゴン:G リン
𦔁	キョク
𦔂	シ
𦔃	エイ:K ヨウ:G
𦔄	ショウ:G セイ:K
𦔅	トツ:K ドチ:G
𦔆	ヒキ:G ヒョク:K
𦔈	セキ
𦔉	シュ:G ショウ:K
𦔋	ジョウ ニュ
𦔌	キ:K ギ:G
𦔍	フ:K ブ:G
𦔎	シキ:G ショク:K
𦔏	コウ
𦔐	ウン
𦔓	リ
𦔔	バン:K マン:G
𦔗	ホウ
𦔘	ドウ
𦔛	ジョウ:G トウ:K
𦔜	ヨキ ヨク
𦔝	タイ:G テイ:K
𦔞	テツ
𦔟	リ
𦔠	ハイ:K ヘ:G
𦔡	セキ
𦔢	セキ
𦔥	エキ:K シャク:G セキ:K ヤク:G
𦔦	カイ:K ケ:G
𦔨	マン
𦔩	ヒョウ:G ビョウ ホウ:K
𦔪	ロウ
𦔫	シキ:G ショク:K
𦔬	ク:K グ:G
𦔭	バ:K マ:G
𦔮	ジョウ:G チョウ:K
𦔯	サ:K シャ:G
𦔰	サ ショ
𦔷	ヨウ
𦔸	ク:G コウ:K
𦔹	ダイ ネ
𦔼	ショウ ジョウ:G チョウ:K ニュ ニョウ
𦔽	チョウ
𦔾	フ:K ブ:G
𦔿	テン
𦕀	サイ:G セイ:K
𦕁	ブン
𦕆	ジャ ヤ
𦕇	シン
𦕉	サ
𦕊	ヘイ
𦕋	ボウ:K モウ:G
𦕌	ブン
𦕍	タン
𦕏	ショウ:G ソウ:K
𦕐	タン
𦕑	シン
𦕒	チョウ テン
𦕓	セイ
𦕔	ボウ
𦕕	ボウ:K モ:G
𦕗	シン
𦕘	チョウ
𦕙	キョ
𦕠	ク:G コウ:K
𦕡	セイ
𦕢	チョウ
𦕱	レン
𦕴	タ
𦕵	リョウ
𦕶	セイ
𦕷	グ:G コウ:K
𦕸	リ
𦕹	コウ
𦕺	キョウ:G コウ:K
𦕻	ソウ
𦕼	リョウ
𦕽	シン
𦕾	カツ
𦕿	チョウ
𦖀	フ
𦖅	チョウ
𦖆	テイ
𦖈	エン
𦖉	ボウ:K モウ:G
𦖊	キ
𦖋	タ
𦖍	カ:K ゲ:G
𦖎	ケン
𦖏	シュウ
𦖐	シャ
𦖜	セイ
𦖝	シ
𦖢	ジ:K ニ:G
𦖣	シュウ
𦖤	ショウ:G セイ:K
𦖥	カイ
𦖦	ガチ ガツ タイ:K テ:G
𦖧	アン:K エン:G
𦖨	ラツ
𦖩	リョウ
𦖪	ス:G ソウ:K
𦖫	ブン
𦖬	ビ:K ミ:G
𦖸	ショウ
𦖹	レン
𦖺	ジ
𦖼	コツ:K ゴチ:G
𦖽	エイ:K ヨウ:G
𦖾	レン
𦖿	トウ
𦗀	テン:K デン:G
𦗁	テン
𦗂	ジク:K ニク:G
𦗃	ビ
𦗊	タ
𦗍	ガイ
𦗐	ガイ
𦗑	タク:K チャク:G
𦗒	カク
𦗓	ロク
𦗔	ショウ:G ソウ:K
𦗕	ビ:K ミ:G
𦗖	リョウ:K ロウ:G
𦗗	ショウ
𦗙	タ
𦗜	ソウ
𦗟	チョウ トク
𦗠	ショウ
𦗡	タン:K ドン:G
𦗢	セン
𦗣	コツ:K ゴチ:G
𦗤	ロウ
𦗥	ヘチ:G ヘツ:K
𦗦	カツ
𦗧	トウ
𦗨	ジョウ ニュ
𦗮	ドウ
𦗯	タン
𦗳	ドウ:K ニョウ:G
𦗴	トウ
𦗵	ショウ
𦗶	シキ:G ショク:K
𦗷	ゴウ
𦗻	シュウ
𦗼	ジ
𦗾	カツ
𦗿	カイ
𦘃	キ
𦘄	カイ
𦘅	カク
𦘈	レン
𦘉	カツ
𦘊	リャク:G レキ:K
𦘋	カイ
𦘍	ガイ:K ガチ ガツ ゲ:G
𦘒	ジョウ:K ニョウ:G
𦘓	エイ
𦘔	シン
𦘕	カイ
𦘘	チュウ
𦘛	シュク
𦘝	シュク
𦘟	チョウ
𦘠	ショ
𦘣	タク
𦘨	シ
𦘩	ヒチ:G ヒツ:K
𦘪	チチ:G チツ:K
𦘫	コウ
𦘬	コウ
𦘭	テイ
𦘲	ヒツ
𦘳	オキ ヨク
𦘴	タ ツ:G ト:K
𦘵	ガ:K ゲ:G
𦘶	クン
𦘷	ケン
𦘸	キツ
𦘹	サン
𦘺	ヒ:K ビ:G
𦘽	ジョ
𦘾	カン
𦘿	コウ
𦙀	ハン:K バン:G
𦙁	チ
𦙂	ハイ:K ヘ:G
𦙃	ショ:G ソ:K
𦙄	キョウ
𦙅	ト
𦙆	シ
𦙇	タン
𦙈	サイ:K セ:G
𦙉	サン
𦙊	ヨク
𦙋	ツ:G ト:K
𦙍	イン
𦙐	ソ
𦙗	ゴ
𦙘	チ
𦙙	スイ
𦙚	サク ソク
𦙛	シュン
𦙟	セイ
𦙠	チ
𦙡	コウ
𦙢	イン
𦙧	ソウ
𦙨	ケイ
𦙩	コウ
𦙪	ケン
𦙫	ショウ:G セイ:K
𦙬	ヒチ:G ヒツ:K
𦙭	トウ
𦙮	キチ:G キツ:K
𦙯	タイ:K ダイ:G
𦙰	シ
𦙱	サン
𦙲	カ:K ケ:G
𦙳	シン
𦙴	ジュ チュ
𦙵	ワン
𦙶	ク:G コ:K
𦙷	コウ
𦙸	サン
𦙹	ハン ヒキ:G ヒョク:K
𦙺	カ:K ケ:G
𦙻	バイ:K マイ:G
𦙼	シ
𦙾	ケイ
𦚀	ケツ
𦚁	キョ
𦚃	ハイ
𦚈	タク ト
𦚉	シン
𦚌	トン
𦚍	キョウ
𦚎	キュウ
𦚏	チン
𦚑	ケン
𦚒	キョ
𦚓	ハン
𦚘	シ
𦚙	シ
𦚚	シ
𦚛	サン
𦚝	ヒョウ
𦚞	キョウ:G コウ:K
𦚟	イ
𦚠	シン
𦚡	セチ:G セツ:K
𦚢	ワ
𦚣	コン:K ゴン:G
𦚤	ユ
𦚥	ウ:G ユウ:K
𦚦	ショウ
𦚧	シュン
𦚨	セイ ゼイ
𦚪	アイ
𦚫	キョウ
𦚬	コ
𦚭	ショ
𦚮	シ
𦚯	イン
𦚰	キョウ
𦚹	コウ
𦚺	セン
𦚻	サン
𦛁	ドウ:K ノウ:G
𦛂	イ
𦛃	カク
𦛄	キョウ
𦛅	アツ
𦛎	シ
𦛏	コツ
𦛐	ダ:K ナ:G
𦛑	シュ:G シュウ:K
𦛒	シン:K ジン:G
𦛓	キク
𦛔	エン セン:K ゼン:G
𦛕	キョウ
𦛖	ショウ
𦛗	リョ:K ロ:G
𦛘	カク ギャク
𦛙	ジョウ:G セイ:K
𦛚	ダン:K ナン:G
𦛛	シン
𦛜	カン:K ゴン:G
𦛝	タ
𦛞	ヨウ
𦛟	キョウ:G コウ:K
𦛠	デツ ネチ
𦛡	ゼン
𦛣	エン
𦛤	カン
𦛥	ワン
𦛦	ゼン
𦛧	シャ
𦛩	コウ
𦛫	ジョウ
𦛬	イン
𦛰	キツ
𦛲	カク
𦛳	ドウ
𦛴	スウ
𦛶	キャク
𦛷	ラツ
𦛹	シ
𦜁	ホウ
𦜂	コウ
𦜃	ケツ
𦜄	タイ:K テ:G
𦜆	カン:K ゴン:G
𦜇	クチ コツ
𦜈	チョウ
𦜉	ヒ
𦜊	シン:K ジン:G
𦜋	セイ
𦜌	キン
𦜍	ホウ
𦜎	ショウ
𦜏	ライ:G レイ:K
𦜐	カン
𦜑	ケイ
𦜒	ハン:K ホン:G
𦜓	キン
𦜔	シツ
𦜕	キ
𦜖	ア
𦜗	セイ
𦜘	ニュウ
𦜙	ジン
𦜚	コウ
𦜛	ク
𦜜	シン:K ジン:G
𦜟	ホウ
𦜡	シャ
𦜪	チョウ
𦜬	ジク
𦜰	タク
𦜳	ショウ
𦜵	キュウ バク
𦜶	ボウ
𦜸	セキ
𦜹	ケイ
𦜺	ヘキ
𦜻	シュウ
𦜽	ヨウ
𦜾	セイ
𦜿	カン
𦝏	セン:K ゼン:G
𦝐	ビョウ:G ホウ:K
𦝑	イク オク
𦝒	チョウ
𦝓	サン
𦝔	チ
𦝕	ドウ
𦝖	シュウ
𦝗	フ
𦝘	キ
𦝚	エイ:K ヨウ:G
𦝛	イ
𦝜	ケイ ゲイ
𦝝	カン:K ガン:G
𦝞	ジョウ:G テイ:K
𦝟	テン デ
𦝠	ラ
𦝡	アン
𦝢	キ:K ギ:G
𦝣	カク
𦝤	ハン:K バン:G
𦝥	ソウ
𦝦	タ
𦝧	ダン
𦝨	カイ
𦝩	イ
𦝪	エン
𦝫	ヨウ
𦝬	トツ
𦝭	スイ リチ:G リツ:K ルイ
𦝮	ブン:K モン:G
𦝯	テツ
𦝰	ス:G ソウ:K
𦝱	シュ:G シュウ:K
𦝲	エイ
𦝳	キャク:G ケキ:K
𦝴	イン:K オン:G
𦝵	カン:K ゴン:G
𦝶	ノウ
𦝷	ヒョウ:G ホウ:K
𦝸	ゼン
𦞁	サイ
𦞄	ノウ
𦞅	イ
𦞉	カイ
𦞋	リク
𦞕	コウ
𦞖	カ
𦞗	コウ
𦞙	エ:G カイ:K タイ:K テ:G
𦞚	セチ:G セツ:K
𦞛	ソウ
𦞜	シキ:G ショク:K
𦞝	キ
𦞞	カン:K ゴン:G
𦞟	ビ:K ミ:G
𦞠	トン
𦞡	オウ
𦞢	コン:K ゴン:G
𦞣	ソウ
𦞤	シ シン
𦞥	ジュウ:G チュウ:K
𦞦	カク コク
𦞧	リュウ
𦞨	キュウ:K ク:G
𦞩	イン
𦞪	ショウ
𦞫	サイ
𦞬	ケン
𦞭	ワ
𦞯	シ
𦞰	リチ:G リツ:K
𦞱	タイ:K テ:G
𦞲	シ
𦞶	フク
𦟀	ラ
𦟁	ボウ
𦟃	ソウ
𦟔	チ
𦟕	ブン
𦟘	イン
𦟙	トン
𦟛	チョウ
𦟜	サク:K シャク:G
𦟝	セキ
𦟞	キョウ
𦟟	バ:K マ:G
𦟠	シュク
𦟡	カイ
𦟢	シュン
𦟣	ハン
𦟤	シュウ
𦟥	トン
𦟦	バク:K マク:G
𦟧	イ
𦟩	ヨウ
𦟯	ロク
𦟰	サ:K シャ:G
𦟳	キョ
𦠀	セツ
𦠁	ショク:K ソク:G
𦠃	セイ
𦠄	カイ:K キ ケ:G
𦠅	シン:K ジン:G
𦠆	サン セン:K ゼン:G ソン:K ゾン:G
𦠇	ソウ:K ゾウ:G
𦠈	ケチ:G ケツ:K
𦠉	エイ
𦠊	ドウ
𦠋	チ
𦠌	ジ:K ニ:G
𦠍	カク:K ガク:G
𦠎	ヒョウ
𦠏	タ
𦠐	サン
𦠑	ケツ
𦠒	ケツ
𦠓	リャク:G レキ:K
𦠔	セツ
𦠕	サイ:G セイ:K
𦠖	ホウ
𦠗	セキ
𦠞	ヒ
𦠟	セツ
𦠠	セツ
𦠤	ドウ
𦠥	カン
𦠦	ソ
𦠨	ソウ
𦠩	レキ
𦠪	セキ
𦠫	ドン
𦠬	セン
𦠷	ショ
𦠸	ダイ:K ナイ:G
𦠹	セン
𦠺	コン
𦠻	イ
𦠼	リョウ:K ロウ:G
𦠾	シュウ
𦠿	ソウ
𦡀	シツ
𦡁	トウ
𦡂	ツ:G トウ:K
𦡃	ダ:K ナ:G ネ
𦡄	ト
𦡅	ショウ:G セイ:K
𦡆	クチ コツ
𦡇	タク:K ダク:G
𦡈	ヨウ
𦡌	ヨ
𦡕	セイ ハク
𦡖	カイ
𦡗	シュウ
𦡘	ツイ
𦡛	ヒ
𦡜	ヒ
𦡨	サン
𦡩	シツ
𦡪	トウ
𦡫	ギ
𦡬	チ
𦡭	ヨ
𦡰	ハク ブ:G ホ:K
𦡱	ショウ:G ソウ:K ヨウ
𦡲	デイ ニョウ
𦡳	ロウ
𦡴	ジュ チュ チュウ
𦡵	コン:K ゴン:G
𦡶	カン
𦡷	タイ デ
𦡸	ジ
𦡹	キュウ:K コウ:G
𦡺	エイ
𦡻	ヒョウ:K ビョウ:G
𦡼	ギョウ:G ゴウ:K
𦡽	オウ:G コウ:K
𦢃	ゼン
𦢅	トウ
𦢈	ケン
𦢊	ハク:K バク:G
𦢋	コウ
𦢌	トク
𦢍	キ:K ゲ:G
𦢎	コウ
𦢏	ライ レ
𦢐	ソン
𦢑	シュク
𦢕	セキ
𦢖	ヨウ
𦢙	セン
𦢚	フ
𦢛	リョ
𦢜	クン
𦢝	シュウ
𦢥	スイ
𦢦	ソ
𦢧	ボウ:K モウ:G
𦢨	セン:K ゼン:G
𦢩	シュ:G シュウ:K ショウ
𦢪	スイ
𦢫	ル:G ロウ:K
𦢭	ホウ
𦢮	カン
𦢯	キン
𦢸	ハク
𦢺	ショウ
𦢻	ヨウ
𦢼	エイ
𦢽	カク
𦢿	イ スイ
𦣀	ショウ ジョウ:K ドウ:K ニョウ:G ノウ:G
𦣁	ヒョウ
𦣂	ホウ
𦣆	バ:K マ:G
𦣇	ラ
𦣈	ハク
𦣉	ルイ
𦣊	デイ
𦣋	レン
𦣌	ブ
𦣍	ギョウ:G コウ:K
𦣏	ラン レン
𦣐	レン
𦣑	ソ
𦣒	キョ:K ゴ:G
𦣓	トウ
𦣖	ラ
𦣚	デイ
𦣛	ラ
𦣜	アク
𦣝	アイ イ
𦣠	ボウ
𦣢	スイ
𦣤	イ
𦣥	ヒ
𦣦	キョウ
𦣧	サク
𦣨	ケン
𦣩	キョウ
𦣪	エン
𦣮	コ
𦣯	カ
𦣲	リン
𦣴	カン:K ゲン:G
𦣷	リン
𦣸	ラン
𦣹	ジ
𦣺	ハク
𦣻	シュ:G シュウ:K ハク:K ヒャク:G
𦣼	ジ
𦣽	ケイ
𦣾	エン ワン
𦣿	ケイ
𦤁	ワン
𦤂	シュ:K ジュ:G
𦤃	コウ
𦤄	バツ
𦤆	ウン
𦤇	キ
𦤈	ソク
𦤉	セン
𦤊	ジク
𦤌	キ
𦤍	コウ
𦤐	コウ
𦤒	シュウ
𦤔	ベン
𦤕	エチ:G エツ:K
𦤗	コウ
𦤘	ユ:G ヨウ:K
𦤙	ガチ ガツ ゲチ:G ゲツ:K
𦤚	ハツ:K バチ:G
𦤜	ゴ
𦤝	ベン
𦤞	ゲツ
𦤟	シン
𦤡	オウ:K キョウ ヨウ:G
𦤢	ヒ
𦤣	ホツ:K ボチ:G
𦤦	エツ:K オチ:G カイ:K カチ:G カツ:K ケ:G
𦤧	ダイ:K ナイ:G
𦤨	オチ:G オツ:K
𦤫	ヒ:K ビ:G
𦤬	カイ:K ケ:G
𦤲	ブツ
𦤳	シ
𦤴	シ
𦤵	シ
𦤸	シ
𦤹	チ
𦤺	チ
𦤻	チチ:G チツ:K
𦤼	オク
𦤽	デイ
𦤿	オク
𦥁	フ:K ブ:G
𦥂	アイ エ
𦥄	ダイ
𦥅	テツ:K デチ:G
𦥆	アク
𦥈	アイ
𦥉	ギョ:K ゴ:G
𦥊	シ チ
𦥋	チ
𦥍	ケイ
𦥎	シ
𦥏	シチ:G シツ:K
𦥐	ジ:G チ:K
𦥑	キク キュウ キョ キョク:K コク:G
𦥒	シ
𦥓	シン
𦥔	シン
𦥙	エイ
𦥛	ソウ
𦥟	ヨウ
𦥠	ヨ
𦥡	ハツ
𦥢	カン
𦥣	ユウ
𦥥	ハツ
𦥦	バツ:K マチ:G
𦥧	ヘン
𦥨	ヨウ
𦥩	ソ
𦥫	ソウ
𦥬	サク
𦥭	ハク
𦥮	イ
𦥰	キョウ
𦥲	ハク
𦥳	ケン
𦥴	ショウ
𦥵	ヨウ
𦥶	キュウ
𦥷	キョウ:G コウ:K
𦥸	ヨ
𦥹	キョ
𦥺	ヨウ
𦥻	スイ
𦥼	ヨウ
𦥽	ショウ
𦥾	ハク
𦥿	エン
𦦀	シン
𦦁	ベイ
𦦂	シ
𦦃	ゲイ
𦦄	キュウ
𦦅	ジュ ソウ
𦦆	キョク:K コク:G
𦦇	スイ
𦦈	ソウ
𦦉	セン
𦦊	キュウ
𦦌	ヨウ
𦦏	セイ
𦦐	ハク
𦦑	フン:K ブン:G
𦦓	ショウ
𦦔	ヒ
𦦕	コウ
𦦗	コウ
𦦘	ショウ:G ソウ:K
𦦙	キョ
𦦚	イン
𦦛	コウ
𦦜	ソウ
𦦝	キョ キョウ:K ク:G グ:G コ:K フ:G ホウ:K
𦦞	ヨウ
𦦢	ジョウ:G トウ:K
𦦣	サイ:K セ:G
𦦤	ノウ
𦦥	ノウ
𦦩	ウチ:G ウツ:K
𦦪	トウ
𦦫	ウ
𦦬	ジョウ
𦦭	ソウ
𦦯	ボン:K モン:G
𦦰	トウ
𦦱	ソウ
𦦲	ウ ヨ
𦦶	ジョウ
𦦹	サク
𦦺	トウ
𦦼	シュウ
𦦽	カン:K ケン:G ハン:K ホン:G
𦦾	トウ
𦦿	エイ:K オウ:G
𦧁	ホウ
𦧂	セン
𦧄	ジン
𦧅	オウ
𦧇	シ
𦧈	キン:K ゴン:G
𦧉	キ
𦧊	セン
𦧋	キン
𦧍	カツ
𦧎	キン
𦧏	タン
𦧐	ケン
𦧒	コ
𦧓	シ
𦧔	カツ
𦧕	セン
𦧖	テン
𦧘	コ
𦧙	シュ
𦧚	テン
𦧛	トウ
𦧝	テン
𦧟	トウ
𦧠	カツ:K ゲチ:G
𦧡	エン タン:K ダン:G テン
𦧢	チョウ
𦧤	トウ
𦧥	トウ
𦧦	ジ
𦧧	シ
𦧩	テン
𦧪	シ
𦧫	シ
𦧭	トウ
𦧮	カツ:K ケチ:G
𦧰	ケイ
𦧱	トウ
𦧴	タン テン:K デン:G
𦧵	ワ
𦧶	シャ
𦧸	セン
𦧹	カ:K ケ:G
𦧻	テン
𦧼	ラン
𦨁	コウ
𦨃	コウ
𦨄	コウ
𦨅	ブ
𦨆	シュン
𦨇	ギツ ゴチ
𦨈	フク
𦨉	ゴチ:G ゴツ:K
𦨊	フク
𦨋	フク
𦨍	チョウ:G テイ:K
𦨎	トウ
𦨏	ギツ ゴチ
𦨐	タイ
𦨔	ジン
𦨕	フク
𦨖	ショウ:G ソウ:K
𦨗	ハン
𦨘	キ
𦨙	ジツ:K ニチ:G
𦨛	コウ
𦨜	カ
𦨝	テイ
𦨟	シ
𦨡	フツ ブチ
𦨢	タイ:G テイ:K
𦨣	チョウ
𦨤	エイ:K ヨウ:G
𦨦	カ:K ケ:G
𦨧	モク
𦨨	エン
𦨬	エイ:K ヨウ:G
𦨯	カツ:K ガチ:G
𦨰	キョウ
𦨱	シン
𦨲	ハン:K バン:G
𦨴	ズ:G トウ:K
𦨵	コウ:K ゴウ:G
𦨶	チン
𦨷	バツ
𦨸	タ
𦨺	エイ
𦨼	グ:G コウ:K
𦨽	キン
𦨾	コウ
𦨿	テイ
𦩄	トウ
𦩇	ソウ
𦩈	シュウ
𦩉	シュウ
𦩊	ゲキ
𦩋	ハイ:K ベ:G
𦩌	ショウ
𦩍	チョウ:G トウ:K
𦩎	チン
𦩏	シン
𦩖	ヒ
𦩙	シュウ
𦩜	ダ:K ナ:G
𦩝	イ
𦩞	ユ
𦩟	フク:K ブク:G
𦩠	ショウ:G セイ:K
𦩡	フク
𦩢	カン:K ゲン:G
𦩣	ケイ
𦩤	トツ:K ドチ:G
𦩥	ケツ
𦩦	シン
𦩧	ギュウ ゴウ
𦩨	シン
𦩩	ヨウ
𦩪	カ
𦩫	トウ
𦩬	イ
𦩭	セイ
𦩯	ハイ
𦩱	ショウ
𦩲	ユウ
𦩴	ガイ
𦩵	ケン
𦩶	ケイ ゲイ
𦩷	コウ
𦩸	ジャク:K ニャク:G
𦩹	トウ
𦩺	キョウ:K グ:G
𦩻	チョウ
𦩼	ク:G コウ:K
𦩽	シュウ
𦪄	コウ
𦪅	テイ
𦪆	キ
𦪇	ロク
𦪈	ゴウ
𦪉	シン
𦪊	セイ
𦪋	シュ:G シュウ:K
𦪍	タイ
𦪎	ホウ
𦪑	ハチ:G ハツ:K ボチ
𦪒	イ
𦪓	シュク
𦪔	トン
𦪕	リョウ
𦪖	ヘン ホン
𦪗	オウ:G コウ:K
𦪘	ガチ ケツ
𦪙	トウ
𦪚	ソン
𦪛	ジョウ
𦪜	サン
𦪝	トウ:K ドウ:G
𦪡	キョ
𦪣	セン
𦪤	ホウ
𦪥	シュク
𦪧	カン
𦪩	レイ
𦪪	ブ:G ホウ:K
𦪫	サン
𦪬	ケチ:G ケツ:K
𦪭	トウ:K ドウ:G
𦪮	サ
𦪰	ゴウ
𦪱	サイ:G セイ:K
𦪲	シュク
𦪶	ライ:G リ レイ:K
𦪷	ボク:K モク:G
𦪸	サ
𦪹	バン
𦪽	リュウ リョウ ル:G ロウ:K
𦪾	リャク:G レキ:K
𦪿	シュウ:K ジュウ:G
𦫀	トウ
𦫁	トウ
𦫂	ヨウ
𦫃	リョウ:G レイ:K
𦫄	レイ
𦫅	サ
𦫆	レイ
𦫇	ワク
𦫈	ライ:G レイ:K
𦫊	リョウ:G レイ:K
𦫍	フツ
𦫎	コン
𦫒	カン
𦫓	サク:K シャク:G
𦫔	ハチ:G ハツ:K
𦫕	バツ:K マチ:G
𦫖	ハク
𦫗	ホウ
𦫙	ハ:K ベ:G
𦫛	フツ ボツ
𦫜	キョク
𦫝	シュン
𦫞	ガン
𦫡	キ
𦫢	エン
𦫣	ホウ
𦫤	ガン
𦫦	ケイ
𦫨	ガイ:K ガン:K ゲ:G ゲン:G
𦫪	ワ
𦫫	オウ
𦫬	ケイ
𦫮	ビン
𦫯	クン
𦫰	ボウ:K ム:G
𦫱	ホウ
𦫳	カ カイ:K ケ:G
𦫶	キュウ:K コウ:G
𦫷	コウ
𦫸	ジン
𦫹	ユウ
𦫺	シ
𦫻	カイ
𦫼	カイ
𦫿	ガイ
𦬀	ヤ
𦬁	サイ:K ザイ:G
𦬂	ゴチ:G ゴツ:K
𦬃	タク:K チャク:G
𦬄	ジン
𦬅	ク:G コウ:K
𦬆	ボウ
𦬈	キツ
𦬉	カイ
𦬊	キ:K ギ:G
𦬓	ユウ
𦬔	カイ ショウ:G ソウ:K
𦬕	ジュ チュウ
𦬖	キュウ:K グ:G
𦬗	カ
𦬘	ク:G コウ:K シュ:G シュウ:K ショウ
𦬙	ホク
𦬚	コ:K ゴ:G
𦬛	ベン:K メン:G
𦬜	コ
𦬝	ハチ:G ハツ:K
𦬞	テン
𦬟	キ
𦬠	キョ
𦬡	スイ
𦬣	ホウ
𦬤	コ
𦬥	キュウ
𦬦	ギ
𦬧	ユウ
𦬳	カ:K ケ:G
𦬷	シ
𦬸	ジュチ チュツ
𦬹	タチ:G タツ:K タン:K ダン:G
𦬺	キョウ:G ケイ コウ:K
𦬻	ジョ:K ダ:K ナ:G ニョ:G
𦬼	デツ
𦬽	ホウ
𦬾	ケン
𦬿	カイ
𦭀	シ
𦭁	ダン:K ナン:G
𦭂	カン
𦭃	ヘイ
𦭄	シ
𦭅	カイ:K ケ:G
𦭆	ソウ
𦭇	シ
𦭈	コ:K ゴ:G
𦭉	サ:K セ:G
𦭋	ヒョウ:G ホウ:K
𦭝	バツ
𦭢	ハン
𦭨	ジョ:G チョ:K
𦭩	シ
𦭫	ソウ
𦭭	キョウ:K グ:G
𦭮	エイ テイ デイ リク
𦭯	ル:G ロウ:K
𦭱	ソク
𦭲	キ:K ギ:G
𦭳	ウ
𦭴	シュ:G シュウ:K
𦭵	ヨウ
𦭶	セン
𦭷	ボウ:K ム:G
𦭸	ジュ チュウ
𦭹	カイ:K ケ:G
𦭺	キュウ:K ク:G
𦭻	キュウ:K グ:G
𦭼	ヒ:K ヒョウ:G ビ:G ビョウ ブ ホウ:K
𦭿	シャ:K ジャ:G ヤ
𦮀	タツ
𦮁	キュウ:K キョウ ク:G
𦮂	シ
𦮃	カイ:K ケ:G
𦮄	ボウ
𦮅	バク
𦮆	シュウ
𦮇	シツ
𦮈	シ
𦮉	リュウ
𦮊	ス
𦮋	コウ
𦮌	ケン
𦮍	カイ
𦮎	ク:G コウ:K
𦮏	ジ
𦮐	ケイ ゲイ
𦮑	ホ ボ
𦮒	キョク
𦮓	ケイ
𦮘	ジョウ
𦮙	キ
𦮠	ボウ:K モ:G
𦮮	ヨク
𦮶	ブン:K モン:G
𦮷	ハイ:K バイ:G
𦮸	イ シ:K ジ:G
𦮹	フウ:K ブ:G
𦮺	シ
𦮻	ケン
𦮼	キ:K ギ:G
𦮽	コク
𦮾	ジュウ:K ニュウ:G
𦮿	ク
𦯀	ホン:K ボン:G
𦯁	ソン
𦯂	シュク
𦯃	キョク
𦯄	リュウ:K ル:G
𦯅	ショ
𦯆	ボウ
𦯇	ジュウ
𦯈	シン
𦯉	ハク:K ヒャク:G
𦯊	ケツ
𦯋	チク
𦯌	ブ:K ボウ:K ム:G モウ:G
𦯍	チョウ
𦯎	ソウ
𦯏	アク
𦯐	ショウ:K ジョウ:G
𦯑	ソウ
𦯒	ギョウ:G ゴウ:K
𦯓	ショ
𦯔	ダイ:G テイ:K
𦯕	ス:G ソウ:K
𦯖	タチ:G タツ:K デツ ネチ
𦯘	サン
𦯙	シャ
𦯚	カツ
𦯛	ビ
𦯜	カン
𦯝	ショウ
𦯞	ビ
𦯟	キョ:K コ:G
𦯠	ガン
𦯡	キ
𦯢	セン
𦯣	ショ:K ジョ:G
𦯤	ソウ
𦯥	ケン
𦯦	ビョウ
𦯧	ショウ ジョウ:G チョウ:K ヨウ
𦯨	キュウ ボウ
𦯩	スイ
𦯪	キョウ
𦯫	シ
𦯬	シャ:K ジャ:G
𦯮	ボウ:K モウ:G
𦯯	ジ:G チ:K
𦯰	ヒョウ:G ヘイ:K
𦯴	イ
𦯸	キ
𦰖	アク
𦰗	カ
𦰘	シ
𦰜	タ
𦰞	チョウ
𦰥	ホウ
𦰧	ショウ ヨウ
𦰪	シュウ:K ジュ:G
𦰫	デイ:K ナイ:G
𦰬	ハク:K ビャク:G
𦰭	トン:K ドン:G
𦰮	フ:K ブ:G
𦰯	シ
𦰰	ク
𦰱	ショウ:K ジョウ:G
𦰲	ク
𦰳	シャ ヤ
𦰴	ビ
𦰵	カイ
𦰶	キョク
𦰷	ミツ
𦰸	シン
𦰹	サツ:K セチ:G
𦰺	フウ:K ブ:G
𦰼	セキ
𦰽	ヒ
𦰾	カク
𦰿	タ
𦱀	イク
𦱁	ケン:K ゲン:G
𦱂	イキ:G ヨク:K
𦱃	ウ
𦱄	ク:G コ:K
𦱅	キョ:K コ:G
𦱆	タ
𦱇	ク:G コウ:K
𦱉	リョウ
𦱊	ショウ:G ソウ:K
𦱋	ボウ
𦱌	コウ
𦱍	マ
𦱎	ジ
𦱐	コウ
𦱑	セン
𦱒	モク
𦱓	シ
𦱔	ヘイ
𦱕	カ
𦱖	フ:K ブ:G
𦱗	ジ
𦱘	ボウ
𦱙	チュウ
𦱚	ウン
𦱛	ベツ
𦱜	キョウ
𦱞	バイ:K マイ:G メ
𦱟	ボウ:K モウ:G
𦱠	キュウ:K ク:G
𦱡	ジャク
𦱢	ジャク
𦱣	ク:G コウ:K
𦱤	バク
𦱥	ソウ
𦱦	トウ
𦱧	クチ クツ コチ:G コツ:K
𦱨	ビ
𦱩	キュク
𦱪	ス
𦱫	シュウ
𦱬	ソウ
𦱮	ヘイ
𦱰	ジ:G チ:K
𦱱	キュウ:K ク:G
𦱲	キュウ
𦱳	シ
𦱴	バク
𦱵	サ:K セ:G
𦱶	ジャク
𦱷	ヒ
𦱸	リョウ
𦱹	キョウ
𦱺	ソウ
𦱻	ス
𦱼	ソウ
𦲃	ユウ
𦲆	キョク
𦲇	ブツ
𦲈	カイ
𦲞	サン シン
𦲬	マ
𦲯	サン:K ザン:G バン:K マン:G
𦲰	ク
𦲸	バン:K マン:G
𦳁	コウ ボウ:K モウ:G
𦳂	イ
𦳃	シャ
𦳄	ヘン:K ベン:G
𦳅	ユ
𦳇	テン:K デン:G
𦳈	ヒ:K ビ:G ヘイ
𦳉	イ
𦳊	シ
𦳋	カイ:K ケ:G
𦳌	キュウ:K コウ:G ジュウ:G チュウ:K
𦳎	ショ
𦳏	サ:K シャ:G
𦳐	ダイ:K ダツ ナイ:G ナチ
𦳑	ボウ:K モ:G
𦳒	ジン
𦳓	フ
𦳔	ズ:G ト:K
𦳕	キュウ
𦳖	ケイ
𦳗	ショウ:G セイ:K
𦳘	サ
𦳙	チ
𦳚	シ:K ジ:G
𦳛	キ
𦳜	ビン
𦳝	チョウ トウ:K ドウ:G ヨウ
𦳞	ハイ:K ヘ:G
𦳟	キョウ:G コウ:K
𦳠	ハツ:K バチ:G
𦳡	サツ:K セチ:G
𦳢	イ
𦳣	シュン
𦳤	ヒョウ
𦳥	ビョウ:K ミョウ:G
𦳦	サイ
𦳧	ユ:G ユウ:K
𦳩	イク ウ:G ユウ:K
𦳪	ソン
𦳫	サン
𦳬	コウ
𦳭	リュ ル
𦳮	シャク:G セキ:K
𦳰	キョ:K コ:G
𦳱	ソウ
𦳲	ケイ
𦳳	シン
𦳴	カツ
𦳵	シャク
𦳶	ボウ
𦳷	ユ:G ユウ:K
𦳸	シュウ:K ジュ:G
𦳹	アク
𦳺	ハツ
𦳻	ジ:G チ:K
𦳼	ゼツ
𦳽	ケン
𦳾	ジュ ニュ
𦳿	シュ:G ソウ:K
𦴀	シ
𦴁	ベツ
𦴅	スイ
𦴆	コウ
𦴇	エイ
𦴈	ジャク
𦴉	コ:K ゴ:G
𦴊	オウ:K ヨウ:G
𦴋	ム
𦴌	シュン
𦴍	シャ:K ジャ:G
𦴎	ク:G コウ:K
𦴏	ヒョウ:G ホウ:K
𦴐	ハン
𦴑	ケン:K ゲン:G
𦴒	キョウ
𦴓	ソウ
𦴔	ベツ:K メチ:G
𦴕	タク
𦴗	イ
𦴘	カイ
𦴙	リ レイ
𦴚	ジョウ:G チョウ:K
𦴛	セン
𦴞	テン
𦴟	レツ
𦴠	ボク
𦴮	ハン
𦴰	チョウ
𦴱	ソウ
𦴲	ベツ
𦴳	コウ
𦴻	カン
𦴼	シン
𦵐	デツ
𦵒	シュウ
𦵝	トウ
𦵟	ジ
𦵡	キュウ:K ク:G
𦵢	コウ
𦵣	コン:K ゴン:G
𦵥	ウツ
𦵦	ジャク:G テキ:K
𦵧	ロウ
𦵨	ビ
𦵩	シュ:G シュウ:K ソウ:K ゾウ:G
𦵪	サク:K シャク:G
𦵫	サク:K シャク:G
𦵬	ソ:K ゾ:G
𦵭	ズイ
𦵮	セツ
𦵯	カツ:K ゲチ:G
𦵱	セチ:G セツ:K
𦵲	シン
𦵳	キク
𦵴	ケツ:K ゲチ:G
𦵵	ユ:G ユウ:K
𦵶	チク
𦵷	ク:G コウ:K
𦵸	キョウ:G コウ:K
𦵹	タン
𦵺	トウ
𦵻	セン
𦵼	クン:K グン:G
𦵽	オウ:G コウ:K
𦵾	シャク:G セキ:K
𦵿	フ:G ホウ:K
𦶀	ウ:G オ:K
𦶁	フン
𦶂	オウ:G ユウ:K
𦶄	デツ
𦶅	ダイ:K ナイ:G
𦶆	ジュウ
𦶇	ジョウ ゼン:K ニュ ネン:G
𦶈	タン:K ダン:G ナン
𦶉	シ
𦶊	イ
𦶋	セン
𦶌	チョウ
𦶍	キュウ ゴウ
𦶎	カ カイ:K ケ:G
𦶏	タイ デ
𦶐	キョウ:K ク:G
𦶑	トウ
𦶒	カ
𦶓	コウ
𦶔	ク
𦶕	ショ
𦶖	ルイ
𦶗	キク
𦶘	ケン
𦶚	フン
𦶛	ボ
𦶪	ジュウ
𦶫	ヨウ
𦶬	スイ
𦶭	レイ
𦶮	ウン
𦶯	ケキ
𦶰	ヘイ
𦷓	カツ
𦷔	ソ
𦷕	ロ
𦷗	キョウ
𦷘	ショウ
𦷙	デン:K ネン:G
𦷚	シ
𦷛	ホウ
𦷝	ス
𦷞	サツ
𦷟	ソウ
𦷠	ドウ:K ニョウ:G
𦷡	キ
𦷣	ソウ
𦷱	セン
𦷲	ケイ ゲイ
𦷳	コ:K ゴ:G
𦷴	ス:G ソウ:K
𦷵	アク
𦷶	ボウ
𦷷	カイ
𦷹	ボウ:K モウ:G
𦷻	サン
𦷽	コ:K ゴ:G
𦷾	タイ:G テ テイ:K
𦷿	ユウ
𦸀	キ
𦸁	タン
𦸂	シン
𦸃	ケン
𦸄	トウ
𦸆	キ
𦸇	チュツ
𦸈	カツ
𦸉	カツ:K ケチ:G
𦸊	セン
𦸋	カン
𦸌	カン
𦸍	タツ
𦸎	ジ
𦸏	サイ
𦸐	リク:K リュウ:K ル:G ロク:G
𦸑	ベイ ベツ:K メイ メチ:G
𦸒	イ
𦸓	シチ:G シツ:K
𦸔	チョウ
𦸕	ドク
𦸖	ジュウ
𦸗	シャク:G セキ:K
𦸘	カツ:K ケチ:G
𦸙	ユウ
𦸚	シュウ:K ジュウ:G
𦸛	ジョウ:G ソウ:K
𦸜	サイ
𦸝	シツ
𦸞	ミツ
𦸟	ソウ
𦸠	ゼイ
𦸡	ベキ:K ミャク:G
𦸢	ル:G ロウ:K
𦸣	ヒ ヘイ ベイ
𦸤	サイ
𦸦	ホツ
𦸧	キン
𦸨	キン
𦸩	ヒツ
𦸪	ハイ:K ベ:G
𦸫	コン
𦸬	シュン
𦸭	ゴ
𦸮	シン
𦸯	シン
𦸰	サン:K セン:G
𦸱	フウ:K ブ:G
𦸲	ゴウ
𦸳	ジョク
𦸴	テツ
𦸵	キョ:K ゴ:G
𦸶	クチ クツ サツ:K セチ:G
𦸷	シ
𦸸	シュ
𦸹	キュウ
𦸺	スイ
𦹆	キン
𦹇	サ
𦹈	サ
𦹉	ボウ
𦹊	ゴ
𦹌	タイ
𦹍	ト
𦹠	ソウ
𦹡	ヒョウ
𦹢	ゾウ
𦹣	カイ
𦹤	セン
𦹥	イン
𦹦	エイ:K ヨウ:G
𦹨	ショウ
𦹩	ホウ
𦹪	バク
𦹽	ヒ:K ビ:G
𦹾	ボウ
𦹿	サ:K セ:G
𦺀	シュ:G ソウ:K
𦺁	エイ
𦺂	ハ
𦺆	コウ
𦺇	トク:K ドク:G
𦺈	ソン
𦺉	フ:G フウ ホ:K
𦺊	カン:K コン:G
𦺋	シュ:G シュウ:K ソウ
𦺌	シュ:G シュウ:K
𦺍	セン:K ゼン:G
𦺎	ブ:G ホウ:K
𦺏	コウ
𦺐	サン:K ザン:G
𦺑	ホウ ボ
𦺒	ボウ:K モ:G
𦺓	チョウ
𦺔	ギョウ:G コウ:K
𦺕	キ
𦺖	キチ:G キツ:K バン:K マン:G
𦺗	ショ
𦺙	ライ:G レイ:K
𦺚	チュウ
𦺛	テン
𦺜	ロウ
𦺝	ドウ
𦺞	カ:K ケ:G
𦺟	コ:K ゴ:G
𦺠	コ
𦺡	ショウ
𦺢	ケチ:G ケツ:K
𦺣	ギョウ:G コウ:K
𦺤	ジョウ
𦺥	ツ:G ト:K
𦺦	カン:K ガン:G
𦺧	カチ:G カツ:K ケチ
𦺨	ショウ:K ゾウ:G
𦺩	ケキ
𦺪	チョ
𦺫	ロウ
𦺬	キ:K ケ:G
𦺭	シン セン
𦺮	ユ
𦺯	チョウ
𦺰	チョウ:G トウ:K
𦺱	シ
𦺲	セン:K ゼン:G
𦺳	ヨク
𦺴	シュウ
𦺵	シュウ
𦺶	ケイ ゼイ ネ
𦺷	シン
𦺸	リン
𦺹	リョウ
𦺺	ギョウ:G ケイ:K
𦺻	サン
𦺼	イン
𦺽	アン:K オン:G
𦺾	ゼン:K ネン:G
𦺿	ショク
𦻀	タイ:G ダイ テイ:K
𦻁	タン
𦻂	ソン
𦻃	カン
𦻄	セン
𦻅	ソウ
𦻆	キ
𦻇	ケイ
𦻈	ハク
𦻉	フク
𦻊	ソウ
𦻋	キン
𦻌	フ
𦻍	キン
𦻝	キャク:G ケキ:K
𦻟	ショウ
𦻠	キン
𦻡	シュウ
𦻢	トウ
𦻣	ライ
𦻤	セン
𦻥	ヒ
𦻦	トウ
𦻧	カン
𦻨	コ
𦻩	ビツ
𦻪	イ
𦼆	ズイ ニ
𦼇	ウ
𦼈	シュ
𦼊	ロウ
𦼋	ロク
𦼌	デン:K ネン:G
𦼎	タン
𦼏	ソウ
𦼐	ヒョウ
𦼑	シュク
𦼒	シン
𦼙	テイ
𦼡	シ
𦼢	セツ:K ゼチ:G
𦼣	イク
𦼤	リョウ
𦼩	ソウ
𦼪	ボウ:K モ:G
𦼫	キョ:K ゴ:G
𦼬	ショ
𦼭	ハク:K ビャク:G
𦼮	カン
𦼯	スイ
𦼰	カツ:K ガチ:G ケチ:G ケツ:K
𦼱	セン
𦼲	トウ
𦼳	チョウ
𦼴	ヨウ
𦼵	カツ
𦼶	チョウ
𦼷	キャク:G ケキ:K
𦼸	コウ
𦼹	ヒン ホン
𦼺	テツ
𦼻	ビ
𦼼	ギョ
𦼽	キ
𦼾	チュウ
𦼿	トン
𦽀	ゴウ
𦽁	キョウ:G ケイ:K
𦽂	リク
𦽃	ベン:K メン:G
𦽄	テン:K デン:G
𦽅	カ
𦽆	ゲツ
𦽇	ケン:K コン:G
𦽈	ユウ
𦽉	タン
𦽊	カ
𦽋	ク:G コウ:K
𦽌	フク
𦽎	ロク
𦽏	フ
𦽐	キ
𦽑	シュン
𦽒	ソク:K ゾク:G
𦽓	ギョウ:G ケイ:K
𦽔	キン:K ゴン:G
𦽕	シ
𦽖	キン
𦽗	フツ ブチ
𦽘	シ
𦽙	ソン
𦽚	ゲツ
𦽛	コウ
𦽜	タン
𦽝	ラ
𦽞	ガン
𦽟	ヘン
𦽠	ゴウ
𦽡	ボウ:K モウ:G
𦽢	タイ
𦽣	カン
𦽤	キョウ
𦽥	シン
𦽦	マン
𦽧	ユウ
𦽨	コウ
𦽩	ジュウ
𦽫	タン
𦽬	キュウ
𦽭	カン
𦽮	ホク:K ボク:G
𦽱	ソウ
𦽵	ゲチ:G ゲツ:K
𦽷	セン
𦽸	カ
𦽹	ボウ
𦽻	ホウ
𦾏	キョウ:G コウ:K
𦾐	ラン
𦾒	バツ
𦾓	カ
𦾔	キュウ
𦾗	シン
𦾫	コク
𦾬	ソウ:K ゾウ:G
𦾭	ホウ
𦾮	カン
𦾯	リョク
𦾰	リン
𦾱	ショウ:G ソウ:K
𦾲	キ
𦾳	リョウ
𦾴	ハン
𦾵	エイ:K ギョウ:G ケイ:K ヨウ:G
𦾶	セン:K ゼン:G
𦾷	リク
𦾸	タン
𦾹	サン
𦾺	ヨウ
𦾻	イン:K オン:G
𦾼	コウ
𦾽	トウ:K ドウ:G
𦾾	ヨウ
𦾿	ショウ:G セイ:K
𦿀	ジョ:G チョ:K
𦿁	フク
𦿂	エン
𦿃	ショウ:G ソウ:K
𦿄	チョウ
𦿅	ヒョウ:K ビョウ:G
𦿆	トウ:K ドウ:G
𦿈	ヤク
𦿉	セン
𦿊	ル:G ロ:K
𦿋	ケツ
𦿌	ラ リョウ
𦿍	ハク:K ホク:G
𦿎	サツ:K セチ:G
𦿏	ボウ:K ム:G モ
𦿐	セツ:K ゼチ:G
𦿑	ソウ
𦿒	シン
𦿓	ケキ
𦿔	ヘイ
𦿕	ショウ
𦿖	ロク
𦿗	ボウ
𦿘	ショ
𦿙	タク
𦿠	イク
𦿢	ボウ
𦿣	コウ
𦿤	チク
𦿥	ユウ
𦿨	シ
𦿩	ソウ
𦿪	ホウ
𦿸	タン
𧀃	キョク
𧀄	チョウ:G トウ:K
𧀅	ベツ
𧀆	ボウ:K モウ:G
𧀇	ケン
𧀊	サイ
𧀍	キョク
𧀔	カク
𧀕	サチ:G サツ:K
𧀖	ダイ:G テイ:K
𧀗	シ
𧀘	キョウ:G コウ:K
𧀙	コウ
𧀚	シ
𧀛	ヒ
𧀝	テキ
𧀠	ダイ:G テイ:K
𧀡	サン
𧀢	ショウ
𧀣	スイ
𧀤	シ
𧀥	ウ:G ユウ:K
𧀦	ロ
𧀧	ボウ:K ミョウ:G ロウ
𧀨	リョウ
𧀩	シ
𧀪	ロウ
𧀫	トウ
𧀬	シチ:G シツ:K
𧀭	ハン:K ボン:G
𧀮	フ
𧀯	シン
𧀰	ダイ:G テイ:K
𧀱	テイ
𧀲	エチ:G エツ:K
𧀳	イ シ
𧀴	フ
𧀵	サン セン:K ゼン:G
𧀷	シン
𧀸	ボク
𧀹	シャ
𧀺	ケツ:K ゲチ:G
𧀻	タン
𧀼	セツ
𧀽	ショ
𧀾	テイ
𧀿	テキ
𧁀	カン
𧁁	ジョウ
𧁂	スイ
𧁃	チク
𧁄	セン
𧁅	ショウ
𧁆	ショウ
𧁇	ジャク
𧁈	ゲチ:G ゲツ:K
𧁉	ハン:K バン:G
𧁊	ボウ:K ミョウ:G
𧁋	ビン:K ミン:G
𧁌	ボウ
𧁍	ソウ
𧁏	テイ
𧁑	ソウ
𧁔	フ
𧁕	ヘイ
𧁖	キク
𧁗	ソウ
𧁘	シン
𧁨	ス:G ソ:K
𧁰	ギョウ:G ケイ:K セン:K ゼン:G
𧁻	キ
𧁼	ズイ
𧁽	リョウ
𧁾	ロウ
𧁿	ショク:K ゾク:G トク:K ドク:G
𧂀	バク
𧂁	セン
𧂂	セン
𧂃	カン
𧂄	タン
𧂅	シン
𧂆	ケン
𧂇	シン:K ジン:G タン:K ドン:G
𧂈	ショウ
𧂉	ハ:K バ:G
𧂊	カイ
𧂋	ヒョウ:K ビョウ:G
𧂌	シュン
𧂍	セン ソン
𧂎	コウ
𧂏	リョウ
𧂐	シ
𧂑	セン
𧂒	サク
𧂓	チ
𧂔	コク:K ゴク:G
𧂕	ボウ
𧂖	キョウ
𧂗	シン
𧂘	ドウ:K ノウ:G
𧂙	セキ
𧂚	ショ
𧂛	ボウ:K ミョウ:G
𧂜	ク:K グ:G
𧂞	セン
𧂟	キ
𧂠	キ:K ギ:G
𧂡	ボウ:K ミョウ:G
𧂢	カン
𧂣	コク
𧂥	ソウ
𧂧	バン
𧂨	タイ:G テイ:K
𧂩	ソウ
𧂰	ジン
𧂱	ケツ
𧂲	キク キョク:K コク:G
𧂳	テン
𧂴	カン
𧂵	バン
𧃎	セツ
𧃏	サン
𧃐	ジャク:G テキ:K
𧃑	ケン:K ゲン:G
𧃒	ル
𧃓	キク コク
𧃔	ジョク タク
𧃕	ケン
𧃖	セン
𧃗	コ
𧃘	ソ
𧃙	カン:K ガン:G
𧃚	スイ
𧃛	ク:G コウ:K
𧃝	シュ:G シュウ:K
𧃞	キ
𧃟	ヨキ ヨク
𧃠	ユ
𧃡	ソウ
𧃢	キョ:K ゴ:G
𧃣	コン
𧃤	ジン
𧃥	エイ
𧃦	カン
𧃧	ビ
𧃨	ク:G コウ:K
𧃩	ギ
𧃪	ゼツ ネチ
𧃫	シャ
𧃬	ウ
𧃮	リン
𧃰	キ
𧃺	ボウ
𧃻	ショク
𧄋	カ
𧄍	キョウ:K ギョウ:G
𧄎	ヨウ
𧄏	フク
𧄐	ソウ
𧄑	キ:K ギ:G
𧄒	ク
𧄓	ツ:G トウ:K
𧄔	ショ:K ジョ:G チョ
𧄕	ショク
𧄖	ヒョウ
𧄗	ショ
𧄘	ギ
𧄙	イ
𧄚	リ
𧄛	キク コク
𧄜	ズイ
𧄝	サク
𧄞	ゲキ
𧄟	セン
𧄠	トウ:K ドウ:G
𧄡	ショウ
𧄣	ショウ
𧄩	ソウ
𧄪	カ
𧄫	ハン
𧄶	ラン
𧄷	ゲキ
𧄸	ビ:K ボン:K ミ:G モン:G
𧄹	シキ:G ショク:K
𧄺	テン
𧄻	リャク:G レキ:K
𧄼	トウ:K ドウ:G
𧄽	サチ:G サツ:K サン
𧄾	ヒ
𧄿	ラ ルイ
𧅀	サン:K ザン:G
𧅁	キョウ
𧅂	ソウ
𧅃	オウ
𧅄	キ:K ギ:G
𧅅	カ
𧅆	ケン
𧅇	ケン
𧅈	チョウ
𧅉	キュウ
𧅊	リョウ
𧅋	エイ
𧅍	ジョウ
𧅎	ショク
𧅏	レイ
𧅓	キュウ
𧅖	ギャク ゲキ
𧅗	トウ
𧅘	ドウ:K ヌ:G
𧅙	ギ
𧅚	ワク
𧅛	チョウ
𧅜	シン
𧅝	ソウ
𧅞	シュウ
𧅟	トウ
𧅠	セイ
𧅡	カツ
𧅢	イ
𧅩	セン
𧅪	シュン
𧅮	ライ:G レイ:K
𧅯	リ
𧅰	コ:K ゴ:G
𧅱	セイ
𧅲	イク ユウ
𧅳	リ
𧅴	セイ
𧅸	タン
𧅺	ドウ:K ノウ:G
𧅻	ゼン
𧅼	ジョウ
𧅽	カイ
𧆁	ソウ
𧆂	シン
𧆃	ラ
𧆆	ヤク
𧆇	ケン
𧆈	ギ
𧆉	フ:G フウ:K
𧆊	ヘツ
𧆋	ゼン
𧆏	バン:K マン:G
𧆐	カン:K ク:G コウ:K コン:G
𧆑	カク スイ:K ズイ:G
𧆒	カン
𧆓	ソ
𧆕	ウ:G ユウ:K
𧆖	ゼン
𧆗	カイ
𧆘	ウ:G ユウ:K
𧆙	ソン
𧆚	ゼン
𧆜	ク
𧆝	ギャク
𧆞	ク:G コ:K
𧆡	チク
𧆢	コ
𧆣	ロ
𧆤	ギ:K ゲ:G
𧆥	コウ:K ゴウ:G
𧆦	ギ:K ギツ ゲ:G ゴチ
𧆧	ギャク
𧆨	ロ
𧆩	ギャク
𧆪	コ
𧆫	ギツ
𧆬	コウ
𧆯	コク
𧆱	ギャク
𧆳	キョ
𧆸	スイ
𧆹	ウ
𧆺	リョウ:G レイ:K
𧆻	ク:G コ:K
𧆼	シュ:G シュウ:K
𧆽	ベキ
𧆾	キョ
𧇁	ク:G コ:K
𧇂	コ
𧇃	ハン ヒン
𧇄	ロ
𧇅	ベキ
𧇆	キョ
𧇇	サ
𧇈	ソ:K ゾ:G
𧇍	カ
𧇏	ロ
𧇐	シュク
𧇑	ホウ
𧇒	ホウ
𧇓	エツ
𧇔	ガイ
𧇘	ショ
𧇛	コ
𧇜	ケイ
𧇝	ショウ ソク
𧇞	キョウ:G コウ:K
𧇟	シュ:G シュウ:K
𧇠	ギョウ
𧇡	ク:G コ:K
𧇢	ト
𧇣	ソ:K ゾ:G
𧇤	ショ
𧇥	ハン
𧇦	カン:K コン:G
𧇧	ジ:G チ:K
𧇭	コツ ホウ
𧇰	コク
𧇲	コウ
𧇷	テイ
𧇻	ベキ
𧇼	コウ:K ゴウ:G
𧇽	キョ:K ゴ:G
𧇾	キ
𧇿	ソ:K ゾ:G
𧈀	レイ
𧈁	カン
𧈆	シュウ
𧈇	ヒン
𧈈	ケチ:G ケツ:K サク:K シャク:G
𧈉	ハ
𧈋	ト
𧈌	カク:K キャク:G
𧈍	キャク:G ケキ:K
𧈎	カク
𧈐	トウ
𧈑	カク:K キャク:G
𧈒	ト
𧈓	カク:K キャク:G
𧈕	ロ
𧈖	カク
𧈗	カク
𧈘	リョ:K ロ:G
𧈜	ズ トウ:K ドウ:G
𧈝	アツ:K エチ:G
𧈟	ジョク ニキ
𧈠	ソウ
𧈦	ラク
𧈧	ボウ
𧈨	シ チ
𧈩	トク
𧈪	テン
𧈫	グ:G コウ:K
𧈬	コウ
𧈭	ゴチ:G ゴツ:K
𧈯	ウ
𧈰	キ
𧈸	ショウ:G ソウ:K
𧈹	ソウ
𧈺	トク
𧈻	エキ:K ヤク:G
𧈽	ギョウ:G コウ:K
𧈾	ケン:K ゲン:G
𧈿	ボウ
𧉀	チ
𧉁	キ:K ケ:G
𧉂	テン
𧉃	イン
𧉄	ダン:K ナン:G ベン:K メン:G
𧉅	イ
𧉆	シツ
𧉇	カイ キ
𧉈	フウ:K ブ:G リュウ:K ル:G
𧉉	トク
𧉊	フ
𧉋	ベン:K メン:G
𧉌	シ
𧉍	シチ:G シツ:K セチ:G セツ:K
𧉎	ケン
𧉏	サン
𧉐	ソウ
𧉑	タイ
𧉗	ゲン
𧉘	チ
𧉛	タイ:G テイ:K
𧉜	キ
𧉞	チョ
𧉟	タイ
𧉠	シ
𧉡	ジョウ ニュ
𧉢	ケツ:K ゲチ:G
𧉣	ギョウ ゴク
𧉤	ハン:K バン:G
𧉥	ホク
𧉧	キョウ
𧉨	キョウ
𧉩	フ:G ホ:K
𧉪	カ:K ケ:G
𧉫	トウ
𧉬	ブン
𧉭	ド:K ヌ:G
𧉮	ジャ
𧉯	ボウ:K ム:G
𧉰	セツ:K ゼチ:G テン:K デン:G
𧉳	ホウ
𧉴	ミツ
𧉵	アク
𧉶	シュ
𧊄	キ
𧊅	カイ
𧊆	フ
𧊇	タイ トク:K ドク:G
𧊍	シ
𧊎	エツ:K オチ:G
𧊏	カイ
𧊐	リチ:G リツ:K
𧊒	シ
𧊓	ジョウ:G チョウ:K
𧊔	エン
𧊕	シュ:G シュウ:K
𧊖	シキ:G ショク:K
𧊗	ジ:K ニ:G
𧊘	ク:G コ:K
𧊙	シ
𧊚	ズ:G トウ:K
𧊛	ク:G コウ:K
𧊜	ガク ハク
𧊝	カク チャク
𧊞	ギョウ:G ケイ:K
𧊟	ジョ:K ニョ:G
𧊠	シュ:K ス:G ユ
𧊡	キョウ
𧊣	エイ
𧊤	エキ
𧊥	シュチ:G シュツ:K
𧊦	フ:G フウ:K
𧊧	コウ
𧊨	ゼン
𧊩	ホウ
𧊪	ラク
𧊫	カイ
𧊬	カク シャク:G セキ:K テチ:G テツ:K
𧊭	イン
𧊮	キョウ
𧊯	エイ:K ヨウ:G
𧊰	イ
𧊱	タ
𧊷	モウ
𧊸	シ
𧊽	コウ
𧊾	ハン:K バン:G
𧊿	レツ
𧋈	ジ:G チ:K
𧋉	ケイ
𧋊	サ:K セ:G
𧋋	ゴ
𧋌	ト
𧋍	セツ:K ゼチ:G タイ:G テイ:K
𧋎	リ
𧋏	ギュウ ゴウ
𧋐	シャク:G シュ:G セキ:K ソウ:K
𧋑	キョウ:G コウ:K
𧋒	キュウ:K グ:G
𧋓	コウ
𧋔	グ:G コウ:K
𧋕	コン
𧋖	ジョウ:K ニョウ:G
𧋗	ジ:G チ:K
𧋘	ダイ:G テイ:K
𧋙	ソウ
𧋚	トウ
𧋛	キュウ
𧋜	シツ
𧋝	チョウ
𧋞	チョウ
𧋟	ボウ
𧋠	レイ
𧋡	ドウ:K ノウ:G
𧋯	キョウ
𧋱	タン
𧋲	キュウ ホク
𧋳	キョウ
𧌁	チョウ
𧌃	ソウ
𧌄	オウ
𧌅	シュウ:K ジュ:G
𧌆	ク:G コウ:K
𧌇	ホウ:K ボウ:G
𧌈	フウ:K ブ:G
𧌉	リク:K ロク:G
𧌊	シャ
𧌋	シャ
𧌌	ウ:G ユウ:K
𧌍	ロク
𧌎	テン
𧌏	トウ:K ドウ:G
𧌐	シャク:G セキ:K
𧌑	クチ クツ
𧌒	ヨク
𧌓	フ:G フウ:K
𧌔	シ
𧌕	ユウ
𧌖	シャ
𧌗	シュ:G シュウ:K
𧌘	ヒ:K ビ:G フク:K ブク:G
𧌙	ビン:K ミン:G
𧌚	キョウ:G ケイ:K
𧌛	フ:G フウ:K
𧌜	ショウ
𧌝	ズ:G トウ:K
𧌟	キュウ
𧌠	ヒ ヒョウ
𧌡	シツ
𧌢	スイ
𧌣	ジ
𧌤	カン
𧌥	シャク:G セキ:K
𧌦	ボウ
𧌧	ク:G コ:K
𧌨	セキ
𧌩	サン
𧌪	キョウ
𧌫	コウ
𧌬	リャク
𧌭	シ
𧌴	キ
𧌵	レツ
𧌻	ショウ
𧌼	シツ シュ
𧌽	ヘツ
𧌾	テイ
𧌿	ハン
𧍀	シツ レイ
𧍁	ショウ
𧍂	コウ:K ゴウ:G
𧍑	ボウ:K モウ:G
𧍒	スイ セン
𧍓	シュツ
𧍔	ヨウ
𧍕	カ ガク キャク キョウ:G ク コウ:K
𧍖	ショウ:G セイ:K
𧍗	チャク
𧍘	ユ:G ユウ:K
𧍙	ハン:K ボン:G
𧍚	カイ
𧍛	ユ:G ヨウ:K
𧍜	キ:K ギ:G
𧍝	テイ
𧍞	ガク
𧍟	ボウ
𧍠	セツ:K ゼチ:G
𧍡	ソク
𧍢	エン
𧍣	タイ
𧍤	シ
𧍥	イ
𧍦	テン
𧍧	カン
𧍩	ケチ:G ケツ:K
𧍪	ギョウ グ
𧍫	イ
𧍬	オウ
𧍭	セン:K ゼン:G
𧍮	キョウ:G ケイ:K
𧍯	フウ:K ブ:G
𧍰	リュ リュウ
𧍱	テツ
𧍲	ヘン:K ベン:G
𧍳	ユ
𧍴	レン
𧍵	コ:K ゴ:G
𧍶	リチ:G リツ:K
𧍷	カク チャク
𧍸	シュ:G シュウ:K
𧍹	メン
𧍺	コウ
𧍻	ヘン
𧍼	レツ
𧍽	ギ
𧍾	シュウ
𧍿	テン
𧎀	セキ
𧎁	カイ
𧎂	カ
𧎃	スイ
𧎄	ブ ボウ:K ム:G モ
𧎕	オウ
𧎖	チ
𧎗	カ
𧎘	エン
𧎙	キャク
𧎞	ホウ
𧎡	キュウ:K ク:G
𧎢	トク:K ドク:G
𧎣	ジョウ ニュ
𧎤	ソン
𧎥	セン
𧎦	キョウ:K グ:G
𧎨	ジ:G チ:K
𧎩	ケチ:G ケツ:K タク:K チャク:G
𧎫	サ
𧎬	トク:K ドク:G
𧎭	ヤ
𧎮	ソウ
𧎯	ケチ:G ケツ:K
𧎰	テン
𧎱	ハ:K ヘ:G
𧎲	ソク
𧎳	サク
𧎴	セキ
𧎵	キ
𧎶	キ
𧎷	チュ
𧎸	キョウ:G コウ:K
𧎹	サイ:K セ:G
𧎺	カ
𧎻	ボウ:K ム:G
𧎼	ヨウ
𧎽	シン
𧎾	ギャク リャク
𧎿	シツ
𧏀	シ
𧏁	チ
𧏂	ケツ:K ゲチ:G
𧏃	ケチ:G ケツ:K
𧏄	セイ
𧏅	セキ
𧏆	トウ
𧏇	ラ ライ:G レイ:K
𧏈	メン
𧏊	ボウ
𧏋	シュ:G シュウ:K
𧏌	ゴウ
𧏍	シ
𧏎	ブン
𧏏	ショ
𧏐	ゲン
𧏑	ホウ
𧏒	キョウ
𧏓	リュウ:K ル:G
𧏔	チ
𧏕	イ
𧏚	コク
𧏝	セイ
𧏤	チク
𧏥	セツ:K ゼチ:G
𧏦	ゼン
𧏧	ケイ
𧏨	キ
𧏩	キ
𧏪	トウ
𧏫	サイ
𧏬	シ
𧏸	シャク:G セキ:K
𧏹	ガイ
𧏺	ウ:G オ:K オウ ク
𧏻	ヒチ:G ヒツ:K
𧏼	シュ
𧏽	エツ
𧏾	ジョク ニキ
𧏿	ジク:G チク:K
𧐀	ジョウ
𧐁	ソク
𧐂	ショク
𧐄	ユ
𧐅	ショ
𧐆	キ
𧐇	イ
𧐈	ソク
𧐉	チ
𧐊	チョウ
𧐋	リャク
𧐌	イ:K スイ ユイ:G
𧐍	シュ:G ショウ:K
𧐎	ベキ:K ミャク:G
𧐏	チ
𧐐	サク シャク:G セキ:K
𧐑	ガク キャク ラク リャク
𧐒	ソク
𧐓	ヤ
𧐔	シュウ:K ジュウ:G ユウ
𧐕	タン
𧐖	レン
𧐗	セン
𧐘	ボウ
𧐙	ブ:K ム:G
𧐚	シャ
𧐛	フク ホク:K ボク:G
𧐜	コク
𧐝	トウ
𧐟	ボウ:K モ:G
𧐣	リャク
𧐬	コウ
𧐭	セキ
𧐮	セン
𧐯	リャク
𧐰	トク
𧐱	ショウ
𧐲	セン
𧐳	ロク
𧐴	シュク
𧐶	シャク:G シュク セキ:K
𧑀	リャク
𧑄	シュ:G シュウ:K
𧑅	エツ:K オチ:G
𧑆	シュ:G ショウ:K
𧑇	ライ:G リ レイ:K
𧑈	ヒ:K ビ:G
𧑉	フ
𧑊	キョウ:G ケイ:K
𧑋	キ
𧑌	イ ヨキ ヨク
𧑍	カ:K ゲ:G
𧑎	サイ:G セ セイ:K
𧑏	ショク
𧑐	イチ:G イツ:K シュチ:G シュツ:K
𧑑	ホ ホウ ボ
𧑒	テン トン
𧑓	ショ
𧑔	タイ:K ダイ:G
𧑕	ウ:G オ:K
𧑖	シ
𧑗	ニョウ:G ネイ:K
𧑘	トウ:K ドウ:G
𧑙	シュク
𧑚	カン
𧑜	ヒ:K ビ:G
𧑝	テン
𧑞	トウ:K ドウ:G
𧑟	リュ リュウ
𧑠	ツ:G ト:K
𧑡	ハ:K ベ:G
𧑢	ギ
𧑣	ジョウ
𧑤	チュ
𧑥	トウ
𧑦	ケツ:K ゲチ:G
𧑧	セチ:G セツ:K
𧑨	ケツ
𧑩	ケン
𧑪	ハン
𧑫	ソウ
𧑬	シュウ
𧑭	テツ
𧑮	ゼン
𧑯	サン
𧑰	トク
𧑱	テツ
𧑲	シュク
𧑳	サ
𧑴	キ
𧑸	シュウ
𧒁	ショ
𧒂	フウ:K ブ:G
𧒃	ヨウ
𧒈	レイ
𧒎	ガ
𧒏	シン
𧒐	エツ
𧒑	ショ
𧒒	ホウ
𧒓	シチ:G シツ:K
𧒔	キュウ:K グ:G
𧒖	カ
𧒗	シキ:G ショク:K
𧒘	カ
𧒙	フ:G フウ:K
𧒚	ボウ
𧒜	ライ レ
𧒞	イ
𧒟	シュウ
𧒡	カツ
𧒢	シツ
𧒣	ゲツ
𧒤	カツ
𧒥	ゴウ
𧒦	チュウ
𧒧	ビツ
𧒫	デイ
𧒼	ケイ
𧒽	ライ
𧒾	トウ
𧒿	ソク
𧓀	オウ
𧓁	アイ
𧓂	カツ
𧓉	シ セイ
𧓊	ヒ
𧓋	テン:K デン:G
𧓌	ケイ
𧓎	ヒ ヒョウ:G ヘイ:K
𧓏	ス:G ソウ:K
𧓐	リョウ
𧓑	キ
𧓒	イン
𧓓	ケイ
𧓔	セイ
𧓕	ツ:G トウ:K
𧓖	ヒ
𧓗	イ
𧓘	タン:K ダン:G
𧓙	ハン
𧓚	ケツ
𧓛	コウ
𧓜	ト
𧓝	ヘン:K ベン:G
𧓞	カ
𧓟	シュン
𧓢	ブン
𧓨	ヘツ
𧓩	ザン
𧓪	ギン
𧓫	ミツ
𧓬	ケイ
𧓱	エン
𧓲	ヨウ
𧓳	シツ
𧓴	ジョウ:G テイ:K
𧓵	タイ
𧓶	ブ:G ホウ:K
𧓷	セツ
𧓸	ジャク:G テキ:K
𧓹	ブン
𧓺	シャ
𧓻	リョ:K ロ:G
𧓼	ボウ
𧓽	タイ:K テ:G ライ:G レイ:K
𧓾	ケイ
𧓿	ボウ:K ミョウ ム:G
𧔀	ジュン:K ニン:G
𧔁	ヨク
𧔂	カツ:K ゲチ:G
𧔃	カツ
𧔄	カツ
𧔅	ソウ
𧔆	ヒ
𧔇	ゼン:K ネン:G
𧔈	ケン
𧔎	ロ
𧔏	ダイ:G テイ:K
𧔐	タイ
𧔖	ソ
𧔗	ケツ
𧔘	ケン
𧔝	リャク:G レキ:K
𧔞	ガン:K ゲン:G
𧔟	トウ:K ドウ:G
𧔠	キ
𧔡	テン
𧔢	セン:K ゼン:G
𧔣	タチ:G タツ:K
𧔤	ケン:K ゲン:G
𧔥	イ
𧔦	エツ
𧔨	ボウ:K ム:G
𧔪	ヒン:K ビン:G
𧔫	ジュン
𧔬	ツ:G ト:K
𧔭	シュ:G シュウ:K
𧔮	ギ
𧔯	ヒ
𧔰	セン
𧔱	タイ
𧔲	メイ
𧔳	シュ:G シュウ:K
𧔴	タイ
𧔵	カツ
𧔶	トウ:K ドウ:G
𧔷	セン
𧔺	タイ
𧔼	ガ
𧕃	サン:K ザン:G
𧕄	ホウ ヨウ
𧕅	リョウ:G レイ:K
𧕆	キ
𧕇	セン
𧕈	イ
𧕉	ケイ
𧕊	ショウ
𧕋	ヤク
𧕌	リャク
𧕍	エイ
𧕎	キョ
𧕏	ゲツ
𧕐	ソウ
𧕑	ホウ ム モ
𧕒	ヒ
𧕓	シ
𧕔	カツ
𧕕	ボウ:K ミョウ:G
𧕙	セイ
𧕛	タ:K ダ:G
𧕜	ガン:K ゲン:G
𧕝	デイ ニョウ
𧕞	ギ
𧕟	ソウ
𧕠	シュウ
𧕡	ホク
𧕢	オキ ヨク
𧕣	セン
𧕤	バク:K マク:G
𧕥	バク:K ミャク:G
𧕦	タ
𧕧	タイ
𧕨	ソウ:K ゾウ:G
𧕮	リ
𧕯	シ ライ:G リ レイ:K
𧕰	フウ
𧕱	カツ:K ガチ ゲチ:G
𧕲	セン
𧕳	カ:K ケ:G ラ
𧕴	ダン:K ナン:G
𧕵	ビツ
𧕶	ギ
𧕷	シュン
𧕸	コウ
𧕹	シュン
𧕺	ソウ
𧕼	キョ
𧕽	サン
𧕾	セツ
𧕿	ヒ:K ビ:G
𧖁	ケツ コチ ブン
𧖂	トウ
𧖄	レイ
𧖅	ビツ
𧖆	タチ:G タツ:K
𧖇	ユ:G ヨウ:K
𧖈	ヒ
𧖉	テン
𧖊	シ セイ
𧖋	イン
𧖌	ト
𧖍	トウ
𧖑	キョウ
𧖒	ノウ
𧖓	ユウ
𧖔	ビン:K ミン:G リン
𧖕	ヒ
𧖖	バン
𧖗	ノウ
𧖘	レン
𧖙	ケン
𧖚	フウ
𧖛	チ
𧖜	リョウ:G レイ:K
𧖝	ショウ
𧖞	テン
𧖠	ソウ
𧖢	カイ:K ケ:G
𧖤	ソウ
𧖧	キョウ:G ケイ:K ジョウ:G テイ:K
𧖨	テイ
𧖩	ジク
𧖪	ギョウ:G ケイ:K
𧖫	ケチ:G ケツ:K
𧖬	コウ
𧖭	コウ
𧖮	アン
𧖯	ハイ
𧖳	ト
𧖴	ミャク
𧖵	バン:K マン:G
𧖶	タン
𧖷	デキ ニャク
𧖸	メイ
𧖺	タン:K トン:G
𧖻	カク:K キャク:G
𧖼	オ オウ
𧖽	メイ
𧖾	カン
𧖿	テイ
𧗀	カン
𧗁	シン
𧗂	デキ
𧗃	シン
𧗄	カン
𧗆	ショウ
𧗇	キ:K ギ:G ケ
𧗈	ドク ノク
𧗉	ホ
𧗊	シン
𧗋	サン
𧗌	ク:G コ:K
𧗎	ショ:G ソ:K
𧗐	カン
𧗑	チュ チュウ
𧗒	キ
𧗔	サイ
𧗕	ドウ:K ヌ:G
𧗖	ヨウ
𧗗	ジク
𧗘	ショ
𧗙	キョク
𧗚	キョク
𧗛	カン
𧗜	カン
𧗝	キ
𧗞	ドウ
𧗟	ドウ
𧗣	コウ
𧗦	ギョウ:G ケイ:K
𧗧	オウ
𧗨	ギョ:K ゴ:G
𧗩	ロウ
𧗪	セイ
𧗫	ガク キャク
𧗬	ビ
𧗭	ケン
𧗮	ギョ
𧗱	ジュツ
𧗳	ケン:K ゲン:G
𧗴	ユ:G ヨウ:K
𧗵	シュツ スイ
𧗶	カツ
𧗷	シュツ:K ジュツ:G
𧗸	セン:K ゼン:G
𧗹	カン キン:K コン:G
𧗺	ケン
𧗻	ギョ
𧗼	キ
𧗿	シュチ:G シュツ:K スイ
𧘂	シュ:G ショウ:K
𧘃	コウ
𧘄	ドウ
𧘅	コウ
𧘆	ク
𧘈	リョウ
𧘉	エイ
𧘊	エイ
𧘋	ハン
𧘍	コウ
𧘎	ウ
𧘏	キュウ:K ク:G
𧘐	タク
𧘑	シャク チャク:G テキ:K ビョウ:G ホウ:K
𧘒	ハン
𧘓	タイ:G テイ:K
𧘙	ハン
𧘚	ウ
𧘜	セン
𧘝	ヒョウ
𧘞	ツ:G トウ:K
𧘟	ハチ:G ハツ:K ヒ
𧘠	フン
𧘡	ヒョウ
𧘢	コ:K ゴ:G
𧘣	シュ
𧘤	コウ
𧘥	ジュウ ニュ
𧘦	ヒョウ
𧘧	キ
𧘨	チョウ
𧘩	チョウ
𧘪	シャ
𧘫	レキ
𧘬	ハン
𧘭	キン
𧘮	キョウ
𧘯	エイ
𧘰	ヒョウ
𧘵	ハン
𧘶	キュウ
𧘷	カイ
𧘽	ダ:K ナ:G
𧘾	シ
𧘿	ショウ:G セイ:K
𧙀	ロウ
𧙁	ザイ:G シ セイ:K ヒ:K ビ:G
𧙂	ヒ
𧙃	ア
𧙄	ハツ
𧙅	ハ
𧙆	ク
𧙇	ジョウ ニュ
𧙈	シ:K ジ:G
𧙉	リャク:G レキ:K
𧙊	イン
𧙋	シ
𧙌	ホウ
𧙍	チツ
𧙎	コウ
𧙏	シュウ
𧙐	キン
𧙑	カ
𧙒	カン
𧙗	ユウ
𧙘	ホウ
𧙛	フ:G ホ:K
𧙜	ソウ
𧙝	シャ
𧙞	シャク:G セキ:K
𧙟	エイ
𧙠	シュ
𧙡	エキ:K ヤク:G
𧙢	シキ:G ショク:K
𧙣	ダイ:G テイ:K
𧙤	タ
𧙥	ジュ チョウ ツ:G トウ:K ル:G ロウ:K
𧙧	ケン
𧙨	ジン
𧙩	レツ
𧙪	カイ
𧙫	カン
𧙭	セン
𧙮	エン
𧙯	ケン:K コン:G
𧙴	ケイ
𧙵	リャク:G レキ:K
𧙶	ウ
𧙷	レツ
𧙸	コウ
𧙹	カ
𧙺	コウ タク
𧙾	ケイ
𧚀	ボク:K モク:G
𧚁	カン:K ゲン:G
𧚂	ル:G ロウ:K
𧚃	ケイ
𧚄	ガ
𧚅	ロウ
𧚆	ヒ
𧚇	バン:K ブン:K マン:G モン:G
𧚈	キ:K ギ:G
𧚉	シュン
𧚊	ショウ チョウ テン
𧚋	ブ:G ホウ:K
𧚌	ソウ
𧚍	キュウ
𧚎	ソウ
𧚏	サク
𧚐	オ オウ
𧚑	カク:K キャク:G
𧚕	イ
𧚛	トク
𧚜	チ
𧚝	サイ
𧚡	コウ
𧚤	ケイ ゲイ
𧚥	サイ スイ
𧚦	チョウ
𧚧	コウ
𧚨	シュウ ショウ:G ソウ:K
𧚩	リ
𧚪	ショウ
𧚫	セン
𧚬	ク:G コウ:K
𧚭	ヒョウ:G ホウ:K
𧚮	チョウ
𧚯	シュウ:K ジュ:G
𧚰	テイ
𧚱	ホウ
𧚲	レツ
𧚳	セイ
𧚴	キョウ
𧚵	シ
𧚷	エ:G ワイ:K
𧚸	ホウ
𧚹	コン
𧚺	シ
𧛁	セイ
𧛂	コ
𧛃	コン
𧛄	サン
𧛏	シ
𧛐	アク
𧛑	イン
𧛒	タイ:G テイ:K
𧛓	ケン
𧛔	トウ:K トク ドウ:G
𧛕	ボウ
𧛖	イ
𧛗	トツ:K ドチ:G
𧛘	キョク
𧛙	ホウ
𧛚	エ:G ワイ:K
𧛛	キン:K コン:G
𧛜	ホ ホウ
𧛝	ス:G ソウ:K
𧛞	コ:K ゴ:G
𧛟	ショウ:G セイ:K
𧛠	コク
𧛡	サン
𧛢	チ
𧛣	カ
𧛤	シュ:G ショウ:K
𧛥	コウ
𧛦	ノウ
𧛧	シ
𧛨	エイ
𧛩	ク:G コウ:K
𧛪	カツ
𧛫	コ
𧛬	クン
𧛲	エイ
𧛳	シュウ
𧛸	シュ:G シュウ:K
𧛹	オ オウ
𧛺	チ
𧛻	サク
𧛼	シャ
𧛽	イ
𧛾	コウ
𧛿	リャク:G レキ:K
𧜀	ベキ
𧜁	サイ:G サツ:K セイ:K セチ:G
𧜂	シ
𧜃	シュ:G シュウ:K
𧜄	カン
𧜅	カイ:K ケ:G
𧜆	ジュウ
𧜇	ヨウ
𧜈	ジュン:K ジョウ ゼン:K ニュ ニン:G ネン:G
𧜉	コウ
𧜊	リョ:K ロ:G
𧜋	カイ:K ガイ:G
𧜍	シ
𧜏	ハイ
𧜓	カ
𧜔	サイ セツ
𧜕	テイ
𧜚	スイ チ
𧜝	シチ:G シツ:K
𧜞	バン:K マン:G
𧜟	エイ
𧜠	シュチ:G シュツ:K
𧜡	コウ
𧜢	ソウ
𧜣	チョウ
𧜤	エイ
𧜥	シャク:G セキ:K
𧜦	ソク
𧜧	トウ
𧜩	ボウ:K モ:G
𧜭	ショク
𧜮	サイ
𧜯	ホウ
𧜰	フク
𧜲	タ
𧜷	イ
𧜸	スイ
𧜽	セン:K ゼン:G
𧝂	カ ガ
𧝃	ケチ:G ケツ:K
𧝄	ジュ
𧝅	トウ
𧝆	タイ:G テイ:K
𧝇	ヒ
𧝈	ショウ
𧝉	チ
𧝊	ショク
𧝋	タイ デ
𧝌	トウ:K ドウ:G
𧝍	タ
𧝎	ショウ:K ジュ:G ジョウ:G チョウ:K トウ
𧝏	リャク:G レキ:K
𧝐	タイ:G テイ:K
𧝑	テン
𧝒	オウ:G コウ:K
𧝓	タン:K ドン:G
𧝔	キョ:K ゴ:G
𧝕	イ
𧝖	イ
𧝗	トン
𧝘	ホウ:K ボウ:G
𧝙	チョ
𧝚	ジョウ:G チョウ:K
𧝛	カイ
𧝪	ヒョウ ミョウ
𧝫	シャ
𧝬	ヘイ ヘツ
𧝭	セキ
𧝮	シュ:G ショウ:K
𧝯	コウ
𧝱	ケン:K コン:G
𧝲	キョ:K コ:G
𧝳	カク ギャク
𧝴	トク
𧝵	チョウ
𧝶	カツ
𧝷	キ
𧝸	ユ:G ヨウ:K
𧝹	ラ
𧝺	ボウ
𧝻	ショウ
𧝼	ヒョウ
𧝽	カツ
𧝾	ホウ
𧝿	キョウ
𧞀	ジュ
𧞁	ソウ
𧞂	ジョウ
𧞌	ショウ
𧞍	ダツ ナチ
𧞎	イン
𧞏	ヨ
𧞐	タク チョク トク
𧞑	ボウ:K モ:G
𧞒	コク:K ゴク:G
𧞓	シ
𧞔	カイ
𧞕	リョウ
𧞖	タン
𧞗	トク
𧞙	ケン
𧞛	シュク
𧞜	ジョウ
𧞝	シャ:K ジャ:G
𧞞	グ:G コウ:K
𧞟	セン
𧞢	コン
𧞣	エン
𧞦	ショウ:K ゾウ:G
𧞧	ヒョウ
𧞨	オウ
𧞩	セチ:G セツ:K
𧞪	リョウ:K ロウ:G
𧞫	ジュ
𧞬	セチ:G セツ:K
𧞭	ライ レ
𧞮	タク
𧞯	ホウ
𧞰	シュク
𧞱	ヒョウ
𧞲	セキ
𧞶	トク
𧞷	カイ
𧞸	イ:K ユイ:G
𧞹	トク
𧞺	ソク
𧞻	ジョウ
𧞼	ケン
𧞽	チ
𧟂	キョウ
𧟃	ケイ ゲ
𧟈	ヒョウ
𧟉	カン:K ケン:G
𧟊	ハク:K ホク:G
𧟌	ラ
𧟍	ヒ
𧟎	ショク
𧟏	コン
𧟐	ケン
𧟑	ケン
𧟒	ジョウ
𧟔	ソウ
𧟕	チョウ
𧟖	サン
𧟗	コン
𧟘	ドウ:K ノウ:G
𧟙	リョウ:G レイ:K
𧟛	シュウ
𧟜	コウ
𧟞	フク
𧟟	シュウ
𧟠	ベイ ミョウ
𧟣	ク:G コ:K
𧟤	ケン:K ゲン:G
𧟥	ケン:K ゲン:G セン
𧟧	オウ
𧟨	ケン:K ゲン:G セン
𧟩	タン
𧟪	チン
𧟬	キョ
𧟯	コ
𧟱	ヒキ:G ヒョク:K ホク:K ボク:G
𧟲	ハ
𧟳	ハ
𧟴	コウ
𧟹	タン
𧟼	エイ
𧟽	ヒ
𧟿	セイ
𧠂	コク
𧠃	フク
𧠄	キ
𧠆	ワン
𧠇	ジ
𧠈	サ
𧠉	シ
𧠊	ボウ:K ボク:K モ モウ:G モク:G
𧠋	コク
𧠍	シン
𧠎	シ
𧠏	アク:K ヤク:G
𧠑	ボウ
𧠒	ケン:K ゲン:G
𧠓	バク:K マク:G
𧠘	ベキ
𧠙	ベキ
𧠚	コン
𧠛	テン
𧠜	シ
𧠝	シン
𧠞	ヤク
𧠟	ベイ メイ
𧠠	ベイ
𧠡	シ
𧠢	ショ
𧠦	シン
𧠨	ベキ
𧠩	ク:G コ:K
𧠪	シャク:G シュク セキ:K
𧠫	シチ:G シツ:K ジャク:G テキ:K
𧠬	コウ
𧠭	カク
𧠮	カン
𧠴	チ
𧠵	シ
𧠶	ユウ
𧠸	シン
𧠻	ジ
𧠼	コウ
𧠽	ヨウ
𧠾	フウ:K ブ:G
𧠿	チン
𧡅	レン
𧡇	イ
𧡈	セイ チョウ
𧡉	セキ
𧡋	ガイ
𧡌	カン
𧡍	ツ:G トウ:K
𧡎	ゲイ
𧡏	セイ ゼ
𧡐	セキ
𧡑	キュウ:K ク:G
𧡒	ベキ
𧡓	ラ
𧡘	シン
𧡚	セン
𧡛	ライ
𧡜	リョウ
𧡝	テン
𧡞	ガイ
𧡟	キョウ
𧡠	レン
𧡡	ウン コン:K ゴン:G
𧡢	セン
𧡣	シュウ:K ジュ:G
𧡤	ヘン:K ベン:G
𧡥	トウ
𧡦	キ:K ギ:G
𧡨	ダイ:G テイ:K
𧡩	カン:K ガン:G ケン:K ゲン:G
𧡪	シン タン トン:K ドン:G
𧡫	キ:K ギ:G
𧡬	チン
𧡭	テイ
𧡮	ショウ:G ソウ:K
𧡯	ケイ
𧡵	カン
𧡶	ソウ
𧡷	ヨウ
𧡸	ツ:G トウ:K
𧡹	ユ:G ユウ:K
𧡺	キ:K ギ:G シ:K ジ:G
𧡻	テン
𧡼	ギョウ
𧡽	ライ
𧡾	ヨウ
𧡿	シン
𧢂	エイ
𧢃	ル:G ロウ:K
𧢄	ヒョウ:K ビョウ:G
𧢅	エツ
𧢆	トウ
𧢋	ロウ
𧢌	コウ
𧢍	ヘツ
𧢎	ヘン
𧢏	ガイ
𧢐	ソウ
𧢒	ビ:K ミ:G
𧢓	ビ
𧢔	セキ
𧢖	ゲン
𧢚	キン
𧢛	オウ
𧢜	ハン:K ホン ボン:G
𧢝	レイ
𧢞	カン:K ケン:G
𧢢	アク:K ヤク:G ヨウ
𧢣	ハン
𧢥	レイ
𧢦	カイ キ:K ギ:G
𧢧	ゲ ゲイ
𧢨	ヒョウ
𧢪	カン
𧢫	キ
𧢬	ギョウ
𧢭	カク:K キャク:G
𧢮	レイ
𧢯	クチ コツ
𧢱	セイ
𧢲	カク
𧢳	キュウ
𧢴	ソウ
𧢵	タ
𧢶	ショク
𧢷	サ:K サイ シャ:G
𧢸	コウ
𧢹	キン:K コン:G シン
𧢻	ショク
𧢼	サク:K ザク:G ソ
𧢽	カ
𧢾	キ:K ギ:G
𧢿	ハイ
𧣀	サク
𧣁	タン:K ドン:G
𧣃	ハ:K ヘ:G
𧣄	シ
𧣈	ショク
𧣉	サク
𧣊	キン
𧣋	カイ
𧣌	キョウ
𧣍	タン
𧣎	テイ
𧣏	アク
𧣐	キ
𧣑	ケン:K ゲン:G
𧣒	キョ:K コ:G ゴ
𧣓	テイ
𧣔	カク
𧣕	シュウ:K ジュ:G
𧣖	タ
𧣗	コ
𧣘	ハイ
𧣙	コン
𧣚	アク ダク ニョク
𧣛	シ
𧣜	テイ
𧣟	イ
𧣡	コク
𧣢	コン:K ゴン:G
𧣣	ハ:K ベ:G
𧣤	カン シ
𧣦	コウ
𧣨	シ
𧣩	キ
𧣪	ショウ:G ソウ:K
𧣫	サク
𧣬	ギ
𧣭	ジ:G タイ チ:K デ
𧣯	セイ
𧣰	ケン
𧣱	コク
𧣴	サン
𧣵	ロン
𧣶	シ
𧣷	シュ:G シュウ:K ジュ チュウ
𧣸	カチ ケチ:G ケツ:K
𧣹	タン:K ドン:G
𧣺	タク:K ダク:G ニョク
𧣻	キョ:K コ:G ゴ
𧣼	コク:K ゴク:G
𧣽	ケイ
𧣾	タイ
𧤀	ケイ
𧤃	ヘイ
𧤄	シ
𧤅	ヒツ
𧤆	セン
𧤇	テツ
𧤈	テツ
𧤉	シュウ
𧤋	イ
𧤌	タ
𧤍	タイ:G チ テイ:K
𧤎	ケン
𧤏	シュウ
𧤐	カ:K ケ:G
𧤑	キョク:K コク:G
𧤒	ダク ニャク ワク
𧤓	カ タ
𧤔	ハイ
𧤕	シュ:G シュウ:K ジュ
𧤖	エ:G ワイ:K
𧤗	タン
𧤘	テイ
𧤙	ジュ
𧤚	ケイ
𧤛	シン
𧤜	ワク
𧤝	キュウ
𧤞	ホウ
𧤟	キ
𧤠	セツ:K ゼチ:G
𧤡	ジ:G チ:K
𧤢	ケイ
𧤣	ダ:K ナ:G
𧤦	キョウ
𧤧	チ
𧤨	カン
𧤩	カン:K コン:G
𧤫	チ
𧤬	タン
𧤮	ギョウ:G コウ:K
𧤯	カク:K ワク:G
𧤰	コク
𧤱	セイ
𧤲	タイ:G テイ:K
𧤵	コウ
𧤶	テイ
𧤺	タ
𧤻	ケン
𧤼	カチ ケツ
𧤽	カン:K ケン:G ワク
𧤾	ケツ
𧤿	サツ
𧥀	ヒツ
𧥁	ケイ
𧥂	リュウ
𧥄	シュウ
𧥈	カン
𧥊	コン
𧥋	アク
𧥌	コウ
𧥍	ヒョウ
𧥎	ケチ:G ケツ:K
𧥑	ウツ ヒツ
𧥓	サン:K ザン:G
𧥕	シ スイ
𧥖	シ ライ:G レイ:K
𧥗	レイ
𧥘	ショク
𧥙	フツ
𧥚	フツ
𧥛	ケン:K コン:G
𧥜	ゲン:K ゴン:G
𧥝	シ
𧥞	タン
𧥟	バク
𧥡	タン
𧥢	カ:K ケ:G
𧥣	カ:K ク:G ケ:G コウ:K
𧥤	カイ:K キ ケ:G
𧥥	クン
𧥦	ク
𧥧	ユ:G ユウ:K ヨウ
𧥨	エイ
𧥩	ユウ
𧥪	ケン
𧥫	シュン
𧥬	シン
𧥭	ハン
𧥮	コ:K ゴ:G
𧥯	コ
𧥰	ジョウ
𧥱	フ:K ブ:G
𧥳	シ
𧥴	ギョウ:G ゴウ:K
𧥵	カ
𧥶	キョウ
𧥷	キツ
𧥸	イン:K オン:G
𧥹	フ:G ホウ:K
𧥺	イン キン ギン
𧥻	コウ
𧥼	ウン
𧥽	キ
𧥾	ショク
𧥿	クン
𧦀	ダ:K ナ:G
𧦁	キ
𧦅	ウ:G オウ:K ク
𧦇	ヨウ
𧦎	カ
𧦏	シュン
𧦐	ケン
𧦑	コウ:K ゴウ:G
𧦒	テイ
𧦗	ヨウ
𧦘	ボウ
𧦙	キョウ
𧦚	テイ
𧦛	ジ:K ゼイ ニ:G ニョウ
𧦜	シン
𧦝	ク:G コ:K コウ:K ゴウ:G
𧦞	フ:G ホ:K
𧦟	ハン:K ホン:G
𧦠	アイ
𧦡	ソ
𧦢	キョウ
𧦣	ネイ
𧦤	カ:K ケ:G
𧦥	ボウ
𧦦	ゼン
𧦧	タ:K ダ:G
𧦨	ド:K ヌ:G
𧦩	イ
𧦪	ベン
𧦫	イ
𧦭	キ タ
𧦮	ダ:K ナ:G
𧦸	ギン
𧦹	イン ギン
𧦺	テイ
𧦻	コ
𧦾	ケツ
𧧁	エン
𧧂	シン
𧧃	キ
𧧄	ボウ:K モウ:G
𧧅	カン シ
𧧆	タイ:K テ:G
𧧇	タ
𧧉	タク
𧧊	ガイ:K ゲ:G
𧧋	レイ
𧧌	セキ
𧧍	シン
𧧎	ロウ
𧧏	ジャ
𧧐	ジュツ
𧧑	ガン:K ゲン:G
𧧒	シ
𧧓	シュチ:G シュツ:K
𧧔	チュ チュウ
𧧕	シ:K ジ:G
𧧖	キュウ:K グ:G
𧧗	キョウ
𧧙	コウ
𧧚	サン
𧧛	ゼン
𧧜	ボウ
𧧝	ガ:K ゲ:G
𧧞	コウ
𧧟	キ
𧧠	ショウ:G ソウ:K
𧧡	ショウ
𧧢	コウ
𧧧	リ
𧧩	シャク:G セキ:K
𧧪	サン
𧧫	テイ
𧧰	シ
𧧱	ロク
𧧲	テツ
𧧳	コ
𧧴	カン
𧧵	セン
𧧶	ズ:G ト:K
𧧷	キュウ:K ク:G グ
𧧸	ヘチ:G ヘツ:K
𧧹	ケイ ゲイ
𧧺	ヒ ヘイ
𧧻	サ:K サク:K ザク:G ジャ:G
𧧼	ギ
𧧽	ホウ
𧧾	カイ:K ガイ:G
𧧿	キョウ
𧨀	サ
𧨁	サ
𧨂	カ ガ
𧨃	ケキ
𧨄	ワ
𧨅	ゼン
𧨆	コウ ブ
𧨇	チ
𧨈	レイ
𧨉	ボウ
𧨊	サ:K シャ:G
𧨋	カツ:K ゲチ:G
𧨏	ギ
𧨗	テン:K デン:G
𧨘	ギョウ:G ケイ:K
𧨙	チョウ
𧨚	デツ ネチ
𧨛	コン
𧨝	ケイ
𧨞	ケイ
𧨟	オウ
𧨠	ショウ
𧨡	シン
𧨣	トツ
𧨥	カイ:K ケ:G
𧨦	エキ
𧨧	カイ:K ケ:G スイ
𧨩	テン
𧨪	タ
𧨫	コウ
𧨬	ヒ
𧨭	カン
𧨮	タイ
𧨯	チョウ
𧨰	セイ
𧨱	チャク:G テキ:K
𧨲	オウ
𧨳	タク チョク
𧨴	シ
𧨵	コウ
𧨶	ヨウ
𧨷	シュウ
𧨸	トン
𧨹	リョク:K ロク:G
𧨺	ショク
𧨼	シン
𧨽	フ
𧨾	セン:K ゼン:G
𧨿	サ:K シャ:G
𧩀	イ
𧩂	ボウ
𧩃	ショウ
𧩄	ブ
𧩅	ゲン
𧩆	ボウ:K ミョウ:G
𧩇	ケン
𧩊	ク:G ケ コ:K コウ
𧩐	コウ
𧩑	ショ
𧩒	ボ
𧩓	コツ
𧩔	ギン
𧩕	ニョウ:G ネイ:K
𧩖	シュウ
𧩘	ク
𧩚	チ
𧩛	シュン
𧩜	チョウ
𧩝	ソ
𧩞	シュ
𧩟	ソウ
𧩠	フウ
𧩡	トウ
𧩢	シ
𧩣	ドウ:K ノウ:G
𧩤	カイ
𧩥	リ
𧩦	キョク コキ
𧩧	タク:K ダク:G
𧩨	コウ ゴ
𧩩	コウ
𧩪	ソウ
𧩫	タ
𧩬	キン:K ゴン:G
𧩭	タ
𧩮	シュ:G シュウ:K ショウ:G ソウ:K
𧩯	ソ
𧩰	ヘン:K ベン:G
𧩱	ヒョウ:G ホウ:K
𧩲	ラチ:G ラツ:K
𧩳	サ
𧩴	チ
𧩵	ベン
𧩶	カ:K ケ:G
𧩷	エン
𧩸	アン
𧩹	イ シ
𧩺	コン
𧩻	シュ
𧩼	チ
𧩽	シュン:K ジュン:G
𧩾	カン
𧩿	セン
𧪀	チュウ
𧪁	イ
𧪂	シュン
𧪃	ホウ
𧪄	キ
𧪅	ド:K ヌ:G
𧪆	カ
𧪇	ザイ:G セイ:K
𧪓	グウ
𧪔	ベン
𧪕	カ:K ケ:G
𧪖	カイ
𧪗	ソウ
𧪘	サ:K サイ:K シャ:G セ:G
𧪙	ガン
𧪚	ガイ
𧪛	オ
𧪜	ソ
𧪝	ショウ:K ジョウ:G
𧪞	コウ:K ゴウ:G シュチ:G シュツ:K
𧪟	トウ
𧪠	シツ:K ジチ:G
𧪡	キ:K ギ:G シ
𧪢	キ:K ケ:G
𧪣	ショウ
𧪤	ケン
𧪦	トウ
𧪧	ツ:G トウ:K
𧪨	バ:K メ:G
𧪩	ソク
𧪪	オウ
𧪫	ヒ
𧪬	ヨウ
𧪭	リュウ
𧪮	ウ カ ク
𧪯	ケン
𧪰	シャ
𧪱	シュン
𧪲	タイ
𧪳	シ
𧪴	キョウ
𧪵	キ:K ケ:G
𧪶	ホツ:K ボチ:G
𧪷	セイ
𧪹	カ:K ゲ:G
𧪺	ロン
𧪿	コウ
𧫊	イク エン
𧫋	ソ
𧫏	キ
𧫐	ショ
𧫑	キョウ ケツ
𧫒	カ
𧫓	シン ロ
𧫔	ヘイ
𧫕	セチ:G セツ:K
𧫖	ルイ
𧫗	サ:K シャ:G
𧫘	キョウ:G ケイ:K
𧫙	ケイ
𧫚	テイ
𧫛	ヨウ
𧫜	キ
𧫝	サ:K セ:G
𧫞	ル:G ロウ:K
𧫟	ケイ
𧫠	キ
𧫡	チチ:G チツ:K
𧫢	ボウ:K モウ:G
𧫣	ショク:K ソク:G
𧫤	ヒチ:G ヒツ:K
𧫥	アン:K オン:G
𧫦	エイ
𧫧	アン
𧫨	ケン
𧫩	マン
𧫪	キャク
𧫫	カン
𧫬	リ
𧫭	フ
𧫮	ホウ
𧫯	サ
𧫰	ショウ:K ジョウ:G
𧫲	ヘン
𧫷	ソク
𧫸	ヒ
𧫹	セン
𧫽	ショ
𧫾	シュ:G シュウ:K
𧫿	タン:K トン:G
𧬀	ルイ
𧬁	コウ:K ゴウ:G
𧬂	カ ガ
𧬃	シュウ
𧬄	シャ
𧬅	タ
𧬇	エイ
𧬈	キュウ:K コウ:G
𧬉	ハク
𧬊	サイ:G シ セイ:K
𧬋	ハツ:K ホチ:G
𧬌	ガン
𧬍	タク
𧬎	リャク:G レキ:K
𧬏	ボ:K モ:G
𧬐	ドウ
𧬑	サ
𧬒	マン
𧬓	シュウ
𧬕	ク:G コ:K シュン
𧬖	ソウ
𧬗	キ
𧬜	シ セイ
𧬝	トウ
𧬞	ウン
𧬟	シ
𧬠	シツ
𧬡	スイ
𧬢	サク
𧬣	シキ
𧬤	チュ チョウ
𧬦	テン
𧬧	トウ
𧬨	カイ:K ケ:G
𧬩	ソウ:K ゾウ:G
𧬪	コン
𧬫	セン
𧬬	ゴウ
𧬭	カイ
𧬮	カ:K ケ:G タ
𧬯	ケン
𧬰	キョウ:G コウ:K
𧬱	カ
𧬲	クツ
𧬳	エキ
𧬴	イ
𧬵	カ
𧬶	ビュウ
𧬿	ソウ
𧭀	ヘツ
𧭁	ゴウ
𧭂	セツ
𧭃	タン
𧭄	ソウ
𧭅	ボウ
𧭆	ヨウ
𧭈	デイ ドウ:K ニョウ:G
𧭉	シン
𧭊	ボウ
𧭋	チ
𧭌	リョウ
𧭍	シュウ:K ジュ:G
𧭎	ボク
𧭏	タイ:K ダイ:G
𧭐	ギ
𧭑	カ
𧭒	ヨ
𧭓	エイ:K ヨウ:G
𧭔	トウ:K ドウ:G
𧭕	カク:K キャク:G
𧭖	ギ
𧭘	フ
𧭚	キョウ
𧭛	トウ
𧭜	リョ:K ロ:G
𧭝	サチ:G サツ:K
𧭞	リョウ
𧭟	ジ:G チ:K
𧭠	シャ
𧭡	バイ
𧭢	トウ
𧭣	カク
𧭤	ハク:K バク:G ヒョウ:G ホウ:K
𧭥	ラク
𧭦	ケン
𧭧	シャ
𧭨	サ
𧭩	キン
𧭪	アク:K ヤク:G
𧭫	シュン
𧭬	カイ
𧭭	ヨウ
𧭮	ベン:K メン:G
𧭳	カ
𧭴	ケン
𧭵	バイ:K マイ:G
𧭷	ショ
𧭸	カイ:K ガイ:G
𧭹	ヒン:K ビン:G
𧭺	シュン
𧭻	カン:K コン:G
𧭼	シン
𧭽	セン:K ゼン:G
𧭾	カイ
𧭿	ベン
𧮀	ヘン
𧮂	シン セン
𧮃	エン
𧮄	カク
𧮆	オウ:K ヨウ:G
𧮇	バイ
𧮈	ケン
𧮉	カ
𧮊	タイ
𧮍	アン:K オン:G
𧮎	ケン
𧮏	バイ
𧮐	イン
𧮑	トウ
𧮒	イ
𧮓	カイ タイ ヅイ
𧮔	ホウ
𧮗	リュウ
𧮘	コン
𧮙	サク:K ザク:G
𧮚	カイ
𧮛	リ
𧮝	ヒン:K ビン:G
𧮞	カク
𧮟	ゼン
𧮠	ドン
𧮡	トウ
𧮢	ルイ
𧮣	ケイ
𧮤	ラン
𧮥	ケン
𧮦	シ
𧮨	ジョウ
𧮩	ショウ
𧮫	ガク キャク
𧮬	ガク キャク:G ギャク ケキ:K シン
𧮭	カン:K ガン:G
𧮮	セン
𧮯	オウ:G コウ:K
𧮰	カン
𧮱	フン:K ブン:G
𧮲	エン
𧮳	カン
𧮴	オウ:G コウ:K
𧮵	コウ:K ゴウ:G
𧮶	ク:G グ コウ:K
𧮷	キャク
𧮸	カク
𧮺	サン:K ゼン:G
𧮻	キョウ ジュ チュウ
𧮼	ザイ:G セイ:K
𧮽	カン:K ケン:G
𧮾	ケイ
𧮿	シャ
𧯀	エイ:K ヨウ:G
𧯁	コウ
𧯂	グ:G コウ:K
𧯃	キン
𧯆	カツ
𧯇	ロウ
𧯉	カチ:G カツ:K
𧯊	キャク:G ケキ:K
𧯋	カ
𧯌	キョウ:G コウ:K
𧯍	ロウ
𧯎	カン
𧯏	リャク:G レキ:K
𧯐	バン
𧯑	カン:K ケン:G
𧯓	カ
𧯔	コウ
𧯕	シュン
𧯗	ケイ
𧯘	カン:K ケン:G
𧯙	レイ
𧯚	トウ
𧯛	チュ
𧯜	トウ
𧯝	トウ
𧯞	トウ
𧯠	ツ:G トウ:K
𧯡	ウチ:G ウツ:K エツ:K エン オチ:G ワン
𧯢	キン
𧯤	ツ:G トウ:K
𧯥	サイ
𧯦	ガン ケン
𧯧	ガイ
𧯨	トウ
𧯩	シュク スク
𧯪	ヘイ
𧯫	チョウ:G トウ:K
𧯭	トウ
𧯮	ホウ
𧯯	キ
𧯰	カン:K コン:G
𧯱	イク
𧯲	ライ
𧯳	エン
𧯷	キン:K コン:G
𧯸	コク
𧯹	イン
𧯺	カイ
𧯻	ヒ
𧯼	シュウ:K ジュ:G
𧯽	レイ
𧯾	ツ:G トウ:K
𧯿	バイ ヘイ
𧰀	チョウ
𧰃	ル:G ロウ:K
𧰄	タン
𧰅	チツ
𧰆	ヒツ
𧰇	ヨ
𧰈	ボウ
𧰉	ロウ
𧰊	テン:K デン:G
𧰋	レン
𧰌	ケン
𧰍	トウ
𧰐	トウ
𧰑	コウ:K ゴウ:G
𧰒	カク:K キャク:G
𧰓	リョウ
𧰕	カク
𧰘	タン:K ドン:G
𧰙	カイ ガイ:K キ:K ギ:G ゲ:G
𧰠	リョウ
𧰡	リャク:G レキ:K
𧰣	クン
𧰥	トウ
𧰧	シ
𧰨	コウ
𧰩	チョウ:G テイ:K
𧰪	カン:K ガン:G
𧰫	チョク トク
𧰬	シ
𧰭	トン
𧰮	コツ
𧰯	ユウ
𧰰	ウ:G ユウ:K
𧰱	ボツ:K モチ:G
𧰲	シ
𧰴	カク キョ:K コ:G
𧰵	タク トク
𧰶	エキ
𧰷	ボウ:K モ:G
𧰸	ガイ
𧰹	ダツ ナチ
𧰻	リョウ:G レイ:K
𧰼	ショウ:K ゾウ:G
𧰽	シ:K ジ:G
𧰿	ガイ
𧱀	セン
𧱁	ツウ トウ
𧱂	カン
𧱃	シ
𧱄	カン
𧱅	シ:K ジ:G
𧱆	サン
𧱇	シ
𧱈	イ
𧱉	カイ
𧱊	イチ:G イツ:K
𧱎	トク
𧱏	ギ:K ゲ:G
𧱐	キョウ:G コウ:K
𧱑	ショ
𧱒	シ タク
𧱓	タク ツ:G トウ:K
𧱔	トン
𧱕	エキ
𧱖	カン
𧱗	コン
𧱘	バイ:K マイ:G
𧱙	ショウ:G ソウ:K
𧱚	ケン
𧱛	ス:G ソウ:K
𧱜	リン
𧱝	カチ クツ クン グチ ケチ:G ケツ:K テイ
𧱞	イ
𧱟	コン
𧱠	タク
𧱡	コウ
𧱢	レイ
𧱣	ボツ:K モチ:G
𧱤	レイ
𧱨	ケン
𧱩	ヘン:K ベン:G
𧱪	ス:G ソウ:K
𧱫	イ タ
𧱬	ヨ
𧱭	ソウ
𧱮	トン
𧱯	トン
𧱰	タク
𧱱	カイ
𧱲	キ:K ケ:G
𧱳	カイ:K ケ:G
𧱴	ミョウ:G メイ:K
𧱵	トウ:K ドウ:G
𧱶	ホウ
𧱻	ベキ:K ミャク:G
𧱼	バン:K マン:G
𧱾	カイ:K キ ケ:G
𧲀	ケン
𧲁	イ
𧲂	リン
𧲃	ビン:K ミン:G
𧲄	イ
𧲅	ショウ:G ソウ:K ゾウ
𧲆	イ タ:K ダ:G
𧲇	コク
𧲈	スイ:K ズイ:G
𧲉	ヘキ
𧲋	キョ:K コ:G
𧲌	ショウ:G ソウ:K
𧲍	ボウ:K ム:G
𧲎	ボウ
𧲏	ヒン
𧲐	ハク:K バク:G
𧲑	イ
𧲒	アク
𧲓	ソウ
𧲔	エイ
𧲕	ル
𧲗	イ
𧲘	キ
𧲙	レイ
𧲚	イ
𧲛	セン
𧲜	ヒャク:G ヘキ:K
𧲝	エ:G エイ:K
𧲞	エイ
𧲟	コン
𧲡	リキ リョク
𧲢	タク:K チャク:G
𧲤	ギョウ グ
𧲥	コツ:K ゴチ:G
𧲦	カク ガン
𧲧	ハ:K ヘ:G
𧲨	ケン
𧲩	カク
𧲪	カク
𧲬	シ
𧲭	サ
𧲮	サン:K セン:G
𧲯	ヒ
𧲰	キュウ:K ク:G
𧲱	オウ
𧲲	コ
𧲳	シン
𧲴	ツ:G トウ:K
𧲵	キョ
𧲶	フク
𧲷	キュウ
𧲸	テン
𧲺	ヒ
𧲻	サイ
𧲾	サン:K セン:G
𧲿	コウ
𧳀	ヒョウ:K ビョウ:G
𧳁	イ
𧳂	フク:K ブク:G
𧳃	チ
𧳄	シン
𧳅	シ
𧳆	ツ:G トウ:K
𧳉	チン
𧳊	カイ
𧳋	チ
𧳌	トク
𧳍	ショウ
𧳎	ゴ
𧳏	ヒ:K ビ:G
𧳐	カイ:K ケ:G
𧳑	トウ
𧳒	ボウ
𧳔	カン
𧳖	ボウ
𧳙	イ エイ キ:K ギ:G シ
𧳚	シ
𧳛	ショウ:G ソウ:K
𧳜	シュ:G シュウ:K
𧳝	チョウ:G トウ:K
𧳞	イ:K ユイ:G
𧳟	ライ リ
𧳠	ヒ
𧳡	シ
𧳢	コン
𧳣	トウ
𧳦	ドウ
𧳧	カイ
𧳨	ジョウ:K ニョウ:G
𧳩	タン
𧳪	イ
𧳫	シュ:G シュウ:K ジュ ユ:G ユウ:K
𧳬	ビ
𧳭	エン
𧳮	チュ チョウ
𧳯	チョ
𧳲	ダン
𧳳	アツ
𧳴	ヒ:K ビ:G
𧳵	ハク
𧳶	シュ:G シュウ:K
𧳷	ケン
𧳸	コチ:G コツ:K
𧳹	シュ:G シュウ:K ショウ:K ジョウ:G
𧳺	ドウ:K ノウ:G
𧳻	ショウ
𧳼	ヒ
𧳿	ショウ ヘン
𧴁	チ
𧴂	ブ:G ホウ:K
𧴃	ザン
𧴄	ユ:G ヨウ:K
𧴅	ショウ:G ソウ:K
𧴆	キョ
𧴇	ゴ
𧴊	カン
𧴌	フク
𧴍	フン
𧴎	ヒョウ:K ビョウ:G
𧴏	カク
𧴓	ドウ
𧴔	リ
𧴕	ヒョウ:K ビョウ:G
𧴖	ワイ
𧴗	ユ:G ヨウ:K
𧴘	カク
𧴙	ドウ
𧴚	カイ:K ケ:G
𧴝	バン:K マン:G
𧴞	カク
𧴟	ホウ
𧴠	リャク:G レキ:K
𧴡	タチ:G タツ:K
𧴢	キン
𧴣	ゲン:K ゴン:G
𧴤	ハク:K ホク:G
𧴥	ハイ:K バイ:G
𧴦	カ
𧴪	サ
𧴫	トク
𧴬	ジン:K ニン:G
𧴭	セン
𧴲	サ
𧴳	シャ
𧴴	チ
𧴵	ボウ
𧴶	ザイ
𧴷	ヘン
𧴸	タン
𧴹	セイ
𧴺	ボン
𧵃	シュ
𧵄	キ
𧵅	ヒ
𧵇	チ
𧵈	コウ
𧵉	シン
𧵊	カン:K コン:G タン
𧵋	シ:K ジ:G
𧵌	オウ:K ヨウ:G
𧵍	ボウ
𧵎	コ
𧵏	セン
𧵐	フ
𧵑	コ
𧵛	カ
𧵜	テイ
𧵝	カツ
𧵞	シュ:K ス:G
𧵠	ハイ
𧵢	ホウ
𧵣	キョウ:G ギョウ ケイ:K ビン:K ミン:G
𧵤	ザイ
𧵥	ガ キ
𧵦	キョウ
𧵧	リン
𧵨	エ:G ワイ:K
𧵩	サク
𧵪	ゾク
𧵫	ガン:K ゲン:G
𧵬	シン
𧵭	ライ
𧵮	キョウ
𧵯	ヒン
𧵰	カ
𧵱	キョウ
𧵲	ボウ
𧵻	カチ:G カツ:K
𧵼	ジツ:K ニチ:G
𧵽	バイ
𧵾	バク
𧵿	カ
𧶂	カチ:G カツ:K
𧶅	カイ
𧶆	リン
𧶇	タツ テチ
𧶈	サ
𧶉	ヒン
𧶊	ウン
𧶋	ショウ
𧶌	サク
𧶍	シュ
𧶎	ヒン
𧶕	ガ
𧶖	キ
𧶗	ガン
𧶙	ハイ
𧶚	セイ
𧶛	ライ
𧶜	ショウ
𧶝	ボウ
𧶞	キン
𧶟	シャ
𧶠	イク
𧶡	ビツ
𧶢	ヒ
𧶣	フ
𧶤	セン
𧶩	コウ
𧶪	キ
𧶱	チ
𧶲	カン:K ガン:G タン
𧶳	ショ
𧶴	ト
𧶵	チョウ:G トウ:K
𧶶	ハン:K ホン:G
𧶷	サク
𧶸	チョウ:G テイ:K
𧶹	エイ
𧶺	ジョウ:G テイ:K
𧶻	ボウ
𧶽	シ
𧷄	カイ
𧷅	イ
𧷇	シン
𧷉	チン
𧷊	トウ
𧷋	ヨウ
𧷌	セイ
𧷍	ヘイ ベイ
𧷎	カツ クチ コツ
𧷏	イク
𧷐	フン
𧷑	キョウ
𧷒	テイ
𧷓	バイ
𧷔	セイ
𧷕	シ
𧷖	ライ
𧷗	イク
𧷞	ショウ
𧷟	ヒン
𧷠	ケン
𧷡	ル:G ロウ:K
𧷢	ソウ
𧷣	サ
𧷤	サク
𧷥	ギ
𧷦	ビツ
𧷧	カイ
𧷨	バイ
𧷩	キ
𧷱	キ
𧷲	フ
𧷳	ラ
𧷵	バイ
𧷻	ク:G コウ:K
𧷽	ヨウ
𧷾	キツ ギチ
𧷿	ツ:G ト:K
𧸀	ゼン:K ドン ネン:G ノン
𧸁	ヘイ
𧸂	カン
𧸃	イ
𧸄	サイ
𧸅	チ
𧸆	ゼイ
𧸇	イク
𧸈	ヒン
𧸊	コウ
𧸋	キ
𧸐	ジ
𧸑	ソウ
𧸔	イン
𧸕	チョウ
𧸖	タン レン
𧸗	セチ:G セツ:K
𧸘	セン タン:K ドン:G ヘン レン
𧸙	スイ
𧸞	ゼイ
𧸥	シュン
𧸦	ラン
𧸧	キョ:K コ:G
𧸨	ベン
𧸩	シュン
𧸪	テン:K デン:G
𧸫	コン
𧸯	イ
𧸱	レイ
𧸲	チ
𧸷	トク
𧸸	セン
𧸹	トン
𧸽	イ
𧸾	ホウ
𧸿	トン
𧹀	チ
𧹆	ソウ
𧹈	ジョウ:K ニョウ:G ビ
𧹉	コウ
𧹊	ヤク
𧹌	シ
𧹎	ショク
𧹐	ラ
𧹘	カク
𧹙	テイ
𧹚	テイ
𧹛	シ
𧹝	トウ
𧹞	ダン デン:K ネン:G
𧹠	タン
𧹣	カン:K コン:G
𧹧	ビ
𧹨	セキ
𧹩	リン
𧹬	エン
𧹭	キョク:K コク:G
𧹯	レン
𧹲	コク
𧹳	カン:K ガン:G
𧹴	キク
𧹶	キュウ
𧹷	コク
𧹸	ジュ
𧹹	シ
𧹺	ゼイ
𧹽	キキ キョク
𧹾	コク
𧺄	トウ
𧺅	エン
𧺆	ソウ
𧺇	キュウ
𧺎	エキ
𧺏	ジ:G チ:K
𧺒	シュツ ジュチ
𧺓	ケイ ゴウ
𧺔	ト
𧺙	クチ クツ
𧺜	キョウ
𧺝	イチ:G イツ:K
𧺞	キツ
𧺟	タン:K トン:G
𧺠	シ シャク:G セキ:K チャク:G テキ:K
𧺡	ハツ:K バチ:G
𧺢	エキ:K ツ:G トウ:K ヤク:G
𧺣	シュ:G ショウ:K
𧺤	キュウ:K グ:G
𧺥	シュ
𧺦	テイ
𧺧	テイ
𧺨	シ
𧺰	ケキ
𧺲	リ
𧺳	タイ:G テイ:K
𧺶	シュツ ジュチ チュチ:G チュツ:K
𧺷	サチ:G サツ:K ソ
𧺸	ヨウ
𧺹	キョ:K コ:G
𧺺	ハツ:K バチ:G
𧺻	ケン:K ゲン:G
𧺼	シ ソ
𧺽	タイ:G テイ:K
𧺾	ハン
𧺿	テイ
𧻀	シャ タク:K チャク:G
𧻁	キュウ:K ク:G
𧻂	エツ
𧻃	シュ
𧻍	サイ
𧻑	キ:K ケ:G
𧻒	ケン
𧻓	ヒョウ:G ホウ:K
𧻔	キョウ
𧻕	シャク:G セキ:K
𧻖	チュ チュウ
𧻗	キチ:G キツ:K
𧻘	ケチ:G ケツ:K
𧻙	ハク:K バク:K ヒャク:G ミャク:G
𧻚	エン:K オン:G
𧻛	ケイ
𧻜	キ
𧻝	ケイ
𧻞	タ
𧻧	シャ
𧻫	シュ
𧻬	スウ
𧻯	ケツ
𧻰	コク:K ゴク:G ソウ:K ゾウ:G
𧻱	キュウ:K グ:G
𧻲	カイ:K ガイ:G
𧻳	フ
𧻴	ロウ
𧻵	ショウ:G ソウ:K
𧻶	キ:K ケ:G
𧻷	フ:G ホ:K
𧻸	セイ ゼイ
𧻹	ユ:G ヨウ:K
𧻺	キョウ:G コウ:K
𧻻	ショク:K ソク:G
𧻼	デツ
𧻽	シュ
𧻿	コウ
𧼉	エン
𧼊	ベキ:K ミャク:G
𧼎	オウ
𧼏	ケン:K ゲン:G
𧼐	キツ ギチ クン:K グン:G
𧼑	キョク:K コク:G
𧼒	キン ギン
𧼓	ツ:G トウ:K
𧼔	ロウ
𧼕	セキ
𧼖	ラン
𧼗	フチ フツ
𧼘	キ
𧼙	チュ チョウ チョク トク
𧼚	ケン
𧼛	ライ
𧼜	スウ
𧼝	シュ
𧼞	ケツ
𧼟	バク
𧼠	ヒ
𧼡	コウ
𧼤	トウ
𧼥	チ
𧼦	ハン
𧼨	カチ:G カツ:K ケチ:G ケツ:K
𧼩	シュ:G ショウ:K
𧼪	テイ
𧼫	ウチ:G ウツ:K
𧼬	サイ
𧼭	シュ:G シュウ:K シュク スク
𧼮	トウ
𧼯	シュ ユ
𧼰	ソウ:K ゾウ:G
𧼱	ヒョク ビキ フク:K ブク:G
𧼲	ホウ
𧼳	タク:K チャク:G
𧼴	ハツ フツ
𧼵	コウ
𧼶	ソウ
𧽁	テイ
𧽂	カツ
𧽄	ケツ
𧽅	ジョウ:G トウ:K
𧽆	テン
𧽉	エン:K オン:G
𧽊	カイ:K ガイ:G
𧽋	ウ:G オ:K
𧽌	カツ:K ケチ:G ゲチ
𧽍	テン:K デン:G
𧽎	ヨウ
𧽏	シュ:G シュウ:K
𧽐	カン:K ケン:G
𧽑	シツ:K ジチ:G
𧽒	キュウ:K ク:G
𧽓	キツ:K コチ:G
𧽔	キン
𧽕	シン
𧽖	カイ
𧽝	コウ
𧽞	エン
𧽟	ショ:K ジョ:G
𧽠	サイ スイ
𧽢	ダン
𧽣	ショウ
𧽤	ヒョウ:K ビョウ:G
𧽥	ロク
𧽦	シャク:G セキ:K
𧽧	シュク スク
𧽨	ベキ:K ミャク:G
𧽩	ショウ
𧽪	テン
𧽫	レン
𧽭	キツ
𧽯	セン
𧽲	リ
𧽳	キツ
𧽴	フ:G ホウ:K
𧽶	ガ
𧽷	シュク スク
𧽸	カチ ケ:G ケイ:K ケツ
𧽹	セン:K ゼン:G
𧽺	リャク:G レキ:K
𧽻	イチ:G イツ:K キチ:G キツ:K
𧽼	タン:K ドン:G
𧽽	リョウ
𧽾	サン
𧽿	ズ:G トウ:K
𧾀	サク:K シャク:G
𧾁	ソウ:K ゾウ:G
𧾂	シツ
𧾇	リョウ:G レイ:K
𧾈	バン
𧾊	トウ
𧾋	サン
𧾍	テン:K デン:G
𧾎	カン:K ケン:G セン:K ゼン:G
𧾏	キン
𧾐	キョウ
𧾑	ヒャク:G ヘキ:K
𧾒	シ
𧾔	カン:K コン:G
𧾕	シ
𧾙	サイ:G セイ:K
𧾚	ヨ
𧾛	カク ギャク
𧾜	ホン
𧾝	キン シュン:K ジュン:G
𧾞	チツ
𧾟	ヤク
𧾠	シュン:K ジュン:G
𧾡	テン:K デン:G
𧾢	キチ:G キツ:K セツ:K ゼチ:G
𧾣	カイ:K キチ:G キツ:K ケ:G ケン
𧾤	エン
𧾥	トク:K ドク:G
𧾧	キュウ:K ク:G
𧾨	ガン ケン:K ゲン:G コン
𧾩	シュン:K ジュン:G セン:K ゼン:G
𧾫	ヘン
𧾬	サン
𧾭	ホン
𧾮	リョウ:G レイ:K
𧾯	ケチ:G ケツ:K
𧾰	イキ:G ヨク:K
𧾱	ク:K グ:G
𧾲	イン カン
𧾳	ホウ
𧾴	ヒョウ
𧾵	カク:K キャク:G
𧾶	シュ
𧾷	ソク
𧾸	セイ
𧾹	キュウ
𧾻	キュウ:K グ:G
𧾽	ケイ
𧾾	キ
𧿀	キュウ
𧿁	ゲツ ゴツ
𧿂	カン:K ゲン:G
𧿃	キョ
𧿄	キ
𧿅	シュウ
𧿆	ホウ:K ボウ:G
𧿉	コ
𧿌	タ
𧿍	キ
𧿒	チン
𧿓	コ:K ゴ:G
𧿔	ジク:K ニク:G
𧿕	ガ
𧿖	キョウ:K ク:G
𧿗	トン
𧿘	ショウ
𧿙	ガン
𧿚	フン
𧿛	ショウ
𧿜	ジョウ
𧿝	ケイ
𧿞	シ
𧿟	テイ
𧿣	ホン
𧿤	フ
𧿥	ヘツ レツ
𧿦	コウ
𧿩	カク
𧿫	カ
𧿮	ジョウ:G チョウ:K
𧿯	コ:K ゴ:G
𧿲	ツイ
𧿳	ヒ フツ ブチ
𧿴	バツ:K マチ:G
𧿵	キョウ:G コウ:K
𧿶	タ
𧿷	ギョク:K ゴク:G
𧿸	デン
𧿹	ボウ:K モ:G
𧿺	クチ クツ
𧿻	キク
𧿼	カ:K ケ:G
𧿽	ハ
𧿾	カ
𧿿	シ
𨀀	デイ:K デン ナイ:G
𨀄	ガ
𨀆	ケツ
𨀇	テイ
𨀓	ハク
𨀔	エン チュウ
𨀕	キョウ:G コウ:K
𨀖	カイ:K ガイ:G
𨀗	カ
𨀘	ショウ:K ゾウ:G
𨀙	キチ:G キツ:K
𨀚	シュク
𨀛	ソン
𨀜	ツ:G トウ:K
𨀝	ジャク:K ニャク:G
𨀞	ロツ
𨀟	タク
𨀠	シャ
𨀡	トウ
𨀢	サン
𨀣	キ
𨀤	ライ
𨀥	シ
𨀦	ケツ
𨀧	ショウ:G セイ:K
𨀨	サチ:G サツ:K
𨀩	カ:K ケ:G
𨀪	ハイ
𨀫	コウ
𨀬	サイ
𨀭	チ
𨀮	エン
𨀯	キュウ
𨀳	ハツ
𨀴	シュン
𨀶	キ
𨀷	ハン
𨀸	タ タク
𨁀	シュク
𨁁	セン:K ゼン:G
𨁂	ケツ:K ゲチ:G
𨁃	タイ:G テイ:K
𨁄	カン:K ガン:G
𨁅	セン
𨁆	セン
𨁇	トン:K ドン:G
𨁈	キョウ:G コウ:K ゴウ
𨁊	シン:K ジン:G
𨁋	ツ:G トウ:K
𨁌	ダ:K ナ:G
𨁍	ゲン
𨁎	ギョウ:G ケイ:K チョウ:G テイ:K
𨁏	フ:G ホ:K
𨁐	キ
𨁑	エツ
𨁒	テツ
𨁓	チョウ
𨁔	ジョウ:G チョウ:K
𨁕	シュク
𨁜	フ
𨁞	コン
𨁟	ガ
𨁠	ショウ
𨁡	タ
𨁢	ハン
𨁣	カ
𨁳	ホウ:K ボウ:G
𨁵	フ
𨁶	ア
𨁷	ジ:G チ:K
𨁸	ライ:G レイ:K ロチ ロツ
𨁹	エン
𨁺	ク
𨁻	チョウ
𨁼	ホン
𨁽	トク
𨁾	シ
𨁿	タク チョク トク
𨂀	ショ:G ソ:K
𨂁	エン オウ:K ヨウ:G
𨂂	セキ
𨂃	ホウ:K ボウ:G
𨂄	ジ:G チ:K
𨂅	ヘチ:G ヘツ:K
𨂆	トウ
𨂇	テイ
𨂈	ケイ
𨂋	サイ:G セイ:K
𨂏	チョウ
𨂑	ゴウ
𨂒	ヤ
𨂓	シュウ
𨂛	タチ:G タツ:K
𨂜	ゴウ
𨂝	ハン:K ヘン:G
𨂞	タン
𨂟	コウ
𨂠	リ
𨂡	シュ:G ソウ:K
𨂢	ショク:K ソク:G
𨂣	ブ ボウ:K ム:G モ
𨂤	チ
𨂥	カ
𨂦	テン
𨂧	タツ
𨂨	タツ
𨂩	ハツ
𨂪	ガン:K ゲン:G
𨂫	タク
𨂬	チ
𨂭	トク:K ドク:G
𨂮	カ
𨂯	ヘン:K ベン:G
𨂰	タイ:G テイ:K
𨂱	コン:K ゴン:G
𨂲	ヒョウ:G ヘイ:K
𨂳	セン
𨂴	ス:G ソウ:K
𨂵	ショウ:G ソウ:K
𨂶	テイ
𨂷	テン:K デン:G
𨂸	タク
𨂻	トウ
𨃒	ヨウ
𨃓	タ:K ダ:G
𨃔	ギュウ グ
𨃕	キク コク チク
𨃖	カ:K ケ:G
𨃗	トウ:K ドウ:G
𨃘	シュ:G シュウ:K ス
𨃙	リチ:G リツ:K
𨃚	トウ
𨃛	サチ:G サツ:K
𨃜	チョウ
𨃝	ト
𨃞	ハン:K バン:G
𨃟	ハン:K バン:G
𨃠	トウ:K ドウ:G
𨃢	サク
𨃣	ソウ
𨃤	キョウ:G コウ:K
𨃥	タク:K チャク:G
𨃦	ホン
𨃧	キョウ
𨃨	テン
𨃭	ソク
𨃮	タク
𨃯	シ
𨃲	キョウ ショウ
𨃿	セン
𨄀	ショウ
𨄃	チョク
𨄅	ク
𨄆	トウ
𨄇	トウ:K ドウ:G
𨄈	リョウ
𨄉	サン:K セン:G
𨄊	セチ:G セツ:K
𨄋	ル:G ロウ:K
𨄌	ショウ ジョウ:G チョウ:K
𨄍	サイ:K セ:G
𨄎	キ
𨄏	ヒョウ:K ビョウ:G
𨄐	サイ:G セイ:K
𨄑	ホク
𨄒	サイ:K セ:G
𨄓	ジョウ:G ソウ:K
𨄔	セン
𨄕	ソク
𨄖	ズイ
𨄗	コウ
𨄘	リク
𨄙	キョク
𨄚	ショウ:G ソウ:K
𨄛	レイ
𨄝	ボウ
𨄧	チョウ
𨄨	ゴウ
𨄩	ホク
𨄪	テイ
𨄫	ユ
𨄬	ケツ
𨄭	ロク
𨄯	ヨク
𨄰	チョウ
𨅅	ハツ
𨅆	キ
𨅈	チョウ
𨅊	テチ:G テツ:K デチ
𨅋	ショウ
𨅌	ガ
𨅍	タン:K トン:G
𨅎	サイ:K セ:G
𨅏	ラン
𨅐	ブ
𨅑	シュ
𨅒	シュ:K ジュ:G チュ
𨅓	タ テ トウ:K ドウ:G
𨅔	サン ソウ:K ゾウ:G
𨅕	サン
𨅖	サン セツ:K ゼチ:G
𨅗	ヒチ:G ヒツ:K
𨅘	ヒョウ:G ビョウ:G ヘイ:K ホウ:K
𨅙	テキ
𨅚	ゴウ
𨅛	チョク
𨅜	チキ:G チョク:K
𨅝	チョウ
𨅞	トウ
𨅟	ヒョウ
𨅠	キ
𨅡	チュウ
𨅢	ハツ
𨅣	キョウ:K ギョウ:G
𨅤	キ
𨅥	ヒ
𨅦	セキ
𨅧	セン
𨅨	トウ
𨅩	リク
𨅪	テキ
𨅫	キャク ゴウ
𨅱	シュン
𨅲	ゼン
𨅴	ハン
𨅵	トウ
𨅶	ソウ
𨆁	エン テン
𨆂	ソウ
𨆃	キン:K コン:G ゴン
𨆄	ショ
𨆅	タク:K ダク:G
𨆆	キ
𨆇	ソウ タン
𨆈	ケン
𨆉	トウ
𨆊	ビョウ:G ホウ:K
𨆋	シ
𨆌	ハン:K ボン:G
𨆍	リョウ
𨆎	ソク:K ゾク:G
𨆏	スイ
𨆐	トウ:K ドウ:G
𨆑	チ
𨆙	シツ
𨆚	トウ
𨆛	トン
𨆜	ハン
𨆦	チ
𨆧	チ
𨆨	チ
𨆪	キョウ:G ケイ:K
𨆫	チ
𨆬	サク
𨆭	ヘン
𨆮	セキ
𨆯	ホク
𨆰	トウ
𨆱	ヒョウ:K ビョウ:G
𨆲	イン
𨆳	セツ
𨆴	リン
𨆵	ハ
𨇁	コウ
𨇂	テツ
𨇃	サン
𨇄	ジョウ:K ニョウ:G
𨇅	ホウ:K ボウ:G
𨇆	ライ
𨇇	サ
𨇈	チ
𨇊	キャク
𨇋	セキ
𨇎	テン
𨇏	サ
𨇐	リ
𨇔	タン:K ダン:G
𨇖	リョ:K ロ:G
𨇗	リャク:G レキ:K
𨇘	ル:G ロウ:K
𨇙	ケ:G ケイ:K
𨇚	タイ
𨇝	タン
𨇠	テン
𨇤	セン
𨇥	ケン
𨇦	サン
𨇧	タン
𨇨	サツ セツ
𨇩	サン:K ザン:G
𨇪	キ
𨇫	セン
𨇭	ケツ
𨇮	ケツ
𨇯	ソウ
𨇰	タン
𨇱	ヘン
𨇲	タン
𨇳	シュク
𨇴	セン
𨇻	ビ:K ミ:G
𨇼	レン
𨇽	ラ
𨈃	テン
𨈄	シュク
𨈅	ヤク
𨈈	ジョウ:G チョウ:K
𨈉	キ
𨈋	ヤク
𨈏	ガ
𨈐	ケツ
𨈑	ケツ
𨈓	ロウ
𨈔	タン
𨈕	ワイ
𨈖	チン
𨈗	ジン
𨈘	ショウ:G ソウ:K
𨈙	ショウ
𨈚	ヒ:K ビ:G
𨈛	シ
𨈜	タン
𨈝	ロ
𨈞	フク
𨈟	ガ
𨈠	タン
𨈡	シャ
𨈢	コウ
𨈥	ボウ
𨈧	イン
𨈩	ハツ:K バチ:G
𨈪	シ
𨈫	ジュ チュ
𨈬	ク
𨈭	タン
𨈮	チョウ
𨈴	キュウ
𨈵	ハ
𨈶	ボウ
𨈸	カツ
𨈹	ツ:G トウ:K
𨈺	ヤ
𨈻	ジ
𨈼	ヨウ
𨉀	カ
𨉂	ヘイ
𨉃	ジン
𨉇	サイ
𨉈	チョウ:G テイ:K
𨉉	ヒ
𨉊	ヒ
𨉋	タツ
𨉌	シュク
𨉍	バク
𨉒	カ シュウ
𨉔	トウ
𨉗	ギョク
𨉛	シャ
𨉜	シュウ
𨉝	エン
𨉢	チュ チョウ
𨉣	カ:K ケ:G
𨉤	オウ カウ
𨉥	メン
𨉦	タイ
𨉩	シュン
𨉪	ケツ
𨉬	テイ
𨉭	ビ
𨉮	ヒ
𨉯	ヘイ
𨉰	ロウ
𨉱	シン トウ
𨉲	コウ
𨉴	ジョウ
𨉵	カ
𨉷	ヨウ
𨉸	キ
𨉹	カク:K キャク:G
𨉺	キュウ
𨉽	ショウ
𨉾	デン
𨉿	ナン
𨊀	ヘイ
𨊁	テツ
𨊂	ジョウ:K ニョウ:G
𨊅	ギョウ
𨊇	カ
𨊉	セイ セツ
𨊊	ラク
𨊍	タン:K トン:G
𨊎	デイ
𨊒	ドク
𨊓	デイ ニョウ
𨊔	ラン
𨊕	ヒン
𨊖	ロウ
𨊗	タン
𨊘	ク
𨊛	リャク:G レキ:K
𨊝	サン:K ザン:G
𨊞	ジョウ
𨊟	レン
𨊠	ハン
𨊡	チョウ:G テイ:K
𨊢	エイ
𨊧	コウ
𨊯	トン
𨊰	キツ
𨊱	ウ
𨊳	シン
𨊴	チン
𨊵	ク
𨊶	ジョウ
𨊸	ガチ ゲツ
𨊹	ハ:K ヘ:G
𨊺	タイ
𨊻	ケイ
𨊼	ケン:K ゲン:G
𨊽	フ
𨊾	ボウ
𨊿	カク
𨋀	ジュウ ニュ
𨋁	ゼン
𨋆	テイ
𨋇	テイ
𨋈	ト
𨋉	キョク
𨋌	コウ
𨋎	シン
𨋏	シン
𨋐	ハチ:G ハツ:K
𨋑	キョウ:K ク:G
𨋒	ハン
𨋓	シャ
𨋔	コウ
𨋕	ギョウ:G ゴウ:K
𨋖	リュウ:K ル:G
𨋗	ジ:K ニ:G
𨋘	サ
𨋙	イン
𨋚	ゼン:K デン ネン:G
𨋛	ヒョウ:G ホウ:K
𨋝	コウ
𨋞	フ
𨋟	カ
𨋡	キ
𨋥	フツ
𨋦	シ
𨋧	キョク:K コク:G
𨋨	コン:K ゴン:G
𨋩	フク
𨋪	コウ
𨋫	チョウ
𨋬	ショウ:K ジョウ:G
𨋭	シキ:G ショク:K
𨋮	コウ チュン
𨋯	エイ
𨋰	シ
𨋱	タイ
𨋲	ヒョウ:K ビョウ:G
𨋷	コウ
𨋹	ボウ
𨋺	バツ
𨋻	キツ
𨋼	アツ
𨋽	ヨウ
𨋾	キョ
𨌁	カン
𨌂	キョウ
𨌄	ソウ:K ゾウ:G
𨌅	サイ シ
𨌆	ギョウ:G コウ:K
𨌇	チク
𨌈	テン:K デン:G
𨌉	ケン
𨌊	ゲイ
𨌋	ケイ
𨌍	ショウ:G セイ:K
𨌎	ショ:K ジョ:G
𨌏	サイ
𨌓	ボウ
𨌖	シュウ
𨌘	シュン
𨌝	コク ワク
𨌞	ギョウ:G ゴウ:K
𨌟	キョ
𨌠	ロク
𨌡	リ
𨌢	ショウ:G ソウ:K
𨌣	ドウ
𨌤	ショウ:K ジョウ:G
𨌥	チク ヒキ:G ヒョク:K フク ブ:G ホウ:K ボ
𨌦	ヘイ
𨌧	オウ
𨌩	トウ:K ドウ:G
𨌪	ソウ
𨌫	カン:K ケン:G
𨌬	チョウ:G トウ:K
𨌭	トウ
𨌮	テイ
𨌯	ヨク
𨌰	ショウ
𨌱	ショウ
𨌲	ビン
𨌳	キョウ:G コウ:K
𨌴	タイ:K テ:G
𨌵	ゲイ
𨌶	キョウ:G コウ:K
𨌷	ケイ
𨌸	テツ
𨍀	チ
𨍁	シ
𨍂	キ
𨍃	シ
𨍅	ジョウ ニュ
𨍆	ウン
𨍇	カク ギャク
𨍈	ス:G ソウ:K
𨍉	ソウ
𨍊	シュ:G シュウ:K
𨍋	カ ガ
𨍌	ビン:K ミン:G
𨍍	ビョウ:G ヘイ:K
𨍎	ボク:K モク:G
𨍏	タク:K ダク:G
𨍐	ショ
𨍑	キョウ:G コウ:K
𨍒	カン
𨍓	ケン
𨍔	コク
𨍛	ドク
𨍝	カク
𨍞	エン
𨍟	シ
𨍢	シ
𨍣	シュウ
𨍧	コウ
𨍨	スイ
𨍩	ビョウ:G ホウ:K
𨍪	イン
𨍫	リチ:G リツ:K
𨍬	セン
𨍭	ハク
𨍮	レキ
𨍯	キョク:K コク:G
𨍰	コウ
𨍱	ジョウ
𨍲	コツ:K コン ゴチ:G
𨍳	ヨウ
𨍴	トウ:K ドウ:G
𨍶	ギョウ:G ケイ:K
𨍷	ジョウ ニュ
𨍸	リュウ:K ル:G
𨍹	エ:G カイ:K
𨍻	レン
𨍿	キャク:G ケキ:K
𨎁	キョウ:G コウ:K
𨎄	キョウ
𨎅	リョウ
𨎇	コウ
𨎈	リク
𨎉	チ
𨎊	コン
𨎋	チョウ トウ:K ドウ:G
𨎌	チ
𨎍	コウ
𨎐	チ
𨎔	ヨウ
𨎕	カン
𨎖	ショウ
𨎗	コウ
𨎘	チ
𨎙	フク
𨎜	シ
𨎡	ダイ
𨎢	ソウ
𨎤	トウ
𨎥	エイ
𨎦	キョウ:G コウ:K
𨎧	ビョウ:G ホウ:K
𨎨	フン
𨎩	コウ
𨎪	ジ
𨎫	カン:K ケン:G
𨎬	キョウ:K ギョウ:G ヨウ
𨎭	ダ:K ダイ:K ナ:G ナイ:G
𨎮	ス:G ソウ:K
𨎯	シ
𨎱	ダ:K ナ:G
𨎲	ロ
𨎳	ホウ ボ
𨎴	トウ
𨎵	カチ:G カツ:K シュウ
𨎶	キョ:K ゴ:G
𨎷	レン
𨎹	ラン
𨎾	フン
𨏁	テツ
𨏅	チ
𨏆	コウ
𨏇	シ
𨏈	イン:K オン:G
𨏉	セン
𨏊	カン
𨏋	ソウ
𨏎	コウ
𨏏	リン
𨏑	チ
𨏒	ライ ラク
𨏓	サン
𨏔	ロク
𨏕	ホウ
𨏖	シャ
𨏘	サン
𨏙	カン
𨏚	カク
𨏛	ジョウ
𨏝	ビン:K ミン:G
𨏟	フク
𨏠	ル:G ロウ:K
𨏡	チ
𨏢	ギ
𨏣	テツ
𨏤	シン
𨏦	リン
𨏨	レイ
𨏩	レン
𨏪	サン
𨏫	ハク:K バク:G
𨏬	リャク:G レキ:K
𨏯	ヒ
𨏰	ホウ
𨏱	イン
𨏲	ラク
𨏳	ケイ ゲ
𨏴	カク:K キャク:G
𨏵	ビン:K ミン:G
𨏶	レン
𨏷	ヒ
𨏸	ラン
𨏹	カク:K キャク:G
𨏺	チュウ
𨏽	レキ
𨏾	ゲツ
𨏿	コウ
𨐁	ジョウ:G チョウ:K
𨐂	ビ
𨐃	テツ
𨐌	シン
𨐍	シン
𨐏	シン
𨐐	イン
𨐑	カイ
𨐔	シン
𨐕	シン
𨐖	サチ:G サツ:K
𨐛	キ
𨐜	ラツ
𨐝	ヒャク:G ヘキ:K
𨐞	コ
𨐟	コ
𨐠	シ
𨐡	ク:G コ:K
𨐢	ヘキ
𨐣	キョ
𨐥	カク
𨐦	ハン
𨐨	ヒャク:G ヘキ:K
𨐩	ケン
𨐯	ヒャク:G ヘキ:K
𨐰	ヒン
𨐱	ハン:K ベン:G
𨐲	ジ
𨐳	サク
𨐴	ヘキ
𨐵	ヘン
𨐶	カク
𨐹	コウ:K ゴウ:G
𨐼	ケイ
𨐾	ベン
𨑀	コ
𨑁	キョウ
𨑂	トウ
𨑃	シン
𨑄	シン
𨑆	ノウ
𨑇	ノウ
𨑉	チ
𨑊	ジョウ:K ドウ:K ニュ ニョウ:G ヌ:G
𨑋	ノウ
𨑌	シン
𨑍	キ
𨑎	ホウ
𨑏	シン
𨑐	キツ
𨑑	フ
𨑒	ト
𨑓	キ
𨑔	キ
𨑛	ウ
𨑜	ヒツ
𨑝	ホツ
𨑞	チュン
𨑠	チャク:G テキ:K
𨑡	ト
𨑢	ショウ
𨑣	ケチ:G ケツ:K
𨑤	キ
𨑥	コチ:G コツ:K ブツ:K モチ:G
𨑦	ジョ
𨑧	タイ
𨑨	チチ:G チツ:K
𨑩	チャク:G チョウ テキ:K
𨑪	シュ:G ショウ:K
𨑫	ウ:G ユウ:K
𨑭	シ
𨑲	ジョウ:G テイ:K
𨑵	キツ
𨑷	シン
𨑹	ショウ:G ジュ ジュウ ス ソウ:K ゾウ
𨑼	テイ
𨑽	セツ
𨑿	ソウ
𨒀	ショウ
𨒁	ショウ
𨒂	エン
𨒃	ハン:K バン:G
𨒄	エン
𨒅	キャク:G ケキ:K
𨒆	ジョウ ニュ
𨒇	コウ
𨒈	チ
𨒉	スイ チ ツイ
𨒊	シュウ:K ジュ:G
𨒋	エツ:K オチ:G ケツ:K ゲチ:G
𨒌	セイ
𨒎	セン
𨒏	セキ
𨒑	ゴウ
𨒚	ソ
𨒛	ジ
𨒜	ヘツ
𨒝	チョウ
𨒞	カン
𨒠	ハツ
𨒢	タク チョク
𨒣	ユウ
𨒤	シ
𨒥	コウ
𨒦	イン
𨒧	セイ
𨒨	カイ:K ガイ:G
𨒩	ゼン:K ネン:G
𨒪	セキ
𨒫	ヨウ
𨒬	シ
𨒭	カイ
𨒮	シ
𨒯	トウ
𨒰	ユ:G ユウ:K
𨒱	キョウ
𨒲	メイ
𨒳	シュツ
𨒴	セイ
𨒼	コン
𨒽	サ ソウ:K ゾウ:G
𨒾	テイ
𨒿	セン
𨓀	テイ
𨓁	ヒョウ:G ホウ:K
𨓂	サク:K ザク:G
𨓃	ガ
𨓄	テイ
𨓅	ボウ
𨓇	キン
𨓈	カツ
𨓉	ヘン
𨓊	チョウ
𨓋	キ
𨓌	サイ
𨓍	ジョウ:G テイ:K
𨓎	ユウ
𨓏	オウ
𨓖	トウ
𨓘	ユウ
𨓙	ヘン
𨓛	トウ
𨓝	テイ
𨓞	タイ
𨓤	タイ
𨓥	フ:G ホ:K
𨓦	リ
𨓧	ヨウ
𨓨	ヨウ
𨓩	コウ
𨓫	ツイ
𨓬	トウ:K ドウ:G
𨓭	シュ:G ソウ:K
𨓮	イン
𨓯	エン
𨓰	ショウ:K ジョウ:G
𨓱	チョウ トウ:K ドウ:G
𨓲	カン:K ケン:G
𨓳	ヨウ
𨓴	ガ:K ゲ:G
𨓵	ソウ
𨓶	ヒ
𨓷	ケイ
𨓸	スイ
𨓹	オウ
𨓺	カ
𨓻	タイ
𨓼	キ
𨓽	セイ
𨓾	タイ
𨓿	スイ タイ ハイ ヒ
𨔀	シ
𨔂	タツ
𨔃	ケン
𨔄	テイ
𨔅	テキ
𨔋	ショウ
𨔖	ユウ
𨔗	カ
𨔙	ズ:G トウ:K
𨔚	ヨウ
𨔛	テイ
𨔜	レツ
𨔝	トウ:K ドウ:G
𨔞	ドウ
𨔟	ユ:G ユウ:K
𨔡	テン トン:K ドン:G
𨔢	テン
𨔣	カ:K ケ:G
𨔤	チョク
𨔥	シン
𨔦	シュ:K ジュ:G
𨔧	ホウ
𨔨	ソウ
𨔩	ソウ
𨔪	ウン
𨔫	タイ:K テ:G トン
𨔬	タツ
𨔭	レツ
𨔮	ソウ
𨔯	トウ:K ドウ:G
𨔰	セン
𨔱	スイ
𨔲	スイ
𨔵	シュン トン:K ドン:G
𨔶	タチ:G タツ:K ダチ
𨔻	イ
𨕍	フ
𨕏	レン
𨕐	エン
𨕑	テイ
𨕔	カン
𨕕	シ チ
𨕖	セン
𨕗	エン
𨕙	ヘン
𨕚	コツ
𨕜	レツ
𨕝	ホ
𨕞	セン
𨕟	シ
𨕠	サク
𨕡	ソウ
𨕢	チク
𨕣	ゴ
𨕤	キュウ
𨕥	トウ:K ドウ:G
𨕦	シュ:G シュウ:K
𨕧	ヒョウ:G ホウ:K
𨕨	セン
𨕩	ソウ
𨕪	ソウ
𨕷	ソウ
𨕸	イ
𨕹	カン:K ガン:G
𨕺	カ
𨕼	ソウ
𨕽	キョウ:K ゴウ:G
𨕿	オウ
𨖀	テン
𨖁	ドウ
𨖃	コツ
𨖆	ソ
𨖇	セン
𨖈	ヨウ
𨖉	リン
𨖊	サク シャク:G ジャク セキ:K
𨖋	サン ソン チ
𨖌	ヨウ
𨖍	ガ
𨖎	シ
𨖏	キュウ:K ク:G
𨖐	サク
𨖛	ウ
𨖞	カン
𨖟	ヨウ
𨖠	ヘン
𨖡	トン
𨖢	キョウ
𨖣	カク
𨖤	シ
𨖥	シャ
𨖪	ホウ
𨖫	タツ
𨖬	シュ:G ソウ:K
𨖭	ガ:K ゲ:G
𨖮	サク:K ザク:G
𨖯	ユウ
𨖰	ケツ
𨖱	ケン
𨖳	エン
𨖴	ブ:K ム:G
𨖵	ショウ
𨖶	ショウ:K ゾウ:G
𨖷	ソウ:K ゾウ:G
𨖸	エン
𨖹	ジ ジツ チツ
𨖻	リュウ:K ル:G
𨖼	シュ:G シュウ:K チュ チュウ
𨖾	ヘン
𨖿	イ
𨗀	サク
𨗁	テキ
𨗂	キ
𨗃	シン
𨗄	リン
𨗉	スイ
𨗋	キュウ
𨗌	トク
𨗐	ソウ
𨗒	テイ
𨗓	ドウ
𨗔	イ
𨗕	ジュン
𨗗	ホ
𨗘	ソウ
𨗙	ホウ
𨗝	イツ
𨗞	タイ デ
𨗟	カク
𨗠	テイ
𨗡	ショウ:G ソウ:K
𨗢	セン
𨗣	トク
𨗥	エ:G カイ:K
𨗦	セン
𨗧	セン:K ゼン:G
𨗨	イ
𨗪	トウ:K ドウ:G
𨗫	ユウ
𨗬	シ
𨗭	イ
𨗮	イ
𨗯	ゴウ
𨗰	ユ:G ユウ:K
𨗱	トウ:K ドウ:G
𨗺	セン
𨗻	タイ
𨗼	タイ
𨗽	ヨウ
𨘁	ユウ
𨘂	キュウ
𨘃	タイ デ
𨘄	サン
𨘇	エ:G カイ:K ガイ ケン:K ゲン:G
𨘈	タツ
𨘉	ソウ
𨘊	シュン
𨘌	カ ガ
𨘑	レン
𨘓	ケツ
𨘔	ヨウ
𨘙	ケン:K ゲン:G
𨘚	ヘン
𨘛	タイ
𨘜	ソウ
𨘝	タツ ダチ
𨘞	ケン
𨘟	ソウ
𨘠	ロウ
𨘡	ゲン
𨘢	ヘン
𨘣	カン
𨘪	レン
𨘫	キ
𨘬	テイ
𨘭	トン
𨘯	レイ
𨘰	レン
𨘲	カイ:K ゲ:G
𨘴	コウ
𨘵	ユウ
𨘷	バク
𨘸	リャク:G レキ:K
𨘹	トン
𨘼	セン
𨘾	チ
𨘿	タイ
𨙀	カク
𨙁	バク
𨙂	ユ:G ユウ:K ヨウ
𨙃	ユウ
𨙄	ヤク
𨙅	ゲン
𨙆	トン
𨙎	トウ:K ドウ:G
𨙏	サン
𨙐	コウ
𨙑	キ
𨙒	ヨク
𨙓	ジョウ:K ニョウ:G
𨙔	チュ チュン チョウ
𨙕	カン
𨙗	バイ
𨙙	セン
𨙚	バイ:K マイ:G
𨙜	トク
𨙞	セン
𨙟	シン
𨙠	ソウ
𨙡	ヘン
𨙣	ヨウ
𨙤	アイ
𨙦	チュ チョウ
𨙧	イツ
𨙨	エン:K オン:G
𨙩	シュウ:K ジュウ:G
𨙫	ク:G コウ:K
𨙭	ツ:G ト:K
𨙮	ハン:K バン:G
𨙯	ソン
𨙰	サイ:K ザイ:G
𨙱	ウ
𨙲	ソン
𨙳	サ
𨙵	コウ:K ゴウ:G
𨙶	ハイ
𨙷	ショウ:G セイ:K
𨙸	キ:K ギ:G シ
𨙹	ショウ
𨙺	ジュウ ニュ
𨙻	ナ
𨙼	エイ
𨙽	キン:K ゴン:G
𨙾	キ
𨚂	コウ
𨚊	カ
𨚋	カ
𨚌	ジャ
𨚏	テイ
𨚑	キュウ
𨚒	ショウ
𨚓	ヒ フツ ブチ
𨚔	ヒョウ:G ホウ:K
𨚕	ヘン:K ベン:G
𨚖	シ
𨚗	ナ
𨚘	ビ:K ミ:G
𨚙	コウ:K ゴウ:G ヨウ
𨚚	ホウ
𨚛	コ
𨚠	カン
𨚢	セイ
𨚣	セイ
𨚥	ケキ
𨚧	カ
𨚨	コウ
𨚬	キュウ
𨚭	ヒ
𨚮	コウ
𨚯	ズ:G トウ:K
𨚰	ソウ
𨚱	ショウ:K ジョウ:G
𨚲	ソン:K ゾン:G
𨚳	コウ
𨚴	ジョ:K ニョ:G
𨚵	サイ
𨚶	デイ デン:K ニョウ ネン:G
𨚺	イク
𨚻	キ
𨚼	イク
𨚽	ネン
𨚾	セン
𨚿	サン
𨛁	ホウ
𨛃	シュウ
𨛄	シュウ
𨛆	キュウ
𨛇	ゼン
𨛈	セン
𨛉	ギ
𨛊	ギン
𨛋	リ
𨛌	ボウ:K モウ:G
𨛍	ショウ:G ソウ:K
𨛎	カン リ
𨛏	サ
𨛐	シュン
𨛑	キ
𨛒	ブ:G ホ:K
𨛓	ル:G ロウ:K
𨛔	フ:G フウ:K
𨛕	ユ:G ユウ:K
𨛖	カイ:K ケ:G
𨛙	ライ
𨛚	サイ
𨛛	カイ
𨛜	コウ
𨛞	コウ
𨛟	ホウ
𨛠	キャク:G ケキ:K
𨛡	ウン
𨛣	キン
𨛤	エ:G カイ:K
𨛥	フ:K ブ:G
𨛦	グン
𨛧	ヒ
𨛫	ライ:G レイ:K
𨛬	ハイ:K ヒ:K ビ:G ベ:G
𨛭	シャ ショ
𨛮	キョ:K コ:G
𨛯	ギ
𨛰	ショウ:G ソウ:K
𨛱	シュ:G シュウ:K
𨛳	シャク:G セキ:K
𨛴	コウ:K ゴウ:G
𨛵	ク:G コ:K
𨛶	シュウ:K ジュ:G ジュウ ニュ
𨛷	ト
𨛸	コ
𨛺	キ
𨛻	デイ デン
𨛿	シュウ
𨜀	ヨウ
𨜂	トウ
𨜃	ホウ
𨜅	キ
𨜆	コ
𨜈	シュウ
𨜋	コウ
𨜌	カン
𨜍	キョウ
𨜎	シュウ
𨜏	エイ:K ヨウ:G
𨜐	シ
𨜑	キョウ
𨜒	ケイ
𨜓	チョウ:G テイ:K
𨜔	オウ:G コウ:K
𨜕	コウ
𨜖	グ
𨜗	シュ:G ソウ:K
𨜘	オク
𨜙	ジュウ ニュ
𨜚	ユウ
𨜛	シュウ ソウ
𨜜	ショウ:G セイ:K
𨜟	テイ
𨜣	ケイ
𨜤	ホウ
𨜥	リ
𨜦	コウ
𨜧	ジュツ
𨜨	コウ
𨜪	ケキ
𨜮	ケイ
𨜯	ケキ
𨜰	コウ
𨜱	コウ:K ゴウ:G
𨜲	ユウ
𨜳	ズ:G トウ:K
𨜴	カイ コウ
𨜵	オン
𨜶	エキ:K ヤク:G
𨜷	ホウ:K ボウ:G
𨜸	コウ ゴ
𨜹	トウ
𨜺	オ オウ
𨜻	ケン:K ゲン:G
𨜼	リチ:G リツ:K
𨜽	イ
𨜾	ソウ
𨜿	シュチ:G シュツ:K
𨝀	エ:G ワイ:K
𨝁	シュン
𨝆	カ
𨝇	キョウ
𨝈	ギョ ショ
𨝉	サ
𨝊	ベイ ミョウ
𨝋	サイ:G セイ:K
𨝌	カン
𨝍	セン
𨝎	コウ
𨝏	リ
𨝐	シン
𨝑	カン
𨝓	ヒョウ
𨝔	チョウ
𨝕	カイ
𨝖	ライ:G レイ:K
𨝗	ショウ
𨝘	ク:G コ:K
𨝛	ズ:G ト:K
𨝜	ジュン
𨝝	カン
𨝞	コ
𨝟	レイ
𨝠	セイ
𨝢	ル:G ロウ:K
𨝣	ヒ
𨝤	ボウ
𨝥	ロウ
𨝦	トウ:K ドウ:G
𨝧	ロク
𨝨	サク
𨝩	サン
𨝪	ボウ
𨝫	キュウ:K コウ:G シュウ
𨝬	キョ
𨝭	フウ:K ブ:G
𨝮	シュ
𨝯	ズ:G トウ:K
𨝰	キョウ
𨝱	ショウ:K ジョウ:G
𨝲	コウ:K ゴウ:G
𨝳	シ
𨝴	オウ:G コウ:K
𨝵	サン:K セン:G
𨝶	シ
𨝷	リョウ
𨝸	タン:K ドン:G
𨞀	テイ
𨞁	リン
𨞂	カン
𨞃	レイ
𨞄	ユウ
𨞅	ビ
𨞉	ケン
𨞌	タク チョク
𨞎	レイ
𨞐	セイ
𨞑	オ オウ
𨞓	イク
𨞔	コウ:K ゴウ:G
𨞕	ショク:K ソク:G
𨞖	レイ
𨞗	クン:K グン:G
𨞘	キ
𨞙	キョ:K ゴ:G
𨞚	ベイ ボウ:K ミョウ:G
𨞛	カチ:G カツ:K
𨞠	コウ
𨞡	カイ
𨞣	ジュ
𨞦	キョ
𨞧	リン
𨞨	カイ コウ
𨞩	キャク
𨞪	シュウ:K ジュ:G チュウ
𨞫	ボウ:K モ:G
𨞮	シュウ
𨞯	ボウ
𨞰	キョウ
𨞱	トウ
𨞲	シン
𨞳	ギ
𨞵	ボウ
𨞶	キョウ
𨞷	サン
𨞹	ハン
𨞺	レイ
𨞻	フ
𨞼	バン:K ブン:K マン:G モン:G
𨞽	ライ レ
𨞾	キョウ:G コウ:K
𨞿	ロウ
𨟀	リ レイ
𨟂	シ:K ジ:G
𨟃	チョウ
𨟄	ハン:K ボン:G
𨟅	ハン
𨟌	シン
𨟍	カク
𨟎	ケイ
𨟏	イン ジン:K ニン:G リン
𨟐	トウ
𨟑	リャク:G レキ:K
𨟔	バン
𨟕	シ
𨟖	バ:K マ:G
𨟗	イ
𨟘	レイ
𨟙	エイ:K ヨウ:G
𨟚	ジョウ:K ニョウ:G
𨟛	ク
𨟜	タン
𨟞	ト
𨟟	レキ
𨟠	カク:K キャク:G
𨟢	シュウ
𨟣	タン
𨟤	フ
𨟥	ラ
𨟦	セン
𨟨	ガク
𨟪	ゼン
𨟫	リ
𨟬	タン
𨟮	レイ
𨟯	レイ
𨟰	シュツ
𨟲	タイ:K ダイ:G
𨟴	イン
𨟵	ヒ
𨟶	カ
𨟷	ハイ:K ヘ:G
𨟸	ブン:K モン:G
𨟹	イン エン カン:K コン:G
𨟺	ベン
𨟻	ショウ
𨟼	コウ
𨟽	シュウ:K ジュ:G
𨟾	シ
𨟿	コウ
𨠀	コ
𨠁	チン
𨠂	コ
𨠆	シュ
𨠇	シン
𨠈	コウ
𨠊	シュ
𨠋	ク:G コ:K
𨠌	ズ:G トウ:K
𨠍	タイ
𨠎	レイ
𨠏	テイ
𨠐	シ
𨠑	イ シ タ:K ダ:G
𨠒	ハン:K ホン:G
𨠔	ヒツ:K ビチ:G
𨠕	エイ
𨠖	ビョウ:G ホウ:K
𨠗	オウ
𨠘	ハク
𨠟	ホウ
𨠡	サン
𨠢	ハン
𨠤	シュ:G シュウ:K
𨠥	ガイ:K ゲ:G
𨠦	ギョウ:G コウ:K
𨠧	ジ
𨠬	コウ
𨠮	タ
𨠶	シ
𨠷	ソウ
𨠸	ギョウ ゲイ
𨠾	タイ
𨠿	ソウ
𨡂	キ
𨡃	キョウ
𨡄	ゲン
𨡋	ホウ
𨡌	ダイ ネ
𨡍	タン
𨡎	エン
𨡏	テン
𨡐	セイ
𨡑	チュ チュウ
𨡒	トウ:K ドウ:G
𨡓	ショウ
𨡔	ショウ
𨡕	ヘイ
𨡖	ウ
𨡘	セイ
𨡠	ショ
𨡡	コ
𨡢	イン
𨡣	エン
𨡤	ロウ
𨡩	ハツ
𨡪	イ
𨡫	ウン コン:K ゴン:G
𨡬	カイ
𨡭	ボ:K ボウ:K ム:G モ:G
𨡮	ス:G ソウ:K
𨡯	ダン:K ナン:G
𨡰	ショウ
𨡱	ク:G コ:K チン
𨡲	シュ:G シュウ:K
𨡳	イン
𨡴	ユ:G ユウ:K
𨡵	ボウ
𨡶	セイ
𨡷	コ
𨡸	セチ:G セツ:K
𨡻	シュ:G シュウ:K
𨢀	コウ
𨢁	ショク
𨢃	サ:K シャ:G
𨢅	サイ:K セ:G
𨢆	ソウ
𨢇	リュウ:K ル:G
𨢈	カン:K ガン:G
𨢉	ガイ:K ゲ:G
𨢊	ボウ:K モ:G
𨢋	コク:K ゴク:G
𨢌	リャク:G レキ:K
𨢍	シ
𨢎	ベキ
𨢏	セイ
𨢐	ホウ
𨢒	イ
𨢙	ヒ
𨢚	サ
𨢛	サ
𨢠	ボウ:K ム:G
𨢡	ヘイ ベイ
𨢢	ボ:K モ:G
𨢣	ク:G コウ:K
𨢥	バン
𨢦	サ:K サイ:K シャ:G セ:G
𨢨	ソウ
𨢩	ショウ
𨢪	ジョウ:G ソウ:K
𨢫	シュウ
𨢬	ト
𨢭	ソ
𨢮	チ
𨢯	デン:K ネン:G
𨢰	チ
𨢲	シュク
𨢵	サイ
𨢶	ホウ
𨢹	セイ
𨢺	ショ
𨢽	サン
𨢾	レイ
𨢿	タン
𨣀	リョウ
𨣁	セン
𨣂	キョウ:K ク:G
𨣃	ロウ
𨣄	カ:K ケ:G
𨣅	サイ:K セ:G
𨣆	ユ:G ユウ:K
𨣇	カン:K ケン:G
𨣋	サク
𨣍	シャ
𨣎	エン
𨣐	ショウ
𨣑	コウ
𨣓	ケイ
𨣔	シン
𨣕	タン
𨣖	レイ
𨣘	ボウ:K モ:G
𨣙	ヒョウ:G ホウ:K
𨣚	セン
𨣛	ショウ:K ジョウ:G
𨣜	サ
𨣝	カン
𨣠	エキ
𨣡	シュク
𨣢	スイ
𨣣	サ
𨣦	ショ:K ジョ:G ヨ
𨣧	ザイ:G セイ:K
𨣨	ラン
𨣩	サ:K ザ:G
𨣪	サン
𨣬	イ
𨣭	ス:G ソウ:K
𨣮	サ:K シャ:G
𨣯	ベキ:K ミャク:G
𨣰	レイ
𨣱	バツ:K ベツ:K マチ:G メチ:G
𨣲	サン
𨣳	シュン
𨣵	サン
𨣶	シュン
𨣷	レキ
𨣸	ラン
𨣹	ソウ
𨣺	ソ
𨣻	エン ゲン
𨣼	ソウ
𨣾	ベイ メイ
𨣿	ビ
𨤁	クン
𨤂	エイ:K ヨウ:G
𨤄	カン
𨤅	ケイ
𨤇	シュウ
𨤈	ソウ
𨤉	ジョウ
𨤊	ショウ
𨤌	タン
𨤍	レイ
𨤎	エン
𨤏	ハ
𨤑	ケン:K ゲン:G
𨤒	イ
𨤓	ケン
𨤕	オウ
𨤖	ケン
𨤗	ケン
𨤘	フン
𨤙	ケン
𨤚	フン
𨤝	フン
𨤡	コウ
𨤢	バイ:K マイ:G
𨤣	チョウ
𨤥	リョウ
𨤦	リョウ
𨤨	シュク
𨤩	チュ チョウ
𨤫	リ
𨤬	キン
𨤭	リ
𨤱	チツ
𨤴	ショウ
𨤷	ジュ チュウ
𨤹	シュウ
𨤺	リ
𨤽	ヘイ
𨤾	キン
𨤿	チュウ
𨥀	キン
𨥂	ケチ:G ケツ:K
𨥃	ハン
𨥄	キン
𨥇	シュウ
𨥊	ギツ
𨥋	チュウ
𨥌	シ
𨥍	キョウ
𨥎	ショウ
𨥏	フ
𨥐	キュウ
𨥑	コウ
𨥒	キン
𨥙	セイ
𨥞	ケン
𨥢	キョウ
𨥣	シン
𨥥	コウ
𨥦	ザイ:G セイ:K
𨥧	ハン:K バン:G
𨥨	ボウ
𨥩	ケン
𨥪	トウ
𨥫	リュウ
𨥳	セイ
𨥵	チン
𨥹	ホウ
𨥻	ケツ
𨦂	ライ
𨦃	タ
𨦄	ケン:K コン:G
𨦅	サツ
𨦆	ギン:K ゴン:G
𨦇	キョウ
𨦙	セイ
𨦜	ボウ
𨦝	ヘキ
𨦞	シュウ
𨦟	ホウ
𨦣	エイ
𨦬	セイ
𨦭	ロウ
𨦮	キュウ:K コウ:G
𨦯	エキ:K ヤク:G
𨦰	リュウ
𨦱	ソウ
𨦲	キョウ
𨦳	ダン:K ナン:G
𨦴	キョク
𨦵	ボウ:K モウ:G
𨦶	フ
𨦷	チョウ
𨦸	チン
𨦿	ケイ
𨧎	キョウ
𨧏	ギン
𨧓	チツ
𨧕	ベン
𨧖	ショウ
𨧗	ウ:G オ:K
𨧙	キョク
𨧦	ヒ
𨧧	タク チョク
𨧨	ゼイ テチ:G テツ:K ネ
𨧩	トウ
𨧪	ソウ
𨧫	シ
𨧬	セイ
𨧭	ショウ
𨧮	ビ
𨧯	シャ
𨧰	ソク
𨧱	クチ クツ
𨧲	ヨウ
𨧳	セイ
𨧵	チチ:G チツ:K
𨧶	キョウ
𨧿	エイ:K キョウ:G ギョウ ケイ:K ヨウ:G
𨨙	ア
𨨜	ジュ
𨨟	ス:G ソウ:K ボウ:K モ:G
𨨩	チュウ
𨨬	セイ
𨨭	キョウ:G コウ:K
𨨮	ビ
𨨯	シュ:G ソウ:K
𨨰	ゼン:K ネン:G
𨨲	ジ:G チ:K
𨨳	ソク:K ゾク:G
𨨴	キョウ
𨨵	ケイ
𨨶	ギョ:K ゴ:G
𨨷	トツ:K ドチ:G
𨨸	ボウ
𨨹	トウ
𨨺	サク
𨨻	ハツ
𨨼	ショウ
𨨽	サイ
𨨾	ショウ
𨩃	シュン
𨩐	ロウ
𨩠	ショウ
𨩥	ホウ
𨩧	カン
𨩬	イク
𨩯	バン
𨩵	ハン
𨩷	カ:K ゲ:G
𨩹	キョウ
𨩺	ボウ
𨪄	ギョウ:G ケイ:K
𨪅	ケン
𨪇	タン
𨪈	ガイ:K ゲ:G
𨪉	ダイ:G テイ:K
𨪊	ソウ
𨪋	ク:G コウ:K
𨪌	キ:K ギ:G
𨪍	サ
𨪎	イク
𨪏	シツ:K ジチ:G
𨪐	ズ:G トウ:K
𨪑	サン
𨪒	コウ
𨪔	ショウ
𨪖	キン
𨪗	テイ デ
𨪙	ショウ:G ソウ:K
𨪟	シュン:K ジュン:G
𨪶	イン
𨪷	カイ
𨪹	リ
𨪼	ツイ
𨪽	コウ
𨫍	エ:G エイ ケイ:K セイ ゼ
𨫏	レツ
𨫐	チツ
𨫑	カン
𨫒	ズ:G トウ:K ル:G ロウ:K
𨫓	テツ
𨫔	シ
𨫕	コウ
𨫘	ガク
𨫙	フク
𨫝	カン
𨫹	キン
𨫻	ツイ
𨫼	ゴウ
𨫽	カ
𨬁	レン
𨬃	ソウ
𨬄	バン
𨬍	タ:K タイ ダ:G デ
𨬏	レイ
𨬐	ガ ケツ
𨬑	レキ
𨬒	ラン
𨬓	エツ
𨬔	ゼン:K ネン:G
𨬖	サン シン セン:K ゼン:G
𨬗	シュ
𨬘	ヨウ
𨬙	テキ
𨬚	チ
𨬛	コウ
𨬝	シュウ チョウ ヘイ ベイ
𨬟	ク:G コ:K
𨬿	テチ:G テツ:K デチ
𨭁	ケツ
𨭂	ハク
𨭄	イ
𨭅	チュ
𨭇	ツイ
𨭎	キ
𨭓	テツ:K デチ:G
𨭕	トウ
𨭖	セン
𨭗	カク:K キャク:G ソウ
𨭘	ジョウ
𨭙	ケン
𨭚	ヒョウ
𨭛	ロウ
𨭜	バン:K マン:G
𨭝	サツ
𨭞	ラ
𨭼	リョウ
𨮀	ツイ
𨮃	トウ
𨮄	ヒョウ
𨮒	ボウ:K ム モウ:G
𨮓	ホク
𨮔	テン ヨ
𨮕	タク
𨮖	ヨ
𨮗	キョ
𨮚	チュウ
𨮫	ケイ
𨮯	テツ
𨮷	サク
𨮸	サク
𨮹	チャク:G テキ:K
𨮻	テン
𨮼	シン
𨮽	ゴウ
𨮾	シュ
𨮿	チャク
𨯁	ヒ
𨯒	セン ユ
𨯓	サイ サツ
𨯔	ライ
𨯝	タ
𨯞	キョウ:K ゴウ:G
𨯟	カク
𨯠	ボウ
𨯡	ジョウ
𨯢	トン
𨯣	ギョ
𨯲	トウ
𨯼	キョ
𨰅	オウ
𨰆	サク
𨰉	サツ:K セチ:G
𨰋	ライ
𨰌	コウ
𨰍	トウ
𨰎	テン:K デン:G
𨰏	トウ
𨰐	ヒョウ
𨰑	チョウ
𨰒	サク
𨰓	ケン
𨰜	シャク
𨰞	バ:K マ:G
𨰟	ヒ
𨰠	ラ
𨰤	シャク
𨰦	ホウ
𨰩	タイ
𨰭	サン
𨰮	タイ
𨰯	タイ
𨰲	カン
𨰳	シン
𨰵	シャ
𨰸	ユ
𨰻	ギョク ホウ
𨱗	チョウ
𨱘	チョウ
𨱙	コン
𨱚	タン
𨱛	ショウ
𨱜	キ:K ギ:G
𨱝	タン:K ダン:G ヨウ
𨱞	ボウ
𨱠	ショウ
𨱡	シ
𨱢	ボウ
𨱣	カイ
𨱤	コン
𨱥	ア アイ
𨱦	トウ
𨱧	ヨウ
𨱨	ボウ
𨱫	カン
𨱬	テン
𨱭	ショウ
𨱮	ジョウ:G チョウ:K
𨱯	ビュウ
𨱰	フツ
𨱱	ボ
𨱳	ハツ
𨱴	ロ
𨱵	トウ:K ドウ:G ノウ
𨱶	ド
𨱷	テツ
𨱸	ソウ
𨱺	ゲツ
𨱻	ショウ
𨱼	シン
𨱿	ショウ
𨲀	ゲチ:G ゲツ:K
𨲁	シ
𨲂	ジョウ
𨲃	ソウ
𨲄	シュン
𨲆	ショウ:G ソウ:K
𨲇	シュ:G ショウ:K
𨲈	チュチ:G チュツ:K
𨲉	タ:K ダ:G
𨲊	ガン
𨲋	イ
𨲌	ジョウ:G トウ:K
𨲎	テキ
𨲐	ヒ
𨲑	カ
𨲒	キュウ
𨲓	ショウ:G セイ:K
𨲔	ショウ
𨲕	タ
𨲗	トウ
𨲙	テイ
𨲚	セイ
𨲛	バン
𨲜	ヘン
𨲝	シ
𨲞	チャク:G テキ:K
𨲟	ユ:G ユウ:K
𨲠	サ:K シャ:G
𨲡	ケイ
𨲢	セイ
𨲥	ヘイ
𨲦	シ
𨲧	ス:G ソウ:K
𨲨	サン
𨲩	バン
𨲪	セキ
𨲫	ホウ
𨲬	ブ
𨲭	キョウ:K ギョウ:G
𨲮	ロウ
𨲯	ソウ
𨲰	ホウ
𨲱	サン
𨲲	リョウ
𨲳	ジョウ ニュ
𨲵	テン
𨲶	ゴウ
𨲸	ドウ:K ニョウ:G
𨲺	ヒン
𨲻	シャ
𨲼	ビ
𨲾	バン
𨲿	キ
𨳀	ジョウ:K ニョウ:G
𨳁	チュ チョウ
𨳂	サン:K ザン:G
𨳃	ジョウ
𨳄	サン
𨳅	チョウ
𨳉	カツ:K ケチ:G
𨳊	キュウ:K ク:G
𨳋	キ
𨳌	ジン:G チン:K
𨳐	チン
𨳑	チョウ:G テイ:K
𨳕	エツ
𨳖	シュク
𨳗	シュ:G ショウ:K
𨳘	トン:K ドン:G
𨳙	ズイ ニ
𨳚	カイ:K ガイ:G ケイ ゲイ フン
𨳛	キュウ:K コウ:G
𨳜	カイ
𨳝	ジュン
𨳞	ジュウ ドウ:K ニュ ノウ:G
𨳟	ビャク:G ヘキ:K
𨳠	ボウ:K モウ:G
𨳡	カン
𨳢	カン
𨳣	フン
𨳥	ヘキ
𨳯	ヘイ
𨳲	ヘイ ヘチ:G ヘツ:K ヘン:K ベン:G
𨳳	チュ
𨳵	ヒョウ:G ホウ:K
𨳶	ビン:K ミン:G
𨳷	イ
𨳸	テン:K デン:G
𨳹	カン
𨳺	テツ:K デチ:G
𨳻	ケイ
𨳼	カン:K ゴン:G
𨳽	キョク:K コク:G
𨳾	ユウ
𨳿	カン ケイ
𨴀	キョウ:G ケイ:K
𨴁	セン
𨴂	カイ
𨴆	カイ
𨴍	ボウ:K ム:G
𨴎	キョク
𨴏	ス:G ソウ:K
𨴐	シン
𨴑	キョウ:G キョク:K コウ:K コク:G
𨴒	ケチ:G ケツ:K
𨴓	キ:K ギ:G
𨴔	ヘキ
𨴕	サン:K セン:G
𨴖	シュク
𨴗	シチ:G シツ:K テチ:G テツ:K デチ
𨴘	ダン
𨴙	リン
𨴚	ジャク
𨴛	コウ
𨴝	セン
𨴞	ネン
𨴟	シュク
𨴠	シュク
𨴡	チョウ
𨴣	アン
𨴥	イ
𨴨	チク
𨴩	ズ:G ト:K
𨴪	フ:G ホ:K
𨴬	コク:K ゴク:G
𨴭	ユ:G ヨウ:K
𨴮	カン
𨴯	シ
𨴰	シュク
𨴱	ケチ:G ケツ:K
𨴳	シュク
𨴸	ケツ
𨴺	モン
𨴻	リ
𨴼	テイ
𨴾	カン
𨴿	カツ
𨵀	エン
𨵁	エン
𨵂	シ
𨵃	カツ
𨵅	ア
𨵆	ケイ
𨵈	ヒ
𨵉	ギョ:K ゴ:G タツ
𨵊	サツ セチ:G セツ:K ゼチ
𨵋	エ
𨵌	ア
𨵍	セン
𨵏	ガイ
𨵐	コ
𨵑	カイ
𨵒	ゴ
𨵓	ヘキ
𨵗	ケツ
𨵘	キ
𨵚	ケツ
𨵛	エイ
𨵜	キュウ
𨵞	ガイ
𨵟	フク
𨵠	カイ
𨵡	ヘキ
𨵤	キ:K ギ:G
𨵥	ショウ:G セイ:K
𨵦	ユ
𨵧	カイ:K ケ:G
𨵨	キョク
𨵩	ヒャク:G ヘキ:K
𨵪	ケツ:K ゲチ:G
𨵫	ジャク:K ニャク:G
𨵬	カン:K ゲン:G
𨵭	ケン:K ゲン:G ゴン
𨵮	クチ クツ
𨵰	ヘイ
𨵴	ダン
𨵵	コウ
𨵶	リョウ
𨵷	ショウ
𨵹	カイ
𨵼	キョウ
𨵿	エン カン:K ケン:G ワン
𨶀	トウ
𨶁	エン
𨶂	ア アイ
𨶃	タ
𨶄	リン
𨶅	キョウ
𨶆	ショウ:G ソウ:K
𨶇	ウ:G オ:K
𨶈	トウ:K ドウ:G
𨶉	セン
𨶊	シュン
𨶋	ケチ:G ケツ:K
𨶑	ゲキ
𨶖	カツ
𨶘	カイ
𨶙	ドウ
𨶚	カン
𨶜	ツ:G トウ:K
𨶝	ジュク
𨶞	カン
𨶟	キョウ
𨶠	ゲチ:G ゲツ:K
𨶡	ギン
𨶢	ギョ:K ゴ:G
𨶨	ソク
𨶬	カク
𨶭	ブン:K モン:G
𨶮	エチ:G エツ:K
𨶯	ゴク
𨶰	コウ シュ:G シュウ:K
𨶱	カ:K ケ:G
𨶲	ショウ
𨶳	キ:K ケ:G ケイ
𨶶	シャ
𨶹	カン
𨶺	ルイ
𨶼	ショウ
𨶽	ヨウ
𨶾	イン
𨷁	ギュウ グ
𨷂	ケツ
𨷃	スイ:K ズイ:G
𨷄	コウ
𨷅	テン
𨷆	ソウ
𨷇	オン
𨷎	ジュン
𨷐	オン
𨷒	フン
𨷓	セン:K ゼン:G
𨷔	クチ クツ
𨷕	イ
𨷘	ケイ
𨷙	ジュク
𨷤	カン
𨷥	ケツ
𨷦	リャク:G レキ:K
𨷩	トウ
𨷪	カイ
𨷫	セン
𨷬	ベイ
𨷮	カツ
𨷰	リョウ:G レイ:K
𨷱	ケン セン
𨷲	ヤク
𨷳	セン
𨷷	ブン
𨷸	セン
𨷻	ラン
𨷽	エン
𨷾	ダツ トウ
𨸏	フ
𨸐	ジョウ:K ニョウ:G
𨸑	キョウ:G コウ:K
𨸒	キ:K ギ:G
𨸓	チョウ
𨸔	キ ビ:K ミ:G
𨸖	グ:G コウ:K
𨸗	カン:K ガン:G
𨸘	ゲン
𨸙	ユウ
𨸚	キュウ
𨸛	カイ ギツ
𨸜	カイ
𨸝	シ
𨸞	ジ:G チ:K
𨸟	ク
𨸥	セイ
𨸩	フン
𨸪	リク
𨸫	ケン:K ゲン:G
𨸬	チン
𨸭	ハ
𨸮	エン
𨸯	ク:G コ:K
𨸰	エ:G キク コク ワイ:K
𨸱	テン ネン
𨸲	スイ
𨸳	タ
𨸺	オウ
𨸻	リン
𨸼	ヒ
𨹀	シ
𨹁	ク:G グ コウ:K
𨹂	コウ
𨹃	タ
𨹄	タ
𨹅	タイ デ
𨹆	ケン:K ゲン:G
𨹇	トウ
𨹈	ヨウ
𨹉	イン
𨹋	トウ
𨹌	ゼン:K ネン:G
𨹏	ダ
𨹓	コウ
𨹕	タ
𨹘	ジョ
𨹙	トン
𨹚	ジョウ:G セイ:K
𨹛	ボウ
𨹜	ツ:G トウ:K
𨹝	イウ オウ
𨹞	サン
𨹟	ロウ
𨹠	リュウ
𨹡	ショウ
𨹢	ケイ
𨹧	リョウ
𨹨	ゲン
𨹵	カン:K ケン:G
𨹶	セイ
𨹷	セイ
𨹸	ショウ
𨹹	ホウ:K ボウ:G
𨹺	フウ:K ブ:G
𨹻	テン
𨹼	ヘイ
𨹽	コウ
𨹾	サク:K シャク:G
𨹿	リュウ
𨺀	ホウ
𨺁	ク
𨺂	カン
𨺃	トウ
𨺄	ケイ
𨺅	スイ:K ズイ:G フウ:K ブ:G
𨺆	エン
𨺉	ザイ
𨺖	タ
𨺘	セン
𨺜	キ
𨺝	テツ
𨺟	チョウ:G テイ:K
𨺠	シュン:K ジュン:G
𨺡	ス:G ソウ:K
𨺢	フ:K フウ ブ:G
𨺣	タン
𨺤	ヒョク
𨺥	エン
𨺦	シュ:G ソウ:K
𨺧	シュウ:K ジュ:G
𨺨	ガク
𨺩	ケン
𨺪	スイ
𨺫	ケン
𨺬	カイ:K ケ:G
𨺭	ソウ
𨺮	シュン
𨺯	ワイ
𨺵	ツイ
𨺸	ボウ
𨺻	カン
𨺿	ショ
𨻀	ヒ ヘイ
𨻁	シキ:G ショク:K
𨻂	エン
𨻃	ヒ
𨻄	ゲツ
𨻅	シュン
𨻆	ジ:G チ:K
𨻇	トウ
𨻈	サ
𨻉	トウ
𨻊	エイ
𨻋	シュウ
𨻌	ライ レ
𨻍	シュチ:G シュツ:K
𨻏	エイ
𨻐	チ
𨻑	ウ
𨻒	イ
𨻓	バイ
𨻔	イン
𨻕	セイ
𨻖	チン
𨻗	チョウ
𨻘	ヘイ
𨻦	リュウ
𨻨	サ
𨻪	リョウ
𨻫	ロウ
𨻯	ガイ
𨻰	チン
𨻱	ホウ
𨻲	カ:K ケ:G コ:K ゴ:G
𨻳	エン
𨻴	サン
𨻵	サイ:K スイ セ:G タイ デ
𨻶	ゲキ
𨻷	コウ
𨻸	シュウ
𨻹	アイ
𨻺	キョウ:G ケイ:K
𨻻	ル:G ロウ:K
𨻼	ヒ:K ビ:G ヘイ
𨻽	シュウ
𨻾	ライ
𨻿	シュウ
𨼆	イン
𨼈	タン
𨼊	ブ:K ム:G
𨼋	キョ
𨼌	チン
𨼍	コウ:K ゴウ:G
𨼎	セチ:G セツ:K
𨼏	ジ:K ニ:G
𨼐	シン:K ジン:G
𨼑	ジ:G タ:K ダ:G チ:K
𨼒	セン デン:K ネン:G
𨼓	テキ
𨼔	シン:K ジン:G
𨼕	ズイ
𨼖	イン
𨼗	ヨウ
𨼘	ヨウ
𨼙	ギョウ
𨼥	カク
𨼦	スイ
𨼪	ショ:G ソ:K
𨼫	キョ:K ゴ:G
𨼬	カイ:K ゲ:G
𨼭	ケン:K ゴン:G
𨼮	サン:K セン:G
𨼯	コン
𨼰	キ
𨼱	エチ:G エツ:K ケツ
𨼲	イン:K オン:G
𨼽	キョ:K ゴ:G
𨼾	ツイ
𨼿	ボウ:K モ:G
𨽀	ヨウ
𨽁	ソウ
𨽂	ホク
𨽃	リン
𨽄	シ
𨽍	ズ:G トウ:K トク:K ドク:G
𨽎	ツイ
𨽏	カク
𨽐	リク:K ロク:G
𨽑	エン
𨽖	ジョウ:K ニョウ:G
𨽗	ヒン
𨽘	セイ
𨽙	イン
𨽝	アイ
𨽟	タイ
𨽠	タイ
𨽡	スイ
𨽥	シチ:G シツ:K チョク
𨽦	ジュウ:K ニュウ:G
𨽧	カン
𨽨	セン:K ゼン:G
𨽪	アイ
𨽫	リク
𨽬	ブ
𨽮	タイ
𨽯	カ
𨽰	リク
𨽲	リョウ:G レイ:K
𨽴	アイ
𨽵	スイ
𨽶	カク
𨽷	レン
𨽸	シ
𨽹	シ
𨽼	シ
𨽽	イ
𨽿	タイ:K ダイ:G
𨾀	レイ
𨾁	レイ
𨾂	イ
𨾃	タイ:K ダイ:G
𨾅	シ
𨾆	チョウ
𨾇	ホク
𨾈	シ
𨾉	キュウ:K ク:G
𨾊	コウ
𨾋	シ
𨾌	ウ
𨾍	ヨク
𨾏	セキ
𨾑	ホウ
𨾒	コウ:K ゴウ:G
𨾓	カ
𨾔	ホウ
𨾕	ケツ
𨾖	セイ
𨾗	キ
𨾘	オウ
𨾙	ホウ
𨾚	キ フ
𨾛	キ:K ギ:G シ
𨾜	シュウ
𨾝	フ
𨾡	オウ:G コウ:K スイ
𨾢	コウ
𨾣	ボク
𨾤	テツ
𨾥	ボウ
𨾦	シ
𨾧	ビン
𨾨	トウ
𨾩	ハツ
𨾪	フ
𨾫	リ
𨾮	シュン
𨾯	ジョ:K ニョ:G
𨾰	キン
𨾱	シ
𨾲	チュ
𨾳	ヨク
𨾴	ケイ
𨾵	ジョ
𨾶	アン
𨾷	セン
𨾸	レツ
𨾹	キュウ
𨾺	オ
𨾻	スイ
𨾼	ギ
𨾽	シ
𨾾	チョウ
𨾿	ジ
𨿀	キク キュウ
𨿁	ヤク
𨿂	ジン:K ニン:G
𨿃	ジン
𨿆	ガイ
𨿇	シ セン
𨿈	シュウ
𨿉	スウ
𨿋	ケイ
𨿌	ホ
𨿍	ガ
𨿎	ゲキ
𨿏	ブ
𨿐	スイ
𨿑	カン
𨿒	エキ
𨿓	シュン
𨿔	ケン
𨿕	キ
𨿖	トク
𨿗	キョウ
𨿘	チ
𨿙	ボウ:K モウ:G
𨿚	フウ
𨿛	チ
𨿞	シュウ
𨿠	スイ:K ズイ:G
𨿡	シュン:K ジュン:G
𨿢	ツ:G トウ:K
𨿣	キ
𨿤	ヤ
𨿥	キク
𨿦	ホウ
𨿧	タク
𨿨	カン
𨿩	セイ
𨿪	コン
𨿫	キ
𨿬	セイ
𨿭	イ:K ユイ:G
𨿮	ズ:G ツ ト:K
𨿯	ライ:G レイ:K
𨿱	ケン
𨿲	リク
𨿳	ヨウ
𨿴	シ
𨿵	ヒ
𨿶	コウ
𨿸	ケ:G ケイ:K
𨿹	ビン
𨿻	ガン
𨿽	スイ
𨿿	シュ:K ショウ:G ス:G ソウ:K
𩀀	エン
𩀁	キ
𩀂	アン
𩀃	ビン
𩀄	ヨウ
𩀅	トン
𩀆	トツ
𩀇	ガク
𩀈	ケン
𩀉	コ
𩀊	カイ
𩀋	ジュン:K ゼン:K ニン:G ネン:G
𩀌	リ
𩀍	グ
𩀎	ケキ
𩀏	ナン
𩀐	チュン
𩀑	ヨク
𩀔	ビン
𩀕	シュウ
𩀗	テイ
𩀘	ヨウ
𩀙	ナン
𩀚	トウ
𩀛	トウ
𩀜	チョウ
𩀝	ソウ
𩀞	ソウ
𩀟	セン
𩀠	コク
𩀡	ナン
𩀣	イ
𩀤	ナン
𩀥	サク
𩀦	シュウ
𩀧	サン
𩀨	ショウ:K ジュ:G
𩀩	キュウ
𩀪	バ:K メ:G
𩀫	オ オウ
𩀬	ヨウ
𩀭	シン
𩀮	ル
𩀯	ショウ
𩀰	ショウ
𩀱	ソウ
𩀲	サン
𩀴	フン
𩀵	カ
𩀶	イ ケ:G ケイ:K
𩀷	ハン
𩀸	ドウ
𩀹	コウ
𩀺	バイ
𩀻	シュウ
𩀼	サン
𩀽	イン
𩀾	ケツ
𩀿	シン
𩁀	シン
𩁂	カン
𩁃	ジュン
𩁄	リ
𩁅	スイ
𩁆	シャク
𩁇	タク
𩁈	イ
𩁉	セン
𩁊	ヘキ
𩁋	キョ
𩁌	イ スイ
𩁍	ショク
𩁎	レイ
𩁏	タン
𩁐	ロ
𩁒	ヨウ
𩁓	ガク
𩁔	デイ
𩁕	ヨ
𩁖	ビ
𩁗	ラク
𩁘	ナン
𩁛	シュン
𩁜	ルイ
𩁝	ベツ
𩁞	サイ
𩁟	ライ:G リ レイ:K
𩁠	ホク
𩁡	コク
𩁢	ナン
𩁣	ナン
𩁤	ナン
𩁧	カン
𩁨	ロ
𩁩	ナン
𩁪	ナン
𩁫	ケン
𩁬	ナン
𩁯	ワク
𩁲	ナン
𩁳	ナン
𩁴	ウン
𩁵	エン
𩁷	チョウ:G トウ:K
𩁹	ウ
𩁺	サン
𩁻	リョウ:G レイ:K
𩁼	ウ
𩂂	コチ:G コツ:K
𩂃	サイ:K セ:G
𩂄	トン:K ドン:G
𩂅	サン:K セン:G
𩂆	フ:K フウ ブ:G
𩂇	イン
𩂈	シン
𩂉	ジュ
𩂍	セン
𩂎	フ
𩂒	ア アイ エイ
𩂓	ツ:G トウ:K
𩂔	フツ ブチ
𩂕	フチ フツ
𩂖	サク:K シャク:G
𩂗	ホチ ホツ
𩂘	コウ
𩂞	ホウ
𩂡	ワ
𩂢	ガイ ギン:K ゴン:G シン:K ジン:G
𩂣	ラク
𩂤	エ:G カイ:K
𩂥	イン
𩂦	ヒョウ:G ホウ:K
𩂧	ウ
𩂨	サク:K シャク:G
𩂩	ライ
𩂪	セツ
𩂫	ショ
𩂬	デン
𩂳	レイ
𩂵	デン
𩂸	チン
𩂹	エキ:K ヤク:G
𩂺	サク:K シャク:G
𩂻	チョウ
𩂼	キョウ:G コウ:K
𩂽	ル:G ロウ:K
𩂾	ビョウ:G ヘイ:K
𩂿	ギン:K ゴン:G
𩃀	エン
𩃁	ボツ:K モチ:G
𩃂	セン
𩃃	スイ
𩃋	セイ
𩃌	トン
𩃐	ギ
𩃑	サク:K シャク:G
𩃒	タ
𩃓	デン
𩃔	サン:K セン:G
𩃕	ジョウ:G ソウ:K
𩃖	ショウ
𩃗	アン エン:K オン:G
𩃘	タン:K ダン:G
𩃙	コウ
𩃚	ケン:K ゲン:G
𩃛	イン
𩃜	ロウ
𩃝	セン
𩃞	レイ
𩃟	セイ
𩃠	タイ:K ダイ:G
𩃡	ソウ デン
𩃬	イン
𩃯	ウ
𩃴	ハ:K ヘ:G
𩃵	ゼン:K ネン:G
𩃶	ハツ:K バチ:G
𩃷	タイ:K ダイ:G
𩃸	ヒ
𩃹	ソウ トウ
𩃺	コウ ゴ
𩃻	バイ
𩃼	フン
𩃿	デン
𩄀	レイ
𩄁	キ
𩄄	セイ
𩄆	セイ
𩄉	ハク
𩄊	レイ
𩄕	タン:K ダン:G
𩄖	ボウ:K モ:G
𩄗	カ:K ゲ:G
𩄘	オ オウ
𩄙	カン:K ゴン:G
𩄚	シ:K ジ:G
𩄛	ジン:G チン:K
𩄜	サク
𩄝	サ:K ザ:G
𩄞	リャク:G レキ:K
𩄟	ガイ
𩄠	テン
𩄡	ラン レン
𩄢	ク:G コウ:K
𩄣	ライ
𩄤	ハ
𩄥	ライ
𩄦	フウ:K ブ:G
𩄧	セン
𩄪	エイ
𩄫	テイ
𩄭	ゴ
𩄮	タイ
𩄷	ヒョウ:G ホウ:K
𩄸	カク
𩄺	ル:G ロウ:K
𩄻	バク:K マク:G
𩄼	ヒ
𩄽	ル
𩄾	サク:K シャク:G
𩄿	ホツ:K ボチ:G
𩅀	チュウ チョウ テン
𩅁	ボウ:K モウ:G
𩅂	セン:K ゼン:G タン:K ダン:G
𩅃	ソウ:K ゾウ:G
𩅄	ロク
𩅅	ホウ
𩅆	タイ
𩅇	ブ
𩅉	シュ:G シュウ:K
𩅌	チン
𩅎	デン
𩅏	デン
𩅐	リュウ
𩅒	ハク
𩅓	カク
𩅖	ケイ
𩅝	アン
𩅞	ショウ チュウ
𩅟	ハク
𩅠	ダン:K ナン:G
𩅡	タ:K ダ:G
𩅢	カク
𩅣	タイ
𩅤	セン
𩅥	タイ
𩅦	ワン
𩅨	シン:K ジン:G
𩅩	レキ
𩅪	ソウ
𩅫	タイ
𩅯	コウ
𩅱	テン
𩅲	タイ
𩅴	コン
𩅶	レイ
𩅷	タン
𩅸	リュウ
𩅼	サン:K ザン セン:G レン
𩅽	ジョウ ドウ:K ニュ ヌ:G
𩅾	タン
𩅿	ハク
𩆀	カク
𩆁	エ:G カイ:K ワイ
𩆂	シ
𩆃	シ
𩆄	ユ:G ヨウ:K
𩆅	ソウ
𩆆	コン ジョウ:G テイ:K
𩆇	レイ
𩆈	レイ
𩆉	シン
𩆑	サン
𩆒	リョウ:G レイ:K
𩆓	バン:K マン:G
𩆔	テン
𩆕	リョウ:G レイ:K
𩆖	レイ
𩆗	ハク
𩆘	ホウ
𩆚	リョウ:G レイ:K
𩆜	リョウ:G レイ:K
𩆟	ドウ
𩆣	フ
𩆤	サン
𩆥	セン
𩆫	セン
𩆭	シュウ
𩆮	リョウ:G レイ:K
𩆯	サン:K セン:G
𩆰	タイ
𩆱	ヒン
𩆲	バイ
𩆵	サ シ セン
𩆶	ジョウ:K ドウ:K ニョウ:G ノウ:G
𩆷	サン:K セン:G
𩆸	ジョク タク
𩆹	イン
𩆺	キ
𩆽	ボウ:K ム:G
𩆿	ソウ
𩇀	ドウ
𩇁	バイ:K マイ:G
𩇂	イン
𩇄	レイ
𩇇	コン
𩇈	ソウ
𩇊	カク
𩇋	シュウ
𩇌	ハク
𩇎	レイ
𩇑	カク
𩇒	シン
𩇓	ライ
𩇔	ドウ
𩇕	ジョウ:G セイ:K
𩇖	ケイ セイ
𩇗	テン
𩇛	セイ
𩇜	チョウ:G テイ:K トウ
𩇝	ショウ:G セイ:K
𩇞	テン
𩇟	シン
𩇠	オウ
𩇣	シチ:G シツ:K
𩇦	ボウ
𩇧	ボウ
𩇨	ボウ
𩇩	ハイ:K ベ:G
𩇪	ヒ:K ビ:G
𩇫	ヒ
𩇭	ヒ
𩇮	ヒ
𩇯	ヒ:K ビ:G
𩇰	シツ
𩇱	シ
𩇴	フン ホウ
𩇵	ク
𩇶	ガ
𩇸	コク
𩇺	ソウ
𩇻	ケイ
𩇽	ヒ
𩇿	キョウ
𩈀	ハン
𩈁	タイ
𩈃	タイ
𩈄	ジク
𩈅	カン
𩈆	ハ:K ヘ:G
𩈇	ジク:K ニク:G
𩈈	ホウ
𩈉	タン:K トン:G
𩈊	タン
𩈋	ガイ
𩈌	タン
𩈍	テン
𩈎	ショウ:G ソウ:K
𩈏	ウ:G オウ:K ユウ:K ヨウ:G
𩈐	バイ:K メ:G
𩈑	ダン
𩈔	ハ
𩈖	カン
𩈗	バク
𩈙	カツ:K ガチ:G
𩈚	ヒョウ:G ヘイ ホウ:K
𩈛	イク
𩈜	タイ:K テ:G
𩈝	ダン
𩈞	トウ
𩈟	シュウ
𩈡	キョウ:G ケイ:K
𩈢	デキ
𩈣	カン:K コン:G
𩈤	シュク
𩈥	サ:K セ:G
𩈦	バン:K マン:G
𩈨	フ
𩈬	ワン
𩈭	ギ
𩈮	ジョウ:G チョウ:K
𩈯	アン
𩈱	ワツ
𩈲	サン
𩈴	アン:K オン:G
𩈵	ラン
𩈶	ダン:K ナン:G
𩈷	アン
𩈸	キュウ:K ク:G
𩈹	ベン:K メン:G
𩈺	ダ
𩈻	サン:K ザン:G
𩈼	サン
𩈽	ジュツ チツ
𩈿	アン
𩉀	ラン
𩉁	テン
𩉂	ヨウ
𩉃	ショウ:G セイ:K セン タン:K ダン:G
𩉄	デン:K ネン:G
𩉆	ザ
𩉇	ヨウ
𩉈	ショウ
𩉉	コウ
𩉊	テン
𩉋	ジ
𩉌	バ
𩉍	セン
𩉏	ギ
𩉐	カン
𩉑	バ
𩉔	セン
𩉕	カク
𩉖	カイ
𩉙	ラ
𩉚	バ
𩉜	コウ
𩉝	キ
𩉞	ウ
𩉟	コツ
𩉡	カツ:K ケチ:G
𩉢	キャク:G キン ケキ:K
𩉣	ベン
𩉤	コウ
𩉥	ケン:K ゲン:G
𩉦	コウ
𩉧	フ:G ホウ:K
𩉨	コ
𩉩	コ
𩉪	ジョウ
𩉫	ヒ:K ヒツ:K ビ:G ビチ:G
𩉬	キ:K ギ:G シ:K ジ:G
𩉯	ゲン
𩉰	ゴウ
𩉲	コ
𩉳	コウ
𩉵	フン
𩉶	テイ
𩉸	キョ:K ゴ:G
𩉹	デイ:K ナイ:G
𩉺	タ:K ダ:G
𩉻	タ
𩉼	シン
𩉽	フツ ブチ
𩉾	コウ:K ゴウ:G
𩉿	ク:K グ:G
𩊀	ハク:K ビャク:G
𩊁	エン:K オン:G
𩊂	リョウ:G レイ:K
𩊃	バツ:K マチ:G
𩊄	チュウ
𩊅	ホウ
𩊇	ギョク
𩊈	ケイ
𩊉	コ
𩊋	ホウ
𩊍	バク:K ミャク:G
𩊏	カ
𩊐	ジョウ
𩊑	ヨウ
𩊒	エイ
𩊓	カ カイ:K ク:G ケ:G コ:K
𩊔	キョウ:G コウ:K
𩊖	ヒョウ:G ヘイ:K
𩊗	トウ
𩊙	ヒ:K ビ:G フク:K ブク:G
𩊚	ラク
𩊛	キ
𩊜	タ:K ダ:G
𩊝	シ
𩊞	シ
𩊟	オウ:K ヨウ:G
𩊡	ジン
𩊢	ヤク
𩊣	シュ
𩊤	バツ
𩊥	シュウ
𩊦	シュ
𩊧	オウ
𩊨	ジン
𩊩	ホウ
𩊪	ズ:G トウ:K
𩊫	デン:K ネン:G
𩊬	ブ:G ホ:K
𩊭	タイ デ
𩊮	サ:K シャ:G
𩊯	サク:K シャク:G
𩊰	ヘイ ベイ
𩊲	トウ
𩊳	キョウ
𩊴	シ
𩊵	テツ
𩊶	ホ
𩊷	コン
𩊹	トウ
𩊺	カク
𩊻	シュン
𩊿	セキ
𩋀	サイ シ
𩋁	テチ:G テツ:K
𩋂	ハイ:K ベ:G
𩋃	トウ:K ドウ:G ヨウ
𩋄	シュ:G シュウ:K
𩋅	タツ
𩋆	カン:K ケン:G
𩋇	ヘチ:G ヘツ:K
𩋈	ドウ:K ノウ:G
𩋉	イキ:G イク キョク ヨク:K
𩋊	オウ:K ヨウ:G
𩋋	セン
𩋌	エキ:K ヤク:G
𩋍	ショウ
𩋎	クツ
𩋏	ジョウ:K ニョウ:G
𩋐	サン
𩋑	チョウ
𩋒	ヒョウ
𩋓	シュウ
𩋔	カイ
𩋗	カ
𩋙	チョウ
𩋛	エイ
𩋜	キョ
𩋝	サ
𩋞	ショウ
𩋟	フウ フク
𩋠	ベン:K メン:G
𩋡	シチ:G シツ:K
𩋢	カン:K ケン:G
𩋣	ダイ:G テイ:K
𩋤	イチ:G イツ:K
𩋥	カ
𩋦	タン
𩋧	カイ:K ガイ:G
𩋨	フク
𩋩	ジ:G チ:K
𩋪	デイ:K ナイ:G
𩋫	ケン
𩋬	ヨウ
𩋭	バン
𩋮	フ:G ホウ:K
𩋯	ス:G ソウ:K
𩋰	チュウ
𩋱	ケン
𩋲	ホウ
𩋵	チョ
𩋸	コウ
𩋹	コウ
𩋺	コウ
𩋼	ボク
𩋽	ガク ギャク
𩋾	イ
𩋿	ビ
𩌀	コ
𩌃	エ:G カイ:K キ:K ギ:G
𩌄	シュ:G シュウ:K
𩌅	シュ:G ソウ:K
𩌆	サ
𩌇	トウ
𩌈	サク
𩌉	タツ
𩌊	カク
𩌋	ヨウ
𩌌	ク:G コウ:K
𩌍	コウ
𩌎	ヒ
𩌏	ハク フウ ブ:G ホウ:K
𩌐	トウ
𩌑	エン:K オン:G
𩌒	カク
𩌓	チョウ
𩌚	キョウ
𩌛	ヘイ
𩌝	ツイ
𩌠	キョウ
𩌡	ヤク
𩌢	サ
𩌦	サイ:K シ セ:G
𩌧	バク:K マク:G
𩌨	ショウ:K ジュ:G
𩌩	サイ:K セ:G
𩌪	サク:K シャク:G
𩌫	ロク
𩌬	ショウ
𩌭	ラク
𩌮	サク:K ザク:G ショク:K ソク:G
𩌯	ケン
𩌰	サン:K セン:G
𩌱	ソウ
𩌳	シ
𩌶	キン
𩌹	ケン
𩌺	ケン
𩌻	ベン
𩌾	キョウ
𩌿	トウ
𩍀	サ
𩍁	フク
𩍂	ホウ
𩍃	バイ:K メ:G
𩍄	ドウ
𩍅	ズ:G トウ:K
𩍆	セキ
𩍇	カ
𩍉	ジョウ
𩍊	ジョウ
𩍋	ジョウ
𩍎	ケン
𩍏	フ
𩍑	サン
𩍓	ユ:G ヨウ:K
𩍔	キク
𩍕	セツ タツ タン
𩍖	オキ ヨク
𩍗	ホウ
𩍘	ヒ
𩍙	ショク
𩍚	スイ
𩍛	カツ
𩍜	タク:K ダク:G
𩍝	カイ:K ゲ:G
𩍞	クツ
𩍟	イン
𩍤	タク ドク
𩍥	ジュ ニュ
𩍦	デイ:K ナイ:G
𩍧	シュ:G シュウ:K
𩍨	キ
𩍩	ヒョク ホク
𩍪	ラク
𩍫	イン
𩍮	ジョウ
𩍱	イン
𩍲	シ
𩍴	サン
𩍵	チ
𩍷	ケツ
𩍸	キク
𩍹	ウン オン カン:K ケン:G
𩍻	エン
𩍾	キ
𩍿	ハク:K バク:G ブ:G ホ ホウ:K
𩎀	ケン
𩎁	カ
𩎄	セン
𩎅	ケン
𩎇	ショク
𩎈	サン
𩎉	サイ シ リ
𩎊	ラ
𩎋	イン
𩎌	ケン
𩎍	ケン
𩎎	カク
𩎏	カク
𩎑	サン
𩎒	カン
𩎓	ヒ
𩎔	キョウ:G ギョウ コウ:K
𩎕	シュウ ソウ
𩎗	クン フン
𩎘	ホウ
𩎙	エツ:K オチ:G
𩎚	ジャク:G タク:K
𩎛	フツ
𩎜	ハイ
𩎝	エン
𩎟	キ バイ:K メ:G
𩎡	フツ ブチ
𩎤	コン
𩎥	ケイ
𩎦	キョウ:G コウ:K
𩎧	ヒ:K ビ:G フク:K ブク:G
𩎨	カ ケン
𩎩	イ
𩎪	イン
𩎫	タ
𩎬	コウ
𩎭	エキ
𩎮	イ
𩎯	イ
𩎰	セイ
𩎱	キョウ
𩎲	カツ
𩎳	ケン
𩎵	イ
𩎷	エキ
𩎸	カン ケン:K ゲン:G
𩎹	イキ:G ヨク:K
𩎺	エン:K オン:G
𩎻	ハイ:K ベ:G
𩎼	タ:K ダ:G
𩎽	トウ ハイ:K ベ:G
𩎾	ビョウ:G ホウ:K
𩏁	ショウ
𩏃	ヒ
𩏅	ケン
𩏆	ケン
𩏇	タン:K ダン:G
𩏈	ゼン:K ネン:G
𩏊	キョク コキ
𩏋	トウ
𩏎	コウ
𩏐	イ キ
𩏑	カン
𩏒	トウ
𩏓	カツ:K ゲチ:G
𩏔	ヨウ
𩏕	フク
𩏖	コン
𩏗	ケン
𩏘	サイ:K セ:G
𩏙	ジョウ:G ソウ:K
𩏚	スイ:K ズイ:G
𩏞	ハイ
𩏟	ヨク
𩏠	チョウ:G トウ:K
𩏡	エ:G カイ:K キ:K ギ:G
𩏢	シュウ
𩏣	キ
𩏤	コウ
𩏥	タン
𩏦	ハイ
𩏧	イ
𩏨	ユ:G ヨウ:K
𩏩	ケン:K コン:G
𩏪	ジャク:G タク:K
𩏫	ショク
𩏬	イ
𩏭	カ
𩏮	ホ
𩏯	ハク
𩏰	ケン
𩏱	キ
𩏲	スイ:K ズイ:G
𩏴	ウチ:G ウツ:K
𩏵	フ:G ブ ホ:K
𩏶	シュ:G シュウ:K ショウ:K ジュ:G
𩏸	シュウ
𩏹	カン:K ケン:G
𩏺	カク:K キャク:G
𩏻	コウ
𩐁	キュウ:K ク:G
𩐄	キ
𩐅	ソウ
𩐇	セイ
𩐊	セイ
𩐋	セイ
𩐌	タイ デ
𩐍	ジ
𩐏	ハン
𩐓	セイ
𩐔	コウ
𩐕	タイ デ
𩐖	キ
𩐘	ガン:K ゲン:G
𩐙	キン
𩐚	フチ フツ
𩐛	ホウ ボ
𩐜	ホウ
𩐞	イン:K オン:G
𩐟	ハク
𩐠	ク:G コウ:K
𩐡	シュク
𩐢	キョウ
𩐣	コウ
𩐤	トウ
𩐥	カイ
𩐦	ヤク
𩐧	アン:K オン:G
𩐨	ホウ
𩐫	ソク
𩐭	ジョウ:K ニョウ:G
𩐮	コウ
𩐰	オク
𩐱	ヨウ
𩐲	ボウ
𩐴	テイ
𩐵	ズ:G トウ:K
𩐶	ショウ
𩐷	ソウ
𩐹	トウ
𩐺	コウ
𩐻	バク
𩐾	ロク
𩐿	キョウ
𩑀	ハク
𩑁	ギ
𩑂	ジョク タク
𩑃	ギョウ:G ゴウ:K
𩑇	キョウ:G コウ:K
𩑈	コウ
𩑉	ジン
𩑊	リョウ:G レイ:K
𩑋	ケツ
𩑌	ユウ
𩑍	ギョウ
𩑐	サ:K サイ:K シャ:G セ:G
𩑑	ヨウ
𩑒	タク:K ダク:G チャク トク:K ドク:G
𩑓	グ:G コウ:K
𩑔	カイ:K ケ:G ケツ コチ:G コツ:K コン
𩑕	ク
𩑖	カン:K ガン:G
𩑘	シン
𩑙	テイ
𩑚	ホ ホウ ライ レ
𩑛	ハツ
𩑝	ゴウ
𩑞	ゼン
𩑟	カン:K コン:G
𩑡	コツ コン
𩑢	ハイ:K バイ ベ:G
𩑣	ウ:G ユウ:K
𩑤	ゴウ
𩑥	ボン
𩑦	オチ:G オツ:K ボツ:K モチ:G
𩑧	ウ
𩑨	コツ
𩑩	ライ
𩑪	イ
𩑬	キ ブ
𩑮	ロウ
𩑯	トウ
𩑰	タン
𩑱	ハツ
𩑲	ウ:G ユウ:K
𩑳	ケン
𩑴	オウ:K ヨウ:G
𩑵	ビ:K ミ:G
𩑶	コ:K ゴ:G
𩑷	バツ:K マチ:G
𩑸	カ タ:K ダ:G
𩑹	ケン:K ゲン:G
𩑺	ザン ゼン:K ナン ネン:G
𩑻	ヒョク ビキ
𩑼	ハ
𩑽	シ
𩑾	タイ:G テイ:K
𩒂	シ
𩒃	カン:K コン:G
𩒄	サク:K シャク:G
𩒆	テイ
𩒇	シュ
𩒈	シン
𩒉	シン
𩒊	シュ
𩒌	カイ
𩒏	カイ:K ケ:G
𩒐	シ
𩒑	キョウ
𩒒	コ
𩒓	ク:G コウ:K
𩒔	ドウ:K ヌ:G
𩒕	ガク ゲチ:G ゲツ:K ハク
𩒖	ゲン
𩒗	トウ
𩒘	シュ:G ショウ:K
𩒙	フ
𩒚	アツ
𩒛	セキ
𩒜	タ
𩒝	コン
𩒞	チョウ:G テイ:K
𩒢	ショ
𩒤	ケイ
𩒦	シン
𩒧	シュ
𩒪	シン
𩒫	イ
𩒭	シュ
𩒮	キュウ:K グ:G
𩒯	カン:K キン:K ケン:G コン:G シン:K ジン:G
𩒰	ガ
𩒱	コン
𩒲	カツ タツ
𩒳	カイ:K ケ:G バイ:K メ:G
𩒴	グ:G コウ:K
𩒵	ケイ
𩒷	シャ
𩒸	シン
𩒹	ゼン
𩒺	フ:K ブ:G
𩒻	ギン:K ゴン:G
𩒼	ク:G コウ:K
𩒽	キ:K ケ:G
𩒾	ゴ
𩒿	ボウ:K モウ:G
𩓀	サ:K セ:G
𩓁	ゴウ
𩓂	タイ:G テイ:K
𩓃	ライ
𩓄	ヒ:K ビ:G フ:G ホウ:K
𩓅	コウ
𩓆	ガク
𩓑	ヒ
𩓓	コン
𩓔	オツ
𩓕	ライ
𩓖	フ
𩓘	カク
𩓙	エイ:K ヨウ:G
𩓝	ヘツ:K ベチ:G
𩓞	ジョウ:G セイ:K
𩓟	カン:K コン:G
𩓠	キ スイ
𩓡	キ スイ
𩓢	コウ
𩓣	シュ
𩓤	ガン
𩓥	ガク
𩓦	グチ グツ
𩓧	ギ
𩓨	ショウ:G セイ:K
𩓪	ドウ:K ヌ:G ロク
𩓫	ケン:K ゲン:G
𩓬	タイ:K テ:G
𩓭	ヒ
𩓮	シ:K ジ:G
𩓯	ヒン
𩓸	キ
𩓺	ケイ
𩓻	カク
𩓼	セツ
𩓽	コン
𩓾	ゼン
𩔀	ガイ:K ゲ:G
𩔁	カイ:K ケ:G
𩔂	トン:K ドン:G
𩔃	エン:K オン:G ガン:K ゲン:G
𩔄	ケチ:G ケツ:K
𩔅	ヘイ
𩔆	キ:K ギ:G
𩔇	ロウ
𩔈	ハク
𩔉	コン ビン:K ボン:K ミン:G モン:G
𩔊	サン:K セン:G ソン
𩔋	コウ:K ゴウ:G
𩔌	ヒ
𩔒	カイ
𩔔	ギョウ
𩔕	ユウ
𩔘	ゴウ
𩔙	ヘイ
𩔚	オ オウ
𩔛	セン
𩔜	ショウ ヨウ
𩔝	キン:K コン:G
𩔞	カン:K ゴン:G
𩔟	キン:K コン:G
𩔠	ベツ:K メチ:G
𩔡	ツ:G トウ:K
𩔢	ベイ メイ
𩔣	セン
𩔤	ヒン
𩔥	ケイ
𩔦	イ
𩔮	ハン
𩔯	キョウ
𩔰	ケン
𩔳	サク:K シャク:G
𩔴	キョク:K コク:G
𩔵	ラン
𩔶	バ:K メ:G
𩔷	バ
𩔸	オ オウ
𩔹	ヒ
𩔺	ロ
𩔻	フ ブ:G ホウ:K
𩔼	コク
𩔽	イ
𩔾	ヘイ
𩕀	ゴウ
𩕂	ユウ
𩕅	キン
𩕈	ハン
𩕉	ク:G コウ:K
𩕊	セン
𩕋	デイ
𩕌	シン
𩕍	コウ:K ゴウ:G
𩕎	リ
𩕏	ハ:K ハン:K バ:G ボン:G
𩕐	リョウ
𩕒	ハン
𩕓	ヨ
𩕔	リン
𩕕	ガイ:K ゲ:G
𩕖	ショウ:G セイ:K セン:K ゼン:G
𩕘	ヒン
𩕜	キ
𩕝	ガン
𩕞	サン
𩕟	ゴウ
𩕠	カン:K ゴン:G
𩕡	シキ:G ショク:K
𩕢	テイ
𩕣	ゴウ
𩕤	タン:K トン:G
𩕦	ガク
𩕩	テイ
𩕪	ケン
𩕫	ボウ
𩕭	カイ
𩕮	ガン
𩕯	トウ:K ドウ:G
𩕰	ベン:K メン:G
𩕱	ボウ:K モ:G
𩕲	イ キ
𩕳	デイ ニョウ
𩕴	ラン
𩕵	ヒョウ:G ヘイ:K
𩕶	リン
𩕸	セン
𩕹	ソウ
𩕺	ガイ
𩕼	リン
𩕾	ガン:K ゲン:G
𩖀	ガク
𩖁	ガツ ゲチ
𩖆	カン:K ギン:K ケン:K ゲン:G コン:G ゴン:G
𩖇	キョウ:G コウ:K
𩖊	リョウ:G レイ:K
𩖌	サン:K ザン:G
𩖍	エイ:K ヨウ:G
𩖎	コウ
𩖏	ヒ:K ビ:G
𩖐	シュ
𩖒	カン:K ゲン:G
𩖓	ヒン
𩖔	ジョウ:G トウ:K
𩖙	トウ
𩖚	ヒョウ
𩖛	ヒュ ヒュウ ブ:G ホウ:K
𩖜	ホウ
𩖝	リョウ:K ロウ:G
𩖠	ハイ
𩖡	ヒョウ
𩖢	ギョウ:G コウ:K
𩖣	シン:K ジン:G
𩖤	トン:K ドン:G
𩖥	ショウ:G ソウ:K
𩖦	カン:K コン:G
𩖨	クチ クツ
𩖩	ボウ:K モウ:G
𩖬	フ:K ブ:G
𩖭	ハイ
𩖮	シン
𩖯	ドウ
𩖰	シン
𩖲	ジョウ:K ニョウ:G
𩖳	カ
𩖴	リュウ:K ル:G
𩖵	リョウ:G レイ:K
𩖶	ケチ:G ケツ:K シュチ:G シュツ:K
𩖷	クチ クツ
𩖸	コウ:K ゴウ:G
𩖹	イ
𩖺	カン:K ゴン:G
𩖼	フツ ブチ
𩖽	ハツ
𩖾	イ
𩗁	サツ
𩗄	ク:G コウ:K
𩗅	ライ:G レイ:K
𩗆	キュウ:K ク:G
𩗇	コウ ゴ
𩗈	ヒョウ
𩗉	サツ
𩗊	キチ:G キツ:K
𩗋	ハン
𩗎	ショク
𩗐	カク
𩗓	ホツ:K ボチ:G
𩗔	ダイ ネ
𩗕	キュウ:K グ:G
𩗖	リョウ
𩗘	ビ:K ミ:G
𩗙	テチ:G テツ:K
𩗚	ユ:G ユウ:K
𩗛	クツ
𩗝	キ
𩗞	サチ:G サツ:K
𩗠	リュウ
𩗢	グ:G コウ:K
𩗣	シュ:G ソウ:K
𩗤	カン
𩗥	ハク ホウ
𩗧	ボウ
𩗨	チ
𩗩	リュウ
𩗪	シュ:G シュウ:K チョウ:G トウ:K
𩗫	ヘイ ベイ
𩗬	リョウ
𩗭	ライ:G レイ:K
𩗮	シ
𩗯	エ:G ワイ:K
𩗰	スイ:K ズイ:G
𩗱	シャク:G セキ:K
𩗲	ショウ:G ソウ:K
𩗳	ショウ
𩗴	ブ:G ホウ:K
𩗵	チョウ:G トウ:K
𩗶	セイ
𩗷	エン
𩗸	ヒュウ
𩗼	セイ
𩗽	オ
𩗾	リョウ
𩗿	ウ
𩘁	リョウ
𩘃	レツ
𩘅	カイ
𩘆	ヒキ:G ヒョク:K
𩘇	キョウ:G コウ:K
𩘈	ユ:G ユウ:K
𩘉	チ
𩘊	ラチ:G ラツ:K
𩘋	コウ ゴ
𩘌	シュ:G シュウ:K
𩘍	エン
𩘎	グ:G コウ:K
𩘏	ヨウ
𩘐	クツ
𩘑	エイ:K ヨウ:G
𩘒	セン
𩘓	ユ:G ユウ:K
𩘕	エイ
𩘖	ショウ
𩘗	カイ
𩘘	セン
𩘙	ヘイ
𩘚	イ
𩘜	トウ:K ドウ:G
𩘝	サク:K シャク:G
𩘞	ヒョウ
𩘟	リチ:G リツ:K
𩘠	シュ:G ソウ:K
𩘡	レイ
𩘥	カイ
𩘦	シュウ
𩘧	エキ ヤ
𩘭	シュ:G シュウ:K
𩘮	ゴウ
𩘯	タン:K ダン:G
𩘰	シュク
𩘱	シュチ:G シュツ:K
𩘲	キョウ:G コウ:K
𩘳	ウツ
𩘵	フ:G フウ:K
𩘷	リュウ
𩘸	リュウ
𩘹	シュク
𩘺	タイ デ
𩘻	イチ:G イツ:K
𩘼	チョウ:G トウ:K
𩘽	チョウ:G トウ:K
𩘾	ダ
𩘿	チュウ
𩙁	コウ
𩙂	リョウ
𩙄	リュウ
𩙅	イツ
𩙆	ジョウ:G トウ:K
𩙇	ズイ
𩙈	ソウ
𩙊	イ
𩙎	ダ
𩙏	コ
𩙐	フウ
𩙑	リョウ
𩙒	ヒョウ
𩙓	コウ
𩙔	リュウ
𩙖	リャク:G レキ:K
𩙘	リョウ
𩙙	チョ
𩙚	ショウ
𩙛	キョウ:G コウ:K
𩙜	ショウ
𩙝	ショウ
𩙞	ヒョウ
𩙠	リョウ
𩙡	ヒュ ヒュウ
𩙢	セン
𩙣	フウ
𩙤	コツ
𩙱	ヒ
𩙲	ヒ
𩙴	カン
𩙶	カン
𩙷	ギュウ グ
𩙸	ボウ
𩙺	イキ:G ヨク:K
𩙼	ケン
𩙽	カン ケン:K ゲン:G
𩙾	セキ
𩙿	ショク
𩚀	ショク
𩚁	ショク
𩚂	イ イツ エツ
𩚃	ショク
𩚄	ギョ:K ゴ:G
𩚅	シ
𩚇	イ
𩚈	ヤク
𩚉	ジ:G チ:K
𩚊	トン
𩚋	キツ
𩚌	ヤク
𩚍	ショク
𩚎	キ
𩚏	ソン
𩚒	ジュウ ニュ
𩚓	トウ
𩚕	イン
𩚖	ジュウ ニュ
𩚗	ジョウ ニュ
𩚘	コウ
𩚙	ショウ
𩚚	アク
𩚛	ドウ:K ノウ:G
𩚜	イン
𩚝	テチ:G テツ:K
𩚞	テイ
𩚣	カン
𩚤	キツ:K コチ:G
𩚨	テイ
𩚩	コ
𩚪	ジ:K ニ:G
𩚫	ショウ:G セイ:K
𩚬	アク:K ヤク:G
𩚭	ブ:G ホウ:K
𩚮	キ デキ ニャク
𩚯	ジ:K ニ:G
𩚰	フン
𩚱	キョウ:G ケイ:K
𩚲	コウ
𩚳	ハン
𩚴	ウチ:G ウツ:K エツ:K オチ:G
𩚵	カン
𩚶	シュク
𩚷	リュウ
𩚸	テツ
𩚹	リョウ:G レイ:K
𩚺	テツ
𩚻	シ
𩚾	ハイ
𩚿	ヨ
𩛀	テイ
𩛁	ホウ
𩛅	シ:K ジ:G
𩛆	イ
𩛉	シ
𩛊	ホウ
𩛋	ドウ:K ノウ:G
𩛌	シ:K ジ:G
𩛍	タイ
𩛎	バン:K マン:G
𩛏	シ:K ジ:G
𩛐	ジ
𩛑	ダイ:G テイ:K
𩛒	ホウ
𩛓	シン
𩛘	キョウ
𩛚	サイ
𩛛	イ
𩛝	ライ レ
𩛞	ホウ
𩛟	エン:K オン:G バン:K マン:G
𩛠	サ
𩛡	ロウ
𩛢	シュ:G シュウ:K
𩛣	ジ:K ニ:G
𩛤	ユ:G ヨウ:K
𩛥	サイ
𩛦	チョウ:G テイ:K
𩛧	ケン:K コン:G
𩛨	ボウ:K ミョウ:G
𩛩	コウ
𩛫	コウ
𩛬	ヨウ
𩛭	イク
𩛮	イ
𩛯	ケイ
𩛳	サイ
𩛵	テツ
𩛶	テイ
𩛹	キツ:K コチ:G
𩛺	キク コク
𩛻	サン:K セン:G
𩛼	ロク
𩛽	トウ:K ドウ:G
𩛾	カイ
𩛿	トウ
𩜀	ツイ
𩜁	ショウ:G ソウ:K リョウ:K ロウ:G
𩜂	シ
𩜃	グ
𩜄	アク
𩜅	ソ:K ゾ:G
𩜆	キ
𩜇	ケン
𩜈	オ:G ヨ:K
𩜉	シャ
𩜊	シ
𩜋	ショウ
𩜌	ウツ エツ
𩜍	ツ:G トウ:K
𩜎	ショウ:G セイ:K
𩜏	オ:G ヨ:K
𩜐	キ:K キツ:K ケ:G コチ:G
𩜒	ジョウ:K ニョウ:G
𩜓	ショク
𩜕	ホウ
𩜖	フ:G フウ:K
𩜗	ビ
𩜙	ジョウ:K ニョウ:G
𩜚	カイ
𩜡	テイ
𩜢	ヨ
𩜣	コウ
𩜬	セン
𩜭	カ
𩜯	シュ:G シュウ:K
𩜰	ヒキ:G ヒョク:K
𩜱	カン
𩜲	フク
𩜳	ユ:G ヨウ:K
𩜴	シ
𩜵	タン:K ダン:G
𩜶	ツ:G トウ:K
𩜷	ジュウ ニュ
𩜸	ヨウ
𩜹	セン
𩜻	トウ
𩜽	ゲン:K ゴン:G
𩜾	セン
𩜿	ホウ
𩝀	フン
𩝁	セン
𩝂	フン
𩝈	カン
𩝉	ヨウ
𩝌	スイ
𩝐	ジ
𩝕	ブ
𩝖	サン
𩝗	ウ
𩝘	シュン
𩝙	シ
𩝚	テン
𩝛	カツ:K ゲチ:G
𩝜	エン:K オン:G
𩝝	コウ
𩝞	ソウ
𩝟	ソウ
𩝠	キュウ:K ク:G
𩝡	ケン
𩝢	ラ
𩝣	トウ
𩝤	エン
𩝥	ソ
𩝦	サイ
𩝧	シュ:G シュウ:K
𩝨	カ カイ:K ケ:G
𩝩	ホウ
𩝫	ショウ
𩝬	ボウ
𩝮	シ
𩝰	ホウ
𩝴	ショウ
𩝵	ドウ
𩝶	シュウ
𩝷	オ
𩝹	ヨウ
𩝼	フン
𩝽	キョウ:K ゴウ:G
𩝾	ショウ
𩝿	タク:K チャク:G
𩞀	サン シン
𩞁	バ:K ビ:K マ:G ミ:G
𩞂	トウ
𩞃	ショウ
𩞄	ソウ:K ゾウ:G
𩞅	サイ:K セ:G
𩞆	ソウ:K ゾウ:G
𩞇	ビ
𩞈	チク
𩞉	シュウ:K ジュ:G
𩞊	キ:K ケ:G
𩞋	ショウ:K ジュ:G
𩞌	ソク
𩞍	ソク
𩞎	キン
𩞏	サン
𩞐	ソウ
𩞑	フン
𩞚	エン
𩞞	カイ
𩞡	シ
𩞢	スイ
𩞣	トウ
𩞤	トン
𩞥	ショウ
𩞦	チョウ:G トウ:K
𩞧	ショウ
𩞨	リャク:G レキ:K
𩞩	オウ:G コウ:K
𩞪	ダン
𩞫	イ
𩞬	トウ
𩞭	ヨウ
𩞮	シ
𩞲	シン
𩞵	コ
𩞶	サツ
𩞷	リュウ:K ル:G
𩞺	カク
𩞻	リン
𩞼	サン
𩞽	ハク
𩞾	トク:K ドク:G
𩞿	カン:K コン:G
𩟀	ユ:G ヨウ:K
𩟁	エン
𩟂	カ
𩟃	リョウ:G レイ:K
𩟄	シ
𩟅	レン
𩟆	スイ
𩟇	オウ
𩟈	トウ
𩟊	ドウ:K ニョウ:G ヌ
𩟋	セン:K ゼン:G
𩟌	サン
𩟍	カン
𩟑	ヨ
𩟒	サン
𩟓	カク:K タク:K チャク:G ワク:G
𩟔	サツ:K セチ:G
𩟕	ホツ:K ボチ:G
𩟖	サン
𩟗	セン
𩟘	ショウ
𩟙	セツ:K ゼチ:G
𩟛	ハク
𩟞	ボウ
𩟣	ワイ
𩟤	エ:G ワイ:K
𩟥	セン
𩟦	セツ:K ゼチ:G
𩟧	シャク
𩟨	カク
𩟪	サン
𩟭	ル:G ロウ:K
𩟮	エ:G カイ:K
𩟯	カク
𩟰	タク
𩟱	キ
𩟳	ヨ
𩟴	サン
𩟶	サン:K セン:G
𩟷	ヨウ
𩟸	カク
𩟺	ラン
𩠐	シュ
𩠑	テイ
𩠕	ハツ
𩠖	ハツ
𩠗	キョウ
𩠙	ハツ
𩠚	カイ:K ガイ:G
𩠛	イ
𩠜	ケイ
𩠟	ゴ
𩠡	イ
𩠢	イ
𩠣	キョウ
𩠤	フ
𩠥	ケイ
𩠦	ケイ
𩠪	ガン
𩠫	トン
𩠬	シュ
𩠯	イ
𩠲	カク
𩠶	シュ
𩠷	フツ ブチ
𩠹	セン タン:K ダン:G
𩠻	カン:K コン:G ヘチ
𩠼	コウ
𩠽	タン
𩠾	コウ
𩠿	ヘツ
𩡀	ヘツ
𩡃	ユ
𩡄	タン
𩡅	ヘツ
𩡈	ヘツ
𩡊	フク
𩡌	キョウ:G コウ:K
𩡍	ヒュウ ビュ
𩡎	キュウ:K ク:G
𩡐	コウ
𩡑	フク
𩡒	ホツ
𩡓	オ オウ
𩡔	カイ カチ:G カツ:K
𩡕	ビョウ:G ホウ:K
𩡘	フク
𩡚	アイ
𩡝	タン:K ドン:G
𩡠	コウ
𩡡	ヘツ
𩡢	コウ
𩡤	アイ
𩡥	ヒョウ
𩡧	カン ケン:K ゲン:G
𩡨	ボ:K モ:G
𩡩	ハチ:G ハツ:K
𩡪	カン
𩡫	ハン
𩡬	バ
𩡭	ボク
𩡯	テイ
𩡰	ホウ
𩡱	フン
𩡲	ジツ
𩡳	チュウ
𩡵	ホウ
𩡷	ヒ
𩡸	シ
𩡹	テツ
𩡺	カイ
𩡻	ヨウ
𩡼	ヘン
𩡽	ソウ
𩡾	サ
𩡿	バ
𩢄	ガン
𩢅	カ
𩢈	ホウ
𩢉	ロ
𩢊	タ
𩢌	ブン
𩢍	カ
𩢎	トチ トツ
𩢐	タク
𩢑	シ
𩢒	ヨウ
𩢓	ギョウ:G コウ:K
𩢔	ハン
𩢕	ブ:G ホ:K
𩢖	バツ:K マチ:G
𩢗	キョウ:K ギョウ:G
𩢘	ハ
𩢙	フン
𩢚	ハツ:K バチ:G
𩢛	カチ:G カツ:K ケツ コチ
𩢜	シン
𩢝	セン:K ゼン:G ヘイ ヘン:K ベン:G
𩢞	リュウ:K ル:G
𩢟	ガ
𩢠	タイ
𩢡	ゼン:K ネン:G
𩢧	ク
𩢨	カン
𩢪	コ
𩢫	ボウ
𩢭	シ
𩢮	キュウ:K ク:G
𩢯	コウ
𩢰	フク:K ブク:G
𩢱	エ:G カイ:K
𩢲	シ
𩢳	ク:K グ:G
𩢴	キチ:G キツ:K
𩢵	タク
𩢶	ユ
𩢷	バク:K ミャク:G
𩢸	チュ チュウ
𩢹	キュウ:K グ:G
𩢺	ケン
𩢻	シュ:K ジュ:G
𩢼	キョウ:G コウ:K
𩢽	キョウ:K ク:G グ
𩢾	レイ レチ:G レツ:K
𩢿	フウ:K ブ:G
𩣀	ゼン
𩣁	テイ
𩣂	シン
𩣃	ドウ
𩣄	ハク
𩣅	キュウ
𩣊	キツ
𩣌	ク
𩣍	ゴウ
𩣐	コウ
𩣒	リュウ
𩣕	ク
𩣖	リン
𩣗	ク
𩣘	ジョウ:K ゼイ ニョウ:G
𩣙	ソウ
𩣚	ヒ:K ビ:G
𩣛	トウ
𩣝	ブ:G ホ:K
𩣞	ギュウ ゴウ
𩣟	サ
𩣠	サ
𩣡	ハク:K バク:G ホツ:K ボチ:G
𩣢	ソウ
𩣣	ガ
𩣤	タン:K トン:G
𩣩	セツ
𩣫	リ
𩣭	ソウ
𩣮	ツ:G ト:K
𩣯	トウ:K ドウ:G
𩣰	スイ
𩣱	リク:K ロク:G
𩣲	エン
𩣳	ツ:G トウ:K
𩣴	キョウ:G コウ:K
𩣵	エン
𩣶	ベイ ミョウ
𩣷	スイ チュ
𩣸	フウ:K ブ:G
𩣹	クチ クツ
𩣺	ホン
𩣻	オウ
𩣼	コウ
𩣽	キク
𩣾	タ
𩣿	スウ
𩤀	ク
𩤁	キン
𩤈	シャク
𩤉	カ
𩤋	コン
𩤐	ホウ
𩤓	クツ
𩤖	チ
𩤗	ソウ
𩤘	ドウ:K ノウ:G
𩤙	チョウ:G トウ:K
𩤚	タン
𩤛	ギョウ
𩤜	シャ
𩤝	ブ
𩤞	タン:K トン:G
𩤟	ヨウ
𩤠	カイ:K ガイ:G
𩤡	セン
𩤢	テイ
𩤣	タン:K ダン:G
𩤤	サ:K セ:G
𩤥	カン:K ゲン:G
𩤦	カン:K ケン:G
𩤨	シン
𩤩	ガク ギャク
𩤪	ソウ
𩤫	トウ
𩤬	ヘン
𩤭	ジュウ
𩤳	ヘン
𩤹	ユウ
𩤺	ヨ
𩤻	ケイ
𩤽	タイ:G テイ:K
𩤾	ギョ ヘン
𩤿	シン
𩥀	キ:K ケ:G
𩥁	トウ:K ドウ:G
𩥂	キ:K ギ:G
𩥃	ボウ:K モ:G
𩥄	テン
𩥅	トウ
𩥇	テン
𩥈	オン
𩥉	キ
𩥊	オウ
𩥋	カク ギャク グ ゴウ
𩥌	ガツ ゲチ
𩥍	セイ
𩥎	ブ:K ム:G
𩥏	チョウ
𩥐	シ
𩥑	トウ
𩥒	コウ
𩥓	トウ
𩥔	ハク
𩥖	リュウ
𩥗	スイ
𩥘	ユウ
𩥜	リョ:K ロ:G
𩥞	キ
𩥢	キ
𩥥	ソク
𩥫	シュ:G ショウ:K
𩥬	リ
𩥭	ギョ
𩥮	サン:K セン:G
𩥯	エイ
𩥰	ヒ
𩥱	トウ
𩥲	ソク
𩥳	テツ
𩥴	レイ
𩥽	ト
𩦀	リ
𩦁	スイ
𩦂	カン:K ゲン:G
𩦃	カン
𩦄	ライ:G レイ:K
𩦅	リ
𩦆	ジョウ
𩦇	キョク コキ
𩦈	ヒョウ
𩦉	ヘチ:G ヘツ:K
𩦊	カン:K ガン:G
𩦋	キ:K ゲ:G
𩦌	ショウ:G ソウ:K
𩦍	トウ
𩦎	ヒ
𩦏	リョウ
𩦑	トウ
𩦔	カン
𩦛	チュ
𩦜	トウ
𩦞	カツ
𩦟	キ
𩦠	ヒョウ:K ビョウ:G
𩦡	オ:G ヨ:K
𩦢	グ
𩦣	カ カイ
𩦤	シュウ:K ジュウ:G
𩦥	ホン
𩦦	ソウ
𩦧	バン
𩦨	ケキ
𩦪	ショウ:K ジョウ:G
𩦳	ホウ
𩦵	レイ
𩦶	トウ
𩦷	テツ
𩦸	キ
𩦹	カン:K ガン:G
𩦺	ボウ
𩦻	ラ
𩦼	ラク
𩦽	タイ
𩦾	ヒョウ
𩧀	テツ
𩧂	リャク:G レキ:K
𩧃	レイ
𩧄	シチ:G シツ:K
𩧅	ハン:K ボン:G
𩧆	リョウ:K ロウ:G
𩧇	サイ
𩧈	トク
𩧉	コウ
𩧊	キョウ:G ケイ:K
𩧋	リ レイ
𩧌	キツ
𩧎	ケイ
𩧏	カク
𩧐	タク ラク
𩧒	シュ
𩧔	トウ:K ドウ:G
𩧕	コウ
𩧖	トウ
𩧘	ク:K グ:G
𩧙	ヒョウ
𩧚	ク
𩧛	キク ゴク
𩧜	テン
𩧠	レイ
𩧡	カク:K キャク:G
𩧢	テイ
𩧣	ラ
𩧤	タン
𩧥	ロ
𩨑	チョウ:G テイ:K
𩨒	キ
𩨕	ガ
𩨗	ウ
𩨘	キツ ワ
𩨙	ユ
𩨚	ワツ
𩨜	ハ:K ヘ:G
𩨝	キ
𩨞	ソウ
𩨟	コウ
𩨠	ガ:K ゲ:G
𩨡	サン:K セン:G
𩨣	ホウ
𩨦	カイ
𩨧	カイ
𩨩	ハン
𩨫	コン
𩨬	コン
𩨭	カ:K ケ:G
𩨮	カツ:K ガチ:G
𩨯	キュウ:K グ:G
𩨰	テツ
𩨱	シ
𩨲	バツ:K マチ:G
𩨳	クチ コツ トチ トツ
𩨴	ヨウ
𩨵	シ
𩨶	カツ
𩨷	カ
𩨸	トツ
𩨹	コウ
𩨺	コウ
𩨻	シュ
𩨽	タイ:K テ:G
𩨾	ガ:K ゲ:G
𩨿	バイ:K マイ:G メ
𩩀	ノウ
𩩂	ガン
𩩄	ゲン
𩩆	カ
𩩉	キョウ:G コウ:K
𩩊	カン:K ガン:G ゴン
𩩋	ギョウ:G ケイ:K
𩩌	コン
𩩍	ビョウ:G ヘイ:K
𩩎	カツ
𩩒	カツ
𩩔	サク
𩩗	シャ
𩩘	ヨ
𩩙	ヒ ビ:K ヘイ ミ:G
𩩚	ヒ
𩩛	キ:K ギ:G
𩩜	スイ
𩩝	ク:G コウ:K
𩩞	スイ:K ズイ:G
𩩟	テチ:G テツ:K
𩩠	ソツ ゾチ
𩩡	ロウ
𩩢	ギ
𩩣	ヨウ
𩩤	ワ
𩩦	オ:G ヨ:K
𩩧	タン
𩩭	セイ
𩩮	ズ:G ト:K
𩩯	ヘン:K ベン:G
𩩰	カイ
𩩱	カ
𩩲	カイ カツ:K ガチ:G ケチ:G ケツ:K
𩩳	ショウ:K ジュ:G
𩩴	ガン
𩩵	コウ
𩩶	エン
𩩸	ロク
𩩹	コウ
𩩼	ヨウ
𩩽	コウ
𩩾	コウ
𩪀	ズイ:G ツイ:K
𩪁	カイ:K ケ:G
𩪂	ガイ
𩪃	カイ:K ガイ:G
𩪄	スイ
𩪅	ヘイ
𩪆	タイ
𩪈	サ
𩪉	キョク:K コク:G
𩪊	ヒョウ
𩪋	ゴウ
𩪌	ブ:G ホウ:K
𩪍	ク
𩪎	ソウ ボウ:K モウ:G
𩪏	スイ
𩪐	カク
𩪑	サ
𩪒	シ
𩪔	トン
𩪕	ゴウ
𩪗	ガチ ケツ
𩪘	ジョウ:G トウ:K
𩪙	オキ ヨク
𩪚	リョウ
𩪛	ハク
𩪜	ガチ ケツ
𩪠	ヨウ
𩪡	トン
𩪢	カン
𩪣	ヨク
𩪤	ゴウ
𩪥	リョウ:G レイ:K
𩪦	スイ
𩪧	ヒ ヒャク:G ヘキ:K
𩪨	ゴウ
𩪩	ヨク
𩪪	ショウ
𩪭	カク:K ワク:G
𩪮	バ:K マ:G
𩪯	ヒン:K ビン:G
𩪱	クン
𩪲	カツ:K ゲチ:G
𩪳	シ
𩪴	エン
𩪷	スイ:K ズイ:G
𩪸	リャク:G レキ:K
𩪹	キ
𩪺	タン
𩪼	ケン:K ゲン:G
𩪾	レン
𩪿	シュク
𩫀	カイ
𩫁	ボウ:K モウ:G
𩫂	キョウ:G コウ:K
𩫃	ヨウ
𩫇	アイ
𩫊	トウ
𩫍	ビ
𩫎	コウ
𩫏	カク
𩫔	ドウ
𩫕	コウ:K ゴウ:G
𩫖	カク
𩫚	コウ:K ゴウ:G
𩫞	コウ
𩫠	エチ:G エツ:K ケチ:G ケツ:K
𩫥	ジョウ:G ソウ:K
𩫦	ソウ
𩫧	エン カン
𩫨	ジョウ
𩫩	カク
𩫪	ヒ
𩫫	ヒ
𩫭	ツ:G ト:K
𩫮	ヒ
𩫯	ハク
𩫰	ロウ
𩫱	ヨウ
𩫲	カツ
𩫳	ゴウ
𩫴	キク
𩫷	ボウ
𩫺	ドウ:K ノウ:G
𩫿	ジョウ:G ソウ:K
𩬀	ダイ ネ
𩬂	セツ
𩬃	ハツ
𩬄	セツ
𩬉	カイ
𩬋	ヒ
𩬍	ブ
𩬏	ショウ
𩬐	カイ
𩬑	テン
𩬔	リョウ:G レイ:K
𩬖	シン
𩬗	ヨウ
𩬘	デイ
𩬙	フ
𩬚	カン:K ケン:K ゲン:G コン:G
𩬛	キョウ:K グ:G
𩬜	キク コク
𩬝	ヒョウ:G ヘイ ホウ:K
𩬞	バン
𩬟	サ:K シャ:G
𩬠	タイ
𩬫	シ セツ
𩬭	シツ
𩬮	ヨウ
𩬰	キョウ:K グ:G
𩬱	トウ:K ドウ:G
𩬲	テイ
𩬳	タイ:K テ:G
𩬴	ヒ
𩬵	イン
𩬶	シ
𩬷	ドウ:K ノウ:G
𩬸	ハチ:G ハツ:K
𩬹	キョウ:G コウ:K
𩬺	キ:K ギ:G チ
𩬼	ソウ
𩬽	ホウ
𩭃	サ
𩭇	リ
𩭈	バン
𩭊	キョク:K ゴク:G
𩭋	ゴン
𩭌	リョウ
𩭍	フ
𩭎	ス:G ソウ:K
𩭏	ワ
𩭐	シ
𩭑	ジョウ:K ニョウ:G
𩭒	ボウ:K モウ:G
𩭘	キュウ
𩭚	ホウ
𩭝	ガ
𩭞	シ
𩭟	サク
𩭠	カン:K ケン:G
𩭡	シャク:G セキ:K
𩭢	ガン
𩭣	トウ:K ドウ:G
𩭤	ソウ
𩭥	カン:K ゴン:G
𩭦	ツイ
𩭧	ヘイ
𩭨	ケン:K ゲン:G
𩭩	ツ:G トウ:K
𩭪	クツ
𩭫	リョウ
𩭷	ビン
𩭸	ホウ
𩭺	フ:G フウ:K
𩭻	フツ
𩭼	ホウ
𩭽	カク:K キャク:G
𩭾	ボウ:K ム モウ:G
𩭿	ザツ ネチ
𩮀	ス:G ソウ:K
𩮁	カツ ガツ
𩮂	カツ
𩮃	ソウ
𩮄	キュウ:K ク:G
𩮅	ダ:K ナ:G
𩮆	テキ
𩮈	シュ:G シュウ:K
𩮏	ザン
𩮐	ショウ
𩮖	ガイ
𩮗	ホウ
𩮘	コウ
𩮙	ジョウ ニュ
𩮚	ソウ
𩮛	サク:K シャク:G
𩮜	シャク:G セキ:K チャク:G テキ:K テツ:K デチ:G
𩮝	カツ:K ガツ ケチ:G ゲチ
𩮞	リ
𩮟	ヒョウ:G ヘイ:K
𩮠	ユ:G ヨウ:K
𩮡	ボウ
𩮢	サ
𩮣	セン
𩮫	サツ
𩮮	リョウ
𩮯	ゴウ
𩮰	ソウ
𩮱	チョウ:G トウ:K
𩮲	サン
𩮳	ショウ ヒョウ ヘチ:G ヘツ:K
𩮴	サイ:K セ:G
𩮵	エイ
𩮶	シュ:G ソウ:K
𩮷	ツ:G トウ:K
𩮹	ラ
𩮺	バン
𩮽	ボク
𩯃	ヒ
𩯄	ソン
𩯅	フウ
𩯆	ドウ:K ニョウ:G
𩯇	タイ トウ
𩯈	シキ:G ショク:K
𩯉	サチ:G サツ:K
𩯊	リョウ
𩯋	キャク:G ケキ:K
𩯌	ハチ:G ハツ:K
𩯍	ス:G ソウ:K
𩯎	ソウ
𩯏	ホク
𩯐	シュン
𩯑	サン
𩯛	ギョウ:G ゴウ:K
𩯜	ロ
𩯝	リョウ
𩯞	サン
𩯟	サン
𩯠	ベン
𩯤	セン
𩯦	ジュ チュウ
𩯧	ヒョウ
𩯨	デイ:K ナイ:G
𩯩	ソウ
𩯭	ヒン:K ビン:G
𩯰	セイ
𩯱	ホク:K ボク:G
𩯲	チョウ:G トウ:K
𩯳	サチ:G サツ:K サン
𩯸	サ
𩯺	リャク:G レキ:K
𩯻	リョウ
𩯾	ジョウ ドウ
𩯿	キ
𩰀	チュウ
𩰁	セイ
𩰂	リョウ:G レイ:K
𩰃	サン:K ザン:G
𩰅	ソウ
𩰇	フツ
𩰊	ゲキ
𩰋	キク
𩰍	ヘン:K ベン:G
𩰎	オウ ケン:K ゲン:G
𩰏	フン
𩰐	デイ
𩰑	トウ
𩰒	トウ
𩰓	コウ
𩰔	キン
𩰕	ゲキ
𩰖	トウ
𩰗	ヒン
𩰙	キュウ
𩰝	ヒン
𩰞	デイ:K ナイ:G ビ:K ミ:G
𩰟	フン
𩰠	ショ
𩰢	シ
𩰣	シャク
𩰤	キョ:K ゴ:G
𩰥	シャク
𩰦	シャク
𩰧	シャク
𩰨	シャク
𩰪	ウチ:G ウツ:K
𩰫	カ ラ
𩰬	カ カイ
𩰭	カ
𩰯	コ
𩰱	ショウ
𩰲	ヒ:K ビ:G リャク:G レキ:K
𩰳	エ:G ケイ:K
𩰴	ジ:K ニ:G
𩰶	カイ:K ガイ:G
𩰹	キョウ:G ケイ:K
𩰻	カク
𩰼	ソウ
𩰾	ヒ
𩰿	シン
𩱁	コウ
𩱂	ソウ
𩱃	ケン
𩱅	ソウ
𩱆	ケン
𩱇	リャク:G レキ:K
𩱈	ソウ
𩱉	フ
𩱋	コウ ホウ
𩱍	コ:K ゴ:G
𩱎	ヒ
𩱏	ゴウ
𩱐	ショウ
𩱑	ショウ
𩱒	コ
𩱓	ジ:K ニ:G
𩱔	レキ
𩱖	ソク
𩱗	ケイ
𩱘	カク:K キャク:G ケキ
𩱙	イク
𩱚	ホツ:K ボチ:G
𩱛	ス:G ソウ:K
𩱜	ジョク:K ニク:G
𩱝	カク
𩱞	コウ
𩱟	シュク
𩱠	シン セン
𩱡	ケン:K コン:G セン
𩱢	イク
𩱣	ヒ
𩱤	ケン
𩱥	サイ
𩱦	ショウ:G ソウ:K
𩱧	キョウ:G コウ:K
𩱨	ジョク
𩱪	ヤク
𩱫	ソク
𩱬	リン
𩱭	ソウ
𩱮	ジョク
𩱰	ショ
𩱱	イク シュク
𩱲	ヤク
𩱳	サイ
𩱴	キョウ
𩱵	バツ
𩱶	ヤク
𩱷	バツ:K ベツ:K マチ:G メチ:G
𩱸	ベツ
𩱹	チ
𩱻	キ
𩱼	キュウ
𩱾	タク
𩱿	ビ
𩲀	ビ
𩲁	セキ
𩲂	エ:G カイ:K ワイ
𩲃	シャク
𩲄	エ:G ワイ:K
𩲈	ビ
𩲉	ビ
𩲊	コウ
𩲋	コウ
𩲌	ホウ
𩲍	ギュウ グ
𩲎	ユウ
𩲏	カ:K ケ:G
𩲐	ビ
𩲑	ビ
𩲔	カイ
𩲘	ボウ
𩲙	カイ
𩲚	キ
𩲛	ボウ
𩲜	カ
𩲝	ビ
𩲞	キ
𩲠	チク
𩲡	キ
𩲢	キ ヒ:K ビ:G
𩲣	コウ
𩲤	チョウ
𩲥	チ
𩲦	リチ:G リツ:K
𩲧	キョウ:K ク:G
𩲨	シ
𩲩	リョウ:G レイ:K
𩲪	キ:K ギ:G
𩲫	チ
𩲬	チク
𩲱	コ
𩲳	コウ
𩲴	オウ
𩲵	ソ
𩲶	チ
𩲷	カイ
𩲹	チョウ
𩲻	ギョウ:G ゴウ:K
𩲼	ク:G コ:K
𩲽	キ サン
𩲾	オク
𩲿	ビ
𩳀	チ
𩳁	カイ チ
𩳂	チ
𩳅	チュ
𩳆	シン ライ
𩳇	エキ
𩳈	トウ
𩳉	キ
𩳋	サツ
𩳌	ゴ
𩳍	エイ:K ヨウ:G
𩳎	フウ:K ブ:G
𩳏	テン:K デン:G
𩳐	フ
𩳑	ユウ
𩳒	ソク
𩳓	リ
𩳔	ギョウ:G ゴウ:K
𩳕	タイ:G チ:K テ
𩳖	ケキ
𩳘	サイ サツ
𩳙	サイ
𩳝	ケイ
𩳟	ビ
𩳠	ヨク
𩳡	リツ
𩳢	エン
𩳣	キ
𩳤	チョウ ロウ
𩳥	トク
𩳧	キャク:G ケキ:K
𩳨	ク:G コ:K
𩳩	チ
𩳪	ビ
𩳭	カイ
𩳮	リョウ
𩳯	セイ
𩳰	コ
𩳱	シン
𩳲	シ
𩳵	キャク:G ケキ:K
𩳶	ソウ:K ゾウ:G
𩳷	キ
𩳸	ビョウ:K ミョウ:G
𩳹	キ
𩳺	シュウ
𩴀	チョ
𩴃	キュウ
𩴆	キ
𩴇	サイ
𩴉	ウン
𩴊	ユウ
𩴋	シン
𩴍	シュウ シュク
𩴎	ビ
𩴐	リチ:G リツ:K
𩴑	コウ
𩴒	キョウ:K ゴウ:G
𩴓	ダ:K ダン:K ドウ:K ナ:G ナン:G ニョウ:G
𩴘	キョ
𩴙	ユウ
𩴛	キョ
𩴜	イ
𩴝	トウ:K ドウ:G
𩴞	イ
𩴟	シャ
𩴠	リン
𩴡	ク:G コ:K
𩴢	キツ
𩴣	リャク:G レキ:K
𩴤	リョウ:K ロウ:G
𩴨	ヨウ
𩴩	ヒョウ
𩴪	キ:K ケ:G ゲ
𩴭	チ
𩴮	エキ:K ヤク:G
𩴯	ギ
𩴱	ヒン
𩴲	ボウ:K モウ:G
𩴳	サツ:K セチ:G
𩴴	ダ
𩴶	ジュ
𩴷	ギ:K ゲ:G
𩴸	ヒン
𩴺	ジャク:G テキ:K
𩴻	ライ レ
𩴿	キ
𩵀	リョウ:G レイ:K
𩵁	レイ
𩵂	リョウ:G レイ:K
𩵄	カン
𩵅	ク
𩵇	ラ
𩵈	ク
𩵉	キ:K ギ:G
𩵋	ギョ
𩵌	ショウ リョウ
𩵍	キュウ:K グ:G
𩵎	ギョ
𩵏	カ:K ケ:G
𩵐	シツ
𩵔	タ
𩵕	ジン トウ
𩵖	ショウ
𩵗	シ:K ジ:G
𩵛	ギョ ベツ
𩵠	イ ギュウ グ
𩵡	ガ
𩵢	コウ ショウ
𩵣	ハイ:K ヘ:G
𩵤	エキ
𩵥	ハイ:K ベ:G
𩵦	ボク:K モク:G
𩵧	キ
𩵨	シン
𩵩	フ
𩵪	キ
𩵫	シン
𩵬	コク:K ゴク:G
𩵭	オウ
𩵮	サ
𩵯	コ
𩵰	シュウ ショウ
𩵱	ゴ
𩵶	ゲン
𩵷	シ
𩵹	フ
𩶁	ヒョウ:G ビョウ:G ヘイ:K ホウ:K
𩶂	ジョ:G チョ:K
𩶃	トウ
𩶄	ジュチ チュツ
𩶅	シ
𩶆	ザイ:G シ セイ:K
𩶇	シン
𩶈	ク:G コ:K
𩶉	フ:G ホ:K
𩶊	カン
𩶋	ボウ
𩶎	ゼン:K ネン:G
𩶑	ロ
𩶖	ボク
𩶚	ハイ
𩶞	コウ バ
𩶠	カイ
𩶡	ボウ:K モウ:G
𩶢	ボウ ヨ
𩶣	シュ:G シュウ:K
𩶤	セン
𩶥	キ
𩶦	カイ:K ケ:G
𩶧	キュウ:K グ:G
𩶨	ヒ
𩶩	ボク:K モク:G
𩶪	シ
𩶬	シ
𩶭	グ ゴ
𩶮	コ
𩶯	ジョ:K ニョ:G
𩶱	タ
𩶽	レツ
𩶿	キュウ
𩷂	キョウ
𩷃	ソウ
𩷆	カイ
𩷋	レイ
𩷌	シュク
𩷍	エキ:K ヤク:G
𩷎	チャク:G テキ:K
𩷏	ギョウ:G ケイ:K
𩷐	キョク
𩷑	エン
𩷒	シン
𩷓	シ
𩷔	シン
𩷕	ロウ
𩷖	ブ:G ホ:K
𩷗	キョウ:K ゴウ:G
𩷘	ギュウ ゴウ
𩷙	ホウ
𩷚	ホツ:K ボチ:G
𩷬	キョウ
𩷴	ダ:K ナ:G
𩷵	トン
𩷷	イ タ
𩷸	ホウ
𩷹	タク チョウ:G チョク トウ:K
𩷺	フ
𩷻	カツ:K ケチ:G
𩷼	ジョウ:G セイ:K
𩷾	キ
𩷿	タ
𩸀	ホウ
𩸁	ヘチ:G ヘツ:K
𩸂	フン:K ブン:G ホン
𩸄	カ:K ゲ:G
𩸅	フ
𩸆	ヨウ
𩸇	アク
𩸉	ヒ
𩸊	ハク
𩸋	ア アク
𩸌	サ
𩸎	テイ
𩸐	ドウ:K ヌ:G
𩸖	アク
𩸟	シ
𩸠	ショ
𩸥	ケイ
𩸧	デイ
𩸨	ギ
𩸹	ビ
𩸻	タ
𩸼	チョウ
𩸾	ヤ
𩸿	ハツ
𩹀	ス:G ソウ:K
𩹁	ビョウ:G ホウ:K
𩹂	イ
𩹃	ガク
𩹄	カイ
𩹅	エイ:K ヨウ:G
𩹆	サン
𩹇	テイ
𩹈	ジ:G チ:K
𩹉	ヒ
𩹊	ユ:G ユウ:K
𩹋	テイ
𩹍	キ:K ギ:G
𩹎	アン:K エン:G
𩹏	ハ:K ベ:G
𩹐	コウ
𩹑	カン:K ガン:G
𩹒	レイ
𩹢	ケイ
𩹥	イ
𩹨	カ:K ケ:G
𩹱	キク チク
𩹲	フ:G ホ:K
𩹳	サ
𩹴	トウ
𩹶	トウ:K ドウ:G
𩹷	イ
𩹸	カン:K コン:G
𩹺	カク:K キャク:G リャク:G レキ:K
𩹻	ヒ
𩹼	カン:K ガン:G
𩹽	エン
𩹾	ドウ:K ノウ:G
𩹿	カク:K キャク:G
𩺀	シャク:G セキ:K
𩺁	ショウ
𩺂	ヘン
𩺃	サ
𩺄	セイ
𩺅	シ
𩺆	サ
𩺙	キョウ
𩺚	ダイ
𩺛	シ
𩺜	リュウ
𩺫	ケイ
𩺭	トウ
𩺮	ロク
𩺯	ソク:K ゾク:G
𩺰	ギョ:K ゴ:G
𩺱	ジョク ニョク
𩺲	シチ:G シツ:K
𩺳	サ
𩺴	バン
𩺵	シン
𩺶	カン
𩺷	ヒツ
𩺸	リ
𩺹	フ
𩺺	キ
𩺻	コウ
𩺼	フ
𩺽	ハク フク ボク
𩻄	カン
𩻉	シ
𩻋	コン
𩻍	イ
𩻖	エン
𩻘	カン:K ケン:G
𩻙	ガク
𩻚	ブ:K ム:G
𩻛	シン:K ジン:G
𩻜	リン
𩻝	セン:K ゼン:G
𩻞	ジュ
𩻟	イ キ
𩻠	バン
𩻡	トウ
𩻢	サ
𩻣	サン
𩻤	コク
𩻥	ケン
𩻧	カ
𩻨	シ
𩻲	カン
𩻴	カン
𩻵	トウ
𩻶	シャク
𩼂	イ:K ユイ:G
𩼃	ギョウ:G ケイ:K
𩼄	カイ:K ケ:G
𩼅	ジョウ ニュ
𩼆	リ
𩼇	サン
𩼈	ウ:G オウ ユウ:K
𩼉	トウ
𩼊	ラ ルイ
𩼋	ギョウ:G ゴウ:K
𩼌	ビ:K ミ:G
𩼍	ダイ:G テイ:K
𩼏	イ
𩼐	キ タ
𩼒	ショウ
𩼘	シン
𩼜	サク
𩼝	ショウ
𩼞	リ
𩼟	ショク
𩼠	カイ
𩼡	ゴウ
𩼥	キク
𩼦	ジュ ソウ
𩼧	ヒン ヘン
𩼨	ギ
𩼩	リン
𩼪	ギョ:K ゴ:G
𩼫	サ
𩼬	ハク
𩼭	リョウ
𩼮	サ
𩼴	エン
𩼻	サ
𩼼	テン
𩼽	リ
𩼿	セキ
𩽀	シュウ
𩽁	ヒョウ
𩽌	エ:G ケイ:K
𩽍	カイ:K ガイ:G
𩽎	イ
𩽏	レキ
𩽐	サン
𩽓	タツ
𩽕	コ:K ゴ:G
𩽘	キク
𩽚	キ
𩽛	ハク:K バク:G
𩽜	ケン
𩽝	カン:K ゲン:G サン:K ザン:G
𩽞	コン
𩽟	サ
𩽡	ケイ
𩽣	ベツ
𩽧	ソウ
𩽨	ケイ
𩽩	ク:K グ:G
𩽫	サ
𩽬	ロ
𩽯	ヒョウ:K ビョウ:G
𩽰	ラ
𩽱	テン
𩽳	トウ
𩽵	ライ:G レイ:K
𩽶	シン
𩽷	ハ
𩾏	エン
𩾑	チョウ
𩾒	キョウ チョウ
𩾓	キョウ
𩾔	シ
𩾕	シチ:G シツ:K
𩾖	フ
𩾗	ショウ チョウ
𩾘	ガイ
𩾛	キュウ
𩾜	リョク
𩾝	カン
𩾞	カン:K ガン:G
𩾟	シャク トウ
𩾠	キ
𩾡	ヒョウ:G ホウ:K
𩾢	エン ヨキ ヨク
𩾣	キョウ
𩾤	コツ
𩾥	コツ
𩾦	ガン
𩾧	クン
𩾰	シ
𩾱	コウ:K ゴウ:G
𩾲	コツ
𩾴	カイ
𩾵	シュウ:K ジュ:G
𩾶	キョウ:K ゴウ:G
𩾷	カ
𩾸	シキ:G ショク:K
𩾹	キュウ:K ク:G
𩾺	タン:K トン:G
𩾻	コツ:K ゴチ:G
𩾼	シャク:G セキ:K
𩾽	シン
𩾾	キョウ:G コウ:K
𩾿	フ:K ブ:G
𩿀	ジュ チュウ
𩿂	ボウ:K モウ:G
𩿃	キン
𩿄	ショウ:G ソウ:K
𩿅	キュウ:K グ:G
𩿆	コツ
𩿇	コ
𩿈	フン:K ブン:G
𩿉	ハン フン:K ブン:G
𩿊	カン
𩿋	キョウ
𩿎	ア
𩿐	シ
𩿑	ブ
𩿒	シ
𩿓	キュウ ヒョウ
𩿔	ガ
𩿕	キョ コウ
𩿖	カク
𩿛	ケイ
𩿜	フン
𩿝	キョ:K ゴ:G
𩿞	サク:K シャク:G
𩿟	キョ:K コ:G
𩿠	エツ:K オチ:G
𩿡	タイ:K ダイ:G
𩿢	ズ ツ:G トウ:K
𩿣	バツ:K マチ:G
𩿤	サツ:K セチ:G
𩿥	ビ
𩿦	シ
𩿧	フ
𩿨	シ
𩿩	ク タチ:G タツ:K
𩿪	シャク:G セキ:K
𩿫	ガン
𩿬	ユ:G ユウ:K
𩿭	ケイ
𩿮	ス
𩿷	テイ
𩿸	コウ
𩿼	オウ
𪀀	ホウ
𪀁	カ
𪀇	ヒ
𪀈	エン
𪀉	カ
𪀊	ク
𪀋	オウ
𪀌	オウ
𪀍	シ
𪀏	キョ
𪀒	シ テツ:K デチ:G
𪀓	イ
𪀔	シ
𪀕	エイ
𪀖	シュ:G シュウ:K
𪀗	キ:K ギ:G
𪀘	ショウ:K ゾウ:G
𪀙	ヨク
𪀚	シュ:G シュウ:K
𪀛	キョウ:K グ:G
𪀝	エン ガク
𪀞	コウ
𪀟	エ:G カイ:K
𪀠	シュン:K ジュン:G
𪀡	リャク
𪀢	フク:K ブク:G
𪀣	キク ゴク
𪀤	コウ:K ゴウ:G
𪀥	ジャク:G タク:K
𪀦	チキ:G チョク:K
𪀧	ロウ
𪀨	ア
𪀩	タン:K トン:G
𪀪	キュウ
𪀫	スウ
𪀬	カイ
𪀭	トウ
𪀸	チョク
𪀺	フウ
𪀼	ジン
𪀽	シュン
𪀿	ベイ
𪁀	イツ
𪁈	ショウ
𪁉	コウ
𪁊	セチ:G セツ:K
𪁋	ジョウ:G セイ:K
𪁌	ゲキ
𪁍	コウ
𪁎	ショウ
𪁏	シン:K ジン:G
𪁐	リ
𪁑	エチ:G エツ:K
𪁒	ボウ:K モ モウ:G
𪁓	シ
𪁔	ロウ
𪁕	ヨク ワク
𪁖	ク
𪁗	オウ
𪁘	オウ
𪁙	ゴ
𪁚	イ
𪁛	エキ:K ヤク:G
𪁜	ロウ
𪁝	カツ
𪁞	ズ:G トウ:K
𪁟	アン
𪁠	ケツ
𪁡	ガン:K ゲン:G
𪁢	ホウ
𪁣	ホウ
𪁥	キョ:K ゴ:G
𪁦	タイ:G テイ:K
𪁧	シン:K ジン:G
𪁨	オウ
𪁩	チ
𪁪	ボウ:K モウ:G
𪁭	ホ
𪁮	シュウ
𪁰	チ
𪁲	ショ
𪁷	ビツ:K ミチ:G
𪁸	キョウ:G コウ:K
𪁹	ヒ
𪁺	ショウ
𪁻	シ
𪁼	ベン:K メン:G
𪁽	ソチ:G ソツ:K
𪁾	オウ
𪁿	シュ:G シュウ:K
𪂀	フ:G ホ:K
𪂁	ビツ ベツ
𪂂	カン
𪂃	ヒ
𪂄	イ
𪂅	シ
𪂆	ビン:K ミン:G
𪂇	ショウ
𪂈	エン
𪂉	イキ:G キョク:K ケキ コク:G ヨク:K ワク
𪂊	タ
𪂋	フウ:K ブ:G
𪂌	トウ
𪂍	ケイ
𪂎	ジュン
𪂏	ヒ
𪂐	ブ
𪂑	シ
𪂒	コツ
𪂓	ショ
𪂔	フン
𪂕	ヨ
𪂖	フク:K ブク:G
𪂚	リク
𪂛	キ:K ギ:G
𪂜	バイ
𪂝	トウ
𪂞	ヒ
𪂟	ヘツ
𪂠	カ
𪂡	ベイ
𪂤	ベイ
𪂥	フ
𪂪	フウ
𪂭	エン
𪂴	セイ
𪂵	ヨク
𪂶	カン:K ゲン:G
𪂷	コウ ゴ
𪂸	シュク
𪂹	シュン
𪂺	キュウ:K コウ:G
𪂻	アン
𪂼	ショウ:G ソウ:K
𪂽	ホン:K ボン:G
𪂾	フ:K ブ:G
𪂿	テイ
𪃀	カ
𪃁	ホウ
𪃂	リュウ:K ル:G
𪃃	ハク:K バク:G ヒキ:G ヒョク:K フク:K ブク:G
𪃄	サイ
𪃅	サク:K シャク:G
𪃆	シュ:G ソウ:K
𪃇	ケチ:G ケツ:K
𪃈	カツ ケチ:G ケツ:K
𪃉	ジュン:K ゼン:K ニン:G ネン:G
𪃊	ス:G ソウ:K
𪃋	ケン セン
𪃌	エイ:K ヨウ:G
𪃍	グ
𪃎	ユ
𪃏	バイ:K メ:G
𪃐	ビョウ:K ミョウ:G
𪃑	ボウ:K モウ:G
𪃒	タク:K ダク:G
𪃓	フ:K フウ ブ:G
𪃔	ビン
𪃕	カク
𪃗	ケン
𪃘	エン
𪃚	シュチ:G シュツ:K
𪃛	カン
𪃜	カツ:K ゲチ:G
𪃝	シ
𪃣	トク
𪃤	ケイ ケツ
𪃦	ビョウ
𪃧	ビョウ
𪃪	ヨク
𪃭	カク
𪃯	ビン:K ミン:G
𪃰	エン
𪃶	コウ
𪃹	セキ
𪃺	ク:G コウ:K
𪃻	バク
𪃼	シキ:G ショク:K
𪃽	フウ:K ブ:G
𪃾	ユ:G ヨウ:K
𪃿	カ
𪄀	ハン:K バン:G
𪄁	ガン:K ゲン:G
𪄂	カ:K ゲ:G
𪄃	セン
𪄄	チョウ
𪄅	サツ:K セチ:G
𪄆	ヘイ
𪄇	フ:K ブ:G
𪄈	セイ ソウ
𪄉	ユ:G ヨウ:K
𪄊	ク:K グ:G
𪄋	ビツ ベツ
𪄌	ク:G コウ:K
𪄍	ガク
𪄎	カク:K キャク:G
𪄏	セン
𪄐	セン
𪄑	シュク
𪄗	ク:G コウ:K
𪄘	キョウ
𪄛	ショク
𪄜	シ
𪄝	ウ
𪄞	ス
𪄩	シュン
𪄪	チョク
𪄫	ヨ
𪄭	シチ:G シツ:K
𪄮	ク:G コ:K ゴ
𪄯	キ
𪄰	ビツ:K ミチ:G
𪄱	タク チャク:G テキ:K
𪄲	ショウ
𪄳	バク:K ミャク:G
𪄴	ビン:K ミン:G
𪄵	キ:K ギ:G
𪄶	シュウ:K ジュウ:G
𪄷	セン
𪄸	シャク:G セキ:K
𪄹	ショウ:K ジョウ:G
𪄺	ク:G コウ:K
𪄻	シュ:G ショウ:K
𪄼	ヨウ
𪄽	コウ コク
𪄿	カン ダン:K ナン:G
𪅂	ショウ
𪅃	ヒョウ
𪅄	ソチ:G ソツ:K
𪅅	リャク
𪅆	リ
𪅇	ボウ:K モウ:G
𪅈	チュ チョウ
𪅉	テン
𪅊	チ
𪅋	リョウ:G レイ:K
𪅌	リ
𪅍	チョク
𪅖	ショウ
𪅚	バク ベキ
𪅜	ショウ
𪅝	チョウ
𪅟	ヨウ
𪅡	リュウ
𪅮	ビツ:K ミチ:G
𪅯	コウ
𪅰	ショ
𪅱	ショク
𪅲	キュウ:K コウ:G
𪅳	リュウ
𪅴	アク
𪅵	シ
𪅶	ショウ
𪅸	ケツ
𪅹	キ:K ケ:G
𪅺	ク:G コウ:K
𪅻	ショウ:G セイ:K
𪅼	リャク:G レキ:K
𪅽	シン
𪅾	キ
𪅿	イ
𪆀	シュク
𪆁	シ
𪆂	キョ:K ゴ:G
𪆃	タン:K ダン:G
𪆄	ショウ
𪆅	ショウ
𪆆	ツ:G ト:K
𪆇	チュウ
𪆈	ゼン
𪆉	ク:G コウ:K
𪆊	シュ:G ショウ:K
𪆌	ベイ
𪆍	ホウ
𪆖	イ
𪆗	シ
𪆚	コ
𪆛	キョ
𪆝	タイ
𪆠	フウ
𪆡	テキ
𪆨	ボウ:K ミョウ:G
𪆩	シュウ
𪆪	コウ
𪆫	キョ
𪆭	シュク
𪆯	ドウ:K ニョウ:G ヌ
𪆰	アツ:K エチ:G カイ カチ:G カツ:K ガツ ケチ ゲチ
𪆱	リュウ:K ル:G
𪆲	カ
𪆳	キ
𪆴	キ:K ギ:G
𪆵	チョク
𪆶	サン
𪆷	ショ ゾ
𪆸	コツ
𪆹	カ
𪆺	キョ
𪆻	セン タン
𪆼	ライ
𪆽	ロ
𪆾	シュン
𪆿	カン:K ケン:G
𪇁	トウ
𪇂	ク:G コウ:K
𪇄	ク:G コウ:K コク
𪇆	ショク トク
𪇇	セン ベイ
𪇈	ケイ
𪇉	ヨウ
𪇊	ハク ヘキ
𪇑	クン
𪇒	ショウ:G セイ:K
𪇓	ボウ:K ム:G
𪇔	シ
𪇕	ヒン
𪇖	ラン
𪇗	コク
𪇘	ジュ チュウ トウ:K ドウ:G
𪇙	キク
𪇚	ヨウ
𪇛	ヨウ
𪇜	カツ:K ケチ:G
𪇝	ヨ
𪇞	チョウ
𪇠	ダン
𪇡	コ:K ゴ:G
𪇢	キク
𪇬	ヨ
𪇭	サイ
𪇮	セン
𪇯	リュウ:K ル:G
𪇰	ハク ホウ:K ホク:K ボウ:G ボク:G
𪇱	ラク
𪇲	セチ:G セツ:K
𪇳	シン
𪇴	ベツ:K メチ:G
𪇵	コウ
𪇷	カツ:K ガツ ケチ:G ゲチ:G ゲツ:K
𪇸	ロ
𪇹	ロウ
𪇺	リ
𪇼	ナン
𪇿	ヨウ
𪈀	シュウ
𪈁	シン
𪈃	カク
𪈄	イツ
𪈅	キク コク
𪈆	ボウ:K モウ:G
𪈇	セン
𪈉	エン
𪈊	カク ギャク
𪈋	タン:K ダン:G
𪈌	トク:K ドク:G
𪈍	アン:K オン:G
𪈐	ライ
𪈑	カイ
𪈒	ロ
𪈓	キク
𪈕	ビ
𪈗	ロウ
𪈘	コウ
𪈚	ハク:K ホウ ホク:G
𪈛	ベツ
𪈜	ル
𪈝	レイ
𪈞	コウ
𪈢	キク
𪈤	オウ
𪈥	ケイ ゲ
𪈦	ライ
𪈧	クン
𪈨	イ
𪈩	カン
𪈫	ホク
𪈮	バン
𪈯	カク
𪈰	ラ
𪈱	カク:K キャク:G
𪈴	カク:K キャク:G
𪈵	ホウ
𪈷	タイ
𪈸	カン
𪈹	リ
𪈺	ショク
𪈻	ケン:K ゲン:G
𪈼	ジョウ:K ニョウ:G
𪈿	バン:K ボン:K マン:G モン:G
𪉀	ライ
𪉖	ロ
𪉗	シャク:G セキ:K
𪉘	ズ:G トウ:K
𪉙	タン
𪉚	ショウ
𪉛	コウ
𪉜	タン
𪉝	キョウ:G コウ:K
𪉞	タン
𪉟	エン
𪉡	コウ
𪉢	キン
𪉣	ロ
𪉤	サ
𪉦	カン
𪉧	タン
𪉨	ショウ
𪉩	エン
𪉪	ショク
𪉭	ワイ
𪉮	シュ:G ソウ:K
𪉯	カン:K コン:G
𪉰	トウ
𪉱	ヘン:K ベン:G
𪉲	タン
𪉳	カン
𪉵	サ
𪉶	ク:G コ:K
𪉷	タン
𪉸	オン
𪉺	サン
𪉻	セン
𪉿	カン
𪊀	キツ
𪊁	サ
𪊂	ケイ
𪊃	カイ
𪊄	カン:K コン:G
𪊆	ザイ:G セイ:K
𪊇	カン タン
𪊈	サ
𪊉	エ:G カイ:K ワイ
𪊋	キ
𪊍	キ シ:K ジ:G
𪊏	オウ
𪊐	フ
𪊑	キョウ:G ケイ:K ケン:K ゲン:G
𪊓	リン
𪊔	キ
𪊕	ヒ:K ビ:G
𪊖	コ
𪊗	サチ:G サツ:K
𪊘	ヒョウ
𪊙	ロク
𪊛	ユウ
𪊜	ホン:K ボン:G
𪊢	シ
𪊥	カン:K ガン:G
𪊦	イン
𪊧	ケ ケン
𪊨	キ
𪊪	オ オウ
𪊫	ダン
𪊬	ヒョウ
𪊭	リン
𪊯	ヒン
𪊱	リン
𪊳	ホウ
𪊴	サン
𪊵	ギョウ ゲイ
𪊶	チョウ:G テイ:K
𪊷	ギョウ:G コウ:K
𪊸	ト
𪊹	ショ
𪊺	リン
𪊻	ヨ
𪋁	セン
𪋂	ボウ
𪋃	ベイ
𪋄	シュ
𪋅	エン:K オン:G
𪋆	コン
𪋇	スイ
𪋈	ベイ
𪋉	ヨ
𪋊	カ
𪋋	ヘイ
𪋌	スイ
𪋎	ユウ
𪋏	ショ
𪋐	ダン:K ナン:G
𪋑	ショ
𪋔	ケイ
𪋕	コ
𪋖	ヒョウ
𪋗	ベイ メイ
𪋘	レイ
𪋙	シャ
𪋚	リョウ:G レイ:K
𪋜	ヒチ:G ヒツ:K
𪋝	ソク
𪋡	ホク:K ボク:G
𪋢	ビ:K ミ:G
𪋣	ジュ
𪋥	ケイ
𪋧	シャ
𪋪	レイ
𪋫	ギョウ:G ゴウ:K
𪋬	グ
𪋮	ショ:K ジョ:G ヨ
𪋯	ジュ ダン:K ドウ:K ナン:G ニュ ヌ:G
𪋰	ショ
𪋱	セン:K ゼン:G
𪋲	リン
𪋳	レイ
𪋵	ロク
𪋷	リン
𪋸	ベイ
𪋹	ガン
𪋺	ドウ
𪋻	ジン:G チン:K
𪋼	キク
𪋾	リョウ
𪌀	リョウ
𪌁	ボウ:K モウ:G
𪌂	タク
𪌃	ケツ
𪌄	ヒ
𪌅	ドウ:K ノウ:G
𪌆	キョ:K ゴ:G
𪌇	ケツ
𪌈	ヒ:K ビ:G
𪌉	ツ:G トウ:K
𪌊	ゲツ
𪌋	トン
𪌌	ネツ
𪌍	ケイ
𪌏	リョウ
𪌑	ゴウ
𪌒	リョウ
𪌓	コク
𪌕	ショウ
𪌖	キョ
𪌗	キク
𪌘	ツ:G トウ:K
𪌛	リン
𪌝	バク
𪌞	ズイ
𪌟	サク
𪌢	ツ:G トウ:K
𪌣	カク:K キャク:G
𪌤	タイ
𪌧	カツ ケツ
𪌩	テン
𪌪	チョウ
𪌫	ク コク シュ セキ
𪌬	キク
𪌭	ケン
𪌮	サ:K シャ:G
𪌯	ソツ
𪌰	ホツ:K ボチ:G
𪌱	リ
𪌲	キク
𪌳	ラ
𪌵	リョウ
𪌶	ソク
𪌷	トウ
𪌸	ボウ
𪌹	チ
𪌺	ベツ
𪌼	トウ:K ドウ:G
𪌽	コン:K ゴン:G
𪌾	ヒ
𪌿	ジョウ
𪍀	キ
𪍁	ガン キン:K ケン ゴン:G
𪍂	コク
𪍃	コツ
𪍄	ロク
𪍅	ヤ
𪍆	リ
𪍇	バク
𪍈	トウ
𪍉	ショウ
𪍋	ヨク
𪍌	サ
𪍍	トウ
𪍎	カ
𪍏	ブ:G ホ:K
𪍐	セツ
𪍑	ショウ
𪍒	コ
𪍓	ボウ:K ム:G モ
𪍔	サク
𪍕	ソツ
𪍗	シュウ
𪍘	ボウ
𪍚	キク
𪍛	セチ:G セツ:K ソチ:G ソツ:K
𪍜	ヒ
𪍝	ウン
𪍞	ヒ
𪍟	サク
𪍠	コク
𪍡	ハク
𪍣	ル:G ロウ:K
𪍤	バク:K マク:G
𪍥	コク
𪍦	レン
𪍧	セン:K ゼン:G
𪍨	サ
𪍩	バン:K マン:G
𪍪	ヒツ
𪍫	ボウ
𪍬	サ
𪍭	ボウ
𪍰	サ
𪍲	タイ:G テイ:K
𪍳	スイ
𪍴	レン
𪍵	タン:K ドン:G
𪍶	セン:K ゼン:G
𪍸	キョ:K ゴ:G
𪍹	トク:K ドク:G
𪍺	カン:K ゲン:G
𪍻	ソウ
𪍼	テキ
𪍽	ソウ
𪍾	ゴウ
𪍿	コウ
𪎀	サ
𪎁	ロウ
𪎂	ライ リキ リョク
𪎃	ゲチ:G ゲツ:K
𪎄	ハク
𪎅	ゲツ
𪎆	ラ
𪎇	サク
𪎒	シャク
𪎓	ビ
𪎔	ビ:K ミ:G
𪎕	ビ:K フン:K ブン:G ミ:G
𪎖	ビ
𪎗	ビ:K ミ:G リャク:G レキ:K
𪎚	マ
𪎛	エン:K オン:G
𪎜	キ
𪎝	ホン:K ボン:G
𪎞	キュウ:K キョウ:G ク:G コウ:K
𪎠	バ:K マ:G
𪎡	チュ
𪎣	リュウ:K ル:G
𪎤	オク:G ヨク:K
𪎥	セキ
𪎦	ビ:K ミ:G
𪎧	セキ
𪎨	ズ:G トウ:K
𪎪	シュウ
𪎫	ボ:K モ:G
𪎬	フン
𪎭	ビ:K ミ:G
𪎮	キ
𪎯	ヒ
𪎰	ヒ:K ビ:G フン ボン
𪎲	サク
𪎴	トン:K ドン:G
𪎵	コウ:K ゴウ:G
𪎶	トン:K ドン:G
𪎸	コウ
𪎹	コウ
𪎺	タク:K チャク:G
𪎻	ショウ
𪎽	シュ:G シュウ:K ツ:G トウ:K
𪎾	テン
𪏀	チ
𪏁	テン:K デン:G
𪏂	テン:K デン:G
𪏅	ケイ
𪏆	タン:K トン:G
𪏇	イ
𪏈	サク:K シャク:G
𪏉	テン
𪏊	セン ベン:K メン:G
𪏋	テン
𪏌	ヨウ
𪏍	コウ
𪏏	キ
𪏐	チ
𪏑	コウ
𪏒	コウ
𪏓	オウ:G コウ:K
𪏔	ウン
𪏕	キ
𪏗	セン ヘン
𪏘	トウ
𪏙	オウ:G コウ:K
𪏚	ウン
𪏛	ユウ
𪏜	トウ
𪏝	タン
𪏞	カイ
𪏟	バク
𪏠	コウ
𪏡	トウ
𪏢	コウ
𪏤	カイ:K ケ:G
𪏥	コウ
𪏦	テン:K デン:G
𪏧	ロウ
𪏨	サク:K シャク:G
𪏩	ズイ
𪏪	コウ
𪏫	ヒョウ
𪏬	コウ
𪏮	ジョ:K ニョ:G
𪏯	レイ
𪏰	コウ
𪏲	ジュウ ニュ
𪏳	コ:K ゴ:G
𪏴	キン:K コン:G ゴン
𪏶	ヒョウ:G ホウ:K
𪏷	ダ
𪏸	デイ:K ナイ:G
𪏹	コ
𪏺	ヒツ:K ビチ:G ヘツ:K ベチ:G
𪏻	コ:K ゴ:G
𪏼	リ
𪏽	コウ
𪏿	チュ
𪐀	ダ:K ナ:G
𪐂	カン:K ケン:G
𪐃	フ:G ホウ:K
𪐄	ハイ:K ヒ ヘ:G
𪐇	デン:K ネン:G
𪐈	トウ
𪐉	コ
𪐋	レン
𪐌	ジツ ジョク ニキ
𪐍	レン
𪐎	バ:K ビ:K ミ:G メ:G
𪐏	タク チャク:G テキ:K
𪐑	チ
𪐒	フク
𪐓	カ:K ケ:G サ:K ジャ:G
𪐔	イ
𪐕	ケイ
𪐖	ル:G ロウ:K
𪐗	コク
𪐘	イ
𪐙	ホク
𪐚	エイ
𪐛	ゲイ
𪐜	アン
𪐝	タイ:K ダイ:G
𪐞	ツ:G ト:K
𪐟	カン:K ガン:G
𪐠	トン
𪐣	エイ
𪐤	ウ:G ユウ:K
𪐥	タイ
𪐦	コウ
𪐧	ショ:K ジョ:G
𪐨	タン
𪐩	ベキ:K ミャク:G
𪐪	タツ
𪐫	コク
𪐬	ガン
𪐭	エイ
𪐮	シュク ボツ
𪐯	ヨウ
𪐰	ジ
𪐲	シン
𪐳	シン
𪐴	チュ
𪐹	ワイ
𪐺	トウ
𪐻	ケン
𪐿	ホウ
𪑀	カイ:K ケ:G
𪑁	イ
𪑂	サツ:K セチ:G
𪑃	サン
𪑄	ロ
𪑆	イク ヨク
𪑇	アン
𪑈	ゲン
𪑉	バン:K マン:G
𪑊	ショウ
𪑋	ラチ:G ラツ:K
𪑌	ヨク
𪑏	ト
𪑐	ボク
𪑒	トン
𪑓	タン:K ドン:G
𪑔	ロク
𪑕	コン
𪑖	ホン
𪑗	ショウ
𪑘	リョウ
𪑙	カン キン:K コン:G
𪑚	ライ リ
𪑛	バイ
𪑜	チ
𪑝	イキ:G イク キョク ケキ ヨク:K
𪑞	リョウ
𪑣	テン
𪑦	エチ:G エツ:K
𪑧	ジョウ:G チョウ:K リョウ
𪑨	サツ:K セチ:G
𪑩	テン:K デン:G
𪑪	バン:K マン:G
𪑫	タイ
𪑬	ジョウ:G チョウ:K
𪑭	エ:G エイ:K
𪑮	デン:K ネン:G
𪑯	ルイ
𪑰	ヒョウ:G ヘイ:K
𪑱	アク オク
𪑲	エツ
𪑳	シン
𪑷	ガイ
𪑸	ベキ
𪑹	カイ
𪑻	コウ
𪑼	ケン
𪑽	サイ
𪑾	ジョク:K ニク:G
𪑿	シ
𪒀	ハン:K バン:G
𪒁	レイ
𪒂	トウ ボク:K モク:G
𪒃	ヨク
𪒄	ベキ:K ミャク:G
𪒆	シツ
𪒇	ボク
𪒈	アン
𪒊	セキ
𪒋	ハン
𪒍	ビョウ
𪒏	ロク
𪒐	ベキ
𪒑	シャク:G セキ:K
𪒒	チュ チョウ
𪒓	ロ
𪒔	リ
𪒕	イ
𪒖	エイ
𪒘	ジョウ:G チョウ:K
𪒙	サチ:G サツ:K
𪒚	レイ
𪒛	ズイ タイ
𪒜	カイ:K ケ:G バイ:K バツ:K マチ:G メ:G
𪒝	アン
𪒞	エン
𪒟	ソウ:K ゾウ:G
𪒠	アン:K エン:G
𪒡	タイ:K ダイ:G デ
𪒢	ホク
𪒣	ウチ:G ウツ:K
𪒧	タン
𪒩	カチ:G カツ:K
𪒪	バイ:K メ:G
𪒫	ケン
𪒬	ジュウ ニュ
𪒭	キン:K ゴン:G
𪒮	テン
𪒯	キン:K ゴン:G
𪒰	ホン
𪒲	ギョウ
𪒴	タイ:K ダイ:G
𪒹	カン シン
𪒺	ライ:G レイ:K
𪒻	アン
𪒼	サツ
𪒾	タン:K ドン:G
𪒿	ズ トウ:K ドウ:G
𪓀	リャク:G レキ:K
𪓁	タイ
𪓃	ジョウ:K ニョウ:G
𪓄	サン:K ザン:G
𪓅	ソウ
𪓆	タン
𪓉	ウツ オチ
𪓊	ウチ:G ウツ:K
𪓋	ベイ
𪓌	サイ:K セ:G
𪓎	ヘン:K ベン:G
𪓏	ヘン ベン:K メン:G
𪓐	ソ
𪓑	ボウ
𪓒	ゲン
𪓓	キュウ
𪓔	キュウ
𪓕	ボウ
𪓖	ボウ
𪓘	ザン
𪓛	オウ:K ヨウ:G
𪓜	ハ
𪓝	ボウ
𪓞	ク:G コウ:K
𪓟	ク:G コウ:K
𪓢	ベイ
𪓤	ワイ
𪓥	ベイ
𪓧	シン
𪓨	チョウ
𪓩	ク
𪓬	ベイ メイ
𪓭	セツ
𪓮	カチ:G カツ:K
𪓯	ベイ
𪓰	シュウ シュク
𪓱	ヨウ
𪓲	チョウ
𪓴	ゴウ
𪓵	シュク
𪓶	ゴウ
𪓷	ケイ ゲイ
𪓸	タ
𪓹	バ:K メ:G
𪓻	シ
𪓼	テン
𪓽	タ
𪓾	ゴウ
𪓿	シ
𪔀	ベツ
𪔁	シュウ
𪔂	テイ
𪔃	キョウ:G ケイ:K ケン
𪔄	シ
𪔅	ウン エン
𪔆	カン
𪔈	ウン
𪔊	セイ
𪔋	キャク:G ケキ:K
𪔎	コ
𪔏	チン
𪔐	コ
𪔑	ビョウ:G ホウ:K
𪔔	ホウ
𪔕	トウ
𪔖	ジュ ズ:G チュウ トウ:K
𪔗	イン エン:K オン:G
𪔘	コウ
𪔙	エン
𪔛	トウ
𪔜	トウ
𪔝	ズ:G トウ:K
𪔟	カ
𪔢	リュ リュウ
𪔣	ク:G コウ:K
𪔤	チョウ
𪔥	イン エン
𪔦	ズ:G トウ:K
𪔧	チョウ
𪔨	コ
𪔩	カン:K ゲン:G
𪔪	シュウ チョウ
𪔬	ソウ
𪔮	コウ
𪔯	セキ
𪔰	イン:K オン:G
𪔱	イン エン
𪔳	ズ:G トウ:K ホウ:K ボウ:G リュ リュウ ル:G ロウ:K
𪔵	フン
𪔶	トウ
𪔷	ホウ リュ リョウ
𪔸	チョウ
𪔺	ジン:K ニン:G
𪔻	シュウ
𪔼	シュン
𪔽	イン
𪔾	ビョウ:G ヘイ:K
𪔿	ハツ ホク
𪕀	ガン:K ゲン:G
𪕁	ジン:G チン:K
𪕂	ホク
𪕃	ホウ:K ボウ:G
𪕄	シュウ
𪕆	キャク:G ケキ:K
𪕇	コウ
𪕈	ビ:K ミ:G
𪕉	コ
𪕊	シ
𪕋	リュウ:K ル:G
𪕌	リョウ:G レイ:K
𪕍	キョウ:G ケイ:K
𪕎	ジョウ ニュ
𪕏	ユウ
𪕑	シ
𪕒	ビョウ:G ヘイ:K
𪕓	コウ
𪕔	ジ:K ニ:G
𪕗	コウ
𪕘	カク
𪕚	リュウ
𪕛	カン
𪕜	ゴ
𪕝	ショク:K ソク:G
𪕞	シュン
𪕟	ハイ
𪕤	エン
𪕦	キュウ
𪕧	テイ
𪕨	ジ:K ニ:G
𪕩	チャク:G テキ:K
𪕪	スイ
𪕫	ヨウ
𪕬	テイ
𪕭	アイ エイ
𪕮	コ:K ゴ:G
𪕯	ギャク ケキ ケツ:K ゲチ:G
𪕱	コ
𪕴	リ
𪕵	シ
𪕶	アク エキ:K ヤク:G
𪕷	コク
𪕸	コク
𪕹	トウ:K ドウ:G
𪕺	ホウ
𪕽	シ
𪕾	コ
𪕿	キュウ:K ク:G
𪖀	サク:K シャク:G
𪖁	シュ:G ショウ:K
𪖂	リ
𪖃	コク
𪖄	コウ
𪖅	フン
𪖆	ハツ
𪖇	ハン:K ボン:G
𪖈	ホク
𪖉	セイ
𪖋	セツ:K ゼチ:G
𪖌	ロ
𪖍	リャク:G レキ:K
𪖎	サン:K ザン:G
𪖏	ク
𪖐	アツ:K エチ:G キョウ:K ギュウ ギョウ:G グ
𪖑	キョウ
𪖒	キュウ
𪖓	キュウ
𪖕	カイ:K ケ:G
𪖗	コウ
𪖚	テン
𪖛	キュウ:K ク:G
𪖜	クツ
𪖞	ヒ
𪖡	ゴツ
𪖢	カイ:K ケ:G
𪖣	テイ
𪖤	ゴツ
𪖥	キ
𪖦	タイ:G テイ:K
𪖧	シン
𪖨	コウ
𪖩	キク コク
𪖪	キ
𪖮	テイ
𪖯	ヘン
𪖰	テイ
𪖳	レン
𪖵	オウ
𪖶	ソチ:G ソツ:K
𪖷	リョウ
𪖻	キュウ
𪖼	シン
𪖽	シン
𪖾	カイ
𪗁	リャク:G レキ:K
𪗂	サン:K ザン:G
𪗅	セイ
𪗆	ザイ:G セイ:K
𪗇	サイ:G ザイ セイ:K
𪗉	シ
𪗊	セイ
𪗋	シ
𪗌	セイ
𪗍	サイ:G ザイ セイ:K
𪗏	ザイ:G セイ:K
𪗐	シ
𪗑	シ
𪗒	サイ
𪗔	ハチ:G ハツ:K
𪗖	キョ
𪗘	ケツ
𪗙	カン:K ガン ゲン:G ゴン
𪗚	ケツ コツ
𪗛	ガン:K ゲン:G ゴン
𪗜	コウ:K ゴウ:G
𪗝	ドウ:K ノウ:G
𪗞	キ
𪗟	ケツ
𪗠	シン
𪗡	ゴウ
𪗢	カイ
𪗣	カイ
𪗤	ガン:K ゲン:G
𪗥	シン
𪗦	タン
𪗧	シ
𪗨	シチ:G シツ:K ジチ
𪗩	チ
𪗪	シ チ
𪗫	チチ:G チツ:K テツ:K デチ:G
𪗬	サ:K シャ:G
𪗭	サ タ
𪗯	ギン
𪗲	レイ
𪗴	ジョウ
𪗵	タ
𪗶	サイ シ
𪗷	ゲイ
𪗸	ベイ ミョウ
𪗹	ガイ
𪗺	シ
𪗻	チチ:G チツ:K テツ:K デチ:G
𪗽	カチ:G カツ:K ゲチ
𪗾	カツ:K ケチ:G ゲチ
𪗿	ラツ
𪘀	ヒョウ:G ヘイ:K ヘン:K ベン:G
𪘁	ギョウ コウ:K ゴウ:G トウ
𪘂	ゲツ
𪘃	イ
𪘄	カン
𪘅	ゲツ
𪘆	キュウ
𪘇	タイ
𪘊	ガク
𪘋	ギ
𪘍	タン
𪘎	ギン
𪘏	サク シュク ショク
𪘐	ガ
𪘑	サン
𪘒	ガン ゴン
𪘓	サ:K ザ:G
𪘔	セイ ラツ
𪘕	タ:K ダ:G
𪘖	ゲツ
𪘗	タ:K ダ:G
𪘘	コウ
𪘛	サク
𪘜	タイ
𪘝	サン
𪘟	コン
𪘠	サ
𪘡	サ
𪘢	カツ
𪘣	ガ
𪘤	ショウ:G ソウ:K
𪘥	ケツ ライ
𪘦	ケン
𪘧	サツ シチ:G シツ:K セツ:K ゼチ:G ソツ ゾチ
𪘨	タイ
𪘩	グン
𪘪	サン セン:K ゼン:G
𪘬	ガイ:K ギ ゲ:G
𪘭	コツ
𪘮	ソク
𪘰	ガク
𪘱	シ
𪘲	ガイ:K ギ ゲ:G シ
𪘳	ヤク
𪘴	シュウ
𪘶	カン
𪘷	ショ
𪘸	シュウ
𪘹	カツ:K ガチ:G
𪘺	カ:K ケ:G
𪘼	ラチ:G ラツ:K
𪘽	ガク
𪘾	ソウ
𪘿	サイ
𪙀	ショ:G ソ:K
𪙁	サ
𪙂	ラツ
𪙃	ゴウ
𪙅	サン
𪙆	セツ
𪙇	セツ
𪙈	コツ:K ゴチ:G
𪙉	シ
𪙊	ガン:K ゲン:G
𪙋	シ
𪙌	セチ:G セツ:K
𪙍	ハク
𪙎	ショウ:G ソウ:K
𪙏	カイ:K ガイ:G
𪙐	シ
𪙑	セツ
𪙒	ソウ
𪙓	ゲツ
𪙔	タイ
𪙖	ケン
𪙗	シュウ
𪙘	セイ
𪙙	セイ
𪙚	セツ
𪙛	ジョク ニキ
𪙜	チツ
𪙝	ショウ:G ソウ:K
𪙞	サン:K セン:G
𪙟	キン:K コン:G
𪙢	タイ
𪙤	ギン:K ゴン:G
𪙥	セツ
𪙦	サイ:K セ:G
𪙧	キ:K ゲ:G
𪙨	カン:K ケン:G
𪙩	カン:K ケン:G
𪙪	レキ
𪙫	ク
𪙬	シ
𪙭	ソウ
𪙮	サク
𪙯	アチ:G アツ:K
𪙰	カツ:K ケチ:G ロウ
𪙲	コン
𪙴	ギ
𪙵	サ
𪙶	シ
𪙷	ロウ
𪙸	シ
𪙹	チュウ
𪙺	リ
𪙻	サツ
𪙼	サ
𪙽	リャク:G レキ:K
𪙾	ギン
𪚀	レン
𪚁	レン
𪚂	ハク
𪚃	サン:K ザン:G
𪚄	レン
𪚇	シャク
𪚈	ハク
𪚉	テン
𪚋	ガツ
𪚍	シ
𪚎	タイ
𪚑	リュ リョウ
𪚒	ケン
𪚓	ル:G ロウ:K
𪚕	カン
𪚖	ロウ
𪚗	ロウ
𪚘	ル:G ロウ:K
𪚙	レイ
𪚜	ケン
𪚝	リョウ
𪚞	ロウ
𪚟	ケン
𪚠	リュ リョウ
𪚢	ボウ
𪚥	テチ:G テツ:K
𪚦	キ
𪚧	キ
𪚨	キ
𪚫	ダン
𪚬	カン:K コン:G
𪚭	ク:G コウ:K
𪚮	ゼン:K ダン:K ナン:G ネン:G
𪚯	ショク:K ソク:G
𪚰	ショウ
𪚱	ショウ
𪚳	ダン
𪚵	コウ
𪚶	ク:K グ:G
𪚸	キョ:K コ:G
𪚹	ジュ チュ
𪚺	キュウ:K ク:G
𪚻	オウ:K ヨウ:G
𪚼	シュウ
𪚽	トウ
𪚾	バイ
𪚿	キ
𪛀	ギョウ:G コウ:K
𪛁	シュウ
𪛂	エ:G ケイ:K
𪛃	ク
𪛈	リョウ:G レイ:K
𪛊	ギン:K ゴン:G チン
𪛋	ショウ
𪛍	チ
𪛎	ヒ
𪛏	アン:K エン:G
𪛐	スイ
𪛑	スイ
𪛒	レン
𪛓	ロク
𪛔	チ
𪛕	ショウ
𪛖	ショウ
𪜬	ト ヨ
𪝒	カ
𪞖	ハン
𪞗	ネイ
𪞙	ブン
𪞮	レイ
𪟄	サク
𪠘	カイ
𪠲	シュ ボツ
𪥄	タ:K ダ:G ダイ:G テイ:K
𪧟	ネイ
𪪺	グ:G コウ:K
𪬃	カン:K ケン:G セン
𪭺	ラチ:G ラツ:K レチ:G レツ:K
𪮲	ショウ:K ゾウ:G ヨウ
𪯙	テキ
𪰧	コウ
𪲧	ショウ
𪳏	リョウ:K ロウ:G
𪷂	ボ
𪷤	リン
𪻅	エン
𪻘	タン
𪿢	ハク:K ヒ ヒャク:G ビ:K ビャク:G ヘイ ヘキ:K ミ:G
𫂉	セチ:G セツ:K
𫃜	コウ
𫃵	リュウ ル:G ロウ:K
𫈴	ハイ ハツ:K ホチ:G
𫉬	カ:K カク:K ゲ:G コ ワク:G
𫊞	ガク ギャク
𫊫	ショウ:G ソウ:K
𫋐	グ:G コウ:K
𫋾	コ
𫎇	ボウ:K モウ:G
𫏄	エイ テイ
𫒀	エツ:K オチ:G
𫔟	ハツ:K バツ ボチ:G
𫕅	サイ:G シ セイ:K
𫖢	ケン:K ゲン:G
𫜺	ホウ
𫝀	ゴ
𫝁	ボウ
𫝂	ショ
𫝃	ジ:K ニ:G
𫝄	キュウ:K ク:G
𫝆	キン:K コン:G
𫝇	ミョウ:G メイ:K
𫝉	ソウ
𫝊	デン
𫝌	ヨ
𫝍	コウ
𫝐	ゼン
𫝑	セイ
𫝒	ヒ
𫝓	キョウ:K ギョウ:G
𫝔	ギョウ
𫝕	シン:K ジン:G
𫝖	ソ
𫝗	コウ
𫝝	ガン:K ゲン:G ゴン
𫝟	チュ チョウ
𫝠	ダン
𫝡	キ タ:K ダ:G
𫝢	ショウ
𫝤	シュ:G ソウ:K
𫝯	ガク
𫝱	ネイ
𫝲	コウ
𫝳	コ
𫝶	サ:K ザ:G
𫝷	ザ
𫝸	ゲン
𫝹	ネン
𫝼	ハチ:G ハツ:K バチ バツ ボチ
𫞀	ゾク
𫞂	ギョク ヨウ
𫞃	ショウ
𫞄	シン
𫞇	リュウ ロウ
𫞉	リュウ
𫞋	シュ:G ショウ:K
𫞍	ダン
𫞎	キョウ
𫞏	キョウ
𫞐	ケン:K ゴン:G
𫞒	レキ
𫞓	サイ:G セイ:K
𫞕	シ
𫞖	ミン
𫞘	エン
𫞙	ボ
𫞜	マン
𫞞	カン
𫞟	イ
𫞤	エン
𫞪	ジン
𫞬	ギョウ:G ケイ:K
𫞮	テキ
𫞯	エイ
𫞰	エイ:K ヨウ:G
𫞱	エン
𫞲	シン
𫞴	サイ
𫞵	ソ
𫞹	ク:G クウ コウ:K
𫞺	セチ:G セツ:K
𫞽	サ サイ
𫞾	ヘイ
𫟁	カ:K ゲ:G
𫟈	ビ
𫟉	シキ:G ショク:K トク ヨク
𫟋	ヨ
𫟌	ガイ
𫟍	エン:K オン:G
𫟎	コウ
𫟏	ズ:G ツ ト:K
𫟒	ヨウ
𫟓	カン:K ガン:G
𫟔	カチ ケツ
𫟖	ゾウ
𫟘	エイ
𫟙	エイ
𫟚	リ
𫟛	タン
𫟜	カン:K ケン:G
𫟝	ジョウ
𫟨	エン:K オン:G
𫟪	ヘン
𫟯	ジュウ チョウ
𫟰	ショウ:G ソウ:K トウ
𫟱	チュウ
𫠃	シュ
𫠉	バ
𫠓	チョウ
𫠔	エン:K オン:G
𫠕	オウ:K ヨウ:G
𫠘	ユ:G ユウ:K
𫠚	シュツ セキ
𫠝	ベツ
𫠥	ル:G ロウ:K
𫢏	テイ
𫤘	ゲイ ジ:K ニ:G
𫤰	ヨ
𫦱	キョク:K コク:G ボウ
𫧤	ハク:K バク:G
𫨻	タン:K ダン:G
𫩧	カン:K ガン:G ゴン
𫮅	シン
𫮍	キ サイ
𫯱	オウ
𫯹	ハン:K ヘン ボン:G
𫰟	コウ:K ゴウ:G
𫳐	サイ
𫶝	ガン
𫶧	クン
𫷊	シン
𫺔	クン
𫻃	ダ
𫾭	チュウ
𫾻	イ
𬀻	ボク:K ムツ モク:G リク
𬃪	イ
𬃷	ソウ
𬄕	シュウ
𬅕	ウツ オチ
𬆔	タ
𬆕	ヘン
𬆛	ドウ:K ノウ:G
𬆲	キ
𬇕	マン
𬈑	ベイ ベキ ミョウ:G メイ:K
𬈬	イン:K オン:G
𬉹	シャ シャク:G セキ:K
𬋈	ショウ:K ジョウ:G
𬌲	キュウ ユ:G ユウ:K ヨウ
𬎨	タ:K ダ:G
𬎾	ヨウ
𬒲	ハイ:K バイ フチ フツ ヘ:G
𬒳	ヒ
𬓆	タン デン
𬓲	テイ
𬗚	ケン
𬚹	ワ
𬚽	ケイ
𬛜	ヒン:K ビン:G
𬜒	ハン
𬜻	サイ:K スイ:K ズイ:G セ:G
𬞼	イ
𬟓	クン
𬟘	スイ
𬡥	チョウ:G テイ:K
𬥁	シュ:G シュウ:K ジュ
𬦌	エツ:K オチ:G カツ
𬫝	ショウ
𬮦	カン:K ケン:G ワン
𬯵	キョク ク:K グ:G
𬰁	サイ:G ザイ セイ:K
𬳯	サン
𬹵	ダ
𬺳	バン:K マン:G
𬺵	ツ:G ト トウ:K
𬺶	カイ カツ
𬺸	ヒョウ:G ヘイ:K
𬺺	ヒョウ:G ヘイ:K
𬺻	シ
𬻁	コウ
𬻂	シュウ
𬻆	ア アン オ
𬻇	サイ
𬻈	シュ:G シュウ:K ス スウ
𬻉	ク:G コ:K
𬻎	カ
𬻐	ショ
𬻑	シュ:G シュウ:K ス スウ
𬻒	イ
𬻕	ユ:G ユウ:K
𬻘	シュ:G シュウ:K ス スウ
𬻛	キョ
𬻜	ブ:K ム:G
𬻝	ブ:K ム:G
𬻞	ズ:G トウ:K
𬻥	エイ ケイ スイ セイ
𬻵	ケン
𬻷	カ タン:K ダン:G
𬻻	オウ キョウ:G コウ:K
𬻿	イ:K エ:G ヤ
𬼈	フウ
𬼌	ヒョウ:G ヘイ:K
𬼍	カク ツ:G トウ:K
𬼖	ボウ:K モウ:G
𬼘	シ
𬼙	ジョウ:G チョウ:K
𬼚	ジョウ:G チョウ:K
𬼜	イ ショク
𬼫	サ シュウ スイ ソウ
𬼸	リョウ
𬼺	ダイ:G テイ:K デ
𬼽	カン:K ガン:G
𬼾	コウ
𬼿	キ キョク
𬽃	エイ:K ヨウ:G
𬽆	カイ:K ガイ:G
𬽇	カイ:K ガイ:G ジュウ
𬽈	ジキ チョク
𬽉	キョウ:G コウ:K
𬽊	キョウ:G コウ:K
𬽋	ソウ
𬽌	ショウ:K ジョウ:G
𬽍	スイ:K ズイ:G ツイ
𬽕	エ:G カイ:K
𬽜	ユ:G ヨウ:K
𬽠	ヘン
𬽡	ショウ ジュウ
𬽣	ハン:K ヘン:G
𬽦	キュウ:K ク:G
𬽧	キュウ
𬽩	サ
𬽫	ト
𬽮	チ ハイ
𬽶	コウ
𬽷	コウ
𬽹	エキ:K ヤク:G
𬾊	チュウ ユ
𬾗	コウ
𬾘	ヒ
𬾚	タイ
𬾨	ヒ
𬾮	チュウ ユ
𬾹	ケン
𬾻	リョウ
𬾿	キョウ:K ギョウ:G
𬿦	キョウ:G ケイ:K
𬿲	オウ:G ユウ:K
𬿻	チュウ トウ
𭀀	ヒン
𭀉	シュク
𭀗	イン エン
𭀘	エイ タイ ダ
𭀙	エイ タイ ダ
𭀚	シュウ:K ジュウ:G
𭀜	エイ タイ ダ
𭀝	ガ:K ゲ:G
𭀟	チョウ
𭀠	メン
𭀡	ジョウ:G チョウ:K
𭀣	ツ:G ト:K
𭀥	ツ:G ト:K
𭀨	コウ
𭀰	サン:K ザン:G
𭀱	サン:K ザン:G
𭁄	ゲキ ハク
𭁆	イツ シチ
𭁇	アイ ヨ
𭁈	アイ ヨ
𭁉	ヨ
𭁐	ケン
𭁔	カン
𭁕	ヨ
𭁠	ゼン:K ネン:G
𭁡	サ サイ
𭁢	リョウ
𭁣	ショウ
𭁩	コウ
𭁪	コウ
𭁫	コウ
𭁭	ヘイ
𭁯	コウ
𭁳	フウ ホウ
𭁷	ベイ メイ
𭁺	カン
𭁻	フ:G フウ:K フク
𭁼	シ ゼ
𭂁	シャ
𭂅	ケン
𭂎	ヨウ
𭂑	シュク
𭂓	シュン:K ジュン:G
𭂜	シ シツ セツ
𭂫	ボン
𭂬	ガ:K ゲ:G
𭂯	キョウ:G コウ:K
𭂾	エン
𭃄	サイ セツ
𭃅	ガイ
𭃆	ガイ
𭃌	カツ ケイ
𭃚	カツ ケイ
𭃡	ショ
𭃥	セイ
𭃨	ショ
𭃭	セイ
𭃰	ワン
𭃱	シュ:G シュウ:K
𭃲	タツ テツ
𭄏	ケキ ゲキ
𭄘	リュウ
𭄞	フン:K ブ ブン:G
𭄣	セイ
𭄥	ド
𭄧	イ
𭄫	ユウ:G ヨウ:K
𭄳	ショ:K ジョ:G ソ チョ
𭄴	トウ:K ドウ:G
𭄿	カン:K ケン:G
𭅁	キ
𭅃	カン:K ケン:G
𭅅	カイ カツ キョウ
𭅊	トウ:K ドウ:G
𭅐	キ:K ギ:G
𭅑	カン:K ケン:G
𭅒	サ シ
𭅘	オウ キョウ
𭅝	エン:K オン:G
𭅟	コウ
𭅡	ヒ
𭅩	シュチ:G シュツ:K スイ ソツ ルイ
𭅯	ク:G コ:K
𭅰	ク:G コ:K
𭅲	セチ:G セツ:K
𭅳	イン ギョウ:G ゴウ:K
𭅴	イン ギョウ:G ゴウ:K
𭅵	ボウ:K ミョウ:G
𭅺	ロウ
𭅼	キョウ:G コウ:K ゴウ
𭅽	キョウ:K ゴウ:G
𭆃	シン:K ジン:G
𭆆	チ リ
𭆇	カチ クツ ケツ コチ
𭆉	チ リ
𭆏	カチ クツ ケツ コチ
𭆐	カン ギン:K ゴン:G タン
𭆒	ドウ:K ヌ ノウ:G
𭆔	キ
𭆙	シュン
𭆞	サン シン
𭆡	セン:K ゼン:G タン:K ダン:G
𭆢	ケン
𭆤	サン シン
𭆥	ハン:K ヘン ホン:G
𭆪	ス:G ソウ:K
𭆫	ス:G ソウ:K
𭆬	カ:K ケ:G ゲ
𭆯	ハン:K バン ホン:G
𭆶	キョウ:G ケイ:K ケン
𭇁	ガ:K ギョ:K ゲ:G ゴ:G
𭇊	ロク
𭇑	サイ
𭇗	コウ
𭇢	トウ:K ドウ:G
𭇥	カン:K ガン:G ゴン
𭇪	ケイ
𭈆	アイ
𭈝	ケイ
𭈬	ソウ
𭈹	ゴウ
𭈼	セン:K ゼン:G タン:K ダン:G
𭉇	タク
𭉈	サ:K シャ:G
𭉘	オウ キュウ:K ク:G
𭉠	シュウ:K ジュ:G ス
𭉩	トウ
𭉵	セン タン:K ダン:G
𭉿	アイ エ サ:K セ:G
𭊌	キョ:K コ:G
𭋆	キョウ:G ケイ:K
𭋘	ジャク:K ニャク:G
𭋛	ドウ:K ノウ:G
𭌌	ドウ:K ノウ:G
𭌔	ガン:K ゲン:G ゴン
𭌦	シ
𭌰	ケツ:K ゲチ:G ゲツ
𭍞	モク
𭍠	シキ:G ショク:K
𭍥	シキ:G ショク:K
𭍦	コク
𭍻	ザ
𭍼	ショウ:G ソウ:K
𭎀	キン
𭎅	トチ
𭎎	コウ
𭎕	エン:K オン:G
𭎙	キン:K コン:G ゴン
𭎛	ウ
𭎜	トウ
𭎢	ヤ
𭎤	エン:K オン:G カン:K ガン:G
𭏍	ジョウ
𭏕	トウ
𭏛	エン
𭏾	ビン フン
𭐀	ダン
𭐕	ヒョウ:G ビョウ ホウ:K ボウ
𭐖	シュウ:K ジュ:G
𭐙	ジュ
𭐝	ハチ:G ハツ:K
𭐢	カ
𭐣	カ フク
𭐥	カ
𭐦	ヘン
𭐫	アイ エ
𭐬	キョウ:G ケイ:K ケン
𭐱	キ:K ギ:G
𭐳	シュク
𭐴	シュ:G シュウ:K ス スウ タ
𭐸	ヒ
𭑃	カ:K ク:G ケ:G コ:K
𭑅	イ
𭑊	カン:K ゲン:G コン
𭑏	カン
𭑑	ガイ ケイ
𭑒	カン
𭑕	キツ ケイ ケツ セツ
𭑖	イチ
𭑘	ショウ:G ソウ:K
𭑞	ギョ
𭑟	ジョウ:G チョウ:K テイ テン:K デン:G
𭑣	フン
𭑨	アン
𭑯	フ
𭑿	イ
𭒔	キ
𭒗	キ
𭒞	カン:K ゲン:G
𭒡	ケン:K ゲン:G
𭒭	ライ:G リ レイ:K
𭒼	ミ
𭒽	ソ
𭓂	ソン
𭓇	ガク
𭓔	シュク:K ジュク:G
𭓕	カク:K ガク:G
𭓗	カク:K ガク:G キョウ:G コウ:K
𭓘	ガク
𭓩	ウツ エン:K オン:G カイ:K ガイ:G
𭓯	カイ:K カツ:K ガイ:G ガチ:G
𭓳	シン
𭓻	ビツ:K ミチ:G
𭓾	ク:G コウ:K
𭓿	ベイ ベキ:K ベン:K ミャク:G ミョウ:G メイ:K メン:G
𭔀	ビツ:K ミチ:G ミツ
𭔃	キ
𭔄	デイ ニョウ:G ネイ:K
𭔌	ビン:K ベン:K ボウ:K ミョウ:G ミン:G メン:G
𭔟	ホウ
𭔬	ショウ:G ソウ:K
𭔱	ジョク:K ニク:G
𭔵	フ:G フウ ホウ:K
𭔶	シュウ
𭔸	タイ ツイ
𭔹	タイ ツイ
𭔾	タイ ツイ
𭔿	ソン
𭕇	テン
𭕉	ヨウ
𭕋	ライ:G リ レイ:K
𭕍	アン
𭕐	シュウ:K ジュ:G
𭕒	シュウ:K ジュ:G
𭕘	ビ:K ミ:G
𭕙	ビョウ:G ヘイ:K
𭕝	サイ:G セイ:K
𭕥	カ リ
𭕭	シュ:K ショク:K ス:G ソク:G ゾク
𭕾	チュン トン:K ドン:G
𭕿	チュン トン:K ドン:G
𭖀	イ
𭖃	デ
𭖌	ショ:G ソ:K
𭖒	ホウ
𭖱	キョ:K コ:G
𭗃	トウ
𭗇	トウ
𭗒	ビ:K ミ:G
𭗓	ショウ:G セイ:K チ チョウ
𭗕	ガン:K ゲン:G ゴン
𭗪	ガイ キ:K ギ:G
𭗭	ガン:K ゲン:G ゴン
𭗻	キョウ:G ケイ:K
𭗼	ドウ:K ノウ:G
𭗾	ドウ:K ノウ:G
𭗿	ギツ ゴチ レチ:G レツ:K
𭘀	シュウ:K ス:G
𭘆	フ ブ:K ム:G
𭘊	キ:K ギ:G
𭘍	イ キ
𭘣	イ エ:G カイ:K
𭘧	タイ
𭘩	チョウ ヨウ
𭘾	ネン
𭙌	キ:K ケ:G ゲ
𭙗	タイ:G テイ:K
𭙧	ショ
𭙶	オウ:K ヨウ:G
𭙺	ジャク:G セキ:K
𭚃	サイ:G ザイ シ セイ:K セン
𭚒	エン
𭚓	エン
𭚘	カイ キツ ケイ ケツ セツ
𭚟	ニ
𭚡	シキ:G ショク:K チキ:G チョク:K トク
𭚥	キュウ:K ク:G
𭚨	イ
𭚴	コウ
𭚶	ビ:K ミ:G
𭚸	キョウ:G コウ:K ゴウ
𭚹	キョウ:G コウ:K ゴウ
𭚼	キョウ:G コウ:K ゴウ
𭛁	ハツ:K ホチ:G ホツ
𭛅	ビ
𭛍	ウ
𭛝	エイ
𭛠	エキ:K ヤク:G
𭛧	ライ
𭛩	キョウ:G ケイ:K
𭜈	テツ
𭜍	ス:G ソウ:K
𭜎	ボウ:K モウ:G
𭜐	ゴ
𭜑	キョウ
𭜡	コウ
𭜣	キュウ
𭜤	キュウ
𭜥	ウン エン:K オン:G
𭜦	キョウ:K ク:G
𭜧	シチ:G シツ:K
𭜮	キョウ タイ
𭜳	イン:K オン:G
𭜴	キョウ
𭜵	イン:K オン:G
𭜶	キチ:G キツ:K
𭝝	シ
𭝠	シチ:G シツ:K
𭝡	コウ
𭝢	ヒ
𭞁	シュ:G ショウ:K
𭞅	ソウ:K ゾウ:G
𭞌	ケン:K コン:G
𭞏	タイ
𭞐	リョ:K ロ:G ロク
𭞘	エン
𭞞	カン
𭞥	キョ:K ゴ:G
𭞵	ソン
𭞹	カン
𭟄	レン
𭟞	イキ:G オク ヨク:K
𭟯	サン:K ザン シン セン:G ヘン
𭟱	モ
𭟲	セン
𭟶	シュウ
𭟼	キ:K ギ:G ゲ サ
𭟾	キ:K ギ:G ゲ サ
𭠂	キョク:K ゴク:G
𭠅	ライ:G リ レイ:K レチ:G レツ:K
𭠉	コウ
𭠍	サイ:K ザイ:G
𭠘	ズ:G トウ:K
𭠠	ハイ:K ヘ:G
𭠡	キョウ:K ギョウ:G ショウ:K ジョウ:G
𭡈	ショウ
𭡠	ダツ ナチ ナツ
𭡸	ショウ:G ソウ:K
𭢅	キョ:K コ:G ヨ
𭢆	リョ:K ロ:G
𭢧	トウ
𭢫	ラク リャク:G レキ:K
𭢯	ショウ ジョウ:K ドウ ニョウ:G
𭣄	ラン
𭣔	キ:K ギ:G シ ハク ホク:K ボク:G
𭣚	サン
𭣢	ユ:G ユウ:K
𭣣	シュウ
𭣩	セチ:G セツ:K
𭣬	シュク ソク
𭣯	サク:K シャク:G
𭣰	サイ:G サチ:G サツ:K シ セイ:K セチ:G セツ:K
𭣱	サイ:G サチ:G サツ:K シ セイ:K セチ:G セツ:K
𭣴	チキ:G チョク:K
𭣵	ハツ:K ホチ:G ホツ
𭣸	タイ タン:K チョウ トン:G
𭣹	サン
𭣺	ハツ:K ホチ:G ホツ
𭣻	ヒ
𭣾	タイ タン:K チョウ トン:G
𭤀	カイ カツ:K ケチ:G
𭤁	キャク:G キョウ ケキ:K ヤク
𭤂	キャク:G キョウ ケキ:K ヤク
𭤃	カ
𭤋	ス スウ
𭤏	ガン:K ゲン:G ゴン
𭤓	ライ:G リ レイ:K
𭤘	サイ:G セイ:K
𭤙	ビン:K フン ミン:G
𭤛	ブン ヘン
𭤟	セキ タク ヘン
𭤠	キン
𭤥	チョウ:G テイ:K
𭤧	ホウ
𭤩	グ:G コウ:K
𭤮	イ シ
𭤽	キョウ:G コウ:K ゴウ
𭥆	セン
𭥍	シ
𭥎	シ
𭥗	バイ ボウ:K ボク:K モウ:G モク:G
𭥜	ショ チュウ
𭥟	イン
𭥦	コウ
𭥧	ショウ
𭥫	イ ボウ ボク
𭥬	カン
𭥭	アチ:G アツ:K カツ
𭥸	ショウ
𭦀	キョウ
𭦃	シャク:G セキ:K
𭦌	ソウ
𭦗	バン:K マン:G
𭦙	シン
𭦚	コウ
𭦩	キョウ:K ギョウ:G
𭧂	ハク:K ホウ:K ホク:G ボウ:G
𭧑	ケチ:G ケツ:K
𭧟	エイ:K ヨウ:G
𭧳	セツ
𭧽	ドウ:K ノウ:G
𭨘	エイ
𭩟	シン
𭩠	ヨウ
𭩡	コウ
𭩥	タ
𭩱	バイ ボウ:K モ:G
𭩲	ショ ジュウ:K ニュウ:G
𭪀	シツ ソウ
𭪁	ライ:G レイ:K
𭪕	ケツ:K ゲチ:G
𭪖	ケツ:K ゲチ:G
𭪗	ショ ジュウ:K ニュウ:G
𭪙	ギュウ ギョウ:G ゴウ:K
𭪛	ケイ ケチ:G ケツ:K
𭪮	ワン
𭪴	ケツ:K ゲチ:G
𭫈	シチ:G シツ:K
𭫒	ケツ:K ゲチ:G
𭫕	ヂン テン:K デン:G
𭫘	ソウ
𭫚	ドウ
𭫜	キツ
𭫝	ソウ
𭫬	ハン:K ヘン ボン:G
𭫸	キョク:K ゴク:G
𭫿	カ
𭬑	ハン
𭬒	レキ
𭬯	クン
𭬳	カン:K ケン:G ゴン
𭭊	イ
𭭋	カチ ケツ
𭭎	カン
𭭓	アイ エ サ:K セ:G
𭭔	キョ:K コ:G
𭭕	カン
𭭩	シュウ ソウ
𭭽	エン:K オン:G
𭭾	シ
𭮀	シ
𭮁	エン:K オン:G
𭮅	コン ラ ラン
𭮈	ボツ:K モチ:G
𭮑	ソン
𭮖	ヒ
𭮣	カン
𭮫	ダン
𭮭	カ:K ケ:G タン:K ダン:G
𭮰	カク コク
𭮱	アン イン エン:K オン:G
𭮳	キ
𭮵	キ
𭮶	キョウ:G ケイ コウ:K セイ
𭮺	テン:K デン:G
𭮻	ケイ ケキ ゲキ
𭮼	ケイ ケキ ゲキ
𭯇	バイ:K マイ:G メ
𭯰	ボウ:K ミョウ:G
𭰁	カイ
𭰉	セイ
𭰊	イン エチ:G エツ:K
𭰋	サン シン
𭰏	セン:K ゼン:G ネン
𭰐	シュウ:K ス:G
𭰖	デイ:K ナイ:G
𭰣	タイ
𭰦	サン セン:K ゼン:G
𭰰	レイ
𭰱	シュウ:K ジュウ:G
𭰹	シン:K ジン:G
𭱁	シチ:G シツ:K
𭱄	ホン
𭱎	バン:K ボン:K マン:G モン:G
𭱚	エイ:K ギョウ ヨウ:G
𭱡	ヒツ
𭱩	マン
𭱪	バン:K ボン:K マン:G モン:G
𭱰	シュン:K ジュン:G
𭱱	ソウ
𭱼	サ ショ
𭱽	バン:K ボン:K マン:G モン:G
𭲃	イツ
𭲄	コウ
𭲋	テツ:K デチ:G
𭲍	サイ:G ザイ セイ:K
𭲑	カン タン
𭲒	シン
𭲞	バン:K ボン:K マン:G モン:G
𭲠	レン
𭲧	セキ
𭲾	シュン
𭳁	シュン
𭳍	シュウ チュウ トウ:K ドウ:G
𭳓	バン:K ボン:K マン:G モン:G
𭳚	ハク:K バク:G ビャク:G ヘキ:K
𭳛	イン
𭳩	リョ
𭳯	サイ:G セイ:K
𭳺	サイ:K シ セ:G
𭳿	サツ
𭴑	エキ エン ケキ
𭴖	カ
𭴙	セン タ テン
𭴚	ア アン:K ウ:G エン:G オ:K
𭴫	ショウ
𭴷	セキ
𭴺	キ キョク コキ
𭴽	ヒ
𭴾	ブ:K ム:G
𭴿	ブ:K ム:G
𭵄	ケン
𭵇	ショウ
𭵈	ケン
𭵜	クン
𭵠	ショウ:K ジョウ:G
𭵡	セン
𭵴	ネツ
𭵼	ショウ:K ジョウ:G
𭶂	ユウ:G ヨウ:K
𭶒	シャク ヤク ラク
𭶗	ショウ
𭶡	ソウ
𭶪	ショウ
𭶸	リャク:G レキ:K
𭷘	シュ:G シュウ:K
𭷣	ケン
𭷰	フ
𭷺	トン
𭸍	ゲイ
𭸒	ボウ:K ミョウ モウ:G
𭸡	リョウ
𭸣	ギ ケン:K コン:G サ
𭸮	ギ ケン:K コン:G サ
𭸵	キュウ
𭸶	タク
𭸼	エイ:K ヨウ:G
𭹕	バイ ボウ:K ボク モウ:G
𭹗	リュウ:K ル:G
𭹣	キョ タク チョウ
𭹲	シュク
𭺆	アイ
𭺛	ガ:K ゲ:G
𭺜	ガ:K ゲ:G
𭺣	サイ
𭺪	カン:K コン:G
𭺫	カン
𭺮	ショウ:K ジョウ:G
𭺳	ゲイ セイ
𭺸	ズ:G トウ:K ユ:G ヨウ:K
𭺺	ジョウ:G チョウ:K ニョウ ヨウ
𭺾	ヒチ:G ヒツ:K
𭺿	シキ:G ショク:K
𭻉	ヒョク フク
𭻊	カイ
𭻌	リュウ
𭻐	タ
𭻥	ハク:K バク:G ヒョク ボウ
𭻨	キョウ:G コウ:K
𭻩	キョウ:G コウ:K
𭻯	キョウ:G コウ:K
𭻰	ジョウ
𭻴	キョウ:G コウ:K
𭻵	ジョウ
𭻸	ジョウ:G チョウ:K
𭻿	ショウ ジョウ:K チ ニョウ:G
𭼂	カ
𭼃	ギ ギツ ギョウ ゴチ
𭼅	ギ ギツ ギョウ ゴチ
𭼋	シツ:K ジチ:G
𭼎	リョウ:K ロウ:G
𭼰	レキ
𭼸	ヨウ
𭼽	ハチ:G ハツ:K
𭼾	キ
𭽁	チキ:G チョク:K ト トウ
𭽂	ハイ:K ハチ:G ハツ:K ヘ:G ホチ ホツ
𭽇	バク:K ボウ:K マク:G ミョウ:G
𭽒	シン
𭽪	シュ:G シュウ:K スウ
𭽸	トウ
𭽼	オン
𭾂	カイ カチ:G カツ:K コウ:K ゴウ:G
𭾆	カン
𭾊	リョ:K ロ:G
𭾋	カン
𭾏	ク:G コ:K
𭾐	リョ:K ロ:G
𭾜	イン シュン:K ジュン:G トン:K ドン:G
𭾟	シ
𭾦	カク コウ
𭾩	カン
𭾪	ギョウ:G ケイ:K セン:K ゼン:G
𭾱	ギョウ:G ケイ:K セン:K ゼン:G
𭿓	ジャク:G ジョウ:K タク:K ニョウ:G
𭿜	ベイ ベン:K ボウ ミョウ:G ミン メイ:K メン:G
𭿪	カク:K キャク:G
𭿵	ボウ:K ム:G
𭿶	ボウ:K ム:G
𭿷	イチ:G イツ:K キチ:G キツ:K ケチ:G ケツ:K
𮀁	ク シン
𮀶	ケン
𮀸	ケン:K ゲン:G
𮁌	カイ カチ:G カツ:K コウ
𮁣	リョウ:G レイ:K
𮁨	サイ:G セイ:K
𮁯	ク:G コ:K
𮁳	カ:K ワ:G
𮂊	フク
𮂏	キョウ:G コウ:K
𮂔	ヒュウ フ フク ホク
𮂚	ショウ:K ゾウ:G トウ:K ドウ:G
𮂜	ジョウ:K ニョウ:G
𮂞	トウ
𮂢	デイ:K ナイ:G ネ
𮂧	サイ:G セイ:K
𮂺	ハツ
𮃁	ショウ
𮃄	タ:K ダ:G
𮃎	ショウ
𮃖	ジュ
𮃛	ケイ
𮃢	ケイ
𮃣	ソ
𮃰	クワ
𮃻	カン
𮄁	ソウ
𮄂	ア ワ
𮄒	ザン
𮄜	スイ
𮄧	フ:G フウ:K
𮄮	ジュン
𮄯	ヨウ
𮄱	メイ
𮄴	ショウ:G ソウ:K
𮄿	トウ
𮅏	ダイ:G テイ:K
𮅔	ハク ブ:G ホ:K ボ
𮅕	サン:K セン:G
𮅞	セン
𮅡	ホ
𮅯	ハン
𮅰	コウ
𮅶	チュウ
𮆨	タン
𮆪	サン
𮆴	レン
𮆽	キク
𮇋	コウ
𮇓	サン
𮇞	スイ
𮇣	リン
𮇩	ス:G ソウ:K
𮇬	ライ:G リ レイ:K レチ:G レツ:K
𮈄	ブン:K モン:G
𮈆	ユウ
𮈋	トウ
𮈑	カツ ケイ ケチ:G ケツ:K
𮈔	シ
𮈛	カツ ケイ ケチ:G ケツ:K
𮈣	コウ
𮈦	リョウ
𮈱	シャク
𮈵	カイ キ ケイ
𮈷	フ
𮉈	ケン
𮉗	ロ
𮉟	サイ:K シ セ:G リ
𮉰	スイ:K ズイ:G ツイ
𮉱	ケツ
𮉵	フウ
𮉸	カン
𮉼	ゼン:K ネン:G
𮊁	ク:G コ:K
𮊄	ビン:K ミン:G
𮊆	カン
𮊌	ボウ:K モウ:G
𮊒	ハ ハイ:K ヒ:K ヒキ:G ヒョク:K ビ:G ベ:G
𮊓	ハ ハイ:K ヒ:K ヒキ:G ヒョク:K ビ:G ベ:G
𮊔	ショ
𮊖	イ
𮊘	ウツ
𮊢	ビ
𮊥	ジョウ
𮊫	ギ
𮊵	ルイ レン
𮊶	ミョウ
𮊷	ルイ レン
𮊸	シュウ:K ジュウ:G
𮊺	フン:K ブン:G
𮊿	リク:K リュウ:K リョウ ル:G ロク:G
𮋀	リク:K リュウ:K リョウ ル:G ロク:G
𮋁	キュウ:K コウ:G
𮋊	コウ ゴ
𮋒	ハン:K ヘン ホン:G
𮋝	キ:K ギ:G シ:K ジ:G
𮋮	タ
𮋹	ショウ
𮋻	ショウ:G セイ:K
𮌁	イチ:G イツ:K
𮌄	シュク ショウ
𮌆	シュク ショウ
𮌇	ジク:K ジュ ジュウ ニク:G ニュ
𮌋	シャ
𮌐	ケン
𮌒	シチ:G シツ:K
𮌔	コウ
𮌖	シ
𮌚	キョウ:K ク:G
𮌛	ダイ ドウ:K ノウ:G
𮌩	ラ
𮍄	ソウ:K ゾウ:G
𮍌	シン:K ジン:G
𮍍	カン キョウ:G ケン:K ゲン:G コウ:K
𮍎	ゾウ
𮍐	ソウ:K ゾウ:G
𮍒	ソウ:K ゾウ:G
𮍛	ベン:K メン:G
𮍠	チ
𮍣	シン セン
𮍥	カン:K ゲン:G コン
𮍨	シュ ショウ:G ソウ:K
𮍫	アイ ヨ
𮍬	アイ ヨ
𮍭	アイ ヨ
𮍲	キン
𮍹	セン タン:K ダン:G
𮎁	ブ
𮎆	ハチ:G ハツ:K ハン:K ヘン:G
𮎋	ハク:K ビャク:G
𮎗	リョ:K ロ:G
𮎛	シキ:G ショク:K
𮎜	シキ:G ショク:K
𮎢	キョウ:K ギョウ:G シュ:G シュウ:K
𮎦	エイ:K オウ ヨウ:G
𮎧	エイ:K オウ ヨウ:G
𮎰	コウ ブ:K ボウ:K ム:G モウ:G
𮎷	ボウ:K モウ:G
𮎹	キン:K コン:G ゴン
𮎺	キン:K コン:G ゴン
𮎻	コウ
𮎾	ホク:K ボク:G
𮏄	カン キン:K ケン:K ゲン:G ゴン:G
𮏇	コウ
𮏑	ウチ:G ウツ:K ウン エツ:K エン:K オチ:G オン:G
𮏓	ゴ
𮏔	ジョウ
𮏖	ホク:K ボク:G
𮏞	コウ
𮏣	ショウ
𮏩	ギュウ ギョウ:G ゴウ:K
𮏻	アク:K ヤク:G ワク
𮏼	アク:K ヤク:G ワク
𮐃	ボウ:K ム モウ:G
𮐓	シュ:G ショウ:K
𮐹	ジョウ
𮐻	ソウ:K ゾウ:G
𮐼	ゾウ
𮑊	カイ ケイ
𮑚	トウ:K ドウ:G
𮑛	ロウ
𮑜	クン
𮑝	シ
𮑠	ヘキ
𮑶	ショウ:K ジョウ:G
𮒗	カク:K ギャク コ:K ゴ:G ワク:G
𮒙	シキ:G ショウ:K ショク:K ゾウ:G
𮒛	ゲイ
𮒫	ゼツ
𮒹	セン:K ゼン:G
𮓈	カク:K ワク:G
𮓖	ソ
𮓗	ク:G コ:K
𮓘	ガク ギャク
𮓙	ク:G コ:K
𮓚	ケン:K ゲン:G
𮓜	ク:G コ:K
𮓞	ユ:G ヨウ:K
𮓠	キョ:K コ:G
𮓡	キョ:K コ:G
𮓣	キョウ:G ク:G ケイ:K コ:K
𮓥	グ
𮓦	コ
𮓰	キ チュウ
𮓱	キ チュウ
𮓵	ショウ:G ソウ:K
𮓼	チュウ
𮓽	セ
𮔇	ショウ:G ソウ:K
𮔉	ビツ:K ミチ:G ミツ
𮔗	ラチ:G ラツ:K
𮔰	セイ
𮕒	セン
𮕛	ツ:G ト:K
𮕜	ケチ:G ケツ:K
𮕝	ジク ノク
𮕡	ライ:G レイ:K レチ:G レツ:K
𮕩	サ サイ:K シ スイ セ:G
𮕪	チュ チュウ
𮕫	サ サイ シ スイ
𮕱	サ サイ:K ショウ:G ジョウ スイ セ:G ソウ:K
𮕺	エイ エチ:G エツ:K
𮖚	ショウ:G ジョウ ソウ:K
𮖠	ショウ:G ジョウ ソウ:K
𮖥	ブ:G ホウ:K
𮖯	ゼン
𮖻	トウ
𮖿	セン
𮗀	セン
𮗁	セン
𮗂	エン タン
𮗃	セン
𮗓	カク
𮗖	カク コウ
𮗘	ラン
𮗚	カン
𮗜	カク
𮗟	カク コク ズ:G トウ:K ユ:G ヨウ:K ロク
𮗠	カク コク ズ:G トウ:K ユ:G ヨウ:K ロク
𮗨	カイ:K ゲ:G
𮗫	シキ
𮗮	カイ:K ゲ:G
𮗷	カ:K ク:G ケ:G コウ:K
𮘂	セチ:G セツ:K
𮘈	カイ:K ガイ:G
𮘎	ラン レン
𮘐	セン タン:K ダン:G
𮘙	カン:K ケン:G
𮘡	エイ
𮘤	ヨ
𮘦	トウ
𮘪	キ
𮘭	ケン
𮘸	ビュウ ム
𮘹	ケン
𮘽	ヘン
𮘾	ゲチ:G ゲツ:K ゲン
𮙆	ロン
𮙗	ジョウ ドウ ニュ
𮙘	フ:G フウ:K ブ:G ホウ:K
𮙛	シ タン
𮙝	ショウ:K ゾウ:G
𮙞	ショウ:K ゾウ:G
𮙟	キョ:K コ:G ゴ
𮙠	ショウ:K ゾウ:G
𮙣	トン
𮙪	バク ボウ:K ミョウ:G モク
𮙮	ガイ トク
𮙲	キ
𮙾	シン
𮙿	タン トン:K ドン:G
𮚁	イン
𮚃	タン トン:K ドン:G
𮚄	ケン:K ゲン:G
𮚅	ライ
𮚆	ソク:K ゾク:G
𮚇	ケン:K ゲン:G
𮚋	サン
𮚌	サン
𮚑	ショウ
𮚕	ケン
𮚖	フ:G フウ:K ボウ
𮚚	ケン:K ゲン:G
𮚶	シン チン デン:K ネン:G
𮚸	コウ
𮛙	シュ:G ショウ:K
𮛡	キョウ
𮛪	ケイ ゲイ
𮜀	ショウ
𮜉	シュ:G ショウ:K
𮜒	ソウ
𮜕	ショウ
𮜶	トウ:K ドウ:G
𮜿	キ
𮝀	ク テン
𮝇	キャク:G ケイ ケキ:K ゲキ シュ:K ジュ:G
𮝝	キョウ
𮝩	レキ
𮝬	リャク:G レキ:K
𮝻	ハク:K ヒ ヒャク:G ビ:K ビャク:G ヘイ ヘキ:K ミ:G
𮝾	シン:K ジン:G
𮞂	キツ:K コチ:G
𮞅	エン
𮞆	ショウ:K ゾウ:G
𮞉	ギョウ:G ケイ:K
𮞘	ジ
𮞙	ジ:K ニ:G
𮞚	ジョウ:K ニョウ:G
𮞭	ケン
𮞷	オウ キュウ ク:G コウ:K
𮞽	ヘン
𮞾	ヘン
𮟀	セン
𮟃	エイ カン:K ゲン:G セン:K ゼン:G
𮟐	ショウ:G ソウ:K
𮟗	ヘン
𮟚	ヘン
𮟝	レン
𮟞	ジ:K ニ:G
𮟣	ヘン
𮟲	タイ
𮟾	ト
𮠑	リ リャク:G レキ:K
𮠕	ユ:G ユウ:K
𮠖	シュウ:K ジュ:G
𮠚	シュウ:K ジュ:G
𮠭	カク コク
𮠳	サン:K シン セン:G
𮡄	ロウ
𮡌	ジョウ:K ニョウ:G
𮡏	ヒ
𮡗	ライ:G リ レイ:K
𮡤	ヨ
𮡧	イン タイ:G ダイ テイ:K
𮡨	ギョ コ:K ゴ:G
𮡪	ダイ:G テイ:K
𮡱	サク:K サン:K シャク:G セン:G
𮢕	サイ:G セイ:K
𮢙	セイ
𮢚	オウ:G コウ:K
𮢜	テチ:G テツ:K
𮢨	テチ:G テツ:K
𮢬	ギョ コ:K ゴ:G
𮢾	テチ:G テツ:K
𮣁	サク
𮣍	サ
𮣏	シャク ヤク リャク:G レキ:K
𮣐	ジョウ
𮣑	シュ:G シュウ:K シュク チュウ
𮣗	ショウ:G ソウ:K
𮣙	カク:K キャク:G リャク:G レキ:K
𮣹	ハツ:K ホチ:G
𮤇	ボン
𮤚	エン カン:K ケン:G ワン
𮤨	タツ
𮥃	コウ
𮥏	イン:K オン:G
𮥓	リュ リュウ
𮥚	イン:K オン:G
𮥴	イ シ:K ジ:G タイ:G テイ:K
𮥵	イ ライ:G リ レイ:K
𮥶	カン
𮥷	ビン:K ブン:K ミン:G モン:G
𮥹	カン
𮥺	シャク:G セキ:K
𮥾	ク
𮥿	カン
𮦀	ザツ
𮦄	ウ
𮦆	ウ
𮦟	エイ
𮦢	ショウ:G ソウ:K
𮦷	レキ
𮧇	セン
𮧊	セン:K ゼン:G タン テン
𮧌	シキ:G ショク:K
𮧓	カク キョク
𮧮	イ カイ
𮧯	イ カイ
𮧰	イ カイ
𮧲	トウ
𮧻	リュウ
𮨇	ク:G コ:K
𮨈	イ
𮨷	ロウ
𮨽	ヨウ
𮩁	カン:K コン:G トウ
𮩑	コ
𮩦	ケイ
𮩼	ド:K ヌ:G
𮪇	トウ
𮪈	ギョウ:G コウ:K
𮪍	キ
𮪜	チ ライ:G リ レイ:K
𮪠	サン
𮪦	カン
𮪬	カイ:K ガイ:G
𮪻	キョウ ショウ
𮫄	タ
𮫋	リョウ
𮫖	チョウ:G トウ:K
𮫗	シャク
𮫘	ウツ オチ
𮫙	アク:K カク:K キャク:G ヤク:G リャク:G レキ:K
𮫟	エ:G カイ:K
𮫬	ギョ:K ゴ:G
𮫭	ギョ:K ゴ:G
𮫮	ギョ:K ゴ:G
𮫯	ギョ:K ゴ:G
𮫲	ル:G ロ:K
𮫵	コウ
𮫹	ケン
𮬗	ロ
𮬬	ホウ
𮬰	ホウ
𮬱	チョウ
𮬲	タ:K ダ:G
𮬹	メイ
𮬼	トウ
𮭋	シ:K ジ:G
𮭝	キク コク
𮭟	ホウ
𮭠	ク:K グ:G ケン:K ゲン:G
𮭭	エン
𮭱	ロク
𮭴	ホウ
𮭶	ライ:G リ レイ:K
𮭷	ライ:G リ レイ:K
𮭹	ライ:G リ レイ:K
𮮄	ベン:K メン:G
𮮆	ホウ
𮮐	ショ
𮮑	ショ
𮮠	チ
𮮦	ク:G コ:K
𮮰	ヒ:K ビ:G
𮮱	ヒ:K ビ:G
𮮲	ヒ:K ビ:G
𮮳	ヒ:K ビ:G
𮮴	ヒ:K ビ:G
𮮵	ヒ:K ビ:G
𮮹	タイ:G テイ:K
𮮺	サイ:G シ:K ジ:G セイ:K セン
𮮻	セイ
𮮼	サイ:G シ:K ジ:G セイ:K セン
𮮽	シ ショウ
𮮾	シン
𮯃	ジョウ:G チョウ:K
𮯄	コウ
𮯅	ギン コン
𮯇	サク シュク セク ソク
𮯈	カン:K ケン:G サン:K セン:G
𮯋	ガク
𮯌	ウ ク
𮯎	アク
𮯛	キ キュウ キン:K コン:G
𮯜	キ キュウ:K キン:K ク:G コン:G
𮯝	キ キュウ:K キン:K ク:G コン:G
𮯞	キ キュウ:K キン:K ク:G コン:G
𮯟	キ キュウ:K キン:K ク:G コン:G
𮯠	カイ:K ガイ:G
