亜	⿳一⿻口⿰丨丨一	8	1509	ア	つ.ぐ	や つぎ つぐ	アク	u	7	
唖	⿰口亜	0	0	ア アク	おし				10	
娃	⿰女圭	9	0	ア アイ ワ	うつく.しい	い	エ	u	9	
阿	⿰阝可	9	1126	ア オ	おもね.る くま	ほとり あず あわ おか きた な	アク アチ オク	u	8	
哀	⿳亠口𧘇	8	1715	アイ	あわ.れ あわ.れむ かな.しい				9	⿴衣口
愛	⿱⿱爫冖𢖻	4	640	アイ	いと.しい かな.しい め.でる お.しむ	あ あし え かな なる めぐ			13	
挨	⿰扌矣	8	2258	アイ	ひら.く				10	
姶	⿰女合	0	0	オウ アイ	あい				9	
逢	⿺辶夆	9	2116	ホウ	あ.う むか.える	あい おう	ブ	u	10	
葵	⿱艹癸	9	2122	キ	あおい	まもる け	ギ	u	12	
茜	⿱艹西	9	2422	セン	あかね				9	
穐	⿰禾亀	0	0	シュウ	あき とき				16	
悪	⿱亜心	3	530	アク オ	わる.い わる- あ.し にく.い		コ ああ いずくに いずくにかいずくんぞ	u	11	
握	⿰扌屋	8	1003	アク	にぎ.る		オク オウ オ にぎり	u	12	
渥	⿰氵屋	9	2257	アク	あつ.い うるお.う	あつし	オ オク オウ	u	12	
旭	⿺九日	9	1417	キョク	あさひ	あきら あき てる ひ	ケン コウ カン キュウ	u	6	
葦	⿱艹韋	9	2343	イ	あし よし しお.れる しな.びる				13	
芦	⿱艹戸	9	1733	ロ	あし よし	あ			7	⿱艹戶 ⿱艹户
鯵	⿰魚参	0	0	ソウ	あじ				19	
梓	⿰木辛	9	2301	シ	あずさ				11	
圧	⿸厂土	5	718	アツ エン オウ	お.す へ.す おさ.える お.さえる		ジョウ	u	5	
斡	⿰𠦝⿱人斗	9	0	アツ カン ワツ	めぐ.る めぐ.らす				14	⿰𠦝⿱𠆢斗
扱	⿰扌及	8	1057	ソウ キュウ	あつか.い あつか.う あつか.る こ.く		シュウ ショウ コウ ギュウ	u	6	
宛	⿱宀夗	8	0	エン	あ.てる -あて -づつ あたか.も		ウツ オン ウチ ずつ	u	8	
姐	⿰女且	0	0	ソ シャ	あね ねえさん		シ ショ セ あねご	u	8	
虻	⿰虫亡	0	0	ボウ	あぶ				9	
飴	⿰飠台	0	0	イ シ	あめ やしな.う		ジ	u	13	
絢	⿰糸旬	9	2315	ケン		じゅん あや	シュン	u	12	
綾	⿰糸夌	9	1759	リン	あや	りょう			14	
鮎	⿰魚占	9	2201	デン ネン	あゆ なまず	あい			16	
或	⿹戈⿱口一	9	2378	ワク コク イキ	あ.る あるい あるいは		ヨク	u	8	
粟	⿱覀米	9	2146	ゾク ショク ソク	あわ もみ	あ さっ そう			12	
袷	⿰衤合	0	0	コウ キョウ	あわせ				11	
安	⿱宀女	3	144	アン	やす.い やす.まる やす やす.らか	あ あす あず あっ や	いずくに いずくにか いずくんぞ やすんじる	u	6	
庵	⿸广奄	9	2119	アン	いおり いお	あ い いほり	オウ	u	11	
按	⿰扌安	9	0	アン	おさ.える しら.べる		アツ アチ	u	9	
暗	⿰日音	3	1040	アン	くら.い くら.む くれ.る		オン やみ	u	13	
案	⿱安木	4	206	アン	つくえ		あんず	u	10	
闇	⿵門音	8	1969	アン オン	やみ くら.い		イン	u	17	
鞍	⿰革安	9	2214	アン	くら				15	
杏	⿱木口	9	2159	キョウ アン コウ	あんず	りょう			7	
以	⿽人⿰𠄌丶	4	126	イ	もっ.て	もち	シ ジ おもう すでに	u	5	
伊	⿰亻尹	9	703	イ	かれ	これ ただ よし いと だ			6	
位	⿰亻立	4	276	イ	くらい ぐらい	ぞき			7	
依	⿰亻衣	8	906	イ エ	よ.る	よ より			8	
偉	⿰亻韋	8	1639	イ	えら.い	ひで			12	
囲	⿴囗井	5	771	イ	かこ.む かこ.う かこ.い		トウ かこみ	u	7	
夷	⿻大弓	9	2324	イ	えびす えみし ころ.す たい.らげる	し			6	
委	⿱禾女	3	187	イ	ゆだ.ねる	まかせ	くわしい すえ すてる	u	8	
威	⿵戌女	8	1103	イ	おど.す おど.し おど.かす	いさ たけ たけし			9	
尉	⿰𫵖寸	8	2007	イ ジョウ			ウツ ウチ やすんじる	u	11	
惟	⿰忄隹	9	2246	イ ユイ	おも.んみる これ おも.うに	ただ よし のぶ	ビ ミ おもう	u	11	
意	⿱音心	3	99	イ		もと よし	ヨク ヨイ うたがう おもい	u	13	
慰	⿱尉心	8	1158	イ	なぐさ.める なぐさ.む				15	
易	⿱日勿	5	571	エキ イ	やさ.しい やす.い		シ ジ ヤク あなどる	u	8	
椅	⿰木奇	8	2245	イ					12	
為	⿽⿵⿸⿻丿𠃍⿱𠃍𠃌灬丶	8	831	イ	ため な.る な.す す.る	びい	おさめる たり つくる なり	u	9	
畏	⿳田一⿰𠄌⿺乀丿	8	2389	イ	おそ.れる かしこま.る かしこ かしこ.し		ワイ エ おそれ	u	9	
異	⿱田共	6	631	イ	こと こと.なる け		あやしい ことにする	u	11	
移	⿰禾多	5	448	イ	うつ.る うつ.す		シ	u	11	
維	⿰糸隹	8	643	イ		これ たもつ つぐ ゆい ゆき	ヨウ ユ つな つなぐ	u	14	
緯	⿰糸韋	8	1430	イ	よこいと ぬき				16	
胃	⿱田月	6	1647	イ					9	
萎	⿱艹委	8	0	イ	な しお.れる しな.びる しぼ.む		ワイ エ ズイ ニ	u	11	
衣	⿱亠𧘇	4	1214	イ エ	ころも きぬ -ぎ		きる	u	6	
謂	⿰言胃	9	0	イ	い.う いい おも.う いわゆる		いえらく おもえらく	u	16	
違	⿺辶韋	8	344	イ	ちが.う ちが.い ちが.える -ちが.える		さる たがう	u	13	
遺	⿺辶貴	6	647	イ ユイ	のこ.す		スイ ズイ おくる すてる	u	15	
医	⿷匚矢	3	437	イ	い.やす い.する くすし		エイ	u	7	
井	⿻二⿰丿丨	4	339	セイ ショウ	い	いの さい ひ	いど	u	4	
亥	⿳亠𠂈人	9	0	ガイ カイ	い	り			6	⿱丶𠀔
域	⿰土或	6	396	イキ			ヨク イク さかい	u	11	
育	⿱𠫓月	3	369	イク	そだ.つ そだ.ち そだ.てる はぐく.む	やす	チュウ ジュ	u	8	⿳亠厶⺝
郁	⿰有阝	9	1920	イク		あや かおる い か ふみ ゆう			9	
磯	⿰石幾	9	1444	キ	いそ	し そ	ゲ カイ ケ	u	17	
一		1	2	イチ イツ	ひと- ひと.つ	かず い いっ いる かつ かづ			1	
壱	⿳士冖匕	8	2351	イチ イツ	ひとつ	い かず	イン	u	7	
溢	⿰氵益	9	2405	イツ	こぼ.れる あふ.れる み.ちる		シツ イチ シチ ジチ	u	13	⿰氵⿳⿱八一八皿
逸	⿺辶免	8	1524	イツ	そ.れる そ.らす はぐ.れる	いっ はや へん	イチ うしなう はしる はやる	u	11	⿺辶兔
稲	⿰禾⿱爫旧	8	1038	トウ テ	いね いな-	いの しね せ な	ドウ	u	14	⿰禾𱬹
茨	⿱艹次	4	1203	シ ジ	いばら かや くさぶき	あし えばら ばら まつ まん			9	
芋	⿱艹于	8	2418	ウ	いも		ク コ	u	6	
鰯	⿰魚弱	9	0		いわし				21	
允	⿱厶儿	9	2358	イン	じょう まこと.に ゆるす	まこと のぶ まさ みつ すけ よし	エン	u	4	
印	⿰③卩	4	682	イン	しるし -じるし しる.す				6	
咽	⿰口因	8	0	イン エン エツ	むせ.ぶ むせ.る のど の.む		エチ オン	u	9	
員	⿱口貝	3	54	イン		いな かず	エン ウン	u	10	
因	⿴囗大	5	636	イン	よ.る ちな.む	て	ちなみ よって	u	6	
姻	⿰女因	8	1985	イン					9	
引	⿰弓丨	2	218	イン	ひ.く ひ.ける	いな ひき ひけ びき			4	
飲	⿰飠欠	3	969	イン オン	の.む -の.み				12	
淫	⿰氵㸒	8	0	イン	ひた.す ほしいまま みだ.ら みだ.れる		エン ヨウ	u	11	
胤	⿲丿⿱幺月乚	9	0	イン	たね	つぎ つぐ かず	シン	u	9	⿰丿𦙌
蔭	⿱艹陰	9	2166	イン オン	かげ				14	
院	⿰阝完	3	150	イン			エン カン ガン オン	u	10	
陰	⿰阝侌	8	1393	イン	かげ かげ.る		アン オン おおう きた	u	11	
隠	⿰阝𢚩	8	1089	イン オン	かく.す かく.し かく.れる よ.る	お がくし			14	⿰⻖⿳爫彐心
韻	⿰音員	8	2148	イン			ウン オン ひびき	u	19	
吋	⿰口寸	0	0	トウ ドウ スン	インチ		ズ	u	6	
右	⿸𠂇口	1	602	ウ ユウ	みぎ	あき すけ	たすける	u	5	
宇	⿱宀于	6	883	ウ		いえ たか ひろ ひろし	のき	u	6	
烏	⿹⑥灬	9	2042	ウ オ	からす いずくんぞ なんぞ		ア アン エン	u	10	
羽	⿰习习	2	748	ウ	は わ はね	しゅう ば	コ	u	6	
迂	⿺辶于	9	0	ウ					6	
雨	⿱一𠕒	1	950	ウ	あめ あま- -さめ				8	⿻丅⿵冂⿰⿱丶丶⿱丶丶
卯	⿰𠂎卩	9	2400	ボウ モウ	う	あきら しげる い	ミョウ	u	5	
鵜	⿰弟鳥	9	2118	テイ ダイ	う				18	
窺	⿱穴規	9	0	キ	うかが.う のぞく		うかがい	u	16	⿱⿱宀儿規
丑	？	9	2305	チュウ	うし	ひろ	チュ	u	4	
碓	⿰石隹	9	2364	カク タイ	たし.か かく.たる	う うす	ツイ テ	u	13	
臼	⿴？⿰一一	8	2048	キュウ グ	うす うすづ.く		ホウ ブ	u	6	
渦	⿰氵咼	8	1789	カ	うず		ケ ワ	u	12	
嘘	⿰口虚	0	2235	キョ コ	うそ ふ.く				14	
唄	⿰口貝	8	2051	バイ	うた うた.う		ベ ハイ	u	10	
欝	⿳棥罒𡬠	0	0	ウツ ウン	うっ.する ふさ.ぐ しげ.る		むすぼれる	u	26	⿳棥⺫𡬠
蔚	⿱艹尉	0	0	ウツ イ	うち おとこよもぎ				14	
鰻	⿰魚曼	0	0	マン バン	うなぎ				22	
姥	⿰女老	9	0	ボ モ	うば				9	
厩	⿸厂既	9	0	キュウ	うまや	まや まら			12	
浦	⿰氵甫	8	977	ホ	うら		フ	u	10	
瓜		9	2459	カ ケ	うり	う			6	
閏	⿵門王	9	0	ジュン	うるう		ニン	u	12	
噂	⿰口尊	9	2298	ソン	うわさ				15	
云	⿱二厶	9	0	ウン	い.う ここに				4	
運	⿺辶軍	3	255	ウン	はこ.ぶ		めぐる	u	12	
雲	⿱雨云	2	1256	ウン	くも -ぐも	き ずも のめ			12	
荏	⿱艹任	0	2096	ジン ニン		え			9	
餌	⿰飠耳	8	2277	ジ ニ	え えば えさ もち				14	
叡	⿰睿又	9	0	エイ	あき.らか		さとい	u	16	
営	⿳𭕄冖呂	5	303	エイ	いとな.む いとな.み				12	⿱𰃮呂 ⿱𰃮吕
嬰	⿱賏女	0	0	エイ	ふ.れる みどりご あかご		ヨウ	u	17	
影	⿰景彡	8	464	エイ	かげ		ヨウ	u	15	
映	⿰日央	6	404	エイ	うつ.る うつ.す は.える -ば.え	あきら え てる	ヨウ オウ	u	9	
曳	⿻日⿻㇂㇒	9	0	エイ	ひ.く	ひき びき			6	
栄	⿳𭕄冖木	4	920	エイ ヨウ	さか.える は.え -ば.え は.える	さかえ しげ てる なが ひで よし			9	⿱𰃮木
永	⿱丶水	5	846	エイ	なが.い	え と のり ひさ ひさし	ヨウ	u	5	
泳	⿰氵永	3	1223	エイ	およ.ぐ		ヨウ	u	8	
洩	⿰氵曳	0	0	エイ セツ	も.らす の.びる も.れる		セチ	u	9	
瑛	⿰王英	9	2393	エイ		よう あき あきら てる え			12	
盈	⿱夃皿	0	0	エイ	み.たす み.ちる	みつ	ヨウ	u	9	
穎	⿰⿱匕禾頁	0	0	エイ	ほさき のぎ		ヨウ	u	16	
頴	⿰𥘈頁	0	0	エイ	ほさき のぎ	え かい	ほ	u	16	⿹頃示
英	⿱艹央	4	430	エイ	はなぶさ	あ あい え すぐる はな ひ	オウ ヨウ ひいでる	u	8	
衛	⿲彳韋亍	5	400	エイ エ		もり い まもる	エツ まもり	u	16	⿴行韋
詠	⿰言永	8	2000	エイ	よ.む うた.う	うた え ええ	ヨウ ながむ ながめ	u	12	
鋭	⿰金兑	8	1395	エイ	するど.い	とし	タイ エツ	u	15	
液	⿰氵夜	5	1210	エキ			シャク ヤク セキ	u	11	
疫	⿸疒殳	8	1661	エキ ヤク			イ ユイ えやみ	u	9	
益	⿱⿱䒑八皿	5	674	エキ ヤク	ま.す	まし ます	ますます	u	10	
駅	⿰馬尺	3	724	エキ			ヤク うまや	u	14	
悦	⿰忄兑	8	1762	エツ	よろこ.ぶ よろこ.ばす	や よし			10	
謁	⿰言⿱日匂	8	0	エツ			つげる まみえる	u	15	⿰言曷
越	⿺走戉	8	897	エツ オツ	こ.す -こ.す -ご.し こ.える	えち えっ お こえ こし ごえ	オチ カツ ガチ ここに	u	12	
閲	⿵門兑	8	1855	エツ	けみ.する		へる	u	15	
榎	⿰木夏	9	1945	カ	えのき	え えの			14	
厭	⿸厂猒	0	0	エン オン アン オウ	いや あ.きる いと.う おさ.える		ヨウ ユウ	u	14	
円	⿵冂丄	1	69	エン	まる.い まる まど まど.か	つぶら のぶ まどか みつ			4	
園	⿴囗袁	2	628	エン	その	おん ぞの			13	
堰	⿰土匽	9	1913	エン	せき せ.く		オン	u	12	
奄	⿱大电	9	2047	エン	おお.う たちまち	あま			8	
宴	⿱宀妟	8	1675	エン	うたげ	うた やす	たのしむ	u	10	
延	⿺廴⿱丿止	6	747	エン	の.びる の.べる の.べ の.ばす	たか のぶ のべ	ひく	u	8	⿺廴𠂛
怨	⿱夗心	8	2137	エン オン ウン	うら.む うらみ うら.めしい				9	
掩	⿰扌奄	0	0	エン	おお.う		アン オン ヨウ	u	11	
援	⿰扌爰	8	312	エン			オン カン ガン たすけ	u	12	
沿	⿰氵㕣	6	1121	エン	そ.う -ぞ.い				8	⿰氵⿱几口
演	⿰氵寅	5	267	エン			イン のべる	u	14	
炎	⿱火火	8	1242	エン	ほのお	ぬく	タン ダン オン もえる	u	8	
焔	⿰火⿱𠂊旧	0	0	エン	ほのお		セン ゼン	u	11	⿰火⿱⺈旧
煙	⿰火垔	8	1290	エン	けむ.る けむり けむ.い	たば	イン けむたい	u	13	⿰火⿱覀土
燕	⿳廿⿴北口灬	9	2147	エン	つばめ つばくら つばくろ				16	
猿	⿰犭袁	8	1772	エン	さる	さ さわ ざる まし	オン	u	13	
縁	⿰糸⿱彐𧰨	8	1291	エン -ネン	ふち ふち.どる ゆかり よすが		タン えにし へり よる	u	15	
艶	⿰豊色	8	2207	エン	つや なま.めかしい あで.やか つや.めく	もろ よし			19	
苑	⿱艹夗	9	2060	エン オン	その う.つ	あや	ウン	u	8	
薗	⿱艹園	10	0	エン オン	その	ぞの			16	
遠	⿺辶袁	2	887	エン オン	とお.い	お おに ど どお	とおざける とおざかる	u	13	
鉛	⿰金㕣	8	1710	エン	なまり				13	⿰金⿱𠘧口
鴛	⿱夗鳥	0	0	エン オン	おし おしどり				16	
塩	⿰土𬐚	4	1148	エン	しお				13	
於	⿰方仒	9	2113	オ ヨ	おい.て お.ける ああ より		ウ に	u	8	
汚	⿰氵亐	8	908	オ	けが.す けが.れる けが.らわしい よご.す		ウ ワ よごれる きたない	u	6	
甥	⿰生男	9	0	セイ ソウ ショウ	おい むこ				12	
凹		8	2206	オウ	くぼ.む へこ.む ぼこ		ヨウ	u	5	
央	⿻𠀃人	3	582	オウ		あきら え お さと ちか てる	エイ ヨウ つきる なかば	u	5	
奥	⿱⿵⿱丿冂米大	8	1018	オウ	おく おく.まる くま	お おお おん つ のく	イク ユウ サン	u	12	⿳㇒𭁨大
往	⿰彳主	5	1421	オウ	い.く いにしえ さき.に ゆ.く	みち	いなす	u	8	
応	⿸广心	5	266	オウ ヨウ -ノウ	あた.る まさに こた.える	お たか まさ			7	
押	⿰扌甲	8	789	オウ	お.す お.し- お.っ- お.さえる	おし おす おや	コウ	u	8	
旺	⿰日王	8	2342	オウ	さかん				8	
横	⿰木黄	3	480	オウ	よこ		コウ よこぎる よこたえる よこたわる	u	15	
欧	⿰区欠	8	421	オウ	うた.う は.く	おお ひろ	うつ	u	8	
殴	⿰区殳	8	1622	オウ	なぐ.る		ク コウ オ たたく	u	8	
王	⿱一土	1	684	オウ -ノウ		おお おおきみ わ	きみ	u	4	
翁	⿱公羽	8	2064	オウ	おきな	お おな			10	⿱公⿰习习
襖	⿰衤奥	9	0	オウ	ふすま あお				17	⿰衤奧
鴬	⿳𭕄冖鳥	0	0	オウ	うぐいす		ヨウ	u	16	⿱𰃮鳥
鴎	⿰区鳥	0	2187	オウ	かもめ		オ ク イウ ウ	u	15	
黄	⿳龷由八	2	1240	コウ オウ	き こ-	うい れい			11	
岡	⿵冂⿱䒑山	4	463	コウ	おか				8	⿵𦉰山
沖	⿰氵中	4	929	チュウ	おき おきつ ちゅう.する わく		ジュ ズ トウ	u	7	
荻	⿱艹狄	9	1630	テキ	おぎ		ジャク	u	10	
億	⿰亻意	4	716	オク		お	ヨク ああ おしはかる はかる	u	15	
屋	⿸尸至	3	616	オク	や	た	やね	u	9	
憶	⿰忄意	8	1324	オク			ヨク オキ おぼえる おもう	u	16	
臆	⿰月意	8	0	オク ヨク	むね おくする		オキ イ	u	17	
桶	⿰木甬	9	2210	ヨウ トウ	おけ		ツ ツウ ユ	u	11	
牡	⿰牛土	9	2155	ボ ボウ	おす お- おん-		モ	u	7	⿰牜土
乙		8	1841	オツ イツ	おと- きのと				1	
俺	⿰亻奄	8	1946	エン	おれ われ		ヨウ アン	u	10	
卸	⿰𦈢卩	8	1520	シャ	おろ.す おろし おろ.し				9	
恩	⿱因心	6	1418	オン		めぐみ	いつくしむ	u	10	
温	⿰氵昷	3	838	オン	あたた.か あたた.かい あたた.まる あたた.める	あつ あつし なお はる ゆ ゆたか	ウン	u	12	
穏	⿰禾𢚩	8	1535	オン	おだ.やか				16	⿰禾⿳爫彐心
音	⿱立日	1	491	オン イン -ノン	おと ね	お と			9	
下	⿱一卜	1	97	カ ゲ	した しも もと さ.げる	さか しと	ア さがる くだる くだす	u	3	
化	⿰亻匕	3	89	カ ケ	ば.ける ば.かす ふ.ける け.する		ガ かえる かわる	u	4	⿰亻𠤎
仮	⿰亻反	5	1039	カ ケ	かり かり-		カク ハン かりに かりる	u	6	
何	⿰亻可	2	340	カ	なに なん なに- なん-	あが	いくばく いずれ なんぞ	u	7	
伽	⿰亻加	9	2323	カ ガ キャ ギャ	とぎ				7	
価	⿰亻覀	5	250	カ ケ	あたい				8	
佳	⿰亻圭	8	1643	カ		けい よし	カイ よい	u	8	
加	⿰力口	4	130	カ	くわ.える くわ.わる		ケ くわえて	u	5	
可	⿹丁口	5	314	カ コク	-べ.き -べ.し	よし	よい	u	5	
嘉	⿱壴加	9	1553	カ	よみ.する よい	ひろ よし よしみ かず よ	ケ ゲ	u	14	
夏	⿱𦣻夂	2	659	カ ガ ゲ	なつ				10	⿱𦣻夊
嫁	⿰女家	8	1581	カ	よめ とつ.ぐ い.く ゆ.く		ケ	u	13	
家	⿱宀豕	2	133	カ ケ	いえ や うち	あり え く つか べ	コ いえする	u	10	
寡	⿳宀⿱丆且分	8	2035	カ			すくない やもめ	u	14	⿱宀𪟊
科	⿰禾斗	2	531	カ		しな	とが	u	9	
暇	⿰日叚	8	1386	カ	ひま いとま		ゲ	u	13	
果	⿻日木	4	258	カ	は.たす はた.す -は.たす は.てる	み	ワ ラ カン はて	u	8	
架	⿱加木	8	1555	カ	か.ける か.かる		ケ たな	u	9	
歌	⿰哥欠	2	519	カ	うた うた.う				14	
河	⿰氵可	5	663	カ	かわ	かっ こ こう	ガ	u	8	
火	⿱八人	1	574	カ	ひ -び ほ-		コ やく	u	4	
珂	⿰王可	9	2227	カ		が			9	
禍	⿰礻咼	8	2010	カ	わざわい				13	⿰示咼
禾	⿱丿木	9	0	カ	いね		ワ のぎへん のぎ	u	5	
稼	⿰禾家	8	1264	カ	かせ.ぐ		ケ	u	15	
箇	⿱竹固	8	0	カ コ					14	⿱𥫗固
花	⿱艹化	1	578	カ ケ	はな	わ			7	
苛	⿱艹可	8	0	カ	いじ.める さいな.む いらだ.つ からい		ガ ケ こまかい	u	8	
茄	⿱艹加	9	0	カ		な か なす			8	
荷	⿱艹何	3	1230	カ	に	はす り	になう	u	10	
華	⿱艹⑦	8	1085	カ ケ	はな	わ	カイ ゲ はなやか	u	10	
菓	⿱艹果	8	1719	カ					11	
蝦	⿰虫叚	9	2501	カ ゲ	えび	えみ	ガ ケ	u	15	
課	⿰言果	4	455	カ					15	
嘩	⿰口華	9	0	カ ケ	かまびす.しい				13	
貨	⿱化貝	4	822	カ	たから				11	
迦	⿺辶加	9	2160	カ ケ			カイ キャ ゲ	u	8	
過	⿺辶咼	5	285	カ	す.ぎる す.ごす あやま.ち あやま.つ		とが よぎる	u	12	
霞	⿱雨叚	9	1603	カ ゲ	かすみ かす.む				17	
蚊	⿰虫文	8	2121	ブン	か		モン	u	10	
俄	⿰亻我	9	0	ガ	にわか				9	
峨	⿰山我	9	2234	ガ	けわ.しい				10	
我	⿻⿱㇒扌？	6	829	ガ	われ わ わ.が- わが-	あ あが か			7	
牙	⿹⿻丁𠃋㇒	8	2067	ガ ゲ	きば は		きばへん	u	5	
画	⿱一⿶凵由	2	199	ガ カク エ カイ	えが.く かく.する かぎ.る はかりごと		はかる	u	8	⿴⿱一凵田
臥	⿰臣人	9	0	ガ	ふせ.る ふ.せる ふ.す				9	
芽	⿱艹牙	4	1691	ガ	め	じ めぐ	ゲ めぐむ	u	8	
蛾	⿰虫我	0	0	ギ ガ	ひむし		チ ゲ	u	13	
賀	⿱加貝	4	1056	ガ		か のり よし より	いわう	u	12	
雅	⿰牙隹	8	1192	ガ	みや.び	う お か ただし のり まさ	ア つね みやびやか	u	13	
餓	⿰飠我	8	1754	ガ	う.える				15	
駕	⿱加馬	9	0	カ ガ	かご が.する しのぐ のる		ケ	u	15	
介	⿱人⿰丿丨	8	617	カイ		すけ ゆき	こうら たすける よろい	u	4	⿱𠆢⿰丿丨
会	⿱人云	2	4	カイ エ	あ.う あ.わせる あつ.まる	あい い	カツ	u	6	⿱⿵𠆢一𠫔 ⿱𠆢云
解	⿰角𭷔	5	176	カイ ゲ	と.く と.かす と.ける ほど.く	さとる とけ			13	⿺𧣈刀
回	⿴囗口	2	50	カイ エ	まわ.る -まわ.る -まわ.り まわ.す		ウイ かえる たがう	u	6	
塊	⿰土鬼	8	1800	カイ ケ	かたまり つちくれ				13	
壊	⿰土⿱十𭾱	8	727	カイ エ	こわ.す こわ.れる やぶ.る		ケ	u	16	⿰土⿱⿱十⺫衣
廻	⿺廴回	9	0	カイ エ	まわ.る まわ.す もとお.る めぐ.る	ざこ じゃく	めぐり	u	9	
快	⿰忄夬	5	1074	カイ	こころよ.い	よし	ケ	u	7	
怪	⿰忄圣	8	1634	カイ ケ	あや.しい あや.しむ				8	
悔	⿰忄毎	8	1460	カイ	く.いる く.やむ くや.しい		くやみ	u	9	⿰忄每
恢	⿰忄灰	9	0	カイ ケ	ひろ.い		キ	u	9	⿰忄⿸𠂇火
懐	⿰忄⿱十𭾱	8	1493	カイ エ	ふところ なつ.かしい なつ.かしむ なつ.く	かね	なつける いだく おもい こころ	u	16	⿰忄⿱⿱十⺫衣
戒	⿹戈廾	8	1062	カイ	いまし.める		いましめ	u	7	
拐	⿰扌叧	8	1498	カイ			ゲ かたる	u	8	⿰扌另
改	⿰己攵	4	147	カイ	あらた.める あらた.まる		キ	u	7	
魁	⿺鬼斗	9	2108	カイ	さきがけ かしら				14	⿺⻤斗
晦	⿰日毎	9	0	カイ	つごもり くら.い みそか くら.む	もり	ケ	u	10	⿰日每
械	⿰木戒	4	1321	カイ	かせ		ガイ	u	11	
海	⿰氵毎	2	200	カイ	うみ	あ あま うな うん え か			9	⿰氵每
灰	⿸厂火	6	1717	カイ	はい		ケ	u	6	⿸𠂇火
界	⿱田介	3	158	カイ			さかい	u	9	
皆	⿱比白	8	1267	カイ	みな みんな	むな	キ	u	9	
絵	⿰糸会	2	895	カイ エ					12	
芥	⿱艹介	9	1929	カイ ケ	からし ごみ あくた		カツ ケチ	u	7	
蟹	⿱解虫	9	2417	カイ	かに		ゲ	u	19	
開	⿵門开	3	59	カイ	ひら.く ひら.き -びら.き ひら.ける	はる か ひらき	ケン あく あける	u	12	
階	⿰阝皆	3	513	カイ	きざはし	しな と はし	はしご	u	12	
貝	⿱目八	1	1787	バイ	かい		ハイ	u	7	
凱	⿰豈几	9	2293	ガイ カイ	かちどき やわらぐ				12	
劾	⿰亥力	8	2085	ガイ			カイ コク ゴク	u	8	
外	⿰夕卜	2	81	ガイ ゲ	そと ほか はず.す はず.れる	うい け ふか	ガツ ガチ	u	5	
咳	⿰口亥	0	0	カイ ガイ	せ.く しわぶ.く せき しわぶき		アイ	u	9	
害	⿳宀龶口	4	358	ガイ			カイ カツ そこなう なんぞ	u	10	⿱𫲸口
崖	⿱山厓	8	0	ガイ ゲ ギ	がけ きし はて				11	
慨	⿰忄既	8	1875	ガイ	なげ.く		カイ	u	13	
概	⿰木既	8	1335	ガイ	おおむ.ね		カイ キ コツ おもむき	u	14	
涯	⿰氵厓	8	1525	ガイ	はて		ゲ ガ ギ きし	u	11	
碍	⿰石㝵	0	0	ガイ ゲ	さまた.げる		ギ	u	13	
蓋	⿱艹盍	8	2388	ガイ カイ コウ	ふた けだ.し おお.う かさ		カツ ゴウ カチ	u	13	
街	⿲彳圭亍	4	891	ガイ カイ	まち	また	キ	u	12	⿴行圭
該	⿰言亥	8	1648	ガイ			カイ かねる その	u	13	
鎧	⿰金豈	9	0	カイ ガイ	よろ.う よろい				18	
骸	⿰骨亥	8	0	ガイ カイ	むくろ				16	
浬	⿰氵里	9	0	リ	かいり のっと				10	
馨	⿱殸香	9	2164	ケイ キョウ	かお.る かおり	か かおる きよ よし かほる			20	
蛙	⿰虫圭	0	0	ア ワ	かえる かわず		ワイ カイ カ ケ	u	12	
垣	⿰土亘	8	1539	エン	かき	がい	オン カン ガン	u	9	
柿	⿰木市	8	1745	シ	かき				9	
蛎	⿰虫厉	0	0	レイ	かき				11	
鈎	⿰金勾	0	0	コウ ク	かぎ				12	
劃	⿰畫刂	0	0	カク	わ.かつ くぎ.る				14	
嚇	⿰口赫	8	2141	カク	おど.す		ケ カ キャク	u	17	
各	⿱夂口	4	243	カク	おのおの	かか かが			6	
廓	⿸广郭	0	0	カク	くるわ とりで				14	
拡	⿰扌広	6	611	カク コウ	ひろ.がる ひろ.げる ひろ.める				8	
撹	⿰扌覚	0	0	カク コウ	みだ.す				15	
格	⿰木各	5	281	カク コウ キャク ゴウ		いたる のり	ラク ただす	u	10	
核	⿰木亥	8	475	カク			カイ コツ ギャク ゴク	u	10	
殻	⿰壳殳	8	1892	カク コク バイ	から がら				11	⿰⿱士冗殳
獲	⿰犭蒦	8	964	カク	え.る		ワク コ カ ゲ	u	16	
確	⿰石隺	5	252	カク コウ	たし.か たし.かめる		かたい	u	15	
穫	⿰禾蒦	8	1642	カク			ワク コ ゴ かる	u	18	
覚	⿳𭕄冖見	4	710	カク	おぼ.える さ.ます さ.める さと.る		コウ さとり	u	12	⿱𰃮見
角	⿱⺈⿵⺆土	2	805	カク	かど つの	い す すみ ずみ ふさ	ロク コク きそう くらべる	u	7	
赫	⿰赤赤	0	0	カク	あかい あか かがや.く		キャク シャク ケ カ	u	14	
較	⿰車交	8	1172	カク コウ	くら.べる				13	
郭	⿰享阝	8	1670	カク	くるわ	ひろ			11	
閣	⿵門各	6	444	カク			たかどの たな	u	14	
隔	⿰阝鬲	8	1382	カク	へだ.てる へだ.たる		ケキ キャク へだたり	u	13	
革	⿱廿⿻中一	6	249	カク	かわ		キョク あらたまる あらためる	u	9	
学	⿳𭕄冖子	1	63	ガク	まな.ぶ	たか のり	カク コウ キョウ おしえる	u	8	⿱𰃮子
岳	⿱丘山	8	1334	ガク	たけ	おか たか たけん			8	
楽	⿱⿴⿱丷八白木	2	373	ガク ラク ゴウ	たの.しい たの.しむ この.む	さ た やす ら	ギョウ	u	13	⿱⿴⿰⿱丶㇀⿱㇒丶白木
額	⿰客頁	5	407	ガク	ひたい	ぬか	ギャク たか	u	18	
顎	⿰咢頁	8	0	ガク	あご あぎと				18	
掛	⿰扌卦	8	1027	カイ ケイ	か.ける -か.ける か.け -か.け	かけ	ケ カ かかる かかり	u	11	
笠	⿱竹立	9	1499	リュウ	かさ				11	⿱𥫗立
樫	⿰木堅	9	2297		かし				16	
橿	⿰木畺	0	2198	キョウ	かし もちのき				17	
梶	⿰木尾	9	1355	ビ	かじ こずえ		ミ	u	11	
鰍	⿰魚秋	0	0	シュウ シュ	かじか いなだ どじょう				20	
潟	⿰氵舄	4	1204	セキ	かた -がた	がら	サク ジャク テキ シャク	u	15	
割	⿰害刂	6	318	カツ	わ.る わり わ.り わ.れる		さく	u	12	
喝	⿰口⿱日匂	8	1858	カツ			アイ しかる	u	11	⿰口曷
恰	⿰忄合	9	0	コウ カッ チョウ キョウ	あたか.も		カツ	u	9	
括	⿰扌舌	8	1026	カツ	くく.る		カチ	u	9	
活	⿰氵舌	2	171	カツ	い.きる い.かす い.ける		ガチ よみがえる	u	9	
渇	⿰氵⿱日匂	8	1944	カツ	かわ.く		ケツ かれる かわき	u	11	
滑	⿰氵骨	8	1238	カツ コツ	すべ.る なめ.らか	かり なめり	ゲチ コチ みだす	u	13	
葛	⿳艹日匂	8	1547	カツ カチ	つづら くず	か かず かずら かっ かつら			11	⿱艹曷
褐	⿰衤⿱日匂	8	2186	カツ			カチ	u	13	⿰衤曷
轄	⿰車害	8	1771	カツ	くさび		カイ	u	17	
且	⿴𠀃𠄠	8	0	ショ ソ ショウ	か.つ	あき かつ	シャ ゾ しばらく	u	5	
鰹	⿰魚堅	0	0	ケン	かつお				23	
叶	⿰口十	9	2312	キョウ	かな.える かな.う	かの かのう	かない	u	5	
椛	⿰木花	9	0		かば もみじ				11	⿰木⿱艹⿰亻𠤎
樺	⿰木華	9	1982	カ	かば かんば	から かも かん			14	
鞄	⿰革包	9	0	ハク ホウ ビョウ	かばん		ホク ボク ヒョウ	u	14	⿰革⿹勹巳
株	⿰木朱	6	432	シュ	かぶ		チュ	u	10	
兜	⿶𠒂白	9	2034	トウ ト	かぶと		ツ	u	11	
竃	⿳穴土⿻日电	0	0	ソウ	かまど かま へっつい				17	⿱𥤧⿻昌乚
蒲	⿱艹浦	9	1887	ホ ボ フ ブ	がま かば かま		ハク バク	u	13	
釜	⿱父⿻王丷	8	1761	フ	かま				10	
鎌	⿰金兼	8	1587	レン ケン	かま	かた かね			18	
噛	⿰口歯	0	2399	コウ ゴウ	か.む か.じる		ギョウ かみ	u	15	
鴨	⿰甲鳥	9	1797	オウ	かも あひる				16	
栢	⿰木百	0	0	ハク ヒャク	かしわ	かや			10	
茅	⿱艹矛	9	1895	ボウ ミョウ	かや ちがや	ち じ	ビョウ バイ	u	8	
萱	⿱艹宣	9	2217	ケン	かや かんぞう	か	カン	u	12	
粥	⿲弓米弓	9	2280	イク シュク ジュク	かゆ かい ひさ.ぐ		ビ ミ	u	12	⿴弜米
刈	⿰㐅刂	8	1738	ガイ カイ	か.る	かっ かり	ゲ	u	4	
苅	⿱艹刈	0	2178	ガイ カイ	か.る	かり かる かん			7	
瓦	⿱⿵⿸丅㇈丶㇀	8	1850	ガ	かわら ぐらむ		ギ ゲ	u	5	
乾	⿰𠦝乞	8	1453	カン ケン	かわ.く かわ.かす ほ.す ひ.る		ゲン いぬい	u	11	⿸⿰𠦝𠂉乙
侃	⿰亻⿱口𫶧	9	0	カン	つよ.い	あきら ただし			8	
冠	⿱冖㝴	8	1503	カン	かんむり	か かっぷ まさる	かぶる	u	9	
寒	⿱𡨄⺀	3	1456	カン	さむ.い	さ さん			12	⿱𡨄冫
刊	⿰干刂	5	855	カン			きざむ けずる	u	5	
勘	⿰甚力	8	1494	カン		か さとる	コン かんがえる	u	11	
勧	⿰𮥶力	8	1068	カン ケン	すす.める				13	
巻	⿱龹己	6	944	カン ケン	ま.く まき ま.き				9	
喚	⿰口奐	8	1120	カン	わめ.く		よぶ	u	12	
堪	⿰土甚	8	1953	カン タン	た.える たま.る こら.える こた.える		コン シン	u	12	
姦	⿱女奻	0	0	カン ケン	かん.する かしま.しい みだら				9	
完	⿱宀元	4	595	カン			ガン ゴツ ゴチ まったい	u	7	
官	⿱宀㠯	4	230	カン			つかさ	u	8	
寛	⿱宀莧	8	1377	カン	くつろ.ぐ ひろ.い ゆる.やか	とも のぶ のり ひろし ひろん ゆた			13	
干	⿱一十	6	1349	カン	ほ.す ほ.し- -ぼ.し ひ.る	ほし	ガン おかす たて もとめる	u	3	
幹	⿰𠦝𫢉	5	364	カン	みき	つよし まさ もと えだ き くる			13	⿸⿰𠦝𠆢干
患	⿱串心	8	796	カン	わずら.う	くろ	ゲン うれい うれえる わずらい	u	11	
感	⿱咸心	3	233	カン			コン ゴン	u	13	
慣	⿰忄貫	5	1177	カン	な.れる な.らす		ならわし	u	14	
憾	⿰忄感	8	1682	カン	うら.む		ゴン タン ドン うらみ	u	16	
換	⿰扌奐	8	687	カン	か.える -か.える か.わる		ガン	u	12	
敢	⿰⿱丅耳攵	8	1859	カン	あ.えて あ.えない あ.えず		あえてする	u	12	⿹攻𤮺
柑	⿰木甘	9	0	コン カン			ゲン ケン みかん	u	9	
桓	⿰木亘	0	0	カン			ガン	u	10	
棺	⿰木官	8	2161	カン			ひつぎ	u	12	
款	⿰⿱士示欠	8	1854	カン		まさ	まこと よろこぶ	u	12	⿰𰧭欠
歓	⿰𮥶欠	8	1065	カン	よろこ.ぶ	ぶ	よろこび	u	15	
汗	⿰氵干	8	1502	カン	あせ		ガン あせする	u	6	
漢	⿰氵𦰩	3	1487	カン		はん	タン から	u	13	
澗	⿰氵間	0	0	カン ケン	たに たにみず	ま			15	
潅	⿰氵𮥶	0	0	カン	そそ.ぐ				14	
環	⿰王睘	8	409	カン	わ	たま たまき	ゲン めぐる	u	17	
甘	⿴廿一	8	1248	カン	あま.い あま.える あま.やかす うま.い	かも	コン あまんじる	u	5	
監	⿱⿰臣⿱𠂉一皿	8	408	カン		けん	みる	u	15	
看	⿱龵目	6	1060	カン	み.る				9	
竿	⿱竹干	9	2416	カン	さお				9	⿱𥫗干
管	⿱竹官	4	517	カン	くだ	すが	ふえ	u	14	⿱𥫗官
簡	⿱竹間	6	983	カン ケン	えら.ぶ ふだ				18	⿱𥫗間
緩	⿰糸爰	8	933	カン	ゆる.い ゆる.やか ゆる.む ゆる.める	ひろ	ケン	u	15	
缶	⿱午凵	8	1543	カン	かま	ふ べ	フウ ほとぎ	u	6	
翰	⿰𠦝⿱人羽	0	0	カン	はね ふで やまどり ふみ		ガン	u	16	⿰𠦝⿱𠆢羽
肝	⿰月干	8	1118	カン	きも				7	
艦	⿰舟監	8	1363	カン			ガン いくさぶね	u	21	
莞	⿱艹完	9	0	カン	い				10	
観	⿰𮥶見	4	476	カン	み.る しめ.す		ケン	u	18	
諌	⿰言東	0	2296	カン	いさ.め いさ.める		ケン トウ ツ	u	15	
貫	⿱毌貝	8	1156	カン	つらぬ.く ぬ.く ぬき	つら ぬく	ワン ひく	u	11	
還	⿺辶睘	8	910	カン	かえ.る		セン ゲン かえす また	u	16	
鑑	⿰金監	8	1391	カン	かんが.みる かがみ	あき あきら	ケン ガン	u	23	
間	⿵門日	2	33	カン ケン	あいだ ま あい	ちか は はざ はし	カツ ゲツ しずか ひそかに	u	12	
閑	⿵門木	8	1994	カン		が より	ゲン しきり しずか ならう	u	12	
関	⿵門关	4	70	カン	せき -ぜき かか.わる からくり		ワン かんぬき	u	14	
陥	⿰阝⿱𠂊旧	8	1154	カン	おちい.る おとしい.れる		とおす	u	10	⿰阝⿱⺈旧
韓	⿰𠦝韋	8	445	カン	から いげた		ガン	u	18	
館	⿰飠官	3	613	カン	やかた たて	たち			16	
舘	⿰舍官	0	2281	カン	やかた たて	たち			16	
丸	⿻九丶	2	542	ガン	まる まる.める まる.い	ま わ わに	カン たま まろ	u	3	
含	⿱今口	8	466	ガン	ふく.む ふく.める		カン ゴン	u	7	
岸	⿱山厈	3	556	ガン	きし	けし			8	
巌	⿱山厳	9	1986	ガン	いわ いわお けわ.しい	よし	ゲン けわし	u	20	
玩	⿰王元	8	2216	ガン	もちあそ.ぶ もてあそ.ぶ				8	
癌	⿸疒嵒	0	2233	ガン					17	
眼	⿰目艮	5	1527	ガン ゲン	まなこ め		ゴン	u	11	
岩	⿱山石	2	787	ガン	いわ				8	
翫	⿰習元	0	2134	ガン	もてあそ.ぶ				15	
贋	⿸雁貝	0	2439	ガン	にせ		カン	u	19	
雁	⿸厂倠	9	2192	ガン	かり かりがね		ゲン	u	12	
頑	⿰元頁	8	1247	ガン	かたく.な				13	
顔	⿰彦頁	2	676	ガン	かお				18	
願	⿰原頁	4	894	ガン	ねが.う -ねがい	ら	ゲン	u	19	
企	⿱人止	8	278	キ	くわだ.てる たくら.む				6	⿱𠆢止
伎	⿰亻支	8	0	ギ キ	わざ わざおぎ		シ	u	6	
危	⿸厃㔾	6	606	キ	あぶ.ない あや.うい あや.ぶむ		ギ	u	6	
喜	⿱壴口	5	769	キ	よろこ.ぶ よろこ.ばす	あき きゅ のぶ ゆき よし	シ	u	12	
器	⿳吅大吅	4	525	キ	うつわ				15	⿴㗊犬
基	⿱其土	5	241	キ	もと もとい	きい とも	もとづく	u	11	
奇	⿱大可	8	1367	キ	く.しき あや.しい くし めずら.しい		ギ イ アイ くすし	u	8	
嬉	⿰女喜	9	2274	キ	うれ.しい たの.しむ	うらし うれし			15	
寄	⿱宀奇	5	673	キ	よ.る -よ.り よ.せる	よせ より よろ			11	
岐	⿰山支	4	1428	キ ギ		たかし また	シ えだみち	u	7	
希	⿱㐅布	4	896	キ ケ	まれ こいねが.う	のぞ のぞみ	のぞむ	u	7	
幾	⿹⿻戈𢆶人	8	1725	キ	いく- いく.つ いく.ら	い く	ケ ゲ ちかい ほとんど	u	12	⿹⿻弋𢆶人
忌	⿱己心	8	1882	キ	い.む い.み い.まわしい	いまわ	ギ	u	7	
揮	⿰扌軍	6	946	キ	ふる.う		クン コン ゴン	u	12	
机	⿰木几	6	1671	キ	つくえ		ガイ	u	6	
旗	⿰方⿱𠂉其	4	1190	キ	はた		ギ	u	14	⿸𭤨其
既	⿰⑤旡	8	1081	キ	すで.に		つきる	u	10	
期	⿰其月	3	117	キ ゴ			ギ	u	12	
棋	⿰木其	8	1311	キ	ご		ギ	u	12	
棄	⿱𠫓𭩠	8	901	キ	す.てる				13	⿳亠厶⿱丗木
機	⿰木幾	4	127	キ	はた		ケ おり からくり きざし	u	16	
帰	⿰⿰丨丿帚	2	504	キ	かえ.る かえ.す おく.る とつ.ぐ				10	⿰⿰丨丿⿳𫜹冖巾
毅	⿰豙殳	9	1770	キ ギ	つよ.い	つよし こわし たけし たけ はたす あつし	ゲ	u	15	
気	⿹气㐅	1	113	キ ケ	いき き				6	
汽	⿰氵气	2	2020	キ			カイ イツ ケ キツ	u	7	
畿	⿹⿻戈𢆶田	8	1683	キ	みやこ		ゲ	u	15	⿹⿻弋𢆶田
祈	⿰礻斤	8	1462	キ	いの.る	のり れい			8	⿰示斤
季	⿱禾子	4	842	キ		すえ とし			8	
稀	⿰禾希	9	2232	キ ケ	まれ まばら				12	
紀	⿰糸己	5	780	キ		おさむ ただす とし とも のり もと	おさめる しるす	u	9	
徽	⿲彳⿱山糸攵	9	0	キ	しるし		よい	u	17	⿰彳𢾰 ⿵⿲彳㞢攵糸
規	⿰夫見	5	349	キ		すのり ただし のり み	ケイ エ ケキ キャク	u	11	
記	⿰言己	2	149	キ	しる.す	のり			10	
貴	⿱𠀐貝	6	970	キ	たっと.い とうと.い たっと.ぶ とうと.ぶ	きよ ぎ たか たかし よし	たかい	u	12	
起	⿺走巳	3	374	キ	お.きる お.こる お.こす おこ.す		たつ	u	10	⿺走己
軌	⿰車九	8	1480	キ			わだち	u	9	
輝	⿰光軍	8	1259	キ	かがや.く	あき あきら さき てる ひ ひかる	かがやき	u	15	
飢	⿰飠几	8	1659	キ	う.える				10	
騎	⿰馬奇	8	1696	キ			ギ のる	u	18	
鬼	⿱甶⿺儿厶	8	1557	キ	おに おに-				10	
亀	⿱𠂊⿻日电	8	1353	キ キュウ キン	かめ	ひさ ひさし			11	⿱⺈⿻昌乚
偽	⿰亻為	8	1171	ギ カ	いつわ.る にせ いつわ.り		イ ガ	u	11	
儀	⿰亻義	8	739	ギ		のり よし	よい	u	15	
妓	⿰女支	0	0	ギ キ	わざおぎ うたいめ				7	
宜	⿱宀且	8	1766	ギ	よろ.しい よろ.しく	き たか のぶ のり よし	むべ よい	u	8	
戯	⿰虚戈	8	1880	ギ ゲ	たわむ.れる ざ.れる じゃ.れる		キ コ	u	15	
技	⿰扌支	5	434	ギ	わざ		キ	u	7	
擬	⿰扌疑	8	1990	ギ	まが.い もど.き		なぞらえる はかる	u	17	
欺	⿰其欠	8	1541	ギ	あざむ.く		キ	u	12	
犠	⿰牛義	8	1189	ギ キ	いけにえ		サ	u	17	⿰牜義
疑	⿰𠤕⿱龴疋	6	283	ギ	うたが.う		キ ゴチ ゴキ ギョウ	u	14	
祇	⿰示氏	9	2169	ギ キ シ	くにつかみ ただ まさに		ジ	u	8	
義	⿱𦍌我	5	415	ギ		ただし ちか のり よし	キ よい	u	13	
蟻	⿰虫義	0	0	ギ	あり		ガ	u	19	
誼	⿰言宜	9	0	ギ	よしみ よい				15	
議	⿰言義	4	25	ギ		かた のり	はかる	u	20	
掬	⿰扌匊	9	0	キク コク	きく.す むす.ぶ すく.う たなごころ				11	
菊	⿱艹匊	8	1287	キク					11	
鞠	⿰革匊	9	0	キク キュウ	まり	まい	コク ク	u	17	
吉	⿱士口	8	711	キチ キツ	よし	え き きっ きる こし と	よい	u	6	
吃	⿰口乞	0	0	キツ	ども.る		ケツ コチ	u	6	
喫	⿰口契	8	1347	キツ	の.む		ケキ カイ くう	u	12	
桔	⿰木吉	9	0	キツ ケツ		き	ケチ ゲチ	u	10	
橘	⿰木矞	9	2053	キツ	たちばな	きっ	キチ	u	16	
詰	⿰言吉	8	1020	キツ キチ	つ.める つ.め -づ.め つ.まる	ずめ づめ	ケツ ケチ つむ なじる	u	13	
砧	⿰石占	9	0	チン	きぬた				10	
杵	⿰木午	9	2355	ショ ソ	きね	き	つち	u	8	
黍	⿱禾⿱人氺	0	0	ショ	きび				12	⿱禾𱥯
却	⿰去卩	8	959	キャク	かえ.って しりぞ.く しりぞ.ける				7	
客	⿱宀各	3	557	キャク カク			カ ケ まろうど	u	9	
脚	⿰月却	8	1228	キャク キャ カク	あし	し			11	
虐	⿸虍⿷匚一	8	1464	ギャク	しいた.げる		そこなう	u	9	⿸虍𰀂
逆	⿺辶屰	5	683	ギャク ゲキ	さか さか.さ さか.らう		あらかじめ むかえる	u	9	
丘	⿱㇒⿺丄丅	8	1405	キュウ	おか	たかし	ク	u	5	
久		5	688	キュウ ク	ひさ.しい	きゅ わ なが ひさ ひさし			3	
仇	⿰亻九	0	2322	キュウ グ	あだ あた かたき つれあい		ク あだする	u	4	
休	⿰亻木	1	642	キュウ	やす.む やす.まる やす.める		ク	u	6	
及		8	544	キュウ	およ.ぶ およ.び および およ.ぼす	おい の			3	
吸	⿰口及	6	1054	キュウ	す.う				6	
宮	⿱宀呂	3	367	キュウ グウ ク クウ	みや	ぐ み	いえ	u	10	
弓	⿱？㇉	2	1802	キュウ	ゆみ	こ ゆ	ク	u	3	
急	⿱刍心	3	309	キュウ	いそ.ぐ いそ.ぎ せ.く		コウ きびしい	u	9	⿱⿱⺈𫜹心
救	⿰求攵	5	799	キュウ	すく.う		ク すくい	u	11	
朽	⿰木丂	8	1891	キュウ	く.ちる	くつ	ク	u	6	
求	⿺⿻一氺丶	4	220	キュウ グ	もと.める		ク もとめ	u	7	
汲	⿰氵及	9	0	キュウ	く.む	くみ			7	
泣	⿰氵立	4	1380	キュウ	な.く		コウ リュウ シュウ なみだ	u	8	
灸	⿱久火	9	0	キュウ ク	やいと				7	
球	⿰王求	3	302	キュウ	たま	く	グ	u	11	
究	⿱穴九	3	368	キュウ ク	きわ.める	きゅ	きわまる	u	7	⿱⿱宀儿九
窮	⿱穴躬	8	1756	キュウ キョウ	きわ.める きわ.まる きわ.まり きわ.み		グ	u	15	⿱⿱宀儿躬
笈	⿱竹及	9	0	キュウ		おい	ゴウ ギュウ キョウ ソウ	u	9	⿱𥫗及
級	⿰糸及	3	785	キュウ		しな			9	
糾	⿰糸丩	8	1820	キュウ	ただ.す		キョウ あざなう	u	9	
給	⿰糸合	4	615	キュウ	たま.う たも.う -たま.え	きい	キョウ ゴウ ヨウ コウ	u	12	
旧	⿰丨日	5	549	キュウ	ふる.い もと		グ	u	5	
牛	⿰㇒𰀁	2	1202	ギュウ	うし	うじ ご			4	
去	⿱土厶	3	440	キョ コ	さ.る -さ.る	い	ク	u	5	
居	⿸尸古	5	836	キョ コ	い.る -い お.る	おき ぐ すえ	キ いながら おく	u	8	
巨	⿷匚？	8	892	キョ		おお か こ なお	ゴ おおきい	u	5	
拒	⿰扌巨	8	863	キョ ゴ	こば.む		ク ふせぐ	u	8	
拠	⿰扌処	8	858	キョ コ	よ.る		よんどころ	u	8	
挙	⿱兴手	4	257	キョ	あ.げる あ.がる こぞ.る	たか	コ こぞって	u	10	
渠	⿱洰木	0	0	キョ	かれ なんぞ なに みぞ	だかり	ゴ いずくんぞ	u	12	
虚	⿸虍业	8	1454	キョ コ	むな.しい うつ.ろ				11	
許	⿰言午	5	720	キョ	ゆる.す もと		コ ク ばかり ゆるし	u	11	
距	⿰𧾷巨	8	1191	キョ	へだ.たる けづめ		たがう へだてる	u	12	
鋸	⿰金居	9	0	キョ コ	のこ のこぎり				16	
漁	⿰氵魚	4	1094	ギョ リョウ	あさ.る		ゴ いさる すなどり すなどる	u	14	
禦	⿱御示	0	0	ギョ ゴ	ふせ.ぐ				17	
魚	⿳𠂊田灬	2	1208	ギョ	うお さかな -ざかな	い	ゴ すなどる	u	11	⿳⺈田灬
亨	⿳亠口了	9	1952	コウ キョウ ホウ	とお.る	とうる みち ゆき あきら なが あき	ヒョウ たてまつる	u	7	
享	⿳亠口子	8	1893	キョウ コウ	う.ける	たか たかし とおる みち	すすめる	u	8	
京	⿳亠口小	2	74	キョウ ケイ キン	みやこ	たか	ゲン	u	8	⿱亠𱒃
供	⿰亻共	6	313	キョウ ク クウ グ	そな.える とも -ども				8	
侠	⿰亻夹	0	2385	キョウ	きゃん おとこだて				8	
僑	⿰亻喬	0	2044	キョウ		きゅう	ギョウ	u	14	
兇	⿱凶儿	0	0	キョウ	おそ.れる わる.い		ク	u	6	
競	⿰竞竞	4	610	キョウ ケイ	きそ.う せ.る くら.べる	かい わたなべ	ギョウ あらそう	u	20	
共	⿱龷八	4	174	キョウ	とも とも.に -ども		コウ ク グ ともにする	u	6	⿱卄𬺢
凶	⿶凵㐅	8	1673	キョウ			ク わるい	u	4	
協	⿰十劦	4	121	キョウ			かなう	u	8	
匡	⿷匚王	9	2176	キョウ オウ	すく.う ただ.す	ただ ただし まさ まさし きよ ひと	コウ	u	6	
卿	⿴卯皀	9	2138	ケイ キョウ	きみ		かみ	u	12	
叫	⿰口丩	8	1426	キョウ	さけ.ぶ		よぶ	u	6	
喬	⿱呑冋	9	1962	キョウ	たか.い	たかし たか	ギョウ	u	12	⿱夭⿱口冋
境	⿰土竟	5	346	キョウ ケイ	さかい	さか じき			14	
峡	⿰山夹	8	1833	キョウ コウ	はざま	き ば	かい	u	9	
強	⿰弓𧈧	2	112	キョウ ゴウ	つよ.い つよ.まる つよ.める し.いる	すね	コウ こわい あながち	u	11	
彊	⿰弓畺	0	0	キョウ ゴウ	つよ.い	つよし	しいる	u	16	
怯	⿰忄去	0	0	キョウ コウ	ひる.む おびえ.る おじる おび.える				8	
恐	⿱巩心	8	878	キョウ	おそ.れる おそ.る おそ.ろしい こわ.い		おそらくは おそれ	u	10	
恭	⿱共㣺	8	1737	キョウ	うやうや.しい	きよ やす やすし ゆき よし	ク	u	10	
挟	⿰扌夹	8	1870	キョウ ショウ	はさ.む はさ.まる わきばさ.む さしはさ.む		コウ ソウ	u	9	
教	⿰孝攵	2	166	キョウ	おし.える おそ.わる	のり ひさ	コウ おしえ しむ	u	11	
橋	⿰木喬	3	553	キョウ	はし	ばせ	ギョウ コウ	u	16	
況	⿰氵兄	8	490	キョウ	まし.て いわ.んや おもむき		コウ	u	8	
狂	⿰犭王	8	1425	キョウ	くる.う くる.おしい くるお.しい		カク ゴウ	u	7	
狭	⿰犭夹	8	1346	キョウ コウ	せま.い せば.める せば.まる さ	はざ			9	
矯	⿰矢喬	8	2105	キョウ	た.める		いつわる	u	17	
胸	⿰月匈	6	1144	キョウ	むね むな-		ク	u	10	
脅	⿱劦月	8	1183	キョウ	おびや.かす おど.す おど.かす		ケン キュウ コウ わき	u	10	
興	⿶⿳𦥑一八同	5	734	コウ キョウ	おこ.る おこ.す	おき おこっ とも	キン おきる	u	16	
蕎	⿱艹喬	9	0	キョウ	そば		ギョウ	u	15	
郷	⿲乡⑤阝	6	1077	キョウ ゴウ	さと	くに	コウ さきに むかう	u	11	
鏡	⿰金竟	4	1506	キョウ ケイ	かがみ	あき かが かがん			19	
響	⿱郷音	8	502	キョウ	ひび.く		ひびき	u	20	⿱鄉音
饗	⿱郷食	9	2347	キョウ	う.ける もてな.す	あい あえ			22	⿱鄕食 ⿱鄉食
驚	⿱敬馬	8	1141	キョウ	おどろ.く おどろ.かす		ケイ	u	22	
仰	⿰亻卬	8	1573	ギョウ コウ	あお.ぐ おお.せ お.っしゃる おっしゃ.る		ゴウ あおる	u	6	
凝	⿰冫疑	8	1712	ギョウ	こ.る こ.らす こご.らす こご.らせる		ゴウ こごる しこる	u	16	
尭	⿱卉兀	9	2136	ギョウ	たか.い	たかし たか のり あき			8	⿱𠦄兀
暁	⿰日尭	8	1924	ギョウ キョウ	あかつき さと.る	あき あきら あけ さと さとる てる			12	
業	⿱业𦍎	3	43	ギョウ ゴウ	わざ	なり のぶ	ギュウ すでに	u	13	⿳业䒑未
局	⿸尸⿹𠃌口	3	286	キョク	つぼね				7	
曲	⿻口卄	3	810	キョク	ま.がる ま.げる くま	まがた	コク ク つぶさに くせ	u	6	
極	⿰木亟	4	460	キョク ゴク	きわ.める きわ.まる きわ.まり きわ.み		ケキ キャク きわめて きまる	u	12	
玉	⿷王丶	1	737	ギョク	たま たま- -だま	おう だん	ゴク	u	5	
桐	⿰木同	9	1668	トウ ドウ	きり	ひさ き	ズ	u	10	
粁	⿰米千	0	0		キロメートル				9	
僅	⿰亻𦰌	8	0	キン ゴン	わず.か		ギン わずかに	u	12	⿰亻堇
勤	⿰𦰌力	6	830	キン ゴン	つと.める -づと.め つと.まる いそ.しむ		キ	u	12	⿰堇力
均	⿰土勻	5	715	キン	なら.す	ひとし	イン ウン オン エン	u	7	⿰土匀
巾	⿻冂丨	8	0	キン フク	おお.い ちきり きれ		コン はば	u	3	
錦	⿰金帛	8	1440	キン	にしき	かね あや にし	コン	u	16	
斤	⿸𠂆丅	8	0	キン			コン おの	u	4	
欣	⿰斤欠	9	2071	キン ゴン コン	よろこ.ぶ よろこ.び	やすし よし し			8	
欽	⿰金欠	9	2181	キン コン	つつし.む	よし ひとし	ギン ゴン	u	12	
琴	⿱玨今	8	1591	キン ゴン	こと				12	
禁	⿱林示	5	681	キン			コン ゴン とどめる	u	13	
禽	⿱人离	9	0	キン	とり とりこ		ゴン	u	13	⿱𠆢离
筋	⿱竹肋	6	744	キン	すじ		ケン ゲン コン ゴン	u	12	⿱𥫗肋
緊	⿱臤糸	8	677	キン	し.める し.まる		きびしい	u	15	
芹	⿱艹斤	9	2158	キン	せり	せい よし	キ	u	7	
菌	⿱艹囷	8	1586	キン			ケン きのこ	u	11	
衿	⿰衤今	9	0	キン コン	えり		ゴン ゲン ケン	u	9	
襟	⿰衤禁	8	2030	キン	えり		コン	u	18	
謹	⿰言𦰌	8	2068	キン	つつし.む		コン ゴン	u	17	⿰言堇
近	⿺辶斤	2	194	キン コン	ちか.い	おう おお この	ゴン ちかづく	u	7	
金	⿱人⿻王丷	1	53	キン コン ゴン	かね かな- -がね	かん きむ こ この ん			8	⿱𠆢⿻王丷
吟	⿰口今	8	1956	ギン			キン ゴン コン うたう	u	7	
銀	⿰金艮	3	395	ギン	しろがね	うん かな かね	ゴン	u	14	
九		1	55	キュウ ク	ここの ここの.つ	いちじく いちのく この ひさし	グ	u	2	
倶	⿰亻具	0	1842	グ ク	とも.に				10	⿰亻具
句	⿹勹口	5	1244	ク		すく	コウ グ キュウ	u	5	
区	⿷匚㐅	3	137	ク オウ コウ			キュウ	u	4	
狗	⿰犭句	0	0	ク コウ	いぬ				8	
玖	⿰王久	9	0	キュウ ク		たま き ひさ			7	
矩	⿰矢巨	9	2380	ク	かね かねざし さしがね	のり つね ただし			10	
苦	⿱艹古	3	623	ク	くる.しい -ぐる.しい くる.しむ くる.しめる		にがい にがる くるしみ はなはだ	u	8	
躯	⿰身区	0	0	ク	むくろ からだ				11	
駆	⿰馬区	8	1033	ク	か.ける か.る		キュウ	u	14	
駈	⿰馬丘	10	0	ク	か.ける か.る				15	
駒	⿰馬句	8	1452	ク	こま				15	
具	⿳目一八	3	629	グ	そな.える つぶさ.に	とも	ク そなわる	u	8	⿱目𬺢
愚	⿱禺心	8	1551	グ	おろ.か				13	
虞	⿸虍呉	8	0	グ	おそれ おもんぱか.る はか.る うれ.える	すけ もち やす			13	⿸虍吳
喰	⿰口食	9	0		く.う く.らう	じき	サン ソン くい	u	12	
空	⿱穴工	1	304	クウ	そら あ.く あ.き あ.ける	うつ き く	コウ から むなしい すく	u	8	⿱⿱宀儿工
偶	⿰亻禺	8	1602	グウ	たま		ゴウ グ たぐい たまたま	u	11	
寓	⿱宀禺	9	2330	グウ グ ドウ	ぐう.する かこつ.ける よ.せる よ.る		ギョ ゴ	u	12	
遇	⿺辶禺	8	1343	グウ	あ.う		グ ギョウ	u	12	
隅	⿰阝禺	8	1601	グウ	すみ		グ	u	12	
串	⿻吕丨	8	2139	カン ケン セン	くし つらぬ.く		ガン	u	7	
櫛	⿰木節	9	2256	シツ	くし くしけず.る		シチ	u	17	
釧	⿰金川	9	1751	セン	くしろ うでわ	くし			11	
屑	⿸尸肖	9	0	セツ	くず いさぎよ.い		ソツ セチ ソチ	u	10	
屈	⿸尸出	8	1434	クツ	かが.む かが.める	くっ	ケツ	u	8	
掘	⿰扌屈	8	1257	クツ	ほ.る	ぼり	グチ ケツ ガチ コツ	u	11	
窟	⿱穴屈	8	0	クツ コツ	いわや いはや あな		クチ	u	13	⿱⿱宀儿屈
沓	⿱水日	9	0	トウ	くつ		ドウ	u	8	
靴	⿰革化	8	1561	カ	くつ				13	
轡	⿱𦆕口	0	0	ヒ	くつわ たづな				22	⿱絲軎
窪	⿱穴洼	9	1853	ワ ア	くぼ.む くぼ.み くぼ.まる くぼ		エイ アイ ヨウ	u	14	⿱⿱宀儿洼
熊	⿱能灬	4	1105	ユウ	くま		キュウ グ ユ ダイ	u	14	
隈	⿰阝畏	9	2311	ワイ エ	くま すみ				12	
粂	⿱久米	0	0		くめ				9	
栗	⿱覀木	9	1550	リツ リ	くり おののく	くる りっ	リチ レツ レチ	u	10	
繰	⿰糸喿	8	872	ソウ	く.る	くり	ショウ	u	19	
桑	⿱叒木	8	1650	ソウ	くわ	こ			10	
鍬	⿰金秋	9	0	ショウ シュウ	くわ すき				17	
勲	⿱動灬	8	1513	クン	いさお	いさむ			15	
君	⿸尹口	3	947	クン	きみ -ぎみ	み			7	
薫	⿱艹𤋱	8	1849	クン	かお.る	かおり かおる かほ かほる くに しげ			16	
訓	⿰言川	4	1134	クン キン	おし.える よ.む くん.ずる	く くに くの さとし のり ふみ	シュン おしえ よみ	u	10	
群	⿰君羊	4	1012	グン	む.れる む.れ むら むら.がる	ぐり ぐ こお こおり ごうり	クン	u	13	
軍	⿱冖車	4	189	グン	いくさ		クン	u	9	
郡	⿰君阝	4	965	グン	こおり		クン	u	10	
卦	⿰圭卜	0	0	カ カイ ケ	うらかた				8	
袈	⿱加衣	9	0	ケ カ					11	
祁	⿰礻阝	9	0	キ ケ			ギ シ チ ジ	u	7	⿰示阝
係	⿰亻系	3	232	ケイ	かか.る かかり -がかり かか.わる		キ つなぐ	u	9	
傾	⿰亻頃	8	938	ケイ	かたむ.く かたむ.ける かたぶ.く かた.げる		キョウ	u	13	
刑	⿰开刂	8	864	ケイ		おさか ぎょう	しおき のり	u	6	
兄	⿱口儿	2	1219	ケイ キョウ	あに	え せ よし			5	
啓	⿱⿰戸攵口	8	1403	ケイ	ひら.く さと.す	あき あきら さとし はじめ ひろ よし	もうす	u	11	⿱𢼄口
圭	⿱土土	9	1837	ケイ ケ		か きよ たま よし かど きよし			6	
珪	⿰王圭	0	0	ケイ	たま		ケ キ	u	10	
型	⿱刑土	5	482	ケイ	かた -がた		ギョウ	u	9	
契	⿱𭃌大	8	898	ケイ	ちぎ.る		ケツ セツ キツ	u	9	⿱㓞大
形	⿰开彡	2	418	ケイ ギョウ	かた -がた かたち なり	ち	あらわれる	u	7	
径	⿰彳圣	4	1435	ケイ	みち こみち さしわたし ただちに				8	⿰彳𢀖
恵	⿱𤰔心	8	925	ケイ エ	めぐ.む めぐ.み	あや け さと さとし しげ へい			10	
慶	⿸⿸广⿻コ⿰丨丨⿱乛𢖻	8	1300	ケイ	よろこ.び	き きよん け みち む やす	キョウ よろこぶ	u	15	
慧	⿱彗心	9	2168	ケイ エ	さとい	さと さとし さとる あきら とし			15	⿱⿱⿰丰丰𫜹心
憩	⿱⿰舌自心	8	1731	ケイ	いこ.い いこ.う		ケツ ケチ	u	16	
掲	⿰扌⿱日匂	8	899	ケイ	かか.げる		ケツ ゲツ テイ カツ	u	11	
携	⿰扌隽	8	1017	ケイ	たずさ.える たずさ.わる				13	
敬	⿰苟攵	6	1078	ケイ キョウ	うやま.う	け たか たかし たけ とし のり	つつしむ	u	12	
景	⿱日京	4	419	ケイ		かげ	エイ キョウ ヨウ ひかり	u	12	
桂	⿰木圭	9	1651	ケイ	かつら	かつ よし か	ケ	u	10	
渓	⿰氵⿱爫夫	8	2063	ケイ	たに たにがわ				11	
畦	⿰田圭	0	0	ケイ	あぜ うね		エ イ スイ	u	11	
稽	⿰禾⿱尤旨	8	2372	ケイ	かんが.える とど.める				15	
系	⿱丿糸	6	567	ケイ			ゲイ かける すじ	u	7	
経	⿰糸圣	5	79	ケイ キョウ キン	へ.る た.つ たていと はか.る	つね のぶ	のり	u	11	
継	⿰糸⿺𠃊米	8	743	ケイ	つ.ぐ まま-		キ つぎ	u	13	
繋	⿱軗糸	0	0	ケイ	つな.ぐ かか.る か.ける				17	
罫	⿱罒卦	0	0	ケイ カイ ケ			エ	u	13	
茎	⿱艹圣	8	2013	ケイ キョウ	くき		コウ ヨウ	u	8	⿱艹𢀖
荊	⿱艹刑	0	0	ケイ	いばら		キョウ	u	9	
蛍	⿳𭕄冖虫	8	2031	ケイ	ほたる				11	⿱𰃮虫
計	⿰言十	2	228	ケイ	はか.る はか.らう	え かず け	カイ ケツ ケチ はか	u	9	
詣	⿰言旨	8	0	ケイ ゲイ	けい.する まい.る いた.る もう.でる				13	
警	⿱敬言	6	366	ケイ	いまし.める		キョウ いましめ	u	19	
軽	⿰車圣	3	790	ケイ キョウ キン	かる.い かろ.やか かろ.んじる		かるがるしい	u	12	
頚	⿰圣頁	0	2470	ケイ	くび				14	
鶏	⿰⿱爫夫鳥	8	1901	ケイ	にわとり とり				19	
芸	⿱艹云	4	719	ゲイ ウン	う.える のり わざ	き げ なり			7	
迎	⿺辶卬	8	625	ゲイ	むか.える	むかえ	ギョウ	u	7	
鯨	⿰魚京	8	1486	ゲイ	くじら		ケイ ギョウ キョウ ゴウ	u	19	
劇	⿰豦刂	6	662	ゲキ			ケキ はげしい	u	15	
戟	⿰𠦝戈	9	0	ゲキ	ほこ		ケキ キャク	u	12	
撃	⿱軗手	8	473	ゲキ	う.つ		ケキ	u	15	
激	⿰氵敫	6	560	ゲキ	はげ.しい		ケキ キョウ キャク	u	16	
隙	⿰阝𡭴	8	0	ゲキ キャク ケキ	すき す.く す.かす ひま		コ ク	u	13	
桁	⿰木行	8	0	コウ	けた		ギョウ ゴウ	u	10	
傑	⿰亻桀	8	1926	ケツ	すぐ.れる	すぐ たけ まさ			13	
欠	⿱⿰㇒乛人	4	860	ケツ ケン	か.ける か.く		キ あくび かけ	u	4	
決	⿰氵夬	3	71	ケツ	き.める -ぎ.め き.まる さ.く		エツ ケイ エチ ケチ	u	7	
潔	⿰氵絜	5	1595	ケツ	いさぎよ.い	きよ きよし	ケチ	u	15	
穴	⿱宀八	6	1366	ケツ	あな	けな しし な	ゲチ キツ ギチ	u	5	
結	⿰糸吉	4	162	ケツ ケチ	むす.ぶ ゆ.う ゆ.わえる	ゆい ゆう	ケイ ゲイ むすび	u	12	
血	⿱丿皿	3	832	ケツ	ち		ケチ	u	6	
訣	⿰言夬	9	0	ケツ	わかれ わかれ.る		ケチ ケ ケイ	u	11	
月	⿵⺆二	1	23	ゲツ ガツ	つき	おと がっ す ずき もり	ガチ	u	4	
件	⿰亻牛	5	212	ケン	くだん		くだり	u	6	
倹	⿰亻㑒	8	2479	ケン	つま.しい つづまやか				10	
倦	⿰亻巻	9	0	ケン	あき.る あぐ.む あぐ.ねる う.む		ゲン つかれる	u	11	⿰亻卷
健	⿰亻建	4	572	ケン	すこ.やか	かつ たけ たけし たて とし やす	ゲン ゴン したたか	u	11	
兼	⿱丷⿻⿳一⺕八⿰丨丨	8	1164	ケン	か.ねる -か.ねる	かね	かねて	u	10	
券	⿱龹刀	6	583	ケン			てがた わりふ	u	8	
剣	⿰㑒刂	8	1305	ケン	つるぎ				10	
喧	⿰口宣	9	2249	ケン	やかま.しい かまびす.しい		カン	u	12	
圏	⿴囗巻	8	1216	ケン	かこ.い				12	
堅	⿱臤土	8	1049	ケン	かた.い -がた.い	きん			12	
嫌	⿰女兼	8	1207	ケン ゲン	きら.う きら.い いや		うたがう	u	13	
建	⿺廴聿	4	300	ケン コン	た.てる た.て -だ.て た.つ	たけ たつ たて			9	
憲	⿱𡩜心	6	551	ケン		かず のり よし	のっとる	u	16	
懸	⿱縣心	8	889	ケン ケ	か.ける か.かる		ゲン	u	20	
拳	⿱龹手	8	1935	ケン ゲン	こぶし		カン	u	10	
捲	⿰扌巻	9	0	ケン	ま.く ま.くる まく.る めく.る		ゲン カン まき	u	11	⿰扌卷
検	⿰木㑒	5	290	ケン	しら.べる				12	
権	⿰木𮥶	6	156	ケン ゴン	おもり かり はか.る		いきおい はかり	u	15	
牽	⿱⿱亠⿻幺冖牛	9	0	ケン	ひ.く				11	
犬	⿺大丶	1	1326	ケン	いぬ いぬ-				4	
献	⿰南犬	8	637	ケン コン	たてまつ.る		ギ サ	u	13	
研	⿰石开	3	336	ケン	と.ぐ	のり	ゲン みがく	u	9	
硯	⿰石見	9	2500	ケン ゲン	すずり				12	
絹	⿰糸肙	6	1916	ケン	きぬ				13	
県	⿱⿺𠃊目小	3	140	ケン	か.ける	あがた がた			9	⿱⿺𠃊目𡭔
肩	⿸戸月	8	1215	ケン	かた		カン コン	u	8	
見	⿱目儿	1	22	ケン	み.る み.える み.せる		ゲン カン あらわれる まみえる	u	7	
謙	⿰言兼	8	1582	ケン	へりくだ.る	かね ゆずる			17	
賢	⿱臤貝	8	1159	ケン	かしこ.い	かた さか さと さとし たか たて	まさる	u	16	
軒	⿰車干	8	1416	ケン	のき		コン カン	u	10	
遣	⿺辶𠳋	8	664	ケン	つか.う -つか.い -づか.い つか.わす		やる しむ	u	13	
鍵	⿰金建	8	2029	ケン	かぎ		コン ゲン ゴン	u	17	
険	⿰阝㑒	5	707	ケン	けわ.しい		カン ガン	u	11	
顕	⿰显頁	8	1536	ケン	あきらか あらわ.れる	あき あきら	ゲン あらわす	u	18	
験	⿰馬㑒	4	410	ケン ゲン	あかし しるし ため.す ためし				18	
鹸	⿰鹵㑒	0	0	ケン カン セン	あ.く		ゲン	u	19	
元	⿱一兀	2	192	ゲン ガン	もと	ちか はじめ はる ゆき よし			4	
原	⿸厂⿱白小	2	172	ゲン	はら	た ばる ら わた わら	ガン たずねる もと ゆるす	u	10	
厳	⿱𭕄𠪚	6	638	ゲン ゴン	おごそ.か きび.しい いか.めしい いつくし	いつ いづ きゅうら とし	ガン いましめる	u	17	⿸⿱𭕄厂敢
幻	⿰幺𠃌	8	1564	ゲン	まぼろし		カン キョウ	u	4	
弦	⿰弓玄	8	1773	ゲン	つる		ケン	u	8	
減	⿰氵咸	5	261	ゲン	へ.る へ.らす		カン	u	12	
源	⿰氵原	6	738	ゲン	みなもと	はら みな もと	ガン	u	13	
玄	⿱亠幺	8	1409	ゲン	くろ くろ.い	けん はる はるか			5	
現	⿰王見	5	85	ゲン	あらわ.れる あらわ.す うつつ うつ.つ	あきら きら	ケン	u	11	
絃	⿰糸玄	9	0	ゲン	いと		ケン つる	u	11	
舷	⿰舟玄	8	0	ゲン	ふなばた ふなべり		ケン	u	11	
言	⿳亠二口	2	83	ゲン ゴン	い.う こと	とき	ギン ここに われ	u	7	
諺	⿰言彦	9	0	ゲン	ことわざ		ガン	u	16	⿰言彥
限	⿰阝艮	5	405	ゲン	かぎ.る かぎ.り -かぎ.り		ゴン カン	u	9	
乎	⿻𠂌丷	9	0	コ オ	か ああ かな や		ゴ を よ	u	5	
個	⿰亻固	5	451	コ カ					10	
古	⿱十口	2	509	コ	ふる.い ふる- -ふる.す	ふゆ	ク いにしえ	u	5	
呼	⿰口乎	6	498	コ	よ.ぶ	よぶ	カ ク コウ キョウ	u	8	
固	⿴囗古	4	750	コ	かた.める かた.まる かた.まり かた.い		ク もとより かため	u	8	
姑	⿰女古	0	2041	コ	しゅうとめ しゅうと おば しばらく		ク	u	8	
孤	⿰子瓜	8	1239	コ			ひとり みなしご	u	9	
己		6	1098	コ キ	おのれ つちのと な	し み	イ すでに やむ のみ	u	3	
庫	⿸广車	3	852	コ ク	くら		シャ	u	10	
弧	⿰弓瓜	8	2371	コ			ク オ ウ	u	9	
戸	⿱一尸	2	575	コ	と	え へ			4	
故	⿰古攵	5	612	コ	ゆえ ふる.い もと		ク こと ことさらに もとより	u	9	
枯	⿰木古	8	1749	コ	か.れる か.らす		ク ゴ	u	9	
湖	⿰氵胡	3	1344	コ	みずうみ	うみ み	ゴ	u	12	
狐	⿰犭瓜	0	2185	コ	きつね		ゴ	u	9	
糊	⿰米胡	9	0	コ ゴ コツ	のり		コチ	u	15	
袴	⿰衤夸	9	2175	コ ク	はかま ずぼん				11	
股	⿰月殳	8	2212	コ	また もも		ク	u	8	
胡	⿰古月	9	1995	ウ コ ゴ	なんぞ	えびす くる			9	
菰	⿱艹孤	0	0	コ	こも まこも		ク	u	12	
虎	⿸虍儿	8	1653	コ	とら	たけ	ク	u	8	
誇	⿰言夸	8	1272	コ	ほこ.る		カ ケ ク ほこり	u	13	
跨	⿰𧾷夸	9	0	コ カ	また.がる またが.る また.ぐ		ケ ク カイ	u	13	
鈷	⿰金古	0	0	コ			ク ゴ	u	13	
雇	⿸戸隹	8	975	コ	やと.う		ゴ	u	12	⿸户隹
顧	⿰雇頁	8	1058	コ	かえり.みる	たか み			21	
鼓	⿰壴支	8	1795	コ	つづみ		ク うつ つづみうつ	u	13	
五	⿱一𫝀	1	31	ゴ	いつ いつ.つ	い さ さつ ち ふ み			4	
互	⿱一彑	8	914	ゴ	たが.い かたみ.に		コ たがいに	u	4	
伍	⿰亻五	9	1881	ゴ	いつつ	くみ あつむ			6	
午	⿱𠂉十	2	154	ゴ	うま				4	
呉	⿳⿺𠃑口一八	8	1729	ゴ	く.れる くれ	ぐ			7	
吾	⿱五口	9	1828	ゴ	われ わが- あ-	あ あが	ギョ ガ ゲ	u	7	
娯	⿰女呉	8	1827	ゴ			グ たのしむ	u	10	
後	⿰彳⿱幺夂	2	26	ゴ コウ	のち うし.ろ うしろ あと	こし し しい しり	おくれる	u	9	⿰彳⿱幺夊
御	⿰彳卸	8	1087	ギョ ゴ	おん- お- み-	う	ガ ゲ おさめる ふせぐ	u	12	
悟	⿰忄吾	8	1411	ゴ	さと.る		さとり	u	10	
梧	⿰木吾	9	0	ゴ	あおぎり		ギョ	u	11	
檎	⿰木禽	9	0	キン ゴン ゴ					17	
瑚	⿰王胡	9	0	コ ゴ					13	
碁	⿱其石	8	1609	ゴ			キ ギ	u	13	
語	⿰言吾	2	301	ゴ	かた.る かた.らう		ギョ ことば つげる	u	14	
誤	⿰言呉	6	1150	ゴ	あやま.る -あやま.る		あやまり	u	14	⿰言吳
護	⿰言蒦	5	351	ゴ	まも.る	もり			20	
醐	⿰酉胡	9	0	ゴ コ					16	
乞	⿱𠂉乙	8	2478	コツ キツ キ キケ	こ.う		コチ ケ こい	u	3	
鯉	⿰魚里	9	2369	リ	こい				18	
交	⿱亠父	2	178	コウ	まじ.わる まじ.える ま.じる まじ.る	かた	キョウ まざる まぜる かう	u	6	
佼	⿰亻交	0	0	キョウ コウ	こう.す うつく.しい				8	
侯	⿰亻⿱ユ矢	8	2363	コウ			ゴ	u	9	
候	⿰⿰亻丨⿱ユ矢	4	510	コウ	そうろう		ゴ うかがう まつ さぶらう	u	10	
倖	⿰亻幸	9	0	コウ	しあわ.せ さいわ.い		ギョウ	u	10	
光	⿱⺌兀	2	527	コウ	ひか.る ひかり	あき あきら こお てる ひこ み			6	⿱⿱⺌一儿
公	⿱八厶	2	118	コウ ク	おおやけ	あきら き きみ きん たか ただし	ショウ シュ	u	4	
功	⿰工力	4	857	コウ ク	いさお	いさ かつ くぬ ぐう こと つとむ			5	
効	⿰交力	5	538	コウ	き.く ききめ なら.う		キョウ いたす	u	8	
勾	⿹勹厶	8	0	コウ ク	かぎ ま.がる	まがり			4	
厚	⿸厂㫗	5	768	コウ	あつ.い あか	あ あっ	グ	u	9	
口		1	284	コウ ク	くち				3	
向	⿵⿱丿冂口	3	182	コウ	む.く む.い -む.き む.ける	こお た な むか むかい むこう	キョウ ショウ むかう さきに	u	6	⿱㇒冋 ⿵𰃦口
后	⿸𠂋口	6	1583	コウ ゴ	きさき		あと のち	u	6	
喉	⿰口侯	8	2390	コウ	のど		ゴ	u	12	
坑	⿰土亢	8	2040	コウ			キョウ あな	u	7	
垢	⿰土后	0	0	コウ ク	あか はじ		キク コク	u	9	
好	⿰女子	4	423	コウ	この.む す.く よ.い い.い	こ たか とし よし			6	
孔	⿰子乚	8	2052	コウ ク	あな	のり	はなはだ	u	4	
孝	⿸耂子	6	1030	コウ キョウ		たか たかし のり よし			7	
宏	⿱宀厷	9	1277	コウ	ひろ.い	あつ ひろ ひろし	ゴウ	u	7	
工	⿱丅一	2	299	コウ ク グ		もく	たくみ つかさ わざ	u	3	
巧	⿰工丂	8	1537	コウ	たく.み たく.む うま.い	かつ たくみ よし	キョウ	u	5	
巷	⿱共己	9	2415	コウ	ちまた		ゴウ	u	9	⿱共巳
幸	⿱土𢆉	3	786	コウ	さいわ.い さち しあわ.せ	こ さき さし さっ とも ひろ	ギョウ ジョウ ニョウ ねがう	u	8	
広	⿸广厶	2	263	コウ	ひろ.い ひろ.まる ひろ.める ひろ.がる		ひろげる	u	5	
庚	⿸广⿻⿻コ一人	9	0	コウ	かのえ		キョウ	u	8	⿸广⿻⺕人
康	⿸广隶	4	760	コウ		かん こ みち やす やすし	やすい	u	11	
弘	⿰弓厶	9	1059	コウ グ	ひろ.い	ひろ ひろし ひろむ みつ お こお	ひろめる	u	5	
恒	⿰忄亘	8	1314	コウ	つね つねに	のぶ ひさ ひさし	ゴウ	u	9	
慌	⿰忄荒	8	1826	コウ	あわ.てる あわ.ただしい				12	
抗	⿰扌亢	8	666	コウ	あらが.う		あげる あたる ふせぐ	u	7	
拘	⿰扌句	8	1336	コウ	かか.わる		ク キョ ゴ キョク	u	8	
控	⿰扌空	8	1000	コウ	ひか.える ひか.え		ク ひく	u	11	
攻	⿰工攵	8	532	コウ	せ.める	おさむ	ク おさめる	u	7	
昂	⿱日卬	9	0	コウ ゴウ	あ.がる たか.い たか.ぶる	あき あきら たか たかし のぼる	ギョウ	u	8	
晃	⿱日光	9	1666	コウ	あきらか	あき あきら てる ひかる みつ	オウ	u	10	
更	⿱一⿻日乂	8	861	コウ	さら さら.に ふ.ける ふ.かす		キョウ あらためる かえる かわる	u	7	
杭	⿰木亢	9	2329	コウ	くい	わたる	ゴウ	u	8	
校	⿰木交	1	294	コウ キョウ		めん	ギョウ くらべる	u	10	
梗	⿰木更	8	0	コウ キョウ	ふさぐ やまにれ おおむね				11	
構	⿰木冓	5	316	コウ	かま.える かま.う	とち	かまえ	u	14	
江	⿰氵工	8	704	コウ	え	くん とうみ み りえ	ゴウ うみ	u	6	
洪	⿰氵共	8	1778	コウ		ほん	グ	u	9	
浩	⿰氵告	9	1149	コウ	おおき.い ひろ.い	ひろ ひろし ゆたか こお			10	
港	⿰氵巷	3	495	コウ	みなと				12	
溝	⿰氵冓	8	1736	コウ	みぞ	どぶ			13	
甲	⿻日丨	8	1073	コウ カン	きのえ	かぶと き まさ まさる	よろい	u	5	
皇	⿱白王	6	721	コウ オウ		おうじ おお み	すめら すめらぎ	u	9	
硬	⿰石更	8	1101	コウ	かた.い		ゴウ ギョウ キョウ	u	12	
稿	⿰禾高	8	1400	コウ	わら したがき				15	
糠	⿰米康	0	0	コウ	ぬか				17	
紅	⿰糸工	6	1299	コウ ク	べに くれない あか.い	くれ もみ	グ あか	u	9	
紘	⿰糸厷	9	1685	コウ	おおづな つな つなぐ	ひろ ひろし	ギョウ	u	10	
絞	⿰糸交	8	1288	コウ	しぼ.る し.める し.まる		キョウ ギョウ くびる	u	12	
綱	⿰糸岡	8	1053	コウ	つな				14	
耕	⿰耒井	5	1568	コウ	たがや.す	こお			10	⿰⿻一未井
考	⿸耂丂	2	196	コウ	かんが.える かんが.え	たか			6	
肯	⿱止月	8	1813	コウ	がえんじ.る		カイ あえて うべなう	u	8	
肱	⿰月厷	0	0	コウ	かいな ひじ まるい				8	
腔	⿰月空	9	0	コウ			ク	u	12	
膏	⿱高月	9	0	コウ	あぶら		こえる	u	14	⿳⿳亠口冖口⺝
航	⿰舟亢	5	665	コウ		わたる	ゴウ	u	10	
荒	⿱艹巟	8	1099	コウ	あ.らす あ.れる あら.い すさ.ぶ	ら	すさむ あれ	u	9	
行	⿰彳亍	2	20	コウ ギョウ アン	い.く ゆ.く -ゆ.き -ゆき	いく なみ なめ みち ゆき ゆく	ゴウ カン ガン おこなう	u	6	
衡	⿲彳𩵋亍	8	1847	コウ		ひら	ギョウ オウ はかり はかる	u	16	⿴行𩵋
講	⿰言冓	5	653	コウ					17	
貢	⿱工貝	8	956	コウ ク	みつ.ぐ		みつぎ	u	10	
購	⿰貝冓	8	945	コウ			あがなう	u	17	
郊	⿰交阝	8	1304	コウ					9	
酵	⿰酉孝	8	1862	コウ			キョウ	u	14	
鉱	⿰金広	5	1376	コウ	あらがね				13	
砿	⿰石広	0	0	コウ	あらがね				10	
鋼	⿰金岡	6	1246	コウ	はがね				16	
閤	⿵門合	9	0	コウ	くぐりど				14	
降	⿰阝夅	6	596	コウ ゴ	お.りる お.ろす ふ.る ふ.り	ふり ふる	くだす くだる	u	10	
項	⿰工頁	8	884	コウ	うなじ		ゴウ	u	12	
香	⿱禾日	4	859	コウ キョウ	か かお.り かお.る	こ こお ひゃん よし	こうばしい	u	9	
高	⿳亠口冋	2	65	コウ	たか.い たか -だか たか.まる	か こ じょい た はか	たかめる	u	10	⿵⿳亠口冂口
鴻	⿰氵䲨	9	2111	コウ ゴウ	おおとり ひしくい おおがり		グ	u	17	⿰江鳥
剛	⿰岡刂	8	1576	ゴウ		かた こう ご たか たけ たけし	こわい つよい	u	10	
劫	⿰去力	9	0	コウ ゴウ キョウ	おびや.かす				7	
号	⿱口丂	3	585	ゴウ	さけ.ぶ よびな		コウ キョウ よぶ	u	5	
合	⿱亼口	2	41	ゴウ ガッ カッ	あ.う -あ.う あ.い あい-	あう あん い か こう ごお	あわす あわせる	u	6	⿱⿵𠆢一口
壕	⿰土豪	9	2273	コウ ゴウ	ほり				17	
拷	⿰扌考	8	2057	ゴウ			コウ うつ	u	9	
濠	⿰氵豪	0	0	ゴウ コウ	ほり				17	
豪	⿱⿳亠口冖豕	8	1104	ゴウ	えら.い	こう ご すぐる たけ たけし ひで	やまあらし	u	14	
轟	⿱車䡛	9	2438	ゴウ コウ	とどろ.かす とどろ.く		とどろき	u	21	
麹	⿺麦匊	0	1988	キク	こうじ		コク	u	15	
克	⿱古儿	8	1333	コク	か.つ	かつ まさる よし	よく よくする	u	7	⿱十兄
刻	⿰亥刂	6	866	コク	きざ.む きざ.み		とき	u	8	
告	⿱𠂒口	5	188	コク	つ.げる	い	コウ キク	u	7	⿱⺧口
国	⿴囗玉	2	3	コク	くに	くな こ			8	
穀	⿰⿳士冖禾殳	6	1744	コク		たけ	コウ ドウ ヌ たなつもの	u	14	
酷	⿰酉告	8	1596	コク	ひど.い		カク きびしい はなはだ むごい	u	14	
鵠	⿰告鳥	0	2292	コク コウ	くぐい まと		ゴク カク ゴウ	u	18	⿰吿鳥
黒	⿱里灬	2	573	コク	くろ くろ.ずむ くろ.い				11	⿱田⿱土灬
獄	⿲犭言犬	8	1529	ゴク			ギョク ひとや	u	14	⿴犾言
漉	⿰氵鹿	0	0	ロク	こ.し こ.す す.く				14	
腰	⿰月要	8	1306	ヨウ	こし	うすぐ			13	
甑	⿰曽瓦	0	0	ソウ ショウ	こしき		ジョウ	u	16	⿰曾瓦
忽	⿱勿心	9	0	コツ	たちま.ち ゆるが.せ	ぬ	コチ ゆるがせにする ゆるがせにす	u	8	
惚	⿰忄忽	9	2486	コツ	ほけ.る ぼ.ける ほ.れる		コチ ほうける	u	11	
骨	⿳𭁟冖⺝	6	936	コツ	ほね		クチ	u	10	⿱冎⺼
狛	⿰犭白	0	2196	ハク	こま		ハ ヘキ ビャク ヒャク	u	8	
込	⿺辶入	8	675		-こ.む こ.む こ.み -こ.み	こみ ごめ	こめる	u	5	
此	⿰止匕	9	2078	シ	これ この ここ		かく ここに	u	6	
頃	⿰匕頁	8	2015	ケイ キョウ	ころ ごろ しばら.く	ころも	キ このごろ	u	11	
今	⿱亼㇇	2	49	コン キン	いま	な			4	⿱⿵𠆢一乛
困	⿴囗木	6	843	コン	こま.る		くるしむ	u	7	
坤	⿰土申	0	0	コン	つち ひつじさる				8	
墾	⿱貇土	8	0	コン	は.る ひら.く		ゴン	u	16	
婚	⿰女昏	8	767	コン					11	
恨	⿰忄艮	8	1877	コン	うら.む うら.めしい		ゴン うらみ うらむらくは	u	9	
懇	⿱貇心	8	1135	コン	ねんご.ろ				17	
昏	⿱氏日	9	0	コン	くら.い くれ				8	
昆	⿱日比	8	1688	コン			ゴン あに のち	u	8	
根	⿰木艮	3	620	コン	ね -ね		ねざす	u	10	
梱	⿰木困	0	0	コン	こう.る こうり こり しきみ		ゴン	u	11	
混	⿰氵昆	5	824	コン	ま.じる -ま.じり ま.ざる ま.ぜる		ゴン	u	11	
痕	⿸疒艮	8	1958	コン	あと		ギン ゴン	u	11	
紺	⿰糸甘	8	1825	コン			カン	u	11	
艮	⿸⿰𠄌𫜹？	0	0	コン ゴン	うしとら				6	
魂	⿰云鬼	8	1748	コン	たましい たま		ゴン	u	14	
些	⿱此二	9	0	サ シャ	ち.と ち.っと いささか		セイ サイ	u	8	
佐	⿰亻左	4	474	サ		すけ	たすける	u	7	
叉	⿴又丶	9	0	サ シャ サイ	また				3	
唆	⿰口夋	8	1278	サ	そそ.る そそのか.す				10	
嵯	⿰山差	9	2191	サ シ					13	
左	⿸𠂇工	1	630	サ シャ	ひだり	そ	たすける	u	5	
差	⿸⿱𦍌丿工	4	449	サ	さ.す さ.し		サイ シ セ タ	u	10	⿸⺶工
査	⿱木且	5	184	サ			シャ ゼ サイ しらべる	u	9	
沙	⿰氵少	8	1897	サ シャ	すな よなげる		シ	u	7	
瑳	⿰王差	9	0	サ	みが.く				14	
砂	⿰石少	6	1146	サ シャ	すな	いさ ご			9	
詐	⿰言乍	8	1511	サ	いつわ.る		シャ サク ザク	u	12	
鎖	⿰金𧴪	8	1250	サ	くさり とざ.す				18	
裟	⿱沙衣	9	0	サ シャ					13	
坐	⿻土从	9	2337	ザ サ	すわ.る おわす そぞろに まします		います ます	u	7	
座	⿸广坐	6	588	ザ	すわ.る		サ います くら	u	10	
挫	⿰扌坐	8	1869	ザ サ	くじ.く くじ.ける		シャ	u	10	
債	⿰亻責	8	728	サイ			サク シャ シャク かり	u	13	
催	⿰亻崔	8	536	サイ	もよう.す もよお.す		スイ うながす	u	13	
再	⿱一冉	5	275	サイ サ	ふたた.び	ふた			6	
最	⿱日取	4	82	サイ シュ	もっと.も つま	も	サツ	u	12	⿱日⿸耳又
哉	⿹𢦏口	9	0	サイ	かな や	か すけ とし ちか はじめ			9	
塞	⿱𡨄土	8	0	ソク サイ	ふさ.ぐ とりで み.ちる				13	
妻	⿱⿻十⿻コ一女	5	691	サイ	つま	ずま め	セイ シ めあわせる	u	8	⿱⿻⿱一⺕丨女
宰	⿱宀辛	8	1597	サイ		ただ	つかさ つかさどる	u	10	
彩	⿰采彡	8	1251	サイ	いろど.る	あや さ さえ つや	いろどり	u	11	
才	⿻𬺰㇒	2	1497	サイ			ザイ わずかに ざえ	u	3	
採	⿰扌采	5	607	サイ	と.る				11	
栽	⿹𢦏木	8	1496	サイ			ザイ うえる	u	10	
歳	⿱止⿵戌小	8	269	サイ セイ	とし とせ よわい		セツ サ	u	13	
済	⿰氵斉	6	168	サイ セイ	す.む -ず.み -ずみ す.まない	すむ なり わたる	ザイ すます すくう なす	u	11	
災	⿱巛火	5	976	サイ	わざわ.い				7	
采	⿱爫木	8	0	サイ	と.る いろどり		ソウ ス あや うね	u	8	
犀	⿸尸⿱⿻丨⿱丷八牛	9	2426	サイ セイ			シ	u	12	⿸尸⿱⿻丨⿰二二牛
砕	⿰石卆	8	1579	サイ	くだ.く くだ.ける				9	
砦	⿱此石	9	2304	サイ	とりで		ゼ	u	11	
祭	⿱⿰⿴𠂊冫②示	3	1124	サイ	まつ.る まつ.り まつり		セイ	u	11	
斎	⿵齐示	8	1155	サイ	とき つつし.む ものいみ い.む	いつき さえ ひとし いつ きよ ただ	シ いつく いわい いわう	u	11	
細	⿰糸田	2	537	サイ	ほそ.い ほそ.る こま.か こま.かい		セイ ほそめる	u	11	
菜	⿱艹采	4	1327	サイ	な	よう			11	
裁	⿹𢦏衣	6	297	サイ	た.つ さば.く		ザイ	u	12	
載	⿹𢦏車	8	825	サイ	の.せる の.る	とし のり	ザイ タイ すなわち	u	13	
際	⿰阝祭	5	183	サイ	きわ -ぎわ	わ	セイ まじわる	u	14	
剤	⿰斉刂	8	1151	ザイ スイ セイ	かる けず.る		まぜる	u	10	
在	⿸③土	5	211	ザイ	あ.る	あり	ゼ サイ います	u	6	
材	⿰木才	4	565	ザイ		き さい			7	
罪	⿱罒非	5	732	ザイ	つみ		サイ セ つみする	u	13	
財	⿰貝才	5	494	ザイ サイ ゾク	たから		わずか	u	10	
冴	⿰冫牙	9	2341	ゴ コ	さ.える こお.る ひ.える	さえ さえる			7	
坂	⿰土反	3	865	ハン	さか	か ざ	ヘン ホン ベン	u	7	
阪	⿰阝反	4	503	ハン	さか		ホン バン	u	7	
堺	⿰土界	9	1846	カイ	さかい				12	
榊	⿰木神	9	2094		さかき				13	
肴	⿱㐅有	9	0	コウ	さかな		ギョウ	u	8	
咲	⿰口关	8	1534	ショウ	さ.く -ざき	さ さき	わらう	u	9	
崎	⿰山奇	4	533	キ	さき さい みさき		イ ゲ	u	11	
埼	⿰土奇	4	971	キ	さき さい みさき		ギ ゲ	u	11	
碕	⿰石奇	0	0	キ	さき さい みさき		ギ ゲ	u	13	
鷺	⿱路鳥	9	2172	ロ	さぎ		リョ	u	24	
作	⿰亻乍	2	103	サク サ	つく.る つく.り -づく.り	くり さか さっ づくり とも なお	ショ ソ なす	u	7	
削	⿰肖刂	8	814	サク	けず.る はつ.る そ.ぐ	げ	シャク ショウ ソウ	u	9	
咋	⿰口乍	0	0	サク サ	か.む く.う くら.う	くい	シャク シャ	u	8	
搾	⿰扌窄	8	2046	サク	しぼ.る		サ	u	13	
昨	⿰日乍	4	226	サク			ザク きのう	u	9	
朔	⿰屰月	9	2318	サク	ついたち	たち	ソク	u	10	
柵	⿰木冊	8	0	サク サン	しがら.む しがらみ とりで やらい	ませ やな	シャク セン セキ	u	9	
窄	⿱穴乍	9	0	サク	すぼ.める つぼ.める せま.い		シャク	u	10	⿱⿱宀儿乍
策	⿱竹朿	6	209	サク			シャク かずとり つえ はかりごと	u	12	⿱𥫗朿
索	⿱⿱十冖糸	8	1127	サク			シャク ソ なわ もとめる	u	10	⿱𲓜糸
錯	⿰金昔	8	1740	サク シャク			ソ セキ たがう まじる	u	16	
桜	⿰木⿱𭕄女	5	1237	オウ ヨウ	さくら	さ ろう			10	⿰木𰋷
鮭	⿰魚圭	0	2477	カイ ケイ	さけ しゃけ ふぐ		ゲ ワイ エ カ	u	17	
笹	⿱竹世	9	1743		ささ	さ さき しの じね			11	⿱𥫗世
匙	⿺是匕	0	0	シ	さじ		ヒ ジ	u	11	
冊	⿻𦉫一	6	1313	サツ サク	ふみ		サン ソウ シャク	u	5	⿻冂卄
刷	⿰𡰯刂	4	1352	サツ	す.る -ず.り -ずり は.く		セツ セチ	u	8	
察	⿱宀祭	4	477	サツ			セチ あきらか さっする しる	u	14	
拶	⿰扌𡿪	8	0	サツ	せま.る		サチ	u	9	
撮	⿰扌最	8	1023	サツ	と.る つま.む -ど.り		サチ サイ セ サン	u	15	
擦	⿰扌察	8	1485	サツ	す.る す.れる -ず.れ こす.る		セチ	u	17	
札	⿰木乚	4	921	サツ	ふだ	さっ	サチ アツ アチ シツ	u	5	
殺	⿰⿱㐅木殳	5	581	サツ サイ セツ	ころ.す -ごろ.し そ.ぐ あや.める		セイ シ けずる へらす	u	10	⿰杀殳
薩	⿱艹隡	9	1984	サツ サチ		さっ			17	⿱艹⿰阝產
雑	⿰杂隹	5	839	ザツ ゾウ	まじ.える まじ.る		ソウ	u	14	⿽椎九
皐	⿱白⿻十⿰二二	9	2240	コウ	さつき	たかし			11	⿱白𠦂
鯖	⿰魚青	0	0	セイ ショウ	さば		エイ ヨウ	u	19	
捌	⿰扌别	0	0	ハツ ハチ ベツ	さば.く さば.ける は.け		ヘツ さばき	u	10	⿰扌別
錆	⿰金青	9	0	ショウ セイ	さび くわ.しい		ソウ	u	16	
鮫	⿰魚交	0	2244	コウ	さめ みずち		キョウ	u	17	
皿	⿴𠀃⿰丨丨	3	1812	ベイ	さら		ボウ ミョウ	u	5	
晒	⿰日西	9	0	サイ シ	さら.す さらし				10	
三	⿱一二	1	14	サン ゾウ	み み.つ みっ.つ	か さ さい さえ さぶ ざ	シン	u	3	
傘	⿱人⿻十𠈌	8	1694	サン	かさ				12	⿱𠆢⿻𠈌十
参	⿳厶大彡	4	201	サン シン	まい.る まい- まじわる みつ	み	あずかる まじえる	u	8	
山	⿶凵丨	1	131	サン セン	やま	さ やの やん			3	
惨	⿰忄参	8	1463	サン ザン	みじ.め いた.む むご.い		シン	u	11	
撒	⿰扌散	9	0	サン サツ	ま.く				15	
散	⿰⿱龷⺼攵	4	758	サン	ち.る ち.らす -ち.らす ち.らかす	ちる	ちらかる	u	12	
桟	⿰木㦮	8	2093	サン セン	かけはし	さ	シン たな	u	10	
燦	⿰火粲	9	0	サン	さん.たる あき.らか きらめ.く きら.めく				17	
珊	⿰王冊	9	0	サン	センチ さんち		サツ サチ	u	9	⿰𤣩册
産	⿸产生	4	161	サン	う.む う.まれる うぶ- む.す	もと			11	
算	⿱竹𥃲	2	361	サン	そろ		セン かず かぞえる	u	14	⿱𥫗𥃲 ⿳竹目廾
纂	⿱𮅕糸	9	0	サン	あつ.める				20	
蚕	⿱天虫	6	2272	サン テン	かいこ こ		ゾン みみず	u	10	
讃	⿰言賛	9	2179	サン	ほ.める たた.える	さぬ			22	
賛	⿱㚘貝	5	868	サン	たす.ける たた.える				15	
酸	⿰酉夋	5	1218	サン	す.い		す	u	14	
餐	⿱𣦼食	0	0	サン ソン	の.む くら.う				16	
斬	⿰車斤	8	2132	ザン サン セン ゼン	き.る				11	
暫	⿱斬日	8	1112	ザン	しばら.く		サン	u	15	
残	⿰歹㦮	4	380	ザン サン	のこ.る のこ.す そこな.う のこ.り				10	⿰歹戋
仕	⿰亻士	3	439	シ ジ	つか.える		つかまつる	u	5	
仔	⿰亻子	9	0	シ	こ た.える		サイ	u	5	
伺	⿰亻司	8	2209	シ	うかが.う				7	
使	⿰亻吏	3	219	シ	つか.う つか.い -つか.い -づか.い		しむ	u	8	
刺	⿰朿刂	8	1031	シ	さ.す さ.さる さ.し さし		セキ そしる とげ	u	8	
司	⿹𠃌𠮛	4	759	シ	つかさど.る	つ つか つかさ			5	
史	⿻⿻口丿乀	5	511	シ		あきら あや お こ ちか とし	ふびと ふみ さかん	u	5	
嗣	⿰⿱口𠕁司	8	2310	シ		あき つかさ つぎ つぐ ひで	ジ	u	13	
四	⿴囗儿	1	47	シ	よ よ.つ よっ.つ よん	あ つ よつ	シツ シチ	u	5	
士	⿱十一	5	526	シ	さむらい	お ま	ジ	u	3	⿻一丄
始	⿰女台	3	244	シ	はじ.める -はじ.める はじ.まる	もと	はじめ はじめて	u	8	
姉	⿰女市	2	1473	シ	あね はは		ねえさん	u	8	
姿	⿱次女	6	441	シ	すがた	しな			9	
子	⿻了一	1	72	シ ス ツ	こ -こ ね	い き ぎ く け ねっ	ジ	u	3	
屍	⿸尸死	0	0	シ	しかばね		かばね	u	9	
市	⿱亠巾	2	42	シ	いち	い ち	ジ	u	5	
師	⿰𠂤帀	5	563	シ	いくさ	のし のり もろ かず つかさ みつ	おさ	u	10	
志	⿱士心	5	823	シ	シリング こころざ.す こころざし	じん べ べし ゆき	しるし さかん しるす	u	7	
思	⿱田心	2	132	シ	おも.う おもえら.く おぼ.す		サイ おもい	u	9	
指	⿰扌旨	3	155	シ	ゆび さ.す -さ.し	い いぶ さし さす	ゆびさす	u	9	
支	⿱十又	5	159	シ	ささ.える つか.える か.う		キ ギ チョウ ジョウ	u	4	
孜	⿰子攵	9	1457	シ	つと.める				7	
斯	⿰其斤	9	0	シ	か こう か.く この		ソ これ ここに	u	12	
施	⿰方㐌	8	323	シ セ	ほどこ.す		イ しく	u	9	⿸𭤨也
旨	⿱匕日	8	1166	シ	むね うま.い				6	
枝	⿰木支	5	1401	シ	えだ	え ぐさ	キ ギ	u	8	
止	⿽上丨	2	310	シ	と.まる -ど.まり と.める -と.める	どめ	あし ただ とどまる やむ	u	4	
死	⿸歹匕	3	229	シ	し.ぬ し.に-				6	
氏		4	84	シ	うじ -うじ		ジ セイ ショウ	u	4	
獅	⿰犭師	9	1914	シ	しし				13	
祉	⿰礻止	8	1063	シ			チ さいわい	u	8	⿰示止
私	⿰禾厶	6	242	シ	わたくし わたし		ひそかに	u	7	
糸	⿱幺小	1	1488	シ	いと		ベキ ミャク	u	6	⿱幺𡭔
紙	⿰糸氏	2	559	シ	かみ				10	
紫	⿱此糸	8	1516	シ	むらさき	さい ゆかり			12	
肢	⿰月支	8	2289	シ			てあし	u	8	
脂	⿰月旨	8	1548	シ	あぶら		やに	u	10	
至	⿱𠫔土	6	996	シ	いた.る	のぶ のり みち よし	テツ デチ いたり	u	6	
視	⿰礻見	6	362	シ	み.る	とも み	ジ	u	11	⿰示見
詞	⿰言司	6	1636	シ	ことば		ジ	u	12	
詩	⿰言寺	3	1196	シ	うた				13	
試	⿰言式	4	392	シ	こころ.みる ため.す		ショク シキ こころみ	u	13	
誌	⿰言志	6	851	シ			しるす	u	14	
諮	⿰言咨	8	1345	シ	はか.る		とう	u	16	
資	⿱次貝	5	179	シ		すけ もと	たすける とる	u	13	
賜	⿰貝易	8	2190	シ	たまわ.る たま.う たも.う		たまもの	u	15	
雌	⿰此隹	8	1951	シ	め- めす めん		セイ サイ	u	14	
飼	⿰飠司	5	1392	シ	か.う	かい	やしなう	u	13	
歯	⿱止⿶凵米	3	1106	シ	よわい は よわ.い よわい.する		ショウ	u	12	⿱止𱐍
事	⿻⿱𠮛⺕亅	3	18	ジ ズ	こと つか.う つか.える	ろ	シ	u	8	
似	⿰亻以	5	923	ジ	に.る ひ.る	にた	シ	u	7	
侍	⿰亻寺	8	1939	ジ シ	さむらい はべ.る	かみ	さぶらう	u	8	
児	⿱旧儿	4	679	ジ ニ ゲイ	こ -こ -っこ	る			7	
字	⿱宀子	1	485	ジ	あざ あざな -な		シ やしなう	u	6	
寺	⿱土寸	2	879	ジ	てら		シ	u	6	
慈	⿱兹心	8	1811	ジ	いつく.しむ	しげ ちか めぐみ よし	いつくしみ	u	13	
持	⿰扌寺	3	119	ジ	も.つ -も.ち も.てる	もち もつ	チ	u	9	
時	⿰日寺	2	16	ジ	とき -どき	と とぎ	シ これ ときに	u	10	
次	⿰冫欠	3	222	ジ シ	つ.ぐ つぎ	き すき つぐ よし	ついず やどる とまり やどり	u	6	
滋	⿰氵兹	4	1563	ジ シ		し しげ しげる	ます ますます	u	12	
治	⿰氵台	4	109	ジ チ	おさ.める おさ.まる なお.る なお.す	し ぢ はり はる みち	イ タイ	u	8	
爾	⿱一⿱八⿻巾㸚	9	0	ジ ニ	なんじ しかり その のみ	ちか み	デイ ナイ	u	14	⿻丅⿱八⿵冂㸚
璽	⿱爾玉	8	0	ジ			シ しるし	u	19	
痔	⿸疒寺	0	0	ヂ ジ	しもがさ		チ	u	11	
磁	⿰石兹	6	1686	ジ			シ	u	14	
示	⿱二⿲丿丨丨	5	237	ジ シ	しめ.す		キ ギ	u	5	
而	⿱一𦓐	9	0	ジ ニ	しこ.うして しか.して しか.も しか.れども		ドウ ノウ すなわち なんじ	u	6	
耳		1	1328	ジ	みみ	がみ	ニ ジョウ ニョウ のみ	u	6	
自	⿱㇒目	2	19	ジ シ	みずか.ら おの.ずから おの.ずと	より			6	
蒔	⿱艹時	9	2368	シ ジ	う.える ま.く	まい まか まき			13	
辞	⿰舌辛	4	633	ジ	や.める いな.む		シ ことば ことわる	u	13	
汐	⿰氵夕	9	2314	セキ	しお うしお せい	いそ	ジャク ひきしお ゆうしお	u	6	
鹿	⿸⿸广⿻コ⿰丨丨比	4	957	ロク	しか か	しし			11	
式	⿹弋工	3	251	シキ		のり	ショク トク チョク チキ	u	6	
識	⿰言戠	5	496	シキ	し.る しる.す	さと さとる	シ ショク しるし	u	19	
鴫	⿰田鳥	0	0		しぎ				16	
竺	⿱竹二	9	0	ジク チク トク		あつし			8	⿱𥫗二
軸	⿰車由	8	1261	ジク			チク よこがみ	u	12	
宍	⿱宀六	0	2269	ニク ジク	しし	し しん			7	
雫	⿱雨下	9	2219	ダ	しずく				11	
七	⿻㇀乚	1	115	シチ	なな なな.つ なの	し しっ な ひち	シツ	u	2	⿻一乚
叱	⿰口𠤎	0	2255	シツ シチ カ	しか.る		ケ	u	5	
執	⿰幸丸	8	800	シツ シュウ	と.る	し	シュ とらえる とらわれる	u	11	
失	⿰丿夫	4	447	シツ	うしな.う う.せる		イツ シチ イチ	u	5	
嫉	⿰女疾	8	2317	シツ	そね.む ねた.む にく.む		ジチ ジ シ	u	13	
室	⿱宀至	2	550	シツ	むろ		シチ シ へや	u	9	
悉	⿱釆心	9	0	シツ シチ	つ.きる ことごと ことごと.く つ.くす				11	
湿	⿰氵显	8	1517	シツ シュウ	しめ.る しめ.す うるお.う うるお.す		トウ ゴウ	u	12	
漆	⿰氵桼	8	1971	シツ	うるし	うる	シチ セツ セチ シ	u	14	
疾	⿸疒矢	8	1577	シツ	はや.い		ジチ にくむ やまい やむ	u	10	
質	⿱斦貝	5	389	シツ シチ チ	たち ただ.す もと わりふ				15	
実	⿱宀𡗗	3	68	ジツ シツ	み みの.る まこと みの	ぐみ さね	まことに みたす みちる みのり	u	8	
蔀	⿱艹部	0	0	ホウ ダ ダン ブ	しとみ		ホ	u	14	
篠	⿱竹條	9	1556	ゾウ ショウ	しの ささ すず	の			17	⿱𥫗條
偲	⿰亻思	9	2350	サイ シ	しの.ぶ		しのび	u	11	
柴	⿱此木	9	1638	サイ シ	しば		ゼ ジャ サ	u	10	
芝	⿱艹之	8	1052	シ	しば	こげ しは			6	
屡	⿸尸娄	0	0	ル	しばしば				12	
蕊	⿱艹惢	0	0	ズイ	しべ		セン セツ ニ セチ	u	15	
縞	⿰糸高	9	2491	コウ	しま しろぎぬ				16	
舎	⿱人𠮷	5	1170	シャ セキ	やど.る	さ とり	シャク いえ おく おる	u	8	⿱𠆢𠮷 ⿱𠆢舌
写	⿱冖与	3	453	シャ ジャ	うつ.す うつ.る うつ- うつ.し		ソ	u	5	
射	⿰身寸	6	937	シャ	い.る さ.す う.つ		ジャ ジャク セキ エキ	u	10	
捨	⿰扌舎	6	1266	シャ	す.てる				11	⿰扌舍
赦	⿰赤攵	8	1868	シャ	ゆる.す		サク シャク	u	11	
斜	⿰余斗	8	1504	シャ	なな.め はす		ヤ タ	u	11	
煮	⿱者灬	8	1565	シャ	に.る -に に.える に.やす		ショ	u	12	
社	⿰礻土	2	21	シャ	やしろ	こそ	ジャ	u	7	⿰示土
紗	⿰糸少	9	0	サ シャ	うすぎぬ	たえ すず	ビョウ ミョウ	u	10	
者	⿸耂日	3	38	シャ	もの				8	
謝	⿰言射	5	1028	シャ	あやま.る	さ ざ	ジャ ことわる	u	17	
車	⿻亘丨	1	333	シャ	くるま	くら くろま	キョ コ	u	7	
遮	⿺辶庶	8	1865	シャ	さえぎ.る				14	
蛇	⿰虫它	8	1721	ジャ ダ イ ヤ	へび	あぶ み	タ シャ チ ジ	u	11	
邪	⿰牙阝	8	1612	ジャ	よこし.ま		ヤ シャ ヨ か	u	8	
借	⿰亻昔	4	932	シャク	か.りる		シャ セキ たとい	u	10	
勺	⿹勹丶	9	0	シャク					3	
尺	⿸尸㇏	6	1940	シャク セキ	さし		ものさし	u	4	
杓	⿰木勺	0	0	シャク チョウ テキ ヒョウ	ひしゃく				7	⿰木⿹勹一
灼	⿰火勺	9	0	シャク	あらた やく				7	⿰火⿹勹一
爵	⿳爫罒𡬠	8	0	シャク			さかずき	u	17	
酌	⿰酉勺	8	2271	シャク	く.む				10	
釈	⿰釆尺	8	1097	シャク セキ	とく す.てる ゆる.す	しゃ	エキ ヤク とける	u	11	
錫	⿰金易	9	2095	セキ シャク	すず たま.う		ダイ チャク テキ テイ	u	16	
若	⿱艹右	6	458	ジャク ニャク ニャ	わか.い わか- も.しくわ も.し	わく わこ	ジャ もしくは ごとし このしく	u	8	
寂	⿱宀叔	8	1599	ジャク セキ	さび さび.しい さび.れる さみ.しい		しずか	u	11	
弱	⿰⿹弓冫⿹弓冫	2	958	ジャク	よわ.い よわ.る よわ.まる よわ.める		ニャク	u	10	⿰𢎥𢎥
惹	⿱若心	9	0	ジャク ジャ	ひ.く		ニャ ニャク	u	12	
主	⿱亠土	3	95	シュ ス シュウ	ぬし おも あるじ	かず ず もん	おもに おもな つかさどる	u	5	⿱丶王
取	⿸耳又	3	122	シュ	と.る と.り と.り- とり	どる	ソウ シュウ	u	8	
守	⿱宀寸	3	457	シュ ス	まも.る まも.り もり -もり	う し も て	シュウ かみ もる	u	6	
手	⿱㇒⿻二亅	1	60	シュ ズ	て て- -て た-		シュウ	u	4	
朱	⿰㇒未	8	1788	シュ	あけ	あ あか あき す			6	
殊	⿰歹朱	8	1361	シュ	こと		ジュ ころす たつ ことに	u	10	
狩	⿰犭守	8	1785	シュ	か.る か.り -が.り	かり	シュウ	u	9	
珠	⿰王朱	8	1711	シュ	たま	す とも ま み	ジュ	u	10	
種	⿰禾重	4	461	シュ	たね -ぐさ	おい くさ た ほ	チョウ ショウ ジュ うえる	u	14	
腫	⿰月重	8	2145	シュ ショウ	は.れる は.れ は.らす はれもの				13	
趣	⿺走取	8	1153	シュ	おもむき おもむ.く		シュウ ソウ ショク ソク	u	15	
酒	⿰氵酉	3	1006	シュ	さけ さか-	き さ し	シュウ	u	10	
首	⿱䒑自	2	98	シュ	くび	おびと こべ す	シュウ おさ こうべ はじめ	u	9	⿱丷𦣻
儒	⿰亻需	8	2162	ジュ			ニュ	u	16	
受	⿱⿱爫冖又	3	136	ジュ	う.ける -う.け う.かる	じょ	シュウ トウ	u	8	
呪	⿰口兄	8	2131	ジュ シュ シュウ ズ	まじな.う のろ.い まじな.い のろ.う				8	
寿	⿸丰寸	8	1245	ジュ ス シュウ	ことぶき ことぶ.く ことほ.ぐ	かず じ じゅう すっ すみ とし	いのちながい ことほぎ ひさしい	u	7	
授	⿰扌受	5	535	ジュ	さず.ける さず.かる		シュウ	u	11	
樹	⿰木尌	6	988	ジュ	き	いつき うえ こ しげ じ たちき	シュ うえる たてる	u	16	
綬	⿰糸受	0	0	ジュ	ひも		シュウ	u	14	
需	⿱雨而	8	935	ジュ			シュ ゼン ネン ダン	u	14	
囚	⿴囗人	8	2107	シュウ	とら.われる		ジュ とらえる	u	5	
収	⿰丩又	6	337	シュウ	おさ.める おさ.まる	のぶ			4	
周	⿵⺆𠮷	4	562	シュウ	まわ.り	あまね しゅ す ちか のり ひろ	あまねし めぐらす めぐる	u	8	⿵用口
宗	⿱宀示	6	997	シュウ ソウ	むね	かず し そ そお たか とし			8	
就	⿰京尤	6	624	シュウ ジュ	つ.く つ.ける	たか なり	なす なる ついて ついては	u	12	
州	⿻川⿲丶丶丶	3	386	シュウ ス	す	くに	しま	u	6	
修	⿰⿰亻丨㣊	5	603	シュウ シュ	おさ.める おさ.まる	おき なが のぶ おさむ			10	⿸攸彡
愁	⿱秋心	8	2171	シュウ	うれ.える うれ.い		ソウ ゾウ シュ ジュ	u	13	
拾	⿰扌合	3	1479	シュウ ジュウ	ひろ.う		ショウ キョウ とお	u	9	
洲	⿰氵州	9	1979	シュウ ス	しま				9	
秀	⿱禾乃	8	848	シュウ	ひい.でる	しゅ しょう ひで ひでし ほ			7	
秋	⿰禾火	2	635	シュウ	あき とき	あい	シュ	u	9	
終	⿰糸冬	3	256	シュウ	お.わる -お.わる おわ.る お.える	ばて	ついに	u	11	
繍	⿰糸粛	0	0	シュウ	ぬいとり		ショウ シュ	u	17	
習	⿱羽白	3	706	シュウ ジュ	なら.う なら.い		ジュウ	u	11	⿱⿰习习白
臭	⿱自大	8	1760	シュウ	くさ.い -くさ.い にお.う にお.い		キュウ	u	9	⿱自犬
舟	⿻𠔾⿱丶丨	8	1786	シュウ	ふね ふな- -ぶね		シュ	u	6	
蒐	⿱艹鬼	9	0	シュウ	あかね あつ.まる あつ.める		シュ カイ エ かり	u	13	
衆	⿱血乑	6	450	シュウ シュ	おお.い				12	
襲	⿱龍衣	8	1130	シュウ	おそ.う かさ.ね	そい	ジュウ かさねる	u	22	
讐	⿱雔言	0	0	シュウ	あだ むく.いる あ.たる				23	
蹴	⿰𧾷就	8	2377	シュク シュウ	け.る				19	
輯	⿰車咠	9	0	シュウ	あつ.める やわ.らぐ		ジュウ ショ ショウ	u	16	
週	⿺辶周	2	540	シュウ			めぐる	u	11	
酋	⿱丷酉	0	0	シュウ ジュ	おさ ふるざけ さけのつかさ		じゅくする ふざける	u	9	⿱八酉
酬	⿰酉州	8	1515	シュウ シュ トウ	むく.いる		ジュ チュウ むくい	u	13	
集	⿱隹木	3	210	シュウ	あつ.まる あつ.める つど.う	あつまり ず	ジュウ	u	12	
醜	⿰酉鬼	8	2074	シュウ	みにく.い しこ		シュ たぐい にくむ	u	17	
什	⿰亻十	0	0	ジュウ シュウ					4	
住	⿰亻主	3	270	ジュウ ヂュウ チュウ	す.む す.まう -ず.まい	し じゅ すみ	チュ とどまる	u	7	
充	⿱𠫓儿	8	949	ジュウ	あ.てる み.たす	あつ のぶ まさ みち みつ よし	シュウ みちる	u	6	⿱亠允
十	⿻一丨	1	8	ジュウ ジッ ジュッ	とお と そ	い か ぎ さ し そう	シュウ シン	u	2	
従	⿰彳⿱丷𤴓	6	601	ジュウ ショウ ジュ	したが.う したが.える より		ソウ したがって	u	10	⿰彳⿱䒑龰
戎	⿹戈𠂇	0	0	ジュウ	えびす つわもの	えび	ニュ ニョウ ジョウ	u	6	⿹戈十
柔	⿱矛木	8	1187	ジュウ ニュウ	やわ.らか やわ.らかい やわ やわ.ら	とお	ショ ニュ やわらげる	u	9	
汁	⿰氵十	8	1843	ジュウ	しる -しる つゆ		ギョウ シュウ キョウ	u	5	
渋	⿰氵⿱止⿱丷八	8	1011	ジュウ シュウ	しぶ しぶ.い しぶ.る				11	⿰氵⿱止⿰⿱丶㇀⿱㇒丶
獣	⿰⿳畄一口犬	8	1714	ジュウ	けもの けだもの		シュウ シュ	u	16	⿰⿱畄𠮛犬 ⿰⿱⿱𭕄𲰶口犬
縦	⿰糸従	6	1258	ジュウ	たて		ショウ ソウ たとい たとえ	u	16	
重	⿳㇒車一	3	193	ジュウ チョウ	え おも.い おも.り おも.なう	さね しげ しげる	ジュ ズ トウ シュウ	u	9	
銃	⿰金充	8	1013	ジュウ	つつ		シュウ シュ シュク	u	14	
叔	⿰尗又	8	1950	シュク		よし	おじ	u	8	
夙	⿵几歹	0	0	シュク	つとに はやい				6	
宿	⿱宀佰	3	701	シュク	やど やど.る やど.す	すく ぶすき やけ	シュウ やどり	u	11	
淑	⿰氵叔	8	1922	シュク	しと.やか	すく とし よし	よい	u	11	
祝	⿰礻兄	4	1184	シュク シュウ	いわ.う	のり ほぎ ゆわい	シュ チョ いわい	u	9	⿰示兄
縮	⿰糸宿	6	909	シュク	ちぢ.む ちぢ.まる ちぢ.める ちぢ.れる		ちぢらす なおい ちぢみ	u	17	
粛	⿻⺕𫂱	8	1549	シュク スク	つつし.む				11	
塾	⿱孰土	8	1297	ジュク			シュク	u	14	⿱⿰享丸土
熟	⿱孰灬	6	1415	ジュク	う.れる		シュク つらつら	u	15	⿱⿰享丸灬
出	⿱屮凵	1	13	シュツ スイ	で.る -で だ.す -だ.す	いず いづ いで じ すっ すつ	シュチ	u	5	
術	⿲彳朮亍	5	350	ジュツ	すべ		スイ シュツ みち わざ	u	11	⿲彳术亍 ⿴行术
述	⿺辶术	5	379	ジュツ	の.べる		シュツ	u	8	
俊	⿰亻夋	8	1007	シュン		すぐる とし	すぐれる	u	9	
峻	⿰山夋	9	1997	シュン	けわ.しい たか.い	たか たかし ちか とし おか	きびしい	u	10	
春	⿱𡗗日	2	579	シュン	はる	あずま かす すの ひ わら			9	
瞬	⿰目舜	8	1265	シュン	またた.く まじろ.ぐ		またたき	u	18	
竣	⿰立夋	9	0	ドウ シュン	わらわ わらべ おわ.る		セン	u	12	
舜	⿱⿱爫冖舛	9	2384	シュン		みつ			13	
駿	⿰馬夋	9	1817	シュン スン	すぐ.れる	する とし はやし はやお			17	
准	⿰冫隹	8	1441	ジュン			シュン ジュ なぞらえる	u	10	
循	⿰彳盾	8	1699	ジュン			シュン したがう めぐる	u	12	
旬	⿹勹日	8	1162	ジュン シュン			キン	u	6	
楯	⿰木盾	9	0	ジュン	たて				13	
殉	⿰歹旬	8	2080	ジュン			シュン エン したがう	u	10	
淳	⿰氵享	9	1629	ジュン シュン	あつ.い	あつ あつし きよ きよし まこと すなお			11	
準	⿱淮十	5	425	ジュン	じゅん.じる じゅん.ずる なぞら.える のり		セチ シュン セツ スイ	u	13	⿽隼氵
潤	⿰氵閏	8	1644	ジュン	うるお.う うるお.す うる.む	めぐみ	ニン うるおい	u	15	
盾	⿸𠂆𥃭	8	1476	ジュン	たて		シュン イン トン ドン	u	9	
純	⿰糸屯	6	1044	ジュン		あつ すみ み やすし よし	シュン キン トン ドン	u	10	
巡	⿺辶巛	8	1262	ジュン	めぐ.る めぐ.り		シュン エン	u	6	
遵	⿺辶尊	8	0	ジュン			シュン したがう	u	15	
醇	⿰酉享	9	0	ジュン シュン	もっぱら こい あつい				15	
順	⿰川頁	4	779	ジュン		あや あり おき おさむ しげ したがう	シュン	u	12	
処	⿺夂几	6	547	ショ	ところ -こ お.る				5	
初	⿰衤刀	4	152	ショ	はじ.め はじ.めて はつ はつ-	し はっ	ソ うい そめる うぶ	u	7	
所	⿰戸斤	3	221	ショ	ところ -ところ どころ とこ	せ	がり	u	8	⿰戶斤
暑	⿱日者	3	1442	ショ	あつ.い				12	
曙	⿰日署	9	1518	ショ	あけぼの				17	
渚	⿰氵者	9	2226	ショ	なぎさ	なぎ			11	
庶	⿸广⿱廿灬	8	1558	ショ			こいねがう ちかい もろもろ	u	11	
緒	⿰糸者	8	952	ショ チョ	お いとぐち	ほ	シャ	u	14	
署	⿱罒者	6	725	ショ			ジョ しるす	u	13	
書	⿱⿱𦘒一日	2	169	ショ	か.く -が.き -がき	かき	ふみ	u	10	⿱聿曰
薯	⿱艹署	0	0	ショ	いも		ジョ	u	16	
藷	⿱艹諸	0	0	ショ ジョ	いも		チョ	u	18	
諸	⿰言者	6	658	ショ	もろ		シャ ジョ これ もろもろ	u	15	
助	⿰且力	3	397	ジョ	たす.ける たす.かる す.ける すけ		ショ ゾ	u	7	
叙	⿰余又	8	1954	ジョ	つい.ず ついで		ショ のべる	u	9	
女		1	151	ジョ ニョ ニョウ	おんな め	おな た つき な	むすめ なんじ めあわせる	u	3	
序	⿸广予	5	1160	ジョ	つい.で ついで	つぐ	ショ ついず	u	7	
徐	⿰彳余	8	1470	ジョ	おもむ.ろに		ショ おもむろ	u	10	
恕	⿱如心	9	0	ジョ ショ	ゆる.す				10	
鋤	⿰金助	0	0	ジョ ショ ソ	す.く すき くわ		ゾ	u	15	
除	⿰阝余	6	594	ジョ ジ	のぞ.く -よ.け		チョ ヨ ショ はらう	u	10	
傷	⿰亻𬀷	6	845	ショウ	きず いた.む いた.める		そこなう やぶれる きずつける	u	13	
償	⿰亻賞	8	854	ショウ	つぐな.う		ジョウ	u	17	
勝	⿰月劵	3	185	ショウ	か.つ -が.ち まさ.る すぐ.れる	かち と よし	たえる	u	12	⿸𰮤力
匠	⿷匚斤	8	1718	ショウ	たくみ		ゾウ	u	6	
升	⿱丿廾	8	2077	ショウ	ます	のぼる			4	
召	⿱刀口	8	1540	ショウ	め.す		ジョウ チョウ まねく	u	5	
哨	⿰口肖	9	1999	ショウ	みはり		ソウ チョウ	u	10	
商	⿱⿱亠丷冏	3	413	ショウ	あきな.う	あき	あきんど はかる	u	11	
唱	⿰口昌	4	1123	ショウ	とな.える		うたう	u	11	
嘗	⿱𫩠旨	9	0	ショウ ジョウ	かつ.て こころ.みる な.める				14	
奨	⿱将大	8	1445	ショウ ソウ	すす.める	まさし	すすめるすすむ	u	13	
妾	⿱立女	0	0	ショウ	めかけ そばめ わらわ				8	
娼	⿰女昌	0	2242	ショウ	あそびめ				11	
宵	⿱宀肖	8	2262	ショウ	よい		よる	u	10	
将	⿰丬寽	6	634	ショウ ソウ	まさ.に はた まさ ひきい.る	かつ かつり すすむ たか ゆき	うける おこなう もって	u	10	⿰丬𪧷
小	⿲㇒亅丶	1	114	ショウ	ちい.さい こ- お- さ-	いさら こう さざ しゃお ちいさ	すくない	u	3	
少	⿱小丿	2	287	ショウ	すく.ない すこ.し		かく わかい	u	4	
尚	⿱⺌冋	8	1531	ショウ	なお	たか たかし ないし なり ひさ ひさし	くわえる こいねがう たかい たっとぶ	u	8	
庄	⿸广土	9	1693	ショウ ソ ソウ ホウ		まさ	ビョウ	u	6	
床	⿸广木	8	1175	ショウ	とこ ゆか		ソウ	u	7	
廠	⿸广敞	0	0	ショウ					15	
彰	⿰章彡	8	1310	ショウ		あき あきら	あきらか あらわす あらわれる	u	14	
承	⿻氶三	6	775	ショウ ジョウ	うけたまわ.る う.ける	つぐ こと すけ つぎ よし うけ	ソウ セイ チョウ ゾウ	u	8	
抄	⿰扌少	8	2328	ショウ		さ り	ソウ かすめとる かすめる すく	u	7	
招	⿰扌召	5	840	ショウ	まね.く		キョウ ジョウ ギョウ まねき	u	8	
掌	⿱𫩠手	8	1757	ショウ	てのひら たなごころ		つかさどる	u	12	
捷	⿰扌疌	9	0	ショウ ソウ	はや.い	かつ			11	
昇	⿱日升	8	826	ショウ	のぼ.る	しゅう のり	のぼせる	u	8	
昌	⿱日日	9	1372	ショウ	さかん	まさ まさし よし あき あきら さかえ			8	⿱日曰
昭	⿰日召	3	697	ショウ		あき あきら かず かずみ てる	あきらか	u	9	
晶	⿱日昍	8	1613	ショウ		あ あき あきら ひかり まさ	セイ あきらか	u	12	
松	⿰木公	4	471	ショウ	まつ	おお しょ ま まっ	ジュ	u	8	
梢	⿰木肖	9	0	ショウ	こずえ くすのき		ソウ	u	11	
樟	⿰木章	9	2252	ショウ	くす		くすのき	u	15	
樵	⿰木焦	0	0	ショウ	きこ.る こ.る きこり		ジョウ たきぎ	u	16	
沼	⿰氵召	8	1467	ショウ	ぬま				8	
消	⿰氵肖	3	345	ショウ	き.える け.す				10	
渉	⿰氵歩	8	499	ショウ	わた.る	えん	ジョウ チョウ かかわる	u	11	
湘	⿰氵相	9	1909	ショウ			ソウ	u	12	
焼	⿰火尭	4	982	ショウ	や.く や.き や.き- -や.き	やい やき	やける	u	12	
焦	⿱隹灬	8	973	ショウ	こ.げる こ.がす こ.がれる あせ.る		シュウ シュ	u	12	
照	⿱昭灬	4	1004	ショウ	て.る て.らす て.れる	あき てる			13	
症	⿸疒正	8	1111	ショウ			セイ	u	10	
省	⿱少目	4	548	セイ ショウ	かえり.みる はぶ.く	さとし み	セン みる	u	9	
硝	⿰石肖	8	2154	ショウ					12	
礁	⿰石焦	8	1977	ショウ			かくれいわ	u	17	
祥	⿰礻羊	8	1273	ショウ	さいわ.い きざ.し よ.い つまび.らか	あき さか さち ひろ まさ やす			10	⿰示羊
称	⿰禾尓	8	985	ショウ	たた.える とな.える あ.げる かな.う	ね	はかり はかる	u	10	⿰禾尔
章	⿱立早	3	990	ショウ		あき あきら あや ふみ	あきらか しるし	u	11	⿴辛日
笑	⿱竹夭	4	913	ショウ	わら.う え.む	えみ	わらい	u	10	⿱𥫗夭
粧	⿰米庄	8	1545	ショウ		さ	ソウ よそおい よそおう	u	12	
紹	⿰糸召	8	963	ショウ		つぐ	ジョウ	u	11	
肖	⿱⺌月	8	1889	ショウ	あやか.る		かたどる にる	u	7	
菖	⿱艹昌	9	0	ショウ					11	
蒋	⿱艹将	0	2251	ショウ ソウ	まこも はげ.ます		かつぎ こも まさ	u	13	
蕉	⿱艹焦	9	2033	ショウ					15	
衝	⿲彳重亍	8	972	ショウ	つ.く		シュ	u	15	⿴行重
裳	⿱𫩠衣	9	0	ショウ	も もすそ		ジョウ	u	14	
訟	⿰言公	8	1061	ショウ			ジュ ヨウ ユ うったえる	u	11	
証	⿰言正	5	306	ショウ	あかし		セイ	u	12	
詔	⿰言召	8	2239	ショウ	みことのり	さとし のり			12	
詳	⿰言羊	8	1178	ショウ	くわ.しい つまび.らか	よし	ゾウ ヨウ いつわる	u	13	
象	⿳𠂊𫩏𧰨	5	394	ショウ ゾウ	かたど.る	きさ	かた のり	u	12	⿱⿱⺈𫩏𧰨
賞	⿱𫩠貝	5	426	ショウ	ほ.める				15	
醤	⿱将酉	0	2485	ショウ	ひしお				17	
鉦	⿰金正	0	0	セイ ショウ	かね		どら	u	13	
鍾	⿰金重	0	2321	ショウ シュ	あつ.める さかずき かね				17	
鐘	⿰金童	8	1681	ショウ	かね		シュ	u	20	
障	⿰阝章	6	742	ショウ	さわ.る		ふせぎ ふせぐ へだて さわり	u	14	
鞘	⿰革肖	9	0	ショウ ソウ	さや				16	
上	⿱⺊一	1	35	ジョウ ショウ シャン	うえ -うえ うわ- かみ	あおい あげ い か かき かず	あげる あがる のぼる のぼせる	u	3	
丈	⿻𠂇乀	8	1375	ジョウ	たけ だけ	とも ますら	チョウ	u	3	
丞	⿱氶一	9	0	ジョウ ショウ	すく.う たす.ける	すけ			6	
乗	⿻禾龷	3	377	ジョウ ショウ	の.る -の.り の.せる	のり			9	
冗	⿱冖几	8	1782	ジョウ					4	
剰	⿰乗刂	8	1448	ジョウ	あまつさえ あま.り あま.る				11	
城	⿰土成	4	795	ジョウ セイ	しろ	いく がき き くに ぐしく ぐすく	きずく	u	9	
場	⿰土昜	2	52	ジョウ チョウ	ば		ショウ	u	12	
壌	⿰土㐮	8	1407	ジョウ	つち				16	
嬢	⿰女㐮	8	2059	ジョウ	むすめ		ドウ	u	16	
常	⿱𫩠巾	5	293	ジョウ	つね とこ-	とき のぶ ひ ひた	ショウ つねに とこしえ	u	11	⿱龸吊
情	⿰忄青	5	235	ジョウ セイ	なさ.け		こころ まこと	u	11	
擾	⿰扌憂	0	0	ジョウ	みだ.れる みだ.す わずら.わしい		ニョウ ドウ ノウ	u	18	
条	⿱夂木	5	363	ジョウ チョウ デキ	えだ すじ		テキ	u	7	
杖	⿰木丈	9	2387	ジョウ	つえ				7	
浄	⿰氵争	8	1383	ジョウ セイ	きよ.める きよ.い		ソウ シン	u	9	
状	⿰丬犬	5	298	ジョウ			ソウ かたち	u	7	
畳	⿱田冝	8	1665	ジョウ チョウ	たた.む たたみ かさ.なる		かさねる	u	12	
穣	⿰禾㐮	9	2464	ジョウ	わら ゆたか	しげ みのる	ゼイ	u	18	
蒸	⿱艹烝	6	1552	ジョウ セイ	む.す む.れる む.らす		ショウ もろもろ	u	13	
譲	⿰言㐮	8	984	ジョウ	ゆず.る	ゆずり	せめる	u	20	
醸	⿰酉㐮	8	1838	ジョウ	かも.す				20	
錠	⿰金定	8	1934	ジョウ			テイ テン チョウ デン	u	16	
嘱	⿰口属	8	1903	ショク	しょく.する たの.む		ソク	u	15	
埴	⿰土直	9	2150	ショク	はに へな		シ ジキ	u	11	
飾	⿰飠⿱𠂉巾	8	1193	ショク	かざ.る かざ.り	しか			13	
拭	⿰扌式	8	2421	ショク シキ	ぬぐ.う ふ.く		ぬぐい	u	9	
植	⿰木直	3	699	ショク	う.える う.わる	うえ え げ	ジ ジキ シ チ	u	12	
殖	⿰歹直	8	1362	ショク	ふ.える ふ.やす	うえ え げ	ジキ シ ジ うえる	u	12	
燭	⿰火蜀	9	0	ソク ショク	ともしび		シュ	u	17	
織	⿰糸戠	5	608	ショク シキ	お.る お.り おり -おり	こおり こり のり	シ	u	18	
職	⿰耳戠	5	305	ショク ソク		もと	シキ トク ドク ヨキ	u	18	
色	⿱𠂊巴	2	621	ショク シキ	いろ	しか しこ			6	⿱⺈巴
触	⿰角虫	8	904	ショク	ふ.れる さわ.る さわ		コウ グ ソク シュ	u	13	
食	⿱人良	2	328	ショク ジキ	く.う く.らう た.べる は.む	ぐい	シ ジ イ めし	u	9	⿱𠆢良 ⿱亽艮
蝕	⿰飠虫	0	0	ショク	むしば.む		ジキ リョク リキ ロウ	u	14	
辱	⿱辰寸	8	1769	ジョク	はずかし.める		ニク かたじけない はずかしめ	u	10	
尻	⿸尸九	8	1692	コウ	しり	がみ			5	
伸	⿰亻申	8	730	シン	の.びる の.ばす の.べる の.す	のぶ よぼる	チン	u	7	
信	⿰亻言	4	208	シン		し しが しな しの しぶ とき	たより まかせる まこと	u	9	
侵	⿰亻𠬶	8	1025	シン	おか.す				9	⿰亻⿳𫜹冖又
唇	⿱辰口	8	1992	シン	くちびる		シュン	u	10	
娠	⿰女辰	8	1623	シン			はらむ	u	10	
寝	⿱宀⿰丬𠬶	8	1034	シン	ね.る ね.かす い.ぬ みたまや		やめる	u	13	⿱宀⿰丬⿳𫜹冖又
審	⿱宀番	8	412	シン	つまび.らか つぶさ.に	あきら	ハン	u	15	
心	⿰㇒⿻乚⿰丶丶	2	157	シン	こころ -ごころ				4	
慎	⿰忄真	8	999	シン	つつし.む つつ.ましい つつし つつし.み	ちか のり まこと みつ			13	
振	⿰扌辰	8	614	シン	ふ.る ふ.れる ふ.るう	ふり			10	
新	⿰亲斤	2	51	シン	あたら.しい あら.た あら- にい-	あせ あたらし し に にっ につ	さら	u	13	
晋	⿱亚日	9	1655	シン	すす.む	すすむ ゆき くに すすみ のぶ			10	
森	⿱木林	1	609	シン	もり	もと			12	
榛	⿰木秦	9	2205	シン ハン	はしばみ はり	はい はる	セン	u	14	
浸	⿰氵𠬶	8	1447	シン	ひた.す ひた.る つ.かる		やや	u	10	⿰氵⿳𫜹冖又
深	⿰氵罙	3	484	シン	ふか.い -ぶか.い ふか.まる ふか.める		ジン ふかく ふかさ	u	11	
申	⿻日丨	3	492	シン	もう.す もう.し- さる		かさねる のびる のべる	u	5	
疹	⿸疒㐱	0	0	シン チン	はしか		デツ ネチ キン	u	10	
真	⿱十具	3	279	シン	ま ま- まこと	さな さね ただ ただし なお のり			10	⿳𥃭一八
神	⿰礻申	3	347	シン ジン	かみ かん- こう-	か かぐ かな かも くま こ			9	⿰示申
秦	⿱𡗗禾	9	1894	シン	はた	たい はだ やす	ジン	u	10	
紳	⿰糸申	8	1790	シン		まこと	おおおび	u	11	
臣	⿷匚⿳丨？丨	4	1249	シン ジン		おみ たか と とみ み			7	
芯	⿱艹心	8	2202	シン					7	
薪	⿱艹新	8	2182	シン	たきぎ まき				16	
親	⿰亲見	2	406	シン	おや おや- した.しい した.しむ	ぎ ちか のり	みずから	u	16	
診	⿰言㐱	8	1019	シン	み.る		チン	u	12	
身	⿻𨈑㇒	3	320	シン	み		ケン カン ゲン みずから	u	7	
辛	⿱立十	8	1607	シン	から.い つら.い -づら.い かのと				7	
進	⿺辶隹	3	142	シン	すす.む すす.める	のぶ	ジン じょう	u	11	
針	⿰金十	6	505	シン	はり	は			10	
震	⿱雨辰	8	893	シン	ふる.う ふる.える ふる.わせる ふる.わす				15	
人		1	5	ジン ニン	ひと -り -と	じ と ね ひこ ふみ			2	
仁	⿰亻二	6	1332	ジン ニ ニン		きみ く さと しのぶ じ と			4	
刃	⿻刀丶	8	1763	ジン ニン	は やいば き.る	ち と			3	⿹刀丿
塵	⿸鹿土	0	0	チン ジン	ちり ごみ		テン デン	u	14	
壬	⿱丿士	9	2499	ニン ジン イ	みずのえ				4	
尋	⿳彐⿰工口寸	8	1398	ジン	たず.ねる ひろ	ず つぐ	シン あたためる ついで	u	12	⿳𫜹⿰工口寸
甚	⿱⿵卄𠄠匹	8	1961	ジン	はなは.だ はなは.だしい	じ	シン ソ	u	9	
尽	⿱尺⺀	8	1234	ジン サン	つ.きる つ.くす つ.かす -づ.く		ことごとく	u	6	⿵尺冫
腎	⿱臤月	8	1755	ジン			シン	u	13	
訊	⿰言⿹⺄𠂇	9	0	ジン シュン シン	き.く と.う たず.ねる				10	⿰言卂
迅	⿺辶卂	8	1888	ジン			シュン シン はやい	u	6	
陣	⿰阝車	8	828	ジン			チン	u	10	
靭	⿰革刃	0	0	ジン ニン サ サイ	うつぼ しな.やか ゆぎ	ゆき			12	
笥	⿱竹司	0	0	ス シ	け はこ				11	⿱𥫗司
諏	⿰言取	9	1949	シュ ス	そう はか.る		ブ フウ	u	15	⿰訁⿸耳又
須	⿰彡頁	8	1339	ス シュ	すべから.く すべし ひげ まつ	もとむ ぞ	ハン ヘン もちいる もとめる	u	12	
酢	⿰酉乍	8	1955	サク	す		ザク ソ	u	12	
図	⿴囗⿱⺀乂	2	539	ズ ト	え はか.る	づ			7	⿴囗⿱⺀㐅
厨	⿸厂𭔰	9	2425	シュウ ズ チュ チュウ	くりや				12	
逗	⿺辶豆	9	2027	トウ ズ	とど.まる		チュ キ ジュ	u	10	
吹	⿰口欠	8	1133	スイ	ふ.く	ふき			7	
垂	⿱⿻千龷一	6	1720	スイ	た.れる た.らす た.れ -た.れ	たる だれ	ズイ ツイ なんなんとする	u	8	
帥	⿰𠂤巾	8	2016	スイ			ソツ シュツ シュチ セイ	u	9	
推	⿰扌隹	6	507	スイ	お.す		タイ テ ズイ ツイ	u	11	
水	⿲㇇亅⿺乀丿	1	223	スイ	みず みず-	うず ずみ つ ど み みさ	かわ	u	4	⿰㇇𰛅
炊	⿰火欠	8	1777	スイ	た.く -だ.き	い	かしぐ	u	8	
睡	⿰目垂	8	1739	スイ	ねむ.る ねむ.い		ズイ ねむり	u	13	
粋	⿰米卆	8	1768	スイ	いき		サイ	u	10	
翠	⿱羽卒	9	2200	スイ	かわせみ みどり	あきら			14	⿱⿰习习卒
衰	⿳亠⿻口一𧘇	8	1432	スイ	おとろ.える		サ セ シ サイ	u	10	
遂	⿺辶㒸	8	1423	スイ	と.げる つい.に		ズイ	u	12	
酔	⿰酉卆	8	1640	スイ	よ.う よ.い よ	よい			11	
錐	⿰金隹	9	0	スイ	きり				16	
錘	⿰金垂	9	0	スイ	つむ おもり		ツイ ズイ	u	16	
随	⿰阝迶	8	1396	ズイ	まにま.に したが.う		スイ	u	12	
瑞	⿰王耑	9	1873	ズイ スイ	みず- しるし	たま ず みつ	めでたい	u	13	
髄	⿰骨迶	8	1652	ズイ			スイ	u	19	
崇	⿱山宗	8	1970	スウ	あが.める	す たか たかし たかむ	シュウ ソウ ズ シュ	u	11	
嵩	⿱山高	9	0	スウ シュウ	かさ かさ.む たか.い	たかし たか たけ	シュ	u	13	
数	⿰娄攵	2	148	スウ ス サク ソク	かず かぞ.える しばしば せ.める	じゅ	ショ ショク シュク	u	13	
枢	⿰木区	8	1791	スウ シュ	とぼそ からくり		オウ かなめ くるる	u	8	
趨	⿺走芻	0	0	スウ ソク	しゅ おもむ.く はし.る		ショク	u	17	
雛	⿰芻隹	9	2241	スウ ス ジュ	ひな ひよこ		シュ	u	18	
据	⿰扌居	8	1468	キョ	す.える す.わる		コ すえ よる	u	11	
杉	⿰木彡	8	1095	サン	すぎ		セン	u	7	
椙	⿰木昌	0	2437		すぎ				12	
菅	⿱艹官	9	1562	カン ケン	すげ	す すが すご	かや	u	11	
頗	⿰皮頁	9	0	ハ	すこぶ.る かたよ.る		ヒ ビ	u	14	
雀	⿱小隹	9	1856	ジャク ジャン サク シャク	すずめ	ざく			11	
裾	⿰衤居	8	2334	キョ コ	すそ		ゴ	u	13	
澄	⿰氵登	8	1722	チョウ	す.む す.ます -す.ます	きよ すす すみ み	ジョウ ドウ トウ	u	15	
摺	⿰扌習	9	0	ショウ シュウ ロウ	す.る ひだ	する ずり	すり	u	14	
寸	⿹𬺰丶	6	1669	スン		す みき	ソン き とき	u	3	
世	⿻廿𠃊	3	135	セイ セ ソウ	よ	とし ゆ ゆき			5	
瀬	⿰氵頼	8	1152	ライ	せ	いわた がせ しげ せい せっ			19	
畝	⿰亩久	8	2327	ボウ ホ モ ム	せ うね				10	
是	⿱日𤴓	8	1045	ゼ シ	これ この ここ	すなお ただし つな ゆき よし	ジ ダイ テイ ただしい	u	9	⿱旦龰
凄	⿰冫妻	8	2313	セイ サイ	さむ.い すご.い すさ.まじい				10	
制	⿰⿻牛冂刂	5	108	セイ			おさえる	u	8	
勢	⿱埶力	5	260	セイ ゼイ	いきお.い はずみ	せ			13	
姓	⿰女生	8	1628	セイ ショウ			ソウ かばね	u	8	
征	⿰彳正	8	1578	セイ		いく そ ただ まさ ゆき	ショウ うつ たいらげる ゆく	u	8	
性	⿰忄生	5	104	セイ ショウ	さが		たち	u	8	
成	⿵戊𠃌	4	116	セイ ジョウ	な.る な.す -な.す	あき あきら しげ そん たえ なお	たいらげる	u	6	
政	⿰正攵	5	17	セイ ショウ	まつりごと まん	ただ まさ	ただす まさに	u	9	
整	⿱敕正	3	478	セイ	ととの.える ととの.う	ひとし	ショウ	u	16	
星	⿱日生	2	844	セイ ショウ	ほし -ぼし				9	
晴	⿰日青	2	1022	セイ	は.れる は.れ は.れ- -ば.れ	はる はれ	はらす	u	12	
棲	⿰木妻	9	0	セイ	す.む	ずみ	サイ	u	12	
栖	⿰木西	9	0	セイ	す.む	す すみ	サイ	u	10	
正	⿱一止	1	143	セイ ショウ	ただ.しい ただ.す まさ まさ.に	おお くに ま まさし ただし	ただ かみ たとい	u	5	
清	⿰氵青	4	705	セイ ショウ シン	きよ.い きよ.まる きよ.める	あき さや し すが すみ せ	ジョウ すむ	u	11	
牲	⿰牛生	8	1274	セイ			ショウ ソウ いけにえ	u	9	⿰牜生
生	⿰㇒龶	1	29	セイ ショウ	い.きる い.かす い.ける う.まれる	あさ いき いく いけ うぶ うまい	ソウ うむ おう はえる	u	5	
盛	⿱成皿	6	712	セイ ジョウ	も.る さか.る さか.ん	もり	さかり	u	11	
精	⿰米青	5	752	セイ ショウ	しら.げる くわ.しい	きよ			14	
聖	⿱𦔻王	6	1165	セイ ショウ	ひじり	きよ さと さとし せ たか ただ	セント	u	13	⿽呈耳
声	⿱士𠃜	2	388	セイ ショウ	こえ こわ-		ケイ	u	7	
製	⿱制衣	5	488	セイ			たつ つくる	u	14	
西	⿱一𠁤	2	259	セイ サイ ス	にし	いり ひし むら	シ セン アク ヤク	u	6	
誠	⿰言成	6	1128	セイ	まこと	きよ さと しげ とも のぶ ま	ジョウ まことに	u	13	
誓	⿱折言	8	1567	セイ	ちか.う		ゼイ エイ セツ ゼチ	u	14	
請	⿰言青	8	524	セイ シン ショウ	こ.う う.ける	うけ	ジョウ	u	15	
逝	⿺辶折	8	2018	セイ	ゆ.く い.く				10	
醒	⿰酉星	8	0	セイ	さ.ます さ.める		ショウ	u	16	
青	⿱龶月	1	589	セイ ショウ	あお あお- あお.い	お	チン	u	8	
静	⿰青争	4	764	セイ ジョウ	しず- しず.か しず.まる しず.める	しづ			14	
斉	⿱文⿲丿二丨	8	1209	セイ サイ	そろ.う ひと.しい ひと.しく あたる	ただ なり ひと ひとし	ととのえる	u	8	⿵齐二
税	⿰禾兑	5	289	ゼイ		さい	タイ タン ダツ タツ	u	12	
脆	⿰月危	0	0	ゼイ セイ セツ	もろ.い よわい		セ ソツ セチ ソチ	u	10	
隻	⿱隹又	8	1546	セキ			シャク ひとつ	u	10	
席	⿸广⿱廿巾	4	370	セキ	むしろ		シャク	u	10	
惜	⿰忄昔	8	1641	セキ	お.しい お.しむ		おしむらくは	u	11	
戚	⿵戊尗	8	0	ソク セキ	いた.む うれ.える みうち		ショク シュク	u	11	
斥	⿻斤丶	8	2231	セキ	しりぞ.ける		シャク タク チャク シャ	u	5	
昔	⿱龷日	3	1197	セキ シャク	むかし		サク	u	8	
析	⿰木斤	8	980	セキ			シャク シ さく	u	8	
石	⿸丆口	1	342	セキ シャク コク	いし	いさ いす いわ し せっく と	ジャク タン	u	5	
積	⿰禾責	4	541	セキ	つ.む -づ.み つ.もる つ.もり	か さか しゃこ ずみ つみ	シャク シ	u	16	
籍	⿱竹耤	8	907	セキ			ジャク シャ ふみ	u	20	⿱𥫗耤
績	⿰糸責	5	820	セキ		み	シャク うむ	u	17	
脊	⿱⿻人⿱丷八月	8	2299	セキ	せ せい		シャク	u	10	⿱⿻人⿰二二⺝
責	⿱龶貝	5	598	セキ	せ.める		サク シャク サイ シン	u	11	
赤	⿱土⿻⿰丿亅八	1	584	セキ シャク	あか あか- あか.い あか.らむ	あ あこ あま	あからめる	u	7	
跡	⿰𧾷亦	8	953	セキ	あと		シャク	u	13	
蹟	⿰𧾷責	9	0	セキ シャク	あと				18	
碩	⿰石頁	9	0	セキ	おお.きい		ジャク	u	14	
切	⿰七刀	2	324	セツ サイ	き.る -き.る き.り -き.り	きつ きり ぎり	セチ セイ きれる きれ	u	4	
拙	⿰扌出	8	1938	セツ	つたな.い		セチ	u	8	
接	⿰扌妾	5	523	セツ ショウ	つ.ぐ		キョウ ソウ まじわる	u	11	
摂	⿰扌⿱耳⿱丷八	8	1779	セツ ショウ	おさ.める かね.る と.る	せっ	ジョウ キョウ ソウ かわる	u	13	⿰扌⿱耳⿰⿱丶㇀⿱㇒丶
折	⿰扌斤	4	962	セツ シャク	お.る おり お.り -お.り	せき	ゼツ テイ セイ ダイ	u	7	
設	⿰言殳	5	145	セツ	もう.ける	した	セチ しつらえる もうけ もし	u	11	
窃	⿱穴切	8	1871	セツ	ぬす.む ひそ.か		ひそかに	u	9	⿱⿱宀儿切
節	⿱竹即	4	934	セツ セチ	ふし -ぶし のっと	たかし	みさお	u	13	⿱𥫗即
説	⿰言兑	4	326	セツ ゼイ	と.く	さとし とき	エツ タツ セイ よろこぶ	u	14	
雪	⿱雨彐	2	1131	セツ	ゆき	せっ ぶき	すすぐ	u	11	⿱雨𫜹
絶	⿰糸色	5	784	ゼツ	た.える た.やす た.つ		セツ はなはだ わたる	u	12	
舌	⿱千口	6	1830	ゼツ	した		セツ カツ ゲチ ゼチ	u	6	
蝉	⿰虫単	0	0	セン ゼン	せみ		テイ ダイ	u	15	⿰虫单
仙	⿰亻山	8	1157	セン セント		そま のり			5	
先	⿱𠂒儿	1	173	セン	さき ま.ず	ぽん	さきんずる	u	6	⿱⺧儿
千	⿱丿十	1	195	セン	ち	かず ゆき			3	
占	⿱⺊口	8	694	セン	し.める うらな.う	うら しむ じめ	うらない	u	5	⿱⺊囗
宣	⿱宀亘	6	695	セン	のたま.う	とおる のぶ のぼる のり ひさ よし	ケン のべる のる	u	9	
専	⿱𤰔寸	6	506	セン	もっぱ.ら		タン ダン もっぱらにする	u	9	
尖	⿱小大	9	2133	セン	とが.る さき するど.い				6	
川	⿲丿丨丨	1	181	セン	かわ	か こ さわ			3	
戦	⿰単戈	4	78	セン	いくさ たたか.う おのの.く そよ.ぐ	せ			13	
扇	⿸戸羽	8	1805	セン	おうぎ	おう おおぎ	あおぐ	u	10	⿸戸⿰习习 ⿸户羽
撰	⿰扌巽	9	0	サン セン	せん.する えら.む えら.ぶ		ザン	u	15	
栓	⿰木全	8	2199	セン			サン	u	10	
栴	⿰木⿱𠂉丹	0	0	セイ セン	もみじ				10	
泉	⿱白水	6	1086	セン	いずみ	いず ずい ずみ ぜい ぜん の			9	
浅	⿰氵㦮	4	1253	セン	あさ.い	あざ さ	サン ザン	u	9	⿰氵戋
洗	⿰氵先	6	1168	セン	あら.う	あらい らい	セイ サイ	u	9	
染	⿱氿木	6	837	セン	そ.める そ.まる し.みる し.み	そめ	ネン ゼン	u	9	⿽杂氵
潜	⿰氵替	8	1329	セン	ひそ.む もぐ.る かく.れる くぐ.る		ひそめる	u	15	
煎	⿱前灬	8	2458	セン	せん.じる い.る に.る	いり			13	⿱⿱䒑⿰⿵冂⺀刂灬
煽	⿰火扇	0	0	セン	あお.る おだ.てる おこ.る		あおり	u	14	
旋	⿰方𭻾	8	1801	セン	め.ぐる いばり	せ めぐり	ゼン ゆばり	u	11	⿸𭤨疋
穿	⿱穴牙	9	0	セン	うが.つ は.く		エン オン	u	10	⿱⿱宀儿牙
箭	⿱竹前	0	0	セン	や				15	⿱𥫗⿱䒑⿰⿵冂⺀刂
線	⿰糸泉	2	382	セン	すじ				15	
繊	⿰糸⿹𢦏业	8	1451	セン					17	
羨	⿱𦍌㳄	8	0	セン エン	うらや.む あまり		イ ゼン	u	13	
腺	⿰月泉	8	0	セン					13	
舛	⿰夕㐄	0	2490	ブ セン	まい そむ.く	ます	シュン	u	6	
船	⿰舟㕣	2	713	セン	ふね ふな-	ふ	エン ゼン	u	11	⿰舟⿱𠘧口
薦	⿱艹廌	8	1082	セン	すす.める	こも	シン しきりに	u	16	
詮	⿰言全	8	0	セン	せん.ずる かい あき.らか	あき			13	
賎	⿰貝㦮	0	0	セン ゼン	いや.しい いや.しむ いや.しめる しず				13	
践	⿰𧾷㦮	8	1570	セン	ふ.む				13	⿰𧾷戋
選	⿺辶巽	4	57	セン	えら.ぶ え.る よ.る		サン セツ サツ	u	15	⿺辶𢁉
遷	⿺辶⿱䙲己	8	1937	セン	うつ.る うつ.す みやこがえ				15	⿺辶⿳⻃大巳
銭	⿰金㦮	6	1008	セン ゼン	ぜに すき				14	
銑	⿰金先	9	0	セン			ずく	u	14	
閃	⿵門人	9	0	セン	ひらめ.く ひらめ.き うかが.う				10	
鮮	⿰魚羊	8	355	セン	あざ.やか		すくない	u	17	
前	⿱䒑刖	2	27	ゼン	まえ -まえ	さき さと まい	セン すすむ	u	9	⿱䒑⿰⺝刂
善	⿱⿱羊䒑口	6	765	ゼン	よ.い い.い よ.く よし.とする	たる よし	セン よくする	u	12	
漸	⿰氵斬	8	2115	ゼン	ようや.く やや ようよ.う すす.む		セン サン ザン セツ	u	14	
然	⿱⿰⿴𠂊冫犬灬	4	401	ゼン ネン	しか しか.り しか.し さ		しかして しからば しかるに しかれども	u	12	⿱⿰𱼀犬灬
全	⿱人王	3	75	ゼン	まった.く すべ.て	たけ まさ	まったい まっとうする	u	6	⿱𠆢王
禅	⿰礻単	8	1902	ゼン セン	しずか ゆず.る				13	⿰示単
繕	⿰糸善	8	2195	ゼン	つくろ.う		セン	u	18	
膳	⿰月善	8	2120	ゼン セン	かしわ すす.める そな.える	ぜ よし			16	
糎	⿰米厘	0	0		センチ センチメートル				15	
噌	⿰口曽	9	0	ソウ ショウ ソ	かまびす.しい		ジョウ	u	14	⿰口曾
塑	⿱朔土	8	0	ソ	でく		ス	u	13	
岨	⿰山且	0	0	ソ ショ	いしやま そば				8	
措	⿰扌昔	8	818	ソ	お.く		サク シャク セキ	u	11	
曾	⿱八𭥴	10	0	ソウ ソ ゾウ	かつ.て か.って すなわち		ゾ なんぞ	u	12	
曽	⿱𬎿日	8	1320	ソウ ソ ゾウ	かつ かつて すなわち				11	⿳丷田日
楚	⿱林疋	9	0	ソ ショ	いばら しもと すわえ				13	
狙	⿰犭且	8	745	ソ ショ	ねら.う ねら.い				8	
疏	⿰𤴔㐬	9	0	ソ ショ	あら.い うと.い うと.む とお.る		うとんじる まばら さかん	u	12	
疎	⿰𤴔束	8	1572	ソ ショ	うと.い うと.む まば.ら		あらい うとんじる	u	12	
礎	⿰石楚	8	1224	ソ	いしずえ	もと	ショ	u	18	
祖	⿰礻且	5	1226	ソ		い	シャ ショ はじめ	u	9	⿰示且
租	⿰禾且	8	2089	ソ			ショ ソウ シュ	u	10	
粗	⿰米且	8	1689	ソ	あら.い あら-		ゾ ほぼ	u	11	
素	⿱龶糸	5	660	ソ ス	もと		しろぎぬ もとより	u	10	
組	⿰糸且	2	204	ソ	く.む くみ -ぐみ		ショ	u	11	
蘇	⿱艹穌	9	1968	ソ ス	よみがえ.る		ショ	u	19	
訴	⿰言斥	8	427	ソ	うった.える		セキ シャク うったえ	u	12	
阻	⿰阝且	8	1280	ソ	はば.む		ショ けわしい へだてる	u	8	
遡	⿺辶朔	8	0	ソ サク	さかのぼ.る				13	
鼠	⿱臼⿲⿺𠄌⺀⿺𠄌⺀㇂	0	0	ソ ショ	ねずみ ねず				13	
僧	⿰亻曽	8	1724	ソウ			ショウ	u	13	⿰亻曾
創	⿰倉刂	6	741	ソウ ショウ	つく.る はじ.める きず けず.しける	はじめ			12	
双	⿰又又	8	1029	ソウ	ふた たぐい ならぶ ふたつ	ふ	つがい	u	4	
叢	⿱丵取	9	2436	ソウ ス	くさむら むら.がる むら		ズ	u	18	⿱丵⿸耳又
倉	⿱亼⿸⿴尸一口	4	1114	ソウ	くら		ショウ	u	10	⿱⿵𠆢一⿸⿻尸一口 ⿴合𠁣
喪	⿱⿻土吅⿰𠄌⿺乀丿	8	885	ソウ	も		うしなう	u	12	
壮	⿰丬士	8	1657	ソウ	さかん	つよし	ショウ	u	6	
奏	⿱𡗗天	6	1067	ソウ	かな.でる	すすむ	シュ もうす	u	9	
爽	⿻大㸚	8	2333	ソウ	あき.らか さわ.やか たがう		ショウ	u	11	
宋	⿱宀木	9	2058	ソウ			ス	u	7	
層	⿸尸曽	6	801	ソウ			かさなる	u	14	⿸尸曾
匝	⿷匚巾	0	0	キョウ ソウ	めぐ.る				5	
惣	⿱物心	9	2211	ソウ	すべ.て	おさむ あしむ ふさ そ みち			12	
想	⿱相心	3	381	ソウ ソ	おも.う		ショウ おもい	u	13	
捜	⿰扌叟	8	592	ソウ シュ シュウ	さが.す		ショウ	u	10	⿰扌⿱申又
掃	⿰扌帚	8	1255	ソウ シュ	は.く	か	はらう	u	11	⿰扌⿳𫜹冖巾
挿	⿰扌𢆍	8	1908	ソウ	さ.す はさ.む		ショウ さしはさむ	u	10	
掻	⿰扌𧈡	0	0	ソウ	か.く		ショウ	u	11	
操	⿰扌喿	6	1016	ソウ サン	みさお あやつ.る	さお みさ	とる	u	16	
早	⿱日十	1	402	ソウ サッ	はや.い はや はや- はや.まる	さか さわ そ わ	サ はやめる つとに さ	u	6	
曹	⿱⿻一曲日	8	1998	ソウ ゾウ			ともがら	u	11	
巣	⿱𭕄果	4	1588	ソウ	す す.くう				11	
槍	⿰木倉	9	2261	ソウ ショウ	やり	うつ			14	
槽	⿰木曹	8	1809	ソウ	ふね		ゾウ おけ かいおけ	u	15	
漕	⿰氵曹	9	2354	ソウ	こ.ぐ はこ.ぶ		ゾウ シュ	u	14	
燥	⿰火喿	8	1819	ソウ	はしゃ.ぐ		かわく	u	17	
争	⿱𠂊⿻⿻コ一亅	4	271	ソウ	あらそ.う いか.でか		あらそい	u	6	⿱⺈⿻⺕亅
痩	⿸疒叟	8	0	ソウ チュウ シュウ シュ	や.せる				12	⿸疒⿱申又
相	⿰木目	3	45	ソウ ショウ	あい-	あ い おう さ さが すけ	ジョウ たすける みる	u	9	
窓	⿳穴厶心	6	1186	ソウ ス	まど てんまど けむだし				11	⿳⿱宀儿厶心
糟	⿰米曹	0	0	コウ ソウ	ぬか	かす			17	
総	⿰糸忩	5	129	ソウ	す.べて すべ.て ふさ	うさ ずさ	ス すべる	u	14	
綜	⿰糸宗	9	2194	ソウ	おさ.める す.べる		ス へ	u	14	
聡	⿰耳忩	9	1507	ソウ	さと.い みみざと.い	さと さとし さとる あき あきら とし			14	
草	⿱艹早	1	967	ソウ	くさ くさ- -ぐさ	そ や			9	
荘	⿱艹壮	8	1489	ソウ ショウ チャン	ほうき おごそ.か	そ			9	
葬	⿳艹死廾	8	754	ソウ	ほうむ.る	はふり			12	⿴𦬇死
蒼	⿱艹倉	9	2276	ソウ	あお.い		あお	u	13	
藻	⿱艹澡	8	2124	ソウ	も				19	
装	⿱壮衣	6	657	ソウ ショウ	よそお.う よそお.い				12	
走	⿱土龰	2	626	ソウ	はし.る	はしり	シュ おもむく	u	7	
送	⿺辶关	3	311	ソウ	おく.る		おくり	u	9	
遭	⿺辶曹	8	1554	ソウ	あ.う あ.わせる				14	
鎗	⿰金倉	0	0	ソウ ショウ	やり				18	
霜	⿱雨相	8	2151	ソウ	しも		ショウ	u	17	
騒	⿰馬𧈡	8	1069	ソウ	さわ.ぐ うれい さわ.がしい		ショウ	u	18	
像	⿰亻象	5	856	ゾウ		かた	ショウ ヨウ かたち かたどる	u	14	
増	⿰土曽	5	231	ゾウ	ま.す ま.し ふ.える ふ.やす	まし ます	ソウ	u	14	
憎	⿰忄曽	8	1808	ゾウ	にく.む にく.い にく.らしい にく.しみ		ソウ	u	14	⿰忄曾
臓	⿰月蔵	6	991	ゾウ	はらわた		ソウ	u	19	
蔵	⿱艹𮍏	6	468	ゾウ ソウ	くら おさ.める かく.れる	くらし くらん くろう さし ざ ろう			15	⿵茂臣
贈	⿰貝曽	8	1001	ゾウ ソウ	おく.る				18	⿰貝曾
造	⿺辶告	5	429	ゾウ	つく.る つく.り -づく.り	ずくり づくり み	ソウ いたる なる はじめる	u	10	
促	⿰亻足	8	998	ソク	うなが.す		ショク サク	u	9	
側	⿰亻則	4	216	ソク	かわ がわ そば		ショク シキ かたわら そばだてる	u	11	
則	⿰貝刂	5	753	ソク	のっと.る のり すなわち				9	
即	⿰⑤卩	8	1167	ソク	つ.く つ.ける すなわ.ち		ショク	u	7	
息	⿱自心	3	882	ソク	いき		ショク いこう やすむ やむ	u	10	
捉	⿰扌足	8	1976	ソク サク	とら.える				10	
束	⿻木口	4	918	ソク	たば たば.ねる つか つか.ねる		ショク シュ	u	7	
測	⿰氵則	5	761	ソク	はか.る		ショク シキ	u	12	
足	⿱口龰	1	343	ソク	あし た.りる た.る た.す	あ あす おす たらし	ショク シュ スウ	u	7	
速	⿺辶束	3	576	ソク	はや.い はや- はや.める すみ.やか	わ			10	
俗	⿰亻谷	8	1610	ゾク			ショク	u	9	
属	⿸尸禹	5	912	ゾク ショク	さかん つく やから	さっか つき	シュ	u	12	
賊	⿰貝⿹戈十	8	2045	ゾク			ソク そこなう	u	13	⿰貝戎
族	⿰方⿱𠂉矢	3	393	ゾク		つぎ	ソク ソウ ス あつまる	u	11	⿸𭤨矢
続	⿰糸売	4	141	ゾク ショク コウ キョウ	つづ.く つづ.ける つぐ.ない	つぐ			13	
卒	⿱𠅃十	4	772	ソツ シュツ	そっ.する お.える お.わる ついに		サイ にわか	u	8	⿱亠𠦏
袖	⿰衤由	8	1960	シュウ	そで		ジュ	u	10	
其	⿱⿱⑤一八	9	1930	キ ギ ゴ	それ その				8	
揃	⿰扌前	9	2412	セン	そろ.える そろ.う そろ.い き.る				12	⿰扌⿱䒑⿰⿵冂⺀刂
存	⿸③子	6	577	ソン ゾン	ながら.える あ.る たも.つ と.う	あり まさ	セン ぞんじる	u	6	
孫	⿰子系	4	1388	ソン	まご	ひ			10	
尊	⿱酋寸	6	1181	ソン	たっと.い とうと.い たっと.ぶ とうと.ぶ	さだ たか たけ みこと			12	
損	⿰扌員	5	807	ソン	そこ.なう そこな.う -そこ.なう そこ.ねる		へる	u	13	
村	⿰木寸	1	253	ソン	むら	え むた ら			7	
遜	⿺辶孫	8	0	ソン	したが.う へりくだ.る ゆず.る				13	
他	⿰亻也	3	543	タ	ほか				5	
多	⿱夕夕	2	139	タ	おお.い まさ.に まさ.る				6	
太	⿵大丶	2	552	タイ タ	ふと.い ふと.る	おお たか ひろ	タツ タチ はなはだ はなはだしい	u	4	
汰	⿰氵太	8	0	タ タイ	おご.る にご.る よな.げる		テイ エイ タツ タチ	u	7	
詑	⿰言它	0	0	イ タ ダ	わ.びる わ.び あざむ.く		キ	u	12	
唾	⿰口垂	8	0	ダ タ	つば つばき				11	
堕	⿱陏土	8	2087	ダ	お.ちる くず.す くず.れる		タ キ おこたる	u	12	
妥	⿱爫女	8	1102	ダ		やす	タ やすい	u	7	
惰	⿰忄⿱左月	8	2336	ダ			タ おこたる	u	12	
打	⿰扌丁	3	239	ダ ダース	う.つ う.ち- ぶ.つ	うち	タ テイ チョウ	u	5	
柁	⿰木它	0	0	ダ タ	かじ				9	
舵	⿰舟它	9	2225	ダ タ	かじ				11	
楕	⿰木⿱左月	9	2476	ダ タ					13	
陀	⿰阝它	9	0	タ ダ イ チ	けわ.しい ななめ		ジ	u	8	
駄	⿰馬太	8	1500	ダ タ			タイ ダイ のせる	u	14	
騨	⿰馬単	0	0	タン ダン タ ダ			タイ テイ テン	u	19	
体	⿰亻本	2	88	タイ テイ	からだ かたち	なり	ホン ボン	u	7	
堆	⿰土隹	8	2184	タイ ツイ	うずたか.い		テ	u	11	
対	⿰文寸	3	34	タイ ツイ	あいて こた.える そろ.い つれあ.い	つし	むかう	u	7	
耐	⿰而寸	8	1295	タイ	た.える	たえ	ダイ ナイ ドウ ノウ	u	9	
岱	⿱代山	0	0	タイ			ダイ	u	8	
帯	⿳丗冖巾	4	746	タイ	お.びる おび	たて	たらし	u	10	
待	⿰彳寺	3	391	タイ	ま.つ -ま.ち	まち まつ	ダイ	u	9	
怠	⿱台心	8	1703	タイ	おこた.る なま.ける		ダイ イ おこたり	u	9	
態	⿱能心	5	353	タイ	わざ.と		さま すがた	u	14	
戴	⿹𢦏異	8	2332	タイ	いただ.く		テ サイ セ	u	17	
替	⿱㚘日	8	979	タイ	か.える か.え- か.わる	かえ	テイ テツ テチ	u	12	⿱㚘曰
泰	⿱𡗗氺	8	1281	タイ		た はす ひろ や やす やすし	おおきい はなはだ やすい	u	10	⿱𡗗⿴⿰⿱丶㇀⿱㇒丶亅
滞	⿰氵帯	8	1107	タイ テイ	とどこお.る		セイ	u	13	⿰氵带
胎	⿰月台	8	1861	タイ			はらむ	u	9	
腿	⿰月退	0	0	タイ	もも		テ	u	13	
苔	⿱艹台	9	0	タイ	こけ こけら		ダイ	u	8	
袋	⿱代衣	8	1125	タイ ダイ	ふくろ	てい ない ぶく			11	
貸	⿱代貝	5	995	タイ	か.す か.し- かし-		トク かりる	u	12	
退	⿺辶艮	6	424	タイ	しりぞ.く しりぞ.ける ひ.く の.く		トン	u	9	
逮	⿺辶隶	8	766	タイ			テイ およぶ	u	11	
隊	⿰阝㒸	4	605	タイ			ツイ スイ くみ	u	12	
黛	⿱代黒	9	2254	タイ	まゆずみ				16	⿱代黑
鯛	⿰魚周	9	2446	チョウ	たい				19	
代	⿰亻弋	3	66	ダイ タイ	か.わる かわ.る かわ.り か.わり	す	かえる よ しろ	u	5	
台	⿱厶口	2	262	ダイ タイ	うてな われ つかさ		イ シ ジ	u	5	
大	⿻一人	1	7	ダイ タイ	おお- おお.きい -おお.いに	うふ お おう た たかし とも	ダ はなはだ	u	3	
第	⿱竹𢎨	3	160	ダイ テイ			ただ ついで やしき	u	11	⿱𥫗𢎨 ⿱竹⿹丿弔
醍	⿰酉是	9	2303	ダイ タイ テイ					16	
題	⿺是頁	3	96	ダイ			テイ ひたい	u	18	
鷹	⿸䧹鳥	9	1676	ヨウ オウ	たか				24	
滝	⿰氵竜	8	1478	ロウ ソウ	たき	らき	リョウ	u	13	
瀧	⿰氵龍	10	0	ロウ ソウ	たき		ル リョウ リュ	u	19	
卓	⿱⺊早	8	1348	タク		すぐる たか たかし	すぐれる たかい	u	8	
啄	⿰口豕	9	2463	タク ツク トク	ついば.む つつ.く	くち はし ばし	くちばし	u	10	⿰口豖
宅	⿱宀乇	6	357	タク		け たか たけ や やけ	チャク ジャク ツ タ	u	6	
托	⿰扌乇	9	0	タク	たく.する たの.む				6	
択	⿰扌尺	8	847	タク	えら.ぶ		ジャク	u	7	
拓	⿰扌石	8	1526	タク	ひら.く	つ ひろ	シャク ダク セキ ひろう	u	8	
沢	⿰氵尺	8	296	タク	さわ うるお.い うるお.す つや	おも さ さわん わさ	セキ シャク エキ うるおう	u	7	
濯	⿰氵翟	8	1698	タク	すす.ぐ ゆす.ぐ		トウ あらう	u	17	
琢	⿰王豕	9	2022	タク	みが.く	あや たか			11	⿰𤣩豖
託	⿰言乇	8	1021	タク	かこつ.ける かこ.つ かこ.つける		タ よる	u	10	
鐸	⿰金睪	0	0	タク		すず	ダク	u	21	
濁	⿰氵蜀	8	1883	ダク ジョク	にご.る にご.す	にごり	タク	u	16	
諾	⿰言若	8	1490	ダク			うべなう	u	15	
茸	⿱艹耳	9	0	ジョウ ニュ	きのこ たけ しげ.る		ジュウ	u	9	
凧	⿵几巾	9	2117		いかのぼり たこ				5	
蛸	⿰虫肖	0	0	ソウ ショウ	たこ				13	
只	⿱口八	9	2288	シ	ただ		シツ シチ	u	5	
叩	⿰口卩	0	2316	コウ	たた.く はた.く すぎ		ク たたき ひかえる	u	5	
但	⿰亻旦	8	2404	タン	ただ.し	たじ	ただ	u	7	
達	⿺辶𦍒	4	500	タツ ダ	-たち	かつ さと て てつ とおる みち	ダチ とどく	u	12	
辰	⿸厂⿱二⿰𠄌⿺乀丿	9	1600	シン ジン	たつ	とき のぶ のぶる			7	
奪	⿱奞寸	8	974	ダツ	うば.う		ダチ デ	u	14	
脱	⿰月兑	8	782	ダツ	ぬ.ぐ ぬ.げる		タツ エツ タイ もし	u	11	
巽	⿱⿰己己共	9	2061	ソン	たつみ				12	⿱⿰巳巳共
竪	⿱臤立	9	2370	ジュ	たて た.てる こども		たつ	u	14	
辿	⿺辶山	9	0	テン	たど.る たどり				6	
棚	⿰木朋	8	1594	ホウ	たな -だな				12	
谷	⿳八𠆢口	2	508	コク	たに きわ.まる	がい がえ がや せ たり たん	ヨク ロク きわきる	u	7	
狸	⿰犭里	0	2498	リ ライ	たぬき				10	
鱈	⿰魚雪	0	0	セツ	たら				22	
樽	⿰木尊	9	1981	ソン	たる				16	
誰	⿰言隹	8	1933	スイ	だれ たれ た		ズイ	u	15	
丹	⿻⿻⺆一丶	8	1402	タン	に	た たみ まこと	あか	u	4	
単	⿱𭕄⿻甲一	4	586	タン	ひとえ		ひとつ	u	9	
嘆	⿰口𦰩	8	1584	タン	なげ.く なげ.かわしい				13	
坦	⿰土旦	9	0	タン	たいら	やす			8	
担	⿰扌旦	6	422	タン	かつ.ぐ にな.う		ケチ セン エン ケツ	u	8	
探	⿰扌罙	6	930	タン	さぐ.る さが.す		トン セン ゼン	u	11	
旦	⿱日一	8	0	タン ダン	あき.らか あきら ただし あさ		あした	u	5	
歎	⿰𦰩欠	9	0	タン	なげ.く なげ.き				14	
淡	⿰氵炎	8	1436	タン	あわ.い		ダン エン うすい	u	11	
湛	⿰氵甚	9	2183	タン チン ジン セン	しず.む たた.える	かん きよ たたう たたえ やす	ダン テン シン イン	u	12	
炭	⿱山灰	3	1307	タン	すみ				9	⿸屵火
短	⿰矢豆	3	689	タン	みじか.い				12	
端	⿰立耑	8	960	タン	はし は はた -ばた	ただし みず	セン ベン メン ただしい	u	14	
箪	⿱竹単	0	0	タン	はこ				15	⿱𥫗単 ⿱竹单
綻	⿰糸定	8	0	タン	ほころ.びる		テン	u	14	
耽	⿰耳冘	9	0	タン	ふけ.る		トン	u	10	
胆	⿰月旦	8	1449	タン	きも	い まこと	ダン タツ タチ	u	9	
蛋	⿱疋虫	0	2266	タン			ダン	u	11	
誕	⿰言延	6	1024	タン			いつわる	u	15	
鍛	⿰金段	8	1793	タン	きた.える	か			17	
団	⿴囗寸	5	213	ダン トン	かたまり まる.い		タン セン ドン	u	6	
壇	⿰土亶	8	1512	ダン タン			セン ゼン	u	16	
弾	⿰弓単	8	853	ダン タン	ひ.く -ひ.き はず.む たま		ただす はじく	u	12	
断	⿰⿺𠃊米斤	5	338	ダン	た.つ ことわ.る さだ.める		タン	u	11	
暖	⿰日爰	6	1371	ダン ノン	あたた.か あたた.かい あたた.まる あたた.める		ナン カン ノ ノウ	u	13	
檀	⿰木亶	9	2291	ダン タン	まゆみ		セン ゼン	u	17	
段	⿰⑤殳	6	479	ダン タン					9	
男	⿱田力	1	240	ダン ナン	おとこ お	み			7	
談	⿰言炎	3	272	ダン			タン かたる	u	15	
値	⿰亻直	6	518	チ	ね あたい	じ	チョク ジキ	u	10	⿰亻直
知	⿰矢口	2	205	チ	し.る し.らせる	さと さとる しり しれ とも のり			8	
地	⿰土也	2	40	チ ジ		どま	つち	u	6	
弛	⿰弓也	9	2497	チ シ	たる.む たる.める たゆ.む ゆる.む		イ	u	6	
恥	⿰耳心	8	1575	チ	は.じる はじ は.じらう は.ずかしい				10	
智	⿱知日	9	1002	チ		さと さとし さとる さとい とも のり			12	
池	⿰氵也	2	827	チ	いけ		タ ダ テツ デチ	u	6	
痴	⿸疒知	8	1663	チ	し.れる おろか				13	
稚	⿰禾隹	8	1560	チ ジ	いとけない おさない おくて おでる	まさ わか わく わっか			13	
置	⿱罒直	4	277	チ	お.く -お.き	おき おけ き			13	
致	⿰至攵	8	870	チ	いた.す				10	
蜘	⿰虫知	0	0	チ	くも				14	
遅	⿺辶𡱝	8	833	チ	おく.れる おく.らす おそ.い	じ	まつ	u	12	
馳	⿰馬也	9	0	チ ジ	は.せる		タ ダ	u	13	
築	⿱筑木	5	821	チク	きず.く	つい つき つく づき			16	
畜	⿱玄田	8	1824	チク			キク キュウ ク チュウ	u	10	
竹	⿰亇亇	1	593	チク	たけ	たか			6	⿰⿱𠂉丨⿱𠂉亅
筑	⿱竹巩	9	1530	チク		つく づき			12	⿱𥫗巩
蓄	⿱艹畜	8	1260	チク	たくわ.える		キク	u	13	
逐	⿺辶豕	8	2230	チク			ジク テキ トン チュウ	u	10	
秩	⿰禾失	8	1275	チツ		ちち ちっ	テチ イツ テツ ジチ	u	10	
窒	⿱穴至	8	1776	チツ			デツ ネチ テツ テチ	u	11	⿱⿱宀儿至
茶	⿳艹人朩	2	1116	チャ サ		ちや	タ	u	9	⿳艹𠆢朩
嫡	⿰女啇	8	2130	チャク テキ			タク よつぎ	u	14	
着	⿸⿱𦍌丿目	3	376	チャク ジャク	き.る き.せる つ.く つ.ける				12	⿸⺶目
中	⿻口丨	1	11	チュウ	なか うち あた.る	あたる かなえ	チュ あてる	u	4	
仲	⿰亻中	4	919	チュウ	なか	ちゅん つづき なかつ			6	
宙	⿱宀由	6	1005	チュウ		ひろ ゆ	ジュ	u	8	
忠	⿱中心	6	1113	チュウ		きよし たた ただ ただし なお	チュ まごころ じょう	u	8	
抽	⿰扌由	8	1437	チュウ	ひき-		チュ ジュ ぬく ひく	u	8	
昼	⿱尺旦	2	1115	チュウ	ひる				9	
柱	⿰木主	3	1119	チュウ	はしら		チュ ジュ ことじ ささえる	u	9	
注	⿰氵主	3	497	チュウ	そそ.ぐ さ.す つ.ぐ		チュ シュ	u	8	
虫	⿱中⿰㇀丶	1	1351	チュウ キ	むし	む	ジュ	u	6	
衷	⿱⿻十口𧘇	8	2229	チュウ			チュ うち まごころ	u	9	⿱⿻丨𠮛𧘇 ⿴衣中
註	⿰言主	9	0	チュウ			チュ	u	12	
酎	⿰酉寸	8	0	チュウ チュ	かも.す		ジュ	u	10	
鋳	⿰金寿	8	2005	チュウ イ シュ シュウ	い.る				15	
駐	⿰馬主	8	955	チュウ			チュ とどまる とどめる	u	15	
樗	⿰木雩	0	0	チョ	おおち おうち	ちょう	ト ツ	u	15	
瀦	⿰氵豬	0	0	チョ		ずま	ト ツ	u	18	
猪	⿰犭者	9	1684	チョ	い いのしし	いの			11	
苧	⿱艹宁	0	0	チョ	お からんし からむし		ジョ	u	8	
著	⿱艹者	6	849	チョ チャク	あらわ.す いちじる.しい		ジャク あらわれる きる つく	u	11	
貯	⿰貝宁	5	1100	チョ	た.める たくわ.える				12	
丁	⿱一亅	3	1312	チョウ テイ チン トウ	ひのと		あたる よぼろ	u	2	
兆	⿻儿⿰⿱丶㇀⿱㇒丶	4	1174	チョウ	きざ.す きざ.し		ジョウ うらない うらなう	u	6	
凋	⿰冫周	0	0	チョウ	しぼ.む				10	
喋	⿰口枼	9	2403	チョウ トウ	しゃべ.る ついば.む		キョウ ジョウ ドウ	u	12	
寵	⿱宀龍	9	0	チョウ	めぐ.み めぐ.む		チュ ロウ ル	u	19	
帖	⿰巾占	9	2208	チョウ ジョウ	かきもの				8	
帳	⿰巾長	3	1459	チョウ	とばり		はり	u	11	
庁	⿸广丁	6	793	チョウ テイ	やくしょ				5	
弔	⿻弓丨	8	1840	チョウ	とむら.う とぶら.う		テキ チャク	u	4	
張	⿰弓長	5	403	チョウ	は.る -は.り -ば.り	はり わり			11	
彫	⿰周彡	8	1533	チョウ	ほ.る -ぼ.り				11	
徴	⿲彳㞷攵	8	850	チョウ チ	しるし		めす	u	14	⿲彳⿱山王攵
懲	⿱徴心	8	1303	チョウ	こ.りる こ.らす こ.らしめる				18	⿱徵心
挑	⿰扌兆	8	989	チョウ	いど.む		ジョウ トウ かかげる	u	9	
暢	⿰申昜	9	2144	チョウ	のび.る	いたる のぶ のぶる なが とうる とおる	のべる	u	14	
朝	⿰𠦝月	2	248	チョウ	あさ	あ あそ ささ ちか とも	チュ あした	u	12	
潮	⿰氵朝	6	1231	チョウ	しお うしお	いた			15	
牒	⿰片枼	9	0	チョウ ジョウ	ふだ				13	
町	⿰田丁	1	292	チョウ	まち		テイ ジョウ トウ テン	u	7	
眺	⿰目兆	8	1726	チョウ	なが.める				11	
聴	⿰耳⿳十罒心	8	781	チョウ テイ	き.く ゆる.す	きく			17	
脹	⿰月長	9	0	チョウ	は.れる ふく.らむ ふく.れる				12	
腸	⿰月昜	6	1807	チョウ	はらわた わた				13	
蝶	⿰虫枼	9	2011	チョウ			ジョウ ショウ	u	15	
調	⿰言周	3	87	チョウ	しら.べる しら.べ ととの.う ととの.える	ぎ つぎ	チュウ みつぎ やわらぐ	u	15	
諜	⿰言枼	0	2445	チョウ	ちょう.ずる うかが.う しめ.す		ショウ	u	16	
超	⿺走召	8	597	チョウ	こ.える こ.す	まさる わたる			12	
跳	⿰𧾷兆	8	1716	チョウ	は.ねる と.ぶ -と.び		ジョウ ドウ トウ おどる	u	13	
銚	⿰金兆	0	2102	チョウ ヨウ	なべ		ジョウ ショウ	u	14	
長	⿳④一⿰𠄌⿺乀丿	2	12	チョウ	なが.い おさ	お おしゃ たかし たけ な は	ジョウ たける ながく	u	8	
頂	⿰丁頁	6	1350	チョウ	いただ.く いただき		テイ	u	11	
鳥	⿹⑦灬	2	1043	チョウ	とり	か と とっ	シャク サク トウ	u	11	
勅	⿰束力	8	2157	チョク	いまし.める みことのり	て のり	チキ	u	9	
捗	⿰扌步	8	0	チョク ホ	はかど.る		ブ チキ	u	10	
直	⿱十⿺𠃊目	2	246	チョク ジキ ジカ	ただ.ちに なお.す -なお.す なお.る	すぐ なお のう のお	チ ジ あたい あたる	u	8	⿺𠃊𥃭
朕	⿰月关	8	0	チン			ジン われ	u	10	
沈	⿰氵冘	8	1271	チン ジン	しず.む しず.める	しん	タン ドン	u	7	
珍	⿰王㐱	8	1330	チン	めずら.しい たから	じん			9	
賃	⿱任貝	6	961	チン		すけ	ジン ニン やとう	u	13	
鎮	⿰金真	8	1617	チン	しず.める しず.まる おさえ	しげ じん ちか しん	テン	u	18	
陳	⿰阝東	8	1323	チン	ひ.ねる	のぶ	ジン つらねる のべる ふるい	u	11	
津	⿰氵聿	8	1036	シン	つ	ず ち と			9	
墜	⿱隊土	8	1466	ツイ	お.ちる お.つ				15	
椎	⿰木隹	8	1911	ツイ スイ	つち う.つ	しい	ズイ	u	12	
槌	⿰木追	9	2462	ツイ	つち		ズイ テ タイ	u	13	
追	⿺辶𠂤	3	411	ツイ	お.う	おい	タイ	u	9	
鎚	⿰金追	0	0	ツイ タイ	つち		ズイ テ	u	17	
痛	⿸疒甬	6	903	ツウ	いた.い いた.む いた.ましい いた.める		トウ ツ いたく いたみ	u	12	
通	⿺辶甬	2	80	ツウ ツ	とお.る とお.り -とお.り -どお.り	とん どうし どおり みち	トウ とおす かよう つうじ	u	10	
塚	⿰土⿱冖豕	8	869	チョウ	つか -づか	ずか つ			12	⿰土冢
栂	⿰木母	0	0		つが とが				9	
掴	⿰扌国	0	0	カク	つか.む つか.まえる つか.まる		つかみ	u	11	
槻	⿰木規	9	2008	キ	つき				15	
佃	⿰亻田	9	2193	テン デン	つくだ				7	
漬	⿰氵責	8	1818	シ	つ.ける つ.かる -づ.け -づけ		ジ つけ ひたす ひたる	u	14	
柘	⿰木石	9	0	シャ ジャク	そ つげ やまぐわ	つ			9	
辻	⿺辶十	9	1614		つじ				5	
蔦	⿱艹鳥	9	2215	チョウ	つた	たつ			14	
綴	⿰糸叕	9	2149	テイ テツ テチ ゲツ	と.じる つづ.る つづり すみ.やか		セツ セチ スイ テ	u	14	
鍔	⿰金咢	0	0	ガク	つば				17	
椿	⿰木春	9	1829	チン チュン	つばき	つば			13	
潰	⿰氵貴	8	0	カイ エ	つぶ.す つぶ.れる つい.える		ゴチ コツ つぶれ	u	15	
坪	⿰土平	8	1823	ヘイ	つぼ				8	
壷	⿱士⿱冖⿱⿻口⿰丨丨一	0	2197	コ	つぼ				11	
嬬	⿰女需	0	0	ジュ	よわ.い	つま	ドウ ヌ ニュ シュ	u	17	
紬	⿰糸由	9	0	チュウ	つむぎ つむ.ぐ		ジュ シュウ	u	11	
爪		8	2025	ソウ	つめ つま-		ショウ	u	4	
吊	⿱口巾	0	2475	チョウ	つ.る つる.す		つり とむらう	u	6	
釣	⿰金勺	8	1542	チョウ	つ.る つ.り つ.り-	つり			11	
鶴	⿰隺鳥	8	1369	カク	つる	たず ず か つ づ			21	
亭	⿱⿳亠口冖丁	8	1627	テイ チン			チョウ あずまや	u	9	
低	⿰亻氐	4	435	テイ	ひく.い ひく.める ひく.まる				7	
停	⿰亻亭	5	733	テイ	と.める と.まる		チョウ とどまる とどめる	u	11	
偵	⿰亻貞	8	1857	テイ			トウ チョウ うかがう とう	u	11	
剃	⿰弟刂	0	2411	テイ	まい そ.る す.る		タイ	u	9	
貞	⿱⺊貝	8	1389	テイ ジョウ	ただし.い さだ	さざ ただし りょう	チョウ	u	9	
呈	⿱口王	8	1571	テイ			キョウ コウ しめす	u	7	
堤	⿰土是	8	1658	テイ	つつみ		タイ シ ジ イ	u	12	
定	⿱宀𤴓	3	48	テイ ジョウ	さだ.める さだ.まる さだ.か	さた	チョウ	u	8	
帝	⿱⿱⿱亠丷冖巾	8	1276	テイ	みかど		タイ チ	u	9	
底	⿸广氐	4	867	テイ	そこ		タイ	u	8	
庭	⿸广廷	3	816	テイ	にわ	ば			10	
廷	⿺廴壬	8	1439	テイ		たか			7	⿺廴𡈼
弟	⿱丷𢎨	2	1161	テイ ダイ デ	おとうと	て	テキ ジャク タイ	u	7	⿹丿弚
悌	⿰忄弟	9	2474	テイ ダイ		とも やす やすし よし ちか	タイ テキ ジャク	u	10	
抵	⿰扌氐	8	1182	テイ			タイ ダ シ あたる	u	8	
挺	⿰扌廷	9	2189	チョウ テイ	ぬ.く				10	
提	⿰扌是	5	254	テイ チョウ ダイ	さ.げる		シ ジ タイ ひっさげる	u	12	
梯	⿰木弟	9	2218	テイ タイ	はしご	だい			11	
汀	⿰氵丁	9	0	テイ	みぎわ なぎさ	て	チョウ ジョウ	u	5	
碇	⿰石定	0	0	テイ	いかり		チョウ	u	13	
禎	⿰礻貞	9	2083	テイ	さいわ.い	さだ ただし よし さち とも のり			13	⿰示貞
程	⿰禾呈	5	514	テイ	ほど -ほど	ほと	のり	u	12	
締	⿰糸帝	8	797	テイ	し.まる し.まり し.める -し.め		チ ダイ ジ むすぶ	u	15	
艇	⿰舟廷	8	1433	テイ			ジョウ ふね	u	13	
訂	⿰言丁	8	1690	テイ	ただ.す		ジョウ チョウ はかる	u	9	
諦	⿰言帝	8	2457	テイ タイ	あきら.める つまびらか まこと		ダイ	u	16	
蹄	⿰𧾷帝	9	2469	テイ	ひづめ		ダイ	u	16	
逓	⿺辶乕	8	1957	テイ	かわ.る たがいに				10	
邸	⿰氐阝	8	905	テイ	やしき	むら	タイ チ ジ	u	8	
鄭	⿰奠阝	9	1732	テイ ジョウ					15	
釘	⿰金丁	9	2496	テイ チョウ	くぎ		レイ リョウ	u	10	
鼎	⿶𤕰目	9	0	テイ	かなえ		チョウ まさに	u	13	
泥	⿰氵尼	8	1589	デイ ナイ デ ニ	どろ なず.む	ひじ	ニョウ デツ ネチ	u	8	
摘	⿰扌啇	8	564	テキ	つ.む	つむ	チャク タク	u	14	
擢	⿰扌翟	9	0	テキ タク	ぬ.く ぬき.んでる		ジョク あげる	u	17	
敵	⿰啇攵	6	1205	テキ	かたき あだ かな.う		ジャク	u	15	
滴	⿰氵啇	8	2019	テキ	しずく したた.る		チャク	u	14	
的	⿰白勺	4	105	テキ	まと	いくは ゆくは	チャク キョウ ギョウ あきらか	u	8	
笛	⿱竹由	3	1928	テキ	ふえ	う	ジャク	u	11	⿱𥫗由
適	⿺辶啇	5	670	テキ	かな.う		セキ チャク タク たまたま	u	14	
鏑	⿰金啇	0	0	テキ	かぶら かぶらや やじり		チャク	u	19	
溺	⿰氵弱	8	0	デキ ジョウ ニョウ	いばり おぼ.れる		ジャク ダク ニョク ニャク	u	13	
哲	⿱折口	8	1093	テツ	さとい あきらか	あき あきら さと さとし さとる てっ	テチ	u	10	
徹	⿲彳育攵	8	968	テツ		あき つ てっ とおる	デチ とおす	u	15	⿰彳𰕎
撤	⿲扌育攵	8	811	テツ			デチ テチ	u	15	⿰扌𰕎
轍	⿲車育攵	0	2484	テツ	わだちい わだち		デチ	u	19	⿰車𰕎
迭	⿺辶失	8	1907	テツ			テイ イツ たがいに	u	8	
鉄	⿰金失	3	672	テツ	くろがね	けん てっ	チツ テチ	u	13	
典	⿱⿻𠀇⿰丨丨八	4	1055	テン デン	ふみ のり	すけ つね の	つかさどる さかん	u	8	⿱𠕁𬺢
填	⿰土真	0	0	テン チン	は.まる は.める うず.める しず.める	まき	デン ジン シ ふさぐ	u	13	
天	⿱一大	1	512	テン	あまつ あめ あま-	あき あも た たかし て なま	デン そら	u	4	
展	⿸尸⿱龷⿰𠄌⿺乀丿	6	352	テン		のぶ のり ひろ ゆき	のばす のびる のべる	u	10	
店	⿸广占	2	378	テン	みせ たな				8	
添	⿰氵忝	8	1501	テン	そ.える そ.う	そえ ぞい			11	
纏	⿰糸廛	9	0	テン デン	まつ.わる まと.う まと.める まと.まる		まとい	u	21	
甜	⿰舌甘	0	0	テン	うま.い あま.い		デン	u	11	
貼	⿰貝占	8	2444	テン チョウ	は.る つ.く		はり	u	12	
転	⿰車云	3	327	テン	ころ.がる ころ.げる ころ.がす ころ.ぶ		うたた うつる めぐる	u	11	
顛	⿰真頁	0	0	テン	いただき たお.れる				19	
点	⿱占灬	2	165	テン	つ.ける つ.く た.てる さ.す		セン タ	u	9	
伝	⿰亻云	4	416	デン テン	つた.わる つた.える つた.う つだ.う	つたえ	つて	u	6	
殿	⿰𡱒殳	8	1199	デン テン	との -どの	て どん	しんがり	u	13	
澱	⿰氵殿	0	0	デン テン	おり ど.ろ よど.み よど.む		よど	u	16	
田	⿴囗十	1	90	デン	た	いなか おか たん で とう や	テン チン ジン	u	5	
電	⿱雨⿻日乚	2	268	デン			テン いなずま	u	13	
兎	⿷⿸⿻⿱㇒口丿乚丶	9	0	ト ツ	うさぎ		う	u	8	
吐	⿰口土	8	1674	ト	は.く つ.く		ツ	u	6	
堵	⿰土者	9	0	ト	かき		ツ ジャ シャ	u	11	⿰土⿻者丶
塗	⿱涂土	8	1414	ト	ぬ.る ぬ.り まみ.れる		タ ズ どろ みち	u	13	
妬	⿰女石	8	0	ト ツ	ねた.む そね.む つも.る ふさ.ぐ		セキ シャク	u	8	
屠	⿸尸者	0	0	ト チョ	ほふ.る		ズ ジョ	u	11	⿸尸⿻者丶
徒	⿰彳走	4	817	ト	いたずら あだ	かち	ズ ただ ともがら いたづら	u	10	
斗	⿽十⺀	8	1885	ト トウ		ます	シュ ツ とます	u	4	
杜	⿰木土	9	2062	ト トウ ズ	もり ふさ.ぐ やまなし		ド	u	7	
渡	⿰氵度	8	446	ト	わた.る -わた.る わた.す	お たり わたな わたら わたり	ズ	u	12	
登	⿱癶豆	3	566	トウ ト ドウ ショウ	のぼ.る あ.がる	たか のぼし のぼり のり	チョク チキ	u	12	
菟	⿱艹兔	0	0	ト ツ	うさぎ	う			11	⿱艹⿷免丶
賭	⿰貝者	8	1989	ト	か.ける かけ		ツ	u	15	⿰貝⿻者丶
途	⿺辶余	8	717	ト	みち		ズ	u	10	
都	⿰者阝	3	123	ト ツ	みやこ	くに ず ち づめ みや	チョ すべて	u	11	
鍍	⿰金度	0	0	ト	めっき		ズ	u	17	
砥	⿰石氐	9	0	シ テイ キイ チ	と といし と.ぐ みが.く		タイ	u	10	
砺	⿰石厉	0	0	レイ	あらと みが.く	と	といし	u	10	
努	⿱奴力	4	749	ド	つと.める		ヌ ゆめ	u	7	
度	⿸广⿱廿又	3	110	ド ト タク	たび -た.い	のり	ズ ダク はかる わたる	u	9	
土	⿱十一	1	307	ド ト	つち	つく は ひじ	カ ケ ツ ズ	u	3	
奴	⿰女又	8	1932	ド	やつ やっこ	ぬ	め	u	5	
怒	⿱奴心	8	1221	ド ヌ	いか.る おこ.る		いかり	u	9	
倒	⿰亻到	8	791	トウ	たお.れる -だお.れ たお.す さかさま				10	
党	⿱龸兄	6	39	トウ	なかま むら		ショウ	u	10	⿱𫩠儿
冬	⿱夂⺀	2	1090	トウ	ふゆ				5	⿱夂冫
凍	⿰冫東	8	1284	トウ	こお.る こご.える こご.る い.てる	こおり	ツ	u	10	
刀	⿹𠃌丿	2	1794	トウ	かたな そり	き ち と わき	チョウ	u	2	
唐	⿸广⿱⿻⿻コ一丨口	8	1727	トウ	から	かろ たん	もろこし	u	10	⿸广⿱肀口
塔	⿰土荅	8	1708	トウ					12	
塘	⿰土唐	0	0	トウ	つつみ	とも	ドウ	u	13	
套	⿱大镸	9	0	トウ	かさ.ねる				10	
宕	⿱宀石	9	2248	トウ	すぎる		ドウ	u	8	
島	⿹⑦山	3	245	トウ	しま				10	
嶋	⿰山鳥	10	1633	トウ	しま				14	
悼	⿰忄卓	8	1645	トウ	いた.む		ドウ	u	11	
投	⿰扌殳	3	236	トウ	な.げる -な.げ		ズ	u	7	
搭	⿰扌荅	8	1472	トウ			うつ のせる のる	u	12	
東	⿻木日	2	37	トウ	ひがし	あい あがり あずま あづま こち さき			8	
桃	⿰木兆	8	1784	トウ	もも	み もの	チョウ ショ ジョ ジョウ	u	10	
梼	⿰木寿	0	0	トウ		ゆす	チュウ ジュ ドウ	u	11	
棟	⿰木東	8	1406	トウ	むね むな-		ツ	u	12	
盗	⿱次皿	8	1051	トウ	ぬす.む ぬす.み				11	
淘	⿰氵匋	0	2410	トウ	よな.げる		ドウ	u	11	
湯	⿰氵昜	3	1356	トウ	ゆ		ショウ ヨウ	u	12	
涛	⿰氵寿	0	0	トウ	なみ	と			10	
灯	⿰火丁	4	1605	トウ	ひ ほ- ともしび とも.す		テイ チン チョウ	u	6	
燈	⿰火登	10	2456	トウ	ひ ほ- ともしび とも.す		あかり	u	16	
当	⿱⺌彐	2	91	トウ	あ.たる あ.たり あ.てる あ.て	たい			6	⿱⺌𫜹
痘	⿸疒豆	8	0	トウ			ズ もがさ	u	12	
祷	⿰礻寿	9	0	トウ	いの.る いの.り まつ.る				11	⿰示寿
等	⿱竹寺	3	798	トウ	ひと.しい など -ら	と ひ	タイ	u	12	⿱𥫗寺
答	⿱竹合	2	486	トウ	こた.える こた.え	どう			12	⿱𥫗合
筒	⿱竹同	8	1631	トウ	つつ		ズ	u	12	⿱𥫗同
糖	⿰米唐	6	1471	トウ			あめ	u	16	
統	⿰糸充	5	125	トウ	す.べる	のり むね	ツ おさめる すじ	u	12	
到	⿰至刂	8	1032	トウ	いた.る				8	
董	⿱艹重	9	0	トウ	ただ.す		ツ ショウ シュ トク	u	12	
蕩	⿱艹湯	0	0	トウ	とろ.かす とろ.ける うご.く		ドウ	u	15	
藤	⿱艹滕	8	291	トウ ドウ	ふじ	ぞう と ふじゅ			18	
討	⿰言寸	6	528	トウ	う.つ		たずねる	u	10	
謄	⿰月誊	8	2295	トウ			うつす	u	17	⿸𰮤言
豆	⿱𠮛䒑	3	1422	トウ ズ	まめ まめ-	ど ま	シュウ シュ たかつき	u	7	⿱一⿱口䒑
踏	⿰𧾷沓	8	723	トウ	ふ.む ふ.まえる				15	
逃	⿺辶兆	8	931	トウ	に.げる に.がす のが.す のが.れる		チョウ	u	9	
透	⿺辶秀	8	1035	トウ	す.く す.かす す.ける とう.る	とおる	シュク とおす	u	10	
鐙	⿰金登	0	0	トウ	あぶみ たかつき ひともし				20	
陶	⿰阝匋	8	1680	トウ	すえ	す	ドウ ヨウ たのしむ	u	11	
頭	⿰豆頁	2	433	トウ ズ ト	あたま かしら -がしら かぶり	かみ がみ ちゃん つむり づ	チュウ こうべ	u	16	
騰	⿰月駦	8	1420	トウ	あが.る のぼ.る				20	⿸𰮤馬
闘	⿵門𭔰	8	751	トウ	たたか.う あらそ.う	と	たたかい	u	18	
働	⿰亻動	4	417	ドウ	はたら.く				13	
動	⿰重力	3	73	ドウ	うご.く うご.かす	るぎ	トウ ズ ややもすれば	u	11	
同	⿵𠔼口	2	15	ドウ	おな.じ		トウ ズ ともに	u	6	⿵冂𠮛
堂	⿱𫩠土	5	1010	ドウ			トウ たかどの	u	11	
導	⿱道寸	5	354	ドウ	みちび.く	みち	トウ	u	15	
憧	⿰忄童	8	2259	ショウ トウ ドウ	あこが.れる		シュ ズウ ズ ジョウ	u	15	
撞	⿰扌童	9	0	ドウ トウ シュ	つ.く		ジョウ	u	15	
洞	⿰氵同	8	1618	ドウ	ほら	とう	ズ	u	9	
瞳	⿰目童	8	2069	ドウ トウ	ひとみ	あきら	ズ	u	17	
童	⿱立里	3	1138	ドウ	わらべ	ぱ	トウ ショウ ズ シュ	u	12	
胴	⿰月同	8	1904	ドウ			トウ ズ	u	10	
萄	⿱艹匋	9	0	ドウ トウ					11	
道	⿺辶首	2	207	ドウ トウ	みち いう	さ じ ど みつ おさむ	みちびく	u	12	
銅	⿰金同	5	1505	ドウ	あかがね		ズ トウ	u	14	
峠	⿰山𠧗	8	1941		とうげ				9	
鴇	⿰𠤏鳥	0	0	ホウ	とき のがん				15	
匿	⿷匚若	8	2024	トク	かくま.う		ジョク ジ かくす かくれる	u	10	
得	⿰彳㝵	5	175	トク	え.る う.る	あつ てろ			11	
徳	⿰彳⿳十罒心	4	1091	トク		あつ なる のり ゆき よし			14	
涜	⿰氵売	0	0	トク トウ	けが.す けが.れ みぞ				10	
特	⿰牛寺	4	234	トク			ドク ことに ひとり	u	10	⿰牜寺
督	⿱叔目	8	534	トク		ただ ただし	うながす ひきいる みる かみ	u	13	
禿	⿱禾儿	0	0	トク	ちび.る かむろ は.げる はげ				7	
篤	⿱竹馬	8	1942	トク	あつ.い				16	⿱𥫗馬
毒	⿱龶毋	5	1419	ドク			ダイ トク タイ そこなう	u	8	⿱龶母
独	⿰犭虫	5	365	ドク トク	ひと.り	どいつ どっ			9	
読	⿰言売	2	618	ドク トク トウ	よ.む -よ.み	よみ			14	
栃	⿰木⿸𠂆万	4	1427		とち				9	⿰木厉
橡	⿰木象	0	0	ショウ ゾウ	とち くぬぎ		つるばみ	u	16	
凸		8	2143	トツ	でこ		テツ	u	5	
突	⿱穴大	8	521	トツ カ	つ.く		タツ	u	8	⿱⿱宀儿大 ⿱穴犬
椴	⿰木段	0	0	タン ダン トド	むくげ				13	
届	⿸尸由	6	939	カイ	とど.ける -とど.け とど.く				8	
鳶	⿱弋鳥	9	0	エン	とび とんび				14	
苫	⿱艹占	0	2028	セン	とま		テン	u	8	
寅	⿱宀⿳一由八	9	1975	イン	とら	とも のぶ	イ	u	11	
酉	⿱一⿴𠁤一	9	2468	ユウ	とり	なが みのる	ユ	u	7	
瀞	⿰氵静	0	0	セイ ショウ ジュウ	とろ きよ.い		ジョウ	u	17	⿰氵靜
噸	⿰口頓	0	0	トン					16	
屯	⿻丿𡳾	8	1980	トン	たむろ		チュン たむろする	u	4	
惇	⿰忄享	9	2265	シュン ジュン トン	あつ.い	あつし あつ まこと とし つとむ			11	
敦	⿰享攵	9	1695	トン タイ ダン チョウ	あつ.い	あつ あつし つる のぶ のり	ドウ ジュ シュン トウ	u	12	
沌	⿰氵屯	9	0	トン	くら.い		ドン シュン ジュン テン	u	7	
豚	⿰月豕	8	1864	トン	ぶた		ドン	u	11	
遁	⿺辶盾	9	0	トン シュン	のが.れる		ドン	u	12	
頓	⿰屯頁	8	0	トン トツ	にわか.に とん.と つまず.く とみ.に		ドン トチ	u	13	
呑	⿱夭口	0	2362	トン ドン	の.む		テン	u	7	
曇	⿱日雲	8	1899	ドン	くも.る	ど ずみ	タン くもり	u	16	
鈍	⿰金屯	8	1574	ドン	にぶ.い にぶ.る にぶ- なま.る		トン	u	12	
奈	⿱大示	4	841	ナ ナイ ダイ	いかん からなし		ダ	u	8	
那	⿰⿻刀二阝	8	1621	ナ ダ	なに なんぞ いかん	とも やす	いかんぞ いずれ	u	7	⿰𭃂阝
内	⿻冂人	2	44	ナイ ダイ	うち	いと ただ ち のち	ドウ ノウ ゼイ いる	u	4	
乍	⿸⿱𠂉丨二	0	0	サ サク	-なが.ら たちま.ち		ジャ	u	5	
凪	⿵几止	9	0		なぎ な.ぐ				6	
薙	⿱艹雉	9	0	テイ チ	な.ぐ なぎ か.る		シ タイ ジ	u	16	
謎	⿰言迷	8	2021	メイ ベイ	なぞ		マイ	u	16	
灘	⿰氵難	9	1912	タン ダン	なだ せ	だな なん	カン トン	u	21	
捺	⿰扌奈	9	0	ナツ ダツ	さ.す お.す		ナチ	u	11	
鍋	⿰金咼	8	1810	カ	なべ				17	
楢	⿰木酋	9	2032	シュウ ユウ	なら		シュ ユ ショウ	u	13	
馴	⿰馬川	9	0	ジュン シュン クン	な.れる な.らす したが.う		イン なれ	u	13	
縄	⿰糸⿻日电	4	1075	ジョウ	なわ ただ.す		ショウ ヨウ ビン ミン	u	15	⿰糸⿻昌乚
畷	⿰田叕	0	0	テツ テイ セイ	なわて		テチ テ セ	u	13	
南	⿱十⿵冂𢆉	2	341	ナン ナ	みなみ	なみ は みな みまみ			9	
楠	⿰木南	9	1927	ナン ダン ゼン ネン	くす くすのき	くず な			13	
軟	⿰車欠	8	1269	ナン	やわ.らか やわ.らかい		ゼン	u	11	
難	⿰𦰩隹	6	330	ナン	かた.い -がた.い むずか.しい むづか.しい	な なに	ダン ダ	u	18	
汝	⿰氵女	9	0	ジョ	なんじ なれ い うぬ		ニョ	u	6	
二	⿱一一	1	9	ニ ジ	ふた ふた.つ ふたたび	おと つぐ つぎ にい は ふ			2	
尼	⿸尸匕	8	1844	ニ	あま		ジ ジツ デイ ニチ	u	5	
弐	⿻弍一	8	0	ニ ジ	ふた.つ そえ		すけ	u	6	⿹⿻弋一二
迩	⿺辶尓	0	0	ジ ニ	ちか.い	ちかし			8	⿺辶尔
匂	⿹勹匕	8	2213		にお.う にお.い にお.わせる	おり こう さぎ			4	
賑	⿰貝辰	9	0	シン	にぎ.わい にぎ.やか にぎ.わす にぎ.わう		チン すくう	u	14	
肉	⿵内人	2	986	ニク	しし		ジク ジュウ ジュ ニュ	u	6	
虹	⿰虫工	8	2110	コウ	にじ		ゴウ グ	u	9	
廿	⿱卄一	9	0	ジュウ ニュウ	にじゅう	はつ	ニユウ デン	u	4	
日	⿴囗一	1	1	ニチ ジツ	ひ -び -か	あ あき いる く くさ こう	ジョク ニキ ひび	u	4	
乳	⿰孚乚	6	1289	ニュウ	ちち ち		ジュ ニュ	u	8	
入		1	56	ニュウ ジュ	い.る -い.る -い.り い.れる	いり いる に の りり	ジュウ はいる しお	u	2	
如	⿰女口	8	1704	ジョ ニョ	ごと.し	き ね ゆき よし	ごとくする しく もし ゆく	u	6	
尿	⿸尸水	8	1672	ニョウ	ゆばり いばり しと		ジョウ	u	7	
韮	⿱艹韭	0	2353	キュウ ク	にら				12	
任	⿰亻壬	5	217	ニン	まか.せる まか.す	さ とう ひで	ジン たえる になう	u	6	
妊	⿰女壬	8	1413	ニン ジン	はら.む みごも.る				7	
忍	⿱刃心	8	1700	ニン	しの.ぶ しの.ばせる	おし	ジン しのび	u	7	
認	⿰言忍	6	198	ニン	みと.める したた.める		ジン ジョウ みとめ	u	14	
濡	⿰氵需	9	2260	ジュ ニュ	ぬれ.る ぬら.す ぬ.れる ぬ.らす		ニ ニョ ナン ジュウ	u	17	
禰	⿰礻爾	9	0	ネ デイ ナイ			セン	u	18	⿰示爾
祢	⿰礻尔	9	0	ネ デイ ナイ			セン	u	9	⿰礻尓 ⿰示尔
寧	⿳𫲽罒丁	8	1697	ネイ	むし.ろ	あき やす やすし よし	ニョウ いずくんぞ なんぞ やすい	u	14	⿱𫲽𦉬 ⿱寍丁
葱	⿱艹怱	0	0	ソウ	ねぎ				12	
猫	⿰犭苗	8	1702	ビョウ	ねこ		ミョウ ボウ	u	11	
熱	⿱埶灬	4	700	ネツ	あつ.い	あた	ネチ ゼツ	u	15	⿱⿰坴丸灬
年	⿱𠂉㐄	1	6	ネン	とし	ね	デン デイ ニョウ みのり	u	6	
念	⿱今心	4	390	ネン			デン おもう よむ	u	8	
捻	⿰扌念	8	0	ネン ジョウ	ね.じる ねじ.る ひね.くる ひね.る		ニョウ デツ ネチ デン	u	11	
撚	⿰扌然	0	2398	ネン	よ.る よ.れる より ひね.る		デン エン	u	15	
燃	⿰火然	5	948	ネン	も.える も.やす も.す		ゼン	u	16	
粘	⿰米占	8	1410	ネン	ねば.る		デン	u	11	
乃	⿹𠄎丿	9	1978	ナイ ダイ ノ アイ	の すなわ.ち なんじ	おさむ お のり			2	
廼	⿺廴西	0	0	ナイ ダイ ノ アイ	すなわ.ち なんじ				9	
之	⿱丶②	9	1318	シ	の これ ゆく この	ゆき いたる あき つな ゆみ くに	おいて	u	3	
埜	⿱林土	10	0	ヤ ショ	の				11	
嚢	⿳⿻一中冖⿳八𠀎𧘇	0	0	ノウ ドウ	ふくろ				18	⿳⿱𰀉冖八⿱𠀎𧘇
悩	⿰忄⿱𭕄凶	8	1084	ノウ	なや.む なや.ます なや.ましい なやみ		ドウ	u	10	
濃	⿰氵農	8	1200	ノウ	こ.い	の	ニュ ヌ ジョウ ドウ	u	16	
納	⿰糸内	6	987	ノウ ナッ ナ ナン	おさ.める -おさ.める おさ.まる	の ろ	トウ ドウ いれる	u	10	
能	⿰䏍𫧇	5	273	ノウ	よ.く あた.う	たか の のり よし	ドウ ダイ ナイ タイ	u	10	
脳	⿰月⿱𭕄凶	6	459	ノウ ドウ	のうずる				11	
膿	⿰月農	0	0	ノウ ドウ	う.む うみ		ヌ	u	17	
農	⿱曲辰	3	385	ノウ		な の み	ドウ ヌ	u	13	
覗	⿰司見	0	0	シ	のぞ.く うかが.う		のぞき	u	12	
蚤	⿱㕚虫	0	0	ソウ	のみ はやい		ショウ	u	10	⿱叉虫
巴	⿻巳丨	9	2082	ハ	ともえ うずまき	とも	ヘ	u	4	
把	⿰扌巴	8	1569	ハ ワ		たば	ヘ ベ つか とる	u	7	
播	⿰扌番	9	2204	ハ バン ハン	ま.く	はり			15	
覇	⿱覀䩗	8	1173	ハ ハク	はたがしら	はる			19	
杷	⿰木巴	9	0	ハ	つか	わ	ベ ハイ え さらい	u	8	
波	⿰氵皮	3	740	ハ	なみ	ひら みな みなみ わ	ヒ	u	8	
派	⿰氵𠂢	6	164	ハ			ハイ バク わかれ わかれる	u	9	
琶	⿱玨巴	9	1966	ハ ベ ワ					12	
破	⿰石皮	5	590	ハ	やぶ.る やぶ.れる わ.れる		ヒ	u	10	
婆	⿱波女	8	2435	バ	ばば ばあ		ハ	u	11	
罵	⿱罒馬	8	2467	バ	ののし.る		メ	u	15	
芭	⿱艹巴	9	2026	バ ハ			ヘ	u	7	
馬	⿹⑥灬	2	639	バ	うま うま- ま	た ばん め も	ボ	u	10	
俳	⿰亻非	6	1137	ハイ					10	
廃	⿸广発	8	698	ハイ	すた.れる すた.る				12	
拝	⿰扌⿱一丰	6	1443	ハイ	おが.む おろが.む				8	⿰扌⿻干二
排	⿰扌非	8	1047	ハイ		おし	バイ ベ おしひらく おす	u	11	
敗	⿰貝攵	4	516	ハイ	やぶ.れる		ベ まける やぶる	u	11	
杯	⿰木不	8	1235	ハイ	さかずき		ヘ	u	8	
盃	⿱不皿	10	0	ハイ	さかずき				9	
牌	⿰片卑	0	2247	ハイ	ぱい ふだ		バイ	u	12	⿰片⿱⿱㇒⿻日丿十
背	⿱北月	6	696	ハイ	せ せい そむ.く そむ.ける		ヘ ネ バイ ダイ	u	9	
肺	⿰月市	6	1387	ハイ					9	⿰⺼巿
輩	⿱非車	8	1365	ハイ	-ばら やから やかい ともがら		ヘ	u	15	
配	⿰酉己	3	359	ハイ	くば.る		ベ つれあい	u	10	
倍	⿰亻咅	3	714	バイ		べ ます	ハイ そむく そらんじる	u	10	
培	⿰土咅	8	1431	バイ	つちか.う		ハイ ホウ ベ ブ	u	11	
媒	⿰女某	8	1900	バイ	なこうど		メ モウ ボウ なかだち	u	12	
梅	⿰木毎	4	1232	バイ	うめ		メ	u	10	⿰木每
楳	⿰木某	0	0	バイ	うめ				13	
煤	⿰火某	9	0	バイ マイ	すす		メ すすける	u	13	
狽	⿰犭貝	0	0	ケン バイ ハイ					10	
買	⿱罒貝	2	520	バイ	か.う		マイ	u	12	⿱⺫貝
売	⿱士冗	2	202	バイ	う.る う.れる	うり うる め	マイ バ	u	7	⿱⿱士冖儿
賠	⿰貝咅	8	1243	バイ			ハイ つぐなう	u	15	
陪	⿰阝咅	8	1917	バイ			ハイ ベ したがう	u	11	
這	⿺辶言	9	0	シャ ゲン	は.う は.い むか.える この		ゴン	u	10	
蝿	⿰虫⿻日电	0	0	ヨウ	はえ はい				15	⿰虫⿻昌乚
秤	⿰禾平	9	0	ショウ ヒン ビン	はかり		テイ チョウ	u	10	
矧	⿰矢引	0	0	シン	は.ぐ いわ.んや はぐき はぎ				9	
萩	⿱艹秋	9	1544	シュウ	はぎ	は	ショウ シュ	u	12	
伯	⿰亻白	8	1741	ハク		いき えき か き は ひろ	バク おさ かみ	u	7	
剥	⿰录刂	0	2383	ハク ホク	へ.ぐ へず.る む.く む.ける		はがれる はぐ はげる さく	u	10	
博	⿰十⿱⿺𤰔丶寸	4	794	ハク バク		ぐれ と はか ひろ	ひろい ひろめる	u	12	⿰十尃
拍	⿰扌白	8	1373	ハク ヒョウ			ホウ ヒャク うつ	u	8	
柏	⿰木白	9	1606	ハク ヒャク ビャク	かしわ	かい かし	このてがしわ	u	9	
泊	⿰氵白	8	1233	ハク	と.まる と.める	とまり はつ	バク ヒャク	u	8	
白	⿱㇒日	1	483	ハク ビャク	しろ しら- しろ.い	あき か はっ	ベ ハ ヒャク シ	u	5	
箔	⿱竹泊	9	0	ハク	すだれ		バク	u	14	⿱𥫗泊
粕	⿰米白	0	1905	ハク	かす		ヒャク	u	11	
舶	⿰舟白	8	1753	ハク			ビャク おおぶね	u	11	
薄	⿱艹⿰氵⿱⿺𤰔丶寸	8	1009	ハク	うす.い うす- -うす うす.める		ヘキ ホ うすまる うすらぐ	u	16	⿱艹溥
迫	⿺辶白	8	773	ハク	せま.る	さこ せ せこ はさ はさま はざま	ヒャク	u	8	
曝	⿰日暴	9	0	バク ホク ボク	さら.す		ホウ ボウ	u	19	
漠	⿰氵莫	8	1611	バク			マク ミャク	u	13	
爆	⿰火暴	8	735	バク	は.ぜる		ホウ ヒョウ ハク ホク	u	19	
縛	⿰糸⿱⿺𤰔丶寸	8	1764	バク	しば.る		ハク ハ	u	16	⿰糸尃
莫	⿱艹旲	9	0	バク ボ マク モ	くれ なか.れ なし		ミャク ベキ ない	u	10	
駁	⿰馬爻	0	0	ハク バク	ぶち まじ.る まだら				14	
麦	⿱龶夂	2	1615	バク	むぎ				7	⿱龶夊
函	⿶凵⿻丂⿱丷八	9	1781	カン	はこ い.れる		ゴン ゲン	u	8	⿶凵⿻丂⿰⿱丶㇀⿱㇒丶
箱	⿱竹相	3	1357	ソウ	はこ		ショウ	u	15	⿱𥫗相
硲	⿰石谷	0	0		はざま	さこ はざ			12	
箸	⿱竹者	8	2156	チョ チャク	はし		ト	u	15	⿱𥫗⿻者丶
肇	⿱𢼄聿	9	1943	チョウ ジョウ トウ	はじ.める はじめ	とし ただし はつ			14	⿱⿰戸攵聿 ⿺肁攵
筈	⿱竹舌	9	0	カツ	はず やはず		カチ	u	12	⿱𥫗舌
櫨	⿰木盧	0	0	ロ	はぜ		リョ はじ	u	20	
幡	⿰巾番	9	1948	マン ハン バン ホン	はた	は わた			15	
肌	⿰月几	8	1559	キ	はだ		ケ	u	6	
畑	⿰火田	3	1176		はた はたけ -ばたけ	かま まま			9	
畠	⿱白田	9	1860		はたけ はた	はな			10	
八	⿰丿乁	1	92	ハチ ハツ	や や.つ やっ.つ よう	な は はっ やち やつ	ハイ	u	2	
鉢	⿰金本	8	1890	ハチ ハツ					13	
溌	⿰氵発	0	0	ハツ	も.る とびち.る そそ.ぐ				12	
発	⿱癶⿻二儿	3	32	ハツ ホツ	た.つ あば.く おこ.る つか.わす	ば わ	ハイ はなつ	u	9	⿱癶⿻兀一
醗	⿰酉発	0	0	ハツ	かも.す		ハチ	u	16	
髪	⿱髟友	8	1474	ハツ	かみ	がた ひげ	ハイ	u	14	
伐	⿰亻戈	8	1816	バツ ハツ カ ボチ	き.る そむ.く う.つ		ほこる	u	6	
罰	⿱罒䚯	8	1220	バツ バチ ハツ	ばっ.する		ボチ	u	14	
抜	⿰扌友	8	726	バツ ハツ ハイ	ぬ.く -ぬ.く ぬ.き ぬ.ける	ぬき	ぬかす ぬかる	u	7	
筏	⿱竹伐	0	0	バツ ハツ ボチ	いかだ		ハチ	u	12	⿱𥫗伐
閥	⿵門伐	8	1072	バツ			ハツ ボチ	u	14	
鳩	⿰九鳥	9	1637	キュウ ク	はと あつ.める	やす	チ ジ グ	u	13	
噺	⿰口新	0	2308		はなし				16	
塙	⿰土高	9	2340	カク コウ	はなわ かた.い	はな	キョウ ばん	u	13	
蛤	⿰虫合	0	0	コウ	はまぐり		ゴウ	u	12	
隼	⿱隹十	9	2224	シュン ジュン	はやぶさ	はや			10	
伴	⿰亻半	8	886	ハン バン	ともな.う	とも			7	
判	⿰半刂	5	197	ハン バン	わか.る		わかつ わかれる わける	u	7	
半	⿱丷⿻二丨	2	224	ハン	なか.ば	は	なかばする	u	5	⿻丷𰀁
反	⿸厂又	3	191	ハン ホン タン ホ	そ.る そ.らす かえ.す かえ.る	そり た	ヘン ベン かえって そむく	u	4	⿸𠂆又
叛	⿰半反	0	0	ハン ホン	そむ.く		バン	u	9	⿰⿻八𰀁反
帆	⿰巾凡	8	1923	ハン	ほ		ボン	u	6	
搬	⿰扌般	8	1664	ハン			ソク うつす はこぶ	u	13	
斑	⿲王文王	8	2165	ハン	ふ まだら	い			12	⿴玨文
板	⿰木反	3	926	ハン バン	いた		ベン	u	8	
氾	⿰氵㔾	8	0	ハン	ひろ.がる		ホン ボン	u	5	
汎	⿰氵凡	8	2014	ハン ブ フウ ホウ	ただよ.う ひろ.い	ひろ ひろし みな	ホン ボウ あまねし うかぶ	u	6	
版	⿰片反	5	802	ハン			ヘン バン いた ふだ	u	8	
犯	⿰犭㔾	5	874	ハン ボン	おか.す				5	
班	⿲𤣩⿰丨丿王	6	1592	ハン			わける	u	10	
畔	⿰田半	8	2049	ハン	あぜ くろ ほとり	ぐろ	バン そむく	u	10	
繁	⿱敏糸	8	1198	ハン	しげ.る しげ.く		ハ しげし	u	16	
般	⿰舟殳	8	649	ハン			バン ハツ めぐる	u	10	
藩	⿱艹潘	8	1896	ハン			まがき	u	18	
販	⿰貝反	8	627	ハン			ホン あきなう ひさぐ	u	11	
範	⿱竹𨊠	8	1088	ハン		のり	バン	u	15	⿱𥫗𨊠
釆	⿱丿米	0	0	ハン ベン サイ	と.る いろどり のごめ	うね	バン ヘン マン	u	7	
煩	⿰火頁	8	2081	ハン ボン	わずら.う わずら.わす うるさ.がる うるさ.い		わずらわしい	u	13	
頒	⿰分頁	8	2287	ハン	わ.かつ わ.ける		フン ヘン ブン しく	u	13	
飯	⿰飠反	4	1046	ハン	めし	い いい いり え			12	
挽	⿰扌免	9	0	バン	ひ.く	ひき	マン ベン メン	u	10	⿰扌⿱⺈⿸⿻口丿乚
晩	⿰日免	6	1424	バン			おくれる おそい くれ くれる	u	12	
番	⿱釆田	2	348	バン	つが.い	は ま	ハン ホン ボン バ	u	12	
盤	⿱般皿	8	881	バン		ち わ	ハン たらい	u	15	
磐	⿱般石	9	1701	バン ハン	いわ	いわお わ			15	
蕃	⿱艹番	9	2361	バン ハン		しげ しげる ば	ヒ ビ ボン ふえる	u	15	
蛮	⿱亦虫	8	2339	バン	えびす				12	
匪	⿷匚非	0	0	ヒ	あら.ず かたみ		フン	u	10	
卑	⿱丿𤰞	8	2003	ヒ	いや.しい いや.しむ いや.しめる		ヒツ ハン	u	9	⿱甶⿻㇒十
否	⿱不口	6	561	ヒ	いな いや		フ ビ フウ あらず	u	7	
妃	⿰女己	8	1752	ヒ	きさき	き ぴ み	ハイ イ ヘ	u	6	
庇	⿸广比	9	0	ヒ	ひさし おお.う かば.う				7	
彼	⿰彳皮	8	648	ヒ	かれ かの か.の	その	か	u	8	
悲	⿱非心	3	1014	ヒ	かな.しい かな.しむ		かなしみ	u	12	
扉	⿸戸非	8	1866	ヒ	とびら				12	⿸户非
批	⿰扌比	6	568	ヒ			ヘイ ヘツ ベチ ビ	u	7	
披	⿰扌皮	8	1438	ヒ			ハ ヘ ひらく	u	8	
斐	⿱非文	9	2103	ヒ イ		あや			12	
比	⿰⿺乚一匕	5	329	ヒ	くら.べる	い ぴっ	ビ ヒツ ビチ ころ	u	4	
泌	⿰氵必	8	2112	ヒツ ヒ			ビチ	u	8	
疲	⿸疒皮	8	1263	ヒ	つか.れる -づか.れ つか.らす		ビ シ つかれ	u	10	
皮	⿻⿰丿乛⿱丨又	3	1092	ヒ	かわ		ビ	u	5	
碑	⿰石卑	8	1792	ヒ	いしぶみ		ハ	u	14	
秘	⿰禾必	6	862	ヒ	ひ.める ひそ.か かく.す		ベチ ベツ	u	10	
緋	⿰糸非	9	2443	ヒ	あけ あか				14	
罷	⿱罒能	8	2104	ヒ	まか.り- や.める		ベ ビ ヒキ ハイ	u	15	
肥	⿰月巴	5	1469	ヒ	こ.える こえ こ.やす こ.やし	い こい ひえ	ビ	u	8	
被	⿰衤皮	8	431	ヒ	こうむ.る おお.う かぶ.る かぶ.せる	ぎぬ	ビ きる る らる	u	10	
誹	⿰言非	0	0	ヒ ハイ	そし.る		そしり	u	15	
費	⿱弗貝	5	321	ヒ	つい.やす つい.える		フチ フツ ついえ	u	12	
避	⿺辶辟	8	756	ヒ	さ.ける よ.ける		ビ	u	16	
非	⿰⿻⿰𠄟丿㇀⿰丨三	5	472	ヒ	あら.ず		そしる	u	8	
飛	⿻𠃧⿰⿱㇒丿丨	4	580	ヒ	と.ぶ と.ばす -と.ばす	あす とび			9	
樋	⿰木通	9	1814	トウ	ひ とい	て と とよ とわ	ツ	u	14	
簸	⿱竹𤿺	0	0	ハ	ひ.る		ひ	u	19	⿱𥫗𤿺
備	⿰亻⿱卄⿸厂用	5	356	ビ	そな.える そな.わる つぶさ.に	びっ びん	ヒ	u	12	⿰亻𤰇
尾	⿸尸毛	8	875	ビ	お		ミ	u	7	
微	⿰彳𣁋	8	1108	ビ	かす.か	み	ひそかに	u	13	⿲彳𡵉攵
枇	⿰木比	9	0	ビ ヒ			ヘイ	u	8	
毘	⿱田比	9	0	ヒ ビ	たす.ける				9	
琵	⿱玨比	9	1965	ビ ヒ					12	
眉	⿸𠃜目	8	2177	ビ ミ	まゆ				9	
美	⿱𦍌大	3	462	ビ ミ	うつく.しい	はる よし よしみ り	ほめる よい	u	9	
鼻	⿱自𢌿	3	1632	ビ	はな		ヒ	u	14	⿱自畀
柊	⿰木冬	9	0	シュ シュウ	ひいらぎ				9	
稗	⿰禾卑	0	0	ハイ ヒ	ひえ		ベ	u	14	⿰禾⿱⿱㇒⿻日丿十
匹	⿷匚儿	8	1384	ヒツ	ひき		ボク たぐい たぐう	u	4	
疋	⿱乛龰	9	0	ヒキ ショ ソ ヒツ	あし		ガ	u	5	
髭	⿱髟此	0	0	シ	ひげ くちひげ				16	
彦	⿸产彡	9	1117	ゲン	ひこ	よし こ ひろ やす			9	
膝	⿰月桼	8	2320	シツ	ひざ		シチ	u	15	
菱	⿱艹夌	9	1229	リョウ	ひし				11	
肘	⿰月寸	8	0	チュウ	ひじ		チュ	u	7	
弼	⿲弓百弓	0	0	ヒツ	たす.ける ゆだめ	すけ たすく	ビチ	u	12	⿴弜百
必	⿻心丿	4	265	ヒツ	かなら.ず		ヘツ ヘチ ヒチ	u	5	
畢	⿻甲⿱龷一	9	0	ヒツ	おわ.る あみ おわ.り ことごとく		ヒチ	u	11	
筆	⿱竹聿	3	1132	ヒツ	ふで	はじめ	ヒチ ヘツ ヘチ ジョウ	u	12	⿱𥫗聿
逼	⿺辶畐	0	0	フク ヒツ ヒョク ヒキ	せま.る むかばき				12	
桧	⿰木会	9	2056	カイ	ひのき ひ				10	
姫	⿰女臣	8	1566	キ	ひめ ひめ-		シン イ	u	10	
媛	⿰女爰	4	1735	エン	ひめ		オン	u	12	
紐	⿰糸丑	9	0	チュウ ジュウ	ひも		ニュ	u	10	
百	⿱一白	1	163	ヒャク ビャク	もも	お ど どう なり ひゃっ ひゅく	ハク バク ミャク	u	6	
謬	⿰言翏	0	0	ビュウ ビョウ ミュウ	あやま.る		ミュ	u	18	
俵	⿰亻表	6	1481	ヒョウ	たわら				10	
彪	⿺虎彡	9	2397	ヒョウ ヒュウ	あや	たけし たけ あきら かおる たけき つよし	ヒュ	u	11	
標	⿰木票	4	686	ヒョウ	しるべ しるし	しべ	こずえ しるす すえ たてる	u	15	
氷	⿻水丶	3	1450	ヒョウ	こおり ひ こお.る	すい	ギョウ	u	5	
漂	⿰氵票	8	1492	ヒョウ	ただよ.う				14	
瓢	⿰票瓜	9	0	ヒョウ	ひさご ふくべ		ビョウ	u	17	
票	⿱覀示	4	489	ヒョウ					11	
表	⿱龶𧘇	3	77	ヒョウ	おもて -おもて あらわ.す あらわ.れる		しるし	u	8	
評	⿰言平	5	454	ヒョウ			ヘイ はかる	u	12	
豹	⿰豸勺	9	0	ヒョウ ホウ					10	⿰豸⿹勹一
廟	⿸广朝	9	2101	ビョウ ミョウ	たまや みたまや やしろ				15	⿸广⿰𠦝⿵⺆⺀
描	⿰扌苗	8	876	ビョウ	えが.く か.く		ボウ ミョウ	u	11	
病	⿸疒丙	3	384	ビョウ ヘイ	や.む -や.み やまい		うれい	u	10	
秒	⿰禾少	3	1015	ビョウ			ミョウ	u	9	
苗	⿱艹田	8	1713	ビョウ ミョウ	なえ なわ-	ねい のら みう みつ	かり	u	8	
錨	⿰金苗	0	0	ビョウ ミョウ	いかり				16	
鋲	⿰金兵	0	0		びょう				15	
蒜	⿱艹祘	0	0	サン	にんにく ひる のびる				13	
蛭	⿰虫至	0	2434	シツ チツ	ひる	えび	シチ テツ デチ テイ	u	12	
鰭	⿰魚耆	0	0	キ ギ	ひれ				21	
品	⿱口吅	3	225	ヒン ホン	しな				9	
彬	⿰林彡	9	2174	ヒン フン	うるわ.しい あき.らか	あきら あき よし	ハン	u	11	
斌	⿰文武	0	0	ヒン フン	うるわ.しい あき.らか	たけ			12	
浜	⿰氵兵	8	645	ヒン	はま		ホウ ヒョウ	u	10	
瀕	⿰氵頻	9	2367	ヒン	ほとり				20	⿰氵⿰步頁
貧	⿱分貝	5	1211	ヒン ビン	まず.しい				11	
賓	⿱⿳宀一少貝	8	1677	ヒン	まろうど したがう		みちびく	u	15	
頻	⿰歩頁	8	1590	ヒン	しき.りに		ビン	u	17	⿰步頁
敏	⿰毎攵	8	1042	ビン	さとい	さとし ちょう とし び			10	⿰每攵
瓶	⿰并瓦	8	1528	ビン ヘイ	かめ	べ ぺ	ビョウ	u	11	
不	⿸丆⿰丨丶	4	101	フ ブ			フツ フウ ヒ ホツ	u	4	
付	⿰亻寸	4	322	フ	つ.ける -つ.ける -づ.ける つ.け	つけ	つく あたえる	u	5	
埠	⿰土阜	0	0	フ ホ	つか はとば				11	
夫	⿻二人	4	335	フ フウ ブ	おっと それ	お と ゆう よ	おとこ かな かれ	u	4	
婦	⿰女帚	5	671	フ	よめ	ね	おんな つま	u	11	⿰女⿳𫜹冖巾
富	⿱宀畐	4	644	フ フウ	と.む とみ	と とん ふっ			12	
冨	⿱冖畐	10	1906	フ フウ	と.む とみ	と			11	
布	⿸𠂇巾	5	877	フ ホ	ぬの し.く きれ	う の ほ			5	
府	⿸广付	4	170	フ		い う お はん			8	
怖	⿰忄布	8	1325	フ ホ	こわ.い こわ.がる お.じる おそ.れる				8	
扶	⿰扌夫	8	1879	フ	たす.ける		ホ ブ	u	7	
敷	⿰⿱⿺𤰔丶方攵	8	1212	フ	し.く -し.き	しき にゅう			15	⿰旉攵
斧	⿱父斤	9	0	フ	おの				8	
普	⿱並日	8	757	フ	あまね.く あまねし	しん ひろ	ホ	u	12	
浮	⿰氵孚	8	776	フ	う.く う.かれる う.かぶ う.かべる	うき	フウ ホウ	u	10	
父	⿱八乂	2	646	フ	ちち		ブ ホ	u	4	
符	⿱竹付	8	1798	フ			ブ わりふ	u	11	⿱𥫗付
腐	⿸府肉	8	1225	フ	くさ.る -くさ.る くさ.れる くさ.れ		くさらす くたす	u	14	
膚	⿸虍胃	8	1679	フ	はだ		リョ ロ	u	15	
芙	⿱艹夫	9	2238	フ		はす			7	
譜	⿰言普	8	1919	フ			ホ	u	19	
負	⿱𠂊貝	3	443	フ	ま.ける ま.かす お.う		ブ そむく たのむ まけ	u	9	⿱⺈貝
賦	⿰貝武	8	0	フ ブ		うた	みつぎ	u	15	
赴	⿺走卜	8	1649	フ	おもむ.く				9	
阜	⿱𠂤十	4	1532	フ フウ		おか	ブ こざと ぎふのふ	u	8	
附	⿰阝付	8	2396	フ	つ.ける つ.く	ずき づけ	ブ ホウ	u	8	
侮	⿰亻毎	8	2004	ブ	あなど.る あなず.る				8	⿰亻每
撫	⿰扌無	9	2402	ブ フ	な.でる	なで なでし む	ボ モ	u	15	
武	⿹⿶弋一止	5	387	ブ ム	たけ たけ.し	う お たけし たけん ん			8	
舞	⿱⿳𠂉卌一舛	8	655	ブ	ま.う -ま.う まい		ム	u	15	
葡	⿱艹匍	9	0	ブ ホ			ヒ ビ	u	12	
蕪	⿱艹無	9	0	ブ ム	かぶ かぶら あれる				15	
部	⿰咅阝	3	36	ブ	-べ	とり ふ ぺ ま	ホ ホウ すべる わける	u	11	
封	⿰圭寸	8	1143	フウ ホウ			フ ヘン ポンド さかい	u	9	
楓	⿰木風	9	0	フウ	かえで		フ ヘン ハン ホン	u	13	
風	⿵几䖝	2	558	フウ フ	かぜ かざ-	い え	ハン ホン	u	9	
葺	⿱艹咠	9	0	シュウ	あし ふ.く ふき				12	
蕗	⿱艹路	9	0	ロ ル	ふき				16	
伏	⿰亻犬	8	1604	フク	ふ.せる ふ.す	ふし ふせ	ブク ホク フウ	u	6	
副	⿰畐刂	4	360	フク		そい そえ	ヒョク そう すけ	u	11	
復	⿰彳复	5	438	フク	また		フウ かえす かえる	u	12	
幅	⿰巾畐	8	641	フク	はば		ヒョク ヒキ の	u	12	
服	⿰月𠬝	3	873	フク		はっ はつ はら	ブク ヒョク フウ フ	u	8	
福	⿰礻畐	3	467	フク		とし とみ ふ ふき ふっ ぼく	フウ さいわい	u	13	⿰示畐
腹	⿰月复	6	1286	フク	はら		いだく	u	13	
複	⿰衤复	5	915	フク			フウ かさねる	u	14	
覆	⿱覀復	8	1378	フク	おお.う くつがえ.す くつがえ.る		おおい	u	18	
淵	⿰氵𣶒	9	1593	エン カク コウ	ふち かた.い はなわ		イン	u	12	
弗	⿻弓⿰丿丨	0	0	フツ ホチ	どる ず		ブチ フ ヒツ ビチ	u	5	
払	⿰扌厶	8	813	フツ ヒツ ホツ	はら.う -はら.い -ばら.い	はらい	ヒ ハン ホン さからう	u	5	
沸	⿰氵弗	8	1709	フツ	わ.く わ.かす		ヒ フチ ハイ ヘ	u	8	
仏	⿰亻厶	5	819	ブツ フツ	ほとけ		ホツ ヒツ ボツ	u	4	
物	⿰牛勿	3	215	ブツ モツ	もの もの-		モチ	u	8	⿰牜勿
鮒	⿰魚付	0	0	ホ フ ブ	ふな				16	
分	⿱八刀	2	24	ブン フン ブ	わ.ける わ.け わ.かれる わ.かる	いた わけ	わかつ	u	4	
吻	⿰口勿	9	0	フン ブン	くちわき くちさき		モン くちびる	u	7	
噴	⿰口賁	8	1270	フン	ふ.く		ホン	u	15	
墳	⿰土賁	8	1822	フン			ブ ホン ボン はか	u	15	
憤	⿰忄賁	8	1863	フン	いきどお.る				15	
扮	⿰扌分	0	0	フン ハン ヘン	ふん.する やつ.す よそお.う		ケ ブン カイ	u	7	
焚	⿱林火	9	0	フン ホン ハン	た.く や.く やきがり		ブン	u	12	
奮	⿱奞田	6	1521	フン	ふる.う				16	
粉	⿰米分	5	1484	フン	デシメートル こ こな				10	
糞	⿱米異	0	2473	フン	くそ				17	
紛	⿰糸分	8	994	フン	まぎ.れる -まぎ.れ まぎ.らす まぎ.らわす		まぎらわしい みだれる まがう	u	10	
雰	⿱雨分	8	1341	フン			ブン	u	12	
文	⿱亠乂	1	190	ブン モン	ふみ あや	かざり ふ も	ビン ミン かざる	u	4	
聞	⿵門耳	2	319	ブン モン	き.く き.こえる				14	
丙	⿱一内	8	0	ヘイ	ひのえ		ヒョウ	u	5	
併	⿰亻并	8	966	ヘイ	あわ.せる		ならぶ しかし	u	8	
兵	⿱丘八	4	522	ヘイ ヒョウ	つわもの	へ	いくさ	u	7	⿱斤𬺢
塀	⿰土屏	8	1991	ヘイ ベイ					12	
幣	⿱敝巾	8	1803	ヘイ	ぬさ	しで	ぜに たから	u	15	⿱⿰⿻丨⿱丷⿵冂八攵巾
平	⿻干丷	3	128	ヘイ ビョウ ヒョウ	たい.ら たい.らげる ひら	たいら たら はち ひ ひとし へ	ヘン ベン たいらか たいらぐ	u	5	
弊	⿱敝廾	8	1750	ヘイ			ハイ ヘツ やぶれる たおれる	u	15	⿱⿰⿻丨⿱丷⿵冂八攵廾
柄	⿰木丙	8	1140	ヘイ	がら え つか	から ら	ヒョウ	u	9	
並	⿱䒑业	6	599	ヘイ ホウ	な.み なみ なら.べる なら.ぶ	なび	ビョウ ボウ ならびに	u	8	
蔽	⿱艹敝	8	0	ヘイ ヘツ フツ	おお.う おお.い				15	
閉	⿵門才	6	951	ヘイ	と.じる と.ざす し.める し.まる	へ	ヘツ ヘチ	u	11	
陛	⿰阝坒	6	1429	ヘイ			ベイ ヒ ビ きざはし	u	10	
米	⿻丷木	2	61	ベイ マイ メエトル	こめ よね	は べ まべ め よ よな	メートル	u	6	
頁	⿱丆貝	9	0	ケツ	ぺえじ おおがい かしら		ゲチ シュ ヨウ コウ	u	9	
僻	⿰亻辟	0	0	ヘキ ヒ ヘイ	へき.する ひが.む		ヒャク ビャク バイ さける	u	15	
壁	⿱辟土	8	1037	ヘキ	かべ		ヒャク	u	16	
癖	⿸疒辟	8	1973	ヘキ	くせ くせ.に		ヒャク	u	18	
碧	⿱珀石	9	2455	ヘキ ヒャク		みどり あお たま			14	
別	⿰𠮠刂	4	214	ベツ	わか.れる わ.ける	べっ	ヘツ ベチ わかち わかれ	u	7	
瞥	⿱敝目	9	0	ベツ ヘツ			ハイ ヘイ ヘチ ヘ	u	17	
蔑	⿱𦭝戍	8	2483	ベツ	ないがしろ なみ.する くらい さげす.む		メチ ベイ メイ	u	14	⿳艹罒戌
箆	⿳竹𠔿比	0	0	ヘイ ハイ	へら の くし				14	⿳𥫗𠔿比
偏	⿰亻扁	8	1340	ヘン	かたよ.る		ひとえに	u	11	
変	⿱亦夂	4	238	ヘン	か.わる か.わり か.える				9	⿱亦夊
片	⿰丿⿱丄𠃍	6	1076	ヘン	かた- かた		ハン きれ ひら びら	u	4	
篇	⿱竹扁	9	2076	ヘン			ベン	u	15	⿱𥫗扁
編	⿰糸扁	5	591	ヘン	あ.む -あ.み		ベン とじいと ふみ	u	15	
辺	⿺辶刀	4	428	ヘン	あた.り ほと.り -べ	なべ			5	
返	⿺辶反	3	685	ヘン	かえ.す -かえ.す かえ.る -かえ.る		ハン ホン	u	7	
遍	⿺辶扁	8	1845	ヘン	あまね.く		あまねし	u	12	
便	⿰亻更	4	729	ベン ビン	たよ.り		ヘン すなわち	u	9	
勉	⿺免力	3	1066	ベン	つと.める	ひこ やつ	メン はげます	u	10	
娩	⿰女免	9	0	ベン			バン マン メン ブン	u	11	⿰女⿱⺈⿸⿻口丿乚
弁	⿱厶廾	5	619	ベン ヘン	かんむり わきま.える わ.ける はなびら	べ	ハン バン	u	5	
鞭	⿰革便	9	0	ベン ヘン	むち むちうつ				18	
保	⿰亻呆	5	146	ホ ホウ	たも.つ	う お ぶ もり やす やすし	やすんじる	u	9	
舗	⿰舎甫	8	1412	ホ		き	しく	u	15	
鋪	⿰金甫	0	0	ホ フ	しく みせ	しき			15	
圃	⿴囗甫	9	0	ホ フ	はたけ にわ				10	
捕	⿰扌甫	8	604	ホ	と.らえる と.らわれる と.る とら.える		フ ブ つかまえる つかまる	u	10	
歩	⿱止少	2	554	ホ ブ フ	ある.く あゆ.む	あ ゆき ゆみ	あゆみ	u	8	
甫	⿺⿻十月丶	9	2270	ホ フ	はじ.めて	はじめ とし なみ すけ よし			7	
補	⿰衤甫	6	332	ホ	おぎな.う		フ	u	12	
輔	⿰車甫	9	1898	ホ フ	たす.ける	すけ たすく ゆう	ブ たすけ	u	14	
穂	⿰禾恵	8	1656	スイ	ほ	お こう のり ほい			15	
募	⿱莫力	8	809	ボ	つの.る		ブ	u	12	
墓	⿱莫土	5	1337	ボ	はか				13	
慕	⿱莫㣺	8	2100	ボ	した.う				14	
戊	⿰丿戈	9	0	ボ ボウ	つちのえ		モ	u	5	
暮	⿱莫日	6	978	ボ	く.れる く.らす	ぐらし ぐれ ぽ			14	
母		2	570	ボ	はは も		ボウ ム	u	5	
簿	⿱竹⿰氵⿱⿺𤰔丶寸	8	1358	ボ			ホ ハク	u	19	⿱𥫗溥 ⿱竹溥
菩	⿱艹咅	9	2086	ボ			ハイ バイ ホク ボク	u	11	
倣	⿰亻放	8	2454	ホウ	なら.う		ボウ	u	10	
俸	⿰亻奉	8	1834	ホウ			フ ブ ふち	u	10	
包	⿹勹己	4	954	ホウ	つつ.む くる.む	お かね	ヒョウ つつみ	u	5	⿻勹巳
呆	⿱口木	0	1848	ホウ	ほけ.る ぼ.ける あき.れる おろか		ボウ ホ タイ ガイ	u	7	
報	⿰幸𠬝	5	167	ホウ	むく.いる		フ むくい	u	12	
奉	⿱𡗗⿻二丨	8	1624	ホウ ブ	たてまつ.る まつ.る ほう.ずる	とも やす	フ	u	8	⿱𡗗𰀁
宝	⿱宀玉	6	1139	ホウ	たから	ほ			8	
峰	⿰山夆	8	1836	ホウ	みね ね	ぶ ほ	フ	u	10	
峯	⿱山夆	10	2079	ホウ	みね ね		フ	u	10	
崩	⿱山朋	8	778	ホウ	くず.れる -くず.れ くず.す				11	
庖	⿸广包	0	0	ホウ	くりや		ビョウ	u	8	⿸广⿹勹巳
抱	⿰扌包	8	871	ホウ	だ.く いだ.く かか.える	たば			8	
捧	⿰扌奉	9	2286	ホウ	ささ.げる		フ ブ	u	11	
放	⿰方攵	3	288	ホウ	はな.す -っぱな.し はな.つ はな.れる	はなれ	ボウ おく ほしいまま ゆるす	u	8	
方	⿱亠⿰丿𠃌	2	46	ホウ	かた -かた -がた	から な なた ふさ まさ みち	ボウ モウ あたる くらべる	u	4	⿱丶万
朋	⿰月月	9	2039	ホウ	とも				8	
法	⿰氵去	4	100	ホウ ハッ ホッ フラン	のり	ほ	のっとる	u	8	
泡	⿰氵包	8	1872	ホウ	あわ				8	
烹	⿱亨灬	0	0	ホウ	に.る		ヒョウ	u	11	
砲	⿰石包	8	1268	ホウ		づつ	ホク ハク ヒョウ バク	u	10	
縫	⿰糸逢	8	1723	ホウ	ぬ.う	ぬい	フウ	u	16	
胞	⿰月包	8	1379	ホウ			フウ えな	u	9	
芳	⿱艹方	8	1302	ホウ	かんば.しい	お かおる は ほ みち やす	かおり	u	7	
萌	⿱艹明	9	2346	ホウ	も.える きざ.す めばえ きざ.し	もえ きざし	ボウ ベイ	u	11	
蓬	⿱艹逢	9	0	ホウ ブ	よもぎ				13	
蜂	⿰虫夆	8	2223	ホウ	はち	ほ	フ ブ	u	13	
褒	⿳亠保𧘇	8	2073	ホウ	ほ.める		ブ	u	15	⿴衣保
訪	⿰言方	6	372	ホウ	おとず.れる たず.ねる と.う	わ			11	
豊	⿱曲豆	5	762	ホウ ブ	ゆた.か とよ	て で と ひろし ふう ぶん	レイ ライ フ	u	13	
邦	⿰丰阝	8	654	ホウ	くに				7	
鋒	⿰金夆	9	0	ホウ	きっさき とかり ほこさき		フ ほこ	u	15	
飽	⿰飠包	8	1780	ホウ	あ.きる あ.かす あ.く	あき あく			13	
鳳	⿵几𩾏	9	2163	ホウ フウ		おおとり ふげ	ブ	u	14	
鵬	⿰朋鳥	9	1707	ホウ	おおとり				19	
乏	⿱丿之	8	1646	ボウ	とぼ.しい とも.しい		ホウ	u	4	
亡	⿱亠𠃊	6	661	ボウ モウ	な.い な.き- ほろ.びる ほろ.ぶ		ブ ム うしなう なくなる	u	3	⿱亠㇄
傍	⿰亻旁	8	1660	ボウ	かたわ.ら わき おか- はた	び	ホウ ビョウ そう	u	12	
剖	⿰咅刂	8	1918	ボウ			ホウ フ さく さける	u	10	
坊	⿰土方	8	1832	ボウ ボッ			ホウ へや まち	u	7	
妨	⿰女方	8	1482	ボウ	さまた.げる		ホウ	u	7	
帽	⿰巾冒	8	1742	ボウ モウ	ずきん おお.う				12	
忘	⿱亡心	6	1129	ボウ	わす.れる		モウ	u	7	
忙	⿰忄亡	8	1475	ボウ モウ	いそが.しい せわ.しい おそ.れる うれえるさま				6	
房	⿸戸方	8	808	ボウ	ふさ	お のぶ わ	ホウ	u	8	⿸户方
暴	⿱日㳟	5	692	ボウ バク	あば.く あば.れる		ヒョク ハク にわか	u	15	
望	⿱⿰亡月王	4	470	ボウ モウ	のぞ.む もち	み も	のぞみ	u	11	
某	⿱甘木	8	2106	ボウ	それがし なにがし		バイ モ メ	u	9	
棒	⿰木奉	6	1455	ボウ			ホウ	u	12	
冒	⿱日目	8	1317	ボウ	おか.す		モウ ボク モク バイ	u	9	⿱⺜目
紡	⿰糸方	8	1876	ボウ	つむ.ぐ		ホウ	u	10	
肪	⿰月方	8	1878	ボウ			ホウ あぶら	u	8	
膨	⿰月彭	8	1293	ボウ	ふく.らむ ふく.れる		ビョウ ホウ	u	16	
謀	⿰言某	8	1370	ボウ ム	はか.る たばか.る はかりごと				16	
貌	⿰豸皃	8	0	ボウ バク	かたち かたどる		ミョウ マク かお	u	14	
貿	⿱⿰③刀貝	5	652	ボウ			モ ム あきなう かえる	u	12	
鉾	⿰金牟	0	2453	ボウ ム	ほこ				14	
防	⿰阝方	5	331	ボウ	ふせ.ぐ	あた う ほう	つつみ	u	7	
吠	⿰口犬	0	0	ハイ ベイ	ほえ.る ほ.える		バイ ほえ	u	7	
頬	⿰夹頁	0	2424	キョウ	ほお ほほ				15	
北	⿰③匕	2	153	ホク	きた	きら ほう ほっ ほつ	ハイ ヘ にげる	u	5	
僕	⿰亻菐	8	1236	ボク	しもべ		ホク	u	14	
卜		9	0	ボク	うらな.う うらない	うら	ホク ぼくのと	u	2	
墨	⿱黒土	8	1616	ボク	すみ	すの	モク バイ ビ	u	14	⿱黑土
撲	⿰扌菐	8	1283	ボク			ホク ハク うつ	u	15	
朴	⿰木卜	8	1626	ボク	ほう ほお えのき		ホク フ ヒュウ ハク	u	6	
牧	⿰牛攵	4	1360	ボク	まき	ま まい もく	ボウ モ かう つかさ	u	8	⿰牜攵
睦	⿰目坴	8	1993	ボク モク	むつ.まじい むつ.む むつ.ぶ	むつ ちか よし あつ む むね			13	
穆	⿰禾㣎	0	0	ボク モク	やわ.らぐ				16	
釦	⿰金口	0	0	コウ ク	ぼたん				11	
勃	⿰孛力	8	0	ボツ ホツ	おこ.る にわかに		ボチ	u	9	
没	⿰氵殳	8	1385	ボツ モツ	おぼ.れる しず.む ない		バイ マイ バ マ	u	7	
殆	⿰歹台	9	0	タイ サイ	ほとほと ほとん.ど あやうい		ダイ ちかい	u	9	
堀	⿰土屈	8	1285	クツ	ほり	ほっ	コツ クチ あな ほる	u	11	
幌	⿰巾晃	9	1309	コウ	ほろ とばり		オウ	u	13	
奔	⿱大卉	8	1884	ホン	はし.る				8	
本	⿻木一	1	10	ホン	もと	まと ごう			5	
翻	⿰番羽	8	1465	ホン ハン	ひるがえ.る ひるがえ.す		ヘン とぶ	u	18	⿰番⿰习习
凡	⿵几丶	8	1730	ボン ハン	およ.そ おうよ.そ すべ.て	なみ ひろ みな			3	
盆	⿱分皿	8	1654	ボン			ホン はち	u	9	
摩	⿸麻手	8	1252	マ	ま.する さす.る す.る		ビ バ ミ	u	15	
磨	⿸麻石	8	1608	マ	みが.く す.る	おさむ	バ	u	16	
魔	⿸麻鬼	8	1514	マ			バ	u	21	
麻	⿸广林	8	1142	マ マア	あさ	あ あざ お	バ	u	11	
埋	⿰土里	8	1110	マイ	う.める う.まる う.もれる うず.める		バイ うずまる うずもれる	u	10	
妹	⿰女未	2	1446	マイ	いもうと	す せ も	バイ メ いも	u	8	
昧	⿰日未	8	0	マイ バイ	くら.い むさぼ.る		メ ブン モン	u	9	
枚	⿰木攵	6	911	マイ バイ		ひら	びら みき	u	8	
毎	⿱𠂉毋	2	436	マイ	ごと -ごと.に	つね	バイ つねに	u	6	
哩	⿰口里	9	0	リ	まいる		ボク モク	u	10	
槙	⿰木真	9	1983	テン シン	まき こずえ				14	
幕	⿱莫巾	6	835	マク バク	とばり		バン マン おおう	u	13	
膜	⿰月莫	8	1804	マク			バク ボ モ	u	14	
枕	⿰木冘	8	2084	チン シン	まくら		ジン	u	8	
鮪	⿰魚有	0	0	キ ユウ イ	まぐろ しび		ウ	u	17	
柾	⿰木正	9	0		まさ まさめ まさき		キュウ	u	9	
鱒	⿰魚尊	9	2482	ソン セン ザン	ます		ゾン ゼン テン デン	u	23	
桝	⿰木舛	0	2401		ます				11	
亦	⿱亠⿻⿰丿亅八	9	0	エキ ヤク	また				6	⿱亣八
俣	⿰亻吴	9	1585		また	ばた			9	
又		8	1874	ユウ	また また- また.の-	やす	ウ	u	2	
抹	⿰扌末	8	2006	マツ			バツ マチ なする	u	8	
末	⿻一木	4	456	マツ バツ	すえ うら うれ		ベキ ミャク マチ なし	u	5	
沫	⿰氵末	9	0	マツ バツ	あわ しぶき つばき		マチ	u	8	
迄	⿺辶乞	9	0	キツ	まで およ.ぶ		コチ いたる	u	6	
侭	⿰亻尽	0	0	ジン	まま ことごとく		シン	u	8	
繭	⿱艹⿻⿵冂丨𬗌	8	2495	ケン	まゆ きぬ				18	⿱艹⿵冂⿲糸丨虫 ⿻芇𬗌
麿	⿸麻呂	9	0		まろ	ま			18	⿸麻吕
万	⿱一⿰丿𠃌	2	375	マン バン	よろず	かず ま ゆる	ボク モク	u	3	⿸丆𠃌
慢	⿰忄曼	8	1368	マン			バン ベン メン あなどる	u	14	
満	⿰氵⿱艹両	4	515	マン バン	み.ちる み.つ み.たす	ま みち みつ みつる	ボン モン	u	12	⿰氵㒼
漫	⿰氵曼	8	1408	マン	みだり.に そぞ.ろ		バン そぞろに みだり	u	14	
蔓	⿱艹曼	9	0	マン バン	はびこ.る つる				14	
味	⿰口未	3	442	ミ	あじ あじ.わう		ビ バイ バツ マチ	u	8	
未	⿻一木	4	650	ミ ビ	いま.だ ま.だ ひつじ				5	
魅	⿺鬼未	8	1206	ミ			ビ	u	15	
巳		9	2142	シ	み		ジ	u	3	
箕	⿱竹其	9	2023	キ	み	みの			14	⿱𥫗其
岬	⿰山甲	8	1972	コウ	みさき	さき			8	
密	⿱宓山	6	815	ミツ	ひそ.か		ビツ ミチ しげし	u	11	
蜜	⿱宓虫	8	2203	ミツ ビツ			ミチ	u	14	
湊	⿰氵奏	9	2222	ソウ	みなと あつ.まる		シュ	u	12	
蓑	⿱艹衰	9	0	サ サイ	みの		セ	u	13	
稔	⿰禾念	9	1775	ネン ジン ニン	みの.る みのり	とし なる なり みのる ね み			13	
脈	⿰月𠂢	5	1477	ミャク	すじ		バク	u	10	
妙	⿰女少	8	1122	ミョウ ビョウ	たえ				7	
粍	⿰米毛	0	0		ミリ ミリメートル				10	
民		4	28	ミン	たみ	ひと み	ビン	u	5	
眠	⿰目民	8	1315	ミン	ねむ.る ねむ.い	ね	ベン メン ビン ねむり	u	10	
務	⿰矛⿱攵力	5	111	ム	つと.める	つかさ み	ブ ボウ モウ モ	u	11	⿰矛务 ⿸敄力
夢	⿳𦭝冖夕	5	943	ム ボウ	ゆめ ゆめ.みる くら.い				13	⿳⿱艹罒冖夕 ⿱⿳艹⺫冖夕
無	⿱⿳𠂉卌一灬	4	274	ム ブ	な.い		なかれ	u	12	
牟	⿱厶牛	9	2092	ボウ ム			モ	u	6	
矛	⿱龴⿹𠄐丿	8	1538	ム ボウ	ほこ				5	⿹予㇒
霧	⿱雨務	8	1747	ム ボウ ブ	きり		モ	u	19	
鵡	⿰武鳥	0	0	ブ ム					19	
椋	⿰木京	9	0	リョウ	むく	ぐら			12	
婿	⿰女胥	8	2099	セイ	むこ				12	
娘	⿰女良	8	1145	ジョウ	むすめ こ		ニョウ	u	10	
冥	⿱冖昗	8	2349	メイ ミョウ	くら.い		ベキ ベン メン	u	10	⿳冖日六
名	⿱夕口	1	177	メイ ミョウ	な -な	と	ベイ なづける なのる	u	6	
命	⿱亼叩	3	465	メイ ミョウ	いのち		ベイ マン おおせ みこと	u	8	⿱⿵𠆢一叩 ⿹令口
明	⿰日月	2	67	メイ ミョウ ミン	あ.かり あか.るい あか.るむ あか.らむ	あきら あけ あす きら け さや	ベイ ボウ あきらか あける	u	8	
盟	⿱明皿	6	587	メイ			ベイ モウ ボウ ミョウ	u	13	
迷	⿺辶米	5	942	メイ	まよ.う		ベイ ビ まどう	u	9	
銘	⿰金名	8	1394	メイ		たか み め	ミョウ ベイ	u	14	
鳴	⿰口鳥	2	1279	メイ	な.く な.る な.らす	なり なる	ベイ ミョウ	u	14	
姪	⿰女至	9	0	テツ チツ ジチ イツ	めい おい		デチ	u	9	
牝	⿰牛匕	0	2300	ヒン	めす め- めん		ビン ヒ ビ ヘン	u	6	⿰牜匕
滅	⿰氵烕	8	1222	メツ	ほろ.びる ほろ.ぶ ほろ.ぼす		ベツ メチ	u	13	
免	⿳𠂊𫩏儿	8	1080	メン	まぬか.れる まぬが.れる	め	フ ベン バン マン	u	8	⿱⿱⺈𫩏儿
棉	⿰木帛	0	0	メン	わた		ベン	u	12	
綿	⿰糸帛	5	1495	メン	わた	う	ベン ベツ つらなる	u	14	
緬	⿰糸面	0	0	メン ベン					15	
面	⿱丆囬	3	186	メン ベン	おも おもて つら	お ずら ほおつき も			9	
麺	⿺麦面	8	2331	メン ベン	むぎこ				16	
摸	⿰扌莫	0	0	モ モウ バク ボ			マク さぐる もつ	u	13	
模	⿰木莫	6	668	モ ボ		がみ	かた のっとる	u	14	
茂	⿱艹戊	8	1188	モ	しげ.る	うむさ き し つとむ む もて	ボウ	u	8	
妄	⿱亡女	8	2264	モウ ボウ	みだ.りに		みだり	u	6	
孟	⿱子皿	9	2127	モウ ボウ ミョウ	かしら	たけし たけ はる はじめ つとむ おさ	マン ショウ バン	u	8	
毛	⿱丿⿻二乚	2	1179	モウ	け	めん も	ブ ボウ	u	4	
猛	⿰犭孟	8	1301	モウ		たけ たけし たける	ミョウ ボウ	u	11	
盲	⿱亡目	8	1767	モウ	めくら		ボウ くらい	u	8	
網	⿰糸罔	8	1194	モウ	あみ	あ ずな	ボウ	u	14	
耗	⿰耒毛	8	0	モウ コウ			ボウ へる	u	10	⿰⿻一未毛
蒙	⿱艹冡	9	2360	モウ ボウ	こうむ.る おお.う くら.い		モ ム	u	13	
儲	⿰亻諸	9	2442	チョ	もう.ける もう.かる もうけ たくわ.える		ジョ たくわえ そえ	u	17	
木	⿻十𠆢	1	317	ボク モク	き こ-	ぐ も もと			4	
黙	⿱⿰里犬灬	8	1338	モク ボク	だま.る もだ.す				15	⿺黒犬
目	⿴囗𠄠	1	76	モク ボク	め -め ま-	さかん さがん さっか さつか			5	
杢	⿱木工	0	0		もく				7	
勿	⿹勹⿱丿丿	9	0	モチ ブツ ボツ	なか.れ なし				4	
餅	⿰飠并	8	2152	ヘイ ヒョウ	もち もちい				14	
尤	⿺尢丶	9	0	ユウ	もっと.も とが.める		ウ とが とがめ	u	4	
戻	⿸戸大	8	890	レイ	もど.す もど.る		ライ リ レツ もどり	u	7	⿸户大
籾	⿰米刃	9	0		もみ				9	
貰	⿱世貝	9	2441	セイ シャ	もら.う		もらい おぎのる	u	12	
問	⿵門口	3	64	モン	と.う と.い とん	はる	ブン	u	11	
悶	⿵門心	0	0	モン	もだ.える もだえ.る		ボン もだえ	u	12	
紋	⿰糸文	8	1519	モン		あや	ブン	u	10	
門	⿰𠁣𠃛	2	452	モン	かど と	じょう も ゆき	ボン	u	8	
匁	⿻勹乂	9	0		もんめ め				4	
也	⿻乜丨	9	1404	ヤ エ	なり か また	し	イ	u	3	
冶	⿰冫台	8	0	ヤ	い.る	じ			7	
夜	⿱亠⿰亻⿴夂丶	2	487	ヤ	よ よる		エキ ヤク	u	8	
爺	⿱父耶	0	0	ヤ	じい じじい おやじ じじ				13	
耶	⿰耳阝	9	0	ヤ ジャ	か		シャ	u	9	
野	⿰里予	2	120	ヤ ショ	の の-	ずけ つけ ぬ	ヨ ジョ	u	11	
弥	⿰弓尓	8	1687	ミ ビ	や いや いよ.いよ わた.る	わたる みつ ひろ よ	ゲイ あまねし	u	8	⿰弓尔
矢	⿱𠂉大	2	1294	シ	や				5	
厄	⿸厂㔾	8	2123	ヤク			ガ アク くるしむ わざわい	u	4	
役	⿰彳殳	3	315	ヤク エキ		ちゃく	つとめ	u	7	
約	⿰糸勺	4	94	ヤク	つづ.まる つづ.める つづま.やか		ヨウ オウ アク ケキ	u	9	
薬	⿱艹楽	3	702	ヤク	くすり	み	シャク リャク	u	16	
訳	⿰言尺	6	1050	ヤク	わけ		とく	u	11	
躍	⿰𧾷翟	8	900	ヤク	おど.る	おどり	テキ	u	21	
靖	⿰立青	9	1390	セイ ジョウ	やす.んじる	のぶ やす やすし しず おさむ きよし	やすい	u	13	
柳	⿰木卯	8	1169	リュウ	やなぎ	なぎ や やい やぎ やな やない	ル	u	9	
薮	⿱艹数	0	2109	ソウ	やぶ				16	
鑓	⿰金遣	0	0		やり				21	
愉	⿰忄俞	8	1974	ユ	たの.しい たの.しむ	ゆう	トウ	u	12	
愈	⿱俞心	0	0	ユ	いよいよ まさ.る		ギョ ゴ	u	13	⿱兪心
油	⿰氵由	3	690	ユ ユウ	あぶら				8	
癒	⿸疒愈	8	1667	ユ	い.える いや.す い.やす				18	
諭	⿰言俞	8	1461	ユ	さと.す	ゆう	トウ	u	16	
輸	⿰車俞	5	371	ユ シュ			いたす おくる	u	16	
唯	⿰口隹	8	1292	ユイ イ	ただ	ゆ	スイ これ	u	11	
佑	⿰亻右	9	2250	ユウ ウ	たす.ける	すけ たすく ゆ	じょう	u	7	
優	⿰亻憂	6	334	ユウ ウ	やさ.しい すぐ.れる まさ.る	ゆ よし	オウ ゆたか わざおぎ	u	17	
勇	⿱⿱龴田力	4	1319	ユウ	いさ.む	お はや	ヨウ ユ いさましい	u	9	⿱龴男 ⿱甬力
友	⿸𠂇又	2	622	ユウ	とも	う ど ゆ			4	
宥	⿱宀有	9	0	ユウ	なだ.める ゆる.す		ウ	u	9	
幽	⿻山𢆶	8	1996	ユウ	ふか.い かす.か くら.い しろ.い		ユ	u	9	
悠	⿱攸心	8	1921	ユウ		ゆ	とおい はるか	u	11	
憂	⿱㥑夂	8	1625	ユウ	うれ.える うれ.い う.い う.き	ゆ	オウ	u	15	
揖	⿰扌咠	0	0	イツ ユ シュウ ユウ		い	ジュウ	u	12	
有	⿸𠂇月	3	282	ユウ ウ	あ.る	あ あら あり ある くに なお	たもつ また	u	6	
柚	⿰木由	9	2489	ユ ユウ ジク	ゆず		チク	u	9	
湧	⿰氵勇	8	2070	ユウ ヨウ ユ	わ.く	わき わく			12	
涌	⿰氵甬	0	0	ユウ ヨウ ユ	わ.く				10	
猶	⿰犭酋	8	1799	ユウ ユ	なお		キュウ ヨウ	u	12	
猷	⿰酋犬	0	2392	ユウ ヨウ	はかりごと はか.る		ユ	u	13	
由	⿻日丨	3	325	ユ ユウ ユイ	よし よ.る		ヨウ より	u	5	
祐	⿰礻右	9	1706	ユウ ウ	たす.ける	すけ さち よし たすく ひろ ひろし	たすけ じょう	u	9	⿰示右
裕	⿰衤谷	8	1048	ユウ		すけ のり ひろ ひろし やす ゆ	ゆたか	u	12	
誘	⿰言秀	8	993	ユウ	さそ.う いざな.う		ユ おびく	u	14	
遊	⿺辶斿	3	941	ユウ ユ	あそ.ぶ あそ.ばす	あす う	あそび	u	12	
邑	⿱口巴	9	2452	ユウ	むら	お おう おお くに さと	おおざと うれえる みやこ	u	7	
郵	⿰垂阝	6	917	ユウ			ユ ズイ スイ	u	11	
雄	⿰厷隹	8	669	ユウ	お- おす おん	かつ たけ つよし ゆ よう	キュウ グ	u	12	
融	⿰鬲虫	8	481	ユウ	と.ける と.かす	あきら	ユ とおる	u	16	
夕	⿴𠂊丶	1	924	セキ	ゆう	ゆ	ジャク ゆうべ	u	3	
予	⿱龴𠄐	3	180	ヨ シャ	あらかじ.め		チョ ジョ ショ あずかる	u	4	
余	⿱亼朩	5	680	ヨ	あま.る あま.り あま.す あんま.り	あまる	ヤ われ	u	7	⿱𠆢⿱一朩
与	⿻⿺㇉一一	8	308	ヨ	あた.える あずか.る くみ.する ともに	とも ゆ	か くみ ために と	u	3	
誉	⿱兴言	8	1064	ヨ	ほま.れ ほ.める	え たか たけ ほまれ ほめ ほん			13	
輿	⿶⿳𦥑一八車	9	0	ヨ	かご こし				17	
預	⿰予頁	6	981	ヨ	あず.ける あず.かる		あらかじめ	u	13	
傭	⿰亻庸	9	0	ヨウ チョウ	やと.う あた.い ひと.しい		ユ やとい	u	13	
幼	⿰幺力	6	1227	ヨウ	おさな.い	うぶ わか	オウ イク ユウ	u	5	
妖	⿰女夭	8	1964	ヨウ	あや.しい なま.めく わざわ.い		コウ キョウ	u	7	
容	⿱宀谷	5	264	ヨウ	い.れる	かた ひろ まさ	ユ かたち なんぞ ゆるす	u	10	
庸	⿸广𬎾	8	2038	ヨウ		つね のぶ やす	ユ なんぞ もちいる	u	11	⿸⿸广肀用
揚	⿰扌昜	8	1316	ヨウ	あ.げる -あ.げ あ.がる	あがり			12	
揺	⿰扌⿱爫𠙻	8	1079	ヨウ	ゆ.れる ゆ.る ゆ.らぐ ゆ.るぐ		ゆする ゆさぶる ゆすぶる うごく	u	12	⿰扌⿱⿱㇒𭕄𠙻
擁	⿰扌雍	8	1213	ヨウ			ユ いだく	u	16	
曜	⿰日翟	2	940	ヨウ		てる	かがやく	u	18	⿰日⿱⿰𫜹𫜹隹
楊	⿰木昜	9	1815	ヨウ	やなぎ	やな			13	
様	⿰木𣴎	3	493	ヨウ ショウ	さま さん		ゾウ ざま	u	14	⿰木⿻兰氺
洋	⿰氵羊	3	763	ヨウ		なだ ひろ ひろし よ よし	ショウ ジョウ	u	9	
溶	⿰氵容	8	1364	ヨウ	と.ける と.かす と.く		ユ	u	13	
熔	⿰火容	0	0	ヨウ	と.ける と.かす いがた				14	
用	⿵冂⿻二丨	2	107	ヨウ	もち.いる	たから	ユ もって	u	5	⿵⺆𰀁
窯	⿱穴羔	8	2072	ヨウ	かま		キョウ コウ	u	15	⿱⿱宀儿羔
羊	⿱䒑⿻二丨	3	1852	ヨウ	ひつじ	よ			6	⿱䒑𰀁
耀	⿰光翟	9	2253	ヨウ	かがや.く ひかり	あかる			20	
葉	⿱艹枼	3	414	ヨウ	は	よ わ	ショウ	u	12	
蓉	⿱艹容	9	0	ヨウ		はす よ	ユ オウ	u	13	
要	⿱覀女	4	106	ヨウ	い.る かなめ	とし	こし むかえる もとめる	u	9	
謡	⿰言⿱爫𠙻	8	1580	ヨウ	うた.い うた.う				16	⿰訁⿱⿱㇒𭕄𠙻 ⿰言䍃
踊	⿰𧾷甬	8	1308	ヨウ	おど.る		ユ おどり	u	14	
遥	⿺辶⿱爫𠙻	9	2376	ヨウ	はる.か				12	⿺辶⿱⿱㇒𭕄𠙻 ⿺辶䍃
陽	⿰阝昜	3	1071	ヨウ	ひ	あき あきら あけ はる ひろ やん	チョウ ジョウ いつわる きた	u	12	
養	⿱𦍌食	4	888	ヨウ リョウ	やしな.う	や	やしない	u	15	
慾	⿱欲心	0	0	ヨク			ユ	u	15	
抑	⿰扌卬	8	834	ヨク	おさ.える		ヨキ そもそも	u	7	
欲	⿰谷欠	6	902	ヨク	ほっ.する ほ.しい		ユ	u	11	
沃	⿰氵夭	8	0	ヨウ ヨク オク	そそ.ぐ		オウ ワク	u	7	
浴	⿰氵谷	4	1136	ヨク	あ.びる あ.びせる	えき さこ			10	
翌	⿱羽立	6	1070	ヨク			イク	u	11	⿱⿰习习立
翼	⿱羽異	8	1201	ヨク	つばさ		たすける	u	17	⿱⿰习习異
淀	⿰氵定	9	1987	テン デン	よど.む		よど	u	11	
羅	⿱罒維	8	1831	ラ	うすもの		リ あみ うすぎぬ つらねる	u	19	
螺	⿰虫累	9	0	ラ	にし にな				17	
裸	⿰衤果	8	1796	ラ	はだか				13	
来	⿻未丷	2	102	ライ タイ	く.る きた.る きた.す き.たす	くり くる ごろ さ			7	
莱	⿱艹来	0	0	ライ リ	あかざ あわち こうがい				10	
頼	⿰束頁	8	708	ライ	たの.む たの.もしい たよ.る	よち より	たより	u	16	
雷	⿱雨田	8	1491	ライ	かみなり いかずち いかづち		ルイ レ	u	13	
洛	⿰氵各	9	2302	ラク					9	
絡	⿰糸各	8	806	ラク	から.む から.まる		カク まとう	u	12	
落	⿱艹洛	3	420	ラク	お.ちる お.ち お.とす	おち			12	
酪	⿰酉各	8	2012	ラク			ロ ちちざけ	u	13	
乱	⿰舌乚	6	755	ラン ロン	みだ.れる みだ.る みだ.す みだ	ら	おさめる	u	7	
卵	⿰𠂑卪	6	1342	ラン	たまご		コン ラ	u	7	
嵐	⿱山風	8	1910	ラン	あらし	ぞれ			12	
欄	⿰木䦨	8	1523	ラン	てすり		レン おばしま	u	20	⿰木闌
濫	⿰氵監	8	0	ラン	みだ.りに みだ.りがましい		タン ダン カン ガン	u	18	
藍	⿱艹監	8	2043	ラン	あい				18	
蘭	⿱艹闌	9	1886	ラン ラ		か あららぎ			19	⿱艹䦨
覧	⿱⿰臣⿱𠂉一見	6	1510	ラン	み.る				17	
利	⿰禾刂	4	203	リ	き.く	かが と とし のり み りい	するどい	u	7	
吏	⿻一史	8	0	リ		さと し	つかさ	u	6	
履	⿸尸復	8	1619	リ	は.く		くつ ふむ	u	15	
李	⿱木子	9	1147	リ	すもも	もも い			7	
梨	⿱利木	4	1331	リ	なし	か	レイ ライ	u	11	
理	⿰王里	2	86	リ	ことわり	あや おさむ さと さとる ただ ただし	おさまる おさめる すじ	u	11	
璃	⿰王离	8	0	リ		あき			15	
痢	⿸疒利	8	2037	リ					12	
裏	⿳亠里𧘇	6	812	リ	うら		うち	u	13	⿴衣里
裡	⿰衤里	9	0	リ	うち うら				12	
里	⿱⿻甲一一	2	1096	リ	さと	さ			7	⿻日土 ⿱田土
離	⿰离隹	8	555	リ	はな.れる はな.す		レイ ライ チ かかる	u	19	
陸	⿰阝坴	4	736	リク ロク	おか	くが たち みち む むつ			11	
律	⿰彳聿	6	992	リツ リチ レツ		たかし のり			9	
率	⿱⿻玄⿱丷八十	5	383	ソツ リツ シュツ	ひき.いる		スイ ルイ セツ したがう	u	11	⿳亠⿴⿰⿱丶㇀⿱㇒丶幺十
立	⿱⿱亠丷一	1	58	リツ リュウ リットル	た.つ -た.つ た.ち- た.てる	たち たっ たつ だて つい	イ	u	5	⿱亠䒑
葎	⿱艹律	0	0	リツ	むぐら	つ	リチ ロツ ロチ	u	12	
掠	⿰扌京	9	0	リャク リョウ	かす.める かす.る かす.れる	ぐら			11	
略	⿰田各	5	774	リャク	ほぼ はぶ.く おか.す おさ.める				11	
劉	⿰𨥫刂	9	1947	リュウ ル	ころ.す	らう のぶ みずち			15	
流	⿰氵㐬	3	280	リュウ ル	なが.れる なが.れ なが.す -なが.す	な ながれ めぐる			10	
溜	⿰氵留	9	2451	リュウ	た.まる たま.る た.める したた.る		ル たまり ため	u	13	
琉	⿰王㐬	9	2036	リュウ ル					11	
留	⿱⿰③刀田	5	731	リュウ ル	と.める と.まる とど.める とど.まる	とめ			10	
硫	⿰石㐬	8	1867	リュウ			ショ ソ リ	u	12	
粒	⿰米立	8	1635	リュウ	つぶ				11	
隆	⿰阝⿱夂生	8	1109	リュウ		お たか たかし	たかい	u	11	⿰⻖㚅
竜	⿱立⿻日乚	8	1195	リュウ リョウ ロウ	たつ いせ	りう	ボウ	u	10	
龍	⿰𦚏⑦	10	1734	リュウ リョウ ロウ	たつ	りゅ	ボウ モウ	u	16	
侶	⿰亻呂	8	0	リョ ロ	とも				9	
慮	⿸虍思	8	916	リョ	おもんぱく.る おもんぱか.る	ぜ	ロ ロク ル	u	15	
旅	⿰方⿱𠂉⿱㇒𰀠	3	783	リョ	たび				10	
虜	⿸虍男	8	1678	リョ ロ	とりこ とりく				13	
了	⿱乛亅	8	792	リョウ		さとる	おえる おわる ついに	u	2	
亮	⿱⿳亠口冖儿	9	1821	リョウ	あきらか	あき すけ まこと あきら よし きょう			9	⿱⿳亠口冖几
僚	⿰亻尞	8	709	リョウ					14	
両	⿱一⿻冂山	3	247	リョウ	てる ふたつ	もろ			6	⿻𰀃山
凌	⿰冫夌	9	2423	リョウ	しの.ぐ				10	
寮	⿱宀尞	8	1705	リョウ			つかさ	u	15	
料	⿰米斗	4	295	リョウ			はかる	u	10	
梁	⿱⿰氵刅木	9	2017	リョウ	はり うつばり うちばり やな		ロウ はし	u	11	⿱𱥻木
涼	⿰氵京	8	1783	リョウ	すず.しい すず.む すず.やか うす.い	りょ	まこと	u	11	
猟	⿰犭鼡	8	1851	リョウ	かり か.る				11	
療	⿸疒尞	8	600	リョウ			シャク いやす	u	17	
瞭	⿰目尞	8	0	リョウ	あきらか				17	
稜	⿰禾夌	9	2091	リョウ ロウ	いつ かど				13	
糧	⿰米量	8	1354	リョウ ロウ	かて				18	
良	⿱丨艮	4	501	リョウ	よ.い -よ.い い.い -い.い	じ なが まこと よし ら りょ	ロウ まことに やや	u	7	⿱丶艮
諒	⿰言京	9	0	リョウ	あきら.か まことに	あき まさ まこと			15	
遼	⿺辶尞	9	2050	リョウ		はるか			15	
量	⿱旦里	4	469	リョウ	はか.る	かず	かさ	u	12	
陵	⿰阝夌	8	1746	リョウ	みささぎ		おか しのぐ	u	11	
領	⿰令頁	5	138	リョウ	えり	よう よし	レイ うなじ おさめる	u	14	
力	⿻丿𠃌	1	62	リョク リキ リイ	ちから	じから つとむ	つとめる りきむ	u	2	
緑	⿰糸录	3	1180	リョク ロク	みどり		リク	u	14	
倫	⿰亻侖	8	1322	リン		とも のり ひとし ひろ みち	たぐい	u	10	
厘	⿸厂里	8	1835	リン			テン デン リ	u	9	
林	⿰木木	1	656	リン	はやし	し			8	
淋	⿰氵林	9	0	リン	さび.しい さみ.しい				11	
燐	⿰火粦	0	0	リン			おにび	u	17	
琳	⿰王林	9	0	リン					12	
臨	⿰臣⿱𠂉品	6	722	リン	のぞ.む	み			18	
輪	⿰車侖	4	693	リン	わ	なわ も			15	
隣	⿰阝粦	8	1083	リン	とな.る となり	ちか			16	
鱗	⿰魚粦	9	2494	リン	うろこ こけ こけら				24	
麟	⿰鹿粦	9	0	リン					24	
瑠	⿰王留	8	2352	ル リュウ		るり			14	
塁	⿳田⿱丷八土	8	651	ルイ ライ スイ	とりで	る	リツ	u	12	⿳田⿰⿱丶㇀⿱㇒丶土
涙	⿰氵戻	8	1381	ルイ レイ	なみだ		リツ ライ レツ	u	10	
累	⿱田糸	8	1662	ルイ			ラ リョウ ライ ル	u	11	
類	⿰类頁	4	678	ルイ	たぐ.い		ライ リツ	u	18	
令	⿱亼⿱𠃌丨	4	804	レイ		のり りょう れ	おさ しむ	u	5	⿱⿵𠆢一𰆊 ⿱亽龴
伶	⿰亻令	9	0	レイ リョウ	わざおぎ	れ			7	
例	⿰亻列	4	399	レイ	たと.える		レツ たぐい ためし	u	8	
冷	⿰冫令	4	667	レイ	つめ.たい ひ.える ひ.や ひ.ややか		リョウ ひやす ひやかす さめる	u	7	
励	⿰厉力	8	1254	レイ	はげ.む はげ.ます				7	
嶺	⿱山領	9	1959	レイ リョウ	みね	ね			17	
怜	⿰忄令	9	2450	レイ レン リョウ	あわ.れむ さと.い	さと さとし			8	
玲	⿰王令	9	1931	レイ		たま あきら あき りょう れ	ロウ	u	9	
礼	⿰礻乚	3	1185	レイ ライ		あや なり のり ひろし れ	リ いや	u	5	⿰示乚
苓	⿱艹令	0	0	レイ リョウ	みみなぐさ		レン リン	u	8	
鈴	⿰金令	8	880	レイ リン	すず	ず	リョウ	u	13	
隷	⿰⿱士示隶	8	2009	レイ	したが.う しもべ		ライ リ レツ	u	16	⿰𰧭隶
零	⿱雨令	8	1217	レイ	ぜろ こぼ.す こぼ.れる		レン リョウ あまり おちる	u	13	
霊	⿳雨一亚	8	1458	レイ リョウ	たま				15	
麗	⿱丽鹿	8	1758	レイ	うるわ.しい うら.らか	ま よし り	ライ シ レキ リャク	u	19	⿱⿰⿱一⿵冂丶⿱一⿵冂丶鹿 ⿱丽鹿
齢	⿰歯令	8	770	レイ	よわい とし				17	
暦	⿸𠩵日	8	1765	レキ リャク	こよみ				14	⿸厂𣈅
歴	⿸𠩵止	5	632	レキ レッキ			リャク へる	u	14	
列	⿰歹刂	3	927	レツ レ		れっ	レイ つらねる	u	6	
劣	⿱少力	8	1620	レツ	おと.る		レチ	u	6	
烈	⿱列灬	8	1397	レツ	はげ.しい	やす	レチ	u	10	
裂	⿱列衣	8	1041	レツ	さ.く さ.ける -ぎ.れ		レチ レイ	u	12	
廉	⿸广兼	8	2066	レン		きよ	かど やすい	u	13	
恋	⿱亦心	8	1296	レン	こ.う こい こい.しい				10	
憐	⿰忄粦	9	0	レン	あわ.れむ あわ.れ		リン あわれみ	u	16	
漣	⿰氵連	9	0	レン ラン	さざなみ				13	
煉	⿰火東	9	0	レン	ね.る		ラン	u	12	⿰火柬
簾	⿱竹廉	9	0	レン	すだれ す	みす			19	⿱𥫗⿸广⿻⿳一⺕八⿰亻亻
練	⿰糸東	3	788	レン	ね.る ね.り	ねり			14	⿰糸柬
聯	⿰耳𢇇	0	1967	レン	つら.なる つら.ねる				17	
蓮	⿱艹連	9	1839	レン	はす はちす				13	
連	⿺辶車	4	30	レン	つら.なる つら.ねる つ.れる -づ.れ	ずれ つれ むらじ れ	ラン しきりに	u	10	
錬	⿰金東	8	2221	レン	ね.る		トウ ツ カン	u	16	
呂	⿳口丿口	8	2055	ロ リョ	せぼね	とも なが			7	
魯	⿱魚日	9	2153	ロ	おろか				15	
櫓	⿰木魯	9	0	ロ	やぐら おおだて		ル	u	19	
炉	⿰火戸	8	1359	ロ	いろり				8	⿰火户
賂	⿰貝各	8	0	ロ	まいな.い まいな.う		ル	u	13	
路	⿰𧾷各	3	529	ロ ル	-じ みち		ラク	u	13	
露	⿱雨路	8	928	ロ ロウ	つゆ	や ゆ	あらわれる あらわ	u	21	
労	⿳𭕄冖力	4	398	ロウ	ろう.する いたわ.る いた.ずき ねぎら		リョウ つかれる ねぎらう	u	7	⿱𰃮力
婁	⿱⿻⿱⿻口一口丨女	0	0	ル ロウ	つな.ぐ ひ.く	ろ	ルイ	u	11	
廊	⿸广郎	8	1598	ロウ					12	
弄	⿱王廾	8	0	ロウ ル	いじく.る ろう.する いじ.る ひねく.る		もてあそぶ	u	7	
朗	⿰良月	6	1374	ロウ	ほが.らか あき.らか	あき あきら お さえ ろ			10	
楼	⿰木娄	8	2173	ロウ	たかどの				13	
榔	⿰木郎	0	0	ロウ			びんろう	u	13	⿰木郞
浪	⿰氵良	8	1508	ロウ		なに なみ	ラン	u	10	
漏	⿰氵屚	8	1298	ロウ	も.る も.れる も.らす		ル ロ	u	14	
牢	⿱宀牛	0	2472	ロウ	かた.い ひとや		ル リュウ	u	7	
狼	⿰犭良	9	2129	ロウ	おおかみ				10	
篭	⿱竹竜	0	2237	ロウ ル	かご こ.める こも.る こ.む	ごめ			16	⿱𥫗竜
老	⿸耂匕	4	803	ロウ	お.いる ふ.ける	えび おい び			6	
聾	⿱龍耳	0	0	ロウ	ろう.する つんぼ みみしい		ル	u	22	
蝋	⿰虫鼡	0	0	ロウ	みつろう ろうそく	あじ			14	
郎	⿰良⻏	8	569	ロウ リョウ	おとこ	いら お とう もん ろ ろお			9	
六	⿱亠八	1	93	ロク リク	む む.つ むっ.つ むい	く むつ ろっ ろつ	リュウ	u	4	
麓	⿱林鹿	8	2366	ロク	ふもと				19	
禄	⿰礻录	9	2126	ロク	さいわ.い ふち	とし よし	リョク	u	12	⿰示录
肋	⿰月力	9	0	ロク	あばら		キン コン	u	6	
録	⿰金录	4	546	ロク	しる.す と.る		リョク リョ さかん	u	16	
論	⿰言侖	6	227	ロン	あげつら.う		リン さだめる とく	u	15	
倭	⿰亻委	9	2098	ワ イ	やまと したが.う	まさ やす			10	
和	⿰禾口	3	124	ワ オ カ	やわ.らぐ やわ.らげる なご.む なご.やか	あい いず かず かつ かつり かづ	あえる	u	8	
話	⿰言舌	2	134	ワ	はな.す はなし		カイ エ カ ゲ	u	13	
歪	⿱不正	0	2348	ワイ エ	いが.む いびつ ひず.む ゆが.む				9	
賄	⿰貝有	8	1282	ワイ	まかな.う		カイ まいない まいなう	u	13	
脇	⿰月劦	8	1806	キョウ	わき わけ				10	
惑	⿱或心	8	777	ワク	まど.う		コク まどい	u	12	
枠	⿰木卆	8	922		わく				8	
鷲	⿱就鳥	9	1925	シュウ ジュ	わし	す わ わせ			23	
亙	⿳一④一	9	0	コウ カン	わた.る もと.める	のぶ	わたり	u	6	
亘	⿱一旦	9	1728	コウ カン セン	わた.る もと.める	のぶ とうる わたる ひさし	ガン わたり	u	6	
鰐	⿰魚咢	0	0	ガク	わに				20	
詫	⿰言宅	9	2481	タ	わび わび.しい かこつ わ.びる	たく	カ ケ ト ツ	u	13	
藁	⿱艹槀	9	2488	コウ	わら				17	⿱蒿木
蕨	⿱艹厥	9	2307	ケツ	わらび		カチ	u	15	
椀	⿰木宛	9	0	ワン	はち				12	
湾	⿰氵弯	8	545	ワン	いりえ				12	
碗	⿰石宛	9	0	ワン	こばち				13	
腕	⿰月宛	8	1163	ワン	うで		かいな	u	12	
弌	⿹弋一	0	0	イチ イツ	ひと- ひと.つ	はじめ ひと ひとつ			4	
丐	⿱⿸丅一㇉	0	0	カイ	こ.う		カツ カチ	u	4	
丕	⿱不一	0	0	ヒ	おお.きい				5	
个	⿱人丨	0	0	カ コ			カン	u	3	⿱𠆢丨
丱	⿰⿰𠃊丿⿰丨𠃎	0	0	カン ケン			コウ ギョウ あげまき	u	5	
丶		0	0	チュ			てん	u	1	
丼	⿴井丶	8	2088	トン タン ショウ セイ	どんぶり		どん	u	5	
丿		0	0	ヘツ	えい よう	の	ヘチ	u	1	
乂	⿻丿乀	0	0	ガイ カイ ゲ	おさ.める か.る				2	
乖	⿻千北	0	0	カイ	そむ.く もとる		ケ	u	8	
乘	⿻禾北	10	0	ジョウ	の.る の.せる		ショウ	u	10	
亂	⿰𤔔乚	0	0	ラン ロン	みだ.れる みだ.る みだ.す みだ.れ				13	
亅		0	0	ケツ	かぎ		カチ はねぼう	u	1	
豫	⿰予象	0	0	ヨ シャ	あらかじ.め		ショ	u	16	
亊	⿻⿳一丷⺕亅	0	0	ジ シ ズ	こと つか.う つか.える				7	
舒	⿰舍予	0	0	ジョ ショ	の.べる				12	
弍	⿹弋二	0	0	ニ ジ	ふた- ふた.つ ふたた.び				5	
于	⿱一𬺰	0	0	ウ ク	ここに ああ おいて に		キョ コ より いわく	u	3	
亞	⿳一⑥一	10	0	ア	つ.ぐ		アク オウ	u	8	
亟	⿱⿻丂叹一	0	0	キョク キ ケ	しばしば すみやか		コキ	u	8	
亠	⿱丨一	0	0	トウ			ズ なべぶた	u	2	
亢	⿱亠几	0	0	コウ	たかぶる		キョウ	u	4	
亰	⿱亠⿱日小	0	0	キョウ ケイ キン	みやこ		ゲン	u	9	⿱𣅀小
亳	⿱⿳亠口冖乇	0	0	ハク			バク	u	10	
亶	⿱㐭旦	0	0	タン セン	あつ.い ほしいまま		テン ゼン	u	13	
从	⿰人人	0	0	ショウ ジュウ ジュ	したが.う したが.える より				4	
仍	⿰亻乃	0	0	ジョウ ニョウ	よ.って しきりに なお よる				4	
仄	⿸厂人	0	0	ソク	ほの.か ほの- ほの.めかす ほの.めく		ショク シキ かたむく	u	4	
仆	⿰亻卜	0	0	フ	たお.れる		ホク	u	4	
仂	⿰亻力	0	0	ドウ リュク リキ ロク	はたら.く		リョク	u	4	
仗	⿰亻丈	0	0	ジョウ チョウ	つえ つわもの まわり よる				5	
仞	⿰亻刃	0	0	ジン	はか.る				5	
仭	⿰亻刄	0	0	ジン	はか.る		ニン ひろ	u	5	
仟	⿰亻千	0	0	セン	ち かしら				5	
价	⿰亻介	0	0	カイ					6	
伉	⿰亻亢	0	0	コウ	たぐ.い なら.ぶ				6	
佚	⿰亻失	0	0	イツ テツ	たのし.む のが.れる		イチ デチ	u	7	
估	⿰亻古	0	0	コ	あきな.う あた.い				7	
佛	⿰亻弗	10	0	ブツ フツ	ほとけ	さらぎ	ホツ ヒツ ボチ ビチ	u	7	
佝	⿰亻句	0	0	コウ ク	せむし				7	
佗	⿰亻它	0	0	タ イ	わび.しい わび ほか わ.びる		ダ	u	7	
佇	⿰亻宁	0	0	チョ	たたず.む				7	
佶	⿰亻吉	0	0	キツ キチ			ゴチ	u	8	
侈	⿰亻多	0	0	シ	おご.る		イ シャ セ	u	8	
侏	⿰亻朱	0	0	シュ			チュ チュウ	u	8	
侘	⿰亻宅	0	0	タ	わび.しい ほこ.る わ.びる		わび	u	8	
佻	⿰亻兆	0	0	チョウ ジョウ ヨウ	かる.い				8	
佩	⿰亻𫥞	0	0	ハイ	は.く お.びる おびだま				8	
佰	⿰亻百	0	0	ヒャク ハク	おさ		バク	u	8	
侑	⿰亻有	9	0	ユウ ウ	すす.める たす.ける	あつむ すすむ ゆき ゆ			8	
佯	⿰亻羊	0	0	ヨウ	いつわ.る				8	
來	⿻木从	10	0	ライ タイ	く.る きた.る きた.す き.たす		リョク リキ	u	8	
侖	⿱亼𠕁	0	0	リン ロン	おも.う				8	⿱⿵𠆢一𠕁
儘	⿰亻盡	0	0	ジン	まま ことごとく		シン	u	16	
俔	⿰亻見	0	0	ケン	たと.える うかが.う		ゲン	u	9	
俟	⿰亻矣	0	0	シ	ま.つ		キ	u	9	
俎	⿰仌且	0	0	ソ ショ	いた まないた				9	
俘	⿰亻孚	0	0	フ	とりこ				9	
俛	⿰亻免	0	0	フ ベン メン	ふ.せる				9	⿰亻⿱⺈⿸⿻口丿乚
俑	⿰亻甬	0	0	ヨウ トウ ユウ			ユ ツ	u	9	
俚	⿰亻里	0	0	リ	いや.しい				9	
俐	⿰亻利	9	0	リ	かしこ.い				9	
俤	⿰亻弟	0	0		おもかげ	てい			9	
俥	⿰亻車	0	0		くるま				9	
倚	⿰亻奇	0	0	イ キ	よ.る たの.む				10	
倨	⿰亻居	0	0	キョ コ	おご.る				10	
倔	⿰亻屈	0	0	クツ	つよ.い				10	
倪	⿰亻兒	0	0	ゲイ ガイ	きわ		ゲツ	u	10	
倥	⿰亻空	0	0	コウ	ぬか.る		ク	u	10	
倅	⿰亻卒	0	0	サイ ソツ ソチ	せがれ		セ	u	10	
伜	⿰亻卆	0	0	サイ ソツ ソチ	せがれ				6	
俶	⿰亻叔	0	0	シュク テキ	はじめ よい				10	
倡	⿰亻昌	0	0	ショウ	とな.える わざおぎ				10	
倩	⿰亻靑	0	0	セン セイ	つらつら うつく.しい		ショウ	u	10	
倬	⿰亻卓	0	0	タク			チョク	u	10	
俾	⿰亻卑	0	0	フ ヒ ヘイ	かしずく しむ				10	⿰亻⿱⿱㇒⿻日丿十
俯	⿰亻府	0	0	フ	ふ.す うつむ.く ふ.せる				10	
們	⿰亻門	0	0	モン	ともがら		ボン メン	u	10	
倆	⿰亻兩	0	0	リョウ	たくみ				10	
偃	⿰亻匽	0	0	エン	ふ.せる		ふす	u	11	
假	⿰亻叚	0	0	カ ケ	かり かり.る				11	
會	⿱亼𭥴	0	0	カイ エ	あ.う あ.わせる あつ.まる	あい	カツ カチ	u	13	⿱⿵𠆢一𭥴
偕	⿰亻皆	0	2466	カイ	ともに		ともにする	u	11	
偐	⿰亻彥	0	0	ゲン ガン					11	⿰亻彦
偈	⿰亻曷	0	0	ゲ ケツ ケイ	いこ.う		ゲチ	u	11	
做	⿰亻故	0	0	サ サク ソ	な.す つく.る				11	
偖	⿰亻者	0	0	シャ	さて				11	⿰亻⿻者丶
偬	⿰亻怱	0	0	ソウ	くる.しむ		ス	u	11	
偸	⿰亻兪	0	0	ツ トウ チュウ	ぬす.む				11	
傀	⿰亻鬼	0	0	カイ	おおき.い		キ ケ	u	12	
傚	⿰亻效	0	0	コウ	なら.う		ゴウ	u	12	
傅	⿰亻尃	0	0	フ	かしず.く つく もり	でん	ブ	u	12	
傴	⿰亻區	0	0	ク ウ	かが.む せむし				13	
傲	⿰亻敖	8	0	ゴウ	おご.る あなど.る				13	
僉	⿳亼吅从	0	0	セン	みな				13	⿳⿵𠆢一吅从
僊	⿰亻⿱䙲巳	0	0	セン					13	⿰亻䙴
傳	⿰亻專	10	0	テン デン	つた.わる つた.える つた.う つて				13	
僂	⿰亻婁	0	0	ロウ ル	かが.む		リュウ	u	13	
僖	⿰亻喜	0	0	キ	よろこ.ぶ				14	
僞	⿰亻爲	10	0	ギ カ	いつわ.る いつわ.り にせ		イ ガ キ	u	14	
僥	⿰亻堯	0	0	ギョウ キョウ					14	
僭	⿰亻朁	0	0	シン セン	せん.する おご.る				14	
僣	⿰亻替	0	0	シン セン	せん.する おご.る		テツ テチ	u	14	
僮	⿰亻童	0	0	トウ ドウ	しもべ わらべ		ズ	u	14	
價	⿰亻賈	10	0	カ ケ	あたい				15	
僵	⿰亻畺	0	0	キョウ	たお.れる		コウ たおす	u	15	
儉	⿰亻僉	10	0	ケン	つま.しい つづまやか		ゲン	u	15	
儁	⿰亻雋	0	0	シュン	すぐ.れる				14	
儂	⿰亻農	0	0	ドウ ノウ	わし かれ		ヌ	u	15	
儖	⿰亻監	0	0	ラン					17	
儕	⿰亻齊	0	0	セイ サイ	ともがら		ザイ	u	16	
儔	⿰亻壽	0	0	チュウ ジュ	ともがら		トウ ドウ	u	16	
儚	⿰亻夢	0	0	ボウ モウ	はかな.い くら.い		ビョウ ミョウ ム	u	15	
儡	⿰亻畾	0	0	ライ			ギ	u	17	
儺	⿰亻難	0	0	ナ ダ	おにやらい				21	
儷	⿰亻麗	0	0	レイ	つれあい ならぶ		ライ リ	u	21	
儼	⿰亻嚴	0	0	ゲン	いかめ.しい おごそか		ゴン	u	22	
儻	⿰亻黨	0	0	トウ	あるいは すぐ.れる もし				22	
儿	⿰丿乚	0	0	ジン ニン	がい		カイ ひとあし	u	2	
兀	⿱一儿	0	0	コツ			ゴツ ゴチ	u	3	
兒	⿱臼儿	10	0	ジ ニ ゲイ	こ	ちご			8	
兌	⿱八兄	0	0	ダ エイ エツ タイ	よろこ.ぶ	で	タツ ダチ エチ ダイ	u	7	⿱㕣儿
兔	⿷免丶	0	0	ト ツ	うさぎ				8	⿷⿱⺈⿸⿻口丿乚丶
兢	⿰克克	0	0	キョウ	おそ.れる つつ.しむ		コウ ゴウ	u	14	
竸	⿰竟竟	0	0	キョウ ケイ	きそ.う せ.る くら.べる				22	
兩	⿱一⿻巾𠓜	0	0	リョウ	ふたつ				8	⿻丅⿵冂𠓜
兪	⿱𠓛⿰⿵⺆⺀巜	0	0	ユ	しかり		シュ ユウ	u	9	⿱⿵入一⿰⿵冂⺀巜
兮	⿱八丂	0	0	ケイ			ゲイ	u	4	
冀	⿱北異	0	0	キ	こいねが.う こいねが.わくは				16	
冂		0	0	キョウ ケイ			ギョウ えんがまえ	u	2	
囘	⿵冂巳	0	0	カイ エ	まわ.る まわ.す もとお.る か.える				5	
册	⿻⿰⺆⺆一	0	0	サツ サク	ふみ				5	
冉	⿻冂土	0	0	ゼン ネン	あや.うい				5	
冏	⿵冂⿱儿口	0	0	ケイ キョウ ソウ	あきらか				7	
冑	⿱由冃	0	0	チュウ	かぶと よろい		ジュウ	u	9	
冓	⿱𠀎冉	0	0	コウ	かま.える		ク	u	10	
冕	⿱冃免	0	0	ベン メン	かんむり				11	⿱冃⿱⺈⿸⿻口丿乚 ⿱⺜免
冖		0	0	ベキ			ミャク わかんむり	u	2	
冤	⿱冖兔	0	2382	エン			オン	u	10	⿱冖⿷⿱刀⿸⿻口丿乚丶
冦	⿱冖⿺元攴	0	0	コウ	あだ.する				10	
冢	⿱冖豖	0	0	チョウ	つか おお.う		チュ	u	10	
冩	⿱冖舄	0	0	シャ	うつ.す うつ.る		ソ	u	14	
冪	⿱冖幕	0	0	ベキ			ミャク	u	15	
冫	⿱丶㇀	0	0	ヒョウ	こおり		にすい	u	2	
决	⿰冫夬	0	0	ケチ ケツ	き.める き.まる さ.く				6	
冱	⿰冫互	0	0	ゴ コ	さ.える こお.る ひ.える				6	
冲	⿰冫中	0	0	チュウ	おき おきつ ちゅう.する わく		ジュ ズ トウ	u	6	
冰	⿰冫水	0	0	ヒョウ	こおり ひ こお.る		ギョウ ゴウ	u	6	
况	⿰冫兄	0	0	キョウ	まし.て いわ.んや おもむき				7	
冽	⿰冫列	0	0	レツ レイ	きよ.い		レチ	u	8	
凅	⿰冫固	0	0	コ カク	か.れる か.らす こお.る		ク	u	10	
凉	⿰冫京	10	0	リョウ	すず.しい すず.む すず.やか うす.い				10	
凛	⿰冫禀	9	0	リン	きびし.い				15	
几	⿰丿㇈	0	0	キ	きにょう		つくえ	u	2	
處	⿸虍処	0	0	ショ	ところ -こ お.る		キョ	u	11	
凩	⿵几木	0	0		こがらし				6	
凭	⿱任几	0	0	ヒョウ ヘイ	もた.れる よ.る		ビョウ	u	8	
凰	⿵几皇	9	0	コウ オウ	おおとり				11	
凵		0	0	カン			ケン コン かんにょう うけばこ	u	2	
凾	⿶凵⿻了叹	0	0	カン	はこ い.れる				9	⿶凵⿸⿹了口又
刄	⿻刀乀	0	0	ジン ニン	は やいば き.る				3	
刋	⿰千刂	0	0	カン セン	き.る けず.る				5	⿰⿻⿱㇒一丿刂
刔	⿰夬刂	0	0	ケツ	えぐ.る		ケチ	u	6	
刎	⿰勿刂	0	0	フン	は.ねる くびは.ねる		ブン モン たつ	u	6	
刧	⿰去刀	0	0	コウ ゴウ キョウ	おびや.かす				7	
刪	⿰冊刂	0	0	サン	けず.る				7	
刮	⿰舌刂	0	0	カツ	こそ.げる けず.る				8	
刳	⿰夸刂	0	0	コ	く.る えぐ.る		コウ ク	u	8	
刹	⿰杀刂	8	0	セチ セツ サツ					8	
剏	⿰并刄	0	0	ソウ ショウ	はじ.める				9	⿰并刃
剄	⿰巠刂	0	0	ケイ	くびき.る		キョウ	u	9	
剋	⿺克刂	0	0	コク	かつ				9	
剌	⿰束刂	0	0	ラツ	もと.る		シ さす	u	9	
剞	⿰奇刂	0	0	キ	きざ.む		イ	u	10	
剔	⿰易刂	0	0	テキ テイ	えぐ.る そ.る		セキ くじる	u	10	
剪	⿱前刀	0	0	セン	き.る つ.む		たつ	u	11	⿱⿱䒑⿰⿵冂⺀刂刀
剴	⿰豈刂	0	0	ガイ カイ					12	
剩	⿰乘刂	10	0	ジョウ	あまつさえ あま.り あま.る				12	
剳	⿰荅刂	0	0	トウ サツ チョウ	さ.す				11	
剿	⿰巢刂	0	0	ソウ ショウ			かすめる	u	13	
剽	⿰票刂	0	0	ヒョウ	おびや.かす さす				13	
劍	⿰僉刂	10	0	ケン	つるぎ				15	
劔	⿰僉刄	0	0	ケン	つるぎ				16	
劒	⿰僉刃	0	0	ケン	つるぎ				16	
剱	⿰㑒刄	0	0	ケン	つるぎ				11	⿰㑒刃
劈	⿱辟刀	0	0	ヘキ ヒャク	つんざ.く さく				15	
劑	⿰齊刂	0	0	ザイ スイ セイ	かる けず.る		まぜる	u	16	
辨	⿲辛⿰丶丿辛	0	0	ベン ヘン	わきま.える わ.ける はなびら あらそ.う		ハン	u	16	
辧	⿲辛刀辛	0	0	ベン ヘン	わきま.える わ.ける はなびら あらそ.う				16	⿴辡刀
劬	⿰句力	0	0	ク	つか.れる		グ	u	7	
劭	⿰召力	0	0	ショウ	つと.める		キョウ	u	7	
劼	⿰吉力	0	0	カツ ケチ			キツ キチ	u	8	
劵	⿱𠔉力	0	0	ケン	てがた わりふ		ゲン	u	8	⿱龹力
勁	⿰巠力	9	0	ケイ	つよ.い		キョウ	u	9	
勍	⿰京力	0	0	ケイ	つよ.い		ギョウ	u	10	
勗	⿱日助	0	0	キョク ボウ	つと.める				11	⿱曰助
勞	⿱𤇾力	0	0	ロウ	ろう.する いたわ.る いた.ずき ねぎら.う				12	
勣	⿰責力	0	0	セキ シャク	いさお つむ.ぐ				13	
勦	⿰巢力	0	0	ソウ ショウ			ジョウ	u	13	
飭	⿰𩙿⿱𠂉力	0	0	チョク チキ	いまし.める ただ.す				13	⿰𩙿𱐩
勠	⿰翏力	0	0	リク	あわ.せる		リュウ リョウ ロク ル	u	13	
勳	⿰熏力	10	0	クン	いさお	いさ			16	
勵	⿰厲力	0	0	レイ	はげ.む はげ.ます				16	
勸	⿰雚力	0	0	カン ケン	すす.める				19	
勹	⿰㇒𠃌	0	0	ホウ	つつ.む		ヒョウ つつみがまえ	u	2	
匆	⿻勿丶	0	0	ソウ	いそが.しい				5	
匈	⿹勹凶	0	0	キョウ			ク	u	6	
甸	⿹勹田	0	0	デン テン	かり		ジョウ ショウ ヨウ セイ	u	7	
匍	⿹勹甫	0	0	ホ	は.う		フ ブ	u	9	
匐	⿹勹畐	0	0	ホク フク			ボク	u	11	
匏	⿰夸包	0	0	ホ ホウ	ひさご		ビョウ	u	11	⿰夸⿹勹巳
匕	⿺乚丿	0	0	ヒ	さじ		さじのひ	u	2	
匚		0	0	ホウ			ボウ はこがまえ	u	2	
匣	⿷匚甲	0	0	コウ	はこ		ゴウ	u	7	
匯	⿷匚淮	0	0	キ エ カイ ワイ	がい めぐ.る				13	
匱	⿷匚貴	0	0	キ	ひつ		ギ	u	14	
匳	⿷匚僉	0	0	レン	くしげ はこ				15	
匸		0	0	ケイ			ゲイ かくしがまえ	u	2	
區	⿷匚品	0	0	ク オウ コウ			オ キュウ	u	11	
卆	⿱九十	0	0	ソツ シュツ	そっ.する お.える お.わる ついに				4	
卅	⿻川一	0	0	ソウ	さんじゅう				4	
丗	⿻廿丨	0	0	セイ セ ソウ	よ さんじゅう		ジュウ	u	5	
卉	⿱十廾	0	0	キ ケ	くさ		クツ	u	5	
卍		0	0	バン マン	まんじ				6	
凖	⿱准十	0	0	ジュン	じゅん.じる じゅん.ずる なぞら.える のり		ひとしい	u	12	
卞	⿱丶下	0	0	ベン ヘン ハン					4	
卩		0	0	セツ	わりふ		セチ ふしづくり	u	2	
卮	⿸𠂋㔾	0	0	シ	さかずき		キ	u	5	
夘	⿰夕卩	0	0	ボウ モウ	う	たかき	ミョウ	u	5	
卻	⿰𧮫卩	0	0	キャク	かえ.って しりぞ.く しりぞ.ける		カク	u	9	⿰谷卩
卷	⿱𠔉㔾	10	0	カン ケン	ま.く まき		ゲン コン	u	8	⿱龹㔾
厂	⿱一丿	0	0	カン	かりがね		ゲン ゴン がんだれ	u	2	
厖	⿸厂尨	0	0	ボウ	おおき.い		モウ	u	9	
厠	⿸厂則	0	0	シ ショク	かわや				11	
厦	⿸厂夏	0	2381	カ サ	いえ		シャ	u	12	
厥	⿸厂欮	0	0	ケツ クツ	その それ		カチ クチ	u	12	
厮	⿸厂斯	0	0	シ	こもの				14	
厰	⿸厂敞	0	0	ショウ					14	
厶	⿰𠃋丶	0	0	シ ボウ ム	わたくし ござ.る		モ コウ	u	2	
參	⿱𠫯彡	0	0	サン シン	まい.る まじわる みつ				11	⿱厽㐱
簒	⿱𮅕么	0	0	サン セン	うば.う				17	
雙	⿱雔又	0	0	ソウ	たぐい ならぶ ふたつ ふた-				18	
叟	⿱⿻臼丨又	0	0	ソウ シュウ	おきな		ショウ シン	u	10	⿱⿻𦥑丨又 ⿱𦥔又
曼	⿳日罒又	0	2395	マン バン	なが.い				11	
燮	⿱⿲火言火又	0	0	ショウ			やわらげる	u	17	⿶𱑺言
叮	⿰口丁	0	0	テイ			チョウ	u	5	
叨	⿰口刀	0	0	トウ	みだりに				5	
叭	⿰口八	0	0	ハツ			ハチ ハ	u	5	
叺	⿰口入	0	0		かます		セキ	u	5	
吁	⿰口于	0	0	ク ウ	ああ		キョ コ	u	6	
吽	⿰口牛	0	0	コウ ウン イン オン	ほえ.る		ゴウ	u	7	
呀	⿰口牙	0	0	ガ カ	あ		ケ	u	8	
听	⿰口斤	0	0	キン	ポンド わら.う		ギン テイ チョウ ギツ	u	7	
吭	⿰口亢	0	0	コウ	のど		ゴウ	u	7	
吼	⿰口孔	0	0	コウ ク	ほ.える				7	
吮	⿰口允	0	0	セン シュン	す.う		エン ジュン	u	7	
吶	⿰口內	0	0	トツ	ども.る		ドツ ジュツ デツ ナチ	u	7	
吩	⿰口分	0	0	フン	ふ.く				7	
吝	⿱文口	0	0	リン	しわ.い やぶさ.か おし.む				7	
呎	⿰口尺	0	0	シャク	ふいいと		セキ フィート	u	7	
咏	⿰口永	0	0	エイ	よ.む うた.う		ヨウ	u	8	
呵	⿰口可	0	0	カ	か.す しか.る わら.う		ガ ア	u	8	
咎	⿱处口	0	0	キュウ コウ	とが.める とが		ク	u	8	⿱⿺夂人口
呟	⿰口玄	0	0	ゲン	つぶや.く		ケン	u	8	
呱	⿰口瓜	0	0	コ			ク ワ	u	9	
呷	⿰口甲	0	0	コウ	あお.る す.う				8	
呰	⿱此口	0	0	シ サ			ジ セキ シャク セイ	u	9	
咒	⿱吅几	0	0	ジュ シュ シュウ	まじな.う のろ.い まじない のろ.う				8	
呻	⿰口申	0	0	シン	うめ.く うめき				8	
咀	⿰口且	0	0	ソ ショ	か.む		ジョ	u	8	
呶	⿰口奴	0	0	ド ドウ	かまびす.しい		ニョウ ダ ナ	u	8	
咄	⿰口出	0	0	トツ	はなし しか.る	はな	タツ トチ タチ はなす	u	8	
咐	⿰口付	0	0	フ ホ			ブ	u	8	
咆	⿰口包	0	0	ホウ	ほ.える		ビョウ	u	8	⿰口⿹勹巳
哇	⿰口圭	0	0	ア アイ エ ワ	かい けい		ケ	u	9	
咢	⿱吅亏	0	0	ガク	おどろく				9	
咸	⿵戌口	0	2345	カン ゲン		みな しげ	ゴン	u	9	⿵戊𠮛
咥	⿰口至	0	0	テツ キ	か.む くわ.える		ケ ギチ チチ デチ	u	9	
咬	⿰口交	0	0	コウ ヨウ	か.む		オウ ゴウ カイ ギョウ	u	9	
哄	⿰口共	0	0	コウ			キョウ グ ク	u	9	
哈	⿰口合	0	0	ゴウ ハ ソウ			コウ トウ カ	u	9	
咨	⿱次口	0	0	シ	ああ はか.る				9	
咫	⿺尺只	0	0	シ	た				9	
哂	⿰口西	0	0	シン	わら.う				9	
咤	⿰口宅	0	0	タ ト	しか.る		ツ タク	u	9	
咾	⿰口老	0	0	ロウ					9	
咼	⿵冎口	0	0	カイ ケ クウ カ	よこしま くちがゆがむ ゆが.む				9	
哘	⿰口行	0	0		さそ.う		さそ	u	9	
哥	⿱可可	0	0	カ コ	あに うた		うたう	u	10	
哦	⿰口我	0	0	ガ			うたう よむ	u	10	
唏	⿰口希	0	0	キ	なげ.く		ケ カイ なく	u	10	
唔	⿰口吾	0	0	ゴ					10	
哽	⿰口更	0	0	コウ	むせ.ぶ		キョウ オウ ヨウ	u	10	
哮	⿰口孝	0	0	コウ	た.ける ほ.える		カク キョウ	u	10	
哭	⿱吅犬	0	0	コク	なげ.く な.く				10	
哺	⿰口甫	8	2461	ホ	はぐく.む ふく.む		ブ フ	u	10	
哢	⿰口弄	0	0	ロウ	さえず.る		ル	u	10	
唹	⿰口於	0	0	オ			ヨ	u	11	
啀	⿰口厓	0	0	ガイ	いがむ		ゲ	u	11	
啣	⿰口卸	0	0	カン	くわ.える くつわ				12	
啌	⿰口空	0	0	クウ コウ					11	
售	⿱隹口	0	0	シュウ	う.る		ジュ シュク ジュク	u	11	
啜	⿰口叕	0	0	セツ テツ	すす.る		セイ テイ エイ テチ	u	11	
啅	⿰口卓	0	0	タク トウ			チョク サク チョウ	u	11	
啖	⿰口炎	0	0	タン	く.う くらわ.す		ダン くらう	u	11	
啗	⿰口臽	0	0	タン	く.らわす く.う く.らう		ダン	u	11	
唸	⿰口念	0	0	テン	うな.る うなり				11	
唳	⿰口戻	0	0	レイ	れつ		ライ レチ	u	10	⿰口戾
啝	⿰口和	0	0	ワ	したが.う		カ	u	11	
喙	⿰口彖	0	0	カイ	がい くちばし		ケ セイ セ ケイ	u	12	
喀	⿰口客	0	0	カク	は.く		キャク	u	12	
咯	⿰口各	0	0	カク	は.く		ラク	u	9	
喊	⿰口咸	0	0	カン ヤク	さけ.ぶ				12	
喟	⿰口胃	0	0	キ カイ	なげ.く		ケ	u	12	
啻	⿱帝口	0	0	シ	ただ.ならぬ ただ.に		テイ タイ ただ	u	12	
啾	⿰口秋	0	0	シュウ	な.く		シュ ショウ ソウ ジュウ	u	12	
喘	⿰口耑	0	2449	ゼン セン	あえ.ぐ せき				12	
喞	⿰口卽	0	0	ショク ソク	かこ.つ		シツ シチ	u	12	
單	⿱吅⿻甲一	10	0	タン	ひとえ		セン ゼン ダン ひとつ	u	12	
啼	⿰口帝	0	0	テイ	な.く		ダイ	u	12	
喃	⿰口南	0	0	ナン	の.う		ダン	u	12	
喩	⿰口兪	8	0	ユ	たと.える さと.す		ジュ さとる	u	12	
喇	⿰口剌	0	0	ラツ ラ			ラチ	u	12	
喨	⿰口亮	0	0	リョウ ロウ					12	
嗚	⿰口烏	0	0	ウ オ	ああ				13	
嗅	⿰口臭	8	2480	キュウ	か.ぐ		ク	u	13	⿰口⿱自犬
嗟	⿰口差	0	0	サ シャ	あ ああ なげ.く				13	
嗄	⿰口夏	0	0	サ	か.らす か.れる しゃが.れる		シャ ワイ アイ エ	u	13	
嗜	⿰口耆	0	2465	シ	たしな.む たしな.み この.む この.み		ジ	u	13	
嗤	⿰口蚩	0	0	シ	わら.う				13	
嗔	⿰口眞	0	0	シン	いか.る		テン デン	u	13	⿰口真
嘔	⿰口區	0	0	オウ ク	は.く むかつ.く うた.う		オ ウ シュ	u	14	
嗷	⿰口敖	0	0	ゴウ	かまびす.しい				14	
嘖	⿰口責	0	0	サク	さいな.む さけ.ぶ		ジャク	u	14	
嗾	⿰口族	0	0	ゾク ソク ソウ	けしか.ける そそのか.す		シュ サ	u	14	
嗽	⿰口欶	0	0	ソウ シュウ ソク	すす.ぐ ゆす.ぐ くちすす.ぐ うがい		サク シュ すう せく	u	14	
嘛	⿰口麻	0	0	マ					14	⿰口⿸广𣏟
嗹	⿰口連	0	0	レン	おしゃべり				14	
噎	⿰口壹	0	0	イツ エツ	む.せる むせ.ぶ		エイ アイ イチ エチ	u	15	
噐	⿳吅工吅	0	0	キ	うつわ				15	⿴㗊工
營	⿱𤇾吕	0	0	エイ	いとな.む いとな.み		ヨウ ギョウ ケイ	u	17	⿱𤇾呂
嘴	⿰口觜	0	0	シ	くちばし はし				16	
嘶	⿰口斯	0	0	セイ	いなな.く		サイ	u	15	
嘲	⿰口朝	8	0	チョウ トウ	あざけ.る				15	
嘸	⿰口無	0	0	ブ ム	さぞ さぞや さぞかし		フ	u	15	
噫	⿰口意	0	0	イ アイ オク	ああ おくび		エ ヨク オキ	u	16	
噤	⿰口禁	0	0	キン	つぐ.む		ゴン	u	16	
嘯	⿰口肅	0	0	ショウ シツ	うそぶ.く		シュク シチ	u	16	
噬	⿰口筮	0	0	ゼイ	か.む		セイ エイ	u	16	
噪	⿰口喿	0	0	ソウ	さわ.ぐ				16	
嚆	⿰口蒿	0	0	コウ	さけ.ぶ		キョウ	u	16	
嚀	⿰口寧	0	0	ネイ ニョウ			デイ	u	17	
嚊	⿰口鼻	0	0	ヒ	かかめ かかあ はないき		キ かか	u	17	⿰口⿱自畀
嚠	⿰口劉	0	0	リュウ ル					18	
嚔	⿰口𤴡	0	0	テイ	くしゃみ くさめ くさみ はな.ひる		タイ チ	u	17	
嚏	⿰口疐	0	0	テイ	くしゃみ くさめ くさみ はな.ひる				17	
嚥	⿰口燕	0	0	エン	の.む				19	
嚮	⿱鄕向	0	0	コウ キョウ	さきに むか.う				19	⿱鄉向
嚶	⿰口嬰	0	0	オウ	な.く		ヨウ	u	20	
嚴	⿱吅𠪚	10	0	ゲン ゴン	おごそ.か きび.しい いか.めしい いつくし		ガン	u	20	⿸⿱吅厂敢
囂	⿳吅頁吅	0	0	ゴウ キョウ	かしま.しい かまびす.しい				21	
嚼	⿰口爵	0	0	シャク	か.む		ザク ショウ ジョウ	u	21	
囁	⿰口聶	0	0	ショウ	ささや.く		ニョウ ジョウ セツ	u	21	
囃	⿰口雜	0	2275	サツ ソウ	はや.す はやし				21	
囀	⿰口轉	0	0	テン	さえず.る				21	
囈	⿰口藝	0	0	ゲイ			うわごと	u	21	
囎	⿰口贈	0	0	ソ	しょう				22	
囑	⿰口屬	0	0	ショク	しょく.する たの.む		ソク	u	24	
囓	⿰口齧	0	0	ゲツ ケツ	かじ.る か.む				24	
囗		0	0	イ コク			くにがまえ	u	3	
囮	⿴囗化	0	0	カ ユウ	おとり		ガ ウ	u	7	
囹	⿴囗令	0	0	レイ			リョウ	u	8	
圀	⿴四方	0	0	コク	くに	こつ			9	
囿	⿴囗有	0	0	ユウ	その		イク ウ	u	9	
圄	⿴囗吾	0	0	ゴ ギョ	ひとや				10	
圉	⿴囗幸	0	0	ギョ ゴ	うまか.い ひとや				11	
圈	⿴囗卷	10	0	ケン	かこ.い		ゲン ガン ゴン カン	u	11	
國	⿴囗或	10	0	コク	くに	こ			11	
圍	⿴囗韋	0	0	イ	かこ.む かこ.う かこ.い				13	
圓	⿴囗員	10	0	エン	まる.い まる まど まど.か	つぶら	オン ウン	u	13	
團	⿴囗專	10	0	ダン トン	かたまり まる.い		タン セン ゼン ドン	u	14	
圖	⿴囗啚	0	0	ズ ト	え はか.る				14	
嗇	⿱⿻土从回	0	0	ショク	やぶさ.か おし.む		シキ	u	13	
圜	⿴囗睘	0	0	カン エン	まる.い めぐ.る		オン ゲン ケン セン	u	16	
圦	⿰土入	0	0		いり				5	
圷	⿰土下	0	0		あくつ				6	
圸	⿰土山	0	0		まま				6	
坎	⿰土欠	0	0	カン	あな		コン	u	7	
圻	⿰土斤	0	0	キ ギン	さか.い		ゲ ゴン	u	7	
址	⿰土止	0	0	シ	あと				7	
坏	⿰土不	0	0	ハイ	つき おか		カイ ヘ	u	7	
坩	⿰土甘	0	0	カン	つぼ				8	
埀	⿳丿⿻⿻二丨北一	0	0	スイ	た.れる た.らす なんなんと.す				10	⿱𫡙一
垈	⿱代土	0	0	タイ ダイ	ぬた				8	
坡	⿰土皮	0	0	ハ ヒ	つつ.み				8	
坿	⿰土付	0	0	フ			ブ	u	8	
垉	⿰土包	0	0	ホウ			くずれる	u	8	⿰土⿹勹巳
垓	⿰土亥	0	0	ガイ カイ	はて				9	
垠	⿰土艮	0	0	ギン ゴン	きし さか.い		コン かぎり	u	9	
垳	⿰土行	0	0		がけ いげ いけ				9	
垤	⿰土至	0	0	テツ	ありづか		デチ チツ ジチ	u	9	
垪	⿰土并	0	0	ハ					9	
垰	⿰土𠧗	0	0		たわ とうげ たお あくつ				9	
埃	⿰土矣	0	0	アイ	ほこり ちり		チ ジ	u	10	
埆	⿰土角	0	0	カク	きそ.う		ガク	u	10	
埔	⿰土甫	0	0	ホ					10	
埒	⿰土寽	0	0	レツ ラツ ラチ	らち.があく かこ.い		レチ	u	10	
埓	⿰土⿱𫜵寸	0	0	レツ ラツ ラチ	らち.があく かこ.い				10	⿰土⿳爫丿寸
堊	⿱亞土	0	0	アク ア オ	いろつち しろつち		ウ	u	11	
埖	⿰土花	0	0		ごみ				10	
埣	⿰土卒	0	0	ソツ			サイ セ ソチ	u	11	
堋	⿰土朋	0	0	ホウ			ボウ ヒョウ ほうむる	u	11	
堙	⿰土垔	0	0	イン	ふさ.ぐ				12	⿰土⿱覀土
堝	⿰土咼	0	0	カ	るつぼ				12	
塲	⿰土𬀷	0	0	ジョウ チョウ	ば				14	
堡	⿱保土	0	0	ホ ホウ	とりで				12	
塢	⿰土烏	0	0	オ ウ					13	
塋	⿱𤇾土	0	0	エイ	はか		ヨウ	u	13	
塰	⿱海土	0	0		あま				13	
毀	⿰⿱臼土殳	8	0	キ	こぼ.つ こわ.す こぼ.れる こわ.れる		そしる やぶる	u	13	⿰𱼭殳
塒	⿰土時	0	0	シ ジ	ねぐら とや とぐろ				13	
堽	⿰土罡	0	0	コウ					12	
塹	⿱斬土	0	0	ザン セン	ほり あな				14	
墅	⿱野土	0	0	ショ ヤ	しもやしき		ジョ	u	14	
墹	⿰土間	0	0		まま				15	
墟	⿰土虛	0	0	キョ	あと		コ おか	u	15	⿰土虚
墫	⿰土尊	0	0	シュン			ソン たる	u	15	
墺	⿰土奧	0	0	オウ イク	きし				16	
壞	⿰土褱	10	0	カイ エ	こわ.す こわ.れる やぶ.る		ケ	u	19	
墻	⿰土嗇	0	0	ショウ	かき				16	
墸	⿰土著	0	0	チョ					15	⿰土⿱艹⿻者丶
墮	⿱隋土	0	0	ダ	おち.る くず.す くず.れる		タ キ スイ	u	15	
壅	⿱雍土	0	0	ヨウ	ふさ.ぐ		ユ	u	16	
壓	⿱厭土	0	0	アツ エン オウ	お.す へ.す おさ.える		ヨウ ジョウ ニョウ	u	17	
壑	⿱㕡土	0	0	ガク カク	たに				17	
壗	⿰土盡	0	0		まま				17	
壙	⿰土廣	0	0	コウ	あな				18	
壘	⿱畾土	10	0	ルイ ライ スイ	とりで		キ リツ リチ	u	18	
壥	⿰土㕓	0	0	テン			みせ やしき	u	20	
壜	⿰土曇	0	0	ドン タン	びん				19	
壤	⿰土襄	0	0	ジョウ	つち		ニョウ	u	20	
壟	⿱龍土	0	0	ロウ リョウ	おか うね つか		リュ ル	u	19	
壯	⿰爿士	10	0	ソウ	さかん	たけし	ショウ	u	7	
壺	⿱士⿳冖⑥一	0	0	コ	つぼ		ゴ	u	12	
壹	⿳士冖豆	0	0	イチ イツ	ひとつ	い	イン	u	12	⿴⿱⿱士冖䒑𠮛
壻	⿰士胥	0	0	セイ	むこ		サイ	u	12	⿰土胥
壼	⿳士冖亞	0	0	コン			キン	u	13	
壽	⿳⿳士乛工一吋	10	0	ジュ ス シュウ	ことぶき ことぶ.く ことほ.ぐ	かず じ とし ひさ ひさし			14	
夂		0	0	チ	しゅう		シュ ふゆがしら	u	3	
夊		0	0	スイ	ゆき		すいにょう	u	3	
夐	⿳⿱𠂊𠔿目夂	0	0	ケイ ケン	はるか		キョウ	u	14	⿱⿱⺈⿵冂人𡕥
夛	⿱彐夕	0	0	タ	おお.い まさ.に まさ.る				6	
梦	⿱林夕	0	0	ム ボウ	ゆめ ゆめ.みる くら.い				11	
夥	⿰果多	0	0	カ ワ	おびただ.しい		カイ ゲ	u	14	
夬	⿻𠃍大	0	0	カイ ケツ ケチ	わ.ける		ケ	u	4	
夭	⿱丿大	0	0	ヨウ オウ カ	わか.い わかじに わざわい		ヤ ヨク オク ワイ	u	4	
夲	⿱大十	0	0	ホン	もと		トウ	u	5	
夸	⿱大亏	0	0	コ カ	ほご.る		ケ ク おごる	u	6	
夾	⿻大从	0	0	キョウ コウ	はさ.む				7	
竒	⿱⿱亠丷可	0	0	キ	く.しき あや.しい くし.くも めずら.しい		くし	u	9	
奕	⿱亦大	0	0	エキ ヤク					9	
奐	⿳𠂊𦉪大	0	0	カン	あき.らか				9	⿱⿱⺈𦉪大
奎	⿱大圭	9	0	ケイ キ			ケ	u	9	
奚	⿱爫𡗞	0	0	ケイ	なんぞ		ゲイ	u	10	
奘	⿱壯大	0	0	ジョウ ソウ	さかん		ゾウ	u	10	
奢	⿱大者	0	0	シャ	おご.る おご.り				12	⿱大⿻者丶
奠	⿱酋大	0	0	テン デン テイ	さだ.める まつ.る		チョウ ジョウ	u	12	
奧	⿱⿵⿱丿冂釆大	10	0	オウ オク	おく.まる くま		イク ユウ サン	u	13	⿱⿵𰃦釆大
奬	⿱將大	10	0	ショウ ソウ	すす.める				14	
奩	⿱大區	0	0	レン	くしげ はこ				14	
奸	⿰女干	0	0	カン	おか.す		ケン	u	6	
妁	⿰女勺	0	0	シャク	なこうど				6	
妝	⿰爿女	0	0	ソウ ショウ	よそお.う				7	
佞	⿰亻𡚬	0	0	ネイ	おもね.る よこしま		デイ	u	7	⿸仁女
侫	⿰亻妄	0	0	ネイ	おもね.る よこしま		ニョウ	u	8	
妣	⿰女比	0	0	ヒ	なきはは		はは	u	7	
妲	⿰女旦	0	0	ダツ			タツ タチ タン	u	8	
姆	⿰女母	0	0	ボ モ	うば		ボウ	u	8	
姨	⿰女夷	0	0	テイ イ	いもと いもうと おば				9	
姜	⿱𦍌女	0	1915	キョウ ガ	こう	かん			9	
妍	⿰女开	0	0	ケン	うつく.しい				7	
姙	⿰女任	0	0	ニン ジン	はら.む みごも.る				9	
姚	⿰女兆	0	2433	ヨウ チョウ	うつく.しい		トウ ドウ	u	9	
娥	⿰女我	0	0	ガ	みめよ.い				10	
娟	⿰女肙	0	0	エン ケン					10	
娑	⿱沙女	0	0	シャ サ					10	
娜	⿰女那	0	0	ダ ナ					10	
娉	⿰女甹	0	0	ヘイ ホウ	ほ		ヒョウ とう	u	10	
娚	⿰女男	0	0	ナン ノウ ドウ	めおと たわむ.れる				10	
婀	⿰女阿	0	0	ア	あだ あだ.っぽい たおやか				11	
婬	⿰女㸒	0	0	イン	みだれ- ひた.す ほしいまま みだ.ら				11	
婉	⿰女宛	0	0	エン	うつく.しい したが.う		ワン オン	u	11	
娵	⿰女取	0	0	シュ シュウ ス ソウ	よめ				11	⿰女⿸耳又
娶	⿱取女	0	0	シュ	めと.る めあわ.せる		ショ シュウ	u	11	
婢	⿰女卑	0	0	ヒ	はしため		ビ	u	11	⿰女⿱⿱㇒⿻日丿十
婪	⿱林女	0	0	ラン	むさぼ.る				11	
媚	⿰女眉	0	0	ビ	こ.びる	こび	ミ	u	12	
媼	⿰女𥁕	0	0	オウ	おうな		ウン オン オツ オチ	u	13	
媾	⿰女冓	0	0	コウ	よしみ		ク	u	13	
嫋	⿰女弱	0	0	ジョウ ジャク デキ	なよ.やかな しなや.か たお.やか		ダク ニョウ ニョク	u	13	
嫂	⿰女叟	0	0	ソウ	あによめ				13	⿰女⿱⿻臼丨又
媽	⿰女馬	0	0	ボ モ	はは		マ	u	13	
嫣	⿰女焉	0	0	エン			ケン	u	14	
嫗	⿰女區	0	0	ウ オウ	あたた.める おうな		ヨ オ コウ ク	u	14	
嫦	⿰女常	0	0	コウ ジョウ			ショウ	u	14	
嫩	⿰女敕	0	0	ドン ノン	わか.い		ナン	u	14	
嫖	⿰女票	0	0	ヒョウ	かる.い				14	
嫺	⿰女閒	0	0	カン	なら.う みやびやか		ゲン	u	15	
嫻	⿰女閑	0	0	カン	なら.う みやびやか				15	
嬌	⿰女喬	0	0	キョウ	なまめか.しい				15	
嬋	⿰女單	0	0	セン			ゼン	u	15	
嬖	⿱辟女	0	0	ヘイ	きにいり		ヒ	u	16	
嬲	⿲男女男	0	0	ドウ ジョウ	なぶ.る		ノウ ニョウ	u	17	⿴𤲶女
嫐	⿲女男女	0	0	ドウ ジョウ	なぶ.る		ノウ	u	13	⿴奻男
嬪	⿰女賓	0	0	ヒン	ひめ		ビン	u	17	
嬶	⿰女鼻	0	0		かか かかあ				17	⿰女⿱自畀
嬾	⿰女賴	0	0	ラン	おこた.る ものうい				19	
孃	⿰女襄	10	0	ジョウ	むすめ		ニョウ ドウ	u	20	
孅	⿰女韱	0	0	セン	かよわ.い				20	
孀	⿰女霜	0	0	ソウ	やもめ		ショウ	u	20	
孑	⿻了㇀	0	0	ケツ	ひとり		ゲツ キツ キチ	u	3	
孕	⿱乃子	0	0	ヨウ	はら.む	はらみ もと			5	
孚	⿱爫子	0	0	フ	たまご はぐく.む		フウ ブ	u	7	
孛	⿱⿱十冖子	0	0	ハイ ブツ ボツ			ベ ボチ フチ ホツ	u	7	⿱𲓜子
孥	⿱奴子	0	0	ド ヌ	つまこ				8	
孩	⿰子亥	0	0	ガイ カイ	ちのみご				9	
孰	⿰享丸	0	0	ジュク	いずれ たれ		シュク	u	11	
孳	⿱兹子	0	0	ジ シ	う.む しげ.る				12	
孵	⿰卵孚	0	0	フ	かえ.す				14	
學	⿱𦥯子	0	0	ガク	まな.ぶ	さとる	カク コウ キョウ	u	16	
斈	⿱文子	0	0	ガク	まな.ぶ				7	
孺	⿰子需	0	0	ジュ	おさない ちのみご		ニュ	u	17	
宀	⿱丶冖	0	0	ベン メン			うかんむり	u	3	
它	⿱宀匕	0	0	タ	へび		シャ ジャ	u	5	
宦	⿱宀臣	0	0	カン	つかさ		ゲン	u	10	
宸	⿱宀辰	0	0	シン	のき		ジン	u	10	
寃	⿱宀兔	0	0	エン			うらみ	u	11	
寇	⿱宀⿺元攴	0	0	コウ	あだ.する		ク あだ	u	11	⿷完攴
寉	⿱宀隹	0	0		つる				11	
寔	⿱宀是	0	0	ショク	これ じき まことに				12	
寐	⿱宀⿰爿未	0	0	ビ	ね.る		ミ	u	12	⿱宀𱭏 ⿸𪧇未
寤	⿱宀𤕻	0	0	ゴ	さ.める				14	⿸𪧇吾
實	⿱宀貫	10	0	ジツ シツ	み みの.る まこと.に みの.り	さな さね みつ	ジチ シ	u	14	
寢	⿱宀𭷆	10	0	シン	ね.る ね.かす い.ぬ みたまや				14	⿸𪧇𠬶
寞	⿱宀莫	0	0	バク マク	さび.しい				13	
寥	⿱宀翏	0	0	リョウ	さび.しい		レキ ロウ リャク	u	14	
寫	⿱宀舄	0	0	シャ	うつ.す うつ.る		ソ	u	15	
寰	⿱宀睘	0	0	カン			ケン ゲン	u	16	
寶	⿱𡩧貝	0	0	ホウ	たから	たか			20	⿷𡪓缶
寳	⿳宀珎貝	0	0	ホウ	たから	み			19	⿷𡪓尓
尅	⿺克寸	0	0	コク	かつ				10	
將	⿰爿⿱⿴𠂊冫寸	10	0	ショウ ソウ	まさ.に はた ひきい.る もって	まさる	ヨウ	u	11	⿰爿⿱𱼀寸
專	⿱⑧寸	10	0	セン	もっぱ.ら		タン ダン	u	11	
對	⿰⿱业𦍌寸	0	0	タイ ツイ	あいて こた.える そろ.い つれあ.い	つし	むかう	u	14	
尓	⿱𠂉小	0	0	ジ ニ	なんじ しかり その のみ		シ キ ギ しめす	u	5	
尠	⿰甚少	0	0	セン セウ	すくな.い		シュ ショウ	u	13	
尢	⿸𠂇乚	0	0	オウ			ユウ まげあし もっとも	u	3	
尨	⿺尤彡	0	0	ボウ	むくいぬ		モウ ム	u	7	
尸	⿰丿？	0	0	シ	かたしろ		しかばね しかばねかんむり	u	3	
尹	⿻⿻コ一丿	0	2180	イン	おさ ただ.す	ちか	かみ	u	4	⿻⺕丿
屁	⿸尸比	0	0	ヒ	へ				7	
屆	⿸尸凷	0	0	カイ	とど.ける とど.く		ケ	u	8	⿸尸𠙽
屎	⿸尸米	0	0	シ キ	くそ				9	
屓	⿸尸貝	0	0	キ					10	
屐	⿸尸𫹍	0	0	ゲキ ケキ	はきもの				10	⿸⿸尸彳支
屏	⿸尸并	0	2002	ヘイ ビョウ	おお.う しりぞ.く びょう.ぶ		しりぞける	u	9	
孱	⿸尸孨	0	0	セン サン	よわ.い		ゼン	u	12	
屬	⿸尸⿱⿻丨⿱丷八蜀	0	0	ゾク ショク	さかん つく やから				21	⿸尸⿱⿻丨⿰二二蜀 ⿸㞑蜀
屮	⿻凵丿	0	0	テツ サ	ひだりて				3	
乢	⿰山乚	0	0	ガイ	たわ たお				4	
屶	⿱山刀	0	0		なた たな				5	
屹	⿰山乞	0	0	キツ	そばだ.つ		ギツ ゴチ	u	6	
岌	⿱山及	0	0	キュウ	たか.い		ギュウ ゴウ	u	7	
岑	⿱山今	0	0	シン ギン	みね				7	
岔	⿱分山	0	0	タ			サ フン	u	7	
妛	⿳山一女	0	0	シ	あなど.る おろか みにく.い みだる				7	⿳屮一女
岫	⿰山由	0	0	コウ シュウ ユウ	みさき くき みね		ユ	u	8	
岻	⿰山氐	0	0	ジ ニ		し	テイ タイ チ	u	8	
岶	⿰山白	0	0	ハク			ヒャク	u	8	
岼	⿰山平	0	0		ゆり				8	
岷	⿰山民	0	0	ビン ミン					8	
峅	⿰山弁	0	0		くら				8	
岾	⿰山占	0	0		やま はけ				8	
峇	⿱山合	0	0	コウ					9	
峙	⿰山寺	0	2279	ジ	そばだ.つ		チ	u	9	
峩	⿱山我	0	0	ガ	けわ.しい				10	
峽	⿰山夾	10	0	キョウ コウ	はざま	かい			10	
峺	⿰山更	0	0	コ			コウ キョウ	u	10	
峭	⿰山肖	0	0	ショウ	きび.しい けわ.しい				10	
嶌	⿱山鳥	0	1774	トウ	しま				14	
峪	⿰山谷	0	0	ヨク	たに		ユウ	u	10	
崋	⿱山⑦	0	0	カ ク			ゲ	u	10	
崕	⿰山厓	0	0	ガイ	がけ				11	
崗	⿱山岡	0	0	コウ	おか				11	
嵜	⿱山竒	0	0	キ	さき さい みさき		ゲ イ	u	12	
崟	⿱山金	0	0	ギン	みね		ゴン	u	11	
崛	⿰山屈	0	0	クツ	そばだ.つ たか.い		グツ グチ	u	11	
崑	⿱山昆	0	0	コン					11	
崔	⿱山隹	0	1963	ガイ サイ スイ	がけ		セ	u	11	
崢	⿰山爭	0	0	ソウ			ジョウ	u	11	
崚	⿰山夌	9	0	リョウ					11	
崙	⿱山侖	0	0	ロン			リン	u	11	
崘	⿰山侖	0	0	ロン					11	
嵌	⿱山𣢟	0	0	カン	は.める は.まる あな		ガン サン ザン	u	12	
嵒	⿱品山	0	0	ガン	いわ けわ.しい		ギン ゴン ギュウ ゴウ	u	12	
嵎	⿰山禺	0	0	グウ グ	くま		ゴウ	u	12	
嵋	⿰山眉	0	0	ビ			ミ バイ メ	u	12	
嵬	⿱山鬼	0	0	カイ ギ			ガイ ゲ ワイ エ	u	13	
嵳	⿱山差	0	0	サ					13	
嵶	⿰山弱	0	0		たお.やか たわ.む		たお	u	13	
嶇	⿰山區	0	0	ク	けわ.しい				14	
嶄	⿱山斬	0	0	ザン サン			セン ゼン	u	14	
嶂	⿰山章	0	0	ショウ	みね				14	
嶢	⿰山堯	0	0	ギョウ	けわ.しい				15	
嶝	⿰山登	0	0	トウ	さかみち		さか	u	15	
嶬	⿰山義	0	0	ギ					16	
嶮	⿰山僉	0	0	ケン	けわ.しい		ゲン けわし	u	16	
嶽	⿱山獄	0	2135	ガク	たけ	たき			17	
嶐	⿱山隆	0	0	リュ	やまのかたち		リュウ	u	14	
嶷	⿱山疑	0	0	ギョク ギ	さと.い		ゴキ さとし	u	17	
嶼	⿰山與	0	0	ショ	しま		ジョ	u	16	
巉	⿰山毚	0	0	ザン サン					20	
巍	⿱山魏	0	0	ギ	たか.い	たかし	ガイ ゲ	u	21	⿹嵬委
巓	⿱山顚	0	0	テン	いただき				22	
巒	⿱䜌山	0	0	ラン	みね				22	
巖	⿱山嚴	9	0	ガン	いわ いわお けわ.しい	よし	ゴン	u	23	
巛	⿲𡿨𡿨𡿨	0	0	セン	かわ		まがりがわ	u	3	
巫	⿻工从	9	0	フ	みこ かんなぎ		ブ	u	7	
已		9	2140	イ	や.む すで.に のみ はなはだ	み	シ コ キ やめる	u	3	
巵	⿸𠂋巴	0	0	シ	さかずき				7	
帋	⿱氏巾	0	0	シ	かみ				7	
帚	⿳⿻コ一冖巾	0	0	ソウ シュウ	ほうき		シュ	u	8	⿳⺕冖巾
帙	⿰巾失	0	0	チツ	ふまき				8	
帑	⿱奴巾	0	0	トウ ド	かねぐら		ヌ	u	8	
帛	⿱白巾	0	0	ハク	きぬ		ビャク	u	8	
帶	⿳⿻廿儿冖巾	10	0	タイ	お.びる おび				11	
帷	⿰巾隹	0	0	イ	とばり		かたびら	u	11	
幄	⿰巾屋	0	0	アク	とばり				12	
幃	⿰巾韋	0	0	イ キ	とばり				13	
幀	⿰巾貞	0	0	テイ チョウ トウ					12	
幎	⿰巾冥	0	0	ベキ	とばり		ミャク ベン メン ベイ	u	13	
幗	⿰巾國	0	0	カク			カイ キャク ケ	u	14	
幔	⿰巾曼	0	0	マン バン	まく				14	
幟	⿰巾戠	0	0	シ	のぼり				15	
幢	⿰巾童	0	0	トウ	はた		ドウ ジョウ ズ はたぼこ	u	15	
幤	⿱敞巾	0	0	ヘイ	ぬさ		ぜに たから	u	15	
幇	⿱封巾	0	0	ホウ	たす.ける				12	
幵	⿰干干	0	0	ヘイ			ケン ゲン	u	6	
并	⿱丷开	0	0	ヘイ ヒョウ	あわ.せる なら.ぶ				6	
幺	⿰②丶	0	0	ヨウ	ちいさい		ベキ ミャク いとがしら	u	3	
麼	⿸麻幺	0	0	ビ ミ バ マ			モ	u	14	⿸广⿱𣏟幺
广	⿱丶厂	0	0	ゲン			まだれ	u	3	
庠	⿸广羊	0	0	ショウ	まなびや		ジョウ	u	9	
廁	⿸广則	0	0	シ ショク	かわや		シキ	u	12	
廂	⿸广相	0	0	ショウ ソウ	ひさし	ひさ			12	
廈	⿸广夏	0	0	カ サ	いえ		ゲ シャ	u	13	
廐	⿸广旣	0	0	キュウ	うまや				13	⿸广旣
廏	⿸广𣪘	0	0	キュウ	うまや		ク	u	14	⿸广⿰皀殳
廖	⿸广翏	0	0	リョウ			リュウ チュウ ル チュ	u	14	
廣	⿸广黃	10	2487	コウ	ひろ.い ひろ.まる ひろ.める ひろ.がる				15	
廝	⿸广斯	0	0	シ	こもの				15	
廚	⿸广尌	0	0	シュウ ズ チュ チュウ	くりや		ジュ	u	15	
廛	⿸广⿳里儿土	0	0	テン	みせ やしき たな		デン	u	15	
廢	⿸广發	0	0	ハイ	すた.れる すた.る		ヘ	u	15	
廡	⿸广無	0	0	ブ	しげ.る ひさし		ム	u	15	
廨	⿸广解	0	0	カイ ケ	やくしょ		ゲ	u	16	
廩	⿸广稟	0	0	リン	くら		ラン	u	16	
廬	⿸广盧	0	0	ロ リョ	いお いおり いえ				19	
廱	⿸广雝	0	0	ヨウ	やわらぐ		ユ	u	21	
廳	⿸广聽	10	0	チョウ テイ	やくしょ				25	
廰	⿸广聴	0	0	チョウ テイ	やくしょ				20	
廴		0	0	イン			いんにょう えんにょう	u	3	
廸	⿺廴由	0	0	テキ	みち みちび.く すす.む いた.る				8	
廾	⿻一⿰丿丨	0	0	キョウ ク	にじゅう		にじゅうあし	u	3	
弃	⿱𠫓廾	0	0	キ	すて.る				7	⿱亠弁
弉	⿱壯廾	0	0	ジョウ ソウ	さかん				10	
彝	⿳彑⿰米糸廾	0	0	イ	つね				18	⿱彑⿺𥸭糸
彜	⿱彑𪪷	0	0	イ	つね				16	
弋	⿺𫠠丶	0	0	ヨク	いぐるみ		イキ しきがまえ	u	3	
弑	⿰杀式	0	0	シ シイ	しい.する				12	
弖	⿱弓一	0	0	テ					4	
弩	⿱奴弓	0	0	ド	おおゆみ いしゆみ		ヌ	u	8	
弭	⿰弓耳	0	0	ビ ミ	や.める や.む ゆはず				9	
弸	⿰弓朋	0	0	ホウ			ヒョウ	u	11	
彁	⿰弓哥	0	0	カ セイ					13	
彈	⿰弓單	10	0	ダン タン	ひ.く はず.む たま はじ.く				15	
彌	⿰弓爾	10	0	ミ ビ	いや や あまねし いよいよ	ゆ	ド わたる	u	17	
彎	⿱䜌弓	0	0	ワン	ひ.く		まがる	u	22	
弯	⿱亦弓	0	0	ワン	ひ.く		まがる	u	9	
彑	⿱夕一	0	0	ケイ			けいがしら	u	3	
彖	⿱彑𧰨	0	0	タン			シ	u	9	⿱夕豕
彗	⿱⿰丰丰⿻コ一	9	2294	スイ エ ケイ セイ	ほうき	とし	エイ ゼ セ イ	u	11	⿱⿰丰丰⺕
彙	⿳彑冖果	8	0	イ	はりねずみ				13	⿴⿱⿱彑冖木田
彡	⿳㇒㇒㇒	0	0	サン セン			さんづくり	u	3	⿱丿𰀪
彭	⿰壴彡	0	2409	ホウ			ビョウ ボウ	u	12	
彳	⿱𰀪丨	0	0	テキ	たたず.む		チャク ホク フク ぎょうにんべん	u	3	
彷	⿰彳方	0	0	ホウ	さまよ.う		ボウ	u	7	
徃	⿰彳生	0	0	オウ	い.く いにしえ さき.に ゆ.く	みち	いなす	u	8	
徂	⿰彳且	0	0	ソ	ゆ.く		ゾ	u	8	
彿	⿰彳弗	0	0	フツ			フチ	u	8	
徊	⿰彳回	0	0	カイ クワイ エ	さまよ.う				9	
很	⿰彳艮	0	0	コン コウ ギン	もと.る		ゴン	u	9	
徑	⿰彳巠	0	0	ケイ	みち こみち さしわたし ただちに		キョウ	u	10	
徇	⿰彳旬	0	0	ジュン シュン	あまねし したが.う とな.える				9	
從	⿰彳⿱从龰	10	0	ジュウ ショウ ジュ	したが.う したが.える より		ソウ ゾウ ス	u	11	
徙	⿰彳歨	0	0	シ	うつ.る うつ.す				11	
徘	⿰彳非	0	2414	ハイ	さまよ.う		ベ	u	11	
徠	⿰彳來	9	0	ライ	きた.す きた.る く.る				11	
徨	⿰彳皇	0	0	コウ	さまよ.う		オウ	u	12	
徭	⿰彳䍃	0	0	ヨウ エウ	えだち ふぞろ.い つかい				13	
徼	⿰彳敫	0	0	キョウ ヨウ	めぐ.る		ギョウ もとめる	u	16	
忖	⿰忄寸	0	0	ソン	はか.る				6	
忻	⿰忄斤	0	0	キン	よろこ.ぶ		コン	u	7	
忤	⿰忄午	0	0	ゴ	さから.う もと.る				7	
忸	⿰忄丑	0	0	ジク ジュウ	はじ.る		ニク ニュ なれる	u	7	
忱	⿰忄冘	0	0	シン	まこと		ジン	u	7	
忝	⿱夭㣺	0	0	テン	かたじけな.い				8	⿱天⺗
悳	⿱直心	0	0	トク		いさお			12	⿱直心
忿	⿱分心	0	0	フン	いか.る いかり		ブン	u	8	
怡	⿰忄台	0	0	イ	よろこ.ぶ				8	
恠	⿰忄在	0	0	カイ ケ	あや.しい あや.しむ				9	
怙	⿰忄古	0	0	コ	たの.む		ゴ	u	8	
怐	⿰忄句	0	0	ク			コウ	u	8	
怩	⿰忄尼	0	0	ジ			ニ デイ ナイ ニチ	u	8	
怎	⿱乍心	0	0	シン ソ	いかで なんぞ		ソウ	u	9	
怱	⿱匆心	0	0	ソウ	にわか あわ.てる	さと			9	
怛	⿰忄旦	0	0	ダツ タン タツ	いた.む		ダン タチ	u	8	
怕	⿰忄白	0	0	ハク ヒャク ハ	おそ.れる		ヘ バク	u	8	
怫	⿰忄弗	0	0	フツ ハイ ヒ			ベ ブチ	u	8	
怦	⿰忄平	0	0	ホウ ヒョウ					8	
怏	⿰忄央	0	0	オウ ヨウ	うら.む				8	
怺	⿰忄永	0	0		こら.える				8	
恚	⿱圭心	0	0	イ	いか.る		エ ケイ うらむ	u	10	
恁	⿱任心	0	0	イン ジン ニン					10	
恪	⿰忄各	0	0	カク	つつし.む				9	
恷	⿱休心	0	0	キュウ ク		やす よし			10	
恟	⿰忄匈	0	0	キョウ	おそ.れる		ク	u	9	
恊	⿰忄劦	0	0	キョウ	あわ.せる かな.う				9	
恆	⿰忄亙	10	0	コウ	つね.に	わたる ひさし	つね	u	9	
恍	⿰忄光	0	0	コウ	とぼ.ける ほ.れる				9	
恣	⿱次心	8	2325	シ	ほしいまま				10	
恃	⿰忄寺	0	0	ジ シ	たの.む		チ	u	9	
恤	⿰忄血	0	0	ジュツ シュツ	めぐ.む あわ.れむ うれ.える				9	
恂	⿰忄旬	0	0	ジュン シュン	まこと				9	
恬	⿰忄舌	0	0	テン	やすら.く やす.い		デン	u	9	
恫	⿰忄同	0	0	ドウ トウ	いた.む		ツ ヅ	u	9	
恙	⿱𦍌心	0	0	ヨウ	つつが.ない		つつが	u	10	
悁	⿰忄肙	0	0	エン ケン			いきどおる	u	10	
悍	⿰忄旱	0	0	カン	たけし あらし		ガン ゲン あらい	u	10	
惧	⿰忄具	8	2097	ク グ	おそ.れる				11	⿰忄⿱⿴𠀃三八
悃	⿰忄困	0	0	コン	まごころ				10	
悚	⿰忄束	0	0	ショウ	おそ.れる		シュ	u	10	
悄	⿰忄肖	0	0	ショウ	うれ.える				10	
悛	⿰忄夋	0	0	シュン セン	あらた.める				10	
悖	⿰忄孛	0	0	ハイ ボツ	もと.る		ベ ヘ ボチ ホツ	u	10	
悗	⿰忄免	0	0	バン マン			ボン モン	u	10	⿰忄⿱⺈⿸⿻口丿乚
悒	⿰忄邑	0	0	ユウ	ふさ.ぐ うれ.える		イウ オウ	u	10	
悧	⿰忄利	0	0	リ					10	
悋	⿰忄吝	0	0	リン	ねた.む やぶさか お.しむ				10	
惡	⿱亞心	10	0	アク オ	わる.い あ.し にく.い ああ		ウ	u	12	
悸	⿰忄季	0	0	キ			ギ おそれる わななく おそる	u	11	
惠	⿱⑧心	10	0	ケイ エ	めぐ.む めぐ.み				12	
惓	⿰忄卷	0	0	ケン	うむ		ゲン	u	12	
悴	⿰忄卒	0	0	スイ	せがれ やつ.れる		ズイ ジュチ シュツ かじかむ	u	11	
忰	⿰忄卆	0	0	スイ	せがれ やつ.れる				7	
悽	⿰忄妻	0	0	セイ	いたむ		サイ	u	11	
惆	⿰忄周	0	0	チュウ	うら.む		シュウ キュウ チュ シュ	u	11	⿰忄⿵⺆⿱𰀁口
悵	⿰忄長	0	0	チョウ	いた.む うら.む				11	
惘	⿰忄罔	0	0	ボウ モウ	あき.れる				11	
慍	⿰忄𥁕	0	0	ウン オン	いか.る いか.り うら.む		ウツ ウチ いきどおる	u	13	
愕	⿰忄咢	0	0	ガク	おどろ.く		ゴ	u	12	
愆	⿱衍心	0	0	ケン	あや.まる		あやまち	u	13	
惶	⿰忄皇	0	0	コウ	おそ.れる		オウ	u	12	
惷	⿱春心	0	0	シュン					13	
愀	⿰忄秋	0	0	シュウ ショウ			ジュ シュ	u	12	
惴	⿰忄耑	0	0	ズイ スイ	おそ.れる		カイ ケ	u	12	
惺	⿰忄星	9	0	セイ	さと.る		ショウ	u	12	
愃	⿰忄宣	0	0	ケン カン			セン	u	12	
愡	⿰忄怱	0	0	ソウ					12	
惻	⿰忄則	0	0	ソク ショク	いた.む		シキ	u	12	
惱	⿰忄𡿺	0	0	ノウ	なや.む なや.ます なや.ましい なやみ		ドウ	u	12	
愍	⿱敃心	0	0	ビン ミン	あわ.れむ		フン	u	13	
愎	⿰忄复	0	0	フク ヒョク	もと.る		ヒョウ ヒキ	u	12	
慇	⿱殷心	0	0	イン			オン	u	14	
愾	⿰忄氣	0	0	ガイ キ ケ キツ	ためいき		カイ コチ いかる	u	13	
愨	⿱𣪊心	0	0	カク	つつし.む まこと				14	
愧	⿰忄鬼	0	0	キ	はじ.る はじ.らう はずかし.める とが.める		はじ	u	13	
慊	⿰忄兼	0	0	ケン キョウ	あきたりる うら.む		コウ	u	13	
愿	⿱原心	0	0	ゲン	つつし.む		ガン	u	14	
愼	⿰忄眞	10	0	シン	つつし.む つつし.み		ジン	u	13	
愬	⿱朔心	0	0	ソ サク	うった.える		シャク	u	14	
愴	⿰忄倉	0	0	ソウ	いたま.しい いた.む		ショウ	u	13	
愽	⿰忄尃	0	0	タン			ハク	u	13	
慂	⿱涌心	0	0	ヨウ	すす.む すす.める		ユ	u	14	
慄	⿰忄栗	8	0	リツ	ふる.える おそ.れる おのの.く		リチ	u	13	
慳	⿰忄堅	0	0	ケン カン	おし.む				15	
慷	⿰忄康	0	0	コウ	なげ.く				14	
慘	⿰忄參	0	0	サン	みじ.め いた.む むご.い		シン ザン	u	14	
慙	⿱斬心	0	0	ザン	はじ はじ.る		サン	u	15	
慚	⿰忄斬	0	0	ザン	はじ はじ.る				14	
慫	⿱從心	0	0	ショウ	すす.める		シュ	u	15	
慴	⿰忄習	0	0	シュウ ショウ	おそ.れる		チョウ ジョウ ジュウ	u	14	
慯	⿰忄𬀷	0	0	ショウ					14	
慥	⿰忄造	0	0	ゾウ	たし.かに		ソウ たしか	u	14	
慱	⿰忄專	0	0	タン			ダン セン ゼン	u	14	
慟	⿰忄動	0	0	ドウ トウ	なげ.く		ズ	u	14	
慝	⿱匿心	0	0	トク	わる.い		ジョク ニキ	u	14	
慓	⿰忄票	0	0	ヒョウ			ビョウ	u	14	
慵	⿰忄庸	0	0	ヨウ ショウ	ものうい		ジュ	u	14	
憙	⿱喜心	0	0	キ	よろこ.ぶ ああ この.む				16	
憖	⿱猌心	0	0	ギン キン	なまじ.い		ゴン コン ガツ ゲチ	u	16	
憇	⿱甜心	0	0	ケイ	いこ.い いこ.う				15	
憬	⿰忄景	8	0	ケイ	あこが.れる		キョウ さとる	u	15	
憔	⿰忄焦	0	0	ショウ セウ ソウ	やつ.れる やせ.る		ジョウ	u	15	
憚	⿰忄單	0	0	タン タ	はばか.る		ダン セン エン タツ	u	15	
憊	⿱備心	0	0	ハイ ヘイ	つか.れる		ベ ベイ ホク ボク	u	16	
憑	⿱馮心	0	0	ヒョウ	つ.く つか.れる よ.る たの.む		ビョウ ボウ	u	16	
憫	⿰忄閔	0	0	ビン ミン	あわれ.む うれ.える				15	
憮	⿰忄無	0	0	ブ コ	いつくし.む		ム ク	u	15	
懌	⿰忄睪	0	0	エキ	よろこ.ぶ		ヤク	u	16	
懊	⿰忄奧	0	0	オウ	じれった.い なや.む		イク	u	16	
應	⿸䧹心	10	0	オウ ヨウ	あた.る まさに こた.える				17	
懷	⿰忄褱	10	0	カイ エ	ふところ なつ.かしい なつ.かしむ なつ.く				19	
懈	⿰忄解	0	0	ケ カイ	たわ.い おこた.る				16	
懃	⿱勤心	0	0	キン ゴン	ねんごろ				17	
懆	⿰忄喿	0	0	ソウ					16	
憺	⿰忄詹	0	0	タン			ダン うごく やすい やすらか	u	16	
懋	⿱楙心	0	0	ボウ	し.げる つと.める		モ	u	17	
罹	⿱罒惟	0	0	リ ラ	かか.る				16	
懍	⿰忄稟	0	0	リン ラン			キン ゴン おそれる	u	16	
懦	⿰忄需	0	0	ダ ジュ ゼン	よわ.い		ネン ダン ナン ナ	u	17	
懣	⿱滿心	0	0	マン モン	もだ.える		ボン バン	u	18	
懶	⿰忄賴	0	0	ラン ライ	ものうい おこたる		なまける	u	19	
懺	⿰忄韱	0	0	ザン サン	くい.る		セン	u	20	
懴	⿰忄韯	0	0	ザン サン	くい.る		セン	u	18	
懿	⿰壹恣	0	0	イ	よい		ああ うるわしい	u	22	
懽	⿰忄雚	0	0	カン	よろこ.ぶ				20	
懼	⿰忄瞿	0	0	ク	おそ.れる		グ	u	21	
懾	⿰忄聶	0	0	ショウ	おそ.れる				21	
戀	⿱䜌心	0	0	レン	こ.う こい こい.しい				23	
戈	⿻弋丿	0	0	カ	ほこ ほこづくり		かのほこ	u	4	⿺𭠍丶
戉	⿰𠄌戈	0	0	ジュウ エツ	えびす まさかり		ガチ オチ ゲツ	u	5	
戍	⿵戊丶	0	0	ジュ シュ	まもり まも.る				6	
戌	⿵戊一	0	0	ジュツ	いぬ		シュツ シュチ	u	6	
戔	⿱戈戈	0	0	セン サン			ザン シン ヘン ゼン	u	8	
戛	⿱𦣻戈	0	0	カツ	ほこ		ケチ	u	11	
戞	⿱⑧戈	0	0	カツ	ほこ				12	
戡	⿰甚戈	0	0	カン チン	かつ さす		コン	u	13	
截	⿹𢦏隹	0	0	セツ サイ	き.る た.つ		ゼチ	u	14	
戮	⿰翏戈	0	0	リク リュウ ロク キョウ	ころ.す けず.る		リョウ ル	u	15	
戰	⿰單戈	10	0	セン	いくさ たたか.う おのの.く そよぐ				16	
戲	⿰䖒戈	10	0	ギ ゲ	たわむ.れる たわむ.れ		キ イ コ ク	u	17	
戳	⿰翟戈	0	0	タク					18	
扁	⿸戸𠕁	0	0	ヘン	ひらたい		ヒン ベン ホン ハン	u	9	⿸戶𠕁 ⿸户𠕁
扎	⿰扌乚	0	0	サツ アツ			エチ	u	4	
扞	⿰扌干	0	0	カン	ふせ.ぐ		ガン	u	6	
扣	⿰扌口	0	0	コウ	たた.く ひか.える		ク うつ	u	6	
扛	⿰扌工	0	0	コウ	あ.げる				6	
扠	⿰扌叉	0	0	サ	さて さ.す		タイ サイ シャ テ	u	6	
扨	⿰扌刄	0	0	サ	さて さ.す				6	⿰扌刃
扼	⿰扌厄	0	0	ヤク アク	おさ.える				7	
抂	⿰扌王	0	0	キョウ ゴウ					7	
抉	⿰扌夬	0	0	ケツ	えぐ.る こじ.る くじ.る		エツ エチ ケチ	u	7	
找	⿰扌戈	0	0	ソウ			カ ゲ	u	7	
抒	⿰扌予	0	2309	ジョ ショ	く.む の.べる		チョ	u	7	
抓	⿰扌爪	0	0	ソウ	つ.ねる つ.める つね.る つま.む		ショウ	u	7	
抖	⿰扌斗	0	0	ト トウ			ツ	u	7	
拔	⿰扌犮	10	0	バツ ハイ	ぬ.く ぬ.ける ぬ.かす ぬ.かる		ハツ バイ ボチ ヘチ	u	8	
抃	⿰扌卞	0	0	ベン	う.つ		ヘン ホン ハン	u	7	
抔	⿰扌不	0	0	ホウ ハイ	など すく.う		ブ ヘ なんど	u	7	
拗	⿰扌幼	0	0	オウ ヨウ イク ユウ	ねじ.れる こじ.れる す.ねる ねじ.ける		ユ	u	8	
拑	⿰扌甘	0	0	カン ケン	つぐ.む		ゲン ゴン	u	8	
抻	⿰扌申	0	0	シン チン					8	
拏	⿱奴手	0	0	ダ ナ	つか.む ひ.く				9	
拿	⿱合手	0	0	ダ ナ	つか.む ひ.く				10	
拆	⿰扌斥	0	0	タク セキ	さく ひらく		チヤク シャク	u	8	
擔	⿰扌詹	0	0	タン	かつ.ぐ にな.う		トン セン ゼン エン	u	16	
拈	⿰扌占	0	0	ネン セン デン	ひね.る				8	
拜	⿰龵⿱一丰	10	0	ハイ	おが.む おろが.む		ヘ	u	9	⿰⿱㇒⿻二丿⿻干二
拌	⿰扌半	0	0	ハン			バン	u	8	⿰扌⿻八𰀁
拊	⿰扌付	0	0	フ	は.る うつ な.でる		ホウ	u	8	
拂	⿰扌弗	10	0	ヒツ フツ ホツ	はら.う		フチ ビチ ヒ	u	8	
拇	⿰扌母	0	0	ボ	おやゆび		ボウ モ	u	8	
抛	⿰扌𠠵	0	0	ホウ	なげう.つ				7	
拉	⿰扌立	8	0	ラツ ラ ロウ	らっ.する ひし.ぐ くだ.く				8	
挌	⿰扌各	0	0	カク	う.つ		キャク ラク	u	9	
拮	⿰扌吉	0	0	カツ ケツ キツ	はたら.く		ケチ キチ	u	9	
拱	⿰扌共	0	0	キョウ コウ	こまぬ.く こまね.く		ク キク ゴク	u	9	
挧	⿰扌羽	0	0	ウ	とち				9	
挂	⿰扌圭	0	0	ケイ カイ ケ	か.ける		カ	u	9	
挈	⿱㓞手	0	0	ケイ ケツ	ひっさ.げる		カツ ケチ セイ たずさえる	u	10	⿱⿰丯刀手
拯	⿰扌丞	0	0	ショウ ジョウ	すく.う				9	
拵	⿰扌存	0	0	ソン	こしら.える		ゾン	u	9	
捐	⿰扌肙	0	0	エン	す.てる		ケン	u	10	
挾	⿰扌夾	0	0	キョウ ショウ	はさ.む はさ.まる わきばさ.む さしはさ.む	はざ	ギョウ ソウ コウ	u	10	
捍	⿰扌旱	0	0	カン	ふせ.ぐ		ガン ゲン	u	10	
搜	⿰扌叟	10	2394	ソウ シュ シュウ	さが.す		ショウ ス オウ オ	u	13	⿰扌⿱⿻臼丨又
捏	⿰扌圼	0	0	ネツ テツ ネチ	こ.ねる ね.る つく.ねる		デツ	u	10	
掖	⿰扌夜	0	0	エキ	たす.ける わきばさ.む		ヤク わき	u	11	
掎	⿰扌奇	0	0	キ	ひ.く		カ イ	u	11	
掀	⿰扌欣	0	0	キン ケン			コン キツ ゴン コチ	u	11	
掫	⿰扌取	0	0	ソウ シュウ	まも.る たきぎ う.つ		シュ	u	11	⿰扌⿸耳又
捶	⿰扌垂	0	0	スイ	むちう.つ		タ	u	11	
掣	⿱制手	0	0	セイ セツ	ひ.く		セチ	u	12	
掏	⿰扌匋	0	0	トウ	す.る えら.ぶ		ドウ	u	11	
掉	⿰扌卓	0	0	トウ チョウ	ふる.う		ドウ ダク ニョウ ニョク	u	11	
掟	⿰扌定	0	0	トウ チョウ ジョウ テイ	おきて				11	
掵	⿰扌命	0	0	ハバ					11	
捫	⿰扌門	0	0	モン	な.でる		ボン	u	11	
捩	⿰扌戻	0	0	レイ レツ	よじ.る ね.じる ねじ.れる もじ.る		ライ レチ ねじ	u	10	⿰扌戾
掾	⿰扌彖	0	0	エン テン	じょう		デン よる	u	12	
揩	⿰扌皆	0	0	カイ カツ	ぬぐ.う		ケチ	u	12	
揀	⿰扌柬	0	0	カン ケン	えら.ぶ		レン	u	12	
揆	⿰扌癸	0	0	キ	はかりごと はか.る		ギ	u	12	
揣	⿰扌耑	0	0	シ スイ タン	はか.る		タ セン ダン	u	12	
揉	⿰扌柔	0	0	ジュウ	も.む も.める		ニュ ジョウ ニョウ	u	12	
插	⿰扌臿	0	0	ソウ	さ.す はさ.む		ショウ	u	12	
揶	⿰扌耶	0	0	ヤ	からか.う		ヨ	u	12	
揄	⿰扌兪	0	0	ヨウ ユウ ユ			トウ ツ チュウ チュ	u	12	⿰扌俞
搖	⿰扌䍃	10	0	ヨウ	ゆ.れる ゆ.らぐ ゆ.るぐ ゆ.する				13	
搴	⿱𡨄手	0	0	ケン	と.る ぬ.く		セン かかげる	u	14	
搆	⿰扌冓	0	0	コウ			ク かまえる	u	13	
搓	⿰扌差	0	0	サ サイ	よ.る				13	
搦	⿰扌弱	0	0	ジャク ジョク ダク ニャク	から.める -がら.み		ニキ ニョク からむ	u	13	
搶	⿰扌倉	0	0	ソウ ショウ	つ.く				13	
攝	⿰扌聶	10	0	セツ ショウ	おさ.める かね.る と.る		ジョウ ニョウ キョウ ソウ	u	21	
搗	⿰扌島	0	0	トウ	つ.く か.つ				13	
搨	⿰扌𦐇	0	0	トウ	う.つ す.る				13	⿰扌⿱日羽
搏	⿰扌尃	0	0	ハク	う.つ と.る		フ ホ ブ	u	13	
摧	⿰扌崔	0	0	サイ サ	くだ.く		ビ スイ セ くじく	u	14	
摯	⿱執手	8	2170	シ	いた.る つか.む にえ		チ シツ シチ	u	15	⿱⿰幸丸手
摶	⿰扌專	0	0	タン セン	まる.い		ダン テン デン まるめる	u	14	
摎	⿰扌翏	0	0	ク キュウ			コウ リュウ ル リョウ	u	14	
攪	⿰扌覺	0	0	カク コウ	みだ.す		キョウ ギョウ	u	23	
撕	⿰扌斯	0	0	セイ シ			サイ	u	15	
撓	⿰扌堯	0	0	トウ キョウ コウ ジョウ	たわ.む しな.う しお.る たわ.める		ドウ ニョウ みだす みだれる	u	15	
撥	⿰扌發	0	0	ハツ バチ	は.ねる おさ.める		バツ ハチ ボチ かかげる	u	15	
撩	⿰扌尞	0	0	リョウ ロウ					15	
撈	⿰扌勞	0	0	ロウ リョウ					15	
撼	⿰扌感	0	0	カン	うごか.す		ゴン うごく	u	16	
據	⿰扌豦	0	0	キョ コ	よ.る		ゴ ケキ キャク	u	16	
擒	⿰扌禽	0	0	キン	とら.える とりこ		ゴン	u	16	
擅	⿰扌亶	0	0	セン	ほしいまま		ゼン	u	16	
擇	⿰扌睪	0	0	タク	えら.ぶ		ジャク エキ ヤク	u	16	
撻	⿰扌達	0	0	タツ	むちうつ		タチ	u	16	
擘	⿱辟手	0	0	ハク ヒャク ヘキ	さ.く		ビャク つんざく	u	17	
擂	⿰扌雷	0	0	ライ	す.る		レ	u	16	
擱	⿰扌閣	0	0	カク	お.く				17	
擧	⿱與手	0	0	キョ	あ.げる あ.がる こぞ.る		コ ヨ	u	17	
舉	⿱與⿻二丨	0	0	キョ	あ.げる あ.がる こぞ.る				16	⿱與𰀁
擠	⿰扌齊	0	0	セイ サイ	お.す				17	
擡	⿰扌臺	0	0	タイ	もた.げる		ダイ	u	17	
抬	⿰扌台	0	0	タイ	もた.げる		チ	u	8	
擣	⿰扌壽	0	0	トウ	う.つ つ.く		チュウ ジュ	u	17	
擯	⿰扌賓	0	0	ヒン	しりぞ.ける				17	
攬	⿰扌覽	0	0	ラン	と.る				25	
擶	⿰扌箭	0	0	セン	ただす				18	⿰扌⿱𥫗前
擴	⿰扌廣	0	0	カク コウ	ひろ.がる ひろ.げる ひろ.める		オウ	u	18	
擲	⿰扌鄭	0	0	テキ チャク ジャク	なぐ.る なげう.つ				18	
擺	⿰扌罷	0	0	ハイ	ひら.く		ベ	u	18	
攀	⿱樊手	0	0	ハン	よ.じる				19	
擽	⿰扌樂	0	0	リャク ラク レキ フキ	くすぐ.る う.つ		ヤク こそぐる	u	18	
攘	⿰扌襄	0	0	ジョウ	ぬす.む はら.う		ニョウ ドウ ショウ	u	20	
攜	⿰扌巂	0	0	ケイ	たずさ.える たずさ.わる		ゲ	u	21	
攅	⿰扌賛	0	0	サン	あつ.まる				18	
攤	⿰扌難	0	0	タン	ひら.く		ダン ナン ダ ナ	u	22	
攣	⿱䜌手	0	0	レン	つ.る ひ.く				23	
攫	⿰扌矍	0	0	カク	さら.う つか.む		ケキ キャク ワク キョク	u	23	
攴	⿱⺊又	0	0	ホク			ボク ハク ぼくづくり ぼくにょう	u	4	
攵	⿱𠂉乂	0	0	ホク			ボク	u	4	
攷	⿰丂攵	0	0	コウ	かんが.える				6	
收	⿰丩攵	10	0	シュウ	おさ.める おさ.まる				6	
攸	⿰⿰亻丨攵	0	0	ユウ	ところ		ユ シュウ	u	7	
畋	⿰田攵	0	0	デン テン	かり				9	
效	⿰交攵	0	0	コウ	き.く ききめ なら.う		ギョウ	u	10	
敖	⿰⿱土方攵	0	0	ゴウ	あそ.ぶ おご.る				11	⿽放土
敕	⿰束攵	0	0	チョク	いまし.める みことのり		チキ	u	11	
敍	⿰余攴	10	0	ジョ	つい.ず ついで		ショ のべる	u	11	
敘	⿰余攵	0	0	ジョ	つい.ず ついで		のべる	u	11	
敞	⿰尙攵	0	0	ショウ	たか.い ほが.らか ひろ.い	たかし	チョウ ジョウ トウ ヘイ	u	12	⿰尚攵
敝	⿰㡀攵	0	0	ヘイ	やぶ.れる		ヒ ビ ベイ ベチ	u	12	
敲	⿰高攴	0	0	コウ	たた.く	のぼる	キョウ	u	14	
數	⿰婁攵	0	0	スウ ス サク ソク	かず かぞ.える しばしば せ.める		シュ ショ ショク ソ	u	15	
斂	⿰僉攵	0	0	レン	おさ.める				17	
斃	⿱敝死	0	0	ヘイ	たお.れる たお.す		ベ	u	18	
變	⿱䜌攵	0	0	ヘン	か.わる か.える		ベン	u	23	
斛	⿰角斗	0	0	コク	と		ゴク	u	11	
斟	⿰甚斗	0	0	シン	く.む				13	
斫	⿰石斤	0	0	シャク	き.る				9	
斷	⿰㡭斤	0	0	ダン	た.つ ことわ.る さだ.める		タン	u	18	
旃	⿰方⿱𠂉丹	0	0	セン	はた				10	⿸𭤨丹
旆	⿰方⿱𠂉巿	0	0	ハイ	はた		バイ バチ ハツ	u	10	⿸𭤨巿
旁	⿱⿱⿱亠丷冖方	0	0	ボウ ホウ	つくり かたがた かたわら		ヒョウ あまねく	u	10	
旄	⿰方⿱𠂉毛	0	0	ボウ モウ			ブ ム	u	10	⿸𭤨毛
旌	⿰方⿱𠂉生	0	0	セイ ショウ	あら.わす はた				11	⿸𭤨生
旒	⿰方⿱𠂉㐬	0	0	リュウ	はたあし		ル	u	13	⿸𭤨㐬
旛	⿰方⿱𠂉番	0	2236	ヘン ハン	はた	ば	ホン ボン バン	u	18	⿸𭤨番
旙	⿰方番	0	0	ヘン ハン	はた				16	
无	⿱一尢	0	0	ブ ム	なし ない		ボ モ	u	4	
旡	⿻无丨	0	0	キ ケ	む なし		すでのつくり	u	5	
旱	⿱日干	0	0	カン	ひでり				7	
杲	⿱日木	0	0	コウ	あきらか たか.い		ゴウ	u	8	
昊	⿱日天	9	0	コウ	そら		ゴウ	u	8	
昃	⿱日仄	0	0	ショク ソク	かたむ.く		シキ	u	8	
旻	⿱日文	0	0	ビン ミン	あきぞら		そら	u	8	
杳	⿱木日	0	0	ヨウ	くら.い はるか				8	
昵	⿰日尼	0	0	ジツ ショク	ちかづ.く		ニチ ナイ シキ デイ	u	9	
昶	⿺永日	0	0	チョウ		あきら			9	
昴	⿱日卯	9	0	コウ ボウ	すばる		ミョウ ル リュウ	u	9	
昜	⿱旦勿	0	0	ヨウ			エキ イ やさしい	u	9	⿱日⿱一勿
晏	⿱日安	9	0	アン	おそ.い		エン やすらか	u	10	
晄	⿰日光	9	0	コウ	あきらか				10	
晉	⿱⿳一厸一日	0	0	シン	すす.む		セン	u	10	⿳一厸𣄼
晁	⿱日兆	0	0	チョウ	あさ		ジョウ	u	10	
晞	⿰日希	0	0	キ	かわ.く		ケ	u	11	
晝	⿱⿱𦘒一旦	10	0	チュウ	ひる				11	⿱書一 ⿱聿旦
晤	⿰日吾	0	0	ゴ	あきらか				11	
晧	⿰日吿	0	0	コウ			ゴウ	u	11	⿰日告
晨	⿱日辰	9	0	シン	あした とき あさ		ジン	u	11	
晟	⿱日成	9	0	セイ ジョウ	あきらか				10	
晢	⿱折日	0	0	セイ セツ	あきらか		セチ セキ テチ シャク	u	11	
晰	⿰日析	0	0	シャク セキ	あきらか				12	
暃	⿱日非	0	0	ヒ					12	
暈	⿱日軍	0	0	ウン	ぼか.す ぼけ.る かさ くま		ぼかし めまい	u	13	
暎	⿰日英	0	0	エイ ヨウ	うつ.す うつ.る は.える				12	
暉	⿰日軍	9	2285	キ	かが.やく	てる	ひかり	u	13	
暄	⿰日宣	0	0	ケン	あたたか.い		カン	u	13	
暘	⿰日昜	0	0	ヨウ					13	
暝	⿰日冥	0	0	メイ ミョウ	くら.い		ベイ	u	14	
曁	⿱旣旦	0	0	キ	およ.ぶ		ケ キツ コチ カイ	u	16	
暹	⿺辶⿱日隹	0	0	セン					16	
曉	⿰日堯	10	0	キョウ ギョウ	あかつき さと.る	あき			16	
暾	⿰日敦	0	0	トン	あさひ				16	
暼	⿱敝日	0	0	ヘツ ヘチ					16	
曄	⿰日華	0	0	ヨウ	かが.やく	あき	ユウ オウ	u	14	
暸	⿰日尞	0	0	リョウ	あきらか				16	
曖	⿰日愛	8	0	アイ	くら.い				17	
曚	⿰日蒙	0	0	モウ ボウ	くら.い		モ	u	17	
曠	⿰日廣	0	0	コウ	あきらか むな.しい		むなし	u	19	
昿	⿰日広	0	0	コウ	あきらか むな.しい				9	
曦	⿰日羲	0	0	ギ キ					20	
曩	⿱日襄	0	0	ノウ ドウ	さき.に		さき	u	21	
曰		0	0	エツ	いわ.く のたま.う のたま.わく ここに		オチ ひらび いう いはく	u	4	
曵	⿺曳丶	0	0	エイ	ひ.く	びき			7	
曷	⿱日匃	0	0	カツ	なんぞ いつ いずくんぞ なに		アツ アチ	u	9	⿱曰匃
朏	⿰月出	0	0	ヒ ハイ		みかづき	ヘ ホツ ホチ キツ	u	9	
朖	⿰月良	0	0	ロウ	ほが.らか あき.らか				11	
朞	⿱其月	0	0	キ ゴ					12	
朦	⿰月蒙	0	0	モウ ボウ	おぼろ		モ	u	17	
朧	⿰月龍	0	0	ロウ	おぼろ		ル	u	20	
霸	⿱雨䩗	0	0	ハ ハク	はたがしら	はる	ヒャク ヘ	u	21	
朮	⿺𣎳丶	0	0	ジュツ シュツ チュツ	もちあわ おけら		ジュチ	u	5	⿺⿻十儿丶
朿	⿻⿳一冂𠆢丨	0	0	シ	とげ		キョク コキ	u	6	
朶	⿱乃木	0	0	ダ タ	えだ				6	
杁	⿰木入	0	0		いり				6	
朸	⿰木力	0	0	リョク	おおご おうご		リキ ロク キョク キン	u	6	
朷	⿰木刀	0	0	トウ			チョウ ジョウ ボク モク	u	6	
杆	⿰木干	0	0	カン	てこ				7	
杞	⿰木己	0	2493	コ キ			シ ジ カイ ガイ	u	7	
杠	⿰木工	0	0	コウ	ちぎり てこ	ゆずりは	ク ちぎ	u	7	
杙	⿰木弋	0	0	ヨク	くい		ヨキ	u	7	
杣	⿰木山	0	0		そま				7	
杤	⿰木万	0	0		とち				7	
枉	⿰木王	0	0	オウ	ま.げる ま.がる ま.げて		ゴウ キョウ	u	8	
杰	⿱木灬	0	0	ケツ ゲチ	すぐ.れる				8	
枩	⿱木公	0	0	ショウ	まつ				8	
杼	⿰木予	0	0	チョ ショ	ひ どんぐり		ジョ	u	8	
杪	⿰木少	0	0	ビョウ ショウ	こずえ		ソウ ミョウ	u	8	
枌	⿰木分	0	0	ショウ フン	まつ そぎ		ブン	u	8	
枋	⿰木方	0	0	ホウ ヘイ	ほ		ボウ ヒョウ	u	8	
枦	⿰木戸	0	0	ロ	はぜ	はし	ヘ はじ うつぎ	u	8	⿰木户
枡	⿰木升	0	0		ます				8	
枅	⿰木开	0	0	ケイ	ひじき				8	
枷	⿰木加	0	0	カ	かせ からざお		ケ ガ キャ くびかせ	u	9	
柯	⿰木可	0	0	カ	え ふる				9	
枴	⿰木叧	0	0	カイ	つえ		カ	u	9	
柬	⿻木⿴囗丷	0	0	カン ケン	えら.ぶ				9	
枳	⿰木只	0	0	キ シ	からたち		ギ	u	9	
柩	⿰木匛	0	0	キュウ グ	ひちぎ ひつぎ				9	
枸	⿰木句	0	0	ク コウ			くこ	u	9	
柤	⿰木且	0	0	サ	そ		シャ ショ	u	9	
柞	⿰木乍	0	0	サク	ははそ		シャク サ ジャ ザク	u	9	
柝	⿰木斥	0	0	タク	ひょうしぎ		き	u	9	
柢	⿰木氐	0	0	テイ	ね		タイ シ ジ	u	9	
柮	⿰木出	0	0	トツ			トチ ジュツ ニュチ ダツ	u	9	
枹	⿰木包	0	0	フ ホウ	ほ ばち もみじ ならのき		ブ ヒョウ フウ	u	9	⿰木⿹勹巳
柎	⿰木付	0	0	フ	うてな		ブ	u	9	
柆	⿰木立	0	0	ロウ					9	
柧	⿰木瓜	0	0	コ カ	く		ケ	u	10	
檜	⿰木會	9	2090	カイ	ひのき ひ		カツ ケ カチ いぶき	u	17	
栞	⿱幵木	9	0	カン	しおり		ケン	u	10	⿱⿰干干木
框	⿰木匡	0	0	キョウ	かまち		コウ	u	10	
栩	⿰木羽	0	0	ク	くぬぎ		チョ ウ	u	10	
桀	⿱舛木	0	0	ケツ	ます はりつけ		ケチ ゲチ	u	11	
桍	⿰木夸	0	0	コ			ク	u	10	
栲	⿰木考	0	0	コウ	かえ たえ				10	
桎	⿰木至	0	0	シツ	あしかせ		シチ チ	u	10	
梳	⿰木㐬	0	0	ソ	と.く と.かす す.く けず.る		ショ シュク くしけずる くし	u	11	
栫	⿰木存	0	0	セン ソン					10	
桙	⿰木牟	0	0	ウ	ほこ		ム	u	10	
档	⿰木当	0	0	トウ					10	
桷	⿰木角	0	0	カク	たるき		ずみ	u	11	
桿	⿰木旱	0	0	カン	てこ		ガン	u	11	
梟	⿹⑦木	0	0	キョウ	ふくろう				11	
梏	⿰木告	0	0	コク カク	てかせ		キョク	u	11	⿰木吿
梭	⿰木夋	0	0	サ	ひ		シュン セン ジュン	u	11	
梔	⿰木巵	0	0	シ	くちなし				11	
條	⿰⿰亻丨⿱攵木	10	0	ジョウ チョウ デキ	えだ すじ		テキ ジャク	u	11	⿲亻丨条 ⿸攸朩
梛	⿰木那	9	0	ダ ナ	なぎ				11	
梃	⿰木廷	0	0	チョウ テイ	てこ つえ		ジョウ	u	11	
檮	⿰木壽	0	0	トウ		し	チュウ ジュ ドウ	u	18	
梹	⿰木兵	0	0	ヒン			ビン	u	11	
桴	⿰木孚	0	0	フ	ばち いかだ		ブ フウ	u	11	
梵	⿱林凡	0	0	ボン フウ			ブ ハン	u	11	
梠	⿰木呂	0	0	ロ リョ	ひさし				11	⿰木吕
梺	⿱林下	0	0		ふむと ふもと				11	
椏	⿰木亞	0	0		また		ア	u	12	
梍	⿰木皂	0	0	ユウ			オウ ソウ ゾウ	u	11	
桾	⿰木君	0	0	クン					11	
椁	⿰木享	0	0	カク					12	
棊	⿱其木	0	0	キ	ご		ギ	u	12	
椈	⿰木匊	0	0	キク			コク	u	12	
棘	⿰朿朿	0	0	キョク	いばら とげ		コキ キ	u	12	
椢	⿰木国	0	0	カイ	そこ はこ くぬぎ		くにぎ	u	12	
椦	⿰木劵	0	0	ケン	まげもの				12	
棡	⿰木岡	0	0	コウ					12	
椌	⿰木空	0	0	コウ			キョウ ク	u	12	
棍	⿰木昆	0	0	コン	つえ		ゴン	u	12	
棔	⿰木昏	0	0	コン	ねむのき				12	
棧	⿰木戔	0	0	サン セン	かけはし		ゼン シン ジン	u	12	
棕	⿰木宗	0	0	シュ ソウ					12	
椶	⿰木㚇	0	0	シュ ソウ			ス	u	13	
椒	⿰木叔	0	0	ショウ	はじかみ				12	
椄	⿰木妾	0	0	セツ ショウ	つ.ぐ		ジョウ	u	12	
棗	⿱朿朿	0	0	ソウ	なつめ				12	
棣	⿰木隶	0	0	テイ タイ	にわざくら		ジ ダイ チ デ	u	12	
椥	⿰木知	0	0		なぎ				12	
棹	⿰木卓	0	0	トウ タク	さお こ.ぐ		ジョウ ジョク	u	12	
棠	⿱𫩠木	0	0	トウ	やまなし		ドウ	u	12	
棯	⿰木念	0	0	ネン			ジン ニン デン シン	u	12	
椨	⿰木府	0	0		たぶ たふ				12	
椪	⿰木並	0	0	ポン			はえ	u	12	
椚	⿰木門	0	0		くぬぎ		くのぎ	u	12	
椣	⿰木典	0	0		しで				12	
椡	⿰木到	0	0		くぬぎ				12	
棆	⿰木侖	0	0	リン			チュン	u	12	
楹	⿰木盈	0	0	エイ	はしら		ヨウ	u	13	
楷	⿰木皆	8	0	カイ					13	
楜	⿰木胡	0	0	コ		くるみ	ゴ	u	13	
楸	⿰木秋	0	0	シュウ	きささげ ひさぎ		シュ	u	13	
楫	⿰木咠	0	0	シュウ ショウ	かじ かい				13	
楔	⿰木契	0	0	ケツ セツ	くさび ほうだて		セチ ケチ カツ カチ	u	13	
楾	⿰木泉	0	0		はんぞう				13	
楮	⿰木者	0	0	チョ	こうぞ		ト ショ	u	13	⿰木⿻者丶
椹	⿰木甚	0	0	ジン チン シン	さわら あてぎ くわのみ				13	
楴	⿰木帝	0	0	テイ			ダイ チ ヂ シ	u	13	
椽	⿰木彖	0	0	テン	えん たるき		デン	u	13	
楙	⿲木矛木	0	0	ボウ	しげる		ム	u	13	
椰	⿰木耶	9	0	ヤ	やし				13	
楡	⿰木兪	0	0	ユ	にれ				13	
楞	⿰木𬙙	0	0	リョウ ロウ	かど				13	
楝	⿰木柬	0	0	レン	おおち おうち				13	
榁	⿰木室	0	0		むろ				13	
楪	⿰木枼	0	0	チャ			ヨウ チョウ ジョウ ショウ	u	13	
榲	⿰木𥁕	0	0	オツ			オチ ウン オン イン	u	14	
榮	⿱𤇾木	10	0	エイ ヨウ	さか.える は.える え				14	
槐	⿰木鬼	0	0	カイ	えんじゅ	えんじ	エ	u	14	
榿	⿰木豈	0	0	ガイ カイ			キ	u	14	
槁	⿰木高	0	0	コウ	か.れる		ねぎらう	u	14	
槓	⿰木貢	0	0	コウ	てこ				14	
榾	⿰木骨	0	0	コツ	ほた		クチ	u	14	
槎	⿰木差	0	0	サ	いかだ き.る		サイ シャ ジャ ゼ	u	14	
寨	⿱𡨄木	0	0	サイ	とりで		ゼ ソク	u	14	
槊	⿱朔木	0	0	サク	ほこ				14	
槝	⿰木島	0	0		かし				14	
榻	⿰木𦐇	0	0	トウ	こしかけ しじ				14	⿰木⿱日羽
槃	⿱般木	0	0	ハン	たら.い		バン	u	14	
榧	⿰木匪	0	0	ヒ	かや				14	
樮	⿰木䙳	0	0		ほくそ				14	
榑	⿰木尃	0	0	フ	くれ		ブ ハク	u	14	
榠	⿰木冥	0	0	ベイ			メイ ミョウ	u	14	
榜	⿰木旁	0	0	ボウ ホウ	かじ たてふだ ふだ		ヒョウ ビョウ むち	u	14	
榕	⿰木容	0	0	ヨウ	あこう		ユ	u	14	
榴	⿰木留	0	0	ル リュウ リョウ	ざくろ				14	
槞	⿰木竜	0	0	ロウ					14	
槨	⿰木郭	0	0	カク					15	
樂	⿱⿲幺白幺木	10	0	ガク ラク ゴウ	たの.しい たの.しむ この.む		リョウ ギョウ	u	15	⿶⿱𢆶木白
樛	⿰木翏	0	0	キュウ	つが まと.う		ク ビュウ リョウ ミュ	u	15	
槿	⿰木堇	0	0	キン	むくげ		コン ゴン	u	15	
權	⿰木雚	0	0	ケン ゴン	おもり かり はか.る		ゲン カン	u	21	
槹	⿰木皐	0	0	コウ					15	
槲	⿰木斛	0	0	コク	かしわ		ゴク	u	15	
槧	⿱斬木	0	0	ザン セン サン	ふだ		ゼン	u	15	
樅	⿰木從	0	0	ショウ	もみ		シュ	u	15	
榱	⿰木衰	0	0	スイ	たるき				14	
樞	⿰木區	0	0	スウ シュ	とぼそ からくり		チョ オウ オ	u	15	
槭	⿰木戚	0	0	セキ シュク	かえで		サク シュウ シュ シャク	u	15	
樔	⿰木巢	0	0	ソウ	す すく.う た.える		ショウ ジョウ	u	15	
槫	⿰木專	0	0	タン セン			ダン ゼン	u	15	
樊	⿱棥大	0	0	ハン	まがき		ボン ベン	u	15	
樒	⿰木密	0	0	ミツ	しきみ じんこう		ミチ ビツ	u	15	
櫁	⿰木蜜	0	0	ミツ	しきみ じんこう		ビツ	u	18	
樣	⿰木羕	10	0	ヨウ ショウ	さま		ゾウ	u	15	
樓	⿰木婁	0	0	ロウ	たかどの		ル	u	15	
橄	⿰木敢	0	0	カン					16	
樌	⿰木貫	0	0	カン		ぬき			15	
橲	⿰木喜	0	0	キ		じさ よし	ずさ	u	16	
樶	⿰木最	0	0	サイ	ふし				16	
橸	⿰木晶	0	0		まさ		ショウ たる	u	16	
橇	⿰木毳	0	0	キョウ ゼイ セイ	そり かんじき		セ セツ セチ	u	16	
橢	⿰木隋	0	0	ダ			タ	u	16	
橙	⿰木登	9	0	トウ	だいだい				16	
橦	⿰木童	0	0	シュ ショウ トウ			ズ ソウ ジョウ	u	16	
橈	⿰木堯	0	0	ドウ ジョウ ニョウ	かい かじ たわ.む たわ.める				16	
樸	⿰木菐	0	0	ボク ハク ホク	こはだ きじ		ホ ブ あらき	u	16	
樢	⿰木鳥	0	0	ト チョウ	つた		ボク モク	u	15	
檐	⿰木詹	0	0	エン タン	のき ひさし				17	
檍	⿰木意	0	0	オク	い		ヨク ヨキ	u	17	
檠	⿱敬木	0	0	ケイ	ゆだめ		ギョウ キョウ	u	16	
檄	⿰木敫	0	2432	ケキ	げき.する ふれぶみ		ゲキ ギャク コウ ギョウ	u	17	
檢	⿰木僉	10	0	ケン	しら.べる				17	
檣	⿰木嗇	0	0	ショウ	ほばしら		ゾウ	u	17	
檗	⿱辟木	0	0	ハク ビャク	きはだ きわだ		バク ヘキ ヒャク	u	17	
蘗	⿱艹檗	0	0	ハク ビャク	きはだ きわだ				20	
檻	⿰木監	0	0	カン	おり おばしま てすり		ガン	u	19	
櫃	⿰木匱	0	0	キ	ひつ				18	
櫂	⿰木翟	9	0	トウ タク	かい かじ		テキ ジョウ ジョク ジャク	u	18	
檸	⿰木寧	0	0	ネイ ドウ			ニョウ	u	18	
檳	⿰木賓	0	0	ビン ヒン					18	
檬	⿰木蒙	0	0	モウ			ボウ モ	u	17	
櫞	⿰木緣	0	0	エン					19	
櫑	⿰木畾	0	0	ライ	さかだる		レ	u	19	
櫟	⿰木樂	0	0	レキ ヤク ロウ	くぬぎ	いち	リャク ラク シャク	u	19	
檪	⿰木楽	0	0	レキ ヤク ロウ	くぬぎ	いち			17	
櫚	⿰木閭	0	0	ロ リョ					19	
櫪	⿰木歷	0	0	レキ	かいばおけ くぬぎ		リャク かいおけ	u	20	
櫻	⿰木嬰	10	0	オウ ヨウ	さくら				21	
欅	⿰木擧	0	0	キョ	けやき		コ	u	21	
蘖	⿱薛木	0	0	ゲツ	ひこばえ				20	
櫺	⿰木霝	0	0	レイ リョウ	れんじ				21	
欒	⿱䜌木	0	0	ラン	おうち ひじき まどか まるい				23	
欖	⿰木覽	0	0	ラン			かんらん	u	26	
鬱	⿳⿲木缶木冖⿰鬯彡	8	0	ウツ	うっ.する ふさ.ぐ しげ.る		オチ	u	29	⿱⿱林⿱缶冖⿰鬯彡
欟	⿰木觀	0	0		つき				28	
欸	⿰矣欠	0	0	アイ カイ			イ ケ ああ	u	11	
欷	⿰希欠	0	0	キ	なげく		ケ すすりなく	u	11	
盜	⿱㳄皿	10	0	トウ	ぬす.む		ドウ	u	12	
欹	⿰奇欠	0	0	イ キ	そばだ.てる そばだ.つ		かたむく	u	12	
飮	⿰𩙿欠	0	0	イン オン	の.む				13	⿰⻞欠
歇	⿰曷欠	0	0	ケツ カイ カツ	や.める		コチ ケ カチ アツ	u	13	
歃	⿰臿欠	0	0	ソウ コウ ショウ	すす.る				13	
歉	⿰兼欠	0	0	ケン カン	あきたりない				14	
歐	⿰區欠	0	0	オウ	うた.う は.く		オ	u	15	
歙	⿰翕欠	0	0	キュウ キョウ ショウ	す.う		コウ	u	16	
歔	⿰虛欠	0	0	キョ	すすりな.く		コ	u	16	⿰虚欠
歛	⿰僉欠	0	0	レン			カン ケン コン	u	17	
歟	⿰與欠	0	0	ヨ	や か				17	
歡	⿰雚欠	0	0	カン	よろこ.ぶ				21	
歸	⿰⿱𠂤止帚	0	0	キ	かえ.る かえ.す おく.る とつ.ぐ		ギ	u	18	
歹	⿱一夕	0	0	ガツ ガチ タイ			サツ キョウ がつへん いちた	u	4	
歿	⿰歹⿱勹又	0	0	ボツ	しぬ		モチ	u	8	
殀	⿰歹夭	0	0	ヨウ	わかじに				8	
殄	⿰歹㐱	0	0	テン	た.つ つき.る つく.す		デン たえる	u	9	
殃	⿰歹央	0	0	オウ ヨウ	わざわい				9	
殍	⿰歹孚	0	0	ヒョウ フ	うえじに		ヒ ビョウ ビ	u	11	
殘	⿰歹戔	0	0	ザン	のこ.る のこ.す そこな.う のこ.り		サン	u	12	
殕	⿰歹咅	0	0	フ	ね.る		ホク フウ ホ ボク	u	12	
殞	⿰歹員	0	0	イン ウン	おち.る し.ぬ				14	
殤	⿰歹𬀷	0	0	ショウ	わかじに				15	
殪	⿰歹壹	0	0	エイ	たお.す		たおれる	u	16	
殫	⿰歹單	0	0	タン	つき.る		つくす	u	16	
殯	⿰歹賓	0	0	ヒン	かりもがり				18	
殲	⿰歹韱	0	0	セン	つく.す ほろぼ.す		つきる	u	21	
殱	⿰歹韯	0	0	セン	つく.す ほろぼ.す		つきる	u	19	
殳	⿱几又	0	0	シュ	また ほこ		ジュ ほこつくり るまた	u	4	
殷	⿰㐆殳	0	0	イン アン	さかん		オン エン	u	10	
殼	⿰壳殳	0	0	カク コク バイ	から		キャク	u	12	
毆	⿰區殳	0	0	オウ ク	なぐ.る たた.く		オ コウ うつ	u	15	
毋		0	0	ブ ム	はは ぼ ない なか.れ		ボウ	u	4	
毓	⿰每㐬	0	0	イク	そだ.つ そだ.てる はぐく.む	りゅう			14	
毟	⿱少毛	0	0		むし.る				8	
毬	⿺毛求	9	2431	キュウ	いが まり		グ	u	11	
毫	⿱⿳亠口冖毛	0	0	ゴウ コウ	ごう.も すこし				11	
毳	⿱毛㲎	0	0	ゼイ セイ セツ	けば むくげ		カツ ケチ セチ セ	u	12	
毯	⿺毛炎	0	0	タン			ダン	u	12	
麾	⿸麻毛	0	0	キ	さしまね.く さしずばた				15	⿸广⿱𣏟毛
氈	⿰亶毛	0	0	セン	もうせん				17	
氓	⿰亡民	0	0	ボウ	たみ		ミョウ	u	8	
气	⿳𠂉一乁	0	0	キ ケ	いき		キツ コチ きがまえ	u	4	⿳𠂉一⺄
氛	⿹气分	0	0	フン			ブン	u	8	
氤	⿹气因	0	0	イン					10	
氣	⿹气米	10	0	キ ケ	いき				10	
汞	⿱工水	0	0	コウ	みずがね		グ ク	u	7	
汕	⿰氵山	0	0	サン			セン	u	6	
汢	⿰氵土	0	0		ねた		ぬた	u	6	
汪	⿰氵王	0	2391	オウ		ひろ			7	
沂	⿰氵斤	0	0	ギ キ ギン			ゴン ゲ	u	7	
沍	⿰氵互	0	0	ゴ コ	さ.える こお.る ひ.える		カク ガク ギャク	u	7	
沚	⿰氵止	0	0	シ	なぎさ				7	
沁	⿰氵心	0	0	シン	し.みる				7	
沛	⿰氵巿	0	0	ハイ					8	
汾	⿰氵分	0	0	フン			ブン ホン ボン	u	7	
汨	⿰氵日	0	0	コツ イツ ベキ	しず.む		ミャク コチ イチ	u	7	
汳	⿰氵反	0	0	ヘン ベン					7	
沒	⿰氵⿱勹又	0	0	ボツ モツ	おぼ.れる しず.む ない		モチ バイ メ バ	u	7	
沐	⿰氵木	0	0	モク	もく.する あら.う		ボク	u	7	
泄	⿰氵世	0	0	セツ エイ	も.れる		セチ	u	8	
泱	⿰氵央	0	0	オウ			ヨウ エイ	u	8	
泓	⿰氵弘	0	0	オウ	ふか.い		コウ キョウ	u	8	
沽	⿰氵古	0	0	コ	あた.い あら.い う.る		ク かう	u	8	
泗	⿰氵四	0	0	シ	なみだ				8	
泅	⿰氵囚	0	0	シュウ	およぐ		ユウ ジュ	u	8	
泝	⿰氵斥	0	0	ソ	さかのぼる				8	
沮	⿰氵且	0	0	ソ ショ	はば.む		セン ゾ	u	8	
沱	⿰氵它	0	0	タ ダ			チ ジ	u	8	
沾	⿰氵占	0	0	セン チョウ テン	うるお.う うるお.す		トン ソン	u	8	
沺	⿰氵田	0	0	デン			テン	u	8	
泛	⿰氵乏	0	0	ハン ホウ	うか.ぶ		ホン フ ボウ	u	7	
泯	⿰氵民	0	0	ビン ベン ミン メン	ほろ.びる				8	
泙	⿰氵平	0	0	ホウ			ヘイ ビョウ ヒョウ	u	8	
泪	⿰氵目	0	0	ルイ レイ	なみだ				8	
洟	⿰氵夷	0	0	イ テイ	はなしる はなじる		ダイ はな	u	9	
衍	⿲彳氵亍	0	0	エン	あまり しく はびこ.る				9	⿴行氵
洶	⿰氵匈	0	0	キョウ	わ.く		ク シュ ショウ	u	9	
洫	⿰氵血	0	0	キョク	みぞ		ケキ イツ イチ	u	9	
洽	⿰氵合	0	0	コウ	あまねし うるお.す		ギョウ	u	9	
洸	⿰氵光	9	2430	コウ		ひろ ひろし たけし ひかり	オウ	u	9	
洙	⿰氵朱	0	0	シュ			ジュ	u	9	
洵	⿰氵旬	9	0	ジュン シュン	の.ぶ まこと.に		ケン まこと	u	9	
洳	⿰氵如	0	0	ジュ			ジョ ニョ	u	9	
洒	⿰氵西	0	2440	シャ ソン サイ セン	すす.ぐ あら.う		セイ シ セ サ	u	9	
洌	⿰氵列	0	0	レツ レイ	きよ.い		レチ	u	9	
浣	⿰氵完	0	0	カン	あら.う		ガン ゲン	u	10	
涓	⿰氵肙	0	0	ケン			エン ゲン	u	10	
浤	⿰氵宏	0	0	コウ	ふか.い		ギョウ	u	10	
浚	⿰氵夋	0	0	シュン	さら.える さら.う				10	
浹	⿰氵夾	0	0	ショウ	あまねし		ソウ コウ ギョウ	u	10	
浙	⿰氵折	0	2408	セツ			セチ セイ	u	10	
涎	⿰氵延	0	0	セン エン	よだれ		ゼン	u	10	
涕	⿰氵弟	0	0	テイ	なみだ な.く		タイ エキ ヤク	u	10	
濤	⿰氵壽	0	0	トウ	なみ		ドウ チュウ ジュ シュウ	u	17	
涅	⿰氵圼	0	0	ネツ デツ	そ.める		ネ ネチ ケン ゲン	u	10	
淹	⿰氵奄	0	0	エン	い.れる		ヨウ オウ	u	11	
渕	⿲氵关刂	0	1399	エン カク コウ	ふち かた.い はなわ				11	
渊	⿰氵𫂱	0	0	エン カク コウ	ふち かた.い はなわ				11	
涵	⿰氵函	0	0	カン	ひた.す		ゲン ゴン うるおす	u	11	
淇	⿰氵其	0	0	キ			ギ	u	11	
淦	⿰氵金	0	0	カン コン	あか		ゴン	u	11	
涸	⿰氵固	0	0	コ カク	か.れる か.らす こお.る		ガク ゴ	u	11	
淆	⿰氵肴	0	0	コウ	ま.じる		ギョウ	u	11	
淬	⿰氵卒	0	0	サイ	にらぐ		シュチ セ シュツ	u	11	
淞	⿰氵松	0	0	ショウ			シュ	u	11	
淌	⿰氵尙	0	0	トウ			ショウ	u	11	⿰氵尚
淨	⿰氵爭	10	0	ジョウ セイ	きよ.める きよ.い		ソウ シン	u	11	
淒	⿰氵妻	0	0	セイ サイ	すご.む さむ.い すご.い すさ.まじい		シ セン つめたい	u	11	
淅	⿰氵析	0	0	セキ			シャク とぐ	u	11	
淺	⿰氵戔	0	0	セン	あさ.い		サン ザン	u	11	
淙	⿰氵宗	0	0	ソウ			ス ゾウ	u	11	
淤	⿰氵於	0	0	オ ヨ	どろ				11	
淕	⿰氵坴	0	0	リク ロク					11	
淪	⿰氵侖	0	0	リン ロン	しず.む		カン	u	11	
淮	⿰氵隹	0	0	ワイ エ カイ					11	
渭	⿰氵胃	0	0	イ					12	
湮	⿰氵垔	0	0	イン エン	しず.む ふさ.ぐ				12	⿰氵⿱覀土
渮	⿰氵苛	0	0	カ					11	
渙	⿰氵奐	0	0	カン	あきらか	きよし	ケ カイ とける	u	12	
湲	⿰氵爰	0	0	エン カン			ゲン オン	u	12	
湟	⿰氵皇	0	0	コウ			オウ キョウ	u	12	
渾	⿰氵軍	9	0	コン	すべ.て にご.る		ゴン	u	12	
渣	⿰氵査	0	0	サ			シャ ジャ	u	12	⿰氵查
湫	⿰氵秋	0	0	シュウ ショウ	くて くで		シュ ジュ ソ	u	12	
渫	⿰氵枼	0	0	セツ チョウ	さら.う		セチ ジョウ エイ トウ	u	12	
湶	⿰氵泉	0	0	セン	いずみ ぜに				12	
湍	⿰氵耑	0	0	タン	はや.い はやせ		セン	u	12	
渟	⿰氵亭	0	0	テイ	とど.まる	ぬ	チョウ とどめる	u	12	
湃	⿰氵拜	0	0	ハイ			ヘ	u	12	
渺	⿰氵眇	0	0	ビョウ	びょう.たる		ミョウ	u	12	
湎	⿰氵面	0	0	メン ベン	おぼ.れる しず.む				12	
渤	⿰氵勃	0	0	ボツ ホツ			ボチ	u	12	
滿	⿰氵㒼	0	0	マン バン	み.ちる み.つ み.たす		ボン モン	u	14	
渝	⿰氵兪	0	0	ユ	かわ.る		ズ トウ かえる	u	12	⿰氵俞
游	⿰氵斿	0	0	ユウ リュウ	あそ.び あそ.ぶ およ.ぐ		ユ ル シュウ ジュ	u	12	
溂	⿰氵剌	0	0	ラツ					12	
溪	⿰氵奚	0	0	ケイ	たに たにがわ				13	
溘	⿰氵盍	0	0	コウ			カイ たちまち	u	13	
滉	⿰氵晃	9	0	コウ	ひろ.い		オウ	u	13	
溷	⿰氵圂	0	0	コン	かわや けが.れる にご.る みだ.れる		カン ゲン ゴン けがす	u	13	
滓	⿰氵宰	0	0	シ サイ	おり かす				13	
溽	⿰氵辱	0	0	ヒョク ジョク	むしあつ.い		ニク ジョ ニョ	u	13	
溯	⿰氵朔	0	0	ソ サク	さかのぼ.る				13	
滄	⿰氵倉	0	0	ソウ			ショウ	u	13	
溲	⿰氵叟	0	0	シュ シュウ ソウ	いばり ひた.す		ゆばり	u	13	
滔	⿰氵舀	0	0	トウ	はびこ.る		うごかす うごく	u	13	
滕	⿰月𣳾	0	0	トウ	わ.く		ドウ あがる あげる	u	15	⿸𰮤氺
溏	⿰氵唐	0	0	トウ			ドウ	u	13	
溥	⿰氵尃	0	2375	フ ハク	あまねし		ホ ブ	u	13	
滂	⿰氵旁	0	0	ホウ ボウ			ヒョウ	u	13	
溟	⿰氵冥	0	0	メイ	うみ くら.い		ベイ ミョウ ベキ ミャク	u	13	
潁	⿰⿱匕水頁	0	0	エイ			ヨウ	u	15	
漑	⿰氵既	0	0	ガイ カイ	そそ.ぐ		キ ケ	u	15	⿰氵旣
灌	⿰氵雚	0	0	カン	そそ.ぐ				20	
滬	⿰氵扈	0	0	コウ コ			ゴ	u	14	
滸	⿰氵許	0	0	コ	ほとり		ク キョ	u	14	
滾	⿰氵袞	0	0	コン	たぎ.る たぎ.らかす				14	
漿	⿱將水	0	0	ショウ	こんず		ソウ	u	15	
滲	⿰氵參	0	0	シン	し.みる にじ.む		リン	u	14	
漱	⿰氵欶	9	2054	ソウ シュウ ス	くちすす.ぐ くちそそ.ぐ うがい すす.ぐ		シュ	u	14	
滯	⿰氵帶	10	0	タイ テイ	とどこお.る		ダイ チ ジ セイ	u	14	
漲	⿰氵張	0	0	チョウ	みなぎ.る				14	
滌	⿰氵條	0	0	デキ テキ ジョウ	あら.う		ジャク チョウ	u	14	
漾	⿰氵羕	0	0	ヨウ	ただよ.う				14	
漓	⿰氵离	0	0	リ	うす.い				14	
滷	⿰氵鹵	0	0	ロ			ジャク セキ シャク テキ	u	14	
澆	⿰氵堯	0	0	ギョウ	そそ.ぐ		リョウ ニョウ ゴウ キョウ	u	15	
潺	⿰氵孱	0	0	セン サン			ゼン	u	15	
潸	⿰氵⿱𣏟月	0	0	サン			セン	u	15	
澁	⿰氵歮	10	0	ジュウ シュウ	しぶ しぶ.い しぶ.る				15	
澀	⿰氵歰	0	0	ジュウ シュウ	しぶ しぶ.い しぶ.る				17	
潯	⿰氵尋	0	0	ジン	ふち		ドン シン タン イン	u	15	
潛	⿰氵朁	0	0	セン	ひそ.む もぐ.る かく.れる くぐ.る		ゼン	u	17	
濳	⿰氵㬱	0	0	セン	ひそ.む もぐ.る かく.れる くぐ.る				19	
潭	⿰氵覃	0	0	タン ジン	ふち ふか.い		シン イン	u	15	⿰氵⿱覀早
澂	⿰氵𢽠	0	0	チョウ	すま.す す.む		ジョウ すみ	u	15	
潼	⿰氵童	0	0	ドウ トウ			ズ シュ ショウ	u	15	
潘	⿰氵番	0	0	ハン			ハ ホン	u	15	
澎	⿰氵彭	0	0	ホウ ヒョウ					15	
澑	⿰氵畱	0	0	リュウ	た.まる たま.る た.める したた.る				15	
濂	⿰氵廉	0	0	レン			セン	u	16	⿰氵⿸广⿻⿳一⺕八⿰亻亻
潦	⿰氵尞	0	0	ロウ	にわたずみ		リョウ	u	15	
澳	⿰氵奧	0	0	オウ イク オク	おき くま				16	
澣	⿰氵幹	0	0	カン	あら.う		ガン	u	16	
澡	⿰氵喿	0	0	ソウ	あら.う				16	
澤	⿰氵睪	0	2374	タク	さわ うるお.い うるお.す つや		ジャク セキ シャク ダク	u	16	
澹	⿰氵詹	0	0	タン セン	あわ.い		ダン ゼン	u	16	
濆	⿰氵賁	0	0	フン ホン	ほとり わ.く				15	
澪	⿰氵零	9	0	レイ	みお		リョウ	u	16	
濟	⿰氵齊	0	0	サイ セイ	す.む す.ます すく.う な.す		ザイ	u	17	
濕	⿰氵㬎	10	0	シツ シュウ	しめ.る しめ.す うるお.う うるお.す		トウ ゴウ ショウ	u	17	
濬	⿰氵睿	0	0	シュン	さら.う				17	
濔	⿰氵爾	0	0	ビ			デイ ナイ ミ ベイ	u	17	
濘	⿰氵寧	0	0	ネイ	ぬか.る		ニョウ ナイ デイ	u	17	
濱	⿰氵賓	0	0	ヒン	はま				17	
濮	⿰氵僕	0	0	ボク ホク					17	
濛	⿰氵蒙	0	0	モウ	こさめ		ボウ モ	u	16	
瀉	⿰氵寫	0	0	シャ	くだ.す は.く	だか	そそぐ	u	18	
瀋	⿰氵審	0	2188	シン					18	
濺	⿰氵賤	0	0	セン	そそ.ぐ		サン	u	18	
瀑	⿰氵暴	0	0	バク ハク ホウ ボウ	たき にわかあめ		ホク ボク	u	18	
瀁	⿰氵養	0	0	ヨウ			ただよう	u	18	
瀏	⿰氵劉	0	0	リュウ	きよ.い		ル	u	18	
濾	⿰氵慮	0	0	ロ リョ	こ.す				18	
瀛	⿰氵嬴	0	0	エイ	うみ		ヨウ	u	19	
瀚	⿰氵翰	0	0	カン	ひろ.い	なみ	ガン	u	19	
潴	⿰氵猪	0	0	チョ					15	
瀝	⿰氵歷	0	0	レキ	したた.る		こす	u	19	
瀘	⿰氵盧	0	0	ロ					19	
瀟	⿰氵蕭	0	0	ショウ					19	
瀰	⿰氵彌	0	0	ビ ミ			デイ ナイ ベイ メイ	u	20	
瀾	⿰氵闌	0	0	ラン	なみ				20	
瀲	⿰氵斂	0	0	レン	なぎさ				20	
灑	⿰氵麗	0	0	シャ サイ サ セ	そそ.ぐ		セイ ザイ セン シ	u	22	
灣	⿰氵彎	0	0	ワン	いりえ				25	
炙	⿱⿴𠂊⺀火	0	0	シャ セキ	あぶ.る		シャク ショ	u	8	⿱𱼀火
炒	⿰火少	0	2001	ソウ ショウ	い.る いた.める				8	
炯	⿰火冋	0	0	ケイ キョウ	あきらか	かま	ギョウ	u	9	
烱	⿰火冏	0	0	ケイ キョウ	あきらか				11	
炬	⿰火巨	0	0	コ キョ		たい	ゴ	u	9	
炸	⿰火乍	0	0	タク サ サク			ソウ サツ	u	9	
炳	⿰火丙	0	0	ヘイ	あきらか		ホウ ハウ ヒョウ	u	9	
炮	⿰火包	0	0	ホウ	あぶ.る		ビョウ ヒョウ	u	9	⿰火⿹勹巳
烟	⿰火因	0	0	エン	けむ.る けむり けむ.い				10	
烋	⿱休灬	0	0	コウ キュウ キョウ			ク	u	10	
烝	⿱丞灬	0	0	ジョウ ショウ	む.す もろもろ				10	
烙	⿰火各	0	0	ラク カク	や.く				10	
焉	⿱正⿹⿺㇉一灬	0	2167	エン	いずく.んぞ ここに これ		オン イ	u	11	
烽	⿰火夆	0	0	ホウ	のろし とぶひ		フ コウ グ	u	11	
焜	⿰火昆	0	0	コン	かがや.く		ゴン	u	12	
焙	⿰火咅	0	0	ホウ ハイ	ほう.じる あぶ.る		ベ ホイ	u	12	
煥	⿰火奐	0	2228	カン	あきらか				13	
煕	⿱巸灬	0	1241	キ	たのし.む ひか.る ひろ.い よろこ.ぶ	おき ひろし	イ	u	13	
熈	⿱⿲㇓臣巳灬	0	0	キ	たのし.む ひか.る ひろ.い よろこ.ぶ				15	⿱⿰𱼧巳灬
煦	⿱昫灬	0	0	ク	あたた.める		キョウ キュウ	u	13	
煢	⿱𤇾卂	0	0	ケイ	ひとりもの		ギョウ	u	13	
煌	⿰火皇	9	0	コウ	きらめ.く きら.めく かがや.く		オウ	u	13	
煖	⿰火爰	0	0	ダン カン ケン ナン	あたた.か あたた.める				13	
煬	⿰火昜	0	0	ヨウ	あぶ.る や.く		ショウ	u	13	
熏	⿱⿳㇒⿻⿳一⿴囗丷一丨一灬	0	0	クン	くす.べる ふす.べる いぶ.す いぶ.る				14	
燻	⿰火熏	0	0	クン	くす.べる ふす.べる いぶ.す いぶ.る				18	
熄	⿰火息	0	0	ソク	き.える や.む		ショク ソキ	u	14	
熕	⿰火貢	0	0		おおづつ		コウ	u	14	
熨	⿱尉火	0	0	イ ウツ	のし おさ.える の.す ひのし		ウチ	u	15	
熬	⿱敖灬	0	0	ゴウ	い.る				15	
燗	⿰火閒	0	0	ラン カン	かん.する				16	
熹	⿱喜灬	0	0	キ	あぶ.る あかるい	あきら			16	
熾	⿰火戠	0	0	シ	おこ.る おこ.す さかん		おき	u	16	
燒	⿰火堯	10	0	ショウ	や.く や.ける	やき			16	
燉	⿰火敦	0	0	トン			ドン	u	16	
燔	⿰火番	0	0	ハン	や.く		ボン フン ブン あぶる	u	16	
燎	⿰火尞	9	0	リョウ	かがりび				16	
燠	⿰火奧	0	0	ウ イク オウ	おき あたたか.い		ユウ	u	17	
燬	⿰火毀	0	0	キ	や.く		カ	u	17	⿰火毁
燧	⿰火遂	0	0	スイ	ひうち ひきり のろし		ズイ	u	17	⿰火⿺辶⿱八豕
燵	⿰火達	0	0	タツ					17	
燼	⿰火盡	0	0	ジン	もえのこり		シン	u	18	
燹	⿱豩火	0	0	セン	のび		キ ヘイ ビョウ フン	u	18	
燿	⿰火翟	9	0	ヨウ	かがや.く ひかり		ヤク シャク ソウ ショウ	u	18	
爍	⿰火樂	0	0	シャク	とか.す ひか.る		ラク ヤク	u	19	
爐	⿰火盧	0	0	ロ	いろり				20	
爛	⿰火闌	0	0	ラン	ただ.れる		レン	u	21	
爨	⿱⿶⿱𦥑冖⿵𠔼コ𤍾	0	0	サン	かし.ぐ かまど		セン	u	29	
爭	⿱爫⿻⿻コ一亅	10	0	ソウ	あらそ.う いか.でか		ショウ	u	8	⿱爫⿻⺕亅
爬	⿺爪巴	0	0	ハ	か.く は.う		バ ベ	u	8	
爰	⿳爫一友	0	0	エン	ここ.に		ここ	u	9	
爲	⿱爫⿵⿰丿⿳𠃍𠃍𠃌灬	10	0	イ	ため な.る な.す す.る				12	
爻	⿱㐅乂	0	0	コウ ギョウ	まじ.わる		めめ	u	4	
爼	⿰爻且	0	0	ソ ショ	まないた				9	
爿	⿰⿱𠃊丆丨	0	0	ショウ ソウ			ゾウ しょうへん	u	4	
牀	⿰爿木	0	0	ショウ ソウ	ゆか		ジョウ	u	8	
牆	⿰爿嗇	0	0	ショウ	かき		ゾウ	u	17	
牋	⿰片戔	0	0	セン					12	
牘	⿰片𧶠	0	0	トク	かきもの ふだ		ドク	u	19	⿰片賣
牴	⿰牛氐	0	0	テイ	ふ.れる		タイ	u	9	⿰牜氐
牾	⿰牛吾	0	0	ゴ					11	⿰牜吾
犂	⿱𥝢牛	0	0	リ レイ リュウ	すき		ライ ル からすき	u	12	
犁	⿱利牛	0	0	リ レイ リュウ	すき				11	
犇	⿱牛牪	0	0	ホン	ひし.めく ひしひし はし.る				12	
犒	⿰牛高	0	0	コウ	ねぎら.う				14	⿰牜高
犖	⿱𤇾牛	0	0	ラク	まだらうし				14	
犢	⿰牛𧶠	0	0	トク	こうし		ドク	u	19	⿰牜𧶠 ⿰牜賣
犧	⿰牛羲	0	0	ギ キ	いけにえ		サ	u	20	⿰牜羲
犹	⿰犭尤	0	0	ジョウ ユウ ヨウ	なお		ウ	u	7	
犲	⿰犭才	0	0	サイ	やまいぬ				6	
狃	⿰犭丑	0	0	ジュウ	な.れる なら.う		ジク ニュ ニク	u	7	
狆	⿰犭中	0	0	チュウ	ちん				7	
狄	⿰犭火	0	0	テキ	えびす		ジャク	u	7	
狎	⿰犭甲	0	0	オウ コウ	な.れる あなど.る		ゴウ	u	8	
狒	⿰犭弗	0	0	ヒ	ひひ		ビ	u	8	
狢	⿰犭各	0	0	カク ハク バク	むじな				9	
狠	⿰犭艮	0	0	ガン ゲン コン	もと.る		ギン ゴン	u	9	
狡	⿰犭交	0	0	コウ キョウ	ずる.い こす.い わるがしこ.い				9	
狹	⿰犭夾	10	0	キョウ コウ	せま.い せば.める せば.まる さ		ギョウ	u	10	
狷	⿰犭肙	0	0	ケン					10	
倏	⿰⿰亻丨⿱夂犬	0	0	シュク	たちまち				10	⿸攸犬
猗	⿰犭奇	0	0	イ ア	ああ		キ ギ	u	11	
猊	⿰犭兒	0	0	ゲイ					11	
猜	⿰犭靑	0	0	サイ	そね.む		セ うたがう	u	11	
猖	⿰犭昌	0	0	ショウ	くる.う				11	
猝	⿰犭卒	0	0	ソツ	にわか		ソチ	u	11	
猴	⿰犭侯	0	0	コウ	さる		ゴ	u	12	
猯	⿰犭耑	0	0	タン	いのしし まみ				12	
猩	⿰犭星	0	0	ショウ セイ ソウ	しょうじょう				12	
猥	⿰犭畏	0	0	ワイ	みだ.ら みだり.に		エ みだり	u	12	
猾	⿰犭骨	0	0	カツ	わるがしこ.い		ゲチ	u	13	
獎	⿱將犬	0	0	ショウ ソウ	すす.める				15	
獏	⿰犭莫	0	0	バク ミャク			ボ モ	u	13	
默	⿰黑犬	10	0	ボク モク	だ.まる もだ.す				16	
獗	⿰犭厥	0	0	ケツ			カチ	u	15	
獪	⿰犭會	0	0	カイ	わるがしこ.い		ケ カツ ゲチ	u	16	
獨	⿰犭蜀	0	0	ドク トク	ひと.り				16	
獰	⿰犭寧	0	0	ドウ ネイ	わる.い		ニョウ	u	17	
獸	⿰嘼犬	10	0	ジュウ	けもの けだもの		シュウ シュ	u	19	
獵	⿰犭巤	0	0	リョウ レフ	かり か.る				18	
獻	⿰鬳犬	0	0	ケン コン	たてまつ.る		サ キ ギ	u	20	
獺	⿰犭賴	0	0	ダツ タツ	うそ かわ かわうそ		タチ ダチ	u	19	
珈	⿰王加	9	0	カ	かみかざり		ケ	u	9	
玳	⿰王代	0	0	タイ	たいまい		ダイ	u	9	
珎	⿰王尓	0	0	チン	めずら.しい たから				9	⿰𤣩尔
玻	⿰王皮	0	0	ハ					9	
珀	⿰王白	9	0	ハク			ヒャク	u	9	
珥	⿰王耳	0	0	ジ	みみだま		ニョウ ジョウ ニ	u	10	
珮	⿰王𫥞	0	0	ハイ	おびだま				10	
珞	⿰王各	0	0	ラク			レキ リャク	u	10	
璢	⿰王畱	0	0	ル リュウ					16	
琅	⿰王良	0	0	ロウ					11	
瑯	⿰王郞	0	0	ロウ					14	⿰𤣩郎
琥	⿰王虎	9	0	コ			ク	u	12	
珸	⿰王吾	0	0	ゴ					11	
琲	⿰王非	0	0	ハイ	つらぬく		ベ	u	12	
琺	⿰王法	0	0	ホウ					12	
瑕	⿰王叚	0	0	カ	あら きず なんぞ		ゲ ケ	u	13	
琿	⿰王軍	0	0	コン			グン ゴン	u	13	
瑟	⿱玨必	0	0	シツ	おおごと		シチ シ	u	13	
瑙	⿰王𡿺	0	0	ノウ			ドウ	u	13	
瑁	⿰王冒	0	0	マイ バイ ボウ モウ			メ ボク モク	u	13	⿰𤣩⿱冃目
瑜	⿰王兪	0	0	ユ					13	⿰𤣩俞
瑩	⿱𤇾玉	0	0	エイ			ヨウ	u	15	
瑰	⿰王鬼	0	0	カイ	たま めずら.しい		エ キ	u	14	
瑣	⿰王𧴪	0	0	サ	ちいさ.い くさり				14	
瑪	⿰王馬	0	0	メ バ					14	
瑶	⿰王䍃	9	0	ヨウ	たま				13	⿰𤣩⿱⿱㇒𭕄𠙻
瑾	⿰王堇	0	0	キン			コン ギン	u	15	
璋	⿰王章	0	0	ショウ					15	
璞	⿰王菐	0	0	ハク	あらたま				16	
璧	⿱辟玉	8	0	ヘキ	たま		ヒャク	u	18	
瓊	⿰王夐	0	0	ケイ	たま		セン ギョウ ゼン	u	18	⿰𤣩敻
瓏	⿰王龍	0	0	ロウ			リョウ リュ ル	u	20	
瓔	⿰王嬰	0	0	エイ ヨウ			オウ	u	21	
珱	⿰王⿱𭕄女	0	0	エイ ヨウ			オウ	u	10	⿰𤣩𰋷
瓠	⿰夸瓜	0	0	コ カク	ひさご		ゴ ワク ふくべ	u	12	
瓣	⿲辛瓜辛	0	0	ベン ヘン	わきま.える わ.ける はなびら あらそ.う		ハン さね かんむり	u	20	⿴辡瓜
瓧	⿺瓦十	0	0		デカグラム				7	
瓩	⿺瓦千	0	0		キログラム				8	
瓮	⿱公瓦	0	0	オウ	もたい		オ	u	9	
瓲	⿺瓦屯	0	0		トン				9	
瓰	⿺瓦分	0	0		デシグラム				9	
瓱	⿺瓦毛	0	0		ミリグラム				9	
瓸	⿺瓦百	0	0		ヘクトグラム				11	
瓷	⿱次瓦	0	0	シ	かめ		ジ	u	11	
甄	⿰垔瓦	0	0	ケン シン	すえ		セン ケイ カイ	u	14	⿰⿱覀土瓦
甃	⿱秋瓦	0	0	シュウ	しきがわら いしだたみ		シュ	u	14	
甅	⿺瓦厘	0	0		センチグラム				14	
甌	⿰區瓦	0	0	オウ	ほとぎ はち かめ		ウ オ	u	16	
甎	⿰專瓦	0	0	セン	しきがわら かわら		ゼン	u	16	
甍	⿱⿳艹罒冖瓦	0	0	ボウ ミョウ	いらか		ベイ モウ	u	15	⿳⿱艹罒冖瓦
甕	⿱雍瓦	0	2448	オウ	かめ みか	もたい	オ ユ ヨウ	u	18	
甓	⿱辟瓦	0	0	ヘキ ビャク	かわら		ハク ヒャク	u	18	
甞	⿱𫩠甘	0	0	ショウ ジョウ	かつ.て な.める				13	
甦	⿺更生	0	2429	ソ コウ	よみがえ.る				12	
甬	⿱龴用	0	0	ヨウ			トウ ユ ズ	u	7	
甼	⿱田丁	0	0	チョウ	まち				7	
畄	⿱𭕄田	0	0	リュウ ル	と.める と.まる とど.める とど.まる				8	
畍	⿰田介	0	0	カイ	さかい				9	
畊	⿰田井	0	0	キョウ コウ	たが.やす				9	
畉	⿰田夫	0	0	フ	たがや.す		ブ	u	9	
畛	⿰田㐱	0	0	シン	あぜ				10	
畆	⿰亩厶	0	0	ボウ ホ モ ム	せ うね				9	
畚	⿳厶大田	0	0	ホン	もっこ ふご		いしみ	u	10	
畩	⿰田衣	0	0		けさ		げさ	u	11	
畤	⿰田寺	0	0	ジ シ			チ	u	11	
畧	⿱田各	0	0	リャク	ほぼ おか.す おさ.める はかりごと				11	
畫	⿳⿱𦘒一田一	0	0	ガ カク エ カイ	えが.く かく.する かぎ.る はかりごと		ギャク	u	12	⿱𤱪一 ⿳聿田一
畭	⿰田余	0	0	ヨ シャ					12	
畸	⿰田奇	0	0	キ					13	
當	⿱𫩠田	0	0	トウ	あ.たる あ.てる まさ.に	と			13	
疆	⿰⿹弓土畺	0	0	キョウ	さかい		コウ ギョウ ゴウ	u	19	
疇	⿰田壽	0	0	チュウ	うね たぐい ひと.しい		ジュ	u	19	
畴	⿰田寿	0	0	チュウ	うね たぐい ひと.しい				12	
疊	⿱畾冝	10	0	ジョウ チョウ	たた.む たたみ かさ.なる かさ.ねる				22	
疉	⿱畾宐	0	0	ジョウ チョウ	たた.む たたみ かさ.なる				22	⿱畾⿱冖彑
疂	⿳田⿱丷八冝	0	0	ジョウ チョウ	たた.む たたみ かさ.なる かさ.ねる				16	⿳田⿰⿱丶㇀⿱㇒丶冝
疔	⿸疒丁	0	0	テイ チョウ					7	
疚	⿸疒久	0	0	キュウ	やま.しい や.む		ク	u	8	
疝	⿸疒山	0	0	セン サン					8	
疥	⿸疒介	0	0	カイ	はたけ				9	
疣	⿸疒尤	0	0	ユ ユウ	いぼ		ウ	u	9	
痂	⿸疒加	0	0	カ ケ	かさ かさ.ぶた				10	
疳	⿸疒甘	0	0	カン					10	
痃	⿸疒玄	0	0	ゲン ケン					10	
疵	⿸疒此	0	0	シ	きず		ジ サイ ゼ セイ	u	11	
疽	⿸疒且	0	0	ソ ショ	かさ				10	
疸	⿸疒旦	0	0	タン					10	
疼	⿸疒冬	0	0	トウ	うず.く いた.む		ズ ドウ	u	10	
疱	⿸疒包	0	0	ホウ	もがさ		ヒョウ	u	10	⿸疒⿹勹巳
痍	⿸疒夷	0	0	イ	きず				11	
痊	⿸疒全	0	0	セン					11	
痒	⿸疒羊	0	0	ヨウ	かゆ.がる かさ かゆ.い		ショウ ゾウ	u	11	
痙	⿸疒巠	0	0	ケイ	つ.る ひきつ.る		ギョウ	u	12	
痣	⿸疒志	0	0	シ	あざ ほくろ				12	
痞	⿸疒否	0	0	ヒ	つかえ		ヘ ビ ハイ フウ	u	12	
痾	⿸疒阿	0	0	ア	やまい				13	
痿	⿸疒委	0	0	イ	な.える		ズイ ワイ ニ エ	u	13	
痼	⿸疒固	0	0	コ			ク	u	13	
瘁	⿸疒卒	0	0	スイ	つか.れる		ズイ	u	13	
痰	⿸疒炎	0	0	タン			ダン	u	13	
痺	⿸疒卑	0	0	ヒ	しび.れる				13	⿸疒⿱⿱㇒⿻日丿十
痲	⿸疒𣏟	0	0	マ バ	しび.れる		メ	u	13	
痳	⿸疒林	0	0	リン					13	
瘋	⿸疒風	0	0	フウ			フ	u	14	
瘍	⿸疒昜	8	0	ヨウ	かさ		トウ ドウ	u	14	
瘉	⿸疒兪	0	0	ユ	い.える いや.す		ヨ	u	14	⿸疒俞
瘟	⿸疒𥁕	0	0	オン	えやみ		オツ オチ ウン	u	15	⿸疒昷
瘧	⿸疒虐	0	0	ギャク ガク	おこり				14	
瘠	⿸疒脊	0	0	セキ ジャク	やせ.る				15	
瘡	⿸疒倉	0	0	ソウ ショウ	かさ				15	
瘢	⿸疒般	0	0	ハン	きず		バン	u	15	
瘤	⿸疒留	0	2373	リュウ ル	こぶ				15	
瘴	⿸疒章	0	0	ショウ					16	
瘰	⿸疒累	0	0	ルイ ラ ライ			レ	u	16	
瘻	⿸疒婁	0	0	ル ロウ	せむし かさ できもの		リュウ	u	16	
癇	⿸疒閒	0	0	カン	ひきつけ		ゲン	u	17	
癈	⿸疒發	0	0	ハイ			ヘ	u	17	
癆	⿸疒勞	0	0	ロウ			リョウ	u	17	
癜	⿸疒殿	0	0	デン テン	なまず				18	
癘	⿸疒萬	0	0	レイ ライ	えやみ				17	
癡	⿸疒疑	0	0	チ	し.れる おろか				19	
癢	⿸疒養	0	0	ヨウ	かゆ.い				20	
癨	⿸疒霍	0	0	カク					21	
癩	⿸疒賴	0	0	ライ			ラツ ラチ	u	21	
癪	⿸疒積	0	0		しゃく				21	
癧	⿸疒歷	0	0	レキ			リャク	u	21	
癬	⿸疒鮮	0	0	セン	たむし				22	
癰	⿸疒雝	0	0	ヨウ	はれもの		ユ	u	23	
癲	⿸疒顚	0	0	テン					24	⿸疒顛
癶	⿰②③	0	0	ハツ			ハチ はつがしら	u	5	
癸	⿱癶天	0	0	キ	みずのと				9	
發	⿱癶𭚧	0	0	ハツ ホツ	た.つ あば.く おこ.る つか.わす	ば	ホチ ハイ ヘ ハチ	u	12	⿹癹弓
皀	⿱白匕	0	0	キュウ ヒョク キョウ コウ			ヒュウ ホウ ヒキ	u	7	
皃	⿱白儿	0	0	ボウ バク	かたち かたどる				7	
皈	⿰白反	0	0	キ	かえ.る かえ.す おく.る とつ.ぐ				9	
皋	⿱白夲	0	0	コウ	さつき		ゴウ コ ク	u	10	
皎	⿰白交	0	0	キョウ コウ	きよ.い しろ.い				11	
皖	⿰白完	0	0	カン			ゲン ガン コン ゴン	u	12	
皓	⿰白告	9	2428	コウ	しろ.い ひか.る	あきら てる あき ひろ ひろし	ゴウ カイ ケ	u	12	
皙	⿱析白	0	0	シャク セキ	しろ.い				13	
皚	⿰白豈	0	0	ガイ ギ ゲ カイ	しろ.い さむ.い				15	
皰	⿰皮包	0	0	ホウ ビョウ	にきび				10	⿰皮⿹勹巳
皴	⿰夋皮	0	0	シュン	ひび しわ				12	
皸	⿰軍皮	0	0	クン キン	ひび あかぎれ				14	
皹	⿰皮軍	0	0	クン キン	ひび あかぎれ				14	
皺	⿰芻皮	0	0	シュウ スウ	しわ しぼ		シュ	u	15	
盂	⿱于皿	0	0	ウ	はち				8	
盍	⿱去皿	0	0	コウ	おお.う なんぞ		カツ ゴウ カチ カイ	u	10	
盖	⿱𦍌皿	0	0	ガイ カイ コウ	ふた けだ.し おお.う かさ				11	
盒	⿱合皿	0	0	コウ	さら ふたもの		ゴウ アン オン	u	11	
盞	⿱戔皿	0	0	サン セン	さかずき				13	
盡	⿱𭴘皿	10	0	ジン サン	つ.くす つ.きる つ.かす さかづき	まま	シン	u	14	
盥	⿱⿴𦥑水皿	0	0	カン	たらい そそ.ぐ				16	
盧	⿸虍⿱田皿	0	1483	ロ			リョ	u	16	⿸虍𰤷 ⿸𧆨皿
盪	⿱湯皿	0	0	トウ	とろ.かす あら.う うご.く		ドウ	u	17	
蘯	⿱艹盪	0	0	トウ	とろ.かす あら.う うご.く				20	
盻	⿰目兮	0	0	ケイ	にら.む		ゲイ	u	9	
眈	⿰目冘	0	0	タン	にら.む		トン ドン チン	u	9	
眇	⿰目少	0	0	ビョウ ミョウ	びょう.たる すがめ		すがめる	u	9	
眄	⿰目丏	0	0	ベン メン	かえり.みる				9	
眩	⿰目玄	0	0	ゲン カン	げん.す くるめ.く まぶ.しい くら.む		ケン まどう めまい まばゆい	u	10	
眤	⿰目尼	0	0	ケイ ダイ	てい い				10	
眞	⿳匕⿺𠃊目八	10	2359	シン	ま まこと	さな ち まこ まさ まつ			10	
眥	⿱此目	0	0	セ イシ サイ シ	まなじり めじり		セイ ザイ ゼ	u	11	
眦	⿰目此	0	0	セ イシ サイ シ	まなじり めじり		セイ	u	11	
眛	⿰目未	0	0	マイ バイ	くら.い		メ	u	10	
眷	⿱𠔉目	0	0	ケン	かえり.みる				11	⿱龹目
眸	⿰目牟	9	0	ボウ ム	ひとみ				11	
睇	⿰目弟	0	0	テイ ダイ					12	
睚	⿰目厓	0	0	ガイ	まなじり		ガ ゲ	u	13	
睨	⿰目兒	0	0	ゲイ	にら.む にら.み				13	
睫	⿰目疌	0	0	ショウ	まつげ				13	
睛	⿰目靑	0	0	セイ ショウ	ひとみ				13	
睥	⿰目卑	0	0	ヘイ	ながしめ み.る				13	⿰目⿱⿱㇒⿻日丿十
睿	⿳𣦵八𥃦	0	0	エイ	あき.らか				14	⿳⿱⺊冖一⿱八𥃦
睾	⿱丿睪	0	0	コウ			ゴウ	u	14	⿱⿱丿⺫幸
睹	⿰目者	0	0	ト	み.る		ツ	u	14	⿰目⿻者丶
瞎	⿰目害	0	0	カツ	めくら かため				15	⿰目⿳宀⿻㇒𰀁口
瞋	⿰目眞	0	0	シン	い.かる いか.らす		シ チン テン デン	u	15	⿰目真
瞑	⿰目冥	0	2326	メイ ベン ミョウ ミン	めい.する つぶ.る つむ.る くら.い		メン ベイ ボウ	u	15	
瞠	⿰目堂	0	0	ドウ トウ	みは.る		チョウ ジョウ	u	16	
瞞	⿰目㒼	0	0	マン モン バン ボン	だま.す		ベン メン	u	16	
瞰	⿰目敢	0	0	カン	み.る				17	
瞶	⿰目貴	0	0	キ			イ ユイ	u	17	
瞹	⿰目愛	0	0	アイ					18	
瞿	⿱䀠隹	0	0	ク	おそ.れる み.る		グ キョク	u	18	
瞼	⿰目僉	0	0	ケン	まぶた				18	
瞽	⿱鼓目	0	0	コ	めし.い		ク	u	18	
瞻	⿰目詹	0	0	セン	み.る				18	
矇	⿰目蒙	0	0	モウ ボウ	くら.い めし.い		モ	u	18	
矍	⿱瞿又	0	0	カク			キャク	u	20	
矗	⿱直⿰直直	0	0	チョク シュク チク	なお.い		チュウ チュ	u	24	
矚	⿰目屬	0	0	ショク ソク	み.る				26	
矜	⿰矛今	0	0	キン キョウ ケイ	あわ.れむ つつし.む ほこ.る		ギョウ ギン ゴン カン	u	9	
矣	⿱厶矢	0	0	イ					7	
矮	⿰矢委	0	0	ワイ アイ	ひく.い		ア	u	13	
矼	⿰石工	0	0	コウ		ばし	ク	u	8	
砌	⿰石切	0	0	サイ セイ	みぎり				9	
砒	⿰石比	0	0	ヒ ヘイ			ビ	u	9	
礦	⿰石廣	0	0	コウ	あらがね				20	
砠	⿰石且	0	0	ソ ショ					10	
礪	⿰石厲	0	0	レイ	あらと みが.く	と			19	
硅	⿰石圭	0	0	カク キャク ケイ	やぶ.る				11	
碎	⿰石卒	10	0	サイ	くだ.く くだ.ける		セ	u	13	
硴	⿰石花	0	0		かき				12	
碆	⿱波石	0	0	ハ			バ	u	13	
硼	⿰石朋	0	0	ホウ			ヒョウ	u	13	
碚	⿰石咅	0	0	ハイ					13	
碌	⿰石彔	0	0	ロク	ろく.な		ラク リョク	u	13	⿰石录
碣	⿰石曷	0	0	ケツ	いしぶみ		ゲチ ゲイ カチ エチ	u	14	
碵	⿰石貞	0	0			せき ひろ いしずえ みつる みち	セキ ヒロ	u	14	
碪	⿰石甚	0	0	チン	きぬた		ガン ゴン カン コン	u	14	
碯	⿰石𡿺	0	0	ノウ			ドウ	u	14	
磑	⿰石豈	0	0	ガイ	う.す		カイ ゲ バ マ	u	15	
磆	⿰石骨	0	0	カツ			ゲチ カチ	u	15	
磋	⿰石差	0	0	サ	みが.く				15	
磔	⿰石桀	0	0	タク チャク	さ.く はりつけ ひらく				16	
碾	⿰石展	0	0	テン	ひ.く う.す		デン ネン	u	15	
碼	⿰石馬	0	0	バ メ	やーど やある		マ	u	15	
磅	⿰石旁	0	0	ボウ ホウ	ぽんど		ヒョウ	u	15	
磊	⿱石砳	0	0	ライ			レ	u	15	
磬	⿱殸石	0	0	ケイ			キョウ キン	u	16	
磧	⿰石責	0	0	セキ	かわら		シャク	u	16	
磚	⿰石專	0	0	セン	かわら		タン ダン タ ダ	u	16	
磽	⿰石堯	0	0	コウ キョウ			ガク ギョウ ゴウ	u	17	
磴	⿰石登	0	0	トウ					17	
礇	⿰石奧	0	0	イク					18	
礒	⿰石義	0	2344	ギ ガ	いそ いわお				18	
礑	⿰石當	0	0	トウ	はた はたと				18	
礙	⿰石疑	0	0	ガイ ゲ	さまた.げる		ギ	u	19	
礬	⿱樊石	0	0	バン ハン			ボン	u	20	
礫	⿰石樂	0	0	レキ	つぶて こいし		リャク ラク	u	20	
祀	⿰示巳	0	0	シ	まつ.る まつり		ジ とし	u	8	
祠	⿰示司	0	0	シ	ほこら まつる		ジ	u	10	
祗	⿰示氐	0	0	シ	つつし.む まさに				10	
祟	⿱出示	0	0	スイ	たた.る たた.り		シュツ シュチ	u	10	
祚	⿰示乍	0	0	ソ	くら.い さいわ.い		ゾ	u	10	
祕	⿰示必	10	0	ヒ	ひ.める かく.す		ヒツ ヒチ	u	10	
祓	⿰示犮	0	0	フツ ハイ	はら.う		フチ ヘ バイ はらい	u	9	
祺	⿰示其	0	0	キ	さいわ.い やす.い		ギ	u	13	
祿	⿰示彔	9	0	ロク	さいわ.い ふち		リョク	u	13	
禊	⿰示契	0	0	ケイ カツ	みそぎ はら.う		ゲイ ケチ	u	14	
禝	⿰示畟	0	0	ショク	きび		シキ	u	15	
禧	⿰示喜	0	0	キ	さいわ.い				17	
齋	⿵齊小	0	0	サイ	つつし.む とき ものいみ		シ	u	17	⿵齊𡭔
禪	⿰示單	10	0	ゼン セン	しずか ゆず.る				17	
禮	⿰示豊	10	0	レイ ライ		ひろ れ	リ	u	18	
禳	⿰示襄	0	0	ジョウ	はら.う		ニョウ	u	22	
禹	⿻䖝冂	0	0	ウ					9	
禺	⿻日禸	0	0	グ グウ	おながざる		ギョウ	u	9	⿱田禸
秉	⿻禾⿻コ一	0	0	ヘイ	と.る		ヒョウ ヒン	u	8	⿻禾⺕
秕	⿰禾比	0	0	ヒ	しいな		ビ	u	9	
秧	⿰禾央	0	0	オウ	なえ		ヨウ	u	10	
秬	⿰禾巨	0	0	キョ	くろきび		ゴ	u	10	
秡	⿰禾犮	0	0	ハツ バチ		はらい	フツ ハイ はらう	u	10	
秣	⿰禾末	0	0	マツ バツ	まぐさ まぐさかう		バイ メ マイ マチ	u	10	
稈	⿰禾旱	0	0	カン	わら				12	
稍	⿰禾肖	0	0	ソウ ショウ	やや ようやく		すこし	u	12	
稘	⿰禾其	0	0	キ			ギ	u	13	
稙	⿰禾直	0	0	ショク チョク		たね	チキ ジキ	u	13	
稠	⿰禾周	0	0	チュウ チョウ	おお.い し.げる		ジュ ジョウ	u	13	⿰禾⿵⺆⿱𰀁口
稟	⿱㐭禾	9	0	リン ヒン	こめぐら		ホン うける	u	13	
禀	⿱㐭示	0	0	リン ヒン	こめぐら		あたえる うける	u	13	
稱	⿰禾爯	0	0	ショウ	たた.える とな.える あ.げる かな.う				14	⿰禾⿱爫冉
稻	⿰禾舀	10	0	トウ テ	いね いな-		ドウ	u	15	
稾	⿱高禾	0	0	コウ	わら したがき		キョウ	u	15	
稷	⿰禾畟	0	0	ショク	きび		シキ	u	15	
穃	⿰禾容	0	0	ヨウ					15	
穗	⿰禾惠	10	0	スイ	ほ	お	ズイ	u	17	
穉	⿰禾犀	0	0	チ ジ	いと.けない おさ.ない おく.て おご.る				17	
穡	⿰禾嗇	0	0	ショク			シキ	u	18	
穢	⿰禾歲	0	0	アイ エ ワイ	けが.す けが.れ けが.れる		あれる	u	18	
穩	⿰禾㥯	0	0	オン	おだ.やか				19	
龝	⿰禾龜	0	0	シュウ	あき とき				21	
穰	⿰禾襄	9	0	ジョウ	わら ゆたか	みのる	ニョウ ゼイ	u	22	
穹	⿱穴弓	9	0	キュウ キョウ	あめ そら		ク コウ	u	8	⿱⿱宀儿弓
穽	⿱穴井	0	0	セイ	おとしあな		ジョウ	u	9	⿱⿱宀儿井
窈	⿱穴幼	0	0	ヨウ					10	⿱⿱宀儿幼
窗	⿱穴囱	0	0	ソウ ス	まど てんまど けむだし				12	⿱⿱宀儿囱
窕	⿱穴兆	0	0	チョウ ヨウ	うつく.しい		ジョウ	u	11	⿱⿱宀儿兆
窘	⿱穴君	0	0	キン	たしな.める くるし.む		ゴン ギ キ クン	u	12	⿱⿱宀儿君
窖	⿱穴吿	0	0	コウ キョウ	あなぐら		ソウ	u	12	⿱⿱宀儿吿 ⿱穴告
窩	⿱穴咼	0	0	カ ワ	むろ				14	⿱⿱宀儿咼
竈	⿳穴土黽	0	0	ソウ	かまど かま へっつい				21	⿱𥤧黽
窰	⿱穴䍃	0	0	ヨウ	かま				15	⿱⿱宀儿䍃
窶	⿱穴婁	0	0	ロウ ク ル	や.つる や.つれる		リョ ロ グ	u	16	⿱⿱宀儿婁
竅	⿱穴敫	0	0	キョウ	あな				18	⿱⿱宀儿敫
竄	⿱穴鼠	0	0	ザン サン	かく.れる のが.れる		サイ セ	u	18	⿱⿱宀儿鼠
窿	⿱穴隆	0	0	リュウ			リュ	u	16	⿱⿱宀儿隆
邃	⿺辶⿱穴㒸	0	0	スイ	おくぶか.い		ふかい	u	18	⿺辶⿱⿱宀儿㒸
竇	⿱穴𧶠	0	0	トウ トク	あな		ズ ドク	u	20	⿱⿱宀儿𧶠 ⿱穴賣
竊	⿱穴⿰釆⿳⺊𠔿禸	0	0	セツ	ぬす.む ひそ.かに		セチ	u	22	⿱⿱宀儿⿰釆⿳⺊𠔿⿵冂厶
竍	⿰立十	0	0		デカリットル				7	
竏	⿰立千	0	0		キロリットル				8	
竕	⿰立分	0	0		デシリットル				9	
竓	⿰立毛	0	0		ミリリットル				9	
站	⿰立占	0	0	タン	た.つ たたず.む えき				10	
竚	⿰立宁	0	0	チョ	たたず.む				10	
竝	⿰立立	0	0	ヘイ ホウ	な.み なら.べる なら.ぶ なら.びに		ビョウ ボウ ハン バン	u	10	
竡	⿰立百	0	0		ヘクトリットル				11	
竢	⿰立矣	0	0	シ	まつ				12	
竦	⿰立束	0	0	ショウ	すく.む おそ.れる つつし.む		シュ	u	12	
竭	⿰立曷	0	0	ケツ	つく.す		ゲチ つきる	u	14	
竰	⿰立厘	0	0		センチリットル				14	
笂	⿱竹丸	0	0		うつぼ				9	⿱𥫗丸
笏	⿱竹勿	0	2306	コツ	しゃく		ブン ブツ コチ モチ	u	10	⿱𥫗勿
笊	⿱竹爪	0	0	ソウ	ざる す		ショウ	u	10	⿱𥫗爪
笆	⿱竹巴	0	0	ハ			ヘ	u	10	⿱𥫗巴
笳	⿱竹加	0	0	カ	あしぶえ		ケ	u	11	⿱𥫗加
笘	⿱竹占	0	2268	セン チョウ			サン	u	11	⿱𥫗占
笙	⿱竹生	9	0	ショウ ソウ	ふえ		セイ シン	u	11	⿱𥫗生
笞	⿱竹台	0	0	チ	むち しもと		むちうつ	u	11	⿱𥫗台
笵	⿱竹氾	0	0	ハン ボン	のり				11	⿱𥫗氾
笨	⿱竹本	0	0	ホン	あら.い	がさ	ボン	u	11	⿱𥫗本
笶	⿱竹矢	0	0	シ					11	⿱𥫗矢
筐	⿱竹匡	0	0	キョウ	かたみ かご はこ		コウ	u	12	⿱𥫗匡
筺	⿱竹匤	0	0	キョウ	かたみ かご はこ	こばこ			13	⿱𥫗匤
笄	⿱竹开	0	0	ケイ	こうがい				10	⿱𥫗开
筍	⿱竹旬	0	0	ジュン シュン イン	たけのこ たかんな				12	⿱𥫗旬
笋	⿱竹尹	0	0	ジュン シュン イン	たけのこ たかんな				10	⿱𥫗尹
筌	⿱竹全	0	0	セン	うけ うえ				12	⿱𥫗全
筅	⿱竹先	0	0	セン	ささら				12	⿱𥫗先
筵	⿱竹延	0	0	エン	むしろ				13	⿱𥫗延
筥	⿱竹呂	0	0	キョ		はこ	リョ ロ コ	u	13	⿱𥫗呂 ⿱竹吕
筴	⿱竹夾	0	0	キョウ サク	めどぎ		コウ シャク	u	13	⿱𥫗夾
筧	⿱竹見	0	0	ケン	かけひ	かけい			13	⿱𥫗見
筰	⿱竹作	0	0	サク	しゃく		セキ	u	13	⿱𥫗作
筱	⿱竹攸	0	0	ゾウ ショウ	しの				13	⿱𥫗攸
筬	⿱竹成	0	0	セイ	おさ		ジョウ	u	13	⿱𥫗成
筮	⿱竹巫	0	0	ゼイ セイ	うらな.う めどぎ		エイ	u	13	⿱𥫗巫
箝	⿱竹拑	0	0	カン ケン	す.げる くびかせ はさ.む		ゲン	u	14	⿱𥫗拑
箘	⿱竹囷	0	0	キン			ゴン	u	14	⿱𥫗囷
箟	⿱竹昆	0	0	キン					14	⿱𥫗昆
箍	⿱竹㧜	0	0	コ	たが		ク	u	14	⿱𥫗㧜
箜	⿱竹空	0	0	ク コウ					14	⿱𥫗空
箚	⿱竹㓣	0	0	トウ サツ チョウ	さ.す				14	⿱𥫗㓣
箋	⿱竹戔	8	0	セン	ふだ				14	⿱𥫗戔
箒	⿱竹帚	0	0	ソウ シュウ	ほうき				14	⿱𥫗帚
箏	⿱竹爭	0	2290	ソウ ショウ	こと				14	⿱𥫗爭
筝	⿱竹争	0	0	ソウ ショウ	こと				12	⿱𥫗争
箙	⿱竹服	0	0	フク	えびら		ブク	u	14	⿱𥫗服
篋	⿱竹匧	0	0	キョウ	はこ				15	⿱𥫗匧
篁	⿱竹皇	0	0	コウ	たかむら		オウ	u	15	⿱𥫗皇
篌	⿱竹侯	0	0	ゴ コウ					15	⿱𥫗侯
篏	⿱竹𣢟	0	0	カン	は.める は.まる あな		はさむ	u	15	⿱𥫗𣢟
箴	⿱竹咸	0	0	シン	いまし.める はり		カン	u	15	⿱𥫗咸
篆	⿱竹彖	0	2243	テン			デン	u	15	⿱𥫗彖
篝	⿱竹冓	0	0	コウ	かがりび かがり ふせご		ク	u	16	⿱𥫗冓
篩	⿱竹師	0	0	シ サイ	ふる.う		ふるい	u	16	⿱𥫗師
簑	⿱竹衰	0	2427	サ サイ	みの				16	⿱𥫗衰
簔	⿱竹衰	0	0	サ サイ	みの				17	⿱𥫗⿳亠⿳一卄一𧘇
篦	⿱竹𣬉	0	0	ヘイ ハイ	へら の		ヒ ビ	u	16	⿱𥫗𣬉
篥	⿱竹栗	0	0	リキ リツ リチ					16	⿱𥫗栗
籠	⿱竹龍	8	0	ロウ ル	かご こ.める こも.る こ.む	ごめ もり	リョウ リュ	u	22	⿱𥫗龍
簀	⿱竹責	0	0	サク ジャク セキ	す		シャク サイ セ	u	17	⿱𥫗責
簇	⿱竹族	0	0	ゾク ソウ ソク	むら.がる		サク シュ やじり	u	17	⿱𥫗族
簓	⿱竹彫	0	0		ささら		セン	u	17	⿱𥫗彫
篳	⿱竹畢	0	0	ヒチ ヒツ	まがき		ヒ	u	17	⿱𥫗畢
篷	⿱竹逢	0	0	ホウ	とま		ボ	u	17	⿱𥫗逢
簗	⿱竹梁	0	2278	リョウ	やな		ヤナセ	u	17	⿱𥫗梁
簍	⿱竹婁	0	0	ル ロウ			ク グ	u	17	⿱𥫗婁
篶	⿱竹焉	0	0	エン	くろだけ すず				17	⿱𥫗焉
簣	⿱竹貴	0	0	キ	もっこ あじか		カイ ギ ケ	u	18	⿱𥫗貴
簧	⿱竹黃	0	0	コウ	した		オウ	u	18	⿱𥫗黃 ⿱竹黄
簪	⿱竹朁	0	0	シン サン	かんざし		ザン	u	20	⿱𥫗朁
簟	⿱竹覃	0	0	タン テン	たかむしろ		デン	u	18	⿱𥫗⿱覀早
簷	⿱竹詹	0	0	エン	ひさし		のき	u	19	⿱𥫗詹
簫	⿱竹肅	0	0	ショウ	ふえ				19	⿱𥫗肅
簽	⿱竹僉	0	0	セン	かご				19	⿱𥫗僉
籌	⿱竹壽	0	0	チュウ	かずとり はかりごと		ジュ トウ ドウ	u	20	⿱𥫗壽
籃	⿱竹監	0	0	ラン	かご				21	⿱𥫗監
籔	⿱竹數	0	0	ソウ	やぶ		ス シュ	u	21	⿱𥫗數
籏	⿱竹旗	0	0	キ	はた		ばた	u	20	⿱𥫗旗
籀	⿱竹㨨	0	0	チュウ シュウ ジュ	よ.む				19	⿱𥫗㨨
籐	⿱竹滕	0	0	トウ			ドウ	u	21	⿱𥫗滕
籘	⿱竹縢	0	0	トウ					22	⿱𥫗縢
籟	⿱竹賴	0	0	ライ	ふえ				22	⿱𥫗賴
籤	⿱竹韱	0	0	セン	くじ かずとり				23	⿱𥫗韱
籖	⿱竹韯	0	0	セン	くじ かずとり				21	⿱𥫗韯
籥	⿱竹龠	0	0	ヤク	ふえ				23	⿱𥫗龠
籬	⿱竹離	0	0	リ	まがき かき				25	⿱𥫗離
籵	⿰米十	0	0		デカメートル		ハン	u	8	
粃	⿰米比	0	0	ヒ	しな しいな				10	
粐	⿰米戸	0	0	ロ コ	ぬか	よねど			10	⿰米户
粤	⿱⿴⿱丿囗米丂	0	0	エツ	ここに		オチ	u	12	⿳㇒𡇒丂
粭	⿰米合	0	0		すくも				12	
粢	⿱次米	0	0	シ	しとぎ		セイ ザイ	u	12	
粫	⿰米而	0	0	ジ メン	うるち				12	
粡	⿰米同	0	0	トウ			ズ	u	12	
粨	⿰米百	0	0		ヘクトメートル				12	
粳	⿰米更	0	0	コウ	うるち ぬか		キョウ	u	13	
粲	⿱𣦼米	0	0	サン	いい				13	
粱	⿱⿰氵刅米	0	0	リョウ	あわ				13	⿱𱥻米
粮	⿰米良	0	0	リョウ ロウ	かて				13	
粹	⿰米卒	10	0	スイ	いき		サイ セ	u	14	
粽	⿰米宗	0	0	ソウ	ちまき		ス	u	14	
糀	⿰米花	0	0		こうじ				13	⿰米⿱艹⿰亻𠤎
糅	⿰米柔	0	0	ジュウ	ま.じる		ニュ かて かてる	u	15	
糂	⿰米甚	0	0	ジン			サン	u	15	
糘	⿰米家	0	0		すくも				16	
糒	⿰米⿱卄⿸厂用	0	0	ビ ハイ	ほしい ほしい.い		ヒ ベ	u	16	⿰米𤰇
糜	⿸麻米	0	0	ビ	ただ.れる		ミ かゆ	u	17	⿸广⿱𣏟米
糢	⿰米莫	0	0	ボ モ	かた のっとる				16	
鬻	⿱粥鬲	0	0	イク シュク	かゆ かい ひさ.ぐ		ビ ミ キク コク	u	22	⿶𩰲米
糯	⿰米需	0	0	ダ ナ	もちごめ		ダン ナン	u	20	
糲	⿰米厲	0	0	レイ ラツ	あら.い くろごめ		ラチ ライ	u	20	
糴	⿰籴翟	0	0	チョウ テキ	う.る せり かいよね		ジャク チャク トウ ドウ	u	22	
糶	⿰粜翟	0	0	チョウ	せり うりよね		ジョウ	u	25	
糺	⿰糸乚	0	0	キュウ	ただ.す あざな.う				7	
紆	⿰糸于	0	0	ウ	まが.る めぐ.る		ク オウ オ	u	9	
紂	⿰糸寸	0	0	チュウ	しりがい		ジュ	u	9	
紜	⿰糸云	0	0	ウン	みだ.れる				10	
紕	⿰糸比	0	0	ヒ			ビ ヘン ベン シ	u	10	
紊	⿱文糸	0	0	ビン ブン	みだ.れる		モン	u	10	
絅	⿰糸冋	0	0	ケイ	ひ.く		キョウ ギョウ	u	11	
絋	⿰糸広	0	0	コウ			ゲン ヒロシ ヒロム ヒロ	u	11	
紮	⿱札糸	0	0	サツ	からげる		サチ	u	11	
紲	⿰糸世	0	0	セツ	きずな		セチ	u	11	
紿	⿰糸台	0	0	タイ	あざむ.く		ダイ	u	11	
紵	⿰糸宁	0	0	チョ			ジョ からむし	u	11	
絆	⿰糸半	9	2220	ハン	きずな ほだ.す つな.ぐ		バン ほだし	u	11	⿰糸⿻八𰀁
絳	⿰糸夅	0	0	コウ	あか				13	
絖	⿰糸光	0	0	コウ	ぬめ わた				12	
絎	⿰糸行	0	0	コウ	く.れる く.ける		ギョウ	u	12	
絲	⿰糸糸	0	0	シ	いと				12	
絨	⿰糸戎	0	0	ジュウ			ニュ	u	12	
絮	⿱如糸	0	0	ジョ ショ	わた		チョ ダ ナ ニョ	u	12	
絏	⿰糸曳	0	0	セツ			セチ エイ	u	12	
絣	⿰糸并	0	0	ホウ	かすり		ヘイ ヒョウ ヘン	u	12	
經	⿰糸巠	0	0	ケイ キョウ	へ.る た.つ たていと はか.る	つね			13	
綉	⿰糸秀	0	0	シュウ ツ トウ			ぬいとり	u	13	
絛	⿰⿰亻丨⿱攵糸	0	0	ジュウ ジョウ トウ	さなだ				13	⿸攸糸
綏	⿰糸妥	0	0	スイ タ	やす.い		タイ ズイ キ ニ	u	13	
絽	⿰糸呂	0	0	ロ リョ					13	⿰糸吕
綛	⿰糸忍	0	0		かせ かすり				13	
綺	⿰糸奇	9	2413	キ	あや		いろう	u	14	
綮	⿱𢼄糸	0	0	ケイ			エイ キョウ	u	14	⿱⿰戸攵糸
綣	⿰糸卷	0	0	ケン			カン キン	u	14	
綵	⿰糸采	0	0	サイ	あや あやぎぬ				14	
緇	⿰糸甾	0	0	シ	くろ		くろむ	u	14	
綽	⿰糸卓	0	0	シャク	あだ しな.やか ゆる.やか				14	
綫	⿰糸戔	0	0	セン	すじ				14	
總	⿰糸悤	0	0	ソウ	す.べて すべ.て ふさ	ずさ	ス	u	17	
綢	⿰糸周	0	0	チュウ トウ	まとう		チョウ ジュ ジョウ	u	14	⿰糸⿵⺆⿱𰀁口
綯	⿰糸匋	0	0	トウ	な.う なわ よ.る		ドウ	u	14	
緜	⿰帛系	0	0	メン	わた つら.なる		ベン ベツ メチ	u	15	
綸	⿰糸侖	9	0	リン カン	いと		ロン	u	14	
綟	⿰糸戻	0	0	レイ	もじ		ライ レツ レチ	u	13	⿰糸戾
綰	⿰糸官	0	0	ワン	わが.ねる たが.ねる たか.ねる				14	
緘	⿰糸咸	0	0	カン	かん.する と.じる				15	
緝	⿰糸咠	0	0	シュウ	つむ.ぐ				15	
緤	⿰糸枼	0	0	セツ セチ	きずな つな.ぐ				15	
緞	⿰糸段	0	0	ドン タン			ダン	u	15	
緻	⿰糸致	8	2460	チ	こまか.い		ジ	u	16	
緲	⿰糸眇	0	0	ビョウ ミョウ					15	
緡	⿰糸昬	0	0	ビン コン ミン	さし つりいと なわ ぜにさし		ベン メン	u	15	
縅	⿰糸威	0	0		おど.す		おどし	u	15	
縊	⿰糸益	0	0	イ エイ	くび.る くび.れる				16	⿰糸⿳⿱八一八皿
縣	⿰県系	10	0	ケン	か.ける	あがた がた	ゲン	u	16	
縡	⿰糸宰	0	0	サイ	こと				16	
縒	⿰糸差	0	0	シ サ	よ.る		サク	u	16	
縱	⿰糸從	10	0	ジュウ	たて		ショウ シュ ソウ ス	u	17	
縟	⿰糸辱	0	0	ジョク	しげし		ニク	u	16	⿰糸⿸辰寸
縉	⿰糸晉	0	0	シン	さしはさ.む		シ	u	16	⿰糸晋
縋	⿰糸追	0	0	ツイ	すが.る		ズイ	u	15	
縢	⿰月絭	0	0	トウ	かが.る かな から.げる むかばき		ドウ	u	16	⿸𰮤糸
繆	⿰糸翏	0	0	ビュウ キュウ ボク リョウ	あやま.る まと.う	こら	ム ル モク ク	u	17	
繦	⿰糸强	0	0	キョウ	むつき ぜにさし		コウ ふしいと	u	17	
縻	⿸麻糸	0	0	ビ ミ	きずな				17	⿸广⿱𣏟糸
縵	⿰糸曼	0	0	マン バン					17	
縹	⿰糸票	0	0	ヒョウ	はなだ		はなだいろ	u	17	
繃	⿰糸崩	0	0	ホウ ヒョウ	まく たば.ねる				17	
縷	⿰糸婁	0	0	ル ロウ	いと		リュウ	u	17	
縲	⿰糸累	0	0	ルイ			ラ かさねる	u	17	
縺	⿰糸連	0	0	レン	もつ.れる		もつれ	u	17	
繧	⿰糸雲	0	0	ウン					18	
繝	⿰糸閒	0	0	カン ケン					18	
繖	⿰糸散	0	0	サン			きぬがさ	u	18	
繞	⿰糸堯	0	0	ジョウ ニョウ	めぐ.る まわ.る もとう.る まとう				18	
繙	⿰糸番	0	0	ハン ホン	ひもと.く		ボン バン	u	18	
繚	⿰糸尞	0	0	リョウ	まと.う めぐ.る		ジョウ ニョウ まつわる	u	18	
繹	⿰糸睪	0	0	エキ ヤク	たずね.る ぬ.く		セキ シャク	u	19	
繪	⿰糸會	0	0	カイ エ			ケ	u	19	
繩	⿰糸黽	0	0	ジョウ	なわ ただ.す		ショウ ヨウ ビン ミン	u	19	
繼	⿰糸㡭	0	0	ケイ	つ.ぐ まま-		キ	u	20	
繻	⿰糸需	0	0	シュ	うすぎぬ		ジュ ニュ	u	20	
纃	⿰糸齊	0	0		かすり				20	
緕	⿰糸斉	0	0		かすり				14	
繽	⿰糸賓	0	0	ヒン	おおし		ビン	u	20	
辮	⿲辛糸辛	0	0	ベン ヘン	あ.む				20	⿴辡糸
繿	⿰糸監	0	0	ラン	ぼろ				21	
纈	⿰糸頡	0	0	ケツ ケチ	しぼり	ぶさ	ゲチ	u	21	
纉	⿰糸賛	0	0	サン サブ	つ.ぐ		うけつぐ	u	21	
續	⿰糸𧶠	0	0	ゾク ショク コウ キョウ	つづ.く つづ.ける つぐ.ない	つぐ つづき			21	⿰糸賣
纒	⿰糸㕓	0	0	テン	まつ.わる まと.う まと.める まと.まる				22	⿰糸⿸厂墨
纐	⿰糸頝	0	0	コウ		はな			21	
纓	⿰糸嬰	0	0	エイ ヨウ					23	
纔	⿰糸毚	0	0	サン ザン サイ	わずか ひたた				23	
纖	⿰糸韱	10	0	セン					23	
纎	⿰糸韯	0	0	セン					21	
纛	⿱毒縣	0	0	トウ トク	はたぼこ おにがしら		ドウ ドク	u	25	
纜	⿰糸覽	0	0	ラン	ともづな				28	
缸	⿰缶工	0	0	コウ	かめ		ゴウ	u	9	
缺	⿰缶夬	0	0	ケツ ケン	か.ける か.く		ケチ キ	u	10	
罅	⿰缶虖	0	0	カ ケ	ひび すき	もたい			17	
罌	⿱賏缶	0	0	オウ エイ ヨウ	もたい ほとぎ かめ				20	
罍	⿱畾缶	0	0	ライ	さかだる		レ ルイ	u	21	
罎	⿰缶曇	0	0	ドン タン	びん				22	
罐	⿰缶雚	0	0	カン	かま	ふ べ			23	
网	⿵冂⿰㐅㐅	0	0	モウ ボウ	あみ		あみがしら	u	6	
罕	⿱㓁干	0	0	カン	まれ				7	⿱⺳干
罔	⿵冂𠅇	0	0	モウ ボウ	あみ しい.る ない		ム	u	8	⿵𦉰亡
罘	⿱罒不	0	0	フ	うさぎあみ		ブ ビ フウ ヒ	u	9	
罟	⿱罒古	0	0	コ	あみ		ク	u	10	
罠	⿱罒民	0	0	ビン ミン	わな あみ				10	
罨	⿱罒奄	0	0	アン エン	あみ		ヨウ オウ	u	13	
罩	⿱罒卓	0	0	トウ	こめ.る		チョウ チョク タク	u	13	
罧	⿱罒林	0	0	リン			シン	u	13	
罸	⿱罒討	0	0	バツ バチ ハツ	はっ.する				15	
羂	⿱罒絹	0	0	ケン	わな				18	
羆	⿱罒熊	0	0	ヒ	ひぐま しぐま				19	
羃	⿱罒幕	0	0	ベキ			ミャク	u	18	
羈	⿱罒䩻	0	0	キ ハ	おもが.い たづな たび つな.ぐ		たずな	u	24	
羇	⿱罒䩭	0	0	キ ハ	おもが.い たづな たび つな.ぐ				22	
羌	⿱𦍌儿	0	0	キョウ	ああ えびす		コウ	u	8	⿸⺶乚
羔	⿱𦍌灬	0	0	コウ	こひつじ				10	
羞	⿸⿱𦍌丿丑	8	0	シュウ	はじ.る すすめ.る は.ずかしい		シュ	u	11	⿸⺶丑
羝	⿰羊氐	0	0	ラン テイ	おひつじ		タイ	u	11	
羚	⿰羊令	9	0	レイ リョウ	かもしか				11	
羣	⿱君羊	0	0	グン	む.れる むれ むら むら.がる		クン	u	13	
羯	⿰羊曷	0	0	カツ ケツ			ケチ	u	15	
羲	⿱𦍌⿻⿱禾丂③	0	0	ギ キ					16	
羹	⿱羔美	0	0	コウ カン	あつもの		ロウ キョウ	u	19	
羮	⿳羔一夫	0	0	コウ カン	あつもの		ロウ	u	15	
羶	⿰羊亶	0	0	セン	なまぐさ.い		キョウ ケイ	u	19	
羸	⿱吂⿲月羊凡	0	0	ルイ	つか.れる よわ.い		レン	u	19	⿱吂⿲月羊⿻⿻㇈丿丶 ⿵𣎆羊
譱	⿻羊誩	0	0	ゼン	よ.い い.い よ.く				20	
翅	⿺支羽	0	0	シ	はね つばさ		ギ キ ただ	u	10	
翆	⿱羽卆	0	0	スイ	かわせみ みどり				10	
翊	⿰立羽	0	0	ヨク			ユウ	u	11	
翕	⿱合羽	0	0	キュウ	あ.う		コウ	u	12	
翔	⿰羊羽	9	1936	ショウ	かけ.る と.ぶ	か			12	⿰羊⿰习习
翡	⿱非羽	0	0	ヒ			かわせみ	u	14	
翦	⿱前羽	0	0	セン			きる	u	15	⿱⿱䒑⿰⿵冂⺀刂羽
翩	⿰扁羽	0	0	ヘン	ひるが.える		ベン	u	15	
翳	⿱殹羽	0	0	エイ	かげ かげ.る かざ.す きぬがさ		エチ エツ おおい おおう	u	17	
翹	⿺堯羽	0	0	ギョウ	あ.げる つまだ.てる		キョウ	u	18	
飜	⿰番飛	10	0	ハン ホン	ひるがえ.す ひるがえ.る				21	
耆	⿱老日	0	0	キ シ	おい.る		ギ ジ	u	10	
耄	⿱老毛	0	0	ボウ モウ	おいぼ.れる				10	
耋	⿱老至	0	0	テツ	としより		デチ	u	12	
耒	⿻丿未	0	0	ライ ルイ	き く すき		レ らいすき	u	6	
耘	⿰耒云	0	0	ウン	くさぎ.る				10	
耙	⿰耒巴	0	0	ハ			ヘ	u	10	
耜	⿰耒㠯	0	0	シ	すき		ジ	u	11	
耡	⿰耒助	0	0	ジョ	す.く すき		ショ ゾ	u	13	
耨	⿰耒辱	0	0	ドウ ジョク ヌ ジュク	くさぎ.る くわ すき		ドク ノク	u	16	⿰耒⿸辰寸
耿	⿰耳火	0	0	コウ	ひかり		キョウ ケイ	u	10	
耻	⿰耳止	0	0	チ	は.じる はじ は.じらう は.ずかしい				10	
聊	⿰耳卯	0	0	リョウ	いささか		リュウ ル	u	11	
聆	⿰耳令	0	0	レイ リョウ	きく				11	
聒	⿰耳舌	0	0	カツ	かまびす.しい		カチ	u	12	
聘	⿰耳甹	0	0	ヘイ	へい.する と.う め.す		ヒョウ	u	13	
聚	⿱取乑	0	0	シュウ シュ	あつ.まる		ジュ あつめる	u	14	
聟	⿱知耳	0	0	セイ	むこ				14	
聢	⿰耳定	0	0		しか しかと		テイ	u	14	
聨	⿰耳𢇂	0	0	レン	つら.なる つら.ねる				15	
聳	⿱從耳	0	0	ショウ	そび.える		シュ ソウ	u	17	
聲	⿱殸耳	0	0	セイ ショウ	こえ こわ-				17	
聰	⿰耳悤	0	0	ソウ	さと.い みみざと.い	あきら さとし	ス	u	17	
聶	⿱耳聑	0	0	ショウ ジョウ ニョウ	ささや.く		ヨウ チョウ	u	18	
聹	⿰耳寧	0	0	ネイ			デイ ニョウ	u	20	
聽	⿰⿹耳壬𢛳	10	0	チョウ	き.く ゆる.す		テイ	u	22	⿰⿹耳𤣩𢛳
聿	⿻肀二	0	0	イチ イツ	ふで ここに		ふでづくり	u	6	
肄	⿰𠤕聿	0	0	イ	なら.う		シ エイ	u	13	
肆	⿰镸聿	0	0	シ	つら.ねる ほしいまま みせ		シツ シチ イ カイ	u	13	
肅	⿻肀𣶒	0	0	シュク スク	つつし.む		ショウ	u	13	⿱聿𣶒
肛	⿰月工	0	0	コウ			グ	u	7	
肓	⿱亡月	0	0	コウ					7	
肚	⿰月土	0	0	ト	はら		ズ	u	7	
肭	⿰月內	0	0	トツ ジク			ドツ ダツ ナチ	u	8	⿰⺼内
冐	⿱冃月	0	0	ボウ	おか.す				8	
肬	⿰月尤	0	0	ユ ユウ	いぼ		ウ	u	8	
胛	⿰月甲	0	0	コウ	かいがらぼね				9	
胥	⿱疋月	0	0	ショ ソ	あい み.る みな				9	
胙	⿰月乍	0	0	ソ サク	ひもろぎ		ゾ ザク	u	9	
胝	⿰月氐	0	0	チ	あかぎれ		シ テイ タイ たこ	u	9	
胄	⿱由月	0	0	チュウ	かぶと ちすじ よつぎ		ジュ	u	9	
胚	⿰月丕	0	2471	ハイ	はらみ はら.む		フ ヘ	u	9	
胖	⿰月半	0	0	ハン		ゆたか なお ひろ	バン	u	9	⿰月⿻八𰀁
脉	⿰月永	0	0	ミャク	すじ				9	
胯	⿰月夸	0	0	コウ カ コ	また		ケ カイ	u	10	
胱	⿰月光	0	0	コウ					10	
脛	⿰月巠	0	0	ケイ	すね はぎ		ギョウ コウ キョウ	u	11	
脩	⿰⿰亻丨⿱攵月	9	2267	シュウ	おさ.める なが.い ほじし	おさむ おさ なが のぶ はる	ユウ チョウ ショウ シュ	u	11	
脣	⿱辰月	0	0	シン	くちびる		シュン ジュン ビン ミン	u	11	
脯	⿰月甫	0	0	フ ホ	こじし ほじし		ブ	u	11	
腋	⿰月夜	0	0	エキ セキ	わき		ヤク シャク	u	12	
隋	⿰阝⿱左月	0	0	ズイ スイ タ ダ			キ	u	12	
腆	⿰月典	0	0	テン	あつ.い				12	
脾	⿰月卑	0	0	ヒ			ビ ハイ バイ ヘイ	u	12	⿰月⿱⿱㇒⿻日丿十
腓	⿰月非	0	0	ヒ	ふくらはぎ こむら こぶら		ビ	u	12	
腑	⿰月府	0	0	フ	はらわた		ブ	u	12	
胼	⿰月并	0	0	ヘン					10	
腱	⿰月建	0	0	ケン キン			ゴン ゲン コン	u	13	
腮	⿰月思	0	0	サイ	あご えら				13	
腥	⿰月星	0	0	セイ ショウ	なまぐさ.い				13	
腦	⿰月𡿺	0	0	ノウ ドウ	のうずる				13	
腴	⿰月臾	0	0	ユ	あぶら こえ.る				13	
膃	⿰月𥁕	0	0	オツ			オチ アツ アチ ワツ	u	14	
膈	⿰月鬲	0	0	カク			キャク	u	14	
膊	⿰月尃	0	0	ハク	ほじし		レツ レチ ハイ ヘ	u	14	
膀	⿰月旁	0	0	ボウ ホウ					14	
膂	⿱旅月	0	0	リョ ロ	せぼね				14	
膠	⿰月翏	0	2357	コウ キョウ	にかわ にべ		ドウ ニョウ ゴウ	u	15	
膕	⿰月國	0	0	カク コク キョク	ひかがみ		キャク よぼろ	u	15	
膤	⿰月雪	0	0	セツ	ゆき たら そり				15	⿰月⿱雨⺕
膣	⿰月窒	0	0	チツ			チチ	u	15	
腟	⿰月室	0	0	チツ			チチ	u	13	
膓	⿰月𬀷	0	0	チョウ	はらわた				15	
膩	⿰月貳	0	0	ジ ニ	あぶら あぶらあか		こえる	u	16	
膰	⿰月番	0	0	ハン	ひもごり ひもろぎ		ボン バン ハ バ	u	16	
膵	⿰月萃	0	0	スイ					15	
膾	⿰月會	0	0	カイ ケ	なます				17	
膸	⿰月遀	0	0	ズイ			スイ イ	u	17	
膽	⿰月詹	0	0	タン	きも				17	
臀	⿱殿月	0	0	デン トン	しり		ドン	u	17	
臂	⿱辟月	0	0	ヒ	ひじ				17	
膺	⿸䧹月	0	0	ヨウ オウ	むね				17	
臉	⿰月僉	0	0	ケン セン レン			ラン	u	17	
臍	⿰月齊	0	0	セイ サイ	へそ ほぞ		ザイ	u	18	
臑	⿰月需	0	0	ジ ドウ ジュ デイ	すね		ニュ ノウ ニ	u	18	
臙	⿰月燕	0	0	エン	のど べに				20	
臘	⿰月巤	0	0	ロウ			リョウ	u	19	
臈	⿰月葛	0	0	ロウ			カツ カチ	u	16	
臚	⿰月盧	0	0	ロ リョ			フ	u	20	
臟	⿰月藏	10	0	ゾウ	はらわた		ソウ	u	22	
臠	⿱䜌肉	0	0	レン	きりみ		ラン	u	25	
臧	⿵戕臣	0	0	ゾウ ソウ	よい				15	
臺	⿳吉冖至	0	0	ダイ タイ	うてな われ つかさ		コ グ	u	14	
臻	⿰至秦	0	0	シン	いた.る		セン	u	16	
臾	⿻𦥑人	0	0	ユ ヨ ヨウ			キ ギ	u	9	
舁	⿱臼廾	0	0	ヨ	か.く		キョ コ	u	9	
舂	⿱𡗗臼	0	0	ショウ	うすつ.く うすづ.く つ.く		シュ ソウ	u	11	
舅	⿱臼男	0	0	キュウ	しゅうと		グ	u	13	
與	⿶⿳𦥑一八⿹②丿	10	0	ヨ	あた.える あずか.る くみ.する ともに		アイ	u	13	
舊	⿱萑臼	0	0	キュウ	ふる.い もと		グ ク	u	17	⿱雈臼
舍	⿱人舌	0	0	セキ シャ	やど.る	とね	シャク	u	8	⿱𠆢⿱干口 ⿱𫢉口
舐	⿰舌氏	0	0	シ	ねぶ.る な.める		ジ	u	10	
舖	⿰舍甫	0	0	ホ					15	
舩	⿰舟公	0	2420	セン	ふね ふな-				10	
舫	⿰舟方	0	0	ホウ	もや.う もやいぶね		ボウ	u	10	
舸	⿰舟可	0	0	カ	ふね				11	
舳	⿰舟由	0	0	ジク チク チュウ	へ へさき		ユウ ユ ジュ とも	u	11	
艀	⿰舟孚	0	0	フ	はしけ		フウ ブ	u	13	
艙	⿰舟倉	0	0	ソウ					16	
艘	⿰舟叟	0	0	ショウ シュウ ソウ	ふね		シュ	u	16	
艝	⿰舟雪	0	0		そり				17	
艚	⿰舟曹	0	0	ソウ			ゾウ	u	17	
艟	⿰舟童	0	0	ドウ ショウ トウ	いくさぶね		ズ シュ ジュ ジョ	u	18	
艤	⿰舟義	0	0	ギ	ふなよそおい				19	
艢	⿰舟嗇	0	0	ロ ショウ ゾウ	とも ほばしら				19	
艨	⿰舟蒙	0	0	モウ ボウ	いくさぶね		モ ふね	u	19	
艪	⿰舟魯	0	0	ロ	やぐら かい				21	
艫	⿰舟盧	0	0	ロ	とも		リョ へさき	u	22	
舮	⿰舟戸	0	0	ロ	とも へさき		リョ ル へ	u	10	⿰舟户
艱	⿰⿱廿⿻口夫艮	0	0	カン ケン	なや.む かた.い なや.み				17	⿰𦰩艮
艷	⿰豐色	0	0	エン	つや なま.めかしい あで.やか つや.めく	よし			24	
艸	⿰屮屮	0	0	ソウ	くさ				6	⿰䶹屮
艾	⿱艹乂	0	0	カイ ゲイ	もぐさ よもぎ おさ.める か.る		ガイ ゲ	u	5	
芍	⿱艹勺	0	0	シャク			チャク ケキ キャク キョウ	u	6	
芒	⿱艹亡	0	0	ボウ コウ モウ	すすき のぎ のげ				6	
芫	⿱艹元	0	0	ゲン ガン					7	
芟	⿱艹殳	0	0	セン サン	か.る		イ	u	7	
芻	⿱⿹勹屮⿹勹屮	0	0	スウ シュウ ス	まぐさ		シュ	u	10	⿱⿹勹䶹⿹勹䶹
芬	⿱艹分	0	0	フン	かおり こうば.しい		ボン	u	7	
苡	⿱艹以	0	0	イ シ ワ	くさ		ジ	u	8	
苣	⿱艹巨	0	0	キョ	ちしゃ		ゴ	u	8	
苟	⿱艹句	0	0	コウ ク	いやしく.も		かりそめ	u	8	
苒	⿱艹冉	0	0	ゼン			ネン	u	8	
苴	⿱艹且	0	0	ソ サ シャ ショ	つと あさ		ス シュ ホウ ジャ	u	8	
苳	⿱艹冬	0	0	トウ	ふき		ツ	u	8	
苺	⿱艹母	9	0	バイ マイ	いちご		メ ボウ モウ モ	u	8	
莓	⿱艹每	0	0	バイ マイ	いちご		ビュウ メ ミュ	u	10	
范	⿱艹氾	0	0	ハン	いがた		ホン	u	8	
苻	⿱艹付	0	0	フ			ブ ホ	u	8	
苹	⿱艹平	0	0	ヘイ ビョウ ホウ	ほ		ヒョウ ヘン ベン	u	8	
苞	⿱艹包	0	0	ホウ ヒョウ	つと				8	⿱艹⿹勹巳
茆	⿱艹卯	0	0	エン ボウ	その かや ぬなわ		リュウ ミョウ ル モウ	u	8	
苜	⿱艹目	0	0	モク ボク					8	
茉	⿱艹末	9	0	マツ バツ マ		み			8	
苙	⿱艹立	0	0	リュウ キュウ			ギュウ	u	8	
茵	⿱艹因	0	0	イン	しとね				9	
茴	⿱艹回	0	0	ウイ カイ			エ	u	9	
茖	⿱艹各	0	0	カク					9	
茲	⿱艹𢆶	0	0	シ ジ	ここ.に し.げる		ここ	u	9	
茱	⿱艹朱	0	0	シュ					9	
荀	⿱艹旬	0	0	ジュン シュン					9	
茹	⿱艹如	0	0	ジョ ニョ	ゆ.でる う.でる		ジュ ダ ナ ニュ	u	9	
荐	⿱艹存	0	0	セン	しきりに		ゼン ソン ゾン	u	9	
荅	⿱艹合	0	0	トウ	あずき こた.える				9	
茯	⿱艹伏	0	0	フク ブク ヒ ビ			ホク ボク	u	9	
茫	⿱艹汒	0	0	ボウ	とお.い		モウ	u	9	
茗	⿱艹名	0	2365	ミョウ メイ	ちゃ		ベイ	u	9	
茘	⿱艹刕	0	0	レイ リ レン	おおにら				9	
莅	⿱艹位	0	0	リ レイ	るい のぞ.む つ.く		リツ リチ	u	10	
莚	⿱艹延	0	0	エン	むしろ				10	
莪	⿱艹我	0	0	ガ					10	
莟	⿱艹含	0	0	ガン カン	つぼみ		ゴン つぼむ	u	10	
莢	⿱艹夾	0	0	キョウ	さや				10	
莖	⿱艹巠	0	0	ケイ キョウ	くき		コウ ギョウ ヨウ オウ	u	10	
茣	⿱艹吳	0	0	ゴ					10	
莎	⿱艹沙	0	0	サ シャ	はますげ		スイ	u	10	
莇	⿱艹助	0	0	ジョ	あさがら	あざみ	チョ ショ ゾ	u	10	
莊	⿱艹壯	10	0	ソウ ショウ チャン	ほうき おごそ.か				10	
荼	⿱艹余	0	0	タ ズ ト ダ	にがな		シャ ヨ ショ ヤ	u	10	
莵	⿱艹⿱㇒⿷⿸⿻口丿乚丶	0	0	ト ツ	うさぎ		ウ	u	10	⿱艹⿷⿳丿𫩏儿丶
荳	⿱艹豆	0	0	トウ ズ	まめ				10	
荵	⿱艹忍	0	0	ニン ジン	しのぶ		しのぶぐさ	u	10	
莠	⿱艹秀	0	0	ユウ	はぐさ		シュウ ユ シュ	u	10	
莉	⿱艹利	9	0	リ ライ レイ			チ	u	10	
莨	⿱艹良	0	0	ロウ	たばこ		リョウ	u	10	
菴	⿱艹奄	0	0	アン	いおり いお		エン オン	u	11	
萓	⿱艹宜	0	0	ギ			ケン かや	u	11	
菫	⿳艹一⿻口龶	9	0	キン	すみれ				11	
菎	⿱艹昆	0	0	コン					11	
菽	⿱艹叔	0	0	シュク	まめ		ショウ	u	11	
萃	⿱艹卒	0	0	スイ サイ	あつ.まる		ズイ セ シュツ ジュチ	u	11	
菘	⿱艹松	0	0	スウ シュウ			シュ コウ ク	u	11	
萋	⿱艹妻	0	0	セイ サイ			シ	u	11	
菁	⿱艹靑	0	0	セイ ショウ					11	
菷	⿱艹帚	0	0	シュウ ソウ	ほうき				11	
萇	⿱艹長	0	0	チョウ			ジョウ	u	11	
菠	⿱艹波	0	0	ハ ホ	ほうれんそう				11	
菲	⿱艹非	0	0	ヒ	うす.い				11	
萍	⿱艹泙	0	0	ヘイ ヒョウ	うきくさ		ビョウ	u	11	
萢	⿱艹泡	0	0		やち やら		ヤツ	u	11	
萠	⿱艹⿰⿵⺆⺀⿵⺆⺀	9	0	ホウ	も.える きざ.す めばえ きざ.し	めぐむ	ボウ	u	11	⿱艹朋
莽	⿱芖廾	0	0	ボウ モウ	くさ				9	⿱艹㚏 ⿴𦬠犬
萸	⿱艹臾	0	0	ユ					12	
蔆	⿱艹淩	0	0	リョウ	ひし				14	
菻	⿱艹林	0	0	リン					11	
葭	⿱艹叚	0	0	カ	よし あし		ケ	u	12	
萪	⿱艹科	0	0	カ					12	
萼	⿱艹咢	0	0	ガク	うてな	はなぶさ			12	
蕚	⿳艹品亏	0	0	ガク	うてな				16	
蒄	⿱艹冠	0	0	カン					12	
葷	⿱艹軍	0	0	クン					12	
葫	⿱艹胡	0	0	コ			ゴ	u	12	
蒭	⿱艹芻	0	0	シュウ ス スウ	まぐさ		シュ	u	13	
葮	⿱艹段	0	0	ダン タン	むくげ				12	
蒂	⿱艹帝	0	0	テイ タイ	へた				12	
葩	⿱艹皅	0	0	ハ	はな		ヘ ア	u	12	
葆	⿱艹保	0	0	ホウ ホ	し.げる				12	
萬	⿱艹禺	10	2125	マン バン	よろず	かず ま ゆる よし			12	
葯	⿱艹約	0	0	ヤク			アク テキ チャク	u	12	
葹	⿱艹施	0	0	シ	おなもみ				12	
萵	⿱艹咼	0	0	ワ			カ	u	12	
蓊	⿱艹翁	0	0	オウ	とう		オ	u	13	
葢	⿱艹盇	0	0	ガイ カイ コウ	ふた けだ.し おお.う かさ				12	
蒹	⿱艹兼	0	0	ケン	おぎ		カン	u	13	
蒿	⿱艹高	0	0	コウ	よもぎ				13	
蒟	⿱艹竘	0	0	コン ク			グ	u	13	
蓙	⿱艹座	0	0	ザ	ござ				13	
蓍	⿱艹耆	0	0	シ	めどぎ				13	
蒻	⿱艹弱	0	0	ジャク ニャク			ダク ニョク	u	13	
蓚	⿱艹修	0	0	シュウ			チョウ	u	13	
蓐	⿱艹辱	0	0	ジョク ニク	しとね				13	⿱艹⿸辰寸
蓁	⿱艹秦	0	0	シン					13	
蓆	⿱艹席	0	0	セキ	むしろ		ジャク	u	13	
蓖	⿱艹𣬉	0	0	ヒ ヘイ					13	
蒡	⿱艹旁	0	0	ボウ ホウ			ビョウ	u	13	
蔡	⿱艹祭	0	2319	サイ			サツ サチ	u	14	
蓿	⿱艹宿	0	0	シュク					14	
蓴	⿱艹專	0	0	シュン	ぬなわ		ジュン タン ダン	u	14	⿱艹⿱叀寸
蔗	⿱艹庶	0	0	シャ ショ	さとうきび				14	
蔘	⿱艹參	0	0	シン サン					14	
蔬	⿱艹疏	0	0	ソ ショ	あおもの		ス シュ	u	15	
蔟	⿱艹族	0	0	ゾク ソウ	まぶし		ソク シュ サク	u	14	
蔕	⿱艹帶	0	0	テイ タイ	へた		テ	u	14	
蔔	⿱艹匐	0	0	フク ホク			ボク	u	14	
蓼	⿱艹翏	0	2447	シン リク リョウ	たで		ロウ リュウ ロク ル	u	14	
蕀	⿱艹棘	0	0	キョク					15	
蕣	⿱艹舜	0	0	シュン	むくげ あさがお				16	
蕘	⿱艹堯	0	0	ジョウ	たきぎ きこり		ドウ ギョウ ニョウ	u	15	
蕈	⿱艹覃	0	0	ジン シン	きのこ たけ		キン タン テン コン	u	15	⿱艹⿱覀早
蕁	⿱艹尋	0	0	ジン タン			シン ドン	u	15	
蘂	⿱艹橤	0	0	ズイ	しべ				19	
蕋	⿱艹歮	0	0	ズイ	しべ				15	
蕕	⿱艹猶	0	0	ユウ ユ					15	
薀	⿱艹溫	0	0	ウン オン	たくわ.える つ.む				16	
薤	⿱艹𩐁	0	0	カイ	らっきょう にら		ガイ ケイ ゲイ おおにら	u	16	
薈	⿱艹會	0	0	カイ ワイ			エ イ	u	16	
薑	⿱艹畺	0	0	キョウ コウ	はじかみ				16	
薊	⿱艹魝	0	0	ケイ キ カイ ケ	あざみ さく とげ		ケツ ケチ	u	16	
薨	⿱⿳艹罒冖死	0	0	コウ	こう.じる みまか.る				16	⿳⿱艹罒冖死
蕭	⿱艹肅	0	0	ショウ	よもぎ				16	
薔	⿱艹嗇	0	2356	バ ショウ ショク ソウ	みずたで		シキ ゾウ	u	16	
薛	⿱艹⿰𠂤辛	0	0	セツ			セチ	u	16	
藪	⿱艹數	0	0	ソウ	やぶ		シュ ス	u	18	
薇	⿱艹微	0	0	ラ ビ	ぜんまい		ミ	u	16	
薜	⿱艹辟	0	0	ヘイ			ヘキ ヒャク ベイ ハク	u	16	
蕷	⿱艹預	0	0	ヨ	いも				16	
蕾	⿱艹雷	9	0	ライ	つぼみ		レ	u	16	
薐	⿱艹稜	0	0	ロウ	ほうれんそう				16	
藉	⿱艹耤	0	0	シャ セキ ジャク	かり.る ふ.む		ジャ しく	u	17	
薺	⿱艹齊	0	0	セイ ザイ	ひと ととの.える なずな		シ ジ	u	17	
藏	⿱艹臧	10	2407	ゾウ ソウ	くら おさ.める かく.れる				18	
薹	⿱艹臺	0	0	タイ	とう あぶらな		ダイ	u	17	
藐	⿱艹貌	0	0	ビョウ バク	かろ.んじる とお.い		ボウ マク ミョウ	u	17	
藕	⿱艹耦	0	0	グウ グ ゴウ	はすのね				18	
藝	⿱蓺云	10	2065	ゲイ ウン	う.える のり わざ				18	
藥	⿱艹樂	10	0	ヤク	くすり		シャク リャク	u	18	
藜	⿱艹黎	0	0	レイ	あかざ		ライ	u	18	
藹	⿱艹謁	0	0	アイ			アツ アチ	u	19	
蘊	⿱艹縕	0	0	ウン	つ.む		オン	u	19	
蘓	⿱艹𮃣	0	0	ソ ス	よみがえ.る				19	⿱艹⿰禾魚
蘋	⿱艹頻	0	0	ヒン	うきくさ		ビン	u	19	
藾	⿱艹賴	0	0	ライ					19	
藺	⿱艹閵	0	0	リン	い		レン	u	19	
蘆	⿱艹盧	0	0	ロ	あし よし		リョ ラ	u	19	
蘢	⿱艹龍	0	0	ロウ			ル リョウ リュ	u	19	
蘚	⿱艹鮮	0	0	セン	こけ				20	
蘰	⿱艹縵	0	0		かつら				20	
蘿	⿱艹羅	0	0	ラ	つた				22	
虍	⿸⿸⿰丿⿱⺊⺂七七	0	0	コ			ク とらかんむり とらがしら	u	6	
乕	⿸𠂆⿻⿻二丨冂	0	0	コ	とら				7	⿸𠂆⿻二巾
虔	⿸虍文	0	0	ケン	つつし.む		ゲン	u	10	
號	⿰号虎	0	0	コウ	さけ.ぶ よびな		ゴウ	u	13	
虧	⿰雐亐	0	0	キ	か.ける				17	⿰雐亏
虱	⿹⺄䖝	0	0	シツ	しらみ				8	
蚓	⿰虫引	0	0	ズ イン	みみず		コン キン ケン	u	10	
蚣	⿰虫公	0	0	コウ ショウ			ク シュウ シュ ソウ	u	10	
蚩	⿱㞢虫	0	0	シ			チ	u	10	⿳䶹一虫
蚪	⿰虫斗	0	0	ト			トウ ツ	u	10	
蚋	⿰虫內	0	0	ゼイ ネイ ゼツ ネチ	ぶゆ ぶよ ぶと か				10	⿰虫内
蚌	⿰虫丰	0	0	ボウ ホウ ビョウ	はまぐり どぶが.い		フ	u	10	
蚶	⿰虫甘	0	0	カン			ゴン	u	11	
蚯	⿰虫丘	0	0	キュウ	みみず		ク	u	11	
蛄	⿰虫古	0	0	コ			ク	u	11	
蛆	⿰虫且	0	0	ソ ショ	うじ		テツ	u	11	
蚰	⿰虫由	0	0	ユウ			ユ チク ジク	u	11	
蛉	⿰虫令	0	0	レイ			リョウ	u	11	
蠣	⿰虫厲	0	0	レイ	かき		ライ	u	20	
蚫	⿰虫包	0	0	ホウ	あわび				11	⿰虫⿹勹巳
蛔	⿰虫回	0	0	カイ ユウ	かいちゅう はらのむし		エ	u	12	
蛞	⿰虫舌	0	0	カツ			カチ セツ ゼチ	u	12	
蛩	⿱巩虫	0	0	キョウ	こおろぎ		グ	u	12	
蛬	⿱共虫	0	0	キョウ	こおろぎ きりぎりす		ク グ	u	12	
蛟	⿰虫交	0	0	コウ キョウ	みずち				12	
蛛	⿰虫朱	0	0	チュ シュ					12	
蛯	⿰虫老	0	0		えび うば				12	
蜒	⿰虫延	0	0	エン タン			ヨウ オウ	u	13	
蜆	⿰虫見	0	0	ケン	しじみ		ゲン	u	13	
蜈	⿰虫吳	0	0	ゴ					13	
蜀	⿱罒𠣜	0	0	ショク ゾク	いもむし				13	⿹𦉶虫
蜃	⿸辰虫	0	0	シン			ジン	u	13	
蛻	⿰虫兌	0	0	ゼイ セイ タイ	もぬ.ける ぬけがら		タ セツ エツ セ	u	13	
蜑	⿱延虫	0	0	タン	あま		ダン	u	13	
蜉	⿰虫孚	0	0	フ			フウ ブ	u	13	
蜍	⿰虫余	0	0	ショ			ジョ ヨ	u	13	
蛹	⿰虫甬	0	0	ヨウ	さなぎ		ユ	u	13	
蜊	⿰虫利	0	0	リ	あさり				13	
蜴	⿰虫易	0	0	エキ			ヤク セキ シャク	u	14	
蜿	⿰虫宛	0	0	エン ワン			オン	u	14	
蜷	⿰虫卷	0	2284	ケン	にな		ゲン	u	14	
蜻	⿰虫靑	0	0	セイ			ショウ ジョウ	u	14	
蜥	⿰虫析	0	0	シャク セキ	とかげ				14	
蜩	⿰虫周	0	0	チョウ	ひぐらし せみ		ジョウ チュウ ジュ	u	14	⿰虫⿵⺆⿱𰀁口
蜚	⿱非虫	0	0	ヒ	あぶらむし		ビ ハイ ベ とぶ	u	14	
蝠	⿰虫畐	0	0	フク			まむし	u	15	
蝟	⿰虫胃	0	0	イ	はりねずみ				15	
蝸	⿰虫咼	0	0	カ	かたつむり		カイ ケ ラ	u	15	
蝌	⿰虫科	0	0	カ					15	
蝎	⿰虫曷	0	0	カツ	さそり すくもむし		ケツ きくいむし	u	15	
蝴	⿰虫胡	0	0	コ			ゴ	u	15	
蝗	⿰虫皇	0	0	コウ	いなご ばった		エイ オウ ギョウ ヨウ	u	15	
蝨	⿱⿹⺄𠂇䖵	0	0	シツ	しらみ		シチ	u	15	⿱卂䖵
蝮	⿰虫复	0	0	フク	まむし		ホク ボク	u	15	
蝙	⿰虫扁	0	0	ヘン	こうもり				15	
蝓	⿰虫兪	0	0	ユ			ユウ	u	15	⿰虫俞
蝣	⿰虫斿	0	0	ユウ			ユ リュウ ル	u	15	
蝪	⿰虫昜	0	0	エキ			トウ ドウ	u	15	
蠅	⿰虫黽	0	0	ヨウ	はえ はい				19	
螢	⿱𤇾虫	0	0	ケイ	ほたる		ギョウ エイ ヨウ	u	16	
螟	⿰虫冥	0	0	メイ ミョウ	ずいむし				16	
螂	⿰虫郞	0	0	ロウ					16	⿰虫郎
螯	⿱敖虫	0	0	ゴウ	はさみ				17	
蟋	⿰虫悉	0	0	シツ			シチ	u	17	
螽	⿱冬䖵	0	0	シュウ	いなご				17	
蟀	⿰虫率	0	0	シュツ			シュチ	u	17	⿰虫⿳亠⿲𰀪幺⿱丶丶十
蟐	⿰虫常	0	0	ジョウ	もみ				17	
雖	⿰虽隹	0	0	スイ	いえど.も これ		ユイ イ	u	17	
螫	⿱赦虫	0	0	セキ カク	さ.す		シャク シャ	u	17	
蟄	⿱執虫	0	0	チツ チュウ	ちっ.する かく.れる		シュウ ジュウ	u	17	⿱⿰幸丸虫
螳	⿰虫堂	0	0	トウ			ドウ	u	17	
蟇	⿱莫虫	0	0	バ マ	ひき				16	
蟆	⿰虫莫	0	0	バ マ	ひき		メ バク マク	u	16	
螻	⿰虫婁	0	0	ロウ ル	けら				17	
蟯	⿰虫堯	0	0	ギョウ ジョウ			ヨウ ニョウ	u	18	
蟲	⿱虫䖵	0	0	チュウ キ	むし		ジュ トウ ズ	u	18	
蟠	⿰虫番	0	0	ハン	わだかま.る わらじむし		バン ボン ハ バ	u	18	
蠏	⿰虫解	0	0	カイ	かに				19	
蠍	⿰虫歇	0	0	カツ	さそり		ケツ コチ	u	19	
蟾	⿰虫詹	0	0	セン					19	
蟶	⿰虫聖	0	0	テイ	まて		チョウ	u	19	⿰虫⿱𦔻𡈼
蟷	⿰虫當	0	0	トウ					19	
蠎	⿰虫莾	0	0	ボウ モウ	うわばみ おろち				17	
蟒	⿰虫莽	0	0	ボウ モウ	うわばみ おろち		ミョウ	u	15	
蠑	⿰虫榮	0	0	エイ			ヨウ	u	20	
蠖	⿰虫蒦	0	0	ワク カク					19	
蠕	⿰虫需	0	0	ゼン ダ ネン ジュ	うごめ.く		ジュン ニュ ニン	u	20	
蠢	⿱春䖵	0	0	シュン	うご.めく				21	
蠡	⿱彖䖵	0	0	レイ ライ リ ラ	にな ひさご				21	
蠱	⿱蟲皿	0	0	コ ヤ	まじ まじこ.る		ク	u	23	
蠶	⿱朁䖵	0	0	サン テン	かいこ こ		ザン	u	26	
蠹	⿱⿳⿻一中冖石䖵	0	0	ト	きくいむし		ツ	u	24	⿱⿱𰀉冖𬒣 ⿱⿱⿱𰀉冖石䖵
蠧	⿱𥑟䖵	0	0	ト	きくいむし				22	
蠻	⿱䜌虫	0	0	バン	えびす		マン	u	25	
衄	⿰血丑	0	0	ジク	はなぢ		ニク	u	10	
衂	⿰血刄	0	0	ジク	はなぢ		ニク	u	9	⿰血刃
衒	⿲彳玄亍	0	0	ゲン ケン	てら.う				11	⿴行玄
衙	⿲彳吾亍	0	0	ガ ギョ ゴ			ゲ	u	13	⿴行吾
衞	⿲彳𮧮亍	10	0	エイ エ	まも.る	まもり まもる	エツ エチ	u	16	⿴行𮧮
衢	⿲彳瞿亍	0	0	ク	みち		グ	u	24	⿴行瞿
衫	⿰衤彡	0	0	サン					8	
袁	⿱𠮷𧘇	0	2419	エン オン					10	⿴⿱十⿱一𧘇口
衾	⿱今衣	0	0	キン	ふすま		コン	u	10	
袞	⿳亠㕣𧘇	0	0	コン					11	⿴衣㕣
衵	⿰衤日	0	0	ジツ	あこめ		ニチ	u	9	
衽	⿰衤壬	0	0	ジン ニン	こくび おくみ しとね				9	
袵	⿰衤任	0	0	ジン ニン	こくび おくみ しとね				11	
衲	⿰衤內	0	0	ドウ ノウ	ころも		ゼイ ネ	u	9	⿰衤内
袂	⿰衤夬	0	0	ベイ ケツ	たまと たもと		メイ ゼイ ネ ゲイ	u	9	
袗	⿰衤㐱	0	0	シン					10	
袒	⿰衤旦	0	0	タン	かたぬ.ぐ		ダン デン	u	10	
袮	⿰衤尓	0	0	デイ ネ チ					10	
袙	⿰衤白	0	0	バツ ハ	あこめ		メチ	u	10	
袢	⿰衤半	0	0	ハン			ボン	u	10	⿰衤⿻八𰀁
袍	⿰衤包	0	0	ホウ	わたいれ		ボウ	u	10	⿰衤⿹勹巳
袤	⿳亠矛𧘇	0	0	ボウ	ながさ		モウ モ ム	u	11	⿴衣矛
袰	⿱母衣	0	0		ほろ				11	
袿	⿰衤圭	0	0	ケイ	うちき うちかけ うちぎ		ケ キ	u	11	
袱	⿰衤伏	0	0	フク			ブク ふくさ	u	11	
裃	⿰衤𠧗	0	0		かみしも				11	
裄	⿰衤行	0	0		ゆき				11	
裔	⿱衣冏	0	0	エイ	すそ すえ		エツ エチ	u	13	
裘	⿱求衣	0	0	キュウ グ	かわごろも けごろも		キク ゴク	u	13	
裙	⿰衤君	0	0	クン	もすそ		グン も	u	12	
裝	⿱壯衣	10	0	ソウ ショウ	よそお.う よそお.い				13	
裹	⿳亠果𧘇	0	0	ホウ カ	つつ.む				14	⿴衣果
褂	⿰衤卦	0	0	ケイ カイ ケ	うちき うちかけ				13	
裼	⿰衤易	0	0	セキ テイ	はだぬ.ぐ		タイ シャク	u	13	
裴	⿱非衣	0	0	ハイ ヒ ベ	たちもとお.る		ビ	u	14	
裨	⿰衤卑	0	0	ヒ	おぎな.う たす.ける ます		ビ	u	13	⿰衤⿱⿱㇒⿻日丿十
裲	⿰衤兩	0	0	リョウ	うちかけ				13	
褄	⿰衤妻	0	0		つま				13	
褌	⿰衤軍	0	0	コン	ふんどし				14	
褊	⿰衤扁	0	0	ヘン	せま.い		ベン	u	14	
褓	⿰衤保	0	0	ホ ホウ	むつき				14	
襃	⿳亠⿰③呆𧘇	0	0	ホウ	ほ.める		ブ	u	17	
褞	⿰衤𥁕	0	0	ウン オン	ぬのこ				15	⿰衤昷
褥	⿰衤辱	0	0	ジョク	しとね		ニク	u	15	⿰衤⿸辰寸
褪	⿰衤退	0	0	タイ トン	あ.せる ぬ.ぐ				15	
褫	⿰衤虒	0	0	チ	うば.う		ジ イ	u	15	
襁	⿰衤強	0	0	キョウ	むつき		コウ	u	16	⿰衤强
襄	⿳亠⿱吅𠀎𧘇	0	2263	ジョウ ショウ	はら.う		ソウ ニョウ	u	17	⿱亠𱔞
褻	⿳亠埶𧘇	0	0	セツ	けが.れる な.れる		ダイ ナイ ケ セチ	u	17	⿴衣埶
褶	⿰衤習	0	0	ショウ シュウ チョウ	かさね.る		ジョウ ジュウ	u	16	
褸	⿰衤婁	0	0	ロ ル ロウ	いと				16	
襌	⿰衤單	0	0	タン ゼン	ひとえ				17	
褝	⿰衤単	0	0	タン ゼン	ひとえ				14	
襠	⿰衤當	0	0	トウ	ふんどし まち				18	
襞	⿱辟衣	0	0	ヘキ ヒャク	ひだ しわ				19	
襦	⿰衤需	0	0	ジュ	したぎ はだぎ		ニュ シュ	u	19	
襤	⿰衤監	0	0	ラン	ぼろ				20	
襭	⿰衤頡	0	0	ケツ	つまばさ.む はさ.む		ゲチ	u	20	
襪	⿰衤蔑	0	0	ベツ バツ			マチ	u	19	
襯	⿰衤親	0	0	シン	はだぎ				21	
襴	⿰衤闌	0	0	ラン リン					22	
襷	⿰衤擧	0	0		たすき				22	
襾		0	0	ア	け		カ かなめがしら	u	6	
覃	⿱襾早	0	0	タン エン			ドン シン	u	12	⿱覀早
覈	⿱襾敫	0	0	カク ケツ	しら.べる		ギャク ゲチ ゴチ キョウ	u	19	⿱覀敫
覊	⿱襾䩻	0	0	キ ハ	おもが.い たづな たび つな.ぐ				25	⿱覀䩻
覓	⿱爫見	0	0	ベキ エキ ミャク	もと.める				11	
覘	⿰占見	0	0	テン	のぞ.く うかが.う		タン トン	u	12	
覡	⿰巫見	0	0	ゲキ ケキ	かんなぎ みこ		ギャク カク	u	14	
覩	⿰者見	0	0	ト	み.る		ツ	u	16	⿰⿻者丶見
覦	⿰兪見	0	0	ユ	ねが.う		シュ ジュ	u	16	⿰俞見
覬	⿰豈見	0	0	キ			のぞむ	u	17	
覯	⿰冓見	0	0	コウ	あ.う		カク ク	u	17	
覲	⿰堇見	0	0	キン	まみ.える		ゴン	u	18	
覺	⿱𦥯見	0	0	カク	おぼ.える さ.ます さ.める さと.る	がく	コウ キョウ	u	20	
覽	⿱⿰臣⿱⿱𠂉一罒見	10	0	ラン	み.る				22	⿱𰯲見
覿	⿰𧶠見	0	0	テキ	あ.う		トク	u	22	⿰賣見
觀	⿰雚見	0	0	カン	み.る しめ.す				24	
觚	⿰角瓜	0	0	コ	さかずき		ク	u	13	
觜	⿱此角	0	0	シ スイ	くちばし はし				13	
觝	⿰角氐	0	0	テイ	ふ.れる		タイ シ	u	12	
觧	⿰角羊	0	0	カイ ゲ	と.く と.かす と.ける ほど.く				13	
觴	⿰角𬀷	0	0	ショウ	さかずき				18	
觸	⿰角蜀	0	0	ショク	ふ.れる さわ.る		ソク シュ	u	20	
訃	⿰言卜	8	2379	フ	しらせ				9	
訖	⿰言乞	0	0	キツ	お.える お.わる ついに		コチ	u	10	
訐	⿰言干	0	0	ケツ	あば.く		コチ ケチ カイ ケ	u	10	
訌	⿰言工	0	0	コウ			グ ゴウ	u	10	
訛	⿰言化	0	0	カ	なま.る なま.り あやま.る		ガ	u	11	⿰訁⿰亻𠤎
訝	⿰言牙	0	0	ガ ゲ	いぶか.る				12	
訥	⿰言內	0	0	トツ	ども.る		ドツ タチ タツ ナチ	u	11	⿰言内
訶	⿰言可	0	0	カ	しか.る せ.める				12	
詁	⿰言古	0	0	コ	よみ		ク	u	12	
詛	⿰言且	0	0	ソ ショ	のろ.う		シュ	u	12	
詒	⿰言台	0	0	イ タイ	あざむ.く		ダイ	u	12	
詆	⿰言氐	0	0	テイ タイ	そし.る しか.る		ダイ テキ チャク	u	12	
詈	⿱罒言	0	0	リ	ののし.る				12	⿱⺫言
詼	⿰言灰	0	0	カイ	たわむれ				13	⿰訁⿸𠂇火
詭	⿰言危	0	0	キ	いつわ.る				13	
詬	⿰言后	0	0	コウ ク	ののし.る はじ はずかし.める		ゴ	u	13	
詢	⿰言旬	9	0	ジュン シュン	はか.る まこと		とう	u	13	
誅	⿰言朱	0	0	チュウ チュ	ちゅう.する ころ.す せ.める				13	
誂	⿰言兆	0	0	チョウ	あつら.える いど.む		ジョウ あつらえ	u	13	
誄	⿰言耒	0	0	ルイ	しのびごと				13	
誨	⿰言每	0	0	カイ	おし.える		ケ おしえ	u	14	
誡	⿰言戒	0	0	カイ	いまし.める		いましめ	u	14	
誑	⿰言狂	0	0	キョウ	たばか.る たぶら.かす た.らす		コウ	u	14	
誥	⿰言吿	0	0	コウ	つ.ぐ		コク つげる	u	14	⿰言告
誦	⿰言甬	0	0	ショウ ジュ ズ	とな.える よ.む				14	
誚	⿰言肖	0	0	ショウ	せ.める		ジョウ	u	14	
誣	⿰言巫	0	0	フ	しい.る し.いる あざむ.く		ブ ム	u	14	
諄	⿰言享	9	0	シュン	ひちくど.い くど.い くどくど ねんご.ろ		ジュン	u	15	
諍	⿰言爭	0	0	ソウ ショウ	いさか.う あらそ.う いさ.める うった.える				15	⿰言争
諂	⿰言臽	0	0	テン	へつら.う		エン おもねる	u	15	
諚	⿰言定	0	0	ジョウ			ヘン	u	15	
諫	⿰言柬	0	0	カン	いさ.める		ケン ラン いさめ	u	16	
諳	⿰言音	0	0	アン オン	そら.んじる		トウ ツ	u	16	
諧	⿰言皆	8	0	カイ	かな.う やわ.らぐ		ガイ ととのう	u	16	
諤	⿰言咢	0	0	ガク	わめ.く あご				16	
諱	⿰言韋	0	0	キ	いみな い.む				17	
謔	⿰言虐	0	0	ギャク キャク	たわむ.れる		カク	u	16	
諠	⿰言宣	0	0	ケン	かまびす.しい わす.れる	みつぐ	カン	u	16	
諢	⿰言軍	0	0	コン			ゴン	u	16	
諷	⿰言風	0	0	フウ	そら.んじる		フ	u	16	
諞	⿰言扁	0	0	ヘン			ベン	u	16	
諛	⿰言臾	0	0	ユ	へつら.う へつら.い				16	⿰訁⿻臼人
謌	⿰言哥	0	0	カ	うた うた.う				17	
謇	⿱𡨄言	0	0	ケン	ども.る		コン	u	17	
謚	⿰言益	0	0	エキ シ	おくりな		ヤク キャク ケキ	u	17	
諡	⿰言㿽	0	0	エキ シ	おくりな		イ ジ	u	16	
謖	⿰言畟	0	0	ショク シュク	た.つ				17	
謐	⿰言𥁑	0	0	ヒツ	しずか		ビツ ミチ	u	17	
謗	⿰言旁	0	0	ボウ ホウ	そし.る				17	
謠	⿰言䍃	10	0	ヨウ	うた.う うた				17	
謳	⿰言區	0	2492	オウ ウ	うた.う		ク	u	18	
鞫	⿰革訇	0	0	キク			コク	u	18	
謦	⿱殸言	0	0	ケイ	しわぶき		キョウ	u	18	
謫	⿰言啇	0	0	タク チャク	せ.める とが.める		サク シャク テキ	u	18	
謾	⿰言曼	0	0	マン バン	あざむ.く あなど.る		ベン メン	u	18	
謨	⿰言莫	0	0	ボ モ	はか.る		バク マク	u	17	
譁	⿰言華	0	0	カ ケ	かまびす.しい		ガ ゲ	u	17	
譌	⿰言爲	0	0	カ	なま.る あやま.る		キ ガ ゲ なまり	u	19	
譏	⿰言幾	0	0	キ	そし.る				19	
譎	⿰言矞	0	0	ケツ キツ	いつわ.る いつわ.り		ケチ	u	19	
證	⿰言登	0	0	ショウ	あかし				19	
譖	⿰言朁	0	0	シン セン	そし.る				21	
譛	⿰言替	0	0	シン セン	そし.る				19	
譚	⿰言覃	0	0	タン	はなし		ダン	u	19	⿰訁⿱覀早
譫	⿰言詹	0	0	トウ セン タン	うわごと たわごと うるさくしゃべ.る		ドウ ソウ ショウ	u	20	
譟	⿰言喿	0	0	ソウ	さわ.ぐ				20	
譬	⿱辟言	0	0	ヒ	たと.える たと.え				20	
譯	⿰言睪	0	0	ヤク	わけ		エキ	u	20	
譴	⿰言遣	0	0	ケン	せめ.る				21	
譽	⿱與言	0	0	ヨ	ほ.まれ ほ.める				20	
讀	⿰言𧶠	0	0	ドク トク トウ	よ.む		ズ	u	22	⿰言賣
讌	⿰言燕	0	0	エン	うたげ				23	
讎	⿲隹言隹	0	0	シュウ	あだ かたき		ジュ むくいる	u	23	⿴雔言
讒	⿰言毚	0	0	ザン サン	そし.る		ゼン	u	24	
讓	⿰言襄	10	0	ジョウ	ゆず.る		ニョウ	u	24	
讖	⿰言韱	0	0	シン			サン	u	24	
讙	⿰言雚	0	0	カン ケン	かまびす.しい				24	
讚	⿰言贊	0	0	サン	ほ.める たた.える				26	
谺	⿰谷牙	0	0	コ カ	こだま		ケ	u	12	
豁	⿰害谷	0	0	カツ	ひら.ける ひろ.い		カチ	u	17	⿰⿱𫲸口谷
谿	⿰奚谷	0	0	ケイ	たに たにがわ		ゲイ	u	17	
豈	⿱山豆	0	0	カイ ガイ キ	あに		ケ	u	10	
豌	⿰豆宛	0	0	エン ワン					15	
豎	⿱臤豆	0	0	ジュ	たて た.てる こども		シュ たつ	u	16	
豐	⿱𠁳豆	0	0	ホウ ブ	ゆた.か とよ		フウ フ	u	18	
豕	⿱一𧰨	0	0	シ			カイ ガイ いのこ	u	7	
豢	⿱𠔉豕	0	0	ケン カン	やしな.う		ゲン ガン	u	13	⿱龹豕
豬	⿰豕者	0	0	チョ	い いのしし		シャ	u	16	⿰豕⿻者丶
豸		0	0	タイ チ			ジ ダイ むじな	u	7	
豺	⿰豸才	0	0	サイ	やまいぬ		ザイ	u	10	
貂	⿰豸召	0	0	チョウ	てん				12	
貉	⿰豸各	0	0	カク ハク	むじな		バク ミャク マク バ	u	13	
貅	⿰豸休	0	0	キュウ			ク	u	13	
貊	⿰豸百	0	0	ハク ミャク	えびす		バク バツ メチ	u	13	
貍	⿰豸里	0	0	リ ライ	たぬき				14	
貎	⿰豸兒	0	0	ゲイ					15	
貔	⿰豸𣬉	0	0	ヒ			ビ	u	17	
豼	⿰豸比	0	0	ヒ					11	
貘	⿰豸莫	0	0	バク ミャク					17	
戝	⿰貝戈	0	0	ザイ サイ ゾク			たから わずか	u	11	
貭	⿸𠂆⿱十貝	0	0	シツ シチ チ	たち ただ.す もと わりふ				11	⿸𠂆𰶱
貪	⿱今貝	8	0	タン ドン トン	むさぼ.る				11	
貽	⿰貝台	0	0	イ	おく.る		タイ	u	12	
貲	⿱此貝	0	0	シ	たから				13	
貳	⿹弋⿱二貝	0	0	ニ ジ	ふた.つ そえ				12	⿹弍貝
貮	⿹⿶弋一貝	0	0	ニ ジ	ふた.つ そえ				11	
貶	⿰貝乏	0	0	ヘン	けな.す おとし.める おと.す		ハン ホン ホウ ボウ	u	11	
賈	⿱覀貝	0	0	コ カ	あきな.い あきな.う う.る か.う		ク ケ	u	13	
賁	⿱卉貝	0	0	フン ヒ ホン					12	
賤	⿰貝戔	0	0	セン ゼン	いや.しい いや.しむ しず やす.い				15	
賣	⿱士買	10	0	バイ	う.る う.れる		メ バ マイ	u	15	
賚	⿱來貝	0	0	ライ	たま.う たまもの		リ	u	15	
賽	⿱𡨄貝	0	0	サイ					17	
賺	⿰貝兼	0	0	タン レン	すか.す		デン	u	17	
賻	⿰貝尃	0	0	フ			ブ	u	17	
贄	⿱執貝	0	0	シ	にえ		ゲチ ゲツ チュウ	u	18	
贅	⿱敖貝	0	2386	ゼイ セイ	いぼ		ギョウ ゴウ	u	18	⿱⿰𫠤攵貝
贊	⿱兟貝	0	0	サン	たす.ける たた.える				19	
贇	⿱斌貝	0	0	イン					19	
贏	⿱吂⿲月貝凡	0	0	エイ	あまり		ヨウ かつ	u	20	⿵𣎆貝
贍	⿰貝詹	0	0	セン	すく.う		ゼン たす たりる	u	20	
贐	⿰貝盡	0	0	シン	はなむけ		ジン	u	21	
齎	⿵齊貝	0	0	セイ サイ シ	もたら.す もた.らす				21	
贓	⿰貝臧	0	0	ソウ			ゾウ	u	22	
賍	⿰貝庄	0	0	ソウ			ゾウ かくす	u	13	
贔	⿱貝賏	0	0	ヒ			ビ	u	21	
贖	⿰貝𧶠	0	0	ショク	あがな.う		ゾク シュ ジュ	u	22	⿰貝賣
赧	⿰赤㞋	0	0	タン	あから.める		ダン	u	12	⿰赤𠬝
赭	⿰赤者	0	0	シャ	あかつち		あか	u	16	⿰赤⿻者丶
赱	⿱土⿻丶𬼂	0	0	ソウ	はし.る				7	
赳	⿺走丩	9	2114	キュウ		たけ たけし			10	
趁	⿺走㐱	0	0	チン	お.う		デン ネン シン	u	12	
趙	⿺走肖	0	1522	チョウ ジョウ キョウ					14	
跂	⿰𧾷支	0	0	キ	つまだ.つ むつゆび		ギ シ リ ゲキ	u	11	
趾	⿰𧾷止	0	0	シ	あと はや.い		あし もと	u	11	
趺	⿰𧾷夫	0	0	シ フ	あし				11	
跏	⿰𧾷加	0	0	カ			ケ	u	12	
跚	⿰𧾷冊	0	0	サン					12	⿰𧾷册
跖	⿰𧾷石	0	0	セキ	あしのうら		シャク	u	12	
跌	⿰𧾷失	0	0	テツ	あやまつ つまず.く		デチ ドチ トツ	u	12	
跛	⿰𧾷皮	0	0	ハ ヒ	びっこ ちんば		あしなえ	u	12	
跋	⿰𧾷犮	0	0	ハツ バツ	おくがき ふ.む		バチ ハイ	u	12	
跪	⿰𧾷危	0	0	キ	ひざまず.く		ギ ひざまづく	u	13	
跫	⿱巩足	0	0	キョウ			ク コク コウ キョク	u	13	
跟	⿰𧾷艮	0	0	コン	くび.す				13	
跣	⿰𧾷先	0	0	セン	はだし		ソン	u	13	
跼	⿰𧾷局	0	0	キョク	こご.む くぐま.る かが.む せぐく.まる		ゴク ク グ	u	14	
踈	⿰𧾷束	0	0	ソ ショ	うと.い うと.む まば.ら				14	
踉	⿰𧾷良	0	0	ロウ リョウ					14	
跿	⿰𧾷走	0	0	ト			ズ	u	14	
踝	⿰𧾷果	0	0	カ	くるぶし		ゲ	u	15	
踞	⿰𧾷居	0	0	キョ コ	うずく.まる				15	
踐	⿰𧾷戔	0	0	セン	ふ.む		ゼン	u	15	
踟	⿰𧾷知	0	0	チ			ジ	u	15	
蹂	⿰𧾷柔	0	0	ジュウ	ふ.む		ニュ ニュウ	u	16	
踵	⿰𧾷重	0	0	ショウ	かかと くび.す きび.す つ.ぐ		シュ	u	16	
踰	⿰𧾷兪	0	0	ユ ヨウ	こ.える		チュ	u	16	⿰𧾷俞
踴	⿰𧾷勇	0	0	ヨウ	おど.る				16	
蹊	⿰𧾷奚	0	0	ケイ	みち わた.る		ゲイ まつ	u	17	
蹇	⿱𡨄足	0	0	ケン	いざ.る あしなえ なや.む		コン	u	17	
蹉	⿰𧾷差	0	0	サ	つまず.く		シ	u	17	
蹌	⿰𧾷倉	0	0	ソウ ショウ	うご.く よろ.めく				17	
蹐	⿰𧾷脊	0	0	セキ			シャク	u	17	
蹈	⿰𧾷舀	0	0	トウ	ふ.む		ドウ	u	17	
蹙	⿱戚足	0	0	シュク セキ	せ.まる		シャク	u	18	
蹤	⿰𧾷從	0	0	ショウ	あと		シュ	u	18	
蹠	⿰𧾷庶	0	0	セキ	あしうら あしのうら		シャク ショ	u	18	
踪	⿰𧾷宗	8	0	ソウ ショウ	あと				15	
蹣	⿰𧾷㒼	0	0	マン ハン	よろ.めく		バン	u	18	
蹕	⿰𧾷畢	0	0	ヒツ	さきばらい		ヒチ ヒ ビ	u	18	
蹶	⿰𧾷厥	0	0	ケツ ケイ	たお.れる つまず.く		カチ ケチ ケ	u	19	
蹲	⿰𧾷尊	0	0	ソン シュン	つくば.う うずくま.る		サン ザン	u	19	
蹼	⿰𧾷菐	0	0	ボク ホク	みずかき				19	
躁	⿰𧾷喿	0	0	ソウ	さわ.ぐ		さわがしい	u	20	
躇	⿰𧾷著	0	0	チョ チャク	ためら.う		ジョ	u	19	
躅	⿰𧾷蜀	0	0	チョク タク			ジク ジョク	u	20	
躄	⿱辟足	0	0	ヘキ	いざ.る いざ.り		ヒャク ビャク	u	20	
躋	⿰𧾷齊	0	0	セイ サイ	のぼ.る				21	
躊	⿰𧾷壽	0	0	チュウ チュ シュウ ジュ	ためら.う				21	
躓	⿰𧾷質	0	0	チ	つまず.く		シツ シチ	u	22	
躑	⿰𧾷鄭	0	0	テキ	しゃが.む たちもとお.る				22	
躔	⿰𧾷廛	0	0	テン	ふ.む		デン	u	22	
躙	⿰𧾷閵	0	0	リン	にじ.る ふ.む		にじむ	u	23	
躪	⿰𧾷藺	0	0	リン	にじ.る ふ.む				26	
躡	⿰𧾷聶	0	0	ジョウ	ふ.む		ニョウ	u	25	
躬	⿰身弓	0	0	キュウ キョウ	み		ク	u	10	
躰	⿰身本	0	0	タイ テイ	からだ かたち				12	
軆	⿰身豊	0	0	タイ テイ	からだ かたち				20	
躱	⿰身朶	0	0	タ	かわ.す				13	
躾	⿰身美	0	0		しつ.ける しつけ				16	
軅	⿰身雁	0	0		やがて	たか			19	⿰身㕍
軈	⿰身應	0	0		やがて				24	
軋	⿰車乚	0	0	アツ	きし.る きし.む		エチ アン エン	u	8	
軛	⿰車厄	0	0	ヤク アク	くびき				11	
軣	⿱車⿱丷八	0	0	コウ	とどろ.かす とどろ.く		ゴウ	u	11	⿱車⿰⿱丶㇀⿱㇒丶
軼	⿰車失	0	0	イツ テツ	すぎ.る		イチ デチ	u	12	
軻	⿰車可	0	0	カ					12	
軫	⿰車㐱	0	0	シン	よこぎ				12	
軾	⿰車式	0	0	ショク シキ	しきみ				13	
輊	⿰車至	0	0	チ					13	
輅	⿰車各	0	0	ロ	くるま		ル ガ ラク カク	u	13	
輕	⿰車巠	0	0	ケイ	かる.い かろ.やか かろ.んじる		キョウ	u	14	
輒	⿰車𦔮	0	0	チョウ	すなわち わきぎ				14	⿰車耴
輙	⿰車取	0	0	チョウ	すなわち わきぎ				15	⿰車⿸耳又
輓	⿰車免	0	0	バン	おそ.い ひ.く		マン	u	14	⿰車⿱⺈⿸⿻口丿乚
輜	⿰車甾	0	0	シ	こにだ ほろぐるま にぐるま				15	
輟	⿰車叕	0	0	テツ	や.める		テチ テイ テ	u	15	
輛	⿰車兩	0	0	リョウ					15	
輌	⿰車両	0	0	リョウ					13	
輦	⿱㚘車	0	0	レン	たごし てぐるま				15	
輳	⿰車奏	0	0	ソウ	あつ.まる		ス	u	16	
輻	⿰車畐	0	0	フク	や		フ フウ	u	16	
輹	⿰車复	0	0	フク	とこしばり		ブク	u	16	
轅	⿰車袁	0	0	エン	ながえ		オン	u	17	
轂	⿰⿱⿳士冖一車殳	0	0	コク	こしき				17	⿹𣪊車
輾	⿰車展	0	0	テン ネン	きし.る めぐ.る		デン	u	17	
轌	⿰車雪	0	0		そり				18	
轉	⿰車專	10	0	テン	ころ.がる ころ.げる ころ.がす ころ.ぶ		セン	u	18	
轆	⿰車鹿	0	0	ロク	ころ				18	
轎	⿰車喬	0	0	キョウ	かご				19	
轗	⿰車感	0	0	カン コン					20	
轜	⿰車需	0	0	ジ	ひつぎぐるま じしゃ		ニ	u	21	
轢	⿰車樂	0	0	レキ	ひ.く きし.る		リャク ラク ラツ ラチ	u	22	
轣	⿰車歷	0	0	レキ			リャク	u	23	
轤	⿰車盧	0	0	ロ					23	
辜	⿱古辛	0	0	コ	つみ		ク	u	12	
辟	⿰𡰪辛	0	0	ヘキ ヒ	きみ ひら.く め.す		ビャク ビ ハク ヒャク	u	13	
辣	⿰辛束	8	0	ラツ	から.い				14	
辭	⿰𤔔辛	0	0	ジ	や.める		シ	u	19	
辯	⿲辛言辛	0	0	ベン ヘン	わきま.える わ.ける はなびら あらそ.う		ヘツ ヘチ ハン	u	21	⿴辡言
辷	⿺辶一	0	0		すべ.る すべ.らす				5	
迚	⿺辶中	0	0		とても	とて			8	
迥	⿺辶冋	0	0	ケイ ギョウ	はるか		キョウ	u	9	
迢	⿺辶召	0	0	チョ チョウ		はる	ジョウ	u	9	
迪	⿺辶由	9	0	テキ	みち みちび.く すす.む いた.る	すすむ すすみ いたる ゆう	トク	u	8	
迯	⿺辶外	0	0	トウ	に.げる に.がす のが.す のが.れる				9	
邇	⿺辶爾	0	0	ジ ニ	ちか.い				18	
迴	⿺辶回	0	0	カイ エ					10	
逅	⿺辶后	0	0	コウ	あ.う まみ.える		コ ゴ	u	10	
迹	⿺辶亦	0	0	セキ シャク	あと	ど			10	
迺	⿺辶西	0	0	ナイ ダイ アイ	の すなわ.ち なんじ				10	
逑	⿺辶求	0	0	キュウ	つれあ.い		グ ジュツ のべる	u	11	
逕	⿺辶巠	0	0	ケイ	みち こみち さしわたし ただちに		キョウ	u	11	
逡	⿺辶夋	0	0	シュン	しりぞ.く				11	
逍	⿺辶肖	0	0	ショウ					11	
逞	⿺辶呈	9	0	テイ	たくま.しい				11	⿺辶⿱口王
逖	⿺辶狄	0	0	テキ	とお.い		チャク	u	11	
逋	⿺辶甫	0	0	ホ フ	のが.れる				11	
逧	⿺辶谷	0	0		さこ せこ				11	
逶	⿺辶委	0	0	イ					12	
逵	⿺辶坴	0	0	キ	おおじ		ギ	u	12	
逹	⿺辶幸	0	0	タツ ダ	-たち	て	ダチ とおる とどく	u	12	
迸	⿺辶并	0	0	ホウ ヒョウ	ほとばし.る はし.る				10	
遏	⿺辶曷	0	0	アツ	とど.める と.める		アチ カツ カチ	u	12	
遐	⿺辶叚	0	0	カ	とお.い なんぞ	とお	ゲ	u	13	
遑	⿺辶皇	0	0	カン コウ	いとま ひま		オウ	u	13	
遒	⿺辶酋	0	0	シュウ	せま.る つよ.い		ジュ	u	13	
逎	⿺辶酉	0	0	シュウ	せま.る つよ.い				11	
遉	⿺辶貞	0	0	テイ	うかが.う さすが		チョウ さすがに	u	13	
逾	⿺辶兪	0	0	ユ	いよいよ こ.える		トウ ツ	u	13	⿺辶俞
遖	⿺辶南	0	0		あっぱれ				13	
遘	⿺辶冓	0	0	コウ	あ.う まみ.える		ク	u	14	
遞	⿺辶虒	0	0	テイ	かわ.る たがいに				14	
遨	⿺辶敖	0	0	ゴウ	あそ.ぶ				15	
遯	⿺辶豚	0	0	トン	のが.れる		ドン	u	15	
遶	⿺辶堯	0	0	ニョウ ジョウ	めぐ.る		ショウ ノウ	u	16	
隨	⿰阝遀	0	0	ズイ	まにまに したが.う		スイ	u	16	
遲	⿺辶犀	0	0	チ	おく.れる おく.らす おそ.い		ジ	u	16	
邂	⿺辶解	0	0	カイ	あ.う		ゲ	u	17	
遽	⿺辶豦	0	0	キョ	あわ.てる あわただ.しい すみやか にわか				17	
邁	⿺辶萬	0	0	マイ バイ	ゆ.く	すすむ			17	
邀	⿺辶敫	0	0	ヨウ	むか.える もと.める		キョウ	u	17	
邊	⿺辶臱	0	0	ヘン	あた.り ほと.り -べ	なべ			19	
邉	⿺辶𮍛	0	0	ヘン	あた.り ほと.り -べ	なべ			18	⿺辶⿳自穴口
邏	⿺辶羅	0	0	ラ	めぐ.る				23	
邨	⿰屯阝	0	0	ソン	むら		トン ドン チュン	u	7	
邯	⿰甘阝	0	0	カン			ガン	u	8	
邱	⿰丘阝	0	0	キュウ	おか		ク	u	8	
邵	⿰召阝	0	0	ショウ					8	
郢	⿰呈阝	0	0	エイ			ヨウ	u	10	
郤	⿰谷阝	0	0	ゲキ キャク ケキ					10	
扈	⿸戸邑	0	0	コ	したが.う		ゴ	u	11	⿸户邑
郛	⿰孚阝	0	0	フ	くるわ		フウ	u	10	
鄂	⿰咢阝	0	0	ガク					12	
鄒	⿰芻阝	0	2283	スウ シュ シュウ			ジュ	u	13	
鄙	⿰啚阝	0	0	ヒ	ひな ひな.びる いや.しい		いやしむ	u	14	
鄲	⿰單阝	0	0	タン			タ	u	15	
鄰	⿰粦阝	0	0	リン	とな.る となり				16	
酊	⿰酉丁	0	0	テイ	よう		チョウ	u	9	
酖	⿰酉冘	0	0	タン チン	ふ.ける		トン ジン	u	11	
酘	⿰酉殳	0	0	トウ			ズ	u	11	
酣	⿰酉甘	0	0	カン	たけなわ		ガン コン	u	12	
酥	⿰酉禾	0	0	ソ					12	
酩	⿰酉名	0	0	メイ	よう		ベイ ミョウ	u	13	
酳	⿰酉⿱幺月	0	0	シン イン			ジン	u	14	
酲	⿰酉呈	0	0	テイ			ジョウ	u	14	
醋	⿰酉昔	0	0	サク	す		ザク ソ	u	15	
醉	⿰酉卒	10	0	スイ	よ.う よ.い				15	
醂	⿰酉林	0	0	ラン リン	あわ.す さわ.す				15	
醢	⿰酉𥁓	0	0	カイ	ひしお ししびしお しおから				17	
醫	⿱殹酉	0	0	イ	い.やす い.する くすし		エイ	u	18	
醯	⿰酉⿱㐬皿	0	0	ケイ カイ			す	u	19	
醪	⿰酉翏	0	0	ロウ	もろみ にごりざけ				18	
醵	⿰酉豦	0	0	キョ			キャク ゴ ガク	u	20	
醴	⿰酉豊	0	0	レイ ライ	あまざけ		リ	u	20	
醺	⿰酉熏	0	0	クン	よう				21	
釀	⿰酉襄	10	0	ジョウ	かも.す		ニョウ	u	24	
釁	⿱⿶⿱𦥑冖⿵𠔼コ⿱酉分	0	0	キン	ちぬ.る すき ひま				25	
釉	⿰釆由	9	0	ユウ	うわぐすり		ユ	u	12	⿰采由
釋	⿰釆睪	0	0	シャク セキ	とく す.てる ゆる.す		ヤク エキ	u	20	
釐	⿸𠩺里	0	0	リ	おさ.める さいわ.い りん		キ ライ タイ	u	18	
釖	⿰金刀	0	0	トウ	かたな そり				10	
釟	⿰金八	0	0	ハチ ハツ			ヘチ	u	10	
釡	⿱八金	0	0	フ	かま				10	
釛	⿰金力	0	0	コク	かね		ゴク	u	10	
釼	⿰金刄	0	0	ケン	つるぎ		ジツ ニチ	u	11	
釵	⿰金叉	0	0	サイ サ	かざし かんざし				11	
釶	⿰金也	0	0	シ					11	
鈞	⿰金匀	0	0	キン	ひと.しい		ろくろ	u	12	⿰釒勻
釿	⿰金斤	0	0	キン			ギン コン ゴン ておの	u	12	
鈔	⿰金少	0	0	ショウ			ソウ	u	12	
鈬	⿰金尺	0	0	タク			すず	u	12	
鈕	⿰金丑	0	0	チュウ ジュウ	ぼたん つまみ		ニュ チュ	u	12	
鈑	⿰金反	0	0	バン ハン					12	
鉞	⿰金戉	0	0	エツ	まさかり		ケ オチ カイ	u	13	
鉗	⿰金甘	0	0	ケン カン	つぐ.む くびかせ		ゲン ガン	u	13	
鉅	⿰金巨	0	0	キョ	はがね		ゴ	u	13	
鉉	⿰金玄	0	0	ケン	つ.る		ゲン キョウ ケイ カン	u	13	
鉤	⿰金句	0	0	コウ ク	かぎ はり ばり		グ かける	u	13	
鉈	⿰金它	0	0	シャ	なた ほこ		ジャ シ タ	u	13	
銕	⿰金夷	0	2282	テツ	くろがね		テチ テイ ダイ イ	u	14	
鈿	⿰金田	0	0	デン テン	かんざし				13	
鉋	⿰金包	0	0	ホウ ビョウ	かんな		バク ハク	u	13	⿰釒⿹勹巳
鉐	⿰金石	0	0	セキ ジャク			ソク	u	13	
銜	⿲彳金亍	0	0	カン	くつわ くわ.える		ガン	u	14	⿴行金
銖	⿰金朱	0	0	シュ			ジュ	u	14	
銓	⿰金全	0	0	セン	はか.る		はかり	u	14	
銛	⿰金舌	0	0	セン テン	もり すき		ゼン カチ カツ	u	14	
鉚	⿰金卯	0	0	リュ	よいかね		リュウ ル	u	13	
鋏	⿰金夾	0	0	キョウ	はさみ はさ.む つるぎ				15	
銹	⿰金秀	0	0	シュ シュウ	さび				15	
銷	⿰金肖	0	0	ショウ ソウ	け.す と.ける かわ.す とろ.かす				15	
鋩	⿰金芒	0	0	ボウ	ほこさき きっさき へさき		モウ	u	14	
錏	⿰金亞	0	0	ア エ	しろこ しころ				16	
鋺	⿰金宛	0	0	エン	かなまり		オン	u	16	
鍄	⿰金京	0	0	リョウ キョウ			かすがい	u	16	
錮	⿰金固	8	0	コ	ふさ.ぐ				16	
錙	⿰金甾	0	0	シ					16	
錢	⿰金戔	0	0	セン	ぜに すき		ゼン	u	16	
錚	⿰金爭	0	0	ソウ			ショウ	u	16	⿰金争
錣	⿰金叕	0	0	テツ テイ	しころ		タチ テ タツ テチ	u	16	
錺	⿰金芳	0	0		かざり				15	
錵	⿰金花	0	0	カ	にえ				15	
錻	⿰金武	0	0	ブ			ブリキ	u	16	
鍜	⿰金叚	0	0	カ			ゲ	u	17	
鍠	⿰金皇	0	0	コウ			オウ	u	17	
鍼	⿰金咸	0	2338	シン	はり さ.す		ケン ゲン カン	u	17	
鍮	⿰金兪	0	0	チュウ トウ			ツ	u	17	⿰金俞
鍖	⿰金甚	0	0	チン					17	
鎰	⿰金益	0	0	イツ	かぎ		イチ	u	18	
鎬	⿰金高	0	0	コウ	しのぎ なべ		ゴウ	u	18	
鎭	⿰金眞	10	0	チン	しず.める しず.まる おさえ		テン デン	u	18	
鎔	⿰金容	0	0	ヨウ	と.ける と.かす いがた	よん	ユ	u	18	
鎹	⿰金送	0	0		かすがい				18	⿰釒⿺辶⿱八天
鏖	⿸鹿金	0	0	オウ	みなごろ.し		ヒョウ	u	19	
鏗	⿰金堅	0	0	コウ	つく		キョウ	u	20	
鏨	⿱斬金	0	0	サン ザン	たがね		セン ゼン	u	19	
鏥	⿰金宿	0	0	シュウ	さび				19	
鏘	⿰金將	0	0	ソウ ショウ					19	
鏃	⿰金族	0	0	ソク ゾク	やじり		ソウ シュ サク	u	19	
鏝	⿰金曼	0	0	マン	こて		バン	u	19	
鏐	⿰金翏	0	0	リュウ			ル グ キュウ リョウ	u	19	
鏈	⿰金連	0	0	レン	くさり		テン	u	19	
鏤	⿰金婁	0	0	ル ロウ	ちりば.める		える	u	19	
鐚	⿰金惡	0	0	ワ ア	びた しころ				20	
鐔	⿰金覃	0	0	タン シン	つば		ジン イン ドン タク	u	20	⿰釒⿱覀早
鐓	⿰金敦	0	0	タイ	いしづき		タン トン	u	20	
鐃	⿰金堯	0	0	ドウ ニョウ	どら		ジョウ	u	20	
鐇	⿰金番	0	0	ハン			ボン	u	20	
鐐	⿰金尞	0	0	リョウ	あしかせ		ロウ	u	20	
鐶	⿰金睘	0	0	カン	たまき わ		ゲン セン ゼン	u	21	
鐫	⿰金雋	0	0	セン	ほ.る え.る き.る のみ				20	
鐵	⿰金𢧜	0	0	テツ	くろがね		テチ デチ	u	21	
鐡	⿰金⿹𢦏⿱口䒑	0	0	テツ	くろがね				20	
鐺	⿰金當	0	0	ト ソウ トウ	くさり こじり こて なべ		ショウ	u	21	
鑁	⿰金𡕰	0	0	バン					22	
鑒	⿱⿰臣⿱⿱𠂉一罒金	0	0	カン	かんが.みる かがみ				23	⿱𰯲金
鑄	⿰金壽	10	0	チュウ シュ シュウ	い.る		シュク	u	22	
鑛	⿰金廣	0	0	コウ	あらがね				23	
鑠	⿰金樂	0	0	シャク	とろ.かす と.かす		ヤク レキ リャク	u	23	
鑢	⿰金慮	0	0	ロ リョ	やすり				23	
鑞	⿰金巤	0	0	ロウ					23	
鑪	⿰金盧	0	0	ロ	いろり	たたら	ル	u	24	
鈩	⿰金戸	0	0	ロ	いろり				12	⿰金户
鑰	⿰金龠	0	0	ヤク	かぎ				25	
鑵	⿰金雚	0	0	カン	かま				25	
鑷	⿰金聶	0	0	セツ ジョウ ニョウ	けぬき	けぬ			26	
鑽	⿰金贊	0	0	サン	き.る		きり	u	27	
鑚	⿰金賛	0	0	サン	き.る		きり	u	23	
鑼	⿰金羅	0	0	ラ	どら				27	
鑾	⿱䜌金	0	0	ラン	すず				27	
钁	⿰金矍	0	0	カク キャク					28	
鑿	⿱𣫞金	0	0	サク	のみ うが.つ		ソウ ソク ゾウ ザク	u	28	
閂	⿵門一	0	0	サン セン	かんぬき				9	
閇	⿵門下	0	0	ヘイ	と.じる と.ざす し.める し.まる				11	
閊	⿵門山	0	0		つか.える				11	
閔	⿵門文	0	0	ビン ミン	あわ.れむ うれ.える				12	
閖	⿵門水	0	0		ゆり ゆ.る ゆ.れる				12	
閘	⿵門甲	0	0	コウ	ひのくち		オウ	u	13	
閙	⿵門市	0	0	ドウ トウ	さわが.しい				13	
閠	⿵門玉	0	0	ケイ ギョク ジュン	うるう				13	
閨	⿵門圭	0	0	ケイ ケ	ねや				14	
閧	⿵門共	0	0	コウ	とき		ゴウ	u	14	
閭	⿵門呂	0	0	リョ ロ	さと				15	⿵門吕
閼	⿵門於	0	0	ア アツ エン ヨ	とど.める ふさ.ぐ		エツ オ	u	16	
閻	⿵門臽	0	0	エン			セン ゼン	u	16	
閹	⿵門奄	0	0	エン アン	おお.う				16	
閾	⿵門或	0	0	シキ イキ キョク ヨク	くぎり しきい		ケキ しきみ	u	16	
闊	⿵門活	0	2406	カツ	ひろ.い		カチ	u	17	
濶	⿰氵䦚	0	0	カツ	ひろ.い				17	
闃	⿵門狊	0	0	ゲキ ケキ	しずか ひっそり		カク キャク ギャク	u	17	
闍	⿵門者	0	0	ト ジャ			シャ ツ	u	17	⿵門⿻者丶
闌	⿵門柬	0	0	ラン	た.ける たけなわ てすり		さえぎる	u	17	
闕	⿵門欮	0	0	ケツ	か.ける		カチ	u	18	
闔	⿵門盍	0	0	コウ	とびら		ゴウ とじる	u	18	
闖	⿵門馬	0	0	チン	うかが.う				18	
關	⿵門𢇇	0	0	カン	せき かか.わる からくり かんぬき		ワン	u	19	
闡	⿵門單	0	0	セン	みち.る		ひらく	u	20	
闥	⿵門達	0	0	タツ タチ					21	
闢	⿵門辟	0	0	ヘキ ビャク	ひら.く		ヒャク	u	21	
阡	⿰阝千	0	0	セン					6	
阨	⿰阝厄	0	0	ヤク アイ アク	せま.い ふさが.る せま.る		ふさぐ	u	7	
阮	⿰阝元	0	0	ゲン			ガン	u	7	
阯	⿰阝止	0	0	シ	あと				7	
陂	⿰阝皮	0	0	ヒ ハ	つつみ		ビ	u	8	
陌	⿰阝百	0	0	ハク	まち みち	はざ	バク ミャク	u	9	
陏	⿰阝有	0	0	ダ	ずい		タ スイ	u	9	
陋	⿰阝𫠥	0	0	ロウ	いや.しい せま.い		ロ ル	u	9	
陷	⿰阝臽	10	0	カン	おちい.る おとしい.れる		ゲン	u	11	
陜	⿰阝夾	0	0	キョウ コウ	せま.い		ギョウ	u	10	
陞	⿰阝𡉼	0	0	ショウ	のぼ.る				10	
陝	⿰阝㚒	0	0	セン					10	
陟	⿰阝步	0	0	チョク トク	すす.む のぼ.る	たか のぼる	チキ	u	11	
陦	⿰阝寿	0	0	トウ チョウ	しま				10	
陲	⿰阝垂	0	0	スイ	ほとり		ズイ	u	11	
陬	⿰阝取	0	0	スウ シュウ	すみ		ソウ シュ	u	11	⿰阝⿸耳又
隍	⿰阝皇	0	0	コウ	ほり		ヨウ オウ エイ	u	12	
隘	⿰阝益	0	0	アイ ヤク	せま.い		ア アク	u	13	
隕	⿰阝員	0	0	イン エン ウン	おち.る				13	
隗	⿰阝鬼	0	0	カイ	けわ.しい		ゲ ガイ キ	u	13	
險	⿰阝僉	10	0	ケン	けわ.しい		サン ガン	u	16	
隧	⿰阝遂	0	0	スイ ツイ	みち		ズイ ヅイ タイ デ	u	15	⿰阝⿺辶⿱八豕
隱	⿰阝㥯	0	0	イン オン	かく.す かく.れる よ.る				17	
隲	⿰阝⿱少馬	0	0	チョク シツ	のぼ.る				17	⿸𮤻馬
隰	⿰阝㬎	0	0	シツ シュウ	さわ		ジュウ	u	17	
隴	⿰阝龍	0	0	ロウ リョウ	おか		リュ	u	19	
隶	⿻⺕氺	0	0	タイ			イ シ ジ テイ	u	8	
隸	⿰柰隶	0	0	レイ	したが.う しもべ		ライ リ レツ レチ	u	17	
隹	⿰亻⿱丶⿻工二	0	0	サイ スイ	とり		シ セ ふるとり	u	8	
雎	⿰且隹	0	0	ショ					13	
雋	⿱隹④	0	0	シュン セン	すぐ.れる		スイ シン	u	12	
雉	⿰矢隹	0	0	ジ チ	きじ	き	イ カイ シ	u	13	
雍	⿱亠⿰乡隹	0	0	ヨウ ユ	ふさ.ぐ やわら.ぐ				13	⿱亠𱁈
襍	⿰衤集	0	0	ザツ ゾウ	まじ.える まじ.る		ソウ	u	17	
雜	⿰⿱𠅃木隹	10	0	ザツ ゾウ	まじ.える まじ.る	さい	ソウ	u	18	⿰𰗣隹 ⿽椎𠅃
霍	⿱雨隹	0	0	カク	にわか	つる	ガク ラク	u	16	
雕	⿰周隹	0	0	チョウ	きざ.む わし ほ.る				16	⿰⿵⺆⿱𰀁口隹
雹	⿱雨包	0	0	ハク ヒョク ボク	ひょう		ホク バク	u	13	⿱雨⿹勹巳
霄	⿱雨肖	0	0	ショウ	そら				15	
霆	⿱雨廷	0	0	テイ	いかづち		ジョウ チョウ いかずち	u	15	
霈	⿱雨沛	0	0	ハイ	ひさめ				16	
霓	⿱雨兒	0	0	ゲイ	にじ		ゲツ ゲチ ゲキ ギャク	u	16	
霎	⿱雨妾	0	0	ショウ ソウ					16	
霑	⿱雨沾	0	0	テン	うるお.う うるお.い		セン	u	16	
霏	⿱雨非	0	0	ヒ	もや				16	
霖	⿱雨林	0	0	リン	ながあめ ながめ				16	
霙	⿱雨英	0	0	エイ ヨウ	みぞれ		オウ	u	16	
霤	⿱雨留	0	0	リュウ	あまだれ				18	
霪	⿱雨淫	0	0	イン					19	
霰	⿱雨散	0	0	セン サン	あられ				20	
霹	⿱雨辟	0	0	ヘキ ヒャク					21	
霽	⿱雨齊	0	0	セイ サイ	は.れる は.らす		ザイ	u	22	
霾	⿱雨貍	0	0	バイ	つちふる		マイ メ	u	22	
靄	⿱雨謁	0	0	アイ	もや		アツ アチ	u	24	
靆	⿰雲逮	0	0	タイ			ダイ	u	24	
靈	⿱霝巫	0	0	レイ リョウ	たま				24	
靂	⿱雨歷	0	0	レキ			リャク	u	24	
靉	⿰雲愛	0	0	アイ イ			エ	u	25	
靜	⿰靑爭	10	0	セイ ジョウ	しず- しず.か しず.まる しず.める	しずか			16	
靠	⿱吿非	0	0	コウ	もた.れる たが.う よ.る		コク	u	15	⿱告非
靤	⿰面包	0	0	ホウ	にきび		ビョウ	u	14	⿰面⿹勹巳
靦	⿰面見	0	0	テン					16	
靨	⿱厭面	0	0	ヨウ	えくぼ		エン	u	23	
勒	⿰革力	0	0	ロク	くつわ				11	
靫	⿰革叉	0	0	ジン ニン サ サイ	うつぼ うつお しな.やか ゆぎ		セツ シャ サツ サチ	u	12	
靱	⿰革刄	0	0	ジン ニン サ サイ	うつぼ うつお しな.やか ゆぎ				12	
靹	⿰革內	0	0	ケツ			ドウ ノウ とも	u	13	⿰革内
鞅	⿰革央	0	0	オウ ヨウ	むながい				14	
靼	⿰革旦	0	0	タン タチ タツ	なめ.す なめしがわ		セツ セチ タク チャク	u	14	
鞁	⿰革皮	0	0	ヒ			ビ	u	14	
靺	⿰革末	0	0	マツ バツ			マチ	u	14	
鞆	⿰革丙	0	0		とも				14	
鞋	⿰革圭	0	0	アイ カイ	わらじ くつ		ケ ゲ ケイ	u	15	
鞏	⿱巩革	0	0	キョウ	かたい		ク	u	15	
鞐	⿰革𠧗	0	0		こはぜ				15	
鞜	⿰革沓	0	0	トウ	くつ				17	
鞨	⿰革曷	0	0	カツ ガチ セツ ゼチ	かわぐつ		バツ メチ	u	18	
鞦	⿰革秋	0	0	シュウ	ふらん.に しりがい		シュ	u	18	
鞣	⿰革柔	0	0	ジュウ ニュウ	なめ.す なめしがわ		ニュ	u	18	
鞳	⿰革荅	0	0	トウ					18	
鞴	⿰革⿱卄⿸厂用	0	0	ヒ ビ フク	ふいご		ホ ブク ブ	u	19	⿰革𤰇
韃	⿰革達	0	0	ダツ タツ		だっ	タチ	u	22	
韆	⿰革遷	0	0	セン					24	⿰革⿺辶⿱䙲㔾
韈	⿰革蔑	0	0	ベツ モチ バツ マチ	しとうず				23	
韋	⿳𫝀口㐄	0	0	イ	そむ.く		カイ エ なめしがわ	u	10	⿱𭇁㐄
韜	⿰韋舀	0	0	トウ	ゆぶくろ ゆみぶくろ つつ.む				20	
韭	⿱非一	0	0	キュウ ク			にら	u	9	⿱⿰⿰三丨⿰丨三一
齏	⿵齊韭	0	0	セイ サイ	あえもの なます あ.える				23	
韲	⿱⿱亠⿲刀丫③韭	0	0	セイ サイ	あえもの なます あ.える				19	
竟	⿱音儿	0	0	キョウ ケイ	おわ.る ついに わた.る				11	
韶	⿰音召	0	0	ショウ		つぐ	ジョウ	u	14	
韵	⿰音勻	0	0	イン	ひびき				13	⿰音匀
頏	⿰亢頁	0	0	コウ	のど		ゴウ	u	13	
頌	⿰公頁	9	0	ショウ ジュ ヨウ	かたち たた.える ほめ.る	つぐ のぶ	ユ	u	13	
頸	⿰巠頁	0	0	ケイ	くび		キョウ ギョウ	u	16	
頤	⿰𦣝頁	0	0	イ	おとがい あご		アイ	u	15	⿰𦣞頁
頡	⿰吉頁	0	0	ケツ キツ カツ ケチ			ゲチ	u	15	
頷	⿰含頁	0	0	ガン カン	うなず.く あご		ゴン キン コン うなづく	u	16	
頽	⿰秃頁	0	0	タイ	くず.れる		デ タ ダ	u	16	
顆	⿰果頁	0	0	カ	つ.ぶ		カン	u	17	
顏	⿰彥頁	0	0	ガン	かお		ゲン ガイ ゲ	u	18	
顋	⿰思頁	0	0	サイ	あご えら		あぎと	u	18	
顫	⿰亶頁	0	0	セン	ふる.える				22	
顯	⿰㬎頁	10	0	ケン	あきらか あらわ.れる				23	
顰	⿱頻卑	0	0	ヒン	ひそ.める しか.める		ヒ ビン ビ ひそみ	u	24	⿱頻⿱⿱㇒⿻日丿十
顱	⿰盧頁	0	0	ロ	かしら あたま				25	
顴	⿰雚頁	0	0	ケン カン			ゲン	u	26	
顳	⿰聶頁	0	0	ショウ			ジョウ ニョウ	u	27	
颪	⿱下風	0	0		おろし				12	
颯	⿰立風	9	0	サツ ソウ	さっ.と		ロウ ラン ソク リュウ	u	14	
颱	⿺風台	0	0	タイ					14	
颶	⿺風具	0	0	グ ク					17	⿺風⿱⿴𠀃三八
飄	⿰票風	0	0	ヒョウ	ひるが.える つむじかぜ				20	
飃	⿺風票	0	0	ヒョウ	ひるが.える つむじかぜ				20	
飆	⿰猋風	0	0	ヒョウ	つむじかぜ				21	
飩	⿰𩙿屯	0	0	ドン トン			チュン	u	13	
飫	⿰𩙿夭	0	0	ヨウ オ ヨ	あき.る				13	
餃	⿰𩙿交	0	0	ギョウ キョウ コウ					15	
餉	⿰𩙿向	0	0	ショウ	け かれい かれい.い べんとう				15	
餒	⿰𩙿妥	0	0	ダイ イ	う.える		ネ	u	16	
餔	⿰𩙿甫	0	0	ホ フ	く.う ゆうめし		ブ	u	16	
餘	⿰𩙿余	0	0	ヨ	あま.る あま.り あま.す		ヤ	u	16	
餡	⿰𩙿臽	0	0	アン カン			コン ガン	u	17	
餝	⿰𩙿芳	0	0	コウ シキ ショク	かざり かざ.る		チョク	u	16	
餞	⿰𩙿戔	0	0	セン	はなむけ		ゼン	u	17	
餤	⿰𩙿炎	0	0	タン			ダン エン	u	17	
餠	⿰𩙿幷	0	0	ヘイ ヒョウ	もち もちい				17	
餬	⿰𩙿胡	0	0	コ	かゆ		ゴ	u	18	
餮	⿱殄食	0	0	テツ	むさぼ.る		テチ テン デン	u	18	
餽	⿰𩙿鬼	0	0	キ	おく.る		ギ	u	19	
餾	⿰𩙿留	0	0	リュウ					19	
饂	⿰𩙿𥁕	0	0	ウン	うどん				19	⿰飠昷
饉	⿰𩙿堇	0	0	キン	う.える		ゴン	u	20	
饅	⿰𩙿曼	0	0	マン			バン	u	20	
饐	⿰𩙿壹	0	0	イ エイ エツ	す.える むせ.ぶ		エチ イツ イチ	u	21	
饋	⿰𩙿貴	0	0	キ	おく.る		ギ タイ デ	u	21	
饑	⿰𩙿幾	0	0	キ	う.える		ケ	u	21	
饒	⿰𩙿堯	0	0	ジョウ ニョウ	ゆたか	ぬう の よ			21	
饌	⿰𩙿巽	0	0	セン サン	そな.える		ザン ハン ボン ゼン	u	21	
饕	⿱號食	0	0	トウ	むさぼ.る				22	
馗	⿺九首	0	0	キ			ギ キュウ グ	u	11	
馘	⿰首或	0	0	カク キョク	くびき.る みみき.る		コク ケキ ゲキ キャク	u	17	
馥	⿰香复	0	0	クク ヒョク フク	か かお.る		かおり	u	18	
馭	⿰馬又	0	0	ギョ			ゴ	u	12	
馮	⿰冫馬	0	0	ヒョウ フ フウ	たの.む よ.る		ビョウ ブ ブン ホウ	u	12	
馼	⿰馬文	0	0	ブン モン					14	
駟	⿰馬四	0	0	シ			シツ シチ	u	15	
駛	⿰馬史	0	0	シ	は.せる はや.い				15	
駝	⿰馬它	0	0	ダ タ	せむし				15	
駘	⿰馬台	0	0	タイ			ダイ ダデ	u	15	
駑	⿱奴馬	0	0	ド	にぶ.い		ヌ	u	15	
駭	⿰馬亥	0	0	ガイ カイ	おどろ.く おどろ.かす				16	
駮	⿰馬交	0	0	カク ハク	ぶち まだら		ホク	u	16	
駱	⿰馬各	0	0	ラク	かわらげ		ロ	u	16	
駲	⿰馬州	0	0	シュウ ジュン					16	
駻	⿰馬旱	0	0	カン			ガン	u	17	
駸	⿰馬𠬶	0	0	シン					17	
騁	⿰馬甹	0	0	テイ	はせ.る		チョウ	u	17	
騏	⿰馬其	0	0	キ			ギ	u	18	
騅	⿰馬隹	0	0	スイ	あしげ				18	
駢	⿰馬并	0	0	ヘン	なら.ぶ		ベン	u	16	
騙	⿰馬扁	0	0	ヘン	かた.る だま.す				19	
騫	⿱𡨄馬	0	0	ケン			コン	u	20	
騷	⿰馬蚤	10	0	ソウ	さわ.ぐ うれい さわが.しい		ショウ	u	20	
驅	⿰馬區	0	0	ク	か.ける か.る		キュウ	u	21	
驂	⿰馬參	0	0	サン	そえうま				21	
驀	⿱莫馬	0	0	バク			ミャク バ メ	u	20	
驃	⿰馬票	0	0	ヒョウ			ビョウ	u	21	
騾	⿰馬累	0	0	ラ					21	
驕	⿰馬喬	0	0	キョウ	おご.る		ク	u	22	
驍	⿰馬堯	9	0	ギョウ キョウ	たけし つよ.い	いさ いさむ すぐる			22	
驛	⿰馬睪	0	0	エキ			ヤク うまや	u	23	
驗	⿰馬僉	10	0	ケン ゲン	あかし しるし ため.す ためし				23	
驟	⿰馬聚	0	0	シュウ	にわか はせ.る		ジュ ソウ はしる	u	24	
驢	⿰馬盧	0	0	ロ リョ	うさぎうま				26	
驥	⿰馬冀	0	0	キ					26	
驤	⿰馬襄	0	0	ジョウ ショウ	あ.がる		ソウ ニョウ	u	27	
驩	⿰馬雚	0	0	カン	よろこ.ぶ				27	
驫	⿱馬騳	0	0	ヒュウ ヒョウ シュウ		とどろ	ヒュ ジュウ キュウ ク	u	30	⿱馬⿰馬馬
驪	⿰馬麗	0	0	リ レイ			ライ ジ チ	u	29	
骭	⿰骨干	0	0	カン	はぎ		ゲン	u	13	
骰	⿰骨殳	0	0	トウ	さい		ズ ク コ	u	14	
骼	⿰骨各	0	0	カク			キャク	u	16	
髀	⿰骨卑	0	0	ヒ ヘイ	もも		ミ ベイ ビ	u	18	⿰骨⿱⿱㇒⿻日丿十
髏	⿰骨婁	0	0	ロ			ロウ ル	u	21	
髑	⿰骨蜀	0	0	ドク トク					23	
髓	⿰骨遀	0	0	ズイ			スイ	u	23	
體	⿰骨豊	0	0	タイ テイ	からだ かたち				23	
髞	⿰高喿	0	0	ソウ		たかし	ゾウ	u	23	
髟	⿰镸彡	0	0	ヒュウ ヒョウ			ヒュ サン セン かみがしら	u	10	
髢	⿱髟也	0	0	テイ セキ	かもじ		ダイ シャク チ ジ	u	13	
髣	⿱髟方	0	0	ホウ			ボウ	u	14	
髦	⿱髟毛	0	0	ボウ モウ	たれがみ		ム ミョウ	u	14	
髯	⿱髟冉	0	0	ゼン	ひげ				15	
髫	⿱髟召	0	0	チョウ	うな.る うな.い		ジョウ	u	15	
髮	⿱髟犮	10	0	ハツ	かみ		ホチ	u	15	
髴	⿱髟弗	0	0	フツ			フチ ブチ ヒ	u	15	
髱	⿱髟包	0	0	ホウ	たぼ		ビョウ	u	15	⿱髟⿹勹巳
髷	⿱髟曲	0	0	キョク	まげ わげ		コク	u	16	
髻	⿱髟吉	0	0	ケイ キツ	たぶさ みずら もとどり		キチ ケツ ゲチ	u	16	
鬆	⿱髟松	0	0	ショウ ソウ シュ			ス す	u	18	
鬘	⿱髟曼	0	0	バン マン	かつら	かずら			21	
鬚	⿱髟須	0	0	シュ ス	ひげ				22	
鬟	⿱髟睘	0	0	カン	わげ みずら		ゲン	u	23	
鬢	⿱髟賓	0	0	ビン ヒン					24	
鬣	⿱髟巤	0	0	リョウ	たてがみ		ヨウ	u	25	
鬥	⿰𩰋𩰊	0	0				トウ カク ツ たたかいがまえ	u	10	
鬧	⿵鬥巿	0	0	トウ ドウ	さわが.しい		ニョウ	u	15	⿵鬥市
鬨	⿵鬥共	0	0	コウ グ	とき		ゴウ	u	16	
鬩	⿵鬥兒	0	0	ケキ カク ゲキ	せめ.ぐ		キャク	u	18	
鬪	⿵鬥𭔰	0	0	トウ	たたか.う あらそ.う				20	
鬮	⿵鬥龜	0	0	キュウ	くじ		ク コウ	u	26	
鬯	⿱𠚍匕	0	0	チョウ	かおりぐさ				10	
鬲	⿳一口⿵冂⿱䒑丨	0	0	カク レキ	かなえ へだ.てる		アク リャク キャク ヤク	u	10	⿱𠮛⿵𦉪丅
魄	⿰白鬼	0	0	ハク タク	たましい		ヒャク バク	u	15	
魃	⿺鬼犮	0	0	ハツ バツ			バチ	u	15	
魏	⿰委鬼	0	2075	ギ	たか.い		ゲ ガイ	u	18	
魍	⿺鬼罔	0	0	モウ ボウ					18	
魎	⿺鬼兩	0	0	リョウ	こだま				18	
魑	⿺鬼离	0	0	チ	すだま				21	
魘	⿸厭鬼	0	0	エン ヨウ	うな.される				24	
魴	⿰魚方	0	0	ホウ	かがみたい おしきうお かがみだい		ボウ	u	15	
鮓	⿰魚乍	0	0	サ	すし		シャ ジャ	u	16	
鮃	⿰魚平	0	0	ヒョウ ヘイ	ひらめ		ビョウ	u	16	
鮑	⿰魚包	0	0	ホ ホウ	あわび		ビョウ ヒョウ	u	16	⿰魚⿹勹巳
鮖	⿰魚石	0	0		かじか		かじこ	u	16	
鮗	⿰魚冬	0	0		このしろ				16	
鮟	⿰魚安	0	0	アン					17	
鮠	⿰魚危	0	0	カイ ゲ ガイ	はえ はや				17	
鮨	⿰魚旨	0	0	シ キ	すし		ジ ギ ゲイ	u	17	
鮴	⿰魚休	0	0		めばる まて こち ごり				17	
鯀	⿰魚系	0	0	コン					18	
鯊	⿱沙魚	0	0	サ シャ	さめ はぜ				18	
鮹	⿰魚肖	0	0	ショウ ソウ	たこ				18	
鯆	⿰魚甫	0	0	フ ホ	いるか				18	
鯏	⿰魚利	0	0		あさり うぐい				18	
鯑	⿰魚希	0	0		かずのこ				18	
鯒	⿰魚甬	0	0		こち				18	
鯣	⿰魚易	0	0	エキ	するめ		ヤク	u	19	
鯢	⿰魚兒	0	0	ゲイ	さんしょううお				19	
鯤	⿰魚昆	0	0	コン			ゴン	u	19	
鯔	⿰魚甾	0	0	シ	ぼら とど				19	
鯡	⿰魚非	0	0	ヒ	にしん はららご				19	
鰺	⿰魚參	0	0	ソウ	あじ				22	
鯲	⿰魚於	0	0		どじょう				19	
鯱	⿰魚虎	0	0		しゃちほこ しゃち		コ	u	19	
鯰	⿰魚念	0	0	ネン	なまず		デン	u	19	
鰕	⿰魚叚	0	0	カ	えび		ゲ ケ	u	20	
鰔	⿰魚咸	0	0	カン	かれい たら		コン ゲン ケン	u	20	
鰉	⿰魚皇	0	0	コウ	ちょうざめ ひがい		オウ	u	20	
鰓	⿰魚思	0	0	サイ シ	えら		あぎと	u	20	
鰌	⿰魚酋	0	0	シュ シュウ	どじょう				20	
鰆	⿰魚春	0	0	シュン	さわら				20	
鰈	⿰魚枼	0	0	チョウ トウ	かれい		ショウ ソウ ジョウ	u	20	
鰒	⿰魚复	0	0	フク	あわび ふぐ		ブク ハク バク ホク	u	20	
鰊	⿰魚柬	0	0	レン	にしん				20	
鰄	⿰魚威	0	0	イ	かいらぎ				20	
鰮	⿰魚𥁕	0	0	オン	いわし				21	
鰛	⿰魚昷	0	0	オン	いわし				20	
鰥	⿰魚眔	0	0	カン コン	やもめ やもお		ケン	u	21	⿰魚⿱罒⿲𰀪丨⿱丶丶
鰤	⿰魚師	0	0	シ ソウ	ぶり はまち かます				21	
鰡	⿰魚留	0	0	リュウ ル	ぼら				21	
鰰	⿰魚神	0	0		はたはた				21	
鱇	⿰魚康	0	0	コウ					22	
鰲	⿱敖魚	0	0	ゴウ	おおがめ				22	
鱆	⿰魚章	0	0	ショウ	たこ				22	
鰾	⿰魚票	0	0	ヒョウ	ふえ うきぶくろ		ビョウ	u	22	
鱚	⿰魚喜	0	0		きす				23	
鱠	⿰魚會	0	0	カイ ケ	えそ なます				24	
鱧	⿰魚豊	0	0	レイ	はも		ライ	u	24	
鱶	⿰魚養	0	0	ショウ ヨウ	ふか ひもの				26	
鱸	⿰魚盧	0	0	ロ	すずき				27	
鳧	⿱鳥几	0	0	フ	けり かも		ブ	u	13	
鳬	⿹⑦几	0	0	フ	けり かも				9	
鳰	⿰入鳥	0	0		にお				13	
鴉	⿰牙鳥	0	0	ア	からす		ガ ゲ	u	16	
鴈	⿸厂𠌵	0	2128	ガン	かり かりがね		ゲン	u	15	
鳫	⿸厂鳥	0	0	ガン	かり かりがね				13	
鴃	⿰鳥夬	0	0	ケイ ゲキ ケキ ケツ	もず		キャク ケチ	u	15	
鴆	⿰冘鳥	0	0	チン			ジン タン ドン トン	u	15	
鴪	⿰穴鳥	0	0	イツ					16	
鴦	⿱央鳥	0	0	オウ			ヨウ	u	16	
鶯	⿱𤇾鳥	0	0	オウ	うぐいす		ヨウ	u	21	
鴣	⿰古鳥	0	0	コ			ク	u	16	
鴟	⿰氐鳥	0	0	シ	とび				16	
鵄	⿰至鳥	0	0	シ	とび				17	
鴕	⿰鳥它	0	0	ダ タ					16	
鴒	⿰令鳥	0	0	レイ			リョウ	u	16	
鵁	⿰交鳥	0	0	コウ			キョウ	u	17	
鴿	⿰合鳥	0	0	コウ	はと どばと				17	
鴾	⿰牟鳥	0	0	ボウ	とき		ム	u	17	
鵆	⿲彳鳥亍	0	0		ちどり				17	⿴行鳥
鵈	⿰耳鳥	0	0		とび		みさご	u	17	
鵝	⿰我鳥	0	0	ガ					18	
鵞	⿱我鳥	0	0	ガ					18	
鵤	⿰角鳥	0	0		いかる いかるが				18	
鵑	⿰肙鳥	0	0	ケン					18	
鵐	⿰巫鳥	0	0	ブ ム					18	
鵙	⿰貝鳥	0	0	ケキ ゲキ	もず		キャク	u	18	
鵲	⿰昔鳥	0	0	シャク ジャク	かささぎ		サク	u	19	
鶉	⿰享鳥	0	0	ジュン シュン	うずら		トン タン ダン	u	19	
鶇	⿰東鳥	0	0	トウ ツ	つぐみ				19	
鶫	⿰柬鳥	0	0	トウ ツ	つぐみ				20	
鵯	⿰卑鳥	0	0	ヒ ヒツ	ひよどり		ビチ	u	19	⿰⿱⿱㇒⿻日丿十鳥
鵺	⿰夜鳥	0	0	コウ ヤ	ぬえ				19	
鶚	⿰咢鳥	0	0	ガク	みさご				20	
鶤	⿰軍鳥	0	0	ウン コン	とうまる しゃも		キ イ	u	20	
鶩	⿱敄鳥	0	0	ボク ブ ム	あひる		モク	u	20	
鶲	⿰翁鳥	0	0		ひたき		オウ オ	u	21	
鷄	⿰奚鳥	10	0	ケイ	にわとり とり				21	
鷁	⿰益鳥	0	0	ゲキ			ギャク	u	21	
鶻	⿰骨鳥	0	0	コツ カツ	はやぶさ		ゲチ ゴチ クチ	u	21	
鶸	⿰弱鳥	0	0	ジャク	ひわ		ニャク	u	21	
鶺	⿰脊鳥	0	0	セキ			シャク	u	21	
鷆	⿰眞鳥	0	0	テン シン	かすい		デン	u	21	
鷏	⿰真鳥	0	0	テン シン	かすい		デン	u	21	
鷂	⿰䍃鳥	0	0	ヨウ	はいたか				21	
鷙	⿱執鳥	0	0	ゴウ シ チツ			セツ チュウ	u	22	⿱⿰幸丸鳥
鷓	⿰庶鳥	0	0	シャ					22	
鷸	⿰矞鳥	0	0	イツ	しぎ		シュツ イチ ジュチ	u	23	
鷦	⿰焦鳥	0	0	ショウ		さ			23	
鷭	⿰番鳥	0	0	ハン バ	ばん		ボン もず	u	23	
鷯	⿰尞鳥	0	0	リョウ					23	
鷽	⿱𦥯鳥	0	0	カク アク	うそ	ざき	ヨク ガク カツ ゲチ	u	24	
鸚	⿰嬰鳥	0	0	イン オウ ヨウ					28	
鸛	⿰雚鳥	0	0	カン	こうのとり		ガン ケン ゲン	u	28	
鸞	⿱䜌鳥	0	0	ラン					30	
鹵	⿱⺊⿴囗𠂭	0	0	ロ	しお しおち たて				11	⿱⺊𱕻 ⿴占𠂭
鹹	⿰鹵咸	0	0	カン ダイ	から.い しおからい しおけ せいしゅ		ゲン	u	20	
鹽	⿱⿰臣⿱𠂉鹵皿	0	0	エン	しお				25	
麁	⿱𠂊鹿	0	0	ソ	あら.い				13	⿱⺈鹿
麈	⿸鹿主	0	0	シュ ス	おおじか				16	
麋	⿱鹿米	0	0	ビ	なれしか		ミ おおじか	u	17	
麌	⿱鹿吳	0	0	グ ゴ	おじか				18	
麒	⿰鹿其	9	0	キ			ギ	u	19	
麕	⿱鹿囷	0	0	キン クン	のろ				19	
麑	⿱鹿兒	0	0	ゲイ ベイ	こじか かのこ		マイ メイ	u	19	
麝	⿱鹿射	0	0	ジャ シャ			セキ ジャク	u	21	
麥	⿱來夂	0	0	バク	むぎ		ミャク キョク コキ	u	11	⿱來夊
麩	⿺麥夫	0	0	フ	ふすま				15	
麸	⿺麦夫	0	0	フ	ふすま				11	
麪	⿺麥丏	0	0	メン ベン	むぎこ				15	
麭	⿺麥包	0	0	ホウ	こなもち		ヒョウ	u	12	⿺麥⿹勹巳
靡	⿸麻非	0	0	ヒ ビ ミ	なび.く ない わ.ける		メ バ マ	u	19	⿸广⿱𣏟非
黌	⿱𦥯黃	0	0	コウ オウ					25	
黎	⿱𥝢⿱人氺	9	2335	レイ リ	くろ.い	れ	ライ	u	15	⿱𥝢𱥯 ⿺黍𠚣
黏	⿰黍占	0	0	ネン	ねば.り ねば.る		デン	u	17	
黐	⿰黍离	0	0	チ リ	もち				23	
黔	⿰黑今	0	0	ケン キン	くろ.い		ゲン ゴン	u	16	
黜	⿰黑出	0	0	チュツ	しりぞ.ける		チュチ	u	17	
點	⿰黑占	0	0	テン	つ.ける つ.く た.てる さ.す		セン タ	u	17	
黝	⿰黑幼	0	0	ユウ	あおぐろ		ヨウ イ ユ あおぐろい	u	17	
黠	⿰黑吉	0	0	カツ	さと.い わるがしこ.い		ゲチ	u	18	
黥	⿰黑京	0	0	ケイ ゲイ	いれずみ		ギョウ	u	20	
黨	⿱𫩠黑	0	0	トウ	なかま むら				20	
黯	⿰黑音	0	0	アン	くら.い		オン くろい	u	21	
黴	⿰彳𪑛	0	0	バイ ビ マイ ミ	かび かび.る か.びる		メ	u	23	⿲彳⿳山一黑攵
黶	⿱厭黑	0	0	アン エン	ほくろ				26	
黷	⿰黑𧶠	0	0	トク	けが.す けが.れる		ドク	u	27	⿰黑賣
黹	⿱业㡀	0	0	チ	ぬう ぬいとり				12	
黻	⿰黹犮	0	0	フツ	あや		ボチ	u	17	
黼	⿰黹甫	0	0	フ ホ	あや				19	
黽	⿷⿹？𰀄𫜹	0	0	ボウ ビン ベン ミン	あおがえる つと.める		メン ミョウ	u	13	
鼇	⿱敖黽	0	0	ゴウ			おおがめ	u	24	⿱⿰𫠤攵黽
鼈	⿱敝黽	0	0	ベツ ヘツ	すっぽん		ヘチ	u	25	
皷	⿰壴皮	0	0	コ	つづみ				14	
鼕	⿱鼓冬	0	0	トウ			ズ	u	18	
鼡	⿱𭕄𠂡	0	0	ソ ショ	ねずみ ねず				8	
鼬	⿺鼠由	0	0	ユウ ユ	いたち				18	
鼾	⿰鼻干	0	0	カン	いびき		ガン	u	17	⿰⿱自畀干
齊	⿱⿱亠⿲刀丫③⿲丿二丨	10	0	セイ サイ	そろ.う ひと.しい ひと.しく あたる	ひとし	シ ジ セン	u	14	
齒	⿱止𠚕	0	0	シ	よわい は よわ.い よわい.する		ショウ	u	15	
齔	⿰齒匕	0	0	シン ソン トン	かけば		チン シュン	u	17	
齣	⿰齒句	0	0	シャク シュツ セキ	こま		セツ キョ チ シ	u	20	
齟	⿰齒且	0	0	ソ サ ショ	かむ		ゾ シャ ジャ	u	20	
齠	⿰齒召	0	0	チョウ					20	
齡	⿰齒令	0	0	レイ	よわ.い とし		リョウ	u	20	
齦	⿰齒艮	0	0	ギン コン	はぐき		ゴン カン ケン	u	21	
齧	⿱㓞齒	0	0	ゲツ ケツ	かじ.る か.む		ゲチ ケチ	u	21	
齬	⿰齒吾	0	0	ゴ			ギョ	u	22	
齪	⿰齒足	0	0	サク ソク セク シュク	せま.る		ショク	u	22	
齷	⿰齒屋	0	0	アク					24	
齲	⿰齒禹	0	0	ク ウ	むしば		コ	u	24	
齶	⿰齒咢	0	0	ガク	あご はぐき				24	
龕	⿱合龍	0	0	カン ガン	れい		コン	u	22	
龜	⿱⺈⿷⿻？？？	0	0	キ キュウ キン	かめ	ひさし	ク コン	u	18	
龠	⿳亼𠱠𠕁	0	0	ヤク	ふえ				17	⿳⿵𠆢一𠱠𠕁
堯	⿱垚兀	9	0	ギョウ	たか.い				12	
槇	⿰木眞	9	0	テン シン	まき こずえ		デン	u	14	
遙	⿺辶䍃	9	0	ヨウ	はる.か				14	
瑤	⿰王䍃	0	0	ヨウ	たま				14	
凜	⿰冫稟	9	0	リン	きびし.い		キン ゴン	u	15	
熙	⿱巸灬	9	0	キ	たのし.む ひか.る ひろ.い よろこ.ぶ		イ	u	15	⿱⿰𦣞巳灬
丂	⿱一㇉	0	0	コウ	さまた.げられる				2	
丄	⿱丨一	0	0	ジョウ ショウ	うえ うわ- かみ あ.げる				2	
丅	⿱一丨	0	0	カ ゲ	した しも もと さ.げる				2	
丌	⿱一⿰丿丨	0	0	キ ゴ	そ.れ そ.の だい				3	
丒	⿱刃一	0	0	チュウ	うし				4	⿱⿹𠃌㐅一 ⿱刃一
丟	⿱王厶	0	0	チュウ チュ	さる なげう.つ				6	⿱一去
丣	⿱一⿰⿰匚丿⿰丨？	0	0	ユウ	とり				7	
两	⿱一⿻冂从	0	0	リョウ	て.る ふたつ				7	
丨		0	0	コン シ ジョ ニョ	すす.む しりぞ.く				1	
丫	⿱丷丨	0	0	ア ヤ	ふたまた あげまき				3	
丮	⿹⺄⿻二丨	0	0	ケキ キャク	も.つ と.る				4	⿹⺄𰀁
丯	⿻彡丨	0	0	カイ	さんらん.する				4	
丰	⿻三丨	0	0	ホウ フ フウ	みめよ.い しげ.る		ボウ ブ	u	4	
丵	⿱业𢆉	0	0	サク	くさのむらがり		ザク	u	10	
乀		0	0	フツ ブチ	ま.がる		レツ レチ	u	1	
乁		0	0	イ	なが.れる				1	
乄		0	0		し.める して		しめ	u	2	
乇	⿱丿七	0	0	タク チャク					3	⿱㇒⿻一乚
乑	⿱㇒⿰𰀪𰀠	0	0	ギン ゴン シュウ	ならびたつ		ハン	u	6	
乚		0	0	イン オン	かく.す かく.れる かか.す よ.る		オツ	u	1	
乜		0	0	バ メ	やぶにらみ				2	
乣	⿰幺乚	0	0	キュウ					4	
乨	⿰台乚	0	0	シ	はじ.める はじ.まる				6	
乩	⿰占乚	0	0	ケイ	うらな.う				6	
乴	⿱折乙	0	0	セツ ゼチ	ひね.る				8	
乵	⿰辛乚	0	0	エン	すす.む				8	
乹	⿰𠦝乚	0	0	カン ケン	かわ.く かわ.かす ほ.す ひ.る				9	
乿	⿰⿱爫糸乚	0	0	チ ジ	おさ.める				11	
亍	⿱一丁	0	0	チョク	たたず.む		チク チュ カン ほす	u	3	
亖	⿱二二	0	0	シ	よ よ.つ よっ.つ よん				4	
亗	⿱山二	0	0	サイ セイ	とし とせ よわ.い				5	
亝	⿱厽二	0	0	セイ サイ	そろ.う ひと.しい ひと.しく あ.たる				8	
亯	⿳亠口日	0	0	キョウ コウ	う.ける		とおる	u	9	⿱亠𠯭
亹	⿱亠舋	0	0	ビ ミ ボン モン	つと.める うつく.しい				21	
仃	⿰亻丁	0	0	テイ					4	
仐	⿱人十	0	0	サン	かさ				4	⿱𠆢十
仚	⿱人山	0	0	ケン	とぶ				5	⿱𠆢山
仛	⿰亻乇	0	0	タ タク	おとめ よ.る		ダク	u	5	
仠	⿰亻干	0	0	カン	そこ.なう		ガン	u	5	
仡	⿰亻乞	0	0	キツ コチ	いさ.ましい		ギツ ゴツ	u	5	
仢	⿰亻勺	0	0	ハク シャク チャク テキ	まるきばし		バク ジャク	u	5	
仨	⿰亻三	0	0	サ					5	
仯	⿰亻少	0	0	ソウ ショウ ビョウ ミョウ	ちい.さい				6	
仱	⿰亻今	0	0	ケン キョウ キン ゴン	ほ.こる つつし.む		ゲン	u	6	
仳	⿰亻比	0	0	ヒ	わか.れる		ビ	u	6	
仵	⿰亻午	0	0	コ	あ.たる あえて さか.らう おなじ		ゴ	u	6	
份	⿰亻分	0	0	ヒン フン	うるわ.しい あき.らか				6	
仾	⿰亻互	0	0	テイ	ひく.い ひく.める ひく.まる				6	
仿	⿰亻方	0	0	ホウ	さまよ.う なら.う くら.べる		ボウ	u	6	
伀	⿰亻公	0	0	ショウ シュ	おおやけ おそ.れる				6	
伂	⿰亻巿	0	0	ハイ					6	
伃	⿰亻予	0	0	ヨ	うつく.しい	よし			6	
伈	⿰亻心	0	0	シン	おそ.れる				6	
伋	⿰亻及	0	0	キュウ ロウ	きび.しい		ハ ゴウ	u	6	
伌	⿰亻厄	0	0	アイ ア	くる.しむ				6	
伒	⿰亻斤	0	0	キン コン	たす.ける				6	
伕	⿰亻夫	0	0	フ	むすめむこ				6	
伖	⿰亻友	0	0	トウ ド	かねぐら				6	
众	⿱人从	0	0	ギン ゴン	おお.い				6	
伙	⿰亻火	0	0	カ	ひ ほ-				6	
伮	⿰亻奴	0	0	ド	つと.める				7	
伱	⿰亻尒	0	0	ジ ニ	なんじ しかり その のみ				7	
你	⿰亻尔	0	0	ジ ニ	なんじ しかり その のみ				7	
伳	⿰亻世	0	0	セツ セチ	おご.る				7	
伵	⿰亻四	0	0	キョク ケキ キ	しず.か さび.しい		シ よ よつ よっつ	u	7	⿰亻⿴囗⿰丿㇄
伷	⿰亻由	0	0	チュウ	ちすじ よつぎ				7	
伹	⿰亻且	0	0	ショ	つたな.い		タン ただし	u	7	
伻	⿰亻平	0	0	ホウ ヒョウ	つか.う	すき すみ とり			7	
伾	⿰亻丕	0	0	ヒ ハイ ヘ	おお.い				7	
佀	⿰亻㠯	0	0	ジ	に.る ひ.る				7	
佂	⿰亻正	0	0	セイ ショウ	おそれあわ.てる				7	
佈	⿰亻布	0	0	ホ フ	あまね.し				7	
佉	⿰亻去	0	0	キョ コ キャ カ					7	
佋	⿰亻召	0	0	ショウ	たす.ける		ジョウ	u	7	
佌	⿰亻此	0	0	シ	ちい.さい				7	
佒	⿰亻央	0	0	ヨウ オウ	あお.ぐ あおむ.け たの.しむ				7	
佔	⿰亻占	0	0	チン セン テン	みる うかが.う し.める				7	
佖	⿰亻必	0	0	ヒツ ビチ	ただ.しい なら.ぶ				7	
佘	⿱人示	0	0	シャ			ジャ	u	7	⿱𠆢示
佟	⿰亻冬	0	0	トウ ズ					7	
佣	⿰亻用	0	0	ヨウ					7	
佪	⿰亻回	0	0	カイ エ	さまよ.う				8	
佬	⿰亻老	0	0	リョウ ロ ロウ	おお.きい				8	
佮	⿰亻合	0	0	コウ	あ.わせる				8	
佱	⿱亼正	0	0	ホウ	ふらん のり				8	⿱⿵𠆢一正
佷	⿰亻艮	0	0	コン コウ ギン	もと.る		ゴウ ゴン	u	8	
佸	⿰亻舌	0	0	カツ ガチ	あ.う あつ.まる つと.める いた.る				8	
佹	⿰亻危	0	0	キ	かさ.なる よ.る もと.る ささ.える				8	
佺	⿰亻全	0	0	セン					8	
佽	⿰亻次	0	0	シ	すばしこい なら.ぶ たす.ける およ.び	とし			8	
佾	⿰亻䏌	0	0	イツ イチ	やす.い やす.んずる				8	
侁	⿰亻先	0	0	シン	い.く つか.い				8	
侂	⿰亻㡯	0	0	タク	よ.せる たの.む				8	
侄	⿰亻至	0	0	シツ シチ テツ	かた.い おろ.か とど.まる				8	
侅	⿰亻亥	0	0	カイ	むせ.ぶ		ガイ	u	8	
侉	⿰亻夸	0	0	カ ケ ア	おご.る ほこ.る				8	
侊	⿰亻光	0	0	コウ	さかん	てる みつ			8	
侌	⿱今云	0	0	イン	かげ かげ.る				8	
侎	⿰亻米	0	0	ビ ミ	いつく.しむ				8	
侐	⿰亻血	0	0	キョク ケキ キ	しず.か さび.しい				8	
侒	⿰亻安	0	0	アン	やす.らか				8	
侓	⿰亻聿	0	0	ロツ ロチ	おお.きい		リツ	u	8	
侔	⿰亻牟	0	0	ボウ ム	ひと.しい そろ.う したが.う つと.める				8	
侗	⿰亻同	0	0	トウ ツ ズ	おろ.か いた.む かたち なおい		ドウ	u	8	
侙	⿰亻式	0	0	チョク チキ	おそ.れる				8	
侚	⿰亻旬	0	0	シュン	すみ.やか しめ.す とな.える ふか.い		ジュン とし したがう	u	8	
侞	⿰亻如	0	0	ジョ ニョ	ひと.しい したがえな.らす				8	
侟	⿰亻存	0	0	セン					8	
侲	⿰亻辰	0	0	シン	わらべ よいわらべ うまかい はした.め				8	
侷	⿰亻局	0	0	キョク ゴク	たけがひく.い せま.る				8	
侹	⿰亻廷	0	0	テイ ジョウ チョウ	おとこぎ なおい つつし.む		かわる	u	8	
侻	⿰亻兌	0	0	タツ タチ タイ テ	かなう よい てがる たやす.い				9	⿰亻兑
侼	⿰亻孛	0	0	ホツ ボチ	つよ.い うら.む				9	
侽	⿰亻男	0	0	ダン ナン	おとこ お				9	
侾	⿰亻孝	0	0	コウ キョウ	おお.きい				9	
俀	⿰亻妥	0	0	タイ テ	よわ.い				9	
俁	⿰亻吳	0	0	グ	おお.きい		ゴ	u	9	
俅	⿰亻求	0	0	キュウ グ	いただ.く				9	
俆	⿰亻余	0	0	ショ	ゆる.やか おそい		ジョ	u	9	
俈	⿰亻吿	0	0	コク					9	⿰亻告
俉	⿰亻吾	0	0	ゴ	むか.える あ.う				9	
俋	⿰亻邑	0	0	チュ チュウ ジュウ ユウ	たがや.す				9	
俌	⿰亻甫	0	0	ホ フ	たす.ける				9	
俍	⿰亻良	0	0	リョウ ロウ	さまよ.う				9	
俏	⿰亻肖	0	0	ショウ	に.る かたど.る みめよい やつ.す				9	
俒	⿰亻完	0	0	コン カン	まったし けが.す		ゴン	u	9	
俜	⿰亻甹	0	0	ヘイ ビョウ	つか.う おとこだて				9	
俠	⿰亻夾	9	0	キョウ キャン	おとこだて		コウ	u	9	
俢	⿰亻㣊	0	0	シュウ シュ	おさ.める おさ.まる				9	
俰	⿰亻和	0	0	カ ワ	やわ.らぐ				9	
俲	⿰亻効	0	0	コウ	なら.う				9	
俼	⿰亻育	0	0	イク シュク	かゆ かい ひさ.ぐ				10	
俽	⿰亻欣	0	0	キン コン	よろこ.ぶ				10	
俿	⿰亻虎	0	0	チ ジ	かたたが.い				10	
倀	⿰亻長	0	0	チョウ トウ ジョウ	くる.う たお.れる				10	
倁	⿰亻知	0	0	チ ジ	ゆ.く				10	
倄	⿰亻肴	0	0	コウ ギョウ カイ エ	もと.る そこ.なう				10	
倇	⿰亻宛	0	0	エン オン	たの.しむ よろこ.ぶ すす.める				10	
倊	⿰亻忩	0	0	ソウ ス	くる.しむ				10	
倌	⿰亻官	0	0	カン	とねり				10	
倎	⿰亻典	0	0	テン	あつ.い				10	
倐	⿰⿰亻丨⿱夂火	0	0	シュク					10	⿸攸火
倓	⿰亻炎	0	0	タン	やす.い しず.か		ダン	u	10	
倗	⿰亻朋	0	0	ホウ	たす.ける ゆだ.ねる よ.せる		ボウ	u	10	
倘	⿰亻尙	0	0	ショウ トウ	もし たちもとお.る				10	⿰亻尚
倛	⿰亻其	0	0	キ	あざむ.く				10	
倜	⿰亻周	0	0	テキ チャク チュウ	すぐ.れる おろ.か そむ.く		チョウ チュ	u	10	⿰亻⿵⺆⿱𰀁口
倝	⿰𠦝人	0	0	カン	かがや.く				10	
倞	⿰亻京	0	0	ケイ キョウ リョウ オウ	つよ.い あき.らか とお.い もと.める		ギョウ	u	10	
倢	⿰亻疌	0	0	ショウ	さとい すこ.やか はや.い				10	
倧	⿰亻宗	0	0	ソウ ス					10	
倮	⿰亻果	0	0	ラ カ ゲ	はだか せま.い かたぬ.ぐ すはだ				10	
倰	⿰亻夌	0	0	リョウ ロウ	おか.す あざむ.く なが.い				10	
倲	⿰亻東	0	0	トウ ツ	おろか				10	
倳	⿰亻事	0	0	シ	さ.す さしこ.む お.く				10	
倵	⿰亻武	0	0	ブ ム					10	
偀	⿰亻英	0	0	エイ	はなぶさ				11	
偁	⿰亻爯	0	0	ショウ	あ.げる				11	
偂	⿰亻前	0	0	セン	すす.む				11	⿰亻⿱䒑⿰⿵冂⺀刂
偅	⿰亻重	0	0	ショウ シュ トウ	こども				11	
偆	⿰亻春	0	0	シュン チュン	あつ.い うごめ.く と.む				11	
偊	⿰亻禹	0	0	ウ ク	くぐ.まる つつし.む				11	
偌	⿰亻若	0	0	ジャ ニャ	このような このように				11	
偎	⿰亻畏	0	0	ワイ エ	ほの.か なじ.む した.しむ ちかよ.る				11	
偑	⿰亻風	0	0	フウ フ					11	
偒	⿰亻昜	0	0	トウ	まっす.ぐ				11	
偓	⿰亻屋	0	0	アク	かか.わる				11	
偗	⿰亻省	0	0	セイ ショウ	まっすぐ				11	
偙	⿰亻帝	0	0	テイ タイ	すぐ.れる くる.しむ				11	
偟	⿰亻皇	0	0	コウ オウ	たたず.む さまよ.う たちもとお.る いとま				11	
偠	⿰亻要	0	0	ヨウ	しなや.か たおや.か				11	
偢	⿰亻秋	0	0	ショウ	いつく.しまない うれ.える				11	
偣	⿰亻音	0	0	エン アン	きよ.い				11	
偦	⿰亻胥	0	0	ショ	とお.る				11	
偧	⿰亻奓	0	0	タ	は.る				11	
偪	⿰亻畐	0	0	フク ヒツ ヒョク ヒキ	せま.い せま.る むかばき				11	
偭	⿰亻面	0	0	ベン メン	む.かう そむ.く かな.う				11	
偰	⿰亻契	0	0	セツ セチ	きよ.い				11	
偱	⿰亻盾	0	0	シュン	の.べる				11	
倻	⿰亻耶	0	0	ヤ					11	
傁	⿰亻叟	0	0	ソウ ス	おきな				12	
傃	⿰亻素	0	0	ソ	む.かう まも.る				12	
傄	⿰亻眘	0	0	カツ ケチ	すこ.やか				12	
傆	⿰亻原	0	0	ゲン カン	こざか.しい		ガン	u	12	
傊	⿰亻員	0	0	イン	まさ.る ゆたか				12	
傎	⿰亻眞	0	0	テン	さかさま くる.う				12	⿰亻真
傏	⿰亻唐	0	0	トウ	おご.る		ドウ	u	12	
傐	⿰亻高	0	0	コウ			ゴウ	u	12	
傒	⿰亻奚	0	0	ケイ	あやう.い つな.ぐ		ゲイ	u	12	
傓	⿰亻扇	0	0	セン	さかん				12	
傔	⿰亻兼	0	0	ケン	したが.う はべ.る つか.える				12	
傖	⿰亻倉	0	0	ショウ ソウ	いや.しい		ジョウ	u	12	
傛	⿰亻容	0	0	ヨウ ユ	かが.む				12	
傜	⿰亻䍃	0	0	ヨウ	えだち ふぞろ.い つか.い		つかう	u	12	
傞	⿰亻差	0	0	サ					12	
傟	⿰亻翁	0	0	オウ	もと.る				12	
傠	⿰亻討	0	0	ハツ カ ボチ	き.る そむ.く う.つ				12	
傡	⿰亻竝	0	0	ヘイ ホウ	な.み なら.べる なら.ぶ なら.びに				12	
傢	⿰亻家	0	0	カ	かぐ				12	
傪	⿰亻參	0	0	サン	よい				13	
傯	⿰亻悤	0	0	ソウ	くる.しむ				13	
傰	⿰亻崩	0	0	ホウ	とも ともがら おもねりくみ.する		ボウ	u	13	
傹	⿰亻竟	0	0	ケイ キョウ リョウ オウ	つよ.い あき.らか とお.い もと.める		ゴウ ギョウ コウ	u	13	
傺	⿰亻祭	0	0	テイ タイ	と.まる とど.まる				13	
傽	⿰亻章	0	0	ショウ	おどろ.く				13	
僀	⿰亻帶	0	0	テイ タイ	すぐ.れる くる.しむ				13	
僃	⿰亻⿱艹⿹勹用	0	0	ビ	そな.える そな.わる				13	⿰亻𤰈
僄	⿰亻票	0	0	ヒョウ	かる.い かろ.んずる すばや.い		はやい	u	13	
僇	⿰亻翏	0	0	リク ロク ル	はじ はずかし.める		リュウ リョウ ころす	u	13	
僌	⿰亻𨊴	0	0	ヨウ	おさ.める				13	
僎	⿰亻巽	0	0	セン シュン	そな.える かず かぞ.える		ゼン	u	14	
僐	⿰亻善	0	0	セン	おつくり.する		ゼン	u	14	
僓	⿰亻貴	0	0	タイ カイ エ テ	なら.う みや.びやか したが.う		ツイ ケ ズイ ガイ	u	14	
僔	⿰亻尊	0	0	ソン	あつ.まる おお.い うやうや.しい				14	
僘	⿰亻敞	0	0	ショウ	たか.い ほが.らか ひろ.い				14	
僜	⿰亻登	0	0	トウ ト ショウ チョウ	のぼ.る あ.がる		ドウ	u	14	
僝	⿰亻孱	0	0	サン ゼン	そな.える ののし.る あらわ.す		セン	u	14	
僟	⿰亻幾	0	0	キ ゲ	よくつつし.む ちか.い				14	
僢	⿰亻舜	0	0	セン シュン	そむ.く むかいあ.う ま.じる				14	
僤	⿰亻單	0	0	タン セン タツ タチ	はや.い あつ.い あき.らか ゆ.るぐ		ゼン ダン	u	14	
僦	⿰亻就	0	0	シュウ シュ	か.りる おく.る あつ.まる		やとう	u	14	
僨	⿰亻賁	0	0	フン ホン	たお.れる お.ちる やぶ.る				14	
僩	⿰亻閒	0	0	カン ゲン	たけだけ.しい		ケン	u	14	
僯	⿰亻粦	0	0	リン	はじ.る				14	
僱	⿰亻雇	0	0	コ	やと.う				14	
僶	⿰亻黽	0	0	ビン ミン	つと.める				15	
僺	⿰亻喿	0	0	ショウ	なが.い				15	
僾	⿰亻愛	0	0	アイ	ほの.か かく.れる むせ.ぶ かな.しむ		イ	u	15	
儃	⿰亻亶	0	0	セン タン	たたず.む よう.す ほしいまま		ゼン ダン	u	15	
儆	⿰亻敬	0	0	ケイ ショウ	いまし.める		キョウ ギョウ	u	15	
儇	⿰亻睘	0	0	ケン	かしこ.い あざむ.く さとい まと.う				15	
儈	⿰亻會	0	0	カイ ケ	なかがい				15	
儋	⿰亻詹	0	0	タン セン	にな.う こがめ		ゼン	u	15	
儌	⿰亻敫	0	0	キョウ	ゆ.く うかが.う もと.める いつわ.る		ギョウ	u	15	
儍	⿰亻𡕰	0	0	サ					15	
儎	⿰亻載	0	0	サイ	の.せる				15	
僲	⿰亻⿱覀舛	0	0				セン	u	16	
儐	⿰亻賓	0	0	ヒン	すす.める うやま.う あいさつ		みちびく	u	16	
儗	⿰亻疑	0	0	ギ カイ	なぞら.える くら.べる		ガイ	u	16	
儙	⿰亻遣	0	0	ケン	ひら.く				16	
儛	⿰亻舞	0	0	ブ ム	ま.う ま.わす				16	
儜	⿰亻寧	0	0	ドウ ニョウ ネイ	なや.む よわ.い				16	
儝	⿰亻榮	0	0	ケイ	まつ				16	
儞	⿰亻爾	0	0	ジ ニ	なんじ しかり その のみ				16	
儣	⿰亻廣	0	0	コウ					17	
儧	⿰亻賛	0	0	サン	あつ.める あつ.まる				17	
儨	⿰亻質	0	0	シツ シチ	ただ.しい				17	
儬	⿰亻靚	0	0	シン			ショウ セイ ソウ	u	17	
儭	⿰亻親	0	0	シン	いた.る ちか.い おそ.れる うら				18	
儯	⿰亻駦	0	0	トウ	なが.い		ドウ	u	18	
儱	⿰亻龍	0	0	ロウ ル リョウ リュ	できあ.がらない うやむや				18	
儳	⿰亻毚	0	0	サン	ととのわぬ はや.い わる.い		ザン ゼン	u	19	
儴	⿰亻襄	0	0	ショウ ソウ	よ.る さまよ.う		ジョウ ニョウ	u	19	
儵	⿰⿰亻丨⿱攵黑	0	0	シュウ	はや.い		シュク	u	19	⿸攸黑
儸	⿰亻羅	0	0	ラ	さば.く				21	
儹	⿰亻贊	0	0	サン	あつ.める あつ.まる				21	
兂	⿻⿸⿻二丿乚丨	0	0	シン サン	かんざし				5	
兊	⿱公儿	0	0	ダ エイ エツ タイ	よろこ.ぶ				6	
兏	⿸𠂆𠑷	0	0	チョウ	なが.い おさ				7	⿸厂𠑷
兓	⿰兂兂	0	0	シン サン	するど.い たす.ける				10	
兕	⿱凹儿	0	0	シ			ジ	u	8	
兗	⿱亠兌	0	0	エン	くく.る ただ.しい まこと				9	
兘	⿺元台	0	0	シ	はじ.める はじ.まる				9	
兟	⿰先先	0	0	シン	すす.む				12	
兤	⿺光廣	0	0	コウ	あか.るい				21	
兦	⿺𠃊入	0	0	ボウ モウ	な.い ほろ.びる ほろ.ぶ ほろ.ぼす				3	
兾	⿱八異	0	0	キ	こいねが.う こいねが.わくは				14	⿱丷異
冃	⿵冂二	0	0	ボウ モウ	ずきん おお.う		モ	u	4	⿵冂𠄠
冄	⿻冂二	0	0	ゼン ネン	あや.うい				4	⿻冂𠄠
冋	⿵冂口	0	0	キョウ ケイ	まきがまえ えながまえ どうがまえ けいがまえ				5	
冎	⿱𭁟冂	0	0	カ ケ	わ.ける さ.く				6	
冘	⿸⿻冖丿乚	0	0	イン ユ	おこた.る ためら.う うたが.う		ユウ	u	4	
冝	⿱冖且	0	0	ギ	よろ.しい よろ.しく		むべ よい べし	u	7	
冡	⿳冖一豕	0	0	ボウ モ	おお.う		モウ ム	u	10	
冣	⿱冖取	0	0	サイ シュ	もっと.も つま		ジュ	u	10	
冭	⿱大冫	0	0	タイ タツ タチ タ	なめ.らか	やす			5	
冸	⿰冫半	0	0	ハン	と.ける				7	⿰冫⿻八𰀁
冺	⿰冫民	0	0	ビン ベン ミン メン	ほろ.びる				7	
冼	⿰冫先	0	0	ショウ	さむ.い				8	
冾	⿰冫合	0	0	キョウ	やわ.らぐ				8	
冿	⿰冫聿	0	0	セン	すす.む		シン つ	u	8	
凂	⿰冫免	0	0	バイ					9	⿰冫⿱⺈⿸⿻口丿乚
凈	⿰冫爭	0	0	ソウ ショウ	ひややか				10	
减	⿰冫咸	0	0	ゲン	へ.る へ.らす				11	
凑	⿰冫⿱𡗗夭	0	0	ソウ	みなと あつ.まる				11	⿰冫奏
凒	⿰冫豈	0	0	ギ ゲ カイ	しろ.い さむ.い		ガイ	u	12	
凓	⿰冫栗	0	0	リツ リチ	さむ.い				12	
凕	⿰冫冥	0	0	ベイ ミョウ	こお.る		メイ	u	12	
凘	⿰冫斯	0	0	シ セイ サイ					14	
凞	⿰冫熈	0	0	キ	やわ.らぐ				16	
凢	⿱丿几	0	0	ボン ハン	およ.そ おおよ.そ すべ.て				3	
凥	⿸尸几	0	0	キョ コ	い.る お.る	おき ぐ すえ			5	
凮	⿵几百	0	0	フウ フ	かぜ かざ-				8	⿵凡白
凲	⿵几兼	0	0	カン ケン					12	
凳	⿱登几	0	0	トウ	こしか.け				14	
凴	⿱馮几	0	0	ヒョウ			よる	u	14	
凷	⿶凵土	0	0	カイ ケ	かた.まり つちくれ				5	
刁	⿹𠃌㇀	0	0	チョウ					2	
刂	⿰丨亅	0	0	トウ					2	
刅	⿰刃丶	0	0	ソウ ショウ	つく.る はじ.める きず.つける		きず	u	4	⿰⿹刀㇒丶
划	⿰戈刂	0	0	カ ゲ	さおさ.す かま さ.く		いましめる	u	6	
刓	⿰元刂	0	0	ガン グン	けず.る た.つ え.る すりへ.る				6	
刕	⿱刀𠚪	0	0	リ レイ ライ	さ.く				6	
刖	⿰月刂	0	0	ゲツ グチ ゴツ ゴチ	き.る あやう.い		ガツ あしきる	u	6	
刘	⿰文刂	0	0	リュウ ル	ころ.す				6	
刢	⿰令刂	0	0	レイ リョウ	さ.く				7	
刨	⿰包刂	0	0	ホウ ビョウ	けず.る				8	⿰⿹勹巳刂
刱	⿰井刅	0	0	ソウ ショウ	はじ.める きず.つく				8	
刲	⿰圭刂	0	0	ケイ ケ	さ.す さ.く えぐ.る ころ.す				8	
刵	⿰耳刂	0	0	ジ ニ ゲイ	みみきり		みみきる	u	8	
刼	⿰去刄	0	0	キョウ					8	⿰去刃
剅	⿰豆刂	0	0	ロウ ル トウ ツ	さ.く さ.ける				9	
剉	⿰坐刂	0	0	サ	くじく		ザ きる	u	9	
剕	⿰非刂	0	0	ヒ	あしき.る				10	
剗	⿰戔刂	0	0	サン セン	けず.る				10	
剘	⿰其刂	0	0	キ	まこと ただ.す さ.く		ギ	u	10	
剚	⿰事刂	0	0	シ	さ.す さしこ.む お.く				10	
剜	⿰宛刂	0	0	ワン	けず.る えぐ.る				10	
剟	⿰叕刂	0	0	テツ テチ タツ タチ	けず.る さきと.る そぐ う.つ				10	
剠	⿰京刂	0	0	ケイ ショウ リョウ	いれずみ かすめと.る		ギョウ リャク	u	10	
剡	⿰炎刂	0	0	エン セン	するど.い するどく.する けず.る		かんぬき	u	10	
剦	⿰奄刂	0	0	エン アン	おお.う				10	
剮	⿰咼刂	0	0	カ ケ	わ.ける さ.く				11	
剷	⿰產刂	0	0	サン セン	けず.る				11	⿰産刂
剸	⿰專刂	0	0	タン セン	き.る さ.く た.つ ほしいまま				11	
剹	⿰翏刂	0	0	リク リュウ ロク キョウ	ころ.す けず.る		キュウ ク	u	13	
劀	⿰矞刂	0	0	カツ	けず.る		ケツ	u	14	
劂	⿰厥刂	0	0	ケツ クチ ケイ ケ	けず.る		カイ	u	14	
劅	⿰蜀刂	0	0	タク					15	
劊	⿰會刂	0	0	カイ ケ カツ	た.つ		カチ	u	15	
劌	⿰歲刂	0	0	ケイ ケ	そこ.なう さ.く はり とげ				16	
劓	⿰鼻刂	0	0	ギ ゲイ	はなき.る はなきり さ.く		ケイ	u	16	⿰⿱自畀刂
劕	⿰質刂	0	0	シツ シチ チ	たち ただ.す もと わりふ				17	
劖	⿰毚刂	0	0	サン	た.つ けず.る		ザン	u	19	
劗	⿰贊刂	0	0	サン セン	へ.らす き.る		ザン	u	21	
劘	⿰靡刂	0	0	バ マ ビ ミ	けず.る する わ.ける				21	
劚	⿰屬刂	0	0	チャク チョウ チョク	き.る				23	
劜	⿰力乚	0	0	アツ エチ	つよ.い				3	
劤	⿰斤力	0	0	キン コン ロク	ちから				6	
劥	⿰亢力	0	0	コウ キョウ	つよ.い				6	
劦	⿱力𠠴	0	0	キョウ リョウ	にわか ととの.う		ギョウ	u	6	⿱力⿰力力
劧	⿰手力	0	0	シ	かた.い				6	
劯	⿰石力	0	0	ショ	つよ.い		リョク	u	7	
劰	⿰白力	0	0	バク マク	つと.める				7	
劶	⿰后力	0	0	コウ ク	つと.める				8	
劷	⿰羊力	0	0	ヨウ	すす.める				8	
劸	⿰圭力	0	0	アイ ア	せま.る				8	
劺	⿰牟力	0	0	ボウ ム	すすめはげ.ます				8	
劻	⿰匡力	0	0	キョウ コウ	あわ.てる				8	
劽	⿱列力	0	0	レツ レチ	か.る				8	
勀	⿰克力	0	0	コク	つと.める かつ				9	
勄	⿰每力	0	0	ビン	さとい				9	
勆	⿰良力	0	0	ロウ	つよ.い				9	
勈	⿰甬力	0	0	ヨウ	いさ.む		ユウ	u	9	
勌	⿰卷力	0	0	ケン カン	つと.める う.む		ゲン	u	10	
勏	⿰咅力	0	0	ホウ ブ	つと.める				10	
勑	⿰來力	0	0	ライ チャク チキ	いたわ.る ただ.す おさ.める		チョク いましめる ねぎらう みことのり	u	10	
勔	⿰面力	0	0	ベン メン ビン ミン	つと.める すす.める	つとむ			11	
勖	⿰冒力	0	0	キャク コク ボウ キョク	つと.める				11	⿰⿱冃目力
勛	⿰員力	0	0	クン	いさお				12	
勜	⿰翁力	0	0	オ ヨウ	つよ.い		オウ	u	12	
勡	⿰票力	0	0	ヒョウ	かす.める				13	
勥	⿱强力	0	0	キョウ ゴウ	せま.る つと.める				13	⿱強力
勨	⿰象力	0	0	ヨウ ショウ	ゆる.やか うご.く		ゾウ	u	13	
勩	⿰貰力	0	0	エイ イ シ	いたつき つか.れる		ジ	u	14	
勪	⿰喬力	0	0	キャク ガク キョウ	すす.む				14	
勬	⿰絭力	0	0	ケン	つと.める すこ.やか				14	
勰	⿰劦思	0	0	キョウ	かな.う あ.う		ギョウ やわらぐ	u	15	
勱	⿰萬力	0	0	バイ メ	つと.める				15	
勴	⿰慮力	0	0	リョ ロ	たす.ける				17	
勶	⿱徹力	0	0	ケツ デチ テツ	はな.つ とりさ.る				17	
勷	⿰襄力	0	0	ジョウ ニョウ	はし.る				19	
匀	⿹勹冫	0	0	イン	すく.ない ひと.しい	きん	ととのう	u	4	
匃	⿹勹亾	0	0	カツ カチ カイ	こう あた.える				5	
匊	⿹勹米	0	0	キク コク	むす.ぶ すく.う たなごころ				8	
匋	⿹勹缶	0	0	トウ ヨウ	やきもの		ドウ	u	8	
匌	⿹勹合	0	0	コウ	あ.う めぐ.る				8	
匑	⿹勹躬	0	0	キュウ ク キク コク	うやま.う				12	
匓	⿹勹𣪘	0	0	キョウ ク キュウ	あつ はか.る				13	
匘	⿰匕𡿺	0	0	ノウ ドウ	のうず.る				11	
匛	⿷匚久	0	0	キュウ グ	ひちぎ ひつぎ				5	
匜	⿷匚也	0	0	イ タ	ひさげ はんぞう		ダ	u	5	
匞	⿷匚工	0	0	ショウ	たくみ				5	
匟	⿷匚亢	0	0	コウ					6	
匥	⿷匚弁	0	0	ヘン	はこ		ベン	u	7	
匧	⿷匚夾	0	0	キョウ	はこ				9	
匨	⿷匚壯	0	0	ソウ	くら おさ.める かく.れる				9	
匩	⿷匚㞷	0	0	キョウ	すく.う ただ.す				9	
匫	⿷匚曶	0	0	コツ コチ	いつわ.る				10	
匬	⿷匚兪	0	0	ユ トウ ズ	ます もたい				11	⿷匚俞
匭	⿷匚軌	0	0	キ コ	はこ くく.る				11	
匰	⿷匚單	0	0	タン	ずし はこ				14	
匲	⿷匚𡙗	0	0	レン	くしげ はこ				14	
匵	⿷匚𧶠	0	0	トク トウ	ひつ はこ		ドク	u	17	⿷匚賣
匼	⿷匚合	0	0	アン オン コウ	こびへつら.う めぐ.る				8	⿷匸合
匽	⿷匚妟	0	0	エン	かく.す ふ.す なび.く はこ				9	
匾	⿷匚扁	0	0	ヘン	うす.い ひら.たい がく				11	⿷匸扁
卂	⿹⺄十	0	0	シン	とぶ				3	
卌	⿻卄⿰丨丨	0	0	シュウ	よんじゅう しじゅう				5	
卋	⿱十廿	0	0	セイ セ ソウ	よ よよ う.む う.まれる	つぎ つぐ とき			6	
卙	⿰甚十	0	0	ショウ シュウ	あつ.まる				11	
卛	⿱䜌十	0	0	ソツ リツ シュツ	ひき.いる				21	
卡	⿱上卜	0	0	サ カ ソウ			ゾウ	u	5	
卣	⿱⺊囙	0	0	ユウ ユ	さけつぼ				7	
卥	⿱⺊⿴囗⿻⿱丿丿丶	0	0	セイ					8	⿱⺊⿴囗⿻𰀪丶
卬	⿰②卩	0	0	キョウ ゴウ	のぞ.む な.す たか.ぶる		ギョウ コウ あおぐ あがる	u	4	
卭	⿰工卩	0	0	キョウ					5	
卲	⿰召卩	0	0	ショウ	たか.い		ジョウ	u	7	
卹	⿰血卩	0	0	シュツ シュチ ソツ ソチ	うれ.える		ジュツ あわれむ	u	8	
卾	⿰咢卩	0	0	ガク	うわあご				11	
厃	⿱𠂊厂	0	0	セン ギ エン	あお.ぐ たるき のき				4	⿱⺈厂
厇	⿸厂乇	0	0	タク チャク	さ.く はりつ.け ひら.く				5	
厈	⿸厂干	0	0	カン	かりがね がんだれ				5	
厎	⿸厂氐	0	0	シ テイ キイ チ	と.ぐ といし みが.く たいら.にする		タイ	u	7	
厓	⿸厂圭	0	0	ガイ ゲ ギ	がけ きし かたえ はて				8	
厔	⿸厂至	0	0	シツ シチ	ささ.えられる と.まる				8	
厙	⿸厂車	0	0	シャ					9	
厝	⿸厂昔	0	0	サク ソ セキ ジャク	といし ま.じる おく				10	
厡	⿸厂泉	0	0	ゲン	はら もと たず.ねる ゆる.す	おか はじめ			11	
厤	⿸厂秝	0	0	レキ リャク	おさ.める				12	
厪	⿸厂堇	0	0	キン ゴン	こや				13	
厫	⿸厂敖	0	0	ゴウ	くら				13	
厯	⿸𠩵⿺乚⿰丶丶	0	0	レキ	こよみ				13	
厲	⿸厂萬	0	0	レイ ライ レツ レチ	といし と.ぐ こす.る		はげしい	u	15	
厴	⿸厭甲	0	0	エン					19	
厵	⿱原⿰原原	0	0	ゲン	みなもと				30	⿱原𰆬
厷	⿸𠂇厶	0	0	コウ	かいな ひじ まる.い				4	
厸	⿰厶厶	0	0	リン	とな.る となり				4	
厺	⿱大厶	0	0	キョ コ	さ.る				5	
厽	⿱厶厸	0	0	ルイ サン	かべ				6	
叀	⿱𤰔厶	0	0	セン	つつし.む か.ける				8	
叅	⿱𠫯㣺	0	0	サン シン	まい.る まじ.わる みつ				12	⿱厽𠇍
叏	⿱⿻ユ丨又	0	0	カイ ケツ ケチ	わ.ける				5	
叒	⿱又双	0	0	ニャク シャク	したが.う		ジャク	u	6	
叓	⿱⿻一中又	0	0	シ ズ	こと つか.う つか.える		ジ	u	7	⿱𰀉又
叕	⿱双双	0	0	テイ テツ テチ ゲツ	と.じる つづ.る すみ.やか		ケツ	u	8	
叚	⿰⑤⿱コ又	0	0	カ ケ	か.りる か.す		ゲ	u	9	
叝	⿰去𠬝	0	0	コウ					9	
叞	⿰𫵖又	0	0	イ	じょう				10	
叠	⿱叒冝	0	0	ジョウ チョウ	たた.む たたみ かさ.なる				13	
另	⿱口力	0	0	レイ リョウ	わか.れる さ.く べつ.の べつ.に				5	
叧	⿱口刀	0	0	カ ケ	わ.ける さ.く				5	
叵	⿷匚口	0	0	ハ	でき.ない すこぶる ついに				5	
吂	⿱亡口	0	0	ボウ モウ	おいぼ.れる				6	
吓	⿰口下	0	0	カ	おど.す		カク	u	6	
吚	⿰口尹	0	0	イ キ	うめ.く				7	
吡	⿰口比	0	0	ヒツ ビチ ヒ	そし.る				7	
吧	⿰口巴	0	0	ハ ヘ					7	
吨	⿰口屯	0	0	トン			ドン	u	7	
吪	⿰口化	0	0	グウ ゲ カ	うご.く か.える か.わる		ガ	u	7	⿰口⿰亻𠤎
启	⿸戶口	0	0	ケイ	ひら.く				7	⿸户口
吱	⿰口支	0	0	シ キ					7	
吴	⿱口天	0	0	ゴ	く.れる くれ				7	
吵	⿰口少	0	0	ビョウ ミョウ ソウ ショウ	さえず.る こえ				7	
呃	⿰口厄	0	0	アク アイ	な.く				7	
呄	⿱乃古	0	0	コク					7	
呇	⿱水口	0	0	ケイ					7	
呍	⿰口云	0	0	コウ ウン イン オン	ほえ.る				7	
呏	⿰口升	0	0	ショウ	がろん くおおと				7	
呞	⿰口司	0	0	シ チ	かみかえ.す				8	
呢	⿰口尼	0	0	ジ ニ					8	
呤	⿰口令	0	0	レイ リョウ	ささや.き				8	
呦	⿰口幼	0	0	ユ オウ ユウ ヨウ	むせ.ぶ さけ.ぶ				8	
呧	⿰口氐	0	0	テイ タイ	そし.る しか.る		ダイ	u	8	
呩	⿰口示	0	0	シ	たしな.む この.む				8	
呫	⿰口占	0	0	チョウ ショウ テン	な.める ささや.く しゃべ.る				8	
呭	⿰口世	0	0	エイ セツ セチ	しゃべ.る たの.しむ				8	
呮	⿰口只	0	0	キ	こしか.ける				8	
呴	⿰口句	0	0	ク コウ			ふく ほえる あためる	u	8	
呿	⿰口去	0	0	カ キョ コ キョウ	ひら.く あくび.する		キャ コウ ヨウ	u	8	
咁	⿰口甘	0	0	カン	ふく.む		ガン	u	8	
咃	⿰口他	0	0	タ					8	
咅	⿱立口	0	0	トウ			ホウ フ ツ	u	8	
咈	⿰口弗	0	0	フツ ブチ ヒツ ビチ	たが.う いな		ホツ	u	8	
咉	⿰口央	0	0	オウ	ふさ.がる		ヨウ	u	8	
咍	⿰口台	0	0	カイ タイ	わら.う よろこ.ぶ		たのしむ	u	8	
咑	⿰口打	0	0	ダ			ダース	u	8	
咕	⿰口古	0	0	コ	ぶつぶつい.う				8	
咖	⿰口加	0	0	カ					8	
咜	⿰口它	0	0	タ ト	しか.る				8	
咟	⿰口百	0	0	カク					9	
咡	⿰口耳	0	0	ジ ニ	くちもと くち				9	
咦	⿰口夷	0	0	イ キ タイ	といき		ダイ	u	9	
咧	⿰口列	0	0	レツ レチ					9	
咩	⿰口羊	0	0	ビ ミ					9	
咪	⿰口米	0	0	ビ ベイ	めえとる				9	
咭	⿰口吉	0	0	キツ ギチ カツ ケチ					9	
咮	⿰口朱	0	0	トウ ツ チュウ シュウ	くちばし		チュ シュ ジュ ニュ	u	9	
咱	⿰口自	0	0	サツ サチ サ シャ	われ				9	
咷	⿰口兆	0	0	ドウ チュウ テキ ジャク	な.く		トウ チョウ	u	9	
咹	⿰口安	0	0	アツ アチ アン	ども.る ささや.く や.む				9	
咺	⿰口亘	0	0	ケン クン	おそ.れる		カン	u	9	
咻	⿰口休	0	0	ク キョウ コウ			キュウ	u	9	
咿	⿰口伊	0	0	イ	つくりわら.い				9	
哆	⿰口多	0	0	シ タ シャ	おお.きい おおくち				9	
哊	⿰口有	0	0	イク	は.く				9	
响	⿰口向	0	0	キョウ	ひび.く				9	
哎	⿰口艾	0	0	ガイ			アイ	u	9	
哠	⿰口吿	0	0	コウ	しゃべ.る		ゴウ	u	10	⿰口告
哪	⿰口那	0	0	ダ ナ			デツ ネチ	u	10	
哬	⿰口何	0	0	カ	しか.る せ.める				10	
哯	⿰口見	0	0	ケン	は.く		ゲン	u	10	
哶	⿰口⺸	0	0	バ メ マ ビ			ミ	u	10	⿰口⿱卝干 ⿰口𦍋
哼	⿰口亨	0	0	コウ キョウ	おび.える				10	
哾	⿰口兌	0	0	セツ ヤツ ヤチ	な.める		セチ セイ セ	u	10	
哿	⿱加可	0	0	カ	よい				10	
唀	⿰口秀	0	0	ユウ シュウ	さそ.う いざな.う		さばける	u	10	
唁	⿰口言	0	0	ゲン ゴン	とむら.う				10	
唅	⿰口含	0	0	カン コン	ふく.む		ゴン	u	10	
唈	⿰口邑	0	0	オウ ユウ	なげ.く むせ.ぶ				10	
唉	⿰口矣	0	0	カイ キ アイ イ	ああ あお いやいやこた.える		あくび おくび	u	10	
唌	⿰口延	0	0	セン タン エン	なげ.く		ゼン ダン	u	10	
唍	⿰口完	0	0	カン ゲン	ほほえ.む				10	
唎	⿰口利	0	0	リ	こえ				10	
唕	⿰口皁	0	0	ソウ	さわが.しい				10	
唪	⿰口奉	0	0	ホウ ホ ブ	おおごえ				11	
唫	⿰口金	0	0	ゴン キン	ども.る うたうた.う		ギン つぐむ	u	11	
唲	⿰口兒	0	0	ジ ニ アイ	へつら.う かたこと				11	
唵	⿰口奄	0	0	アン オン	ふく.む				11	
唶	⿰口昔	0	0	シャ セキ シャク サク	な.く		ジャク	u	11	
唻	⿰口來	0	0	ライ	うたう				11	
唼	⿰口妾	0	0	ショウ ソウ	くら.う すす.る ついば.む ふ.む				11	
唽	⿰口析	0	0	セキ シャク					11	
啁	⿰口周	0	0	トウ チョウ チュウ シュウ	たわむ.れる		ジョウ	u	11	⿰口⿵⺆⿱𰀁口
啇	⿱⿱亠丷⿵冂古	0	0	テキ チャク セキ	もと ねもと やわ.らぐ		シャク	u	11	
啉	⿰口林	0	0	ラン	かまびす.しい むさぼ.る		リン	u	11	
啊	⿰口阿	0	0	ア	こえ				11	
啍	⿰口享	0	0	トン シュン タイ テ	いき		ジュン ドン キョウ コウ	u	11	
啐	⿰口卒	0	0	サイ セ サ シュツ	おどろ.く よ.ぶ さけ.ぶ しか.る		ソツ セイ シュチ ガツ	u	11	
啑	⿰口疌	0	0	ソウ ショウ			すする	u	11	
啘	⿰口宛	0	0	エン セツ エツ			ワ	u	11	
啚	⿱口㐭	0	0	ヒ ト	お.しむ				11	⿳口丄回
啛	⿰口妻	0	0	サイ セ	な.める				11	
啞	⿰口亞	0	0	ア	おし		アク ヤク	u	11	
啠	⿱斦口	0	0	テツ	さとい あき.らか し.る さば.く	あき あきら さと さとし さとる のり			11	
啡	⿰口非	0	0	ハイ ヘ ヒ	いびき つば				11	
啤	⿰口卑	0	0	ヒ					11	⿰口⿱⿱㇒⿻日丿十
啦	⿰口拉	0	0	ロウ					11	
啿	⿰口甚	0	0	タン ドン	ゆたか				12	
喁	⿰口禺	0	0	グ ゴウ キョウ	あぎとう		ギョウ グウ あおぐ こえ	u	12	
喂	⿰口畏	0	0	イ キ カイ	なげ.く				12	
喆	⿰吉吉	0	0	テツ			あきらか	u	12	
喈	⿰口皆	0	0	カイ					12	
喎	⿰口咼	0	0	カイ ケ クウ カ	よこしま くちがゆが.む ゆが.む				12	
喏	⿰口若	0	0	シャ ニャ ジャク ニャク	はい		ジャ ダク	u	12	
喑	⿰口音	0	0	イン オン アン	おし さけ.ぶ				12	
喒	⿰口昝	0	0	サン	われ				12	
喓	⿰口要	0	0	ヨウ	こえ				12	
喔	⿰口屋	0	0	アク ラク オク					12	
喗	⿰口軍	0	0	ギン ゴン グン			ソン ゾン	u	12	
喣	⿱呴灬	0	0	ク	いろ あらわしし.めす				12	
喤	⿰口皇	0	0	コウ オウ キョウ	なきごえ		ギャウ	u	12	
喭	⿰口彥	0	0	ゲン ガン	とむら.う とりみだ.す		とう	u	12	⿰口彦
喲	⿰口約	0	0	ヤク					12	
喿	⿱品木	0	0	ソウ ショウ	さわ.ぐ かしま.しい すき				13	
嗁	⿰口虒	0	0	テイ ダイ	な.く		さけぶ	u	13	
嗃	⿰口高	0	0	コウ キョウ	きび.しい こえ せ.める		カク	u	13	
嗆	⿰口倉	0	0	ショウ ソウ	ついば.む むせ.る つ.まる		ジョウ	u	13	
嗉	⿰口素	0	0	ソ					13	
嗋	⿰口脅	0	0	キョウ コウ	おど.す				13	
嗌	⿰口益	0	0	エキ ヤク アク アイ	のど		エイ	u	13	
嗎	⿰口馬	0	0	バ	ののし.る				13	
嗑	⿰口盍	0	0	コウ	おしゃべり あ.う の.む かた.る				13	
嗒	⿰口荅	0	0	トウ	な.める				13	
嗓	⿰口桑	0	0	ソウ	のど				13	
嗗	⿰口骨	0	0	アツ エチ					13	
嗘	⿰口奚	0	0	ケイ	こえ				13	
嗛	⿰口兼	0	0	ケン カン キョウ	ふく.む うら.む へりくだ.る		ガン	u	13	
嗞	⿰口茲	0	0	シ	なげ.く わら.う				13	⿰口兹
嗢	⿰口𥁕	0	0	オツ ラツ ラチ アツ	むせぶ の.む		オチ エチ	u	13	⿰口昷
嗩	⿰口𧴪	0	0	サ					13	
嗶	⿰口畢	0	0	ヒツ ヒチ					13	
嗿	⿰口貪	0	0	タン トン	こえ				14	
嘅	⿰口旣	0	0	カイ	なげ.く		ガイ	u	14	⿰口既
嘈	⿰口曹	0	0	ソウ ショウ	かまびす.しい		ゾウ ジョウ	u	14	
嘊	⿰口崖	0	0	ガイ	いが.む				14	
嘍	⿰口婁	0	0	ロウ ル	うるさ.い みだ.れる				14	
嘎	⿰口戛	0	0	カツ ケチ					14	
嘏	⿰古叚	0	0	カ ケ	さいわ.い		とおい	u	14	
嘐	⿰口翏	0	0	ホウ ロウロウ ヒョウ ビュウ			コウ ロウ ミュウ	u	14	
嘑	⿰口虖	0	0	コ ク	さけ.ぶ な.く よ.ぶ				14	
嘒	⿰口彗	0	0	ケイ ケ			ちいさい	u	14	
嘙	⿰口婆	0	0	ハ					14	
嘬	⿰口最	0	0	サイ セ セイ	か.む むさぼ.る		くらう	u	15	
嘰	⿰口幾	0	0	キ ケ			ギ ゲ	u	15	
嘳	⿰口貴	0	0	カイ キ ケ	あわ.れむ そし.る ためいき.する				15	
嘵	⿰口堯	0	0	キョウ	おそ.れる		ギョウ	u	15	
嘷	⿰口臯	0	0	コウ	ほ.える さけ.ぶ		ゴウ	u	15	⿰口⿱自⿻⿰二二十
嘹	⿰口尞	0	0	リョウ					15	
嘻	⿰口喜	0	0	キ イ	いまし.め やわら.ぐ ああ わら.う				15	
嘼	⿱⿱㽞一口	0	0	キュウ ク チュウ	やしな.う		キク チュ	u	15	⿱㽞𠮛
嘽	⿰口單	0	0	タン セン タ	あえ.ぐ よろこ.ぶ おお.い さかん		ダン	u	15	
嘿	⿰口黑	0	0	ボク モク コク	しず.か だま.る あざむ.く				15	
噀	⿰口巽	0	0	ソン					15	
噁	⿰口惡	0	0	オ ウ アク	おこ.る		ワク	u	15	
噃	⿰口番	0	0	ハン ボン	こえ				15	
噄	⿰口絜	0	0	キツ					15	
噆	⿰口朁	0	0	ソウ サン	ふく.む か.む				15	
噉	⿰口敢	0	0	タン	く.らわす く.う く.らう		ダン	u	15	
噋	⿰口敦	0	0	トン カク	たた.く				15	
噍	⿰口焦	0	0	ショウ シュウ シュ シャク	か.む		ジョウ ザク	u	15	
噏	⿰口翕	0	0	キュウ	す.う				15	
噔	⿰口登	0	0	トウ					15	
噞	⿰口僉	0	0	ゲン	あぎとう はげ.しい				16	
噠	⿰口達	0	0	タツ タチ			ダチ	u	16	
噡	⿰口詹	0	0	トウ セン タン	うわごと たわごと うるさくしゃべ.る				16	
噢	⿰口奧	0	0	ユウ イク ウ ク	うめ.く				16	
噣	⿰口蜀	0	0	チュ チュウ トウ ツ	くちばし ついば.む		ショク ソク タク チョク	u	16	
噦	⿰口歲	0	0	エツ オチ エチ キ	しゃっくり あか.るい		カイ ケ ケイ しゃくり	u	16	
噩	⿱⿻干㗊一	0	0	ガク カク	おごそ.か おどろ.く				16	⿻王㗊
噭	⿰口敫	0	0	キョウ ケキ キャク	ほ.える さけ.ぶ よ.ぶ な.く				16	
噯	⿰口愛	0	0	アイ ガイ	いき		おくび	u	16	
噱	⿰口豦	0	0	キャク ガク					16	
噲	⿰口會	0	0	カイ ケ ワイ エ	のど すす.る こころよ.い あか.るい		カツ カチ	u	16	
噵	⿱道口	0	0	トウ	みち		ドウ	u	16	
嚄	⿰口蒦	0	0	カク ワク	わめ.く ああ				17	
嚅	⿰口需	0	0	ジュ ニュ	やかま.しい				17	
嚈	⿰口厭	0	0	ヨウ エン					17	
嚋	⿰口壽	0	0	チュウ チュ	た.れる のろ.う		ジュ	u	17	
嚌	⿰口齊	0	0	セイ カイ サイ	な.める		ザイ	u	17	
嚕	⿰口魯	0	0	ロ	かた.る へつら.う				18	
嚙	⿰口齒	0	0	コウ ゴウ	か.む か.じる		ギョウ	u	18	
嚚	⿳吅臣吅	0	0	ギン ゴン ガン ゲン	わる.い おろ.か つ.れない				18	⿴㗊臣
嚝	⿰口廣	0	0	カク コウ	さけ.ぶ				18	
嚞	⿱吉喆	0	0	テツ			あきらか	u	18	
嚟	⿰口黎	0	0	リ					18	
嚦	⿰口歷	0	0	レキ リャク					19	
嚧	⿰口盧	0	0	ロ					19	
嚨	⿰口龍	0	0	ロウ ル	のど				19	
嚩	⿰口縛	0	0	ハク バ	のろ.い				19	
嚫	⿰口親	0	0	シン	ほどこ.す				19	
嚬	⿰口頻	0	0	ヒン	ひそ.める		ビン	u	19	
嚭	⿰喜否	0	0	ヒ	おお.きい				19	
嚱	⿰口戲	0	0	キ	こえ ああ				20	
嚳	⿱𦥯吿	0	0	コク	つ.げる				20	⿱𦥯告
嚷	⿰口襄	0	0	ジョウ	わめ.く どな.る				20	
嚾	⿰口雚	0	0	カン タン	よ.ぶ わめ.く かまびす.しい				21	⿰口⿱卝𨾴
囅	⿰單展	0	0	テン テツ テチ					22	
囉	⿰口羅	0	0	ラ	こえ		もらう	u	22	
囊	⿳⿻一中冖⿱⿱吅𠀎𧘇	0	0	ノウ ドウ	ふくろ				22	⿱⿱𰀉冖𱔞
囋	⿰口贊	0	0	サツ ザチ サン	こえ		ザン	u	22	
囏	⿰⿱廿⿻口夫喜	0	0	カン ケン	なや.む かた.い なや.み も				23	⿰𦰩喜
囐	⿰口獻	0	0	サツ ザチ ガツ ガチ	こえ ただ.す		ゲツ ゲチ ゲン ゴン	u	23	
囌	⿰口蘇	0	0	ソ	よくしゃべ.る				23	
囍	⿰喜喜	0	0				ヨシ そうき	u	24	
囙	⿴囗コ	0	0	イン	よ.る ちな.む				5	
囜	⿴囗厶	0	0	ジン ニン	かしこ.い				5	
囝	⿴囗子	0	0	ケン ガチ	こども		ゲツ	u	6	
囟	⿴⿱丿囗㐅	0	0	シン シ	ひよめき				6	⿱㇒龱
囡	⿴囗女	0	0	ジュウ ノウ ナン			ニュウ	u	6	
囤	⿴囗屯	0	0	トン	ざる		ドン	u	7	
囥	⿴囗亢	0	0	コウ	くら				7	
囦	⿴囗水	0	0	エン カク コウ	ふち かた.い はなわ				7	
囧	⿴四冂	0	0	ケイ キョウ ソウ	あきらか				7	
囨	⿴囗不	0	0	ヘン					7	
囱	⿴⿱丿囗夊	0	0	ソウ ス	まど てんまど けむだし				7	
囫	⿴囗勿	0	0	コツ コチ	まったし はっきりしない				7	
园	⿴囗元	0	0	バン ガン タン エン			ダン	u	7	
囶	⿴囗𡉀	0	0	コク	くに				8	⿴𡆦土
囷	⿴囗禾	0	0	キン コン	くら		ゴン	u	8	
圁	⿴囗言	0	0	ギン ゴン ガン ゲン					10	
圂	⿴囗豕	0	0	コン カン ダン	かわや わずら.わす		ゴン ゲン	u	10	
圇	⿴囗侖	0	0	リン					11	
圊	⿴囗靑	0	0	セイ ショウ	かわや				11	
圌	⿴囗耑	0	0	セン スイ	まる.い かご		タン ゼン ズイ	u	12	
圑	⿴囗尃	0	0	ホ フ	はたけ にわ		ボ	u	13	
圕	⿴囗書	0	0	ショ	としょかん		サイ	u	13	
圚	⿴囗貴	0	0	カイ エ	もん				15	
圛	⿴囗睪	0	0	エキ ヤク	めぐりゆ.く				16	
圝	⿴囗䜌	0	0	ラン	おうち ひじき まどか まる.い				22	
圠	⿰土乚	0	0	アツ エチ	かす.か				4	⿰土⺃
圢	⿰土丁	0	0	テイ チョウ テン	たい.らか				5	
圣	⿱又土	0	0	コツ クツ コチ セイ	たがや.す				5	
圤	⿰土卜	0	0	ハク ホク	つちくれ				5	
圥	⿱土儿	0	0	ロク	きのこ				5	
圩	⿰土于	0	0	ウ オ イ キョ	つつ.み きし くぼ.む				6	
圪	⿰土乞	0	0	ギツ ギチ ゴチ イツ			オチ	u	6	
圬	⿰土亏	0	0	オ ウ コ	こて ぬ.る				6	
圮	⿰土己	0	0	ヒ	やぶ.る やぶ.れる くつが.えす くつが.える		ビ	u	6	
圯	⿰土巳	0	0	イ シ			はし	u	6	
圳	⿰土川	0	0	ショウ シュ シン ソン	みぞ		シュウ ジュ シュン	u	6	
圴	⿰土勺	0	0	シャク サク ショウ	あと		キン ととのえる ひとしい	u	6	⿰土⿹勹一
圽	⿰土勿	0	0	ボツ モチ	う.める				6	
圾	⿰土及	0	0	ギュウ ゴウ ショク セイ	あや.うい				7	
圿	⿰土介	0	0	カツ ケチ	あか ちり				7	
坅	⿰土今	0	0	キン コン サン	あな		ギン ゴン	u	7	
坆	⿰土攵	0	0	バイ フン	はか				7	
坌	⿱分土	0	0	ホン フン	ちり なら.ぶ あつ.まる わく		ボン	u	7	
坍	⿰土丹	0	0	タン トン					7	
坒	⿱比土	0	0	ヒ	きざはし		ビ	u	7	
坢	⿰土半	0	0	ハン	たい.らか ちり		バン	u	8	⿰土⿻八𰀁
坥	⿰土且	0	0	ショ	つつ.み		タン たいら	u	8	
坧	⿰土石	0	0	シャク セキ	どだい				8	
坨	⿰土它	0	0	タ イ チ ジ	けわ.しい なな.め				8	
坫	⿰土占	0	0	テン チン	さかい				8	
坭	⿰土尼	0	0	デイ ナイ デ ニ	どろ		ジ	u	8	
坮	⿰土台	0	0	タイ	うてな われ つかさ		ダイ	u	8	
坯	⿰土丕	0	0	ヒ ハイ ヘ	おか				8	
坰	⿰土冋	0	0	ケイ キョウ					8	
坱	⿰土央	0	0	オウ	ちり				8	
坳	⿰土幼	0	0	オウ	くぼ.み		ヨウ	u	8	
坴	⿱圥土	0	0	リク ロク					8	
坵	⿰土丘	0	0	キュウ	おか				8	
坷	⿰土可	0	0	カ					8	
坹	⿰土穴	0	0	ケツ ゲチ					8	
坺	⿰土犮	0	0	ハツ ハチ ボチ			バツ	u	8	
坻	⿰土氐	0	0	チ シ テイ タイ	なぎさ さか にわ と.まる		ジ しま	u	8	
坼	⿰土斥	0	0	タク チャク	さ.ける わか.れる ひら.く さけめ		さく	u	8	
坾	⿰土宁	0	0	チョ ジョ					8	
垁	⿰土矢	0	0	チ ジ					8	
垃	⿰土立	0	0	ラツ			ラ	u	8	
垌	⿰土同	0	0	トウ ツ	つぼ				9	
垔	⿱西土	0	0	シュ ショウ トウ ズ	ふさ.ぐ		イン ジュ	u	9	⿱覀土
垗	⿰土兆	0	0	チョウ トウ	はふりどころ		ジョウ	u	9	
垙	⿰土光	0	0	コウ クウ	ちまた				9	
垚	⿱土𪢴	0	0	ギョウ			キ よろこぶ	u	9	⿱土⿰土土
垜	⿰土朶	0	0	ダ	つみかさ.ねる		タ あずち	u	9	
垝	⿰土危	0	0	キ	やぶ.れる だい				9	
垞	⿰土宅	0	0	タ			ダ	u	9	
垟	⿰土羊	0	0	ヨウ					9	
垡	⿱伐土	0	0	ハツ ボチ	たがや.す				9	
垕	⿱后土	0	0	コウ	あつ.い あか				9	⿸𠂋⿱口土
垧	⿰土向	0	0	ケイ キョウ					9	
垨	⿰土守	0	0	シュ ス	まも.る もり かみ		ラツ ラチ	u	9	
垩	⿱亚土	0	0	セイ ショウ	ひじり				9	
垬	⿰土共	0	0	コウ キョウ	ぬ.かる		ぬかり	u	9	
垸	⿰土完	0	0	カン	まろ.ぶ		ガン	u	10	
垽	⿱沂土	0	0	ギン ゴン	おり めぐ.る				10	
埇	⿰土甬	0	0	ヨウ ユ	おきつち				10	
埈	⿰土夋	0	0	シュン カイ	そばだ.つ				10	
埌	⿰土良	0	0	ロウ	つか				10	
埏	⿰土延	0	0	セン エン	はかみち のぼ.る やわら.げる こ.ねる		ゼン はて	u	10	
埕	⿰土呈	0	0	テイ	びん				10	
埝	⿰土念	0	0	テン ドウ ニョウ ネン	した ます お.ちる		ジョウ	u	11	
埞	⿰土定	0	0	テイ	つつ.み				11	
埤	⿰土卑	0	0	ヒ ヘイ	ます あたえ.る たす.ける ひくいひめがき		ビ ひめがき	u	11	⿰土⿱⿱㇒⿻日丿十
埦	⿰土宛	0	0	ワン	こばち		オウ	u	11	
埧	⿰土具	0	0	ク	つつ.み		グ	u	11	
埩	⿰土爭	0	0	ショウ ソウ	たがや.す				11	⿰土争
埭	⿰土隶	0	0	タイ	せき		ダイ	u	11	
埰	⿰土采	0	0	サイ	つか				11	
埵	⿰土垂	0	0	タ			つつみ	u	11	
埶	⿰坴丸	0	0	ゲイ セイ	う.える わざ いきほい		いきおい	u	11	
埸	⿰土易	0	0	エキ ヤク	さかい あぜ				11	
埽	⿰土帚	0	0	ソウ シュ	は.く				11	
埾	⿱取土	0	0	キョ シュ			ジュ	u	11	⿱⿸耳又土
埿	⿱泥土	0	0	デイ ナイ ハン	ぬ.る こて ぬ.かるみ		バン どろ	u	11	
堃	⿱⿰方方土	0	0	コン	つち ひつじさる				11	
堄	⿰土兒	0	0	ゲイ ゲン	ひめがき				11	
堈	⿰土岡	0	0	コウ	かめ おか				11	
堉	⿰土育	0	0	イク					11	
埡	⿰土亞	0	0	オ ウ	さと				11	
堌	⿰土固	0	0	コ ク	つつ.み つか				11	
堍	⿰土兔	0	0	ト					11	
堛	⿰土畐	0	0	ヒョク ヒキ キョク	つちくれ				12	
堞	⿰土枼	0	0	チョウ チュウ	ひめがき		ジョウ かき	u	12	
堟	⿰土彖	0	0	テン	うね		デン	u	12	
堠	⿰土侯	0	0	コウ ク	ものみ		グ	u	12	
堦	⿰土皆	0	0	カイ			きざはし	u	12	
堧	⿰土耎	0	0	ゼン ネン ダ ナ	すなつち		ダン ナン	u	12	
堭	⿰土皇	0	0	オウ コウ	そとぼり				12	
堲	⿱卽土	0	0	シツ シチ ショク シキ	やきつち もえさし にく.む ふさ.ぐ		ジキ シ	u	12	⿱即土
堹	⿰土重	0	0	チョウ ショウ シュ	つつ.み くろ あぜ		チュ	u	12	
堿	⿰土咸	0	0	カン コン					12	
塉	⿰土脊	0	0	セキ シャク	やせつち				13	
塌	⿰土𦐇	0	0	トウ					13	⿰土⿱日羽
塍	⿰月⿱𠔉土	0	0	ショウ	あぜ くろ つつ.み		ジョウ	u	13	⿰⿵⺆⺀⿱𠔉土 ⿸𰮤土
塏	⿰土豈	0	0	カイ			ガイ	u	13	
塐	⿰土素	0	0	ソ	でく				13	
塕	⿰土翁	0	0	オウ オ	ちり				13	
塟	⿱艹㘸	0	0	ソウ	ほうむ.る				13	⿳艹死土
塡	⿰土眞	8	0	テン チン	はま.る うず.める は.める ふさ.ぐ		ジン しずめる つくす みたす	u	13	
塤	⿰土員	0	0	ケン クン	つちぶえ はち わん		カン	u	13	
塧	⿰土益	0	0	アイ エ	けわ.しい				13	
塨	⿰土恭	0	0	キョウ					13	
塸	⿰土區	0	0	オウ オ	はか				14	
塼	⿰土專	0	0	セン タン	かわら		ダン ゼン	u	14	
塿	⿰土婁	0	0	ロウ ル	つち つか				14	
墀	⿰土犀	0	0	チ ジ	す		にわ	u	14	
墁	⿰土曼	0	0	バン マン	こて		ぬる	u	14	
墇	⿰土章	0	0	ショウ	ふせ.ぐ				14	
墈	⿰土勘	0	0	カン コン	さかい				14	
墉	⿰土庸	0	0	ヨウ ユ	かき かべ				14	
墊	⿱執土	0	0	テン チョウ	おち.いる おぼ.れる なや.む		ジョウ くだる	u	14	
墌	⿰土庶	0	0	シャク セキ	どだい				14	
墍	⿱旣土	0	0	キ ケ カイ	ぬ.る かざ.る と.る いこ.う		ギ ガイ	u	14	
墏	⿱將土	0	0	ショウ ソウ	もと.る				14	
墐	⿰土堇	0	0	キン ゴン	ぬ.る ねばつち				14	
墔	⿰土崔	0	0	サイ ゼ					14	
墖	⿰土畣	0	0	トウ					14	
墝	⿰土堯	0	0	コウ キョウ ギョウ					15	
墠	⿰土單	0	0	セン タン			ゼン	u	15	
墡	⿰土善	0	0	セン	しろつち		ゼン	u	15	
墢	⿰土發	0	0	ハツ ハイ					15	
墦	⿰土番	0	0	ハン ホン	つか				15	
墩	⿰土敦	0	0	トン					15	
墱	⿰土登	0	0	トウ	きだ		きざはし さか	u	15	
墲	⿰土無	0	0	ボ モ ブ ム					15	
壄	⿱㮊土	0	0	ヤ ショ	の				16	⿱楙土
墼	⿱𣪠土	0	0	ゲキ キャク			ケキ	u	16	
壂	⿱殿土	0	0	テン	か.す おり との たち		デン	u	16	
壈	⿰土稟	0	0	オン ラン					16	
壍	⿱漸土	0	0	ザン セン	ほり あな				17	
壎	⿰土熏	0	0	ケン クン	つちぶえ はち わん		カン	u	17	
壐	⿱爾土	0	0	ジ			シ しるし	u	17	
壒	⿰土蓋	0	0	アイ カイ	つちけむり				17	
壔	⿰土壽	0	0	トウ	とりで つか おか つつ.み				17	
壖	⿰土需	0	0	ゼン ネン	あきち				17	
壚	⿰土盧	0	0	ロ リョ	いろり				19	
壝	⿰土遺	0	0	イ タ	だん らち		ダ	u	19	
壡	⿰睿圣	0	0	エイ	あき.らか				19	⿸叡土
壢	⿰土歷	0	0	レキ リャク	あな				19	
壩	⿰土霸	0	0	ハ ヘ	せき		いせき	u	24	
壳	⿱⿳士冖一几	0	0	カク コク バイ	から				8	⿱士冗
夅	⿱夂㐄	0	0	コウ ゴ	お.りる お.ろす ふ.る くだ.る				6	
夆	⿱夂丰	0	0	ホウ フ バ	さか.らう ひ.く あ.う あつ.い		ブ	u	7	
夋	⿱允夂	0	0	シュン	うずくま.る				7	⿱允夊
夌	⿱圥夂	0	0	リョウ	しの.ぐ すた.れる				8	⿱圥夊
夒	⿱⿳一⿲止自巳儿夂	0	0	ドウ ノウ	めざ.る		おおざる	u	16	⿳⿸⿹𦣻止巳儿夊 ⿱⿻頁⿰止巳夂
夓	⿳⿴𦥑𦣻儿夂	0	0	カ ゲ	なつ				18	⿳⿴𦥑𦣻儿夊 ⿱⿱𦥑頁夂
夔	⿱丷夒	0	0	キ			ギ	u	21	⿱⿻⿱首儿⿰止巳夂
虁	⿱艹夒	0	0	キ			ギ もののけ	u	23	⿱卝夒 ⿱⿻鿓⿰止巳夂
夝	⿰夕生	0	0	セイ ソウ ショウ	は.れる		ジョウ	u	8	
夡	⿰多吉	0	0	キ	おお.い				12	
夣	⿱⿳𠫓罒冖夕	0	0	ム ボウ	ゆめ ゆめ.みる くら.い				13	⿳⿳亠厶罒冖夕 ⿱⿳𠫓⺫冖夕
夤	⿱夕寅	0	0	イン イ	つつしみおそ.れる おお.きい の.びる				14	
夨	⿱𠃋大	0	0	ショク シキ レツ レチ	かたむ.ける				3	⿱𠃊大
夯	⿱大力	0	0	コウ	かつ.ぐ にな.う				5	
夰	⿱大⿰丿丨	0	0	コウ	はな.つ		ゴウ	u	5	
夳	⿱大二	0	0	タイ			やすい	u	5	
夵	⿱大小	0	0	エン トウ	すす.む				6	
夶	⿰大大	0	0	ヒ	くら.べる				6	
夿	⿱大巴	0	0	ハ ヘ	おお.きい				7	
奃	⿱大氐	0	0	テイ タイ	おお.きい				8	
奆	⿱大巨	0	0	ケン ガン	おお.きい				8	
奒	⿱大亥	0	0	ガイ ホウ ブ	たてまつ.る まつ.る		カイ	u	9	
奓	⿱大多	0	0	タ シャ シ	は.る おご.る あ.ける				9	
奙	⿱厶奄	0	0	ホン					11	
奛	⿱大明	0	0	コウ	あき.らか				11	
奝	⿱大周	0	0	チョウ	おお.きい	たか			11	⿱大⿵⺆⿱𰀁口
奞	⿱大隹	0	0	シュン スイ ヨウ	は.ばたく		ショウ	u	11	
奟	⿱大朋	0	0	コウ ホウ ヒョウ					11	
奡	⿱𦣻夰	0	0	ゴウ	あなど.る つよ.い				12	
奣	⿱天明	0	0	オウ ワン コウ	あき.らか		カウ	u	12	
奫	⿱大淵	0	0	イン	いずみ				14	
奭	⿻大皕	0	0	セキ シャク カク キャク	さかん いか.る				15	
奯	⿱大歲	0	0	カツ カチ	おお.きい ひろびろと				16	
奲	⿰奢單	0	0	シャ セン タ	おお.きい ゆる.やかで				24	
奵	⿰女丁	0	0	テイ チョウ テン					5	
奶	⿰女乃	0	0	ダイ ネ ナイ	ちち はぐく.む				5	
她	⿰女也	0	0	チ ジ シャ タ	あざ.る		イ	u	6	
奻	⿰女女	0	0	ダン ナン	いいあらそ.う				6	
奼	⿰女乇	0	0	タ ト ツ	おとめ ほこ.る				6	
妋	⿰女夫	0	0	フ ヨウ ウ ユウ	むさぼ.る せ せうと なせ				7	
妌	⿰女井	0	0	セイ ジョウ	しず.か いさぎよ.い				7	
妎	⿰女介	0	0	カイ ケイ	ねた.む わずら.わしい おお.う き.る		ガイ	u	7	
妒	⿰女戶	0	0	ト ツ	ねた.む そね.む つも.る ふさ.ぐ				7	⿰女户
妕	⿰女中	0	0	チュウ チュ	あざな				7	
妗	⿰女今	0	0	セン ケン カン キン	うつく.しい よろこ.ぶ		ゴン	u	7	
妟	⿱日女	0	0	アン エン	やす.らか やす.める				7	
妤	⿰女予	0	0	ヨ					7	
妧	⿰女元	0	0	ゲン ガン	みめよ.い				7	
妭	⿰女犮	0	0	ハツ バチ	みめよ.い つま				8	
妮	⿰女尼	0	0	ジ ニ	はした.め やわらかくまつは.る				8	
妯	⿰女由	0	0	チュウ ジク ロク トク	あいよ.め うご.く さわ.ぐ いた.む		チク ドク テキ ジャク	u	8	
妰	⿰女乍	0	0	チャク	しず.か				8	
妳	⿰女尔	0	0	ダイ ナイ デイ ジ	はは はぐく.む あね				8	
妷	⿰女失	0	0	テツ チツ ジチ イツ	めい おい		ジツ イチ	u	8	
妺	⿰女末	0	0	バイ バツ マチ マツ	あざな				8	
妼	⿰女必	0	0	ヒ ヒツ ビチ	こしもと		ビ	u	8	
姁	⿰女句	0	0	ク	はは たの.しむ つま うつく.しい		グ	u	8	
姃	⿰女正	0	0	セイ ショウ	あざな				8	
姄	⿰女民	0	0	ビン ミン					8	
姈	⿰女令	0	0	レイ リョウ	あざな				8	
姊	⿰女𠂔	0	0	シ	あね はは				8	
姍	⿰女冊	0	0	サン セン ハン サツ	みめよ.い そし.る みにく.い		サチ	u	8	
姒	⿰女以	0	0	シ	あね		ジ	u	8	
姝	⿰女朱	0	0	ス シュ	うつく.しい		チュ みめよい	u	9	
姞	⿰女吉	0	0	キツ キチ	つつし.む				9	
姟	⿰女亥	0	0	ガイ			カイ	u	9	
姣	⿰女交	0	0	コウ キョウ	みめよ.い うつく.しい いさぎよ.い		ギョウ	u	9	
姤	⿰女后	0	0	コウ ク	あ.う みめよ.い みにく.い		グ	u	9	
姧	⿰㚣干	0	0	カン ケン	かしま.しい みだら よこしま				9	
姮	⿰女亘	0	0	コウ ジョウ			ゴウ	u	9	
姯	⿰女光	0	0	コウ	みめよ.い				9	
姱	⿰女夸	0	0	カ ケ コ ク	おご.る みめよ.い うつく.しい		ゴ	u	9	
姲	⿰女安	0	0	アン エン	あざな				9	
姴	⿱列女	0	0	レツ レチ	うつく.しい				9	
姷	⿰女有	0	0	ユウ ウ	たぐ.う なら.ぶ				9	
娀	⿰女戎	0	0	シュウ シュ			ジュウ	u	9	
娄	⿱米女	0	0	ル ロウ	つな.ぐ ひ.く				9	
娌	⿰女里	0	0	リ	あによめ		あいよめ	u	10	
娍	⿰女成	0	0	セイ ジョウ	すらりとしてみめよ.い				10	
娎	⿱折女	0	0	ケツ ケチ キョウ	ここちよ.い よろこ.ぶ				10	
娒	⿰女每	0	0	ボ モ	うば				10	
娓	⿰女尾	0	0	ビ ミ キ	すなお したが.う うつく.しい				10	
娞	⿰女妥	0	0	ダイ ネ スイ	あで.やか やす.らか				10	
娣	⿰女弟	0	0	テイ ダイ	いもうと おば				10	
娤	⿱壯女	0	0	ソウ ショウ	よそお.う				10	
娧	⿰女兌	0	0	タイ テ エツ エチ	みめよ.い よろこ.ぶ いと.しい				10	⿰女兑
娨	⿰女旱	0	0	バン マン カン ゲン	ごうまん				10	
娪	⿰女吾	0	0	ゴ ギョ	おんな				10	
娭	⿰女矣	0	0	キ アイ	たわむ.れる はした.め		たのしむ	u	10	
娰	⿰女似	0	0	シ	あね		ジ	u	10	
婄	⿰女咅	0	0	ホウ ブ バイ	おろ.か みにく.い		ハイ	u	10	
婅	⿰女匊	0	0	キク コク	あざな				11	
婇	⿰女采	0	0	サイ	うねめ		ウネベ	u	11	
婈	⿰女夌	0	0	リョウ	あざな				11	
婌	⿰女叔	0	0	シュク			ジュク	u	11	
婐	⿰女果	0	0	ワ カ	たおや.か はべ.る				11	
婕	⿰女疌	0	0	ショウ	みめよ.い		うつくしい	u	11	
婞	⿰女幸	0	0	ケイ ギョウ コウ	もと.る まっすぐ				11	
婣	⿰女𣶒	0	0	イン					11	
婥	⿰女卓	0	0	ドウ ニョウ テキ シャク	みめよ.い		ジャク	u	11	
婧	⿰女靑	0	0	セイ ショウ ジュウ	あてやか しなや.か		ジョウ	u	11	
婭	⿰女亞	0	0	ア	あいむこ こしもと				11	
婷	⿰女亭	0	0	テイ チョウ	うつく.しい				12	
婺	⿱敄女	0	0	ブ ム ボウ ボク			モク	u	12	
婻	⿰女南	0	0	ダン ナン	うつく.しい				12	
婾	⿰女兪	0	0	トウ ツ ユ	わるがしこ.い ぬす.む ごまか.す				12	
媋	⿰女春	0	0	シュン	うつく.しい				12	
媐	⿱巸女	0	0	キ イ	つま たの.しむ				12	⿱⿰𦣞巳女
媓	⿰女皇	0	0	コウ オウ	はは				12	
媖	⿰女英	0	0	エイ ユウ			ヨウ	u	12	
媙	⿰女威	0	0	イ	うつく.しい				12	
媜	⿰女貞	0	0	テイ チョウ	あざな				12	
媞	⿰女是	0	0	シ テイ タイ タ	つまび.らか わるがしこ.い はは		ジ ダイ	u	12	
媟	⿰女枼	0	0	セツ セチ	けが.す けが.れる なれ.る あなど.る				12	
媠	⿰女⿱左月	0	0	タ ナ ラ	みめよ.い おこた.る		ダ うるわしい	u	12	
媢	⿰女冒	0	0	ボウ モウ ボク モク	ねた.む にら.む		ビ ミ バイ メ	u	12	⿰女⿱冃目
媧	⿰女咼	0	0	カイ ケ カ					12	
媬	⿰女保	0	0	ホ					12	
媱	⿰女䍃	0	0	ヨウ	みめよ.い たわむ.れる				13	
媲	⿰女𣬉	0	0	ヘイ ヒ	つれあい		ビ	u	13	
媳	⿰女息	0	0	セキ シャク	よめ				13	
媵	⿰月⿱𠔉女	0	0	ヨウ	おく.る つきそ.い おくりめ おくりびと		ショウ そいよめ	u	13	⿰⿵⺆⺀⿱𠔉女 ⿸𰮤女
媸	⿰女蚩	0	0	シ	あなど.る おろ.か みにく.い みだ.る				13	
媺	⿰女𣁋	0	0	ビ ミ	よい うつく.しい				13	⿰女𢼸
媻	⿱般女	0	0	ハン ハ	おご.る めかけ よろめ.く		バン バ ばば	u	13	
媿	⿰女鬼	0	0	キ	はじ.る はじ.らう はずかし.める とが.める				13	
嫄	⿰女原	0	0	ゲン ガン			ギン	u	13	
嫆	⿰女容	0	0	ヨウ ユ	あざな				13	
嫈	⿱𤇾女	0	0	ショウ オウ ギョウ エイ	みめよ.い みにく.い		ヨウ ゲイ ケイ キョウ	u	13	
嫏	⿰女郞	0	0	ロウ					13	⿰女郎
嫚	⿰女曼	0	0	バン マン ベン メン	あなど.る けが.す おこた.る おご.る		エン やわらかい ゆるやか	u	14	
嫜	⿰女章	0	0	ショウ	しうと しうとめ				14	
嫠	⿸𠩺女	0	0	リ	やもめ				14	
嫥	⿰女專	0	0	セン タン	もっぱら ととの.える		ダン	u	14	
嫪	⿰女翏	0	0	ロウ	こいした.う なや.む				14	
嫮	⿰女雩	0	0	コ	おとめ みめよ.い ほこ.る		ゴ	u	14	
嫵	⿰女無	0	0	ブ ム	こ.びる みめよ.い				15	
嫶	⿰女焦	0	0	ショウ ソウ	やつ.れる やせ.る		ジョウ	u	15	
嫽	⿰女尞	0	0	ロウ リョウ	たわむ.れる みめよ.い みだ.れる さとい				15	
嬀	⿰女爲	0	0	キ	わるがしこ.い		ギ	u	15	
嬁	⿰女登	0	0	トウ	うつく.しい				15	
嬈	⿰女堯	0	0	ニョウ ドウ キョウ ジョウ	わずら.わしい なや.む		ヨウ よわい たわむれる	u	15	
嬗	⿰女亶	0	0	セン タン	ゆる.い		ゼン	u	16	
嬴	⿱吂⿲月女卂	0	0	エイ			あまる	u	16	⿱吂⿲月女⿻⿻㇈丿丶 ⿵𣎆女
嬙	⿰女嗇	0	0	ショウ ゾウ ショク シキ	そばめ				16	
嬛	⿰女睘	0	0	ケン ケイ ギョウ	かた.い		ゼン カン ゲン セン	u	16	
嬝	⿰女裊	0	0	ジョウ ジャク デキ	なよ.やかな しなや.か たお.やか				16	
嬡	⿰女愛	0	0	アイ					16	
嬥	⿰女翟	0	0	チョウ ジョウ タク テキ	よい あで.やか とりか.える		ダク チャク	u	17	
嬭	⿰女爾	0	0	ダイ ナイ デイ ジ	はは はぐく.む あね		ネ ニ はぐぐむ	u	17	
嬸	⿰女審	0	0	シン					18	
孁	⿱霝女	0	0	レイ リョウ	おんなのあざな め				20	
孋	⿰女麗	0	0	リ レイ ライ	また あざな				22	
孌	⿱䜌女	0	0	レン ラン バン マン	したう すなお みめよ.い				22	
孒	⿰了一	0	0	ケツ カチ キョウ ク	ひだりのうでがない みじか.い		クチ クツ	u	3	
孖	⿰子子	0	0	シ	ふたご		ジ	u	6	
孞	⿱子心	0	0	シン					7	
孨	⿱子孖	0	0	セン ジュウ ニュウ	つつし.む よわ.い みなしご				9	
孮	⿰子宗	0	0	ソウ ズ					11	
孯	⿱臤子	0	0	カン ケン	かた.い				11	
孼	⿱辥子	0	0	ゲツ ゲチ	わきばら ひこばえ わざわ.い		かざす くずれる	u	19	
孽	⿱薛子	0	0	ゲツ ゲチ	わきばら ひこばえ わざわ.い				20	⿱艹𫲲
孾	⿰子嬰	0	0	エイ	みどりご				20	
孿	⿱䜌子	0	0	サン セン レン	ふたご		つながる つなぐ	u	22	
宁	⿱宀丁	0	0	チョ	たくわ.える たたず.む	えい ちよう			5	
宄	⿱宀九	0	0	キ	みだれ よこしま				5	
宆	⿱宀弓	0	0	キュウ キョウ	あめ そら				6	
宊	⿱宀犬	0	0	トツ カ	つ.く				7	
宎	⿱宀夭	0	0	ヨウ					7	
宐	⿱宀彑	0	0	ギ	よろ.しい よろ.しく	むべ			7	
宑	⿱宀井	0	0	セイ ショウ	うちいど				7	
宓	⿱宀必	0	0	ミチ フク ヒツ	やす.らか		ビツ ブク しずか	u	8	
宔	⿱宀主	0	0	シュ					8	
宖	⿱宀弘	0	0	コウ	やす.らか		ゴウ オウ	u	8	
宨	⿱宀兆	0	0	チョウ テワ	ほしいまま				9	
宩	⿱宀米	0	0	シ					9	
宬	⿱宀成	0	0	セイ ジョウ	くら				10	
宭	⿱宀君	0	0	クン	むれい.る		グン	u	10	
宯	⿱宀孝	0	0	コウ キョウ	きがあがりむす				10	
宱	⿱宀作	0	0	サ ジャ	ひろ.い				10	
宲	⿱宀呆	0	0	ホウ	しまいこ.む		ジツ	u	10	
宷	⿱宀釆	0	0	シン	つまび.らか つぶさ.に	さい あきら さだか			10	
宺	⿱宀𠯚	0	0	コウ	ひろ.い				10	
宼	⿱宀⿺元女	0	0	コウ	あだ.する				10	⿷完女
寀	⿱宀采	0	0	サイ	ちぎょうしょ つかさ				11	
寁	⿱宀疌	0	0	サン ショウ	すみ.やか	とし			11	
寍	⿱宀𬐘	0	0	ネイ	むし.ろ				12	⿱𫲽皿
寏	⿱宀奐	0	0	カン	ぐるりとめぐらしたかき		ガン	u	12	
寖	⿱宀浸	0	0	シン	ひた.す そそ.ぐ つ.む つ.もる				13	
寗	⿱宓冉	0	0	ネイ ニュウ デイ ニョウ	ねが.い		やすい	u	13	⿱宓⿻冄丨
寘	⿱宀眞	0	0	シ	おく い.れる と.める		テン	u	13	⿱宀真
寙	⿱宀㼌	0	0	ユ	ものう.い う.む なま.ける おこた.る		ワ エ ゆがむ	u	13	
寚	⿳宀王缶	0	0	ホウ	たから				13	
寠	⿱宀婁	0	0	ク ル ロウ	まず.しい やつ.れる ちいさ.い		やつす	u	14	
寯	⿱宀雋	0	0	シュン	あつ.める あつ.まる すぐ.れる				16	
寱	⿱宀⿰爿臬	0	0	ゲイ	ねごと おどろ.く				17	⿸𪧇臬
寴	⿱宀親	0	0	シン	した.しい した.しく				19	
寽	⿱爫寸	0	0	リン リチ リツ	と.る つま.む				7	
尌	⿰壴寸	0	0	シュ チュ ジュウ	た.てる た.つ わらわ しもべ		ジュ	u	12	
尗	⿱上小	0	0	シュク	まめ				6	
尞	⿱昚小	0	0	リョウ	かがりび				12	
尟	⿺是少	0	0	セン	すくな.い		ショウ	u	13	
尣	⿱八儿	0	0	オウ	まげあし				4	
尦	⿺尣勺	0	0	リョウ ホウ チョウ	ゆきなや.む				7	⿺尣⿹勹一
尩	⿺尣王	0	0	オウ	あしなえ ま.がる よわ.い				8	
尫	⿺兀王	0	0	オウ	あしなえ ま.がる よわ.い				7	
尬	⿺尢介	0	0	カイ カツ ケチ	あしなえ				7	
尮	⿺尢朶	0	0	タ	あしなえ せむし				9	
尰	⿺尢重	0	0	ショウ ジュ シュウ					12	
尲	⿺尢兼	0	0	カン ケン					13	
尵	⿺尢貴	0	0	タイ デ	うまがや.む				15	
尶	⿺兀監	0	0	カン ケン					17	
屙	⿸尸阿	0	0	ア					11	
屚	⿸尸雨	0	0	ロウ ロ	も.る も.れる も.らす		ル	u	11	
屜	⿸尸⿰彳世	0	0	テイ タイ	くつしき しきわら				11	
屢	⿸尸婁	0	0	ル	しばしば				14	
屣	⿸尸徙	0	0	シ	ぞうり		くつ	u	14	
屧	⿸尸⿰彳枼	0	0	テイ タイ ショウ	しきわら くつしき				15	
屨	⿸尸⿰彳婁	0	0	ク	くつ				17	
屩	⿸尸𢕪	0	0	キャク カク キク コク	いとぐつ くつしき しきわら		キョウ くつ	u	18	⿸⿸尸彳喬
屭	⿸尸贔	0	0	キ	さかん きび.しい				24	
屰	⿱䒑屮	0	0	ゲキ ギャク ハク ヒャク	さか.らう				6	⿱䒑䶹 ⿱䒑屮
屴	⿱山力	0	0	リョク リキ	そび.える				5	
屵	⿱山厂	0	0	ガツ ガチ ゲツ ゲチ	きしがたかい あおご		ゲン	u	5	
屺	⿰山己	0	0	キ			はげやま	u	6	
屻	⿰山刃	0	0	ジン ニン					6	
屼	⿰山兀	0	0	ゴチ グツ グチ コツ			ゴツ	u	6	
屽	⿰山干	0	0	カン			ガン	u	6	
岇	⿱山卬	0	0	ゴウ	やまのたかい				7	
岈	⿰山牙	0	0	コ カ	こだま		ガ ケ	u	7	
岊	⿱巴山	0	0	セツ セチ グ					7	
岏	⿰山元	0	0	ガン	けわ.しい たか.い				7	
岒	⿰山今	0	0	ケン ゲン			シン	u	7	
岝	⿱山乍	0	0	サク シャク			ザク	u	8	
岟	⿰山央	0	0	ヨウ オウ	ふもと				8	
岠	⿰山巨	0	0	キョ ゴ					8	
岢	⿱山可	0	0	カ					8	
岣	⿰山句	0	0	コウ ク	いただ.き				8	
岦	⿱山立	0	0	リョウ リュウ					8	
岪	⿱山弗	0	0	フツ ブチ	やまみち				8	
岲	⿰山兄	0	0	コウ キョウ					8	
岴	⿰山丘	0	0	ク	けわ.しい				8	
岵	⿰山古	0	0	コ	やま		ゴ しげやま はげやま はやま	u	8	
岺	⿱山令	0	0	レイ					8	
峉	⿱山各	0	0	ガク ギャク					9	
峋	⿰山旬	0	0	シュン					9	
峒	⿰山同	0	0	トウ ズ			ドウ	u	9	
峝	⿱山同	0	0	トウ ズ	えびす				9	
峗	⿰山危	0	0	ガイ ゲ グツ グチ			キ ギ	u	9	
峮	⿰山君	0	0	キン コン クン	つら.なる				10	
峱	⿰犭⿱丑山	0	0	ドウ ノウ					10	⿸狃山
峲	⿱山利	0	0	リ					10	
峴	⿰山見	0	0	ケン	けわ.しい		ゲン	u	10	
崁	⿱山坎	0	0	カン	くぼみ				10	
崆	⿰山空	0	0	コウ ク					11	
崍	⿰山來	0	0	ライ					11	
崒	⿱山卒	0	0	シュツ シュチ ソツ ゾチ	けわ.しい		スイ ジュチ	u	11	
崫	⿱山屈	0	0	クツ	そばだ.つ		クチ コツ	u	11	
崣	⿱山委	0	0	イ					11	
崤	⿰山肴	0	0	コ コウ ギョウ			ゴウ	u	11	
崦	⿰山奄	0	0	エン					11	
崧	⿱山松	0	0	シュウ シュ スウ	そばだ.つ		たかい	u	11	
崱	⿱山則	0	0	ショク ジキ					12	
崴	⿱山威	0	0	ワイ エ イ					12	
崹	⿰山帝	0	0	テイ ダイ					12	
崽	⿱山思	0	0	サイ シャ シ	こども				12	
崿	⿰山咢	0	0	ガク ゴウ	がけ きし				12	
嵂	⿱山律	0	0	リツ リチ	けわ.しい				12	
嵃	⿰山彥	0	0	ゲン ガン	けわ.しい				12	
嵆	⿱𮂱山	0	0	ケイ			ゲイ	u	12	
嵈	⿰山爰	0	0	カン			ガン	u	12	
嵕	⿰山㚇	0	0	ソウ					12	
嵑	⿰山曷	0	0	ケツ ゲチ カツ カチ	そび.える いしぶみ				12	
嵙	⿱山科	0	0	カ	やましな				12	
嵊	⿰山乘	0	0	ショウ			ジョウ	u	13	
嵟	⿸屵隹	0	0	キ テ タイ	たか.い		デ	u	13	
嵠	⿰山奚	0	0	ケイ	たに たにがわ				13	
嵡	⿱山翁	0	0	オウ オ					13	
嵢	⿰山倉	0	0	ソウ					14	
嵤	⿱𤇾山	0	0	ケイ ギョウ コウ エイ			ヨウ	u	13	
嵪	⿰山高	0	0	コウ キョウ	かた.い やせてかたいつち				14	
嵭	⿰山旁	0	0	ホウ ヒョウ	くず.れる				14	
嵰	⿰山兼	0	0	ケン カン					14	
嵹	⿱山強	0	0	キョウ ゴウ					14	⿱山强
嵺	⿰山翏	0	0	コウ キョウ リョウ	たか.い				14	
嵾	⿱山參	0	0	シン サン ソン					14	
嵿	⿱山頂	0	0	テイ チョウ					14	
嶁	⿰山婁	0	0	ル ロウ	いただ.き				14	
嶃	⿰山斬	0	0	サン セン	けわ.しい		ザン ゼン	u	14	
嶈	⿱山將	0	0	ソウ ショウ					14	
嶊	⿱山推	0	0	スイ ツイ サイ セ					14	
嶒	⿰山曾	0	0	ショウ ゾウ			ソウ ジョウ けわしい	u	15	
嶓	⿰山番	0	0	ハ					15	
嶔	⿱山欽	0	0	キン コン ケン カン	けわ.しい				15	
嶕	⿰山焦	0	0	ショウ			ジョウ	u	15	
嶙	⿰山粦	0	0	リン					15	
嶛	⿰山尞	0	0	リョウ					15	
嶟	⿰山尊	0	0	ソン シュン	そばだ.つ				15	
嶠	⿰山喬	0	0	キョウ			ギョウ みね やまみち たかい	u	15	
嶧	⿰山睪	0	0	エキ ヤク セキ シャク	つら.なる				16	
嶫	⿰山業	0	0	ギョウ	たか.い				16	
嶰	⿰山解	0	0	カイ ケ	たに		ゲ	u	16	
嶴	⿱奧山	0	0	オウ オク	おく.まる くま				16	
嶸	⿰山榮	0	0	コウ オウ エイ ヨウ	けわ.しい				17	
嶹	⿰山壽	0	0	トウ	しま				17	
巃	⿱山龍	0	0	ロウ ル	けわ.しい				19	
巇	⿰山戲	0	0	キ	けわ.しい		ギ	u	20	
巋	⿱山歸	0	0	キ	つら.なる		ギ	u	20	
巐	⿱山髜	0	0	チョウ					20	
巎	⿰山夒	0	0	ドウ					20	
巘	⿰山獻	0	0	ゴン ケン	みね		ゲン がけ けわしい けわし	u	23	
巙	⿰山夔	0	0	キ ドウ ノウ			ギ	u	22	
巠	⿳一巛工	0	0	ケイ キョウ					7	
巤	⿳巛龱⿲⿺𠄌⺀⿺𠄌⺀㇂	0	0	リョウ	たてがみ もと				15	
巩	⿰工卂	0	0	キョウ					6	⿰工凡
巸	⿰𦣝巳	0	0	イ キ	ひろいあご おお.きい				9	
巹	⿱丞己	0	0	キン	したが.う の.びる さかずき				9	
帀	⿱一巾	0	0	ソウ	めぐ.る めぐ.らす				4	
帇	⿻⿻コ一巾	0	0	デン ニョウ ロウ	てわざがすばやい		ジョウ	u	6	⿻肀冂
帍	⿸戶巾	0	0	コ	ひれ		ゴ	u	7	⿸户巾
帒	⿱代巾	0	0	タイ	ふくろ		バツ ダイ	u	8	
帔	⿰巾皮	0	0	ヒ	ふくろ		もすそ	u	8	
帕	⿰巾白	0	0	バツ メチ ハ ヘ	つつ.む		バク ミャク ハク ひたいあて	u	8	
帘	⿱穴巾	0	0	レン シン ヨウ	さけばた		ジン さかばやし	u	8	⿱⿱宀儿巾
帟	⿱亦巾	0	0	エキ ヤク	ひらとばり		とばり ひらはり	u	9	
帠	⿱臼巾	0	0	ゲイ	のり				10	
帮	⿱邦巾	0	0	ホウ	たす.ける				10	
帨	⿰巾兌	0	0	セイ サイ エツ エチ	てふき		ゼイ セ スイ	u	10	⿰巾兑
帲	⿰巾幷	0	0	ヘイ ヒョウ	おお.う				11	
帵	⿰巾宛	0	0	ワン エン オン					11	
帾	⿰巾者	0	0	ト ツ	はた はたじるし わたいれ				12	⿰巾⿻者丶
幋	⿱般巾	0	0	ハン	あたまのかざり		バン	u	13	
幐	⿰月帣	0	0	トウ	においぶくろ ふくろ		ドウ	u	13	⿰⿵⺆⺀帣 ⿸𰮤巾
幉	⿰巾枼	0	0		たづな		たずな	u	13	
幑	⿲彳⿱山帀攵	0	0	キ	めじるしのぬの はた				14	⿵⿲彳⿱山一攵巾
幖	⿰巾票	0	0	ヒョウ	しるし はた のぼり				14	
幘	⿰巾責	0	0	サク シャク	ずきん				14	
幛	⿰巾章	0	0	ショウ	ぬの				14	
幜	⿰巾景	0	0	ケイ キョウ	きぬ かずき				14	
幞	⿰巾菐	0	0	ホク	ずきん		ボク	u	15	
幨	⿰巾詹	0	0	セン	とばり ほろ たちき.れる				16	
幪	⿰巾蒙	0	0	ボウ ム モウ	ふくさ		おおう	u	17	
幫	⿱封帛	0	0	ホウ	たす.ける		くみ	u	17	
幬	⿰巾壽	0	0	チュウ ジュ トウ	とばり		ドウ	u	17	
幭	⿰巾蔑	0	0	ベツ メチ バツ マチ	おおい				18	
幮	⿰巾廚	0	0	チュ ジュ チュウ	とばり かや				18	
幰	⿰巾憲	0	0	ケン コン	ほろ				19	⿰巾⿳⿱宀丯罒心
庀	⿸广匕	0	0	ヒ ヘイ ハイ	おさ.める				5	
庋	⿸广支	0	0	キ	とだな				7	
庎	⿸广介	0	0	カイ	たな ながし				7	
庢	⿸广至	0	0	チツ チチ テイ	さえぎりとど.める				9	
庤	⿸广寺	0	0	チ ジ	たくわ.える				9	
庥	⿸广休	0	0	キュウ ク	かげ				9	
庨	⿸广孝	0	0	コウ キョウ					10	
庪	⿸广技	0	0	キ					10	
庬	⿸广尨	0	0	ボウ モ モウ	はっきり.しない				10	
庱	⿸广夌	0	0	チョウ リョウ					11	
庳	⿸广卑	0	0	ヒ	ひく.い		ビ	u	11	⿸广⿱⿱㇒⿻日丿十
庽	⿸广禺	0	0	グウ グ ドウ	かこつ.ける よ.せる よ.る				12	
庾	⿸广臾	0	0	ユ	くら				12	⿸广⿻臼人
庿	⿸广苗	0	0	ビョウ ミョウ	たまや みたまや やしろ				12	
廆	⿸广鬼	0	0	カイ エ ケ	かき		ガイ ゲ	u	13	
廌	⿸⿸广⿻コ⿰丨丨⿹②灬	0	0	チ					13	
廋	⿸广叟	0	0	シュウ シュ ソウ ス	かく.す		かくれる もとめる	u	13	
廎	⿸广頃	0	0	ケイ キョウ テイ	いえのかたわら				14	
廑	⿸广堇	0	0	キン コン			ゴン	u	14	
廒	⿸广敖	0	0	ゴウ					14	
廔	⿸广婁	0	0	ロウ ル リュ	まど むね のき				14	
廕	⿸广陰	0	0	イン オン	おお.う かば.う かげ				14	
廜	⿸广屠	0	0	ト ツ	いおり				15	
廞	⿸广欽	0	0	キン コン カン ケン	つら.ねる おこ.す けわ.しい		ギン ゴン	u	15	
廥	⿸广會	0	0	カイ ケ	まぐさぐら くら				16	
廫	⿸广膠	0	0	リョウ ロウ	むな.しい うつろ				18	
异	⿱己廾	0	0	イ	あ.げる				6	
弆	⿱去廾	0	0	キョ コ	おさ.める しまいこ.む				8	
弇	⿱合廾	0	0	エン カン コン ダン	おお.う		ナン せまい	u	9	
弈	⿱亦廾	0	0	エキ ヤク					9	
弎	⿹弋三	0	0	サン ゾウ	み み.つ みっ.つ				6	
弙	⿰弓于	0	0	オ ウ コ ク	も.つ				6	
弜	⿰弓弓	0	0	キョウ ゴウ キ	つよ.い つよいゆみ				6	
弝	⿰弓巴	0	0	ハ ヘ	ゆづか つか				7	
弡	⿰弓巨	0	0	クツ グチ チョウ	つよくいさましい				7	
弢	⿰弓𠬢	0	0	トウ	ゆみぶくろ				8	
弣	⿰弓付	0	0	フ	ゆづか				8	
弤	⿰弓氐	0	0	テイ タイ チュウ			チョウ	u	8	
弨	⿰弓召	0	0	ショウ	そりかえ.る				8	
弫	⿰弓臣	0	0	シン	ゆみがつよい				9	
弬	⿰弓𦣝	0	0	イ	ゆみのな				9	
弮	⿱𠔉弓	0	0	ケン	いしゆみ ま.がる まき				9	⿱龹弓
弰	⿰弓肖	0	0	ソウ ショウ	ゆはず				10	
弴	⿰弓享	0	0	トン チョウ					10	
弶	⿰弓京	0	0	ギョウ キョウ ゴウ					11	
弻	⿲弓㐁弓	0	0	ヒツ	たす.ける ゆだめ				12	⿴弜㐁
弽	⿰弓枼	0	0	ショウ ヨウ キョウ	ゆがけ				12	
弿	⿱𡨄弓	0	0	ケン コン	ゆみがつよい				13	⿱⿳宀𠀎八弓
彀	⿰⿱⿳士冖一弓殳	0	0	コウ ク			ねらい はる やごろ	u	13	⿹𣪊弓
彄	⿰弓區	0	0	コウ ク	ゆはず ゆがけ				14	
彅	⿰弓剪	0	0		なぎ				14	
彇	⿰弓肅	0	0	ショウ ヨウ	ゆはず				15	
彍	⿰弓廣	0	0	カク	は.る はし.る				18	
彐	⿱⿹𠃍一一	0	0	ケイ			セツ けいがしら	u	3	
彔	⿱彑氺	0	0	ロク	きざ.む		もと	u	8	⿱彑⺢
彘	⿱彑⿲匕矢匕	0	0	テイ エイ エ	ぶた		ダイ いのこ	u	12	
彛	⿱⿻コ一𪪷	0	0	イ	つね				16	⿱⺕𪪷
彠	⿰尋蒦	0	0	ワク カク キャク ヤク	はか.る ものさし のり				26	
彣	⿺文彡	0	0	ブン モン	あや				7	
彤	⿰丹彡	0	0	トウ ズ	あか.い		あか あかぬり	u	7	
彧	⿻或⿱丿丿	0	0	イク	あや				10	⿻或𰀪
彯	⿰票彡	0	0	ビョウ			ヒョウ	u	14	
彲	⿰麗彡	0	0	チ	みずち				22	
彴	⿰彳勺	0	0	ハク シャク チャク テキ	まるきばし		バク ジャク	u	6	
彵	⿰彳也	0	0	タ	しずかにゆ.く				6	
彸	⿰彳公	0	0	ショウ シュ					7	
彺	⿰彳王	0	0	オウ	いそぎゆ.く				7	
彽	⿰彳氐	0	0	チ ジ テイ タイ	たちもとお.る		デ	u	8	
彾	⿰彳令	0	0	レイ リョウ					8	
徉	⿰彳羊	0	0	ヨウ	さまよ.う		たちもとおる	u	9	
徍	⿰彳圭	0	0	アイ ア エ	ゆ.く		カイ カ ケイ よい	u	9	
徏	⿰彳步	0	0	チョク トク	すす.む のぼ.る				10	
徖	⿰彳宗	0	0	ソウ ス	やす.らか				11	
徜	⿰彳尙	0	0	ショウ	さまよ.う		たわむれる	u	11	⿰彳尚
徝	⿰彳直	0	0	チ チョク チキ	ほどこ.す のぼ.る				11	
徢	⿰彳疌	0	0	ショウ					11	
徧	⿰彳扁	0	0	ヘン	あまね.し あまね.く		ベン	u	12	
徫	⿰彳韋	0	0	イ	や.く				12	
徤	⿰彳建	0	0	ケン	すこ.やか	たけし			12	
徬	⿰彳旁	0	0	ホウ	つきそ.う		ボウ そう	u	13	
徯	⿰彳奚	0	0	ケイ	こみち も.つ		ゲイ あやうい まつ	u	13	
徰	⿰彳⿱正正	0	0	セイ		いく			13	⿰彳𱥂
徱	⿰彳票	0	0	ヒョウ	かる.い かろ.んずる すばや.い				14	
徸	⿰彳童	0	0	ショウ シュ	い.く				15	
忄		0	0	シン	こころ		りっしんべん	u	3	
忇	⿰忄力	0	0	ロク	こうろうがおおきい おも.う				5	
忈	⿱二心	0	0	ジン ニン	した.しむ				6	
忉	⿰忄刀	0	0	トウ	うれ.える				5	
忋	⿰忄己	0	0	カイ	たの.む あお.ぐ		ガイ	u	6	
忐	⿱上心	0	0	クン コウ キョウ タン	むな.しい				7	
忑	⿱下心	0	0	トク トウ	むな.しい				7	
忒	⿹弋心	0	0	トク	か.わる		たがう	u	7	
忓	⿰忄干	0	0	カン	きわ.める おか.す		ガン	u	6	
忔	⿰忄乞	0	0	キツ ギツ コチ コツ	よろこ.ぶ		キ ゴチ	u	6	
忞	⿱文心	0	0	ビン ミン ブン モン	つと.める		くらい みだれる	u	8	
忡	⿰忄中	0	0	チュウ チュ シュウ シュ	うれ.える				7	
忢	⿱五心	0	0	ゴ	さと.る	さとり			8	
忨	⿰忄元	0	0	ガン	むさぼ.る				7	
忩	⿱公心	0	0	ソウ	にわか あわ.てる				8	
忪	⿰忄公	0	0	ショウ シュ	おどろ.く				7	
忬	⿰忄予	0	0	ヨ ショ	あらかじめ やす.んずる				8	
忭	⿰忄卞	0	0	ヘン	たの.しむ		ベン よろこぶ	u	7	
忮	⿰忄支	0	0	シ キ	さか.らう		ギ	u	7	
忯	⿰忄氏	0	0	キ シ	つつし.む		ギ ジ イ テイ	u	7	
忲	⿰忄太	0	0	タイ	なら.う		セイ おごる	u	7	
忳	⿰忄屯	0	0	トン シュン	うれ.える		ドン ジュン うまない おろか	u	7	
忶	⿰忄云	0	0	コン ウン	もだ.える まよ.う		ゴン	u	7	
忺	⿰忄欠	0	0	ケン コン	のぞ.む				7	
忼	⿰忄亢	0	0	コウ ホウ ヒョウ	なげ.く あなど.る				7	
怇	⿰忄巨	0	0	キョ ゴ キョウ	あなど.る				7	
怊	⿰忄召	0	0	チョウ ショウ	かな.しむ いた.む		ジョウ	u	8	
怍	⿰忄乍	0	0	サク サ ジャ	はじ.る		ザク	u	8	
怓	⿰忄奴	0	0	ドウ ニョウ ニュ	みだ.れる				8	
怔	⿰忄正	0	0	セイ ショウ	おそれあわ.てる				8	
怗	⿰忄占	0	0	チョウ テン セン	おだ.やか したが.う		しずか したがえる とどこおる やすらか	u	8	
怘	⿱古心	0	0	コ ク	かた.める かたく				9	
怚	⿰忄且	0	0	ショ ソ	おご.る		シャ ゾ	u	8	
怟	⿰忄氐	0	0	テイ タイ	もだ.える				8	
怤	⿱付心	0	0	フ	おも.う よろこ.ぶ				9	
怭	⿰忄必	0	0	ヒツ ビチ	あなど.る				8	
怳	⿰忄兄	0	0	キョウ チュツ シュツ	くる.う		ケイ コウ ほのか	u	8	
怵	⿰忄朮	0	0	チュツ シュツ シュチ	おそ.れる		ジュツ キツ ジュチ キチ	u	8	⿰忄术
恀	⿰忄多	0	0	シ	たの.む				9	
恇	⿰忄匡	0	0	キョウ コウ	つね		おそれる	u	9	
恈	⿰忄牟	0	0	ボウ ム	むさぼりおしむ				9	
恉	⿰忄旨	0	0	シ	こころ				9	
恌	⿰忄兆	0	0	チョウ ヨウ	うす.い				9	
恑	⿰忄危	0	0	キ	か.わる あや.しむ		ギ	u	9	
恔	⿰忄交	0	0	キョウ コウ	さとい		ギョウ こころよい	u	9	
恖	⿱囟心	0	0	シ サイ	おも.う おもえら.く おぼ.す	こと			10	
恗	⿰忄夸	0	0	コ ク カ ケ	おそ.れる うれ.える ほこ.る				9	
恝	⿱㓞心	0	0	カイ カツ ケチ			ガツ ケイ	u	9	⿱⿰丯刀心
恡	⿰忄𠫤	0	0	リン	ねた.む やぶさか お.しむ				9	
恧	⿱而心	0	0	ジク ニク ジョク ニョク	はじ.る		ニキ	u	10	
恱	⿰忄兊	0	0	エツ エチ	よろこ.ぶ よろこ.ばす	のぶ よし			9	⿰忄⿱八允
恾	⿰忄芒	0	0	ボウ モウ	いそが.しい せわ.しい おそ.れる うれ.える				10	
恿	⿱甬心	0	0	ヨウ ユ トウ ツ	いさ.む				11	
悂	⿰忄坒	0	0	ヒ ヘイ	あやま.る つつし.む				10	
悆	⿱余心	0	0	ヨ ショ ソ	わす.れる				11	
悈	⿰忄戒	0	0	カイ キョク コク カク	ととの.える		コキ	u	10	
悊	⿱折心	0	0	テツ テチ	うやま.う		あきらか	u	11	
悎	⿰忄吿	0	0	コウ コク カク キョウ	おそ.れる		ゴウ	u	10	⿰忄告
悑	⿰忄甫	0	0	フ ホ	こわ.い こわ.がる お.じる おそ.れる				10	
悓	⿰忄見	0	0	ケン	たと.える うかが.う				10	
悕	⿰忄希	0	0	キ ケ	おも.う かなし.む				10	
悘	⿱医心	0	0	イ エイ	つまび.らか うやうや.しい				11	
悝	⿰忄里	0	0	カイ リ	たわむ.れる		ケ	u	10	
悞	⿰忄吳	0	0	ゴ	あやま.る				10	
悢	⿰忄良	0	0	リョウ コウ	かな.しむ		ロウ	u	10	
悤	⿱囱心	0	0	ソウ	にわか あわ.てる		ス	u	11	
悥	⿱言心	0	0	オク ヨク	み.ちる				11	
您	⿱你心	0	0	ジ ニ	なんじ しかり その のみ		ニン	u	11	
悰	⿰忄宗	0	0	ソウ ズ	たの.しむ				11	
悱	⿰忄非	0	0	ヒ	いいなや.む				11	
悷	⿰忄戾	0	0	レイ ライ リ	かな.しむ				11	
悻	⿰忄幸	0	0	ケイ ギョウ コウ	もと.る				11	
悾	⿰忄空	0	0	コウ ク			まこと	u	11	
惂	⿰忄臽	0	0	カン コン	うれえくるしむ				11	
惄	⿱叔心	0	0	デキ	ひもじい		ニャク ドク ノク	u	12	
惈	⿰忄果	0	0	カ	いさ.ましい				11	
惉	⿱沾心	0	0	セン	やぶ.れる				12	
惊	⿰忄京	0	0	リョウ	かな.しむ				11	
惋	⿰忄宛	0	0	ワン	なげ.く		エン うらむ	u	11	
惎	⿱其心	0	0	キ	そこ.なう		ギ	u	12	
惏	⿰忄林	0	0	ラン リン	むさぼ.る				11	
惔	⿰忄炎	0	0	タン テン ネン エン	うれ.える		ケン やく やける	u	11	
惕	⿰忄易	0	0	テキ チャク	つつし.む		おそれる うれえる	u	11	
惙	⿰忄叕	0	0	テツ テチ テイ	うれ.える		テ	u	11	
惛	⿰忄昏	0	0	コン ビン ミン	おろ.か		モン ボン かすか くらい	u	11	
惝	⿰忄尙	0	0	ショウ トウ	うっとり.する				11	⿰忄尚
惞	⿰忄欣	0	0	キン コン	よろこ.ぶ				11	
惢	⿱心𢗰	0	0	サ スイ ニ	うたが.う		ズイ	u	12	⿱心⿰心心
惥	⿱臾心	0	0	ヨウ	すす.む すす.める				12	⿱⿻臼人心
惲	⿰忄軍	0	0	ウン キン	あつ.い		ゴン	u	12	
惵	⿰忄枼	0	0	チョウ ジョウ キョウ	やす.らか		おそれる しずか みちる	u	12	
惸	⿰忄㝁	0	0	ケイ ギョウ	うれ.える		ひとりみ	u	12	
惼	⿰忄扁	0	0	ヘン	せま.い				12	
惽	⿰忄昬	0	0	コン ビン			くらい	u	12	
愂	⿱勃心	0	0	ハイ ボツ	もと.る				13	
愇	⿰忄韋	0	0	イ	うら.む あさ.い よい				12	
愊	⿰忄畐	0	0	ヒョク ヒキ フク	まこと				12	
愌	⿰忄奐	0	0	カン	はびこ.る		ガン	u	12	
愐	⿰忄面	0	0	ベン メン	つと.める				12	
愑	⿰忄勇	0	0	ヨウ ユ	みつ.る いか.る				12	
愒	⿰忄曷	0	0	ケイ ケツ ケチ カイ	いこ.う		カツ カチ むさぼる	u	12	
愓	⿰忄昜	0	0	トウ ショウ ヨウ	ほしいまま		ドウ あそぶ たいら まっすぐ	u	12	
愔	⿰忄音	0	0	イン アン オン	やわ.らぐ				12	
愖	⿰忄甚	0	0	シン タン トン	まこと たの.しむ		ジン チン キン コン	u	12	
愗	⿱敄心	0	0	ボウ モ	おろ.か やぶさか				13	
愙	⿱客心	0	0	カク	つつし.む				13	
愜	⿰忄匧	0	0	キョウ	こころよ.い		みちる かなう	u	12	
愞	⿰忄耎	0	0	ゼン ネン タ ナ	よわ.い おそ.れる		ダン ダ ジン ニン	u	12	
愢	⿰忄思	0	0	サイ シ	こころがたが.う せ.める				12	
愪	⿰忄員	0	0	ウン イン	うれ.える うご.く				13	
愫	⿰忄素	0	0	ソ	まこと				13	
愰	⿰忄晃	0	0	オウ コウ	さとい				13	
愱	⿰忄疾	0	0	シツ シチ	くる.しむ				13	
愵	⿰忄弱	0	0	デキ ニャク	うれ.える				13	
愶	⿰忄脅	0	0	キョウ コウ	おびや.かす				13	
愷	⿰忄豈	0	0	カイ	たの.しむ		ガイ やわらぐ	u	13	
愹	⿰忄容	0	0	ヨウ	いか.る よろこ.ぶ み.ちる				13	
慁	⿱圂心	0	0	コン	うれ.える		ゴン みだれる	u	14	
慅	⿰忄蚤	0	0	ソウ ショウ	うご.く		うれえる さわぐ	u	13	
慆	⿰忄舀	0	0	タク トウ	よろこ.ぶ		あなどる つつむ ひさしい みだら	u	13	
慉	⿰忄畜	0	0	キク キン キョウ	おこ.す		チク コク	u	13	
慞	⿰忄章	0	0	ショウ	おそ.れる				14	
慠	⿰忄敖	0	0	ゴウ	おご.る うれ.える				14	
慬	⿰忄堇	0	0	キン コン	かな.しむ		ゴン	u	14	
慲	⿰忄㒼	0	0	バン マン	わす.れる				14	
慸	⿱帶心	0	0	テイ セイ タイ	たか.い きわ.まる おと.る		ダイ	u	15	
慻	⿰忄眷	0	0	ケン	かえり.みる				14	
慼	⿱戚心	0	0	セキ シャク シュク	うれ.える		ソク うれい	u	15	
慿	⿱𠗦心	0	0	ヒョウ	つ.く つか.れる よ.る たの.む				15	
憀	⿰忄翏	0	0	リョウ リュウ ル					14	
憁	⿰忄悤	0	0	ソウ			ス	u	14	
憃	⿱舂心	0	0	トウ ショウ シュ チョウ	おろ.か		チュ	u	15	
憄	⿱徝心	0	0	チ	ほどこ.す				14	
憋	⿱敝心	0	0	ヘツ ヘチ	せっかち				16	
憍	⿰忄喬	0	0	キョウ	ほしいまま		ほこる	u	15	
憒	⿰忄貴	0	0	カイ	みだ.れる		ケ エ	u	15	
憓	⿰忄惠	0	0	ケイ エ	いつく.しむ				15	
憗	⿱𢽟心	0	0	キン	なまじ.い		ギン なまじいに	u	16	
憘	⿰忄喜	0	0	キ	よろこ.ぶ ああ この.む				15	
憜	⿰忄隋	0	0	タ ダ	つつしまない		おこたる	u	15	
憝	⿱敦心	0	0	タイ ズイ	うら.む		デ	u	16	
憟	⿰忄粟	0	0	ショク ソク	へつら.う				15	
憠	⿱厥心	0	0	ケツ	つよ.い				16	
憥	⿱勞心	0	0	ロウ	くる.しむ				16	
憨	⿱敢心	0	0	カン	おろ.か		ガン	u	16	
憪	⿰忄閒	0	0	カン ゲン	たの.しむ				15	
憭	⿰忄尞	0	0	リョウ	さとい				15	
憸	⿰忄僉	0	0	セン ケン	かたよ.る				16	
憹	⿰忄農	0	0	ドウ ヌ ニョウ ノウ	こころみだ.れる なや.む				16	
憼	⿱敬心	0	0	ケイ キョウ コウ	つつし.む				17	
懀	⿰忄會	0	0	ワイ エ ワツ ワチ	にく.む もだ.える				16	
懁	⿰忄睘	0	0	ケン カン	はげ.しい		ゲン	u	16	
懂	⿰忄董	0	0	トウ ツ	みだ.れる				16	
懎	⿰忄嗇	0	0	ショク シキ	うら.む かな.しむ				16	
懏	⿰忄雋	0	0	シュン	さとい				16	
懕	⿱厭心	0	0	エン ヨウ	やす.らか た.りる ゆる.す				18	
懜	⿰忄夢	0	0	ボウ モウ ム	くら.い		モ	u	17	
懝	⿰忄疑	0	0	ガイ ギ ギョク ゴキ	おろ.か おそ.れる はか.る				17	
懞	⿰忄蒙	0	0	ボウ ム	あつ.い		モウ モ くらい	u	17	
懟	⿱對心	0	0	ツイ ズイ タイ	うら.む		チ デ もとる	u	18	
懡	⿰忄麼	0	0	バ マ					17	
懢	⿰忄監	0	0	ラン カン ゲン	むさぼ.る すこ.やか				17	
懧	⿰忄寧	0	0	ダ ジュ ゼン	よわ.い				17	
懩	⿰忄養	0	0	ヨウ	ねが.う				17	
懥	⿰忄𤴡	0	0	チ			エイ シ	u	18	⿰忄疐
懬	⿸廣心	0	0	コウ	ひろ.い おお.きい むな.しい つよ.い				19	
懭	⿰忄廣	0	0	コウ	うら.む				18	
懯	⿱敷心	0	0	フ	おも.う				19	
戁	⿱難心	0	0	ダン ネン ゼン	つつし.む		ナン	u	23	
戃	⿰忄黨	0	0	トウ ショウ	おどろ.く				23	
戄	⿰忄矍	0	0	キャク ショウ	おどろ.く		カク ガク ワク サク	u	23	
戇	⿱贛心	0	0	トウ チュウ シュ コウ	おろ.か		チュ チョウ グ カン	u	24	
戓	⿹戈口	0	0	カ					7	
戕	⿰爿戈	0	0	ショウ サン ソウ	ころ.す		セイ カ ゾウ ザン	u	8	
戜	⿹戈呈	0	0	テツ デチ	するど.い き.る				11	
戠	⿰音戈	0	0	ショク シキ シ					13	
戢	⿰咠戈	0	0	シュウ	おさ.める		やむ やめる	u	13	
戣	⿰癸戈	0	0	キ	ほこ		ギ	u	13	
戧	⿰倉戈	0	0	ソウ ショウ	つく.る はじ.める きず.つける		きず	u	14	
戩	⿰晉戈	0	0	セン	ほろ.ぼす		さいわい	u	14	
戫	⿰有或	0	0	ヨク イキ	はや.い				14	
戹	⿸戶乙	0	0	アク セク	せま.い		ヤク くるしむ	u	5	⿸户乙
戽	⿸戶斗	0	0	コ ク	く.む あかくみ		ゴ	u	8	⿸户斗
扂	⿸戶占	0	0	テン	かんぬき とざし		デン	u	9	⿸户占
扃	⿸戶冋	0	0	ケイ キョウ ヘン	かんぬき とびら		じょう つる とじる ひきこもる	u	9	⿸户冋
扄	⿸戶向	0	0	ショウ					10	⿸户向
扆	⿸戶衣	0	0	イ エ	ついたて		おくふかい かくす	u	10	⿸户衣
扌	⿻𬺰㇀	0	0	シュ					3	
扐	⿰扌力	0	0	ロク リョク リキ					5	
扑	⿰扌卜	0	0	ボク ハク ホウ フ	かるくう.つ むちう.つ		ホク ヒョク ヒキ うつ	u	5	
扒	⿰扌八	0	0	ハイ ハツ ハチ	ぬ.く さば.く		ヘ ヘツ ヘチ	u	5	
扔	⿰扌乃	0	0	ジョウ ニョウ	よ.る ふ.れる す.てる				5	
扖	⿰扌入	0	0		は.める しぼ.る				5	
扚	⿰扌勺	0	0	チョウ テキ チャク シャク	はやくうつ		レキ リャク ヤク アク	u	6	⿰扌⿹勹一
扜	⿰扌于	0	0	ウ ク	さしまね.く				6	
扤	⿰扌兀	0	0	ゴツ ゴチ ゲツ ガチ	うご.く		ガツ	u	6	
扭	⿰扌丑	0	0	ジュウ ニュ チュウ チュ	ねじまわ.す		おさえる しばる	u	7	
扯	⿰扌止	0	0	タ シャ	ひ.く		さく	u	7	
扳	⿰扌反	0	0	ハン	ひ.く さ.く ひきとめる		よじる	u	7	
扺	⿰扌氏	0	0	シ テイ	あ.たる あ.てる		キ ギ うつ	u	7	
扽	⿰扌屯	0	0	トン	ひ.く				7	
抍	⿰扌升	0	0	ショウ	あ.げる ぬ.く すく.う と.る		ジョウ	u	7	
抎	⿰扌云	0	0	ウン イン	うしな.う お.ちる				7	
抏	⿰扌元	0	0	ガン	くじく		する	u	7	
抐	⿰扌內	0	0	ドツ ナチ ドン ソン	そ.める う.つ い.れる つか.む		ネ ゼイ ジュウ ズイ	u	7	
抦	⿰扌丙	0	0	ヘイ ヒョウ	も.つ		え つか がら	u	8	
抨	⿰扌平	0	0	ホウ ヒョウ	はじ.く		ヘイ ビョウ	u	8	
抳	⿰扌尼	0	0	ジ ニ デイ ナイ	と.まる		ジツ ニチ	u	8	
抶	⿰扌失	0	0	チツ チチ	むちう.つ				8	
抷	⿰扌丕	0	0	ヒ	ひら.く		ビ	u	8	
抺	⿰扌未	0	0	バイ メ マイ	さぐ.る				8	
抾	⿰扌去	0	0	キョ コ キョウ コウ	と.る		キ	u	8	
抿	⿰扌民	0	0	ビン ミン	な.でる				8	
拄	⿰扌主	0	0	チュ	あ.げる		チュウ ささえる	u	8	
拎	⿰扌令	0	0	レイ リョウ	か.ける				8	
拕	⿰扌它	0	0	タ イ	ひ.く		ダ	u	8	
拖	⿰扌㐌	0	0	タ イ	ひ.く		ダ くだく くわえる くわわる	u	8	
拚	⿰扌弁	0	0	ヘン フン			ベン ハン ホン	u	8	
拪	⿰扌西	0	0	セン イ	うつ.る				9	
拲	⿱共手	0	0	キョウ ク キョク コク	てかせ		キク	u	10	
拴	⿰扌全	0	0	セン	えら.ぶ				9	
拼	⿰扌并	0	0	ホウ ヘイ ヒョウ	したが.う				9	
拽	⿰扌曳	0	0	エイ エツ エチ セイ	ひ.く		ゼイ	u	9	
挃	⿰扌至	0	0	チツ ジチ テツ デチ	さ.す		チチ	u	9	
挄	⿰扌光	0	0	カク コウ	ひろ.がる ひろ.げる ひろ.める				9	
挊	⿰扌𠧗	0	0	ロウ ル	いじく.る いじ.る ひねく.る たわむ.れる		もてあそぶ	u	9	
挋	⿰扌臣	0	0	シン キン コン	たす.ける				9	
挍	⿰扌交	0	0	コウ キョウ	はか.る		くらべる	u	9	
挐	⿱如手	0	0	ダ ジョ	ひ.く		ナ ニョ つかむ みだれる	u	10	
挓	⿰扌宅	0	0	タ	ひら.く				9	
挖	⿰扌穵	0	0	アツ アチ	あば.く		ヤク おさえる	u	9	
挘	⿰扌劣	0	0		むし.る むしりと.る				9	
挩	⿰扌兌	0	0	タツ タチ セイ エイ	とく		セ ぬぐう	u	10	
挪	⿰扌那	0	0	ダ ナ	も.む				10	
挭	⿰扌更	0	0	コウ キョウ	みだ.す				10	
挵	⿰扌弄	0	0	ロウ ル	いじく.る いじ.る ひねく.る たわむ.れる		もてあそぶ	u	10	
挶	⿰扌局	0	0	キョク コク	ささ.える も.つ				10	
挹	⿰扌邑	0	0	ユウ オウ	く.む		おさえる こまぬく とる	u	10	
挼	⿰扌妥	0	0	ダ ナ ダイ ナイ	お.とす		キ ズイ ネ スイ	u	10	
捁	⿰扌吿	0	0	カク コウ	みだ.す		キョウ コク	u	10	⿰扌告
捂	⿰扌吾	0	0	ゴ	ふ.れる		さからう	u	10	
捃	⿰扌君	0	0	クン	ひろ.う		とる	u	10	
捄	⿰扌求	0	0	ク キュウ	も.る		グ すくう	u	10	
捆	⿰扌困	0	0	コン	ととの.える		ゴン うつ	u	10	
捊	⿰扌孚	0	0	ホウ フウ フ	かきあつ.める		ブ ビョウ	u	10	
捋	⿰扌寽	0	0	ラツ ラチ レツ レチ	と.る				10	
捎	⿰扌肖	0	0	ソウ ショウ	と.る				10	
捒	⿰扌束	0	0	ショウ シュ ソ ス	つつし.む あ.げる		ショ ショク ソク ソウ	u	10	
捓	⿰扌邪	0	0	ヨ ヤ	もてあそ.ぶ		のこり	u	10	
捔	⿰扌角	0	0	カク サク	と.る		ザク	u	10	
捘	⿰扌夋	0	0	ソン シュン	お.す		サイ セ スイ	u	10	
捛	⿰扌呂	0	0	リョ	とも				10	⿰扌吕
捥	⿰扌宛	0	0	ワン ウツ ウチ	うで も.ぐ もぎ.る				11	
捦	⿰扌金	0	0	キン ゴン	かたくと.る		とらえる	u	11	
捬	⿰扌府	0	0	フ ホウ	な.でる				11	
捭	⿰扌卑	0	0	ハイ ハ ヘイ			ヘ ハク ヒャク	u	11	⿰扌⿱⿱㇒⿻日丿十
捱	⿰扌厓	0	0	ガイ ゲ	ふせ.ぐ				11	
捴	⿰扌忩	0	0	フン ソウ					11	
捵	⿰扌典	0	0	テン チン ネン	の.ばす		デン	u	11	
捸	⿰扌隶	0	0	トツ トチ	なめ.らか				11	
捼	⿰扌委	0	0	ダ ナ ダイ ナイ	お.す		ネ ズイ ネン ワ	u	11	
捽	⿰扌卒	0	0	ソツ ソチ チュツ ジュチ	つか.む		ゾチ シュツ サイ セ	u	11	
捿	⿰扌妻	0	0	セイ	す.む				11	
掂	⿰扌店	0	0	テン	はか.る				11	
掄	⿰扌侖	0	0	ロン リン	えら.ぶ				11	
掇	⿰扌叕	0	0	タツ タチ テツ テチ	ひろ.う		セツ セチ とる	u	11	
掊	⿰扌咅	0	0	ホウ ブ フウ	か.く		ビョウ フ ホク ボク	u	11	
掐	⿰扌臽	0	0	コウ キョウ	つま.む				11	
掔	⿱臤手	0	0	カン ケン	かた.い				12	
掕	⿰扌夌	0	0	リョウ	と.める		ロウ	u	11	
掙	⿰扌爭	0	0	ソウ ショウ	さ.す		ささえる とりひしぐ	u	11	
掚	⿰扌兩	0	0	リョウ	かざ.る				11	
掞	⿰扌炎	0	0	エン セン	の.べる				11	
掤	⿰扌朋	0	0	ヒョウ	ふた				11	
掦	⿰扌易	0	0	テキ チャク	かか.げる				11	
掭	⿰扌忝	0	0	テン					11	
掮	⿰扌肩	0	0	ケン	かつ.ぐ				11	
掯	⿰扌肯	0	0	コウ	とどこお.る				11	
掽	⿰扌並	0	0	ホウ ヒョウ	つ.く はえずみ		ビョウ はえ	u	11	⿰扌並
揁	⿰扌貞	0	0	テイ チョウ コウ キョウ	ひ.く				12	
揅	⿱研手	0	0	ケン	みが.く				13	
揈	⿰扌訇	0	0	コウ ケン キク	う.つ		コク すくう	u	12	
揎	⿰扌宣	0	0	セン	かか.げる				12	
揑	⿰扌𬛸	0	0	ゲツ ゲチ ネツ	こねあ.わせる		ケチ こねる	u	12	⿰扌⿱臼工
揓	⿰扌施	0	0	シ	と.る				12	
揔	⿰扌怱	0	0	ソウ ス	すべ.て みな ひき.いる すす.める				12	
揕	⿰扌甚	0	0	チン	う.つ さ.す				12	
揜	⿰扌弇	0	0	エン アン オン	と.る		おおう せまる	u	12	
揠	⿰扌匽	0	0	サツ アツ	ぬ.く ふだ		エチ	u	12	
揥	⿰扌帝	0	0	テイ タイ テキ チャク	こうがい				12	
揪	⿰扌秋	0	0	シュウ シュ	あつ.める				12	
揬	⿰扌突	0	0	トツ ドチ	つ.く こす.る ふ.れる				12	⿰扌⿱⿱宀儿犬
揲	⿰扌枼	0	0	セツ ゼチ チョウ ジョウ	かぞ.える		ヨウ ショウ ケツ ケチ	u	12	
揳	⿰扌契	0	0	セツ セチ ケツ ケチ	ただ.しくない		カツ	u	12	
揵	⿰扌建	0	0	ケン ゴン	あ.げる		ゲン	u	12	
揸	⿰扌査	0	0	サ	つま.む				12	⿰扌查
揹	⿰扌背	0	0	ハイ	せお.う				12	
搉	⿰扌隺	0	0	カク	う.つ		はかる たたく	u	12	
搊	⿰扌芻	0	0	シュウ シュ ス					13	
搐	⿰扌畜	0	0	チク	いた.む		ひく	u	13	
搒	⿰扌旁	0	0	ホウ ヒョウ	おお.う		ビョウ	u	13	
搔	⿰扌蚤	0	0	ソウ	か.く		ショウ うごかす さわぐ つめ	u	12	
搘	⿰扌耆	0	0	シ	ささ.える				13	
搞	⿰扌高	0	0	コウ キョウ	たた.く				13	
搠	⿰扌朔	0	0	サク	ぬ.る				13	
搢	⿰扌晉	0	0	シン セン セイ サイ	はさ.む		ショウ	u	13	⿰扌晋
搤	⿰扌益	0	0	アク セク エツ エチ	とら.える		ヤク	u	13	
搥	⿰扌追	0	0	タイ ツイ ズイ	なげう.つ		テ	u	13	
搩	⿰扌桀	0	0	ケツ ゲチ タク チャク	かつ.ぐ				13	
搪	⿰扌唐	0	0	トウ	は.る		ドウ	u	13	
搯	⿰扌舀	0	0	トウ	とりだ.す		たたく ぬく	u	13	
搰	⿰扌骨	0	0	コツ	ほ.る		ゴチ カツ カチ	u	13	
搵	⿰扌𥁕	0	0	オン	しず.む おさ.える		ウン オツ オチ	u	13	
搽	⿰扌茶	0	0	タ			チャ	u	13	
搿	⿲龵合手	0	0	カク					14	⿲⿱㇒⿻二丿合手 ⿲手合手
摋	⿰扌殺	0	0	サツ サチ セツ セチ	う.つ		サイ	u	13	
摏	⿰扌舂	0	0	ショウ シュ	つ.く				14	
摑	⿰扌國	9	0	カク	つか.む つか.まえる つか.まる		キャク うつ	u	14	
摒	⿰扌屛	0	0	ヘイ ヒョウ	はら.う				14	⿰扌屏
摓	⿰扌逢	0	0	ホウ ブ フウ	ぬ.う				14	
摔	⿰扌率	0	0	シュツ シュチ					14	⿰扌⿳亠⿲𰀪幺⿱丶丶十
摚	⿰扌堂	0	0	トウ チョウ	と.める		ドウ ジョウ	u	14	
摛	⿰扌离	0	0	チ リ	しく の.べる				14	
摜	⿰扌貫	0	0	カン	なら.う		なれる	u	14	
摝	⿰扌鹿	0	0	ロク ロウ ル	うごか.す		ロ	u	14	
摟	⿰扌婁	0	0	ロウ ル	ひ.く				14	
摠	⿰扌悤	0	0	ソウ	す.べる ふさ		ス	u	14	
摡	⿰扌旣	0	0	カイ キ ケ	あら.う		そそぐ	u	14	⿰扌既
摣	⿰扌虘	0	0	サ シャ ダ ナ	と.る つか.む		サイ セ	u	14	
摭	⿰扌庶	0	0	セキ シャク	ひろ.う				14	
摳	⿰扌區	0	0	コウ ク オウ ウ	ひろ.う		オ あげる うつ さぐる	u	14	
摴	⿰扌雩	0	0	チョ チ	の.べる				14	
摻	⿰扌參	0	0	サン セン シン	と.る		ショウ	u	14	
摽	⿰扌票	0	0	ヒョウ ホウ	う.つ		ヒャク ヘキ おちる かるい	u	14	
撅	⿰扌厥	0	0	ケツ カチ ケイ ケ	あつ.める		ケチ ほる	u	15	
撇	⿰扌敝	0	0	ヘツ ヘチ ヘイ	ぬぐ.う		ベツ うつ はらう	u	15	
撏	⿰扌尋	0	0	サン シン	と.る		ザン ジン セン ゼン	u	15	
撐	⿰扌牚	0	0	チョウ トウ	ささ.える あ.く		ひかえばし ひかえばしら	u	15	
撑	⿰扌掌	0	0	チョウ トウ	ささ.える あ.く		ひかえばしら	u	15	
撘	⿰扌答	0	0	トウ			のる	u	15	
撙	⿰扌尊	0	0	ソン	おさ.える				15	
撛	⿰扌粦	0	0	リン	たす.ける ぬ.く				15	
撝	⿰扌爲	0	0	キ イ	はな.す		あげる さく さしまねく さす	u	15	
撟	⿰扌喬	0	0	キョウ コウ			あがる いつわる かこつける かすめる	u	15	
撡	⿰扌叅	0	0	ソウ サン	みさお あやつ.る				15	
撣	⿰扌單	0	0	タン セン	も.つ		ダン ゼン テン	u	15	
撦	⿰扌奢	0	0	シャ	さ.く				15	
撨	⿰扌焦	0	0	ショウ ソウ ス	えら.ぶ と.る ぬぐ.う お.す				15	
撬	⿰扌毳	0	0	キョウ	あ.げる				15	
撳	⿰扌欽	0	0	キン	おさ.える				15	
撽	⿰扌敫	0	0	コウ キョウ ケキ キャク	たた.く		ゲキ うつ	u	16	
撾	⿰扌過	0	0	タ テ カ	う.つ				16	
撿	⿰扌僉	0	0	レン ケン	こまね.く		くくる さぐる しらべる とりしまる	u	16	
擄	⿰扌虜	0	0	リョ ロ	とりこ		える かすめる したがえる	u	16	⿰扌⿸虍⿱毌力
擉	⿰扌蜀	0	0	サク タク ショク ゾク	さ.す		ソク やす	u	16	
擊	⿱𣪠手	10	0	ゲキ	う.つ		ケキ ケイ キャク	u	17	
擋	⿰扌當	0	0	トウ	さ.ける		おおいかくす	u	16	
擌	⿰扌筴	0	0	サク チャク	もちざお		シャク	u	16	
擎	⿱敬手	0	0	ケイ ギョウ	ささ.げる		たかい もつ	u	17	
擐	⿰扌睘	0	0	カン ケン セン	つらぬ.く		ゲン つける	u	16	
擑	⿰扌戢	0	0	セツ ショウ	つ.ぐ				16	
擕	⿰扌雋	0	0	ケイ	たずさ.える たずさ.わる				16	
擗	⿰扌辟	0	0	ヘキ ヒャク ハク			ビャク ひらく	u	16	
擤	⿰扌鼻	0	0	コウ キョウ	か.む				17	⿰扌⿱自畀
擥	⿱⿰臣⿱⿱𠂉一罒手	0	0	ラン	と.る				18	⿱𰯲手
擩	⿰扌需	0	0	ジュ ニュ ズイ ニ	ひた.す		ゼツ ネチ ドウ ヌ	u	17	
擪	⿸厭手	0	0	ヨウ チョウ ジョウ ニョウ	おさ.える も.つ		オウ エン	u	18	
擭	⿰扌蒦	0	0	キョ ワク	あ.げる あ.がる		コ カク カ コク	u	17	
擰	⿰扌寧	0	0	ドウ ニョウ	みだ.れる				17	
擵	⿰扌摩	0	0	マ	ま.する さ.する す.る				18	
擷	⿰扌頡	0	0	ケツ	つまばさ.む はさ.む		ゲチ つむ	u	18	
擻	⿰扌數	0	0	ソウ ス	あ.げる す.てる				18	
擿	⿰扌適	0	0	テキ ジャク チャク	か.く		タク あばく かかげる さぐる	u	18	
攁	⿰扌養	0	0	ヨウ	ひらきうごか.す				18	
攄	⿰扌慮	0	0	チョ	の.べる				18	
攈	⿰扌麇	0	0	クン キン ヒ	ひろ.う と.る				18	
攉	⿰扌霍	0	0	カク			たたく	u	18	
攊	⿰扌歷	0	0	リャク ラク レキ	くす.ぐる う.つ				18	
攏	⿰扌龍	0	0	ロウ ル	と.る		かすめる	u	19	
攓	⿰扌蹇	0	0	ケン	と.る		ぬく	u	20	
攔	⿰扌闌	0	0	ラン	さえぎ.る		しきり てすり	u	20	
攖	⿰扌嬰	0	0	エイ ヨウ	せむ.る				20	
攙	⿰扌毚	0	0	セン シン サン	さ.す		ザン	u	20	
攛	⿰扌竄	0	0	サン	なげう.つ				21	
攞	⿰扌羅	0	0	ラ	えら.ぶ さ.く				22	
攟	⿰扌麕	0	0	クン キン ヒ	ひろ.う と.る				22	
攢	⿰扌贊	0	0	サン	あつ.まる		あつめる うがつ える	u	22	
攦	⿰扌麗	0	0	レイ ライ シ リ	お.る ねじ.る		レツ レチ サイ セ	u	22	
攩	⿰扌黨	0	0	トウ コウ オウ	たも とも たた.く		ショウ ソウ うつ むれ	u	23	
攮	⿰扌囊	0	0	ドウ ヌ	お.す		ノウ	u	25	
攱	⿰立支	0	0	キ	の.せる こしか.け まくら				9	
攺	⿰巳攵	0	0	イ シ			ジ	u	7	
攼	⿰干攵	0	0	カン	もと.める え.る と.める		ガン	u	7	
攽	⿰分攵	0	0	ハン ヒン	わ.ける				8	
敃	⿰民攵	0	0	ビン ミン フン	つと.める				9	
敇	⿰朿攵	0	0	サク シャク	むちう.つ				10	
敉	⿰米攵	0	0	ミ ヒ	な.でる		ビ	u	10	
敐	⿰辰攵	0	0	シン ジン	よろこんでうご.く				10	
敒	⿰伸攵	0	0	チン シン ショウ	おさ.める の.べる		ジン	u	11	
敔	⿰吾攵	0	0	ギョ ゴ	さしと.める				11	
敟	⿰典攵	0	0	テン	つかさど.る つね				12	
敠	⿰叕攴	0	0	タツ タチ セツ セチ	はか.る				12	
敧	⿰奇攴	0	0	キ	はさ.む				12	
敫	⿰⿱白方攵	0	0	セク キョウ ケキ キャク	うつ.る		ヤク	u	13	
敺	⿰區攴	0	0	ク	か.ける か.る		オウ	u	15	
敽	⿰喬攴	0	0	キョウ	つな.ぐ		ギョウ	u	16	
斁	⿰睪攵	0	0	エキ セク ト ズ	いや.になる		ヤク ツ いとう やぶれる	u	17	
斅	⿰學攴	0	0	ガク	まな.ぶ		カク ギョウ コウ おしえる	u	20	
斊	⿱文耳	0	0	セイ サイ	そろ.う ひと.しい ひと.しく あ.たる				10	
斒	⿰文扁	0	0	ハン ヘン	まだら				13	
斕	⿰文闌	0	0	ラン レン	あや				16	
斘	⿰夕斗	0	0	ショク ショウ	のぼ.る				7	
斝	⿳吅冖斗	0	0	カ ケ	うつわ				12	
斠	⿰冓斗	0	0	カク コウ キョウ	はか.る				14	
斣	⿰蜀斗	0	0	シュク トウ ツ ショク	かえあ.う くら.べる はか.る		ソク	u	17	
斦	⿰斤斤	0	0	ギン ゴン シツ シチ	あき.らか				8	
斮	⿰昔斤	0	0	サク シャク	き.る		タク ジャク	u	12	
斲	⿰𠁁斤	0	0	キュウ タク	き.る		チョク	u	16	
斳	⿰堇斤	0	0	キン コン	せり		ゴン	u	16	
斴	⿰粦斤	0	0	リン					17	
斿	⿰方⿱𠂉子	0	0	ヨウ ヨ リュウ ル	はたあし		ユ ユウ	u	9	⿸𭤨子
旂	⿰方⿱𠂉斤	0	0	キ ゲ	はた				10	⿸𭤨斤
旈	⿰方㐬	0	0	リュウ	はたあし				11	
旉	⿱甫方	0	0	フ	し.く	しき にゅう			11	
旎	⿰方⿱𠂉尼	0	0	ジ ニ ダ	たなび.く		ナ	u	11	⿸𭤨尼
旐	⿰方⿱𠂉兆	0	0	チョウ ジョウ					12	⿸𭤨兆
旔	⿰方建	0	0	ケン コン	かつ				14	
旖	⿰方⿱𠂉奇	0	0	イ	なび.く				14	⿸𭤨奇
旘	⿰方戠	0	0	シ	のぼり				17	
旟	⿰方⿱𠂉與	0	0	ヨ	はた あ.がる				20	⿸𭤨與
旰	⿰日干	0	0	カン	く.れる				7	
旲	⿱日大	0	0	タイ エイ	ひかげ おお.きい		ダイ	u	7	
旴	⿰日于	0	0	ク	あさ		コ	u	7	
旵	⿱日山	0	0	タン テン					7	
旹	⿱㞢日	0	0	ジ	とき				8	
旾	⿱屯日	0	0	シュン	は.る				8	
旿	⿰日午	0	0	ゴ	あき.らか				8	
昀	⿰日勻	0	0	イン					8	⿰日匀
昄	⿰日反	0	0	ハン ヘン	おお.きい				8	
昈	⿰日戶	0	0	コ	あき.らか		ゴ	u	8	⿰日户
昉	⿰日方	0	0	ホウ	あき.らか		はじめて まさに	u	8	
昍	⿰日日	0	0	ケン カン	あき.らか				8	
昑	⿰日今	0	0	キン	あき.らか				8	
昒	⿰日勿	0	0	コツ コチ ブツ モチ	よあ.け				8	
昕	⿰日斤	0	0	キン コン キ	あさ		あきらか	u	8	
昖	⿰日公	0	0	エン	めぐ.る				8	
昝	⿱处日	0	0	サン					9	
昞	⿰日丙	0	0	ヘイ ヒョウ ホウ	あき.らか				9	
昡	⿰日玄	0	0	ケン			ゲン まどう	u	9	
昢	⿰日出	0	0	ホツ ハチ ハイ	よあ.け		ホチ ヘ	u	9	
昣	⿰日㐱	0	0	シン	あき.らか				9	
昤	⿰日令	0	0	レイ リョウ					9	
昦	⿱日夰	0	0	コウ	そら				9	
昩	⿰日末	0	0	バツ マチ	くも.る ほし				9	
昪	⿱日弁	0	0	ヘン	たの.しむ あき.らか		ベン	u	9	
昫	⿰日句	0	0	ク キョウ	あたた.か				9	
昬	⿱民日	0	0	コン	くら.い く.れる				9	
昮	⿱日功	0	0	ショウ ジュ					9	
昰	⿱日正	0	0	ゼ シ	これ		カ	u	9	⿱旦止
昱	⿱日立	0	0	イク	あき.らか				9	
昳	⿰日失	0	0	テツ デチ イツ	かたむ.く				9	
昹	⿰日永	0	0	アイ					9	
昷	⿱日皿	0	0	オン	めぐ.む				9	
晀	⿰日兆	0	0	チョウ	あき.らか		ながめる	u	10	
晅	⿰日亘	0	0	ケン カン	あき.らか				10	
晆	⿰日圭	0	0	カイ	わか.れる		ボク モク むつぶ むつまじい	u	10	
晊	⿰日至	0	0	シツ シチ	おお.きい				10	
晌	⿰日向	0	0	ショウ	まひる				10	
晑	⿱日向	0	0	キョウ コウ	あき.らか				10	
晎	⿰日共	0	0	コウ ク	あけか.かる				10	
晗	⿰日含	0	0	カン ゴン					11	
晘	⿰日旱	0	0	カン ゲン					11	
晙	⿰日夋	0	0	シュン	あき.らか				11	
晛	⿰日見	0	0	ケン デン ネン	ひがあらわ.れる ひざ		ゲン	u	11	
晜	⿱日弟	0	0	コン	あに				11	
晠	⿰日成	0	0	セイ ジョウ	あき.らか				11	
晡	⿰日甫	0	0	ホ フ	ゆうがた				11	
曻	⿱曰舛	0	0	ショウ	のぼ.る				11	⿱日舛
晪	⿰日典	0	0	テン	あき.らか				12	
晫	⿰日卓	0	0	タク	あき.らか		チョク	u	12	
晬	⿰日卒	0	0	サイ スイ	ひとまわり		セ	u	12	
晾	⿰日京	0	0	リョウ	さらす				12	
晳	⿱析日	0	0	セキ シャク	あき.らか				12	
晵	⿱𢼄日	0	0	ケイ ケン	は.れる				12	⿱⿰戶攵日
晿	⿰日昌	0	0	ショウ					12	
晷	⿱日咎	0	0	キ	かげ		ひかげ	u	12	
晸	⿱日政	0	0	テイ チョウ					12	
晹	⿰日易	0	0	エキ セク セキ シャク	かげ.る		ヤク	u	12	
晻	⿰日奄	0	0	アン オン エン	くら.い				12	
暀	⿰日往	0	0	オウ	さかん		キョウ ゴウ	u	12	
晼	⿰日宛	0	0	エン オン					12	
暋	⿱敃日	0	0	ビン コン	つと.める		ミン	u	13	⿺昬攵
暌	⿰日癸	0	0	ケイ ケ	く.れる		たがう	u	13	
暍	⿰日曷	0	0	エツ オチ アツ アチ	あつさあたり		カチ カツ あたたかい あつい	u	13	
暐	⿰日韋	0	0	イ	ひざし				13	
暒	⿰日星	0	0	セイ	は.れる は.らす				13	
暙	⿰日春	0	0	シュン					13	
暚	⿰日䍃	0	0	ヨウ	ひのひかり あき.らか				14	
暛	⿰日差	0	0	サ	あき.らか				14	
暜	⿱竝日	0	0	フ	あまね.く あまね.し				14	
暟	⿰日豈	0	0	カイ	てらい				14	
暠	⿱日高	0	0	コウ			しろい	u	14	
暤	⿰日皋	0	0	コウ	あき.らか		ゴウ	u	14	
暭	⿰日皐	0	0	コウ	あき.らか				15	
暱	⿰日匿	0	0	ジツ ニチ	ちかづ.く				15	
暲	⿰日章	0	0	ショウ			あきらか	u	15	
暵	⿰日⿱廿⿻口夫	0	0	カン	かわ.かす		かわく ひでり	u	15	⿰日𦰩
暻	⿰日景	0	0	ケイ キョウ	あき.らか				15	
暿	⿰日喜	0	0	キ	あつ.い				15	
曀	⿰日壹	0	0	エイ イ	くも.る		エツ エチ	u	15	
曂	⿰日黃	0	0	コウ オウ	あき.らか				15	⿰日黄
曃	⿰日逮	0	0	タイ			ダイ	u	15	
曈	⿰日童	0	0	トウ ツ	ほのぐら.い				16	
曌	⿱明空	0	0	ショウ	て.る て.らす て.れる				16	⿱明⿱穴工
曎	⿰日睪	0	0	エキ ヤク	ひか.る				17	
曏	⿱日鄕	0	0	キョウ コウ ショウ	さきに				17	⿱日⿲乡皀阝 ⿱日鄉
曔	⿰日敬	0	0	ケイ ギョウ	あき.らか かわ.く		キョウ	u	17	
曛	⿰日熏	0	0	クン	たそがれ				18	
曟	⿱晶辰	0	0	シン	あした とき あさ				18	
曨	⿰日龍	0	0	ロウ ル	おぼろ				20	
曫	⿱䜌日	0	0	ラン バン マン レン	たそがれ				23	
曬	⿰日麗	0	0	サイ シ	さら さらし さら.す		サ チ	u	23	
曮	⿰日嚴	0	0	ガン ゴン ゲン					24	
曺	⿱𤰔日	0	0	ソウ	つかさ ともがら へや				10	⿱𤰔曰
朅	⿰去曷	0	0	ケツ ケチ コチ	さる				14	
朇	⿰會卑	0	0	ヒ	おぎな.う たす.ける ます				20	⿰會⿱⿱㇒⿻日丿十
朎	⿰月令	0	0	レイ リョウ	つきのうつくしいひかり				9	
朓	⿰月兆	0	0	チョウ			ジョウ ヨウ	u	10	
朙	⿰囧月	0	0	メイ ミョウ ミン	あ.かり あか.るい あか.るむ あか.らむ				12	
朜	⿰月享	0	0	トン	つきのひかり				12	
朠	⿰月英	0	0	エイ ヨウ					13	
朢	⿱⿰臣月𡈼	0	0	ボウ モウ	もちづき		のぞむ	u	14	⿺𦣠月
朳	⿰木八	0	0	ハツ ハチ	えぶり		ヘツ ヘチ さらえ	u	6	
朾	⿰木丁	0	0	トウ ジョウ テイ チョウ	つ.く				6	
杅	⿰木于	0	0	ウ	ゆのみ				7	
杇	⿰木亏	0	0	オ ウ コ	こて ぬ.る		ゴ	u	7	
杈	⿰木叉	0	0	サ シャ サイ	えだ		セ あじか やらい やす	u	7	
杌	⿰木兀	0	0	ゴツ ゴチ グツ グチ	きりかぶ		ゲチ ゲツ ガチ ガツ	u	7	
杔	⿰木乇	0	0	タク チャク	うつぎ さけこし				7	
杕	⿰木大	0	0	テイ ダイ タ			ダ かじ	u	7	
杝	⿰木也	0	0	チ シ イ	まがき		ジ リ タ タイ	u	7	
杦	⿰木久	0	0		すぎ				7	
杬	⿰木元	0	0	ゲン ガン	ふじもどき				8	
杮	⿰木巿	0	0	ハイ	こけら				8	
杴	⿰木欠	0	0	ケン コン	すき				8	
杶	⿰木屯	0	0	チュン					8	
杻	⿰木丑	0	0	チュウ チュ シュウ ニュ	てかせ		ジュウ チュン	u	8	
极	⿰木及	0	0	キョウ ゴウ	にぐら		ギョウ	u	8	
构	⿰木勾	0	0	コウ	かま.える かま.う		ク	u	8	
枎	⿰木夫	0	0	フ	しげ.る		ブ	u	8	
枏	⿰木冄	0	0	ナン ダン ゼン ネン	くす くすのき				8	
枑	⿰木互	0	0	コ	やらい		ゴ	u	8	
枓	⿰木斗	0	0	シュ トウ ツ	ひしゃく		ますがた	u	8	
枖	⿰木夭	0	0	ヨウ					8	
枘	⿰木內	0	0	ゼイ ネイ ドン ノン	せん ほぞ		ネ ナン	u	8	
枙	⿰木厄	0	0	ガ アク ヤク	ふし		カ	u	8	
枛	⿰木爪	0	0	ソウ ショウ	きのとげ		はぬ はの はのき	u	8	
枰	⿰木平	0	0	ヘイ ビョウ	すごろくばん				9	
枱	⿰木台	0	0	イ シ	すき		ジ ダイ	u	9	
枲	⿱台木	0	0	シ	からむし		あさ	u	9	
枵	⿰木号	0	0	キョウ	うつろ		むなしい	u	9	
枻	⿰木世	0	0	エイ セツ セチ	かい		かじ	u	9	
枼	⿱世木	0	0	ヨウ	うすいきふだ まど				9	
枽	⿱卋木	0	0	ソウ ヨウ	くわ				9	⿳十廿木
柹	⿰木𠂔	0	0	シ	かき こけら		ジ	u	9	
柀	⿰木皮	0	0	ヒ	すぎ かや				9	
柂	⿰木㐌	0	0	イ リ タ	かじ		ダ	u	9	
柃	⿰木令	0	0	レイ リョウ			ひさかき	u	9	
柅	⿰木尼	0	0	ジ ニ			ニチ ジツ デイ ナイ	u	9	
柈	⿰木半	0	0	ハン	はち		バン たらい	u	9	⿰木⿻八𰀁
柉	⿰木乏	0	0	ハン ボン ヘン			ベン	u	9	
柒	⿱㲺木	0	0	シツ シチ	うるし				9	⿽𣎽氵
柗	⿰木㕣	0	0	ショウ	まつ				9	
柙	⿰木甲	0	0	コウ オウ ヨウ	おり		ゴウ はこ	u	9	
柜	⿰木巨	0	0	キョ コ ク	あまだれ				9	
柡	⿰木⿱二水	0	0	エイ ヨウ					9	⿰木汞
柦	⿰木旦	0	0	タン			ダン	u	9	
柰	⿱木示	0	0	ナ ナイ ダイ	いかん からなし		いかに いかんぞ	u	9	
柲	⿰木必	0	0	ヒ ヒツ ビチ	にぎり ふる		ベチ ヘツ え	u	9	
柶	⿰木四	0	0	シ	さじ				9	
柷	⿰木兄	0	0	シュク					9	
桒	⿱卉木	0	0	ソウ	くわ				10	
栔	⿱㓞木	0	0	ケイ ケツ ケチ	きざ.む				10	⿱⿰丯刀木
栙	⿰木夅	0	0	コウ	ふねのほ まだはらぬほ		ゴウ	u	10	
栝	⿰木舌	0	0	テン カツ カチ	たきぎ		ケ カイ びゃくしん	u	10	
栟	⿰木并	0	0	ヘイ ヒュウ ヒン					10	
栨	⿰木次	0	0	セツ セチ シ	たる はり				10	
栧	⿰木曳	0	0	エイ セツ セチ	かい				10	
栬	⿰木色	0	0	セイ セ	ちいさなくい		もみじ	u	10	
栭	⿰木而	0	0	ジ ニ	ますがた				10	
栯	⿰木有	0	0	イク ヨウ ウ			ユウ	u	10	
栰	⿰木伐	0	0	ハツ ボチ	いかだ		バツ	u	10	
栱	⿰木共	0	0	キョウ ク	くい		ますがた	u	10	
栳	⿰木老	0	0	コウ ロウ					10	
栻	⿰木式	0	0	チョク チキ ショク シキ					10	
栿	⿰木伏	0	0	フク	はり の.せる		ブク	u	10	
桄	⿰木光	0	0	コウ	よこぎ		たがやさん みちる	u	10	
桅	⿰木危	0	0	ガイ キ	くちなし		ゲ ほばしら	u	10	
桊	⿱龹木	0	0	ケン					10	⿱𠔉木
桌	⿱⺊杲	0	0	タク			チョク つくえ	u	10	
桕	⿰木臼	0	0	キュウ	ぶな				10	
桗	⿰木朶	0	0	タ ネ					10	
桘	⿰木𠂤	0	0	ツイ スイ	つち う.つ	しい			10	
桛	⿰木𠧗	0	0	カセ	かせ				10	
桫	⿰木沙	0	0	サ	へご				11	
桮	⿰木否	0	0	ハイ	さかずき		ヘ	u	11	
桯	⿰木呈	0	0	テイ チョウ ケイ ギョウ	つくえ		エイ ヨウ	u	11	
桰	⿰木𠯑	0	0	カツ カチ	ゆだめ				11	
桱	⿰木巠	0	0	ケイ キョウ					11	
桲	⿰木孛	0	0	ホツ ボチ	からざお				11	
桵	⿰木妥	0	0	ズイ ニ	たら				11	
桹	⿰木良	0	0	ロウ					11	
桺	⿰木丣	0	0	リュウ	やなぎ				11	
桻	⿰木夆	0	0	ホウ フ	こずえ				11	
桼	⿱木⿱人氺	0	0	シツ	うるし		シチ	u	11	⿱木𱥯
梂	⿰木求	0	0	キュウ グ キョク コク	のみのさき		キク	u	11	
梄	⿰木酉	0	0	ヨウ ユ	や.く		ユウ	u	11	
梆	⿰木邦	0	0	ホウ					11	
梈	⿰木亨	0	0	ホウ ヒョウ	きでつくつたおおゆみ				11	
梖	⿰木貝	0	0	ハイ バイ					11	
梘	⿰木見	0	0	ケン カン	せん				11	
梚	⿰木免	0	0	バン マン					11	⿰木⿱⺈⿸⿻口丿乚
梜	⿰木夾	0	0	キョウ コウ	そえいた		はし	u	11	
梡	⿰木完	0	0	カン コン	まないた たきぎ		ガン ゴン	u	11	
梣	⿰木岑	0	0	シン	とねりこ				11	
梥	⿱宀枀	0	0	ショウ	まつ				11	⿳穴厶木
梩	⿰木里	0	0	リ シ	すき		ジ サイ タイ キ	u	11	
梪	⿰木豆	0	0	トウ ズ	たかつき				11	
梮	⿰木局	0	0	キク コク キョク	ぜん かんじき				11	
梲	⿰木兌	0	0	セツ セチ タツ タチ	つか		トチ トツ エイ うだち	u	11	
梻	⿰木佛	0	0		しきみ				11	
棅	⿰木秉	0	0	ヘイ ヒョウ			え	u	12	
棈	⿰木靑	0	0	セン セイ ショウ					12	
棌	⿰木采	0	0	サイ	くぬぎ あらき まるき				12	
棏	⿰木㝵	0	0	トク タク チャク					12	
棐	⿱非木	0	0	ヒ	ゆだめ		ビ うすい たすける	u	12	
棑	⿰木非	0	0	ハイ ヒ	いかだ		ベ バイ	u	12	
棓	⿰木咅	0	0	ホウ	つえ ふみいた		ボウ フ ハイ バイ	u	12	
棖	⿰木長	0	0	トウ ジョウ	はしら		チョウ ふれる ほこだて ほうだて	u	12	
棙	⿰木戾	0	0	レイ ライ レツ レチ	からくり ねじ.る ねじきる		ばち	u	12	
棜	⿰木於	0	0	ヨ オ	だい				12	
棝	⿰木固	0	0	コ ク	ねずみおとし				12	
棥	⿲木爻木	0	0	ハン ボン	まがき				12	⿴林爻
棨	⿱𢼄木	0	0	ケイ ケン	てがた		たてやり ほこ わりふ	u	12	⿱⿰戶攵木
棪	⿰木炎	0	0	エン セン					12	
棫	⿰木或	0	0	ヨク イキ イク	たら くぬぎ				12	
棬	⿰木卷	0	0	ケン カン			ゲン	u	12	
棭	⿰木夜	0	0	エキ ヨク	ねむのき		ヤク	u	12	
棰	⿰木垂	0	0	ソイ タ スイ	つえ		たるき	u	12	
棱	⿰木夌	0	0	ロウ リョウ チョウ			かど	u	12	
棵	⿰木果	0	0	カン カ	きぎれ		ガン	u	12	
棶	⿰木來	0	0	ライ	むく				12	
棻	⿱芬木	0	0	フン					11	
棼	⿱林分	0	0	フン	むなぎ		ブン あさぬの たかどの みだす	u	12	
棽	⿱林今	0	0	チン シン リン					12	
椆	⿰木周	0	0	チュウ シュウ シュ			ジュ キュウ ク	u	12	⿰木⿵⺆⿱𰀁口
椉	⿱亠桀	0	0	ショウ	の.る の.せる		ジョウ	u	12	
椊	⿰木卒	0	0	ソツ サツ スイ	ほぞ		ソチ サチ	u	12	
椐	⿰木居	0	0	キョ コ	まがき				12	
椑	⿰木卑	0	0	ヘイ バイ	たる ふだ		ヒ ヘキ ベイ ビャク	u	12	⿰木⿱⿱㇒⿻日丿十
椓	⿰木豖	0	0	タク	たた.く		チョ うつ	u	12	
椖	⿰木房	0	0	ホウ					12	
椗	⿰木定	0	0	テイ	いかり				12	
椱	⿰木复	0	0	フウ ブ フク	いのあし		ブク カ ひさぎ えのき	u	13	
椳	⿰木畏	0	0	ワイ ガイ			エ ガ ゲ	u	13	
椵	⿰木叚	0	0	カ ケ	くい		ゲ	u	13	
椸	⿰木施	0	0	イ	ころもかけ				13	
椻	⿰木匽	0	0	エン	せき				13	
楂	⿰木査	0	0	サ ジャ	いかだ				13	⿰木查
楅	⿰木畐	0	0	ヒュク ヒキ フク ヒョク					13	
楉	⿰木若	0	0	ジャク ニャク	ざくろ				13	
楎	⿰木軍	0	0	コン キ クン	から すき		ゴン からすき	u	13	
楗	⿰木建	0	0	ケン ゴン	かんぬき		ガン	u	13	
楛	⿰木苦	0	0	コ			ゴ	u	13	
楣	⿰木眉	0	0	ビ ミ	ひさし		のき	u	13	
楤	⿰木怱	0	0	ソウ	たら				13	
楥	⿰木爰	0	0	ケン カン エン	かた		オン	u	13	
楦	⿰木宣	0	0	ケン					13	
楨	⿰木貞	0	0	テイ チョウ	ねずみもち		はしら もと	u	13	
楩	⿰木便	0	0	ヘン			ベン	u	13	
楬	⿰木曷	0	0	ケツ ゲチ	たてふだ		カツ コウ カチ くい	u	13	
楰	⿰木臾	0	0	ユ ギョ ゴ	ねずみもち				13	
楱	⿰木⿱𡗗夭	0	0	ソウ ス					13	⿰木奏
楲	⿰木威	0	0	イ	おま.る おかわ とい				13	
楺	⿰木柔	0	0	ジョウ ジュウ ニュ					13	
楻	⿰木皇	0	0	コウ オウ	はたざお		ギョウ	u	13	
楿	⿰木香	0	0		かつら				13	
榀	⿰木品	0	0		こまい				13	
榍	⿰木屑	0	0	セツ					14	
榒	⿰木弱	0	0	ダク ドク ニャク					14	
榖	⿰⿱⿳士冖一木殳	0	0	コク コウ ク	こうぞ		かじ	u	14	⿹𣪊木
榘	⿱矩木	0	0	ク	じょうぎ		のり	u	14	
榡	⿰木素	0	0	ソ	きじ				14	
榥	⿰木晃	0	0	コウ オウ	つくえ				14	
榦	⿰𠦝⿱人木	0	0	カン	みき				14	⿰𠦝⿱𠆢木
榨	⿰木窄	0	0	サ シャ サイ サク	しぼりき		セ	u	14	
榫	⿰木隼	0	0	シュン	ほぞ				14	
榭	⿰木射	0	0	シャ	だい		うてな	u	14	
榯	⿰木時	0	0	シ	た.つ				14	
榷	⿰木隺	0	0	カク コウ キョウ	まるきばし				14	
榸	⿰木埋	0	0	タイ	かれきのね くい				14	
榺	⿰月桊	0	0	ショウ					14	⿰⿵⺆⺀桊 ⿸𰮤木
榼	⿰木盍	0	0	コウ	さかだ.る さかずき		もだま	u	14	
槅	⿰木鬲	0	0	カク キャク	くびき さね あみど				14	
槈	⿰木辱	0	0	ドウ ジョク ヌ ジュク	くさぎ.る くわ すき				14	⿰木⿸辰寸
槑	⿰呆呆	0	0	バイ	うめ				14	
槖	⿱𥑟木	0	0	タク	ふくろ ふいご				14	⿴⿳士冖木石
槗	⿰木𠳮	0	0	キョウ	はし				14	
槢	⿰木習	0	0	シュウ チョウ ジョウ	くさび		ジュウ	u	15	
槥	⿰木彗	0	0	エイ エ セイ	ひつぎ		ケイ	u	15	
槮	⿰木參	0	0	シン サン セン			ソウ	u	15	
槯	⿰木崔	0	0	サイ セ	つ.む				15	
槱	⿱梄灬	0	0	ユウ ユ	や.く		ウ	u	15	⿰木⿱酉灬
槳	⿱將木	0	0	ショウ ソウ	かじ		えだ かい	u	15	
槵	⿰木患	0	0	カン	む.く		ガン	u	15	
槾	⿰木曼	0	0	バン マン	こて				15	
樀	⿰木啇	0	0	テキ チャク タク	のき				15	
樁	⿰木舂	0	0	トウ ショウ シュ	くい		チョウ	u	15	
樃	⿰木朗	0	0	ロウ					15	⿰木⿰良月 ⿰桹月
樏	⿰木累	0	0	ルイ ル	はち かんじき		ラ	u	15	
樑	⿰木梁	0	0	リョウ	はり うつばり うちばり やな				15	
樕	⿰木欶	0	0	ソク	しば		いばら	u	15	
樚	⿰木鹿	0	0	ロク トク	ろくろ はこ		ドク	u	15	
樝	⿰木虘	0	0	サ シャ	こぼけ				15	
樠	⿰木㒼	0	0	ボン モン バン マン			ロウ	u	15	
樤	⿰木條	0	0	ジョウ	ゆず こえだ				15	
樨	⿰木犀	0	0	セイ サイ	もくせい				15	
樰	⿰木雪	0	0		たら				15	
樲	⿰木貳	0	0	ジ ニ チ	なつめ				16	
樴	⿰木戠	0	0	ショク シキ	ぼう		トク ドク ヨク ヨキ	u	16	
樷	⿱林取	0	0	ソウ ス	くさむら むら.がる むら		ズ	u	16	⿱林⿸耳又
樻	⿰木貴	0	0	キ			ギ	u	16	
樾	⿰木越	0	0	エツ オチ	こかげ		なみき	u	16	
樿	⿰木單	0	0	セン	つげ		ゼン	u	16	
橅	⿰木無	0	0	ボ モ	かた ぶな				16	
橆	⿱⿳𠂉卌一林	0	0	ブ ム	しげ.る				16	
橉	⿰木粦	0	0	リン	しきみ				16	
橊	⿰木畱	0	0	ル リュウ リョウ	ざくろ				16	
橎	⿰木番	0	0	ハン ボン			ホン ハ まく	u	16	
橐	⿳⿻一中冖䂞	0	0	タク シャ	ふくろ ふいご		ツ ト ふご	u	16	⿱⿱𰀉冖䂞 ⿴⿱⿱𰀉冖木石
橑	⿰木尞	0	0	ロウ	たるき		リョウ	u	16	
橒	⿰木雲	0	0	ウン	もくめ				16	
橕	⿰木牚	0	0	トウ チョウ	はしら				16	
橖	⿰木棠	0	0	トウ チョウ	くるまぎ		ドウ	u	16	
橛	⿰木厥	0	0	ケツ カチ ケイ ケ	くい		きりかぶ くつわ	u	16	
橤	⿱惢木	0	0	ズイ ニ	た.れる		しべ	u	16	
橧	⿰木曾	0	0	ソウ ショウ	すまい		ゾウ	u	16	
橪	⿰木然	0	0	ゼン ネン エン	こなつめ				16	
橱	⿰木厨	0	0	シュウ ズ チュ チュウ	くりや				16	
橳	⿰木勝	0	0	クデ	ぬで				16	
橾	⿰木喿	0	0	シュ ソウ ス			ショウ みさお あやつる	u	17	
檁	⿰木稟	0	0	リン	けた				17	
檃	⿱⿰阝𤔌木	0	0	イン オン	ためぎ				17	
檆	⿰木煔	0	0	サン	すぎ				17	
檇	⿰木雋	0	0	スイ サイ	つ.く		セ	u	17	
檉	⿰木聖	0	0	テイ チョウ	かわらやなぎ		かわやなぎ	u	17	⿰木⿱𦔻𡈼
檋	⿰木輂	0	0	キョク コク キョウ	かんじき				17	
檑	⿰木雷	0	0	ライ			レ	u	17	
檛	⿰木過	0	0	タ テ	つえ		サ セ むち	u	17	
檝	⿰木戢	0	0	シュウ ショウ	かじ かい				17	
檞	⿰木解	0	0	カイ ゲ	まつやに かしわ				17	
檟	⿰木賈	0	0	カ ケ	ひさぎ				17	
檥	⿰木義	0	0	ギ ガ			イ	u	17	
檫	⿰木察	0	0	サツ	しんばしら		サチ	u	17	
檯	⿰木臺	0	0	タイ	つくえ		ダイ	u	18	
檰	⿰木綿	0	0	ヘン メン	とちゆう		ベン もめん	u	18	
檱	⿰木箕	0	0	キ	ご	ごいし			18	
檴	⿰木蒦	0	0	カク ワク	あきにれ		カ ゲ	u	18	
檽	⿰木需	0	0	ジ ニ ゼン ネン	きくらげ		ドウ ジュ ニュ ヌ	u	18	
檾	⿱𤇾林	0	0	ケイ キョウ	いちび				18	
檿	⿱厭木	0	0	エン	やまぐわ				18	
櫆	⿰木魁	0	0	カイ			ケ	u	18	
櫉	⿰木㕑	0	0	チュ	ひつ				18	
櫈	⿰木凳	0	0	トウ	こしか.け				18	
櫌	⿰木憂	0	0	ユウ ウ	な.らす				19	
櫐	⿱畾木	0	0	ルイ ライ	ふじ		レ	u	19	
櫔	⿰木厲	0	0	レイ					19	
櫕	⿰木賛	0	0	サン	つえ				19	
櫖	⿰木慮	0	0	リョ ロ	ふざ				19	
櫜	⿱⿳⿻一中冖咎木	0	0	コウ	ふくろ		ゆみぶくろ	u	19	⿳⿱𰀉冖咎木
櫝	⿰木𧶠	0	0	トク	はこ ひつぎ		ドク ひつ	u	19	⿰木賣
櫤	⿰木箭	0	0	セン	たも				19	
櫧	⿰木諸	0	0	ショ ソ	かし				20	
櫬	⿰木親	0	0	シン カン	ひつぎ				20	
櫰	⿰木褱	0	0	カイ エ	いぬえんじゅ		ケ	u	20	
櫱	⿱辥木	0	0	ゲツ ゲチ ガツ ガチ	ひこばえ				20	
櫲	⿰木豫	0	0	ヨ	くすのき				20	
櫼	⿰木韱	0	0	セン シン サン	くさび				21	
櫽	⿱隱木	0	0	イン オン	ためぎ				21	
欂	⿰木薄	0	0	ハク ヘキ ビャク	はしら		バク ますがた	u	21	
欃	⿰木毚	0	0	サン セン			ザン	u	21	
欆	⿰木雙	0	0	ソウ	ふねのほ				22	
欇	⿰木聶	0	0	ショウ			ふじまめ	u	22	
欉	⿰木叢	0	0	ソウ ス	しげ.る				22	
欏	⿰木羅	0	0	ラ	やまなし				23	
欐	⿰木麗	0	0	レイ ライ リ	むね		シ	u	23	
欑	⿰木贊	0	0	サン	つえ		ザン	u	23	
欗	⿰木蘭	0	0	ラン	てすり				25	⿰木⿱艹闌
欛	⿰木霸	0	0	ハ ヘ	つか				25	
欞	⿰木靈	0	0	レイ リョウ	れんじ				28	
欤	⿰⿱⺊刁欠	0	0	ヨ	や か				7	⿰与欠
欨	⿰句欠	0	0	ク	ふく		あたためる	u	9	
欫	⿰𦈢欠	0	0	ケキ キャク					10	
欬	⿰亥欠	0	0	カイ キ	せき		ガイ アイ しわぶき	u	10	
欯	⿰吉欠	0	0	キツ キチ カイ	よろこ.ぶ				10	
欵	⿰𠤕欠	0	0	カン			まこと	u	11	
欶	⿰束欠	0	0	サク シュク スク	す.う		シュ ソク ソウ	u	11	
欻	⿰炎欠	0	0	クツ クチ			たちまち	u	12	
欿	⿰臽欠	0	0	タン トン カン コン	もと.める		ゴン	u	12	
歆	⿰音欠	0	0	キン コン	う.ける		むさぼる	u	13	
歊	⿰高欠	0	0	キョウ コク カク	のぼ.る		あつい	u	14	
歍	⿰烏欠	0	0	オ ウ オウ	は.く				14	
歒	⿰啇欠	0	0	テキ チャク	わら.う				15	
歖	⿰喜欠	0	0	キ イ					16	
歘	⿰焱欠	0	0	クツ クチ			たちまち	u	16	
歝	⿰睪欠	0	0	エキ ヤク ト ズ	いや.になる				17	
歠	⿰⿱叕酉欠	0	0	セツ セチ	の.む		のませる のみもの すする	u	19	⿽𨠅叕
歧	⿰止支	0	0	キ	ゆび わか.れる		ギ	u	8	
歫	⿰止巨	0	0	キョ ゴ	と.める		とどめる	u	8	
歮	⿱止𣥖	0	0	シュウ	しぶ しぶ.い しぶ.る				12	
歰	⿱⿰刃刃𣥖	0	0	シュウ ソウ	しぶ.る しぶ.い				14	⿱⿰⿹刀㇒⿹刀㇒𣥖
歵	⿰止責	0	0	サク ジャク	ととの.う よい ただ.しい				15	
歽	⿰歹斤	0	0	セツ セチ	わかじ.に				8	
歾	⿰歹勿	0	0	ボツ	し.ぬ		モチ フン ブン モン	u	8	
殂	⿰歹且	0	0	ソ	し.ぬ		ゾ	u	9	
殅	⿰歹生	0	0	ソウ ショウ	よみが.える				9	
殗	⿰歹奄	0	0	ヨウ オウ エン	や.む				12	
殛	⿰歹亟	0	0	キョク コク	ころ.す		コキ	u	12	
殟	⿰歹昷	0	0	オツ オチ オン ラツ					13	⿰歹𥁕
殠	⿰歹臭	0	0	シュウ シュ キュウ ク	にお.い				14	
殢	⿰歹帶	0	0	テイ タイ ケイ	つか.れる		ダイ	u	15	
殣	⿰歹堇	0	0	キン	うえじ.に		ギン ゴン	u	15	
殨	⿰歹貴	0	0	カイ エ コツ ゴチ	ただ.れる				16	
殩	⿰歹𥹏	0	0	サン					17	⿰歹粲
殬	⿰歹睪	0	0	ト ツ	やぶ.れる やぶ.る				17	
殭	⿰歹畺	0	0	キョウ コウ	かた.くなる		しろこ	u	17	
殮	⿰歹僉	0	0	レン	おさ.める				17	
殰	⿰歹𧶠	0	0	トク	やぶ.れる		ドク	u	19	⿰歹賣
殸	⿰声殳	0	0	ケイ キョウ コウ セイ	てき こえ		ショウ	u	11	
殹	⿰医殳	0	0	エイ	うちあたるこえ みにくいすがた				11	
殽	⿰肴殳	0	0	コウ ギョウ	ま.じる		ゴウ さかな みだれる もりもの	u	12	
殾	⿰者殳	0	0	シュン	きずく		きづく	u	13	⿰⿻者丶殳
毃	⿰高殳	0	0	カク キョウ	たた.く		コウ	u	14	
毄	⿰軎殳	0	0	ケキ キュク ケイ ギキ	あ.たる		キャク カイ ケ ゲキ	u	14	
毉	⿱殹巫	0	0	イ エイ			いやす	u	18	
毌		0	0	カン	つらぬ.く				4	
毖	⿱比必	0	0	ヒ	つつし.む				9	
毚	⿱㲋兔	0	0	サン ゼン	うさぎ		ザン むさぼる わずか	u	17	
毡	⿺毛占	0	0	セン					9	
毣	⿱羽毛	0	0	ボク モク バク マク	よい		ボウ モウ	u	10	
毦	⿰耳毛	0	0	ジ ニ	けかざり				10	
毧	⿺毛戎	0	0	ジュウ ニュ シュ					10	
毮	⿰扌毟	0	0		むし.る				11	
毱	⿺毛匊	0	0		けまり		キク ゴク まり	u	12	
毷	⿰冒毛	0	0	ボウ モウ	と.ける				13	⿰⿱冃目毛
毹	⿰兪毛	0	0	ユ ス シュ	けむしろ		シム	u	13	⿰俞毛
毿	⿰參毛	0	0	サン	けがながい				15	
氂	⿸𠩺毛	0	0	リ ボウ モウ ライ					15	
氄	⿰矞毛	0	0	ジョク ジュウ ニュ	むくげ		ジョウ ジュン ニン	u	16	
氅	⿱敞毛	0	0	ショウ	かざりけ		とりげ はね	u	16	
氉	⿰喿毛	0	0	ソウ	け				17	
氍	⿰瞿毛	0	0	ク キョ ゴ	もうせん		グ コ	u	22	
氎	⿰疉毛	0	0	チョウ ジョウ	もめんのぬの				26	⿰𤴁毛 ⿰⿱畾宐毛
氐	⿱氏一	0	0	テイ タイ シ チ	ふもと		とも なやむ ひくい ふす	u	5	⿱氏丶
氒	⿱氏十	0	0	ケツ カチ	ね				6	
氙	⿹气山	0	0	セン					7	
氟	⿹气弗	0	0	フツ					9	
氦	⿹气亥	0	0	ガイ					10	⿹气⿱一𠀔
氧	⿹气羊	0	0	ヨウ					10	
氨	⿹气安	0	0	アン					10	
氬	⿹气亞	0	0	ア					12	
氮	⿹气炎	0	0	タン					12	
氳	⿹气𥁕	0	0	ウン	さかん				13	
氵		0	0		さんずい				3	
氶	⿱乛水	0	0	ショウ	すく.う		ジョウ	u	4	
氺	⿻亅⿱丷八	0	0	スイ					5	⿰冫𰛅
氻	⿰氵力	0	0	ロク					5	
氿	⿰氵九	0	0	キ キュウ グ	おずみ わきみず				5	
汊	⿰氵叉	0	0	サ シャ					6	
汋	⿰氵勺	0	0	サク シャク	うるお.う		ジャク ザク ヤク	u	6	⿰氵⿹勹一
汍	⿰氵丸	0	0	カン			ガン	u	6	
汏	⿰氵大	0	0	タイ ダイ タツ タチ	あら.う		タ ダ	u	6	
汒	⿰氵亡	0	0	ボウ モウ	あわただ.しい				6	
汔	⿰氵乞	0	0	キツ コチ					6	
汙	⿰氵于	0	0	オ	けが.す けが.れる けが.らわしい よご.す		ワ ウ くだる けがれ	u	6	
汛	⿰氵⿹⺄𠂇	0	0	シン サン シャ	そそ.ぐ		ジン サイ セン セ	u	6	⿰氵卂
汜	⿰氵巳	0	0	シ イ	かわ		ジ	u	6	
汫	⿰氵井	0	0	ケイ キョウ セイ ジョウ					7	
汭	⿰氵內	0	0	ゼイ ネイ ゼツ ネチ	なが.れる みぎわ		トン ズイ ネ ニ	u	7	⿰氵内
汯	⿰氵厷	0	0	コウ オウ			ギョウ	u	7	
汴	⿰氵卞	0	0	ヘン			ベン ハン ホン	u	7	
汶	⿰氵文	0	0	ブン モン			ボン ビン ミン フン	u	7	
汸	⿰氵方	0	0	ホウ	つな.ぐ		ボウ	u	7	
汹	⿰氵凶	0	0	キョウ	わ.く				7	
汻	⿰氵午	0	0	コ	ほとり	く	コウ	u	7	
沅	⿰氵元	0	0	ゲン	みなもと		ガン	u	7	
沆	⿰氵亢	0	0	コウ	ひろ.い		ゴウ わたる	u	7	
沇	⿰氵允	0	0	エン イ	なが.れる		イン	u	7	
沉	⿰氵冗	0	0	チン ジン	しず.む しず.める				7	
沔	⿰氵丏	0	0	ベン メン ビン ミン			ミ ビ	u	7	
沕	⿰氵勿	0	0	ブツ モチ コツ コチ	かす.か		ビツ ミチ バイ メ	u	7	
沗	⿱天氺	0	0	テン	そ.える そ.う も.える も.う				7	
沘	⿰氵比	0	0	ヒ			ビ	u	7	
沜	⿰氵片	0	0	ハン					7	
沟	⿰氵勾	0	0	コウ ク					7	
沰	⿰氵石	0	0	タク	な.げる				8	
沲	⿰氵㐌	0	0	タ			ダ	u	8	
沴	⿰氵㐱	0	0	レイ ライ テン	そこな.う		デン デツ ネチ シン	u	8	
泂	⿰氵冋	0	0	ケイ ギョウ	さむ.い		キョウ とおい	u	8	
泆	⿰氵失	0	0	イツ イチ テツ デチ	あふ.れる		ほしいまま わく	u	8	
泍	⿰氵本	0	0	ホン			ボン	u	8	
泏	⿰氵出	0	0	チュツ コツ コチ			チュチ クチ	u	8	
泐	⿰氵阞	0	0	リョク	ふみ		ロク リキ したためる	u	8	
泑	⿰氵幼	0	0	ユウ ユ	くろ.い		オウ ヨウ	u	8	
泒	⿰氵瓜	0	0	コ ク					9	
泔	⿰氵甘	0	0	カン ゴン	ゆす.る		あまい しろみず にる	u	8	
泖	⿰氵卯	0	0	ボウ ミョウ リュウ ラ			ル	u	8	
泚	⿰氵此	0	0	セイ サイ シ	きよ.い				8	
泜	⿰氵氐	0	0	テイ タイ シ			チ ジ	u	8	
泠	⿰氵令	0	0	レイ リョウ レン	さと.す		つめたい ひえる ひや ひやす	u	8	
泧	⿰氵戉	0	0	エツ オチ ケツ カチ			カ おおみず	u	8	
泩	⿰氵生	0	0	ソウ ショウ	みなぎ.る				8	
泫	⿰氵玄	0	0	ケン ゲン	なが.れる		したたる	u	8	
泬	⿰氵穴	0	0	ケツ ケチ	ほとばし.る		よこしま	u	8	
泮	⿰氵半	0	0	ハン	わかつ		とける	u	8	⿰氵⿻八𰀁
泲	⿰氵𠂔	0	0	セイ サイ					8	
泴	⿱水皿	0	0	カン	きよ.める				8	
洄	⿰氵回	0	0	カイ	さかの.ぼる		エ	u	9	
洇	⿰氵因	0	0	イン エツ エチ	しず.む				9	
洊	⿰氵存	0	0	セン ソン	いた.る		ゼン ゾン	u	9	
洎	⿰氵自	0	0	キ	そそ.ぐ		ギ およぶ	u	9	
洏	⿰氵而	0	0	ジ ニ	ぬるまゆ				9	
洑	⿰氵伏	0	0	フク			ブク	u	9	
洓	⿰氵朿	0	0	サク シャク セキ シ	そぼふ.る ひた.す		ジ つける	u	9	
洚	⿰氵夅	0	0	コウ グ			ソウ ス おおみず	u	9	
洦	⿰氵百	0	0	ミャク ハク ヒャク			バク	u	9	
洧	⿰氵有	0	0	イ					9	
洨	⿰氵交	0	0	コウ キョウ			ゴウ	u	9	
汧	⿰氵幵	0	0	ケン ケイ キョウ	さわ ただよ.う きよ.い		ゲン	u	9	⿰氵开
洮	⿰氵兆	0	0	トウ ヨウ	あら.う		ドウ チョウ ジョウ	u	9	
洯	⿱㓞水	0	0	ケツ	いさぎよ.い		ケチ	u	10	⿱⿰丯刀水
洱	⿰氵耳	0	0	ジ ニ			ビ ミ	u	9	
洹	⿰氵亘	0	0	エン オン カン			ガン	u	9	
洼	⿰氵圭	0	0	アイ エ ワイ ワ			ケイ イ ケ エイ	u	9	
洿	⿰氵夸	0	0	オ ウ コ			ゴ ク くぼみ けがれ	u	9	
浗	⿰氵求	0	0	キュウ グ					10	
浞	⿰氵足	0	0	サク	うるお.う		ザク	u	10	
浟	⿰氵攸	0	0	ユウ ウ ユ テキ			チャク	u	10	
浡	⿰氵孛	0	0	ホツ ボチ	おこ.る		ボツ	u	10	
浥	⿰氵邑	0	0	ユウ オウ ヨウ	うるお.う				10	
浧	⿰氵呈	0	0	テイ チョウ エイ ヨウ	どろ				10	
浯	⿰氵吾	0	0	ゴ					10	
浰	⿰氵利	0	0	レン リ レイ ライ					10	
浼	⿰氵免	0	0	バイ マイ バン マン	けが.す		メン ベン メ	u	10	⿰氵⿱⺈⿸⿻口丿乚
涂	⿰氵余	0	0	ト ズ チョ ジョ	みち		ヤ タ ダ	u	10	
涇	⿰氵巠	0	0	ケイ テイ キョウ	みぞ		まっすぐ	u	10	
涑	⿰氵束	0	0	ソウ ス シュウ シュ	すす.ぐ		ソク ショク	u	10	
涒	⿰氵君	0	0	トン イン キン	は.く		ウン コン	u	10	
涔	⿰氵岑	0	0	サン シン セン	ひた.す		ザン おちる ながあめ にわたずみ	u	10	
涖	⿰氵位	0	0	レイ ライ リ	のぞ.む				10	
涗	⿰氵兌	0	0	セイ セツ セチ	ぬるまゆ		セ	u	10	
涘	⿰氵矣	0	0	シ	ほとり		ジ きし	u	10	
涪	⿰氵咅	0	0	フウ ブ ホウ			フ	u	11	
涬	⿰氵幸	0	0	ケイ ギョウ					11	
涴	⿰氵宛	0	0	エン オン カ ワ					11	
涷	⿰氵東	0	0	トウ ツ	にわかあめ				11	
涹	⿰氵委	0	0	ワ ダイ ネ イ	にご.る ひた.す				11	
涽	⿰氵昏	0	0	コン	みだ.れる				11	
涿	⿰氵豖	0	0	トク タク			チョク ドク	u	11	
淄	⿰氵甾	0	0	シ			くろ くろむ	u	11	
淈	⿰氵屈	0	0	コツ コチ	にご.す		クチ つきる つくす にごる	u	11	
淊	⿰氵臽	0	0	カン ゴン エン アン					11	
淎	⿰氵奉	0	0	ホウ ホ フ					11	
淏	⿰氵昊	0	0	コウ			ゴウ	u	11	
淖	⿰氵卓	0	0	ニョウ トウ	どろ		シャク タク ドウ ジョウ	u	11	
淛	⿰氵制	0	0	セイ セツ セチ					11	
淝	⿰氵肥	0	0	ヒ			ビ	u	11	
淟	⿰氵典	0	0	テン トン	にご.る				11	
淠	⿰氵畀	0	0	ヒ ヘイ ハイ					11	
淢	⿰氵或	0	0	ヨク イキ イツ イチ	はや.い		イク キョク ケキ	u	11	
淥	⿰氵彔	0	0	ロク リョク	こ.す				11	
淩	⿰氵夌	0	0	リョウ	の.る				11	
淯	⿰氵育	0	0	イク					11	
淰	⿰氵念	0	0	デン ダン ネン アン	にご.る		オン ナン ドウ ノウ	u	11	
淴	⿰氵忽	0	0	オツ オチ コツ コチ			カイ ケ	u	11	
淶	⿰氵來	0	0	ライ					11	
淼	⿱水沝	0	0	ビョウ ミョウ	ひろ.い				12	
渀	⿰氵奔	0	0	ホン			ボン	u	11	
渄	⿰氵非	0	0	ヒ					11	
渞	⿰氵首	0	0	シュ シュウ	みなもと		ジュ	u	12	
渢	⿰氵風	0	0	フウ ブ ハン			バン ホン ボン	u	12	
渧	⿰氵帝	0	0	テイ ダイ テキ チャク					12	
渲	⿰氵宣	0	0	セン			くまどり	u	12	
渶	⿰氵英	0	0	エイ ヨウ					12	
渹	⿰氵訇	0	0	コウ セイ ショウ					12	
渻	⿰氵省	0	0	セイ ショウ					12	
渼	⿰氵美	0	0	ビ ミ					12	
湄	⿰氵眉	0	0	ビ ミ ダン ナン	みずぎわ		みぎわ ほとり	u	12	
湅	⿰氵柬	0	0	レン ラン	ね.る				12	
湈	⿰氵某	0	0	バイ メ	やぶ.る				12	
湉	⿰氵恬	0	0	テン			デン	u	12	
湋	⿰氵韋	0	0	イ	めぐ.る				12	
湏	⿰氵頁	0	0	カイ ケ	ただ.れる		ス シュ	u	12	
湑	⿰氵胥	0	0	ショ	こ.す きよ.い したみ		したむ	u	12	
湒	⿰氵咠	0	0	シュ シュウ	ふ.る				12	
湓	⿰氵盆	0	0	ホン フン	あふ.れる		ボン	u	12	
湔	⿰氵前	0	0	セン サン	あら.う		ゼン あらそう そそぐ	u	12	⿰氵⿱䒑⿰⿵冂⺀刂
湗	⿰氵封	0	0	ホウ フ	ふかいどろ				12	
湜	⿰氵是	0	0	ショク ジキ	きよ.い				12	
湝	⿰氵皆	0	0	カイ	なが.れる				12	
湞	⿰氵貞	0	0	トウ ジョウ テイ チョウ			コウ キョウ	u	12	
湢	⿰氵畐	0	0	ヒョク	ゆどの		ヒキ	u	12	
湣	⿰氵昬	0	0	ビン ミン ベン メン			コン	u	12	
湨	⿰氵狊	0	0	ケキ キャク					12	
湳	⿰氵南	0	0	ダン ナン					12	
湻	⿰氵亯	0	0	シュン	あつ.い		ジュン	u	12	
湽	⿰氵甾	0	0	シ					12	⿰氵𱰭 ⿰氵⿱𡿧田
溍	⿰氵晉	0	0	シン					12	⿰氵晋
溓	⿰氵兼	0	0	レン デン ネン カン	ねばりつ.く		ガン ゲン ラン リン	u	13	
溙	⿰氵泰	0	0	タイ			ソウ みなと あつまる	u	13	
溠	⿰氵差	0	0	サ シャ シ					13	
溧	⿰氵栗	0	0	リツ リチ					13	
溭	⿰氵畟	0	0	ショク ジキ					13	
溮	⿰氵師	0	0	シ					13	
溱	⿰氵秦	0	0	シン	おお.い				13	
溳	⿰氵員	0	0	ウン イン					13	
溻	⿰氵𦐇	0	0	トウ	うるお.う				13	
溿	⿰氵畔	0	0	ハン	みずぎわ				13	
滀	⿰氵畜	0	0	チク	あつ.まる				13	
滁	⿰氵除	0	0	チョ ジョ					13	
滃	⿰氵翁	0	0	オウ オ					13	
滇	⿰氵眞	0	0	テン シン					13	⿰氵真
滈	⿰氵高	0	0	コウ カク コク	ながあめ		ゴウ	u	13	
滊	⿰氵氣	0	0	キ ケ ケツ ケチ					13	
滍	⿰氵蚩	0	0	チ ジ					13	
滎	⿱𤇾水	0	0	ケイ ギョウ エイ	ちょろちょろ		キョウ ヨウ	u	14	
滏	⿰氵釜	0	0	フ			ブ	u	13	
滫	⿰氵脩	0	0	シュウ シュ	とぎじる				14	
滭	⿰氵畢	0	0	ヒツ ヒチ	わ.く				14	
滮	⿰氵彪	0	0	ヒョウ ヒュウ ヒュ	なが.れる				14	
滹	⿰氵虖	0	0	コ ク					14	
滻	⿰氵產	0	0	サン セン			おおい	u	14	⿰氵産
滽	⿰氵庸	0	0	ヨウ ユ					14	
漄	⿰氵崖	0	0	ガイ	はて				14	
漈	⿰氵祭	0	0	セイ サイ	みずぎわ				14	
漊	⿰氵婁	0	0	ル ロウ					14	
漌	⿰氵堇	0	0	キン コン	きよ.い ひた.す				14	
漍	⿰氵國	0	0	カク			キャク	u	14	
漖	⿰氵教	0	0	コウ キョウ					14	⿰氵敎
漘	⿰氵脣	0	0	シン	みずぎわ		ジン	u	14	⿰氵⿸辰⺝
漚	⿰氵區	0	0	オウ ウ	ひた.す		オ かもめ あわ	u	14	
漛	⿰氵𣳾	0	0	トウ	なみ		ドウ	u	14	⿰氵⿱龹氺
漦	⿸𠩺水	0	0	ギ ライ タイ シ	なが.れる		ジ チ リ サン	u	15	
漩	⿰氵旋	0	0	セン	めぐ.る		ゼン	u	14	
漪	⿰氵猗	0	0	イ	なみ		なみだつ さざなみ	u	14	
漯	⿰氵累	0	0	トウ ルイ					14	
漰	⿰氵崩	0	0	ホウ ヒョウ					14	
漳	⿰氵章	0	0	ショウ	ささ.える				14	
漶	⿰氵患	0	0	カン	はっきりしない		ガン	u	14	
漻	⿰氵翏	0	0	リョウ リュウ ル			ギョウ リャク レキ コウ	u	14	
漼	⿰氵崔	0	0	サイ スイ	ふか.い		セ ゼ	u	14	
漭	⿰氵莽	0	0	ボウ モウ	ひろ.い				15	⿰氵⿱艹𬌪
潏	⿰氵矞	0	0	ケツ ケチ シュツ ジュチ			イチ イツ	u	15	
潑	⿰氵發	0	0	ハツ	も.る とびち.る そそ.ぐ		ハチ ハイ	u	15	
潒	⿰氵象	0	0	トウ ショウ ゾウ	ただよ.う		ドウ	u	15	
潓	⿰氵惠	0	0	ケイ エ					15	
潗	⿰氵集	0	0	シュウ	わ.く				15	
潙	⿰氵爲	0	0	キ イ					15	
潚	⿰氵肅	0	0	シュク ショウ シュウ	きよ.い				15	
潝	⿰氵翕	0	0	キュウ コウ オウ ヨウ					15	
潞	⿰氵路	0	0	ロ ル					15	
潡	⿰氵敦	0	0	トン	おおみず		ドン	u	15	
潢	⿰氵黃	0	0	コウ オウ	いけ		たまりみず みずたまり	u	15	⿰氵黄
潨	⿰氵衆	0	0	ソウ ズ ショウ シュ	あつ.まる みずあい きし		ゾウ シュウ	u	15	
潬	⿰氵單	0	0	タン セン	す		ゼン ダン	u	15	
潽	⿰氵普	0	0	ホ フ					15	
潾	⿰氵粦	0	0	リン ラン レン	きよ.い				15	
澃	⿱須水	0	0	キョウ ケイ	きよ.い				16	
澇	⿰氵勞	0	0	ロウ	おおなみ				15	
澈	⿲氵育攵	0	0	テツ デチ	きよ.い				15	⿰氵𰕎
澋	⿰氵景	0	0	コウ ギョウ ケイ	めぐ.る				15	
澌	⿰氵斯	0	0	シ セイ サイ	つ.きる				15	
澍	⿰氵尌	0	0	シュ	うるお.う		ジュ うるおす そそぐ	u	15	
澐	⿰氵雲	0	0	ウン					15	
澒	⿰氵項	0	0	コウ ク			グ ゴウ	u	15	
澓	⿰氵復	0	0	フク			ブク	u	15	
澔	⿰氵皓	0	0	コウ	おおき.い ひろ.い				15	
澖	⿰氵閑	0	0	カン ゲン	はてがない				15	
澚	⿰氵𫒀	0	0	オウ イク オク	おき くま				16	⿰氵⿳㇒𭁨丂 ⿰氵粵
澟	⿰氵稟	0	0	リン	さむ.い				16	
澠	⿰氵黽	0	0	ショウ ビン ミン			ジョウ ベン メン	u	16	
澥	⿰氵解	0	0	カイ ゲ					16	
澦	⿰氵預	0	0	ヨ					16	
澧	⿰氵豊	0	0	レイ ライ					16	
澨	⿰氵筮	0	0	セイ エイ	つきじ		ゼイ	u	16	
澮	⿰氵會	0	0	カイ ケ ワイ エ			カツ ガチ	u	16	
澯	⿰氵粲	0	0	サン	きよ.い				16	
澰	⿰氵僉	0	0	レン	なぎさ		ラン	u	16	
澵	⿰氵新	0	0	シン					16	
澶	⿰氵亶	0	0	セン テン			タン ゼン デン ダン	u	16	
澼	⿰氵辟	0	0	ヘキ ヒャク ケキ	ただよ.う		キャク	u	16	
濅	⿰氵𡩠	0	0	シン	うるお.う ひた.す				16	⿰氵⿱⿱宀⿳⺕冖巾又
濇	⿰氵嗇	0	0	ショク シキ シュウ	とどこお.る		しぶる	u	16	
濈	⿰氵戢	0	0	シュウ ソウ ジョウ	やわ.らぐ		ゾウ	u	16	
濊	⿰氵歲	0	0	カイ ケ サイ セ			ワイ エ カチ カツ	u	16	
濚	⿰氵榮	0	0	エイ ヨウ	おがわ				16	
濞	⿰氵鼻	0	0	ヒ ヘイ ハイ			ビ	u	16	⿰氵⿱自畀
濨	⿰氵慈	0	0	シ			ジ	u	16	
濩	⿰氵蒦	0	0	カク ワク			コ ゴ	u	16	
濰	⿰氵維	0	0	イ ユイ					16	
濵	⿰氵賔	0	0	ヒン	はま				17	
濹	⿰氵墨	0	0	ボク					17	
濼	⿰氵樂	0	0	ロク ホク			ラク ハク レキ リャク	u	18	
濽	⿰氵賛	0	0	サン					18	
瀀	⿰氵憂	0	0	ユウ ウ	あつ.い				18	
瀅	⿰氵瑩	0	0	エイ ヨウ ケイ キョウ	おがわ				18	
瀆	⿰氵𧶠	0	0	トク トウ	けが.す けが.れ みぞ		ズ タク チョク ドク	u	18	⿰氵賣
瀇	⿰氵廣	0	0	オウ コウ					18	
瀍	⿰氵廛	0	0	テン			デン	u	18	
瀗	⿰氵憲	0	0	ケン コン					19	⿰氵⿳⿱宀丯罒心
瀠	⿰氵縈	0	0	エイ ヨウ	なが.れる				18	
瀣	⿰氵韰	0	0	カイ	みず		ガイ エ	u	18	
瀯	⿰氵營	0	0	エイ ヨウ	おがわ				20	
瀴	⿰氵嬰	0	0	エイ ヨウ	ふか.い		ベイ ミョウ オウ	u	20	
瀷	⿰氵翼	0	0	ヨク イキ ショク シキ	ながれ		チキ チョク	u	20	
瀹	⿰氵龠	0	0	セク ヨウ ヤク	ひた.す				20	
瀼	⿰氵襄	0	0	ジョウ ニョウ ドウ ノウ			ショウ ソウ どろ	u	20	
灃	⿰氵豐	0	0	フウ フ ホウ					21	
灄	⿰氵聶	0	0	ショウ ニョウ			ジョウ ジュウ ニュウ	u	21	
灈	⿰氵瞿	0	0	ク			グ	u	21	
灉	⿰氵雝	0	0	ヨウ ユ					21	
灊	⿰氵鬵	0	0	セン シン			ゼン ジン	u	21	⿰氵⿱⿰兂兂鬲
灋	⿰氵⿸廌去	0	0	ホウ ハツ ホツ	ふらん のり				21	⿸𣿕去
灔	⿰氵艶	0	0	エン	なみ				22	⿰澧色
灕	⿰氵離	0	0	リ	しみこ.む		うすい しみる	u	22	
灝	⿰氵顥	0	0	コウ カン コン	まめ.じる		ゴウ ひろい	u	24	
灞	⿰氵霸	0	0	ハ バ			ヘ	u	24	
灎	⿰澧盍	0	0	エン	なみ				26	⿰氵𧰟
灤	⿰氵欒	0	0	ラン	なが.れる				27	
灥	⿱泉⿰泉泉	0	0	シュン セン	たくさんのいずみ		ジュン ゼン	u	24	
灬		0	0	ヒョウ カ					4	
灮	⿱火儿	0	0	コウ	ひか.る ひかり	みつ			6	
灵	⿱⿻コ一火	0	0	レイ リョウ	たま				7	⿱⺕火
灶	⿰火土	0	0	ソウ	かまど かま へっつい				7	
灾	⿱宀火	0	0	サイ	わざわ.い				7	
炁	⿱旡灬	0	0	キ ケ	いき				8	
炅	⿱日火	0	0	ケイ キョウ エイ ヨウ	あらわ.れる		ケ	u	8	
炆	⿰火文	0	0	ブン モン	あたた.か				8	
炔	⿰火夬	0	0	ケイ ケ ケツ ケチ					8	
炕	⿰火亢	0	0	コウ	あぶ.る		かれる かわかす かわく	u	8	
炖	⿰火屯	0	0	トン			ドン	u	8	
炗	⿱廿火	0	0	コウ	ひか.る ひかり				8	
炘	⿰火斤	0	0	キン コン	あぶ.る				8	
炛	⿱火化	0	0	ヨウ キョウ	て.らす		コウ	u	8	⿱火⿰亻𠤎
炤	⿰火召	0	0	ショウ シャク	て.る		あきらか ひかる てらす	u	9	
炫	⿰火玄	0	0	ケン	ひか.る		ゲン あきらか かがやき かがやく	u	9	
炰	⿱包灬	0	0	ホウ ビョウ フウ フ			あぶる	u	9	⿱⿹勹巳灬
炱	⿱台火	0	0	タイ	すす		ダイ	u	9	
炴	⿰火央	0	0	ヨウ オウ エイ					9	
炷	⿰火龶	0	0	シュ	とうしん		たく	u	9	⿰火主
烊	⿰火羊	0	0	ヨウ	あぶ.る や.く		とろかす	u	10	
烑	⿰火兆	0	0	ヨウ	ひか.る				10	
烓	⿰火圭	0	0	エイ エ ケイ キョウ	かまど		キ イ ケ エツ	u	10	
烔	⿰火同	0	0	トウ ズ	あつ.い		ヅ	u	10	
烕	⿵戌火	0	0	ケツ ケチ ベツ	ほろ.びる ほろ.ぼす		メチ きえる	u	10	
烖	⿹𢦏火	0	0	サイ	わざわ.い				10	
烘	⿰火共	0	0	コウ キョウ ク	かがりび あぶ.る		グ	u	10	
烜	⿰火亘	0	0	ケン テン カン キ	かわ.かす				10	
烤	⿰火考	0	0	コウ	あぶ.る				10	
烺	⿰火良	0	0	コウ ロウ	ひ				11	
焃	⿰火赤	0	0	カク キャク ケキ	あか.い				11	
焄	⿱君灬	0	0	クン	いぶ.す		ふすべる くすべる	u	11	
焅	⿰火吿	0	0	コク コウ	かわ.かす				11	⿰火告
焆	⿰火肙	0	0	エツ エチ ケン エン			ケツ ケチ	u	11	
焇	⿰火肖	0	0	ショウ ソウ	け.す と.ける かわ.す とろ.かす				11	
焋	⿱壯火	0	0	ソウ ショウ					11	
焌	⿰火夋	0	0	シュン ソン サン	や.く		シュツ シュチ きえる	u	11	
焏	⿱⿻了叹灬	0	0	キョク キ ケ	しばしば すみ.やか		ジョウ すけ たすく つぐ	u	11	⿱⿲口了又灬
焞	⿰火享	0	0	トン タイ ツイ	あき.らか		ドン サン ソン シュン	u	12	
焠	⿰火卒	0	0	サイ スイ	や.く		セ そめる にらぐ	u	12	
焫	⿰火芮	0	0	ゼツ ネチ	や.く				12	
焭	⿱𤇾几	0	0	ケイ	ひとりもの				12	
焯	⿰火卓	0	0	シャク トク タク ショウ	あき.らか		チョク やく	u	12	
焰	⿰火臽	9	0	エン	ほのお		セン ゼン	u	12	
焱	⿱火炏	0	0	エン ケキ キャク	ほのお		エキ ヤク	u	12	
焸	⿱昍火	0	0	コ ク ケイ キョウ					12	
煁	⿰火甚	0	0	シン	かまど		ジン	u	13	
煅	⿰火段	0	0	タン	きた.える				13	
煆	⿰火叚	0	0	カ ケ	あつ.い		やく	u	13	
煇	⿰火軍	0	0	キ ケン カン クン	ひかり		コン ゴン ウン かがやく	u	13	
煊	⿰火宣	0	0	ケン カン	あたた.か				13	
煋	⿰火星	0	0	セイ ショウ	あつ.い				13	
煐	⿰火英	0	0	エイ ヨウ					13	
煒	⿰火韋	0	0	イ キ			ひかり ひかる あきらか かがやく	u	13	
煗	⿰火耎	0	0	ダン ナン	あたた.か あたた.める				13	
煚	⿱昛火	0	0	ケイ キョウ	ひ				13	⿱⿱日巨火
煜	⿰火昱	0	0	イク オウ	かがや.く		ユウ	u	13	
煞	⿱𭣦灬	0	0	サツ サイ セツ	ころ.す そ.ぐ		セチ	u	13	⿺⿱刍灬攵
煠	⿰火枼	0	0	ヨウ チョウ ソウ ジョウ	や.く いた.める ゆ.でる		ゾウ あげる	u	13	
煨	⿰火畏	0	0	ワイ ウツ ウチ	うずみび		エ うずめやく	u	13	
煹	⿰火冓	0	0	コウ ク	のろし				14	
熀	⿰火晃	0	0	ヨウ キョウ コウ	さかん				14	
熅	⿰火𥁕	0	0	ウン オン	うずみび いき.れ		オツ オチ あたたか あつい	u	14	
熇	⿰火高	0	0	コク カク コウ	あつ.い		キョウ あぶる きびしい ほのお	u	14	
熌	⿰火閃	0	0	セン	もえあが.る				14	
熒	⿱𤇾火	0	0	ケイ ギョウ コウ	ひかり		エイ ヨウ キョウ ともしび	u	14	
熚	⿰火畢	0	0	ヒツ ヒチ					15	
熛	⿰火票	0	0	ヒョウ			はやい はやて とびひ	u	15	
熠	⿰火習	0	0	ユウ シュウ	ひかり		ジュウ	u	15	
熢	⿰火逢	0	0	ホウ	のろし とぶひ		ボ	u	15	
熯	⿰火⿱廿⿻口夫	0	0	ゼン ネン ガン	かわく		カン あぶる もやす やく	u	15	⿰火𦰩
熰	⿰火區	0	0	オウ ウ	まるやき				15	
熲	⿰𭴁頁	0	0	ケイ キョウ	ひかり				15	⿰⿱匕火頁
熳	⿰火曼	0	0	マン	みだ.りに				15	
熺	⿰火喜	0	0	キ	あぶ.る あか.るい				16	
熿	⿰火黃	0	0	コウ オウ	かがや.く				16	⿰火黄
燀	⿰火單	0	0	セン タン	たく		かしぐ	u	16	
燁	⿰火華	0	0	ヨウ ユウ オウ	さかん		かがやく	u	16	
燄	⿰臽炎	0	0	エン	ほのお		セン ゼン	u	16	
燋	⿰火焦	0	0	ショウ セキ シャク	たいまつ		ジョウ サク こがす こげる	u	16	
燌	⿰火賁	0	0	フン ホン ハン	た.く や.く やきがり				16	
燓	⿱棥火	0	0	フン ホン ハン	た.く や.く やきがり		ブン ボン	u	16	
燖	⿰火尋	0	0	シン セン	に.る		ジン ゼン	u	16	
燙	⿱湯火	0	0	トウ	あたた.める		ドウ	u	16	
燚	⿱炏炏	0	0	イツ イチ					16	
燜	⿰火悶	0	0	モン					16	
燸	⿰火需	0	0	ニュ ダン ジュ	あたた.める				18	
燾	⿱壽灬	0	0	トウ チュウ ジュ	てらす		ドウ おおう	u	18	
爀	⿰火赫	0	0	カク	あか.い かがや.く				18	
爇	⿱艹熱	0	0	ゼツ ネチ ゼイ ネイ	や.く		ネツ	u	19	
爈	⿰火慮	0	0	リョ ロ	や.く やまび				19	
爉	⿰火巤	0	0	ロウ リョウ					19	
爓	⿰火閻	0	0	エン セン	ひかり		ゼン シン ジン ほのお	u	20	
爗	⿰火曅	0	0	ヨウ ユウ オウ	さかん		かがやく	u	20	
爚	⿰火龠	0	0	ヤク シャク			ひかる	u	21	
爝	⿰火爵	0	0	シャク サク ショウ	たいまつ		かがりび	u	22	
爟	⿰火雚	0	0	カン ケン	や.く		ゲン	u	22	⿰火⿱卝𨾴
爤	⿰火蘭	0	0	ラン	ただ.れる				25	
爫	⿱丿⿲丿丶丶	0	0				つめかんむり	u	4	
爯	⿱爫冉	0	0	ショウ	となえ あ.げる				9	⿱爫⿻冄丨
爴	⿰國爪	0	0	カク	さら.う つか.む				14	
爸	⿱父巴	0	0	ハ			バ ヘ ちち	u	8	
爹	⿱父多	0	0	タ			ダ チャ テ ちち	u	10	
牁	⿰爿可	0	0	カ	くい				9	
牂	⿰爿羊	0	0	ソウ	めひつじ		ショウ ゾウ	u	10	
牃	⿰爿枼	0	0	チョウ オウチョウ ヨウ ショウ	ゆずりは		ジョウ	u	13	
牅	⿰爿庸	0	0	ヨウ	かきね				15	
牎	⿰片怱	0	0	ソウ ス	まど てんまど けむだし				13	
牏	⿰片兪	0	0	チュ ユ シュ			ジュ トウ ズ	u	13	⿰片俞
牐	⿰片臿	0	0	ソウ ジョウ	いたがこい		ゾウ	u	13	
牓	⿰片旁	0	0	ホウ	かじ たてふだ ふだ		ボウ	u	14	
牕	⿰片悤	0	0	ソウ ス	まど てんまど けむだし				15	
牖	⿰片⿸戶甫	0	0	ユウ ユ	まど				15	⿰片⿸户甫
牚	⿱𫩠牙	0	0	トウ チョウ	はしら				12	
牜		0	0				うしへん	u	4	
牞	⿰牛力	0	0	キュウ ク					6	⿰牜力
牠	⿰牛也	0	0	タ			ダ	u	7	⿰牜也
牣	⿰牛刃	0	0	ジン ニン	み.ちる				8	⿰牜刃
牨	⿰牛亢	0	0	コウ チン	おうし				8	⿰牜亢
牫	⿰牛戈	0	0	ハツ カ ボチ	き.る そむ.く う.つ		バツ	u	8	⿰牜戈
牮	⿱代牛	0	0	セン	つっぽり				9	
牯	⿰牛古	0	0	コ ク	おうし				9	⿰牜古
牱	⿰牛可	0	0	カ					9	⿰牜可
牷	⿰牛全	0	0	セン	いけにえ		ゼン	u	10	⿰牜全
牸	⿰牛字	0	0	シ	め.す		ジ めうし	u	10	⿰牜字
牻	⿰牛尨	0	0	ボウ モウ	まだら				11	⿰牜尨
牼	⿰牛巠	0	0	コウ キョウ カン ケン			ケイ	u	11	⿰牜巠
牿	⿰牛吿	0	0	コク	おり				11	⿰牜吿 ⿰牜告
犄	⿰牛奇	0	0	イ キ					12	⿰牜奇
犉	⿰牛享	0	0	ジュン ニン ゼン ネン					12	⿰牜享
犍	⿰牛建	0	0	ケン コン			きんきりうし	u	13	⿰牜建
犎	⿱封牛	0	0	ホウ フ					13	
犓	⿰牛芻	0	0	ス シュ スウ					14	⿰牜芻
犛	⿸𠩺牛	0	0	ボウ ミョウ モウ リ	からうし や.く		ライ	u	15	
犨	⿱雔牛	0	0	シュウ シュ					20	
犭		0	0				けものへん	u	3	
犮	⿻犬丿	0	0	ハツ バチ					5	⿺⿸𠂇乂丶
犱	⿰犭丸	0	0	ケキ キャク					6	
犴	⿰犭干	0	0	カン			ガン ケン のいぬ	u	6	
犾	⿰犭犬	0	0	ギン					7	
狁	⿰犭允	0	0	イン					7	
狇	⿰犭木	0	0	ボク					7	
狉	⿰犭丕	0	0	ヒ	こだぬき				8	
狌	⿰犭生	0	0	ショウ セイ ソウ					8	
狕	⿰犭幼	0	0	オウ ヨウ					8	
狖	⿰犭穴	0	0	ユウ ユ					8	
狘	⿰犭戉	0	0	ケツ カチ					8	
狟	⿰犭亘	0	0	カン ケン			ガン	u	9	
狥	⿰犭旬	0	0	シュン	あまね.し したが.う とな.える		ジュン	u	9	
狳	⿰犭余	0	0	ヨ					10	
狴	⿰犭坒	0	0	ヘイ ハイ			ベイ	u	10	
狺	⿰犭言	0	0	ゲン ゴン ギン					10	
狻	⿰犭夋	0	0	サン シュン					10	
狾	⿰犭折	0	0	セイ ケイ					10	
猂	⿰犭旱	0	0	カン	たけし あらし				10	
猄	⿰犭京	0	0	ケイ キョウ					11	
猅	⿰犭非	0	0	ハイ			バイ	u	11	
猇	⿰犭虎	0	0	オウ ヨウ コウ キョウ	うそぶ.く いか.る しし たた.く		チ ユウ ユ	u	11	
猋	⿱犬㹜	0	0	ヒョウ					12	
猍	⿰犭來	0	0	リ ライ	たぬき				11	
猒	⿰冐犬	0	0	エン オウ ヨウ	あ.きる				12	⿰⿱日⺝犬 ⿽肰日
猓	⿰犭果	0	0	カ			ラ	u	11	
猘	⿰犭制	0	0	セイ ケイ			あらい	u	11	
猙	⿰犭爭	0	0	ソウ ショウ			トウ セイ ジョウ	u	11	
猞	⿰犭舍	0	0	シャ					11	
猢	⿰犭胡	0	0	コ			ゴ	u	12	
猤	⿰犭癸	0	0	キ	たけしい いさ.ましい		ギ	u	12	
猧	⿰犭咼	0	0	カ ワ	ちん				12	
猨	⿰犭爰	0	0	エン	さる		オン	u	12	
猬	⿰犭胃	0	0	イ	はりねずみ				12	
猱	⿰犭柔	0	0	ドウ ノウ ジュウ ニュウ	さる		ヌ ニュ	u	12	
猲	⿰犭曷	0	0	カツ カチ リョウ ケツ	おおかみ		キョウ ケチ コウ カイ	u	12	
猵	⿰犭扁	0	0	ヘン ヒン			ビン ヒ	u	12	
猺	⿰犭䍃	0	0	ヨウ					13	
猻	⿰犭孫	0	0	ソン	さる				13	
猽	⿰犭冥	0	0	ベイ ミョウ メイ					13	
獃	⿰豈犬	0	0	ガイ	おろ.か		ゲ	u	14	
獍	⿰犭竟	0	0	キョウ ケイ	かがみ				14	
獐	⿰犭章	0	0	ショウ	のろ				14	
獒	⿱敖犬	0	0	ゴウ	いぬ		おおいぬ	u	15	
獖	⿰犭賁	0	0	フン ホン			ブン ボン	u	14	
獘	⿱敝犬	0	0	ヘイ ヘツ ベチ			バイ	u	16	
獝	⿰犭矞	0	0	キツ キチ イツ イチ	くる.う				15	
獞	⿰犭童	0	0	トウ ズ					15	
獟	⿰犭堯	0	0	ゴウ キョウ			ギョウ	u	15	
獠	⿰犭尞	0	0	リョウ ロウ トウ	かり		チョウ	u	15	
獦	⿰犭葛	0	0	カツ カチ リョウ ケツ	おおかみ		かり	u	16	
獧	⿰犭睘	0	0	ケン	はねおど.る				16	
獩	⿰犭歲	0	0	ワイ エ					16	
獫	⿰犭僉	0	0	ケン レン					16	
獬	⿰犭解	0	0	カイ ゲ					16	
獮	⿰犭爾	0	0	セン	かり		ころす	u	17	
獯	⿰犭熏	0	0	クン					17	
獱	⿰犭賓	0	0	ヘン ヒン			ビン	u	17	
獷	⿰犭廣	0	0	コウ キョウ ク	あら.い		ケイ あらあらしい あらいぬ	u	18	
獹	⿰犭盧	0	0	ロ ル	いぬ				19	
獼	⿰犭彌	0	0	ビ ミ	さる		おおざる	u	20	
玀	⿰犭羅	0	0	ラ					22	
玁	⿰犭嚴	0	0	ケン レン					23	
玃	⿰犭矍	0	0	キャク カク ケキ ク	おおざる		コ	u	23	
玅	⿰玄少	0	0	ミョウ ビョウ	たえ		ショウ	u	9	
玆	⿰玄玄	0	0	シ ケン	しげ.る ます むしろ ここに		ジ ゲン ここ	u	10	
玎	⿰王丁	0	0	テイ チョウ トウ					6	
玐	⿰王八	0	0	ハツ ハチ					6	
玓	⿰王勺	0	0	テキ チャク	ひか.る				7	⿰𤣩⿹勹一
玕	⿰王干	0	0	カン					7	
玗	⿰王于	0	0	ウ					7	
玘	⿰王己	0	0	キ	たま				7	
玜	⿰王公	0	0	コウ ク	たま				8	
玞	⿰王夫	0	0	フ					8	
玟	⿰王文	0	0	ビン ミン バイ マイ			モン メ ブン	u	8	
玠	⿰王介	0	0	カイ					8	
玢	⿰王分	0	0	ヒン フン ハン ヘン	たま		あや	u	8	
玥	⿰王月	0	0	ゲツ ガチ					8	
玦	⿰王夬	0	0	ケツ ケチ			ゆがけ	u	8	
玪	⿰王今	0	0	カン ケン ギン ゴン			ゲン リン	u	8	
玫	⿰王攵	0	0	バイ メ マイ					8	
玭	⿰王比	0	0	ヒン ヘン			ビン ベン ヘイ ベイ	u	8	
玵	⿰王甘	0	0	ガン					9	
玷	⿰王占	0	0	テン	か.ける		きず	u	9	
玹	⿰王玄	0	0	ケン	いし		ゲン	u	9	
玼	⿰王此	0	0	セイ サイ サ シ	あざ.やか		ジ	u	9	
玽	⿰王句	0	0	コウ ク					9	
玿	⿰王召	0	0	ショウ			ジョウ	u	9	
珅	⿰王申	0	0	シン					9	
珆	⿰王台	0	0	イ タイ					9	
珉	⿰王民	0	0	ビン ミン					9	
珋	⿰王卯	0	0	リュウ ル	いし				9	
珌	⿰王必	0	0	ヒツ ヒチ ヘツ ベチ	かざり		ヘチ	u	9	
珏	⿰王玉	0	0	カク コク					9	
珒	⿰王聿	0	0	シン	たま				10	
珓	⿰王交	0	0	コウ キョウ					10	
珖	⿰王光	0	0	コ コウ	たま				10	
珙	⿰王共	0	0	キョウ コウ			ク グ	u	10	
珝	⿰王羽	0	0	ク	たま				10	
珡	⿱玨人	0	0	キン	こと				10	⿱玨𠆢
珣	⿰王旬	0	0	シュン	たま				10	
珦	⿰王向	0	0	キョウ ドウ ショウ			コウ	u	10	
珧	⿰王兆	0	0	ヨウ	たいらぎ				10	
珩	⿰王行	0	0	コウ ギョウ					10	
珴	⿰王我	0	0	ガ					11	
珵	⿰王呈	0	0	テイ ジョウ チョウ					11	
珷	⿰王武	0	0	ブ ム					11	
珹	⿰王成	0	0	セイ ジョウ	たま				11	
珺	⿰王君	0	0	クン					11	
珻	⿰王每	0	0	バイ メ マイ	たま				11	
珽	⿰王廷	0	0	テイ チョウ					11	
珿	⿰王足	0	0	シュク スク サク	ひと.しい				11	
琀	⿰王含	0	0	カン ゴン	ふくみだま				11	
琁	⿰王𭻾	0	0	セン ケイ			ゼン ギョウ	u	11	
琄	⿰王肙	0	0	ケン ケイ ギョウ	たま				11	
琇	⿰王秀	0	0	シュウ シュ ユウ ウ					11	
琊	⿰王邪	0	0	ヤ					11	
琑	⿰王肖	0	0	サ	ちいさ.い くさり				11	
琚	⿰王居	0	0	キョ コ					12	
琛	⿰王罙	0	0	チン シン	たから				12	
琤	⿰王爭	0	0	ソウ ショウ					12	⿰𤣩争
琦	⿰王奇	0	0	キ	たま		ギ すぐれた めずらしい	u	12	
琨	⿰王昆	0	0	コン					12	
琩	⿰王昌	0	0	ショウ	みみだま				12	
琪	⿰王其	0	0	キ	たま		ギ	u	12	
琫	⿰王奉	0	0	ホウ フ			ホ ささげる	u	12	
琬	⿰王宛	0	0	エン オン ワン					12	
琭	⿰王彔	0	0	コク ロク	たま				12	⿰𤣩录
琮	⿰王宗	0	0	ソウ ス			ズ	u	12	
琯	⿰王官	0	0	カン コン					12	
琰	⿰王炎	0	0	エン					12	
琱	⿰王周	0	0	チョウ チュウ			きざむ	u	12	⿰𤣩⿵⺆⿱𰀁口
琹	⿱玨木	0	0	キン	こと				12	
瑀	⿰王禹	0	0	ウ					13	
瑃	⿰王春	0	0	チュン					13	
瑄	⿰王宣	0	0	セン					13	
瑆	⿰王星	0	0	セイ ショウ					13	
瑇	⿰王毒	0	0	タイ	たいまい		ダイ トク ドク	u	13	
瑋	⿰王韋	0	0	イ					13	
瑍	⿰王奐	0	0	カン					13	
瑑	⿰王彖	0	0	テン	うきぼり		ジン デン チン チ	u	13	
瑒	⿰王昜	0	0	チョウ トウ ジョウ			ヨウ ドウ	u	13	
瑗	⿰王爰	0	0	エン オン カン ゲン					13	
瑝	⿰王皇	0	0	コウ オウ					13	
瑢	⿰王⿳宂人口	0	0	ヨウ ユ					14	⿰𤣩容
瑦	⿰王烏	0	0	オ ウ					14	
瑧	⿰王秦	0	0	シン	たま				14	
瑨	⿰王晉	0	0	シン					14	⿰𤣩晋
瑫	⿰王舀	0	0	トウ					14	
瑭	⿰王唐	0	0	トウ	たま		ドウ	u	14	
瑮	⿰王栗	0	0	リツ リチ	うつく.しい				14	
瑱	⿰王眞	0	0	テン チン シン	みみだま				14	⿰𤣩真
瑲	⿰王倉	0	0	ショウ ソウ					14	
璀	⿰王崔	0	0	サイ スイ			セ	u	15	
璁	⿰王悤	0	0	ソウ ス					15	
璅	⿰王巢	0	0	ソウ サ					15	
璆	⿰王翏	0	0	キュウ ク ユウ ユ			グ チュウ チュ リュウ	u	15	
璇	⿰王旋	0	0	セン			ゼン	u	15	
璉	⿰王連	0	0	レン リン	うつわ				15	
璏	⿰王彘	0	0	テイ エツ オチ エイ			ダイ エ	u	15	
璐	⿰王路	0	0	ロ					15	
璑	⿰王無	0	0	ブ ム	いし				16	
璒	⿰王登	0	0	トウ	いし				16	
璘	⿰王粦	0	0	リン					16	
璙	⿰王尞	0	0	リョウ	しろがね				16	
璚	⿰王矞	0	0	ケイ ギョウ ケツ ケチ					16	
璜	⿰王黃	0	0	コウ オウ			かがやく おびだま	u	16	⿰𤣩黄
璟	⿰王景	0	0	エイ ヨウ ケイ キョウ					16	
璠	⿰王番	0	0	ハン ボン	たま				16	
璡	⿰王進	0	0	シン					16	
璣	⿰王幾	0	0	キ ケ	たま		ギ	u	16	
璦	⿰王愛	0	0	アイ					17	
璨	⿰王粲	0	0	サン					17	
璩	⿰王豦	0	0	キョ ゴ					17	
璪	⿰王喿	0	0	ソウ	かざり				17	
璫	⿰王當	0	0	トウ	みみかざり		たま みみだま	u	17	
璮	⿰王亶	0	0	タン	たま				17	
璯	⿰王會	0	0	カイ エ ケ	かざり				17	
璱	⿰王瑟	0	0	シツ シチ	あざ.やか				17	
璲	⿰王遂	0	0	スイ			ズイ	u	17	⿰𤣩⿺辶⿱八豕
璵	⿰王與	0	0	ヨ					17	
璹	⿰王壽	0	0	シュウ ジュ トウ	たま		ドウ シュク ジュク	u	18	
璻	⿰王翠	0	0	スイ					18	
璿	⿰王睿	0	0	セン ケイ ケ			エイ ゼン	u	18	
瓈	⿰王黎	0	0	レイ ライ リ					19	
瓉	⿰王賛	0	0	サン					19	
瓌	⿰王褱	0	0	カイ	たま めずら.しい				20	
瓐	⿰王盧	0	0	ロ ル					20	
瓓	⿰王闌	0	0	ラン					21	
瓘	⿰王雚	0	0	カン	たま				22	
瓚	⿰王贊	0	0	サン			ザン	u	23	
瓛	⿰王獻	0	0	カン ケン コン			ガン ゲツ ゲチ	u	24	
瓞	⿺瓜失	0	0	テツ デチ					11	
瓟	⿺瓜包	0	0	ハク ホウ ビョウ			バク	u	11	⿺瓜⿹勹巳
瓤	⿰襄瓜	0	0	ショウ ニョウ ドウ ノウ	うりわた		ジョウ	u	23	
瓨	⿰工瓦	0	0	コウ	かめ		グ ゴウ	u	8	
瓪	⿺瓦反	0	0	ハン ホン	めがわら		まり	u	9	
瓫	⿱分瓦	0	0	ホン	ほとぎ あふ.れる		ボン	u	9	
瓯	⿰⿷匸又瓦	0	0	オウ	ほとぎ はち かめ		ウ	u	9	⿰区瓦
瓴	⿰令瓦	0	0	レイ リイ リョウ	かめ				10	
瓺	⿰镸瓦	0	0	チョウ ジョウ	かめ				12	
瓻	⿰希瓦	0	0	チ テキ チャク	かめ				12	
瓼	⿺瓦里	0	0		さらけ				12	
瓿	⿰咅瓦	0	0	ホウ フ	かめ		ホ ブ	u	13	
甆	⿱茲瓦	0	0	シ	かめ				15	⿱兹瓦
甒	⿰無瓦	0	0	ブ ム	かめ				17	
甖	⿱賏瓦	0	0	オウ エイ ヨウ	もたい ほとぎ かめ				19	
甗	⿰鬳瓦	0	0	ゲン ゴン	こしき				25	
甠	⿰日生	0	0	セイ					9	
甡	⿰生生	0	0	シン					10	
甤	⿺豕生	0	0	ズイ ニ					12	
甧	⿱甡月	0	0	シン ソン	おお.い				14	
甩	⿵冂⿻二乚	0	0	シュツ					5	
甪	⿱丿用	0	0	ロク	つの				6	
甯	⿱𫲽用	0	0	ネイ ニュウ デイ ニョウ	ねが.い		むしろ やすい	u	12	
甶	⿱丿田	0	0	フツ フチ ヒ					6	
甹	⿱由丂	0	0	ヘイ ビョウ	せわ.しい				7	
甽	⿰田川	0	0	ケン ケイ キョウ	みぞ		シュン ジュン	u	8	
甾	⿱巛田	0	0	シ	かめ				8	
甿	⿰田亡	0	0	モウ ミョウ ボウ					8	
畀	⿱田丌	0	0	ヒ	あた.える たま.う				8	
畃	⿰申勺	0	0	シュン	いいつ.け				8	⿰申⿹勹一
畇	⿰田匀	0	0	イン シュン キン	たがや.す		ケン ゲン テン デン	u	9	⿰田勻
畈	⿰田反	0	0	ハン ホン					9	
畎	⿰田犬	0	0	ケン テイ キョウ	みぞ		ケイ	u	9	
畐	⿱𠮛田	0	0	フク ヒョク ヒキ			ブク	u	9	
畒	⿰亩人	0	0	ボウ ホ モ ム	せ うね				9	
畗	⿳亠口田	0	0	トウ フク	み.ちる		ブク	u	10	
畞	⿻十畂	0	0	ボウ ホ モ ム	せ うね				10	
畟	⿳田儿夂	0	0	ショク シキ ソク					10	⿳田儿夊
畡	⿰田亥	0	0	カイ	はて		ガイ	u	11	
畯	⿰田夋	0	0	シュン					12	
畱	⿱丣田	0	0	リュウ ル	と.める と.まる とど.める とど.まる				12	
畹	⿰田宛	0	0	エン			オン	u	13	
畺	⿳⿱一田⿱一田一	0	0	キョウ コウ	さかい				13	⿳𰢴𰢴一 ⿻畕三
畻	⿰田⿱𠔉土	0	0	ショウ	あぜ くろ つつ.み				14	⿰田⿱龹土
畼	⿰田昜	0	0	チョウ ジョウ	の.びる なが.い にわ				14	
畽	⿰田重	0	0	トン タン トウ ツ	そろわない				14	
畾	⿱田⿰田田	0	0	ルイ ライ スイ	とりで		レ あいだ	u	15	
疁	⿰田翏	0	0	リュ ル キク コク	やきばた		リュウ	u	18	
疅	⿰田畺	0	0	キョウ コウ	さかい				18	
疐	⿳⿱十冖田疋	0	0	チ シ テイ タイ	つまず.く				15	⿳𲓜田疋
疒	⿰冫广	0	0	ダク ニャク ソウ ジョウ	や.む				5	
疓	⿸疒乃	0	0	ザイ ナイ ダイ ネ	や.む やまい ほっす		キュウ	u	7	
疕	⿸疒匕	0	0	ヒ	できもの				7	
疙	⿸疒乞	0	0	ギツ ゴチ キ ケ	おろ.か		キツ コチ	u	8	
疜	⿸疒下	0	0	カ ゲ	はらくだし				8	
疢	⿸疒火	0	0	チン					9	
疤	⿸疒巴	0	0	ハ ヘ	やまい				9	
疴	⿸疒可	0	0	ア	やまい		カ ケ	u	10	
疺	⿸疒乏	0	0	ホウ ヘン	やせ.る				10	
疿	⿸疒弗	0	0	ヒ	あせも				10	
痀	⿸疒句	0	0	ク ウ	せむし		グ	u	10	
痁	⿸疒占	0	0	セン テン	おこり				10	
痄	⿸疒乍	0	0	サ ジャ			シャ	u	10	
痆	⿸疒尼	0	0	ダツ ナチ ジツ ニチ	きず きずいたみ かゆ.い				10	
痌	⿸疒同	0	0	トウ ズ	いた.む				11	
痎	⿸疒亥	0	0	カイ	おこり		ガイ	u	11	
痏	⿸疒有	0	0	イ ユウ ウ	うちきず		イク オク	u	11	
痗	⿸疒每	0	0	バイ マイ カイ	や.む		メ ケ	u	12	
痜	⿸疒秃	0	0	トク	かさ				12	
痟	⿸疒肖	0	0	ショウ	づつう				12	
痠	⿸疒夋	0	0	サン	いた.む				12	
痡	⿸疒甫	0	0	ホ フ	や.む		ブ	u	12	
痤	⿸疒坐	0	0	サ	はれもの えのご		ザ ねぶと	u	12	
痧	⿸疒沙	0	0	サ	これら				12	
痬	⿸疒易	0	0	エキ ヤク セキ シャク	おろ.か うつ.る				13	
痮	⿸疒長	0	0	チョウ	は.れる ふく.らむ ふく.れる				13	
痯	⿸疒官	0	0	カン	や.む				13	
痱	⿸疒非	0	0	ヒ ハイ			バイ ビ	u	13	
痹	⿸疒畀	0	0	ヒ	しび.れる		しびれ	u	13	
瘀	⿸疒於	0	0	ヨ オ	やまい				13	
瘂	⿸疒亞	0	0	ア	おし				13	
瘃	⿸疒豖	0	0	ショク ソク チョク トク	しもや.け		チク	u	13	
瘄	⿸疒昔	0	0	シャク	やまい		ソ	u	13	
瘇	⿸疒重	0	0	ショウ ジュ	は.れる				14	
瘈	⿸疒契	0	0	ケイ セイ	くる.う				14	
瘊	⿸疒侯	0	0	コウ グ	いぼ		ゴ	u	14	
瘌	⿸疒剌	0	0	ラツ ラチ ライ	きず				14	
瘏	⿸疒者	0	0	ト ズ	や.む				14	⿸疒⿻者丶
瘒	⿸疒軍	0	0	ゴン	おろ.か				14	
瘓	⿸疒奐	0	0	タン	や.む				14	
瘕	⿸疒叚	0	0	カ ケ	やまい		ガ ゲ きず	u	14	
瘖	⿸疒音	0	0	イン オン	おし				14	
瘙	⿸疒蚤	0	0	ソウ	かさ				15	
瘛	⿸疒恝	0	0	セイ セツ セチ	ひきつ.け		ケイ ゲイ	u	15	
瘜	⿸疒息	0	0	ショク ソク			あまじし	u	15	
瘝	⿸疒⿱罒⿰⿱丿丿⿰丨⿱丿乀	0	0	カン ケン	や.む				15	⿸疒⿱罒⿰𰀪𰀠 ⿸疒眔
瘞	⿸㾜土	0	0	エイ	うず.める				15	⿸疒𱖪
瘣	⿸疒鬼	0	0	カイ ライ	や.む		エ レ	u	15	
瘥	⿸疒差	0	0	サ シャ サイ	い.える		ザ セ	u	15	
瘦	⿸疒叟	10	0	ソウ チュウ シュウ チュ	やせ.る		シュ	u	15	
瘩	⿸疒荅	0	0	トウ	はれもの				15	
瘭	⿸疒票	0	0	ヒョウ	はれもの				16	
瘲	⿸疒從	0	0	ショウ シュ	ひきつ.け				16	
瘳	⿸疒翏	0	0	チュウ チュ リョウ	い.える				16	
瘵	⿸疒祭	0	0	サイ セイ	や.む				16	
瘸	⿸疒𦙲	0	0	カ クウ			ガ	u	16	⿸痂肉
瘹	⿸疒釣	0	0	チョウ	くる.う				16	
瘺	⿸疒屚	0	0	ル ロウ	せむし かさ できもの				16	
瘼	⿸疒莫	0	0	バク マク	や.む				16	
癊	⿸疒陰	0	0	イン オン					16	
癀	⿸疒黃	0	0	コウ オウ					17	⿸疒黄
癁	⿸疒復	0	0	フク	や.む		ボク	u	17	
癃	⿸疒隆	0	0	リュウ リュ	つか.れる		やむ	u	17	
癄	⿸疒焦	0	0	ショウ ソウ	やつ.れる やせ.る		ジョウ	u	17	
癅	⿸疒畱	0	0	リュウ ル	こぶ				17	
癉	⿸疒單	0	0	タン タ	やす.む		つかれる	u	17	
癋	⿸疒惡	0	0	カク			ガ	u	17	
癕	⿸疒雍	0	0	ヨウ	はれもの				18	
癙	⿸疒鼠	0	0	ショ			ソ	u	18	
癟	⿸疒⿱自侖	0	0	ハツ ヘツ ベチ	とべない				19	
癤	⿸疒⿱竹卽	0	0	セツ セチ	かさ		かたね ねぶと	u	20	⿸疒⿱𥫗卽 ⿸疒節
癥	⿸疒徵	0	0	チョウ	しこり				20	
癭	⿸疒嬰	0	0	エイ ヨウ	こぶ				22	
癮	⿸疒隱	0	0	イン オン	はれもの		かざほろし	u	22	
癯	⿸疒瞿	0	0	ク	やせ.る		グ	u	23	
癱	⿸疒難	0	0	タン	しび.れる				24	
癴	⿸疒攣	0	0	レン	やせ.る や.む		ラン ひく	u	30	
皁	⿱白十	0	0	ソウ	しもべ		ゾウ うまや くろい くろぎぬ	u	7	
皅	⿰白巴	0	0	ハ ヘ			ベ	u	9	
皌	⿰白末	0	0	バツ マチ					10	
皍	⿱白𠨐	0	0	ソク	つ.く つ.ける すなわ.ち				10	
皕	⿰百百	0	0	ヒョク ヒキ ヒ					12	
皛	⿱白㿟	0	0	キョウ テイ ハク	あらわ.れる		ギョウ ヒャク ケイ バク	u	15	⿱白⿰白白
皜	⿰白高	0	0	コウ			ゴウ しろい	u	15	
皝	⿰皇光	0	0	コウ オウ					15	
皟	⿰白責	0	0	サク	きよ.い やせ.る		シャク	u	16	
皠	⿰白崔	0	0	サイ セ	しろ.い				16	
皢	⿰白堯	0	0	キョウ	しろ.い あき.らか				17	
皣	⿰白華	0	0	ヨウ					17	
皤	⿰白番	0	0	ハ ハン			バ バン しろい	u	17	
皥	⿰白臯	0	0	コウ	あき.らか				17	⿰白⿱自⿻⿰二二十
皦	⿰白敫	0	0	キョウ	しろ.い				18	
皧	⿰白愛	0	0	アイ	きよ.い				18	
皨	⿱皛土	0	0	セイ ショウ	ほし				18	
皪	⿰白樂	0	0	レキ リャク ラク ハク	しろ.い				20	
皭	⿰白爵	0	0	シャク ザク ショウ	しろ.い				23	
皽	⿰亶皮	0	0	テン セン シュウ タン	かわ		ショウ	u	18	
盁	⿱乃皿	0	0	エイ	み み.ちる				7	
盅	⿱中皿	0	0	チュウ ジュ	むな.しい				9	
盉	⿱禾皿	0	0	カ ワ クウ	ととの.える				10	
盋	⿱犮皿	0	0	ハツ ハチ	わん				10	
盌	⿱夗皿	0	0	ワン			はち	u	10	
盎	⿱央皿	0	0	オウ	はち		ほとぎ みちあふれる	u	10	
盔	⿱灰皿	0	0	カイ	はち		ケ かぶと	u	11	⿱⿸𠂇火皿
盙	⿱甫皿	0	0	フ					12	
盠	⿱彖皿	0	0	レイ ライ リ	ひさご わりご				13	
盦	⿱酓皿	0	0	オウ アン オン	ふた				16	
盨	⿱須皿	0	0	シュ ス ショ ソ	うつわ				17	
盬	⿱⿰臣⿱𠂉古皿	0	0	コ ク	あらしお		しおいけ もろい しお	u	18	
盰	⿰目干	0	0	カン	しろめ				8	
盱	⿰目于	0	0	ク ウ コ					8	
盶	⿰目元	0	0	ゲン ギン ガン	もと.る おと.る				9	
盹	⿰目屯	0	0	シュン					9	
盼	⿰目分	0	0	ハン ヘン フン			ブン	u	9	
眀	⿰目月	0	0	ベイ ミョウ	みる		メイ ホウ とも	u	9	
眆	⿰目方	0	0	ホウ	ほの.か なら.う				9	
眊	⿰目毛	0	0	ボウ モウ バク マク	くら.い		バイ メ おいぼれ	u	9	
眎	⿰目示	0	0	シ	み.る		ジ	u	10	
眒	⿰目申	0	0	シン	みは.る はや.い おどろ.く				10	
眔	⿱罒氺	0	0	トウ			ドウ	u	10	
眕	⿰目㐱	0	0	シン チン					10	
眗	⿰目句	0	0	ク コウ					10	
眙	⿰目台	0	0	チ チョウ イ	み.つめる				10	
眚	⿱生目	0	0	セイ ショウ			あやしい あやまち はぶく へらす	u	10	
眜	⿰目末	0	0	バツ マチ ベツ メチ	くら.い				10	
眢	⿱夗目	0	0	ワン エン オン			イ	u	10	
眨	⿰目乏	0	0	ソウ ショウ	またた.く				10	
眭	⿰目圭	0	0	キ ケイ エ スイ			イ ケ ボク モク	u	11	
眮	⿰目同	0	0	トウ ズ	まぶち みまわ.す				11	
眯	⿰目米	0	0	ベイ マイ ビ ミ	くる.む				11	
眴	⿰目旬	0	0	ケン シュン	またた.く めくわ.す めくわ.せる		ゲン ジュン くらむ	u	11	
眵	⿰目多	0	0	シ					11	
眶	⿰目匡	0	0	キョウ コウ	まぶた				11	
眹	⿰目关	0	0	チン ジン ショウ	ひとみ				11	⿰目⿱八天
眽	⿰目𠂢	0	0	バク ミャク ベキ					11	
眾	⿱罒⿲人亻人	0	0	シュウ シュ	おお.い				11	⿱罒⿲人⿱㇒丨人 ⿱⺫𫡑
睂	⿱⿰仌丨⿸丆目	0	0	ビ ミ	まゆ				12	⿱⿽𠃎仌⿰丿目
睅	⿰目旱	0	0	カン ゲン			ガン	u	12	
睆	⿰目完	0	0	カン ゲン ワン			カツ カチ	u	12	
睊	⿰目肙	0	0	エン ダン	ぬすみ.みる		ケン	u	12	
睍	⿰目見	0	0	ケン			ゲン	u	12	
睎	⿰目希	0	0	キ ケ					12	
睏	⿰目困	0	0	コン	ねむ.る				12	
睒	⿰目炎	0	0	セン ダン	ぬすみ.みる		タン	u	13	
睖	⿰目夌	0	0	チョウ リョウ	みる				13	
睗	⿰目易	0	0	セキ シャク	いなびかり				13	
睜	⿰目爭	0	0	セイ ジョウ	めっき				13	
睞	⿰目來	0	0	ライ	みる				13	
睟	⿰目卒	0	0	スイ サイ	あき.らか		セ	u	13	
睠	⿰目卷	0	0	ケン	かえり.みる				13	
睢	⿰目隹	0	0	キ ケイ ケ スイ	みあ.げる		イ ほしいまま	u	13	
睤	⿰目畀	0	0	ヘイ	ながしめ み.る				13	
睧	⿰目昏	0	0	コン	くら.い				13	
睪	⿱罒幸	0	0	エキ ヤク ジョウ ニョウ	うかがい.める		タク ト ジャク ツ	u	13	⿱⺫幸
睬	⿰目采	0	0	サイ					13	
睰	⿰目若	0	0	バツ マチ	みる				14	
睲	⿰目星	0	0	セイ ショウ	みる ひとみがかがや.く				14	
睳	⿰目奎	0	0	ケイ ケ	かす.む				14	
睴	⿰目軍	0	0	コン	みる		ゴン キ ひかり	u	14	
睺	⿰目侯	0	0	コウ グ	かた.める		ゴ	u	14	
睽	⿰目癸	0	0	ケイ ケ キ			ギ そむく	u	14	
瞀	⿱敄目	0	0	ボツ ボウ モ ム			モウ モク バク マク	u	14	
瞄	⿰目苗	0	0	ビョウ	み.つめる				14	
瞌	⿰目盍	0	0	コウ					15	
瞍	⿰目叟	0	0	ソウ ス ショウ	めくら		シュ めしい	u	16	
瞔	⿰目責	0	0	サク シャク					16	
瞕	⿰目章	0	0	ショウ	かす.む				16	
瞖	⿱殹目	0	0	エイ					16	
瞚	⿰目寅	0	0	シュン	またた.く				16	
瞟	⿰目票	0	0	ヒョウ	み.る		ビョウ	u	16	
瞢	⿱⿳艹罒冖目	0	0	ボウ ム モウ	くら.い		ベツ ミョウ メチ はじる	u	16	⿳⿱卝罒冖目
瞧	⿰目焦	0	0	ショウ	ぬすみ.みる		ジョウ	u	17	
瞪	⿰目登	0	0	トウ	みは.る		ドウ ジョウ チョウ みつめる	u	17	
瞮	⿲目育攵	0	0	テツ テチ	あき.らか				17	⿰目𰕎
瞯	⿰目閒	0	0	カン ケン	うわめづかい ながしめ		ゲン うかがう	u	17	
瞱	⿰目華	0	0	ヨウ					17	
瞵	⿰目粦	0	0	リン レン	ひとみ		くらい にらむ	u	17	
瞾	⿱䀠空	0	0	ショウ	て.る て.らす て.れる				18	
矃	⿰目寧	0	0	デイ ゲイ ニョウ ネイ					19	
矉	⿰目賓	0	0	ヒン	にら.む		ビン	u	19	
矑	⿰目盧	0	0	ロ ル	みる				19	
矒	⿰目瞢	0	0	ボウ ム モウ	くら.い				21	
矕	⿱䜌目	0	0	バン マン ラン	み.る みそな.わす				24	
矙	⿰目闞	0	0	カン	み.る				25	
矞	⿱矛冏	0	0	イツ イチ シュツ ジュチ			キツ ケツ キチ ケチ	u	12	
矟	⿰矛肖	0	0	サク	ほこ				12	
矠	⿰矛昔	0	0	サク シャク	ほこ		ザク	u	13	
矤	⿰弓矢	0	0	シン	いわ.んや は.ぐ はぎ				8	
矦	⿸厃矢	0	0	コウ			ゴ	u	9	
矪	⿰矢舟	0	0	チュウ チュ	くるりや				11	
矬	⿰矢坐	0	0	サ			ザ	u	12	
矰	⿰矢曾	0	0	ソウ			や いぐるみ	u	17	
矱	⿰矢蒦	0	0	ワク	ものさし				19	
矴	⿰石丁	0	0	テイ	いかり		チョウ	u	7	
矸	⿰石干	0	0	カン	きぬた		ガン	u	8	
矻	⿰石乞	0	0	コツ クチ カツ カチ	いし				8	
砅	⿰石水	0	0	レイ リ ヒョウ	わた.る				9	
砆	⿰石夫	0	0	フ	いし				9	
砉	⿱丯石	0	0	ケキ キャク カク ワク			ギャク	u	9	⿱丰石
砍	⿰石欠	0	0	カン コン キン	き.る				9	
砎	⿰石介	0	0	カイ カツ ケチ	かた.い				9	
砑	⿰石牙	0	0	ガ ゲ	する		すりくだく みがく	u	9	
砝	⿰石去	0	0	キョウ コウ ホウ	かた.い				10	
砡	⿰石玉	0	0	ギク ギョク ゴク	そろ.える				10	
砢	⿰石可	0	0	ラ カ	いしづみ				10	
砣	⿰石它	0	0	タ	いし		ダ	u	10	
砭	⿰石乏	0	0	ヘン	いしばり		いましめ	u	10	
砮	⿱奴石	0	0	ド ヌ	やじり				10	
砰	⿰石平	0	0	ホウ ヒョウ			ビョウ	u	10	
砵	⿰石本	0	0	オウ ハツ					10	
砷	⿰石申	0	0	シン					10	
硃	⿰石朱	0	0	シュ					11	
硄	⿰石光	0	0	コウ					11	
硇	⿰石囟	0	0	ドウ ニョウ					11	
硈	⿰石吉	0	0	カツ ケチ	かた.い		カチ	u	11	
硌	⿰石各	0	0	ラク レキ リャク					11	
硎	⿰石刑	0	0	ケイ	といし				11	
硒	⿰石西	0	0	セイ					11	
硜	⿰石巠	0	0	コウ キョウ ケイ					12	
硞	⿰石吿	0	0	カク キャク コク					12	⿰石告
硠	⿰石良	0	0	ロウ					12	
硡	⿰石宏	0	0	コウ			ゴウ	u	12	
硣	⿰石孝	0	0	コウ キョウ					12	
硤	⿰石夾	0	0	コウ ギョウ					12	
硨	⿰石車	0	0	シャ					12	
硪	⿰石我	0	0	ギ ガ	いそ いわお				12	
确	⿰石角	0	0	カク			たしか きそう	u	12	
硺	⿰石豖	0	0	タク チョク	う.つ				13	
硾	⿰石垂	0	0	ツイ ズイ ダ	つ.く		タ	u	13	
碊	⿰石戔	0	0	セン サン オク	の.せる そそ.ぐ うつ.る さか		ゼン	u	13	
碏	⿰石昔	0	0	シャク サク セキ	つつし.む				13	
碔	⿰石武	0	0	ブ ム					13	
碘	⿰石典	0	0	テン					13	
碡	⿰石毒	0	0	トク チク ジク			ドク	u	13	
碝	⿰石耎	0	0	ゼン ネン					14	
碞	⿱品石	0	0	ガン	いわ けわ.しい		ギン ゴン ゲン	u	14	
碟	⿰石枼	0	0	カツ ガチ セツ ゼチ	かわぐつ		ジョウ チョウ	u	14	
碤	⿰石英	0	0	エイ ヨウ	いし				14	
碨	⿰石畏	0	0	ワイ エ イ					14	
碬	⿰石叚	0	0	カ ケ ゲ	といし				14	
碭	⿰石昜	0	0	トウ	いし		ドウ あふれる おおきい すぎる	u	14	
碰	⿰石並	0	0	ホウ	ぶつか.る				14	⿰石並
碱	⿰石咸	0	0	ケン カン セン	あ.く				14	
碲	⿰石帝	0	0	テイ					14	
碳	⿰石炭	0	0	タン					14	
碻	⿰石高	0	0	カク コウ	たし.かめる		キョウ かたい	u	15	
碽	⿰石貢	0	0	コウ ク					15	
碿	⿰石屑	0	0	ソツ ソチ	みが.く				15	
磇	⿰石𣬉	0	0	ヒ ヘイ					15	
磈	⿰石鬼	0	0	イ キ カイ	けわ.しい		エ ガイ ゲ ギ	u	15	
磉	⿰石桑	0	0	ソウ	いしずえ				15	
磌	⿰石眞	0	0	テン シン			デン フン ブン	u	15	⿰石真
磎	⿰石奚	0	0	ケイ	たに たにがわ				15	
磒	⿰石員	0	0	イン エン ウン	おち.る				15	
磓	⿰石追	0	0	タイ テ ツイ ズイ	お.とす う.つ				15	
磕	⿰石盍	0	0	カイ コウ カツ カチ					15	
磖	⿰石習	0	0	ロウ					15	
磤	⿰石殷	0	0	イン オン					15	
磛	⿱斬石	0	0	サン セン	けわ.しい		ザン ゼン	u	16	
磟	⿰石翏	0	0	リク ロク					16	
磠	⿰石鹵	0	0	ロ	すな				16	
磡	⿰石勘	0	0	カン コン					16	
磦	⿰石票	0	0	ヒョウ	みね				16	
磪	⿰石崔	0	0	サイ スイ	けわ.しい		セ ゼ	u	16	
磲	⿰石渠	0	0	キョ ゴ					17	
磳	⿰石曾	0	0	ソウ ジョウ	いし				17	
礀	⿰石閒	0	0	カン ケン	たに				17	
磶	⿰石舄	0	0	セキ シャク	いしずえ				17	
磷	⿰石粦	0	0	リン ロウ リョウ	なが.れる うすい うす.らぐ きらら				17	
磺	⿰石黃	0	0	コウ	あらがね		オウ	u	17	⿰石黄
磻	⿰石番	0	0	ハン ハ	いし		バン	u	17	
磿	⿸厤石	0	0	レキ リャク					17	
礆	⿰石僉	0	0	ケン	けわ.しい				18	
礌	⿰石雷	0	0	ライ	お.とす		レ	u	18	
礐	⿱𦥯石	0	0	カク コク			ゴク ラク リャク ヨク	u	18	
礚	⿰石蓋	0	0	カイ					19	
礜	⿱與石	0	0	ヨ					19	
礞	⿰石蒙	0	0	ボウ ム	いし		モ	u	19	
礟	⿰石駁	0	0	ホ ホウ	いしはじき				19	
礠	⿰石慈	0	0	ジ					19	⿰石慈
礥	⿰石賢	0	0	キン ケン	むつか.しい		ギン ゲン	u	19	
礧	⿰石畾	0	0	ライ ルイ			レ	u	20	
礩	⿰石質	0	0	シツ シチ	いしずえ		シ チツ	u	20	
礭	⿰石霍	0	0	カク	むち				21	
礱	⿱龍石	0	0	ロウ ル	と.ぐ		といし	u	21	
礴	⿰石⿱蒲寸	0	0	ハク	ま.じる		バク	u	22	⿰石薄
礵	⿰石霜	0	0	ソウ	ひそ				22	
礻		0	0	シ					4	
礽	⿰示乃	0	0	ジョウ ニョウ	さいわ.い				6	
礿	⿰示勺	0	0	ヤク ヨウ	まつり				7	⿰示⿹勹一
祄	⿰示介	0	0	カイ	たす.ける		ガイ	u	8	
祅	⿰示夭	0	0	ヨウ	わざわ.い				8	
祆	⿰示天	0	0	ケン テン					8	
祊	⿰示方	0	0	ホウ ヒョウ	まつり				8	
祋	⿰示殳	0	0	タイ タツ タチ	ほこ		テ	u	8	
祏	⿰示石	0	0	セキ ジャク	いはい				9	
祑	⿰示失	0	0	チツ ジチ					9	
祔	⿰示付	0	0	フ	あわせまつ.る		ブ	u	9	
祘	⿰示示	0	0	サン	かぞ.える				9	
祛	⿰示去	0	0	キョ コ	はら.う		おう さる ちらす やる	u	9	
祜	⿰示古	0	0	コ	さいわ.い		ゴ	u	9	
祧	⿰示兆	0	0	チョウ					10	
祩	⿰示朱	0	0	シュ チュ	のろ.う				10	
祫	⿰示合	0	0	コウ ギョウ	まつ.る				10	
祲	⿰示𠬶	0	0	シン					11	
祹	⿰示匋	0	0	トウ	さいわ.い		ドウ	u	11	
祻	⿰示固	0	0	コ ク	まつり				11	
祼	⿰礻果	0	0	カン	まつり				12	⿰示果
祾	⿰示夌	0	0	リョウ ロウ	いつく.しみ				12	
禋	⿰示垔	0	0	イン エン	まつ.る				13	
禌	⿰示兹	0	0	シ	いこ.う				13	
禑	⿰示禺	0	0	グ ゴ	さいわ.い				13	
禓	⿰示昜	0	0	ヨウ ショウ	まつり				13	
禔	⿰示是	0	0	シ テイ ダイ	さいわ.い		ジ	u	13	
禕	⿰示韋	0	0	イ	よい				13	
禖	⿰示某	0	0	バイ マイ			メ	u	13	
禘	⿰示帝	0	0	テイ ダイ	まつり				13	
禛	⿰示眞	0	0	シン	う.ける				14	⿰示真
禜	⿱𤇾示	0	0	エイ ヨウ					15	
禡	⿰示馬	0	0	バ メ	まつり				14	
禨	⿰示幾	0	0	キ ケ	きざし		ギ	u	16	
禩	⿰示異	0	0	シ			まつる	u	16	
禫	⿰示覃	0	0	タン ドン	まつり				16	
禯	⿰示農	0	0	チョウ ジョウ ニュ	まつり				17	
禱	⿰示壽	9	0	トウ	いの.る まつ.る				18	
禴	⿰示龠	0	0	ヤク ヨウ	まつり				21	
禸	⿻冂厶	0	0	ジュウ ニュ	あしあと		ぐうのあし	u	5	
离	⿱㐫禸	0	0	チ リ					11	
秂	⿱禾人	0	0	ジン ニン					7	
秄	⿰禾子	0	0	シ	つちか.う				8	
秇	⿰禾丸	0	0	ゲイ ウン	う.える のり わざ				8	
秈	⿰禾山	0	0	セン	うるち				8	
秊	⿱禾千	0	0	ネン	とし				8	
秏	⿰禾毛	0	0	コウ カイ ボウ モウ			ケ へる	u	9	
秔	⿰禾亢	0	0	コウ	うるち ぬか		キョウ	u	9	
秖	⿰禾氏	0	0	シ	みの.る				9	
秚	⿰禾半	0	0	ハン	やわ.らぐ		バン	u	10	⿰禾⿻八𰀁
秝	⿰禾禾	0	0	レキ リャク	なら.ぶ				10	
秞	⿰禾由	0	0	ユウ ユ	しげ.る				10	
秠	⿰禾丕	0	0	ヒ フウ フ ヒュウ	くろきび		ヒュ	u	10	
秢	⿰禾令	0	0	レイ リョウ	よわい				10	
秥	⿰禾占	0	0	デン ネン	いね				10	
秪	⿰禾氐	0	0	チ	みの.る		シ まさに	u	10	
秫	⿰禾朮	0	0	ジョツ シュツ チュツ	もちあわ おけら		ジュツ ジュチ きび はり	u	10	⿰禾术
秭	⿰禾𠂔	0	0	シ			つむ	u	10	
秱	⿰禾同	0	0	トウ ズ					11	
秸	⿰禾吉	0	0	カツ ケチ カイ	わら		キツ キチ	u	11	
秼	⿰禾朱	0	0	シュ	のろ.う				11	
稂	⿰禾良	0	0	ロウ リョウ	いぬあわ				12	
稃	⿰禾孚	0	0	フ フウ	もみがら		ブ	u	12	
稇	⿰禾困	0	0	コン	う.れる くく.る				12	
稉	⿰禾更	0	0	コウ	うるち ぬか		キョウ	u	12	
稊	⿰禾弟	0	0	テイ ダイ	いぬびえ				12	
稌	⿰禾余	0	0	ト ズ ショ	いね		ジョ	u	12	
稑	⿰禾坴	0	0	リク ロク	わせ				13	
稕	⿰禾享	0	0	シュン	わらたば				13	
稛	⿰禾囷	0	0	コン キン クン	くく.る				13	
稞	⿰禾果	0	0	カ ゲ ラ	むぎ				13	
稡	⿰禾卒	0	0	ソツ ソチ サイ セ	あつ.まる あつ.める				13	
稧	⿰禾契	0	0	ケイ ケツ ケチ	わら みそぎ		ゲイ	u	14	
稫	⿰禾畐	0	0	ヒョク ヒキ	しげ.る				14	
稭	⿰禾皆	0	0	カツ ケチ カイ	わら		みご みごわら	u	14	
稯	⿰禾㚇	0	0	ソウ ス	たば				14	
稰	⿰禾胥	0	0	ショ					14	
稴	⿰禾兼	0	0	レン ケン カン	うるち		ゲン	u	15	
稵	⿰禾茲	0	0	シ シュウ	う.える ま.く ます				15	⿰禾兹
稸	⿰禾畜	0	0	キク コク チク トク	つ.む たくわえ.る				15	
稹	⿰禾眞	0	0	シン テン ヘン	しげ.る		デン	u	15	⿰禾真
稺	⿰禾屖	0	0	チ ジ	いと.けない おさな.い おくて おご.る				15	
穄	⿰禾祭	0	0	セイ サイ	くろきび				15	
穅	⿰禾康	0	0	コウ	ぬか むな.しい				16	
穇	⿰禾參	0	0	サン シン	ひえ				16	
穈	⿸麻禾	0	0	ボン モン ビ ミ					16	⿸广⿱𣏟禾
穌	⿰魚禾	0	0	ソ	かきあつ.める				16	
穕	⿰禾集	0	0	ショウ					17	
穖	⿰禾幾	0	0	キ ケ					17	
穙	⿰禾菐	0	0	ホク	しげ.る		ボク	u	17	
穜	⿰禾童	0	0	トウ ズ ショウ シュ	おくて		チョウ ジュ	u	17	
穝	⿰禾最	0	0	サイ					17	
穟	⿰禾遂	0	0	スイ	ほ		ズイ	u	17	⿰禾⿺辶⿱八豕
穠	⿰禾農	0	0	ジョウ ニュ	しげ.る				18	
穥	⿰禾與	0	0	ヨ	う.える				18	
穧	⿰禾齊	0	0	セイ ザイ シ	かりいね		サイ	u	18	
穪	⿰禾爾	0	0	ショウ	たた.える とな.える あ.げる かな.う				18	
穭	⿰禾魯	0	0	リョ ロ					20	
穵	⿱宂乙	0	0	アツ エチ	あな		ワツ	u	6	⿱⿱宀儿乙 ⿱穴乙
穸	⿱穴夕	0	0	セキ ジョク キュウ	よ.る		ジャク	u	8	⿱⿱宀儿夕
穾	⿱穴夭	0	0	ヨウ	ふか.い				9	⿱⿱宀儿夭
窀	⿱穴屯	0	0	チュン トン タン	あつ.い		ドン ダン	u	9	⿱⿱宀儿屯
窂	⿱穴牛	0	0	ロウ	み.ちる おり				9	⿱⿱宀儿牛
窅	⿱穴目	0	0	ヨウ オウ ベン メン			エイ	u	10	⿱⿱宀儿目
窆	⿱穴乏	0	0	ビン ホウ ヘン	ほうむ.る				10	⿱⿱宀儿乏
窊	⿱穴瓜	0	0	ワ エ ユ	くぼ.む				11	⿱⿱宀儿瓜
窋	⿱穴出	0	0	チュツ タツ タチ			チュチ	u	10	⿱⿱宀儿出
窐	⿱穴圭	0	0	ケイ ケ ワ エ	うつろ		オウ ヨウ エイ コウ	u	10	⿱⿱宀儿圭
窑	⿱穴缶	0	0	ヨウ	かま				11	⿱⿱宀儿缶
窔	⿱穴交	0	0	ヨウ	ふか.い				11	⿱⿱宀儿交
窞	⿱穴臽	0	0	タン ドン ラン	あな		ロン	u	12	⿱⿱宀儿臽
窠	⿱穴果	0	0	カ	す		くぼみ あな	u	13	⿱⿱宀儿果
窣	⿱穴卒	0	0	ソツ ソチ					13	⿱⿱宀儿卒
窬	⿱穴兪	0	0	ユ トウ ズ	くぐりど		うがつ	u	14	⿱⿱宀儿兪 ⿱穴俞
窳	⿱穴㼌	0	0	ワ エ ユ	くぼ.む		いびつ おこたる ひくい ゆがむ	u	17	⿱⿱宀儿㼌
窵	⿱穴鳥	0	0	チョウ トウ	おくふか.い				15	⿱⿱宀儿鳥
窹	⿱穴𤕻	0	0	ゴ	かまど				16	⿱⿱宀儿𤕻
窻	⿱穴悤	0	0	ソウ ス	まど てんまど けむだし				16	⿱⿱宀儿悤
窼	⿱穴巢	0	0	ソウ ショウ	ねぐら				16	⿱⿱宀儿巢
竆	⿱穴躳	0	0	キュウ キョウ	きわ.める きわ.まる きわ.み				19	⿱⿱宀儿躳
竉	⿱穴龍	0	0	ロウ ル	あな				21	⿱⿱宀儿龍
竌	⿰立几	0	0	ショ	ただ.しい				7	
竎	⿱立廾	0	0	フウ フ	のぼ.る				8	
竑	⿰立厷	0	0	コウ オウ	ひろ.い		ギョウ ソウ	u	9	
竛	⿰立令	0	0	レイ リョウ	いく				10	
竨	⿰立卓	0	0	チョウ	たかくけ.わしい		ジョウ	u	13	
竩	⿰立宜	0	0	ギ	よしみ よい				13	
竫	⿰立爭	0	0	セイ ジョウ	やす.らか		やすい	u	13	⿰立争
竬	⿰立禹	0	0	ク	た.つ				14	
竱	⿰立專	0	0	セン テン タン	ひと.しい ひとしく.する				16	
竴	⿰立尊	0	0	シュン	よろこ.ぶ				17	
竻	⿱竹力	0	0	ロク キン コン	すじ				8	⿱𥫗力
竽	⿱竹于	0	0	ウ	ふえ				9	⿱𥫗于
竾	⿱竹也	0	0	チ シ	ふえ				9	⿱𥫗也
笇	⿱竹卞	0	0	サン	かぞ.える				10	⿱𥫗卞
笔	⿱竹毛	0	0	ヒツ	ふで				10	⿱𥫗毛
笟	⿱竹瓜	0	0	コ	たが		ク	u	12	⿱𥫗瓜
笣	⿱竹包	0	0	ホウ ヒョウ コウ キョウ					11	⿱𥫗⿹勹巳
笧	⿱竹冊	0	0	サク	しがら.む				11	⿱𥫗冊 ⿱竹册
笩	⿱竹代	0	0	ハイ	とびあ.がる		バイ ハツ バツ いかだ	u	11	⿱𥫗代
笪	⿱竹旦	0	0	タン タツ タチ	う.つ				11	⿱𥫗旦
笫	⿱竹𠂔	0	0	シ シツ シチ	ゆか		シン	u	11	⿱𥫗𠂔
笭	⿱竹令	0	0	レイ リョウ	ちりよけ		かご びく	u	11	⿱𥫗令
笮	⿱竹乍	0	0	サク シャク	せま.い		サ ザク シャ	u	11	⿱𥫗乍
笯	⿱竹奴	0	0	ド ヌ ダ ナ	とりかご		ネ	u	11	⿱𥫗奴
笰	⿱竹弗	0	0	フツ フチ ヒ	おお.い				11	⿱𥫗弗
笱	⿱竹句	0	0	コウ ク			やな	u	11	⿱𥫗句
笴	⿱竹可	0	0	カ コウ カン	やがら				11	⿱𥫗可
笽	⿱竹皿	0	0	ミン	そうけ ざる				11	⿱𥫗皿
笿	⿱竹各	0	0	ラク	わんかご たば.ねる つか.ねる				12	⿱𥫗各
筀	⿱竹圭	0	0	ケイ ケ	たけ				12	⿱𥫗圭
筁	⿱竹曲	0	0	キョク コク	かいこの.す				12	⿱𥫗曲
筇	⿱竹邛	0	0	キョウ ク	たけ		グ つえ	u	12	⿱𥫗邛
筎	⿱竹如	0	0	ジョ ニョ	まきはだ				12	⿱𥫗如
筕	⿱竹行	0	0	コウ ギョウ グウ	たけむしろ		ゴウ	u	12	⿱𥫗行
筠	⿱竹均	0	0	イン ウン	たけ				13	⿱𥫗均
筤	⿱竹良	0	0	ロウ リョウ	かご				13	⿱𥫗良
筦	⿱竹完	0	0	カン	ふえ くだ		つかさどる	u	13	⿱𥫗完
筩	⿱竹甬	0	0	トウ ズ ヨウ ユ			ながい	u	13	⿱𥫗甬
筪	⿱竹匣	0	0	コウ ギョウ	たけ		ゴウ	u	13	⿱𥫗匣
筭	⿱竹弄	0	0	サン	そろばん かぞ.える				13	⿱𥫗弄
筯	⿱竹助	0	0	チョ ジョ	はし				13	⿱𥫗助
筲	⿱竹肖	0	0	ソウ ショウ サク	かご		めしびつ	u	13	⿱𥫗肖
筳	⿱竹廷	0	0	テイ チョウ ジョウ	いとくだ				13	⿱𥫗廷
筷	⿱竹快	0	0	カイ	はし				13	⿱𥫗快
箄	⿱竹卑	0	0	ハイ ヒ ヘキ ヘイ	かご		バイ ビャク	u	14	⿱𥫗⿱⿱㇒⿻日丿十
箉	⿱竹拐	0	0	カイ ゲ					14	⿱𥫗拐
箎	⿱竹虎	0	0	コ ク チ ジ					14	⿱𥫗虎
箐	⿱竹靑	0	0	セイ ショウ セン			ソウ	u	14	⿱𥫗靑
箑	⿱竹疌	0	0	ソウ ショウ	おうぎ		ゾウ	u	14	⿱𥫗疌
箖	⿱竹林	0	0	リン	たけ		ロン	u	14	⿱𥫗林
箛	⿱竹孤	0	0	コ ク	ふえ				15	⿱𥫗孤
箞	⿱竹卷	0	0	ケン	たわ.める				14	⿱𥫗卷
箠	⿱竹垂	0	0	スイ	たけ		ズイ ツイ むち	u	15	⿱𥫗垂
箥	⿱竹波	0	0	ハ					15	⿱𥫗波
箬	⿱竹若	0	0	ジャク ジョク ニャク ヒャク	たけのかわ				15	⿱𥫗若
箯	⿱竹便	0	0	ヘン	たけごし		ベン あおだ あんだ	u	15	⿱𥫗便
箰	⿱筍子	0	0	シュン イン	たけのこ たかんな				15	⿱𥫗㝁
箲	⿱竹洗	0	0	セン	ささら				15	⿱𥫗洗
箵	⿱竹省	0	0	セイ ショウ					15	⿱𥫗省
箶	⿱竹胡	0	0	コ	たけ		ゴ	u	15	⿱𥫗胡
箺	⿱竹春	0	0	シュン	たけ				15	⿱𥫗春
箻	⿱竹律	0	0	リツ					15	⿱𥫗律
箼	⿱竹屋	0	0	オク	しげ.る				15	⿱𥫗屋
箽	⿱竹重	0	0	トウ ツ	たけ				15	⿱𥫗重
篂	⿱竹星	0	0	セイ ショウ					15	⿱𥫗星
篅	⿱竹耑	0	0	スイ セン テン タン	ざる		ゼン ズイ デン	u	15	⿱𥫗耑
篈	⿱竹封	0	0	ホウ フ					15	⿱𥫗封
篊	⿱竹洪	0	0	コウ グ	とい				15	⿱𥫗洪
篔	⿱竹員	0	0	ウン エン	たけ				16	⿱𥫗員
篖	⿱竹唐	0	0	トウ			ドウ	u	16	⿱𥫗唐
篗	⿱竹隻	0	0	ワク	いとわく				16	⿱𥫗隻
篙	⿱竹高	0	0	コウ	さお				16	⿱𥫗高
篚	⿱竹匪	0	0	ヒ	はこ		かたみ	u	16	⿱𥫗匪
篛	⿱竹弱	0	0	ジャク ジョク ニャク ヒャク	たけのかわ				16	⿱𥫗弱
篨	⿱竹除	0	0	チョ ジョ	たけむしろ				16	⿱𥫗除
篪	⿱竹虒	0	0	チ シ	ふえ		ジ	u	16	⿱𥫗虒
篲	⿱竹彗	0	0	スイ エ ケイ セイ	ほうき		ソツ エイ イ ズイ	u	17	⿱𥫗彗
篴	⿱竹逐	0	0	テキ チャク チク ジク	ふえ				17	⿱𥫗逐
篵	⿱竹從	0	0	ソウ ス					17	⿱𥫗從
篸	⿱竹參	0	0	シン サン	そろわない				17	⿱𥫗參
篹	⿱𮅕巳	0	0	サン ゼン	かたみ		セン	u	17	⿱𮅕㔾
篺	⿱竹捭	0	0	ハイ ヒ ヘン ベ	いかだ		バイ ビ ベン	u	17	⿱𥫗捭
篼	⿱竹兜	0	0	トウ ツ	かいばおけ				17	⿱𥫗兜
篾	⿳竹罒戍	0	0	ベツ メチ					17	⿳𥫗罒戍 ⿳竹⺫戍
簁	⿱竹徙	0	0	シ サイ	ふる.う		セ ふるい	u	17	⿱𥫗徙
簂	⿱竹國	0	0	ケ カク	かたみのもの		カイ キャク	u	17	⿱𥫗國
簃	⿱竹移	0	0	イ チ ジ	わきべや				17	⿱𥫗移
簄	⿱竹扈	0	0	コウ コ			ゴ	u	17	⿱𥫗扈
簆	⿱竹𡨥	0	0	コウ ク	おさ				17	⿱𥫗𡨥 ⿱竹寇
簉	⿱竹造	0	0	シュウ シュ	そ.える				17	⿱𥫗造
簋	⿳竹艮皿	0	0	キ					17	⿱𥫗𭾁
簌	⿱竹欶	0	0	ソク	ふる.い				17	⿱𥫗欶
簎	⿱竹措	0	0	サク シャク セキ	やす				17	⿱𥫗措
簏	⿱竹鹿	0	0	ロク	はこ				17	⿱𥫗鹿
簙	⿱竹博	0	0	ハク	すごろく				17	⿱𥫗博
簛	⿱竹斯	0	0	シ	ふる.い				18	⿱𥫗斯
簠	⿱竹盙	0	0	フ			ホ ブ	u	18	⿱𥫗盙 ⿳竹甫皿
簥	⿱竹喬	0	0	キョウ			ギョウ	u	18	⿱𥫗喬
簦	⿱竹登	0	0	トウ	かさ				18	⿱𥫗登
簨	⿱竹巽	0	0	シュン サン ゼン	よこぎ		ザン	u	18	⿱𥫗巽
簬	⿱竹路	0	0	ロ ル	たけ				18	⿱𥫗路
簱	⿱竹𣄃	0	0	キ	はた				18	⿱𥫗𣄃
簳	⿱竹幹	0	0	カン	しの やがら				19	⿱𥫗幹
簴	⿱竹虡	0	0	キョ ゴ					19	⿱𥫗虡
簶	⿱竹禄	0	0	ロク					19	⿱𥫗祿
簹	⿱竹當	0	0	トウ	たけ				19	⿱𥫗當
簺	⿱竹塞	0	0	サイ	そご ふだ				19	⿱𥫗塞
籆	⿱竹蒦	0	0	ワク	いとわく				20	⿱𥫗蒦
籊	⿱竹翟	0	0	テキ チャク					20	⿱𥫗翟
籕	⿱竹榴	0	0	リュウ					20	⿱𥫗榴
籑	⿱𮅕良	0	0	セン					21	⿱𥬥𡘳
籒	⿱竹㩅	0	0	チュウ シュウ ジュ	よ.む				21	⿱𥫗㩅 ⿱竹⿰扌畱
籓	⿱竹潘	0	0	ハン ホン					21	⿱𥫗潘
籙	⿱竹錄	0	0	リョク ロク	ほんばこ				22	⿱𥫗錄 ⿱竹録
籚	⿱竹盧	0	0	ロ ル	え かご				22	⿱𥫗盧
籛	⿱竹錢	0	0	セン サン	たけ				22	⿱𥫗錢
籜	⿱竹擇	0	0	タク	たけのかわ				22	⿱𥫗擇
籝	⿱竹嬴	0	0	エイ ヨウ	かご はしづつ				22	⿱𥫗嬴
籞	⿱竹禦	0	0	ギョ ゴ	とめば				22	⿱𥫗禦
籡	⿱竹撿	0	0		しんし				22	⿱𥫗撿
籣	⿱竹闌	0	0	ラン	えびら				23	⿱𥫗闌
籧	⿱竹遽	0	0	キョ ゴ			コ	u	23	⿱𥫗遽
籩	⿱竹邊	0	0	ヘン	たかつき				25	⿱𥫗邊
籭	⿱竹麗	0	0	シ サイ	ふる.う		セ ふるい	u	25	⿱𥫗麗
籮	⿱竹羅	0	0	ラ	み		したみ	u	25	⿱𥫗羅
籰	⿱竹矍	0	0	ワク ヨク イキ	いとわく				26	⿱𥫗矍
籲	⿱竹龥	0	0	ユ ヤク	よ.ぶ				32	⿱𥫗龥
籹	⿰米女	0	0	ジョ ニョ					9	
籼	⿰米山	0	0	セン	うるち				9	
籽	⿰米子	0	0	シ					9	
粆	⿰米少	0	0	サ シャ ショウ					10	
粇	⿰米亢	0	0	コウ	ぬか むな.しい				10	
粏	⿰米太	0	0	タ	ぬかみそ		ダ	u	10	
粔	⿰米巨	0	0	キョ	ご				10	
粞	⿰米西	0	0	セイ サイ	こごめ				12	
粠	⿰米共	0	0	コウ	すくも				12	
粦	⿱米舛	0	0	リン			おにび	u	13	
粰	⿰米孚	0	0	フウ フ	おこし かゆ もみがら か.す		ブ	u	13	
粶	⿰米彔	0	0	ロク	はぜこめ				14	⿰米录
粷	⿰米匊	0	0	キク コク	こな				14	
粺	⿰米卑	0	0	ハイ ハ ベ	しらげよね				14	⿰米⿱⿱㇒⿻日丿十
粻	⿰米長	0	0	チョウ トウ ジョウ	かて				14	
粼	⿰粦巜	0	0	リン	せせらぎ				14	
粿	⿰米果	0	0	カ ゲ	しらげよね				14	
糄	⿰米扁	0	0	ヘン	こめ やきごめ		ひめ	u	15	
糇	⿰米侯	0	0	コウ グ	ほしいい		ゴ	u	15	
糈	⿰米胥	0	0	ショ	かて		しらげよね	u	15	
糉	⿰米㚇	0	0	ソウ	ちまき		ス	u	15	
糍	⿰米兹	0	0	シ					15	
糏	⿰米屑	0	0	セツ セチ ソツ ソチ	こごめ				16	
糓	⿰⿱⿳士冖一米殳	0	0	コク			たなつもの	u	16	⿹𣪊米
糔	⿰米蚤	0	0	シュウ シュ ソウ	しる				16	
糕	⿰米羔	0	0	コウ	こなもち				16	
糗	⿰米臭	0	0	キュウ ク ショウ	いりごめ		ほしいい	u	16	
糙	⿰米造	0	0	ソウ	くろごめ		ゾウ あらい	u	17	
糚	⿰米莊	0	0	ソウ ショウ	よそう				17	
糝	⿰米參	0	0	サン シン	こながき				17	
糦	⿰米喜	0	0	シ キ	さけさかな む.す				17	
糩	⿰米會	0	0	カイ ケ	ぬか				19	
糫	⿰米睘	0	0	カイ ゲン カン	もち おこし				19	
糵	⿱薛米	0	0	ゲツ			こうじ	u	23	
紃	⿰糸川	0	0	シュン セン	ひも		ジュン	u	9	
紇	⿰糸乞	0	0	コツ ゴチ ケツ ゲチ					9	
紈	⿰糸丸	0	0	カン	しろぎぬ むすぶ かさ.なる	きぬ	ガン	u	9	
紉	⿰糸刃	0	0	ジン ニン キン コン	なわ				9	
紏	⿰糸斗	0	0	トウ ツ	つ.げる				10	
紑	⿰糸不	0	0	フウ フ ハイ	あざ.やか		ベ フツ ブチ	u	10	
紒	⿰糸介	0	0	ケイ ケツ ケチ カイ	ゆう むす.ぶ				10	
紓	⿰糸予	0	0	ショ	ゆる.い		ジョ とく やわらげる ゆるめる	u	10	
紖	⿰糸引	0	0	チン ジン イン					10	
紝	⿰糸壬	0	0	ジン ニン	はたいと				10	
紞	⿰糸冘	0	0	タン トン	ひも				10	
紣	⿰糸卆	0	0	サイ スイ シュツ シュチ					10	
紦	⿰糸巴	0	0	ハ	きぬ				10	
紪	⿰糸此	0	0	セイ サイ	きぬのあや				11	
紭	⿰糸弘	0	0	コウ ギョウ	あみのつな か.かる				11	
紱	⿰糸犮	0	0	フツ フチ	ひも		ブチ	u	11	
紼	⿰糸弗	0	0	フツ フチ ヒ	つな		ブチ	u	11	
紽	⿰糸它	0	0	タ			ダ	u	11	
紾	⿰糸㐱	0	0	シン テン	もと.る		デン セン キン ゼン	u	11	
絀	⿰糸出	0	0	チュツ チュチ	あか.い				11	
絁	⿰糸㐌	0	0	シ	つむぎ		あしぎぬ	u	11	
絇	⿰糸句	0	0	ク	くつかざり		グ あみ	u	11	
絈	⿰糸白	0	0	バツ メチ ハ ヘ	つつ.む		バク	u	11	
絍	⿰糸任	0	0	ジン ニン	はたいと				12	
絑	⿰糸朱	0	0	シュ チュ					12	
絓	⿰糸圭	0	0	カイ ゲ カ ワ	か.かる つむぎ		ケ エ ク とどまる	u	12	
絗	⿰糸回	0	0	コツ ゴチ	いとがめぐ.る				12	
絙	⿰糸亘	0	0	カン コウ	くみひも		ガン	u	12	
絚	⿰糸亙	0	0	コウ					12	
絜	⿱㓞糸	0	0	ケツ ケチ ケイ カツ	あさ たば きよ.い		いさぎよい はかる	u	12	
絝	⿰糸夸	0	0	コ ク	はかま ずぼん				12	
絥	⿰糸伏	0	0	フク ヒ			ビ ブク	u	12	
絧	⿰糸同	0	0	トウ ズ	ぬの				12	
絪	⿰糸因	0	0	イン					12	
絰	⿰糸至	0	0	テツ デチ					12	
絸	⿰糸見	0	0	ケン	まゆ きぬ				13	
絺	⿰糸希	0	0	チ	ほそぬの		かたびら	u	13	
絻	⿰糸免	0	0	ブン モン ベン メン	もふく		バン マン	u	13	⿰糸⿱⺈⿸⿻口丿乚
絿	⿰糸求	0	0	キュウ ク	きび.しい		グ ちいさい もとめる ゆるやか	u	13	
綁	⿰糸邦	0	0	ホウ	しばる				13	
綂	⿰糸𠑽	0	0	トウ	すべ.て		すべる	u	13	
綃	⿰糸肖	0	0	ショウ ソウ	きいと		あやぎぬ うすぎぬ きぎぬ	u	13	
綅	⿰糸𠬶	0	0	シン セン	いと				13	
綆	⿰糸更	0	0	コウ キョウ ヘイ ヒョイ	つるべなわ		ハン ヒョウ	u	13	
綈	⿰糸弟	0	0	テイ タイ	つむぎ		ダイ あつぎぬ	u	13	
綋	⿰糸宏	0	0	コウ	おおづな つな つな.ぐ				13	
綌	⿰糸谷	0	0	ケキ キャク	くずぬの		ゲキ	u	13	
綍	⿰糸孛	0	0	フツ フチ ヒ	ひつぎなわ		ブチ	u	13	
綑	⿰糸困	0	0	コン	お.る				13	
綖	⿰糸延	0	0	エン セン					13	
綗	⿰糸冏	0	0	ケイ	ひ.く				13	
綝	⿰糸林	0	0	チン リン シン	と.める				14	
綞	⿰糸垂	0	0	タ	あや				14	
綦	⿱其糸	0	0	キ	あやぎぬ		ギ きわまる きわめる	u	14	
綧	⿰糸享	0	0	シュン	みだ.れる				14	
綪	⿰糸靑	0	0	セン セイ ショウ ソウ					14	
綳	⿰糸朋	0	0	ホウ ヒョウ	ま.く たば.ねる				14	
綶	⿰糸果	0	0	カ クワ	まとう				14	
綷	⿰糸卒	0	0	サイ スイ シュツ シュチ			えぎぬ まぜる まだら	u	14	
綹	⿰糸咎	0	0	リュウ ル	いと				14	
緂	⿰糸炎	0	0	タン セン サン	あざ.やか		だん	u	14	
緃	⿰糸⿱从龰	0	0	ショウ シュ	いろぎぬ				14	
緄	⿰糸昆	0	0	コン	おび		ゴン	u	14	
緅	⿰糸取	0	0	シュウ シュ ソウ ス					14	⿰糸⿸耳又
緆	⿰糸易	0	0	セキ シャク イ	ほそぬの				14	
緌	⿰糸委	0	0	ズイ ニ	かんむりのひも		はた ひも おいかけ ほおすけ	u	14	
緍	⿰糸昏	0	0	ビン コン ミン	さし つりいと なわ ぜにさし				14	
緎	⿰糸或	0	0	ヨク イキ キョク コク	ぬいかがり		イク ケキ	u	14	
緗	⿰糸相	0	0	ショウ ソウ	あさぎ				15	
緙	⿰糸革	0	0	カク キャク	ぬ.う				15	
縀	⿰糸叚	0	0	カ ゲ	くつ				15	
緢	⿰糸苗	0	0	ボウ ミョウ ビョウ			ミュウ	u	15	
緥	⿰糸保	0	0	ホ ホウ	むつき				15	
緦	⿰糸思	0	0	シ	ぬの				15	
緪	⿰糸恆	0	0	コウ					15	
緫	⿰糸怱	0	0	ソウ	す.べる すべ.て ふさ				15	
緭	⿰糸胃	0	0	イ キ	きぬ うちひも ひも		ギ	u	15	
緱	⿰糸侯	0	0	コウ ク	つか				15	
緵	⿰糸㚇	0	0	ソウ ス	いと				15	
緶	⿰糸便	0	0	ヘン	と.る		ベン	u	15	
緹	⿰糸是	0	0	テイ タイ	あかぎぬ		ダイ あか	u	15	
緺	⿰糸咼	0	0	カイ ケ カ ラ					15	
縈	⿱𤇾糸	0	0	エイ ヨウ	めぐ.る		まがる めぐらす	u	16	
縐	⿰糸芻	0	0	シュウ シュ ス シュク	ちぢみ		ソウ ショウ スウ ちぢむ	u	16	
縑	⿰糸兼	0	0	ケン	きぬ		かとりぎぬ きぎぬ ふたこぎぬ かとり	u	16	
縕	⿰糸𥁕	0	0	ウン オン	ふる.い		イン あかい くずあさ ふるわた	u	16	
縗	⿰糸衰	0	0	サイ スイ サ			セ	u	16	
縜	⿰糸員	0	0	イン ウン	ほそひも				16	
縝	⿰糸眞	0	0	シン チン	あさいと		くろい くろかみ こまか	u	16	⿰糸真
縠	⿰⿱⿳士冖一糸殳	0	0	コク	もじり ちりめん		ゴク ちぢみぎぬ となみ	u	16	⿹𣪊糸
縧	⿰糸條	0	0	ジュウ ジョウ トウ	さなだ				17	
縨	⿰糸晃	0	0	コウ	ほろ とばり				17	
縬	⿰糸戚	0	0	シュク	ちぢ.む ちぢみあや きぬのあや				17	
縭	⿰糸离	0	0	リ チ	かぎ.る				17	
縯	⿰糸寅	0	0	エン イン	なが.い				17	
縳	⿰糸專	0	0	テン セン ケン	しろぎぬ		デン	u	17	
縶	⿱執糸	0	0	チュウ ショウ	つな.ぐ				17	
縿	⿰糸參	0	0	サン セン ショウ ソウ	はたあし				17	
繄	⿱殹糸	0	0	エイ イ	ほこぶくろ				17	
繅	⿰糸巢	0	0	ソウ	くる				17	
繇	⿰䍃系	0	0	ヨウ ユウ ユ チュウ	したが.う		ジュ うらかた えだち よる	u	17	
繎	⿰糸然	0	0	ビン ネン	もつ.れる いとのもつれ くれない		ゼン	u	18	
繐	⿰糸惠	0	0	ケイ エ セイ サイ			セ	u	18	
繒	⿰糸曾	0	0	ショウ ソウ	きぬ		ゾウ いぐるみ たかい	u	18	
繘	⿰糸矞	0	0	キツ イツ イチ キチ	つるべなわ		ケツ シュツ ジュチ	u	18	
繟	⿰糸單	0	0	セン タン	ゆる.い		ダン ゼン	u	18	
繡	⿰糸肅	9	0	シュウ	ぬいとり		ショウ シュ	u	18	
繢	⿰糸貴	0	0	カイ コツ ゴチ キ	おりあまり		エ ギ	u	18	
繥	⿰糸喜	0	0	キ	わら.う たの.しむ				18	
繫	⿱𣪠糸	9	0	ケイ	つな.ぐ かか.る か.ける				19	
繮	⿰糸畺	0	0	キョウ コウ	たづな		きずな	u	19	
繯	⿰糸睘	0	0	ケン カン	から.む		ゲン	u	19	
繳	⿰糸敫	0	0	シャク キョウ カク ギャク	かえ.す		あらそう いと おさめる まつわる	u	19	
繸	⿰糸遂	0	0	スイ	ひも		ズイ	u	19	⿰糸⿺辶⿱八豕
繾	⿰糸遣	0	0	ケン テン キン	てあつい				21	
纁	⿰糸熏	0	0	クン	うすいあかいろ				20	
纆	⿰糸墨	0	0	ボク モク	なわ				21	
纇	⿰⿱米糸頁	0	0	ライ	ふしいと		レ	u	21	
纊	⿰糸廣	0	0	コウ	ぬめ わた		わたいれ	u	21	
纍	⿱畾糸	0	0	ルイ ライ	つづ.る		レ つなぐ なわ かさねる	u	21	
纑	⿰糸盧	0	0	ロ ル	ぬのいと				22	
纕	⿰糸襄	0	0	ショウ ソウ	うでまくり.する		ニョウ ジョウ	u	23	
纘	⿰糸贊	0	0	サン サブ	つ.ぐ				25	
纚	⿰糸麗	0	0	シ リ サイ シャ	かみづつみ つづ.く		セ	u	25	
纝	⿰糸纍	0	0	ルイ	まと.う から.める くろなわ				27	
纞	⿰糸戀	0	0	レン	つづ.く				29	
缼	⿰缶欠	0	0	ケツ ケン	か.ける か.く				10	
缻	⿰缶瓦	0	0	カン	かま	ふ べ	ほとぎ	u	10	
缽	⿰缶本	0	0	ハチ ハツ					11	
缾	⿰缶并	0	0	ヘイ	びん		かめ	u	12	
缿	⿰缶后	0	0	トウ ズ コウ グ	ぜにがめ		ゴウ ゴ	u	12	
罃	⿱𤇾缶	0	0	オウ ヨウ					16	
罄	⿱殸缶	0	0	ケイ キョウ	むな.しい				17	
罇	⿰缶尊	0	0	ソン	かめ				18	
罏	⿰缶盧	0	0	ロ ル	さかだ.る				22	
罒	⿴囗⿰丨丨	0	0	モウ ボウ	あみがしら よこめ				5	
罓	⿵冂㐅	0	0	モウ ボウ	あみがしら よこめ				4	
罛	⿱罒瓜	0	0	コ ロ ク	うおあみ				11	
罜	⿱罒主	0	0	シュ トク	あみ		ドク こあみ	u	10	
罝	⿱罒且	0	0	シャ ショ	あみ				10	
罡	⿱罒正	0	0	コウ					10	
罣	⿱罒圭	0	0	カイ ケ ケイ	か.ける		さまたげる	u	11	
罤	⿱罒弟	0	0	テイ ダイ コン	いさぎあみ あに				12	
罥	⿱罒肙	0	0	ケン	か.ける				12	
罦	⿱罒孚	0	0	フ フウ	あみ		ブ	u	12	
罭	⿱罒或	0	0	ヨク イキ キョク					13	
罱	⿱罒南	0	0	ダン グン ナン ラン					14	
罽	⿱罒⿸厂剡	0	0	ケイ	うおあみ		けおり	u	17	
罾	⿱罒曾	0	0	ソウ					18	
罿	⿱罒童	0	0	ショウ シュ トウ ズ	むそうあみ				17	
羀	⿱网畱	0	0	リュウ ル	やな うえ うけ				19	
羋	⿱⿴卝丨⿻二丨	0	0	バ メ マ ビ			ミ	u	9	⿱⿴卝丨𰀁
羍	⿱大羊	0	0	タツ タチ					9	
羏	⿰羊彡	0	0	ヨウ	よい うるわ.しい				9	
羐	⿳艹土久	0	0	ユウ ユ	みちび.く いざな.う すす.める				9	⿳卝土久 ⿳艹土久
羑	⿱𦍌久	0	0	ユウ ユ	みちび.く いざな.う すす.める				9	
羖	⿰羊殳	0	0	コ ク	ひつじ		くろひつじ	u	10	
羗	⿷羌厶	0	0	キョウ	ああ えびす				10	
羜	⿰羊宁	0	0	チョ ショ	こひつじ		ジョ	u	11	
羡	⿱𦍌次	0	0	イ セン エン	うらや.む あまり				12	
羢	⿰羊戎	0	0	ジョウ ニュ					12	
羦	⿰羊完	0	0	カン			ガン	u	13	
羪	⿰羊良	0	0	ヨウ リョウ	やしな.う				13	
羭	⿰羊兪	0	0	ユ					15	⿰羊俞
羴	⿱羊⿰羊羊	0	0	セン	なまぐさ.い		カン ケン ガン ゲン	u	18	
羼	⿸尸羴	0	0	サン セン	まじりあ.う				21	
羿	⿱羽廾	0	0	ゲイ					9	
翀	⿰羽中	0	0	チュウ ジュ	とびあ.がる				10	
翃	⿰厷羽	0	0	コウ					10	
翈	⿰甲羽	0	0	コウ	はね		ゴウ	u	11	
翎	⿰令羽	0	0	レイ リョウ	はね				11	
翏	⿱羽㐱	0	0	リュウ ル リョウ リク			ロク	u	11	
翛	⿰⿰亻丨⿱攵羽	0	0	ショウ ユウ ユ シュク	はや.い		イク	u	13	⿸攸羽
翟	⿱羽隹	0	0	ケキ ジャク タク タイ	きじ		ダク テキ ジョク えびす	u	14	
翣	⿱羽妾	0	0	ソウ ショウ	ひつぎかざり				14	
翥	⿱者羽	0	0	ショ	あ.がる				15	⿱⿻者丶羽
翨	⿱羽是	0	0	シ キ	あら.い				15	
翬	⿱羽軍	0	0	キ	と.ぶ		きじ	u	15	
翮	⿰鬲羽	0	0	カク ギャク レキ リャク	はねのもと				16	
翯	⿱羽高	0	0	コク カク	つやがあ.る		ガク ゴク ゴウ コウ	u	16	
翲	⿰票羽	0	0	ヒョウ	とぶ		ビョウ	u	17	
翺	⿰臯羽	0	0	コウ	か.ける		ゴウ	u	18	⿰⿱自⿻⿰二二十羽
翽	⿰歲羽	0	0	カイ ケ	はばたき				19	
翾	⿰睘羽	0	0	ケン	とぶ				19	
翿	⿰壽羽	0	0	トウ	はたぼこ		ドウ	u	20	
耇	⿸耂句	0	0	コウ ク	お.いる				9	
耈	⿱老句	0	0	コウ ク	お.いる				11	
耊	⿸耂至	0	0	テツ	としより				10	
耍	⿱而女	0	0	サ シャ	すばや.い				9	
耎	⿱而大	0	0	ゼン ネン	よわ.い				9	
耏	⿰而彡	0	0	ジ ニ ダイ ナイ	ほおひげ				9	
耑	⿱山而	0	0	タン セン	はし				9	
耓	⿰耒丁	0	0	テイ チョウ	すきのは				8	
耔	⿰耒子	0	0	シ	つちか.う				9	
耖	⿰耒少	0	0	ソウ ショウ	たがや.す				9	
耝	⿰耒且	0	0	ショ ゾ	すき				11	
耞	⿰耒加	0	0	カ ケ	からざお				11	
耟	⿰耒巨	0	0	キョ ゴ	すきのは				11	
耠	⿰耒合	0	0	コウ	たがや.す				12	
耤	⿰耒昔	0	0	セキ ジャク シャ	か.りる		ジャ	u	14	
耦	⿰耒禺	0	0	ゴウ グ グウ			たがやす たぐい ならぶ	u	15	
耬	⿰耒婁	0	0	ロウ ル					17	
耮	⿰耒勞	0	0	ロウ					18	
耰	⿰耒憂	0	0	ユウ ウ	な.らす		ユ	u	21	
耴	⿰耳乚	0	0	チョウ ジョウ ニョウ					7	
耵	⿰耳丁	0	0	テイ チョウ	みみくそ				8	
耷	⿱大耳	0	0	トウ チョウ					9	
耹	⿰耳今	0	0	キン ゴン ケン	おと		ゲン	u	10	
耺	⿰耳云	0	0	ウン ヨウ	みみなり				10	
耼	⿰耳冄	0	0	タン バン マン ナン			ダン	u	10	
耾	⿰耳厷	0	0	コウ オウ	ささや.く				10	
聀	⿰耳戈	0	0	ショク ソク					10	
聄	⿰耳㐱	0	0	シン					11	
聠	⿰耳并	0	0	ヘイ ヒョウ	と.じる				12	
聤	⿰耳亭	0	0	テイ ジョウ	みみだれ		チョウ	u	15	
聦	⿰耳怱	0	0	ソウ	さと.い みみざと.い				15	
聭	⿰耳鬼	0	0	キ	はじ.る はじ.らう はずかし.める とが.める				16	
聱	⿱敖耳	0	0	ゴウ ギョウ	きかない		ギュウ グ	u	17	
聵	⿰耳貴	0	0	ゲ カイ	つんぼ		ガイ	u	18	
肁	⿸戶聿	0	0	チョウ ジョウ トウ	はか.る はじ.める		ドウ	u	10	⿸户聿
肈	⿱⿰戶戈聿	0	0	チョウ ジョウ トウ	はか.る はじ.める		ドウ	u	14	⿺肁戈
肎	⿱冖月	0	0	コウ	がえんじ.る				6	
肜	⿰月彡	0	0	ユウ ユ チン	まつり				7	
肞	⿰月义	0	0	サ					7	⿰⺼叉
肦	⿰月分	0	0	フン ハン	たか.い わ.ける		ブン	u	8	
肧	⿰月不	0	0	ハイ	はらみ はら.む		フウ フ	u	8	
肫	⿰月屯	0	0	シュン サイ スイ			ジュン セツ セチ トン	u	8	
肸	⿰月⿱八十	0	0	キツ キチ コチ ケツ	ひろ.がる		ケチ ヒ	u	8	⿰月𰅭 ⿸𦘩十
肹	⿰月兮	0	0	ヒ キツ					8	
胈	⿰月犮	0	0	ハツ バチ ハイ			バイ フツ ブチ	u	9	
胍	⿰月瓜	0	0	コ ク カ ケ					10	
胏	⿰月𠂔	0	0	シ					9	
胒	⿰月尼	0	0	デイ ハイ			ナイ	u	9	
胔	⿱此肉	0	0	シ セキ ジャク			サイ ジ ゼ	u	12	
胕	⿰月付	0	0	フ	はらわた		ブ はれもの はれる	u	9	
胗	⿰月㐱	0	0	シン キン	くちのひび		はれもの	u	9	
胘	⿰月玄	0	0	ケン	い		ゲン	u	9	
胠	⿰月去	0	0	キョ コ キョウ コウ	わきのした		ひらく	u	9	
胭	⿰月因	0	0	イン エン エツ	むせ.ぶ むせ.る のど の.む				10	
胮	⿰月夅	0	0	ホウ			ボウ	u	10	
胰	⿰月夷	0	0	イ	せにく				10	
胲	⿰月亥	0	0	カイ	おやゆび				10	
胳	⿰月各	0	0	カク ギャク	わき		わきのした	u	10	
胶	⿰月交	0	0	コウ ギョウ	こえ はぎのほね				10	
胹	⿰月而	0	0	ジ ニ	に.る				10	
胺	⿰月安	0	0	アツ アチ	にお.う				10	
胾	⿹𢦏肉	0	0	シ	きりみ		ししむら	u	12	
脃	⿰月⿱刀巴	0	0	セイ セツ	もろ もろ.い よわ.い		ゼイ ソツ	u	10	⿰⺼色
脋	⿱刕月	0	0	キョウ	おびや.かす おど.す おど.かす				10	
脖	⿰月孛	0	0	ホツ ボチ			ボツ うなじ	u	11	
脗	⿰月𠯳	0	0	モン ビン ミン フン	あ.う		ブン くちさき	u	11	
脘	⿰月完	0	0	カン ゲン			ガン	u	11	
脜	⿰月𦣻	0	0	ジュ ニュ	やわ.らぐ		ジュウ	u	11	
脞	⿰月坐	0	0	サ	こまかい		ザ	u	11	
脠	⿰月延	0	0	セン テン	ひしお しおづ.け				11	
脤	⿰月辰	0	0	シン	ひもろぎ くちびる				11	
脧	⿰月夋	0	0	サイ スイ サ セン	へる		セ	u	11	
脬	⿰月孚	0	0	ホウ ヒョウ	ぼうこう				11	
脰	⿰月豆	0	0	トウ ズ	うなじ				11	
脵	⿰月吴	0	0	コ	また もも				11	
脺	⿰月卒	0	0	セイ セツ	もろ.い よわ.い		セ ソチ セチ ゼイ	u	12	
脼	⿰月兩	0	0	リョウ	ほじし				12	
腅	⿰月炎	0	0	タン	にく さかな		ダン	u	12	
腇	⿰月委	0	0	ダイ ナイ ワ ワイ	う.える		ネ	u	12	
腊	⿰月昔	0	0	セキ シャク ロウ	ほじし		ラク きびしい はなはだしい ひもの	u	12	
腌	⿰月奄	0	0	ヨウ オウ エン	しおづ.け				12	
腒	⿰月居	0	0	キョ コ	ほじし				12	
腗	⿰月畁	0	0	ヒ					12	
腠	⿰月⿱𡗗夭	0	0	ソウ ス	きめ		シュ	u	13	⿰月奏
腡	⿰月咼	0	0	ラ カ ケ カイ					13	
腧	⿰⺼兪	0	0	シュ ユ					13	⿰⺼俞
腨	⿰月耑	0	0	セン	こむら		ゼン	u	13	
腩	⿰月南	0	0	ナン タン ドン			ダン	u	13	
腭	⿰月咢	0	0	ガク	あご はぐき				13	
腯	⿰月盾	0	0	トツ トチ トン	こ.える		ドチ ドン	u	13	
腷	⿰月畐	0	0	ヒョク ビキ	こもる				13	
膁	⿰月兼	0	0	ケン カン	うまい あん		ゲン	u	14	
膐	⿱旅肉	0	0	リョ ロ	せぼね ちから				16	
膄	⿰月叟	0	0	シュウ ニュ	やせ.る か.ける		シュ ソウ	u	14	
膅	⿰月唐	0	0	トウ			ドウ	u	14	
膆	⿰月素	0	0	ソ	こ.える				14	
膋	⿱𤇾月	0	0	リョウ	あぶ.る				14	
膎	⿰月奚	0	0	カイ ゲ	ほじし にく さかな はだへ				14	
膖	⿰月逢	0	0	ホウ チョウ チュ	は.れる				15	
膘	⿰月票	0	0	ヒョウ ショウ	あばら				15	
膛	⿰月堂	0	0	トウ					15	
膞	⿰月專	0	0	セン シュン	きりみ		ゼン ジュン	u	15	
膢	⿰月婁	0	0	ロウ ル リュウ リョ			ロ	u	15	
膮	⿰月堯	0	0	キョウ キュウ ク	あつもの				16	
膲	⿰月焦	0	0	ショウ	みのわた				16	
膴	⿰月無	0	0	コ ク ブ ム	ほじし		ボ モ バイ メ	u	16	
膻	⿰月亶	0	0	タン	きも		ダン セン	u	17	
臋	⿱殿肉	0	0	デン トン	しり				19	
臃	⿰月雍	0	0	ヨウ	はれもの		ユ	u	17	
臅	⿰月蜀	0	0	ショク ソク					17	
臊	⿰月喿	0	0	ソウ	あぶら		なまぐさい	u	17	
臎	⿰月翠	0	0	スイ					18	
臏	⿰月賓	0	0	ヒン			ビン あしきる	u	18	
臕	⿰月麃	0	0	ヒョウ					19	⿰月⿱鹿灬
臗	⿰月寬	0	0	コン カン	からだ				19	
臛	⿰月霍	0	0	コク カク	あつもの				20	
臝	⿱吂⿲月果凡	0	0	ラ	はだか				21	⿱吂⿲月果⿻⿻㇈丿丶 ⿵𣎆果
臞	⿰月瞿	0	0	ク	やせ.る		グ	u	22	
臡	⿱難肉	0	0	デイ ナイ ゼイ	ひしお		ダ ナ ザイ	u	25	
臤	⿰臣又	0	0	カン ケン コウ キョウ	かた.い		ゲン	u	9	
臫	⿰自乚	0	0	キョウ	つつし.む				7	
臬	⿱自木	0	0	ゲツ			ゲチ ケイ ケ まと	u	10	
臰	⿱自死	0	0	シュウ	くさ.い にお.う				12	
臱	⿳自穴方	0	0	ベン メン					15	⿳自宂方
臲	⿰臬危	0	0	ゲツ ゲチ	あや.うい				16	
臵	⿰至各	0	0	カク	いた.る				12	
臶	⿰至存	0	0	セン ソン	ふたた.び		ゼン しきりに	u	12	
臸	⿰至至	0	0	ジツ ニチ チョク チキ	いた.る		シン シ	u	12	
臹	⿰至成	0	0	シュウ シュ	なら.う				13	
臽	⿱勹臼	0	0	カン ゲン コン	おとしあな				8	⿱⺈臼
臿	⿻干臼	0	0	ソウ ショウ	うすじく				9	
舀	⿱爫臼	0	0	ヨウ	く.む		ユ ユウ	u	10	⿱爪臼
舃	⿱臼⿹⿺㇉一灬	0	0	シャク サク セキ タク	かささぎ		くつ	u	12	
舏	⿰舌丩	0	0	キュウ ク	なめとる				8	
舓	⿰舌易	0	0	シ	ねぶ.る な.める		ジ	u	14	
舔	⿰舌忝	0	0	テン	な.める				14	
舙	⿱舌𦧚	0	0	カン クウ ゲ	たばか.る		カ	u	18	
舚	⿰舌詹	0	0	テン					19	
舝	⿳𫝀⿳巛冖厶㐄	0	0	カツ ゲチ	くさび				13	
舡	⿰舟工	0	0	コウ セン	ふね		ゼン	u	9	
舢	⿰舟山	0	0	サン					9	
舨	⿰舟反	0	0	ハン					10	
舲	⿰舟令	0	0	レイ リョウ	こぶね				11	
舴	⿰舟乍	0	0	タク チャク サク シャク					11	
舺	⿰舟甲	0	0	コウ ギョウ	ふね		ゴウ	u	11	
艃	⿰舟里	0	0	リ					13	
艄	⿰舟肖	0	0	ソウ ショウ	とも				13	
艅	⿰舟余	0	0	ヨ					13	
艆	⿰舟良	0	0	ロウ	ふね ふなばた				13	
艋	⿰舟孟	0	0	ボウ モウ ミョウ	ふね				14	
艎	⿰舟皇	0	0	コウ オウ	ふね				15	
艏	⿰舟首	0	0	シュウ オウ	ふね		シュ	u	15	
艑	⿰舟扁	0	0	ヘン			ベン	u	15	
艖	⿰舟差	0	0	サ シャ サイ セ	こぶね ふね				16	
艜	⿰舟帶	0	0	タイ					16	
艠	⿰舟登	0	0	トウ	よふね		いかだ	u	18	
艣	⿰舟虜	0	0	ロ	やぐら かい				19	⿰舟⿸虍⿱毌力
艧	⿰舟蒦	0	0	ワク	ふね				20	
艭	⿰舟雙	0	0	ソウ					24	
艴	⿰弗色	0	0	ホツ フツ フチ ハイ	おこ.る		ボツ ボチ いかる	u	11	
艻	⿱艹力	0	0	ロク キョク	ゆびのまた なつめ				5	
艽	⿱艹九	0	0	キュウ グ キ	あれの		キョウ コウ ギ しとね	u	5	
艿	⿱艹乃	0	0	ジョウ ニョウ ジ ニ			デイ	u	5	
芀	⿱艹刀	0	0	チョウ ショウ			ジョウ	u	5	
芁	⿱艹几	0	0	コウ					5	
芃	⿱艹凡	0	0	ホウ ブ フウ	さかん				6	
芄	⿱艹丸	0	0	カン	ががいも		ガン	u	6	
芇	⿱艹巾	0	0	ベン メン バン マン	あ.たる じご				6	
芉	⿱艹干	0	0	カイ カン	はとむぎ				6	
芊	⿱艹千	0	0	セン	しげ.る				6	
芎	⿱艹弓	0	0	キュウ ク					6	
芑	⿱艹己	0	0	キ	ちさ		ギ	u	6	
芔	⿱屮艸	0	0	キ ケ	くさ				9	⿱䶹艸 ⿱屮⿰屮屮
芖	⿱艹大	0	0	チ	おさ.める おさ.まる		ジ	u	6	
芘	⿱艹比	0	0	ヒ			ビ	u	7	
芚	⿱艹屯	0	0	トン チュン			ドン	u	7	
芛	⿱艹尹	0	0	イ シュン シュツ ジュチ			エ イツ イチ	u	7	
芠	⿱艹文	0	0	ブン モン	ゆきのした		かすか ほのか	u	7	
芡	⿱艹欠	0	0	ケン			ゲン おにばす	u	7	
芣	⿱艹不	0	0	フウ フ	さかん		ブ	u	7	
芤	⿱艹孔	0	0	コウ ク	ねぎ				7	
芧	⿱艹予	0	0	チョ ショ ヨ	みくり		ジョ とちのき どんぐり	u	7	
芨	⿱艹及	0	0	キュウ コウ	そくず				7	
芩	⿱艹今	0	0	キン ゴン ケン	じしばり		ギン ゲン	u	7	
芪	⿱艹氏	0	0	キ シ チ	はなすげ		ギ ジ	u	7	
芮	⿱艹內	0	0	ゼイ ネイ ゼツ ネチ			ネ ダイ みずぎわ	u	7	⿱艹内
芰	⿱艹支	0	0	キ	ひし		ギ	u	7	
芲	⿱艹仑	0	0	カ ケ	はな				7	
芴	⿱艹勿	0	0	ブツ モチ コツ コチ					7	
芷	⿱艹止	0	0	シ	くさ		よろいぐさ	u	7	
芺	⿱艹夭	0	0	オウ ヨウ	あざみ		フ はす	u	7	
芼	⿱艹毛	0	0	ボウ モウ	はびこ.る	ひろ			7	
芾	⿱艹巿	0	0	ヒ ハイ フツ フチ			ブチ バチ ハツ	u	7	
芿	⿱艹仍	0	0	ジョウ ニョウ			くさ	u	7	
苆	⿱艹切	0	0		すさ つた				7	
苐	⿱艹𢎨	0	0	テイ ダイ イ	つばな				8	
苕	⿱艹召	0	0	チョウ ショウ	えんどう		ジョウ のえんどう	u	8	
苚	⿱艹用	0	0	ヨウ ユ					8	
苠	⿱艹民	0	0	ビン ミン	おお.い				8	
苢	⿱艹㠯	0	0	イ シ ワ	くさ				8	
苤	⿱艹丕	0	0	ヒ					8	
苨	⿱艹尼	0	0	デイ ナイ	つりがねそう				8	
苪	⿱艹丙	0	0	ヘイ ヒョウ	あき.らか				8	
苭	⿱艹幼	0	0	ヨウ					8	
苯	⿱艹本	0	0	ホン					8	
苶	⿱艹尒	0	0	デツ ネチ ジョウ ニョウ	つか.れる		ゼツ	u	8	
苷	⿱艹甘	0	0	カン コン					8	
苽	⿱艹瓜	0	0	コ	こも まこも		ク	u	9	
苾	⿱艹必	0	0	ヒツ ビチ ヘツ	かお.る		ベチ ミツ かおり こうばしい	u	8	
茀	⿱艹弗	0	0	フツ ブチ ホツ ボチ	ふさ.ぐ		ハイ ヒ ベ ヒツ	u	8	
茁	⿱艹出	0	0	サツ セチ キツ キチ	めば.え		サチ チュツ チュチ セツ	u	8	
茇	⿱艹犮	0	0	ハツ バチ ハイ フツ	ね		バツ フ ブチ	u	8	
茈	⿱艹此	0	0	シ サイ ジュ	むらさき		ジ ジャ ゼ ぜんまい	u	8	
茊	⿱艹丘	0	0	シ	ここ し.げる		ジ	u	8	
茋	⿱艹氐	0	0	シ	つりがねそう				8	
荔	⿱艹劦	0	0	レイ リ レン	おおにら		ライ	u	9	
茛	⿱艹艮	0	0	コン ケン	とりかぶと		カン	u	9	
茝	⿱艹𦣝	0	0	サイ セイ シ	よろいぐさ				9	⿱艹𦣞
茞	⿱艹臣	0	0	シン					9	
茟	⿱艹聿	0	0	イツ イチ ワイ エ	あかざ つぼみ		ヒツ	u	9	
茡	⿱艹字	0	0	シ ウ					9	
茢	⿱艹列	0	0	レツ レチ レイ	あしのほ		セイ	u	9	
茬	⿱艹在	0	0	シ	しげ.る		ジ	u	9	
茭	⿱艹交	0	0	ケキ キャク コウ キョウ	まぐさ		ギョウ まこも	u	9	
茮	⿱艹尗	0	0	ショウ ノウ	なるはじかみ		ジョウ ニョウ	u	9	
茰	⿱艹⿻日乂	0	0	ユ					9	
茳	⿱艹江	0	0	コウ					9	
茷	⿱艹伐	0	0	ハイ ヒツ ホチ	しげ.る		ハツ バイ ベ ボチ	u	9	
茺	⿱艹充	0	0	シュウ シュ			ジュウ	u	9	
茼	⿱艹同	0	0	トウ ズ	しゅんぎく				9	
茽	⿱艹仲	0	0	チュウ ジユ	むら.がる		ジュ	u	9	
荂	⿱艹夸	0	0	カ ケ フ ク	はな				9	
荃	⿱艹全	0	0	セン ソン セツ セチ	からしあえ		サツ	u	9	
荄	⿱艹亥	0	0	カイ	ね				9	
荇	⿱艹行	0	0	コウ ギョウ	はなじゅんさい		カン あさぎ	u	9	
荍	⿱艹收	0	0	キョウ シュウ シュ	ぜにあおい		ギョウ	u	9	
荎	⿱艹至	0	0	チ ジ チツ ジチ			テツ デチ	u	9	
荑	⿱艹夷	0	0	テイ ダイ イ	つばな		いぬびえ め めぐむ めばえる	u	9	
荕	⿱艹肋	0	0	キン	ほね				9	
荖	⿱艹老	0	0	ハイ ホウ ロウ	きんま				9	
荗	⿱艹戍	0	0	ショク ジキ			モ しげる	u	9	
荰	⿱艹杜	0	0	ト ズ					9	
荸	⿱艹孛	0	0	ホツ ボチ					10	
荽	⿱艹妥	0	0	イ スイ ニ			ズイ	u	10	
荿	⿱艹成	0	0	セイ ジョウ					10	
莀	⿱艹辰	0	0	シン ドウ ノウ					10	
莂	⿱艹別	0	0	ヘツ ヘチ	うつしう.える				10	
莄	⿱艹更	0	0	コウ キョウ					10	
莆	⿱艹甫	0	0	フ ホ			ブ	u	10	
莍	⿱艹求	0	0	キュウ グ キク			ゴク	u	10	
莒	⿱艹呂	0	0	キョ コ	いも				10	⿱艹吕
莔	⿱艹囧	0	0	ボウ モウ ミョウ キツ	ははぐり		ケイ コチ キョウ	u	10	
莕	⿱艹杏	0	0	コウ ギョウ	はなじゅんさい		カン あさざ	u	10	
莘	⿱艹辛	0	0	シン					10	
莙	⿱艹君	0	0	キン クン ウン	も		ゴン ギン	u	10	
莛	⿱艹廷	0	0	テイ ジョウ	くき				10	
莜	⿱艹攸	0	0	テキ ジュク チョウ ジョウ	くさとり		ジャク	u	10	
莝	⿱艹坐	0	0	サ	きりわら		ザ	u	10	
莦	⿱艹肖	0	0	ソウ ショウ	みだ.れる				10	
莧	⿱艹見	0	0	カン ケン	ひゆ		ゲン やまごぼう よろこぶ	u	10	
莩	⿱艹孚	0	0	フ ヒョウ			ブ ビョウ フウ あまかわ	u	10	
莬	⿱艹免	0	0	ブン モン バン マン			ベン メン	u	10	⿱艹⿱⺈⿸⿻口丿乚
莾	⿱艹奔	0	0	ボウ モウ	くさ				11	
莿	⿱艹刺	0	0	シ セキ シャク	とげ		のぎ	u	11	
菀	⿱艹宛	0	0	エン オン ウツ ウチ	その つ.む		オチ エツ ウン しげる	u	11	
菇	⿱艹姑	0	0	コ ク	からすうり				11	
菉	⿱艹彔	0	0	リョク ロク	かりやす				11	⿱艹录
菏	⿱艹河	0	0	カ	くさ		ガ	u	11	
菐	⿳业䒑夫	0	0	ホク	わずらわ.しい		ボク	u	11	
菑	⿱艹甾	0	0	シ サイ	あれち		さく たがやす たちがれ わざわい	u	11	
菔	⿱艹服	0	0	ホク フク	だいこん		ボク ブク	u	11	
菝	⿱艹拔	0	0	ハツ バチ					11	
荓	⿱艹幷	0	0	ヘイ ビョウ					11	⿱艹并
菨	⿱艹妾	0	0	ショウ	あさぎ		ソウ	u	11	
菪	⿱艹宕	0	0	トウ	おにひるぐさ		ドウ	u	11	
菶	⿱艹奉	0	0	ホウ フ ボ			ブ	u	11	
菸	⿱艹於	0	0	エン ヨ オン			オ しおれる たばこ	u	11	
菹	⿱艹沮	0	0	ショ シャ	つけもの		ソ しおから ししびしお	u	11	
菼	⿱艹炎	0	0	タン	おぎ				11	
萁	⿱艹其	0	0	キ カイ	まめがら		ギ	u	11	
萆	⿱艹卑	0	0	ヒ ヘイ ハツ バチ			ヘキ ビャク おおう	u	11	⿱艹⿱⿱㇒⿻日丿十
萊	⿱艹來	9	0	ライ リ	あかざ あれわ こうがい				11	
萏	⿱艹臽	0	0	タン ドン	はな.やか				11	
萑	⿱艹隹	0	0	カン スイ	おぎ		ガン	u	11	
萕	⿱艹斉	0	0	セイ ザイ	ひと.しい ととの.える なづな				11	
萙	⿱艹枕	0	0		くたびれる		くたびれ	u	11	
莭	⿱艹卽	0	0	セツ セチ	ふし				11	⿱艹即
萯	⿱艹負	0	0	フウ フ ハイ	からすうり		ベ ブ バイ	u	12	
萹	⿱艹扁	0	0	ヘン	にわやなぎ		ベン	u	12	
葅	⿱艹俎	0	0	ショ シャ	つけもの		ソ	u	12	
葇	⿱艹柔	0	0	ジュウ ニュ			ニュウ	u	12	
葈	⿱艹枲	0	0	シ	からむし				12	
葊	⿱艹弇	0	0	アン	いおり いお				12	⿴𦬇合
葍	⿱艹畐	0	0	フク	ひるがお				12	
葏	⿱艹津	0	0	セン セイ ショウ シン	しげ.る				12	
葑	⿱艹封	0	0	ホウ フ フウ	かぶら				12	
葒	⿱艹紅	0	0	コウ グ	おおたで		コク おおけたで	u	12	
葖	⿱艹突	0	0	トツ トチ	だいこん		ドチ	u	12	⿱艹⿱⿱宀儿犬
葘	⿱艹甾	0	0	シ サイ	あれち		わざわい	u	12	⿱艹𱰭
葙	⿱艹相	0	0	ショウ ソウ	のげいとう				12	
葚	⿱艹甚	0	0	チン シン	さわら あてぎ くわのみ		ジン	u	12	
葜	⿱艹契	0	0	カツ	くさ		ケチ	u	12	
葠	⿱艹侵	0	0	シン セン	にんじん ちょうせんにんじん				12	
葤	⿱艹紂	0	0	チュウ ジュウ	つつ.む つと		ジュ	u	12	
葥	⿱艹前	0	0	セン	きいちご		ゼン	u	12	⿱艹⿱䒑⿰⿵冂⺀刂
葧	⿱艹勃	0	0	ホツ ボチ	しろよもぎ				12	
葪	⿱艹㓩	0	0	ケイ キ カイ ケ	あざみ さ.く とげ				12	
葰	⿱艹俊	0	0	スイ サ セ シュン	しょうが				12	
葳	⿱艹威	0	0	イ					12	
葴	⿱艹咸	0	0	シン カン ケン	やまあい		ゲン	u	12	
葶	⿱艹亭	0	0	テイ ジョウ チョウ	いぬなずな				12	
葸	⿱艹思	0	0	サイ シ	よい				12	
葼	⿱艹㚇	0	0	ソウ ス	こえだ				12	
葽	⿱艹要	0	0	ヨウ					12	
蒁	⿺辶𦬸	0	0	シュツ ジュチ イツ イチ			リツ リチ	u	12	⿱艹述
蒅	⿱艹染	0	0		すくも				12	
蒒	⿱艹師	0	0	シ	こうぼうむぎ				13	
蒓	⿱艹純	0	0	シュン	ぬなわ		ジュン	u	13	
蒕	⿱艹𥁕	0	0	ウン					13	
蒞	⿱艹涖	0	0	リ レイ ルイ	のぞ.む つ.く				13	
蒦	⿱艹隻	0	0	ワク キャク カク ヤク	はかり ものさし のり				13	
蒨	⿱艹倩	0	0	セン	あかね				13	
蒩	⿱艹租	0	0	ソ ショ シャ			ジャ	u	13	
蒪	⿱艹尃	0	0	ハク ホク					13	
蒯	⿰萠刂	0	0	カイ ケ			あぶらがや	u	13	
蒱	⿱艹捕	0	0	ホ ブ					13	
蒴	⿱艹朔	0	0	サク	そくず				13	
蒺	⿱艹疾	0	0	シツ ジチ ショク ジ	はまびし		ジキ	u	13	
蒽	⿱艹恩	0	0	オン					13	
蒾	⿱艹迷	0	0	ベイ メイ	がまずみ				13	
蓀	⿱艹孫	0	0	ソン					13	
蓂	⿱艹冥	0	0	ベイ メイ ミョウ ベキ			ミャク	u	13	
蓇	⿱艹骨	0	0	コツ コチ			クチ	u	13	
蓈	⿱艹郞	0	0	コウ ロウ	いぬあわ				13	⿱艹郎
蓌	⿱艹夎	0	0	サ シャ サイ スイ	いつわ.る		セ	u	13	
蓏	⿱艹㼌	0	0	ラ	うり くさのみ				15	
蓓	⿱艹倍	0	0	ハイ	つぼみ		バイ	u	13	
蓜	⿱艹配	0	0	ハイ					13	
蓧	⿱艹條	0	0	チョウ ショウ	しの		テキ ジョウ ジャク あじか	u	14	
蓪	⿱艹通	0	0	トウ ツ	あけび				14	
蓯	⿱艹從	0	0	ソウ ス ショウ シュ	かぶら				14	
蓰	⿱艹徙	0	0	シ					14	
蓱	⿱艹洴	0	0	ヘイ ヒョウ	うきくさ		ビョウ	u	14	
蓲	⿱艹區	0	0	キュウ ク シュ ウ	ぬなわ		オウ オ フ	u	14	
蓷	⿱艹推	0	0	タイ ツイ スイ	めはじき		テ	u	14	
蔲	⿱艹𡨥	0	0	コウ ク					14	
蓺	⿱艹埶	0	0	ゲイ			わざ	u	14	⿱艹⿰坴丸
蓻	⿱艹執	0	0	シュウ ジョウ ニョウ キク					14	⿱艹⿰幸丸
蓽	⿱艹畢	0	0	ヒツ ヒチ	まめ		いばら	u	14	
蔂	⿱艹累	0	0	ルイ ラ ライ	もっこ		レ	u	14	
蔃	⿱艹強	0	0	キョウ ゴウ					14	⿱艹强
蔇	⿱艹旣	0	0	キ キケ			ケ ギ	u	14	⿱艹既
蔌	⿱艹欶	0	0	ソク ソウ ス	な やさい		シュ あおもの	u	14	
蔎	⿱艹設	0	0	セツ セチ サツ	かんば.しい		サチ	u	14	
蔐	⿱艹啇	0	0	テキ	おぎ				14	
蔜	⿱艹敖	0	0	ゴウ	はこべ				14	
蔞	⿱艹婁	0	0	ロウ ル リュウ ク	よもぎ		グ	u	14	
蔢	⿱艹婆	0	0	ハ			バ	u	14	
蔣	⿱艹將	9	0	ショウ ソウ	まこも はげ.ます				14	
蔤	⿱艹密	0	0	ビツ ミチ ミツ					14	
蔥	⿱艹悤	0	0	ソウ	ねぎ		ス	u	14	
蔧	⿱艹彗	0	0	セイ スイ	ほうきぐさ		セ	u	14	
蔪	⿱艹斬	0	0	セン サン	つつ.む		ゼン かる	u	14	
蔫	⿱艹焉	0	0	エン オン	しぼ.む				14	
蔯	⿱艹陳	0	0	チン ジン	かわらよもぎ				14	
蔳	⿱艹清	0	0	セン	あかね				14	⿱艹⿰氵靑
蔴	⿱艹麻	0	0	マ マア	あさ				14	⿱艹⿸广𣏟
蔶	⿱艹責	0	0	サク ジャク セキ	す すのこ				14	
蔿	⿱艹爲	0	0	イ カ ケ			ガ キ	u	15	
蕆	⿱艹⿵戊貝	0	0	テン	いまし.める				15	
蕏	⿱艹猪	0	0	チョ					15	
蕐	⿳艹一⿻⿻二丨𠈌	0	0	カ ケ	はな				15	⿱龷⿻𰀁𠈌
蕑	⿱艹閒	0	0	カン ゲン	ふじばかま		ケン	u	15	
蕒	⿱艹買	0	0	バイ メイ	のげし		メ	u	15	
蕓	⿱艹雲	0	0	ウン	あぶらな				15	
蕖	⿱艹渠	0	0	キョ ゴ	おやいも		いも	u	15	
蕙	⿱艹惠	0	0	ケイ エ	かおりぐさ				15	
蕜	⿱艹悲	0	0	ヒ	いた.む かな.しむ		ビ	u	15	
蕝	⿱艹絕	0	0	セツ セチ セイ サイ			セ	u	15	
蕞	⿱艹最	0	0	サイ セツ セチ			サツ セ サチ	u	15	
蕟	⿱艹發	0	0	ハイ ヒツ ホチ ヒイ			ハツ	u	15	
蕠	⿱艹絮	0	0	ジョ ニョ					15	
蕡	⿱艹賁	0	0	フン ハン ボン	しげ.る		ブン ハイ ベ ホン	u	15	
蕢	⿱艹貴	0	0	カイ ケ キ	あ.れる		ギ あじか つちくれ	u	15	
蕤	⿱艹甤	0	0	ニ ソウ ショウ スイ			ズイ かざり	u	15	
蕫	⿱艹童	0	0	トウ ツ ズ					15	
蕯	⿱艹隆	0	0	ロウ ル リュウ					16	
蕹	⿱艹雍	0	0	ヨウ ユ	あつ.める				16	
蕺	⿱艹戢	0	0	シュウ ショウ	どくだみ				16	
蕻	⿱艹⿰镸共	0	0	コウ ク	しげ.る		グ	u	16	
蕽	⿱艹農	0	0	ドウ ヌ ノウ					16	
蕿	⿱艹煖	0	0	ケン	かや かんぞう				16	
薁	⿱艹奧	0	0	イク オウ	にわうめ				16	
薅	⿱艹媷	0	0	コウ			くさぎる	u	16	
薆	⿱艹愛	0	0	アイ キ ケ	かく.す				16	
薉	⿱艹歲	0	0	ワイ エ	あ.れる				16	
薋	⿱艹資	0	0	シ	しげ.る				16	
薌	⿱艹鄕	0	0	キョウ コウ	こくもつ				16	⿱艹⿲乡皀阝 ⿱艹鄉
薏	⿱艹意	0	0	ヨク オク イ			オキ	u	16	
薓	⿱艹𣹰	0	0	シン セン	にんじん ちょうせんにんじん				16	⿱艹⿰氵⿱帚又
薘	⿱艹達	0	0	タツ ダチ	おおばこ		タチ	u	16	
薝	⿱艹詹	0	0	セン タン					16	
薟	⿱艹僉	0	0	レン ケン コン	やぶからし		ゲン ゴン カン	u	16	
薠	⿱艹煩	0	0	ハン ボン	はますげ				16	
薢	⿱艹解	0	0	カイ ケ			ゲ	u	16	
薥	⿱艹蜀	0	0	ショク ゾク チョク チク	れんげつつじ				16	
薧	⿱艹𣨻	0	0	コウ	はかば				16	⿳艹⿳亠口冖死
薴	⿱艹寧	0	0	ドウ ノウ ニョウ	みだ.れる				17	
薶	⿱艹貍	0	0	バイ マイ リ	うず.める		メ ワ うめる	u	17	
薷	⿱艹需	0	0	ジュ ニュ ジュウ	きくらげ				17	
薸	⿱艹漂	0	0	ヒョウ	うきぐさ		ビョウ	u	17	
薼	⿱艹塵	0	0	チン ジン	かわらよもぎ				17	
薽	⿱艹甄	0	0	シン ケン	やぶたばこ				17	
薾	⿱艹爾	0	0	シ ニ デイ ナイ	さ.く		ジ	u	17	
薿	⿱艹疑	0	0	ギ ギョク ゴク	しげ.る		ゴキ	u	17	
藂	⿱艹聚	0	0	ソウ ス	くさむら むら.がる むら		ズ	u	17	
藇	⿱艹與	0	0	ショ ヨ	うつく.しい		ジョ	u	17	
藊	⿱艹稨	0	0	ヘン	ふじまめ				17	
藋	⿱艹翟	0	0	チョウ ジョウ タク	あおあかぎ		テキ ジョク ジャク	u	17	
藎	⿱艹盡	0	0	シン	こぶなぐさ		ジン かりやす	u	17	
薭	⿱艹稗	0	0	ハイ ヒ	ひえ				17	
藘	⿱艹慮	0	0	リョ ロ					18	
藚	⿱艹𧶠	0	0	ショク ゾク	おもだか				18	⿱艹賣
藟	⿱艹畾	0	0	ルイ ラ リュウ	かずら ふじかずら				18	
藠	⿱艹皛	0	0	キョウ	らっきよう		ギョウ	u	18	
藦	⿱艹摩	0	0	バ マ					18	
藨	⿱艹麃	0	0	ヒョウ キョウ ホウ	まめ		ビョウ	u	18	
藭	⿱艹窮	0	0	キュウ ク	せんきゅう		グ	u	18	
藳	⿱艹稾	0	0	コウ	わら したがき				18	⿱蒿禾
藶	⿱艹歷	0	0	レキ リャク					19	
藼	⿱艹憲	0	0	ケン	かや かんぞう				19	⿱艹⿳⿱宀丯罒心
藿	⿱艹霍	0	0	カク スイ			まめのは	u	19	
蘀	⿱艹擇	0	0	タク ジャク	おちば				19	
蘄	⿱艹⿰單斤	0	0	キ ケ キン ゴン			ギ くつわ	u	19	⿱艹𰕣 ⿱艹祈
蘅	⿱艹衡	0	0	コウ ギョウ					19	
蘍	⿱艹勳	0	0	クン	かお.る		かおり かおりぐさ	u	19	
蘎	⿱𦲸肥	0	0	キ					19	⿳艹雨肥
蘐	⿱艹諼	0	0	ケン	かや かんぞう				19	
蘑	⿱艹磨	0	0	マ	ひらたけ		バ	u	19	
蘒	⿱艹穐	0	0	キ	は.ぎ				20	
蘘	⿱艹襄	0	0	ニョウ ショウ ソウ ノウ	みようが		ジョウ ドウ みょうが	u	20	
蘙	⿱艹翳	0	0	エイ	しげ.る				20	
蘛	⿱艹⿰甚育	0	0	イク ユ	しげ.る				20	
蘞	⿱艹斂	0	0	レン ケン コン	やぶからし		えぐい	u	20	
蘡	⿱艹嬰	0	0	オウ ヨウ エイ					20	
蘧	⿱艹遽	0	0	ク キョ			グ ゴ まこもだけ	u	20	
蘩	⿱艹繁	0	0	ハン ボン	しろよもぎ		ふき	u	20	
蘶	⿱艹魏	0	0	ギ	ひこばえ				21	
蘸	⿱艹𬋕	0	0	サン	ひた.す				22	⿱艹醮
蘺	⿱艹離	0	0	リ	くさびえ				22	
蘼	⿱艹靡	0	0	ビ ミ					22	
蘽	⿱艹櫐	0	0	ルイ ラ リュウ	かずら ふじかずら				22	
虀	⿱艹韲	0	0	セイ サイ	あ.える				22	
虂	⿱艹露	0	0	ロ ル					24	
虆	⿱艹纍	0	0	ルイ ラ リュウ	かずら ふじかずら				24	
虒	⿸𠂆虎	0	0	シ テイ ダイ チ	けもの				10	
虓	⿰九虎	0	0	オウ ヨウ コウ キョウ	うそぶ.く いか.る しし たた.く		ほえる	u	10	
虖	⿸虍乎	0	0	コ ク ケイ キョウ	ほ.える		ゴ	u	11	
虗	⿸虍丘	0	0	キョ コ	むな.しい うつ.ろ				11	
虘	⿸虍且	0	0	サ ソ	たけだけ.しい		ザ	u	11	
虙	⿸虍必	0	0	フク			ブク	u	11	
虝	⿺虎勿	0	0	コ	とら				12	
虠	⿰交虎	0	0	コウ					14	
虡	⿸虛八	0	0	キョ ゴ	はし.る				14	
虢	⿰寽虎	0	0	ホウ カク	つめあと		キャク	u	15	
虣	⿰武虎	0	0	ホウ	しいたげる		ボウ	u	16	
虤	⿰虎虎	0	0	ガン ケン			ゲン	u	16	
虩	⿰⿱⺌⿱日小虎	0	0	ケキ キャク サク シャク	おそ.れる		ゲキ	u	18	⿰𡭴虎
虬	⿰虫乚	0	0	キュウ ク キョウ	みずち		アツ	u	7	
虯	⿰虫丩	0	0	キュウ ク キョウ	みずち		グ ギョウ	u	8	
虵	⿰虫也	0	0	ジャ ダ イ ヤ	へび		シャ	u	8	
虶	⿰虫于	0	0	ウ					9	
虷	⿰虫干	0	0	カン	ぼうふら		ガン おかす	u	9	
虺	⿺兀虫	0	0	キ カイ ケ	まむし				9	
蚍	⿰虫比	0	0	ヒ	おおあり		ビ	u	10	
蚑	⿰虫支	0	0	キ ゲ	はう		ギ	u	10	
蚖	⿰虫元	0	0	ゲン ガン	いもり				10	
蚘	⿰虫尤	0	0	カイ ユウ	かいちゅう はらのむし		ウ エ	u	10	
蚚	⿰虫斤	0	0	キ ゲ カイ	こくぞうむし		エ	u	10	
蚜	⿰虫牙	0	0	カ ケ	あぶらむし				10	
蚡	⿰虫分	0	0	フン	もぐらもち		ブン	u	10	
蚦	⿰虫冄	0	0	ゼン ネン ザン ナン	にしきへび		テン	u	10	
蚧	⿰虫介	0	0	カイ					10	
蚨	⿰虫夫	0	0	フ			ブ	u	10	
蚭	⿰虫尼	0	0	ジ ニ					11	
蚱	⿰虫乍	0	0	サク シャク サ シャ					11	
蚳	⿰虫氐	0	0	チ シ テイ タイ			ジ	u	11	
蚴	⿰虫幼	0	0	ユウ ユ					11	
蚵	⿰虫可	0	0	カ			ガ	u	11	
蚷	⿰虫巨	0	0	キョ ゴ					11	
蚸	⿰虫斥	0	0	レキ リャク セキ シャク					11	
蚹	⿰虫付	0	0	フ ホク			ブ ボク	u	11	
蚿	⿰虫玄	0	0	ケン			ゲン	u	11	
蛀	⿰虫主	0	0	シュ	きくいむし				11	
蛁	⿰虫召	0	0	チョウ					11	
蛃	⿰虫丙	0	0	ヘイ ヒョウ ホウ			ビョウ	u	11	
蛅	⿰虫占	0	0	ネン セン			ゼン	u	11	
蛑	⿰虫牟	0	0	ボウ ム モウ					12	
蛒	⿰虫各	0	0	カク キャク ラク	すくもむし				12	
蛕	⿰虫有	0	0	カイ	かいちゅう		エ	u	12	
蛗	⿱𠂤虫	0	0	フウ ブ					12	
蛚	⿰虫列	0	0	レツ レチ					12	
蛜	⿰虫伊	0	0	イ					12	
蛠	⿰虫劦	0	0	レイ ライ					12	
蛣	⿰虫吉	0	0	キツ キチ ケツ ケチ			ケイ ゲツ	u	12	
蛥	⿰虫多	0	0	セツ ゼチ	にいにいぜみ				12	
蛧	⿰虫𦉳	0	0	ボウ モウ					12	⿰虫网
蚈	⿰虫幵	0	0	ケン	ほたる やすで				12	⿰虫开
蛺	⿰虫夾	0	0	キョウ コウ リョウ	ちょう		ヨウ ギョウ	u	13	
蛼	⿰虫車	0	0	シャ	あしまつい こおろぎ		あしまとい	u	13	
蛽	⿰虫貝	0	0	バイ	かい				13	
蜄	⿰虫辰	0	0	シン	うご.く				13	
蜅	⿰虫甫	0	0	フ ホ			ブ	u	13	
蜇	⿱折虫	0	0	テツ テチ	さ.す				13	
蜋	⿰虫良	0	0	ロウ リョウ					13	
蜎	⿰虫肙	0	0	エン ケン	ぼうふら		ガン ゲン ふるう	u	13	
蜏	⿰虫秀	0	0	ユウ ユ シュウ シュ	かげろう				13	
蜐	⿰虫劫	0	0	キョウ コウ					13	
蜓	⿰虫廷	0	0	エン テン テイ ジョウ			デン	u	13	
蜔	⿰虫甸	0	0	テン			デン	u	13	
蜙	⿰虫松	0	0	ショウ シュ ソウ ス			シュウ	u	14	
蜞	⿰虫其	0	0	キ	ひる		ギ	u	14	
蜟	⿰虫育	0	0	イク					14	
蜡	⿰虫昔	0	0	ショ ワ ジャ セキ	うじむし		サ シャク タ ダ	u	14	
蜣	⿰虫羌	0	0	キョウ コウ キャク カク					14	
蜨	⿰虫疌	0	0	ショウ ソウ			チョウ ジョウ	u	14	
蜮	⿰虫或	0	0	ヨク イキ コク ワク	いさごむし		カク キャク	u	14	
蜯	⿰虫奉	0	0	ホウ ビョウ	はまぐり どぶが.い		ボウ とぶがい	u	14	
蜱	⿰虫卑	0	0	ヒ ヒョウ	だに		ビ ビョウ ヘイ	u	14	⿰虫⿱⿱㇒⿻日丿十
蜲	⿰虫委	0	0	イ	う.ねる				14	
蜹	⿰虫芮	0	0	ゼイ ネイ ゼツ ネチ	ぶゆ ぶよ ぶと か		ネ エイ エ	u	14	
蜺	⿰虫兒	0	0	ゲイ ゲツ ゲチ	つくつくぼうし		にじ	u	14	
蜼	⿰虫隹	0	0	イ ユイ ルイ	さる		ユウ ヨ トウ カイ	u	14	
蜽	⿰虫兩	0	0	リョウ	こだま				14	
蜾	⿰虫果	0	0	カ ラ	じがばち				14	
蝀	⿰虫東	0	0	トウ ツ					14	
蝃	⿰虫叕	0	0	テイ タイ セツ セチ	にじ		タツ タチ	u	14	
蝅	⿱𭑈虫	0	0	サン テン	かいこ こ				14	
蝍	⿰虫卽	0	0	ソク ショク			シツ セツ シキ シチ	u	15	⿰虫即
蝘	⿰虫匽	0	0	エン オン					15	
蝝	⿰虫彖	0	0	エン ケン	いなご				15	
蝡	⿰虫耎	0	0	ゼン ダ ネン ジュ	うごめ.く		ジュン ニン	u	15	
蝤	⿰虫酋	0	0	シュウ ジュ ヨウ ヨ	きくいむし		ユウ ユ ソウ ゾウ	u	15	
蝥	⿱敄虫	0	0	ボウ ム メウ ブ			ミョウ	u	15	
蝯	⿰虫爰	0	0	エン オン	てながざる		さる	u	15	
蝱	⿱亡䖵	0	0	ボウ モウ ミョウ ブウ	あぶ				15	
蝲	⿰虫剌	0	0	ラツ ラチ	さそり				15	
蝻	⿰虫南	0	0	ナン					15	
螃	⿰虫旁	0	0	ホウ ヒョウ			ボウ	u	16	
螄	⿰虫師	0	0	シ	にな				16	
螅	⿰虫息	0	0	シ シツ					16	
螆	⿰虫玆	0	0	シ					16	⿰虫茲
螇	⿰虫奚	0	0	ケイ			ゲイ	u	16	
螈	⿰虫原	0	0	ゲン ガン	いもり		なつご	u	16	
螉	⿰虫翁	0	0	オ オウ					16	
螋	⿰虫叟	0	0	シュウ					16	
螌	⿱般虫	0	0	ハン			バン	u	16	
螐	⿰虫烏	0	0	オ ウ					16	
螓	⿰虫秦	0	0	シン	なつぜみ		ジン むぎわらぜみ	u	16	
螕	⿰虫𣬉	0	0	ヘイ ヒ	だに おおあり		ビ	u	16	
螗	⿰虫唐	0	0	トウ	なつぜみ		ドウ	u	16	
螘	⿰虫豈	0	0	ギ	あり				16	
螙	⿱木䖵	0	0	ト	きくいむし				16	
螞	⿰虫馬	0	0	バ メ					16	
螠	⿰虫益	0	0	イ	ゆむし				16	
螣	⿰月䖭	0	0	トウ チン ジン			トク ドウ	u	16	⿸𰮤虫
螧	⿰虫耆	0	0	ケン	えび				16	
螬	⿰虫曹	0	0	ソウ シュウ ジュ			ゾウ	u	16	
螭	⿰虫离	0	0	チ	みずち				17	
螮	⿰虫帶	0	0	テイ タイ					17	
螱	⿱尉虫	0	0	イ	しろあり				17	
螵	⿰虫票	0	0	ヒョウ			ビョウ	u	17	
螾	⿰虫寅	0	0	イン	みみず				17	
螿	⿱將虫	0	0	ショウ ソウ					17	
蟁	⿱民䖵	0	0	ブン	か				17	
蟈	⿰虫國	0	0	カク ヨク イキ	いさごむし		コク キャク ワク	u	17	
蟉	⿰虫翏	0	0	リュウ ル キュウ			リョウ ユウ	u	17	
蟊	⿱矛䖵	0	0	ボウ ム	ねきりむし		ミョウ マ モ	u	17	
蟎	⿰虫㒼	0	0		だに				17	
蟕	⿰虫觜	0	0	スイ シ					18	
蟖	⿰虫斯	0	0	シ	けむし				18	
蟙	⿰虫戠	0	0	ショク シキ	こうもり				18	
蟚	⿱彭虫	0	0	ホウ ビョウ			ハウ	u	18	
蟜	⿰虫喬	0	0	キョウ			ギョウ	u	18	
蟟	⿰虫尞	0	0	リョウ	くまぜみ				18	
蟢	⿰虫喜	0	0	キ					18	
蟣	⿰虫幾	0	0	キ ケ	しらみ		ゲ ひる	u	18	
蟤	⿰虫巽	0	0	セン			ゼン	u	18	
蟪	⿰虫惠	0	0	ケイ エ	つくつくぼうし				18	
蟫	⿰虫覃	0	0	イン タン ドン	しみ		シン ジン	u	18	
蟭	⿰虫焦	0	0	ショウ シュウ シュ					18	
蟱	⿰虫無	0	0	ボウ ム ブ	くも				18	
蟳	⿰虫尋	0	0	ジン	がざみ				18	
蟸	⿱豕䖵	0	0	レイ ライ リ ラ	にな ひさご				19	
蟺	⿰虫亶	0	0	セン タン	みみず		ゼン ダン タ ダ	u	19	
蟿	⿱𣪠虫	0	0	ケイ キ					19	
蠁	⿱鄕虫	0	0	キョウ ドウ	にしどち		コウ さし	u	19	⿱⿲乡皀阝虫 ⿱鄉虫
蠃	⿱吂⿲月虫凡	0	0	ラ カ	かたつむり		にし にな	u	19	⿱吂⿲月虫⿻⿻㇈丿丶 ⿵𣎆虫
蠆	⿱萬虫	0	0	タイ タツ タチ			チ ジ テ さそり	u	19	
蠉	⿰虫睘	0	0	ケン	はう		ゲン	u	19	
蠊	⿰虫廉	0	0	レン					19	⿰虫⿸广⿻⿳一⺕八⿰亻亻
蠋	⿰虫蜀	0	0	チョク ショク ドク ゾク	けむし		ジク あおむし いもむし	u	19	
蠐	⿰虫齊	0	0	セイ ザイ シ			ジ	u	20	
蠙	⿰虫賓	0	0	ヘン ヒン	どぶがい		ベン ビン	u	20	
蠒	⿱爾虫	0	0	ケン	まゆ きぬ				20	
蠓	⿰虫蒙	0	0	ボウ ム	かつおむし		モウ みみず	u	20	
蠔	⿰虫豪	0	0	コウ	かき		ゴウ	u	20	
蠘	⿰虫截	0	0	セツ ゼチ					20	
蠚	⿱若䖵	0	0	カク チャク セキ シャク	さ.す いた.む さすむし		コク テツ テチ ジャク	u	21	
蠛	⿰虫蔑	0	0	ベツ メチ	かつおむし				21	
蠜	⿱樊虫	0	0	ハン ボン	いなご				21	
蠞	⿱⿱竹卽虫	0	0	セツ ゼチ					21	⿱⿱𥫗卽虫 ⿱節虫
蠟	⿰虫巤	9	0	ロウ	みつろう ろうそく				21	
蠨	⿰虫蕭	0	0	ショウ	あしたかぐも		シュク	u	22	
蠭	⿱逢䖵	0	0	ホウ	はち				23	
蠮	⿰虫翳	0	0	エツ エチ					23	
蠰	⿰虫襄	0	0	ショウ ソウ ジョウ ニョウ	かみきりむし		ドウ ノウ	u	23	
蠲	⿰益蜀	0	0	ケン ケイ ケ	やすで		きよい のぞく	u	23	
蠵	⿰虫巂	0	0	ケイ キ エ イ			ゲ	u	24	
蠺	⿳𭑈日䖵	0	0	サン テン	かいこ こ				24	
蠼	⿰虫矍	0	0	キャク カク ケキ ク	おおざる		はさみむし	u	26	
衁	⿱亡血	0	0	コウ	ち				9	
衃	⿰血不	0	0	ハイ フウ フ			ブ	u	10	
衅	⿰血半	0	0	キン	ちぬ.る すき ひま				11	⿰血⿻八𰀁
衈	⿰血耳	0	0	ジ ニ					12	
衉	⿰血各	0	0	カク キャク			はく	u	12	
衊	⿰血蔑	0	0	ベツ メチ バツ マチ			ベン けがす	u	21	
衋	⿳⿱𦘒一皕血	0	0	キョク コク	いた.む		ケキ	u	24	⿳聿皕血
衎	⿲彳干亍	0	0	カン	よろこ.ぶ				9	⿴行干
衑	⿲彳令亍	0	0	レイ リョウ	みち				11	⿴行令
衕	⿲彳同亍	0	0	トウ ズ					12	⿴行同
衖	⿲彳共亍	0	0	コウ	ちまた		ゴウ	u	12	⿴行共
衘	⿲彳𦈢亍	0	0	カン	くつわ				13	⿴行𦈢
衚	⿲彳胡亍	0	0	コ			ゴ	u	15	⿴行胡
衜	⿲彳首亍	0	0	トウ	みち		ドウ	u	15	⿴行首
衟	⿲彳𩠐亍	0	0	トウ	みち		ドウ	u	16	⿴行𩠐
衠	⿲彳眞亍	0	0	シュン	まこと ただ.しい もっぱら				16	⿴行真
衤	⿱𪜊𰀠	0	0		ころも				5	
衩	⿰衤叉	0	0	サイ シャ サ			セ	u	8	
衱	⿰衤及	0	0	キョウ コウ キュウ	つくろう		ゴウ しごき	u	9	
衹	⿰衤氏	0	0	キ シ テイ タイ	たまたま		ギ	u	9	
衻	⿰衤冄	0	0	ネン デン セン	ふちど.る まえだれ		ゼン	u	9	
袀	⿰衤勻	0	0	ビン キン	いくさごろも				9	⿰衤匀
袘	⿰衤㐌	0	0	イ タ	みごろ		ふき	u	10	
袚	⿰衤犮	0	0	ハツ ハチ ヒ	ふく		フツ フチ ハイ バイ	u	10	
袛	⿰衤氐	0	0	テイ タイ シ			ギ	u	10	
袜	⿰衤末	0	0	バツ マチ	たび				10	
袟	⿰衤失	0	0	チツ ジチ	さや				10	
袠	⿳亠失𧘇	0	0	チツ ジチ					11	⿴衣失
袨	⿰衤玄	0	0	ケン	はれぎ		ゲン	u	10	
袪	⿰衤去	0	0	キョ コ	そで		あげる さる	u	10	
袺	⿰衤吉	0	0	ケツ ケチ カツ	つまどる				11	
袽	⿰衤如	0	0	ジョ ニョ	やぶれごろも		つめわた	u	11	
袾	⿰衤朱	0	0	チュ シュ	みごろ		あかい	u	11	
裀	⿰衤因	0	0	イン	みごろ		しとね	u	11	
裊	⿹⑦衣	0	0	チョウ ジョウ ニョウ	しなや.か		たおやか	u	13	
裋	⿰衤豆	0	0	シュ タン	したぎ		ジュ	u	12	
裌	⿰衤夾	0	0	コウ キョウ	あわせ		ギョウ	u	12	
裍	⿰衤困	0	0	コン	なる				12	
裎	⿰衤呈	0	0	テイ チョウ ジョウ	はだか				12	
裑	⿰衤身	0	0	シン	みごろ				12	
裒	⿳亠𦥑𧘇	0	0	ホウ	ほ.める		ブ フウ ボウ あつめる	u	13	⿴衣臼
裓	⿰衤戒	0	0	コク カイ カツ ケチ	すそ いしだたみ				12	
裛	⿳亠邑𧘇	0	0	オウ ヨウ ユウ	ふくろ		うるおす	u	13	⿴衣邑
裞	⿰衤兌	0	0	セイ タイ エイ			セ テ エ ゼイ	u	12	⿰衤兑
裧	⿰衤炎	0	0	セン タン	たれぎぬ				13	
裯	⿰衤周	0	0	チュウ ジュ トウ	はだぎ		ジュウ チョウ チュ	u	13	⿰衤⿵⺆⿱𰀁口
裰	⿰衤叕	0	0	タツ タチ	つくろう				13	
裱	⿰衤表	0	0	ヒョウ	ひれ				13	
裵	⿳亠非𧘇	0	0	ハイ ヒ ベ	たちもとお.る				14	⿴衣非
裷	⿰衤卷	0	0	エン オン ケン コン	ずきん		カン	u	13	
褁	⿱果𧘇	0	0	セキ シャク	ふくろ				14	
褆	⿰衤是	0	0	シ テイ ダイ			ジ チ	u	14	
褍	⿰衤耑	0	0	タン タ トン	みごろ		ドン	u	14	
褎	⿳亠⿰③禾𧘇	0	0	シュウ ジュ ユウ ユ	そで たもと				15	
褏	⿳亠⿰③由𧘇	0	0	シュウ ジュ ユウ ユ	そで たもと				14	
褕	⿰衤兪	0	0	ユ ヨウ トウ ズ	はねかざり				14	⿰衤俞
褖	⿰衤彖	0	0	タン	ころも				14	
褘	⿰衤韋	0	0	イ キク キ	ひざかけ				14	
褙	⿰衤背	0	0	ハイ	はだぎ		ヘ	u	14	
褚	⿰衤者	0	0	チョ シャ	わたいれ		おおい たれぎぬ ふくろ	u	14	⿰衤⿻者丶
褜	⿱胞衣	0	0	ホウ	えな いや				14	
褠	⿰衤冓	0	0	コウ ク	ひとえ ひとえのつつそでうでぬき あわせ				15	
褦	⿰衤能	0	0	ダイ ナイ	ひがさ				15	
褧	⿱耿衣	0	0	ケイ キョウ	ひとえ				16	
褨	⿰衤差	0	0	サ ジャ					15	
褰	⿱𡨄衣	0	0	ケン コン	はかま		あげる かかげる たたむ	u	16	
褱	⿳亠⿱罒⿻丨⿱丷八𧘇	0	0	カイ エ	ふところ なつ.かしい なつ.かしむ なつ.く				16	⿳亠⿱罒⿻丨⿰二二𧘇 ⿴衣眔
褲	⿰衤庫	0	0	コ	ずぼん		はかま	u	15	
褵	⿰衤离	0	0	リ	おび きんちやく		においぶくろ	u	16	
褹	⿰衤埶	0	0	ゲイ ナイ ナチ ネ	ぬのこ		ダイ	u	16	⿰衤⿰坴丸
褺	⿱執衣	0	0	チョウ ジョウ	かさねごろも				17	⿱⿰幸丸衣
褾	⿰衤票	0	0	ヒョウ	そでくち				16	
襀	⿰衤責	0	0	セキ シャク	ひだ				16	
襂	⿰衤參	0	0	シン サン セン	ひとえ				16	
襅	⿰衤畢	0	0		ちはや				17	
襆	⿰衤菐	0	0	ホク ボク	もすそ		ブク	u	17	
襉	⿰衤閒	0	0	カン ケン	すそのひだ				17	
襏	⿰衤發	0	0	ハツ ハチ フツ フチ	あらぬの		ブチ ヒ	u	17	
襒	⿰衤敝	0	0	ヘツ ベチ	ころも				17	
襗	⿰衤睪	0	0	タク ジャク エキ ヤク	したばかま		ダク	u	18	
襚	⿰衤遂	0	0	スイ			ズイ	u	18	⿰衤⿺辶⿱八豕
襛	⿰衤農	0	0	ジョウ ニュ ジュウ	あつ.い				18	
襜	⿰衤詹	0	0	セン タン	まえか.け				18	
襡	⿰衤蜀	0	0	ショク ゾク タク シュ	ながじゅばん		トウ チョク ツ トク	u	18	
襢	⿰衤亶	0	0	タン セン チン	はだぬぎ		テン ダン ゼン デン	u	18	
襣	⿰衤鼻	0	0	ヒ	ふんどし		ビ	u	19	⿰衤⿱自畀
襫	⿰衤奭	0	0	セキ シャク					20	
襮	⿰衤暴	0	0	ハク ホク	えり				20	
襰	⿰衤賴	0	0	ライ	お.ちる やぶ.れる				21	
襳	⿰衤韱	0	0	セン シン サン	したぎ				22	
襵	⿰衤聶	0	0	ショウ チョウ	ひだ たた.む ぬ.う ぬいめ				23	
襺	⿰衤繭	0	0	ケン	わたいれ				24	
襻	⿰衤攀	0	0	ハン	つけひも				24	
襼	⿰衤藝	0	0	ゲイ	そで				24	
襽	⿰衤蘭	0	0	ラン リン					26	
覉	⿱襾䩭	0	0	キ ハ	おもが.い たづな たび つな.ぐ				19	⿱覀䩭
覍	⿱小見	0	0	ヘン			ベン	u	10	⿱𡭔見
覐	⿺見爻	0	0	カク	おぼ.える さ.ます さ.める さと.る				11	
覔	⿱不見	0	0	ベキ エキ ミャク	もと.める				11	
覕	⿰必見	0	0	メチ ヒン ヘツ			ベツ ベチ ヒ ヒツ	u	12	
覛	⿰𠂢見	0	0	ベキ ビキ ミャク バク	み.る				13	⿰⿸𠂆⿻𱍸㇒見
覜	⿰兆見	0	0	チョウ	み.る				13	
覟	⿰志見	0	0	シ	み.る				14	
覠	⿰君見	0	0	キン コン	み.る				14	
覥	⿰典見	0	0	テン	はじ.る				15	
覰	⿰虘見	0	0	ソ ショ キョ シュ	うかが.う み.る あら.い				18	
覴	⿰登見	0	0	トウ チョウ	み.つめる				19	
覵	⿰閒見	0	0	カン ケン ヘン エン	みる うかが.う まぜる				19	
覶	⿰𤔔見	0	0	ラ ラン レン	み.る				19	
覷	⿰虛見	0	0	ソ ショ キョ シュ	うかが.う み.る あら.い				19	⿰虚見
覼	⿰爾見	0	0	ラ ラン レン	み.る				21	
觔	⿰角力	0	0	キン	すじ				9	
觕	⿰牛角	0	0	ソ ソウ ジョウ	あら.い		ショク ソク ゾ	u	11	⿰牜角
觖	⿰角夬	0	0	ケツ ケチ キ ケイ	か.ける		ケ こいねがう のぞむ	u	11	
觗	⿰角氏	0	0	シ	さかずき				11	
觘	⿰角少	0	0	ソウ ショウ	つのさじ				11	
觥	⿰角光	0	0	コウ	つのさかずき				13	
觩	⿰角求	0	0	キュウ ク	ま.がる		グ	u	14	
觫	⿰角束	0	0	ソク					14	
觭	⿰角奇	0	0	キ	かたむ.く				15	
觱	⿱咸角	0	0	ヒツ ヒチ ウツ ウチ	ひちりき		えびすぶえ	u	16	
觳	⿰⿱⿳士冖一角殳	0	0	コク カク			ガク ゴク あとあし うすい	u	17	⿹𣪊角
觶	⿰角單	0	0	シ	さかずき				19	
觹	⿰角雋	0	0	ケイ エ スイ キ	くじり つのぎり				19	
觽	⿰角嶲	0	0	ケイ エ スイ キ	くじり つのぎり				22	
觿	⿰角巂	0	0	ケイ エ スイ キ	くじり つのぎり		ゲイ	u	25	
訄	⿺九言	0	0	キュウ ク コウ ドウ					9	
訅	⿰言九	0	0	キュウ ク	やす.んずる はか.る		グ	u	9	
訇	⿹勹言	0	0	コウ ケン キン			ゲン	u	9	
訏	⿰言于	0	0	ク コ	いつわ.る				10	
訑	⿰言也	0	0	シ イ タ タン			ダ ダン テン デン	u	10	
訒	⿰言刃	0	0	ジン ニン	なや.む				10	
訔	⿱山言	0	0	ギン ゴン	かた.る				10	
訕	⿰言山	0	0	サン セン	そし.る				10	
訞	⿰言夭	0	0	ヨウ	わざわ.い あやしいことば				10	
訠	⿰言引	0	0	シン	いわ.んや は.ぐ はぎ				11	
訢	⿰言斤	0	0	キン コン キ	よろこ.ぶ	よし	ギン ゴン	u	11	
訤	⿰言爻	0	0	コン ダ コウ					11	
訦	⿰言冘	0	0	シン	まこと		ジン	u	11	
訫	⿰言心	0	0	シン		まこと			11	
訬	⿰言少	0	0	ソウ ショウ ミョウ	みだ.れる		ビョウ	u	11	
訯	⿰言及	0	0	サ セ	しゃべ.る				11	
訵	⿰言四	0	0	チ	ひそかにうかがい.しる ひそかに.しる				12	
訷	⿰言申	0	0	シン	とく				12	
訽	⿰言句	0	0	コウ ク	ののし.る はじ はずかし.める				12	
訾	⿱此言	0	0	シ セイ サイ ソ	つとめない そし.る		ジ	u	12	
詀	⿰言占	0	0	タン テン セン			チョウ ショウ デン	u	12	
詃	⿰言玄	0	0	ケン	いざな.う いつわ.る				12	
詅	⿰言令	0	0	レイ リョウ	てら.う				12	
詇	⿰言央	0	0	ヨウ オウウ エイ	さとい つ.げる とう こえ		オウ	u	12	
詉	⿰言奴	0	0	ドウ ヒョウ ダ ナ	かまびす.しい わるくい.う		ニョウ ド ヌ	u	12	
詍	⿰言世	0	0	エイ セツ セチ	しゃべ.る たの.しむ		セイ ゼイ	u	12	
詎	⿰言巨	0	0	キョ ゴ	なんぞ		なに なにすれぞ	u	12	
詓	⿰言去	0	0	キョ コ	こえ				12	
詖	⿰言皮	0	0	ヒ ハ	かたよ.る				12	
詗	⿰言冋	0	0	キョウ チョウ ケイ	さぐ.る		テイ	u	12	
詘	⿰言出	0	0	クツ クチ チュツ チュチ	つ.まる		トツ ノチ ドツ しりぞける	u	12	
詜	⿰言𠬢	0	0	トウ	みだ.れる				12	
詝	⿰言宁	0	0	チョ	さとい				12	
詡	⿰言羽	0	0	ク	ほこ.る		うつくしい なまめかしい やわらぐ	u	13	
詥	⿰言合	0	0	コウ	やわら.ぐ かな.う あつまりいう				13	
詧	⿱⿰⿴𠂊冫②言	0	0	サツ サチ セツ セチ	みる あきらか.にする				13	
詵	⿰言先	0	0	シン セン	と.る		おおい	u	13	
詶	⿰言州	0	0	シュウ ジュ	のろ.う		シュ	u	13	
詷	⿰言同	0	0	トウ ズ	おなじ				13	
詹	⿸厃⿱儿言	0	0	セン タン			ダン	u	13	
詺	⿰言名	0	0	ベイ ビイ ミョウ	なづ.ける				13	
詻	⿰言各	0	0	ガク ギャク リャク ラク	いいあらそ.う				13	
詾	⿰言匈	0	0	キョウ ク	うった.える いいたて.る み.ちる おど.す				13	
詿	⿰言圭	0	0	カイ ケ カ	あやま.る				13	
誀	⿰言耳	0	0	ジ ニ チ	さそう はじ				13	
誃	⿰言多	0	0	シ チ イ	わか.れる		ジ タ ダ	u	13	
誆	⿰言匡	0	0	キョウ ゴウ	いつわり				13	
誋	⿰言忌	0	0	キ コウ	いまし.める				14	
誏	⿰言良	0	0	ロウ					14	
誐	⿰言我	0	0	ガ ヨイ	よいことば くちずさむ				14	
誒	⿰言矣	0	0	キ カイ アイ イ	あ		ああ	u	14	
誖	⿰言孛	0	0	ホツ ボチ フツ フチ	みだ.す		ブチ ハイ ベ ヒ	u	14	
誗	⿰言利	0	0	テン	ことばがうるわしい		デン	u	14	
誙	⿰言巠	0	0	コウ ギョウ ケイ	あら.い				14	
誟	⿰言孝	0	0	コウ					14	
誧	⿰言甫	0	0	ホ フ			ブ たすける	u	14	
誩	⿰言言	0	0	ケイ キョウ ゴウ タン	あらそいいう		ギョウ トン	u	14	
誮	⿰言花	0	0	カ	やさ.しい		やさし	u	15	⿰訁⿱艹⿰亻𠤎
誯	⿰言昌	0	0	ショウ	とな.える				15	
誳	⿰言屈	0	0	クツ コチ	つ.まる ま.がる ま.げる				15	
誶	⿰言卒	0	0	スイ サイ シュツ	せ.める ののし.る		ズイ シン ジュチ セ	u	15	
誷	⿰言罔	0	0	ボウ モウ	しい.る				15	
誻	⿰言沓	0	0	トウ	そし.る		ドウ	u	15	
誾	⿵門言	0	0	ギン ゴン					15	
諃	⿰言林	0	0	チン	よくいう				15	
諆	⿰言其	0	0	キ	あざむ.く		ギ	u	15	
諈	⿰言垂	0	0	スイ ニ チ	かこつ.ける		ズイ ジ	u	15	
諉	⿰言委	0	0	ズイ ニ イ	わずら.わす				15	
諊	⿰言匊	0	0	キク コク	しらべ.る				15	
諑	⿰言豖	0	0	タク	うったえ		チョク	u	15	
諓	⿰言戔	0	0	セン エン	よくいう		ゼン	u	15	
諔	⿰言叔	0	0	シュク セキ ジャク	いつわ.る				15	
諕	⿰言虎	0	0	コウ カ テ	さけ.ぶ		ゴウ ケ カク	u	15	
諗	⿰言念	0	0	シン ジョウ ニョウ	いさ.める		つげる	u	15	
諝	⿰言胥	0	0	ショ	さとい				16	
諟	⿰言是	0	0	シ テイ タイ	ただ.す		ジ おさめる この	u	16	
諬	⿱𮂱言	0	0	ケイ	ひら.く さと.す				16	
諰	⿰言思	0	0	シ サイ シャ アイ	おも.う		セ	u	16	
諴	⿰言咸	0	0	カン ゲン コン	やわ.らぐ		ガン ゴン	u	16	
諵	⿰言南	0	0	ナン ダン ネン			のう	u	16	
諶	⿰言甚	0	0	シン	まこと		ジン まことに	u	16	
諼	⿰言爰	0	0	ケン	かまびす.しい わす.れる いつわ.る		カン	u	16	
諿	⿰言咠	0	0	シュウ ショ	やわ.らぐ				16	
謅	⿰言芻	0	0	ソウ ショウ シュウ シュ	もてあそ.ぶ				17	
謆	⿰言扇	0	0	セン	まど.わす				17	
謋	⿰言桀	0	0	カク ケキ キャク トク			ドク	u	17	
謑	⿰言奚	0	0	ケイ カ ケ	はじ		ゲイ カイ ゲ	u	17	
謜	⿰言原	0	0	ゲン ガン セン					17	
謞	⿰言高	0	0	カク コウ キョウ					17	
謟	⿰言舀	0	0	トウ	うたが.う				17	
謊	⿰言荒	0	0	コウ	いつわ.る		キョウ ねごと	u	17	
謭	⿰言剪	0	0	セイ セン	あさ.い				18	
謰	⿰言連	0	0	レン	おしゃべり				18	
謷	⿱敖言	0	0	ギョウ ゴウ ギュウ ク	やかま.しい		グ そしる	u	18	⿱⿰𫠤攵言
謼	⿰言虖	0	0	コ ク コウ キョウ	よ.ぶ		ゴウ さけぶ	u	18	
譂	⿰言單	0	0	セン	いつわ.る				19	
譃	⿰言虛	0	0	ク	いつわ.る うそ				19	⿰言虚
譄	⿰言曾	0	0	ソウ	しい.る				19	
譅	⿰言歰	0	0	シュウ ドウ ノウ					19	
譆	⿰言喜	0	0	キ イ	ああ		あつい	u	19	
譈	⿰言敦	0	0	タイ ズイ	うら.む				19	
譒	⿰言番	0	0	ハ	しく				19	
譓	⿰言惠	0	0	ケイ エ	かしこ.い				19	
譔	⿰言巽	0	0	セン	おし.える		ゼン	u	19	
譙	⿰言焦	0	0	ショウ スイ	しか.る		ジョウ ズイ せめる たかどの	u	19	
譍	⿸䧹言	0	0	ヨウ オウ	こた.える				20	
譞	⿰言睘	0	0	ケン	さかしい ちえ おおくものいう				20	
譣	⿰言僉	0	0	セン ケン	とう		ゲン	u	20	
譭	⿰言毀	0	0	キ					20	
譶	⿱言誩	0	0	トウ チュウ ジュ	はやくち		ドウ ジュウ	u	21	⿱言⿰言言
譸	⿰言壽	0	0	チュウ チュ ジュ	のろ.う				21	
譹	⿰言豪	0	0	コウ	さけ.ぶ たぶら.かす		ゴウ	u	21	
譼	⿱⿰臣⿱⿱𠂉一罒言	0	0	カン					21	⿱𰯲言
譾	⿰言翦	0	0	セイ セン	あさ.い				22	
讁	⿰言適	0	0	タク チャク	せ.める とが.める				22	
讄	⿰言畾	0	0	ル イ	いのる		ルイ	u	22	
讅	⿰言審	0	0	シン	つまび.らか				22	
讋	⿱龍言	0	0	ショウ トウ	おそ.れる		ドウ	u	23	
讍	⿰言噩	0	0	ガク	わめ.く あご				23	
讏	⿱衞言	0	0	エイ エ	ねごと				23	
讔	⿰言隱	0	0	イン オン	なぞ				24	
讕	⿰言闌	0	0	ラン	そし.る				24	
讜	⿰言黨	0	0	トウ	ただしいことば				27	
讞	⿰言獻	0	0	ゲツ ゲチ ゲン	さば.く				27	
讟	⿰讀言	0	0	トク トウ	うら.む		ドク	u	29	
谸	⿰千谷	0	0	セン					10	⿰⿻⿱㇒一丿谷
谹	⿰谷厷	0	0	コウ オウ	ふか.い				11	
谽	⿰谷含	0	0	カン コン ケン					14	
谾	⿰谷空	0	0	コウ ク ロウ ル	うつろ				15	
豅	⿰谷龍	0	0	ロウ ル					23	
豇	⿰豆工	0	0	コウ	ささげ				10	
豉	⿰豆支	0	0	シ	みそ		ジ みずすまし	u	11	
豋	⿱⿰⿴𠂊冫②豆	0	0	トウ	たかつき				13	
豏	⿰豆兼	0	0	カン ゲン	めば.える				17	
豑	⿰豊弟	0	0	チツ ジュチ			ジチ	u	20	
豓	⿰豐盇	0	0	エン	つや なま.めかしい あで.やか つや.めく	よし			27	
豔	⿰豐盍	0	0	エン	つや なま.めかしい あで.やか つや.めく	よし	いろ うつくしい うらやむ みめよい	u	28	
豗	⿺兀豕	0	0	カ	う.つ		カイ	u	10	
豘	⿰豕屯	0	0	トン	ぶた				11	
豛	⿰豕殳	0	0	エキ ヤク	いのこ				11	
豝	⿰豕巴	0	0	ハ ヘ					11	
豙	⿱立𧰨	0	0	ギ	そこ.なう				11	
豣	⿰豕幵	0	0	ケン	いのこ		ゲン	u	13	
豤	⿰豕艮	0	0	コン ケン	か.む				13	
豦	⿸虍豕	0	0	キョ ゴ	やめない		コ	u	13	
豨	⿰豕希	0	0	キ ケ			いのこ	u	14	
豩	⿰豕豕	0	0	ヒン カン ケン					14	
豭	⿰豕叚	0	0	カ ケ	おすのいのこ		いのこ	u	16	
豳	⿻山豩	0	0	ヒン ハン ヘン			まだら	u	17	
豵	⿰豕從	0	0	ソウ ス ショウ シュ	いのこ				18	
豶	⿰豕賁	0	0	フン			ブン	u	20	
豻	⿰豸干	0	0	カン			ガン のいぬ	u	10	
豾	⿰豸丕	0	0	ヒ	こだぬき				11	
貆	⿰豸亘	0	0	カン ケン	むじな		ガン	u	13	
貇	⿰豸艮	0	0	コン ケン	か.む				13	
貋	⿰豸旱	0	0	カン					14	
貐	⿰豸兪	0	0	ユ イ	けもの				16	⿰豸俞
貒	⿰豸耑	0	0	タン	まみ		カン	u	16	
貓	⿰豸苗	0	0	ビョウ	ねこ		ミョウ ボウ	u	16	
貙	⿰豸區	0	0	チュ チョ	けもの				18	
貛	⿰豸雚	0	0	カン ケン	まみだぬき		ガン まみ	u	25	
貜	⿰豸矍	0	0	キャク カク ケキ ク	おおざる		ワク	u	27	
貤	⿰貝也	0	0	イ シ	かさ.ねる		ジ	u	10	
貹	⿰貝生	0	0	セイ ショウ	たから				12	
貺	⿰貝兄	0	0	キョウ コウ	たま.う				12	
賅	⿰貝亥	0	0	カイ	た.りる		ガイ	u	13	
賆	⿰貝幷	0	0	ヘン ヘイ ヒョウ	ます		ベン	u	13	⿰貝并
賉	⿰貝血	0	0	シュツ シュチ ソツ ソチ	うれ.える				13	
賋	⿰貝交	0	0	コウ	あきらか				13	
賏	⿰貝貝	0	0	エイ ヨウ オウ	くびかざり				14	
賖	⿰貝余	0	0	シャ	とお.い はるか ゆる.やか おご.る		おぎのる	u	14	
賕	⿰貝求	0	0	キュウ ク	まいない		グ まいなう	u	14	
賙	⿰貝周	0	0	シュウ シュ	あた.える				15	⿰貝⿵⺆⿱𰀁口
賝	⿰貝罙	0	0	チン	たから				15	
賡	⿸庚貝	0	0	ゾク ショク コウ キョウ	つづ.く つづ.ける つぐな.う		つぐ	u	15	
賨	⿱宗貝	0	0	ソウ ズ	みつ.ぐ				15	
賬	⿰貝長	0	0	チョウ	とばり				15	
賯	⿰貝㝁	0	0	ケイ	たから				16	
賰	⿰貝春	0	0	シュン チュン	あつ.い うごめ.く と.む				16	
賲	⿱保貝	0	0	ホウ	たもつ こめぐら				16	
賵	⿰貝冒	0	0	フウ フ ボウ	おく.る				16	⿰貝⿱冃目
賷	⿳⿻十吅冖貝	0	0	セイ サイ シ	もた.らす				17	
賸	⿰月⿱𠔉貝	0	0	ヨウ ショウ	ます		ジョウ あまり あまる	u	17	⿰⿵⺆⺀⿱𠔉貝 ⿸𰮤貝
賾	⿰𦣞責	0	0	サク ジャク	おくぶか.い				17	⿰𦣝責
賿	⿰貝翏	0	0	ロウ リョウ	ぜに				18	
贁	⿰⿱貝貝攵	0	0	ハイ	やぶ.れる				18	
贃	⿰貝患	0	0	ワン	す.かす		エン	u	18	
贉	⿰貝覃	0	0	タン ドン	てつけ				19	
贒	⿱⿰臣忠貝	0	0	ケン	かしこ.い				21	
贗	⿸鴈貝	0	0	ケン ガン ゲン	ただ.しくない にせ にせもの				22	
贛	⿰章⿱夂貢	0	0	コウ ク カン コン	たま.う		トウ チョウ チュ ケン	u	24	⿸𭤊貢
赥	⿰赤欠	0	0	ケキ キャク コキ	あか あか.い		キョク	u	11	
赩	⿰赤色	0	0	キョク コク カク キャク	あか				13	
赬	⿰赤貞	0	0	テイ チョウ	あか				15	
赮	⿰赤叚	0	0	カ ゲ	あか				16	
赿	⿺走氏	0	0	チ テイ			エツ こす こえる	u	12	
趂	⿺走尔	0	0	チン			おう	u	12	
趄	⿺走且	0	0	ショ					12	
趈	⿺走占	0	0	タン ケン			テン	u	12	
趍	⿺走多	0	0	チ ジ シュ ス	ひさ.しい				13	
趐	⿺走羽	0	0	ケツ ケチ	すす.む				13	
趑	⿺走次	0	0	シ	ゆきなや.む				13	
趕	⿺走旱	0	0	カン	お.う				14	
趞	⿺走昔	0	0	シャク サク セキ	ふ.む		ジャク	u	15	
趟	⿺走尙	0	0	トウ チョウ ジョウ	おど.る				15	⿺走尚
趠	⿺走卓	0	0	タク チョウ	とお.い		トウ	u	15	
趦	⿺走咨	0	0	シ	ゆきなや.む		たちもとおる	u	16	
趫	⿺走喬	0	0	キョウ チョウ	すばや.い		ギョウ	u	19	
趬	⿺走堯	0	0	キョウ	みがるい				19	
趯	⿺走翟	0	0	カン ヤク	さけ.ぶ		テキ チャク ヨウ おどる	u	20	
趲	⿺走贊	0	0	サン ソ	ち.る		ザン	u	26	
趵	⿰𧾷勺	0	0	ハク ホウ ヒョウ サク	う.つ		シャク	u	10	⿰𧾷⿹勹一
趷	⿰𧾷乞	0	0	ゲ コツ					10	
趹	⿰𧾷夬	0	0	ケツ ケチ ケイ ケ	はし.る		おもむく はやい ふむ	u	11	
趻	⿰𧾷今	0	0	チン シン タン テン	ふらふら.する				11	
跀	⿰𧾷月	0	0	ゲツ グワチ ゴツ ゴチ	あしきる ゆが.む いびつ		ガツ ハツ	u	11	
跅	⿰𧾷斥	0	0	タク セキ シャク	ゆる.む				12	
跆	⿰𧾷台	0	0	タイ	ふ.む		ダイ	u	12	
跇	⿰𧾷世	0	0	エイ テイ セイ	こ.える		ゼイ	u	12	
跈	⿰𧾷㐱	0	0	デン ネン セン	ふ.む		ゼン チン テン ジン	u	12	
跊	⿰𧾷未	0	0	バイ マイ メ	ふ.む				12	
跎	⿰𧾷它	0	0	タ	つまず.く		ダ	u	12	
跑	⿰𧾷包	0	0	ホウ ビョウ ハク	だく あが.く		バク ホク ボク はしる	u	12	⿰𧾷⿹勹巳
跔	⿰𧾷句	0	0	ク	かが.む				12	
跕	⿰𧾷占	0	0	チョウ	ふ.む				12	
跗	⿰𧾷付	0	0	フ	あしのこう		ブ くびす	u	12	
跙	⿰𧾷且	0	0	ショ シャ ソ	ゆきなや.む		ジョ	u	12	
跤	⿰𧾷交	0	0	コウ キョウ	すね				13	
跥	⿰𧾷朶	0	0	タ	ゆ.く				13	
跧	⿰𧾷全	0	0	セン シュン ソン	け.る		サン ゼン	u	13	
跬	⿰𧾷圭	0	0	キ カイ ケ	ひとあし		セチ セツ かたあし	u	13	
跰	⿰𧾷并	0	0	ホウ ヘイ ヘン	したが.う				13	
趼	⿰𧾷幵	0	0	ケン	つまだ.つ		ゲン	u	13	⿰𧾷开
跱	⿰𧾷寺	0	0	チ ジ	とど.まる				13	
跲	⿰𧾷合	0	0	コウ キョウ キュウ	つまず.く		ゴウ	u	13	
跴	⿰𧾷西	0	0	サイ	お.う				13	
跽	⿰𧾷忌	0	0	キ	ひざまずく		ギ ひざまづく まがる	u	14	
踁	⿰𧾷巠	0	0	ケイ	すね は.ぎ		ギョウ コウ キョウ	u	14	
踄	⿰𧾷步	0	0	ハク ホ ブ	ふ.む		バク	u	14	
踅	⿱折足	0	0	テイ セツ ゼチ	けんけん		タイ	u	14	
踆	⿰𧾷夋	0	0	シュン ソン	しりぞ.く		ゾン うずくまる おわる さといも	u	14	
踋	⿰𧾷却	0	0	キャク キャ カク	あし				14	
踑	⿰𧾷其	0	0	キ	あしあと		ギ	u	15	
踔	⿰𧾷卓	0	0	トウ チョウ	たく ふ.む		チョク ジョウ チャク すぐれる	u	15	
踖	⿰𧾷昔	0	0	セキ シャク サク	ふ.む		ける しのぐ はせる	u	15	
踠	⿰𧾷宛	0	0	エン オン ワ	かが.む もが.く				15	
踡	⿰𧾷卷	0	0	ケン	かが.む		ゲン せぐくまる	u	15	
踢	⿰𧾷易	0	0	テキ チャク シャク	け.る				15	
踣	⿰𧾷咅	0	0	ホク ホウ ハイ	たお.れる		ボク バイ ブ フ	u	15	
踦	⿰𧾷奇	0	0	キ	かたあし		イ ギ	u	15	
踧	⿰𧾷叔	0	0	シュク テキ ジャク	いきやすい				15	
踱	⿰𧾷度	0	0	タク ジャク	はだし		ダク チャク	u	16	
踳	⿰𧾷春	0	0	シュン セン	そむ.く				16	
踶	⿰𧾷是	0	0	テイ ダイ チ ジ	ふ.む		シ	u	16	
踷	⿰𧾷者	0	0	タ	ななめにゆく				16	⿰𧾷⿻者丶
踸	⿰𧾷甚	0	0	チン シン タン テン	ふらふら.する				16	
踹	⿰𧾷耑	0	0	セン タン	かかと		ゼン ふむ	u	16	
踽	⿰𧾷禹	0	0	ク					16	
蹀	⿰𧾷枼	0	0	チョウ ジョウ	ふ.む				16	
蹁	⿰𧾷扁	0	0	ヘン	よろめ.く		ベン	u	16	
蹋	⿰𧾷𦐇	0	0	トウ	ふ.む		ドウ	u	17	⿰𧾷⿱日羽
蹍	⿰𧾷展	0	0	テン ネン	ふ.む		デン	u	17	
蹎	⿰𧾷眞	0	0	テン	つまず.く				17	⿰𧾷真
蹏	⿰𧾷虒	0	0	テイ	ひづめ		ダイ	u	17	
蹔	⿱斬足	0	0	サン	とっしん.する		ザン しばらく	u	18	
蹛	⿰𧾷帶	0	0	タイ テイ タ	ふ.む		ダイ タン	u	18	
蹜	⿰𧾷宿	0	0	シュク スク					18	
蹝	⿰𧾷徙	0	0	シ	ふ.む		くつ	u	18	
蹞	⿰𧾷頃	0	0	キ	ひとあし		かたあし	u	18	
蹡	⿰𧾷將	0	0	ショウ ヨウ ソウ					18	
蹢	⿰𧾷啇	0	0	テキ ジャク タク	たたず.む		チャク たちもとおる ひづめ	u	18	
蹩	⿱敝足	0	0	ヘツ ベチ	ふ.む		ベツ	u	19	
蹬	⿰𧾷登	0	0	トウ	よろめ.く		ドウ のぼる ふむ	u	19	
蹭	⿰𧾷曾	0	0	ソウ ショウ	よろめ.く				19	
蹯	⿰𧾷番	0	0	ハン ボン フン	あしのうら		ブン	u	19	
蹰	⿰𧾷厨	0	0	チュウ チュ シュウ ジュ	ためら.う				19	
蹱	⿰𧾷童	0	0	ショウ シュ チョウ チュ	ためら.う				19	
蹹	⿰𧾷翕	0	0	トウ	ふ.む				19	
蹺	⿰𧾷堯	0	0	キョウ	みがるい				19	
蹻	⿰𧾷喬	0	0	キョウ キャク ガク			キョク コク おごる あげる	u	19	
躂	⿰𧾷達	0	0	タツ タチ	つまず.く				20	
躃	⿰𧾷辟	0	0	ヘキ	いざ.る		いざり	u	20	
躉	⿱萬足	0	0	トン	はしけ				20	
躐	⿰𧾷巤	0	0	リョウ	ふ.む				22	
躒	⿰𧾷樂	0	0	レキ リャク ラク	うご.く		ヤク	u	22	
躕	⿰𧾷廚	0	0	チュウ チュ シュウ ジュ	ためら.う				22	
躚	⿰𧾷遷	0	0	セン	ま.う				23	⿰𧾷⿺辶䙴
躛	⿱衞足	0	0	エイ エ カイ ケ	ふ.む				23	⿱䘙足
躝	⿰𧾷闌	0	0	ラン タン	こ.える		ダン	u	24	
躞	⿰𧾷燮	0	0	ショウ	ゆ.く				24	
躢	⿰𧾷闒	0	0	トウ	ふ.む		ドウ	u	25	
躧	⿰𧾷麗	0	0	シ リ サイ シャ	くつ		セ	u	26	
躩	⿰𧾷矍	0	0	キャク カク ケキ	すすまない				27	
躭	⿰身冘	0	0	タン	ふ.ける				11	
躮	⿰身分	0	0	サガレ	せがれ				11	
躳	⿰身呂	0	0	キュウ キョウ	み				12	⿰身吕
躵	⿰身忍	0	0		ねらう しのぶ		こらえる	u	14	
躺	⿰身尚	0	0	トウ	ふ.す				15	
躻	⿰身空	0	0		うつけ				15	
軀	⿰身區	0	0	ク	むくろ からだ		み	u	18	
軁	⿰身婁	0	0	ロウ ル	せむし				18	
軃	⿰身單	0	0	タ					19	
軄	⿰身戠	0	0	ショク ソク			つかさ	u	19	
軇	⿰身壽	0	0	トウ	たか.い		ドウ	u	21	
軏	⿰車兀	0	0	ゲツ ガチ ゴツ ゴチ	くさび				10	
軑	⿰車大	0	0	テイ タイ			ダイ	u	10	
軔	⿰車刃	0	0	ジン ニン ジ ニ	はどめ		とめる	u	10	
軜	⿰車內	0	0	ドウ ノウ ダイ ナイ	たづな				11	⿰車内
軨	⿰車令	0	0	レイ リョウ	てすり				11	
軮	⿰車央	0	0	オウ フク			ブク	u	11	
軰	⿱北車	0	0	ハイ	-ばら やから やかい		ともがら	u	12	
軱	⿰車瓜	0	0	コ ク	おおぼね				13	
軷	⿰車犮	0	0	ハツ バチ ハイ			バイ	u	12	
軹	⿰車只	0	0	シ キ シン	あな じくがしら		ふたまた	u	12	
軺	⿰車召	0	0	ヨウ ショウ チョウ			ジョウ ひつぎぐるま	u	12	
軭	⿰車匡	0	0	キョウ ゴウ	とどこお.る				13	
輀	⿰車而	0	0	ジ	ひつぎぐるま		ニ	u	13	
輂	⿱共車	0	0	キョク コク					13	
輇	⿰車全	0	0	セン チュン ケン			ゲン	u	13	
輈	⿰車舟	0	0	チュウ チュ シュウ シュ			ながえ	u	13	
輏	⿰車酉	0	0	ユウ ユ	かる.い				14	
輐	⿰車完	0	0	カン	まる.い		ガン	u	14	
輖	⿰車周	0	0	シュウ シュ			チョウ	u	15	⿰車⿵⺆⿱𰀁口
輗	⿰車兒	0	0	ゲイ ギ	くさび				15	
輘	⿰車夌	0	0	リョウ ロウ	ひきつぶ.す				15	
輞	⿰車罔	0	0	ボウ モウ	わ				15	
輠	⿰車果	0	0	カ ワ ガ ゲ	あぶらつぼ		カイ カン ソウ ジョウ	u	15	
輡	⿰車臽	0	0	カン コン					15	
輣	⿰車朋	0	0	ホウ ビョウ ボウ	いくさぐるま				15	
輥	⿰車昆	0	0	コン	まわる				15	
輧	⿰車幷	0	0	ビョウ ヘイ	あつ.まる かく.す		ヘン ヒョウ ホウ ベン	u	15	
輨	⿰車官	0	0	カン	おお.い				15	
輬	⿰車京	0	0	リョウ	ねぐるま				15	
輭	⿰車耎	0	0	ゼン ネン ナン	ねぐるま		やわらかい	u	16	
輮	⿰車柔	0	0	ジュウ ニュ	おおわ				16	
輴	⿰車盾	0	0	チュン					16	
輵	⿰車曷	0	0	カツ カチ アツ エチ			アチ ケツ ケチ	u	16	
輶	⿰車酋	0	0	ユウ ユ	かる.い				16	
輷	⿰車訇	0	0	コウ	とどろ.く		ゴウ	u	16	
輺	⿰車甾	0	0	シ	こにだ ほろぐるま にぐるま				16	⿰車𱰭 ⿰車⿱⿻巛一田
轀	⿰車𥁕	0	0	オン ウン					17	
轁	⿰車舀	0	0	トウ	ゆぶくろ ゆみぶくろ つつ.む				17	
轃	⿰車秦	0	0	シン セン					17	
轇	⿰車翏	0	0	コウ キョウ	とおくながい				18	
轏	⿰車孱	0	0	サン ゼン			セン	u	19	
轑	⿰車尞	0	0	ロウ リョウ	たわ.める				19	
轒	⿰車賁	0	0	フン			ブン	u	19	
轓	⿰車番	0	0	ハン ホン ヘン					19	
轔	⿰車粦	0	0	リン	ひび.き		ふみにじる ふむ	u	19	
轕	⿰車葛	0	0	カツ カチ ケチ	かしま.しい				20	
轘	⿰車睘	0	0	カン ケン	くるまざき		ゲン ガン	u	20	
轝	⿱與車	0	0	ヨ	こし				21	
轞	⿰車監	0	0	カン ゲン	ひび.き		ガン	u	21	
轥	⿰車藺	0	0	リン	ふみにじ.る				27	
辝	⿰台辛	0	0	ジ	や.める				12	
辠	⿱自辛	0	0	サイ セ	つみ そしる		ザイ	u	13	
辡	⿰辛辛	0	0	ヘン	うった.える		ベン	u	14	
辤	⿰受辛	0	0	ジ	や.める		シ	u	15	
辥	⿰𡴎辛	0	0	セツ セチ	つみ				16	⿰⿱屮𠂤辛
辦	⿲辛力辛	0	0	ハン	つと.める		ベン あつかう さばく そなえる	u	16	⿴辡力
辵	⿱彡龰	0	0	チャク			しんにょう	u	7	
辶		0	0	チャク					4	
辸	⿺辶乃	0	0	ショウ ニョウ	ゆ.く およ.ぶ		ジョウ	u	5	
达	⿺辶大	0	0	タツ タチ テイ タイ	なめ.らか すべ.る たっす.る		とおる	u	6	
迀	⿺辶干	0	0	カン	もと.める すす.める さえぎ.る				6	
迁	⿺辶千	0	0	セン	うつ.る うつ.す みやこがえ				6	
迆	⿺辶也	0	0	イ タ	な.なめ				6	
迊	⿺辶帀	0	0	ソウ	めぐ.る めぐ.らす				7	
迋	⿺辶王	0	0	オウ	ゆ.く あざむ.く		ゴウ キャク キョウ コウ	u	7	
迍	⿺辶屯	0	0	チュン トン			ドン たちもとおる	u	7	
运	⿺辶云	0	0	ウン	はし.る				7	
迒	⿺辶亢	0	0	コウ	あしあと		ゴウ	u	7	
迓	⿺辶牙	0	0	ガ ゲ ギョ ゴ	むか.える				7	
迕	⿺辶午	0	0	ゴ	であ.う		さからう	u	7	
迠	⿺辶占	0	0	ショウ チョウ	ゆ.く				8	
迣	⿺辶世	0	0	セイ テイ レイ	さえぎ.る		タイ レツ	u	8	
迤	⿺辶㐌	0	0	イ タ	な.なめ		ダ これ	u	8	
迨	⿺辶台	0	0	タイ	いた.る		ダイ およぶ ねがう まで	u	8	
迮	⿺辶乍	0	0	サク シャク	た.つ		せまる	u	8	
迱	⿺辶它	0	0	タ イ	ゆ.く		ダ	u	8	
迵	⿺辶同	0	0	トウ ズ	とお.る		すぎる	u	9	
迶	⿺辶有	0	0	ユウ ウ	ゆ.く				9	
迻	⿺辶多	0	0	イ	うつ.る		うつす	u	9	
迾	⿺辶列	0	0	レツ レチ レイ	さえぎ.る				9	
适	⿺辶舌	0	0	カツ ガチ	はや.い		カチ	u	9	
逄	⿺辶夅	0	0	ホウ	ふさ.ぐ		ボウ	u	9	
逈	⿺辶向	0	0	ケイ ギョウ	はるか				9	
逌	⿺辶卣	0	0	ユウ ユ	ゆる.やか		くつろぐ	u	10	
逘	⿺辶矣	0	0	ギ ゲ シ	すす.む まつ		ジ	u	10	
逛	⿺辶狂	0	0	キョウ コウ	はし.る		ゴウ	u	11	
逨	⿺辶來	0	0	ライ	きたる つ.く いた.る つか.れる				11	
逩	⿺辶奔	0	0	ホン カム	はし.る				11	
逯	⿺辶彔	0	0	リョク ロク タイ ダイ			テイ	u	11	⿺辶录
逪	⿺辶昔	0	0	サク	ま.じる みだ.れる そむ.く				11	
逬	⿺辶幷	0	0	ホウ ヒョウ ヘイ	はし.る ほとばし.る しりぞ.ける つかう				11	
逭	⿺辶官	0	0	カン	のが.れる		ガン	u	11	
逳	⿺辶育	0	0	イク	めぐ.る ゆ.く ある.く				11	
逴	⿺辶卓	0	0	タク チャク	とお.い		チョク	u	11	
逷	⿺辶易	0	0	ケキ チャク テキ	とお.い		タク	u	11	
逿	⿺辶昜	0	0	トウ	す.ぎる		ドウ	u	12	
遃	⿺辶彥	0	0	ゲン ガン	ゆ.く あそ.ぶ				12	⿺辶彦
遄	⿺辶耑	0	0	セン	しばしば		ゼン	u	12	
遌	⿺辶咢	0	0	ガク	であ.う		ゴ	u	12	
遛	⿺辶留	0	0	リュウ					13	
遝	⿺辶眔	0	0	トウ	いりま.じる		ドウ	u	13	⿺辶⿱罒⿲𰀪丨⿱丶丶
遢	⿺辶𦐇	0	0	トウ					13	
遦	⿺辶貫	0	0	カン	ゆ.く なれ.る けが.す				14	
遧	⿺辶章	0	0	ショウ	あき.らか				14	
遬	⿺辶欶	0	0	チョク ソク	すみ.やか か.わる ちぢ.む こまかい				14	
遰	⿺辶帶	0	0	テイ セイ タイ	さる		ダイ	u	14	
遴	⿺辶粦	0	0	リン	なや.む				15	
遹	⿺辶矞	0	0	イツ イチ シュツ ジュチ	かたよ.る				15	
邅	⿺辶亶	0	0	ケン テン	なや.む		デン めぐらす めぐる	u	16	
邈	⿺辶貌	0	0	バク マク	とお.い		あなどる はるか もだえる	u	17	
邋	⿺辶巤	0	0	リョウ ロウ	くじく				18	
邌	⿺辶黎	0	0	レイ ライ チ ジ	ね.る おもむろ おそい				18	
邎	⿺辶䌛	0	0	ホウ ユウ					22	
邐	⿺辶麗	0	0	リ	つづ.く		つらなる	u	22	
邕	⿱巛邑	0	0	ヨウ ユ			やわらぐ	u	10	
邗	⿰干阝	0	0	カン			ガン	u	6	
邘	⿰于阝	0	0	ウ ク					6	
邙	⿰亡阝	0	0	ボウ モウ					6	
邛	⿰工阝	0	0	キョウ グ					6	
邠	⿰分阝	0	0	ヒン					7	
邡	⿰方阝	0	0	ホウ	はか.る		ボウ	u	7	
邢	⿰开阝	0	0	ケイ ギョウ		おさか	コウ キョウ ケン	u	7	
邥	⿰冘阝	0	0	シン					7	
邰	⿰台阝	0	0	タイ					8	
邲	⿰必阝	0	0	ヒツ ビチ ヒ					8	
邳	⿰丕阝	0	0	ヒ			ビ	u	8	
邴	⿰丙阝	0	0	ヘイ ヒョウ					8	
邶	⿰北阝	0	0	ハイ			バイ ヘ	u	8	
邽	⿰圭阝	0	0	ケイ ケ					9	
郌	⿰圭邑	0	0	ケイ ケ					13	
邾	⿰朱阝	0	0	チュ シュ					9	
郃	⿰合阝	0	0	コウ ギョウ	あ.う		キョウ ゴウ	u	9	
郄	⿰𠫤阝	0	0	ケキ キャク			ゲキ	u	9	
郅	⿰至阝	0	0	シツ シチ チツ チチ	いた.る		キツ キチ	u	9	
郇	⿰旬阝	0	0	シュン カン			ゲン	u	9	
郈	⿰后阝	0	0	コウ ク			グ ゴ	u	9	
郕	⿰成阝	0	0	セイ ジョウ			ショウ	u	10	
郗	⿰希阝	0	0	チ キ ケ			ふしあい	u	10	
郘	⿰呂阝	0	0	リョ ロ					10	⿰吕⻏
郙	⿰甫阝	0	0	フ					10	
郜	⿰吿阝	0	0	コウ コク					10	⿰告⻏
郝	⿰赤阝	0	0	カク セキ シャク					10	
郟	⿰夾阝	0	0	コウ キョウ					10	
郥	⿰貝阝	0	0	ハイ					10	
郒	⿰良邑	0	0	ロウ リョウ	おとこ				14	
郶	⿰咅邑	0	0	ブ ベ					15	
郫	⿰卑阝	0	0	ヒ ハイ			ビ バイ	u	11	⿰⿱⿱㇒⿻日丿十阝
郯	⿰炎阝	0	0	タン			ダン	u	11	
郰	⿰取阝	0	0	ショウ シュウ シュ サン			スウ	u	11	⿰⿸耳又阝
郴	⿰林阝	0	0	チン					11	
郾	⿰匽阝	0	0	エン オン					12	
郿	⿰眉阝	0	0	ビ ミ					12	
鄀	⿰若阝	0	0	ジャク ニャク チャク					12	
鄄	⿰垔阝	0	0	ケン セン シン イン			オン	u	12	
鄅	⿰禹阝	0	0	ウ			ク	u	12	
鄆	⿰軍阝	0	0	ウン					12	
鄈	⿰癸阝	0	0	キ			ギ	u	12	
鄍	⿰冥阝	0	0	ベイ メイ ミョウ					13	
鄐	⿰畜阝	0	0	チク キク					13	
鄔	⿰烏阝	0	0	オ ウ ヨ					13	
鄖	⿰員阝	0	0	ウン					13	
鄗	⿰高阝	0	0	コウ カク			ゴウ キョウ	u	13	
鄘	⿰庸阝	0	0	ヨウ ユ					14	
鄚	⿰莫阝	0	0	バク マク					14	
鄜	⿰鹿阝	0	0	フ ロク					14	
鄞	⿰堇阝	0	0	ギン ゴン					14	
鄠	⿰雩阝	0	0	コ			ゴ	u	14	
鄥	⿰鳥阝	0	0	キョウ					14	
鄢	⿰焉阝	0	0	エン オン					14	
鄣	⿰章阝	0	0	ショウ			ふさぐ	u	14	
鄧	⿰登阝	0	0	トウ			ドウ	u	15	
鄩	⿰尋阝	0	0	シン			ジン	u	15	
鄮	⿰貿阝	0	0	ボウ モ					15	
鄯	⿰善阝	0	0	セン			ゼン	u	15	
鄱	⿰番阝	0	0	ハ ヒ ハン			バ ビ バン	u	15	
鄴	⿰業阝	0	0	ギョウ ゴウ					16	
鄶	⿰會阝	0	0	カイ ケ					16	
鄷	⿰豊阝	0	0	ホウ					16	
鄹	⿰聚阝	0	0	シュウ シュ			ジュ サン	u	17	
鄺	⿰廣阝	0	0	コウ					18	
鄼	⿰賛阝	0	0	サン サ	あつ.まる				18	
鄽	⿰廛阝	0	0	テン	みせ やしき たな		デン	u	18	
酃	⿰霝阝	0	0	レイ リョウ					20	
酇	⿰贊阝	0	0	サン サ	あつ.まる		ザン ザ	u	22	
酈	⿰麗阝	0	0	リ レキ リャク			テキ ジャク	u	22	
酏	⿰酉也	0	0	イ	きびさけ あまさけ よねさけ				10	
酓	⿱今酉	0	0	エン タン ドン カン	にがい		イン オン コン	u	11	
酗	⿰酉凶	0	0	ク					11	
酙	⿰酉斗	0	0	シン	く.む				11	
酚	⿰酉分	0	0	フン					11	
酛	⿰酉元	0	0		さけのもと もと				11	
酡	⿰酉它	0	0	タ	あか.らむ		ダ	u	12	
酤	⿰酉古	0	0	コ ク	ひとよざけ		ゴ うる さけ	u	12	
酧	⿰酉守	0	0	シュウ シュ トウ	むく.いる				13	
酭	⿰酉有	0	0	ユウ ユ	むく.いる				13	
酴	⿰酉余	0	0	ト ズ	さけのもと		どぶろく にごりざけ	u	14	
酹	⿰酉寽	0	0	ライ ルイ ラツ ラチ	そそ.ぐ		レ	u	14	
酺	⿰酉甫	0	0	ホ ブ	うたげ				14	
酻	⿰酉孚	0	0	スイ	よいし.れる				14	
醁	⿰酉彔	0	0	リョク ロク	うまざけ				15	⿰酉录
醃	⿰酉奄	0	0	エン アン オン			つけもの	u	15	
醅	⿰酉咅	0	0	ハイ フウ フ	どぶろく		ヘ ホウ	u	15	
醆	⿰酉戔	0	0	サン セン	さかずき				15	
醊	⿰酉叕	0	0	テツ テチ チイ	まつ.る		テイ テ	u	15	
醎	⿰酉咸	0	0	カン ダイ	から.い しおからい しおけ せいしゅ				16	
醑	⿰酉胥	0	0	ショ	うまざけ		したみざけ	u	16	
醓	⿰酉⿱冘皿	0	0	タン トン	ひしお				16	
醔	⿱秋酉	0	0	シュウ ジュ	おさ ふるざけ さけのつかさ				16	
醕	⿰酉亯	0	0	シュン	もっぱら こい あつし		ジュン	u	16	
醘	⿰酉盍	0	0	コウ	さかだ.る さかずき				17	
醞	⿰酉𥁕	0	0	ウン	かも.す		つつむ ふくむ	u	17	
醡	⿰酉窄	0	0	サ シャ			サイ セ	u	17	
醦	⿰酉參	0	0	サン シン セン	す すい				18	
醨	⿰酉离	0	0	リ	うすざけ				18	
醬	⿱將酉	9	0	ショウ	ひしお				18	
醭	⿰酉菐	0	0	ホク	かび				19	
醮	⿰酉焦	0	0	ショウ	まつ.る		ソウ ジョウ	u	19	
醰	⿰酉覃	0	0	タン ドン					19	
醱	⿰酉發	0	0	ハツ	かも.す		ハチ	u	19	
醲	⿰酉農	0	0	ジョウ ニュ ドウ ニョウ			こい	u	20	
醳	⿰酉睪	0	0	エキ ヤク セキ シャク			ねぎらう	u	20	
醶	⿰酉僉	0	0	ゲン ラン サン カン	す すい しおからい				20	
醻	⿰酉壽	0	0	シュウ シュ トウ	むく.いる		ジュ ドウ	u	21	
醼	⿰酉燕	0	0	エン	さかもり		うたげ	u	23	
醽	⿰酉霝	0	0	レイ リョウ					24	
醿	⿰酉縻	0	0	ビ					24	
釂	⿰酉爵	0	0	ショウ	のみほ.す				25	
釃	⿰酉麗	0	0	シ ショ ソ	こ.す		リ したむ しぼる わける	u	26	
釅	⿰酉嚴	0	0	ゲン	す さけ こい				27	
釓	⿰金乚	0	0	ヒュウ グ キュウ ワン	いしゆみ				9	
釔	⿰金乙	0	0	イツ	イットリウム				9	
釗	⿰金刂	0	0	ショウ キョウ ソウ	けず.る				10	
釙	⿰金卜	0	0	ハク	あらがね ポロニウム				10	
釚	⿰金九	0	0	ヒュウ グ キュウ ワン	いしゆみ				10	
釞	⿰金入	0	0	チュウ シュウ	するど.い				10	
釤	⿰金彡	0	0	サン セン	おおがま		おおかんな するどい	u	11	
釥	⿰金小	0	0	ショウ	よいかね よい みめよ.い するど.い				11	
釩	⿰金凡	0	0	ハン ホン	はら.う		つく	u	11	
釪	⿰金于	0	0	ウ					11	
釬	⿰金干	0	0	カン	こて		ガン	u	11	
釭	⿰金工	0	0	コウ ク	かりも				11	
釮	⿰金才	0	0	セイ セン ザイ	するど.い				11	
釯	⿰金亡	0	0	ボウ	ほこさき きっさき				11	
釰	⿰金刃	0	0	ジツ ニチ	にぶい				11	
釱	⿰金大	0	0	テイ ダイ タイ	あしかせ				11	
釷	⿰金土	0	0	ト	トリウム				11	
釹	⿰金女	0	0	ジョ					11	
釻	⿰金丸	0	0	ヒュウ グ キュウ ワン	いしゆみ		のみ つく かん	u	11	
釽	⿰金爪	0	0	ヘキ ヒャク ハク	はながき さ.く				12	
鈀	⿰金巴	0	0	ハ ヘ	いくさぐるま				12	
鈁	⿰金方	0	0	ホウ	さかつぼ		ボウ	u	12	
鈄	⿰金斗	0	0	トウ ズ					12	
鈅	⿰金月	0	0	ゲツ ガチ					12	
鈆	⿰金公	0	0	エン	なまり		ショウ シュ	u	12	
鈇	⿰金夫	0	0	フ	おの		セン テツ まぐさきり まさかり	u	12	
鈉	⿰金內	0	0	ドウ ノウ	きた.える		ゼイ ネ	u	12	⿰金内
鈊	⿰金心	0	0	シン	かね				12	
鈌	⿰金夬	0	0	エツ エチ ケイ ケ	さ.す		ケツ ケチ	u	12	
鈐	⿰金今	0	0	ケン カン ゴン シン	すき		ゲン おさえる かぎ からすき	u	12	
鈒	⿰金及	0	0	ソウ シュウ キュウ コウ	てぼこ				12	
鈓	⿰金壬	0	0	ジン	ぬ.れる				12	
鈖	⿰金分	0	0	フン					12	
鈘	⿰金支	0	0	キ	かま		ギ	u	12	
鈜	⿰金厷	0	0	コウ オウ			ギョウ	u	12	
鈝	⿰金牛	0	0	イン	きね				12	
鈣	⿰金丐	0	0	カイ	カルシウム				12	
鈤	⿰金日	0	0	ジツ	ゲルマニウム				12	
鈥	⿰金火	0	0	カ コウ					12	
鈦	⿰金太	0	0	タ	チタニウム				12	
鈨	⿰金元	0	0		はばき				12	
鈮	⿰金尼	0	0	デイ ナイ	いとまきのあし				13	
鈯	⿰金出	0	0	トツ ドチ	にぶい ほ.る				13	
鈰	⿰金市	0	0	シ	けん セリウム				13	
鈳	⿰金可	0	0	ア カ					13	
鈵	⿰金丙	0	0	ヘイ ヒョウ	かた.い				13	
鈶	⿰金台	0	0	シ イ タイ	タリウム		ジ	u	13	
鈸	⿰金犮	0	0	ハツ バチ	すず				13	
鈹	⿰金皮	0	0	カワ			ヒ	u	13	
鈺	⿰金玉	0	0	ギョク ゴク	たから				13	
鈼	⿰金乍	0	0	サク	かま せいろう こしき		ザク	u	13	
鈾	⿰金由	0	0	チュウ ユウ	ウラニウム				13	
鉀	⿰金甲	0	0	コウ キョウ	よろい カリウム		ゴウ	u	13	
鉂	⿰金史	0	0	シ	かなわ さ.す				13	
鉃	⿰金矢	0	0	シ ソク	やじり やのね とい するど.い		ジ セン テツ おの	u	13	
鉆	⿰金占	0	0	テン ケン チツ	かなばさみ		ゲン ゴン チン キン	u	13	
鉇	⿰金㐌	0	0	シ	ほこ				13	
鉊	⿰金召	0	0	ショウ	おおかま				13	
鉍	⿰金必	0	0	ヒ ヒツ ヒチ	ビスマス				13	
鉎	⿰金生	0	0	ソウ ショウ セイ	さび				13	
鉏	⿰金且	0	0	ショ ソ	すき		サ ゾ ジャ くいちがい	u	13	
鉑	⿰金白	0	0	ハク	プラチナ		バク	u	13	
鉘	⿰金弗	0	0	フツ ブチ	かざ.る				13	
鉙	⿰金只	0	0	タイ	こがね				13	
鉜	⿰金付	0	0	フウ ブ ホウ	かざり				13	
鉝	⿰金立	0	0	リュウ					13	
鉠	⿰金央	0	0	エイ ヨウ			オウ	u	13	
鉡	⿰金半	0	0	ハン	すき		バン	u	13	⿰釒⿻八𰀁
鉥	⿰金朮	0	0	ジュツ シュツ シュチ	ながいはり		ジュチ	u	13	⿰金术
鉧	⿰金母	0	0	ボウ	けら		モ	u	13	
鉨	⿰金尔	0	0	デイ ナイ	いとまきのあし				13	
鉩	⿰金尒	0	0	ジョウ ノウ	ただ.しい こばこ		ニョウ	u	13	
鉮	⿰金申	0	0	シン					13	
鉯	⿰金以	0	0	イ					13	
鉰	⿰金司	0	0	シ					13	
鉵	⿰金虫	0	0	トウ ズ	すき				14	
鉶	⿰金刑	0	0	ケイ ギョウ	かなえ				14	
鉷	⿰金共	0	0	コウ グ					14	
鉸	⿰金交	0	0	コウ キョウ	はさみ		かねかざり	u	14	
鉹	⿰金多	0	0	シ イ	こしき				14	
鉻	⿰金各	0	0	ラク カク キャク	も.る				14	
鉼	⿰金并	0	0	ヘイ	おおばん				14	
鉽	⿰金式	0	0	ショク シュク シキ	かなえのつきもの				14	
鉿	⿰金合	0	0	コウ キョウ	おちこむおと				14	
銈	⿰金圭	0	0	ケイ テイ					14	
銉	⿰金聿	0	0	イツ イチ	はり				14	
銊	⿰金戌	0	0	シュツ シュチ	のこぎりのおと				14	⿰金戍
銍	⿰金至	0	0	チツ チチ シツ シチ	かま				14	
銎	⿱巩金	0	0	キョウ ク					14	
銒	⿰金幵	0	0	ケイ ギョウ コウ ケン	さけいれ さけつぼ あつものなべ				14	
銗	⿰金后	0	0	コウ グ	くびかせ		ゴ	u	14	
銙	⿰金夸	0	0	カ カイ ケ					14	
銟	⿰金⿱山巾	0	0	サ シャ					14	
銠	⿰金老	0	0	ロウ	ルテニウム				14	
銤	⿰金米	0	0	ベイ	オスミウム				14	
銥	⿰金衣	0	0	イ	イリジウム				14	
銧	⿰金光	0	0	コウ	ラジウム				14	
銨	⿰金安	0	0	アン					14	
銫	⿰金色	0	0	ショク	セシウム				14	
銯	⿰金糸	0	0		かすがい				14	
銲	⿰金旱	0	0	カン ガン	こて				15	
銶	⿰金求	0	0	キュウ グ	のみ				15	
銸	⿰金𦔮	0	0	チョウ ショウ ノウ	はさみ かなばさみ けぬき こばこ		ニョウ ジョウ	u	15	⿰金耴
銺	⿱壯金	0	0	ソウ			ゾウ	u	15	
銻	⿰金弟	0	0	テイ ダイ					15	
銼	⿰金坐	0	0	サ ソク	かま		ザ ゾク	u	15	
銽	⿰金𠯑	0	0	カツ カチ	た.つ き.る				15	
銿	⿰金甬	0	0	ショウ シュ ヨウ ユ	つりがね		ヨ セン かね	u	15	
鋀	⿰金豆	0	0	トウ ズ	トリウム				15	
鋁	⿰金呂	0	0	リョ ロ	やすり アルミニウム				15	⿰金吕
鋂	⿰金每	0	0	バイ マイ ボウ ミョウ	くさり				15	
鋃	⿰金良	0	0	ロウ					15	
鋅	⿰金辛	0	0	シ シン	こはい				15	
鋆	⿱均金	0	0	イン	かね				15	
鋇	⿰金貝	0	0	ハイ	あつがね バリウム				15	
鋈	⿱沃金	0	0	ヨク オク ワク	しろがね めっき		アク	u	15	
鋋	⿰金延	0	0	セン エン	てぼこ		ゼン	u	15	
鋌	⿰金廷	0	0	テイ ジョウ	じがね		チョウ	u	15	
鋍	⿰金孛	0	0	ホツ ボチ	あきこぼ.れる ベリリウム				15	
鋎	⿰金完	0	0	カン ゲン	やいば				15	
鋐	⿰金宏	0	0	コウ オウ	うつわ		ギョウ	u	15	
鋓	⿰金利	0	0	テン	するど.い				15	
鋕	⿰金志	0	0	シ	きざ.む				15	
鋗	⿰金肙	0	0	ケン セン	こばち		ゲン ゼン	u	15	
鋘	⿰金吳	0	0	カ ゲ コ	すき		ゴ	u	15	
鋙	⿰金吾	0	0	ギョ ゴ	くいちが.う		コ	u	15	
鋜	⿰金足	0	0	サク	あしかせ かなほだし		ソク	u	15	
鋝	⿰金寽	0	0	レツ レチ セツ セチ					15	
鋟	⿰金𠬶	0	0	セン チン シン	きざ.む				15	
鋠	⿰金辰	0	0	シン	くろがね		ジン	u	15	
鋡	⿰金含	0	0	カン ゴン	い.れる				15	
鋣	⿰金邪	0	0	ヤ					15	
鋥	⿰金呈	0	0	トウ ジョウ	みが.く と.ぐ				15	
鋧	⿰金見	0	0	ケン			ゲン	u	15	
鋨	⿰金我	0	0	テツ	くろがね				15	
鋬	⿱扳金	0	0	ハン	ひも				15	
鋮	⿰金成	0	0	セイ					15	
鋰	⿰金里	0	0	リ	リチウム				15	
鋹	⿰金長	0	0	チョ チョウ	するど.い				16	
鋻	⿱臤金	0	0	ケン	つるぎのは				16	
鋿	⿰金尙	0	0	ショウ	みが.く		ジョウ	u	16	⿰金尚
錀	⿰金侖	0	0	リン フン	うさぎあみ				16	
錂	⿰金夌	0	0	リョウ					16	
錈	⿰金卷	0	0	ケン ガン	ま.がる				16	
錍	⿰金卑	0	0	ヒ ヘイ ハイ	おの		ビ	u	16	⿰釒⿱⿱㇒⿻日丿十
錑	⿰金戾	0	0	ライ レ レイ	かんな きり のこぎり もじり		もじ	u	16	
錔	⿰金沓	0	0	トウ	つつ.む				16	
錕	⿰金昆	0	0	コン ゼン ネン	かりも				16	
錜	⿰金念	0	0	ジョウ ニョウ	かんざし				16	
錝	⿰金宗	0	0	ソウ ス					16	
錞	⿰金享	0	0	シュン トン タイ ズイ			デ ダ タ ジュン	u	16	
錟	⿰金炎	0	0	タン セン			ダン ゼン エン さす	u	16	
錡	⿰金奇	0	0	キ	のこぎり かま		ギ かたむく そばだつ のみ	u	16	
錤	⿰金其	0	0	キ	すき		ギ	u	16	
錥	⿰金育	0	0	イク	なべ				16	
錧	⿰金官	0	0	カン	くさび		きせがね たたら	u	16	
錩	⿰金昌	0	0	ショウ	かなぐ				16	
錪	⿰金典	0	0	テン	かま		トン	u	16	
錳	⿰金孟	0	0	モウ	まんがん				16	
錴	⿰金坴	0	0	ロク	ロジウム				16	
錶	⿰金表	0	0	ヒョウ					16	
錷	⿰金軋	0	0	アツ	ガドリニウム				16	
鍇	⿰金皆	0	0	カイ	てつ				16	
鍈	⿰金英	0	0	エイ ヨウ					16	
鍉	⿰金是	0	0	テイ タイ	うつわ		シ テキ	u	17	
鍐	⿰金㚇	0	0	ソウ ス					17	
鍑	⿰金复	0	0	フウ フ フク	かま				17	
鍒	⿰金柔	0	0	ジョウ ジュウ ニュ	なまがね				17	
鍕	⿰金軍	0	0	クン					17	
鍗	⿰金帝	0	0	テイ ダイ	かま				17	
鍘	⿰金則	0	0	サツ ゼチ			セチ	u	17	
鍚	⿰金昜	0	0	ヨウ	おもがい		セキ シャク シ すず	u	17	
鍞	⿰金貞	0	0	コウ キョウ テイ			チン しずめる しずまる	u	17	
鍤	⿰金臿	0	0	ソウ ショウ チョウ	すき				17	
鍥	⿰金契	0	0	ケツ ケチ ケイ	かま きざ.む		カイ たつ	u	17	
鍧	⿰金訇	0	0	コウ					17	
鍩	⿰金若	0	0	テン	と.る				17	
鍪	⿱敄金	0	0	ボウ ム モ	かま		かぶと	u	17	
鍭	⿰金侯	0	0	コウ グ	や		ゴ	u	17	
鍯	⿰金怱	0	0	ソウ ス ボウ ム	おおのめ				17	
鍰	⿰金爰	0	0	カン ゲン エン	めかた		からみ	u	17	
鍱	⿰金枼	0	0	ヨウ ショウ	いたがね		ジョウ キョウ コウ チョウ	u	17	
鍳	⿱⿰臣⿱𠂉一金	0	0	カン	かんが.みる かがみ				17	
鍴	⿰金耑	0	0	タン	きり				17	
鍶	⿰金思	0	0	ショウ シュ シ	ストロンチウム		シュウ	u	17	
鍺	⿰金者	0	0	タ	まきがね				17	⿰釒⿻者丶
鍽	⿰金扁	0	0	ヘン	かね				17	
鍿	⿰金甾	0	0	シ					17	⿰釒𱰭 ⿰金⿱⿻巛一田
鎀	⿰金修	0	0	シュウ シュ	あらがね				17	
鎁	⿰金耶	0	0	ヤ					17	
鎂	⿰金美	0	0	ビ	マグネシウム				17	
鎈	⿰金差	0	0	サ シャ					18	
鎊	⿰金旁	0	0	ホウ	けず.る				18	
鎋	⿰金害	0	0	カツ	くさび		ゲチ	u	18	⿰釒⿳宀⿻㇒𰀁口
鎍	⿰金索	0	0	サク シャク	はりがね				18	
鎏	⿱流金	0	0	リュウ ル	うつく.しいかね				18	
鎒	⿰金辱	0	0	ドウ ジョク ヌ ジュク	くさぎ.る くわ すき		コウ	u	18	⿰釒⿸辰寸
鎕	⿰金唐	0	0	トウ			ドウ	u	18	
鎘	⿰金鬲	0	0	レキ リャク カク	かなえのつきもの カドミウム		かなえ	u	18	
鎛	⿰金尃	0	0	ハク	かねかざり		かね つきがね くわ すき	u	18	
鎞	⿰金𣬉	0	0	ヘイ ハイ ヒ	かんざし		ビ	u	18	
鎡	⿰金茲	0	0	シ	かなえ		ジ	u	18	⿰釒兹
鎣	⿱𤇾金	0	0	エイ ヨウ ケイ ギョウ	みが.く		キョウ	u	18	
鎤	⿰金晃	0	0	コウ	かねのね				18	
鎦	⿰金留	0	0	リュウ ル	こしき かま ころ.す				18	⿰釒⿱卯田
鎨	⿰金隼	0	0	シュン	めば.える				18	
鎫	⿰金⿳𠬦八夂	0	0	バン					18	⿰釒⿳𠬦儿夊
鎴	⿰金息	0	0	ソク	ストロンチウム				18	
鎵	⿰金家	0	0	カ	ガリウム				18	
鎶	⿰金哥	0	0	カ	コロンビウム				18	
鎺	⿰金祖	0	0		はばき				18	
鎩	⿰金殺	0	0	サイ サツ セチ	めば.える		サチ セツ シュウ セイ	u	18	
鏁	⿰金巢	0	0	サ	くさり とざ.す				19	
鏄	⿰金專	0	0	タン	てつのかたまり		ダン	u	19	
鏅	⿰金脩	0	0	シュウ シュ	きた.える				19	
鏆	⿰金貫	0	0	カン	うがつ うでわ				19	
鏇	⿰金旋	0	0	セン	ろくろ		ゼン	u	19	
鏉	⿰金欶	0	0	シュウ シュ ソウ ソク	するど.い さび え.る ほ.る				19	
鏊	⿱敖金	0	0	ギョウ ゴウ	やきなべ				19	⿱⿰𫠤攵金
鏋	⿰金㒼	0	0	バン マン	こがね				19	
鏌	⿰金莫	0	0	バク マク					19	
鏍	⿰金累	0	0	ラ					19	
鏓	⿰金悤	0	0	ソウ ス ボウ ム	おおのみ おおのめ		モ	u	19	
鏙	⿰金崔	0	0	サイ スイ	ま.じる		セ	u	19	
鏜	⿰金堂	0	0	トウ					19	
鏞	⿰金庸	0	0	ヨウ ユ	つりがね		おおがね	u	19	
鏟	⿰金產	0	0	サン セン	いたがね		けずる ならし	u	19	⿰金産
鏢	⿰金票	0	0	ヒョウ	こじり				19	
鏦	⿰金從	0	0	ショウ シュ ソウ	ほこ				19	
鏧	⿱殸金	0	0	ロウ					19	
鏹	⿰金強	0	0	キョウ コウ	ぜに				20	⿰金强
鏷	⿰金菐	0	0	ホク	あらがね		ボク	u	20	
鏸	⿰金惠	0	0	ケイ テイ エ セイ	するど.い		ゼ エイ	u	20	
鏺	⿰金發	0	0	ハツ ハチ	かま				20	
鏻	⿰金粦	0	0	リン レイ リョウ	つよ.い				20	
鏽	⿰金肅	0	0	シュウ	さび		シュ シュク	u	20	
鐁	⿰金斯	0	0	シ	かんな				20	
鐂	⿰金畱	0	0	リュウ ル	こしき かま ころ.す				20	
鐄	⿰金黃	0	0	コウ オウ					20	⿰金黄
鐈	⿰金喬	0	0	キョウ	たかあしのなべ		ギョウ	u	20	
鐉	⿰金巽	0	0	セン テン					20	
鐍	⿰金矞	0	0	ケツ テツ テチ イツ	おびどめ		ケチ イチ	u	20	
鐎	⿰金焦	0	0	ショウ シュウ シュ	なべ		ジョウ	u	20	
鐏	⿰金尊	0	0	ソン サン	いしづき		ゾン	u	20	
鐕	⿰金朁	0	0	サン					20	⿰釒⿱⿰旡旡日
鐖	⿰金幾	0	0	キ ケ ゲ ガイ	さかばり		かま	u	20	
鐗	⿰金閒	0	0	カン ケン	ほこ むち				20	
鐟	⿰金替	0	0	テイ	チタニウム				20	
鐮	⿰金廉	0	0	レン ケン	かま				21	⿰釒⿸广⿻⿳一⺕八⿰亻亻
鐯	⿰金著	0	0	シャク チャク	くわ おおすき		ジャク	u	21	
鐱	⿰金僉	0	0	セン ケン	すき		ゲン	u	21	
鐲	⿰金蜀	0	0	タク ショク ゾク	ふりがね		ジョク チョク かね	u	21	
鐳	⿰金雷	0	0	ライ	かめ ラジウム		レ	u	21	
鐴	⿰金辟	0	0	ヘキ ヒャク ヘイ	からすきのみみ みが.く		ベイ	u	21	
鐻	⿰金豦	0	0	キョ コ	かねかけ		ゴ のこぎり	u	21	
鐿	⿰金意	0	0	イ	イッテルビウム				21	
鐽	⿰金達	0	0	タツ					21	
鑃	⿰金翟	0	0	チョウ ヨウ	なべ				22	
鑅	⿰金榮	0	0	コウ			オウ	u	22	
鑈	⿰金爾	0	0	ゲイ ナイ シ ニ			ジョウ ニョウ デイ ジ	u	22	
鑊	⿰金蒦	0	0	カク ワク	かま		なべ	u	22	
鑌	⿰金賓	0	0	ヒン	はがね				22	
鑕	⿰金質	0	0	シツ シチ	かなとこ				23	
鑙	⿰金⿱𮂱旨	0	0	ケイ	かた.い				23	
鑜	⿰金賞	0	0	ショウ	け かれい かれい.い べんとう				23	
鑟	⿰金𧶠	0	0	トク	いんばこ		ドク	u	23	⿰金賣
鑡	⿰金齒	0	0	サク	おおばん				23	
鑣	⿰金麃	0	0	ヒョウ	くつわ		くつばみ	u	23	
鑨	⿰金龍	0	0	ロウ ル	うつわ				24	
鑫	⿱金鍂	0	0	キン コン クン キョク			ク	u	24	
鑭	⿰金闌	0	0	ラン	ランタン				25	
鑮	⿰金薄	0	0	ハク	おおがね				25	
鑯	⿰金韱	0	0	セン チン シン	きざ.む				25	
鑱	⿰金毚	0	0	サン ゼン	するど.い		ザン いしばり	u	25	
鑲	⿰金襄	0	0	ジョウ ニョウ ソウ	いがた		ショウ	u	25	
钄	⿰金蘭	0	0	ラン			ロウ	u	29	
钃	⿰金屬	0	0	ショク ゾク チョク トク	すき				29	
镸	⿱④𠫔	0	0	チョウ	なが.い おさ				7	
镹	⿰镸久	0	0	キュウ ク	なが.い				10	
镾	⿰镸爾	0	0	ビ ミ	わた.る とりつくろう				21	
閄	⿰門人	0	0	コク ワク					10	
閈	⿵門干	0	0	カン	さと ふせ.ぐ と.じる		ガン かき	u	11	
閌	⿵門亢	0	0	コウ					12	
閍	⿵門方	0	0	ホウ ヒョウ ベン メン			ボウ	u	12	
閎	⿵門厷	0	0	コウ オウ			ギョウ ひろい ひろげる むなしい	u	12	
閝	⿵門令	0	0	レイ リョウ	きりまど				13	
閞	⿵門弁	0	0	ヘン ハン ボン	はしらのますがた		ベン	u	13	
閟	⿵門必	0	0	ヒ	と.じる		おえる おわる つつしむ とざす	u	13	
閡	⿵門亥	0	0	カイ コク ガイ ゲ	し.める				14	
閦	⿵門众	0	0	シュク	おお.い		スク	u	14	
閩	⿵門虫	0	0	ベン ミン ブン モン			ビン バン マン	u	14	
閫	⿵門困	0	0	コン	しきみ				15	
閬	⿵門良	0	0	ロウ トウ リョウ			ドウ むなしい	u	15	
閴	⿵門貝	0	0	ケキ	しず.か ひっそり				15	
閶	⿵門昌	0	0	ショウ トウ					16	
閺	⿵門旻	0	0	ベン ミン ビン					16	
閽	⿵門昏	0	0	コン	もんばん				16	
閿	⿵門受	0	0	ブン	みる				16	
闆	⿵門品	0	0	ハン ヘン	みる				17	
闈	⿵門韋	0	0	イ キ			くぐり	u	17	
闉	⿵門垔	0	0	イン エン					17	⿵門⿱覀土
闋	⿵門癸	0	0	ケツ ケチ ケイ ケ	と.じる		むなしい やむ	u	17	
闐	⿵門眞	0	0	テン キ	さかん		デン みちる	u	18	⿵門真
闑	⿵門臬	0	0	ゲツ ゲチ ケイ キ	しきみ		ケ	u	18	
闒	⿵門𦐇	0	0	トウ ロウ	むら				18	
闓	⿵門豈	0	0	カイ	ひら.く				18	
闙	⿵門啟	0	0	ケイ	ひら.く				18	
闚	⿵門規	0	0	キ	うかが.う				18	
闝	⿵門敗	0	0	ヒョウ	おぼ.れる				19	
闞	⿵門敢	0	0	カン ケン	のぞ.む		みる	u	20	
闟	⿵門翕	0	0	キュウ コウ シュウ トウ	おちつ.く と.じる		ドウ	u	20	
闠	⿵門貴	0	0	カイ キ			ギ エ	u	20	
闤	⿵門睘	0	0	カン ゲン ワン エン	かき				21	
闦	⿵門豊	0	0	ゴン					21	
阝		0	0		こざと		こざとへん	u	3	
阞	⿰阝力	0	0	ロク					5	
阢	⿰阝兀	0	0	ゴツ ゴチ ギ			ガイ ゲ グツ グチ	u	6	
阤	⿰阝也	0	0	チ シ タ	さか くず.れる		イ ダ ジ	u	6	
阥	⿰阝水	0	0	イン	かげ かげ.る				7	
阦	⿰阝火	0	0	ヨウ	ひ				7	
阬	⿰阝亢	0	0	コウ キョウ	あな				7	
阱	⿰阝井	0	0	セイ ジョウ	あな		おとしあな	u	7	
阳	⿰阝日	0	0	ヨウ	ひ				7	
阷	⿰阝正	0	0	テイ チョウ	の.む				8	
阸	⿰阝戹	0	0	ヤク アイ アク	せま.い ふさが.る せま.る		ア	u	8	
阹	⿰阝去	0	0	キョ			コ	u	8	
阺	⿰阝氐	0	0	キョ コ テイ	おり		チ タイ ジ	u	8	
阼	⿰阝乍	0	0	ソ サク			ザク ゾ きざはし	u	8	
阽	⿰阝占	0	0	エン テン	くずれか.かる		あやうい	u	8	
陁	⿰阝㐌	0	0	タ イ チ ジ	けわ.しい ななめ		ダ	u	8	
陒	⿰阝危	0	0	キ	やぶれたかき やぶ.れる けわ.しい				9	
陔	⿰阝亥	0	0	カイ ケ			ガイ	u	9	
陖	⿰阝夋	0	0	シュン カイ	そばだ.つ				10	
陗	⿰阝肖	0	0	ショウ	まっすぐでたかい けわ.しい たか.い きび.しい				10	
陘	⿰阝巠	0	0	ケイ キョウ	たに		ギョウ	u	10	
陡	⿰阝走	0	0	トウ ツ	そばだ.つ		けわしい にわか	u	10	
陮	⿰阝隹	0	0	タイ テ	たか.い あやう.い				11	
陴	⿰阝卑	0	0	ヒ ハイ	ひめがき		ビ バイ	u	11	⿰阝⿱⿱㇒⿻日丿十
陻	⿰阝垔	0	0	シュ ショウ ジュ トウ	ふさ.ぐ		イン	u	12	⿰阝⿱覀土
陼	⿰阝者	0	0	ショ ト ツ ズ	しま				12	⿰阝⿻者丶
陾	⿰阝耎	0	0	ジョウ ニョウ ジ ニ	おお.い		ヌ ドウ	u	12	
陿	⿰阝匧	0	0	キョウ コウ	せま.い				12	
隁	⿰阝匽	0	0	エン	つつ.み		せき	u	12	
隂	⿰阝⿱人镸	0	0	イン	かげ かげ.る				12	⿰阝⿱𠆢镸
隃	⿰阝兪	0	0	シュ ユ ヨウ	こ.える				12	⿰⻖俞
隄	⿰阝是	0	0	テイ タイ シ ジ	つつ.み				12	
隉	⿰阝⿱臼土	0	0	ゲツ ゲチ	あや.うい				12	⿰阝𱼭
隑	⿰阝豈	0	0	カイ キ ゲ	なが.い		ガイ ギ	u	13	
隖	⿰阝烏	0	0	オ ウ	つつ.み				13	
隚	⿰阝堂	0	0	トウ	いしずえ		ドウ	u	13	
隝	⿰阝鳥	0	0	トウ チョウ	しま				14	
隟	⿰阝巢	0	0	キャク ケキ	すき す.く す.かす ひま		ゲキ	u	14	
隤	⿰阝貴	0	0	タイ ズイ タ	お.ちる		くずす くずれる すなお やわらか	u	15	
隥	⿰阝登	0	0	トウ サカ	きだ				15	
隦	⿰阝辟	0	0	ヘイ ヒ	ひめがき		ビ	u	16	
隩	⿰阝奧	0	0	オウ イク	くま		あたたかい	u	16	
隮	⿰阝齊	0	0	セイ サイ	のぼ.る		シ	u	17	
隯	⿰阝壽	0	0	トウ チョウ	しま				17	
隳	⿱隋𠇍	0	0	キ	くず.れる		くずす こぼつ やぶれる	u	18	
隺	⿻冖隹	0	0	コク カク	あ.がる		ゴク	u	10	
雊	⿰句隹	0	0	コウ ク					13	
雒	⿰各隹	0	0	ラク	みみずく				14	
嶲	⿱屮雋	0	0	ケイ エ キ スイ	めぐり つばめ				16	⿱山雋
雘	⿰丹蒦	0	0	ワク コ	しんしゃ		ゴ	u	18	
雚	⿱艹𨾴	0	0	カン	こうのとり				18	⿱艹𨾴 ⿴萑吅
雝	⿰邕隹	0	0	ヨウ ユ	やわ.らぐ				18	
雞	⿰奚隹	0	0	ケイ	にわとり とり				18	
雟	⿱屮𮥼	0	0	ケイ エ キ スイ	めぐり つばめ		ゲ セン	u	18	⿱䶹𮥼 ⿳屮隹冏
雩	⿱雨亏	0	0	ウ ク キョ コ	あまごい		オ	u	11	
雯	⿱雨文	0	0	ブン モン					12	
雱	⿱雨方	0	0	ホウ					12	
雺	⿱雨矛	0	0	ム ボウ ブ	きり		モ	u	13	
霂	⿱雨沐	0	0	ボク モク					15	
霃	⿱雨沈	0	0	チン ジン	くも.る				15	
霅	⿱雨言	0	0	ショウ ソウ ギョウ トウ	やかま.しい		ドウ コウ ゴウ オウ	u	15	
霉	⿱雨每	0	0	バイ メ	つゆ しめり しみ				15	
霚	⿱雨敄	0	0	ム ボウ ブ	きり				17	
霛	⿱雨𢏝	0	0	レイ リョウ	たま				17	
霝	⿱雨𠱠	0	0	レイ リョウ					17	
霡	⿱雨⿰月⿱二水	0	0	バク ミャク ベキ	こさめ				17	⿱雨脉 ⿱雨⿰月永
霢	⿱雨脈	0	0	バク ミャク ベキ	こさめ				18	
霣	⿱雨員	0	0	イン コン ウン	あめ		おちる	u	18	
霨	⿱雨尉	0	0	イ					19	
霱	⿱雨矞	0	0	イツ イチ	めでたいくも				20	
霳	⿱雨隆	0	0	リュウ リュ					21	
靁	⿱雨畾	0	0	ライ	かみなり		レ リュウ ル	u	23	
靃	⿱雨雔	0	0	カク スイ	はおと				24	
靊	⿱雨豐	0	0	フウ フ					26	
靎	⿱雨鵭	0	0	カク	つる				26	
靏	⿱雨鶴	0	0	カク	つる				26	
靕	⿰正靑	0	0	シン	ただ.しい				13	
靗	⿰靑光	0	0	テイ チョウ	うかが.う				14	
靘	⿰靑色	0	0	セイ			ショウ	u	14	
靚	⿰靑見	0	0	セイ ショウ			ジョウ うるわしい しずか よそおう	u	15	
靛	⿰靑定	0	0	テン	あい		デン あいぞめ	u	16	
靣	⿱丆回	0	0	メン ベン	おも おもて つら				8	
靧	⿰面貴	0	0	カイ ケ					21	
靪	⿰革丁	0	0	テイ チョウ ダイ	おぎなう		タイ	u	11	
靮	⿰革勺	0	0	テキ チャク	たづな				12	⿰革⿹勹一
靳	⿰革斤	0	0	キン コン	むながい				13	
靶	⿰革巴	0	0	ハ	たづな		ヘ	u	13	
靷	⿰革引	0	0	イン チン ジン	ひきづな				13	
靸	⿰革及	0	0	ソウ シュウ	くつ				13	
靻	⿰革且	0	0	ソ タツ	おもがい				14	
靽	⿰革半	0	0	ハン	きずな ほだ.す つな.ぐ				14	⿰革⿻八𰀁
靿	⿰革幼	0	0	オウ ヨウ	かわぐつ				14	
鞀	⿰革召	0	0	トウ	ふりつづみ		ドウ	u	14	
鞉	⿰革兆	0	0	トウ	ふりつづみ		ドウ	u	15	
鞕	⿰革更	0	0	ゴウ ギョウ	かた.い				16	
鞖	⿰革妥	0	0	サイ					16	
鞗	⿰⿰亻丨⿱攵革	0	0	チョウ トウ	たづな		ジョウ	u	16	⿸攸革
鞙	⿰革肙	0	0	ケン			ゲン	u	16	
鞚	⿰革空	0	0	コウ ク	おもがい				17	
鞞	⿰革卑	0	0	ヘイ ヒョウ ヒ バイ	さや		ビ ベイ	u	17	⿰革⿱⿱㇒⿻日丿十
鞟	⿰革享	0	0	カク					17	
鞢	⿰革枼	0	0	ショウ トウ					18	
鞬	⿰革建	0	0	ケン コン	ゆみぶくろ		ゴン ゆぶくろ	u	18	
鞮	⿰革是	0	0	テイ タイ	かわぐつ		ダイ	u	18	
鞱	⿰革舀	0	0	トウ	ゆぶくろ ゆみぶくろ つつ.む				19	
鞲	⿰革冓	0	0	コウ ク	ゆごて				19	
鞵	⿰革奚	0	0	アイ カイ	わらじ くつ		ガイ ゲ	u	19	
鞶	⿱般革	0	0	ハン			バン おおおび	u	19	
鞸	⿰革畢	0	0	ヒツ ヒチ ヘイ ヒョウ	ひざかけ				20	
鞹	⿰革郭	0	0	カク					20	
鞺	⿰革堂	0	0	トウ					20	
鞼	⿰革貴	0	0	キ カイ ケ エ	たづな つよ.い くじく くじける		ワイ ギ	u	21	
鞾	⿰革華	0	0	カ	くつ				21	
鞿	⿰革幾	0	0	キ ケ	くつばみ		きずな	u	21	
韁	⿰革畺	0	0	キョウ コウ	たづな		きずな	u	22	
韄	⿰革蒦	0	0	アク ヤク カク ギャク	かたのさげお		コ ゴ ワク	u	23	
韅	⿰革㬎	0	0	ケン					23	
韇	⿰革𧶠	0	0	トク	やづつ		ドク	u	24	⿰革賣
韉	⿰革薦	0	0	セン	したぐら				26	
韊	⿰革蘭	0	0	ラン レン	やづつ えびら				30	
韌	⿰韋刃	0	0	ジン ニン	しなや.か				12	
韍	⿰韋犮	0	0	フツ フチ ヒ	ひざかけ		くみひも まえだれ	u	14	
韎	⿰韋末	0	0	バイ マイ バツ			キ メ メチ くつした	u	14	
韐	⿰韋合	0	0	コウ キョウ	かわ		ゴウ	u	15	
韑	⿺光韋	0	0	イ	ひかり				15	
韔	⿰韋長	0	0	チョウ リョウ	ゆみぶくろ		ゆぶくろ	u	17	
韗	⿰韋軍	0	0	ウン クン ケン カン	くつ				18	
韘	⿰韋枼	0	0	ショウ	ゆがけ				18	
韙	⿺是韋	0	0	イ	ただ.しい		よい	u	18	
韝	⿰韋冓	0	0	コウ ク	ゆごて				19	
韞	⿰韋𥁕	0	0	オン ウン	かきいろ		おさめる かくす つつむ	u	19	⿰韋昷
韠	⿰韋畢	0	0	ヒツ ヒチ	ひざかけ				20	
韛	⿰韋⿱卄⿸厂用	0	0	ハイ フク コウ	ふいご えびら		ベ ブク	u	20	⿰韋𤰇
韡	⿰韋華	0	0	イ	さかん				21	
韤	⿰韋蔑	0	0	ベツ モチ バツ マチ	くつした たび				24	
韯	⿹𢦏韭	0	0	セン	やまにら				15	
韱	⿹㦰韭	0	0	セン	やまにら				17	
韴	⿰音帀	0	0	ソウ	とぎ.れる とぎれごえ ふつ		ゾウ	u	13	
韷	⿰音出	0	0	ラク リャク	かまびす.しい				14	
韸	⿰音夆	0	0	ホウ ボ フウ フ	やわ.らぐ				16	
韺	⿰音英	0	0	エイ ヨウ					18	
頇	⿰干頁	0	0	カン ガツ ガチ	おお.きい		ガン	u	12	
頊	⿰王頁	0	0	キョク コク ギョク	ただ.しい		ゴク	u	13	
頙	⿰𤴔頁	0	0	サク シャク シン	ただ.しい				13	⿰正頁
頍	⿰支頁	0	0	キ ケン			ギ かみかざり	u	13	
頎	⿰斤頁	0	0	キ ゲ キン コン	かたちがよい				13	
頔	⿰由頁	0	0	テキ ジャク	うつく.しい よい				14	
頖	⿰半頁	0	0	ハン	わかつ				14	⿰⿻八𰀁頁
頜	⿰合頁	0	0	カン ゴン コウ	あご		ガン	u	15	
頞	⿰安頁	0	0	アツ アチ アン	はなすじ		はなばしら	u	15	
頠	⿰危頁	0	0	ガイ ギ	しとやか		ゲ	u	15	
頣	⿰臣頁	0	0	シン	うかがいみる				15	
頦	⿰亥頁	0	0	カイ	あご		ガイ	u	15	
頫	⿰兆頁	0	0	フ バン マン	うつむ.く		チョウ ベン メン トウ	u	15	
頮	⿰⿱水廾頁	0	0	カイ ケ					16	
頯	⿰𢌳頁	0	0	カイ キュウ グ	ほおぼね		ケ キ ギ	u	16	
頰	⿰夾頁	8	0	キョウ	ほお ほほ				16	
頲	⿰廷頁	0	0	テイ チョウ					16	
頳	⿰赤頁	0	0	テイ チョウ	あか.い				16	
頵	⿰君頁	0	0	イン キン	おお.きい		コン ゴン	u	16	
頥	⿲丨臣頁	0	0	イ	おとがい あご				16	
頾	⿱須此	0	0	シ	ひげ くちひげ				17	
顄	⿰函頁	0	0	カン ゴン	おとがい		ガン	u	17	⿰⿶凵⿻了⿰⿱丶㇀⿱㇒丶頁
顇	⿰卒頁	0	0	スイ シュツ ジュウ	やつ.れる		ズイ ジュチ	u	17	
顊	⿰阜頁	0	0	イ	おとがい				17	
顑	⿰咸頁	0	0	カン コン ケン	きいろい		ガン	u	18	
顒	⿰禺頁	0	0	ギョウ グ	おお.きい		あおぐ つつしむ	u	18	
顓	⿰耑頁	0	0	セン	うやうや.しい		おろか よい	u	18	
顖	⿰恖頁	0	0	シン シ	ひよめき				19	
顗	⿰豈頁	0	0	ギ ゲ ガイ	うやうや.しい				19	
顙	⿰桑頁	0	0	ソウ	ひたい		ショウ	u	19	
顚	⿰眞頁	9	0	テン	いただ.き たお.れる		チン	u	19	
顢	⿰㒼頁	0	0	バン マン	おおきなかお				20	
顣	⿰戚頁	0	0	シュク セキ シャク					20	
顥	⿰景頁	0	0	コウ	しろ.い		ゴウ おおきい	u	21	
顦	⿰焦頁	0	0	ショウ	やつ.れる		ジョウ	u	21	
顪	⿰歲頁	0	0	カイ ケ	ほお				22	
顬	⿰需頁	0	0	ジュ ニュ	こめかみ				23	
颫	⿺風夫	0	0	フ					13	
颭	⿺風占	0	0	セン	そよぐ		そよがす	u	14	
颮	⿺風包	0	0	ヒョウ	つむじかぜ		ホウ ビョウ ハク	u	14	⿺風⿹勹巳
颰	⿺風犮	0	0	ハツ ホチ バチ フツ	はやて		ブチ	u	14	
颴	⿺風𭻾	0	0	セン	つむじかぜ		ゼン	u	16	
颷	⿺風炎	0	0	ヒョウ	つむじかぜ				17	
颸	⿺風思	0	0	シ	すずしいかぜ		はやい	u	18	
颺	⿺風昜	0	0	ヨウ	あ.げる		あがる あらわれる すてる	u	18	
颻	⿰䍃風	0	0	ヨウ			はやて	u	19	
颿	⿰馬風	0	0	ハン ボン ヘン	はし.る		ほ	u	19	
飂	⿺風翏	0	0	リュウ ル リク ロク	ふく		リョウ	u	20	
飅	⿺風畱	0	0	リュウ ル	ふく				20	
飈	⿺風焱	0	0	ヒョウ	つむじかぜ				21	
飌	⿰雚風	0	0	フウ フ	かぜ かざ-				27	⿰⿱卝𨾴風
飡	⿰冫食	0	0	サン ソン	の.む くら.う				11	
飣	⿰𩙿丁	0	0	テイ チョウ	たくわ.える				11	
飥	⿰𩙿乇	0	0	タク	もち				12	
飦	⿰𩙿干	0	0	ケン コン セン カン	かゆ ほしいい				12	
飧	⿰夕食	0	0	ソン	ばんめし		しるかけ めし ゆうげ	u	12	
飪	⿰𩙿壬	0	0	ジン ニン	に.る				13	
飳	⿰𩙿主	0	0	シュ チュ トウ ツ	こなもち				14	
飶	⿰𩙿必	0	0	ヒツ ビチ ヘツ ベチ	かおり				14	
餂	⿰𩙿舌	0	0	テン	うまい		デン	u	15	
餇	⿰𩙿同	0	0	ト ズ	くいもの		トウ	u	15	
餈	⿱次食	0	0	シ	もち		ジ むしもち	u	15	
餑	⿰𩙿孛	0	0	ホツ ボチ コウ	なが.い				16	
餕	⿰𩙿夋	0	0	シュン セン	たべのこし		ゼン	u	16	
餖	⿰𩙿豆	0	0	トウ ズ			つらねる	u	16	
餗	⿰𩙿束	0	0	ソク サク	かゆ				16	
餚	⿰𩙿肴	0	0	コウ ギョウ	そな.える		くらう さかな	u	17	
餛	⿰𩙿昆	0	0	コン			ゴン	u	17	
餜	⿰𩙿果	0	0	カ	もち				17	
餟	⿰𩙿叕	0	0	テツ テチ テイ	まつ.る		テ	u	17	
餢	⿰𩙿咅	0	0	ホウ ブ					17	
餦	⿰𩙿長	0	0	チョウ	あめ もち				17	
餧	⿰𩙿委	0	0	ダイ イ	う.える		ネ	u	17	
餫	⿰𩙿軍	0	0	ウン コン	おく.る		ゴン	u	18	
餱	⿰𩙿侯	0	0	コウ グ	ほしいい		ゴ	u	18	
餲	⿰𩙿曷	0	0	エイ アツ アチ アイ	くさる		イ カツ カチ すえる	u	18	
餳	⿰𩙿昜	0	0	トウ セイ	あめ		ドウ ジョウ	u	18	
餴	⿰𩙿奔	0	0	フン	むす むしめし				18	
餵	⿰𩙿畏	0	0	ダイ イ	う.える				19	
餹	⿰𩙿唐	0	0	トウ	あめ		ドウ	u	19	
餺	⿰𩙿尃	0	0	ハク					19	
餻	⿰𩙿羔	0	0	コウ	こなもち				19	
餼	⿰𩙿氣	0	0	キ ケ	おくりもの		あく いけにえ おくる	u	19	
饀	⿰𩙿舀	0	0	トウ	こなもち				19	
饁	⿰𩙿盍	0	0	ヨウ オウ コウ	おく.る				19	
饆	⿰𩙿畢	0	0	ヒツ ヒチ	もち				20	
饇	⿰𩙿區	0	0	ヨ オ ウ オウ	あく				20	
饈	⿰𩙿羞	0	0	シュウ シュ	すす.める				20	
饍	⿰𩙿善	0	0	セン	かしわ すす.める そな.える		ゼン そなえもの	u	21	
饎	⿰𩙿喜	0	0	シ キ	さけさかな む.す				21	
饔	⿱雍食	0	0	ヨウ ユ	に.る				22	
饘	⿰𩙿亶	0	0	セン	かゆ				22	
饙	⿰𩙿賁	0	0	フン	むす むしめし				22	
饛	⿰𩙿蒙	0	0	ボウ ム	やまもり		モウ モ	u	23	
饜	⿱厭食	0	0	エン	あく				23	
饞	⿰𩙿毚	0	0	サン ゼン	むさぼ.る		ザン	u	26	
饟	⿰𩙿襄	0	0	ショウ	げ け かれい かれい.い		ジョウ ニョウ	u	26	
饠	⿰𩙿羅	0	0	ラ	もち				28	
馛	⿰香犮	0	0	ハツ バチ ヘツ ヘチ	にお.い こうば.しい				14	
馝	⿰香必	0	0	ヒツ ビチ ヘツ ベチ	かおり				14	
馟	⿰香孚	0	0	ト ズ	こうば.しい				16	
馦	⿰香兼	0	0	ケン	こう				19	
馰	⿰馬勺	0	0	テキ チャク					13	⿰馬⿹勹一
馱	⿰馬大	0	0	タ タイ	の.せる		ダ ダイ	u	13	
馲	⿰馬乇	0	0	タク チャク ラク ワク	らば				13	
馵	⿱馬廾	0	0	シュ ソク ゾク			ソ ショク	u	13	
馹	⿰馬日	0	0	ジツ ニチ	はやうま				14	
馺	⿰馬及	0	0	ソウ	おいつく				14	
馽	⿱馬中	0	0	チュウ ショウ	つな.ぐ		シュツ ジュチ トウ きずな	u	14	
馿	⿰馬戶	0	0	ロ リョ	うさぎうま				14	⿰馬户
駃	⿰馬夬	0	0	ケツ ケチ ガイ ケ	らば		カイ はやい	u	14	
駉	⿰馬冋	0	0	ケイ キョウ	まき まきば				15	
駓	⿰馬丕	0	0	ヒ	しらかげ				15	
駔	⿰馬且	0	0	ソウ ソ ショ	うま		ゾ あらい おおきい くみひも	u	15	
駙	⿰馬付	0	0	フ	そえうま ちか.い		ブ	u	15	
駚	⿰馬央	0	0	ヨウ オウ					15	
駜	⿰馬必	0	0	ヒツ ビチ ヒ	こ.える		ビ	u	15	
駞	⿰馬㐌	0	0	タ	せむし		ダ	u	15	
駧	⿰馬同	0	0	トウ ズ	はし.る				16	
駪	⿰馬先	0	0	シン	おお.い				16	
駫	⿰馬光	0	0	ケイ キョウ	たくま.しい				16	
駬	⿰馬耳	0	0	ジ ニ	しゅんめ				16	
駰	⿰馬因	0	0	イン	どろあしげ		オン	u	16	
駴	⿰馬戒	0	0	カイ アイ	おどろ.く				17	
駵	⿰馬丣	0	0	リュウ ル	くりげ				17	
駹	⿰馬尨	0	0	ボウ モウ					17	
駽	⿰馬肙	0	0	ケン			ゲン	u	17	
駾	⿰馬兌	0	0	タイ	はし.る		テ	u	17	⿰馬兑
騂	⿰馬辛	0	0	セイ ショウ ケイ キョウ	あかうま		あかい あかうし	u	17	
騃	⿰馬矣	0	0	ガイ シ イ ギ	おろ.か		ジ チ タイ	u	17	
騄	⿰馬彔	0	0	リョク ロク					18	⿰馬录
騋	⿰馬來	0	0	ライ					18	
騌	⿰馬宗	0	0	ソウ	たてがみ				18	
騐	⿰馬念	0	0	ケン	あかし しるし ため.す				18	
騑	⿰馬非	0	0	ヒ	そえうま				18	
騖	⿱敄馬	0	0	ブ ム	はせる		はしる	u	19	
騞	⿰馬砉	0	0	カク キャク バク ミャク			チャク ケ テキ ケイ	u	19	
騠	⿰馬是	0	0	テイ ダイ					19	
騢	⿰馬叚	0	0	カ ゲ	つきげ				19	
騣	⿰馬㚇	0	0	ソウ ス	たてがみ				19	
騤	⿰馬癸	0	0	キ ケツ ケチ	すす.む		ギ	u	19	
騧	⿰馬咼	0	0	カ イ カイ ゲ			ケ	u	19	
騭	⿱陟馬	0	0	シツ シチ チョク	おすうま		チキ のぼる	u	20	
騮	⿰馬留	0	0	リュウ ル	くりげ				20	
騳	⿰馬馬	0	0	トク	はし.る		ドク	u	20	
騵	⿰馬原	0	0	ゲン ガン ガ					20	
騶	⿰馬芻	0	0	シュウ シュ ス チュ	うまかい		スウ のりうま のりやく はしる	u	20	
騸	⿰馬扇	0	0	セン					20	
驇	⿱埶馬	0	0	チ	おもい				21	⿱⿰坴丸馬
驁	⿱敖馬	0	0	ゴウ ギョウ	おご.る				21	
驄	⿰馬悤	0	0	ソウ ス	あしげ				21	
驊	⿰馬華	0	0	カ ゲ	あかくりげ				22	
驋	⿰馬發	0	0	ハツ ハチ	はし.る				22	
驌	⿰馬肅	0	0	シュク スク					22	
驎	⿰馬粦	0	0	リン	まだらうま				22	
驑	⿰馬畱	0	0	リュウ ル	くりげ				22	
驔	⿰馬覃	0	0	テン タン ドン	くろくりげ		デン	u	22	
驖	⿰馬𢧜	0	0	テツ デチ	くろくりげ				23	
驝	⿰馬槖	0	0	タク チャク ラク ワク	らば				24	
骪	⿰骨𠁽	0	0	イ	ま.がる ま.げる あつ.まる すておく				13	⿰骨凡
骬	⿰骨于	0	0	ウ					13	
骮	⿰骨弋	0	0	ヨク	こぼね				13	
骯	⿰骨亢	0	0	コウ					14	
骲	⿰骨包	0	0	ハク ゴウ ギョウ ホウ	やじり		バク ホク ビョウ	u	15	⿰骨⿹勹巳
骴	⿰骨此	0	0	シ サイ ジャ	ほね		ジ ゼ	u	15	
骵	⿰骨本	0	0	タイ テイ	からだ かたち				15	
骶	⿰骨氐	0	0	テイ タイ	しり				15	
骹	⿰骨交	0	0	コウ キョウ ゴウ	は.ぎ		ギョウ かぶらや ほね	u	16	
骻	⿰骨夸	0	0	カ ケ	またぐら				16	
骾	⿰骨更	0	0	コウ キョウ					17	
骿	⿰骨幷	0	0	ヘン			ベン	u	18	⿰骨并
髁	⿰骨果	0	0	カイ ケ カ	もも				18	
髃	⿰骨禺	0	0	グ ゴウ ガイ			ゲ	u	19	
髆	⿰骨尃	0	0	ハク	かいがらぼね				20	
髈	⿰骨旁	0	0	ホウ	もも		ボウ	u	20	
髎	⿰骨翏	0	0	リョウ ロオ リュウ	こしぼね		ロウ	u	21	
髐	⿰骨堯	0	0	コウ キョウ	かぶらや				22	
髒	⿰骨葬	0	0	ソウ	きたない				23	
髕	⿰骨賓	0	0	ヒン			ビン あしきり きる あしきる	u	24	
髖	⿰骨寬	0	0	カン コン	こしぼね				25	
髗	⿰骨盧	0	0	ロ	かしら あたま				26	
髛	⿰高尻	0	0	コウ	あき.らか				15	
髜	⿰高昇	0	0	キョウ	たか.い				18	
髠	⿱髟几	0	0	コン	そる				12	
髤	⿱髟木	0	0	キュウ ク シ	うるし				14	
髥	⿱髟冄	0	0	ゼン ネン	おおひげ		ほおひげ ひげ	u	14	
髧	⿱髟冘	0	0	タン ドン					14	
髩	⿱髟丏	0	0	ヒン			ビン	u	14	
髬	⿱髟丕	0	0	ヒ					15	
髲	⿱髟皮	0	0	ヒ	かもじ		ビ	u	15	
髳	⿱髟矛	0	0	ボウ ム モウ	たれがみ		モ	u	15	
髵	⿱髟而	0	0	ジ ニ	あごひげ				16	
髹	⿱髟休	0	0	キュウ ク シ	うるし		うるしぬる	u	16	
髺	⿱髟舌	0	0	ガチ カツ	たば.ねる				16	
髽	⿱髟坐	0	0	サ セ	くくりがみ				17	
髿	⿱髟沙	0	0	サ シャ					17	
鬀	⿱髟弟	0	0	テイ	かみ まい そ.る す.る		タイ	u	17	
鬁	⿱髟利	0	0	リ					17	
鬂	⿱髟兵	0	0	ヒン			ビン	u	17	
鬃	⿱髟宗	0	0	ソウ ズ ゾウ	たてがみ		ス	u	18	
鬄	⿱髟易	0	0	テイ タイ セキ テキ	かもじ		シャク チャク	u	18	
鬅	⿱髟朋	0	0	ホウ			ボウ	u	18	
鬈	⿱髟卷	0	0	ケン	うるわ.しい		ゲン	u	18	
鬉	⿱髟㚇	0	0	ソウ ス	たてがみ				19	
鬋	⿱髟前	0	0	セン					19	⿱髟⿱䒑⿰⿵冂⺀刂
鬌	⿱髟⿱左月	0	0	タ ツイ ズイ キ	お.ちる		ダ	u	19	
鬍	⿱髟胡	0	0	コ			ゴ	u	19	
鬎	⿱髟剌	0	0	ラツ					19	
鬐	⿱髟耆	0	0	キ	たてがみ		ギ	u	20	
鬒	⿱髟眞	0	0	シン	おお.い				20	⿱髟真
鬖	⿱髟參	0	0	サン シン セン					21	
鬙	⿱髟曾	0	0	ソウ	みだ.れる				21	
鬛	⿳髟龱⿲⿺𠄌⺀⿺𠄌⺀㇂	0	0	リョウ	たてがみ				22	
鬜	⿱髟閒	0	0	カン ケン サン ゼン	は.げる		カツ カチ	u	22	
鬠	⿱髟會	0	0	カツ ガチ カイ ケ	たば.ねる もとゆい		こうがい	u	23	
鬦	⿵鬥斗	0	0	トウ	たたか.う あらそ.う				14	
鬫	⿵鬥敢	0	0	カン ケン	ほ.える		たけしい	u	22	
鬭	⿵鬥斲	0	0	トウ	たたか.う あらそ.う		ツ	u	24	⿵鬥⿰𠁁斤
鬳	⿸虍鬲	0	0	ケン ガン ゴン	こしき		カン ゲン	u	16	
鬴	⿰鬲甫	0	0	フ レキ リャク	かま		ブ	u	17	
鬵	⿱兓鬲	0	0	セン シン	おおがま		ゼン ジン	u	18	⿱⿰旡旡鬲
鬷	⿰鬲㚇	0	0	ソウ ス	あつ.まる				19	
鬹	⿱規鬲	0	0	キ ケイ エ	かま		ギ	u	21	
鬺	⿰鬲𬀷	0	0	ショウ	に.る		ソウ	u	21	
鬽	⿺鬼彡	0	0	ビ ミ	ばけもの				13	
魈	⿺鬼肖	0	0	ショウ	すだま				17	
魋	⿺鬼隹	0	0	タイ ズイ ツイ			デ さいづちまげ	u	18	
魌	⿺鬼其	0	0	キ	みにく.い				18	
魕	⿺鬼幾	0	0	キ	おに				21	
魖	⿺鬼虛	0	0	キョ コ					23	⿺鬼虚
魗	⿰壽鬼	0	0	シュウ	みにく.い しこ		シュ ジュ	u	24	
魛	⿰魚刀	0	0	トウ	たちうお				13	
魞	⿰魚入	0	0		えり				13	
魡	⿰魚勺	0	0	テキ チャク チョウ	つる				14	⿰魚⿹勹一
魣	⿰魚予	0	0	ショ ヨ	たなご かます				15	
魥	⿰魚及	0	0	キョウ コウ	こがめ こち ひもの		ゴウ	u	15	
魦	⿰魚少	0	0	サ シャ ショウ	さめ ちちぶ		いさざ	u	15	
魨	⿰魚屯	0	0	トン	ふぐ		ドン	u	15	
魪	⿰魚介	0	0	カイ	かれい				15	
魫	⿰魚冘	0	0	シン	さかなのこ		チン ジン	u	15	
魬	⿰魚反	0	0	ハン	かれい		バン	u	15	
魭	⿰魚元	0	0	ゲン ガン	あおうみがめ				15	
魮	⿰魚比	0	0	ヒ			ビ	u	15	
魳	⿰魚帀	0	0	シ ソウ	ぶり はまち かます				15	
魵	⿰魚分	0	0	フン	えび		ブン	u	15	
魷	⿰魚尤	0	0	ユウ					15	
魸	⿰魚片	0	0	ナマズ					15	
魹	⿰魚毛	0	0		とど				15	
魿	⿰魚令	0	0	レイ リョウ リン	う.ねる うろこ				16	
鮀	⿰魚它	0	0	タ	なまず		ダ	u	16	
鮄	⿰魚弗	0	0	フツ ブチ	さば		ホツ	u	16	
鮅	⿰魚必	0	0	ヒツ ビチ	ます				16	
鮆	⿱此魚	0	0	セイ ザイ シ ジ	えつ				16	
鮇	⿰魚未	0	0	ビ ミ	いわな				16	
鮉	⿰魚召	0	0	チョウ	たい				16	
鮊	⿰魚白	0	0	ハク ビャク ハ ベ	みごい しろうお がんき かすべ				16	
鮋	⿰魚由	0	0	ユウ ユ シュウ ジュ	はや		チュウ	u	16	
鮍	⿰魚皮	0	0	ヒ	かわはぎ				16	
鮏	⿰魚生	0	0	セイ ショウ ソウ	なまぐさ.い なまぐさ さけ				16	
鮐	⿰魚台	0	0	タイ イ	ふぐ				16	
鮔	⿰魚巨	0	0	キョ					16	
鮚	⿰魚吉	0	0	キツ ギチ ケツ ケチ	はまぐり		カツ	u	17	
鮝	⿱𠔉魚	0	0	ショウ ヨウ	ふか ひもの				17	⿱龹魚
鮞	⿰魚而	0	0	ジ ニ ジク ニク	はららご		はらご	u	17	
鮦	⿰魚同	0	0	トウ ズ	かつお		チョウ ジュ チュウ	u	17	
鮧	⿰魚夷	0	0	イ テイ ダイ シ	なまず すけそう		ジ おおなまず	u	17	
鮩	⿰魚并	0	0	ホウ ビョウ ヘイ ヒツ	にごい あみ		ビチ	u	17	
鮬	⿰魚夸	0	0	ホ ブ コ ク	たなご せいご からすみ		ヒ ビ カ ケ	u	17	
鮰	⿰魚回	0	0	カイ			エ	u	17	
鮱	⿰魚老	0	0		おおぼら ぼら				17	
鮲	⿰魚伏	0	0	モテ	まて こち				17	
鮷	⿰魚弟	0	0	イ テイ ダイ シ	なまず すけそう				18	
鮸	⿰魚免	0	0	ベン メン バン マン	にべ いしもち				18	⿰魚⿱⺈⿸⿻口丿乚
鮻	⿰魚夋	0	0	サ シャ ショウ	さめ ちちぶ				18	
鮼	⿰魚𠬶	0	0	シン					18	
鮾	⿰魚妥	0	0	ダイ ナイ	くさ.る				18	
鮿	⿰魚𦔮	0	0	チョウ	ほしうお				18	⿰魚耴
鯁	⿰魚更	0	0	コウ キョウ			かたい ただしい なおい わずらい	u	18	
鯇	⿰魚完	0	0	カン	あめのうお		コン ゲン ゴン ガン	u	18	
鯈	⿰⿰亻丨⿱攵魚	0	0	ユウ ユ	はや はえ		チュウ ジュ チョウ ジョウ	u	18	⿸攸魚
鯎	⿰魚成	0	0		うぐい				18	
鯐	⿰魚走	0	0		すばしり		つくら	u	18	
鯗	⿱⿱䒑夫魚	0	0	ショウ ヨウ	ふか ひもの		ソウ	u	19	⿳𦍌八魚
鯘	⿰魚委	0	0	ダイ ナイ	くさ.る		ネ	u	19	
鯝	⿰魚固	0	0	コ ク	はらわた				19	
鯟	⿰魚東	0	0	トウ ツ					19	
鯥	⿰魚坴	0	0	リク ロク	むつ				19	
鯧	⿰魚昌	0	0	ショウ	まながつお				19	
鯪	⿰魚夌	0	0	リョウ	せんざんこう				19	
鯫	⿰魚取	0	0	ソウ ス	みごい		シュ セン シュウ ジュ	u	19	
鯯	⿰魚制	0	0	セイ	このしろ				19	
鯳	⿰魚底	0	0	テイ	すけそう		すけとう	u	19	
鯷	⿰魚是	0	0	イ テイ ダイ シ	ひしこ なまず すけそう		ジ おおなまず	u	20	
鯸	⿰魚侯	0	0	コウ グ	ふぐ				20	
鯹	⿰魚星	0	0	セイ ショウ ソウ	なまぐさ.い なまぐさ さけ				20	
鯺	⿰魚者	0	0	ショ	ふぐ				20	⿰魚⿻者丶
鯽	⿰魚卽	0	0	セキ シャク ショク ソク	ふな たなご		ゾク	u	20	⿰魚即
鯿	⿰魚扁	0	0	ヘン	おしきうお		ハン	u	20	
鰀	⿰魚爰	0	0	カン	あめのうお		ガン	u	20	
鰂	⿰魚則	0	0	ソク	いか		ゾク	u	20	
鰋	⿰魚匽	0	0	エン オン	なまず				20	
鰏	⿰魚畐	0	0	ヒョク ヒキ					20	
鰑	⿰魚昜	0	0	ヨウ	うなぎ するめ				20	
鰖	⿰魚⿱左月	0	0	タ	たかべ				20	
鰘	⿰魚室	0	0	ムロア	むろあじ				20	
鰙	⿰魚若	0	0	ハヤ	わかさぎ				20	
鰚	⿰魚宣	0	0		はらか		セン	u	20	
鰜	⿰魚兼	0	0	ケン カン ゲン	にしん		セン	u	21	
鰞	⿰魚烏	0	0	オ ウ	いか				21	
鰢	⿰魚馬	0	0	バ メ	うみえび つくら すばしり				21	
鰣	⿰魚時	0	0	シ	このしろ はす		ジ	u	21	
鰦	⿰魚茲	0	0	シ	はや				21	
鰧	⿰月鮝	0	0	トウ チン ジン	おこぜ		ドウ	u	21	⿰⿵⺆⺀鮝 ⿸𰮤魚
鰨	⿰魚𦐇	0	0	チョウ トウ	かれい		ドウ ジョウ ノウ	u	21	
鰩	⿰魚䍃	0	0	ヨウ	えい		とびうお	u	21	
鰪	⿰魚盍	0	0	コウ オウ	まながつお				21	
鰱	⿰魚連	0	0	レン	たなご				22	
鰵	⿱敏魚	0	0	ビン ミン	いしもち				22	
鰶	⿰魚祭	0	0	セイ サイ	このしろ				22	
鰷	⿰魚條	0	0	チョウ ジョウ ショウ	はや				22	
鰽	⿰魚曹	0	0	シュウ ジュ	このしろ				22	
鱁	⿰魚逐	0	0	チク ジク	さめ				22	
鱃	⿰魚羞	0	0	シュウ シュ	どじょう				22	
鱄	⿰魚專	0	0	セン タン レン			ゼン ダン	u	22	
鱅	⿰魚庸	0	0	ショウ ジュ ユ ヨウ	このしろ				22	
鱉	⿱敝魚	0	0	ヘツ	すっぽん		ベツ	u	23	
鱊	⿰魚矞	0	0	イツ イチ シュツ ジュチ			カツ ケチ ケツ	u	23	
鱎	⿰魚喬	0	0	キョウ	みごい		ギョウ	u	23	
鱏	⿰魚覃	0	0	シン イン	かじき えい		ジン	u	23	
鱐	⿰魚肅	0	0	シュク スク シュウ シュ	ほしうお				23	
鱓	⿰魚單	0	0	セン タ	うつぼ うみへび ごまめ		ゼン ダ	u	23	
鱔	⿰魚善	0	0	セン	うみへび ごまめ		ゼン	u	23	
鱖	⿰魚厥	0	0	ケイ ケ ケツ カチ	さけ		エツ オチ キ あさじ	u	23	
鱘	⿰魚尋	0	0	シン	ちょうざめ かじき		ジン	u	23	
鱛	⿰魚曾	0	0		えそ				23	
鱝	⿰魚賁	0	0	フン	えい		ブン	u	24	
鱞	⿰魚睘	0	0	カン コン	やもめ や.む やもお				24	
鱟	⿱𦥯魚	0	0	コウ グ ヨク オク	かぶとがに		アク ボウ モ	u	24	
鱣	⿰魚亶	0	0	タン セン テン	こい		ゼン ダン	u	24	
鱩	⿰魚雷	0	0		はたはた				24	
鱪	⿰魚暑	0	0		しいら		しびら	u	24	
鱜	⿰魚鄉	0	0	キョウ					24	⿰魚⿲乡皀阝
鱫	⿰魚愛	0	0	アイ	むつ				24	
鱨	⿰魚嘗	0	0	ショウ	ぎぎ		ジョウ	u	25	
鱮	⿰魚與	0	0	ショ ヨ	たなご		ジョ かます	u	25	
鱰	⿰魚署	0	0		しいら		しびら	u	25	
鱲	⿰魚巤	0	0	リョウ	からすみ				26	
鱵	⿰魚箴	0	0	シン	さより				26	
鱷	⿰魚噩	0	0	ガク	わに				27	
鱻	⿱魚䲆	0	0	セン	あたらしい すく.ない				33	⿱魚⿰魚魚
鳦	⿰鳥𠃉	0	0	イツ イチ アツ エチ	つばめ				12	⿰鳥乙
鳲	⿰尸鳥	0	0	シ	よぶこどり				14	
鳷	⿰支鳥	0	0	シ キ					15	
鳹	⿰今鳥	0	0	ケン キン カン コン	ついば.む		ゲン ゴン	u	15	
鴋	⿰方鳥	0	0	ホウ	みぞごいさぎ		ボウ	u	15	
鴂	⿰夬鳥	0	0	ケツ ケチ ケイ ケ	さざき		ゲキ ケキ もず	u	15	
鴑	⿱奴鳥	0	0	ド ヌ			ジョ	u	16	
鴗	⿰立鳥	0	0	リュウ	かわせみ				16	
鴘	⿰弁鳥	0	0	ヘン ホン	わかたか		ハン	u	16	
鴜	⿱此鳥	0	0	シ	ははどり				16	
鴝	⿰句鳥	0	0	ク	ははつちょう		グ コウ	u	16	
鴞	⿰号鳥	0	0	ヨウ キョウ	ふくろう				16	
鴯	⿰而鳥	0	0	ジ ニ					17	
鴰	⿰舌鳥	0	0	カツ カチ ケチ	まなづる				17	
鴲	⿰旨鳥	0	0	シ	しめ				17	
鴳	⿰安鳥	0	0	アン エン	うずら				17	
鴴	⿰行鳥	0	0	コウ ギョウ	すずめ ちどり				17	
鴺	⿰夷鳥	0	0	テイ ダイ イ					17	
鴼	⿰鳥各	0	0	ロ	さぎ				17	
鵅	⿰各鳥	0	0	ラク カク キャク					17	
鴽	⿱如鳥	0	0	ジョ ニョ	うずら				17	
鵂	⿰休鳥	0	0	キュウ ク	みみずく		グ	u	17	
鵃	⿰舟鳥	0	0	チュウ チュ			ショウ トウ チョウ	u	17	
鵇	⿰年鳥	0	0		とき				17	
鵊	⿰夾鳥	0	0	コウ キョウ	ほととぎす		ギョウ	u	18	
鵓	⿰孛鳥	0	0	ホツ ボチ			ボツ	u	18	
鵔	⿰鳥夋	0	0	シュン					18	
鵟	⿱狂鳥	0	0	キョウ ゴウ	よたか		のすり	u	18	
鵣	⿰束鳥	0	0	ライ			テイ つぐみ う	u	18	
鵢	⿰身鳥	0	0	シン					18	
鵥	⿱判鳥	0	0		かけす		かしどり	u	18	
鵩	⿰服鳥	0	0	フク	みみずく		ブク	u	19	
鵪	⿰奄鳥	0	0	アン オン	うずら		オウ ヨウ	u	19	
鵫	⿰卓鳥	0	0	トウ チョウ タク	きじ やまどり		ジョク	u	19	
鵰	⿰周鳥	0	0	チョウ	きざ.む わし ほ.る				19	⿰⿵⺆⿱𰀁口鳥
鵶	⿰亞鳥	0	0	ア	からす				19	
鵷	⿰宛鳥	0	0	エン オン					19	
鵻	⿰鳥隹	0	0	スイ シュン	こばと				19	
鵼	⿰空鳥	0	0	コウ ク	ぬえ				19	
鵾	⿰昆鳥	0	0	ウン コン	とうまる しゃも				19	
鶃	⿰鳥兒	0	0	ゲキ			ガク ゲイ	u	19	
鶄	⿰靑鳥	0	0	セイ ショウ	ごいさぎ				19	
鶆	⿰來鳥	0	0	ライ					19	
鶊	⿰庚鳥	0	0	コウ キョウ					19	
鶍	⿰易鳥	0	0		いすか				19	
鶎	⿰宗鳥	0	0	キクイ	きくいただき				19	
鶒	⿰勅鳥	0	0	セキ シャク チョク シャ	おしどり				20	
鶓	⿰苗鳥	0	0	ビョウ ミョウ					20	
鶕	⿰音鳥	0	0	アン	ふなしうずら				20	
鶖	⿱秋鳥	0	0	シュウ シュ	う				20	
鶗	⿺是鳥	0	0	テイ ダイ シ	ほととぎす		ジ	u	20	
鶘	⿰胡鳥	0	0	コ ゴ					20	
鶡	⿰曷鳥	0	0	カツ ガチ フン カイ	やまどり		カク つる	u	20	
鶪	⿰狊鳥	0	0	ケキ キャク	もず		ゲキ	u	20	
鶬	⿰倉鳥	0	0	ソウ ショウ	まなづる		ひばり	u	21	
鶮	⿰高鳥	0	0	コク カク	つる		ゴク	u	21	
鶱	⿱𡨄鳥	0	0	ケン コン	とぶ				21	
鶵	⿰芻鳥	0	0	スウ ス ジュ	ひな ひよこ		シュ	u	21	
鶹	⿰⿱卯田鳥	0	0	リュウ ル	みみずく				21	⿰留鳥
鶼	⿰兼鳥	0	0	ケン カン	ついば.む				21	
鶿	⿱茲鳥	0	0	シ	う		ジ	u	21	⿱兹鳥
鷃	⿰晏鳥	0	0	アン エン	うずら		エ ふなしうずら	u	21	
鷇	⿰⿱⿳士冖一鳥殳	0	0	コウ ク カク コク	ひな		コ	u	21	⿹𣪊鳥
鷉	⿰虒鳥	0	0	テイ					21	
鷊	⿰鬲鳥	0	0	ゲキ ギャク					21	⿰⿱𠮛⿵冈丅鳥
鷔	⿱敖鳥	0	0	ゴウ ギュウ グ	とびうお				22	
鷕	⿱唯鳥	0	0	ヨウ イ ユイ	な.く		キョウ ギョウ	u	22	
鷖	⿱殹鳥	0	0	エイ	かもめ				22	
鷗	⿰區鳥	9	0	オウ	かもめ		オ ク イウ ウ	u	22	
鷚	⿰翏鳥	0	0	リュウ ル ボウ ム	ひばり		ビュウ キュウ リョウ	u	22	
鷞	⿰爽鳥	0	0	ソウ ショウ	たか				22	
鷟	⿱族鳥	0	0	サク	おおとり		ザク	u	22	
鷠	⿰魚鳥	0	0	ギョ ゴ					22	
鷥	⿱絲鳥	0	0	シ	しらさぎ				23	
鷧	⿰壹鳥	0	0	イ エイ	う				23	
鷩	⿱敝鳥	0	0	ヘツ ヘチ ヘイ ヒ					23	
鷫	⿰肅鳥	0	0	シュク スク					23	
鷮	⿰喬鳥	0	0	キョウ	おおやまどり		ギョウ	u	23	
鷰	⿳廿⿴北口鳥	0	0	エン	つばめ つばくら つばくろ				23	
鷳	⿰閒鳥	0	0	カン ケン	とび しらきじ		ゲン	u	23	
鷴	⿰閑鳥	0	0	カン ゲン	とび しらきじ				23	
鷾	⿰意鳥	0	0	イ					24	
鸊	⿰辟鳥	0	0	ヘキ ヒャク ハク ヒ	こばと				24	
鸂	⿰溪鳥	0	0	ケイ	おしどり				24	
鸇	⿰亶鳥	0	0	セン ケン	はやぶさ				24	
鸎	⿱賏鳥	0	0	ヨウ オウ			うぐいす	u	25	
鸐	⿰翟鳥	0	0	テキ ジャク タク	やまどり		ジョク	u	25	
鸑	⿱獄鳥	0	0	ガク					25	
鸒	⿱與鳥	0	0	ヨ					25	
鸕	⿰盧鳥	0	0	ロ	かしら あたま		リョ う	u	27	
鸖	⿰霍鳥	0	0	カク	つる				27	
鸙	⿰龠鳥	0	0	ヤク	ひばり				28	
鸜	⿰瞿鳥	0	0	ク	ははつちょう		グ ケン ゲン	u	29	
鸝	⿰麗鳥	0	0	リ レイ ライ					30	
鹺	⿰鹵差	0	0	サ シ	しお		ザ ジ	u	21	
鹻	⿰鹵兼	0	0	カン ケン	しおけ				21	
鹼	⿰鹵僉	0	0	ケン カン セン	あ.く		ゲン	u	24	
麀	⿸鹿匕	0	0	ユウ ユ	めじか				13	⿸鹿𠤎
麂	⿱鹿几	0	0	キ					13	
麃	⿸鹿灬	0	0	ホウ ビョウ	おおしか		ヒョウ	u	15	
麄	⿱分鹿	0	0	ソ	はな.れる あら.い				15	
麅	⿱鹿包	0	0	ホウ ビョウ	おおしか				16	⿱鹿⿹勹巳
麇	⿸鹿禾	0	0	キン クン	のろ		コン グン	u	16	
麎	⿸鹿辰	0	0	シン シ			ジン めすのなれしか	u	17	
麏	⿸鹿君	0	0	キン クン			くじか	u	18	
麖	⿸鹿京	0	0	ケイ キョウ	おおしか				19	
麘	⿸鹿香	0	0	キョウ コウ					20	
麛	⿸鹿弭	0	0	ベイ マイ			メイ かのこ	u	20	
麞	⿱鹿章	0	0	ショウ	のろ		くじか	u	22	
麤	⿱鹿⿰鹿鹿	0	0	ソ	はな.れる あら.い		ゾ あらぬの あらまし おおきい	u	33	⿱鹿𱋁
麨	⿺麥少	0	0	ショウ	むぎこがし				15	
麬	⿰麥皮	0	0	フ	ふすま				16	
麮	⿰麥去	0	0	キョ コ	むぎがゆ				16	
麯	⿺麥曲	0	0	キク	こうじ				17	
麰	⿺麥牟	0	0	ボウ ム			おおむぎ	u	17	
麳	⿰麥來	0	0	ライ リョク リキ リ	こむぎ むぎ				19	
麴	⿺麥匊	0	0	キク	こうじ		コク さけ	u	19	
麵	⿺麥面	0	0	メン ベン	むぎこ				20	
黆	⿰黃冘	0	0	コウ	たけし				16	⿰黄冘
黈	⿰黃主	0	0	トウ ツ	きいろ				17	⿰黄主
黋	⿺光黃	0	0	コウ					18	
黕	⿰黑冘	0	0	タン トン チン	あか				16	
黟	⿰黑多	0	0	エイ イ	こくたん		アイ	u	18	
黤	⿰黑奄	0	0	エン アン オン	あおぐろい				20	
黧	⿱𥝢黑	0	0	レイ ライ リ	くろ.い		きぐろ まだら	u	20	
黬	⿰黑咸	0	0	カン ケン アン エン	くろ.い なべずみ		ガン オン	u	21	
黭	⿰黑弇	0	0	エン アン オン	あおぐろい		イン	u	21	
黮	⿰黑甚	0	0	タン ドン チン ジン	くろ.い		トン デン セン ゼン	u	22	
黰	⿰黑眞	0	0	シン アン エン	くろかみ				22	⿰黑真
黱	⿰月⿱𠔉黑	0	0	タイ ダイ チン ジン	まゆずみ				22	⿰⿵⺆⺀⿱𠔉黑 ⿸𰮤黑
黲	⿰黑參	0	0	サン	うすあおぐろい				23	
黵	⿰黑詹	0	0	タン セン	は.がれる				25	
黸	⿰黑盧	0	0	ロ ル	くろ.い				28	
黿	⿱元黽	0	0	ゲン ガン	あおうみがめ				17	
鼂	⿱旦黽	0	0	チョウ ジョウ	うみがめ		あさ あした	u	18	
鼃	⿱圭黽	0	0	ワイ カイ	か.える				19	
鼉	⿱⿱㽞一黽	0	0	タ タン セン	わに		ダ ダン ゼン	u	25	
鼏	⿱冖鼎	0	0	ベキ ミャク ケイ					15	
鼐	⿱乃鼎	0	0	ダイ ナイ ドウ ノウ	かなえ		おおがなえ	u	15	
鼑	⿱⺊鼎	0	0	テイ	かなえ				15	
鼒	⿱才鼎	0	0	シ	かなえ		サイ	u	16	
鼔	⿰壴攴	0	0	コ ク	つづみ		うつ つづみうつ	u	13	
鼖	⿱卉鼓	0	0	フン	つつみうつ				19	
鼗	⿱兆鼓	0	0	トウ	ふりつづみ		ドウ	u	19	
鼙	⿱鼓卑	0	0	ヘイ バイ	つつ.み		ベイ うまのりつづみ せめつづみ	u	21	⿱鼓⿱⿱㇒⿻日丿十
鼚	⿱鼓長	0	0	チョウ					21	
鼛	⿱鼓咎	0	0	コウ	おおつづみ				21	
鼟	⿱鼓登	0	0	トウ					25	
鼢	⿰鼠分	0	0	フン	もぐらもち		ブン	u	17	
鼦	⿺鼠召	0	0	チョウ	てん				18	
鼪	⿺鼠生	0	0	セイ ショウ ソウ	いたち				18	
鼫	⿺鼠石	0	0	セキ ジャク	むささび				18	
鼯	⿺鼠吾	0	0	ゴ	むささび		グ	u	20	
鼱	⿰鼠靑	0	0	セイ ショウ					21	
鼲	⿰鼠軍	0	0	コン			ゴン	u	22	
鼴	⿺鼠匽	0	0	エン オン	もぐら				22	
鼷	⿺鼠奚	0	0	ケイ	はつかねずみ		ゲイ	u	23	
鼹	⿺鼠晏	0	0	エン オン	もぐら				23	
鼺	⿰鼠畾	0	0	ルイ	むささび				28	
鼼	⿰鼻丩	0	0	キュウ ク キョウ	かぎばな		ギョウ	u	16	⿰⿱自畀丩
鼽	⿰鼻九	0	0	グ キュウ	つ.まる				16	⿰⿱自畀九
鼿	⿰鼻兀	0	0	ゴツ ゴチ カイ	あおむきばな		ケ	u	17	⿰⿱自畀兀
齁	⿰鼻句	0	0	コウ ク コ	かぎばな				19	⿰⿱自畀句
齃	⿰鼻曷	0	0	カツ カチ アツ アチ	ねいき				23	⿰⿱自畀曷
齄	⿰鼻査	0	0	シャ サ	はなのわき				23	⿰⿱自畀査 ⿰鼻查
齅	⿰鼻臭	0	0	キュウ	か.ぐ		ク	u	24	⿰⿱自畀臭
齆	⿰鼻邕	0	0	オウ オ ヨウ	はなづまり				24	⿰⿱自畀邕
齇	⿰鼻虘	0	0	サ シャ	あかばな				24	⿰⿱自畀虘
齓	⿰齒乚	0	0	シン ソン トン	かけば				16	
齕	⿰齒乞	0	0	コツ ゴチ ケツ	か.む		ゲチ キ かじる	u	18	
齖	⿰齒牙	0	0	ガ ゲ					19	
齗	⿰齒斤	0	0	キン	はぐき		ギン ゴン ガン ゲン	u	19	
齘	⿰齒介	0	0	カイ			ケ	u	19	
齚	⿰齒乍	0	0	サク ジャク サ ジャ	か.む				20	
齝	⿰齒台	0	0	チ シ	にれ.がむ にげ.かむ				20	
齞	⿰齒只	0	0	ゲン					20	
齨	⿰齒臼	0	0	キュウ グ	うすば				21	
齩	⿰齒交	0	0	コウ ゴウ	か.む か.じる		ギョウ	u	21	
齭	⿰齒所	0	0	ショ ソ	いた.む				23	
齮	⿰齒奇	0	0	キ	か.む		ギ	u	23	
齯	⿰齒兒	0	0	ゲイ ジ ニ					23	
齰	⿰齒昔	0	0	サク ジャク サ ジャ	か.む				23	
齱	⿰齒取	0	0	サク ソク セク シュク	せま.る		ジュ ジュク シュウ ソウ	u	23	⿰齒⿸耳又
齳	⿰齒軍	0	0	グン					24	
齵	⿰齒禺	0	0	ゴウ グ					24	
齺	⿰齒芻	0	0	シュウ シュ サク ザク					25	
齽	⿰齒禁	0	0	キン コン	まがりば		ゴン	u	28	
龏	⿱龍廾	0	0	キョウ ク アク	つつし.む のぼ.る ともしびおおい				19	
龐	⿸广龍	0	0	ホウ ロウ ル	たかどの		ボウ リョウ みだれる みちる	u	19	
龑	⿱龍天	0	0	エン ゲン					20	
龒	⿱龍示	0	0	リュウ リョウ ロウ	た.つ				21	
龔	⿱龍共	0	0	キョウ ク ヨウ ユ	そな.える		つつしむ	u	22	
龖	⿰龍龍	0	0	トウ ソウ	おそ.れる		ドウ	u	32	
龗	⿱霝龍	0	0	レイ リョウ	かみ よし				33	
龞	⿱敝龜	0	0	ベツ ヘツ	すっぽん				28	
龡	⿰龠欠	0	0	スイ	ふく ふきな.らす				21	
龢	⿰龠禾	0	0	ワ オ カ	やわ.らぐ やわ.らげる なご.む なご.やか				22	
龣	⿰龠彔	0	0	カク ロク					25	
龥	⿰龠頁	0	0	ヤク ユ	よ.ぶ				26	
𠀋	⿺丈丶	0	0	ジョウ セイ			たけ	u	4	
𠂉	⿰㇒一	0	0				イチ イツ	p:一	2	
𠂢	⿸𠂆⿱㇒𰀠	0	0	ハ ハイ			ヘ	u	6	
𠂤	⿱丿㠯	0	0	タイ			テ	u	6	
𠆢		0	0						2	
𠈓	⿰亻両	0	0	リョウ					8	
𠌫	⿰亻畢	0	0				ヒツ	u	13	
𠍱	⿰亻集	0	0				シュウ	u	14	
𠎁	⿰亻黑	0	0				コク	p:黑	14	
𠏹	⿰亻⿱覀国	0	0		ほとけ				16	
𠑊	⿰亻厳	0	0				ゲン	u	19	
𠔉	⿱八夫	0	0				ケン	u	6	
𠗖	⿰冫谷	0	0				にご	u	9	
𠘨	⿰丿⺄	0	0				シュ ジュ	u	2	
𠝏	⿰㑒刀	0	0				ケン つるぎ	u	10	
𠠇	⿰𠨣刂	0	0				タク トク トウ ツ	u	16	
𠠺	⿺元力	0	0				コウ ちから つよし	u	6	
𠢹	⿰廣力	0	0				カク キャク	u	17	
𠥼	⿶十十	0	0				とと	u	4	
𠦝	⿱十早	0	0				ソウ サッ	p:早	8	⿴⿱十十日
𠫓	⿱亠厶	0	0				トツ トチ うむ	u	3	⿻厶一
𠬝	⿸卩又	0	0				フク ブク	u	5	
𠮟	⿰口七	8	0	シツ シチ カ	しか.る				5	
𠵅	⿰口花	0	0				カ	u	11	⿰口⿱艹⿰亻𠤎
𠷡	⿱百合	0	0				ゆり	u	12	
𠹤	⿰口恚	0	0				イ	u	13	
𠹭	⿰口哥	0	0				ころろほるむ	u	13	
𠺕	⿰口留	0	0				ル	u	13	
𠽟	⿰口𤼭	0	0				ずき つき づき	u	14	
𡈁	⿴囗皇	0	0				くに	u	12	
𡈽	⿺土丶	0	0				ド ト つち	u	4	
𡉕	⿰土丸	0	0				くろ	u	6	
𡉴	⿰土戶	0	0				コ	u	7	
𡉻	⿰土卆	0	0				サイ スイ そね	u	7	
𡋗	⿰土会	0	0				くれ	u	9	
𡋤	⿰土尽	0	0				まま	u	9	
𡋽	⿰土赤	0	0		はけ ばけ				10	
𡌛	⿱𤰖土	0	0				ヤ ショ の しもやしき	u	10	⿱⿰田又土
𡌶	⿰土並	0	0				はが	u	11	
𡍄	⿰土居	0	0				イ	u	11	
𡏄	⿱祖土	0	0				ソ	u	13	⿱⿰示且土
𡑭	⿰土會	0	0				くれ	u	16	
𡑮	⿰土塞	0	0				ソク	u	16	
𡗗	⿻三人	0	0				ジン ニン	p:人	5	
𡙇	⿰垂夬	0	0				ケツ	u	12	
𡚴	⿱山女	0	0				あけん	u	6	
𡜆	⿰女⿱刀巴	0	0				ケツ つや	u	9	⿰女色
𡝂	⿰女壯	0	0				ショウ	u	10	
𡢽	⿰女雷	0	0				おんななるかみ	u	16	
𡧃	⿱宀亍	0	0				ウ	u	6	⿱⿵宀一丁
𡱖	⿸尸朱	0	0		つび くぼ				9	
𡴭	⿰山乙	0	0				アツ エチ	u	4	
𡵅	⿱山川	0	0				ほき	u	6	
𡵢	⿱山友	0	0				なぎ	u	7	
𡵸	⿰山尺	0	0				エキ	u	7	
𡶒	⿰山弗	0	0				フツ	u	8	
𡶜	⿰山斥	0	0				ガン キン きし	u	8	
𡶡	⿰山半	0	0				さこ ざこ	u	8	
𡶷	⿱山舛	0	0				ブ セン	p:舛	9	
𡷠	⿱山投	0	0				トウ ズ	u	10	
𡸳	⿰山尭	0	0				ギョウ たかし	u	11	⿰山堯
𡸴	⿰山㑒	0	0				ケン けわしい	u	11	
𡼞	⿱山都	0	0				セイ	u	15	
𡽶	⿰山鼻	0	0				はな	u	17	
𡿺	⿱巛囟	0	0				ドウ ノウ	u	9	
𢅻	⿰巾雙	0	0				ソウ	u	21	
𢈘	⿸广⿻コ④	0	0	ロク	しか か				9	
𢌞	⿺廴囘	0	0				カイ まわる	u	8	
𢎭	⿰弓巾	0	0				キン コン	u	6	
𢛳	⿱⿳十罒一心	0	0				トク	u	12	
𢡛	⿱満心	0	0				マン もだえる	u	16	
𢢫	⿱椿心	0	0				ことぶき たまつばき	u	17	⿰忄椿
𢦏	⿶戈十	0	0				サイ	u	6	
𢪸	⿱夗手	0	0				ワン	u	9	
𢭆	⿰扌秀	0	0				チュウ チュ シュク すかす	u	11	
𢭏	⿰扌寿	0	0				トウ つく	u	11	
𢭐	⿰扌労	0	0				ロウ	u	11	
𢮦	⿰扌㑒	0	0				ケン くくる さぐる しらべる	u	12	
𢰝	⿰扌茂	0	0				もて	u	13	
𢰤	⿰扌竒	0	0				キ カ イ ひく	u	13	
𢷡	⿰扌𭫒	0	0				ちゃく	u	18	
𣆶	⿺免日	0	0				バン	u	11	
𣇃	⿱龹旧	0	0				ショウ つく	u	11	
𣇄	⿱日折	0	0				セツ セイ あきらか	u	11	
𣇵	⿱日明	0	0				さやけし	u	12	
𣍲	⿰月⿱五女	0	0				さおとめ そうとめ	u	11	
𣏐	⿰木夕	0	0				シャク	u	7	
𣏒	⿰木丸	0	0				くるみ	u	7	
𣏓	⿰木亐	0	0				オ こて	u	7	
𣏕	⿰木𣎳	0	0				ハイ ビ ミ バイ	u	8	⿰木⿻十儿
𣏚	⿰木氏	0	0				シ ジ	u	8	
𣏟	⿰𣎳𣎳	0	0				ハイ ヘ あさ	u	8	⿰⿻十⿰丿丨⿻十儿
𣏤	⿰木父	0	0				と	u	8	
𣑊	⿰木在	0	0				やまぶき	u	10	
𣑋	⿰木守	0	0				ついくし	u	10	
𣑑	⿰木字	0	0				する	u	10	
𣑥	⿰木𦒱	0	0				コウ たえ たく	u	10	
𣓤	⿰木尭	0	0				ドウ ギョウ トウ かじ	u	12	
𣕚	⿰木茂	0	0				もて	u	13	
𣖔	⿰木厚	0	0				ホウ	u	13	
𣗄	⿰木荒	0	0				たらのき	u	14	
𣘸	⿰木黒	0	0				コク べんと	u	15	
𣘹	⿰木寅	0	0				イン	p:寅	15	
𣘺	⿰木⿳𠂉⿴⿰丨丨𠄠冋	0	0				キョウ ギョウ コウ はし	u	15	
𣙇	⿱堆木	0	0				つぐ	u	15	
𣜌	⿰木鼠	0	0				くろべ	u	17	
𣜜	⿰木萬	0	0				とち	u	17	
𣜿	⿰木葉	0	0				ゆすりは ゆずりは いずりは ゆずり	u	17	
𣝣	⿳木罒𡬠	0	0				シャク ジャク	u	18	⿱⿱木⺫𡬠
𣝤	⿰木⿱山進	0	0				サイ	u	18	
𣟧	⿰木遺	0	0				ひし	u	20	
𣟿	⿰木薬	0	0				ナギ	u	21	
𣠤	⿰木観	0	0				カン	u	22	
𣠽	⿰木覇	0	0	ハ ヘ	つか				23	
𣪘	⿰皀殳	0	0				キ	v:簋	11	
𣱿	⿰氵入	0	0				ぬか	u	6	
𣳾	⿱龹氺	0	0				タイ やすい おおきい	u	10	⿱龹⿴⿰⿱丶㇀⿱㇒丶亅
𣴀	⿰氵刕	0	0				す	u	10	⿰水刕
𣴎	⿱𦍌水	0	0				ショウ ジョウ セイ ソウ	u	10	
𣵀	⿰氵𭥐	0	0				デツ	u	11	
𣷓	⿰氵和	0	0				なぎ	u	12	
𣷹	⿰氵⿱夭水	0	0				テン そう そえる そえ	u	12	
𣷺	⿰氵⿱羽又	0	0				そま	u	12	
𣽾	⿰氵⿱立見	0	0				いと	u	16	
𤂖	⿰氵影	0	0				コウ	u	19	
𤄃	⿰氵闊	0	0				カツ ひろい ひろ ひろし	u	21	
𤇆	⿰火囙	0	0				エン かま	u	9	
𤇾	⿱炏冖	0	0				ベキ	p:冖	10	
𤎼	⿱就火	0	0				にぎ	u	16	
𤘩	⿱双牛	0	0				ぐし	u	8	
𤚥	⿰牟含	0	0				バン	u	13	
𤟱	⿰犭复	0	0				タジヒ ワ	u	14	
𤢖	⿰犭喿	0	0				ショウ	u	18	
𤩍	⿰琴夫	0	0				つまごと	u	17	
𤭖	⿺瓦镸	0	0				チョウ みか	u	12	
𤭯	⿺瓦泉	0	0				はんぞう	u	14	
𤰖	⿰田又	0	0				セ うね	u	7	
𤴔	⿱乛止	0	0				ショ ソ カ ゲ	u	5	
𤸎	⿸疒曷	0	0				エツ カツ カチ エチ	u	14	
𤸷	⿸疒帬	0	0				クン ガン グン しびれる	u	15	
𤹪	⿸疒區	0	0				ク グ くぐせ	u	16	
𤺋	⿸疒軫	0	0				シン	u	17	
𥁊	⿱友皿	0	0				ハチ ハ はち	u	9	
𥁕	⿱囚皿	0	0				オン	u	10	
𥄢	⿰目木	0	0				もく	u	9	
𥆩	⿰目児	0	0				ゲイ にらむ	u	12	
𥇍	⿰目卓	0	0				タク チョク	u	13	
𥇥	⿰目㑒	0	0				ケン まぶた	u	13	
𥈞	⿰目⿱艹両	0	0				マン だます	u	14	
𥉌	⿰目荅	0	0				トウ	u	15	
𥐮	⿰石尺	0	0				じゃく	u	9	
𥒎	⿰石㦮	0	0				セン ゼン かけ	u	11	
𥓙	⿱林石	0	0				うす	u	13	
𥔎	⿰石竒	0	0				さき	u	14	
𥖧	⿰石𩾕	0	0				はし	u	18	⿲石匕鳥
𥝱	⿰禾予	0	0				シ ジョ	u	9	
𥞩	⿰禾并	0	0				カ ワ	u	11	
𥞴	⿰禾告	0	0				コク	u	12	
𥧄	⿱穴⿻日电	0	0				ソウ かま かまど	u	14	⿱⿱宀儿⿻昌乚
𥧔	⿱穴氣	0	0				ヒ	u	15	⿱⿱宀儿氣
𥫣	⿱竹与	0	0				ヨ そうけ	u	9	⿱𥫗与
𥫤	⿱竹弓	0	0				ヤ	u	9	⿱𥫗弓
𥫱	⿱竹屯	0	0				トン ドン	u	10	⿱𥫗屯
𥮲	⿱竹長	0	0				チョウ おさ	u	14	⿱𥫗長
𥱋	⿱竹鿄	0	0				リョウ やな	u	16	⿱𥫗鿄
𥱤	⿱竹修	0	0				いざき いざさ	u	16	⿱𥫗修
𥶡	⿱竹輪	0	0				たが	u	21	⿱𥫗輪
𥸮	⿱土米	0	0				ソウ くわ	u	9	
𥹖	⿰米皮	0	0				ハ	u	11	
𥹢	⿱米耳	0	0				ブン	u	12	
𥹥	⿰米当	0	0				あめ	u	12	
𥻂	⿰米柬	0	0				ラン	u	15	
𥻘	⿰粦巛	0	0				リン すはま	u	15	
𥻨	⿰米索	0	0				サク シャク ひめ	u	16	
𥼣	⿰米無	0	0				しいな	u	18	
𥽜	⿰米慮	0	0				はぜ	u	21	
𥿔	⿰糸⿱土乂	0	0				ひきづな	u	11	
𥿠	⿰糸布	0	0				かたびら	u	11	
𥿻	⿰糹旨	0	0				シ きぬ	u	12	
𦀌	⿰糹如	0	0				のみ	u	12	
𦀗	⿰糸赤	0	0				ショク	u	13	
𦁠	⿰糸明	0	0				あき	u	14	
𦃭	⿰糸島	0	0				しま	u	16	
𦉰	⿵冂䒑	0	0				ボウ モウ あみがしら あみ	u	6	
𦊆	⿱罒止	0	0				コウ おか	u	10	
𦍌	⿱䒑土	0	0				ジン	u	6	
𦐂	⿰羽戈	0	0				ヨク	u	10	
𦙾	⿰月圣	0	0				ケイ すね はぎ	u	12	
𦚰	⿰月刕	0	0				キョウ わき	u	13	
𦜝	⿰月斉	0	0				へそ	u	15	
𦣝	⿷匚⿰丨⿳𠃑一丨	0	0				イ アイ	u	7	
𦣪	⿰臣𬐚	0	0				エン しお	u	16	
𦥑	⿰③彐	0	0				キョク コク キク キョ	u	6	
𦥯	⿶⿱𦥑冖爻	0	0				コウ ギョウ	p:爻	12	
𦧝	⿰舌延	0	0				テン	u	13	
𦨞	⿰舟元	0	0				かわら	u	10	
𦩘	⿰舟定	0	0				たぎし	u	14	
𦪌	⿰舟寄	0	0				よりあい	u	17	
𦪷	⿰舟墨	0	0				ボク モク	u	21	
𦫿	⿱艹又	0	0				ガイ おさめる かる もぐさ	u	8	
𦰩	⿱艹⿻口夫	0	0				フ フウ	p:夫	13	⿱艹⿻𠮡人
𦱳	⿱䒑⿶凵𢆶	0	0				シ しげる	u	14	⿱艹⿶凵𢆶
𦳝	⿱艹昜	0	0				チョウ ヨウ トウ ドウ	u	15	
𦹀	⿱艹細	0	0				くご くごい	u	17	
𦹥	⿱艹⿰阝長	0	0				イン かげ	u	17	
𦾔	⿱萑旧	0	0				キュウ	u	19	
𦿶	⿱艹彅	0	0				なぎ	u	20	⿱艹⿰弓⿱前刀
𦿷	⿱艹⿰犭亀	0	0				おぎ はぎ	u	20	
𦿸	⿱艹蜑	0	0				タン	u	19	
𧃴	⿱艹縮	0	0				つづら	u	23	
𧄍	⿱艹翹	0	0				ギョウ キョウ	u	24	
𧄹	⿱艹識	0	0				ショク シキ	u	25	
𧏚	⿰⿱⿳士冖一虫殳	0	0				コク	u	16	⿹𣪊虫
𧏛	⿱討虫	0	0				きさ	u	16	
𧏾	⿱匿虫	0	0				ジョク ニキ	u	17	
𧐐	⿰虫責	0	0				セキ サク シャク	u	17	
𧑉	⿱自䖵	0	0				フ	u	18	
𧘔	⿰衤下	0	0				しも	u	9	
𧘕	⿰衤上	0	0				かみ	u	9	
𧘱	⿰衤比	0	0				ふき	u	10	
𧚄	⿰衤我	0	0				ガ	u	13	
𧚓	⿰衤帋	0	0				かみこ	u	13	
𧜎	⿰衤挙	0	0				たすき	u	16	
𧜣	⿰衤鳥	0	0				チョウ	u	17	
𧝒	⿰衤黄	0	0				コウ オウ	u	18	⿰衤黃
𧦅	⿰言区	0	0				オウ ウ ク うたう	u	11	
𧪄	⿰言信	0	0				キ	u	16	
𧮳	⿰谷甘	0	0				カン	u	12	
𧮾	⿰⿱爫夫谷	0	0				ケイ たにがわ たに	u	15	
𧯇	⿰谷竜	0	0				ロウ ながたに	u	17	
𧲸	⿰豸占	0	0				テン	u	12	
𧶠	⿳士四貝	0	0				イク	u	15	
𧸐	⿰貝貳	0	0				ジ	u	19	
𧾷	⿱口止	0	0				ソク あし	u	7	
𨂊	⿰𧾷周	0	0				はす	u	15	
𨂻	⿰𧾷⿱爫旧	0	0				トウ ふむ	u	16	⿰𧾷𱬹
𨉷	⿰身容	0	0				ヨウ	u	17	
𨊂	⿰身黑	0	0				ジョウ ニョウ	u	19	
𨋳	⿰車因	0	0				とこ	u	13	
𨏍	⿰車榮	0	0				いえづと	u	21	
𨐌	⿱立⿻二丨	0	0				シン	u	8	⿱立𰀁
𨑕	⿺辶口	0	0				はさ	u	6	
𨕫	⿺辶神	0	0				しめ	u	13	
𨗈	⿺辶景	0	0				おもい	u	15	⿺辶⿱日京
𨗉	⿺辶䆥	0	0				スイ ふかい ふかし	u	15	⿺⻍⿱穴豕
𨛗	⿰邑阝	0	0				むら	u	14	
𨛺	⿰其阝	0	0				キ	u	15	
𨥆	⿰金久	0	0				なた	u	11	
𨥉	⿰金山	0	0				もじきり	u	11	
𨥫	⿱卯金	0	0				リュウ	u	13	
𨦇	⿰金夹	0	0				キョウ はさみ	u	14	
𨦈	⿰金曲	0	0				なた	u	14	
𨦺	⿰金邑	0	0				かま	u	15	
𨦻	⿰金男	0	0				なた	u	15	
𨨞	⿰金斧	0	0				おの	u	16	
𨨩	⿰金忠	0	0				チュウ ただ ただし	u	16	
𨩃	⿰金春	0	0				シュン はる	u	17	
𨩱	⿰金彥	0	0				なら	u	17	⿰釒彦
𨪙	⿰金将	0	0				ソウ ショウ	u	18	
𨫍	⿰金恵	0	0				ケイ セイ エイ エ	u	18	
𨫝	⿰金𮥶	0	0				カン かね	u	19	
𨫤	⿰金通	0	0		ひ				19	
𨯁	⿰金樋	0	0				ヒ	u	23	
𨯯	⿰金遺	0	0				やり	u	24	
𨴐	⿵門先	0	0				シン	u	14	
𨵱	⿵門屋	0	0				かずき	u	17	
𨷻	⿵門䜌	0	0				ラン	u	27	
𨸟	⿰阝区	0	0				ク	u	12	
𨸶	⿰阝平	0	0				なる	u	13	
𨺉	⿰阝采	0	0		さい		ザイ さえ	u	16	
𨻫	⿰阝竜	0	0				ロウ おか うね	u	18	
𨼲	⿰阝𬝑	0	0				イン オン かげ かくれる	u	21	
𨿸	⿰⿱爫夫隹	0	0				ケ ケイ にわとり とり	u	16	
𩊠	⿰革光	0	0				ぬめかわ	u	15	
𩊱	⿰革每	0	0				しころ	u	16	
𩒐	⿰至頁	0	0				シ	u	15	
𩗏	⿱覀風	0	0				ならい	u	15	
𩙿	⿱⿵𠆢一？	0	0				ショク くう しょくへん	u	9	
𩛰	⿱求食	0	0				あさる	u	16	
𩜙	⿰飠尭	0	0				ジョウ ニョウ ゆたか おおい	u	17	
𩝐	⿰飠兹	0	0				ジ	u	18	
𩣆	⿰馬羊	0	0				ばち	u	16	
𩩲	⿰骨曷	0	0				カツ ガチ ケツ ケチ	u	19	
𩷛	⿰魚角	0	0				こち	u	18	
𩸕	⿰魚長	0	0				はも かます	u	19	
𩸽	⿰魚花	0	0				ほっけ	u	19	⿰魚⿱艹⿰亻𠤎 ⿰魚花
𩹉	⿰魚飛	0	0				ヒ とびうお ぼら	u	20	
𩺊	⿰魚荒	0	0				あら	u	21	
𩻄	⿰魚𬑔	0	0				カン	u	22	⿰魚⿱⺫𧰨
𩻛	⿰魚朁	0	0	シン	めいただき		ジン	u	23	
𩻩	⿰魚歮	0	0				まぐろ	u	23	
𩿎	⿰予鳥	0	0				ア	u	15	
𪀚	⿰鳥戎	0	0				シュウ シュ	u	17	
𪀯	⿰光鳥	0	0				うそ	u	17	
𪂂	⿰𠦝鳥	0	0				カン	u	19	
𪃹	⿱即鳥	0	0		じない		セキ	u	20	
𪆐	⿰集鳥	0	0				とり	u	23	
𪎌	⿺麦来	0	0				こむぎ	u	18	⿺⻨来
𪐷	⿰黑玄	0	0				くろい くろ	u	17	
𪗱	⿰歯且	0	0				そ	u	21	
𪘂	⿱𭃌歯	0	0				ゲツ ゲッ かじる かむ	u	22	⿱㓞歯
𪘚	⿰歯吾	0	0				ご	u	23	⿰齒吾
𪚲	⿰月亀	0	0				わき	u	21	
㐂	⿱七⿰七七	0	0				キ よろこぶ	u	6	
㐆	⿸⿸𠂆𫜹𠃌	0	0				エイ	p:𠂆	6	
㐬	⿱𠫓𫶧	0	0				リュウ ル コウ トツ	u	7	⿱亠𠫝
㐮	⿳六𠀎𧘇	0	0				ジョウ ショウ ソウ	u	13	
㑨	⿰亻⿱口矢	0	0				また	u	10	
㑪	⿰亻斉	0	0				サイ ザイ セイ	u	10	
㒒	⿰亻業	0	0				ボク しもべ	u	15	
㒵	⿱白八	0	0		かお		ボウ	u	7	
㒼	⿱廿⿻巾𠓜	0	0				バン マン ベン メン	u	11	⿱廿⿻丨⿵冂𠓜
㓁	⿱冖儿	0	0				ボウ モウ あみがしら あみ	u	4	
㓇	⿰冫夭	0	0				ヨク	u	6	
㓛	⿰工刀	0	0				コウ ク	u	5	
㔟	⿱𭺳力	0	0				セイ いきおい	u	10	⿱⿰生丸力
㕝	⿱古又	0	0				シ	u	8	
㕞	⿰𡰯又	0	0				セツ セチ	u	9	
㕣	⿱八口	0	0				エン	u	5	
㕮	⿰口父	0	0				フ かむ	u	7	
㖦	⿰口東	0	0				トウ ツ	u	11	
㖨	⿰口录	0	0				ロク	u	11	⿰口彔
㗅	⿰口胡	0	0				コ ゴ	u	12	
㗚	⿰口栗	0	0				リツ リチ	u	13	
㗴	⿰口間	0	0				ガン ゲン	u	15	⿰口閒
㘅	⿰口銜	0	0				カン	u	17	
㙊	⿰土長	0	0				チョウ ジョウ	u	11	
㚑	⿱⿻コ一大	0	0				レイ リョウ みたま たま	u	6	⿱⺕大
㚖	⿱白大	0	0				コウ タク セキ シャク	u	8	
㚙	⿱加大	0	0				カ	u	8	
㛏	⿰女求	0	0				キュウ グ	u	10	
㝡	⿱宀取	0	0				サイ	u	11	
㝢	⿱宀禹	0	0				ウ のき	u	12	
㝫	⿱宀隆	0	0				リュウ	u	14	
㝬	⿰害夫	0	0				コ	u	14	⿰⿳宀⿻㇒𰀁口夫
㝵	⿱旦寸	0	0				ガイ トク	u	8	
㞍	⿸尸丸	0	0				コウ しり	u	6	
㟁	⿰山厈	0	0				ガン きし	u	8	
㟢	⿱山奇	0	0				さき	u	11	
㟨	⿰山耑	0	0				タン	u	12	
㟴	⿰山鬼	0	0				カイ ケ イ	u	13	
㟽	⿰山票	0	0				ヒョウ	u	14	
㠀	⿱鳥山	0	0				トウ しま	u	14	
㠯	⿰丨⿱？？	0	0				イ	u	5	
㠶	⿰巾凢	0	0				ハン ボン ほ	u	6	
㡀	⿻八⿻巾八	0	0				ヘイ ベイ ヘツ ヘチ	u	8	⿻丨⿱八⿵冂八
㡜	⿰巾祭	0	0				セツ セイ セチ	u	14	
㡡	⿰巾厨	0	0				チュウ チュ ジュ とばり	u	15	
㣺	⿰小丶	0	0				シン こころ	u	5	⿰忄丶
㤗	⿱𡗗㣺	0	0				タイ やす	u	9	
㤚	⿰忄行	0	0				コウ ゴウ よろこぶ	u	10	
㥯	⿱𤔌心	0	0				イン オン	u	14	
㩮	⿰扌擧	0	0				ケン コン	u	21	
㩳	⿰扌雙	0	0				ショウ シュ ソウ とる	u	22	
㫖	⿱上日	0	0				シ むね	u	7	
㫗	⿱日子	0	0				コウ	u	7	⿱曰子
㫪	⿱𡗗旧	0	0				ショウ	u	10	
㬎	⿱日𢇁	0	0				キン ゴン ゴウ ケン	u	14	
㬚	⿲日育攵	0	0				テツ テチ	u	16	⿰日𰕎
㬜	⿱臸日	0	0				シン すすむ	u	16	
㬢	⿰日義	0	0				ギ	u	17	
㭭	⿰木別	0	0				ハツ ハチ ハイ ヘ	u	11	
㭷	⿰木男	0	0				おうこ	u	11	
㮇	⿰木忝	0	0				テン	u	12	
㮈	⿰木奈	0	0				ナ	u	12	
㮍	⿱前木	0	0				サン セン	u	13	⿱⿱䒑⿰⿵冂⺀刂木
㮤	⿱容木	0	0				ショウ	u	14	
㮶	⿰木朔	0	0				サク	u	14	
㯃	⿰木桼	0	0				シツ シチ	u	15	
㯍	⿰木將	0	0				ショウ	u	15	
㯰	⿰木置	0	0				チ	u	17	
㰏	⿰木篙	0	0				コウ	u	20	
㰦	⿰去欠	0	0				キョ コ カ あくび	u	9	
㳃	⿰氵卆	0	0				サイ	u	8	
㳒	⿰氵厺	0	0				ホウ のり	u	9	
㴑	⿰氵㡿	0	0				ソ さかのぼる	u	13	
㴞	⿰氵⿱爫旧	0	0				トウ ドウ はびこる	u	13	⿰氵𱬹
㵤	⿰氵翜	0	0				ソウ	u	17	
㶚	⿰氵覇	0	0	ハ バ					23	
㷀	⿱炏卂	0	0				ケイ	u	11	
㷔	⿰火⿱爫旧	0	0				エン	u	13	⿰火𱬹
㸅	⿰火節	0	0				ショク セツ セチ ソキ	u	18	⿰火⿱𥫗卽
㸿	⿰牛売	0	0				トク ドク こうし	u	11	⿰牜売 ⿰牜壳
㹠	⿰犭屯	0	0		トン		ドン	u	9	
㹦	⿰犭召	0	0				チョウ	u	10	
㹨	⿰犭由	0	0				ユウ	u	10	
㺃	⿰犭苟	0	0				コウ	u	14	
㺔	⿰犭爲	0	0				キ カイ	u	17	
㽗	⿰田人	0	0				セ うね	u	7	
㽲	⿸疒丂	0	0				キュウ ク	u	7	
㽵	⿸疒土	0	0				ソウ ショウ	u	8	
㽷	⿸疒水	0	0				スイ	u	9	
㾮	⿸疒皇	0	0				コウ オウ	u	14	
㿉	⿸疒貴	0	0				タイ デ	u	17	
㿗	⿸疒頹	0	0				タイ デ	u	21	
䀹	⿰目夾	0	0				ショウ コウ ソウ ゴウ	u	12	
䁘	⿰目䍃	0	0				ヨウ	u	15	
䂓	⿰矢見	0	0				キ	u	12	
䄅	⿱𠔉示	0	0				ケン まつり	u	11	⿱龹示
䅈	⿱龹禾	0	0				イン	u	11	
䅏	⿰禾尾	0	0				ビ ミ	u	12	
䅣	⿰禾皇	0	0				コウ オウ ギョウ	u	14	
䆴	⿱穴亀	0	0				ソウ かま かまど	u	16	⿱⿱宀儿亀
䆿	⿱穴⿰爿臬	0	0				ゲイ	u	19	⿱⿱宀儿⿰爿臬
䇦	⿱竹央	0	0				オウ ヨウ エイ はな	u	11	⿱𥫗央
䇮	⿱竹任	0	0				ジン ニン	u	12	⿱𥫗任
䇳	⿱竹㦮	0	0				セン かきもの	u	12	⿱𥫗㦮
䈇	⿱竹卓	0	0				トウ タク	u	14	⿱𥫗卓
䈎	⿱竹枼	0	0				ヨウ チョウ ジョウ は	u	15	⿱𥫗枼
䉤	⿱竹数	0	0				ソウ シュ ス やぶ	u	19	⿱𥫗数
䋆	⿰糸戶	0	0				かせ	u	10	⿰糸戸 ⿰糸户
䋖	⿰糸聿	0	0				イツ イチ	u	12	
䋝	⿰糸⿱𭕄女	0	0				エイ ヨウ	u	12	⿰糸𰋷
䌂	⿰糸屋	0	0				オウ オ ゆる	u	15	
䌫	⿰糸覧	0	0				ラン ともづな	u	22	
䍃	⿱⿴𠂊⺀缶	0	0				ユウ ユ ヨウ	u	10	⿱𱼀缶 ⿱⺤缶
䏮	⿰月⿱力⿱丷八	0	0				キョウ コウ	u	13	⿰月⿱力⿰⿱丶㇀⿱㇒丶
䏰	⿰月忍	0	0				ジン ニン ジュン ニュン	u	14	
䐈	⿰月直	0	0				ショク シキ チョク チキ	u	15	
䐗	⿰月者	0	0				チョ	u	16	⿰月⿻者丶
䐜	⿰月真	0	0				シン シ	u	17	⿰月眞
䐢	⿰月芻	0	0				シュウ シュ ソウ ス	u	17	
䑓	⿱⿱⿵卄𠄠冖至	0	0				ダイ うてな	u	13	
䑛	⿰舌氐	0	0				シ ジ	u	11	
䑶	⿰舟靑	0	0				セン	u	14	
䑺	⿰舟風	0	0				ハン	u	15	
䒑	⿱丷一	0	0				ソウ	u	6	
䒳	⿱艹朶	0	0				タ	u	12	⿱艹朵
䒾	⿱艹衣	0	0				イ	u	12	
䓔	⿱艹孝	0	0				こも	u	13	
䔈	⿱艹貢	0	0				コウ ク	u	16	
䔍	⿱艹馬	0	0				バ たつ つた	u	16	
䔥	⿱艹粛	0	0				シュク ショウ よもぎ	u	17	
䕃	⿱艹隂	0	0				イン かげ	u	18	
䖝	⿱丿⿷虫丿	0	0				チュウ むし	u	7	
䖸	⿱我虫	0	0				ガ	u	13	
䗥	⿰虫從	0	0				ショウ シュ ソウ ス	u	17	
䗪	⿸庶虫	0	0				シャ	u	17	
䘏	⿰血阝	0	0				ジュツ	u	9	
䙁	⿰衤戔	0	0				セン サン ザン	u	14	
䙥	⿰衤零	0	0				レイ	u	19	
䚡	⿰角思	0	0				サイ セ シ	u	16	
䚯	⿰言刂	0	0				ケン	u	9	
䜌	⿲糸言糸	0	0				レン ラン	u	19	
䝤	⿰豸尞	0	0				ロウ トウ チョウ リョウ	u	19	
䟽	⿰𧾷㐬	0	0				ショ ソ ス とおる	u	14	
䠖	⿰𧾷咨	0	0				シ	u	16	
䡄	⿰車几	0	0				キ	u	9	
䡎	⿰車戶	0	0				ロ ル	u	11	⿰車戸 ⿰車户
䢵	⿰云阝	0	0				ウン	u	11	
䦰	⿵門亀	0	0				キュウ キ くじ	u	19	
䧧	⿰阝義	0	0				ギ	u	21	
䧺	⿰右隹	0	0				ユウ おす	u	13	
䨄	⿰酓隹	0	0				アン オン	u	19	
䨩	⿱雨神	0	0				レイ	u	18	⿱雨⿰示申
䪼	⿰出頁	0	0				セツ セチ コツ クチ	u	14	
䬻	⿰𩙿㦮	0	0				セン はなむけ	u	15	
䯂	⿱驫木	0	0				シン シュウ ジュウ	u	34	
䯊	⿰骨可	0	0				カ ケ	u	15	
䯒	⿰骨行	0	0				コウ ギョウ	u	16	
䯨	⿱高大	0	0				コウ	u	13	
䰗	⿵鬥⿱𠂊黾	0	0				キュウ ク	u	20	⿵鬥亀 ⿵鬥⿱⺈黾
䰠	⿺鬼申	0	0				シン ジン	u	16	
䳄	⿰此鳥	0	0				シ	u	16	
䳑	⿰有鳥	0	0				ユウ イク イウ ウ	u	17	
䴇	⿰零鳥	0	0				レイ リョウ	u	24	
䵷	⿰圭黽	0	0				ワイ エ カイ カ	u	19	
丏	⿱丅⿰𠃊𠃌	0	0	ベン メン	みえぬ				4	
丩	⿰𠄌丨	0	0	キュウ	まつわる		ク キョウ ギョウ	u	2	
丬	⿰冫丨	0	0				ショウ ゾウ しょうへん	u	4	
么	⿱丿厶	0	0	エウ			ヨウ	u	3	
亻	⿱㇒丨	0	0				イ にんべん	u	2	
亼	⿱人一	0	0	シュウ ジュウ	あつまる				3	⿱𠆢一
仈	⿰亻八	0	0	ハツ ハチ					4	
仫	⿰亻么	0	0				ムー	u	5	
佤	⿰亻瓦	0	0				ワ	u	6	
俦	⿰亻寿	0	0				チュウ ともがら	u	9	
俱	⿰亻具	9	0	ク	ともに		グ	u	10	⿰亻⿱⿴𠀃三八
倂	⿰亻幷	0	0	ヘイ	あわせる ならぶ しかし				10	
傈	⿰亻栗	0	0	リツ リチ					12	
傕	⿰亻隺	0	0	カク					12	
傣	⿰亻泰	0	0				タイ	u	12	
傱	⿰亻從	0	0	ショウ シュ ソウ	はやいさま				13	
傻	⿰亻𡕩	0	0	サ			セ	u	13	
僙	⿰亻黄	0	0	コウ	たけだけしいさま				14	⿰亻黃
僡	⿰亻惠	0	0				ケイ	u	14	
僳	⿰亻粟	0	0				ス	u	14	
兠	⿱⿴北白儿	0	0				トウ かぶと	u	12	⿱北皃
关	⿱丷天	0	0				ショウ わらう えむ わらい	u	6	⿱䒑大
养	⿳䒑夫⿰丿丨	0	0				ビ うつくしい	u	9	⿳𦍌八⿰丿丨
凃	⿰冫余	0	0				ト チョ トウ トオ	u	9	
凊	⿰冫青	0	0	セイ	さむ.い すず.しい		ショウ	u	10	
剝	⿰彔刂	8	0	ハク ホク	へ.ぐ へず.る む.く む.ける		さく はがれる はぐ はげる	u	10	
剬	⿰耑刂	0	0	タン セン セイ	たつ さばく				11	
劄	⿰答刂	0	0	サツ トウ	さす かぎ かま				14	
勊	⿺克力	0	0				コク	u	9	
勐	⿰孟力	0	0	バウ			ボウ	u	10	
勻	⿹勹二	0	0	イン	すくない ひとしい		キン ととのう	u	4	
匇	⿹勹夕	0	0				ソウ いそがしい あわただしい あわてる	u	5	
匤	⿷匚玉	0	0	キャク コク	はこ		キョク キョウ コウ ただす	u	7	
卧	⿰臣卜	0	0				ガ ふす	u	8	
卺	⿱丞㔾	0	0	キン	さかずき				8	
卽	⿰皀卩	10	0	ソク ショク	つ.く すなわ.ち もし		シキ	u	9	
叴	⿱九口	0	0				キュウ グ	u	5	
吒	⿰口乇	0	0	タ			しかる	u	6	
吞	⿱天口	9	0	ドン トン テン	のむ				7	
吤	⿰口介	0	0	カイ ケ カ	こえ				7	
呕	⿰口区	0	0				オウ うたう	u	7	
呬	⿰口四	0	0	キ チ レイ リョウ	いき いこう		レ イ	u	8	
咊	⿰口禾	0	0	ワ			カ やわらぐ	u	8	
咠	⿱口耳	0	0	シュウ ユウ	ささやく そしる				9	
哃	⿰口同	0	0	トウ ズ			ドウ そらごと	u	9	
哱	⿰口孛	0	0	ホツ ホチ ハイ ヘ	こえ みだれる				10	
哳	⿰口折	0	0	タツ テチ					10	
啽	⿰口弇	0	0	ガン ゴン	いびき とじる				12	
嗝	⿰口鬲	0	0	カク キャク	しゃくり				13	
嘇	⿰口參	0	0				サン ものもう	u	14	
嘨	⿰口粛	0	0	ショウ シツ シュウ	うそぶく もぐぶく		シュク シチ	u	15	
噇	⿰口童	0	0	トウ	たべる		ジョウ	u	15	
噓	⿰口虛	0	0	キョ	ふく うそ		コ	u	14	
噶	⿰口葛	0	0	カツ カチ			ガ	u	16	
嚲	⿰享單	0	0	タ			たれる	u	20	
圡	⿷土丶	0	0				ド ト つち	u	4	
埗	⿰土步	0	0				プ	u	10	
埻	⿰土享	0	0	シュン タ ダ タイ	まと のり あずち		テ カク コウ ジュク	u	11	
墋	⿰土參	0	0	シン	つち すなじ にごる				14	
增	⿰土曾	10	0	ゾウ ソウ	ます ふえる ふやす				15	
墪	⿱敦土	0	0				トン	u	15	
壃	⿰土畺	0	0				キョウ さかい	u	16	
壠	⿰土龍	0	0	ロウ			リョウ うね	u	19	
壴	⿱十豆	0	0	シュ チュ	たてる				9	⿳士口䒑
复	⿳𠂉日夂	0	0				フク ブク	u	9	⿱𭥍夊 ⿱𭥍夂
夽	⿱大云	0	0				グン	u	7	
姸	⿰女幵	0	0	ケン ゲン	うつくしい				8	
娗	⿰女廷	0	0	テイ ジョウ テン	すらりとしてみめよい				10	
媄	⿰女美	0	0	ビ ミ	みめよい				12	
嫰	⿰女欶	0	0				ドン わかい	u	14	
寎	⿱宀⿰爿丙	0	0	ヘイ ケイ	おびえる おそわれる ねいる		ヒョウ キョウ	u	12	⿸𪧇丙
寬	⿱宀萈	10	0	カン	ひろい ゆるやか くつろぐ		ひろし	u	15	⿱宀⿱艹⿷見丶
尃	⿱甫寸	0	0	フ ホ	しく あまねし もと はらう				10	
尒	⿱人小	0	0	ジ ニ	しかり わける なんじ ちかい		ちかづく	u	5	⿱𠆢小
屛	⿸尸幷	0	0	ヘイ ビョウ	しりぞく おおう		しりぞける	u	11	
屟	⿸尸枼	0	0	テイ タイ セフ			ショウ	u	12	
岧	⿱山召	0	0	テウ デウ			チョウ ジョウ たかい	u	8	
岭	⿰山令	0	0	レイ			リョウ	u	8	
峐	⿰山亥	0	0	カイ キ					9	
崐	⿰山昆	0	0	コン					11	
崝	⿰山青	0	0	ソウ	けわ.しい		ジョウ	u	11	
崠	⿰山東	0	0	トウ ツ					11	
嵇	⿰禾⿱尤山	0	0	ケイ ゲイ					12	⿸𮂱山
嵓	⿱山品	0	0	ガン			いわ	u	12	
嶗	⿰山勞	0	0				ロウ	u	15	
嶤	⿱山堯	0	0				ギョウ けわしい	u	15	
巑	⿰山贊	0	0	サン ザン					22	
巗	⿰山嚴	0	0				ゲン ガン	u	22	
巢	⿱巛果	10	0	ソウ	す す.くう		ジョウ	u	11	
幷	⿰⿱丿干⿱丿干	0	0	ヘイ ヒョウ	あわせる ならぶ		ならびに	u	6	
庹	⿸广⿱廿尺	0	0				タ ダ タク	u	11	
廙	⿸广異	0	0	ヨク ヨキ イ	てんまく つつしむ ひさし		イキ	u	15	
廹	⿺廴白	0	0				ハク ヒャク せまる	u	8	
廽	⿺廴囬	0	0	カイ エ	まわす まわる かえる めぐる				10	
开	⿱一廾	0	0				カイ ひらく	u	4	
弞	⿰弓欠	0	0				シン イン	u	7	
徵	⿲彳⿳山一王攵	10	0	チョウ チ	しるし めす				16	⿰彳𢽠
德	⿰彳𢛳	10	0	トク	おしえ		チ	u	16	
怢	⿰忄失	0	0				トツ トチ テツ テチ	u	9	
惮	⿰忄单	0	0				タ タン はばかり はばかる	u	12	⿰忄単
愺	⿰忄草	0	0				ソウ	u	14	
懵	⿰忄瞢	0	0				ボウ おろか くらい	u	20	
戾	⿸户犬	0	0	レイ ライ	もどす もとる いたる		リ レツ レチ もどる	u	8	⿸戶犬
扡	⿰扌也	0	0				デ タイ イ タ	u	7	
扻	⿰扌欠	0	0				シツ シチ	u	8	
抅	⿰扌勾	0	0				コウ かかわる	u	8	
抙	⿰扌手	0	0				ホウ	u	8	
挲	⿱沙手	0	0				サ シャ	u	11	
挻	⿰扌延	0	0				セン テン エン こねる	u	11	
捙	⿰扌車	0	0				エイ	u	11	
揫	⿱秋手	0	0				シュウ シュ ジュ	u	13	
揭	⿰扌曷	10	0	ケイ ケツ	かかげる		コチ ケチ ゲチ ゴチ	u	13	
揷	⿰扌𢆍	0	0	ソウ	さす にない とる				13	⿰扌⿻千臼 ⿰扌臿
摹	⿱莫手	0	0				ボ モ うつす かた	u	15	
攲	⿰奇支	0	0	キ	かたむ.く そばだ.てる そばだ.つ				12	
敄	⿰矛攵	0	0				ム ブ ボウ	u	9	
斄	⿸𠩺來	0	0				リ タイ レイ ライ	u	19	
斵	⿰⿱⿰③刀亞斤	0	0				タク きる	u	17	
斸	⿰屬斤	0	0				ショク ソク サク	u	25	
旼	⿰日文	0	0				ビン ミン	u	8	
昺	⿱日丙	0	0				ヘイ ホウ	u	9	
晈	⿰日交	0	0				キョウ コウ しろい	u	10	
晚	⿰日免	10	0	バン	くれ おそい		マン	u	11	⿰日⿱⺈⿸⿻口丿乚
晣	⿰日折	0	0				セイ セツ あきらか	u	11	
晥	⿰日完	0	0				カン ゲン ガン	u	11	
晭	⿰日周	0	0				シュウ	u	12	⿰日⿵⺆⿱𰀁口
曆	⿸厤日	10	0	レキ リャク	こよみ				16	
朁	⿱兓日	0	0				サン セン ゼン ソン	u	12	⿱兓曰
朒	⿰月肉	0	0	ニク ジク					10	
杍	⿰木子	0	0				シ リ	u	7	
枒	⿰木牙	0	0				ヤ ガ	u	8	
柛	⿰木申	0	0				シン	u	9	
柼	⿰木穴	0	0				オウ ヨウ	u	9	
栁	⿰木夘	0	0				リュウ やなぎ	u	9	
栐	⿰木永	0	0				エイ ヨウ	u	9	
栘	⿰木多	0	0				イ ザイ ゲイ セイ	u	10	
栾	⿱亦木	0	0				ラン ひじき	u	10	
桉	⿰木安	0	0				アン つくえ	u	10	
梐	⿰木坒	0	0				ヘイ ベイ こまよけ ひとや	u	11	
梙	⿰木串	0	0				カン	u	11	
梫	⿰木𠬶	0	0				シン	u	11	
梴	⿰木延	0	0				テン セン レン	u	11	
棃	⿱𥝢木	0	0				リ なし	u	12	
棤	⿰木昔	0	0				セキ シャク サク	u	12	
棷	⿰木取	0	0				サイ セ シュウ ソウ	u	12	⿰木⿸耳又
椃	⿰木虎	0	0				コウ	u	12	
椇	⿰木具	0	0				キョ ク	u	12	⿰木⿱⿴𠀃三八
楆	⿰木要	0	0				ヨウ	u	13	
榰	⿰木耆	0	0				シ ささえる	u	14	
槀	⿱高木	0	0				コウ かれる	u	14	
槏	⿰木兼	0	0				ケン タイ カネ かね	u	14	
槣	⿰木寄	0	0				キ	u	15	
槩	⿱既木	0	0				ガイ カイ とかき おおむね	u	14	⿱旣木
槪	⿰木旣	0	0	ガイ カイ	とかき おおむね おもむき		キ ケ コツ コチ	u	15	⿰木旣
槴	⿰木扈	0	0				コ ゴ	u	15	
槶	⿰木國	0	0				カイ ケ くるみ	u	15	
樳	⿰木尋	0	0				ジン	u	16	
橫	⿰木黃	10	0	オウ コウ	よこ よこたわる よこたえる		ギョウ	u	16	
橺	⿰木間	0	0				カン ゲン	u	16	
檔	⿰木當	0	0				トウ	u	17	
檡	⿰木睪	0	0				タク ジャク ダク エキ	u	17	
櫳	⿰木龍	0	0				ロウ ル おり	u	20	
欋	⿰木瞿	0	0				ク グ チュ くまで	u	22	
步	⿱止𣥂	10	0	ホ ブ フ	あるく あゆむ あゆみ				7	
歬	⿱止舟	0	0				ゼン すすむ	u	10	
歷	⿸厤止	10	0				レキ リャク へる	u	16	
歺	⿱⺊夕	0	0				ガツ	u	5	
殁	⿰歹殳	0	0	ボツ モチ	しぬ				8	
毇	⿰䊆殳	0	0				キ サク ソク	u	16	
毈	⿰卵段	0	0				ダン タン タ ダ	u	16	
每	⿱𠂉母	10	0	マイ バイ	つね		メ	u	7	
毗	⿰田比	0	0				ヒ ビ すたれる たすける	u	9	
氊	⿺毛亶	0	0				セン	u	17	
沄	⿰氵云	0	0				ウン コン ゴン	u	8	
沪	⿰氵戸	0	0				ロ リョ ル	u	8	⿰氵户
沭	⿰氵术	0	0				ジュツ シュツ イツ イチ	u	9	⿰氵朮
泭	⿰氵付	0	0				フ フウ ブ	u	9	
泻	⿰氵写	0	0				シャ かた そそぐ はく	u	9	
洀	⿰氵舟	0	0				シュウ シュ ハン	u	10	
洤	⿰氵全	0	0				セン	u	10	
洴	⿰氵并	0	0				ヘイ ホウ ビョウ	u	10	⿰氵幷
浘	⿰氵尾	0	0				ビ ミ	u	11	
浛	⿰氵含	0	0				カン ゴン	u	11	
浠	⿰氵希	0	0				キ ケ	u	11	
涀	⿰氵見	0	0				ケン ゲン ケイ ゲイ	u	11	
涁	⿰氵杉	0	0				シン	u	11	
涉	⿰氵步	10	0	ショウ	わたる かかわる		ジョウ チョウ	u	11	
涊	⿰氵忍	0	0				デン ジン ネン ニン	u	11	
涍	⿰氵孝	0	0				コウ キョウ	u	11	
涫	⿰氵官	0	0				カン	u	12	
涮	⿰氵刷	0	0				サン セン セツ セチ	u	12	
淂	⿰氵㝵	0	0				トク チョク チキ える	u	12	
淐	⿰氵昌	0	0				ショウ	u	12	
淚	⿰氵戾	10	0	ルイ レイ	なみだ		リツ リチ ライ レツ	u	12	
渗	⿰氵参	0	0	シン	しみる		ソン にじむ	u	12	
渴	⿰氵曷	10	0	カツ	かわ.く かわき		カチ ケツ ゲチ カイ	u	13	
湌	⿰氵食	0	0				サン ソン	u	13	
溫	⿰氵𥁕	10	0	オン ウン	あたたか あたためる		トウ ドウ あたたかい あたたまる	u	14	
溴	⿰氵臭	0	0				シュ シュウ	u	14	
滙	⿰氵龨	0	0				カイ ワイ めぐる	u	14	⿰氵⿷匚隹
漐	⿱執水	0	0				チュウ ジュウ	u	15	
漥	⿰氵窐	0	0				ワ くぼ	u	15	
漵	⿰氵敘	0	0				ジョ ショ	u	15	
潠	⿰氵巽	0	0				ソン セン	u	16	
澘	⿰氵𣈅	0	0				サン セン	u	16	
澾	⿰氵達	0	0				タツ タチ	u	17	
濉	⿰氵睢	0	0				スイ	u	17	
瀊	⿰氵盤	0	0				ハン バン	u	19	
瀨	⿰氵賴	10	0	ライ	せ				20	
瀺	⿰氵毚	0	0				サン ザン セン ゼン	u	21	
灇	⿰氵叢	0	0				ソウ	u	22	
灩	⿰氵豔	0	0	エン	なみ				32	
炟	⿰火旦	0	0				タツ タチ	u	9	
炻	⿰火石	0	0				セツ	u	9	
烬	⿰火尽	0	0	ジン					10	
焈	⿱戺火	0	0				キ	u	11	
焮	⿰火欣	0	0	キン			コン かがやく てらす やく	u	12	
煑	⿱者火	0	0	シャ ショ	にる にえる				13	⿱⿻者丶火
煓	⿰火耑	0	0				タン	u	13	
熖	⿰火舀	0	0				エン ほのお	u	14	
熮	⿰火翏	0	0				リュウ ル リョウ	u	15	
爕	⿱⿲火言火火	0	0				ショウ やわらげる	u	19	
牗	⿰片庸	0	0				ユウ ユ まど	u	15	
犰	⿰犭九	0	0				キュウ グ	u	7	
狀	⿰爿犬	10	0	ジョウ			ソウ かたち	u	9	
猳	⿰犭叚	0	0				カ ケ	u	14	
猹	⿰犭查	0	0				チャー	u	14	
玊	⿷王丶	0	0				シュク キュウ ショク ク	u	5	
玔	⿰王川	0	0				セン	u	8	
玨	⿰王王	0	0				カク	u	9	
琓	⿰王完	0	0				カン	u	12	
瑓	⿰王柬	0	0				レン	u	14	
璈	⿰王敖	0	0				ゴウ	u	16	
璗	⿱湯玉	0	0				トウ ドウ	u	17	
璥	⿰王敬	0	0				ケイ キョウ	u	18	
璺	⿱⿶⿱𦥑冖同玉	0	0				ブン モン キン	u	19	
瓖	⿰王襄	0	0				ショウ ソウ	u	22	
甁	⿰幷瓦	0	0	ヘイ ビン	かめ		ビョウ	u	13	
畬	⿱余田	0	0	ヨ	あらた		シャ	u	12	
畲	⿱佘田	0	0	ヨ シャ	あらた やきた				12	
疌	⿻⿱一⺕龰	0	0				ジョウ ニョウ チ ショウ	u	8	
疰	⿸疒主	0	0				シュ	u	10	
疷	⿸疒氐	0	0				チ テイ タイ	u	10	
痓	⿸疒至	0	0				シ	u	11	
痝	⿸疒尨	0	0				ボウ モウ	u	12	
瘘	⿸疒娄	0	0				ロウ こぶ	u	14	
瘨	⿸疒真	0	0				テン デン シン	u	15	⿸疒眞
皞	⿰白皋	0	0				コウ ゴウ	u	15	
皡	⿰白皐	0	0				コウ しろい	u	16	
皯	⿰皮干	0	0				カン	u	8	
皶	⿰查皮	0	0	サ					14	⿰査皮
睘	⿳罒𠮛𧘇	0	0				ケイ ギョウ セン ゼン	u	13	
睼	⿰目是	0	0				テイ タイ テン ダイ	u	14	
瞤	⿰目閏	0	0				シュン ジュン ニュン ゼン	u	17	
瞩	⿰目属	0	0				ショク	u	17	
砙	⿰石瓦	0	0				ゴ ゴウ	u	9	
砬	⿰石立	0	0				リュウ ロウ	u	10	
硏	⿰石幵	0	0	ケン	とぐ みがく		ゲン ギョウ ケイ	u	11	
硑	⿰石并	0	0				ヒョウ ホウ	u	11	
磹	⿰石覃	0	0				テン デン タン ドン	u	17	⿰石⿱覀早
磾	⿰石單	0	0				テイ タイ	u	17	
礛	⿰石監	0	0				カン ケン ラン	u	19	
礮	⿰石駮	0	0				ホウ ヒョウ おおづつ	u	21	
礰	⿰石歷	0	0				レキ リャク	u	21	
秌	⿰火禾	0	0				シュウ シュ あき とき	u	9	
种	⿰禾中	0	0	チュウ	おさない		ジュ	u	9	
窾	⿱穴款	0	0				カン コウ カ ク	u	17	⿱⿱宀儿款
竧	⿰立身	0	0				セイ ジョウ シン	u	13	
笒	⿱竹今	0	0				シン キン ゴン カン	u	10	⿱𥫗今
笻	⿱竹卭	0	0				キョウ つえ	u	11	⿱𥫗卭
筹	⿱竹寿	0	0				チョウ チュウ ジュ トウ	u	13	⿱𥫗寿
筿	⿱竹条	0	0	ショウ	しの				13	⿱𥫗条
篰	⿱竹部	0	0				ホウ ブ フ	u	17	⿱𥫗部
簞	⿱竹單	9	0	タン	はこ				18	⿱𥫗單
籅	⿱竹與	0	0				ヨ	u	20	⿱𥫗與
籗	⿱竹霍	0	0				タク	u	22	⿱𥫗霍
籯	⿱竹贏	0	0				エイ ヨウ	u	26	⿱𥫗贏
綠	⿰糸彔	10	0	リョク ロク	みどり				14	
緀	⿰糸妻	0	0				セイ サイ	u	14	
緖	⿰糸者	10	0	ショ チョ	お いとぐち		ジョ シャ	u	15	⿰糸⿻者丶 ⿰糸者
緣	⿰糸彖	10	0	エン	ふち へり よる		タン	u	15	
繵	⿰糸亶	0	0				テン デン タン ダン	u	19	
耂	⿻土㇒	0	0				おいかんむり	u	6	
聃	⿰耳冉	0	0				タン	u	11	⿰耳⿻冄丨
聻	⿱漸耳	0	0				ジ ニ セキ シャク	u	20	
肙	⿱口月	0	0				エン	u	10	
肤	⿰月夫	0	0				フ	u	11	
胅	⿰月失	0	0				テツ デチ	u	12	
胊	⿰月句	0	0	ク グ キョウ コク			コ キョク シュン ハク	u	12	
胦	⿰月央	0	0				オウ ヨウ	u	12	
胵	⿰月至	0	0				シ チ チツ チチ	u	13	
胻	⿰月行	0	0				ギョウ コウ ゴウ はぎ	u	13	
脍	⿰月会	0	0				す	u	13	
脽	⿰月隹	0	0				スイ シュウ シュ しり	u	15	
臁	⿰月廉	0	0				レン	u	20	⿰月⿸广⿻⿳一⺕八⿰亻亻
臖	⿱興月	0	0				キョウ コウ	u	23	
舄	⿱臼⿹勹灬	0	0	シャク サク セキ タク	かささぎ		くつ	u	12	
舼	⿰舟共	0	0				キョウ コウ グ こぶね	u	12	
艉	⿰舟尾	0	0				ビ	u	13	
艗	⿰舟益	0	0				ゲキ ギャク ふね へさき	u	16	
艹	⿻十丨	0	0				ソウ くさかんむり	u	6	⿻一⿰丨丨
芓	⿱艹子	0	0				シ ジ	u	9	
茌	⿱艹仕	0	0				シ ジ	u	11	
荢	⿱艹宇	0	0				ウ	u	12	
荣	⿱艹𣎾	0	0				エイ さかえる	u	12	⿱𫇦木
菡	⿱艹函	0	0				カン ゴン	u	14	⿱艹⿶凵⿻了⿰⿱丶㇀⿱㇒丶
菥	⿱艹析	0	0				セキ シャク シ	u	14	
萗	⿱艹宗	0	0				サク ソウ	u	14	
葟	⿱艹皇	0	0				コウ オウ はな	u	15	
蒗	⿱艹浪	0	0				ロウ	u	16	
蓎	⿱艹唐	0	0				トウ ドウ	u	16	
蔛	⿱艹斛	0	0				コク ゴク	u	17	
蔾	⿱艹棃	0	0				リ レイ ライ	u	18	⿳艹𥝢木
薰	⿱艹熏	10	0	クン	かおる かおりぐさ かおり				20	
藙	⿱艹毅	0	0				ギ ゲ	u	21	
藡	⿱艹適	0	0				テキ おぎ	u	21	
蘤	⿱艹𤾡	0	0				イ ハ バ カ	u	20	
蘹	⿱艹懷	0	0				カイ エ ウイ	u	25	
虛	⿸虍⑥	10	0	キョ コ	むなしい				12	
蚇	⿰虫尺	0	0				セキ シャク	u	10	
蚉	⿱文虫	0	0	ブン	か				10	
蚝	⿰虫毛	0	0				シ	u	10	
蛦	⿰虫夷	0	0				イ テイ ダイ	u	12	
蝑	⿰虫胥	0	0				ショ シャ	u	15	
蝼	⿰虫娄	0	0				ロウ ル	u	15	
蟥	⿰虫黄	0	0				コウ オウ	u	18	⿰虫黃
蟦	⿰虫賁	0	0				ヒ ビ ホン フン	u	18	
蟬	⿰虫單	9	0	セン ゼン	せみ		ダイ テイ つづく	u	18	
蟵	⿰虫厨	0	0				チュ かや	u	18	
衯	⿰衤分	0	0				フン	u	10	
袼	⿰衤各	0	0				ラク カク	u	12	
褷	⿰衤徙	0	0				シ	u	17	
覀	⿱一⿻口⿰丨丨	0	0				ア エ カ ケ	u	7	
訡	⿰言今	0	0				ギン うたう	u	11	
諐	⿱侃言	0	0				ケン あやまち	u	15	
謍	⿱𤇾言	0	0				エイ ヨウ オウ コウ	u	17	
譑	⿰言喬	0	0				キョウ	u	19	
譩	⿰言意	0	0				イ エ	u	20	
譿	⿰言慧	0	0				ケイ エ	u	22	
讝	⿰言嚴	0	0				セン ダン ネン	u	27	
賱	⿰貝軍	0	0				ウン	u	16	
賴	⿰束負	10	0	ライ	たのむ たよる たより		たのもしい	u	16	⿰束⿱刀貝
贎	⿰貝萬	0	0				バン ライ レイ たから	u	20	
踌	⿰𧾷寿	0	0				チュウ ためらう	u	14	
躘	⿰𧾷龍	0	0				リョウ リュ	u	23	
躶	⿰身果	0	0				ラ はだか	u	15	
輫	⿰車非	0	0				ハイ バイ ベ	u	15	
轊	⿰車彗	0	0				エイ	u	18	
辴	⿰單辰	0	0				チ チン チツ チチ	u	14	
郞	⿰良阝	10	0	ロウ	おとこ				14	
郲	⿰來阝	0	0				ライ レ	u	15	
鄕	⿲乡皀⻏	0	0	キョウ ゴウ	さと ふるさと さきに		むかう	u	17	
酆	⿰豐阝	0	0	フウ ホウ			フ	u	25	
釄	⿰酉靡	0	0				ビ	u	26	
鈗	⿰金允	0	0				イン エイ タイ	u	12	
鉖	⿰金冬	0	0				トウ ズ	u	13	
鋷	⿰金取	0	0				スイ	u	16	⿰釒⿸耳又
錄	⿰金彔	10	0	ロク リョ	しるす		リョク ロ	u	16	
鍊	⿰金柬	10	0	レン	ねる		カン ケン	u	17	
鍫	⿱秋金	0	0				シュウ ショウ すき	u	17	
鏱	⿰金章	0	0				ショウ あきら	u	19	
鏵	⿰金華	0	0				カ ゲ	u	20	
閆	⿵門三	0	0				エン	u	11	
阴	⿰阝月	0	0				イン	u	12	
隽	⿱隹乃	0	0				シュン セン すぐれる	u	10	
霔	⿱雨注	0	0				シュ	u	16	
霶	⿱雨滂	0	0				ホウ	u	21	
霻	⿱雨豊	0	0				フウ フ ホウ	u	21	
靇	⿱雨龍	0	0				ロウ ル レイ	u	24	
靍	⿱雨䳡	0	0				カク つる	u	27	
頄	⿰九頁	0	0				キュウ グ キ ギ	u	11	
颼	⿺風叟	0	0				シュウ シュ	u	19	
飇	⿺風猋	0	0	ヒョウ	つむじかぜ				21	
飋	⿺風瑟	0	0				シツ シチ	u	22	
飠	⿱人⿱丶⑤	0	0				しょくへん	u	8	
飰	⿰𩙿卞	0	0	ハン	くらう めし				13	
飱	⿰歹食	0	0				ソン	u	13	
馞	⿰香孛	0	0				ホツ ボチ	u	17	
馣	⿰香奄	0	0	アン エン オウ			オン	u	17	
駼	⿰馬余	0	0				ト ズ	u	17	
騊	⿰馬匋	0	0				トウ ドウ	u	18	
騚	⿰馬前	0	0				セン ゼン	u	19	⿰馬⿱䒑⿰⿵冂⺀刂
騱	⿰馬奚	0	0				ケイ	u	20	
驒	⿰馬單	0	0	タン ダン ダ	まだらうま		テン タ テイ タイ	u	22	
驘	⿱吂⿲月馬凡	0	0				ラ	u	23	⿱吂⿲月馬⿹㇈𠂇 ⿵𣎆馬
骷	⿰骨古	0	0	クウ			コ ク	u	15	
魲	⿰魚户	0	0	ロ					15	⿰魚戶
魶	⿰魚内	0	0				ドウ トウ	u	15	⿰魚內
鯮	⿰魚宗	0	0				ソウ	u	19	
鰝	⿰魚高	0	0				コウ ゴウ カク	u	21	
鱥	⿰魚歲	0	0				ケイ	u	24	
鱭	⿰魚齊	0	0				セイ シ	u	25	
鱺	⿰魚麗	0	0				レイ ライ リ	u	30	
鵒	⿰谷鳥	0	0				ヨク	u	18	
鵳	⿰肩鳥	0	0				ケン	u	19	
鶙	⿰帝鳥	0	0				テイ ダイ タイ	u	20	
鶽	⿰隼鳥	0	0				シュン	u	21	
鷀	⿰茲鳥	0	0				ジ	u	21	⿰兹鳥
鷣	⿰覃鳥	0	0				イン ヨウ	u	23	⿰⿱覀早鳥
鸍	⿰爾鳥	0	0				シ ビ ミ	u	25	
麽	⿸麻么	0	0				マ バ こまかい	u	15	⿸广⿱𣏟么
黃	⿱廿⿳一由八	10	0	コウ オウ	き		こ	u	12	
黑	⿱⑧灬	10	0	コク	くろい くろ				12	
欄	⿰木闌	10	0				ラン てすり	v:欄	21	欄
廊	⿸广郞	10	0				ロウ	v:廊	12	廊
朗	⿰良月	10	0	ロウ	ほが.らか				11	
虜	⿸虍⿱毌力	10	0	リョ	とりこ				12	
殺	⿰𣏂殳	0	0				サツ サイ セツ ころ.す	v:殺	11	殺
類	⿰类頁	10	0				ルイ たぐ.い	v:類	19	類
隆	⿰阝㚅	0	0				リュウ	v:隆	17	⿸⿰⻖⿱夂一生
﨏	⿰土谷	0	0				さこ	u	10	
塚	⿰土冢	0	0	チョウ	つか				13	塚
﨑	⿰山竒	0	0	キ	さき				12	
﨓	⿰木苻	0	0				たぶ	u	13	
﨔	⿰木挙	0	0				キョ コ けやき	u	14	
凞	⿱⿲冫臣巳灬	0	0	キ	やわらぐ				16	凞
猪	⿰犭者	9	0	チョ	いのしし い				13	
神	⿰示申	10	0	シン ジン	かみ こう たましい				10	
祥	⿰示羊	10	0	ショウ	さいわい				11	
福	⿰示畐	10	0	フク	さいわい ひもろぎ				14	
﨟	⿱艹𦝲	0	0				ロウ カツ	u	19	
蘒	⿱艹龝	0	0		はぎ				23	
﨡	⿰虫生	0	0				に	u	11	
諸	⿰言者	10	0	ショ	もろ これ				16	
﨤	⿺辶及	0	0				ヘン ハン ホン バン	u	7	
都	⿰者阝	10	0	ト ツ	みやこ				11	
侮	⿰亻每	10	0	ブ	あなど.る				9	⿰亻毎
僧	⿰亻曾	10	0	ソウ					14	⿰亻曽
免	⿳⺈𫩏儿	0	0	メン	まぬかれる				7	
勉	⿺免力	10	0	ベン					9	
勤	⿰堇力	10	0	キン ゴン	つと.まる つと.める				13	
卑	⿱丿𤰞	10	0	ヒ	いや.しむ いや.しい いや.しめる				8	
喝	⿰口曷	0	0	カツ					12	
嘆	⿰口⿱廿⿻口夫	10	0	タン	なげかわしい なげく				14	⿰口𦰩
器	⿳吅犬吅	10	0	キ	うつわ				16	⿴㗊犬
塀	⿰土屛	0	0	ヘイ					14	
墨	⿱黑土	10	0	ボク	すみ				15	
層	⿸尸曾	10	0	ソウ					15	
屮	⿻凵丨	0	0	ソウ テツ	め めばえ				3	
悔	⿰忄每	10	0	カイ	く.いる くや.しい く.やむ				10	
慨	⿰忄既	0	0	ガイ					14	
憎	⿰忄曾	10	0	ゾウ	にくい にくしみ にくむ にくらしい				15	
懲	⿱徵心	10	0	チョウ	こらしめる こらす こりる				19	
敏	⿰每攵	10	0	ビン					10	
既	⿰？旡	0	0	キ	すでに				12	
暑	⿱日者	10	0	ショ	あつい				13	
梅	⿰木每	10	0	バイ	うめ				15	
海	⿰氵每	10	0	カイ	うみ				10	
渚	⿰氵者	9	0	ショ	なぎさ				12	
漢	⿰氵⿱廿⿻口夫	10	0	カン					14	⿰氵𦰩
煮	⿱者灬	10	0	シャ	に.る に.える に.やす				12	
爫	⿱丿𭕄	0	0				つめかんむり	v:爫	4	⽖
琢	⿰王豖	9	0	タク	みがく				12	
碑	⿰石卑	10	0	ヒ	いしぶみ				13	
社	⿰示土	10	0	シャ	やしろ				8	
祉	⿰示止	10	0	ツ					9	
祈	⿰示斤	10	0	キ	いのる				9	
祐	⿰示右	9	0	ユウ	たすけ たすける				10	
祖	⿰示且	10	0	ソ					10	
祝	⿰示兄	10	0	シュウ シュク	いわう				10	
禍	⿰示咼	10	0	カ	まが わざわい				14	
禎	⿰示貞	9	0	テイ	さいわい				14	
穀	⿰𥞤殳	10	0	コク					15	⿹𣪊禾
突	⿱穴犬	10	0	トツ	つく				9	
節	⿱竹即	10	0	セチ セツ	ふし				15	⿱⺮卽
練	⿰糸柬	10	0	コウ レン	ね.る				15	
縉	⿰糸晋	0	0	シン					16	
繁	⿱敏糸	10	0	ハン					17	⿱敏糸
署	⿱罒者	10	0	ショ					14	
者	⿱⿸耂丶日	10	0	シャ	もの				9	
臭	⿱自犬	10	0	シュウ	くさ.い にお.い				10	
艹	⿻十丨	0	0	カン	あげまき あらがね くさかんむり				4	⿻一⿰丨丨
艹	⿰十十	0	0	ソウ	くさかんむり				4	⺾
著	⿱艹者	10	0	チョ	あらわす いちじるしい				12	
褐	⿰衤曷	0	0	カツ					14	
視	⿰示見	10	0	シ					12	
謁	⿰言曷	10	0	エツ					16	
謹	⿰言堇	10	0	キン	つつしむ				18	
賓	⿱⿱宀⿱一𣥂貝	10	0	ヒン					13	
贈	⿰貝曾	10	0	ソウ ゾウ	おく.る				19	
辶	⻌	0	0		しんにょう				3	
逸	⿺辶兔	10	0		しんにょう				12	
難	⿰⿱廿⿻口夫隹	10	0	ナン	かたい むずかしい				19	⿰𦰩隹
響	⿱鄕音	10	0	キョウ	ひび.く				22	
頻	⿰步頁	0	0	ヒン					16	
