丆	⿱一丿
专	⿱⿻一𠀁丶
业	⿱⿻⿰丨丨丷一
丛	⿱从一
东	⿻⿻一𠃋小
丝	⿱⿰？？一
丠	⿱北一
丢	⿱㇒去
严	⿱亚丿
丧	⿱⿻土丷？
丳	⿻吕⿰丿丨
临	⿲丨丨⿱⿱𠂉丶𫩏
丷	⿰丶㇒
为	⿽⿵力丶丶
丽	⿱一⿰⿵冂丶⿵冂丶
举	⿱兴𰀁
乆	
义	⿶乂丶
乊	⿱㇒丷
乌	㇯鸟丶
乐	⿻⿱㇒𠃋小
乒	⿱丘㇒
乓	⿱丘丶
乔	⿱夭⿰丿丨
乛	
习	⿹𠃌冫
乡	
乤	⿱下乙
乥	⿱乊乙
书	⿺⿻⿱𠃍𠃌丨丶
乧	⿱斗乙
乪	⿺乙田
乫	⿱加乙
乬	⿱巨乙
乭	⿱石乙
乮	⿱卯乙
乯	⿱乎乙
买	⿱乛头
乲	⿱次乙
乶	⿱甫乙
乷	⿱沙乙
乸	⿺也母
乺	⿱所乙
乻	⿱於乙
乼	⿱注乙
乽	⿱者乙
亁	⿰⿱十旱乞
亃	⿰粦乚
亄	⿰壹乚
亇	⿱⿰㇒乛亅
亏	⿱一丂
亐	⿱一𠀁
亓	⿱一丌
亚	⿱一业
亣	⿱丶丌
产	⿳亠丷厂
亩	⿱亠田
亪	⿱亦乁
亱	⿱亠但
亲	⿱立木
亴	⿳⿳亠口冖土九
亵	⿳亠执𧘇
亷	⿸产⿻⿱⺕八⿰丨丨
亸	⿰享单
亽	⿱𠆢丶
亾	⿺𠃊人
亿	⿰亻乙
仅	⿰亻又
仉	⿰亻几
仌	⿱人人
仑	⿱𠆢匕
仒	⿱𠆢⺀
仓	⿱𠆢㔾
仜	⿰亻工
仝	⿱𠆢工
仦	⿰亻小
仧	⿱上𠆢
仩	⿰亻上
仪	⿰亻义
们	⿰亻门
仴	⿰亻月
仸	⿰亻夭
仹	⿰亻丰
仺	⿱𠆢𰀄
仼	⿰亻王
伄	⿰亻弔
伅	⿰亻屯
伆	⿰亻勿
伇	⿰亻殳
伓	⿰亻不
伔	⿰亻冗
优	⿰亻尤
伛	⿰亻区
伞	⿱𠆢⿻丷十
伟	⿰亻韦
传	⿰亻专
伡	⿰亻车
伢	⿰亻牙
伣	⿰亻见
伤	⿰亻𱐩
伥	⿰亻长
伦	⿰亻仑
伧	⿰亻仓
伨	⿰亻匀
伩	⿰亻文
伪	⿰亻为
伫	⿰亻㝉
伬	⿰亻尺
伭	⿰亻玄
伲	⿰亻尼
伿	⿰亻只
佁	⿰亻台
佄	⿰亻甘
佅	⿰亻未
佊	⿰亻皮
佡	⿰亻仚
佢	⿰亻巨
佥	⿳⿵𠆢一𭕄一
佦	⿰亻石
佧	⿰亻卡
佨	⿰亻包
佫	⿰亻各
佭	⿰亻夅
佲	⿰亻名
佴	⿰亻耳
侀	⿰亻刑
侇	⿰亻夷
侕	⿰亻而
侜	⿰亻舟
侢	⿰亻再
侣	⿰亻吕
侤	⿰亻考
侥	⿰亻尧
侦	⿰亻贞
侧	⿰亻则
侨	⿰亻乔
侩	⿰亻会
侪	⿰亻齐
侬	⿰亻农
侰	⿰亻君
侱	⿰亻呈
侳	⿰亻坐
侴	⿱⿵𠆢一⿰丑刂
侸	⿰亻豆
侺	⿰亻岑
俇	⿰亻狂
俓	⿰亻巠
俕	⿰亻宋
俖	⿰亻否
俙	⿰亻希
俞	⿱⿵𠆢一⿰⺝刂
俧	⿰亻志
俨	⿰亻严
俩	⿰亻两
俪	⿰亻丽
俫	⿰亻来
俬	⿰亻私
俭	⿰亻佥
俴	⿰亻戔
俷	⿰亻肥
俹	⿰亻亞
俻	⿰亻备
倃	⿰亻咎
倈	⿰亻來
倕	⿰亻垂
倠	⿰亻隹
倯	⿰亻松
倱	⿰亻昆
倴	⿰亻奔
倷	⿰亻奈
倸	⿰亻采
债	⿰亻责
值	⿰亻直
倽	⿰亻舍
倾	⿰亻顷
倿	⿰亻妾
偄	⿰亻耎
偋	⿰亻屏
偍	⿰亻是
偔	⿰亻咢
偘	⿰亻品
偛	⿰亻臿
偝	⿰亻背
偞	⿰亻枼
偡	⿰亻甚
偤	⿰亻酋
偨	⿰亻柴
偩	⿰亻負
偫	⿰亻待
偮	⿰亻咠
偯	⿰亻哀
偳	⿰亻耑
偷	⿰亻俞
偹	⿲亻丨备
偺	⿰亻昝
偻	⿰亻娄
偼	⿰亻⿳⺊𫜹龰
偾	⿰亻贲
偿	⿰亻尝
傂	⿰亻虒
傇	⿰亻茸
傉	⿰亻⿸辰寸
傋	⿰亻冓
傌	⿰亻馬
傗	⿰亻畜
傝	⿰亻𦐇
傤	⿰亻载
傥	⿰亻党
傦	⿰亻骨
傧	⿰亻宾
储	⿰亻诸
傩	⿰亻难
傫	⿰亻累
傮	⿰亻曹
傶	⿰亻戚
傸	⿰亻爽
傼	⿰亻𦰩
傿	⿰亻焉
僁	⿰亻悉
僆	⿰亻連
僈	⿰亻曼
僋	⿰亻貪
僒	⿰亻窘
僗	⿰亻勞
僛	⿰亻欺
僠	⿰亻番
僪	⿰亻矞
僫	⿰亻惡
僬	⿰亻焦
僰	⿱棘人
僴	⿰亻間
僷	⿰亻葉
僸	⿰亻禁
僼	⿰亻豊
僽	⿰亻愁
僿	⿰亻塞
儅	⿰亻當
儊	⿰亻楚
儏	⿰亻粲
儑	⿰亻㬎
儓	⿰亻臺
儠	⿰亻巤
儢	⿰亻慮
儤	⿰亻暴
儥	⿰亻賣
儦	⿰亻麃
儩	⿰亻賜
儫	⿰亻豪
儮	⿰亻歷
儰	⿰亻蔿
儶	⿰亻巂
儽	⿰亻纍
儾	⿰亻囊
兑	⿱丷兄
兖	⿱亠兊
兙	⿺克十
兛	⿺克千
兝	⿺克分
兞	⿺克毛
兡	⿺克百
兣	⿺克厘
內	⿻冂入
兯	⿱丷𰆊
兰	⿱丷三
兲	⿱王八
兴	⿳𭕄一八
兹	⿱䒑𢆶
兺	⿱分𫜸
兽	⿱𬎿𠮛
兿	⿳䒑执云
冁	⿰单展
冇	⿸𠂇冂
冈	⿵冂㐅
冔	⿱冃吁
冚	⿱冖山
军	⿱冖车
农	⿻冖𧘇
冞	⿱冖米
冟	⿱冖皀
冧	⿱冖林
冮	⿰冫工
冯	⿰冫马
冹	⿰冫犮
冻	⿰冫东
净	⿰冫争
凁	⿰冫束
凇	⿰冫松
凎	⿰冫金
凐	⿰冫垔
凔	⿰冫倉
凗	⿰冫崔
凙	⿰冫睪
凚	⿰冫禁
凟	⿰冫賣
凣	⿱丨几
凤	⿵𠘨又
凨	⿵𠘨云
凫	⿹？几
凬	⿵𠘨𣄼
凯	⿰岂几
击	⿱𰀁凵
凼	⿶凵水
凿	⿶凵丵
刉	⿰乞刂
刌	⿰寸刂
刍	⿱⺈𫜹
刏	⿰气刂
刐	⿰丹刂
则	⿰贝刂
刚	⿰冈刂
创	⿰仓刂
刜	⿰弗刂
刞	⿰且刂
刟	⿰召刂
删	⿰册刂
刡	⿰民刂
刣	⿰台刂
刦	⿰去刂
别	⿰另刂
刬	⿰戋刂
刭	⿰𢀖刂
刯	⿰亘刂
刴	⿰朶刂
刽	⿰会刂
刾	⿰夹刂
刿	⿰岁刂
剀	⿰岂刂
剁	⿰朵刂
剂	⿰齐刂
剆	⿰？刂
剈	⿰肙刂
剎	⿰𣏂刂
剐	⿰呙刂
剑	⿰佥刂
剒	⿰昔刂
剓	⿱𥝢刀
剙	⿰并刅
剢	⿰豖刂
剧	⿰居刂
剨	⿰砉刂
剫	⿰度刂
剭	⿰屋刂
剶	⿰彖刂
剺	⿸𠩺刀
剻	⿰崩刂
剼	⿰參刂
剾	⿰區刂
劁	⿰焦刂
劆	⿰廉刂
劋	⿰喿刂
劎	⿰僉刀
劏	⿰當刂
劐	⿰蒦刂
劙	⿰蠡刂
劝	⿰又力
办	⿻力八
务	⿱夂力
劢	⿰万力
动	⿰云力
劮	⿰失力
劲	⿰𢀖力
劳	⿱𫇦力
势	⿱执力
勂	⿰告力
勋	⿰员力
勎	⿰坴力
勓	⿰皆力
勚	⿰贳力
勫	⿰番力
勭	⿰童力
勮	⿰豦力
勯	⿰亶力
勼	⿹勹九
勽	⿹勹人
匄	⿹勹亡
匉	⿹勹平
匎	⿹勹奄
匒	⿹勹荅
匔	⿹勹躳
匢	⿷匚勿
匦	⿷匚轨
匮	⿷匚贵
匴	⿷匚算
匶	⿷匚舊
匷	⿷匚瞿
卄	⿻一⿰丨丨
华	⿱化十
协	⿰十办
卐	⿾卍
单	⿱丷⿻甲一
卖	⿱十买
卝	⿰⿾⺊⺊
卟	⿰口卜
卢	⿱⺊尸
卤	⿱⺊龱
卨	⿱⺊咼
卪	⿻卩丶
卫	⿱𰆊一
卶	⿰多卩
卼	⿺兀危
厀	⿰桼卩
厁	⿱斜𰆊
厅	⿸厂丁
历	⿸厂力
厉	⿸厂万
厊	⿸厂牙
压	⿸厂圡
厌	⿸厂犬
厍	⿸厂车
厏	⿸厂乍
厐	⿸厂龙
厑	⿸厂𫜸
厒	⿸厂缶
厕	⿸厂则
厗	⿸厂辛
厛	⿸厂听
厜	⿸厂垂
厞	⿸厂非
厢	⿸厂相
厣	⿸厌甲
厧	⿸厂真
厬	⿸厂晷
厱	⿸厂僉
厹	⿱九厶
厼	⿱厶小
厾	⿹⺄去
县	⿱且厶
叁	⿳厶大三
叄	⿱厽⿱𠆢三
叆	⿰云爱
叇	⿰云逮
叐	⿱㇒友
发	⿺⿸⿻𠃋丿又丶
变	⿱𰁜又
叜	⿱宀𤆌
叹	⿰口又
叻	⿰口力
叼	⿰口刁
叽	⿰口几
叾	⿱了口
叿	⿰口工
吀	⿰口千
吅	⿰口口
吆	⿰口幺
吇	⿰口子
吔	⿰口也
吕	⿱口口
吖	⿰口丫
吗	⿰口马
吘	⿰口午
吙	⿰口火
吜	⿰口丑
吢	⿱心口
吣	⿰口心
吥	⿰口不
吰	⿰口厷
吲	⿰口引
吳	⿺⿱𠃑大口
吷	⿰口夬
吺	⿰口殳
吿	⿱牛口
呁	⿰口匀
呅	⿰口文
呋	⿰口夫
呌	⿰口斗
呐	⿰口内
呒	⿰口无
呓	⿰口艺
呔	⿰口太
呖	⿰口历
呗	⿰口贝
员	⿱口贝
呙	⿱口内
呚	⿰口攵
呛	⿰口仓
呜	⿰口乌
呝	⿰口戹
呠	⿰口本
呡	⿰口民
呣	⿰口母
呥	⿰口冉
呯	⿰口平
呲	⿰口此
呸	⿰口丕
呹	⿰口失
呺	⿰口号
呾	⿰口旦
咂	⿰口匝
咇	⿰口必
咓	⿰口瓦
咔	⿰口卡
咗	⿰口左
咘	⿰口布
咙	⿰口龙
咚	⿰口冬
咛	⿰口宁
咝	⿰口丝
咞	⿰口开
咣	⿰口光
咰	⿰口旬
咴	⿰口灰
咵	⿰口夸
咶	⿰口舌
哅	⿰口匈
哋	⿰口地
哌	⿰口𠂢
哏	⿰口艮
哐	⿰口匡
哑	⿰口亚
哒	⿰口达
哓	⿰口尧
哔	⿰口毕
哕	⿰口岁
哖	⿰口年
哗	⿰口华
哙	⿰口会
哚	⿰口朵
哛	⿱𫜸分
哜	⿰口齐
哝	⿰口农
哞	⿰口牟
哟	⿰口约
哣	⿰口豆
哤	⿰口尨
哧	⿰口赤
哫	⿰口足
哰	⿰口牢
哴	⿰口良
哵	⿰口别
哷	⿰口寽
哸	⿰口妥
哹	⿰口孚
哻	⿰口旱
唂	⿰口谷
唃	⿰口角
唊	⿰口夾
唋	⿰口余
唑	⿰口坐
唒	⿰口酉
唓	⿰口車
唗	⿰口走
唘	⿱⿰石又口
唙	⿰口狄
唚	⿰口𠬶
唛	⿰口麦
唜	⿱末𫜸
唝	⿰口贡
唞	⿰口抖
唟	⿱去𫜸
唠	⿰口劳
唡	⿰口两
唢	⿰口𭕆
唣	⿰口皂
唤	⿰口奂
唥	⿰口冷
唦	⿰口沙
唧	⿰口即
唨	⿰口阻
唩	⿰口委
唬	⿰口虎
唭	⿰口其
唰	⿰口刷
唴	⿰口羌
唷	⿰口育
唺	⿰口典
唿	⿰口忽
啂	⿰口乳
啃	⿰口肯
啈	⿰口幸
啋	⿰口采
啎	⿰午吾
啒	⿰口屈
啔	⿱𫼉口
啕	⿰口匋
啙	⿱此吅
啟	⿰启攵
啢	⿰口兩
啥	⿰口舍
啧	⿰口责
啨	⿰口青
啩	⿰口卦
啪	⿰口拍
啫	⿰口者
啬	⿱⿻土丷回
啭	⿰口转
啮	⿰口齿
啯	⿰口国
啰	⿰口罗
啱	⿰口岩
啲	⿰口的
啳	⿰口卷
啴	⿰口单
啵	⿰口波
啶	⿰口定
啷	⿰口郎
啸	⿰口肃
啹	⿰口居
啺	⿰口昜
喅	⿰口昱
喌	⿱吅州
喍	⿰口柴
喐	⿰口郁
喕	⿰口面
喖	⿰口枯
喛	⿰口爰
喠	⿰口重
喡	⿰口韋
喢	⿰口臿
喥	⿰口度
喦	⿵品山
喯	⿰口奔
喱	⿰口厘
喳	⿰口查
喴	⿰口威
喵	⿰口苗
喷	⿰口贲
喸	⿱甫𫜸
喹	⿰口奎
喺	⿰口係
喻	⿰口俞
喼	⿰口急
喽	⿰口娄
喾	⿱𰃮告
嗀	⿰𫯁殳
嗂	⿰口䍃
嗈	⿰口邕
嗊	⿰口貢
嗍	⿰口朔
嗏	⿰口茶
嗐	⿰口害
嗕	⿰口⿸辰寸
嗖	⿰口叟
嗙	⿰口旁
嗠	⿰孚各
嗡	⿰口翁
嗥	⿰口皋
嗦	⿰口索
嗧	⿱加侖
嗨	⿰口海
嗪	⿰口秦
嗫	⿰口聂
嗬	⿰口荷
嗭	⿱直𫜸
嗮	⿰口晒
嗯	⿰口恩
嗰	⿰口個
嗱	⿰口拿
嗲	⿰口爹
嗳	⿰口爱
嗴	⿰口羗
嗵	⿰口通
嗸	⿱敖口
嗺	⿰口崔
嗻	⿰口庶
嗼	⿰口莫
嘀	⿰口啇
嘁	⿰口戚
嘂	⿲吕丩吕
嘃	⿰口庸
嘄	⿰口梟
嘋	⿰口教
嘌	⿰口票
嘓	⿰口國
嘕	⿰口焉
嘚	⿰口得
嘜	⿰口麥
嘝	⿰口斛
嘞	⿰口勒
嘟	⿰口都
嘠	⿰口戞
嘡	⿰口堂
嘢	⿰口野
嘣	⿰口崩
嘤	⿰口婴
嘥	⿰口徙
嘦	⿱只要
嘧	⿰口密
嘪	⿰口買
嘫	⿰口然
嘭	⿰口彭
嘮	⿰口勞
嘺	⿰口喬
嘾	⿰口覃
噅	⿰口爲
噈	⿰口就
噊	⿰口矞
噑	⿰口皐
噒	⿰口粦
噕	⿱爲口
噖	⿰口琴
噗	⿰口菐
噘	⿰口厥
噙	⿰口禽
噚	⿰口尋
噜	⿰口鲁
噝	⿰口絲
噟	⿸䧹口
噥	⿰口農
噧	⿰口萬
噮	⿰口睘
噰	⿰口雍
噳	⿰口虞
噷	⿰口歆
噹	⿰口當
噻	⿰口塞
噼	⿰口辟
噽	⿰喜丕
噾	⿰口窨
噿	⿰口翠
嚁	⿰口翟
嚂	⿰口監
嚃	⿰口遝
嚉	⿰口對
嚍	⿰口盡
嚎	⿰口豪
嚐	⿰口嘗
嚑	⿰口熏
嚒	⿰口麼
嚓	⿰口察
嚖	⿰口慧
嚗	⿰口暴
嚘	⿰口憂
嚛	⿰口樂
嚜	⿰口墨
嚡	⿰口鞋
嚣	⿳吅页吅
嚤	⿰口摩
嚪	⿰口閻
嚯	⿰口霍
嚰	⿰口磨
嚵	⿰口毚
嚸	⿰口點
嚹	⿰口罅
嚺	⿰口⿺辶⿱罒㒸
嚻	⿲吕頁吕
嚽	⿰口贅
嚿	⿰口舊
囄	⿰口離
囆	⿰口蠆
囇	⿰口麗
囒	⿰口蘭
囔	⿰口囊
囕	⿰口覽
囖	⿰口籮
团	⿴囗才
囩	⿴囗云
囪	⿱㇒⿴囗⿻𰀪丶
囬	⿴囗⿴⿰丨丨𠄠
囯	⿴囗王
围	⿴囗韦
囵	⿴囗仑
囸	⿴囗正
囻	⿴囗民
囼	⿴囗台
图	⿴囗冬
圅	⿱龴⿴囗𢆉
圆	⿴囗员
圎	⿴囗貟
圐	⿴囗𬙙
圔	⿴囗盍
圗	⿴囗⿱𠫘囬
圙	⿴𡆦面
圞	⿴囗欒
圫	⿰土乇
圱	⿰⿻⿱㇒一丿土
圲	⿰土千
圵	⿰土上
圶	⿱大土
圹	⿰土广
场	⿰土𠃓
圼	⿱日土
坁	⿰土氏
坃	⿰土元
坄	⿰土殳
坈	⿰土冗
坉	⿰土屯
坋	⿰土分
坓	⿱井土
坔	⿱水土
坕	⿱爪土
坖	⿱元土
块	⿰土夬
坘	⿰土互
坙	⿳一巛土
坚	⿱𰀡土
坛	⿰土云
坜	⿰土历
坝	⿰土贝
坞	⿰土乌
坟	⿰土文
坠	⿱队土
坣	⿱龸土
坬	⿰土瓜
坲	⿰土弗
坶	⿰土母
坸	⿰土句
坽	⿰土令
垀	⿰土乎
垄	⿱龙土
垅	⿰土龙
垆	⿰土卢
垇	⿰土凹
垊	⿰土民
垍	⿰土自
垎	⿰土各
垏	⿰土聿
垐	⿱次土
垑	⿰土多
垒	⿱厽土
垖	⿰土𠂤
垘	⿰土伏
垛	⿰土朵
垥	⿰土合
垦	⿱艮土
垫	⿱执土
垭	⿰土亚
垮	⿰土夸
垯	⿰土达
垱	⿰土当
垲	⿰土岂
垴	⿰土㐫
垵	⿰土安
垶	⿰土辛
垷	⿰土見
垹	⿰土邦
垺	⿰土孚
垻	⿰土貝
垼	⿱役土
垾	⿰土旱
垿	⿰土序
埁	⿰土岑
埂	⿰土更
埄	⿰土夆
埅	⿱防土
埉	⿰土夾
埊	⿱汖土
埍	⿰土肙
埐	⿰土𠬶
埑	⿱折土
埘	⿰土时
埙	⿰土员
埚	⿰土呙
埛	⿰土冏
埢	⿰土卷
埥	⿰土青
埨	⿰土侖
埪	⿰土空
埫	⿰土尚
埬	⿰土東
埮	⿰土炎
埯	⿰土奄
埱	⿰土叔
埲	⿰土奉
埳	⿰土臽
堁	⿰土果
堇	⿱廿⿻口龶
堎	⿰土夌
堏	⿱枋土
堐	⿰土厓
堑	⿱斩土
堒	⿰土昆
堓	⿰土岸
堔	⿰土罙
堖	⿰土𡿺
堗	⿰土突
堘	⿰土⿱龹土
堚	⿰土軍
堜	⿰土柬
堢	⿰土保
堣	⿰土禺
堥	⿱敄土
堨	⿰土曷
堩	⿰土恆
堫	⿰土㚇
堬	⿰土俞
堮	⿰土咢
堳	⿰土眉
堶	⿰土⿱左⺝
堷	⿰土音
堸	⿰土風
堻	⿱津土
堼	⿱封土
堾	⿰土春
塂	⿰土巷
塃	⿰土荒
塄	⿰土𬙙
塅	⿰土段
塆	⿰土弯
塇	⿰土宣
塈	⿱既土
塎	⿰土容
塓	⿰土冥
塖	⿰土乘
塛	⿰土栗
塜	⿰土冡
塝	⿰土旁
塠	⿰土追
塣	⿱浧土
塥	⿰土鬲
塦	⿱陣土
塪	⿰土舀
塬	⿰土原
塭	⿰土昷
塮	⿰土射
塯	⿰土留
塱	⿱朗土
塳	⿰土逢
塴	⿰土崩
塶	⿰土鹿
塷	⿰土鹵
塺	⿸麻土
塻	⿰土莫
塽	⿰土爽
墂	⿰土票
墄	⿰土戚
墆	⿰土帶
墎	⿰土郭
墑	⿰土啇
墒	⿰土商
墕	⿰土焉
墘	⿰土乾
墙	⿰土啬
墚	⿰土梁
墛	⿰土尉
墣	⿰土菐
墤	⿰土貴
墥	⿰土童
墧	⿰土喬
墬	⿱䧘土
墭	⿰土盛
墯	⿱惰土
墰	⿰土覃
墴	⿰土黄
墵	⿰土雲
墶	⿰土達
墷	⿰土華
墽	⿰土敫
墿	⿰土睪
壀	⿰土辟
壆	⿱𦥯土
壉	⿰土豦
壋	⿰土當
壏	⿰土監
壛	⿰土閻
壣	⿰土聯
壦	⿰土雚
壧	⿰土嚴
壨	⿱𤳳土
壪	⿰土彎
壭	⿱士𰆊
壵	⿱士⿰士士
壶	⿱⿱士冖业
壸	⿱⿱士冖亚
壾	⿰壴巨
壿	⿰士尊
夀	⿱⿻⿱𠄟乛𠀐吋
夁	⿱士䍛
夃	⿵乃又
处	⿺夂卜
备	⿱夂田
夈	⿱夂米
夎	⿱坐夊
夑	⿱⿲火言火夊
夗	⿰夕㔾
夞	⿱外𫜸
够	⿰句多
夠	⿰多句
夦	⿰甚多
头	⿻⺀大
夹	⿻夫丷
夺	⿱大寸
夻	⿱大口
夼	⿱大川
奀	⿱不大
奁	⿱大区
奂	⿳⺈冂大
奅	⿱大卯
奊	⿺夨圭
奋	⿱大田
奌	⿱占大
奍	⿱龹⿰丿丨
奖	⿱⿰丬夕大
奜	⿱非大
奤	⿱大面
奦	⿱務大
奰	⿱𦋹大
奱	⿱䜌大
奷	⿰女千
奺	⿰女久
奾	⿰女山
奿	⿺丸女
妀	⿰己女
妅	⿰女工
妆	⿰丬女
妇	⿰女𫜹
妈	⿰女马
妉	⿰女冘
妏	⿰女文
妐	⿰女公
妑	⿰女巴
妔	⿰女亢
妘	⿰女云
妚	⿰女不
妜	⿰女夬
妞	⿰女丑
妠	⿰女内
妡	⿰女斤
妢	⿰女分
妦	⿰女丰
妩	⿰女无
妪	⿰女区
妫	⿰女为
妱	⿰女召
妴	⿱夗女
妵	⿰女主
妶	⿰女玄
妸	⿰女可
妽	⿰女申
妿	⿱加女
姀	⿰女禾
姂	⿰女乏
姅	⿰女半
姇	⿱付女
姌	⿰女冉
姎	⿰女央
姏	⿰女甘
姕	⿱此女
姖	⿰女巨
姗	⿰女册
姘	⿰女并
姛	⿰女同
姠	⿰女向
姡	⿰女舌
姢	⿰女䏍
姩	⿰女年
姬	⿰女𦣞
姭	⿱劦女
姰	⿰女旬
姳	⿰女名
姵	⿰女𫥞
姹	⿰女宅
姺	⿰女先
姼	⿰女多
姽	⿰女危
姾	⿰女全
娂	⿰女共
娅	⿰女亚
娆	⿰女尧
娇	⿰女乔
娈	⿱𰁜女
娊	⿰女見
娋	⿰女肖
娏	⿰女尨
娐	⿰女孚
娔	⿰女克
娕	⿰女束
娖	⿰女足
娙	⿰女巠
娛	⿰女吳
娝	⿰女否
娡	⿰女志
娢	⿰女含
娦	⿰女兵
娫	⿰女延
娬	⿰女武
娮	⿰女言
娱	⿰女吴
娲	⿰女呙
娳	⿰女利
娴	⿰女闲
娷	⿰女垂
娸	⿰女其
娹	⿰女弦
娺	⿰女叕
娻	⿰女東
娽	⿰女录
娾	⿰女厓
娿	⿱阿女
婂	⿰女帛
婃	⿰女宗
婊	⿰女表
婋	⿰女虎
婍	⿰女奇
婎	⿰女隹
婏	⿰女兔
婑	⿰女委
婒	⿰女炎
婓	⿱非女
婔	⿰女非
婖	⿰女忝
婗	⿰女兒
婘	⿰女卷
婙	⿰女争
婛	⿰女京
婜	⿱臤女
婝	⿰女定
婟	⿰女固
婠	⿰女官
婡	⿰女來
婤	⿰女周
婨	⿰女侖
婩	⿰女岸
婫	⿰女昆
婮	⿰女居
婯	⿱⿰⿱一⿵冂丶⿱一⿵冂丶女
婰	⿰女典
婱	⿱弦女
婲	⿰女花
婳	⿰女画
婴	⿱𲂻女
婵	⿰女单
婶	⿰女审
婸	⿰女昜
婹	⿰女要
婼	⿰女若
婽	⿰女叚
媀	⿰女禺
媁	⿰女韋
媂	⿰女帝
媃	⿰女柔
媅	⿰女甚
媆	⿰女耎
媇	⿰女亲
媈	⿰女軍
媉	⿰女屋
媊	⿰女前
媌	⿰女苗
媍	⿰女負
媎	⿰女者
媏	⿰女耑
媑	⿰女重
媔	⿰女面
媕	⿰女弇
媗	⿰女宣
媘	⿰女皆
媝	⿱秋女
媡	⿰女柬
媣	⿰女染
媤	⿰女思
媥	⿰女扁
媦	⿰女胃
媨	⿰女酋
媩	⿰女胡
媪	⿰女昷
媫	⿰女⿳⺊𫜹龰
媭	⿱须女
媮	⿰女俞
媯	⿰女為
媰	⿰女芻
媴	⿰女袁
媶	⿰女茸
媷	⿰女⿸辰寸
媹	⿰女留
嫀	⿰女秦
嫃	⿰女真
嫅	⿰女差
嫇	⿰女冥
嫊	⿰女素
嫍	⿰女舀
嫎	⿰女旁
嫑	⿱不要
嫒	⿰女爱
嫓	⿰女⿱⿱⺈⿵冂人比
嫔	⿰女宾
嫕	⿰女悘
嫘	⿰女累
嫙	⿰女旋
嫛	⿱殹女
嫝	⿰女康
嫞	⿰女庸
嫟	⿰女匿
嫢	⿱規女
嫤	⿰女堇
嫧	⿰女責
嫨	⿰女𦰩
嫫	⿰女莫
嫬	⿰女庶
嫭	⿰女虖
嫯	⿱敖女
嫱	⿰女啬
嫲	⿰女麻
嫳	⿱敝女
嫴	⿰女辜
嫷	⿰女隋
嫸	⿰女善
嫹	⿰女黄
嫼	⿰女黑
嫾	⿰女粦
嫿	⿰女畫
嬂	⿰女戠
嬃	⿱須女
嬄	⿰女壹
嬅	⿰女華
嬆	⿰女翕
嬇	⿰女貴
嬊	⿳廿⿴北口女
嬍	⿰女𢽠
嬎	⿰女⿺免生
嬏	⿰女番
嬐	⿰女僉
嬑	⿰女意
嬒	⿰女會
嬓	⿰女敫
嬔	⿰女⿺兔生
嬕	⿰女睪
嬘	⿰女遂
嬚	⿰女廉
嬜	⿱歆女
嬞	⿰女董
嬟	⿰女義
嬠	⿰女喿
嬣	⿰女寧
嬤	⿰女麼
嬦	⿰女壽
嬧	⿰女盡
嬨	⿰女慈
嬩	⿰女與
嬫	⿰女榮
嬮	⿸厭女
嬯	⿰女臺
嬱	⿱漸女
嬳	⿰女蒦
嬵	⿰女綿
嬷	⿰女麽
嬹	⿰女興
嬺	⿰女慝
嬻	⿰女賣
嬼	⿰女劉
嬽	⿰女𡚇
嬿	⿰女燕
孂	⿰女簋
孄	⿰女闌
孆	⿰女嬰
孇	⿰女雙
孈	⿰女巂
孉	⿰女雚
孊	⿰女靡
孍	⿰女嚴
孎	⿰女屬
孏	⿰女蘭
孓	⿻了㇏
孙	⿰子小
孠	⿱司子
孡	⿰子台
孢	⿰子包
孧	⿱幼子
孪	⿱𰁜子
孬	⿱不好
孭	⿰子貝
孲	⿰子亞
孴	⿱孨日
孶	⿱茲子
孷	⿸𠩺子
孹	⿱辟子
孻	⿰子盡
宂	⿱宀几
宒	⿱宀毛
实	⿱宀头
宠	⿱宀龙
审	⿱宀申
宧	⿱宀𦣞
宪	⿱宀先
宫	⿱宀吕
宻	⿳宀⿻又丷山
宽	⿱宀苋
宾	⿱宀兵
寈	⿱宀青
寊	⿱宀貞
寋	⿱𡨄㔾
寑	⿱宀侵
寕	⿳宀丆𦉬
寜	⿱寍亅
寣	⿱宀𪺞
寪	⿱宀爲
寭	⿱宀惠
寲	⿱宀疑
寷	⿱宀豐
对	⿰又寸
寻	⿱𫜹寸
导	⿱巳寸
尀	⿰叵寸
尐	⿱𡭔㇝
尔	⿱⿰㇒乛小
尕	⿱乃小
尘	⿱𡭔土
尙	⿱𡭔冋
尛	⿱𡭔⿰小小
尜	⿱尖小
尝	⿱龸云
尡	⿰光昆
尥	⿺尢勺
尧	⿱𭠍兀
尪	⿺尢王
尯	⿺尢危
尳	⿺尢骨
尴	⿺尢监
尷	⿺尢監
层	⿸尸云
屃	⿸尸贝
屄	⿸尸穴
屇	⿸尸田
屉	⿸尸世
屌	⿸尸吊
屒	⿸尸辰
屔	⿰丘尼
屖	⿸尸辛
屗	⿺尾寸
屘	⿺尾子
屝	⿸尸非
屦	⿸尸⿰彳娄
屪	⿸尸寮
屫	⿸尸⿰爿喬
屲	⿱㇒山
屳	⿱入山
屷	⿰山乃
屸	⿰山工
屾	⿰山山
屿	⿰山与
岀	⿱山山
岁	⿱山夕
岂	⿱山己
岃	⿱山刃
岄	⿰山月
岅	⿰山反
岆	⿰山夭
岉	⿰山勿
岋	⿰山及
岍	⿰山开
岎	⿰山分
岓	⿰山斤
岕	⿱山介
岖	⿰山区
岗	⿱山冈
岘	⿰山见
岙	⿱夭山
岚	⿱山风
岛	⿹？山
岜	⿱山巴
岞	⿰山乍
岤	⿰山穴
岥	⿰山皮
岮	⿰山它
岯	⿰山丕
岰	⿰山幼
岹	⿰山召
岽	⿱山东
岿	⿱山归
峀	⿱山由
峁	⿱山卯
峂	⿰山冬
峃	⿱𰃮山
峄	⿰山𠬤
峆	⿰山合
峈	⿰山各
峊	⿱𠂤山
峌	⿰山至
峍	⿰山聿
峎	⿱山艮
峏	⿰山而
峑	⿱山全
峓	⿰山夷
峔	⿰山老
峕	⿱山𣅀
峖	⿰山安
峘	⿰山亘
峚	⿱山圶
峛	⿱山列
峜	⿱山企
峞	⿱山危
峟	⿱山有
峢	⿰山列
峣	⿰山尧
峤	⿰山乔
峥	⿰山争
峦	⿱𰁜山
峧	⿰山交
峫	⿰山邪
峬	⿰山甫
峳	⿱山攸
峵	⿰山宏
峷	⿱山辛
峸	⿰山成
峹	⿱余山
峼	⿰山告
峾	⿱沂山
峿	⿰山吾
崀	⿱山良
崂	⿰山劳
崃	⿰山来
崄	⿰山佥
崅	⿰山角
崈	⿱宗山
崉	⿰山沓
崊	⿰山林
崌	⿰山居
崏	⿰山昏
崓	⿰山固
崜	⿰山垂
崞	⿰山享
崡	⿰山函
崥	⿰山卑
崨	⿰山疌
崪	⿰山卒
崬	⿱山東
崭	⿱山斩
崮	⿱山固
崯	⿰山金
崰	⿰山甾
崲	⿰山皇
崳	⿰山俞
崵	⿰山昜
崶	⿱山封
崷	⿰山酋
崸	⿰山頁
崺	⿱山施
崻	⿰山待
崼	⿰山是
崾	⿰山要
嵀	⿱山柱
嵁	⿰山甚
嵄	⿰山美
嵅	⿱山咸
嵉	⿰山亭
嵍	⿱敄山
嵏	⿱山㚇
嵔	⿱山畏
嵖	⿰山查
嵗	⿱山⿵戌𣥂
嵘	⿰山荣
嵚	⿱山钦
嵛	⿱山俞
嵝	⿰山娄
嵞	⿱余屾
嵣	⿰山唐
嵥	⿰山桀
嵦	⿰山豈
嵧	⿰山留
嵨	⿰山烏
嵫	⿰山兹
嵮	⿰山真
嵱	⿰山容
嵲	⿰山臬
嵴	⿰山脊
嵵	⿱山時
嵷	⿰山從
嵸	⿱山從
嵻	⿰山康
嵼	⿰山産
嵽	⿰山帶
嶀	⿰山雩
嶅	⿱敖山
嶆	⿰山曹
嶉	⿱山唯
嶍	⿰山習
嶎	⿱山尉
嶏	⿸屵配
嶑	⿰山象
嶖	⿰山翕
嶘	⿱山棧
嶚	⿱山尞
嶜	⿱山朁
嶞	⿱隋山
嶡	⿱山厥
嶣	⿱山焦
嶥	⿰山厥
嶦	⿰山詹
嶨	⿱𦥯山
嶩	⿰山農
嶪	⿱山業
嶭	⿱山⿰𠂤辛
嶯	⿱山戢
嶱	⿰山葛
嶳	⿳山豕𪢴
嶵	⿰山罪
嶶	⿱山微
嶻	⿱山截
嶾	⿰山㥯
嶿	⿰山需
巀	⿱山𢧵
巁	⿰山厲
巂	⿱山𮥼
巄	⿰山龍
巅	⿱山颠
巆	⿰山營
巈	⿱山鞠
巊	⿰山嬰
巏	⿰山雚
巔	⿱山顛
巕	⿰山⿳䒑⿰𠂤辛女
巚	⿱山獻
巜	⿰𡿨𡿨
巟	⿱亡𫶧
巪	⿱巨𠃍
巬	⿱⿰工几夫
巭	⿱功夫
巯	⿰𢀖㐬
巰	⿰巠㐬
巶	⿰召巳
巺	⿳⿰巳巳一八
巼	⿱巴𫜸
巿	⿻一巾
币	⿱㇒巾
帄	⿰巾丁
帅	⿰⿰丨丿巾
师	⿰⿰丨丿帀
帉	⿰巾分
帊	⿰巾巴
帎	⿰巾冘
帏	⿰巾韦
帐	⿰巾长
帓	⿰巾末
帗	⿰巾犮
帜	⿰巾只
帞	⿰巾百
帡	⿰巾并
帢	⿰巾合
帣	⿱龹巾
帤	⿱如巾
带	⿳⿻卄丨冖巾
帧	⿰巾贞
帩	⿰巾肖
帪	⿰巾辰
帬	⿱君巾
帱	⿰巾寿
帴	⿰巾戔
帹	⿰巾妾
帺	⿰巾其
帻	⿰巾责
帼	⿰巾国
帿	⿰巾侯
幁	⿰巾頁
幂	⿱𠖇巾
幆	⿰巾曷
幈	⿰巾屏
幊	⿰巾貢
幍	⿰巾舀
幏	⿰巾家
幒	⿰巾悤
幓	⿰巾參
幙	⿰巾莫
幚	⿱邦帛
幝	⿰巾單
幠	⿰巾無
幥	⿰巾掌
幦	⿱辟巾
幧	⿰巾喿
幩	⿰巾賁
幯	⿰巾節
幱	⿰巾闌
庂	⿸广人
庅	⿸广么
庆	⿸广大
庈	⿸广今
庉	⿸广屯
庌	⿸广牙
庍	⿸广斤
庐	⿸广户
庑	⿸广无
庒	⿸广圡
库	⿸广车
应	⿸广⿱𭕄一
庘	⿸广甲
庙	⿸广由
庛	⿸广此
庝	⿸广冬
庞	⿸广龙
废	⿸广发
庡	⿸广衣
庣	⿸广兆
庩	⿸广余
庮	⿸广酉
庯	⿸广甫
庰	⿸广并
庲	⿸广來
庴	⿸广昔
庺	⿸广枀
庻	⿸广⿱廿从
庼	⿸广顷
廀	⿸广叜
廄	⿸广⿰？殳
廅	⿸广盍
廇	⿸广留
廍	⿸广部
廗	⿸广帶
廘	⿸广鹿
廤	⿸庫𫜸
廦	⿸广辟
廧	⿸广嗇
廪	⿸广禀
廭	⿸广積
廮	⿸广嬰
廯	⿸广鮮
廲	⿸广麗
廵	⿺廴巛
弅	⿱分廾
弒	⿰𣏂式
弚	⿱丷弔
张	⿰弓长
弪	⿰弓𢀖
弲	⿰弓肙
弳	⿰弓巠
弹	⿰弓单
强	⿰弓虽
彂	⿱业矤
彃	⿰弓畢
彆	⿱敝弓
彉	⿰弓黄
彋	⿰弓睘
彏	⿰弓矍
归	⿰⿰丨丿𫜹
录	⿱彐氺
彚	⿳彐冖果
彞	⿳彐⿰米糸廾
彟	⿰寻蒦
彥	⿳亠㐅⿸厂彡
彨	⿰丽彡
彮	⿰容彡
彶	⿰彳及
彻	⿰彳切
徆	⿰彳西
徎	⿰彳呈
徔	⿰彳芝
徕	⿰彳来
徚	⿰彳柬
徛	⿰彳奇
徟	⿰彳周
徣	⿰彳昔
徥	⿰彳是
徦	⿰彳叚
徲	⿰彳犀
徶	⿰彳敝
徺	⿰彳堯
徻	⿰彳會
徾	⿲彳訔攵
徿	⿰彳龍
忀	⿰彳襄
忁	⿰彳⿳𣅽大氺
忂	⿰彳瞿
忆	⿰忄乙
忊	⿰忄丁
忎	⿱千心
忏	⿰忄千
忕	⿰忄大
忚	⿰忄也
忛	⿰忄凡
忟	⿰忄文
忣	⿰忄及
忥	⿹气心
忦	⿰忄介
忧	⿰忄尤
忴	⿰忄今
忷	⿰忄凶
忹	⿰忄王
忾	⿰忄气
怀	⿰忄不
态	⿱太心
怂	⿱从心
怃	⿰忄无
怄	⿰忄区
怅	⿰忄长
怆	⿰忄仓
怈	⿰忄世
怉	⿰忄包
怋	⿰忄民
怌	⿰忄丕
怑	⿰忄半
怞	⿰忄由
怣	⿱失心
怬	⿰忄四
怮	⿰忄幼
怰	⿰忄玄
怲	⿰忄丙
怴	⿰忄戉
怶	⿰忄皮
怷	⿱朮心
怸	⿱术心
怹	⿱他心
总	⿱𠮦心
怼	⿱对心
怽	⿰忄未
怾	⿰忄只
怿	⿰忄𠬤
恄	⿰忄吉
恅	⿰忄老
恎	⿰忄至
恏	⿱好心
恓	⿰忄西
恘	⿰忄休
恛	⿰忄回
恜	⿰忄式
恞	⿰忄夷
恦	⿰忄向
恮	⿰忄全
恲	⿰忄并
恳	⿱艮心
恴	⿱𣅀心
恶	⿱亚心
恸	⿰忄动
恹	⿰忄厌
恺	⿰忄岂
恻	⿰忄则
恼	⿰忄㐫
恽	⿰忄军
悀	⿰忄甬
悅	⿰忄兌
悇	⿰忄余
悏	⿰忄夾
悐	⿱狄心
悙	⿰忄亨
悜	⿰忄呈
悡	⿱利心
悫	⿱壳心
悬	⿱县心
悭	⿰忄坚
悮	⿰忄吴
悯	⿰忄闵
悹	⿱官心
悺	⿰忄官
悿	⿰忄忝
惀	⿰忄侖
惁	⿱析心
惃	⿰忄昆
惌	⿱宛心
惍	⿰忄金
惐	⿰忄或
惒	⿱和心
惖	⿱易心
惗	⿰忄念
惤	⿰忄弦
惦	⿰忄店
惩	⿱征心
惪	⿱直心
惫	⿱备心
惬	⿰忄⿷匚夹
惭	⿰忄斩
惯	⿰忄贯
惾	⿰忄㚇
惿	⿰忄是
愄	⿰忄畏
愅	⿰忄革
愋	⿰忄爰
愘	⿰忄客
愝	⿰忄匽
愠	⿰忄昷
愣	⿰忄𬙙
愤	⿰忄贲
愥	⿰忄英
愦	⿰忄贵
愩	⿰忄貢
愭	⿰忄耆
愮	⿰忄䍃
愯	⿰忄隻
愲	⿰忄骨
愳	⿱䀠心
愸	⿱勑心
愻	⿱孫心
慀	⿰忄奚
慃	⿰忄翁
慏	⿰忄冥
慐	⿱貢心
慑	⿰忄聂
慒	⿰忄曹
慔	⿰忄莫
慖	⿰忄國
慗	⿱敕心
慛	⿰忄崔
慜	⿱敏心
慡	⿰忄爽
慤	⿱殻心
慦	⿱救心
慩	⿰忄連
慪	⿰忄區
慭	⿱𪺽心
慹	⿱執心
慺	⿰忄婁
慽	⿰忄戚
憅	⿱動心
憆	⿰忄堂
憈	⿰忄虚
憉	⿰忄彭
憌	⿱鈞心
憏	⿰忄祭
憕	⿰忄登
憛	⿰忄覃
憞	⿰忄敦
憡	⿰忄策
憢	⿰忄堯
憣	⿰忄番
憦	⿰忄勞
憯	⿰忄朁
憰	⿰忄矞
憱	⿰忄就
憳	⿰忄尋
憴	⿰忄黽
憵	⿱辟心
憷	⿰忄楚
憻	⿰忄亶
憽	⿰忄葱
憿	⿰忄敫
懄	⿰忄勤
懅	⿰忄豦
懑	⿱满心
懒	⿰忄赖
懓	⿰忄愛
懔	⿰忄禀
懖	⿱銛心
懗	⿰忄赫
懘	⿱滯心
懙	⿰忄與
懚	⿰忄㥯
懛	⿰忄臺
懠	⿰忄齊
懤	⿰忄壽
懨	⿰忄厭
懪	⿰忄暴
懫	⿰忄質
懮	⿰忄憂
懰	⿰忄劉
懱	⿰忄蔑
懳	⿰忄慧
懹	⿰忄襄
懻	⿰忄冀
戂	⿰忄靡
戅	⿱贑心
戆	⿱赣心
戋	⿻戈一
戏	⿰又戈
戗	⿰仓戈
战	⿰占戈
戙	⿰同戈
戤	⿰盈戈
戥	⿰星戈
戨	⿰哥戈
戬	⿰晋戈
戭	⿰寅戈
戱	⿰虛戈
戵	⿰瞿戈
戶	⿸𠂆？
户	⿱丶尸
戺	⿰户巳
戼	
扅	⿸户多
扊	⿸户炎
扏	⿰扌九
扗	⿰扌土
扙	⿰扌丈
扝	⿰扌亏
扟	⿰扌卂
扢	⿰扌乞
扥	⿰扌⿻⿱㇒一乚
扦	⿰扌千
执	⿰扌丸
扩	⿰扌广
扪	⿰扌门
扫	⿰扌𫜹
扬	⿰扌𠃓
扰	⿰扌尤
扲	⿰扌今
扴	⿰扌介
扵	⿰扌仒
扷	⿰扌夭
扸	⿰扌片
抁	⿰扌允
抆	⿰扌文
抇	⿰扌曰
抈	⿰扌月
抋	⿰扌心
抌	⿰扌冘
抚	⿰扌无
抝	⿰扌幻
抟	⿰扌专
抠	⿰扌区
抡	⿰扌仑
抢	⿰扌仓
抣	⿰扌匀
护	⿰扌户
报	⿰扌𠬝
抧	⿰扌只
抩	⿰扌冉
抪	⿰扌布
抭	⿰扌宂
抮	⿰扌㐱
抯	⿰扌且
抰	⿰扌央
抲	⿰扌可
抴	⿰扌世
抸	⿰扌乏
拀	⿰扌兄
拁	⿰扌加
拃	⿰扌乍
拋	⿰扌𡯄
拞	⿰扌丘
拟	⿰扌以
拢	⿰扌龙
拣	⿰扌𫠣
拤	⿰扌卡
拥	⿰扌用
拦	⿰扌兰
拧	⿰扌宁
拨	⿰扌发
择	⿰扌𠬤
拫	⿰扌艮
拰	⿰扌任
拸	⿰扌多
拹	⿰扌劦
拺	⿰扌朿
拻	⿰扌灰
挀	⿰扌𠂢
挅	⿰扌朶
挆	⿰扌朵
挎	⿰扌夸
挏	⿰扌同
挒	⿰扌列
挔	⿰扌衣
挕	⿰扌耳
挗	⿰扌夷
挚	⿱执手
挛	⿱𰁜手
挜	⿰扌亚
挝	⿰扌过
挞	⿰扌达
挠	⿰扌尧
挡	⿰扌当
挢	⿰扌乔
挣	⿰扌争
挤	⿰扌齐
挥	⿰扌军
挦	⿰扌寻
挬	⿰扌孛
挮	⿰扌弟
挰	⿰扌呈
挱	⿰扌沙
挳	⿰扌巠
挴	⿰扌每
挷	⿰扌邦
挸	⿰扌見
捀	⿰扌夆
捅	⿰扌甬
捇	⿰扌赤
捈	⿰扌余
捑	⿰扌𣅔
捖	⿰扌完
捚	⿰扌里
捝	⿰扌兑
捞	⿰扌劳
损	⿰扌员
捠	⿰扌兵
捡	⿰扌佥
换	⿰扌奂
捣	⿰扌岛
捤	⿰扌尾
捪	⿰扌昏
捯	⿰扌到
捰	⿰扌果
捳	⿰扌岳
捹	⿰扌奔
捾	⿰扌官
掁	⿰扌長
掅	⿰扌青
掆	⿰扌岡
掋	⿰扌底
掍	⿰扌昆
掑	⿰扌其
掓	⿰扌叔
掗	⿰扌亞
掜	⿰扌兒
掝	⿰扌或
掰	⿲⿱㇒⿻二丿分手
掱	⿱手𢪒
掳	⿰扌虏
掶	⿰扌庚
掷	⿰扌郑
掸	⿰扌单
掹	⿰扌孟
掺	⿰扌参
掼	⿰扌贯
掿	⿰扌若
揂	⿰扌酋
揇	⿰扌南
揊	⿰扌畐
揋	⿰扌畏
揌	⿰扌思
揍	⿰扌奏
揗	⿰扌盾
揘	⿰扌皇
揙	⿰扌扁
揝	⿰扌昝
揞	⿰扌音
揟	⿰扌胥
揢	⿰扌客
揤	⿰扌即
揦	⿰扌剌
揧	⿱剌手
揨	⿰扌亭
揯	⿰扌恆
揰	⿰扌重
揱	⿱削手
揻	⿰扌威
揼	⿰扌泵
揽	⿰扌览
揾	⿰扌昷
揿	⿰扌钦
搀	⿰扌𫥎
搁	⿰扌阁
搂	⿰扌娄
搃	⿰扌总
搄	⿰扌恒
搅	⿰扌觉
搇	⿰扌衾
搈	⿰扌容
搋	⿰扌虒
搌	⿰扌展
搎	⿰扌孫
搑	⿰扌茸
搕	⿰扌盍
搙	⿰扌⿸辰寸
搚	⿰扌脅
搛	⿰扌兼
搝	⿰扌臭
搟	⿰扌軒
搡	⿰扌桑
搣	⿰扌烕
搧	⿰扌扇
搫	⿱般手
搮	⿰扌栗
搱	⿰扌屖
搲	⿰扌窊
搳	⿰扌害
搷	⿰扌真
搸	⿰扌秦
搹	⿰扌鬲
搻	⿱合𢪒
搼	⿰扌拳
摀	⿰扌烏
摁	⿰扌恩
摃	⿰扌貢
摄	⿰扌聂
摅	⿰扌虑
摆	⿰扌罢
摇	⿰扌䍃
摈	⿰扌宾
摉	⿰扌⿳穴𠆢夕
摊	⿰扌难
摌	⿰扌産
摍	⿰扌宿
摐	⿰扌從
摕	⿰扌帶
摖	⿰扌祭
摗	⿰扌欶
摙	⿰扌連
摞	⿰扌累
摢	⿰扌虖
摤	⿰扌爽
摥	⿰扌𬀷
摦	⿰扌瓠
摨	⿰扌犀
摪	⿰扌將
摫	⿰扌規
摬	⿰扌竟
摮	⿱敖手
摰	⿱埶手
摱	⿰扌曼
摲	⿰扌斬
摵	⿰扌戚
摷	⿰扌巢
摼	⿰扌堅
摾	⿰扌强
摿	⿰扌⿱𠆢音
撀	⿱殸手
撁	⿰扌牽
撂	⿰扌畧
撄	⿰扌婴
撆	⿱敝手
撉	⿱敦手
撊	⿰扌閒
撋	⿰扌閏
撌	⿰扌貴
撍	⿰扌朁
撎	⿰扌壹
撔	⿰扌景
撖	⿰扌敢
撗	⿰扌黄
撜	⿰扌登
撠	⿰扌戟
撢	⿰扌覃
撧	⿰扌絶
撪	⿰扌軬
撯	⿰扌着
撱	⿰扌隋
撴	⿰扌敦
撵	⿰扌辇
撶	⿰扌華
撷	⿰扌颉
撸	⿰扌鲁
撺	⿰扌窜
擀	⿰扌幹
擃	⿰扌農
擆	⿰扌著
擈	⿰扌業
擏	⿰扌敬
擓	⿰扌匯
擖	⿰扌葛
擙	⿰扌奥
擛	⿰扌葉
擜	⿰扌献
擝	⿰扌盟
擞	⿰扌数
擟	⿰扌爾
擨	⿰扌歋
擫	⿰扌厭
擮	⿰扌截
擳	⿰扌節
擸	⿰扌巤
擹	⿰扌歎
擼	⿰扌魯
攂	⿰扌畾
攃	⿰扌蔡
攆	⿰扌輦
攇	⿰扌憲
攋	⿰扌賴
攌	⿰扌圜
攍	⿰扌嬴
攎	⿰扌盧
攐	⿰扌褰
攑	⿰扌舉
攒	⿰扌赞
攕	⿰扌韱
攗	⿰扌麋
攚	⿰扌營
攠	⿰扌靡
攡	⿰扌離
攥	⿰扌纂
攧	⿰扌顛
攨	⿰扌⿳穴瓜㼌
攭	⿰扌蠡
攰	⿺支力
攳	⿺支尋
敀	⿰白攵
敁	⿰占攴
敂	⿰句攵
敆	⿰合攴
敊	⿰尗攴
敋	⿰各攵
敌	⿰舌攵
敎	⿰𡥉攵
敓	⿰兌攵
敚	⿰兑攵
敛	⿰佥攵
敜	⿰念攵
敡	⿰易攴
敤	⿰果攴
敥	⿰炎攴
敨	⿰咅攵
敩	⿰学攵
敪	⿰叕攵
敭	⿰昜攵
敮	⿰臿攴
敯	⿰昬攴
敱	⿰豈攴
敳	⿰豈攵
敶	⿰陳攵
敹	⿰𥹄攵
敻	⿳⿱⺈⿵冂人目攵
敼	⿰喜攴
敾	⿰善攵
敿	⿰喬攵
斀	⿰蜀攴
斆	⿰學攵
斋	⿱文而
斍	⿱文見
斏	⿰文良
斓	⿰文阑
斔	⿰蚉臾
斖	⿱文舋
斚	⿳厸冖斗
斞	⿰臾斗
斢	⿰黄斗
斨	⿰爿斤
斩	⿰车斤
斪	⿰句斤
斱	⿰者斤
斶	⿰斤蜀
斺	⿰方介
斻	⿰方⿱𠂉几
斾	⿰方⿱𠂉巾
旀	⿰方厼
旇	⿰方⿱𠂉皮
旊	⿰方⿱𠂉瓦
旍	⿰方⿱𠂉令
旑	⿰方奇
旓	⿰方⿱𠂉肖
旕	⿱於𫜸
旚	⿰方⿱𠂉票
旜	⿰方⿱𠂉亶
旝	⿰方⿱𠂉會
旞	⿰方⿱𠂉遂
旣	⿰皀旡
旤	⿰咼旡
旪	⿰日十
旫	⿰日刀
旮	⿱九日
旯	⿱日九
旳	⿰日勺
时	⿰日寸
旷	⿰日广
旸	⿰日𠃓
旽	⿰日屯
昁	⿰日巿
昅	⿰日及
昋	⿱天日
昐	⿰日分
昗	⿱日六
昘	⿱日方
昙	⿱日云
昚	⿱𡗜日
昛	⿰日巨
昲	⿰日弗
昸	⿰日冬
昻	⿱日卭
昽	⿰日龙
显	⿱日业
晇	⿰日夸
晍	⿰日同
晐	⿰日亥
晓	⿰日尧
晔	⿰日华
晕	⿱日军
晖	⿰日军
晱	⿰日炎
晲	⿰日兒
晽	⿰日林
暂	⿱斩日
暅	⿰日恒
暆	⿰日施
暊	⿰日頁
暏	⿰日者
暓	⿱敄日
暔	⿰日南
暕	⿰日柬
暞	⿰日臬
暡	⿰日翁
暣	⿰日氣
暥	⿰日晏
暧	⿰日爱
暨	⿱既旦
暩	⿰日祭
暪	⿰日㒼
暬	⿱埶日
暯	⿰日莫
暰	⿰日從
暳	⿰日彗
暶	⿰日旋
暷	⿰日專
暺	⿰日單
暽	⿰日粦
曅	⿱日華
曊	⿰日費
曋	⿰日覃
曍	⿰日臯
曐	⿱晶生
曑	⿱晶㐱
曒	⿰日敫
曓	⿳𣅽大本
曕	⿰日詹
曗	⿰日業
曘	⿰日需
曞	⿰日厲
曡	⿱晶冝
曢	⿰日寮
曣	⿰日燕
曤	⿰日霍
曥	⿰日盧
曧	⿱日融
曪	⿰日羅
曭	⿰日黨
曯	⿰日屬
曱	⿻口丅
曶	⿱勿日
朂	⿱日⿸耳力
朄	⿰申柬
朆	⿰曾勿
朊	⿰月元
朌	⿰月分
朐	⿰月句
朑	⿰月世
朘	⿰月夋
朚	⿱亡明
朡	⿰月㚇
朣	⿰月童
朤	⿱朋朋
朥	⿰月勞
朩	⿻𬺰八
术	⿺木丶
朰	⿱木乙
朲	⿰木人
朵	⿱𠘧木
朹	⿰木九
朻	⿰木丩
朼	⿰木匕
杀	⿱㐅木
杂	⿱九木
权	⿰木又
杄	⿰木千
杊	⿰木川
杋	⿰木凡
杒	⿰木刃
杗	⿱亡木
杘	⿸尸木
杚	⿰木乞
杛	⿰木弓
杧	⿰木亡
杨	⿰木𠃓
杩	⿰木马
杫	⿰木止
杸	⿰木殳
杹	⿰木化
杺	⿰木心
杽	⿰木手
枀	⿱公木
枂	⿰木月
枃	⿰木匀
枆	⿰木毛
枈	⿱比木
枊	⿰木卬
枍	⿰木兮
枔	⿰木今
枞	⿰木从
枟	⿰木云
枣	⿱朿⺀
枤	⿰木犬
枥	⿰木历
枧	⿰木见
枨	⿰木长
枪	⿰木仓
枫	⿰木风
枬	⿰木丹
枭	⿹？木
枮	⿰木占
枺	⿰木末
枾	⿰木𠥽
枿	⿰木卉
柇	⿰木禾
柋	⿱代木
柌	⿰木司
柍	⿰木央
柕	⿰木矛
柖	⿰木召
柟	⿰木冉
柠	⿰木宁
柣	⿰木失
查	⿱木旦
柨	⿰木布
柪	⿰木幼
柫	⿰木弗
柭	⿰木犮
柸	⿰木丕
柺	⿰木另
柽	⿰木圣
栀	⿰木卮
栅	⿰木册
栆	⿱⿻丨𠮛仒
标	⿰木示
栈	⿰木戋
栉	⿰木节
栊	⿰木龙
栋	⿰木东
栌	⿰木卢
栍	⿰木生
栎	⿰木乐
栏	⿰木兰
树	⿰木对
栒	⿰木旬
栕	⿰木臣
栚	⿰木关
栛	⿰木劦
栜	⿰木朿
栠	⿱任木
栣	⿰木任
栤	⿰木冰
栥	⿱次木
栦	⿰木州
栮	⿰木耳
栵	⿰木列
栶	⿰木因
样	⿰木羊
栺	⿰木旨
桇	⿱如木
桋	⿰木夷
桏	⿰木邛
桖	⿰木血
桚	⿰木𡿪
桞	⿰木邜
桠	⿰木亚
桡	⿰木尧
桢	⿰木贞
桤	⿰木岂
桥	⿰木乔
桦	⿰木华
桨	⿱⿰丬夕木
桩	⿰木庄
桪	⿰木寻
桬	⿱沙木
桭	⿰木辰
桳	⿰木⿱厶夲
桸	⿰木希
桽	⿱木坐
梀	⿰木束
梇	⿰木弄
梉	⿰木壯
梊	⿱折木
梋	⿰木肙
梌	⿰木余
梎	⿰木皀
梑	⿰木狄
梒	⿰木含
梕	⿰木忍
梞	⿰木忌
梤	⿰木𡵳
梬	⿰木甹
梷	⿱⿰占又木
梸	⿰木利
梽	⿰木志
梾	⿰木来
梿	⿰木连
检	⿰木佥
棁	⿰木兑
棂	⿰木灵
棇	⿰木忩
棎	⿰木罙
棛	⿰木育
棞	⿰木囷
棢	⿰木罔
棦	⿰木争
棩	⿰木𣶒
棳	⿰木叕
棴	⿰木服
棸	⿱取木
棾	⿱林冗
棿	⿰木兒
椂	⿰木录
椔	⿰木甾
椕	⿲木分木
椘	⿱林之
椝	⿱规木
椞	⿱析木
椟	⿰木卖
椠	⿱斩木
椤	⿰木罗
椧	⿰木命
椩	⿰木庚
椫	⿰木单
椬	⿰木宜
椭	⿰木陏
椮	⿰木参
椯	⿰木耑
椲	⿰木韋
椷	⿰木咸
椺	⿰木保
椼	⿰木衍
椾	⿰木前
楀	⿰木禹
楁	⿰木客
楃	⿰木屋
楄	⿰木扁
楇	⿰木咼
楈	⿰木胥
楋	⿰木剌
楌	⿰木彦
楍	⿱木𠱠
楏	⿰木奎
楐	⿰木界
楑	⿰木癸
楒	⿰木思
楖	⿰木即
楘	⿱敄木
楟	⿰木亭
楧	⿰木英
楶	⿱咨木
榃	⿱林田
榄	⿰木览
榅	⿰木昷
榆	⿰木俞
榇	⿰木亲
榈	⿰木闾
榉	⿰木举
榋	⿰木⿱𫜹⿰𫜹𫜹
榌	⿰木飛
榏	⿰木益
榐	⿰木展
榓	⿰木𥁑
榗	⿰木晋
榙	⿰木荅
榚	⿰木羔
榝	⿰木殺
榞	⿰木原
榟	⿰木宰
榢	⿰木家
榣	⿰木䍃
榤	⿰木桀
榩	⿰木虔
榪	⿰木馬
榬	⿰木袁
榳	⿰木庭
榵	⿰木茸
榶	⿰木唐
榹	⿰木虒
榽	⿰木奚
槂	⿰木孫
槄	⿰木舀
槆	⿰木荀
槉	⿰木疾
槒	⿰木畜
槔	⿰木皋
槕	⿰木桌
槚	⿰木贾
槛	⿰木监
槜	⿰木隽
槟	⿰木宾
槠	⿰木诸
槡	⿰木桑
槤	⿰木連
槦	⿰木庸
槬	⿰木瓠
槰	⿰木逢
槷	⿱埶木
槸	⿰木埶
槺	⿰木康
槼	⿱規木
樄	⿰木陳
樆	⿰木离
樇	⿰木脩
樈	⿰木竟
樉	⿰木爽
樍	⿰木責
樎	⿰木宿
樐	⿰木鹵
樖	⿱合柯
樘	⿰木堂
樜	⿰木庶
樥	⿰木莑
樦	⿰木䇠
樧	⿰木⿰𣏂殳
樬	⿰木悤
樭	⿰木基
樯	⿰木啬
樱	⿰木婴
樼	⿰木孱
橀	⿰木⿱㐬皿
橁	⿰木筍
橂	⿰木奠
橃	⿰木發
橌	⿰木閒
橍	⿰木閏
橏	⿰木善
橓	⿰木舜
橔	⿰木敦
橗	⿰木萌
橚	⿰木肅
橜	⿱厥木
橝	⿰木覃
橞	⿰木惠
橠	⿰木袲
橣	⿰木甯
橥	⿱猪木
橨	⿰木賁
橩	⿰木焭
橬	⿰木朁
橭	⿰木辜
橮	⿰木貿
橯	⿰木勞
橰	⿰木臯
橴	⿰木紫
橵	⿰木散
橶	⿰木戟
橷	⿰木兠
橹	⿰木鲁
橻	⿰木⿱丑⿰丑丑
橼	⿰木缘
橽	⿰木達
檂	⿰木農
檅	⿰木歲
檈	⿰木睘
檊	⿰木幹
檌	⿰木罪
檏	⿰木業
檒	⿱林風
檓	⿰木毁
檕	⿱𣪠木
檖	⿰木遂
檘	⿰木辟
檙	⿰木鼎
檚	⿰木楚
檤	⿰木道
檦	⿰木剽
檧	⿰木葱
檨	⿰木羡
檩	⿰木禀
檭	⿰木銀
檲	⿰木團
檵	⿰木㡭
檶	⿰木奩
檷	⿰木爾
檹	⿰木旖
檺	⿰木豪
檼	⿰木㥯
櫀	⿰木綦
櫄	⿰木熏
櫅	⿰木齊
櫇	⿰木頗
櫊	⿰木閣
櫋	⿰木臱
櫍	⿰木質
櫎	⿰木廣
櫏	⿰木遷
櫒	⿰木蔡
櫗	⿰木蔑
櫘	⿰木慧
櫙	⿰木蓲
櫠	⿰木廢
櫡	⿰木箸
櫢	⿰木數
櫣	⿰木蓮
櫥	⿰木廚
櫦	⿰木慶
櫩	⿰木閻
櫫	⿱豬木
櫭	⿰木暨
櫮	⿰木噩
櫯	⿰木穌
櫴	⿰木賴
櫵	⿰木蕉
櫶	⿰木憲
櫷	⿰木龜
櫸	⿰木舉
櫹	⿰木蕭
櫾	⿰木繇
櫿	⿰木營
欀	⿰木襄
欁	⿲木農木
欈	⿰木巂
欌	⿰木藏
欍	⿰木舊
欎	⿳棥冖𡬠
欓	⿰木黨
欔	⿰木矍
欕	⿰木嚴
欘	⿰木屬
欙	⿰木纍
欚	⿰木蠡
欜	⿰木囊
欢	⿰又欠
欥	⿰日欠
欦	⿰今欠
欩	⿰召欠
欪	⿰出欠
欭	⿰因欠
欮	⿰屰欠
欰	⿰血欠
欱	⿰合欠
欳	⿰⿱⺊𠕁欠
欴	⿰？欠
欼	⿰叕欠
歀	⿰柰欠
歁	⿰甚欠
歂	⿰耑欠
歄	⿰咼欠
歅	⿰垔欠
歈	⿰俞欠
歋	⿰虒欠
歏	⿰堇欠
歑	⿰虖欠
歕	⿰賁欠
歗	⿰肅欠
歚	⿰善欠
歜	⿰蜀欠
歞	⿰㬎欠
歨	⿱止龰
歭	⿰止寺
歱	⿰止重
歲	⿱止⿵戌𣥂
歶	⿱此禺
歼	⿰歹千
殇	⿰歹⿱𠂉𠃓
殈	⿰歹血
殌	⿰歹巠
殎	⿰歹夾
殏	⿰歹求
殐	⿰歹束
殑	⿰歹克
殒	⿰歹员
殓	⿰歹佥
殔	⿰歹隶
殙	⿰歹昏
殚	⿰歹单
殜	⿰歹枼
殝	⿰歹秦
殡	⿰歹宾
殥	⿰歹寅
殦	⿰歹鳥
殧	⿰歹就
殶	⿰主殳
毁	⿰𬛸殳
毂	⿰⿱⿱士冖车殳
毊	⿱殸喬
毐	⿱士毋
毑	⿰母也
毕	⿱比十
毙	⿱比死
毜	⿺毛小
毝	⿺毛彡
毞	⿱比毛
毠	⿱加毛
毢	⿺毛西
毤	⿺兊毛
毥	⿺毛旬
毨	⿺毛先
毩	⿺毛米
毪	⿺毛牟
毭	⿰豆毛
毰	⿺毛咅
毲	⿰叕毛
毴	⿺毛非
毵	⿰参毛
毶	⿺毛参
毸	⿺毛思
毺	⿺毛俞
毻	⿰⿱左⺝毛
毼	⿰曷毛
毽	⿺毛建
毾	⿰𦐇毛
氀	⿰婁毛
氁	⿺毛莫
氃	⿰童毛
氆	⿺毛普
氇	⿺毛鲁
氋	⿰蒙毛
氌	⿺毛魯
氕	⿹气丿
氖	⿹气乃
氘	⿹气⿰丿丨
氚	⿹气川
氜	⿹气日
氝	⿹气内
氞	⿹气丙
氠	⿹气申
氡	⿹气冬
氢	⿹气𢀖
氥	⿹气西
氩	⿹气亚
氪	⿹气克
氫	⿹气巠
氭	⿹气東
氯	⿹气录
氰	⿹气青
氱	⿹气昜
氲	⿹气昷
氹	⿺乙水
氼	⿱水人
氽	⿱𠆢水
汃	⿰氵八
汄	⿰氵人
汅	⿰氵丂
汆	⿱入水
汇	⿰氵匚
汈	⿰氵刁
汉	⿰氵又
汌	⿰氵川
汑	⿰氵乇
汓	⿰氵子
汖	⿱山水
汘	⿰氵千
污	⿰氵亏
汣	⿰氵久
汤	⿰氵𠃓
汥	⿰氵支
汦	⿰氵氏
汩	⿰氵曰
汬	⿱井水
汮	⿰氵匀
汱	⿰氵犬
汵	⿰氵今
汷	⿰氵夂
汼	⿰氵牛
汿	⿰氵予
沀	⿰水予
沊	⿺冘水
沋	⿰氵尤
沎	⿰氵化
沏	⿰氵切
沑	⿰氵丑
沝	⿰水水
沞	⿰氵帀
沠	⿰氵爪
沣	⿰氵丰
沤	⿰氵区
沥	⿰氵历
沦	⿰氵仑
沧	⿰氵仓
沨	⿰氵风
沩	⿰氵为
沬	⿰氵未
沯	⿱水石
沵	⿰氵尔
沶	⿰氵示
沷	⿰氵犮
泀	⿰氵司
泃	⿰氵句
泇	⿰氵加
泈	⿰氵冬
泋	⿰氵卉
泎	⿰氵乍
泘	⿰氵乎
泞	⿰氵宁
泟	⿰氵正
泤	⿰氵以
泦	⿰氵尻
泵	⿱石水
泶	⿱𰃮水
泷	⿰氵龙
泸	⿰氵卢
泹	⿰氵旦
泺	⿰氵乐
泼	⿰氵发
泽	⿰氵𠬤
泾	⿰氵𢀖
泿	⿰氵艮
洁	⿰氵吉
洂	⿰氵亦
洃	⿰氵灰
洅	⿰氵再
洆	⿰氵丞
洈	⿰氵危
洉	⿰氵后
洍	⿰氵𦣞
洐	⿰氵行
洔	⿰氵寺
洕	⿰氵䏌
洖	⿰氵吴
洘	⿰氵考
洜	⿱各水
洝	⿰氵安
洠	⿰氵牟
洡	⿰氵耒
洢	⿰氵伊
洣	⿰氵米
洬	⿰氵夙
洭	⿰氵匡
洰	⿰氵巨
洷	⿰氵至
洺	⿰氵名
浀	⿰氵曲
浂	⿰氵关
浃	⿰氵夹
浆	⿱⿰丬夕水
浇	⿰氵尧
浈	⿰氵贞
浉	⿰氵师
浊	⿰氵虫
测	⿰氵则
浌	⿰氵伐
浍	⿰氵会
济	⿰氵齐
浏	⿰汶刂
浐	⿰氵产
浑	⿰氵军
浒	⿰氵许
浓	⿰氵农
浔	⿰氵寻
浕	⿰氵尽
浖	⿰氵寽
浝	⿰氵尨
浢	⿰氵豆
浨	⿰氵宋
浫	⿰氵罕
浭	⿰氵更
浱	⿰氵辰
浲	⿰氵夆
浳	⿰氵𢎀
浵	⿰氵彤
浶	⿰氵牢
浺	⿰氵忡
浻	⿰氵冏
浽	⿰氵妥
浾	⿰氵赤
浿	⿰氵貝
涃	⿰氵困
涄	⿰氵甹
涆	⿰氵旰
涋	⿰氵宊
涏	⿰氵廷
涐	⿰氵我
涚	⿰氵兑
涝	⿰氵劳
涞	⿰氵来
涟	⿰氵连
涠	⿰氵围
涡	⿰氵呙
涢	⿰氵员
涣	⿰氵奂
涤	⿰氵条
涥	⿰氵亨
润	⿰氵闰
涧	⿰氵间
涨	⿰氵张
涩	⿰氵𰙜
涭	⿰氵受
涰	⿰氵叕
涱	⿰氵長
涳	⿰氵空
涶	⿰氵垂
涺	⿰氵居
涻	⿰氵舍
涾	⿰氵沓
淁	⿰氵妾
淃	⿰氵卷
淉	⿰氵果
淍	⿰氵周
淓	⿰氵芳
淔	⿰氵直
淗	⿰氵匊
淜	⿰氵朋
淣	⿰氵兒
淧	⿰氵宓
淭	⿰氵㦿
淲	⿰氵虎
淸	⿰氵靑
淽	⿰氵芷
淾	⿱金水
淿	⿰氵帛
渁	⿰氵⿱水水
渂	⿰氵旻
渃	⿰氵若
渆	⿰氵𠛼
渌	⿰氵录
渍	⿰氵责
渎	⿰氵卖
渏	⿰氵奇
渐	⿰氵斩
渑	⿰氵黾
渒	⿰氵卑
渔	⿰氵鱼
渖	⿰氵审
渘	⿰氵柔
渜	⿰氵耎
渨	⿰氵畏
渪	⿰氵禹
渰	⿰氵弇
渱	⿰氵虹
渳	⿰氵弭
渵	⿰氵苗
渷	⿰氵兗
渽	⿰氵哉
渿	⿰氵柰
湀	⿰氵癸
湁	⿰氵拾
湂	⿰氵咢
湆	⿰氵音
湇	⿰氵𦚏
湐	⿰氵柏
湕	⿰氵建
湙	⿰氵奕
湚	⿰氵胤
湠	⿰氵炭
湡	⿰氵禺
湤	⿰氵施
湥	⿰氵突
湦	⿰氵星
湩	⿰氵重
湪	⿰氵彖
湬	⿱秋水
湭	⿰氵酋
湰	⿰氵㚅
湱	⿰氵砉
湴	⿰氵並
湵	⿰氵羑
湷	⿰氵春
湸	⿰氵亮
湹	⿰氵厘
湺	⿰氵保
湼	⿰氵𬛸
溁	⿰氵荣
溃	⿰氵贵
溄	⿰氵⿱山𡕖
溅	⿰氵贱
溆	⿰氵叙
溇	⿰氵娄
溈	⿰氵為
溉	⿰氵既
溊	⿰氵叚
溋	⿰氵盈
溎	⿰氵桂
溑	⿰氵𧴪
溒	⿰氵袁
溔	⿰氵羔
溕	⿰氵冡
溗	⿰氵乘
溚	⿰氵荅
溛	⿰氵窊
溞	⿰氵蚤
溡	⿰氵時
溣	⿰氵倫
溤	⿰氵馬
溦	⿰氵𢼸
溨	⿰氵栽
溩	⿰氵烏
溬	⿰氵羗
溰	⿰氵豈
溵	⿰氵殷
溸	⿰氵素
溹	⿰氵索
溼	⿰氵𡌥
溾	⿰氵鬼
滆	⿰氵鬲
滐	⿰氵桀
滒	⿰氵哥
滖	⿰氵衰
滗	⿰氵笔
滘	⿰氵⿱⿱冖八𢀛
滚	⿰氵衮
滛	⿰氵䍃
滜	⿰氵皋
滟	⿰氵艳
滠	⿰氵聂
满	⿰氵𬜯
滢	⿰氵莹
滣	⿰氵唇
滤	⿰氵虑
滥	⿰氵监
滦	⿰氵栾
滧	⿰氵效
滨	⿰氵宾
滩	⿰氵难
滪	⿰氵预
滰	⿰氵竟
滱	⿰氵寇
滳	⿰氵商
滵	⿰氵密
滶	⿰氵敖
滺	⿰氵悠
滼	⿰氵梵
漀	⿱殸水
漃	⿰氵寂
漅	⿰氵巢
漇	⿰氵徙
漋	⿰氵隆
漎	⿰氵從
漒	⿰氵强
漗	⿰氵悤
漙	⿰氵專
漜	⿰氵埜
漝	⿰氵習
漞	⿰氵覓
漟	⿰氵堂
漡	⿰氵𬀷
漤	⿰氵婪
漧	⿰氵乾
漨	⿰氵逢
漮	⿰氵康
漴	⿰氵崇
漷	⿰氵郭
漹	⿰氵焉
漺	⿰氵爽
漽	⿰氵犀
潀	⿰氵眾
潂	⿰氵⿱山並
潃	⿲氵彳⿱夂⺝
潄	⿰氵敕
潆	⿰氵萦
潇	⿰氵萧
潈	⿰氵𬑔
潉	⿰氵崑
潊	⿰氵敍
潋	⿰氵敛
潌	⿰氵窒
潍	⿰氵维
潎	⿰氵敝
潐	⿰氵焦
潕	⿰氵無
潖	⿰氵琶
潣	⿰氵閔
潥	⿰氵粟
潧	⿰氵曾
潩	⿰氵異
潪	⿰氵智
潫	⿰氵絭
潱	⿰氵壹
潲	⿰氵稍
潳	⿰氵屠
潵	⿰氵散
潶	⿰氵黑
潷	⿰氵筆
潹	⿰氵森
潻	⿰氵黍
潿	⿰氵圍
澅	⿰氵畫
澉	⿰氵敢
澊	⿰氵尊
澏	⿰氵嵒
澕	⿰氵華
澙	⿰氵舃
澛	⿰氵鲁
澜	⿰氵阑
澝	⿰氵甯
澞	⿰氵虞
澢	⿰氵當
澩	⿱𦥯水
澫	⿰氵萬
澬	⿰氵資
澭	⿰氵雍
澲	⿰氵業
澴	⿰氵睘
澷	⿰氵㬅
澸	⿰氵感
澺	⿰氵意
澻	⿰氵遂
澽	⿰氵豦
澿	⿰氵禁
濄	⿰氵過
濋	⿰氵楚
濌	⿰重沓
濍	⿰氵葱
濎	⿰氵鼎
濏	⿰氵瑟
濐	⿰氵暑
濑	⿰氵赖
濒	⿰氵频
濓	⿰氵亷
濖	⿰氵署
濗	⿰氵幕
濙	⿰氵熒
濜	⿰氵盡
濝	⿰氵綦
濢	⿰氵翠
濣	⿰氵斡
濥	⿰氵夤
濦	⿰氵㥯
濧	⿰氵對
濪	⿰氵靘
濭	⿰氵蓋
濲	⿰氵榖
濴	⿰氵滎
濷	⿱水滿
濸	⿰氵蒼
濻	⿰氵隤
濿	⿰氵厲
瀂	⿰氵魯
瀃	⿰氵賜
瀄	⿰氵節
瀈	⿰氵翬
瀌	⿰氵麃
瀎	⿰氵蔑
瀐	⿰氵韯
瀒	⿰氵𠾂
瀓	⿰氵徵
瀔	⿰氵穀
瀖	⿰氵霍
瀙	⿰氵親
瀜	⿰氵融
瀡	⿰氵隨
瀢	⿰氵遺
瀤	⿰氵褱
瀥	⿰氵翯
瀩	⿰氵頽
瀪	⿱敏泉
瀫	⿰氵縠
瀭	⿰氵輸
瀮	⿰氵霖
瀱	⿰氵罽
瀳	⿰氵薦
瀵	⿰氵糞
瀶	⿰氵臨
瀸	⿰氵韱
瀻	⿰氵戴
瀽	⿰氵蹇
瀿	⿰氵繁
灀	⿰氵霜
灁	⿰氵闎
灂	⿰氵爵
灅	⿰氵壘
灆	⿰氵藍
灍	⿰氵闕
灏	⿰澋页
灐	⿰氵鎣
灒	⿰氵贊
灓	⿱䜌水
灖	⿰氵靡
灗	⿰氵蟺
灙	⿰氵黨
灚	⿰氵覺
灛	⿰氵闡
灜	⿰氵贏
灟	⿰氵屬
灠	⿰氵覽
灡	⿰氵蘭
灢	⿰氵囊
灦	⿰氵顯
灧	⿰氵艷
灨	⿰氵贛
灪	⿰氵鬱
灭	⿱一火
灱	⿰火刀
灲	⿰火刂
灳	⿹勹火
灴	⿰火工
灷	⿱火廾
灹	⿰火乇
灺	⿰火也
灻	⿱土火
灿	⿰火山
炀	⿰火𠃓
炂	⿰火公
炃	⿱分火
炄	⿰火丑
炇	⿰火攵
炈	⿰火殳
炋	⿰火不
炌	⿰火介
炍	⿰火反
炏	⿰火火
炐	⿰火丰
炑	⿰火木
炓	⿰火斗
炚	⿰日火
炜	⿰火韦
炝	⿰火仓
炞	⿰火卞
炠	⿰火甲
炡	⿰火正
炢	⿰火术
炣	⿰火可
炥	⿰火弗
炦	⿰火犮
炧	⿰火㐌
炨	⿰火它
炩	⿰火令
炪	⿰火出
炲	⿰火台
炵	⿰火冬
炶	⿰火占
炼	⿰火𫠣
炽	⿰火只
炾	⿰火兄
炿	⿰火⿱㇒丹
烀	⿰火乎
烁	⿰火乐
烂	⿰火兰
烃	⿰火𢀖
烄	⿰火交
烅	⿰火血
烆	⿰火行
烇	⿰火全
烉	⿳⺈⿵冂八火
烌	⿰火休
烍	⿰火先
烎	⿱开火
烐	⿰火舟
烒	⿰火式
烗	⿰火亥
烚	⿰火合
烛	⿰火虫
烞	⿰火朴
烠	⿰火有
烡	⿱火共
烢	⿰火宅
烣	⿰火灰
烥	⿰火臣
烦	⿰火页
烧	⿰火尧
烨	⿰火华
烩	⿰火会
烪	⿰火关
烫	⿱汤火
热	⿱执灬
烮	⿱列火
烯	⿰火希
烰	⿰火孚
烲	⿱折火
烳	⿰火甫
烴	⿰火巠
烵	⿰火芍
烶	⿰火廷
烷	⿰火完
烸	⿰火每
烻	⿰火延
烼	⿰火豕
烾	⿱炎土
烿	⿰火彤
焀	⿰火谷
焁	⿱吹火
焂	⿱攸火
焊	⿰火旱
焍	⿰火弟
焎	⿱折灬
焐	⿰火吾
焑	⿰火困
焒	⿰火吕
焓	⿰火含
焕	⿰火奂
焖	⿰火闷
焗	⿰火局
焘	⿱寿灬
焛	⿵門火
焝	⿰火昏
焟	⿰火昔
焢	⿰火空
焣	⿱取灬
焤	⿱府火
焥	⿰火宛
焧	⿰火忩
焨	⿰火冐
焩	⿰火朋
焪	⿰火穹
焬	⿰火易
焲	⿰火夜
焳	⿰火隹
焴	⿰火育
焵	⿰火岡
焷	⿰火卑
焹	⿰火罔
焺	⿰火昇
焻	⿰火昌
焽	⿱明火
焾	⿰火念
焿	⿰火庚
煀	⿰火屈
煂	⿰火革
煃	⿰火奎
煄	⿰火重
煈	⿰火風
煍	⿰火秋
煏	⿰火畐
煔	⿰炎占
煘	⿰火咸
煛	⿱䀠火
煝	⿰火眉
煟	⿰火胃
煡	⿰火建
煣	⿰火柔
煪	⿰火酋
煫	⿰火㒸
煭	⿱⿰𣧄刂灬
煯	⿰火皆
煰	⿰火品
煱	⿰火咼
煲	⿱保火
煳	⿰火胡
煴	⿰火昷
煵	⿰火南
煶	⿰火是
煷	⿰火亮
煸	⿰火扁
煺	⿰火退
煻	⿰火唐
煼	⿰火芻
煾	⿰火恩
煿	⿰火尃
熁	⿰火脅
熂	⿰火氣
熃	⿱務火
熆	⿰火盍
熉	⿰火員
熋	⿱能火
熍	⿰火宫
熎	⿰火䍃
熐	⿰火冥
熑	⿰火兼
熓	⿰火烏
熗	⿰火倉
熘	⿰火留
熜	⿰火悤
熝	⿰火鹿
熞	⿰火堅
熡	⿰火婁
熣	⿰火崔
熤	⿰火翌
熥	⿰火通
熦	⿰火雀
熧	⿱從火
熩	⿰火扈
熪	⿰火移
熫	⿰火庶
熭	⿱彗火
熴	⿰火崑
熵	⿰火商
熶	⿰火最
熷	⿰火曾
熸	⿰火朁
熻	⿰火翕
熼	⿰火異
熽	⿰火肅
燂	⿰火覃
燅	⿰坴炎
燆	⿰火喬
燇	⿰火尊
燊	⿱焱木
燍	⿰火斯
燏	⿰火矞
燑	⿰火童
燘	⿰火閔
燛	⿱臦火
燝	⿰火景
燞	⿱⿰隹欠灬
燡	⿰火睪
燢	⿱𦥯火
燣	⿰火稟
燤	⿰火萬
燨	⿰火義
燩	⿰火敫
燪	⿰火葱
燫	⿰火廉
燯	⿰火零
燰	⿰火愛
燱	⿰火意
燲	⿰火䝱
燳	⿰火照
燴	⿰火會
燶	⿰火農
燷	⿰火禀
燺	⿰火槀
燽	⿰火壽
爁	⿰火監
爂	⿱⿱⿴𦥑同冖火
爃	⿰火榮
爄	⿰火厲
爅	⿰火墨
爊	⿰火麃
爋	⿰火勳
爌	⿰火廣
爎	⿰火寮
爏	⿰火歷
爑	⿰火蕉
爒	⿰炙尞
爔	⿰火羲
爖	⿰火龍
爘	⿰火餐
爙	⿰火襄
爜	⿰火叢
爞	⿰火蟲
爠	⿰火瞿
爡	⿰火蠆
爢	⿸靡灬
爣	⿰火黨
爥	⿰火屬
爦	⿰火覽
爧	⿰火靈
爩	⿰火鬱
爮	⿺爪包
爱	⿳爫冖友
爳	⿱爲了
爷	⿱父卩
牄	⿰爿倉
牉	⿰片半
牊	⿰片召
牍	⿰片卖
牑	⿰片扁
牔	⿰片尃
牤	⿰牜亡
牥	⿰牜方
牦	⿰牜毛
牪	⿰牜牛
牬	⿰牜𠂔
牭	⿰牜四
牰	⿰牜由
牳	⿰牜母
牵	⿳大冖牛
牶	⿱龹牛
牺	⿰牜西
犃	⿰牜咅
犅	⿰牜岡
犆	⿰牜直
犈	⿰牜卷
犊	⿰牜卖
犋	⿰牜具
犌	⿰牜叚
犏	⿰牜扁
犐	⿰牜科
犑	⿰牜狊
犔	⿰牜氣
犕	⿰牜𤰇
犗	⿰牜害
犘	⿸麻牛
犙	⿰牜參
犚	⿱尉牛
犜	⿰牜敦
犝	⿰牜童
犞	⿰牜喬
犟	⿱强牛
犡	⿰牜厲
犣	⿰牜巤
犤	⿰牜罷
犥	⿰牜麃
犦	⿰牜暴
犩	⿱魏牛
犪	⿰牜夔
犫	⿱讎牛
犳	⿰犭勺
犵	⿰犭乞
犷	⿰犭广
犸	⿰犭马
犺	⿰犭亢
犻	⿰犭巿
犼	⿰犭孔
犽	⿰犭牙
犿	⿰犭卞
狅	⿰犭壬
狈	⿰犭贝
狊	⿱目犬
狋	⿰犭示
狍	⿰犭包
狏	⿰犭㐌
狑	⿰犭令
狓	⿰犭皮
狔	⿰犭尼
狚	⿰犭旦
狜	⿰犭古
狝	⿰犭尔
狞	⿰犭宁
狣	⿰犭兆
狤	⿰犭吉
狦	⿰犭⿻𦉫𠄠
狧	⿰犭舌
狨	⿰犭戎
狪	⿰犭同
狫	⿰犭老
狮	⿰犭师
狯	⿰犭会
狰	⿰犭争
狱	⿲犭讠犬
狲	⿰犭孙
狵	⿰犭尨
狶	⿰犭希
狿	⿰犭延
猀	⿰犭沙
猁	⿰犭利
猃	⿰犭佥
猆	⿱非犬
猈	⿰犭卑
猉	⿰犭其
猌	⿰來犬
猎	⿰犭昔
猏	⿰犭肩
猐	⿰犭羌
猑	⿰犭昆
猔	⿰犭宗
猕	⿰犭弥
猚	⿰犭隹
猠	⿰犭典
猡	⿰犭罗
猣	⿰犭㚇
猦	⿰犭風
猭	⿰犭彖
猰	⿰犭契
猸	⿰犭眉
猼	⿰犭尃
獀	⿰犭叟
獁	⿰犭馬
獂	⿰犭原
獆	⿰犭皋
獇	⿰犭羗
獈	⿰犭益
獉	⿰犭秦
獊	⿰犭倉
獋	⿰犭臯
獌	⿰犭曼
獑	⿰犭斬
獓	⿰犭敖
獔	⿰犭皐
獕	⿰犭崔
獙	⿰犭敝
獚	⿰犭黄
獛	⿰犭菐
獜	⿰犭粦
獡	⿰犭舄
獢	⿰犭喬
獤	⿰犭敦
獥	⿰犭敫
獭	⿰犭赖
獳	⿰犭需
獴	⿰犭蒙
獶	⿰犭憂
獽	⿰犭襄
獾	⿰犭雚
獿	⿰犭夒
玂	⿰犭蘄
玈	⿰玄⿱𠂉⿻𱍸㇒
玌	⿰𤣩乚
玍	⿰㇒王
玏	⿰𤣩力
玑	⿰𤣩几
玒	⿰𤣩工
玙	⿰𤣩与
玚	⿰𤣩𠃓
玛	⿰𤣩马
玝	⿰𤣩午
玡	⿰𤣩牙
玣	⿰𤣩卞
玤	⿰𤣩丰
玧	⿰𤣩允
玬	⿰𤣩丹
玮	⿰𤣩韦
环	⿰𤣩不
现	⿰𤣩见
玱	⿰𤣩仓
玴	⿰𤣩世
玶	⿰𤣩平
玸	⿰𤣩包
玺	⿱尔玉
玾	⿰𤣩甲
珁	⿰𤣩瓦
珃	⿰𤣩冉
珄	⿰𤣩生
珇	⿰𤣩且
珐	⿰𤣩去
珑	⿰𤣩龙
珔	⿰𤣩存
珕	⿰𤣩劦
珗	⿰𤣩先
珘	⿰𤣩舟
珚	⿰𤣩因
珛	⿰𤣩有
珜	⿰𤣩羊
珟	⿰𤣩夙
珢	⿰𤣩艮
珤	⿰𤣩缶
珨	⿰𤣩合
珫	⿰𤣩充
珬	⿰𤣩戌
珯	⿰𤣩老
珰	⿰𤣩当
珲	⿰𤣩军
珳	⿰𤣩彣
珶	⿰𤣩弟
珼	⿰𤣩貝
琂	⿰𤣩言
琈	⿰𤣩孚
琋	⿰𤣩希
琌	⿰𤣩岑
琍	⿰𤣩利
琎	⿰𤣩进
琏	⿰𤣩连
琐	⿰𤣩𭕆
琒	⿰𤣩夆
琔	⿰𤣩定
琕	⿰𤣩卑
琖	⿰𤣩戔
琗	⿰𤣩卒
琘	⿰𤣩昏
琙	⿰𤣩或
琜	⿰𤣩來
琝	⿰𤣩旻
琞	⿱明玉
琟	⿰𤣩隹
琠	⿰𤣩典
琡	⿰𤣩叔
琣	⿰𤣩咅
琧	⿱亞玉
琷	⿰𤣩羌
琸	⿰𤣩卓
琻	⿰𤣩金
琼	⿰𤣩京
琽	⿰𤣩者
琾	⿰𤣩界
瑂	⿰𤣩眉
瑅	⿰𤣩是
瑈	⿰𤣩柔
瑉	⿰𤣩昬
瑊	⿰𤣩咸
瑌	⿰𤣩耎
瑎	⿰𤣩皆
瑏	⿰𤣩穿
瑐	⿰𤣩前
瑔	⿰𤣩泉
瑖	⿰𤣩段
瑘	⿰𤣩耶
瑡	⿰𤣩師
瑥	⿰𤣩昷
瑬	⿱流玉
瑴	⿰⿱⿳士冖一王殳
瑵	⿰𤣩蚤
瑷	⿰𤣩爱
瑸	⿰𤣩宾
瑹	⿰𤣩荼
瑺	⿰𤣩常
瑻	⿰𤣩貫
瑼	⿰𤣩專
瑽	⿰𤣩從
瑿	⿱殹玉
璂	⿰𤣩基
璄	⿰𤣩竟
璊	⿰𤣩㒼
璌	⿰𤣩寅
璍	⿰𤣩華
璎	⿰𤣩婴
璓	⿰𤣩莠
璔	⿰𤣩曾
璕	⿰𤣩尋
璖	⿰𤣩渠
璛	⿰𤣩肅
璝	⿰𤣩貴
璤	⿰𤣩惠
璬	⿰𤣩敫
璭	⿰𤣩運
璳	⿰𤣩⿱朱貝
璴	⿰𤣩楚
璶	⿰𤣩盡
璷	⿰𤣩敷
璸	⿰𤣩賓
璼	⿰𤣩監
璾	⿰𤣩齊
瓀	⿰𤣩需
瓁	⿰𤣩蒦
瓂	⿰𤣩蓋
瓃	⿰𤣩畾
瓄	⿰𤣩賣
瓅	⿰𤣩樂
瓆	⿰𤣩質
瓇	⿰𤣩憂
瓋	⿰𤣩適
瓍	⿰𤣩隨
瓎	⿰𤣩賴
瓑	⿰𤣩歷
瓒	⿰𤣩赞
瓕	⿱彌玉
瓗	⿰𤣩巂
瓙	⿰𤣩燾
瓝	⿺瓜勺
瓡	⿰幸瓜
瓥	⿱⿰瓜豕䖵
瓬	⿰方瓦
瓭	⿰冘瓦
瓳	⿰古瓦
瓵	⿰台瓦
瓹	⿰肙瓦
瓽	⿱𫩠瓦
瓾	⿰委瓦
甀	⿰垂瓦
甂	⿰扁瓦
甇	⿱𤇾瓦
甈	⿰臬瓦
甉	⿰兼瓦
甊	⿰婁瓦
甋	⿰啇瓦
甏	⿱彭瓦
甐	⿰粦瓦
甔	⿰詹瓦
甙	⿹弋甘
甛	⿰甘舌
甝	⿺虎甘
產	⿳亠㐅𰆘
甭	⿱不用
甮	⿱勿用
甴	⿻口丄
电	⿻日乚
畁	⿱由丌
畂	⿰田久
畅	⿰申𠃓
畓	⿱水田
畕	⿱田田
畖	⿰田瓜
畘	⿰田冉
畣	⿱合田
畨	⿱米田
畮	⿰田每
畵	⿱⿱𦘒一𰢵
疀	⿰甾疌
疃	⿰田童
疄	⿰田粦
疈	⿲畐⿰丶丿畐
疍	⿱疋旦
疖	⿸疒𰆊
疗	⿸疒了
疘	⿸疒工
疛	⿸疒寸
疞	⿸疒亏
疟	⿸疒𰀂
疠	⿸疒万
疡	⿸疒𠃓
疦	⿸疒夬
疧	⿸疒氏
疨	⿸疒牙
疩	⿸疒卆
疪	⿸疒比
疬	⿸疒历
疭	⿸疒从
疮	⿸疒仓
疯	⿸疒风
疶	⿸疒世
疻	⿸疒只
痈	⿸疒用
痉	⿸疒𢀖
痋	⿸疒虫
痐	⿸疒回
痑	⿸疒多
痖	⿸疒亚
痚	⿸疒孝
痥	⿸疒兑
痦	⿸疒吾
痨	⿸疒劳
痪	⿸疒奂
痫	⿸疒闲
痭	⿸疒朋
痵	⿸疒季
痶	⿸疒典
痷	⿸疒奄
痸	⿸疒制
痻	⿸疒昏
痽	⿸疒隹
瘅	⿸疒单
瘆	⿸疒参
瘎	⿸疒甚
瘐	⿸疒臾
瘑	⿸疒咼
瘔	⿸疒苦
瘗	⿸疒⿱夹土
瘚	⿸疒欮
瘪	⿸疒⿱自仑
瘫	⿸疒难
瘬	⿸疒張
瘮	⿸疒參
瘯	⿸疒族
瘱	⿸疒㤲
瘶	⿸疒欶
瘷	⿸疒敕
瘽	⿸疒堇
瘾	⿸疒隐
瘿	⿸疒婴
癍	⿸疒斑
癎	⿸疒間
癏	⿸疒睘
癐	⿸疒會
癑	⿸疒農
癓	⿸疒微
癔	⿸疒意
癗	⿸疒雷
癚	⿸疒詹
癛	⿸疒稟
癝	⿸疒禀
癞	⿸疒赖
癠	⿸疒齊
癣	⿸疒鲜
癦	⿸疒墨
癫	⿸疒颠
癳	⿸疒纍
癵	⿸疒臠
癷	⿱癶干
癹	⿱癶殳
癿	⿰白乚
皂	⿱白七
皉	⿰白此
皊	⿰白令
皏	⿰白并
皑	⿰白岂
皒	⿰白我
皔	⿰白旱
皗	⿰白周
皘	⿰白青
皩	⿰皇晃
皫	⿰白麃
皬	⿰白霍
皱	⿰刍皮
皲	⿰军皮
皳	⿰求皮
皵	⿰昔皮
皻	⿰虘皮
皼	⿰壹皮
皾	⿰賣皮
盀	⿱卜皿
盄	⿱弔皿
盇	⿱太皿
盏	⿱戋皿
盐	⿱圤皿
监	⿱𰀢皿
盓	⿱汙皿
盕	⿱汎皿
盘	⿱舟皿
盚	⿱求皿
盝	⿱录皿
盢	⿱畎皿
盩	⿱𪯎皿
盫	⿱𨠭皿
盭	⿱𢿐皿
盯	⿰目丁
盳	⿰目亡
盵	⿰目乞
盷	⿰目匀
盺	⿰目斤
盽	⿰目丰
盿	⿰目文
眂	⿰目氏
眃	⿰目云
眅	⿰目反
眍	⿰目区
眏	⿰目央
眐	⿰目正
眑	⿰目幼
眓	⿰目戉
眖	⿰目兄
眘	⿱𡗜目
眝	⿰目宁
眡	⿰目氐
眣	⿰目失
眧	⿰目召
眪	⿰目丙
眫	⿰目半
眬	⿰目龙
眰	⿰目至
眱	⿰目夷
眲	⿰目耳
眳	⿰目名
眻	⿰目羊
眿	⿰目永
睁	⿰目争
睃	⿰目夋
睄	⿰目肖
睈	⿰目呈
睉	⿰目坐
睋	⿰目我
睌	⿰目免
睐	⿰目来
睑	⿰目佥
睓	⿰目典
睔	⿰目侖
睕	⿰目宛
睙	⿰目戾
睝	⿱𥝢目
睩	⿰目录
睭	⿰目周
睮	⿰目俞
睯	⿱敃目
睱	⿰目叚
睵	⿰目哉
睶	⿰目春
睷	⿰目建
睸	⿰目眉
睻	⿰目宣
瞁	⿰目狊
瞂	⿰盾犮
瞃	⿰目盾
瞅	⿰目秋
瞆	⿰目贵
瞇	⿰目迷
瞈	⿰目翁
瞉	⿰⿱⿳士冖一目殳
瞊	⿰目唐
瞏	⿱罒袁
瞐	⿱目䀠
瞒	⿰目𬜯
瞓	⿰目訓
瞗	⿰目鳥
瞘	⿰目區
瞙	⿰目莫
瞛	⿰目從
瞜	⿰目婁
瞝	⿰目离
瞡	⿰目規
瞣	⿰目患
瞦	⿰目喜
瞨	⿰目菐
瞫	⿰目覃
瞲	⿰目矞
瞴	⿰目無
瞷	⿰目間
瞸	⿰目葉
瞺	⿰目會
矀	⿰目微
矁	⿰目愁
矂	⿰目喿
矄	⿰目熏
矅	⿰目翟
矆	⿰目蒦
矈	⿰目⿳白穴方
矊	⿰目綿
矋	⿰目厲
矌	⿰目廣
矎	⿰目夐
矏	⿰目臱
矐	⿰目霍
矓	⿰目龍
矔	⿰目雚
矖	⿰目麗
矘	⿰目黨
矝	⿰矛令
矡	⿰矛矍
矨	⿰矢夭
矫	⿰矢乔
矲	⿰矢罷
矵	⿰石刂
矶	⿰石几
矷	⿰石子
矹	⿰石兀
矺	⿰石乇
矽	⿰石夕
矾	⿰石凡
矿	⿰石广
砀	⿰石𠃓
码	⿰石马
砃	⿰石丹
砄	⿰石夬
砇	⿰石文
砈	⿰石厄
砊	⿰石亢
砋	⿰石止
砏	⿰石分
砐	⿰石及
砓	⿰石殳
砖	⿰石专
砗	⿰石车
砘	⿰石屯
砚	⿰石见
砛	⿰石今
砜	⿰石风
砞	⿰石末
砟	⿰石乍
砤	⿰石㐌
砨	⿰石戹
砩	⿰石弗
砪	⿰石母
砫	⿰石主
砯	⿰石氷
砱	⿰石令
砳	⿰石石
砶	⿰石白
砸	⿰石匝
砹	⿰石艾
砻	⿱龙石
砼	⿰石仝
砽	⿰石用
砾	⿰石乐
础	⿰石出
硁	⿰石𢀖
硂	⿰石全
硆	⿰石合
硉	⿰石聿
硊	⿰石危
硋	⿰石亥
硍	⿰石艮
硐	⿰石同
硓	⿰石老
硔	⿰石共
硕	⿰石页
硖	⿰石夹
硗	⿰石尧
硘	⿰石回
硙	⿰石岂
硚	⿰石乔
硛	⿰石亦
硟	⿰石延
硢	⿰石余
硥	⿰石尨
硦	⿰石弄
硧	⿰石甬
硩	⿱折石
硭	⿰石芒
硰	⿱沙石
硱	⿰石困
硳	⿰石赤
硵	⿰石卤
硶	⿰石岑
硷	⿰石佥
硸	⿰石岸
硹	⿰石松
硻	⿱臤石
硽	⿰石奄
硿	⿰石空
碀	⿰石争
碂	⿰石宗
碃	⿰石青
碄	⿰石林
碅	⿰石囷
碈	⿰石昏
碉	⿰石周
碋	⿰石岢
碐	⿰石夌
碒	⿰石金
碖	⿰石侖
碙	⿰石岡
碛	⿰石责
碜	⿰石参
碠	⿰石亭
碢	⿰石咼
碥	⿰石扁
碦	⿰石客
碫	⿰石段
碮	⿰石是
碴	⿰石查
碶	⿰石契
碷	⿰石盾
碸	⿰石風
碹	⿰石宣
磀	⿰石逆
磂	⿰石留
磃	⿰石虒
磄	⿰石唐
磍	⿰石害
磏	⿰石兼
磗	⿰石尃
磘	⿰石䍃
磙	⿰石衮
磜	⿰石祭
磝	⿰石敖
磞	⿰石崩
磢	⿰石爽
磣	⿰石參
磥	⿰石累
磩	⿰石戚
磫	⿰石從
磭	⿰石脣
磮	⿰石崙
磰	⿰石善
磱	⿰石勞
磵	⿰石間
磸	⿰石奠
磼	⿰石集
礂	⿰石喜
礃	⿰石掌
礄	⿰石喬
礅	⿰石敦
礈	⿰石遂
礉	⿰石敫
礊	⿱𣪠石
礋	⿰石睪
礍	⿰石葛
礏	⿰石業
礓	⿰石畺
礔	⿰石辟
礕	⿱辟石
礖	⿰石與
礗	⿰石賓
礘	⿰石㬎
礝	⿰石需
礡	⿰石蒪
礢	⿰石養
礣	⿰石蔑
礤	⿰石蔡
礨	⿱畾石
礯	⿰石縈
礲	⿰石龍
礳	⿰石磨
礶	⿰石雚
礷	⿰石藍
礸	⿰石贊
礹	⿰石嚴
祂	⿰礻也
祃	⿰礻马
祌	⿰礻中
祍	⿰礻壬
祎	⿰礻韦
祒	⿰礻召
祙	⿰礻未
祡	⿱此示
祣	⿰礻⿱𠂉⿻𱍸㇒
祤	⿰礻羽
祦	⿰礻吴
祪	⿰礻危
祬	⿰礻至
祮	⿰礻吉
祯	⿰礻贞
祰	⿰礻告
祱	⿰礻兑
祳	⿰礻辰
祴	⿰礻戒
祵	⿰礻困
祶	⿰礻弟
祸	⿰礻呙
祽	⿰礻卒
禂	⿰礻周
禃	⿰礻直
禆	⿰礻卑
禇	⿰礻者
禈	⿰礻軍
禉	⿰礻酋
禐	⿰礻爰
禒	⿰礻彖
禗	⿰礻思
禙	⿰礻背
禚	⿰礻羔
禞	⿰礻高
禟	⿰礻唐
禠	⿰礻虒
禢	⿰礻𦐇
禣	⿰礻尃
禤	⿰礻⿱罒羽
禥	⿰礻基
禬	⿰礻會
禭	⿰礻遂
禲	⿰礻厲
禵	⿰礻題
禶	⿰礻贊
禷	⿰礻類
禼	⿱卤禸
秃	⿱禾几
秅	⿰禾乇
秆	⿰禾干
秎	⿰禾分
秐	⿰禾云
秓	⿰禾支
秗	⿰禾夭
秙	⿰禾古
秛	⿰禾皮
秜	⿰禾尼
秨	⿰禾乍
秮	⿰禾台
积	⿰禾只
秲	⿰禾寺
秳	⿰禾舌
秴	⿰禾合
秵	⿰禾因
秶	⿱次禾
秷	⿰禾至
秹	⿰禾任
秺	⿰禾宅
秽	⿰禾岁
秾	⿰禾农
秿	⿰禾甫
稁	⿱⿳亠口冖禾
稄	⿰禾夋
稅	⿰禾兌
稆	⿰禾吕
稏	⿰禾亞
稐	⿰禾侖
稒	⿰禾固
稓	⿰禾昔
稖	⿰禾咅
稝	⿰禾朋
稢	⿰禾或
稣	⿰鱼禾
稤	⿰禾京
稥	⿱𤇕日
稦	⿰禾韋
稨	⿰禾扁
稩	⿰禾胃
稪	⿰禾复
稬	⿰禾耎
稳	⿰禾急
稶	⿰禾彧
穁	⿰禾茸
穊	⿰禾既
穋	⿰禾翏
穑	⿰禾啬
穒	⿱禾鳥
穓	⿰禾異
穔	⿰禾黄
穘	⿰禾堯
穚	⿰禾喬
穛	⿰禾焦
穞	⿰禾鲁
穤	⿰禾需
穦	⿰禾賓
穨	⿰秃貴
穬	⿰禾廣
穮	⿰禾麃
穯	⿰禾⿱⿻土吅回
穱	⿰禾爵
穲	⿰禾麗
穳	⿰禾贊
穷	⿱穴力
穻	⿱穴于
穼	⿱穴木
窇	⿱穴包
窉	⿱穴丙
窌	⿱穴卯
窍	⿱穴巧
窎	⿱穴鸟
窏	⿱穴汙
窙	⿱穴孝
窚	⿱穴成
窛	⿱穴⿺元女
窜	⿱穴串
窝	⿱穴呙
窡	⿱穴叕
窢	⿱穴或
窤	⿱穴昆
窥	⿱穴规
窦	⿱穴卖
窧	⿱穴卓
窨	⿱穴音
窫	⿱穴契
窭	⿱穴娄
窱	⿱穴條
窲	⿱穴料
窴	⿱穴真
窷	⿱穴聊
窸	⿱穴悉
窽	⿱穴欵
竀	⿱穴⿰正見
竁	⿱穴毳
竂	⿱穴尞
竐	⿰立殳
竔	⿰立升
竖	⿱𰀡立
竗	⿰立少
竘	⿰立句
竞	⿱立兄
竤	⿰立宏
竮	⿰立屏
竲	⿰立曾
竳	⿰立登
竵	⿰立𩰬
竷	⿰章⿱夅夊
竼	⿱𥫗凡
笀	⿱𥫗亡
笁	⿱𥫗工
笃	⿱𥫗马
笅	⿱𥫗爻
笉	⿱𥫗匀
笌	⿱𥫗牙
笍	⿱𥫗内
笎	⿱𥫗元
笐	⿱𥫗亢
笓	⿱𥫗比
笕	⿱𥫗见
笖	⿱𥫗以
笗	⿱𥫗冬
笚	⿱𥫗甲
笜	⿱𥫗出
笝	⿱𥫗㘝
笡	⿱𥫗且
笢	⿱𥫗民
笤	⿱𥫗召
笲	⿱𥫗弁
笷	⿱𥫗卯
笸	⿱𥫗叵
笺	⿱𥫗戋
笼	⿱𥫗龙
笾	⿱𥫗边
筂	⿱𥫗池
筃	⿱𥫗因
筄	⿱𥫗兆
筊	⿱𥫗交
筓	⿱𥫗幵
筗	⿱𥫗仲
筘	⿱𥫗扣
筙	⿱𥫗耒
筚	⿱笓十
筛	⿱𥫗师
筜	⿱𥫗当
筞	⿱𥫗宋
筟	⿱𥫗孚
筡	⿱𥫗余
筢	⿱𥫗把
筣	⿱𥫗利
筨	⿱𥫗含
筫	⿱𥫗貝
筶	⿱𥫗告
筸	⿱𥫗旱
筻	⿱𥫗更
筼	⿱𥫗员
筽	⿱𥫗吴
签	⿱𥫗佥
简	⿱𥫗间
箁	⿱𥫗咅
箂	⿱𥫗來
箃	⿱𥫗取
箅	⿱𥫗畀
箈	⿱𥫗治
箊	⿱𥫗於
箌	⿱𥫗到
箓	⿱𥫗录
箢	⿱𥫗宛
箣	⿱𥫗刺
箤	⿱𥫗卒
箦	⿱𥫗责
箧	⿱𥫗⿷匚夹
箨	⿱𥫗择
箩	⿱𥫗罗
箫	⿱𥫗肃
箮	⿱𥫗宣
箳	⿱𥫗屏
箷	⿱𥫗施
箹	⿱𥫗約
箾	⿱𥫗削
箿	⿱𥫗咠
篃	⿱𥫗眉
篍	⿱𥫗秋
篎	⿱𥫗眇
篐	⿱𥫗𣐝
篑	⿱𥫗贵
篒	⿱𥫗食
篓	⿱𥫗娄
篕	⿱𥫗盍
篘	⿱𥫗芻
篜	⿱𥫗烝
篞	⿱𥫗涅
篟	⿱𥫗倩
篡	⿱𮅕厶
篢	⿱𥫗貢
篣	⿱𥫗旁
篧	⿱𥫗隺
篫	⿱筑手
篬	⿱𥫗倉
篮	⿱𥫗监
篯	⿱𥫗钱
篱	⿱𥫗离
篻	⿱𥫗票
篽	⿱𥫗御
篿	⿱𥫗專
簅	⿱𥫗産
簈	⿱𥫗屛
簊	⿱𥫗基
簐	⿱𥫗軟
簕	⿱𥫗勒
簖	⿱𥫗断
簘	⿱𥫗粛
簚	⿳𥫗罒⿹戈巾
簜	⿱𥫗湯
簝	⿱𥫗尞
簢	⿱𥫗閔
簤	⿱𥫗買
簩	⿱𥫗勞
簭	⿱筮㕣
簮	⿱𥫗替
簯	⿱𥫗棋
簰	⿱𥫗牌
簲	⿱𥫗脾
簵	⿱𥫗輅
簻	⿱𥫗過
簼	⿱𥫗搆
籁	⿱𥫗赖
籂	⿱𥫗飾
籄	⿱𥫗匱
籇	⿱𥫗豪
籈	⿱𥫗甄
籉	⿱𥫗臺
籋	⿱𥫗爾
籎	⿱𥫗疑
籢	⿱𥫗斂
籦	⿱𥫗鍾
籨	⿱𥫗歛
籪	⿱𥫗斷
籫	⿱𥫗贊
籱	⿱𥫗靃
籴	⿱入米
籶	⿰米几
籷	⿰米乇
籸	⿰米卂
籺	⿰米乞
类	⿱米大
籿	⿰米寸
粀	⿰米丈
粄	⿰米反
粅	⿰米勿
粈	⿰米丑
粊	⿱比米
粌	⿰米引
粎	⿰米尺
粑	⿰米巴
粓	⿰米甘
粖	⿰米末
粙	⿰米由
粚	⿰米㐌
粜	⿱出米
粝	⿰米厉
粣	⿰米册
粩	⿰米老
粪	⿱米共
粬	⿰米曲
粯	⿰米見
粴	⿰米里
粵	⿱⿴⿱㇒囗釆丂
粸	⿰米其
糁	⿰米参
糃	⿰米昜
糆	⿰米面
糋	⿰米前
糌	⿰米昝
糐	⿰米尃
糑	⿰米弱
糛	⿰米堂
糡	⿰米竟
糣	⿰米朁
糤	⿰米散
糥	⿰米𦓔
糨	⿰米强
糪	⿱辟米
糬	⿰米署
糭	⿰米𡕰
糮	⿰米監
糰	⿰米團
糱	⿱辥米
糳	⿱𣫞米
糷	⿰米蘭
糹	⿱幺⿲丶丶丶
糼	⿰糹力
糽	⿰糹丁
糿	⿰糹刀
紁	⿰糹叉
紌	⿰糹尤
紎	⿰糹犬
紟	⿰糹今
紤	⿰糹斤
紥	⿱扎糸
紧	⿱𰀡糸
紨	⿰糹付
紩	⿰糹失
紴	⿰糹皮
紶	⿰糹去
紷	⿰糹令
紸	⿰糹主
紻	⿰糹央
絉	⿰糹术
絊	⿰糹本
絒	⿰糹州
絔	⿰糹百
絕	⿰糹⿱刀巴
絘	⿰糹次
絟	⿰糹全
絠	⿰糹有
絤	⿰糹西
絩	⿰糹兆
絫	⿱厽糸
絬	⿰糹舌
絭	⿱龹糸
絯	⿰糹亥
絴	⿰糹羊
絷	⿱执糸
絼	⿰糹豸
絾	⿰糹成
綀	⿰糹束
綄	⿰糹完
綇	⿰糹酉
綊	⿰糹夾
綎	⿰糹廷
綐	⿰糹兑
綒	⿰糹孚
綔	⿰夸系
綕	⿰糹志
綘	⿰糹夆
綡	⿰糹京
綤	⿱邵糸
綥	⿰糹畀
綨	⿰糹其
綩	⿰糹宛
綼	⿰糹卑
緁	⿰糹疌
緈	⿰糹幸
緉	⿰糹兩
緐	⿰每系
緓	⿰糹英
緔	⿰糹尚
緛	⿰糹耎
緟	⿰糹重
緧	⿰糹酋
緮	⿰糹复
緰	⿰糹俞
緳	⿸广絜
緷	⿰糹軍
緸	⿰糹垔
緼	⿰糹昷
緽	⿰糹貞
緾	⿰糹厘
緿	⿰糹怠
縂	⿰糹总
縃	⿰糹胥
縆	⿰糹恒
縇	⿰糹宣
縌	⿰糹逆
縍	⿰糹旁
縎	⿰糹骨
縏	⿱般糸
縓	⿰糹原
縔	⿰糹桑
縖	⿰糹害
縘	⿰糹奚
縙	⿰糹茸
縚	⿰糹舀
縤	⿰糹素
縥	⿰糹秦
縩	⿰糹祭
縪	⿰糹畢
縰	⿰糹徙
縴	⿰糹牽
縸	⿰糹莫
縼	⿰糹旋
繀	⿰糹崔
繂	⿰糹率
繈	⿰糹強
繉	⿰糹⿱目兆
繌	⿰糹𡕩
繏	⿰糹巽
繑	⿰糹喬
繓	⿰糹最
繗	⿰糹粦
繛	⿰素卓
繜	⿰糹尊
繠	⿱惢糸
繣	⿰糹畫
繤	⿱艹䋰
繨	⿰糹達
繬	⿰糹嗇
繱	⿰糹葱
繲	⿰糹解
繴	⿱辟糸
繶	⿰糹意
繷	⿰糹農
繺	⿰糹煞
纀	⿰糹僕
纄	⿰糹蓬
纅	⿰糹樂
纋	⿰糹憂
纗	⿰糹巂
纙	⿰糹羅
纟	
纠	⿰纟丩
纡	⿰纟于
红	⿰纟工
纣	⿰纟寸
纤	⿰纟千
纥	⿰纟乞
约	⿰纟勺
级	⿰纟及
纨	⿰纟丸
纩	⿰纟广
纪	⿰纟己
纫	⿰纟刃
纬	⿰纟韦
纭	⿰纟云
纮	⿰纟厷
纯	⿰纟屯
纰	⿰纟比
纱	⿰纟少
纲	⿰纟冈
纳	⿰纟内
纴	⿰纟壬
纵	⿰纟从
纶	⿰纟仑
纷	⿰纟分
纸	⿰纟氏
纹	⿰纟文
纺	⿰纟方
纻	⿰纟㝉
纼	⿰纟引
纽	⿰纟丑
纾	⿰纟予
线	⿰纟戋
绀	⿰纟甘
绁	⿰纟世
绂	⿰纟犮
练	⿰纟𫠣
组	⿰纟且
绅	⿰纟申
细	⿰纟田
织	⿰纟只
终	⿰纟冬
绉	⿰纟刍
绊	⿰纟半
绋	⿰纟弗
绌	⿰纟出
绍	⿰纟召
绎	⿰纟𠬤
经	⿰纟𢀖
绐	⿰纟台
绑	⿰纟邦
绒	⿰纟戎
结	⿰纟吉
绔	⿰纟夸
绕	⿰纟尧
绖	⿰纟至
绗	⿰纟行
绘	⿰纟会
给	⿰纟合
绚	⿰纟旬
绛	⿰纟夅
络	⿰纟各
绝	⿰纟色
绞	⿰纟交
统	⿰纟充
绠	⿰纟更
绡	⿰纟肖
绢	⿰纟肙
绣	⿰纟秀
绤	⿰纟谷
绥	⿰纟妥
绦	⿰纟条
继	⿰纟⿺𠃊米
绨	⿰纟弟
绩	⿰纟责
绪	⿰纟者
绫	⿰纟夌
绬	⿰纟英
续	⿰纟卖
绮	⿰纟奇
绯	⿰纟非
绰	⿰纟卓
绱	⿰纟尚
绲	⿰纟昆
绳	⿰纟黾
维	⿰纟隹
绵	⿰纟帛
绶	⿰纟受
绷	⿰纟朋
绸	⿰纟周
绹	⿰纟匋
绺	⿰纟咎
绻	⿰纟卷
综	⿰纟宗
绽	⿰纟定
绾	⿰纟官
绿	⿰纟录
缀	⿰纟叕
缁	⿰纟甾
缂	⿰纟革
缃	⿰纟相
缄	⿰纟咸
缅	⿰纟面
缆	⿰纟览
缇	⿰纟是
缈	⿰纟眇
缉	⿰纟咠
缊	⿰纟昷
缋	⿰纟贵
缌	⿰纟思
缍	⿰纟垂
缎	⿰纟段
缏	⿰纟便
缐	⿰纟泉
缑	⿰纟侯
缒	⿰纟追
缓	⿰纟爰
缔	⿰纟帝
缕	⿰纟娄
编	⿰纟扁
缗	⿰纟昬
缘	⿰纟彖
缙	⿰纟晋
缚	⿰纟尃
缛	⿰纟⿸辰寸
缜	⿰纟真
缝	⿰纟逢
缞	⿰纟衰
缟	⿰纟高
缠	⿰纟㢆
缡	⿰纟离
缢	⿰纟益
缣	⿰纟兼
缤	⿰纟宾
缥	⿰纟票
缦	⿰纟曼
缧	⿰纟累
缨	⿰纟婴
缩	⿰纟宿
缪	⿰纟翏
缫	⿰纟巢
缬	⿰纟颉
缭	⿰纟尞
缮	⿰纟善
缯	⿰纟曾
缰	⿰纟畺
缱	⿰纟遣
缲	⿰纟喿
缳	⿰纟睘
缴	⿰纟敫
缵	⿰纟赞
缷	⿰缶卩
缹	⿱缶灬
罀	⿰缶兆
罁	⿰缶岡
罂	⿱𲂻缶
罆	⿰缶貫
罈	⿰缶覃
罉	⿰缶掌
罊	⿱𣪠缶
罋	⿱雍缶
罖	⿱罒亽
罗	⿱罒夕
罙	⿱⿱冖八木
罚	⿱罒⿰讠刂
罞	⿱罒矛
罢	⿱罒去
罬	⿱罒叕
罯	⿱罒音
罳	⿱罒思
罴	⿱罢灬
罶	⿱罒留
罺	⿱罒巢
罻	⿱罒尉
罼	⿱罒畢
羁	⿱罒⿰革马
羄	⿱罒綽
羉	⿱罒䜌
羒	⿰羊分
羓	⿰羊巴
羕	⿱𦍌永
羘	⿰月羊
羙	⿱𦍌火
羛	⿱𦍌弗
羟	⿰羊𢀖
羠	⿰羊夷
羥	⿰羊巠
羧	⿰羊夋
羫	⿰羊空
羬	⿰羊咸
羰	⿰羊炭
羱	⿰羊原
羳	⿰羊番
羵	⿰羊賁
羷	⿰羊僉
羺	⿰羊需
羻	⿰羊慶
羾	⿰羽工
翂	⿰羽分
翄	⿰羽支
翇	⿱羽犮
翉	⿰本羽
翋	⿰羽立
翍	⿰羽皮
翐	⿰羽失
翑	⿰羽句
翓	⿰吉羽
翖	⿰合羽
翗	⿰多羽
翘	⿺尧羽
翙	⿰岁羽
翚	⿱羽军
翜	⿱羽夾
翝	⿰宏羽
翞	⿰羽京
翢	⿰周羽
翤	⿰⿱口𠕁羽
翧	⿰宣羽
翪	⿰羽㚇
翭	⿰羽侯
翱	⿰皋羽
翴	⿰羽連
翵	⿰羽鳥
翶	⿰皐羽
翷	⿰粦羽
翸	⿰賁羽
耉	⿹考口
耚	⿰耒皮
耛	⿰耒台
耢	⿰耒劳
耣	⿰耒侖
耥	⿰耒尚
耧	⿰耒娄
耩	⿰耒冓
耪	⿰耒旁
耫	⿰耒責
耭	⿰耒幾
耯	⿰耒蒦
耱	⿰耒磨
耲	⿰耒褱
耸	⿱从耳
聁	⿰耳分
聂	⿱耳双
聅	⿰耳矢
聇	⿰耳正
聈	⿰耳幼
聉	⿰耳出
聋	⿱龙耳
职	⿰耳只
聍	⿰耳宁
聎	⿰耳兆
聏	⿰耳而
聐	⿰耳吉
聑	⿰耳耳
聓	⿱巩耳
联	⿰耳关
聕	⿰耳告
聗	⿰耳夾
聙	⿰耳青
聛	⿰耳卑
聜	⿰耳空
聝	⿰耳或
聣	⿰耳兒
聥	⿰耳禹
聧	⿰耳癸
聩	⿰耳贵
聪	⿰耳总
聫	⿰耳⿱𢆶大
聬	⿰耳翁
聮	⿰耳𢇁
聸	⿰耳詹
聺	⿰耳察
聼	⿰⿱乛耳𢛳
肀	⿻⺕丨
肂	⿰歹聿
肃	⿻肀⿲丿八丨
肊	⿰月乙
肍	⿰月九
肏	⿱入肉
肐	⿰月乞
肑	⿰月勺
肒	⿰月丸
肔	⿰月也
肕	⿰月刃
肗	⿰月女
肟	⿰月亏
肠	⿰月𠃓
肣	⿰月今
肨	⿰月丰
肮	⿰月亢
肰	⿰月犬
肳	⿰月勿
肵	⿰月斤
肶	⿰月比
肷	⿰月欠
肻	⿱⺊肎
肼	⿰月井
肽	⿰月太
肾	⿱𰀡⺝
肿	⿰月中
胀	⿰月长
胁	⿰月办
胂	⿰月申
胇	⿰月弗
胉	⿰月白
胋	⿰月占
胐	⿰⺼出
胑	⿰月只
胓	⿰月平
胜	⿰月生
胟	⿰月母
胢	⿰月可
胣	⿰月㐌
胧	⿰月龙
胨	⿰月东
胩	⿰月卡
胪	⿰月卢
胫	⿰月𢀖
胬	⿱奴肉
胷	⿱匈⺝
胿	⿰月圭
脀	⿱丞⺝
脁	⿰⺼兆
脄	⿰月灰
脌	⿰月年
脎	⿰月杀
脏	⿰月庄
脐	⿰月齐
脑	⿰月㐫
脒	⿰月米
脓	⿰月农
脔	⿱𰁜肉
脕	⿰月免
脙	⿰月求
脝	⿰月亨
脟	⿰月寽
脡	⿰月廷
脢	⿰月每
脥	⿰月夾
脦	⿰月忒
脨	⿰月束
脪	⿰月希
脫	⿰月兌
脭	⿰月呈
脮	⿰月妥
脲	⿰月尿
脴	⿰月否
脶	⿰月呙
脷	⿰月利
脸	⿰月佥
脻	⿰月疌
脿	⿰月表
腀	⿰月侖
腁	⿰月幷
腂	⿰月果
腃	⿰月卷
腄	⿰月垂
腈	⿰月青
腉	⿰月兒
腍	⿰月念
腏	⿰月叕
腖	⿰月東
腘	⿰月国
腙	⿰月宗
腚	⿰月定
腛	⿰月屋
腜	⿰月某
腝	⿰月耎
腞	⿰月彖
腢	⿰月禺
腣	⿰月帝
腤	⿰月音
腪	⿰月軍
腬	⿰月柔
腲	⿰月畏
腳	⿰月卻
腵	⿰月叚
腶	⿰月段
腻	⿰月贰
腼	⿰月面
腽	⿰月昷
腾	⿰月𱅑
膇	⿰月追
膉	⿰月益
膌	⿰月脊
膍	⿰月𣬉
膑	⿰月宾
膒	⿰月區
膔	⿰月鹿
膗	⿰月崔
膙	⿰月强
膟	⿰月率
膡	⿰月眷
膥	⿱⿰末成肉
膦	⿰月粦
膧	⿰⺼童
膪	⿰月啻
膫	⿰月尞
膬	⿰月毳
膭	⿰月貴
膯	⿰月登
膱	⿰月戠
膶	⿰月閏
膷	⿰月鄉
膹	⿰月賁
膼	⿰月過
臄	⿰月豦
臇	⿰月雋
臌	⿰月鼓
臐	⿰月熏
臒	⿰月蒦
臔	⿰月賢
臜	⿰月赞
臢	⿰月贊
臦	⿰⿾臣臣
臩	⿱臦夰
臮	⿱自𫡑
臯	⿱自𠦂
臷	⿹𢦏至
舆	⿳⿴𦥑车一八
舋	⿱⿱⿴𦥑同冖且
舑	⿰舌冉
舕	⿰舌炎
舠	⿰舟刀
舣	⿰舟义
舤	⿰舟凡
舥	⿰舟巴
舦	⿰舟太
舧	⿰舟𭂫
舭	⿰舟比
舯	⿰舟中
舰	⿰舟见
舱	⿰舟仓
舻	⿰舟卢
舽	⿰舟夅
舾	⿰舟西
舿	⿰舟夸
艁	⿰舟告
艂	⿰舟夆
艈	⿰舟㐬
艊	⿰舟帛
艌	⿰舟念
艍	⿰舟居
艐	⿰舟㚇
艒	⿰舟冒
艓	⿰舟枼
艔	⿰舟度
艕	⿰舟旁
艛	⿰舟婁
艞	⿰舟筄
艡	⿰舟當
艥	⿰舟戢
艩	⿰舟齊
艬	⿰舟毚
艰	⿰又艮
艳	⿰丰色
艵	⿰并色
艺	⿱艹乙
艼	⿱艹丁
节	⿱艹𰆊
芅	⿱艹弋
芆	⿱艹叉
芈	⿻卝𰀁
芌	⿱艹亏
芏	⿱艹土
芐	⿱艹下
芕	⿱艹夕
芗	⿱艹乡
芜	⿱艹无
芞	⿱艹气
芢	⿱艹仁
芵	⿱艹夬
芶	⿱艹勾
苀	⿱艹亢
苁	⿱艹从
苂	⿱艹火
苃	⿱艹友
苄	⿱艹卞
苇	⿱艹韦
苈	⿱艹历
苉	⿱艹匹
苊	⿱艹厄
苋	⿱艹见
苌	⿱艹长
苍	⿱艹仓
苎	⿱艹㝉
苏	⿱艹办
苖	⿱艹由
苘	⿱艹冋
苝	⿱艹北
苩	⿱艹白
苬	⿱艹囚
苮	⿱艹仙
苰	⿱艹弘
苲	⿱艹乍
苵	⿱艹失
苸	⿱艹乎
苼	⿱艹生
苿	⿱艹未
茍	⿱卝句
茏	⿱艹龙
茐	⿱艹匆
茑	⿱艹鸟
茒	⿱艹邜
茓	⿱艹穴
茔	⿱𫇦土
茕	⿱𫇦卂
茙	⿱艹戎
茚	⿱艹印
茠	⿱艹休
茤	⿱艹多
茥	⿱艹圭
茦	⿱艹朿
茧	⿱艹虫
茩	⿱艹后
茪	⿱艹光
茻	⿱艸艸
茾	⿱艹开
茿	⿱艹巩
荁	⿱艹亘
荆	⿰茾刂
荈	⿱艹舛
荋	⿱艹而
荌	⿱艹安
荙	⿱艹达
荚	⿱艹夹
荛	⿱艹尧
荜	⿱艹毕
荝	⿱艹则
荞	⿱艹乔
荟	⿱艹会
荠	⿱艹齐
荡	⿱艹汤
荤	⿱艹军
荥	⿱𫇦水
荦	⿱𫇦牛
荧	⿱𫇦火
荨	⿱艹寻
荩	⿱艹尽
荪	⿱艹孙
荫	⿱艹阴
荬	⿱艹买
荭	⿱艹红
荮	⿱艹纣
药	⿱艹约
荱	⿱艹尾
荲	⿱艹里
荴	⿱艹扶
荶	⿱艹吟
荹	⿱艹步
荺	⿱艹均
荾	⿱艹夋
莁	⿱艹巫
莃	⿱艹希
莈	⿱艹没
莋	⿱艹作
莌	⿱艹兑
莏	⿱艹抄
莐	⿱艹沈
莑	⿱艹夆
莗	⿱艹車
莡	⿱艹足
莣	⿱艹忘
莤	⿱艹酉
莥	⿱艹狃
莮	⿱艹男
莯	⿱艹沐
莰	⿱艹坎
莲	⿱艹连
莳	⿱艹时
莴	⿱艹呙
莶	⿱艹佥
获	⿱艹犾
莸	⿱艹犹
莹	⿱𫇦玉
莺	⿱𫇦鸟
莻	⿱艿𫜸
莼	⿱艹纯
菂	⿱艹的
菃	⿱艹洰
菄	⿱艹東
菆	⿱艹取
菈	⿱艹拉
菋	⿱艹味
菍	⿱艹念
菒	⿱艹杲
菕	⿱艹侖
菗	⿱艹抽
菙	⿱艹垂
菚	⿱艹戔
菛	⿱艹門
菞	⿱艹𥝢
菢	⿱艹抱
菣	⿱艹臤
菤	⿱艹卷
菦	⿱艹近
菧	⿱艹底
菬	⿱艹沼
菭	⿱艹治
菮	⿱艹庚
菳	⿱艹金
菵	⿱艹罔
菺	⿱艹肩
菾	⿱艹忝
菿	⿱艹到
萀	⿱艹虎
萂	⿱艹和
萅	⿱艹旾
萈	⿱艹⿷見丶
萉	⿱艹肥
萐	⿱艹疌
萒	⿱艹兖
萔	⿱艹招
萖	⿱艹兒
萘	⿱艹奈
萚	⿱艹择
萛	⿱艹𥃲
萜	⿱艹帖
萝	⿱艹罗
萞	⿳艹𠔿比
萟	⿱艹秇
萡	⿱艹泊
萣	⿱艹定
萤	⿱𫇦虫
营	⿱𫇦吕
萦	⿱𫇦糸
萧	⿱艹肃
萨	⿱艹⿰阝产
萫	⿱艹香
萭	⿱艹禹
萮	⿱艹俞
萰	⿱艹柬
萲	⿱艹爰
萳	⿱艹南
萴	⿱艹則
萶	⿱艹春
萷	⿱艹削
萺	⿱艹冒
萻	⿱艹音
萾	⿱艹盈
萿	⿱艹活
葀	⿱艹括
葁	⿱艹姜
葂	⿱艹勉
葃	⿱艹昨
葄	⿱艹胙
葋	⿱艹胊
葌	⿱艹姦
葐	⿱艹盆
葓	⿱艹洪
葔	⿱艹侯
葕	⿱艹衍
葝	⿱艹勁
葞	⿱艹弭
葨	⿱艹畏
葲	⿱艹泉
葻	⿱艹風
葾	⿱艹怨
葿	⿱艹眉
蒀	⿱艹昷
蒃	⿱艹彖
蒆	⿳艹巩女
蒇	⿱艹⿵戊贝
蒈	⿱艹皆
蒉	⿱艹贵
蒊	⿱花𫜸
蒌	⿱艹娄
蒍	⿱艹為
蒎	⿱艹派
蒏	⿱𫇦酉
蒑	⿱艹殷
蒖	⿱艹真
蒘	⿱艹挐
蒚	⿱艹鬲
蒛	⿱艹缺
蒝	⿱艹原
蒠	⿱艹息
蒢	⿱艹除
蒣	⿱艹徐
蒤	⿱艹涂
蒥	⿱艹留
蒧	⿵茂占
蒫	⿱艹差
蒬	⿱艹冤
蒮	⿱艹隺
蒰	⿱艹般
蒳	⿱艹納
蒵	⿱艹奚
蒶	⿱艹紛
蒷	⿱艹員
蓃	⿱艹叟
蓅	⿱艹流
蓒	⿱艹軒
蓔	⿱艹羔
蓕	⿱艹桂
蓗	⿱艹徒
蓘	⿱艹衮
蓛	⿱艹敇
蓝	⿱艹监
蓞	⿱艹舀
蓟	⿱艹𬶀
蓠	⿱艹离
蓡	⿱艹浸
蓢	⿱艹朗
蓣	⿱艹预
蓤	⿱艹凌
蓥	⿱𫇦金
蓦	⿱莫马
蓨	⿱艹脩
蓩	⿱艹務
蓫	⿱艹逐
蓭	⿱艹庵
蓳	⿱艹堇
蓵	⿱艹捷
蓶	⿱艹唯
蓸	⿱艹曹
蓹	⿱艹御
蓾	⿱艹鹵
蔁	⿱艹章
蔄	⿱艹問
蔅	⿱艹𨳐
蔈	⿱艹票
蔉	⿱艹袞
蔊	⿱艹焊
蔋	⿱艹淑
蔍	⿱艹鹿
蔏	⿱艹商
蔒	⿱艹焄
蔖	⿱艹虘
蔙	⿱艹旋
蔝	⿱艹眯
蔠	⿱艹終
蔨	⿱艹圈
蔩	⿱艹寅
蔮	⿱艹國
蔰	⿱艹扈
蔱	⿱艹殺
蔷	⿱艹啬
蔸	⿱艹兜
蔹	⿱艹敛
蔺	⿱艹𫔴
蔻	⿱艹寇
蔼	⿱艹谒
蕂	⿱艹勝
蕄	⿱艹悶
蕅	⿱艹湡
蕇	⿱艹單
蕌	⿱艹晶
蕍	⿱艹渝
蕔	⿱艹報
蕛	⿱艹稊
蕥	⿱艹雅
蕦	⿱艹須
蕧	⿱艹復
蕬	⿱艹絲
蕮	⿱艹舄
蕰	⿱艹温
蕱	⿱艹稍
蕲	⿱艹⿰单斤
蕳	⿱艹間
蕴	⿱艹缊
蕵	⿱艹飧
蕶	⿱艹零
蕸	⿱艹遐
蕼	⿱艹肆
薂	⿱艹敫
薃	⿱艹滈
薍	⿱艹亂
薎	⿳⿱艹罒冖伐
薒	⿱艹粲
薕	⿱艹廉
薖	⿱艹過
薚	⿱艹⿰歹昜
薞	⿱艹飱
薡	⿱艹鼎
薣	⿱艹鼓
薱	⿱艹對
薲	⿱艹賓
薳	⿱艹遠
薵	⿱艹壽
薻	⿱艹漅
藀	⿱艹熒
藃	⿱艹歊
藄	⿱艹綦
藅	⿱艹罰
藆	⿱艹搴
藈	⿱艹睽
藌	⿱艹蜜
藑	⿱艹夐
藒	⿱艹䅥
藓	⿱艹鲜
藔	⿱艹寮
藖	⿱艹賢
藗	⿱艹遬
藛	⿱艹寫
藞	⿱艹磊
藢	⿱艹徵
藣	⿱艹罷
藧	⿱艹緩
藫	⿱艹潭
藬	⿱艹隤
藮	⿱艹樵
藯	⿱艹慰
藰	⿱艹劉
藱	⿱艹瘣
藲	⿱艹樞
藴	⿱艹緼
藵	⿱艹𧛱
藸	⿱艹豬
藽	⿱艹親
蘁	⿱艹噩
蘃	⿳艹歮木
蘈	⿱艹頽
蘉	⿳⿱艹罒冖侵
蘌	⿱艹禦
蘏	⿱艹頴
蘔	⿱艹穎
蘕	⿱艹縫
蘜	⿱艹鞠
蘝	⿱艹歛
蘟	⿱艹隱
蘠	⿱艹牆
蘣	⿱艹黈
蘥	⿱艹龠
蘦	⿱艹霝
蘨	⿱艹繇
蘪	⿱艹麋
蘫	⿱艹濫
蘬	⿱艹歸
蘮	⿱艹罽
蘱	⿱艹類
蘲	⿱艹壘
蘳	⿱艹黊
蘴	⿱艹豐
蘵	⿱艹職
蘷	⿳艹一⿳⿲止白巳八夊
蘻	⿱艹繫
蘾	⿱艹壞
虃	⿱艹瀸
虄	⿱艹⿰虫⿱夂産
虅	⿱艹騰
虇	⿱艹𢑆
虈	⿱艹嚻
虉	⿱艹鷊
虊	⿱艹欒
虋	⿱艹釁
虌	⿱艹鼈
虏	⿸虍力
虑	⿸虍心
虥	⿰虎戔
虦	⿰戔虎
虨	⿰𧇃彡
虪	⿰虎儵
虭	⿰虫刀
虮	⿰虫几
虰	⿰虫丁
虲	⿰虫卜
虳	⿰虫勺
虴	⿰虫乇
虸	⿰虫子
虼	⿰虫乞
虽	⿱口虫
虾	⿰虫下
虿	⿱万虫
蚀	⿰饣虫
蚁	⿰虫义
蚂	⿰虫马
蚃	⿱乡虫
蚄	⿰虫方
蚅	⿰虫厄
蚆	⿰虫巴
蚎	⿰虫日
蚏	⿰虫月
蚐	⿰虫匀
蚒	⿰虫丹
蚔	⿰虫氏
蚗	⿰虫夬
蚙	⿰虫今
蚛	⿰虫中
蚞	⿰虫木
蚟	⿰虫王
蚠	⿱分虫
蚢	⿰虫亢
蚥	⿰虫父
蚬	⿰虫见
蚮	⿰虫代
蚲	⿰虫平
蚺	⿰虫冉
蚻	⿱札虫
蚼	⿰虫句
蚽	⿰虫丕
蚾	⿰虫皮
蛂	⿰虫犮
蛈	⿰虫失
蛊	⿱虫皿
蛌	⿰虫瓜
蛏	⿰虫圣
蛐	⿰虫曲
蛓	⿹𢦏虫
蛖	⿰虫尨
蛘	⿰虫羊
蛝	⿰虫艮
蛡	⿰虫羽
蛢	⿰虫并
蛨	⿰虫百
蛪	⿱㓞虫
蛫	⿰虫危
蛰	⿱执虫
蛱	⿰虫夹
蛲	⿰虫尧
蛳	⿰虫师
蛴	⿰虫齐
蛵	⿰虫巠
蛶	⿰虫寽
蛷	⿰虫求
蛿	⿰虫含
蜁	⿰虫𭻾
蜌	⿰虫坒
蜕	⿰虫兑
蜖	⿰虫囬
蜗	⿰虫呙
蜛	⿰虫居
蜝	⿱其虫
蜠	⿰虫囷
蜢	⿰虫孟
蜤	⿱析虫
蜦	⿰虫侖
蜧	⿰虫戾
蜪	⿰虫匋
蜫	⿰虫昆
蜬	⿰虫函
蜭	⿰虫臽
蜰	⿱肥虫
蜳	⿰虫享
蜵	⿰虫𣶒
蜶	⿰虫卒
蜸	⿱臤虫
蝁	⿱亞虫
蝂	⿰虫版
蝄	⿰虫罔
蝆	⿰虫芈
蝇	⿰虫黾
蝈	⿰虫国
蝊	⿰虫定
蝏	⿰虫亭
蝐	⿰虫冒
蝒	⿰虫面
蝔	⿰虫皆
蝖	⿰虫宣
蝚	⿰虫柔
蝛	⿰虫威
蝜	⿰虫負
蝞	⿰虫眉
蝢	⿰虫頁
蝧	⿰虫英
蝩	⿰虫重
蝫	⿰虫者
蝬	⿰虫㚇
蝭	⿰虫是
蝰	⿰虫奎
蝳	⿰虫毒
蝵	⿱秋虫
蝷	⿰虫㡿
蝹	⿰虫昷
蝺	⿰虫禹
蝽	⿰虫春
蝾	⿰虫荣
螀	⿱将虫
螁	⿰虫退
螊	⿰虫兼
螎	⿰虫鬲
螏	⿰虫疾
螑	⿰虫臭
螒	⿰𠦝⿱𠆢虫
螔	⿰虫虒
螖	⿰虫骨
螚	⿱能虫
螛	⿰虫害
螜	⿱𣪊虫
螝	⿰虫鬼
螡	⿱文䖵
螤	⿰蚉㬰
螥	⿰虫倉
螦	⿰虫素
螨	⿰虫𬜯
螩	⿰虫條
螪	⿰虫商
螰	⿰虫鹿
螲	⿰虫窒
螴	⿱陳虫
螶	⿱巨䖵
螷	⿱庳虫
螸	⿱欲虫
螹	⿰虫斬
螼	⿰虫堇
蟂	⿰虫梟
蟃	⿰虫曼
蟅	⿰虫庶
蟌	⿰虫悤
蟍	⿰虫梨
蟏	⿰虫萧
蟑	⿰虫章
蟓	⿰虫象
蟔	⿰虫黑
蟗	⿳⿱𰀉冖出虫
蟘	⿰虫貸
蟛	⿰虫彭
蟝	⿰虫渠
蟞	⿱敝虫
蟡	⿰虫爲
蟧	⿰虫勞
蟨	⿸厥虫
蟩	⿰虫厥
蟮	⿰虫善
蟰	⿰虫肅
蟴	⿱斯虫
蟼	⿱敬虫
蟽	⿰虫達
蠀	⿰虫資
蠂	⿰虫葉
蠄	⿰虫禽
蠇	⿰虫萬
蠈	⿱賊虫
蠌	⿰虫睪
蠗	⿰虫翟
蠝	⿰虫畾
蠠	⿱面䖵
蠤	⿱酋䖵
蠥	⿱辥虫
蠦	⿰虫盧
蠩	⿰虫諸
蠪	⿱龍虫
蠫	⿱𭃤䖵
蠬	⿰虫龍
蠯	⿸庳䖵
蠳	⿰虫嬰
蠴	⿰虫薯
蠷	⿰虫瞿
蠸	⿰虫雚
蠽	⿱𢧵䖵
蠾	⿰虫屬
蠿	⿱𢇍䖵
衇	⿰血𠂢
衏	⿲彳元亍
衐	⿲彳巨亍
衔	⿲彳钅亍
补	⿰衤卜
衦	⿰衤干
衧	⿰衤于
衪	⿰衤也
衬	⿰衤寸
衭	⿰衤夫
衮	⿳亠公𧘇
衳	⿰衤公
衴	⿰衤冘
衶	⿰衤中
衸	⿰衤介
衺	⿳亠牙𧘇
衼	⿰衤支
袃	⿱切衣
袄	⿰衤夭
袅	⿱？衣
袆	⿰衤韦
袇	⿰衤丹
袉	⿰衤它
袊	⿰衤令
袌	⿳亠包𧘇
袎	⿰衤幼
袏	⿰衤左
袐	⿰衤必
袑	⿰衤召
袓	⿰衤且
袔	⿰衤可
袕	⿰衤穴
袝	⿰衤付
袡	⿰衤冉
袣	⿰衤世
袥	⿰衤石
袦	⿰衤出
袧	⿰衤句
袩	⿰衤占
袬	⿳亠台𧘇
袭	⿱龙衣
袯	⿰衤发
袲	⿳亠多𧘇
袳	⿰衤多
袶	⿰衤夅
袸	⿰衤存
袹	⿰衤百
袻	⿰衤而
裆	⿰衤当
裇	⿰衤血
裈	⿰衤军
裉	⿰衤艮
裐	⿰衤肙
裖	⿰衤辰
裗	⿰衤㐬
裚	⿱折衣
裠	⿱君衣
裢	⿰衤连
裣	⿰衤佥
裤	⿰衤库
裥	⿰衤间
裦	⿳亠⿰？矛𧘇
裩	⿰衤昆
裪	⿰衤匋
裫	⿰衤𣶒
裬	⿰衤夌
裭	⿰衤虎
裮	⿰衤昌
裶	⿰衤非
裺	⿰衤奄
裻	⿱叔衣
裿	⿰衤奇
褀	⿰衤其
褃	⿰衤肯
褅	⿰衤帝
褈	⿰衤重
褉	⿰衤契
褋	⿰衤枼
褑	⿰衤爰
褔	⿰衤畐
褗	⿰衤匽
褛	⿰衤娄
褟	⿰衤𦐇
褡	⿰衤荅
褢	⿳亠鬼𧘇
褣	⿰衤容
褤	⿰衤袁
褩	⿱般衣
褬	⿰衤桑
褭	⿳亠馬𧘇
褮	⿱𤇾衣
褯	⿰衤席
褳	⿰衤連
褴	⿰衤监
褼	⿰衤⿱䙲巳
褽	⿱尉衣
褿	⿰衤曹
襇	⿰衤間
襈	⿰衤巽
襊	⿰衤最
襋	⿰衤棘
襎	⿰衤番
襐	⿰衤象
襑	⿰衤尋
襓	⿰衤堯
襔	⿰衤㒼
襕	⿰衤阑
襘	⿰衤會
襙	⿰衤喿
襝	⿰衤僉
襥	⿰衤僕
襧	⿰衤爾
襨	⿰衤對
襩	⿰衤賣
襬	⿰衤罷
襱	⿰衤龍
襶	⿰衤戴
襸	⿰衤贊
襹	⿰衤麗
覂	⿱覀乏
覄	⿱覀伏
覅	⿰要勿
覌	⿰又見
覎	⿺見子
覑	⿰片見
覒	⿰毛見
覙	⿰尔見
覝	⿰㶣見
覞	⿰見見
覢	⿰炎見
覣	⿰委見
覤	⿰虎見
覨	⿰咢見
覫	⿰旁見
覭	⿰冥見
覮	⿱𤇾見
覱	⿱斬見
覸	⿰間見
覹	⿰見微
覻	⿰䖒見
覾	⿰審見
见	⿸⿵冂丿乚
观	⿰又见
觃	⿺见子
规	⿰夫见
觅	⿱爫见
视	⿰礻见
觇	⿰占见
览	⿱𰀢见
觉	⿱𰃮见
觊	⿰岂见
觋	⿰巫见
觌	⿰卖见
觍	⿰典见
觎	⿰俞见
觏	⿰冓见
觐	⿰堇见
觑	⿰虚见
觓	⿰角丩
觙	⿰角及
觛	⿰角旦
觞	⿰角⿱𠂉𠃓
觟	⿰角圭
觠	⿱龹角
觡	⿰角各
觢	⿱㓞角
觤	⿰角危
觨	⿰角汞
觪	⿰角辛
觬	⿰角兒
觮	⿰角录
觯	⿰角单
觰	⿰角者
觲	⿰角⿱𦍌牛
觵	⿰角黄
觷	⿱𦥯角
觺	⿱疑角
觻	⿰角樂
觼	⿰角夐
觾	⿰角燕
訁	言
訆	⿰訁丩
訉	⿰訁凡
訋	⿰訁勺
訍	⿰訁叉
訙	⿰訁丸
訚	⿵门言
訜	⿰訁分
訧	⿰訁尤
訨	⿰訁止
訩	⿰訁凶
訮	⿰訁开
訰	⿰訁屯
訲	⿰訁中
訸	⿰訁禾
訹	⿰訁术
訿	⿰訁此
詂	⿰訁付
詄	⿰訁失
詊	⿰訁半
詋	⿰訁兄
詌	⿰訁甘
詏	⿰訁幼
詙	⿰訁犮
詚	⿰訁旦
詟	⿱龙言
詤	⿰訁㠩
詨	⿰訁交
詪	⿰訁艮
詯	⿰訁自
詴	⿰訁有
詸	⿰訁米
詽	⿰訁幵
誁	⿰訁并
誈	⿰訁至
誊	⿱龹言
誎	⿰訁束
誔	⿰訁廷
誛	⿰訁𠬶
誜	⿰訁夋
誝	⿰訁含
誢	⿰訁見
說	⿰訁兌
誫	⿰訁辰
誱	⿰訁疌
誴	⿰訁宗
誵	⿰訁肴
誸	⿰訁弦
誺	⿰訁來
誽	⿰訁兒
諀	⿰訁卑
諁	⿰訁叕
諅	⿱其言
諎	⿰訁昔
諘	⿰訁表
諙	⿰訁昏
諣	⿰訁咼
諥	⿰訁重
諨	⿰訁畐
諩	⿰訁並
諪	⿰訁亭
諯	⿰訁耑
諲	⿰訁垔
諹	⿰訁昜
諻	⿰訁皇
諽	⿰訁革
謃	⿰訁星
謈	⿳日共言
謉	⿰訁鬼
謏	⿰訁叟
謒	⿰訁倉
謓	⿰訁真
謕	⿰訁虒
謘	⿰訁屖
謢	⿰訁隻
謣	⿰訁雩
謤	⿰訁票
謥	⿰訁悤
謧	⿰訁离
謩	⿱莫言
謪	⿰訁商
謮	⿰訁責
謯	⿰訁虘
謱	⿰訁婁
謲	⿰訁參
謴	⿰訁貫
謵	⿰訁習
謶	⿰訁庶
謸	⿰訁敖
謺	⿱執言
謻	⿰訁移
謽	⿱强言
謿	⿰訁朝
譀	⿰訁敢
譇	⿰訁奢
譊	⿰訁堯
譋	⿰訁閒
譐	⿰訁尊
譕	⿰訁無
譗	⿰訁答
譝	⿰訁黽
譠	⿰訁亶
譡	⿰訁當
譢	⿰訁遂
譤	⿰訁敫
譥	⿱敫言
譧	⿰訁廉
譨	⿰訁農
譪	⿰訁葛
譮	⿰訁會
譳	⿰訁需
譵	⿰訁對
譺	⿰訁疑
譻	⿱賏言
讂	⿰訁夐
讆	⿱衛言
讇	⿰訁閻
讈	⿰訁歷
讉	⿰訁遺
讑	⿰訁龠
讗	⿰訁巂
讘	⿰訁聶
讛	⿰訁藝
讠	
计	⿰讠十
订	⿰讠丁
讣	⿰讠卜
认	⿰讠人
讥	⿰讠几
讦	⿰讠干
讧	⿰讠工
讨	⿰讠寸
让	⿰讠上
讪	⿰讠山
讫	⿰讠乞
讬	⿰讠乇
训	⿰讠川
议	⿰讠义
讯	⿰讠卂
记	⿰讠己
讱	⿰讠刃
讲	⿰讠井
讳	⿰讠韦
讴	⿰讠区
讵	⿰讠巨
讶	⿰讠牙
讷	⿰讠内
许	⿰讠午
讹	⿰讠化
论	⿰讠仑
讻	⿰讠凶
讼	⿰讠公
讽	⿰讠风
设	⿰讠殳
访	⿰讠方
诀	⿰讠夬
证	⿰讠正
诂	⿰讠古
诃	⿰讠可
评	⿰讠平
诅	⿰讠且
识	⿰讠只
诇	⿰讠冋
诈	⿰讠乍
诉	⿰讠斥
诊	⿰讠㐱
诋	⿰讠氐
诌	⿰讠刍
词	⿰讠司
诎	⿰讠出
诏	⿰讠召
诐	⿰讠皮
译	⿰讠𠬤
诒	⿰讠台
诓	⿰讠匡
诔	⿰讠耒
试	⿰讠式
诖	⿰讠圭
诗	⿰讠寺
诘	⿰讠吉
诙	⿰讠灰
诚	⿰讠成
诛	⿰讠朱
诜	⿰讠先
话	⿰讠舌
诞	⿰讠延
诟	⿰讠后
诠	⿰讠全
诡	⿰讠危
询	⿰讠旬
诣	⿰讠旨
诤	⿰讠争
该	⿰讠亥
详	⿰讠羊
诧	⿰讠宅
诨	⿰讠军
诩	⿰讠羽
诪	⿰讠寿
诫	⿰讠戒
诬	⿰讠巫
语	⿰讠吾
诮	⿰讠肖
误	⿰讠吴
诰	⿰讠告
诱	⿰讠秀
诲	⿰讠每
诳	⿰讠狂
说	⿰讠兑
诵	⿰讠甬
诶	⿰讠矣
请	⿰讠青
诸	⿰讠者
诹	⿰讠取
诺	⿰讠若
读	⿰讠卖
诼	⿰讠豖
诽	⿰讠非
课	⿰讠果
诿	⿰讠委
谀	⿰讠臾
谁	⿰讠隹
谂	⿰讠念
调	⿰讠周
谄	⿰讠臽
谅	⿰讠京
谆	⿰讠享
谇	⿰讠卒
谈	⿰讠炎
谉	⿰讠审
谊	⿰讠宜
谋	⿰讠某
谌	⿰讠甚
谍	⿰讠枼
谎	⿰讠荒
谏	⿰讠柬
谐	⿰讠皆
谑	⿰讠虐
谒	⿰讠曷
谓	⿰讠胃
谔	⿰讠咢
谕	⿰讠俞
谖	⿰讠爰
谗	⿰讠𫥎
谘	⿰讠咨
谙	⿰讠音
谚	⿰讠彦
谛	⿰讠帝
谜	⿰讠迷
谝	⿰讠扁
谞	⿰讠胥
谟	⿰讠莫
谠	⿰讠党
谡	⿰讠畟
谢	⿰讠射
谣	⿰讠䍃
谤	⿰讠旁
谥	⿰讠益
谦	⿰讠兼
谧	⿰讠𥁑
谨	⿰讠堇
谩	⿰讠曼
谪	⿰讠啇
谫	⿰讠剪
谬	⿰讠翏
谭	⿰讠覃
谮	⿰讠朁
谯	⿰讠焦
谰	⿰讠阑
谱	⿰讠普
谲	⿰讠矞
谳	⿰讠献
谴	⿰讠遣
谵	⿰讠詹
谶	⿰讠韱
谻	⿰谷⿻⿻㇈丿二
谼	⿰谷共
豀	⿰谷奚
豂	⿰谷翏
豃	⿰谷敢
豄	⿰谷賣
豍	⿰豆卑
豒	⿰豐弟
豖	⿻豕丶
豜	⿰豕开
豞	⿰豕句
豟	⿰豕戹
豠	⿰豕且
豥	⿰豕亥
豧	⿰豕甫
豮	⿰豕贲
豯	⿰豕奚
豰	⿰⿱士冡殳
豱	⿰豕昷
豲	⿰豕原
豴	⿰豕啇
豷	⿰豕壹
豽	⿰豸内
豿	⿰豸句
貀	⿰豸出
貁	⿰豸穴
貃	⿰豸白
貄	⿰豸聿
貈	⿰豸舟
貏	⿰豸卑
貑	⿰豸叚
貕	⿰豸奚
貖	⿰豸益
貗	⿰豸婁
貚	⿰豸單
貟	⿱厶貝
貣	⿱弋貝
貥	⿰貝亢
貦	⿰貝元
貱	⿰貝皮
貵	⿳厶大貝
貾	⿰貝氐
賌	⿱亥貝
賐	⿰貝夋
賒	⿰貝佘
賔	⿱宀𮙸
賗	⿰貝串
賘	⿰貝庒
賟	⿰貝典
賥	⿰貝卒
賧	⿰貝炎
賩	⿰貝宗
賫	⿳⿻十从冖貝
賮	⿱𭴘貝
賳	⿰貝哉
賶	⿰貝倉
賹	⿰貝益
贀	⿱殹貝
贂	⿰貝參
贆	⿰貝猋
贌	⿰貝菐
贑	⿰章貢
贕	⿰卵賣
贘	⿰貝賞
贙	⿱虤貝
贚	⿰貝龍
贜	⿰貝藏
贝	⿸⿵冂丿丶
贞	⿱⺊贝
负	⿱⺈贝
贠	⿱厶贝
贡	⿱工贝
财	⿰贝才
责	⿱龶贝
贤	⿱𰀡贝
败	⿰贝攵
账	⿰贝长
货	⿱化贝
质	⿸𠂆⿱十贝
贩	⿰贝反
贪	⿱今贝
贫	⿱分贝
贬	⿰贝乏
购	⿰贝勾
贮	⿰贝㝉
贯	⿱毌贝
贰	⿹弋⿱二贝
贱	⿰贝戋
贲	⿱卉贝
贳	⿱世贝
贴	⿰贝占
贵	⿱𠀐贝
贶	⿰贝兄
贷	⿱代贝
贸	⿱⿰⿰？丶刀贝
费	⿱弗贝
贺	⿱加贝
贻	⿰贝台
贼	⿰贝戎
贽	⿱执贝
贾	⿱覀贝
贿	⿰贝有
赀	⿱此贝
赁	⿱任贝
赂	⿰贝各
赃	⿰贝庄
资	⿱次贝
赅	⿰贝亥
赆	⿰贝尽
赇	⿰贝求
赈	⿰贝辰
赉	⿱来贝
赊	⿰贝佘
赋	⿰贝武
赌	⿰贝者
赍	⿳⿻十从冖贝
赎	⿰贝卖
赏	⿱𫩠贝
赐	⿰贝易
赑	⿱贝𲂻
赒	⿰贝周
赓	⿸庚贝
赔	⿰贝咅
赕	⿰贝炎
赖	⿰束负
赗	⿰贝冒
赘	⿱敖贝
赙	⿰贝尃
赚	⿰贝兼
赛	⿱𡨄贝
赜	⿰𦣞责
赝	⿸雁贝
赞	⿱兟贝
赟	⿱斌贝
赠	⿰贝曾
赡	⿰贝詹
赢	⿱吂⿲月贝凡
赣	⿰章⿱夂贡
赨	⿰赤虫
赪	⿰赤贞
赯	⿰赤唐
赲	⿺走力
赵	⿺走㐅
赶	⿺走干
赸	⿺走山
赹	⿺走匀
赺	⿺走今
赻	⿺走少
赼	⿺走欠
赽	⿺走夬
赾	⿺走斤
趀	⿺走𠂔
趃	⿺走失
趆	⿺走氐
趇	⿺走立
趉	⿺走出
趋	⿺走刍
趌	⿺走吉
趎	⿺走朱
趏	⿺走舌
趒	⿺走兆
趓	⿺走朵
趔	⿺走列
趖	⿺走坐
趗	⿺走足
趘	⿺走尾
趚	⿺走束
趛	⿺走金
趜	⿺走匊
趝	⿺走念
趡	⿺走隹
趢	⿺走录
趤	⿺走宕
趥	⿺走酋
趧	⿺走是
趩	⿺走異
趪	⿺走黄
趭	⿺走焦
趮	⿺走喿
趰	⿺走爾
趱	⿺走赞
趴	⿰𧾷八
趶	⿰𧾷于
趸	⿱万足
趽	⿰𧾷方
趿	⿰𧾷及
跁	⿰𧾷巴
跃	⿰𧾷夭
跄	⿰𧾷仓
跉	⿰𧾷令
跍	⿰𧾷古
跐	⿰𧾷此
跒	⿰𧾷可
跓	⿰𧾷主
跘	⿰𧾷半
跜	⿰𧾷尼
跞	⿰𧾷乐
跠	⿰𧾷夷
跢	⿰𧾷多
跦	⿰𧾷朱
跩	⿰𧾷曳
跭	⿰𧾷夅
跮	⿰𧾷至
跶	⿰𧾷达
跷	⿰𧾷尧
跸	⿰𧾷毕
跹	⿰𧾷迁
跺	⿰𧾷朵
跻	⿰𧾷齐
跾	⿱攸足
踀	⿰𧾷足
踂	⿰𧾷𦔮
踃	⿰𧾷肖
踇	⿰𧾷每
踍	⿰𧾷孝
踎	⿰𧾷否
踒	⿰𧾷委
踓	⿰𧾷隹
踕	⿰𧾷疌
踗	⿰𧾷念
踘	⿰𧾷匊
踙	⿰𧾷取
踚	⿰𧾷侖
踛	⿰𧾷坴
踜	⿰𧾷夌
踤	⿰𧾷卒
踥	⿰𧾷妾
踨	⿰𧾷⿱从龰
踩	⿰𧾷采
踫	⿰𧾷並
踬	⿰𧾷质
踭	⿰𧾷争
踮	⿰𧾷店
踯	⿰𧾷郑
踲	⿰𧾷盾
踺	⿰𧾷建
踻	⿰𧾷咼
踼	⿰𧾷昜
踾	⿰𧾷畐
踿	⿰𧾷秋
蹃	⿰𧾷若
蹅	⿰𧾷查
蹆	⿰𧾷退
蹑	⿰𧾷聂
蹒	⿰𧾷𬜯
蹓	⿰𧾷留
蹖	⿰𧾷舂
蹗	⿰𧾷鹿
蹘	⿰𧾷翏
蹚	⿰𧾷堂
蹥	⿰𧾷連
蹦	⿰𧾷崩
蹧	⿰𧾷曹
蹨	⿰𧾷然
蹪	⿰𧾷貴
蹫	⿰𧾷矞
蹮	⿰𧾷⿱䙲巳
蹳	⿰𧾷發
蹵	⿱就足
蹷	⿸厥足
蹸	⿰𧾷粦
蹽	⿰𧾷尞
蹾	⿰𧾷敦
蹿	⿰𧾷窜
躀	⿰𧾷貫
躆	⿰𧾷豦
躈	⿰𧾷敫
躌	⿰𧾷舞
躎	⿰𧾷爾
躏	⿰𧾷蔺
躖	⿰𧾷𢇍
躗	⿱衛足
躜	⿰𧾷赞
躟	⿰𧾷襄
躠	⿱薛足
躣	⿰𧾷瞿
躤	⿰𧾷藉
躥	⿰𧾷竄
躦	⿰𧾷贊
躨	⿰𧾷夔
躲	⿰身朵
躴	⿰身良
躷	⿰身委
躸	⿰身奇
躹	⿰身匊
躼	⿰身長
躽	⿰身匽
躿	⿰身康
軂	⿰身勞
軉	⿰身寶
軎	⿱車口
軐	⿰車卂
軓	⿰車凡
軕	⿰車山
軖	⿰車王
軗	⿰車殳
軘	⿰車屯
軙	⿰車攴
軚	⿰車太
軝	⿰車氏
軞	⿰車毛
軠	⿰車壬
軡	⿰車今
軤	⿰車乎
軥	⿰車句
軦	⿰車兄
軧	⿰車氐
軩	⿰車台
軪	⿰車幼
軬	⿳厶大車
軯	⿰車平
軲	⿰車古
軳	⿰車包
軴	⿰車主
軵	⿰車付
軶	⿰車戹
軿	⿰車并
輁	⿰車共
輄	⿰車光
輆	⿰車亥
輋	⿳山大車
輍	⿰車谷
輎	⿰車肖
輑	⿰車君
輚	⿰車戔
輢	⿰車奇
輤	⿰車青
輰	⿰車昜
輱	⿰車咸
輲	⿰車耑
輼	⿰車昷
輽	⿰車畚
轈	⿰車巢
轋	⿰車連
轐	⿰車菐
轖	⿰車嗇
轙	⿰車義
轚	⿱𣪠車
轛	⿰車對
轠	⿰車畾
车	⿻⿻一𠃋十
轧	⿰车乚
轨	⿰车九
轩	⿰车干
轪	⿰车大
轫	⿰车刃
转	⿰车专
轭	⿰车厄
轮	⿰车仑
软	⿰车欠
轰	⿱车双
轱	⿰车古
轲	⿰车可
轳	⿰车卢
轴	⿰车由
轵	⿰车只
轶	⿰车失
轷	⿰车乎
轸	⿰车㐱
轹	⿰车乐
轺	⿰车召
轻	⿰车𢀖
轼	⿰车式
载	⿹𢦏车
轾	⿰车至
轿	⿰车乔
辀	⿰车舟
辁	⿰车全
辂	⿰车各
较	⿰车交
辄	⿰车𦔮
辅	⿰车甫
辆	⿰车两
辇	⿱㚘车
辈	⿱非车
辉	⿰光军
辊	⿰车昆
辋	⿰车罔
辌	⿰车京
辍	⿰车叕
辎	⿰车甾
辏	⿰车奏
辐	⿰车畐
辑	⿰车咠
辒	⿰车昷
输	⿰车俞
辔	⿱⿲纟车纟口
辕	⿰车袁
辖	⿰车害
辗	⿰车展
辘	⿰车鹿
辙	⿰车𰕎
辚	⿰车粦
辢	⿰束辛
辩	⿲辛讠辛
辪	⿰⿱止𠂤辛
辫	⿲辛纟辛
辬	⿲辛文辛
辳	⿱林辰
边	⿺辶力
辽	⿺辶了
迃	⿺辶亏
过	⿺辶寸
迈	⿺辶万
迉	⿺辶尸
迌	⿺辶月
迏	⿺辶太
迖	⿺辶犬
迗	⿺辶天
还	⿺辶不
这	⿺辶文
进	⿺辶井
远	⿺辶元
违	⿺辶韦
连	⿺辶车
迟	⿺辶尺
迡	⿺辶尼
迧	⿺辶申
迬	⿺辶主
迲	⿺辶去
迳	⿺辶𢀖
迼	⿺辶吉
迿	⿺辶旬
逇	⿺辶地
选	⿺辶先
逊	⿺辶孙
递	⿺辶弟
逜	⿺辶吾
逤	⿺辶沙
逥	⿺辶囬
逦	⿺辶丽
逫	⿺辶叕
逰	⿺辶⿰扌⿱𠂉子
逺	⿺辶𡊮
逻	⿺辶罗
逽	⿺辶若
遀	⿺辶⿱左⺝
遆	⿺辶帝
遈	⿺辶是
遗	⿺辶贵
遚	⿺辶叟
遟	⿺辶屖
遤	⿺辶馬
遪	⿺辶參
遫	⿺辶敕
遱	⿺辶婁
遳	⿺辶莝
遻	⿺辶㖾
遾	⿺辶筮
邆	⿺辶登
邍	⿺辶⿱备录
邒	⿰丁阝
邓	⿰又阝
邔	⿰己阝
邖	⿰山阝
邚	⿰女阝
邜	⿰夕阝
邝	⿰广阝
邞	⿰夫阝
邟	⿰亢阝
邤	⿰斤阝
邧	⿰元阝
邩	⿰火阝
邫	⿰丰邑
邬	⿰乌阝
邭	⿰句阝
邮	⿰由阝
邷	⿰瓦阝
邹	⿰刍阝
邺	⿰业阝
邻	⿰令阝
邼	⿰匡阝
邿	⿰寺阝
郀	⿰夸阝
郂	⿰亥阝
郆	⿰吉阝
郉	⿰幵阝
郋	⿰自阝
郍	⿰舟阝
郏	⿰夹阝
郐	⿰会阝
郑	⿰关阝
郓	⿰军阝
郔	⿰延阝
郖	⿰豆阝
郚	⿰吾阝
郠	⿰更阝
郣	⿰孛阝
郦	⿰丽阝
郧	⿰员阝
郩	⿰肴阝
郪	⿰妻阝
郬	⿰青阝
郮	⿰周阝
郱	⿰并阝
郳	⿰兒阝
郸	⿰单阝
郹	⿰狊阝
郺	⿰多邕
郻	⿰𥄉阝
郼	⿰韋阝
鄁	⿰背阝
鄃	⿰俞阝
鄇	⿰侯阝
鄉	⿰乡郎
鄊	⿰乡耶
鄋	⿰叟阝
鄌	⿰唐阝
鄎	⿰息阝
鄏	⿰⿸辰寸阝
鄑	⿰晋阝
鄓	⿰臭阝
鄛	⿰巢阝
鄝	⿰翏阝
鄟	⿰專阝
鄡	⿰梟阝
鄤	⿰曼阝
鄦	⿰無阝
鄨	⿱敝邑
鄪	⿰費阝
鄫	⿰曾阝
鄬	⿰爲阝
鄳	⿰黽阝
鄵	⿰喿阝
鄸	⿰夢阝
鄻	⿰輦阝
鄾	⿰憂阝
鄿	⿰蕇阝
酀	⿰燕阝
酁	⿰毚阝
酂	⿰赞阝
酄	⿰雚阝
酅	⿰巂阝
酐	⿰酉干
酑	⿰酉于
酕	⿰酉毛
酜	⿰酉夫
酝	⿰酉云
酞	⿰酉太
酟	⿰酉占
酠	⿰酉可
酦	⿰酉发
酨	⿹𢦏酉
酫	⿰酉全
酮	⿰酉同
酯	⿰酉旨
酰	⿰酉先
酱	⿱⿰丬夕酉
酶	⿰酉每
酼	⿰酉㐬
酽	⿰酉严
酾	⿰酉丽
酿	⿰酉良
醀	⿰酉隹
醄	⿰酉匋
醈	⿰酉炎
醌	⿰酉昆
醏	⿰酉者
醖	⿰酉昷
醙	⿰酉叟
醚	⿰酉迷
醛	⿰酉荃
醝	⿰酉差
醟	⿱𤇾酉
醠	⿰酉盎
醣	⿰酉唐
醥	⿰酉票
醧	⿰酉區
醩	⿰酉曹
醷	⿰酉意
醹	⿰酉需
醾	⿰酉糜
释	⿰釆𠬤
釒	
釕	⿰釒了
釠	⿰釒几
釢	⿰釒乃
釨	⿰釒子
釫	⿰釒亏
釲	⿰釒巳
釳	⿰釒乞
釴	⿰釒弋
釸	⿰釒夕
釺	⿰釒千
釾	⿰釒牙
鈂	⿰釒冘
鈃	⿰釒开
鈈	⿰釒不
鈋	⿰釒化
鈏	⿰釒引
鈙	⿰釒攴
鈚	⿰釒比
鈛	⿰釒戈
鈟	⿰釒弔
鈠	⿰釒殳
鈡	⿰釒中
鈢	⿰釒木
鈧	⿰釒亢
鈪	⿰釒厄
鈫	⿰釒文
鈭	⿱此金
鈱	⿰釒民
鈲	⿰釒瓜
鈻	⿰釒㠯
鈽	⿰釒布
鉁	⿰釒㐱
鉌	⿰釒禾
鉒	⿰釒主
鉓	⿰釒⿱𠂉巾
鉔	⿰釒匝
鉕	⿰釒叵
鉟	⿰釒丕
鉣	⿰釒去
鉪	⿰釒世
鉫	⿰釒加
鉬	⿰釒目
鉭	⿰釒旦
鉲	⿰釒卡
鉳	⿰釒北
鉴	⿱𰀢金
鉺	⿰釒耳
銁	⿰釒旬
銂	⿰釒州
銄	⿰釒向
銆	⿰釒百
銇	⿰釒耒
銋	⿰釒任
銌	⿰釒存
銏	⿰釒册
銐	⿱列金
銔	⿰釒㔻
銝	⿰釒休
銞	⿱旬金
銡	⿰釒吉
銢	⿰釒⿱二水
銣	⿰釒如
銦	⿰釒因
銩	⿰釒丢
銪	⿰釒有
銬	⿰釒考
銮	⿱𰁜金
銰	⿰釒艾
銱	⿰釒吊
銳	⿰釒兌
銴	⿱折金
銵	⿰釒身
銾	⿰釒汞
鋄	⿰釒⿱灭又
鋉	⿰釒束
鋊	⿰釒谷
鋑	⿰釒夋
鋔	⿰釒免
鋖	⿰釒妥
鋚	⿱攸金
鋛	⿰釒串
鋞	⿰釒巠
鋢	⿰釒孚
鋦	⿰釒局
鋫	⿱利金
鋯	⿰釒告
鋱	⿰釒忒
鋴	⿰釒克
鋵	⿰釒秃
鋶	⿰釒㐬
鋽	⿰釒卓
鋾	⿰釒匋
錁	⿰釒果
錃	⿱波金
錅	⿱𥝢金
錇	⿰釒咅
錉	⿰釒昏
錊	⿰釒卒
錋	⿰釒朋
錌	⿰釒岸
錎	⿰釒臽
錒	⿰釒阿
錓	⿰釒羌
錖	⿱叔金
錗	⿰釒委
錛	⿰釒奔
錭	⿰釒周
錰	⿰釒杰
錱	⿱金玨
錸	⿰釒來
錹	⿰釒肯
錼	⿰釒奈
錽	⿰釒𡕢
錾	⿱斩金
錿	⿰釒虎
鍀	⿰釒㝵
鍁	⿰釒欣
鍂	⿰釒金
鍃	⿰釒忽
鍅	⿰釒法
鍆	⿰釒門
鍌	⿱洗金
鍎	⿰釒盾
鍏	⿰釒韋
鍓	⿰釒咠
鍙	⿱洪金
鍝	⿰釒禺
鍟	⿰釒星
鍡	⿰釒畏
鍢	⿰釒畐
鍣	⿰釒苕
鍦	⿰釒施
鍨	⿰釒癸
鍲	⿰釒昬
鍷	⿰釒奎
鍸	⿰釒胡
鍹	⿰釒宣
鍻	⿰釒曷
鎃	⿰釒派
鎄	⿰釒哀
鎅	⿰釒界
鎆	⿰釒前
鎇	⿰釒眉
鎉	⿰釒𦐇
鎎	⿰釒氣
鎐	⿰釒䍃
鎑	⿰釒盍
鎓	⿰釒翁
鎙	⿰釒朔
鎜	⿱般金
鎝	⿰釒荅
鎟	⿰釒桑
鎠	⿰釒罡
鎢	⿰釒烏
鎥	⿱條金
鎪	⿰釒叟
鎯	⿰釒郎
鎱	⿰釒袁
鎲	⿰釒党
鎳	⿰釒臬
鎷	⿰釒馬
鎸	⿰釒隽
鎻	⿰釒𧴲
鎼	⿰釒𧆠
鎽	⿰釒峯
鎾	⿰釒昷
鎿	⿰釒拿
鏀	⿰釒鹵
鏂	⿰釒區
鏎	⿰釒畢
鏏	⿰釒彗
鏒	⿰釒參
鏔	⿰釒寅
鏕	⿰釒鹿
鏚	⿰釒戚
鏛	⿰釒常
鏠	⿰釒逢
鏣	⿰釒庶
鏩	⿰釒斬
鏪	⿰釒曹
鏫	⿰釒梨
鏬	⿰釒虖
鏭	⿰釒悉
鏮	⿰釒康
鏯	⿰釒爽
鏰	⿰釒崩
鏲	⿰釒牽
鏳	⿰釒曾
鏴	⿰釒路
鏶	⿰釒集
鏼	⿰釒策
鏾	⿰釒散
鏿	⿰釒棠
鐀	⿰釒貴
鐅	⿱敝金
鐆	⿱隊金
鐊	⿰釒陽
鐋	⿰釒湯
鐌	⿰釒象
鐑	⿰釒結
鐒	⿰釒勞
鐛	⿰釒景
鐜	⿱敦金
鐝	⿰釒厥
鐞	⿰釒尋
鐠	⿰釒普
鐢	⿱棥金
鐣	⿰釒掌
鐤	⿰釒鼎
鐥	⿰釒善
鐦	⿰釒開
鐧	⿰釒間
鐨	⿰釒費
鐩	⿰釒遂
鐪	⿰釒虜
鐬	⿰釒歲
鐭	⿰釒奥
鐰	⿰釒喿
鐷	⿰釒葉
鐹	⿰釒過
鐼	⿰釒賁
鐾	⿱辟金
鑀	⿰釒愛
鑂	⿰釒熏
鑆	⿰釒對
鑇	⿰釒齊
鑉	⿰釒蓋
鑋	⿱輕金
鑍	⿱賏金
鑎	⿰釒匱
鑏	⿰釒寧
鑐	⿰釒需
鑔	⿰釒察
鑖	⿰釒蔑
鑗	⿰釒黎
鑘	⿰釒畾
鑝	⿰釒蓬
鑤	⿰釒暴
鑥	⿰釒魯
鑦	⿰釒賢
鑧	⿰釒寬
鑩	⿰釒噩
鑬	⿰釒覧
鑳	⿰釒蹇
鑴	⿰釒巂
鑶	⿰釒藏
鑸	⿰釒壘
鑹	⿰釒竄
鑺	⿰釒瞿
鑻	⿰釒攀
钀	⿰釒獻
钂	⿰釒黨
钅	
钆	⿰钅乚
钇	⿰钅乙
针	⿰钅十
钉	⿰钅丁
钊	⿰钅刂
钋	⿰钅卜
钌	⿰钅了
钍	⿰钅土
钎	⿰钅千
钏	⿰钅川
钐	⿰钅彡
钑	⿰钅及
钒	⿰钅凡
钓	⿰钅勺
钔	⿰钅门
钕	⿰钅女
钖	⿰钅𠃓
钗	⿰钅叉
钘	⿰钅开
钙	⿰钅丐
钚	⿰钅不
钛	⿰钅太
钜	⿰钅巨
钝	⿰钅屯
钞	⿰钅少
钟	⿰钅中
钠	⿰钅内
钡	⿰钅贝
钢	⿰钅冈
钣	⿰钅反
钤	⿰钅今
钥	⿰钅月
钦	⿰钅欠
钧	⿰钅匀
钨	⿰钅乌
钩	⿰钅勾
钪	⿰钅亢
钫	⿰钅方
钬	⿰钅火
钭	⿰钅斗
钮	⿰钅丑
钯	⿰钅巴
钰	⿰钅玉
钱	⿰钅戋
钲	⿰钅正
钳	⿰钅甘
钴	⿰钅古
钵	⿰钅本
钶	⿰钅可
钷	⿰钅叵
钸	⿰钅布
钹	⿰钅犮
钺	⿰钅戉
钻	⿰钅占
钼	⿰钅目
钽	⿰钅旦
钾	⿰钅甲
钿	⿰钅田
铀	⿰钅由
铁	⿰钅失
铂	⿰钅白
铃	⿰钅令
铄	⿰钅乐
铅	⿰钅⿱𠘧口
铆	⿰钅卯
铇	⿰钅包
铈	⿰钅市
铉	⿰钅玄
铊	⿰钅它
铋	⿰钅必
铌	⿰钅尼
铍	⿰钅皮
铎	⿰钅𠬤
铏	⿰钅刑
铐	⿰钅考
铑	⿰钅老
铒	⿰钅耳
铓	⿰钅芒
铔	⿰钅亚
铕	⿰钅有
铖	⿰钅成
铗	⿰钅夹
铘	⿰钅邪
铙	⿰钅尧
铚	⿰钅至
铛	⿰钅当
铜	⿰钅同
铝	⿰钅吕
铞	⿰钅吊
铟	⿰钅因
铠	⿰钅岂
铡	⿰钅则
铢	⿰钅朱
铣	⿰钅先
铤	⿰钅廷
铥	⿰钅丢
铦	⿰钅舌
铧	⿰钅华
铨	⿰钅全
铩	⿰钅杀
铪	⿰钅合
铫	⿰钅兆
铬	⿰钅各
铭	⿰钅名
铮	⿰钅争
铯	⿰钅色
铰	⿰钅交
铱	⿰钅衣
铲	⿰钅产
铳	⿰钅充
铴	⿰钅汤
铵	⿰钅安
银	⿰钅艮
铷	⿰钅如
铸	⿰钅寿
铹	⿰钅劳
铺	⿰钅甫
铻	⿰钅吾
铼	⿰钅来
铽	⿰钅忒
链	⿰钅连
铿	⿰钅坚
销	⿰钅肖
锁	⿰钅𭕆
锂	⿰钅里
锃	⿰钅呈
锄	⿰钅助
锅	⿰钅呙
锆	⿰钅告
锇	⿰钅我
锈	⿰钅秀
锉	⿰钅坐
锊	⿰钅寽
锋	⿰钅夆
锌	⿰钅辛
锍	⿰钅㐬
锎	⿰钅𫔭
锏	⿰钅间
锐	⿰钅兑
锑	⿰钅弟
锒	⿰钅良
锓	⿰钅𠬶
锔	⿰钅局
锕	⿰钅阿
锖	⿰钅青
锗	⿰钅者
锘	⿰钅若
错	⿰钅昔
锚	⿰钅苗
锛	⿰钅奔
锜	⿰钅奇
锝	⿰钅㝵
锞	⿰钅果
锟	⿰钅昆
锠	⿰钅昌
锡	⿰钅易
锢	⿰钅固
锣	⿰钅罗
锤	⿰钅垂
锥	⿰钅隹
锦	⿰钅帛
锧	⿰钅质
锨	⿰钅欣
锩	⿰钅卷
锪	⿰钅忽
锫	⿰钅咅
锬	⿰钅炎
锭	⿰钅定
键	⿰钅建
锯	⿰钅居
锰	⿰钅孟
锱	⿰钅甾
锲	⿰钅契
锳	⿰钅英
锴	⿰钅皆
锵	⿰钅将
锶	⿰钅思
锷	⿰钅咢
锸	⿰钅臿
锹	⿰钅秋
锺	⿰钅重
锻	⿰钅段
锼	⿰钅叟
锽	⿰钅皇
锾	⿰钅爰
锿	⿰钅哀
镀	⿰钅度
镁	⿰钅美
镂	⿰钅娄
镃	⿰钅兹
镄	⿰钅费
镅	⿰钅眉
镆	⿰钅莫
镇	⿰钅真
镈	⿰钅尃
镉	⿰钅鬲
镊	⿰钅聂
镋	⿰钅党
镌	⿰钅隽
镍	⿰钅臬
镎	⿰钅拿
镏	⿰钅留
镐	⿰钅高
镑	⿰钅旁
镒	⿰钅益
镓	⿰钅家
镔	⿰钅宾
镕	⿰钅容
镖	⿰钅票
镗	⿰钅堂
镘	⿰钅曼
镙	⿰钅累
镚	⿰钅崩
镛	⿰钅庸
镜	⿰钅竟
镝	⿰钅啇
镞	⿰钅族
镟	⿰钅旋
镠	⿰钅翏
镡	⿰钅覃
镢	⿰钅厥
镣	⿰钅尞
镤	⿰钅菐
镥	⿰钅鲁
镦	⿰钅敦
镧	⿰钅阑
镨	⿰钅普
镩	⿰钅窜
镪	⿰钅强
镫	⿰钅登
镬	⿰钅蒦
镭	⿰钅雷
镮	⿰钅睘
镯	⿰钅蜀
镰	⿰钅廉
镱	⿰钅意
镲	⿰钅察
镳	⿰钅麃
镴	⿰钅巤
镵	⿰钅毚
镶	⿰钅襄
镺	⿰镸夭
镻	⿰镸失
镼	⿰镸屈
镽	⿰镸尞
长	⿸⿺⿻一𠄌㇒乀
閁	⿵門㇒
閅	⿵門丁
閐	⿵門毛
閒	⿵門月
閕	⿵門牙
閗	⿵門斗
閚	⿵門立
閛	⿵門平
閜	⿵門可
閪	⿵門西
閮	⿵門廷
閯	⿵門沙
閰	⿵門臼
閱	⿵門兌
閳	⿵門車
閵	⿵門隹
閷	⿰杀閃
閸	⿵門亞
闀	⿵門巷
闁	⿵門門
闂	⿵門卷
闄	⿵門要
闅	⿵門𥄎
闎	⿵門泉
闏	⿵門風
闗	⿵門𢇁
闛	⿵門堂
闣	⿵門當
闧	⿵門遠
门	⿲丨丶𠃌
闩	⿵门一
闪	⿵门人
闫	⿵门三
闬	⿵门干
闭	⿵门才
问	⿵门口
闯	⿵门马
闰	⿵门王
闱	⿵门韦
闲	⿵门木
闳	⿵门厷
间	⿵门日
闵	⿵门文
闶	⿵门亢
闷	⿵门心
闸	⿵门甲
闹	⿵门市
闺	⿵门圭
闻	⿵门耳
闼	⿵门达
闽	⿵门虫
闾	⿵门吕
闿	⿵门岂
阀	⿵门伐
阁	⿵门各
阂	⿵门亥
阃	⿵门困
阄	⿵门龟
阅	⿵门兑
阆	⿵门良
阇	⿵门者
阈	⿵门或
阉	⿵门奄
阊	⿵门昌
阋	⿵门兒
阌	⿵门受
阍	⿵门昏
阎	⿵门臽
阏	⿵门於
阐	⿵门单
阑	⿵门柬
阒	⿵门狊
阓	⿵门贵
阔	⿵门活
阕	⿵门癸
阖	⿵门盍
阗	⿵门真
阘	⿵门𦐇
阙	⿵门欮
阚	⿵门敢
阛	⿵门睘
队	⿰阝人
阠	⿰阝卂
阣	⿰阝乞
阧	⿰阝斗
阩	⿰阝升
阫	⿰阝不
阭	⿰阝允
阰	⿰阝比
阵	⿰阝车
阶	⿰阝介
阾	⿰阝令
陃	⿰阝丙
际	⿰阝示
陆	⿰阝击
陇	⿰阝龙
陈	⿰阝东
陉	⿰阝𢀖
陊	⿰阝多
陎	⿰阝朱
陑	⿰阝而
陓	⿰阝夸
陕	⿰阝夹
陙	⿰阝辰
陚	⿰阝武
陠	⿰阝甫
陧	⿰阝圼
陨	⿰阝员
险	⿰阝佥
陫	⿰阝非
陭	⿰阝奇
陯	⿰阝侖
陱	⿰阝匊
陹	⿰阝⿱升日
隀	⿰阝重
隇	⿰阝威
隌	⿰阝音
隐	⿰阝急
隒	⿰阝兼
隓	⿰阝𢀡
隞	⿰阝敖
隡	⿰阝産
隢	⿰阝堯
隫	⿰阝賁
隬	⿰阝爾
隭	⿰阝需
隵	⿰阝戲
难	⿰又隹
隿	⿰弋隹
雂	⿰今隹
雃	⿰开隹
雈	⿱卝隹
雏	⿰刍隹
雐	⿸虍隹
雓	⿰余隹
雔	⿰隹隹
雗	⿰𠦝⿱𠂉隹
雠	⿲隹讠隹
雡	⿰翏隹
雤	⿱𦥯隹
雥	⿱隹雔
雦	⿲隹隹隹
雧	⿱雥木
雬	⿱雨木
雭	⿱雨及
雮	⿱雨毛
雳	⿱雨历
雴	⿱雨立
雵	⿱雨央
雸	⿱雨甘
雼	⿱雨石
雽	⿱雨乎
雾	⿱雨务
雿	⿱雨兆
霁	⿱雨齐
霋	⿱雨妻
霌	⿱雨周
霐	⿱雨泓
霒	⿰雲今
霕	⿰雲屯
霗	⿱雨泠
霘	⿱雨洞
霟	⿱雨洪
霠	⿱雨⿰立今
霥	⿱雨冡
霦	⿱雨彬
霩	⿱雨郭
霫	⿱雨習
霬	⿱雨異
霭	⿱雨谒
霮	⿱雨湛
霯	⿱雨登
霴	⿰雲隶
霵	⿱雨戢
霷	⿱雨暘
霺	⿱雨微
霼	⿰雲氣
霿	⿱雨⿰矛⿱夂目
靀	⿱雨蒙
靅	⿰雲費
靋	⿱雨瀝
靌	⿱雨寳
靐	⿱雷⿰雷雷
靑	⿱龶円
靓	⿰青见
靔	⿰青气
靝	⿰青氣
靟	⿱非毛
靥	⿸厌面
靬	⿰革干
靯	⿰革土
靰	⿰革兀
靲	⿰革今
靵	⿰革丑
靾	⿰革世
鞂	⿰革禾
鞃	⿰革弘
鞇	⿰革因
鞈	⿰革合
鞊	⿰革吉
鞌	⿱安革
鞎	⿰革艮
鞑	⿰革达
鞒	⿰革乔
鞓	⿰革呈
鞔	⿰革免
鞛	⿰革咅
鞝	⿰革尚
鞡	⿰革拉
鞤	⿱封革
鞥	⿰革弇
鞧	⿰革酋
鞩	⿰革削
鞪	⿱敄革
鞯	⿰革荐
鞰	⿰革昷
鞷	⿱鬲革
鞻	⿰革婁
鞽	⿰革喬
韀	⿰革廌
韂	⿰革詹
韏	⿱龹韋
韒	⿰韋肖
韕	⿰韋享
韖	⿰韋柔
韚	⿰韋革
韟	⿰韋皋
韢	⿰韋惠
韣	⿰韋蜀
韥	⿰韋賣
韦	⿻⿳一一𠃌丨
韧	⿰韦刃
韨	⿰韦犮
韩	⿰𠦝韦
韪	⿺是韦
韫	⿰韦昷
韬	⿰韦舀
韰	⿱𣦼韭
韹	⿰音皇
韼	⿰音逢
韽	⿰酓音
韾	⿱殸音
頀	⿰音蒦
頉	⿰止頁
頋	⿰厄頁
頕	⿰占頁
頛	⿰耒頁
頝	⿰交頁
頟	⿰各頁
頢	⿰舌頁
頧	⿰𠂤頁
頨	⿰羽頁
頩	⿰并頁
頪	⿰米頁
頱	⿰寽頁
頶	⿰告頁
頹	⿰禿頁
頺	⿰秀頁
頿	⿰⿱彡此頁
顀	⿰隹頁
顁	⿰定頁
顂	⿰來頁
顃	⿰炎頁
顅	⿰肩頁
顈	⿰⿱匕糸頁
顉	⿰釒頁
顐	⿰軍頁
顜	⿰冓頁
顝	⿰骨頁
顟	⿰翏頁
顠	⿰票頁
顡	⿰豙頁
顤	⿰堯頁
顨	⿱𩔊丌
顩	⿰僉頁
顭	⿰夢頁
顮	⿰賓頁
顲	⿰𤎭頁
页	⿱丆贝
顶	⿰丁页
顷	⿰匕页
顸	⿰干页
项	⿰工页
顺	⿰川页
须	⿰彡页
顼	⿰𤣩页
顽	⿰元页
顾	⿰厄页
顿	⿰屯页
颀	⿰斤页
颁	⿰分页
颂	⿰公页
颃	⿰亢页
预	⿰予页
颅	⿰卢页
领	⿰令页
颇	⿰皮页
颈	⿰𢀖页
颉	⿰吉页
颊	⿰夹页
颋	⿰廷页
颌	⿰合页
颍	⿰⿱匕水页
颎	⿰𭴁页
颏	⿰亥页
颐	⿰𦣞页
频	⿰步页
颒	⿰⿱水廾页
颓	⿰秃页
颔	⿰含页
颕	⿰𥘈页
颖	⿰⿱匕禾页
颗	⿰果页
题	⿺是页
颙	⿰禺页
颚	⿰咢页
颛	⿰耑页
颜	⿰彦页
额	⿰客页
颞	⿰聂页
颟	⿰𬜯页
颠	⿰真页
颡	⿰桑页
颢	⿰景页
颣	⿰⿱米糸页
颤	⿰亶页
颥	⿰需页
颦	⿱频卑
颧	⿰雚页
颩	⿺風彡
颬	⿺風牙
颲	⿺風列
颳	⿺風舌
颵	⿺風肖
颹	⿺風韋
颽	⿰豈風
颾	⿺風蚤
飀	⿺風留
飁	⿰習風
飉	⿺風尞
飊	⿰焱風
飍	⿱風䬕
风	⿵𠘨㐅
飏	⿺风𠃓
飐	⿺风占
飑	⿺风包
飒	⿰立风
飓	⿺风具
飔	⿺风思
飕	⿺风叟
飖	⿰䍃风
飗	⿺风留
飘	⿰票风
飙	⿰猋风
飚	⿺风焱
飝	⿱飛⿰飛飛
飞	⿰⺄？
飤	⿰飠人
飨	⿰乡食
飬	⿱龹良
飵	⿰飠乍
飷	⿰飠且
飸	⿰号食
飹	⿰飠卯
飺	⿱此食
飻	⿰飠㐱
飿	⿰飠出
餀	⿰飠艾
餁	⿰飠任
餄	⿰飠合
餆	⿰飠兆
餋	⿱龹食
餍	⿸厌食
餎	⿰飠各
餏	⿰飠衣
餙	⿰飠希
餣	⿰飠奄
餥	⿱非食
餩	⿰飠⿱𠆢亥
餪	⿰飠耎
餭	⿰飠皇
餯	⿰飠彖
餰	⿰飠衍
餶	⿰飠骨
餷	⿰飠查
餸	⿰飠送
餿	⿰飠叟
饃	⿰飠莫
饄	⿰飠堂
饊	⿰飠散
饏	⿱敢食
饓	⿰飠棠
饖	⿰飠歲
饚	⿰飠蓋
饝	⿰飠磨
饡	⿰飠贊
饢	⿰飠囊
饣	
饤	⿰饣丁
饥	⿰饣几
饦	⿰饣乇
饧	⿰饣𠃓
饨	⿰饣屯
饩	⿰饣气
饪	⿰饣壬
饫	⿰饣夭
饬	⿰饣𱐩
饭	⿰饣反
饮	⿰饣欠
饯	⿰饣戋
饰	⿰饣⿱𠂉巾
饱	⿰饣包
饲	⿰饣司
饳	⿰饣出
饴	⿰饣台
饵	⿰饣耳
饶	⿰饣尧
饷	⿰饣向
饸	⿰饣合
饹	⿰饣各
饺	⿰饣交
饻	⿰饣衣
饼	⿰饣并
饽	⿰饣孛
饾	⿰饣豆
饿	⿰饣我
馀	⿰饣余
馁	⿰饣妥
馂	⿰饣夋
馃	⿰饣果
馄	⿰饣昆
馅	⿰饣臽
馆	⿰饣官
馇	⿰饣查
馈	⿰饣贵
馉	⿰饣骨
馊	⿰饣叟
馋	⿰饣𫥎
馌	⿰饣盍
馍	⿰饣莫
馎	⿰饣尃
馏	⿰饣留
馐	⿰饣羞
馑	⿰饣堇
馒	⿰饣曼
馓	⿰饣散
馔	⿰饣巽
馕	⿰饣囊
馚	⿰香分
馜	⿰香尼
馠	⿰香含
馡	⿰香非
馢	⿰香戔
馤	⿰香曷
馧	⿰香昷
馩	⿰香賁
馪	⿰香賓
馫	⿱香𩡐
馯	⿰馬干
馶	⿰馬支
馷	⿰馬巿
馸	⿰馬斤
馻	⿰馬允
馾	⿰馬冘
駀	⿰馬尤
駂	⿰𠤏馬
駇	⿰馬攵
駊	⿰馬皮
駋	⿰馬召
駌	⿱夗馬
駍	⿰馬平
駎	⿰馬由
駏	⿰馬巨
駖	⿰馬令
駗	⿰馬㐱
駠	⿰馬卯
駡	⿱吅馬
駣	⿰馬兆
駤	⿰馬至
駥	⿰馬戎
駦	⿱龹馬
駨	⿰馬旬
駩	⿰馬全
駯	⿰馬朱
駳	⿰馬延
駶	⿰馬局
駷	⿰馬束
駺	⿰馬良
騀	⿰馬我
騆	⿰馬周
騇	⿰馬舍
騈	⿰馬幷
騉	⿰馬昆
騍	⿰馬果
騔	⿰馬曷
騕	⿰馬要
騗	⿰扁馬
騘	⿰馬怱
騛	⿰馬飛
騜	⿰馬皇
騝	⿰馬建
騟	⿰馬俞
騡	⿰馬泉
騥	⿰馬柔
騦	⿰馬思
騩	⿰馬鬼
騪	⿰馬叟
騬	⿰馬乘
騯	⿰馬旁
騲	⿰馬草
騴	⿰馬晏
騹	⿰馬堇
騺	⿱執馬
騻	⿰馬爽
騼	⿰馬鹿
騽	⿰馬習
騿	⿰馬章
驆	⿰馬畢
驈	⿰馬矞
驉	⿰馬虚
驏	⿰馬孱
驐	⿰馬敦
驓	⿰馬曾
驙	⿰馬亶
驜	⿰馬業
驞	⿰馬賓
驠	⿰馬燕
驡	⿱龍馬
驣	⿰馬駦
驦	⿰馬霜
驧	⿰馬鞠
驨	⿰馬巂
马	⿹？一
驭	⿰马又
驮	⿰马大
驯	⿰马川
驰	⿰马也
驱	⿰马区
驲	⿰马日
驳	⿰马爻
驴	⿰马户
驵	⿰马且
驶	⿰马史
驷	⿰马四
驸	⿰马付
驹	⿰马句
驺	⿰马刍
驻	⿰马主
驼	⿰马它
驽	⿱奴马
驾	⿱加马
驿	⿰马𠬤
骀	⿰马台
骁	⿰马尧
骂	⿱吅马
骃	⿰马因
骄	⿰马乔
骅	⿰马华
骆	⿰马各
骇	⿰马亥
骈	⿰马并
骉	⿱马𱄿
骊	⿰马丽
骋	⿰马甹
验	⿰马佥
骍	⿰马辛
骎	⿰马𠬶
骏	⿰马夋
骐	⿰马其
骑	⿰马奇
骒	⿰马果
骓	⿰马隹
骔	⿰马宗
骕	⿰马肃
骖	⿰马参
骗	⿰马扁
骘	⿱陟马
骙	⿰马癸
骚	⿰马蚤
骛	⿱敄马
骜	⿱敖马
骝	⿰马留
骞	⿱𡨄马
骟	⿰马扇
骠	⿰马票
骡	⿰马累
骢	⿰马悤
骣	⿰马孱
骤	⿰马聚
骥	⿰马冀
骦	⿰马霜
骧	⿰马襄
骩	⿰骨九
骫	⿰骨丸
骱	⿰骨介
骳	⿰骨皮
骺	⿰骨后
骽	⿰骨妥
髂	⿰骨客
髅	⿰骨娄
髇	⿰骨高
髉	⿰骨隺
髊	⿰骨差
髋	⿰骨宽
髌	⿰骨宾
髍	⿰骨麻
髙	⿳亠⿴⿰丨丨𠄠冋
髚	⿰高亢
髝	⿰高勞
髡	⿱髟兀
髨	⿱髟元
髰	⿱髟世
髶	⿱髟耳
髸	⿱髟共
髼	⿱髟夆
髾	⿱髟肖
鬇	⿱髟争
鬊	⿱髟春
鬏	⿱髟秋
鬑	⿱髟兼
鬓	⿱髟宾
鬔	⿱髟逢
鬕	⿱髟莫
鬗	⿱髟㒼
鬝	⿱髟間
鬞	⿱髟農
鬡	⿱髟寧
鬤	⿱髟襄
鬬	⿵鬥⿰𬻞斤
鬰	⿳棥冖⿰鬯彡
鬶	⿱规鬲
鬸	⿰鬲留
鬾	⿺鬼支
鬿	⿺鬼斤
魀	⿺鬼介
魆	⿺鬼戉
魇	⿸厌鬼
魉	⿺鬼两
魊	⿺鬼或
魐	⿺鬼兼
魒	⿺鬼票
魓	⿺鬼畢
魙	⿱漸鬼
魜	⿰魚人
魝	⿰魚刂
魟	⿰魚工
魠	⿰魚乇
魢	⿰魚己
魤	⿰魚化
魧	⿰魚亢
魩	⿰魚勿
魰	⿰魚文
魱	⿰魚互
魺	⿰魚可
魻	⿰魚甲
魼	⿰魚去
魽	⿰魚甘
魾	⿰魚丕
鮁	⿰魚犮
鮂	⿰魚囚
鮈	⿰魚句
鮌	⿰魚玄
鮕	⿰魚古
鮘	⿰魚代
鮙	⿰魚羽
鮛	⿰魚尗
鮜	⿰魚后
鮡	⿰魚兆
鮢	⿰魚朱
鮣	⿰魚印
鮤	⿱列魚
鮥	⿰魚各
鮯	⿰魚合
鮳	⿰魚考
鮵	⿰魚兑
鮶	⿰魚君
鮺	⿸⺶魚
鮽	⿰魚余
鯂	⿰魚酉
鯃	⿰魚吾
鯄	⿰魚求
鯅	⿰魚延
鯋	⿰魚沙
鯌	⿰魚告
鯍	⿰魚㐬
鯓	⿰魚身
鯕	⿰魚其
鯙	⿰魚享
鯚	⿰魚季
鯜	⿰魚妾
鯞	⿰魚帚
鯠	⿰魚來
鯦	⿰魚咎
鯩	⿰魚侖
鯬	⿱𥝢魚
鯭	⿰魚孟
鯴	⿰魚虱
鯶	⿰魚軍
鯻	⿰魚剌
鯼	⿰魚㚇
鯾	⿰魚便
鰁	⿰魚泉
鰃	⿰魚畏
鰅	⿰魚禺
鰇	⿰魚柔
鰎	⿰魚建
鰗	⿰魚胡
鰟	⿰魚旁
鰠	⿰魚蚤
鰫	⿰魚容
鰬	⿰魚虔
鰳	⿰魚勒
鰴	⿲彳⿳山一魚攵
鰸	⿰魚區
鰼	⿰魚習
鰿	⿰魚責
鱀	⿱既魚
鱂	⿰魚將
鱋	⿰魚虚
鱌	⿰魚象
鱍	⿰魚發
鱑	⿰魚黄
鱕	⿰魚番
鱙	⿰魚堯
鱡	⿰魚賊
鱢	⿰魚喿
鱤	⿰魚感
鱦	⿰魚黽
鱬	⿰魚需
鱯	⿰魚蒦
鱱	⿰魚厲
鱳	⿰魚樂
鱴	⿰魚蔑
鱹	⿰魚雚
鱼	⿳⺈田一
鱽	⿰鱼刀
鱾	⿰鱼己
鱿	⿰鱼尤
鲀	⿰鱼屯
鲁	⿱鱼日
鲂	⿰鱼方
鲃	⿰鱼巴
鲄	⿰鱼可
鲅	⿰鱼犮
鲆	⿰鱼平
鲇	⿰鱼占
鲈	⿰鱼卢
鲉	⿰鱼由
鲊	⿰鱼乍
鲋	⿰鱼付
鲌	⿰鱼白
鲍	⿰鱼包
鲎	⿱𰃮鱼
鲏	⿰鱼皮
鲐	⿰鱼台
鲑	⿰鱼圭
鲒	⿰鱼吉
鲓	⿰鱼考
鲔	⿰鱼有
鲕	⿰鱼而
鲖	⿰鱼同
鲗	⿰鱼则
鲘	⿰鱼后
鲙	⿰鱼会
鲚	⿰鱼齐
鲛	⿰鱼交
鲜	⿰鱼羊
鲝	⿸⺶鱼
鲞	⿱龹鱼
鲟	⿰鱼寻
鲠	⿰鱼更
鲡	⿰鱼丽
鲢	⿰鱼连
鲣	⿰鱼坚
鲤	⿰鱼里
鲥	⿰鱼时
鲦	⿰鱼条
鲧	⿰鱼系
鲨	⿱沙鱼
鲩	⿰鱼完
鲪	⿰鱼君
鲫	⿰鱼即
鲬	⿰鱼甬
鲭	⿰鱼青
鲮	⿰鱼夌
鲯	⿰鱼其
鲰	⿰鱼取
鲱	⿰鱼非
鲲	⿰鱼昆
鲳	⿰鱼昌
鲴	⿰鱼固
鲵	⿰鱼兒
鲶	⿰鱼念
鲷	⿰鱼周
鲸	⿰鱼京
鲹	⿰鱼参
鲺	⿰鱼虱
鲻	⿰鱼甾
鲼	⿰鱼贲
鲽	⿰鱼枼
鲾	⿰鱼畐
鲿	⿰鱼尝
鳀	⿰鱼是
鳁	⿰鱼昷
鳂	⿰鱼畏
鳃	⿰鱼思
鳄	⿰鱼咢
鳅	⿰鱼秋
鳆	⿰鱼复
鳇	⿰鱼皇
鳈	⿰鱼泉
鳉	⿰鱼将
鳊	⿰鱼扁
鳋	⿰鱼蚤
鳌	⿱敖鱼
鳍	⿰鱼耆
鳎	⿰鱼𦐇
鳏	⿰鱼眔
鳐	⿰鱼䍃
鳑	⿰鱼旁
鳒	⿰鱼兼
鳓	⿰鱼勒
鳔	⿰鱼票
鳕	⿰鱼雪
鳖	⿱敝鱼
鳗	⿰鱼曼
鳘	⿱敏鱼
鳙	⿰鱼庸
鳚	⿰鱼尉
鳛	⿰鱼習
鳜	⿰鱼厥
鳝	⿰鱼善
鳞	⿰鱼粦
鳟	⿰鱼尊
鳠	⿰鱼蒦
鳡	⿰鱼感
鳢	⿰鱼豊
鳣	⿰鱼亶
鳤	⿰鱼管
鳨	⿰鳥力
鳪	⿰卜鳥
鳭	⿰刀鳥
鳮	⿰又鳥
鳯	⿵𠘨鳥
鳱	⿰干鳥
鳵	⿰卂鳥
鳸	⿸户鳥
鳺	⿰夫鳥
鳻	⿰分鳥
鳼	⿰文鳥
鳽	⿰开鳥
鳾	⿰帀鳥
鳿	⿰𤣩鳥
鴀	⿰不鳥
鴁	⿰夭鳥
鴄	⿰匹鳥
鴅	⿰丹鳥
鴊	⿰正鳥
鴌	⿱天鳥
鴍	⿱文鳥
鴏	⿰鳥代
鴐	⿱加鳥
鴓	⿰必鳥
鴔	⿰乏鳥
鴖	⿰民鳥
鴙	⿰矢鳥
鴚	⿰鳥可
鴠	⿰旦鳥
鴡	⿰且鳥
鴢	⿰幼鳥
鴤	⿰鳥冬
鴥	⿰鳥穴
鴧	⿰宂鳥
鴩	⿰失鳥
鴭	⿰𠂤鳥
鴮	⿰夸鳥
鴱	⿰艾鳥
鴵	⿰兆鳥
鴶	⿰吉鳥
鴷	⿱列鳥
鴸	⿰朱鳥
鴹	⿰羊鳥
鵀	⿱任鳥
鵉	⿱𰁜鳥
鵋	⿰忌鳥
鵌	⿰鳥余
鵍	⿰完鳥
鵎	⿰妥鳥
鵏	⿰甫鳥
鵕	⿰夋鳥
鵖	⿰？鳥
鵗	⿰希鳥
鵘	⿰君鳥
鵚	⿰秃鳥
鵛	⿰巠鳥
鵦	⿰鳥录
鵧	⿰并鳥
鵨	⿰舍鳥
鵭	⿰釒鳥
鵮	⿰臽鳥
鵱	⿰坴鳥
鵴	⿰匊鳥
鵵	⿰兔鳥
鵸	⿰奇鳥
鵹	⿱𥝢鳥
鵽	⿰叕鳥
鵿	⿰鳥昇
鶀	⿰鳥其
鶁	⿰京鳥
鶂	⿰兒鳥
鶅	⿰甾鳥
鶈	⿰妻鳥
鶋	⿰居鳥
鶌	⿰屈鳥
鶐	⿰述鳥
鶑	⿱炏鳥
鶔	⿰柔鳥
鶛	⿰皆鳥
鶜	⿰茅鳥
鶝	⿰畐鳥
鶞	⿰盾鳥
鶟	⿰突鳥
鶠	⿰匽鳥
鶢	⿰爰鳥
鶣	⿰扁鳥
鶥	⿰眉鳥
鶦	⿱胡鳥
鶧	⿰英鳥
鶨	⿰彖鳥
鶭	⿱紡鳥
鶰	⿰員鳥
鶳	⿰鳥師
鶶	⿰唐鳥
鶷	⿰害鳥
鶾	⿰𠦝⿱𠂉鳥
鷅	⿰栗鳥
鷈	⿰鳥虒
鷋	⿰荼鳥
鷌	⿰鳥馬
鷍	⿰臬鳥
鷎	⿰皋鳥
鷐	⿰晨鳥
鷑	⿰笠鳥
鷒	⿰專鳥
鷘	⿱敕鳥
鷛	⿰庸鳥
鷜	⿰婁鳥
鷝	⿰畢鳥
鷡	⿰無鳥
鷢	⿸厥鳥
鷤	⿰單鳥
鷨	⿰華鳥
鷪	⿳䀠冖鳥
鷬	⿰黄鳥
鷱	⿰臯鳥
鷵	⿰屠鳥
鷶	⿰買鳥
鷷	⿰尊鳥
鷻	⿰鳥敦
鷼	⿰間鳥
鷿	⿱辟鳥
鸀	⿰蜀鳥
鸁	⿱吂⿲月鳥凡
鸃	⿰鳥義
鸄	⿱敫鳥
鸅	⿰睪鳥
鸆	⿰虞鳥
鸈	⿰業鳥
鸉	⿱楊鳥
鸋	⿰寧鳥
鸌	⿰鳥蒦
鸏	⿰蒙鳥
鸓	⿰畾鳥
鸔	⿰鳥暴
鸗	⿱龍鳥
鸘	⿰霜鳥
鸟	⿹？一
鸠	⿰九鸟
鸡	⿰又鸟
鸢	⿱弋鸟
鸣	⿰口鸟
鸤	⿰尸鸟
鸥	⿰区鸟
鸦	⿰牙鸟
鸧	⿰仓鸟
鸨	⿰𠤏鸟
鸩	⿰冘鸟
鸪	⿰古鸟
鸫	⿰东鸟
鸬	⿰卢鸟
鸭	⿰甲鸟
鸮	⿰号鸟
鸯	⿱央鸟
鸰	⿰令鸟
鸱	⿰氐鸟
鸲	⿰句鸟
鸳	⿱夗鸟
鸴	⿱𰃮鸟
鸵	⿰鸟它
鸶	⿱丝鸟
鸷	⿱执鸟
鸸	⿰而鸟
鸹	⿰舌鸟
鸺	⿰休鸟
鸻	⿰行鸟
鸼	⿰舟鸟
鸽	⿰合鸟
鸾	⿱𰁜鸟
鸿	⿰江鸟
鹀	⿰巫鸟
鹁	⿰孛鸟
鹂	⿰丽鸟
鹃	⿰肙鸟
鹄	⿰告鸟
鹅	⿰我鸟
鹆	⿰谷鸟
鹇	⿰闲鸟
鹈	⿰弟鸟
鹉	⿰武鸟
鹊	⿰昔鸟
鹋	⿰苗鸟
鹌	⿰奄鸟
鹍	⿰昆鸟
鹎	⿰卑鸟
鹏	⿰朋鸟
鹐	⿰臽鸟
鹑	⿰享鸟
鹒	⿰庚鸟
鹓	⿰宛鸟
鹔	⿰肃鸟
鹕	⿰胡鸟
鹖	⿰曷鸟
鹗	⿰咢鸟
鹘	⿰骨鸟
鹙	⿱秋鸟
鹚	⿰兹鸟
鹛	⿰眉鸟
鹜	⿱敄鸟
鹝	⿰鬲鸟
鹞	⿰䍃鸟
鹟	⿰翁鸟
鹠	⿰留鸟
鹡	⿰脊鸟
鹢	⿰益鸟
鹣	⿰兼鸟
鹤	⿰隺鸟
鹥	⿱殹鸟
鹦	⿰婴鸟
鹧	⿰庶鸟
鹨	⿰翏鸟
鹩	⿰尞鸟
鹪	⿰焦鸟
鹫	⿱就鸟
鹬	⿰矞鸟
鹭	⿱路鸟
鹮	⿰睘鸟
鹯	⿰亶鸟
鹰	⿸䧹鸟
鹱	⿰鸟蒦
鹲	⿰蒙鸟
鹳	⿰雚鸟
鹴	⿰霜鸟
鹶	⿰鹵今
鹷	⿰鹵令
鹾	⿰卤差
麆	⿸鹿且
麉	⿱⿰干干鹿
麊	⿱米鹿
麍	⿸鹿㐬
麐	⿸鹿吝
麔	⿸鹿咎
麙	⿸鹿咸
麚	⿸鹿叚
麜	⿸鹿栗
麠	⿸鹿畺
麡	⿸鹿齊
麢	⿸鹿霝
麣	⿰鹿嚴
麧	⿰麥乞
麫	⿰麥丐
麱	⿰麥甫
麲	⿰麥見
麶	⿰麥离
麷	⿰麥豐
黀	⿸麻取
黁	⿸麻香
黂	⿸麻賁
黅	⿰黄今
黇	⿰黄占
黉	⿱𰃮黄
黊	⿰黄圭
黓	⿰黑弋
黖	⿰黑旡
黗	⿰黑屯
黚	⿰黑甘
黡	⿸厌黑
黢	⿰黑夋
黣	⿰黑每
黦	⿰黑宛
黩	⿰黑卖
黪	⿰黑参
黫	⿰黑垔
黳	⿱殹黑
黺	⿰黹分
黾	⿱口电
鼀	⿱⿱土八黽
鼁	⿱去黽
鼄	⿱朱黽
鼅	⿱知黽
鼆	⿰冥黽
鼊	⿱辟黽
鼋	⿱元黾
鼌	⿱旦黾
鼍	⿱嘼电
鼘	⿱鼓𣶒
鼜	⿱鼓蚤
鼝	⿱淵鼓
鼞	⿱鼓堂
鼣	⿰鼠犬
鼤	⿰鼠文
鼥	⿰鼠犮
鼧	⿰鼠它
鼨	⿰鼠冬
鼩	⿰鼠句
鼭	⿰鼠寺
鼮	⿰鼠廷
鼰	⿰鼠貝
鼳	⿰鼠狊
鼵	⿰鼠突
鼶	⿰鼠虒
鼸	⿰鼠兼
齀	⿰鼻瓦
齂	⿰鼻隶
齈	⿰鼻農
齉	⿰鼻囊
齌	⿵齊火
齍	⿱齊皿
齐	⿱文⿰丿丨
齑	⿵齐韭
齙	⿰齒包
齛	⿰齒世
齜	⿰齒此
齤	⿱龹齒
齥	⿰齒曳
齫	⿰齒困
齴	⿰齒彦
齸	⿰齒益
齹	⿱差齒
齻	⿰齒真
齼	⿰齒楚
齾	⿱獻齒
齿	⿱止⿶凵人
龀	⿰齿𠤎
龁	⿰齿乞
龂	⿰齿斤
龃	⿰齿且
龄	⿰齿令
龅	⿰齿包
龆	⿰齿召
龇	⿰齿此
龈	⿰齿艮
龉	⿰齿吾
龊	⿰齿足
龋	⿰齿禹
龌	⿰齿屋
龎	⿸厂龍
龓	⿰有龍
龘	⿱龍龖
龙	⿸⿺𠂇丶𠤎
龚	⿱龙共
龛	⿱合龙
龟	⿱⺈⿻日乚
龤	⿰龠皆
龦	⿰火常
龧	⿰日暑
龨	⿷匚隹
龩	⿱艹靳
龪	⿺走人
龫	⿰車𫢉
龬	⿰釒罔
龭	⿰馬異
龮	⿰馬翼
龯	⿰釒戊
龰	⿺人⺊
龱	⿴囗㐅
龲	⿰釒庫
龳	⿰坴坴
龴	⿱乛丶
龵	⿱㇒⿻二丿
龶	⿻土一
龷	⿱卄一
龸	⿱⺌冖
龹	⿻丷夫
龺	⿱十早
龻	⿲糹言糹
龼	⿰土睿
龽	⿰火魚
龾	⿰皮匊
龿	⿱艹佳
鿀	⿱艹醫
鿁	⿰訁共
鿂	⿰車鳥
鿃	⿰目㚒
鿄	⿱㲽木
鿅	⿰礻零
鿆	⿰礻友
鿇	⿰亻争
鿈	⿰彳尺
鿉	⿰彳五
鿊	⿱艹沚
鿋	⿰衤喜
鿌	⿰氵亰
鿍	⿰土夅
鿎	⿰石达
鿏	⿰钅麦
鿐	⿰魚酒
鿑	⿰冫玉
鿒	⿱艹页
鿓	⿱艹頁
鿔	⿰钅哥
鿕	⿰鱼丹
鿖	⿱合一
鿗	⿳𠆢伊一
鿘	⿰伊合
鿙	⿰伊克
鿚	⿰伊格
鿛	⿰凌爾
鿜	⿰拉爾
鿝	⿰楞爾
鿞	⿰列爾
鿟	⿰利尔
鿠	⿰利爾
鿡	⿰羅爾
鿢	⿰耶合
鿣	⿰耶克
鿤	⿰耶格
鿥	⿰郎爾
鿦	⿰英微
鿧	⿰隆爾
鿨	⿰雷爾
鿩	⿰魯爾
鿪	⿱遂灬
鿫	⿹气奥
鿬	⿰石田
鿭	⿰钅尔
鿮	⿸广帯
鿯	⿱物⿱𠆢米
鿰	⿰氵韩
鿱	⿰𤣩巴
鿲	⿰豆劳
鿳	⿰魚舵
鿴	⿰鱼冬
鿵	⿰鱼志
鿶	⿰鱼良
鿷	⿰鱼音
鿸	⿰鱼舵
鿹	⿰鱼密
鿺	⿰麦鸟
鿻	⿰鼠布
鿼	⿰鼠加
鿽	⿰口窄
鿾	⿰土郎
鿿	⿱甫𱥯
﨎	⿱𮥷又
﨣	⿺走斗
﨧	⿰釒孝
﨨	⿰釒幸
﨩	⿰阝島
㐀	⿱卝一
㐁	⿱一⿻人口
㐃	⿱𠆢丅
㐄	
㐅	
㐇	⿱九乙
㐈	⿱入乙
㐉	⿱丁乙
㐊	⿱士乙
㐋	⿱土乙
㐌	⿱𠂉也
㐍	⿱爫乙
㐎	⿱文乙
㐏	⿱五乙
㐐	⿱奴乙
㐑	⿱冬乙
㐒	⿱召乙
㐓	⿱可乙
㐔	⿳亠口乙
㐕	⿱由乙
㐖	⿰吉乚
㐗	⿱老乙
㐘	⿱米乙
㐙	⿱豆乙
㐚	⿱吾乙
㐛	⿱佑乙
㐜	⿰求九
㐝	⿱拘乙
㐞	⿱其乙
㐟	⿱非乙
㐠	⿱乳乙
㐡	⿺九耎
㐢	⿱浮乙
㐣	⿸庫乙
㐤	⿺九真
㐥	⿱鋤乙
㐦	⿱擧乙
㐧	⿽⿹⿻乛亅㇒丶
㐨	⿰予予
㐩	⿰井井
㐪	⿱亠⿻凵人
㐫	⿱亠凶
㐭	⿱亠回
㐯	⿳亠吕香
㐰	⿰亻口
㐱	⿱𠆢彡
㐲	⿰亻大
㐳	⿰亻兀
㐴	⿰亻夕
㐵	⿰亻于
㐶	⿰亻巳
㐷	⿰亻马
㐸	⿰亻欠
㐹	⿰亻气
㐺	⿰亻𠆧
㐻	⿰亻内
㐼	⿰亻升
㐽	⿰亻风
㐾	⿰亻元
㐿	⿰亻手
㑀	⿰亻太
㑁	⿰亻出
㑂	⿰亻丙
㑃	⿰亻幼
㑄	⿰亻母
㑅	⿰亻⿱𠂉上
㑆	⿰亻兄
㑇	⿰亻刍
㑈	⿰亻东
㑉	⿰亻夙
㑊	⿰亻亦
㑋	⿰亻曲
㑌	⿰亻匡
㑍	⿰亻耒
㑎	⿰亻𭗼
㑏	⿰亻守
㑐	⿰亻尗
㑑	⿰亻自
㑒	⿱𠆢⿱一⿻口人
㑓	⿰亻𭆙
㑔	⿰亻页
㑕	⿰亻岁
㑖	⿰亻仲
㑗	⿰亻身
㑘	⿰亻戒
㑙	⿰亻𦔮
㑚	⿰亻那
㑛	⿰亻束
㑜	⿰亻折
㑝	⿰亻弄
㑞	⿰亻灷
㑟	⿰亻兵
㑠	⿰亻坚
㑡	⿰亻即
㑢	⿰亻却
㑣	⿰亻林
㑤	⿰亻苗
㑥	⿰亻易
㑦	⿰亻戾
㑧	⿰亻季
㑩	⿰亻罗
㑫	⿰亻念
㑬	⿰亻姑
㑭	⿰亻畀
㑮	⿰亻軍
㑯	⿰亻頁
㑰	⿰亻彖
㑱	⿰亻柔
㑲	⿰亻南
㑳	⿰亻芻
㑴	⿰亻⿱帚又
㑵	⿰亻疾
㑶	⿰亻氣
㑷	⿰亻能
㑸	⿰亻⿱古可
㑹	⿳⿵𠆢一由日
㑺	⿰亻隽
㑻	⿰亻密
㑼	⿰亻略
㑽	⿰亻堂
㑾	⿰亻䚻
㑿	⿰亻巢
㒀	⿰亻啇
㒁	⿰亻圉
㒂	⿰亻著
㒃	⿰亻貳
㒄	⿰亻然
㒅	⿰亻袲
㒆	⿰亻翕
㒇	⿰亻無
㒈	⿰亻敢
㒉	⿰亻棠
㒊	⿰亻歰
㒋	⿰亻斯
㒌	⿰亻焭
㒍	⿰亻絫
㒎	⿰亻䨿
㒏	⿰亻寒
㒐	⿰亻筍
㒑	⿰亻匯
㒓	⿰亻達
㒔	⿰亻蜀
㒕	⿰亻雍
㒖	⿰亻萬
㒗	⿰亻䑓
㒘	⿰亻竪
㒙	⿰亻綿
㒚	⿰亻㥯
㒛	⿰亻翟
㒜	⿰亻與
㒝	⿰亻蔑
㒞	⿰亻嶲
㒟	⿰亻褭
㒠	⿰亻韰
㒡	⿰亻繇
㒢	⿰亻龠
㒣	⿰亻應
㒤	⿰亻聶
㒥	⿰亻豐
㒦	⿰亻壘
㒧	⿰亻離
㒨	⿰亻⿱𦦉巳
㒩	⿰亻蠡
㒪	⿳𠆢𦣦⿰止豕
㒫	⿱？儿
㒬	⿺元王
㒭	⿰兄兄
㒮	⿺元豕
㒯	⿰光華
㒰	⿱入工
㒱	⿱入夕
㒲	⿱入日
㒳	⿻⿵冂丨𠓜
㒴	⿱入出
㒶	⿱八白
㒷	⿳𠔿一八
㒸	⿱丷豕
㒹	⿰⿳𥃭一八⿳𥃭一八
㒺	⿵冂⿱䒑亾
㒻	⿱冃見
㒽	⿱冃卷
㒾	⿱冃施
㒿	⿱冃離
㓀	⿱冖卜
㓂	⿱冖⿺元女
㓃	⿱冖託
㓄	⿰參冘
㓅	⿰冫丁
㓆	⿰冫仑
㓈	⿰冫石
㓉	⿰冫舌
㓊	⿰冫同
㓋	⿰冫共
㓌	⿰冫全
㓍	⿰冫充
㓎	⿰冫𠬶
㓏	⿰冫冏
㓐	⿰冫坴
㓑	⿰冫幸
㓒	⿱⿰冫七𠇍
㓓	⿰冫南
㓔	⿰冫射
㓕	⿰冫烕
㓖	⿰冫畢
㓗	⿰冫絜
㓘	⿵夙玉
㓙	⿶凵文
㓚	⿰工刂
㓜	⿰幺刀
㓝	⿰井刂
㓞	⿰丰刀
㓟	⿰皮刂
㓠	⿰占刂
㓡	⿰缶刂
㓢	⿰各刂
㓣	⿰合刂
㓤	⿰吉刂
㓥	⿰当刂
㓦	⿰百刂
㓧	⿰含刂
㓨	⿰夾刂
㓩	⿰角刂
㓪	⿰良刀
㓫	⿰⿱大开刂
㓬	⿰券刂
㓭	⿰曷刂
㓮	⿰周刂
㓯	⿰甾刂
㓰	⿰画刂
㓱	⿰俞刂
㓲	⿰扁刂
㓳	⿺是刂
㓴	⿰耎刂
㓵	⿰咢刂
㓶	⿰契刂
㓷	⿰臬刂
㓸	⿰𠁁刂
㓹	⿰⿸厂炎刂
㓺	⿰虔刂
㓻	⿰罡刂
㓼	⿰桼刂
㓽	⿰崇刂
㓾	⿰犀刂
㓿	⿰⿳禾𠆢水刂
㔀	⿰景刂
㔁	⿰登刂
㔂	⿰粦刂
㔃	⿱絶刀
㔄	⿰粟刂
㔅	⿰肅刂
㔆	⿰朁刂
㔇	⿰發刂
㔈	⿰菲刂
㔉	⿰属刂
㔊	⿰亶刂
㔋	⿰監刂
㔌	⿰聚刂
㔍	⿰算刂
㔎	⿱辥刀
㔏	⿰磊刂
㔐	⿰⿳𥫗一韭刂
㔑	⿱薛刀
㔒	⿰巂刂
㔓	⿰千力
㔔	⿱加㇣
㔕	⿰⿳𠂉一乙力
㔖	⿱加𠃍
㔗	⿰弗力
㔘	⿰出力
㔙	⿰并力
㔚	⿰舌力
㔛	⿱吉力
㔜	⿰孚力
㔝	⿰兩力
㔞	⿰乖力
㔠	⿰曷力
㔡	⿰𣬉力
㔢	⿱絶力
㔣	⿰畾力
㔤	⿰審力
㔥	⿰罷力
㔦	⿰養力
㔧	⿰盧力
㔨	⿹勹背
㔩	⿹勹盍
㔪	⿹勹鹵
㔫	⿸𠂇匕
㔬	⿱匕早
㔭	⿰匕是
㔮	⿰𦰩能
㔯	⿷匚⿱𠘧口
㔰	⿷匚外
㔱	⿷匚臾
㔲	⿷匚⿰飠九
㔳	⿷匚⿰𩙿几
㔴	⿷匚異
㔵	⿷匚巽
㔶	⿷匚贛
㔷	⿷匚丙
㔸	⿷匚虒
㔹	⿰十力
㔺	⿱十⿺⿻一乚十
㔻	⿱不十
㔼	⿱推十
㔽	⿱⺊回
㔾	
㔿	⿱一丩
㕀	⿱由㔾
㕁	⿰𠫤卩
㕂	⿸厂今
㕃	⿸厂开
㕄	⿸厂𢆰
㕅	⿸厂甲
㕆	⿸厂古
㕇	⿸厂立
㕈	⿸厂衣
㕉	⿸厂合
㕊	⿸厂甫
㕋	⿸厂金
㕌	⿸厂㝵
㕍	⿸厂隹
㕎	⿸厂盍
㕏	⿸厂㪷
㕐	⿸厂舄
㕑	⿸厂尌
㕒	⿸厂義
㕓	⿸厂⿱黑土
㕔	⿸厂聽
㕕	⿱厶厶
㕖	⿱厽木
㕗	⿺羑厶
㕘	⿱厽尒
㕙	⿰夋兔
㕚	⿼叉丶
㕛	⿱又又
㕜	⿱中又
㕟	⿰⿱⺊𠕁又
㕠	⿱准又
㕡	⿰䜭又
㕢	⿰⿳⿱⺊冖一貝又
㕤	⿰口九
㕥	⿰口人
㕦	⿱口大
㕧	⿰口尸
㕨	⿰口凡
㕩	⿰口丰
㕪	⿰口冘
㕫	⿰口方
㕬	⿰口公
㕭	⿰口夭
㕯	⿵內口
㕰	⿰口毛
㕱	⿰口尤
㕲	⿰口木
㕳	⿰口凶
㕴	⿰口冗
㕵	⿰口王
㕶	⿰口五
㕷	⿰口白
㕸	⿰口立
㕹	⿰口犮
㕺	⿱吅丂
㕻	⿱丶否
㕼	⿰口⿹勹⿺𠃊㐅
㕽	⿰口以
㕾	⿱小𠮟
㕿	⿱禾口
㖀	⿰口聿
㖁	⿰口𠫤
㖂	⿰口曳
㖃	⿰口后
㖄	⿰口州
㖅	⿰口戌
㖆	⿰口曲
㖇	⿰口而
㖈	⿱老口
㖉	⿰口企
㖊	⿰口寻
㖋	⿱介𠮟
㖌	⿱仇𠮟
㖍	⿱斗𠮟
㖎	⿱𠮟介
㖏	⿰口圼
㖐	⿱吅尹
㖑	⿰口戒
㖒	⿰口弟
㖓	⿰口夆
㖔	⿰口呑
㖕	⿰口辛
㖖	⿱辛口
㖗	⿰口岑
㖘	⿰口辰
㖙	⿱加𠮟
㖚	⿱付𠮟
㖛	⿱古𠮟
㖜	⿳亠口𠮟
㖝	⿱未𠮟
㖞	⿰口呙
㖟	⿰口受
㖠	⿰口奈
㖡	⿰口夜
㖢	⿰口庛
㖣	⿰口咅
㖤	⿰口函
㖥	⿰口囷
㖧	⿰口昏
㖩	⿰口取
㖪	⿰口或
㖫	⿰口夌
㖬	⿰口𪠨
㖭	⿰口忝
㖮	⿰口侖
㖯	⿱同𠮟
㖰	⿱𠮟同
㖱	⿱夜口
㖲	⿱如𠮟
㖳	⿱汝𠮟
㖴	⿰口芴
㖵	⿰口具
㖶	⿰口⿱覀土
㖷	⿰口是
㖸	⿰口虐
㖹	⿰口盆
㖺	⿰口春
㖻	⿰口柔
㖼	⿰口某
㖽	⿰口頁
㖾	⿱吅屰
㖿	⿰口耶
㗀	⿰口幽
㗁	⿰口咢
㗂	⿰口省
㗃	⿰口昬
㗄	⿰口𬙙
㗆	⿰口革
㗇	⿰口叚
㗈	⿰口勇
㗉	⿱㓞各
㗊	⿱吅吅
㗋	⿰口矦
㗌	⿰口室
㗍	⿰口香
㗎	⿰口架
㗏	⿰口歪
㗐	⿰口盇
㗑	⿰口拜
㗒	⿰口哀
㗓	⿰口追
㗔	⿰口虔
㗕	⿰口冓
㗖	⿰口舀
㗗	⿰另卑
㗘	⿰口尃
㗙	⿰口芻
㗛	⿰口笑
㗜	⿰口畜
㗝	⿰口羔
㗞	⿰口破
㗟	⿱注𠮟
㗠	⿱始𠮟
㗡	⿱芿𠮟
㗢	⿰口動
㗣	⿰口帶
㗤	⿱戚口
㗥	⿰口郭
㗦	⿰口聊
㗧	⿰口窒
㗨	⿱殹口
㗩	⿰口習
㗪	⿰口紫
㗫	⿰口祭
㗬	⿱𫩠多
㗭	⿰口悉
㗮	⿰名庚
㗯	⿱者𠮟
㗰	⿰口從
㗱	⿰口集
㗲	⿰口畫
㗳	⿰口答
㗵	⿰口欻
㗶	⿰口發
㗷	⿰口⿳宀𠀎贝
㗸	⿰口䘖
㗹	⿰口𢛧
㗺	⿰口䨿
㗻	⿰口過
㗼	⿰口業
㗽	⿱鄉口
㗾	⿰口靴
㗿	⿰口閜
㘀	⿰口䊆
㘁	⿰口睪
㘂	⿰口慈
㘃	⿰口惹
㘄	⿰口楞
㘆	⿰口臺
㘇	⿰口榮
㘈	⿰口疑
㘉	⿰口節
㘊	⿰口霅
㘋	⿰口賢
㘌	⿰口劇
㘍	⿰口𢧵
㘎	⿰口阚
㘏	⿱道𠮟
㘐	⿰口駮
㘑	⿰口隷
㘒	⿱種𠮟
㘓	⿰口闌
㘔	⿰口賽
㘕	⿰口藍
㘖	⿰口顔
㘗	⿰口瞿
㘘	⿱䜌口
㘙	⿰口嚴
㘚	⿰口闞
㘛	⿰口龕
㘜	⿱讎口
㘝	⿴囗又
㘞	⿴囗力
㘟	⿴囗廾
㘠	⿴囗必
㘡	⿴囗甲
㘢	⿴囗光
㘣	⿴囗肙
㘤	⿴囗淵
㘥	⿴囗繇
㘦	⿰土力
㘧	⿰土予
㘨	⿰土内
㘩	⿰土比
㘪	⿰土毛
㘫	⿰土井
㘬	⿰土勾
㘭	⿰土幻
㘮	⿰土尺
㘯	⿰土𱐩
㘰	⿰土斗
㘱	⿰土冉
㘲	⿰土尻
㘳	⿱北土
㘴	⿻㕥土
㘵	⿰土布
㘶	⿱舛土
㘷	⿰土艾
㘸	⿱死土
㘹	⿱此土
㘺	⿰土伐
㘻	⿰土因
㘼	⿰土考
㘽	⿹𢦏土
㘾	⿰土宇
㘿	⿰土圼
㙀	⿰土究
㙁	⿰土每
㙂	⿰土兑
㙃	⿰土兵
㙄	⿰土坒
㙅	⿰土呆
㙆	⿰土宏
㙇	⿰土豖
㙈	⿰土虎
㙉	⿰土典
㙋	⿰土其
㙌	⿰土肃
㙍	⿰土叕
㙎	⿰土威
㙏	⿰土复
㙐	⿰土耑
㙑	⿱禹土
㙒	⿱𤰩土
㙓	⿱垚土
㙔	⿰土韋
㙕	⿰土胃
㙖	⿰土禹
㙗	⿰土畏
㙘	⿰土要
㙙	⿱浝土
㙚	⿰土⿱𦍌牛
㙛	⿰土尃
㙜	⿱高土
㙝	⿰土脅
㙞	⿰土臬
㙟	⿰土朗
㙠	⿱殹土
㙡	⿰土從
㙢	⿰土㒼
㙣	⿰土張
㙤	⿰土虖
㙥	⿰土衮
㙦	⿱斜土
㙧	⿰土畱
㙨	⿰土幾
㙩	⿰土尞
㙪	⿰土壹
㙫	⿰土集
㙬	⿱猌土
㙭	⿰土厥
㙮	⿰土答
㙯	⿱埶云
㙰	⿱解土
㙱	⿱號土
㙲	⿰土雍
㙳	⿰土感
㙴	⿰土詹
㙵	⿰土㙜
㙶	⿳亠口堂
㙷	⿰土㬎
㙸	⿰土僕
㙹	⿰土夢
㙺	⿰土匱
㙻	⿰土廛
㙼	⿰土畾
㙽	⿰土奭
㙾	⿰土學
㙿	⿰土⿱𦍌⿻秀？
㚀	⿰土戲
㚁	⿰堯堯
㚂	⿰土囊
㚃	⿳⿱士冖凶䒑
㚄	⿳⿱士冖田疋
㚅	⿱夂𤯔
㚆	⿱𣅀夊
㚇	⿳凶八夊
㚈	⿰夕十
㚉	⿵乃多
㚊	⿰多亥
㚋	⿰多周
㚌	⿰多果
㚍	⿰多貴
㚎	⿱大凵
㚏	⿱大廾
㚐	⿱大大
㚒	⿻大𠓜
㚓	⿱大木
㚔	⿱大𢆉
㚕	⿱大弗
㚗	⿱大且
㚘	⿰夫夫
㚚	⿱大名
㚛	⿱大旨
㚜	⿱大或
㚝	⿱大佳
㚞	⿱大林
㚟	⿱㲋大
㚠	⿱大羔
㚡	⿰奇奇
㚢	⿰亻女
㚣	⿱女女
㚤	⿰女弋
㚥	⿰女于
㚦	⿰女丌
㚧	⿰女广
㚨	⿰女卂
㚩	⿰女冄
㚪	⿰女毛
㚫	⿰女及
㚬	⿰女匀
㚭	⿰女尤
㚮	⿰女冗
㚯	⿰女风
㚰	⿰女丕
㚱	⿰女丘
㚲	⿰女占
㚳	⿰女加
㚴	⿰女布
㚵	⿰女冬
㚶	⿰女㠯
㚷	⿰女尒
㚸	⿰女司
㚹	⿰女卯
㚺	⿰女孕
㚻	⿱田女
㚼	⿰女田
㚽	⿱巧女
㚾	⿰女兄
㚿	⿰女包
㛀	⿰女刍
㛁	⿰女平
㛂	⿰女𠂬
㛃	⿱㓞女
㛄	⿰女衣
㛅	⿰女耳
㛆	⿰女朶
㛇	⿰女庄
㛈	⿰女考
㛉	⿰女西
㛊	⿰女朵
㛋	⿰女𠇍
㛌	⿰女牟
㛍	⿰女夾
㛎	⿰女吕
㛐	⿰女更
㛑	⿱𣦼女
㛒	⿰女豆
㛓	⿰女希
㛔	⿰女夆
㛕	⿰女邑
㛖	⿰女夋
㛗	⿰女坐
㛘	⿰女孛
㛙	⿰女辛
㛚	⿰女甬
㛛	⿰女身
㛜	⿱攸女
㛝	⿰女貝
㛞	⿰女弄
㛟	⿰女奂
㛠	⿰女间
㛡	⿰女完
㛢	⿰女秀
㛣	⿰女员
㛤	⿰女丽
㛥	⿰女沓
㛦	⿰女林
㛧	⿰女岩
㛨	⿰女羌
㛩	⿰女育
㛪	⿰女奄
㛫	⿰女易
㛬	⿰女坴
㛭	⿰女昔
㛮	⿰女叜
㛯	⿰女勉
㛰	⿰女昬
㛱	⿰女畏
㛲	⿰女頁
㛳	⿱帝女
㛴	⿰女𡿺
㛵	⿰女爯
㛶	⿰女炭
㛷	⿱𮂱女
㛸	⿰女壴
㛹	⿰女便
㛺	⿰女音
㛻	⿰女奎
㛼	⿰女臿
㛽	⿰女宩
㛾	⿰女咸
㛿	⿰女带
㜀	⿰女相
㜁	⿰女查
㜂	⿱封女
㜃	⿰女信
㜄	⿰女風
㜅	⿰女畜
㜆	⿰女迷
㜇	⿰女恚
㜈	⿱務女
㜉	⿰女邕
㜊	⿰女展
㜋	⿰女益
㜌	⿰⿱⿳士冖一女殳
㜍	⿰女唐
㜎	⿰女奚
㜏	⿰女員
㜐	⿰女豈
㜑	⿱浦女
㜒	⿰女舁
㜓	⿰女荅
㜔	⿰女竞
㜕	⿰女連
㜖	⿰女曹
㜗	⿰女參
㜘	⿰女虘
㜙	⿰女鹿
㜚	⿰女宿
㜛	⿰女軟
㜜	⿰女敖
㜝	⿰女酓
㜞	⿱斬女
㜟	⿰女敢
㜠	⿰女崔
㜡	⿰女從
㜢	⿰女婁
㜣	⿰女然
㜤	⿰女覃
㜥	⿰女買
㜦	⿰女尋
㜧	⿰女厥
㜨	⿰女犀
㜩	⿰女奥
㜪	⿱新女
㜫	⿰女微
㜬	⿰女詹
㜭	⿰女當
㜮	⿰女監
㜯	⿰女熙
㜰	⿰女樂
㜱	⿰女質
㜲	⿰女嬴
㜳	⿰女褱
㜴	⿰女瞢
㜵	⿰女褭
㜶	⿰女毚
㜷	⿱彌女
㜸	⿱薛女
㜹	⿰女瞿
㜺	⿰女贊
㜻	⿰女戀
㜼	⿰女疊
㜽	⿱巛子
㜾	⿰子介
㜿	⿰子予
㝀	⿰母子
㝁	⿱旬子
㝂	⿰子折
㝃	⿰子免
㝄	⿰享屯
㝅	⿰𫯂殳
㝆	⿰子喜
㝇	⿰享享
㝈	⿱䜌孖
㝉	⿱宀一
㝊	⿱宀又
㝋	⿱宀了
㝌	⿱宀久
㝍	⿱宀与
㝎	⿱宀之
㝏	⿱宀介
㝐	⿱宀公
㝑	⿱宀方
㝒	⿱宀古
㝓	⿱宀合
㝔	⿱宀交
㝕	⿱𫲽又
㝖	⿱宀多
㝗	⿱宀良
㝘	⿱宀言
㝙	⿱宀⿳王一八
㝚	⿱宀延
㝛	⿱宀𠈇
㝜	⿱宀昔
㝝	⿱宀林
㝞	⿱宀亞
㝟	⿱㝉見
㝠	⿱宀昗
㝣	⿱宀契
㝤	⿱宀冓
㝥	⿱宀⿰爿米
㝦	⿱宀隽
㝧	⿱安坐
㝨	⿱宀袁
㝩	⿱宀康
㝪	⿱宀執
㝭	⿱宀惺
㝮	⿱宀𠭥
㝯	⿱宀喬
㝰	⿱宀臱
㝱	⿱宀⿰爿夢
㝲	⿱宀⿰爿⿳⿱艹罒冖帚
㝳	⿻一⺗
㝴	⿺元寸
㝶	⿳罒儿寸
㝷	⿳𫜹⿰工⿻九丶寸
㝸	⿱小⿱日儿
㝹	⿱少兔
㝺	⿰兼少
㝻	⿰堇少
㝼	⿺尢于
㝽	⿺尢水
㝾	⿺尢左
㝿	⿺尢皮
㞀	⿺尢灰
㞁	⿺尢㫐
㞂	⿺尢妥
㞃	⿰谷尤
㞄	⿺尢奄
㞅	⿺尢果
㞆	⿺尢奇
㞇	⿺尢畏
㞈	⿺尢扁
㞉	⿺尢差
㞊	⿰祟尢
㞋	⿸尸又
㞌	⿸尸子
㞎	⿸尸巴
㞏	⿸尸乏
㞐	⿸尸立
㞑	⿸尸⿻乚⿰⿱丶㇀⿱㇒丶
㞒	⿸尸自
㞓	⿸尸旨
㞔	⿸尸多
㞕	⿸尸䏌
㞖	⿸尸朿
㞗	⿸尸求
㞘	⿸尸豖
㞙	⿸尾水
㞚	⿸尸臿
㞛	⿸尸⿰彳旨
㞜	⿸尸㣦
㞝	⿱戚尸
㞞	⿸尸從
㞟	⿸尸奠
㞠	⿸尸尞
㞡	⿸尸⿱㠭𧘇
㞢	⿱屮一
㞣	⿱屮分
㞤	⿱山人
㞥	⿱山入
㞦	⿰山几
㞧	⿱山乃
㞨	⿰山子
㞩	⿱山凡
㞪	⿱彐山
㞫	⿱山之
㞬	⿱山工
㞭	⿱大山
㞮	⿱山𠚤
㞯	⿱己山
㞰	⿰山午
㞱	⿱山日
㞲	⿰山中
㞳	⿰山斗
㞴	⿰山氏
㞵	⿱山文
㞶	⿰山文
㞷	⿱山王
㞸	⿱山不
㞹	⿰山可
㞺	⿱山矢
㞻	⿱山号
㞼	⿱氶山
㞽	⿰山戉
㞾	⿰山尼
㞿	⿳山土乂
㟀	⿱禾山
㟂	⿰山母
㟃	⿰山司
㟄	⿰山羊
㟅	⿰山兇
㟆	⿰山华
㟇	⿰山坐
㟈	⿰山求
㟉	⿰山牢
㟊	⿰山孚
㟋	⿰山兑
㟌	⿰山尨
㟍	⿰山良
㟎	⿰山妥
㟏	⿰山含
㟐	⿰山芒
㟑	⿰山孛
㟒	⿱山君
㟓	⿰山希
㟔	⿱山含
㟕	⿱山呌
㟖	⿱山弄
㟗	⿻山⿰分分
㟘	⿰山周
㟙	⿰山昔
㟚	⿱枝山
㟛	⿱山拑
㟜	⿱山⿰弓尔
㟝	⿰山咅
㟞	⿰山戔
㟟	⿳山共㔾
㟠	⿰山岡
㟡	⿱山卷
㟣	⿰山松
㟤	⿱山录
㟥	⿱山参
㟦	⿱山軍
㟧	⿱山咢
㟩	⿱敃山
㟪	⿰山畏
㟫	⿰山泉
㟬	⿱山叟
㟭	⿰山昬
㟮	⿰山突
㟯	⿱山客
㟰	⿰山冥
㟱	⿰山羔
㟲	⿰山原
㟳	⿰山栗
㟵	⿱山罡
㟶	⿱山原
㟷	⿰山荅
㟸	⿰山皋
㟹	⿰山聊
㟺	⿱山婁
㟻	⿱斬山
㟼	⿱山敖
㟾	⿰山庸
㟿	⿰山莽
㠁	⿰山參
㠂	⿰山敖
㠃	⿰山啇
㠄	⿱山習
㠅	⿱山復
㠆	⿰山單
㠇	⿱山就
㠈	⿰山閏
㠉	⿰山童
㠊	⿰山虚
㠋	⿱山⿱品亏
㠌	⿱山欺
㠍	⿱山集
㠎	⿰山集
㠏	⿰山華
㠐	⿱山喬
㠑	⿱山罪
㠒	⿰山剽
㠓	⿰山蒙
㠔	⿱山辟
㠕	⿱山隗
㠖	⿱山義
㠗	⿰山奧
㠘	⿱山與
㠙	⿰山豪
㠚	⿰山對
㠛	⿰山蒦
㠜	⿰山疑
㠝	⿰山賛
㠞	⿱徵山
㠟	⿰山黎
㠠	⿰山盧
㠡	⿰山褭
㠢	⿱嵬衣
㠣	⿰山歷
㠤	⿰山襄
㠥	⿰山壘
㠦	⿰山豐
㠧	⿰山靡
㠨	⿰山欝
㠩	⿱亾𫶧
㠪	⿱一上
㠫	⿱巩夫
㠬	⿱⿰工口夫
㠭	⿱⿰工工⿰工工
㠮	⿰普工
㠰	⿱加己
㠱	⿱己其
㠲	⿰巾匕
㠳	⿱入巾
㠴	⿰巾刃
㠵	⿱亡巾
㠷	⿰巾及
㠸	⿰巾夫
㠹	⿰巾介
㠺	⿰巾少
㠻	⿱耂巾
㠼	⿰巾斤
㠽	⿰巾冬
㠾	⿱夗巾
㠿	⿱此巾
㡁	⿰巾夸
㡂	⿱列巾
㡃	⿰巾㠩
㡄	⿰巾旬
㡅	⿰巾多
㡆	⿰巾巟
㡇	⿰巾𦔮
㡈	⿰巾免
㡉	⿰巾弦
㡊	⿰巾臽
㡋	⿰巾奄
㡌	⿰巾冐
㡍	⿱㚖巾
㡎	⿰巾参
㡏	⿰巾俞
㡐	⿰巾前
㡑	⿱秋巾
㡒	⿰巾盾
㡓	⿰巾軍
㡔	⿱敄巾
㡕	⿰巾英
㡖	⿰巾重
㡗	⿰巾虒
㡘	⿰巾兼
㡙	⿰巾𣬉
㡚	⿰巾冓
㡛	⿰巾荒
㡝	⿰巾逢
㡞	⿰巾婁
㡟	⿰巾曹
㡠	⿰巾登
㡢	⿰巾㬅
㡣	⿰帝？
㡤	⿰巾業
㡥	⿰巾㥯
㡦	⿰巾賓
㡧	⿰巾䆸
㡨	⿰巾韱
㡩	⿱䜌巾
㡪	⿰巾𤔿
㡫	⿰幺曷
㡬	⿹⿻弋𢆶⿰丿𠃌
㡭	⿺𠃊⿳𢆶一𢆶
㡮	⿰幾气
㡯	⿸广乇
㡰	⿸广于
㡱	⿸广久
㡲	⿸广戈
㡳	⿸广氏
㡴	⿸广立
㡵	⿸广令
㡶	⿸广只
㡷	⿸广本
㡸	⿸广乍
㡹	⿸广且
㡺	⿸广旦
㡻	⿸广卯
㡼	⿸广曳
㡽	⿸广聿
㡾	⿸广艮
㡿	⿸广屰
㢀	⿸广朿
㢁	⿸广多
㢂	⿸广𠂤
㢃	⿸广良
㢄	⿸广豆
㢅	⿸广弄
㢆	⿸广里
㢇	⿸广言
㢈	⿸广隹
㢉	⿸广秅
㢊	⿸广奇
㢋	⿸广侈
㢌	⿸广阿
㢍	⿸广英
㢎	⿸广臿
㢏	⿸广俞
㢐	⿸广咼
㢑	⿸广隼
㢒	⿸广虘
㢓	⿸广章
㢔	⿸广從
㢕	⿸广𱁈
㢖	⿸广番
㢗	⿸广喬
㢘	⿸广𠔥
㢙	⿸广勤
㢚	⿸广虜
㢛	⿸广僉
㢜	⿸广⿱廿思
㢝	⿸广穌
㢞	⿸广翼
㢟	⿺廴⿺𠃊⺊
㢠	⿺廴冋
㢡	⿱將廾
㢢	⿱敞廾
㢣	⿱敬廾
㢤	⿹⿽弋十⿰丿𠃌
㢥	⿰同弋
㢦	⿰哥弋
㢧	⿹弓一
㢨	⿰弓干
㢩	⿰弓勺
㢪	⿰弓亏
㢫	⿰弓山
㢬	⿰弓厷
㢭	⿰弓攴
㢮	⿰弓㐌
㢯	⿰弓民
㢰	⿰弓皮
㢱	⿰弓厼
㢲	⿳弜一八
㢳	⿰弓⿱𠂉⿻𱍸㇒
㢴	⿹弓⿴囗⿻𰀪丶
㢵	⿰弓合
㢶	⿰弓百
㢷	⿰弓岁
㢸	⿰弓𢎿
㢹	⿰弓辛
㢺	⿰弓妾
㢻	⿰弓委
㢼	⿰弓㡀
㢽	⿰弓弭
㢾	⿰弓垔
㢿	⿰弓侯
㣀	⿰弓眞
㣁	⿰弓𤰇
㣂	⿰弓鬲
㣃	⿲弓育弓
㣄	⿰弓渠
㣅	⿰弓朁
㣆	⿰弓⿱爾王
㣇	⿳彑𰀪巾
㣈	⿰㣇㣇
㣉	⿰工彡
㣊	⿱攵彡
㣋	⿰丼彡
㣌	⿰占彡
㣍	⿰台彡
㣎	⿳白𡭔彡
㣏	⿰⿱大早彡
㣐	⿰泉彡
㣑	⿰庸彡
㣒	⿰曾彡
㣓	⿰粲彡
㣔	⿰彳丁
㣕	⿰彳大
㣖	⿰彳太
㣗	⿰彳戶
㣘	⿰彳句
㣙	⿰彳由
㣚	⿰彳同
㣛	⿰彳合
㣜	⿰彳刑
㣝	⿰彳戎
㣞	⿰彳兊
㣟	⿰彳吉
㣠	⿲彳丨冬
㣡	⿰彳仲
㣢	⿰彳弟
㣣	⿰彳㚒
㣤	⿰彳戔
㣥	⿰彳侍
㣦	⿰彳委
㣧	⿰彳𦙌
㣨	⿰彳姑
㣩	⿰彳林
㣪	⿰彳爰
㣫	⿰彳重
㣬	⿰彳咠
㣭	⿰彳㚇
㣮	⿰彳南
㣯	⿰彳屑
㣰	⿰彳悉
㣱	⿰彳責
㣲	⿲彳⿱山𠮛攵
㣳	⿰彳無
㣴	⿰彳黃
㣵	⿰彳達
㣶	⿰彳亶
㣷	⿰彳寧
㣸	⿰彳㽔
㣹	⿰彳應
㣻	⿱乂心
㣼	⿰忄刃
㣽	⿱女心
㣾	⿰忄叉
㣿	⿰忄勺
㤀	⿱兦心
㤁	⿱天心
㤂	⿱及心
㤃	⿰忄方
㤄	⿰忄巿
㤅	⿱旡心
㤆	⿰忄反
㤇	⿰忄夭
㤈	⿰忄心
㤉	⿰忄牙
㤊	⿰忄爻
㤋	⿰忄分
㤌	⿰忄甘
㤍	⿱巧心
㤎	⿱加心
㤏	⿰忄冬
㤐	⿱占心
㤑	⿰忄右
㤒	⿰忄夲
㤓	⿰忄本
㤔	⿰忄付
㤕	⿰忄出
㤖	⿰忄宁
㤘	⿰忄刍
㤙	⿱囙心
㤛	⿰忄任
㤜	⿰忄戍
㤝	⿰忄充
㤞	⿰忄宅
㤟	⿱曲心
㤠	⿱列心
㤡	⿰忄列
㤢	⿰忄有
㤣	⿱并心
㤤	⿰忄？
㤥	⿰忄亥
㤦	⿰忄吏
㤧	⿰忄后
㤨	⿰忄共
㤩	⿱各心
㤪	⿱⿸歹㔾心
㤫	⿱有心
㤬	⿰忄圭
㤭	⿰忄乔
㤮	⿱狂心
㤯	⿰忄冏
㤰	⿱作心
㤱	⿰忄豆
㤲	⿱夾心
㤳	⿰忄否
㤴	⿰忄𦔮
㤵	⿱孜心
㤶	⿰忄尨
㤷	⿰忄含
㤸	⿰忄赤
㤹	⿰忄求
㤺	⿰忄巟
㤻	⿱卵心
㤼	⿰忄劫
㤽	⿰忄寿
㤾	⿰忄罙
㤿	⿰忄奄
㥀	⿰忄直
㥁	⿱⿺𠃊⿱十罒心
㥂	⿰忄㝵
㥃	⿰忄門
㥄	⿰忄夌
㥅	⿰忄受
㥆	⿰忄隶
㥇	⿰忄戔
㥈	⿱帖心
㥉	⿰忄咅
㥊	⿰忄朋
㥋	⿱依心
㥌	⿰忄匊
㥍	⿰忄其
㥎	⿱𥝢心
㥏	⿰忄典
㥐	⿱命心
㥑	⿱？心
㥒	⿰忄采
㥓	⿰忄奇
㥔	⿰忄育
㥕	⿱炎心
㥖	⿰丹忩
㥗	⿰忄旻
㥘	⿰忄刼
㥙	⿰忄忠
㥚	⿰忄臾
㥛	⿰忄亟
㥜	⿰忄胃
㥝	⿰忄弭
㥞	⿰忄㒸
㥟	⿰忄彖
㥠	⿰忄胥
㥡	⿰忄𣐉
㥢	⿰忄酋
㥣	⿱奎心
㥤	⿱矜心
㥥	⿰忄禺
㥦	⿱匧心
㥧	⿰忄頁
㥨	⿱娃心
㥩	⿰忄⿻者丶
㥪	⿰忄娄
㥫	⿰忄亯
㥬	⿰忄旁
㥭	⿰忄泰
㥮	⿰忄芻
㥰	⿰忄叟
㥱	⿰忄匪
㥲	⿱眞心
㥳	⿰忄原
㥴	⿰忄虒
㥵	⿰忄圂
㥶	⿱𡨄心
㥷	⿸广㤲
㥸	⿰民思
㥹	⿱粉心
㥺	⿰忄盍
㥻	⿱⿵戊禾心
㥼	⿰忄焉
㥽	⿰忄責
㥾	⿰忄匿
㥿	⿱敖心
㦀	⿰忄逢
㦁	⿱連心
㦂	⿱常心
㦃	⿰忄産
㦄	⿸麻心
㦅	⿰忄帶
㦆	⿰忄虖
㦇	⿰忄鹿
㦈	⿰忄盖
㦉	⿰忄壹
㦊	⿰忄華
㦋	⿰忄奢
㦌	⿱毳心
㦍	⿰忄㖾
㦎	⿰忄畫
㦏	⿰忄巽
㦐	⿰忄貳
㦑	⿰忄敢
㦒	⿰忄詈
㦓	⿰忄然
㦔	⿱猒心
㦕	⿰忄隆
㦖	⿰忄悶
㦗	⿰忄禁
㦘	⿱敫心
㦙	⿰忄愚
㦚	⿲辛心辛
㦛	⿱與心
㦜	⿰忄蒦
㦝	⿱貌心
㦞	⿱壽心
㦟	⿱貍心
㦠	⿰忄對
㦡	⿰忄樂
㦢	⿰忄節
㦣	⿱衛心
㦤	⿰壹𬅟
㦥	⿰忄⿳⿱宀丯罒心
㦦	⿰忄䦧
㦧	⿰忄㬱
㦨	⿰忄闌
㦩	⿰忄隱
㦪	⿰忄燮
㦫	⿰忄贊
㦬	⿰忄羅
㦭	⿰忄靈
㦮	⿻戋一
㦯	⿹戈⿱厶一
㦰	⿽戈从
㦱	⿹⿽戈一土
㦲	⿹𢦏⿰丿𠃌
㦳	⿹𢦏土
㦴	⿹戈各
㦵	⿰朱戈
㦶	⿹戈至
㦷	⿰甬戈
㦸	⿰卓戈
㦹	⿰昜戈
㦺	⿰⿸辰寸戈
㦻	⿰習戈
㦼	⿰舂戈
㦽	⿰有𡿿
㦾	⿸戶也
㦿	⿸户木
㧀	⿸户及
㧁	⿸户去
㧂	⿸户田
㧃	⿰扌丩
㧄	⿰扌凵
㧅	⿰扌刀
㧆	⿰扌巾
㧇	⿰扌𠔼
㧈	⿰扌弓
㧉	⿰扌⿳𠂉一乙
㧊	⿰扌巿
㧋	⿰扌犬
㧌	⿰扌毛
㧍	⿰扌方
㧎	⿰扌牙
㧏	⿰扌冈
㧐	⿰扌双
㧑	⿰扌为
㧒	⿰扌穴
㧓	⿰扌瓜
㧔	⿰扌戊
㧕	⿰扌卯
㧖	⿰扌戹
㧗	⿰扌此
㧘	⿱此手
㧙	⿰扌必
㧚	⿰扌瓦
㧛	⿱𰀢手
㧜	⿰扌匝
㧝	⿱加手
㧞	⿰扌叐
㧟	⿰扌汇
㧠	⿰扌厼
㧡	⿰扌亥
㧢	⿰扌因
㧣	⿰扌朱
㧤	⿰扌充
㧥	⿰扌先
㧦	⿰扌旬
㧧	⿰扌㐬
㧨	⿰扌后
㧩	⿰扌𫥞
㧪	⿰扌危
㧫	⿰扌而
㧬	⿱巩手
㧭	⿱邛手
㧮	⿰扌臼
㧯	⿰扌老
㧰	⿰扌乐
㧱	⿰合手
㧲	⿰扌宋
㧳	⿱扮手
㧴	⿰扌我
㧵	⿰扌否
㧶	⿰扌身
㧷	⿰扌呑
㧸	⿰扌亨
㧹	⿰扌㝵
㧺	⿰扌沓
㧻	⿰扌豖
㧼	⿰扌表
㧽	⿰扌固
㧾	⿰扌忽
㧿	⿰扌⿱从龰
㨀	⿰扌秉
㨁	⿰扌直
㨂	⿰扌東
㨃	⿰扌享
㨄	⿰扌周
㨅	⿰扌芮
㨆	⿰扌林
㨇	⿱波手
㨈	⿰扌斉
㨉	⿰扌昬
㨊	⿰扌⿱左⺝
㨋	⿰扌⿻者丶
㨌	⿰⿱⿱士冖手殳
㨍	⿱封手
㨎	⿰扌耎
㨏	⿰扌炭
㨐	⿰扌保
㨑	⿰扌㚇
㨒	⿰扌奎
㨓	⿰扌窂
㨔	⿰扌咸
㨕	⿰扌盈
㨖	⿰扌致
㨗	⿰扌⿳⺊⺕龰
㨘	⿰扌省
㨙	⿰扌奚
㨚	⿰扌荀
㨛	⿰扌閃
㨜	⿰扌虔
㨝	⿰扌屑
㨞	⿰扌素
㨟	⿰扌豈
㨠	⿰扌冥
㨡	⿰扌圂
㨢	⿰扌能
㨣	⿰扌翁
㨤	⿰扌龨
㨥	⿰扌納
㨦	⿰扌隻
㨧	⿰扌畚
㨨	⿰扌留
㨩	⿰扌庭
㨪	⿰扌晃
㨫	⿰扌监
㨬	⿰扌袁
㨭	⿰扌扈
㨮	⿰扌兜
㨯	⿰扌郭
㨰	⿰扌衮
㨱	⿰扌䚻
㨲	⿰扌𦯕
㨳	⿰扌寄
㨴	⿰扌乾
㨵	⿰扌剪
㨶	⿰扌鳥
㨷	⿰扌堇
㨸	⿰扌密
㨹	⿰扌彗
㨺	⿰扌㒼
㨻	⿱斬手
㨼	⿱略手
㨽	⿰扌副
㨾	⿰扌羕
㨿	⿰扌處
㩀	⿰扌⿸虍匆
㩁	⿰扌寉
㩂	⿰扌斛
㩃	⿰扌寒
㩄	⿰扌崽
㩅	⿰扌畱
㩆	⿰扌就
㩇	⿰扌畫
㩈	⿰扌窘
㩉	⿰扌翕
㩊	⿰扌𡬳
㩋	⿰扌肅
㩌	⿰扌費
㩍	⿰扌策
㩎	⿰扌猒
㩏	⿰扌黑
㩐	⿰扌等
㩑	⿰扌䨿
㩒	⿰扌禁
㩓	⿱毁手
㩔	⿰扌殿
㩕	⿰扌零
㩖	⿰扌畺
㩗	⿰扌𡻎
㩘	⿰扌義
㩙	⿰扌塞
㩚	⿰扌蒙
㩛	⿰扌團
㩜	⿰扌監
㩝	⿰扌豪
㩞	⿰扌榮
㩟	⿰扌寨
㩠	⿰扌麃
㩡	⿰扌磊
㩢	⿰扌蔑
㩣	⿰扌翬
㩤	⿰扌敷
㩥	⿰扌韯
㩦	⿰扌𮥼
㩧	⿰扌暴
㩨	⿰扌慧
㩩	⿰扌潁
㩪	⿰扌䋶
㩫	⿰扌質
㩬	⿰扌戯
㩭	⿰扌學
㩯	⿰扌繁
㩰	⿰扌𦾈
㩱	⿰扌爵
㩲	⿰扌雚
㩴	⿰扌瞿
㩵	⿰扌獻
㩶	⿰扌籋
㩷	⿰扌騫
㩸	⿰扌𤴁
㩹	⿰扌疊
㩺	⿰比支
㩻	⿰危支
㩼	⿰多支
㩽	⿰束支
㩾	⿰垂支
㩿	⿰乞攵
㪀	⿰于攵
㪁	⿰今攴
㪂	⿰气攴
㪃	⿰可攴
㪄	⿰弗攵
㪅	⿱丙攴
㪆	⿰氐攴
㪇	⿰先攵
㪈	⿰圭攴
㪉	⿰合攵
㪊	⿰君攴
㪋	⿰旱攴
㪌	⿰甬攴
㪍	⿰孛攵
㪎	⿰夾攴
㪏	⿰卑攴
㪐	⿰戾攴
㪑	⿰奄攴
㪒	⿰兒攴
㪓	⿰乖攴
㪔	⿰林攴
㪕	⿰卓攴
㪖	⿰录攴
㪗	⿰咅攴
㪘	⿰㑒攵
㪙	⿰果攵
㪚	⿰昔攵
㪛	⿰甚攴
㪜	⿰耑攴
㪝	⿰柬攴
㪞	⿰冒攴
㪟	⿰亯攵
㪠	⿰兼攴
㪡	⿰害攴
㪢	⿰叟攴
㪣	⿰高攵
㪤	⿰畢攵
㪥	⿰虘攴
㪦	⿰寅攵
㪧	⿰翕攴
㪨	⿰善攴
㪩	⿰肅攴
㪪	⿰䨿攴
㪫	⿰睿攴
㪬	⿰翟攴
㪭	⿰盧攴
㪮	⿰霝攴
㪯	⿱文𰀁
㪰	⿱文米
㪱	⿰文奐
㪲	⿱斗𠃍
㪳	⿱斗㇣
㪴	⿰元斗
㪵	⿰半斗
㪶	⿰百斗
㪷	⿰豆斗
㪸	⿰其斗
㪹	⿰婁斗
㪺	⿰𥇛斗
㪻	⿱䜌斗
㪼	⿰可斤
㪽	⿱一昕
㪾	⿰各斤
㪿	⿰⿱䶹䶹斤
㫀	⿰昌斤
㫁	⿰⿺𠃊⿱𢆶兀斤
㫂	⿰庶斤
㫃	⿰方人
㫄	⿱二⿹勹方
㫅	⿰方⿱𠆢亓
㫆	⿰方尒
㫇	⿱於𠃍
㫈	⿱於㇣
㫉	⿰方危
㫊	⿰方⿱𠂉可
㫋	⿰方⿱𠂉冉
㫌	⿰方⿱𠂉正
㫍	⿰方⿱𠂉攸
㫎	⿰方⿱𠂉軍
㫏	⿰方⿱𠂉要
㫐	⿱日匕
㫑	⿰日力
㫒	⿱日廾
㫓	⿰日乞
㫔	⿱日上
㫕	⿱日兀
㫘	⿱不日
㫙	⿰日夫
㫚	⿱勿曰
㫛	⿰日兄
㫜	⿰日旦
㫝	⿰日氐
㫞	⿰日𠬢
㫟	⿰日⿱𠘧口
㫠	⿰日半
㫡	⿱日冬
㫢	⿰日去
㫣	⿱日电
㫤	⿱日⿱一水
㫥	⿰日名
㫦	⿲亻丨⿱攵日
㫧	⿱日米
㫨	⿰日安
㫩	⿱卉日
㫫	⿱日亚
㫬	⿰日旬
㫭	⿱日寺
㫮	⿱此日
㫯	⿱昌兀
㫰	⿰日良
㫱	⿱日赤
㫲	⿰日孛
㫳	⿱辰日
㫴	⿰日孝
㫵	⿰日非
㫶	⿰日帚
㫷	⿱其日
㫸	⿰日疌
㫹	⿱日所
㫺	⿱𠈌日
㫻	⿰日侖
㫼	⿰日制
㫽	⿰日录
㫾	⿰日尙
㫿	⿰日隹
㬀	⿰日享
㬁	⿱日洽
㬂	⿰日禺
㬃	⿱日炱
㬄	⿱日𪠇
㬅	⿱日𬙙
㬆	⿰日昬
㬇	⿰日奐
㬈	⿰日昷
㬉	⿰日耎
㬊	⿱日爰
㬋	⿰日侯
㬌	⿱日亰
㬍	⿰日尃
㬏	⿰日鬲
㬐	⿰日晋
㬑	⿰日郭
㬒	⿰日莽
㬓	⿰日票
㬔	⿰日翏
㬕	⿰日祥
㬖	⿰日啓
㬗	⿰日然
㬘	⿰日肅
㬙	⿰日爲
㬛	⿰日翕
㬝	⿰日曾
㬞	⿰日⿱山曷
㬟	⿰勿曾
㬠	⿰日煞
㬡	⿰日零
㬣	⿰日對
㬤	⿰日㬎
㬥	⿳𣅽大米
㬦	⿰日蒦
㬧	⿳𣅽大糸
㬨	⿰日赫
㬩	⿰日慧
㬪	⿳晶宀彑
㬫	⿱燕日
㬬	⿰日瞿
㬭	⿰日爵
㬮	⿱日難
㬯	⿰日羸
㬰	⿻日人
㬱	⿱兟日
㬲	⿺更益
㬳	⿰月午
㬴	⿰月共
㬵	⿰月交
㬶	⿰月吿
㬷	⿰月困
㬸	⿰月花
㬹	⿰月争
㬺	⿰月帣
㬻	⿰月荒
㬼	⿰有复
㬽	⿰月𠵛
㬾	⿱殹⺝
㬿	⿰月敦
㭀	⿰月筮
㭁	⿰木乃
㭂	⿰木小
㭃	⿰木幺
㭄	⿰木卂
㭅	⿰木三
㭆	⿱乃末
㭇	⿰木允
㭈	⿰木夬
㭉	⿱艹木
㭊	⿰木片
㭋	⿰木丰
㭌	⿰木牛
㭍	⿱⿰冫七木
㭎	⿰木冈
㭏	⿰木韦
㭐	⿱大末
㭑	⿰木未
㭒	⿰木㠯
㭓	⿰木弁
㭔	⿰木乎
㭕	⿰木去
㭖	⿰木代
㭗	⿱木皿
㭘	⿰木合
㭙	⿰木寺
㭚	⿰木⿱𠂉⿻𱍸㇒
㭛	⿰木𠂢
㭜	⿰木戎
㭝	⿱林九
㭞	⿰木劣
㭟	⿱共木
㭠	⿰木先
㭡	⿰木囟
㭢	⿰木刑
㭣	⿰木问
㭤	⿰木鸟
㭥	⿰木负
㭦	⿰木宅
㭧	⿱舟木
㭨	⿰木邪
㭩	⿰木寽
㭪	⿰木甫
㭫	⿰木坐
㭬	⿰木豕
㭮	⿰木𣧄
㭯	⿰木𦔮
㭰	⿱此朿
㭱	⿰木匣
㭲	⿰木谷
㭳	⿰木孝
㭴	⿰木坚
㭵	⿰木甸
㭶	⿰木芳
㭸	⿰木⿷⿱刀⿸⿻口丿乚丶
㭹	⿰木弦
㭺	⿰木奄
㭻	⿰木尙
㭼	⿰木沓
㭽	⿰木底
㭾	⿰木屈
㭿	⿰木昂
㮀	⿰木函
㮁	⿰木肴
㮂	⿱𰥍木
㮃	⿰木委
㮄	⿰木㫄
㮅	⿱木隹
㮆	⿰木𦍐
㮉	⿰木侠
㮊	⿲木予木
㮋	⿰木郁
㮌	⿰木面
㮎	⿰木盃
㮏	⿰木柰
㮐	⿰木省
㮑	⿰木臿
㮒	⿰木垔
㮓	⿰木恆
㮔	⿰木重
㮕	⿰木耎
㮖	⿰木革
㮗	⿱矜木
㮘	⿰木敄
㮙	⿰木咢
㮚	⿱𠧪木
㮛	⿰木是
㮜	⿰木匨
㮝	⿰木郤
㮞	⿰木咨
㮟	⿰柘木
㮠	⿰木荣
㮡	⿱炬木
㮢	⿰木侯
㮣	⿱既木
㮥	⿰木畚
㮦	⿰木索
㮧	⿰木烏
㮨	⿰木畟
㮩	⿰木息
㮪	⿰木𣑦
㮫	⿰木害
㮬	⿰木翁
㮭	⿰木圅
㮮	⿰木挈
㮯	⿰木圂
㮰	⿰木𣬉
㮱	⿰木𦭶
㮲	⿰木芻
㮳	⿰木朕
㮴	⿰木叟
㮵	⿰木旃
㮷	⿰木⿱尤旨
㮸	⿰木送
㮹	⿰木致
㮺	⿱本𠱠
㮻	⿰木蚤
㮼	⿰木扇
㮽	⿰木般
㮾	⿱朗木
㮿	⿰木畢
㯀	⿰木旋
㯁	⿰木陪
㯂	⿰木帶
㯄	⿱林巵
㯅	⿰木庳
㯆	⿰木産
㯇	⿰木𡌦
㯈	⿰木速
㯉	⿰木虖
㯊	⿰木焉
㯋	⿰⿱匕木頁
㯌	⿰木逐
㯎	⿲木言木
㯏	⿱殸木
㯐	⿱隋木
㯑	⿰木張
㯒	⿰木覓
㯓	⿰木翕
㯔	⿱毳木
㯕	⿰木斯
㯖	⿰木𢛳
㯗	⿰木閑
㯘	⿰木款
㯙	⿰木𰕎
㯚	⿰木答
㯛	⿰木壺
㯜	⿰木萃
㯝	⿰木路
㯞	⿰木絹
㯟	⿱林录
㯠	⿰木牽
㯡	⿰桼包
㯢	⿰木巽
㯣	⿰木棻
㯤	⿰來來
㯥	⿰東東
㯦	⿰木棊
㯧	⿰木超
㯨	⿰木粟
㯩	⿰桑夷
㯪	⿰木零
㯫	⿰木豦
㯬	⿱林建
㯭	⿰木虜
㯮	⿰木蜀
㯯	⿰木⿱夅貝
㯱	⿳⿱𰀉冖缶木
㯲	⿰木禁
㯳	⿰木敬
㯴	⿰木蓉
㯵	⿰木董
㯶	⿰木𡕰
㯷	⿰木僕
㯸	⿰木盡
㯹	⿰木𡬽
㯺	⿱𰯲木
㯻	⿳⿱𰀉冖豕木
㯼	⿰木蓋
㯽	⿰木賔
㯾	⿰木遭
㯿	⿰木巤
㰀	⿰木黎
㰁	⿰木磊
㰂	⿰木審
㰃	⿰棉系
㰄	⿰木賤
㰅	⿰木適
㰆	⿱⿱𰀉冖棐
㰇	⿰木韯
㰈	⿱林連
㰉	⿰木臻
㰊	⿰木燅
㰋	⿰木頻
㰌	⿰木霍
㰍	⿱龍木
㰎	⿰木嶲
㰐	⿰木隨
㰑	⿰木橤
㰒	⿰木學
㰓	⿰木⿱⿰臣⿱𠂉一貝
㰔	⿰木燮
㰕	⿰木羲
㰖	⿰木覧
㰗	⿰木蹙
㰘	⿰木彝
㰙	⿰木難
㰚	⿰木離
㰛	⿰木藥
㰜	⿰木顚
㰝	⿰巳欠
㰞	⿰山欠
㰟	⿰气欠
㰠	⿰亢欠
㰡	⿰介欠
㰢	⿰开欠
㰣	⿰此欠
㰤	⿰可欠
㰥	⿰世欠
㰧	⿰台欠
㰨	⿰只欠
㰩	⿰虫欠
㰪	⿰圭欠
㰫	⿰先欠
㰬	⿰旬欠
㰭	⿰夸欠
㰮	⿰辰欠
㰯	⿰豆欠
㰰	⿰夾欠
㰱	⿰𢆍欠
㰲	⿰或欠
㰳	⿰亞欠
㰴	⿰咅欠
㰵	⿰卒欠
㰶	⿰咎欠
㰷	⿰死欠
㰸	⿰㑒欠
㰹	⿰咸欠
㰺	⿰叚欠
㰻	⿰壴欠
㰼	⿰匧欠
㰽	⿰匽欠
㰾	⿰⿱白方欠
㰿	⿰奚欠
㱀	⿰芻欠
㱁	⿰祟欠
㱂	⿰康欠
㱃	⿰酓欠
㱄	⿰黑欠
㱅	⿰壹欠
㱆	⿰䖒欠
㱇	⿰嗇欠
㱈	⿰禁欠
㱉	⿰業欠
㱊	⿰憂欠
㱋	⿰霍欠
㱌	⿰聶欠
㱍	⿰䜌欠
㱎	⿰⿱眔魚欠
㱏	⿱一正
㱐	⿻㱏丶
㱑	⿱止夕
㱒	⿱止可
㱓	⿰止⿱⿵𠆢一龴
㱔	⿱此夕
㱕	⿰止帚
㱖	⿰止卒
㱗	⿰止臭
㱘	⿸厭止
㱙	⿰歹丂
㱚	⿰歹月
㱛	⿰歹歹
㱜	⿰歹龰
㱝	⿰死力
㱞	⿰歹立
㱟	⿰歹皮
㱠	⿰歹古
㱡	⿰歹先
㱢	⿰歹良
㱣	⿰歹妥
㱤	⿰歹析
㱥	⿰歹夌
㱦	⿰歹奇
㱧	⿰歹宛
㱨	⿰歹定
㱩	⿰歹卖
㱪	⿰歹昬
㱫	⿰歹柬
㱬	⿰歹畏
㱭	⿰歹段
㱮	⿰歹贵
㱯	⿰歹豈
㱰	⿰歹宰
㱱	⿰歹鬼
㱲	⿰歹益
㱳	⿱莫歹
㱴	⿰歹責
㱵	⿰歹賁
㱶	⿰歹彭
㱷	⿰歹集
㱸	⿰歹辟
㱹	⿰歹歷
㱺	⿰歹盧
㱻	⿰歹羸
㱼	⿰巳殳
㱽	⿰冘殳
㱾	⿰亥殳
㱿	⿰⿱士𠔼殳
㲀	⿰辰殳
㲁	⿰空殳
㲂	⿰尚殳
㲃	⿰𠧢殳
㲄	⿰⿱⿱士冖王殳
㲅	⿰害殳
㲆	⿱殸令
㲇	⿱殸冬
㲈	⿱殸召
㲉	⿰⿱⿳士冖一卵殳
㲊	⿰睿殳
㲋	⿱𠮥比
㲌	⿺毛乃
㲍	⿺支毛
㲎	⿰毛毛
㲏	⿰片毛
㲐	⿺毛今
㲑	⿺毛水
㲒	⿰句毛
㲓	⿺毛戍
㲔	⿰辛毛
㲕	⿰寽毛
㲖	⿰肖毛
㲗	⿰孚毛
㲘	⿰貝毛
㲙	⿺毛㐬
㲚	⿱沙毛
㲛	⿱知毛
㲜	⿰炎毛
㲝	⿺毛隹
㲞	⿰卒毛
㲟	⿰英毛
㲠	⿱⿰未攵毛
㲡	⿰柰毛
㲢	⿰扁毛
㲣	⿰叟毛
㲤	⿰衰毛
㲥	⿰唐毛
㲦	⿰𠦝⿱𠆢毛
㲧	⿺毛蚤
㲨	⿰茸毛
㲩	⿺毛⿱日羽
㲪	⿰登毛
㲫	⿰菐毛
㲬	⿰焦毛
㲭	⿰焱毛
㲮	⿺毛答
㲯	⿰監毛
㲰	⿰寧毛
㲱	⿺毛巤
㲲	⿰疊毛
㲳	⿰氐失
㲴	⿹气中
㲵	⿹气肖
㲶	⿹气鹵
㲷	⿹气單
㲸	⿰氵乙
㲹	⿰氵几
㲺	⿰氵七
㲻	⿰亻水
㲼	⿰氵乂
㲽	⿰氵刃
㲾	⿱宀水
㲿	⿰氵广
㳀	⿰氵戈
㳁	⿰氵仄
㳂	⿰氵公
㳄	⿰氵欠
㳅	⿰氵不
㳆	⿰氵斗
㳇	⿰氵父
㳈	⿰氵𣎳
㳉	⿰氵月
㳊	⿰氵攵
㳋	⿰氵丘
㳌	⿰氵甲
㳍	⿰氵布
㳎	⿰氵弁
㳏	⿰氵史
㳐	⿰氵札
㳑	⿰氵皿
㳓	⿰氵右
㳔	⿰氵对
㳕	⿰氵兰
㳖	⿰氵衣
㳗	⿰氵⿱叉土
㳘	⿰氵充
㳙	⿰氵䏍
㳚	⿰氵戍
㳛	⿰氵臾
㳜	⿰氵休
㳝	⿰氵任
㳞	⿰氵仲
㳟	⿱共氺
㳠	⿰氵达
㳡	⿰氵过
㳢	⿰氵乔
㳣	⿰氵老
㳤	⿰氵⿻⿽廾丶⿲丶丶丶
㳥	⿰氵弄
㳦	⿰氵戒
㳧	⿰氵𦔮
㳨	⿰氵𣧄
㳩	⿰江丹
㳪	⿰氵否
㳫	⿱水臼
㳬	⿰氵𭻾
㳭	⿰氵呆
㳮	⿰氵尿
㳯	⿰氵辛
㳰	⿰氵弃
㳱	⿰氵阳
㳲	⿰氵汰
㳳	⿰氵克
㳴	⿰氵𡊭
㳵	⿰氵季
㳶	⿰氵乳
㳷	⿰氵曶
㳸	⿰氵花
㳹	⿰氵枉
㳺	⿰氵⿰扌⿱𠂉子
㳻	⿰氵昔
㳼	⿱或水
㳽	⿰氵弥
㳾	⿰氵羌
㳿	⿰氵𣏋
㴀	⿰氵䒦
㴁	⿰氵⿱天井
㴂	⿰江冉
㴃	⿰氵⿸户水
㴄	⿰氵囧
㴅	⿱水⿴囗㕣
㴆	⿰氵帚
㴇	⿲水水水
㴈	⿰氵岳
㴉	⿰氵亝
㴊	⿰氵𪟄
㴋	⿰氵肃
㴌	⿰氵姑
㴍	⿰氵承
㴎	⿰氵奈
㴏	⿰氵⿱穴王
㴐	⿰氵眄
㴒	⿰氵弈
㴓	⿰氵思
㴔	⿰氵急
㴕	⿰氵䒩
㴖	⿰氵革
㴗	⿰氵要
㴘	⿰氵冒
㴙	⿰氵臿
㴚	⿰氵㒸
㴛	⿰氵致
㴜	⿰氵扁
㴝	⿱利氽
㴟	⿰氵厚
㴠	⿰氵凾
㴡	⿰氵香
㴢	⿰氵㳞
㴣	⿰氵洟
㴤	⿰氵柱
㴥	⿰氵峭
㴦	⿰氵宫
㴧	⿰氵息
㴨	⿰氵朕
㴩	⿰氵邕
㴪	⿰氵臬
㴫	⿰氵郡
㴬	⿰氵射
㴭	⿰氵窅
㴮	⿰氵屑
㴯	⿰氵脂
㴰	⿰氵能
㴱	⿰氵𥥍
㴲	⿰氵虒
㴳	⿰氵⿰土尨
㴴	⿰氵⿱⿺𠃊火⿺𠃊火
㴵	⿰氵𥁑
㴶	⿰氵隺
㴷	⿰氵耽
㴸	⿰氵閃
㴹	⿰氵迷
㴺	⿰氵浹
㴻	⿰氵𭔰
㴼	⿰氵宿
㴽	⿰氵悉
㴾	⿰氵㪍
㴿	⿰氵頂
㵀	⿰氵族
㵁	⿰氵茺
㵂	⿰氵庶
㵃	⿰氵蛇
㵄	⿰氵⿹戈吴
㵅	⿰氵貪
㵆	⿰氵晧
㵇	⿰氵甜
㵈	⿰氵㴌
㵉	⿰氵淋
㵊	⿰氵最
㵋	⿰氵買
㵌	⿰氵循
㵍	⿰氵悶
㵎	⿰氵閒
㵏	⿰氵萃
㵐	⿰氵厥
㵑	⿰氵賀
㵒	⿰氵費
㵓	⿰氵寔
㵔	⿰氵奢
㵕	⿰氵叅
㵖	⿰氵絮
㵗	⿱馮水
㵘	⿱沝沝
㵙	⿰氵喜
㵚	⿰氵𨥏
㵛	⿰氵善
㵜	⿰氵湳
㵝	⿰氵裔
㵞	⿰氵愁
㵟	⿰氵微
㵠	⿰氵窟
㵡	⿰氵雹
㵢	⿰氵雷
㵣	⿰氵歇
㵥	⿰氵䀄
㵦	⿰氵遀
㵧	⿰氵葛
㵨	⿱辟水
㵩	⿰氵葉
㵪	⿰氵羡
㵫	⿰氵孴
㵬	⿰氵𦝚
㵭	⿰氵煮
㵮	⿰氵⿱大⿱廿⿻中二
㵯	⿰氵鳳
㵰	⿰氵與
㵱	⿰漂寸
㵲	⿰氵舞
㵳	⿰氵寥
㵴	⿰氵臧
㵵	⿰氵聚
㵶	⿰氵截
㵷	⿲辛氵辛
㵸	⿰氵𠎤
㵹	⿰氵𡻟
㵺	⿰氵箄
㵻	⿰氵膄
㵼	⿰氵冩
㵽	⿰氵畾
㵾	⿰氵靚
㵿	⿰氵皛
㶀	⿰氵膠
㶁	⿰氵虢
㶂	⿰氵潢
㶃	⿰氵潕
㶄	⿰氵閻
㶅	⿰氵學
㶆	⿰氵諸
㶇	⿰氵横
㶈	⿰氵螢
㶉	⿲氵奚鸟
㶊	⿰氵頣
㶋	⿰氵㽔
㶌	⿰氵聯
㶍	⿰氵鮮
㶎	⿰氵還
㶏	⿰氵隱
㶐	⿰氵應
㶑	⿰氵歛
㶒	⿰氵闖
㶓	⿰氵藏
㶔	⿰氵奰
㶕	⿰氵簡
㶖	⿰氵儵
㶗	⿱䋣泉
㶘	⿰氵簟
㶙	⿰氵㶋
㶛	⿰氵旟
㶜	⿰𣸹𠝭
㶝	⿰氵㶐
㶞	⿰氵曩
㶟	⿰氵纍
㶠	⿰氵驛
㶡	⿵𠘨火
㶢	⿱火九
㶣	⿱干火
㶤	⿰火夕
㶥	⿰火干
㶦	⿰火予
㶧	⿰火内
㶨	⿱不灬
㶩	⿰火冘
㶪	⿱不火
㶫	⿱𡗜火
㶬	⿰火末
㶭	⿰火幼
㶮	⿱丙火
㶯	⿰火卯
㶰	⿰火甘
㶱	⿰火本
㶲	⿰火用
㶳	⿱⿱𦘒一火
㶴	⿰火多
㶵	⿱任灬
㶶	⿰火农
㶷	⿰火旬
㶸	⿰火劦
㶹	⿰火汞
㶺	⿰火吞
㶻	⿱夆灬
㶼	⿰火矣
㶽	⿰火呙
㶾	⿱覀灭
㶿	⿰火孛
㷁	⿰火甬
㷂	⿱臤火
㷃	⿱火長
㷄	⿰火果
㷅	⿱取火
㷆	⿰火阜
㷇	⿰多灰
㷈	⿰火奄
㷉	⿰⿸尸⿱二火寸
㷊	⿱林灬
㷋	⿰火炎
㷌	⿰火帚
㷍	⿰火侖
㷎	⿰火曷
㷏	⿱𫀩火
㷐	⿰火𱼭
㷑	⿱火垔
㷒	⿰火禺
㷓	⿰火怱
㷕	⿰酋火
㷖	⿰炅召
㷗	⿱⿲丿㠯巳火
㷘	⿰火枲
㷙	⿰火前
㷚	⿰火亭
㷛	⿱保灬
㷜	⿰火奕
㷝	⿰火突
㷞	⿰火厚
㷟	⿰火追
㷠	⿱炎舛
㷡	⿱𥄷火
㷢	⿱差火
㷣	⿰火⿱𦍌牛
㷤	⿰⿱⿳士冖一火殳
㷥	⿰炎丞
㷦	⿱耿灬
㷧	⿰火原
㷨	⿰火峯
㷩	⿱⿰丿𭘍火
㷪	⿰火隽
㷫	⿱殸火
㷬	⿰火莫
㷭	⿱逢火
㷮	⿰火曹
㷯	⿰𪢾奉
㷰	⿰火离
㷱	⿱䏻灬
㷲	⿰火動
㷳	⿱雁火
㷴	⿸厤火
㷵	⿰火黑
㷶	⿱備灬
㷷	⿰火巽
㷸	⿰火𬀽
㷹	⿰火䓬
㷺	⿱𢽶火
㷻	⿰火無
㷼	⿳廿⿴北口火
㷽	⿰火善
㷾	⿰火豦
㷿	⿰火僉
㸀	⿰火㙜
㸁	⿰火業
㸂	⿱遂火
㸃	⿱⿰？占灬
㸄	⿰火齊
㸆	⿰火靠
㸇	⿰火賛
㸈	⿱雔火
㸉	⿱⿲火辛火火
㸊	⿰火賴
㸋	⿰炙番
㸌	⿰火霍
㸍	⿰火戲
㸎	⿰火聶
㸏	⿸靡火
㸐	⿱難灬
㸑	⿱⿱⿴𦥑同冖焚
㸒	⿱爫壬
㸓	⿱爫日
㸔	⿸𠂟目
㸕	⿺爪隻
㸖	⿰父且
㸗	⿱父同
㸘	⿱父𦉬
㸙	⿱父者
㸚	⿱⿰㐅㐅⿰㐅乂
㸛	⿰爿召
㸜	⿰爿空
㸝	⿰片欠
㸞	⿰片片
㸟	⿰片旨
㸠	⿰片兆
㸡	⿰片朱
㸢	⿰片𤰇
㸣	⿰片業
㸤	⿲辛片辛
㸥	⿰片毚
㸦	⿻丁⿱𠃋乀
㸧	⿰牙艮
㸨	⿰牜丩
㸩	⿰牜干
㸪	⿰牜川
㸫	⿰牜斤
㸬	⿰牜巿
㸭	⿰牜巴
㸮	⿰牜分
㸯	⿰牜斗
㸰	⿰牜它
㸱	⿰牜㐌
㸲	⿰牜乍
㸳	⿰牜令
㸴	⿱石牛
㸵	⿰牜吉
㸶	⿰牜因
㸷	⿱㓞牛
㸸	⿰牜后
㸹	⿰牜寽
㸺	⿱沙牛
㸻	⿰牜矣
㸼	⿰牜夆
㸽	⿰牜貝
㸾	⿰牜忍
㹀	⿰牜孛
㹁	⿰牜京
㹂	⿱臤牛
㹃	⿱非牛
㹄	⿰牜畟
㹅	⿰牜怱
㹆	⿰牜軍
㹇	⿰牜曷
㹈	⿱⿰未攵牛
㹉	⿰牜原
㹊	⿰牜隺
㹋	⿰牜修
㹌	⿰牜産
㹍	⿰牜啇
㹎	⿰牜累
㹏	⿰牜堇
㹐	⿱從牛
㹑	⿰牜貳
㹒	⿰牜菐
㹓	⿰牜堯
㹔	⿰牜畺
㹕	⿱頑牛
㹖	⿰牜豢
㹗	⿰牜壽
㹘	⿰牜需
㹙	⿰牜䁝
㹚	⿰牜營
㹛	⿰牜夒
㹜	⿰犬犬
㹝	⿰犭氏
㹞	⿰犭斤
㹟	⿰犭夬
㹡	⿰犭玄
㹢	⿰犭加
㹣	⿰犭冬
㹤	⿰犭去
㹥	⿰犭主
㹧	⿰犭央
㹩	⿰犭圣
㹪	⿰犭册
㹫	⿰犭夷
㹬	⿰犭吏
㹭	⿰犭曳
㹮	⿰犭百
㹯	⿰犭休
㹰	⿰犭光
㹱	⿰犭足
㹲	⿰犭孝
㹳	⿰犭吾
㹴	⿰犭更
㹵	⿰犭巠
㹶	⿰犭廷
㹷	⿰希犬
㹸	⿰犭皃
㹹	⿰犭庚
㹺	⿰犭沓
㹻	⿰犭委
㹼	⿰犭匊
㹽	⿰犭戔
㹾	⿰犭咎
㹿	⿰犭卓
㺀	⿰犭忽
㺁	⿰犭𡿺
㺂	⿰犭咸
㺄	⿰犭俞
㺅	⿰犭矦
㺆	⿰犭⿱⿰讠大贝
㺇	⿲犭𦣞犬
㺈	⿰犭蚩
㺉	⿰⿱⿳士冖一犬殳
㺊	⿰犭恙
㺋	⿰犭翁
㺌	⿰犭兼
㺍	⿰犭宾
㺎	⿰犭庸
㺏	⿰犭婁
㺐	⿰犭巢
㺑	⿰犭參
㺒	⿰犭翏
㺓	⿰犭責
㺕	⿰犭番
㺖	⿰犭敢
㺗	⿰犭單
㺘	⿰犭焦
㺙	⿰犭⿱宀⿱母贝
㺚	⿰犭達
㺛	⿰犭馵
㺜	⿰犭農
㺝	⿰犭監
㺞	⿰犭與
㺟	⿰犭翟
㺠	⿰犭窳
㺡	⿰犭歷
㺢	⿰犭霍
㺣	⿰犭戲
㺤	⿰犭韱
㺥	⿰犭毚
㺦	⿰犭聯
㺧	⿰犭囂
㺨	⿰𤣩厶
㺩	⿰𤣩丩
㺪	⿰𤣩卜
㺫	⿰𤣩刂
㺬	⿰𤣩凡
㺭	⿰𤣩子
㺮	⿰𤣩亏
㺯	⿱王大
㺰	⿰𤣩帀
㺱	⿱仍玉
㺲	⿰𤣩丑
㺳	⿰𤣩攴
㺴	⿰𤣩犬
㺵	⿰𤣩欠
㺶	⿰𤣩斗
㺷	⿰𤣩术
㺸	⿱𠆩玉
㺹	⿰𤣩弁
㺺	⿰𤣩目
㺻	⿰𤣩巿
㺼	⿰𤣩疋
㺽	⿰𤣩丕
㺾	⿰𤣩冋
㺿	⿰𤣩𦣞
㻀	⿰𤣩？
㻁	⿰𤣩回
㻂	⿰𤣩并
㻃	⿱曲玉
㻄	⿰𤣩⿱㇒𤴓
㻅	⿰𤣩会
㻆	⿰𤣩䏍
㻇	⿰𤣩全
㻈	⿰𤣩后
㻉	⿰𤣩步
㻊	⿰𤣩免
㻋	⿰𤣩束
㻌	⿰𤣩余
㻍	⿰𤣩吴
㻎	⿻大玨
㻏	⿰𤣩灵
㻐	⿰𤣩夋
㻑	⿰𤣩季
㻒	⿰𤣩囷
㻓	⿰𤣩取
㻔	⿰𤣩垂
㻕	⿰𤣩屈
㻖	⿰𤣩隶
㻗	⿱非玉
㻘	⿰𤣩审
㻙	⿰𤣩育
㻚	⿰𤣩朋
㻛	⿰𤣩易
㻜	⿰𤣩⿱从龰
㻝	⿰𤣩剌
㻞	⿰𤣩扁
㻟	⿰𤣩⿱左⺝
㻠	⿰𤣩突
㻡	⿰𤣩枼
㻢	⿰𤣩施
㻣	⿰𤣩甚
㻤	⿰𤣩苟
㻥	⿰𤣩酋
㻦	⿰𤣩禺
㻧	⿰𤣩桀
㻨	⿱⿰臣㕚玉
㻩	⿰𤣩兼
㻪	⿰𤣩隽
㻫	⿰𤣩畢
㻬	⿰𤣩雩
㻭	⿰𤣩率
㻮	⿰𤣩祭
㻯	⿰𤣩虖
㻰	⿰𤣩彗
㻱	⿰𤣩逢
㻲	⿰𤣩婁
㻳	⿰𤣩莉
㻴	⿰𤣩曼
㻵	⿰𤣩孱
㻶	⿰𤣩筆
㻷	⿰𤣩棘
㻸	⿰𤣩朁
㻹	⿱⿰石豕玉
㻺	⿸厤玉
㻻	⿰𤣩敦
㻼	⿰𤣩覃
㻽	⿰𤣩雋
㻾	⿱雍玉
㻿	⿰𤣩蜀
㼀	⿰𤣩達
㼁	⿰𤣩義
㼂	⿰⿱⿴𦥑？冖玉
㼃	⿰𤣩巤
㼄	⿰𤣩畿
㼅	⿰𤣩廣
㼆	⿰𤣩瑩
㼇	⿰𤣩嶲
㼈	⿰𤣩羅
㼉	⿺瓜冘
㼊	⿰屯瓜
㼋	⿰古瓜
㼌	⿰瓜瓜
㼍	⿰耒瓜
㼎	⿺瓜交
㼏	⿰妥瓜
㼐	⿰扁瓜
㼑	⿰柬瓜
㼒	⿺瓜昜
㼓	⿰瓜兼
㼔	⿰昷瓜
㼕	⿰當瓜
㼖	⿰瓜蠡
㼗	⿰丁瓦
㼘	⿰山瓦
㼙	⿰巾瓦
㼚	⿰亢瓦
㼛	⿰开瓦
㼜	⿱央瓦
㼝	⿱夗瓦
㼞	⿰平瓦
㼟	⿰白瓦
㼠	⿰它瓦
㼡	⿰朱瓦
㼢	⿰𦣞瓦
㼣	⿰百瓦
㼤	⿱㓞瓦
㼥	⿰考瓦
㼦	⿱巩瓦
㼧	⿰甬瓦
㼨	⿰含瓦
㼩	⿰成瓦
㼪	⿰夾瓦
㼫	⿰果瓦
㼬	⿰幸瓦
㼭	⿱坫瓦
㼮	⿰妻瓦
㼯	⿰東瓦
㼰	⿰卑瓦
㼱	⿳北⿱冖八瓦
㼲	⿰耎瓦
㼳	⿰省瓦
㼴	⿰禺瓦
㼵	⿺是瓦
㼶	⿰俞瓦
㼷	⿰耑瓦
㼸	⿰容瓦
㼹	⿰荒瓦
㼺	⿰唐瓦
㼻	⿱從瓦
㼼	⿰票瓦
㼽	⿰爽瓦
㼾	⿰鹿瓦
㼿	⿰童瓦
㽀	⿰奠瓦
㽁	⿸厤瓦
㽂	⿰翕瓦
㽃	⿰番瓦
㽄	⿱斯瓦
㽅	⿰登瓦
㽆	⿰當瓦
㽇	⿱𦥯瓦
㽈	⿱疑瓦
㽉	⿱𰯲瓦
㽊	⿰燮瓦
㽋	⿱䜌瓦
㽌	⿰霤瓦
㽍	⿰甘瓦
㽎	⿰甚冘
㽏	⿱洽甘
㽐	⿰甘兼
㽑	⿰甘覃
㽒	⿰男生
㽓	⿱生甡
㽔	⿺⿱业𧰨生
㽕	⿱由𢎘
㽖	⿰田力
㽘	⿰田亢
㽙	⿰田允
㽚	⿱田牛
㽛	⿰田句
㽜	⿱夗田
㽝	⿱列田
㽞	⿱吅田
㽟	⿰田寽
㽠	⿰田夾
㽡	⿰田卑
㽢	⿰田奄
㽣	⿰田或
㽤	⿰田匊
㽥	⿰田柔
㽦	⿱𤇾田
㽧	⿰田兹
㽨	⿰田差
㽩	⿰田參
㽪	⿰田曾
㽫	⿱雍田
㽬	⿰畐畐
㽭	⿰田需
㽮	⿱畾生
㽯	⿰田巂
㽰	⿰朋疋
㽱	⿸疒丩
㽳	⿸疒于
㽴	⿸疒丈
㽶	⿸疒己
㽸	⿸疒冘
㽹	⿸疒反
㽺	⿸疒及
㽻	⿸疒支
㽼	⿸疒引
㽽	⿸疒古
㽾	⿸疒出
㽿	⿸疒瓜
㾀	⿸疒去
㾁	⿸疒术
㾂	⿸疒台
㾃	⿸疒它
㾄	⿸疒由
㾅	⿸疒𠂔
㾆	⿸疒冉
㾇	⿸疒目
㾈	⿸疒付
㾉	⿸疒令
㾊	⿸疒朿
㾋	⿸疒休
㾌	⿸疒先
㾍	⿸疒而
㾎	⿸疒凹
㾏	⿸疒圭
㾐	⿸疒列
㾑	⿸疒合
㾒	⿸疒如
㾓	⿸疒肙
㾔	⿸疒吕
㾕	⿸疒辛
㾖	⿸疒里
㾗	⿸疒良
㾘	⿸疒更
㾙	⿸疒希
㾚	⿸疒些
㾛	⿸疒𠬶
㾜	⿸疒夾
㾝	⿸疒車
㾞	⿸疒酉
㾟	⿸疒步
㾠	⿸疒狂
㾡	⿸疒却
㾢	⿸疒來
㾣	⿸疒金
㾤	⿸疒空
㾥	⿸疒叔
㾦	⿸疒咅
㾧	⿸疒果
㾨	⿸疒奇
㾩	⿸疒乖
㾪	⿸疒省
㾫	⿸疒扁
㾬	⿸疒皆
㾭	⿸疒秋
㾯	⿸疒畏
㾰	⿸疒胡
㾱	⿸疒発
㾲	⿸疒敖
㾳	⿸疒姿
㾴	⿸疒査
㾵	⿸疒計
㾶	⿸疒骨
㾷	⿸疒虒
㾸	⿸疒高
㾹	⿸疒柴
㾺	⿸疒馬
㾻	⿸疒除
㾼	⿸疒退
㾽	⿸疒追
㾾	⿸疒兼
㾿	⿸疒郎
㿀	⿸疒班
㿁	⿸疒皋
㿂	⿸疒⿰⿱山王攵
㿃	⿸疒帶
㿄	⿸疒殹
㿅	⿸疒徙
㿆	⿸疒⿱禾衣
㿇	⿸疒習
㿈	⿸疒𱁈
㿊	⿸疒朁
㿋	⿸疒喿
㿌	⿸疒僉
㿍	⿸疒解
㿎	⿸疒賁
㿏	⿸疒羣
㿐	⿸疒趍
㿑	⿸疒翟
㿒	⿸疒壽
㿓	⿸疒⿱夾足
㿔	⿸疒畾
㿕	⿸疒閻
㿖	⿸疒盧
㿘	⿸疒營
㿙	⿸疒奰
㿚	⿸疒羅
㿛	⿸疒麗
㿜	⿸疒⿱自龠
㿝	⿱白厶
㿞	⿰白毛
㿟	⿰白白
㿠	⿰白光
㿡	⿱白兆
㿢	⿱明白
㿣	⿰白曷
㿤	⿰白春
㿥	⿰白隺
㿦	⿱殸白
㿧	⿰白壽
㿨	⿰白歷
㿩	⿰白黨
㿪	⿰皮丸
㿫	⿱比皮
㿬	⿰皮巴
㿭	⿰斥皮
㿮	⿰央皮
㿯	⿱合皮
㿰	⿰交皮
㿱	⿱折皮
㿲	⿰奇皮
㿳	⿰皮甾
㿴	⿰耷皮
㿵	⿰皮耎
㿶	⿰旁皮
㿷	⿰差皮
㿸	⿰皮曼
㿹	⿰皮達
㿺	⿰暴皮
㿻	⿱干皿
㿼	⿱开皿
㿽	⿱兮皿
㿾	⿱宁皿
㿿	⿱疋皿
䀀	⿱氾皿
䀁	⿱有皿
䀂	⿱安皿
䀃	⿱豕皿
䀄	⿱宓皿
䀅	⿱社皿
䀆	⿳⺻火皿
䀇	⿱⿰古缶皿
䀈	⿱既皿
䀉	⿱喬皿
䀊	⿱漻皿
䀋	⿱⿰土⿱𠂉鹵皿
䀌	⿱⿻聿皕皿
䀍	⿱贛皿
䀎	⿰目丂
䀏	⿹勹目
䀐	⿰目彡
䀑	⿰目叉
䀒	⿰目千
䀓	⿰目丸
䀔	⿰目刃
䀕	⿰目引
䀖	⿰目天
䀗	⿰目夬
䀘	⿰目开
䀙	⿰目切
䀚	⿱目卬
䀛	⿰目勿
䀜	⿱勿目
䀝	⿰目比
䀞	⿰目斗
䀟	⿰目弗
䀠	⿰目目
䀡	⿰目占
䀢	⿰目矢
䀣	⿰目必
䀤	⿱外目
䀥	⿰目乐
䀦	⿰目古
䀧	⿰目共
䀨	⿰目舌
䀩	⿰目各
䀪	⿰目行
䀫	⿰目合
䀬	⿰目全
䀭	⿰目亥
䀮	⿰目巟
䀯	⿰目甫
䀰	⿰目谷
䀱	⿰目夆
䀲	⿰目每
䀳	⿰目束
䀴	⿰目巠
䀵	⿰目矣
䀶	⿰目良
䀷	⿰目劫
䀸	⿱折目
䀺	⿱攸目
䀻	⿰目甹
䀼	⿰目辰
䀽	⿰目延
䀾	⿱⿰石又目
䀿	⿰目折
䁀	⿱目折
䁁	⿰目京
䁂	⿱臤目
䁃	⿰目表
䁄	⿰目幸
䁅	⿰目孟
䁆	⿰目奄
䁇	⿱宓目
䁈	⿱⿰戸攵目
䁉	⿱𫼉目
䁊	⿰目⿱叉目
䁋	⿰目枼
䁌	⿰目胃
䁍	⿰目咸
䁎	⿰目亭
䁏	⿰目要
䁐	⿰目英
䁑	⿰目昜
䁒	⿰目咠
䁓	⿰目㚇
䁔	⿰目爰
䁕	⿰目昬
䁖	⿰目娄
䁗	⿰目豈
䁙	⿰目晏
䁚	⿰目員
䁛	⿰目鬼
䁜	⿰目晃
䁝	⿱𤇾目
䁞	⿱𠈌⿸丆目
䁟	⿰目差
䁠	⿰目兼
䁡	⿰目閃
䁢	⿰目旋
䁣	⿰目專
䁤	⿰目啇
䁥	⿰目匿
䁦	⿰目虘
䁧	⿰目𦰩
䁨	⿰目郭
䁩	⿰目魚
䁪	⿰目斬
䁫	⿰目黑
䁬	⿰目曾
䁭	⿰目猋
䁮	⿰目朁
䁯	⿰目翕
䁰	⿰目項
䁱	⿰目堯
䁲	⿰目買
䁳	⿰目莽
䁴	⿰目亶
䁵	⿰目睘
䁶	⿰目敫
䁷	⿱𦥯目
䁸	⿰目農
䁹	⿰目辟
䁺	⿰目睪
䁻	⿰目樂
䁼	⿰目墨
䁽	⿰目巤
䁾	⿰目蔑
䁿	⿱默目
䂀	⿰目羲
䂁	⿰目毚
䂂	⿰目瞿
䂃	⿰目爵
䂄	⿰目矍
䂅	⿰目蠻
䂆	⿰矛勺
䂇	⿰矛丑
䂈	⿰矛虫
䂉	⿰矛侯
䂊	⿰矛象
䂋	⿰⿱古㐄柔
䂌	⿰矛童
䂍	⿰矛暴
䂎	⿰矛贊
䂏	⿰矢召
䂐	⿰矢出
䂑	⿰矢此
䂒	⿰矢吉
䂔	⿰矢幸
䂕	⿰矢彖
䂖	⿷石丶
䂗	⿰石𠤎
䂘	⿰石叉
䂙	⿰石阝
䂚	⿰石爻
䂛	⿰石予
䂜	⿰石丰
䂝	⿰石戈
䂞	⿱石木
䂟	⿱加石
䂠	⿰石矢
䂡	⿰石丘
䂢	⿰石冬
䂣	⿰石此
䂤	⿰石付
䂥	⿰石民
䂦	⿰石㐱
䂧	⿰石尔
䂨	⿰石斥
䂩	⿰石因
䂪	⿰石兆
䂫	⿰石夅
䂬	⿱巩石
䂭	⿰石交
䂮	⿱㓞石
䂯	⿰石庄
䂰	⿰石利
䂱	⿰石兑
䂲	⿱劫石
䂳	⿰石坐
䂴	⿰石言
䂵	⿰石贡
䂶	⿰石劫
䂷	⿰石乖
䂸	⿰石或
䂹	⿰石炙
䂺	⿰石果
䂻	⿰石長
䂼	⿰石念
䂽	⿰石卓
䂾	⿰石來
䂿	⿰石沓
䃀	⿰石妻
䃁	⿰石亞
䃂	⿰石昆
䃃	⿰石罔
䃄	⿰石京
䃅	⿰石单
䃆	⿰石其
䃇	⿰石帛
䃈	⿰石皆
䃉	⿰石昬
䃊	⿰石苴
䃋	⿰石俞
䃌	⿰石垔
䃍	⿰石㒸
䃎	⿰石奓
䃏	⿰石星
䃐	⿰石突
䃑	⿰石般
䃒	⿰石鬲
䃓	⿰石冓
䃔	⿰石宫
䃕	⿱𤇾石
䃖	⿰石烏
䃗	⿰石剥
䃘	⿰石堅
䃙	⿰石鹿
䃚	⿰石族
䃛	⿰石連
䃜	⿱殹石
䃝	⿰石敎
䃞	⿱孰石
䃟	⿰石散
䃠	⿰石旋
䃡	⿰石朁
䃢	⿰石欽
䃣	⿰石為
䃤	⿰石肅
䃥	⿰石童
䃦	⿱敦石
䃧	⿱隆石
䃨	⿰石强
䃩	⿰石農
䃪	⿰石亶
䃫	⿰石詹
䃬	⿰石嵬
䃭	⿰石感
䃮	⿰石達
䃯	⿰石楽
䃰	⿰石察
䃱	⿰石韯
䃲	⿰石盤
䃳	⿰石巤
䃴	⿰石諸
䃵	⿰石褭
䃶	⿰石褱
䃷	⿰石嬴
䃸	⿰石韱
䃹	⿰石闌
䃺	⿰石靡
䃻	⿰石霸
䃼	⿰示卜
䃽	⿰礻支
䃾	⿰示比
䃿	⿰礻夫
䄀	⿰示戈
䄁	⿰礻世
䄂	⿰礻由
䄃	⿰示央
䄄	⿰礻因
䄆	⿰礻舌
䄇	⿰示呈
䄈	⿰礻豆
䄉	⿰礻我
䄊	⿰礻志
䄋	⿰礻奄
䄌	⿰礻叕
䄍	⿰礻昔
䄎	⿰礻奇
䄏	⿰礻芺
䄐	⿰祟巳
䄑	⿰礻昏
䄒	⿰礻念
䄓	⿰礻皇
䄔	⿰礻禹
䄕	⿰礻畓
䄖	⿰礻俞
䄗	⿰示𣶒
䄘	⿰礻旁
䄙	⿰礻冥
䄚	⿰礻曹
䄛	⿰礻婁
䄜	⿰礻离
䄝	⿰礻舂
䄞	⿰示祭
䄟	⿱毳示
䄠	⿰礻亶
䄡	⿰礻詹
䄢	⿰礻齊
䄣	⿰示賣
䄤	⿰礻賴
䄥	⿰礻靈
䄦	⿰禾了
䄧	⿰禾乃
䄨	⿰禾于
䄩	⿰禾弋
䄪	⿰禾勺
䄫	⿰禾己
䄬	⿰禾也
䄭	⿰禾千
䄮	⿰禾夫
䄯	⿰禾开
䄰	⿰禾牙
䄱	⿰禾方
䄲	⿰禾内
䄳	⿰禾止
䄴	⿰禾月
䄵	⿱禾㐄
䄶	⿰禾弗
䄷	⿰禾石
䄸	⿰禾白
䄹	⿱禾⿱𠆢千
䄺	⿰禾夷
䄻	⿰禾兆
䄼	⿰禾㐁
䄽	⿰禾西
䄾	⿰禾戎
䄿	⿰禾曳
䅀	⿰禾列
䅁	⿱安禾
䅂	⿰禾各
䅃	⿱巩禾
䅄	⿰禾劦
䅅	⿰禾圭
䅆	⿰禾次
䅇	⿱覀禾
䅉	⿰禾亚
䅊	⿰禾㡯
䅋	⿰禾⿱⺈⿸⿻口丿乚
䅌	⿰禾肙
䅍	⿰禾廷
䅎	⿰禾秀
䅐	⿰禾見
䅑	⿰禾妥
䅒	⿰禾芒
䅓	⿲禾句又
䅔	⿰禾甾
䅕	⿰禾居
䅖	⿰禾奄
䅗	⿰禾委
䅘	⿰禾來
䅙	⿰禾昆
䅚	⿰禾卷
䅛	⿰禾昌
䅜	⿰禾垂
䅝	⿰禾空
䅞	⿰禾㝵
䅟	⿰禾参
䅠	⿰禾是
䅡	⿰禾頁
䅢	⿰禾胄
䅤	⿰禾臿
䅥	⿰禾曷
䅦	⿰禾苗
䅧	⿰禾音
䅨	⿰禾香
䅩	⿰禾⿱支只
䅪	⿰禾贵
䅫	⿰禾亰
䅬	⿰禾益
䅭	⿰禾旁
䅮	⿰禾倉
䅯	⿰禾唐
䅰	⿰禾恩
䅱	⿰禾豈
䅲	⿰禾耆
䅳	⿰禾芻
䅴	⿰禾索
䅵	⿰禾羔
䅶	⿰禾⿸辰寸
䅷	⿰禾荼
䅸	⿰禾莘
䅹	⿰禾婁
䅺	⿰禾票
䅻	⿰禾离
䅼	⿰禾曼
䅽	⿱殸禾
䅾	⿰禾朁
䅿	⿰禾華
䆀	⿰禾黑
䆁	⿰禾睪
䆂	⿰禾廉
䆃	⿱道禾
䆄	⿰禾亶
䆅	⿰禾資
䆆	⿰禾喿
䆇	⿰禾鳯
䆈	⿰禾遲
䆉	⿰禾罷
䆊	⿰禾冀
䆋	⿰禾⿱⺈⿷⿹？𢑑𫜹
䆌	⿰禾諬
䆍	⿰禾龍
䆎	⿰禾韱
䆏	⿰禾糞
䆐	⿱秦⿰秦秦
䆑	⿱穴丁
䆒	⿱⿱宀儿丸
䆓	⿱穴允
䆔	⿱穴中
䆕	⿱穴夬
䆖	⿱穴厷
䆗	⿱穴叫
䆘	⿱穴甲
䆙	⿱穴正
䆚	⿱穴同
䆛	⿱穴吒
䆜	⿱穴有
䆝	⿱穴血
䆞	⿱穴㫐
䆟	⿱穴合
䆠	⿱穴臣
䆡	⿱穴良
䆢	⿱穴抉
䆣	⿱穴辰
䆤	⿱穴身
䆥	⿱穴豕
䆦	⿱穴炎
䆧	⿱穴委
䆨	⿱穴昊
䆩	⿱穴𰥍
䆪	⿺光空
䆫	⿱穴怱
䆬	⿱穴員
䆭	⿱穴軒
䆮	⿱穴浸
䆯	⿱窡女
䆰	⿱穴區
䆱	⿱穴淡
䆲	⿱穴康
䆳	⿱穴逐
䆵	⿱穴曾
䆶	⿱穴焦
䆷	⿱穴矞
䆸	⿱穴登
䆹	⿱穴童
䆺	⿱穴番
䆻	⿱穴敢
䆼	⿱穴過
䆽	⿱穴豦
䆾	⿱穴監
䇀	⿱穴𩊐
䇁	⿱穴鮮
䇂	⿱立丨
䇃	⿰立巳
䇄	⿰立乞
䇅	⿰立戈
䇆	⿰立斗
䇇	⿰立民
䇈	⿰立圣
䇉	⿰立石
䇊	⿰立広
䇋	⿰立多
䇌	⿰立肖
䇍	⿰立足
䇎	⿰立昔
䇏	⿰立享
䇐	⿰立隶
䇑	⿰立卑
䇒	⿱旣立
䇓	⿱須立
䇔	⿱吂⿲月立凡
䇕	⿰立需
䇖	⿱𥫗⿹勹丿
䇗	⿱𥫗公
䇘	⿱𥫗互
䇙	⿱𥫗引
䇚	⿱𥫗仆
䇛	⿱𥫗止
䇜	⿱𥫗欠
䇝	⿱𥫗戈
䇞	⿱𥫗甘
䇟	⿱𥫗⿰夕力
䇠	⿱𥫗主
䇡	⿱𥫗宁
䇢	⿱𥫗古
䇣	⿱𥫗尒
䇤	⿱𥫗丙
䇥	⿱𥫗正
䇧	⿱𥫗㐁
䇨	⿱𥫗夅
䇩	⿱𥫗曳
䇪	⿱𥫗至
䇫	⿱𥫗𦣞
䇬	⿱𥫗朱
䇭	⿱𥫗老
䇯	⿱𥫗耳
䇰	⿱𥫗丞
䇱	⿱𥫗⿴囗夕
䇲	⿱𥫗夹
䇴	⿱𥫗西
䇵	⿱𥫗沂
䇶	⿱𥫗角
䇷	⿱𥫗别
䇸	⿱𥫗呈
䇹	⿱𥫗君
䇺	⿱𥫗豆
䇻	⿱𥫗尾
䇼	⿱𥫗邑
䇽	⿱𥫗折
䇾	⿱𥫗言
䇿	⿱𥫗束
䈀	⿱𥫗刪
䈁	⿱𥫗侖
䈂	⿱𥫗并
䈃	⿱𥫗沼
䈄	⿱𥫗函
䈅	⿱𥫗或
䈆	⿱𥫗戾
䈈	⿱𥫗肥
䈉	⿱𥫗妾
䈊	⿱𥫗夌
䈋	⿱𥫗沓
䈌	⿱𥫗沮
䈍	⿱𥫗盲
䈏	⿱𥫗畐
䈐	⿱𥫗恢
䈑	⿱𥫗咼
䈒	⿱𥫗南
䈓	⿱𥫗曷
䈔	⿱𥫗叚
䈕	⿱𥫗是
䈖	⿱𥫗科
䈗	⿱𥫗俊
䈘	⿱𥫗兹
䈙	⿱𥫗紂
䈚	⿱𥫗怠
䈛	⿱𥫗㕟
䈜	⿱𥫗侵
䈝	⿱𥫗胥
䈞	⿱𥫗亯
䈟	⿱𥫗則
䈠	⿱𥫗爰
䈡	⿱𥫗怱
䈢	⿱𥫗枲
䈣	⿱𥫗政
䈤	⿱𥫗柑
䈥	⿱𥫗觔
䈦	⿱𥫗㚇
䈧	⿱𥫗為
䈨	⿱𥫗限
䈩	⿱𥫗剑
䈪	⿱𥫗鬲
䈫	⿱𥫗納
䈬	⿱𥫗浦
䈭	⿱𥫗鬼
䈮	⿱𥫗竘
䈯	⿱𥫗真
䈰	⿱𥫗捎
䈱	⿱𥫗舀
䈲	⿱𥫗般
䈳	⿱𥫗𦐇
䈴	⿱𥫗兼
䈵	⿱𥫗翁
䈶	⿱𥫗容
䈷	⿱𥫗格
䈸	⿱𥫗斛
䈹	⿱𥫗宿
䈺	⿱𥫗終
䈻	⿱𥫗脯
䈼	⿱𥫗密
䈽	⿱𥫗堇
䈾	⿱𥫗梢
䈿	⿱𥫗冥
䉀	⿱𥫗庶
䉁	⿱𥫗聆
䉂	⿱𥫗累
䉃	⿱𥫗將
䉄	⿱𥫗陵
䉅	⿱𥫗執
䉆	⿱𥫗鳥
䉇	⿱𥫗𠝻
䉈	⿱𥫗散
䉉	⿱𥫗觚
䉊	⿱𥫗軬
䉋	⿱𥫗媚
䉌	⿱𥫗隊
䉍	⿱𥫗悶
䉎	⿱𥫗棠
䉏	⿱𥫗解
䉐	⿱𥫗軲
䉑	⿱𥫗無
䉒	⿱𥫗番
䉓	⿱𥫗棵
䉔	⿱𥫗殘
䉕	⿱𥫗曾
䉖	⿱𥫗軨
䉗	⿱𥫗揖
䉘	⿱𥫗棕
䉙	⿱𥫗雲
䉚	⿳𥫗罒𤬦
䉛	⿱𥫗奥
䉜	⿱𥫗雉
䉝	⿱𥫗義
䉞	⿱𥫗感
䉟	⿱𥫗㨦
䉠	⿱𥫗微
䉡	⿱𥫗亶
䉢	⿱𥫗嗇
䉣	⿱𥫗舄
䉥	⿱𥫗摠
䉦	⿱𥫗遷
䉧	⿱𥫗劉
䉨	⿱𥫗毅
䉩	⿱𥫗樞
䉪	⿱𥫗畾
䉫	⿱𥫗黎
䉬	⿱𥫗廢
䉭	⿱𥫗巤
䉮	⿱𥫗閵
䉯	⿱𥫗賢
䉰	⿱𥫗骹
䉱	⿱𥫗䙔
䉲	⿱𥫗彌
䉳	⿱𥫗鮮
䉴	⿱𥫗襄
䉵	⿱𮅕食
䉶	⿱𥫗雙
䉷	⿱𥫗嚴
䉸	⿱𥫗辯
䉹	⿱𥫗靈
䉺	⿰米工
䉻	⿰米氏
䉼	⿰米斤
䉽	⿰米⿻八𰀁
䉾	⿱北米
䉿	⿰米乎
䊀	⿰米古
䊁	⿰米先
䊂	⿰米朿
䊃	⿰米𫥞
䊄	⿱巩米
䊅	⿰米名
䊆	⿱臼米
䊇	⿰米甫
䊈	⿰米每
䊉	⿰米宋
䊊	⿰米尾
䊋	⿰米壯
䊌	⿰米庇
䊍	⿱𥝢米
䊎	⿰米卷
䊏	⿰米炎
䊐	⿰米昆
䊑	⿰米尙
䊒	⿰米隹
䊓	⿰米是
䊔	⿰米英
䊕	⿰米建
䊖	⿰米南
䊗	⿰米皇
䊘	⿰米胄
䊙	⿱研米
䊚	⿰米追
䊛	⿰米殺
䊜	⿰米專
䊝	⿰米悉
䊞	⿰米啇
䊟	⿰米㒼
䊠	⿱既米
䊡	⿰米曼
䊢	⿱將米
䊣	⿰米黃
䊤	⿰米覃
䊥	⿰米肅
䊦	⿰米壹
䊧	⿰米費
䊨	⿱吂⿲月米几
䊩	⿰米番
䊪	⿰米萬
䊫	⿰米罪
䊬	⿱稞米
䊭	⿰米壽
䊮	⿰米翟
䊯	⿰米廣
䊰	⿰米諸
䊱	⿰米韱
䊲	⿰粟産
䊳	⿰米靡
䊴	⿰米簽
䊵	⿰糹九
䊶	⿰糸也
䊷	⿰糹才
䊸	⿰糹亏
䊹	⿰糹千
䊺	⿰糹互
䊻	⿰糹欠
䊼	⿰糹止
䊽	⿰糹夬
䊾	⿰糹木
䊿	⿰糹夫
䋀	⿸户糸
䋁	⿰糸亢
䋂	⿰糹爻
䋃	⿰糹毛
䋄	⿰糹冈
䋅	⿰糸牛
䋇	⿰糸尺
䋈	⿱奴糸
䋉	⿰糹穴
䋊	⿰糹正
䋋	⿰糹民
䋌	⿰糹巨
䋍	⿰糹可
䋎	⿰糹旦
䋏	⿰糹乍
䋐	⿰糸戉
䋑	⿰糹丙
䋒	⿰糹矛
䋓	⿰糹刍
䋔	⿰糹丕
䋕	⿱任糸
䋗	⿰糹臣
䋘	⿰糹耒
䋙	⿰糹耳
䋚	⿰糹羽
䋛	⿰糸米
䋜	⿱⿰户又糸
䋞	⿰糹网
䋟	⿰糹忌
䋠	⿰糹甫
䋡	⿰糹余
䋢	⿱折糸
䋣	⿰每糸
䋤	⿰素勺
䋥	⿰糹里
䋦	⿰糹每
䋧	⿰糹居
䋨	⿰糸咅
䋩	⿰糹兒
䋪	⿰糹阿
䋫	⿰糹争
䋬	⿰糹忝
䋭	⿰糹育
䋮	⿰糹金
䋯	⿱𫼉糸
䋰	⿱𰥍糸
䋱	⿰糹來
䋲	⿰糹黾
䋳	⿰糹背
䋴	⿰糹柔
䋵	⿰糹曷
䋶	⿰糹頁
䋷	⿱敄糸
䋸	⿰糹盾
䋹	⿰糹畐
䋺	⿰糹秋
䋻	⿰糹南
䋼	⿰糹盈
䋽	⿰糹封
䋾	⿰糹奓
䋿	⿰糹畏
䌀	⿰糹科
䌁	⿰糹要
䌃	⿰糹削
䌄	⿰糹㪅
䌅	⿰糹唐
䌆	⿰糸鬼
䌇	⿰糸索
䌈	⿰糹𦐇
䌉	⿰糹罡
䌊	⿰糹䍃
䌋	⿰糹荅
䌌	⿰糹習
䌍	⿰糹堇
䌎	⿱略糸
䌏	⿰糹密
䌐	⿰糹覓
䌑	⿰糹堅
䌒	⿰糹鹿
䌓	⿱𭮬糸
䌔	⿰糹區
䌕	⿰糹麻
䌖	⿰糸集
䌗	⿰糹無
䌘	⿱敝糸
䌙	⿰糹黄
䌚	⿰糹粟
䌛	⿰䚻系
䌜	⿰糹業
䌝	⿰糹禁
䌞	⿰糸僉
䌟	⿰糹辟
䌠	⿱㰹糸
䌡	⿰糹豊
䌢	⿰糹零
䌣	⿰糹管
䌤	⿰糹爾
䌥	⿰糹㥯
䌦	⿰糹翟
䌧	⿰糹壽
䌨	⿰糹蔡
䌩	⿰糹蔑
䌪	⿰糹閻
䌬	⿰糸龍
䌭	⿰糹蕉
䌮	⿰糹霜
䌯	⿰糹雚
䌰	⿰糹聶
䌱	⿰糹䇔
䌲	⿰糹薰
䌳	⿰糹璽
䌴	⿰糹羸
䌵	⿰糹屬
䌶	⿰纟才
䌷	⿰纟由
䌸	⿰纟专
䌹	⿰纟冋
䌺	⿰纟耳
䌻	⿰纟羽
䌼	⿰纟兑
䌽	⿰纟采
䌾	⿰纟南
䌿	⿰纟畐
䍀	⿰纟监
䍁	⿰纟遂
䍂	⿰缶于
䍄	⿰缶占
䍅	⿰缶令
䍆	⿰缶宁
䍇	⿰缶乏
䍈	⿰缶平
䍉	⿰缶只
䍊	⿰缶交
䍋	⿰缶垂
䍌	⿰缶咅
䍍	⿰⿱⿳士冖一缶殳
䍎	⿰缶薦
䍏	⿵冂⿱⿰丨丨一
䍐	⿱罒干
䍑	⿱网干
䍒	⿱罒木
䍓	⿱罒牙
䍔	⿱罒厷
䍕	⿱罒氐
䍖	⿱罒包
䍗	⿱罒玄
䍘	⿱罒米
䍙	⿱罒每
䍚	⿱罒良
䍛	⿱罒固
䍜	⿱罒隹
䍝	⿱罒沓
䍞	⿱网或
䍟	⿱罒㚇
䍠	⿱罒离
䍡	⿱罒鹿
䍢	⿱罒無
䍣	⿱罒雷
䍤	⿱罒齊
䍥	⿱罒歷
䍦	⿱罒離
䍧	⿰牜羊
䍨	⿰羊巿
䍩	⿰羊攵
䍪	⿰羊末
䍫	⿰羊它
䍬	⿰羊平
䍭	⿰羊母
䍮	⿰羊兆
䍯	⿰羊危
䍰	⿰羊因
䍱	⿰羊余
䍲	⿰羊兒
䍳	⿰羊叕
䍴	⿰羊委
䍵	⿰羊争
䍶	⿰羊東
䍷	⿰羊韋
䍸	⿰羊尃
䍹	⿰羊臭
䍺	⿰羊患
䍻	⿰羊巽
䍼	⿰羊朁
䍽	⿰羊歷
䍾	⿰开羽
䍿	⿱羽王
䎀	⿰羽戉
䎁	⿰古羽
䎂	⿰羽包
䎃	⿰冉羽
䎄	⿰召羽
䎅	⿰白羽
䎆	⿱羽令
䎇	⿰舟羽
䎈	⿰羽曳
䎉	⿰羽戌
䎊	⿰各羽
䎋	⿰告羽
䎌	⿰羽足
䎍	⿰羽甫
䎎	⿰羽𦔮
䎏	⿰含羽
䎐	⿰𠦝羽
䎑	⿰羽录
䎒	⿰羽戔
䎓	⿰羽沓
䎔	⿰羽尃
䎕	⿱𤇾羽
䎖	⿰曾羽
䎗	⿰喬羽
䎘	⿰肅羽
䎙	⿰賓羽
䎚	⿰羽慧
䎛	⿱老口
䎜	⿰老老
䎝	⿱老羽
䎞	⿱者𠃍
䎟	⿰女而
䎠	⿺丸而
䎡	⿱而火
䎢	⿰耒乞
䎣	⿰耒以
䎤	⿰耒局
䎥	⿰耒谷
䎦	⿰耒炎
䎧	⿰耒咅
䎨	⿰耒奄
䎩	⿰⿻一未⿱𭕄田
䎪	⿰耒㝵
䎫	⿰耒㚇
䎬	⿰耒罢
䎭	⿰耒造
䎮	⿰耒啇
䎯	⿰耒𦰩
䎰	⿰耒斮
䎱	⿰耒罷
䎲	⿰耳乙
䎳	⿰耳月
䎴	⿰耳井
䎵	⿰耳必
䎶	⿰耳申
䎷	⿰耳朱
䎸	⿰耳吾
䎹	⿱釆耳
䎺	⿰耳制
䎻	⿰耳周
䎼	⿰耳录
䎽	⿰耳昏
䎾	⿰耳侖
䎿	⿰耳秋
䏀	⿰耳剌
䏁	⿰耳宰
䏂	⿰耳叟
䏃	⿰耳冥
䏄	⿰耳窒
䏅	⿰耳祭
䏆	⿰耳曹
䏇	⿰耳票
䏈	⿰耳絲
䏉	⿰耳㬎
䏊	⿰耳龍
䏋	⿻肀⿱𠆢⿰心巳
䏌	⿱八⺝
䏍	⿱厶⺝
䏎	⿰月凡
䏏	⿰月于
䏐	⿰月夬
䏑	⿱𱼀肉
䏒	⿰月片
䏓	⿰⺼元
䏔	⿰月丑
䏕	⿰月王
䏖	⿰月引
䏗	⿰月气
䏘	⿰月匹
䏙	⿰月冘
䏚	⿰月少
䏛	⿰月匀
䏜	⿰月及
䏝	⿰月专
䏞	⿰月末
䏟	⿰月必
䏠	⿰月立
䏡	⿰月示
䏢	⿰月皮
䏣	⿰月且
䏤	⿰月司
䏥	⿰月冉
䏦	⿰月舌
䏧	⿰月多
䏨	⿰月𠂤
䏩	⿰月合
䏪	⿰月耳
䏫	⿰月休
䏬	⿰月牟
䏭	⿰⺼朱
䏯	⿰月志
䏱	⿰月局
䏲	⿰月弟
䏳	⿰月折
䏴	⿰月肖
䏵	⿰月尨
䏶	⿰月坒
䏷	⿰月旱
䏸	⿰月吾
䏹	⿰月見
䏺	⿰月夆
䏻	⿰䏍去
䏼	⿰月戔
䏽	⿰月咅
䏾	⿰月奉
䏿	⿱𢼄⺝
䐀	⿰月奇
䐁	⿰月豖
䐂	⿰月录
䐃	⿰月囷
䐄	⿰月臽
䐅	⿰月𡱁
䐆	⿰月采
䐇	⿰月曶
䐉	⿰月甾
䐊	⿰月昆
䐋	⿰月忩
䐌	⿱典月
䐍	⿰月壴
䐎	⿰月是
䐏	⿰月春
䐐	⿰月秋
䐑	⿰月枼
䐒	⿰月奓
䐓	⿰月頁
䐔	⿰月扁
䐕	⿰月咠
䐖	⿰月屎
䐘	⿰月爰
䐙	⿰月革
䐚	⿰月即
䐛	⿰月耷
䐝	⿰月𧴪
䐞	⿰月弱
䐟	⿰月冓
䐠	⿰月荒
䐡	⿱？肉
䐣	⿰月員
䐤	⿰月差
䐥	⿰月翁
䐦	⿰月盍
䐧	⿰月高
䐨	⿰⿱⿳士冖一⺝殳
䐩	⿰月豈
䐪	⿰月隽
䐫	⿰月從
䐬	⿰月曹
䐭	⿰月帶
䐮	⿰月産
䐯	⿰月累
䐰	⿰月脩
䐱	⿰月啇
䐲	⿰月習
䐳	⿰月魚
䐴	⿱既⺝
䐵	⿰月黄
䐶	⿰月朁
䐷	⿰月單
䐸	⿰月畫
䐹	⿰月肅
䐺	⿰月覃
䐻	⿰月辜
䐼	⿰月絜
䐽	⿰月㒼
䐾	⿰月睪
䐿	⿰月奥
䑀	⿰月辟
䑁	⿱𦥯⺝
䑂	⿰月與
䑃	⿰⺼蒙
䑄	⿰月鼻
䑅	⿰月夢
䑆	⿰月養
䑇	⿰月質
䑈	⿰月樂
䑉	⿰月嬴
䑊	⿰月遺
䑋	⿰月襄
䑌	⿰月闌
䑍	⿰月嬰
䑎	⿰月韱
䑏	⿰月雚
䑐	⿰臣尔
䑑	⿰臣菐
䑒	⿰至刄
䑔	⿰臼巿
䑕	⿱臼𠂡
䑖	⿰臼疌
䑗	⿰臼昜
䑘	⿰臼差
䑙	⿰舌冄
䑚	⿰舌月
䑜	⿰舌枼
䑝	⿱吅⿱冖舛
䑞	⿱⿷匚炎舛
䑟	⿰舜皇
䑠	⿰舟了
䑡	⿰舟叉
䑢	⿰舟兀
䑣	⿰舟彡
䑤	⿰舟今
䑥	⿰舟及
䑦	⿰舟句
䑧	⿰舟付
䑨	⿰舟㐌
䑩	⿰舟古
䑪	⿰舟合
䑫	⿰舟并
䑬	⿰舟兆
䑭	⿰舟江
䑮	⿰舟朶
䑯	⿰舟弟
䑰	⿰舟步
䑱	⿰舟宛
䑲	⿰舟卓
䑳	⿰舟侖
䑴	⿰舟其
䑵	⿰舟冐
䑷	⿰舟肩
䑸	⿰舟宗
䑹	⿰舟叜
䑻	⿰舟斿
䑼	⿰舟芻
䑽	⿰舟𦐇
䑾	⿰舟隻
䑿	⿰舟宿
䒀	⿰舟符
䒁	⿰舟習
䒂	⿰舟將
䒃	⿰舟造
䒄	⿰舟冨
䒅	⿰舟眷
䒆	⿰舟𰕎
䒇	⿰舟富
䒈	⿰舟賁
䒉	⿰舟舞
䒊	⿰兮色
䒋	⿰央色
䒌	⿰冥色
䒍	⿰旁色
䒎	⿰莽色
䒏	⿰曾色
䒐	⿰瞢色
䒒	⿱艹刁
䒓	⿱艹丂
䒔	⿱艹八
䒕	⿱艹小
䒖	⿱艹卂
䒗	⿱艹乞
䒘	⿱艹夊
䒙	⿱艹上
䒚	⿱艹少
䒛	⿱艹幻
䒜	⿱艹牛
䒝	⿱艹爻
䒞	⿱艹冘
䒟	⿱艹丹
䒠	⿱艹丰
䒡	⿱艹引
䒢	⿱艹卬
䒣	⿱艹冄
䒤	⿱艹日
䒥	⿱艹帀
䒦	⿱艹乏
䒧	⿱艹去
䒨	⿱艹矢
䒩	⿱艹禾
䒪	⿱艹弁
䒫	⿱艹代
䒬	⿱艹示
䒭	⿳艹？寸
䒮	⿱𫇦凡
䒯	⿱𫇦丸
䒰	⿱艹匡
䒱	⿱艹丞
䒲	⿱艹奼
䒴	⿱艹有
䒵	⿱艹好
䒶	⿱艹曳
䒷	⿱艹舌
䒸	⿱艹血
䒹	⿱艹耒
䒺	⿱艹糸
䒻	⿱艹𡵆
䒼	⿱艹曲
䒽	⿱艹网
䒿	⿱𫇦⺝
䓀	⿱艹吉
䓁	⿱艹寺
䓂	⿱艹言
䓃	⿱艹邑
䓄	⿱艹㹞
䓅	⿱艹沂
䓆	⿱艹折
䓇	⿱艹赤
䓈	⿱艹役
䓉	⿱艹邪
䓊	⿱艹吾
䓋	⿱艹汦
䓌	⿱艹志
䓍	⿱艹旱
䓎	⿱艹灼
䓏	⿱艹否
䓐	⿱艹𡗥
䓑	⿱艹汧
䓒	⿱艹甸
䓓	⿱艹寿
䓕	⿱艹远
䓖	⿱艹穷
䓗	⿱艹忩
䓘	⿱艹咎
䓙	⿱艹乖
䓚	⿱艹徂
䓛	⿱艹屈
䓜	⿱艹泜
䓝	⿱艹孟
䓞	⿱艹戾
䓟	⿱艹周
䓠	⿱艹沓
䓡	⿱艹知
䓢	⿱艹固
䓣	⿱艹兩
䓤	⿱艹忽
䓥	⿱入草
䓦	⿱艹典
䓧	⿱艹亟
䓨	⿱𫇦缶
䓩	⿱艹枝
䓪	⿱艹易
䓫	⿱艹奇
䓬	⿱艹卓
䓭	⿱艹刹
䓮	⿱艹敄
䓯	⿱艹毒
䓰	⿱艹垔
䓱	⿱艹柴
䓲	⿱艹侻
䓳	⿱艹很
䓴	⿱艹耎
䓵	⿱艹品
䓶	⿱艹剌
䓷	⿱艹洐
䓸	⿱艹姧
䓹	⿱艹食
䓺	⿱艹美
䓻	⿱艹㓂
䓼	⿱艹娏
䓽	⿱艹記
䓾	⿱艹娑
䓿	⿱艹圅
䔀	⿱艹倭
䔁	⿱艹栗
䔂	⿱艹宰
䔃	⿱艹祖
䔄	⿱艹䍃
䔅	⿱艹哥
䔆	⿱艹狸
䔇	⿱艹豈
䔉	⿱艹秝
䔊	⿱艹㻂
䔋	⿱艹紗
䔌	⿱艹皋
䔎	⿱艹速
䔏	⿱艹造
䔐	⿱艹淺
䔑	⿱艹斜
䔒	⿱艹陪
䔓	⿱艹許
䔔	⿱艹竟
䔕	⿱艹脯
䔖	⿱艹陵
䔗	⿱艹祥
䔘	⿱艹⿰缶且
䔙	⿱艹釣
䔚	⿱艹脣
䔛	⿱艹頃
䔜	⿱艹聃
䔝	⿱艹紫
䔞	⿱艹率
䔟	⿱艹移
䔠	⿱艹梢
䔡	⿱艹魚
䔢	⿱艹⿱𠈌亏
䔣	⿱艹犁
䔤	⿱艹⿰白百
䔦	⿱艹梅
䔧	⿱艹梨
䔨	⿱艹𱁈
䔩	⿱艹敕
䔪	⿱艹爽
䔫	⿱艹疎
䔬	⿱艹異
䔭	⿱艹甯
䔮	⿱艹斯
䔯	⿱艹酤
䔰	⿱艹富
䔱	⿱艹揖
䔲	⿱艹登
䔳	⿱艹然
䔴	⿱艹𠭥
䔵	⿱艹閑
䔶	⿱艹提
䔷	⿱艹琴
䔸	⿱艹猋
䔹	⿱艹隊
䔺	⿱艹隋
䔻	⿱艹敦
䔼	⿱艹歰
䔽	⿱艹渴
䔾	⿱艹揭
䔿	⿱艹尊
䕀	⿱艹款
䕁	⿱艹棐
䕂	⿱艹⿺辶⿱台𧘇
䕄	⿱艹⿱丞皿
䕅	⿱艹嫂
䕆	⿱艹榆
䕇	⿱艹廆
䕈	⿱艹牒
䕉	⿱艹睪
䕊	⿱艹亶
䕋	⿱艹塘
䕌	⿱艹稚
䕍	⿱艹裔
䕎	⿱艹⿰日畐
䕏	⿱艹義
䕐	⿱艹福
䕑	⿱艹綏
䕒	⿱艹嘉
䕓	⿱艹察
䕔	⿱艹銜
䕕	⿱艹漫
䕖	⿱艹遜
䕗	⿱艹鼻
䕘	⿱艹領
䕙	⿱艹截
䕚	⿱艹匱
䕛	⿱艹䛟
䕜	⿱艹翠
䕝	⿱艹稱
䕞	⿱艹閬
䕟	⿱艹興
䕠	⿱艹廢
䕡	⿱艹閭
䕢	⿱艹磋
䕣	⿱艹褐
䕤	⿱艹鄲
䕥	⿳艹八⿻丨⿱八⿵冂㸚
䕦	⿱艹嬴
䕧	⿱艹骹
䕨	⿱艹縢
䕩	⿱艹橑
䕪	⿱艹澤
䕫	⿱艹⿱⿲止白巳⿱八夊
䕬	⿱艹彊
䕭	⿱艹燅
䕮	⿱艹𰏮
䕯	⿱艹瓢
䕰	⿱艹燔
䕱	⿱艹頭
䕲	⿱艹廩
䕳	⿱艹彌
䕴	⿱艹穛
䕵	⿱艹鴶
䕶	⿱艹謢
䕷	⿱艹縻
䕸	⿱艹黠
䕹	⿱艹雜
䕺	⿱艹叢
䕻	⿱艹麗
䕼	⿱艹難
䕽	⿱艹躅
䕾	⿱艹嚴
䕿	⿱艹𪄿
䖀	⿱艹囂
䖁	⿰萬意
䖂	⿱艹攣
䖃	⿱若⿰若若
䖄	⿱艹㸐
䖅	⿱艹靈
䖆	⿱艹釀
䖇	⿱艹鬱
䖈	⿸虍匕
䖉	⿸虍于
䖊	⿰㐅虎
䖋	⿰虎人
䖌	⿰虎刂
䖍	⿸虍攵
䖎	⿰阝虎
䖏	⿸虍⿻勿乀
䖐	⿰斤虎
䖑	⿺虎日
䖒	⿸虍豆
䖓	⿰出虎
䖔	⿰去虎
䖕	⿺虎且
䖖	⿺虎甲
䖗	⿸虍咸
䖘	⿰虎兔
䖙	⿱卧虒
䖚	⿰虎烏
䖛	⿺虎索
䖜	⿱虤日
䖞	⿰虫寸
䖟	⿱亡虫
䖠	⿰虫凡
䖡	⿰虫丑
䖢	⿰虫少
䖣	⿰虫爪
䖤	⿱夗虫
䖥	⿱矛虫
䖦	⿰虫出
䖧	⿰虫旦
䖨	⿰虫石
䖩	⿰虫必
䖪	⿱此虫
䖫	⿰虫⿱八干
䖬	⿰虫甲
䖭	⿱龹虫
䖮	⿰虫向
䖯	⿱圭虫
䖰	⿰虫𠂢
䖱	⿰虫匡
䖲	⿰虫旬
䖳	⿰虫宅
䖴	⿰虫兆
䖵	⿰虫虫
䖶	⿰虫豕
䖷	⿰虫希
䖹	⿰虫⿱卝干
䖺	⿲亻丨𧈸
䖻	⿰虫㐬
䖼	⿰虫却
䖽	⿱利虫
䖾	⿰虫完
䖿	⿱𥝢虫
䗀	⿰虫夌
䗁	⿰虫奇
䗂	⿰虫虎
䗃	⿰虫戔
䗄	⿰虫斧
䗅	⿰虫長
䗆	⿰虫官
䗇	⿰虫匊
䗈	⿰虫盲
䗉	⿰虫昌
䗊	⿰虫炎
䗋	⿰虫某
䗌	⿰虫星
䗍	⿱彖虫
䗎	⿰虫垔
䗏	⿰虫叜
䗐	⿱施虫
䗑	⿰虫昱
䗒	⿰虫並
䗓	⿰虫怱
䗔	⿰虫侯
䗕	⿱宛虫
䗖	⿰虫带
䗗	⿰虫笄
䗘	⿰虫盍
䗙	⿱𡨄虫
䗚	⿰虫尃
䗛	⿰虫脩
䗜	⿰虫留
䗝	⿱神虫
䗞	⿱天䖵
䗟	⿱殹虫
䗠	⿱旋虫
䗡	⿰虫焉
䗢	⿰虫造
䗣	⿱甘䖵
䗤	⿰虫庸
䗦	⿰虫逢
䗧	⿰虫康
䗨	⿰虫魚
䗩	⿰虫戚
䗫	⿰虫麻
䗬	⿱逢虫
䗭	⿰虫患
䗮	⿰虫爽
䗯	⿰虫進
䗰	⿰虫貫
䗱	⿰虫菐
䗲	⿰虫粦
䗳	⿰虫登
䗴	⿰虫筳
䗵	⿰虫畺
䗶	⿰虫葛
䗷	⿰虫意
䗸	⿱雍虫
䗹	⿰虫慈
䗺	⿱延䖵
䗻	⿰虫節
䗼	⿰虫熏
䗽	⿱維虫
䗾	⿰虫㬎
䗿	⿰虫寧
䘀	⿱阜䖵
䘁	⿱截虫
䘂	⿰虫韯
䘃	⿰虫墨
䘄	⿱者䖵
䘅	⿱能䖵
䘆	⿰虫憲
䘇	⿱文蟲
䘈	⿰虫勵
䘉	⿱天蟲
䘊	⿰虫篾
䘋	⿰虫韱
䘌	⿱匿䖵
䘍	⿱萬䖵
䘎	⿰虫彎
䘐	⿰血刅
䘑	⿰血永
䘒	⿰血夋
䘓	⿰血臽
䘔	⿰血客
䘕	⿲彳亢亍
䘖	⿲彳缶亍
䘗	⿲彳⿳山一糸亍
䘘	⿲彳素亍
䘙	⿲彳⿱韋帀亍
䘚	⿱衣十
䘛	⿰衤几
䘜	⿰衤巾
䘝	⿰衤弋
䘞	⿰衤马
䘟	⿰衤弔
䘠	⿰衤⿸𠂇乂
䘡	⿱比衣
䘢	⿰衤宁
䘣	⿰衤此
䘤	⿰衤术
䘥	⿰衤甲
䘦	⿰衤尼
䘧	⿰衤央
䘨	⿰衤交
䘩	⿰衤旬
䘪	⿰衤充
䘫	⿱如衣
䘬	⿰衤戎
䘭	⿰衤至
䘮	⿱⿻土从？
䘯	⿰衤肖
䘰	⿰衤延
䘱	⿳亠谷𧘇
䘲	⿰衤𠬶
䘳	⿰衤金
䘴	⿰衤松
䘵	⿰衤录
䘶	⿰衤函
䘷	⿰衤㡀
䘸	⿰衤夜
䘹	⿰衤卒
䘺	⿰衤定
䘻	⿰衤育
䘼	⿰衤宛
䘽	⿰衤兒
䘾	⿰衤官
䘿	⿰衤屈
䙀	⿰衤朋
䙂	⿰衤忩
䙃	⿰衤⿱左⺝
䙄	⿰衤臿
䙅	⿰衤要
䙆	⿰衤癸
䙇	⿰衤耎
䙈	⿰衤侯
䙉	⿰衤盾
䙊	⿰衤带
䙋	⿰衤宣
䙌	⿰衤贵
䙍	⿰衤飛
䙎	⿰衤奚
䙏	⿰衤尃
䙐	⿰衤鬲
䙑	⿰衤衰
䙒	⿰衤畜
䙓	⿰衤罢
䙔	⿰衤區
䙕	⿰衤從
䙖	⿰衤崩
䙗	⿰衤啇
䙘	⿰衤戚
䙙	⿰衤犀
䙚	⿱鳥衣
䙛	⿰衤衮
䙜	⿰衤逢
䙝	⿳亠執𧘇
䙞	⿰衤登
䙟	⿰衤圍
䙠	⿰衤厥
䙡	⿰衤貴
䙢	⿰衤曾
䙣	⿰衤䨿
䙤	⿰衤過
䙦	⿰衤夢
䙧	⿰衤熏
䙨	⿰衤𮖐
䙩	⿰衤蒙
䙪	⿱樊衣
䙫	⿰衤冀
䙬	⿰衤嬰
䙭	⿰衤蹇
䙮	⿰衤雚
䙯	⿰衤蹙
䙰	⿰衤離
䙱	⿰衤屬
䙲	⿱覀大
䙳	⿱覀火
䙴	⿳襾大㔾
䙵	⿱覀圭
䙶	⿰西农
䙷	⿱見寸
䙸	⿺見寸
䙹	⿰开見
䙺	⿰火見
䙻	⿰𠂔見
䙼	⿰召見
䙽	⿱𡗜見
䙾	⿰它見
䙿	⿰未見
䚀	⿰舟見
䚁	⿰向見
䚂	⿰赤見
䚃	⿰卣見
䚄	⿰录見
䚅	⿰來見
䚆	⿰英見
䚇	⿰省見
䚈	⿰垔見
䚉	⿰契見
䚊	⿰益見
䚋	⿰員見
䚌	⿰皋見
䚍	⿰責見
䚎	⿰舂見
䚏	⿰粦見
䚐	⿰智見
䚑	⿰買見
䚒	⿰童見
䚓	⿰覃見
䚔	⿰賓見
䚕	⿰麗見
䚖	⿰靈見
䚗	⿰角公
䚘	⿲彳角亍
䚙	⿰角亘
䚚	⿰角先
䚛	⿰角告
䚜	⿰角卑
䚝	⿰角卒
䚞	⿰角來
䚟	⿰角㝵
䚠	⿰角昆
䚢	⿰角枼
䚣	⿰角是
䚤	⿰角禺
䚥	⿰角弱
䚦	⿰角虒
䚧	⿰角翏
䚨	⿰角發
䚩	⿰角喬
䚪	⿰角睘
䚫	⿱敫角
䚬	⿰角粦
䚭	⿰角雚
䚮	⿰訁乃
䚰	⿰訁匕
䚱	⿰訁小
䚲	⿰訁彡
䚳	⿰訁支
䚴	⿰訁月
䚵	⿰訁斗
䚶	⿰訁天
䚷	⿰訁兮
䚸	⿰訁介
䚹	⿰訁比
䚺	⿰訁攵
䚻	⿱𱼀言
䚼	⿰訁丑
䚽	⿰訁毛
䚾	⿰訁壬
䚿	⿰訁欠
䛀	⿰訁反
䛁	⿰訁冄
䛂	⿰訁升
䛃	⿰訁元
䛄	⿰訁夗
䛅	⿰訁甲
䛆	⿰訁由
䛇	⿰訁⿱𠘧口
䛈	⿰訁矢
䛉	⿰訁民
䛊	⿰訁只
䛋	⿰訁戊
䛌	⿰訁包
䛍	⿰訁弗
䛎	⿰訁穴
䛏	⿰訁尼
䛐	⿱司言
䛑	⿰訁必
䛒	⿱巧言
䛓	⿱𰀢言
䛔	⿰訁而
䛕	⿰訁？
䛖	⿰訁曳
䛗	⿰臣言
䛘	⿰訁任
䛙	⿰訁休
䛚	⿱㓞言
䛛	⿰訁回
䛜	⿰訁囟
䛝	⿰訁⿱丑山
䛞	⿰訁旱
䛟	⿰訁夾
䛠	⿰訁豆
䛡	⿰訁𠯑
䛢	⿰訁秃
䛣	⿰訁甹
䛤	⿰訁足
䛥	⿰訁希
䛦	⿰訁谷
䛧	⿰訁⿺𠃊米
䛨	⿰訁辛
䛩	⿰訁亞
䛪	⿰訁穹
䛫	⿰訁長
䛬	⿰訁匋
䛭	⿰訁幸
䛮	⿰訁咎
䛯	⿰訁居
䛰	⿰訁昆
䛱	⿰訁忠
䛲	⿰訁帛
䛳	⿰訁奄
䛴	⿰訁奇
䛵	⿰訁受
䛶	⿰訁𣐇
䛷	⿰訁宛
䛸	⿰訁店
䛹	⿰訁彖
䛺	⿰訁界
䛻	⿰訁盾
䛼	⿰訁𬛸
䛽	⿰訁臿
䛾	⿰訁素
䛿	⿰訁鬲
䜀	⿰訁𰙩
䜁	⿰訁奊
䜂	⿰訁皋
䜃	⿱誰土
䜄	⿰訁犀
䜅	⿰訁崔
䜆	⿸麻言
䜇	⿰訁衮
䜈	⿰訁巢
䜉	⿰訁桼
䜊	⿰訁曹
䜋	⿰訁貴
䜍	⿰訁尞
䜎	⿰訁勞
䜏	⿰訁隋
䜐	⿱隋言
䜑	⿰訁惡
䜒	⿰訁奥
䜓	⿰訁葉
䜔	⿰訁遀
䜕	⿰訁萬
䜖	⿰訁賈
䜗	⿰訁感
䜘	⿰訁敬
䜙	⿰訁㬎
䜚	⿰訁遝
䜛	⿰訁𭀰
䜜	⿰訁睿
䜝	⿰訁㡭
䜞	⿰訁齊
䜟	⿰訁韯
䜠	⿰訁質
䜡	⿰訁憂
䜢	⿰訁憲
䜣	⿰讠斤
䜤	⿰讠共
䜥	⿰讠⿺廴旦
䜦	⿰讠荀
䜧	⿰讠𰙩
䜨	⿰讠患
䜩	⿰讠燕
䜪	⿰谷九
䜫	⿰谷工
䜬	⿰谷由
䜭	⿳⿱⺊冖一谷
䜮	⿰谷牢
䜯	⿰谷匊
䜰	⿰谷皋
䜱	⿰谷曼
䜲	⿰谷巤
䜳	⿱豆𠃊
䜴	⿰豆攴
䜵	⿰豆皮
䜶	⿰豆夅
䜷	⿰豆𠬶
䜸	⿰豆尾
䜹	⿰豆束
䜺	⿰豆昔
䜻	⿰豆是
䜼	⿱敄豆
䜽	⿰豆俞
䜾	⿰豆音
䜿	⿱⿰臣⿱𠂉一豆
䝀	⿰豆留
䝁	⿱𤇾豆
䝂	⿱𰯯豆
䝃	⿰豆㬎
䝄	⿰豆雙
䝅	⿰豕土
䝆	⿱勿豕
䝇	⿺尣豕
䝈	⿰豕卮
䝉	⿱⿱⿻⿰丨丨丷冖豕
䝊	⿰豕疌
䝋	⿰豕宗
䝌	⿰豕叕
䝍	⿰豕軍
䝎	⿰豕耑
䝏	⿰豕婁
䝐	⿰豕隋
䝑	⿰豕童
䝒	⿰豕聚
䝓	⿰豕巤
䝔	⿰豕雚
䝕	⿰豕聶
䝖	⿰豸爪
䝗	⿰豸木
䝘	⿰豸殳
䝙	⿰豸区
䝚	⿰豸尼
䝛	⿰豸皮
䝜	⿰豸夋
䝝	⿰豸奇
䝞	⿰豸虎
䝟	⿰豸契
䝠	⿰豸原
䝡	⿰豸㒼
䝢	⿰豸曼
䝣	⿰豸渠
䝥	⿰豸臯
䝦	⿰豸衆
䝧	⿰貝匀
䝨	⿱𰀡貝
䝩	⿰貝㐱
䝪	⿰貝疋
䝫	⿰貝乍
䝬	⿰貝主
䝭	⿰貝句
䝮	⿰貝玄
䝯	⿰貝㐌
䝰	⿰貝寺
䝱	⿱劦貝
䝲	⿰貝尽
䝳	⿱𣦼貝
䝴	⿱⿱𰀉冖貝
䝵	⿰貝甫
䝶	⿰貝京
䝷	⿱知貝
䝸	⿰貝芰
䝹	⿰貝宛
䝺	⿱𪯢貝
䝻	⿰貝居
䝼	⿰貝青
䝽	⿰貝厓
䝾	⿱武貝
䝿	⿱臾貝
䞀	⿰貝侯
䞁	⿰貝匽
䞂	⿰貝耎
䞃	⿰貝致
䞄	⿱施貝
䞅	⿰貝唇
䞆	⿰貝𧴪
䞇	⿱埶貝
䞈	⿰貝爲
䞉	⿰貝⿱龹貝
䞊	⿰貝𧇖
䞋	⿰貝親
䞌	⿰贝舌
䞍	⿰贝青
䞎	⿰贝昌
䞏	⿰贝思
䞐	⿰贝春
䞑	⿰赤工
䞒	⿰赤同
䞓	⿰赤巠
䞔	⿰赤尾
䞕	⿰赤需
䞖	⿺走弋
䞗	⿺走才
䞘	⿺走乞
䞙	⿺走帀
䞚	⿺走支
䞛	⿺走丏
䞜	⿺走不
䞝	⿺走玉
䞞	⿺走弗
䞟	⿺走白
䞠	⿺走石
䞡	⿺走旦
䞢	⿺走乍
䞣	⿺走斥
䞤	⿺走句
䞥	⿺走有
䞦	⿺走各
䞧	⿺走后
䞨	⿺走圭
䞩	⿺走合
䞪	⿺走匠
䞫	⿺走君
䞬	⿺走秀
䞭	⿺走夋
䞮	⿺走余
䞯	⿺走孚
䞰	⿺走赤
䞱	⿺走谷
䞲	⿺走我
䞳	⿺走咅
䞴	⿺走周
䞵	⿺走叕
䞶	⿺走易
䞷	⿺走屈
䞸	⿺走⿱示口
䞹	⿺走皇
䞺	⿺走盾
䞻	⿺走勇
䞼	⿺走彖
䞽	⿺走索
䞾	⿺走虒
䞿	⿱𡨄走
䟀	⿺走差
䟁	⿺走巢
䟂	⿺走曼
䟃	⿺走參
䟄	⿺走責
䟅	⿱斬走
䟆	⿺走畢
䟇	⿺走幾
䟈	⿺走𢧜
䟉	⿺走蜀
䟊	⿺走豦
䟋	⿺走詹
䟌	⿺走截
䟍	⿺走臱
䟎	⿺走賛
䟏	⿺走樂
䟐	⿺走歷
䟑	⿺走龠
䟒	⿺走雚
䟓	⿰𧾷丁
䟔	⿰𧾷卜
䟕	⿰𧾷叉
䟖	⿰𧾷山
䟗	⿰𧾷氏
䟘	⿰𧾷亢
䟙	⿰𧾷切
䟚	⿰𧾷亓
䟛	⿰𧾷巿
䟜	⿰𧾷内
䟝	⿰𧾷殳
䟞	⿰𧾷少
䟟	⿰斥足
䟠	⿰𧾷戉
䟡	⿰𧾷氐
䟢	⿰𧾷尔
䟣	⿰𧾷术
䟤	⿰𧾷必
䟥	⿰𧾷矛
䟦	⿰𧾷叐
䟧	⿰𧾷田
䟨	⿰𧾷民
䟩	⿰𧾷去
䟪	⿰𧾷乏
䟫	⿱龸足
䟬	⿰𧾷丘
䟭	⿰𧾷乍
䟮	⿰𧾷伏
䟯	⿰𧾷舌
䟰	⿰𧾷行
䟱	⿰𧾷朿
䟲	⿰𧾷充
䟳	⿺足羽
䟴	⿰𧾷辰
䟵	⿰𧾷求
䟶	⿰𧾷坐
䟷	⿰𧾷折
䟸	⿰𧾷𢌳
䟹	⿰𧾷寽
䟺	⿰𧾷貝
䟻	⿰𧾷余
䟼	⿰𧾷武
䟾	⿰𧾷叕
䟿	⿰𧾷录
䠀	⿰𧾷尚
䠁	⿰𧾷亝
䠂	⿱林足
䠃	⿰𧾷兩
䠄	⿰𧾷典
䠅	⿰𧾷囷
䠆	⿰𧾷長
䠇	⿰𧾷屈
䠈	⿰𧾷隶
䠉	⿰𧾷官
䠊	⿰𧾷非
䠋	⿰𧾷卑
䠌	⿰𧾷⿱水⺝
䠍	⿰𧾷叚
䠎	⿰𧾷屋
䠏	⿰𧾷癸
䠐	⿰𧾷狊
䠑	⿰𧾷奎
䠒	⿰𧾷胡
䠓	⿰𧾷酋
䠔	⿰𧾷㒸
䠕	⿰𧾷柴
䠗	⿰𧾷臭
䠘	⿰𧾷𣬉
䠙	⿰𧾷旁
䠚	⿰𧾷窊
䠛	⿰𧾷䍃
䠜	⿰𧾷茸
䠝	⿰𧾷員
䠞	⿰𧾷戚
䠟	⿱執足
䠠	⿱帶足
䠡	⿰𧾷虘
䠢	⿳⿱艹罒冖足
䠣	⿰𧾷巽
䠤	⿰𧾷單
䠥	⿰𧾷敝
䠦	⿰𧾷智
䠧	⿰𧾷屠
䠨	⿰𧾷詹
䠩	⿰𧾷歲
䠪	⿰𧾷㡭
䠫	⿰𧾷聚
䠬	⿰𧾷鄧
䠭	⿰𧾷賴
䠮	⿰𧾷駦
䠯	⿰𧾷龠
䠰	⿰𧾷雚
䠱	⿰𧾷屬
䠲	⿰身令
䠳	⿰身出
䠴	⿰身立
䠵	⿰身付
䠶	⿰身矢
䠷	⿰身兆
䠸	⿰身夸
䠹	⿰身亥
䠺	⿰身问
䠻	⿰身穹
䠼	⿰身俞
䠽	⿰身豈
䠾	⿰身閃
䠿	⿰身貴
䡀	⿰身亶
䡁	⿰身龍
䡂	⿰車丩
䡃	⿰車力
䡅	⿰車川
䡆	⿰車公
䡇	⿰車元
䡈	⿰車爻
䡉	⿰車亢
䡊	⿰車反
䡋	⿰車支
䡌	⿰車厷
䡍	⿰車夫
䡏	⿰車弘
䡐	⿰車它
䡑	⿰車民
䡒	⿰車田
䡓	⿲彳車亍
䡔	⿰車多
䡕	⿰車丞
䡖	⿰車𡉊
䡗	⿱巩車
䡘	⿰車甸
䡙	⿰車良
䡚	⿰車皃
䡛	⿰車車
䡜	⿰車坴
䡝	⿰車宛
䡞	⿱具車
䡟	⿰車卑
䡠	⿰車貞
䡡	⿰車皆
䡢	⿰車扁
䡣	⿰車軍
䡤	⿱者車
䡥	⿰車容
䡦	⿰車桑
䡧	⿰車烏
䡨	⿱差車
䡩	⿰車真
䡪	⿰車扇
䡫	⿰車逢
䡬	⿰車曼
䡭	⿰車羞
䡮	⿰車從
䡯	⿰車悤
䡰	⿱殸車
䡱	⿰車區
䡲	⿰車單
䡳	⿰車斯
䡴	⿰車童
䡵	⿰車遂
䡶	⿰車辟
䡷	⿰車蓋
䡸	⿰車⿳艹罒戉
䡹	⿰車疐
䡺	⿰車慧
䡻	⿰車臱
䡼	⿰車霝
䡽	⿰車贊
䡾	⿰車獻
䡿	⿰車靈
䢀	⿰车乞
䢁	⿰车月
䢂	⿰车立
䢃	⿱辟乂
䢄	⿰枲𣓀
䢅	⿱臼辰
䢆	⿰冗⿸辰寸
䢇	⿰宂⿸辰寸
䢈	⿸辰會
䢉	⿱⿴𦥑囟辰
䢊	⿺辶子
䢋	⿺辶丌
䢌	⿺辶巿
䢍	⿺辶方
䢎	⿺辶开
䢏	⿺辶斗
䢐	⿺辶且
䢑	⿺辶氐
䢒	⿺辶交
䢓	⿺辶宇
䢔	⿺辶合
䢕	⿺辶戌
䢖	⿺辶聿
䢗	⿺辶曲
䢘	⿺辶守
䢙	⿺辶貝
䢚	⿺辶更
䢛	⿺辶冏
䢜	⿺辶帚
䢝	⿺辶亞
䢞	⿺辶林
䢟	⿺辶放
䢠	⿺辶灷
䢡	⿺辶枼
䢢	⿺辶倉
䢣	⿺辶𧥧
䢤	⿺辶秫
䢥	⿺辶⿱正目
䢦	⿺辶率
䢧	⿺辶翏
䢨	⿺辶從
䢩	⿺辶敔
䢪	⿺辶喬
䢫	⿺辶隋
䢬	⿺辶舜
䢭	⿺辶羡
䢮	⿺辶雷
䢯	⿺辶㷠
䢰	⿺辶翟
䢱	⿺辶賣
䢲	⿺辶矍
䢳	⿰几阝
䢴	⿰⿻⿱㇒一丿阝
䢶	⿰木阝
䢷	⿰丹阝
䢸	⿰且阝
䢹	⿰巨阝
䢺	⿰出阝
䢻	⿰臣阝
䢼	⿰共阝
䢽	⿱共邑
䢾	⿰先阝
䢿	⿰安阝
䣀	⿰危阝
䣁	⿰羽阝
䣂	⿰耒阝
䣃	⿰𦈢阝
䣄	⿰余阝
䣅	⿰辰阝
䣆	⿰巠阝
䣇	⿰求阝
䣈	⿰邑邑
䣉	⿱沙邑
䣊	⿰尚阝
䣋	⿰釆阝
䣌	⿰底阝
䣍	⿰奄阝
䣎	⿰甾阝
䣏	⿰供阝
䣐	⿰英阝
䣑	⿰厘阝
䣒	⿰贵阝
䣓	⿰鬲阝
䣔	⿰𧴪阝
䣕	⿰馬阝
䣖	⿰馬邑
䣗	⿰皋阝
䣘	⿰堂阝
䣙	⿰崩阝
䣚	⿰婁阝
䣛	⿰桼阝
䣜	⿰虘阝
䣝	⿰屠阝
䣞	⿰㖾阝
䣟	⿰朁阝
䣠	⿰替阝
䣡	⿰義阝
䣢	⿰耤阝
䣣	⿰黨阝
䣤	⿰矍阝
䣥	⿰酉匕
䣦	⿰酉力
䣧	⿰酉弋
䣨	⿰酉⿻⿱㇒一乚
䣩	⿰酉屯
䣪	⿰酉巿
䣫	⿰酉支
䣬	⿰酉戈
䣭	⿰酉犬
䣮	⿰酉犮
䣯	⿰酉且
䣰	⿰酉巨
䣱	⿰酉句
䣲	⿰酉弁
䣳	⿰酉司
䣴	⿰酉兇
䣵	⿰酉耳
䣶	⿰酉舌
䣷	⿰酉朱
䣸	⿱任酉
䣹	⿰酉伐
䣺	⿰酉肙
䣻	⿰酉含
䣼	⿰酉京
䣽	⿱知酉
䣾	⿰酉宜
䣿	⿰酉盂
䤀	⿰酉若
䤁	⿰酉甚
䤂	⿰酉某
䤃	⿰酉音
䤄	⿰酉面
䤅	⿰酉俞
䤆	⿰酉癸
䤇	⿰酉⿳穴𠆢又
䤈	⿰酉㿽
䤉	⿰酉𥁑
䤊	⿰酉茸
䤋	⿰酋或
䤌	⿰酉倉
䤍	⿰酉㒼
䤎	⿰酉矞
䤏	⿰酉𩇮
䤐	⿰酉朁
䤑	⿰酉黄
䤒	⿰酉幾
䤓	⿰酉蒙
䤔	⿱漸酉
䤕	⿰酉樂
䤖	⿰酉暴
䤗	⿱𥪴酉
䤘	⿰酉韱
䤙	⿰酉蠡
䤚	⿰月里
䤛	⿰釒丩
䤜	⿰釒⿻⿱㇒一乚
䤝	⿰釒卬
䤞	⿰釒尤
䤟	⿰釒冗
䤠	⿰釒止
䤡	⿰釒冉
䤢	⿰釒另
䤣	⿰釒乎
䤤	⿰釒亥
䤥	⿰釒危
䤦	⿰釒伐
䤧	⿰釒回
䤨	⿰釒𠂢
䤩	⿰釒宅
䤪	⿰釒朵
䤫	⿰釒岑
䤬	⿰釒沙
䤭	⿰釒希
䤮	⿰釒步
䤯	⿰釒形
䤰	⿱坎金
䤱	⿰釒𡵱
䤲	⿰釒赤
䤳	⿰釒夜
䤴	⿰釒函
䤵	⿰釒非
䤶	⿰釒奄
䤷	⿰釒匽
䤸	⿰釒彖
䤹	⿰釒叜
䤺	⿰釒斫
䤻	⿰釒⿱左⺝
䤼	⿰釒泉
䤽	⿰釒眔
䤾	⿰釒舀
䤿	⿰釒挈
䥀	⿰釒蚩
䥁	⿰釒圅
䥂	⿰釒冡
䥃	⿰釒隺
䥄	⿰釒厝
䥅	⿱⿻十玨金
䥆	⿳亠非金
䥇	⿰釒扇
䥈	⿰釒莽
䥉	⿰釒寃
䥊	⿰釒責
䥋	⿰釒烹
䥌	⿳宀昍金
䥍	⿱執金
䥎	⿰釒脣
䥏	⿰釒御
䥐	⿱務金
䥑	⿰釒麥
䥒	⿱强金
䥓	⿰釒基
䥔	⿰釒粟
䥕	⿰釒敝
䥖	⿰釒奠
䥗	⿰釒款
䥘	⿰釒㫺
䥙	⿰釒隊
䥚	⿵𠘨𲇖
䥛	⿰釒絜
䥜	⿰釒閑
䥝	⿰釒麀
䥞	⿰釒敫
䥟	⿰釒揭
䥠	⿰釒葴
䥡	⿰釒牒
䥢	⿱鼓金
䥣	⿱毁金
䥤	⿰釒雹
䥥	⿰釒亷
䥦	⿰釒遀
䥧	⿰釒𥈠
䥨	⿰釒閭
䥩	⿰釒微
䥪	⿰釒㬎
䥫	⿰釒截
䥬	⿰釒蒪
䥭	⿱⿰求求金
䥮	⿰釒⿱覀⿰臣卩
䥯	⿰釒罷
䥰	⿰釒蝱
䥱	⿰釒寫
䥲	⿰釒歐
䥳	⿰釒憂
䥴	⿰釒嶲
䥵	⿰釒曉
䥶	⿰釒歷
䥷	⿰釒㔍
䥸	⿱彌金
䥹	⿰釒齧
䥺	⿰钅牙
䥻	⿰钅无
䥼	⿰钅勿
䥽	⿰钅发
䥾	⿰钅写
䥿	⿰钅⿸𠂆万
䦀	⿰钅羽
䦁	⿰钅邦
䦂	⿰钅扇
䦃	⿰钅著
䦄	⿰钅⿱？𧘇
䦅	⿰钅善
䦆	⿰钅矍
䦇	⿰镸⿱八㇉
䦈	⿰镸左
䦉	⿰镸四
䦊	⿰镸尗
䦋	⿰镸敖
䦌	⿵門土
䦍	⿵門乞
䦎	⿵門元
䦏	⿵門介
䦐	⿵門手
䦑	⿵門夬
䦒	⿵門石
䦓	⿵門占
䦔	⿵門旦
䦕	⿵門并
䦖	⿵門吉
䦗	⿵門血
䦘	⿵門艮
䦙	⿵門寺
䦚	⿵門舌
䦛	⿵門争
䦜	⿵門吾
䦝	⿵門赤
䦞	⿵門汪
䦟	⿵門坐
䦠	⿵門豖
䦡	⿵門官
䦢	⿵門法
䦣	⿵門咅
䦤	⿵門叕
䦥	⿵門林
䦦	⿵門金
䦧	⿵門兒
䦨	⿵門東
䦩	⿵門𡕥
䦪	⿵門曷
䦫	⿵門英
䦬	⿵門契
䦭	⿵門香
䦮	⿵門春
䦯	⿵門致
䦱	⿵門爲
䦲	⿵門詹
䦳	⿵門鄉
䦴	⿵門睪
䦵	⿵門爾
䦶	⿵门争
䦷	⿵门坐
䦸	⿵门禺
䦹	⿰阝十
䦺	⿰阝丁
䦻	⿰阝子
䦼	⿰阝夬
䦽	⿰阝予
䦾	⿰𠂤允
䦿	⿰阝中
䧀	⿰阝厷
䧁	⿰阝句
䧂	⿰阝召
䧃	⿰阝田
䧄	⿰阝各
䧅	⿰阝夷
䧆	⿰阝共
䧇	⿰阝衣
䧈	⿰阝覀
䧉	⿰阝里
䧊	⿰阝告
䧋	⿰阝見
䧌	⿰阝妥
䧍	⿰阝谷
䧎	⿰阝肙
䧏	⿰阝夆
䧐	⿰阝享
䧑	⿰阝定
䧒	⿰阝來
䧓	⿰阝周
䧔	⿰阝念
䧕	⿰阝或
䧖	⿰阝戔
䧗	⿰阝复
䧘	⿰阝彖
䧙	⿰阝⿱山𠇍
䧚	⿰阝高
䧛	⿰阝旁
䧜	⿰阝唐
䧝	⿰阝蚩
䧞	⿰阝馬
䧟	⿰阝舀
䧠	⿰阝專
䧡	⿰阝庸
䧢	⿰阝區
䧣	⿰阝票
䧤	⿰阝菐
䧥	⿰阝惠
䧦	⿰阝爲
䧨	⿰阝業
䧩	⿰阝敢
䧪	⿰阝⿸广⿱夾女
䧫	⿰阝豪
䧬	⿰阝賓
䧭	⿰阝⿳㇒𱕻心
䧮	⿰阝憲
䧯	⿰阝毚
䧰	⿰阝鯀
䧱	⿰九隹
䧲	⿰干隹
䧳	⿰止隹
䧴	⿰支隹
䧵	⿰冘隹
䧶	⿱隹六
䧷	⿰冬隹
䧸	⿰古隹
䧹	⿸广倠
䧻	⿰合隹
䧼	⿰告隹
䧽	⿰釆隹
䧾	⿰舍隹
䧿	⿰昔隹
䨀	⿰籴隹
䨁	⿱敄隹
䨂	⿱秋隹
䨃	⿰晏隹
䨅	⿰尞隹
䨆	⿱敝隹
䨇	⿰隻隻
䨈	⿰賓隹
䨉	⿰嬰隹
䨊	⿱雥𣶒
䨋	⿱雨乇
䨌	⿱雨元
䨍	⿱雨井
䨎	⿱雨弘
䨏	⿱雨次
䨐	⿱雨合
䨑	⿱雨夷
䨒	⿱雨羽
䨓	⿱雨回
䨔	⿱雨光
䨕	⿱雨汙
䨖	⿱雨有
䨗	⿱雨孚
䨘	⿱雨見
䨙	⿱雨𭯺
䨚	⿱雨忽
䨛	⿱雨析
䨜	⿱雨朋
䨝	⿱雨青
䨞	⿱雨禹
䨟	⿱雨洼
䨠	⿱雨曷
䨡	⿱雨函
䨢	⿱雨甚
䨣	⿱雨革
䨤	⿱雨迪
䨥	⿱雨隻
䨦	⿱雨旁
䨧	⿱雨竛
䨨	⿱雨追
䨪	⿱雨埋
䨫	⿱雨麥
䨬	⿱雨淋
䨭	⿰雲肖
䨮	⿱雨彗
䨯	⿱雨陳
䨰	⿱雨㴖
䨱	⿱雨復
䨲	⿰需兔
䨳	⿱雨覞
䨴	⿱雨對
䨵	⿱雨潭
䨶	⿱雨⿱厶鼎
䨷	⿱雨𢿨
䨸	⿱雨隱
䨹	⿱雨儵
䨺	⿱雲⿰雲雲
䨻	⿱⿰雷雷⿰雷雷
䨼	⿰青蒦
䨽	⿱非己
䨾	⿸广非
䨿	⿱天非
䩀	⿱非貝
䩁	⿱非毳
䩂	⿰面今
䩃	⿰面比
䩄	⿰面见
䩅	⿰面皮
䩆	⿰面乍
䩇	⿰面占
䩈	⿰面每
䩉	⿰面甫
䩊	⿰面宛
䩋	⿰面麻
䩌	⿰面焦
䩍	⿰面尞
䩎	⿰面僉
䩏	⿰面蔑
䩐	⿰革乞
䩑	⿰革弓
䩒	⿰革于
䩓	⿰革勾
䩔	⿰革殳
䩕	⿰革卬
䩖	⿰革少
䩗	⿰革月
䩘	⿰革𢆰
䩙	⿰革玄
䩚	⿰革氐
䩛	⿰革必
䩜	⿰革由
䩝	⿰革瓜
䩞	⿰革占
䩟	⿰革夷
䩠	⿰革廷
䩡	⿰革夾
䩢	⿰革折
䩣	⿰革余
䩤	⿰革見
䩥	⿰革延
䩦	⿱攸革
䩧	⿰革言
䩨	⿰革長
䩩	⿰革宛
䩪	⿰革官
䩫	⿰革兩
䩬	⿰革奉
䩭	⿰革奇
䩮	⿰革录
䩯	⿰革亟
䩰	⿰革咠
䩱	⿰革俞
䩲	⿰革度
䩳	⿰革叜
䩴	⿰革胡
䩵	⿰革軍
䩶	⿰革𧈪
䩷	⿰革旁
䩸	⿰革茸
䩹	⿰革鬲
䩺	⿰革翁
䩻	⿰革馬
䩼	⿰革逢
䩽	⿰革區
䩾	⿰革庶
䩿	⿰革賁
䪀	⿰革悹
䪁	⿰革菐
䪂	⿰革棘
䪃	⿰革敦
䪄	⿰革黃
䪅	⿰革蜀
䪆	⿰革豊
䪇	⿰革蒪
䪈	⿰革遣
䪉	⿰革巤
䪊	⿰革龍
䪋	⿰革遺
䪌	⿰革毚
䪍	⿰革闌
䪎	⿰革巂
䪏	⿰韋内
䪐	⿰韋必
䪑	⿰韋它
䪒	⿰韋主
䪓	⿰韋占
䪔	⿰韋甫
䪕	⿰韋匊
䪖	⿰韋复
䪗	⿰韋叚
䪘	⿰韋是
䪙	⿰韋尃
䪚	⿰韋𦐇
䪛	⿰韋番
䪜	⿰韋詹
䪝	⿰韋蒦
䪞	⿱天韭
䪟	⿰市⿱又韭
䪠	⿱⿰𠂔欠韭
䪡	⿱⿰𠂔次韭
䪢	⿰𠂔⿱次韭
䪣	⿰𪩲⿱次韭
䪤	⿰韭番
䪥	⿰⿳⿱⺊冖一貝⿱又韭
䪦	⿰音工
䪧	⿰音也
䪨	⿰音勺
䪩	⿰音今
䪪	⿱加音
䪫	⿰音巠
䪬	⿰音孛
䪭	⿰音音
䪮	⿰音芻
䪯	⿱𤇾音
䪰	⿰音意
䪱	⿰己頁
䪲	⿰兀頁
䪳	⿰尹頁
䪴	⿰冘頁
䪵	⿰牙頁
䪶	⿰且頁
䪷	⿰句頁
䪸	⿰民頁
䪹	⿰丕頁
䪺	⿰去頁
䪻	⿰弁頁
䪽	⿰号頁
䪾	⿰頁㐱
䪿	⿰囟頁
䫀	⿰？頁
䫁	⿰自頁
䫂	⿰多頁
䫃	⿰辰頁
䫄	⿰兑頁
䫅	⿰宋頁
䫆	⿰成頁
䫇	⿰⿱彡冄頁
䫈	⿰岑頁
䫉	⿰豸頁
䫊	⿰否頁
䫋	⿰委頁
䫌	⿰卑頁
䫍	⿰非頁
䫎	⿰叕頁
䫏	⿰其頁
䫐	⿰林頁
䫑	⿰奇頁
䫒	⿰昏頁
䫓	⿰咅頁
䫔	⿰契頁
䫕	⿰帝頁
䫖	⿰甚頁
䫗	⿰叚頁
䫘	⿰曷頁
䫙	⿰桒頁
䫚	⿰咼頁
䫛	⿰侯頁
䫜	⿰幽頁
䫝	⿰香頁
䫞	⿰羔頁
䫟	⿰員頁
䫠	⿰⿱彡否頁
䫡	⿰兼頁
䫢	⿰虒頁
䫣	⿰奚頁
䫤	⿰冥頁
䫥	⿺鬼頁
䫦	⿰盍頁
䫧	⿰皋頁
䫨	⿰敖頁
䫩	⿰參頁
䫪	⿰爽頁
䫫	⿰婁頁
䫬	⿰朁頁
䫭	⿰貴頁
䫮	⿰尋頁
䫯	⿰旑頁
䫰	⿰頁粦
䫱	⿰𦓔頁
䫲	⿰感頁
䫳	⿰蜀頁
䫴	⿰禁頁
䫵	⿰臱頁
䫶	⿰樊頁
䫷	⿰噩頁
䫸	⿺風刀
䫹	⿺風工
䫺	⿰厷風
䫻	⿺風日
䫼	⿺風夬
䫽	⿺風毛
䫾	⿺風必
䫿	⿺風召
䬀	⿺風幼
䬁	⿺風它
䬂	⿺風戉
䬃	⿺風立
䬄	⿺風戌
䬅	⿺風劦
䬆	⿺風利
䬇	⿰兑風
䬈	⿺風兑
䬉	⿺風赤
䬊	⿺風夾
䬋	⿺風夌
䬌	⿰虎風
䬍	⿺風忽
䬎	⿺風或
䬏	⿺風咅
䬐	⿺風委
䬑	⿺風胃
䬒	⿺風叜
䬓	⿺風音
䬔	⿺風俞
䬕	⿰風風
䬖	⿺風皇
䬗	⿰昜風
䬘	⿺風高
䬙	⿺風䍃
䬚	⿺風馬
䬛	⿺風畢
䬜	⿺風离
䬝	⿺風黄
䬞	⿺風壽
䬟	⿺風劉
䬠	⿱雨飛
䬡	⿱者飛
䬢	⿰𩙿刀
䬣	⿰飠乞
䬤	⿸尸食
䬥	⿱弋食
䬦	⿰飠殳
䬧	⿰飠元
䬨	⿰飠勼
䬩	⿱不食
䬪	⿰飠不
䬫	⿰飠氐
䬬	⿰飠央
䬭	⿱叨食
䬮	⿰飠以
䬯	⿰飠占
䬰	⿰飠召
䬱	⿰飠本
䬲	⿰飠句
䬳	⿰飠半
䬴	⿰飠末
䬵	⿰飠亥
䬶	⿰飠艮
䬷	⿰飠多
䬸	⿱⿰歹又食
䬹	⿰飠至
䬺	⿰飠羊
䬼	⿰飠肙
䬽	⿰飠兑
䬾	⿰飠弟
䬿	⿰飠尾
䭀	⿰飠迅
䭁	⿱折食
䭂	⿰飠邑
䭃	⿰飠念
䭄	⿰飠事
䭅	⿰飠固
䭆	⿱卧食
䭇	⿰飠⿹勹吉
䭈	⿰飠建
䭉	⿰飠⿱左⺝
䭊	⿰飠英
䭋	⿰飠保
䭌	⿱胡食
䭍	⿰飠⿱龶皿
䭎	⿰飠枼
䭏	⿰𩙿扁
䭐	⿰飠恙
䭑	⿰飠兼
䭒	⿰飠息
䭓	⿰飠豈
䭔	⿰飠追
䭕	⿱斬食
䭖	⿰飠庶
䭗	⿰飠竟
䭘	⿰飠景
䭙	⿰飠朁
䭚	⿰飠童
䭛	⿰飠敢
䭜	⿰𩙿尞
䭝	⿰飠會
䭞	⿰飠睪
䭟	⿰飠葉
䭠	⿰飠廉
䭡	⿰飠㥯
䭢	⿰飠寧
䭣	⿰飠齊
䭤	⿰飠遣
䭥	⿰飠養
䭦	⿰飠薄
䭧	⿰飠縻
䭨	⿰飠巂
䭩	⿰飠靡
䭪	⿰饣量
䭫	⿰旨首
䭬	⿰旨𩠐
䭭	⿰首頁
䭮	⿱髟首
䭯	⿰香出
䭰	⿰香奉
䭱	⿰香㡀
䭲	⿰香奇
䭳	⿱魏香
䭴	⿱馬十
䭵	⿰馬凡
䭶	⿰馬丌
䭷	⿰馬毛
䭸	⿰馬父
䭹	⿰馬卬
䭺	⿰馬亢
䭻	⿰馬分
䭼	⿰馬亓
䭽	⿰馬牛
䭾	⿰馬犬
䭿	⿰馬失
䮀	⿰馬包
䮁	⿰馬弁
䮂	⿰馬犮
䮃	⿰馬去
䮄	⿰馬玄
䮅	⿰馬戉
䮆	⿰馬㔻
䮇	⿰馬聿
䮈	⿰馬多
䮉	⿰馬⿱𠂉⿻𱍸㇒
䮊	⿰馬夷
䮋	⿰馬列
䮌	⿰馬休
䮍	⿱馬衣
䮎	⿰馬希
䮏	⿰馬吾
䮐	⿰馬冏
䮑	⿰馬寽
䮒	⿰馬甫
䮓	⿰馬卓
䮔	⿰馬垂
䮕	⿰馬叕
䮖	⿰馬昌
䮗	⿰馬岸
䮘	⿰馬兒
䮙	⿰馬或
䮚	⿰馬夌
䮛	⿰馬附
䮜	⿰馬枼
䮝	⿰馬軍
䮞	⿰馬春
䮟	⿰馬叜
䮠	⿰馬畐
䮡	⿰馬复
䮢	⿰馬臿
䮣	⿰馬桑
䮤	⿰馬隺
䮥	⿰馬鬲
䮦	⿰馬高
䮧	⿰𠦝⿱𠂉馬
䮨	⿰馬宰
䮩	⿰馬骨
䮪	⿰馬桀
䮫	⿰馬婁
䮬	⿰馬莫
䮭	⿰馬覓
䮮	⿰馬麥
䮯	⿰馬敖
䮰	⿰馬啇
䮱	⿰馬逐
䮲	⿰馬黃
䮳	⿰馬番
䮴	⿰馬登
䮵	⿰馬童
䮶	⿰馬集
䮷	⿰馬蜀
䮸	⿱𦥯馬
䮹	⿰馬歲
䮺	⿰馬齊
䮻	⿰馬壽
䮼	⿰馬㷠
䮽	⿰馬麃
䮾	⿰馬龍
䮿	⿰馬蹇
䯀	⿰馬聶
䯁	⿰馬羸
䯃	⿰马安
䯄	⿰马呙
䯅	⿰马聂
䯆	⿰骨乚
䯇	⿰骨力
䯈	⿰骨元
䯉	⿰骨欠
䯋	⿰骨犮
䯌	⿰骨尻
䯍	⿰骨令
䯎	⿰骨𫢉
䯏	⿰骨舌
䯐	⿰骨肉
䯑	⿰骨光
䯓	⿰骨圭
䯔	⿰骨宅
䯕	⿰骨廷
䯖	⿰骨良
䯗	⿰骨坒
䯘	⿰骨完
䯙	⿰骨甫
䯚	⿰骨⿱幺⺝
䯛	⿰骨宛
䯜	⿰骨易
䯝	⿰骨⿱左⺝
䯞	⿰骨咼
䯟	⿰骨㒸
䯠	⿰骨昷
䯡	⿰骨兼
䯢	⿸麻骨
䯣	⿰骨貴
䯤	⿰骨會
䯥	⿰骨㬎
䯦	⿰骨蔑
䯧	⿱⿳亠口冖冋
䯩	⿱高巴
䯪	⿰高頁
䯫	⿰景高
䯬	⿰𩫏單
䯭	⿱髟又
䯮	⿱髟乃
䯯	⿱髟少
䯰	⿱髟介
䯱	⿱髟不
䯲	⿱髟巴
䯳	⿱髟公
䯴	⿱髟殳
䯵	⿱髟卉
䯶	⿱髟且
䯷	⿱髟戎
䯸	⿱髟次
䯹	⿱髟𠬶
䯺	⿱髟𠯑
䯻	⿱髟告
䯼	⿱髟狄
䯽	⿱髟咅
䯾	⿱髟周
䯿	⿱髟卒
䰀	⿱髟委
䰁	⿱髟录
䰂	⿱髟采
䰃	⿱髟並
䰄	⿱髟思
䰅	⿱髟頁
䰆	⿱髟柔
䰇	⿱髟⿻者丶
䰈	⿱髟差
䰉	⿱髟般
䰊	⿱髟尃
䰋	⿱髟晏
䰌	⿱髟從
䰍	⿱髟桼
䰎	⿱髟貴
䰏	⿱髟截
䰐	⿱髟監
䰑	⿱髟需
䰒	⿱髟蒙
䰓	⿱髟臱
䰔	⿱髟盤
䰕	⿱髟盧
䰖	⿱髟贊
䰘	⿵鬥翏
䰙	⿰鬲支
䰚	⿰鬲文
䰛	⿰鬲瓦
䰜	⿲弓鬲弓
䰝	⿰鬲曾
䰞	⿱⿲弓者弓鬲
䰟	⿱云鬼
䰡	⿺鬼失
䰢	⿺鬼行
䰣	⿺鬼网
䰤	⿰東鬼
䰥	⿱或鬼
䰦	⿺鬼卑
䰧	⿺鬼虎
䰨	⿺鬼眉
䰩	⿰者鬼
䰪	⿰脊鬼
䰫	⿺鬼堯
䰬	⿺鬼矞
䰭	⿰𦓔鬼
䰮	⿺鬼義
䰯	⿺鬼疑
䰰	⿰需鬼
䰱	⿰靈鬼
䰲	⿰魚乚
䰳	⿰魚丁
䰴	⿰魚乞
䰵	⿰魚子
䰶	⿰魚亡
䰷	⿰魚丰
䰸	⿰魚公
䰹	⿰魚戈
䰺	⿰魚斤
䰻	⿰魚攵
䰼	⿰魚今
䰽	⿰魚巿
䰾	⿰魚巴
䰿	⿰魚㐌
䱀	⿰魚央
䱁	⿰魚本
䱂	⿰魚幼
䱃	⿰魚失
䱄	⿰魚瓜
䱅	⿰魚末
䱆	⿰魚孕
䱇	⿰魚旦
䱈	⿰魚示
䱉	⿰魚且
䱊	⿰魚米
䱋	⿰魚共
䱌	⿰魚𦣞
䱍	⿰魚亙
䱎	⿰魚亘
䱏	⿰魚豆
䱐	⿰魚孚
䱑	⿰魚折
䱒	⿰魚邑
䱓	⿰魚廷
䱔	⿰魚攸
䱕	⿰魚每
䱖	⿰魚丣
䱗	⿱𣦼魚
䱘	⿱利魚
䱙	⿰魚叔
䱚	⿰魚录
䱛	⿰魚或
䱜	⿰魚昔
䱝	⿰魚卑
䱞	⿰魚奈
䱟	⿰魚居
䱠	⿰魚戔
䱡	⿰魚匊
䱢	⿰魚争
䱣	⿰魚卒
䱤	⿰魚臽
䱥	⿱制魚
䱦	⿰魚隹
䱧	⿰魚卷
䱨	⿰魚刺
䱩	⿰魚罔
䱪	⿰魚表
䱫	⿱剌魚
䱬	⿰魚胥
䱭	⿰魚恆
䱮	⿰魚契
䱯	⿱敄魚
䱰	⿰魚重
䱱	⿰魚帝
䱲	⿰魚彖
䱳	⿰魚厘
䱴	⿰魚恒
䱵	⿰魚翁
䱶	⿰魚郞
䱷	⿰𫊣攵
䱸	⿰魚叟
䱹	⿰魚差
䱺	⿰魚豈
䱻	⿰魚骨
䱼	⿰魚展
䱽	⿰魚倉
䱾	⿰魚婁
䱿	⿰魚斬
䲀	⿱執魚
䲁	⿰魚尉
䲂	⿰魚旋
䲃	⿰魚巢
䲄	⿰魚敏
䲅	⿰魚規
䲆	⿰魚魚
䲇	⿰魚速
䲈	⿰魚麻
䲉	⿰魚斯
䲊	⿰魚隋
䲋	⿰魚替
䲌	⿰魚款
䲍	⿰舟鮝
䲎	⿰魚敢
䲏	⿰魚勞
䲐	⿰魚虜
䲑	⿰魚義
䲒	⿰魚解
䲓	⿰魚僉
䲔	⿰魚畺
䲕	⿰魚普
䲖	⿰魚壽
䲗	⿰魚銜
䲘	⿰魚管
䲙	⿰魚節
䲚	⿰魚賴
䲛	⿰魚瞢
䲜	⿰𩺰𩺰
䲝	⿰鱼仓
䲞	⿰鱼立
䲟	⿰鱼印
䲠	⿰鱼春
䲡	⿰鱼酋
䲢	⿰月鲞
䲣	⿰⿸虍鱼攵
䲤	⿰鱼酒
䲥	⿱九鳥
䲦	⿰鳥大
䲧	⿰土鳥
䲨	⿰工鳥
䲩	⿸尸鳥
䲪	⿰大鳥
䲫	⿺兀鳥
䲬	⿰鳥氏
䲭	⿰氏鳥
䲮	⿰元鳥
䲯	⿰及鳥
䲰	⿰云鳥
䲱	⿰鳥方
䲲	⿰公鳥
䲳	⿰亢鳥
䲴	⿰火鳥
䲵	⿱少鳥
䲶	⿱元鳥
䲷	⿱鳥木
䲸	⿰介鳥
䲹	⿰丕鳥
䲺	⿰甘鳥
䲻	⿰玄鳥
䲼	⿰生鳥
䲽	⿰石鳥
䲾	⿱巧鳥
䲿	⿰尼鳥
䳀	⿰鳥失
䳁	⿰鳥犮
䳂	⿰召鳥
䳃	⿱鳥夗
䳅	⿰鳥只
䳆	⿰白鳥
䳇	⿰母鳥
䳈	⿰鳥包
䳉	⿰冬鳥
䳊	⿰犮鳥
䳋	⿰虫鳥
䳌	⿰䏍鳥
䳍	⿰共鳥
䳎	⿰臼鳥
䳏	⿰圭鳥
䳐	⿱次鳥
䳒	⿹𢦏鳥
䳓	⿰老鳥
䳔	⿱臼鳥
䳕	⿰孚鳥
䳖	⿰鳥𦔮
䳗	⿱鳥我
䳘	⿰鳥我
䳙	⿰甹鳥
䳚	⿰旱鳥
䳛	⿰妟鳥
䳜	⿰余鳥
䳝	⿰咅鳥
䳞	⿰奉鳥
䳟	⿰明鳥
䳠	⿰垂鳥
䳡	⿰隹鳥
䳢	⿰其鳥
䳣	⿱㦲鳥
䳤	⿰㡀鳥
䳥	⿰岺鳥
䳦	⿰宣鳥
䳧	⿰鳥侯
䳨	⿰皇鳥
䳩	⿰要鳥
䳪	⿰耑鳥
䳫	⿰癸鳥
䳬	⿰革鳥
䳭	⿰即鳥
䳮	⿱脉鳥
䳯	⿰重鳥
䳰	⿰保鳥
䳱	⿱務鳥
䳲	⿱振鳥
䳳	⿰祟鳥
䳴	⿰眔鳥
䳵	⿰勑鳥
䳶	⿰鳥奚
䳷	⿱從鳥
䳸	⿸麻鳥
䳹	⿰鳥寇
䳺	⿰酓鳥
䳻	⿱斬鳥
䳼	⿰鳥區
䳽	⿰崔鳥
䳾	⿰登鳥
䳿	⿰然鳥
䴀	⿰童鳥
䴁	⿰寓鳥
䴂	⿰象鳥
䴃	⿰堯鳥
䴄	⿰舜鳥
䴅	⿰賁鳥
䴆	⿰菐鳥
䴈	⿰奥鳥
䴉	⿰睘鳥
䴊	⿰義鳥
䴋	⿰鳥睘
䴌	⿰鳥蒙
䴍	⿰賏鳥
䴎	⿱畾鳥
䴏	⿰燕鳥
䴐	⿰寶鳥
䴑	⿰疊鳥
䴒	⿰靈鳥
䴓	⿰帀鸟
䴔	⿰交鸟
䴕	⿱列鸟
䴖	⿰青鸟
䴗	⿰狊鸟
䴘	⿰虒鸟
䴙	⿰辟鸟
䴚	⿰鹵亢
䴛	⿰鹵肖
䴜	⿰鹵鬼
䴝	⿰鹵最
䴞	⿰鹵翟
䴟	⿸鹿丸
䴠	⿸鹿夭
䴡	⿸严⿱？比
䴢	⿸鹿木
䴣	⿰鹿乎
䴤	⿸鹿生
䴥	⿸鹿加
䴦	⿸鹿言
䴧	⿰鹿委
䴨	⿰鹿原
䴩	⿸鹿票
䴪	⿸鹿禄
䴫	⿰鹿零
䴬	⿰麥弋
䴭	⿰麥才
䴮	⿰麥山
䴯	⿰麥勿
䴰	⿰麥戈
䴱	⿰麥它
䴲	⿰麥末
䴳	⿰麥穴
䴴	⿰麥占
䴵	⿰麥并
䴶	⿰麥夆
䴷	⿰麥完
䴸	⿰麥孚
䴹	⿰麥果
䴺	⿰麥咅
䴻	⿱𥝢麥
䴼	⿰麥戔
䴽	⿰麥卑
䴾	⿰麥差
䴿	⿰麥冡
䵀	⿰麥𧴪
䵁	⿰麥將
䵂	⿰麥啇
䵃	⿰麥黄
䵄	⿰麥豊
䵅	⿱敖麥
䵆	⿰麥蒙
䵇	⿰麻攵
䵈	⿱後麻
䵉	⿸麻俞
䵊	⿰丹黄
䵋	⿰黄有
䵌	⿰黄夾
䵍	⿰黄享
䵎	⿰黄耑
䵏	⿰黄翏
䵐	⿰黄單
䵑	⿰黍刃
䵒	⿰黍日
䵓	⿰黍牛
䵔	⿰黍東
䵕	⿰黍居
䵖	⿱臤黍
䵗	⿰黍畐
䵘	⿰黍昜
䵙	⿰黍奓
䵚	⿰黍舀
䵛	⿰黍堅
䵜	⿰黍農
䵝	⿰黑乚
䵞	⿰黑刂
䵟	⿰黑干
䵠	⿰黑勺
䵡	⿱天黑
䵢	⿰黑未
䵣	⿰黑旦
䵤	⿱开黑
䵥	⿰黑色
䵦	⿰黑汙
䵧	⿹𢦏黑
䵨	⿰黑尨
䵩	⿱利黑
䵪	⿰黑昆
䵫	⿱宛黑
䵬	⿰黑沓
䵭	⿰黑者
䵮	⿰黑昜
䵯	⿰黑重
䵰	⿰黑𬀷
䵱	⿰黑喜
䵲	⿰黑喿
䵳	⿰黑會
䵴	⿰黑黽
䵵	⿱𮅕黑
䵶	⿰句黽
䵸	⿱秋黽
䵹	⿱𥎿黽
䵺	⿰土鼎
䵻	⿰鼎彗
䵼	⿱將鼎
䵽	⿱鼓去
䵾	⿱付鼓
䵿	⿱鼓占
䶀	⿱鼓合
䶁	⿱鼓沓
䶂	⿰鼠勺
䶃	⿰鼠今
䶄	⿰鼠平
䶅	⿰鼠各
䶆	⿰鼠隹
䶇	⿰鼠胄
䶈	⿰鼠尃
䶉	⿰鼠留
䶊	⿰鼻丑
䶋	⿰鼻及
䶌	⿰鼻包
䶍	⿰至鼻
䶎	⿰鼻合
䶏	⿰弟鼻
䶐	⿰鼻會
䶑	⿰⿱自畀𤴡
䶒	⿵齊女
䶓	⿰巾齊
䶔	⿰齒也
䶕	⿰齒巴
䶖	⿰齒今
䶗	⿰齒可
䶘	⿰齒立
䶙	⿰齒巨
䶚	⿰齒虫
䶛	⿱列齒
䶜	⿰齒告
䶝	⿰齒夾
䶞	⿰齒其
䶟	⿰齒臽
䶠	⿱咸齒
䶡	⿰齒則
䶢	⿰齒咸
䶣	⿰齒豈
䶤	⿰齒骨
䶥	⿰齒虘
䶦	⿰齒責
䶧	⿰齒堯
䶨	⿰齒僉
䶩	⿰齒齊
䶪	⿰齒截
䶫	⿰齒嚴
䶬	⿱⿰干干龍
䶭	⿺龙王
䶮	⿱龙天
䶯	⿰女龜
䶰	⿺龜毛
䶱	⿰冬龜
䶲	⿰冉龜
䶳	⿰龠亢
䶴	⿱炊龠
䶵	⿰龠虒
䶶	⿱上提
䶷	⿰口儿
䶸	⿰口么
䶹	⿻凵丿
䶺	⿰月內
䶻	⿰月冘
䶼	⿰月忩
䶽	⿰月㚇
䶾	⿰臾欠
䶿	⿰飠儿
𠀀	
𠀁	⿻一㇉
𠀂	⿱一乙
𠀃	⿱冂一
𠀄	⿱乛丄
𠀅	⿻丂丿
𠀆	
𠀇	⿴𠀃一
𠀈	
𠀉	
𠀊	⿸𠂇𰍨
𠀌	⿱⿰𠃍？一
𠀍	⿻𠃊卄
𠀎	⿱⿻𠄠⿰丨丨一
𠀏	⿱屯一
𠀐	⿱中一
𠀑	⿵⿻丆冂㇄
𠀒	⿱一兮
𠀓	⿱引一
𠀔	⿳一𠂈人
𠀕	⿴互丶
𠀖	⿱龷丶
𠀗	⿱龷㇒
𠀘	⿱兀兀
𠀙	⿰𰀃𰀃
𠀚	⿱𠫔⿲㇒丨丶
𠀛	⿱一𡗚
𠀜	⿳一⿻⿰丨丨八一
𠀝	⿱下上
𠀞	⿰⿱一𠁡⿱一𠁡
𠀟	⿻木⿱𠃍㇉
𠀠	⿴廿㐅
𠀡	⿱一先
𠀢	⿱一此
𠀣	⿷⿻丅几⿱七一
𠀤	⿱夶一
𠀥	⿳一旧一
𠀦	⿱一州
𠀧	⿺巴三
𠀨	⿰下及
𠀩	⿰⿱⿱一八丂丁
𠀪	⿱？丶
𠀫	⿱？㇒
𠀬	⿴㐁人
𠀭	⿱釆𠃌
𠀮	⿳一八龱
𠀯	⿱一囦
𠀰	⿱不少
𠀱	⿱不父
𠀲	⿰丁多
𠀳	⿱以下
𠀴	⿰出下
𠀵	⿰丁⿱𠀃勿
𠀶	⿺不失
𠀷	⿱𠮛𠕁
𠀸	⿱一⿰⿵冂夂乞
𠀹	⿳一八同
𠀺	⿱一⿻丨⿵𠘨⿱䒑八
𠀻	⿱元电
𠀼	⿱𦣻乂
𠀽	⿰𪩲犮
𠀾	⿱不会
𠀿	⿱下吹
𠁀	⿱世代
𠁁	⿻⿰匚？？
𠁂	⿰者丁
𠁃	⿱不束
𠁄	⿰侖下
𠁅	⿸？匆
𠁆	⿱不直
𠁇	⿰不宜
𠁈	⿱丅⿵𠘨⿱平口
𠁉	⿱一凰
𠁊	⿻夫𠈌
𠁋	⿱不東
𠁌	⿱不耶
𠁍	⿱不美
𠁎	⿱連下
𠁏	⿱𠮛⿱冖亞
𠁐	⿱𠮛⿵冂亞
𠁑	⿰帶下
𠁒	⿱不真
𠁓	⿱不欲
𠁔	⿰並甹
𠁕	⿱⿱𰀉冖亞
𠁖	⿱丽⿸厂串
𠁗	⿱⿻十皕大
𠁘	⿱一⿵⿻𠘨⿻⿴囗丷土灬
𠁙	⿱不詐
𠁚	⿰下會
𠁛	⿱不道
𠁜	⿰並勇
𠁝	⿰並咸
𠁞	⿱不會
𠁟	⿰並兼
𠁠	⿰⿱且且⿱且且
𠁡	⿰丨𠃍
𠁢	⿰丨㇅
𠁣	⿰丨𫜹
𠁤	⿻儿口
𠁥	⿱⿰入人丨
𠁦	⿸中𠄠
𠁧	
𠁨	⿰习中
𠁩	⿽𠁦𠄠
𠁪	⿰壬中
𠁫	⿰丩休
𠁬	⿱卝⿲𠃍丨？
𠁭	⿱个⿰个个
𠁮	⿱⿲人人人⿻⿱一㇉丨
𠁯	⿰中台
𠁰	⿻⿱𠄟⿰𫜹𰀄丨
𠁱	⿻⿻⿱𠮛𠄟丨⿰㇇？
𠁲	⿰⿰丨⿳？？？井
𠁳	⿻山⿰丰丰
𠁴	⿻中㸚
𠁵	⿰中𭁈
𠁶	⿰中⿳匕且夊
𠁷	⿰串串
𠁸	⿰串卒
𠁹	⿰中與
𠁺	⿰串達
𠁻	⿰串磊
𠁼	⿱丶⿰丶丶
𠁽	⿻㇈⿰丿丶
𠁾	
𠁿	⿴𠙵丶
𠂀	
𠂁	⿴⿲丿二丨丶
𠂂	
𠂃	⿰求丸
𠂄	⿰丹曷
𠂅	⿱雍⿻九丶
𠂆	⿱㇒丿
𠂇	⿻一丿
𠂈	⿰𠄌丿
𠂊	⿰丿㇇
𠂋	⿸𠂆一
𠂌	⿱㇒⿻一亅
𠂍	⿱㇒⿻𠄎丿
𠂎	⿰？丿
𠂏	⿵乃⿱一𠃌
𠂐	⿻乃⺀
𠂑	⿴𠂎丶
𠂒	⿰㇒土
𠂓	⿱㇒么
𠂔	⿹⿻⿱㇒㇉丨㇒
𠂕	⿱㇒夫
𠂖	⿻丯一
𠂗	⿲丿夕㇂
𠂘	⿸𠂆𭅲
𠂙	⿹⿻㇒𰀁㇒
𠂚	⿱夭㇒
𠂛	⿱㇒止
𠂜	⿱㇒⿱⿰一丨𠃎
𠂝	⿱㇒中
𠂞	⿳㇒八丂
𠂟	⿻⿻⿱㇒一丿丷
𠂠	⿻⿱乊一𠃑
𠂡	⿵𠘨𰀁
𠂣	⿻⿸𠂆𫜹㇉
𠂥	⿱㇒𠕁
𠂦	⿲丿𠦀丨
𠂧	⿺⿱㇒儿𠫔
𠂨	⿱㇒⿻⺆卄
𠂩	⿰？？
𠂪	⿰乃卞
𠂫	⿰卞乃
𠂬	⿸𠂆巴
𠂭	⿻㐅⿳丶⿰丶丶丶
𠂮	⿸𠂆⿷⿱丅𠃊㇈
𠂯	⿱㇒⿻卄𰀁
𠂰	⿸𠂆⿻⿳一𠃌冂丨
𠂱	⿱此乃
𠂲	⿱㇒来
𠂳	⿱凶𢆯
𠂴	⿰丰⿻冂䒑
𠂵	⿲丿⿱土𰀁丨
𠂶	⿹？⿰一㇒
𠂷	⿱夭𢆉
𠂸	⿱㇒⿵𠘨⿱土廾
𠂹	⿻⿱㇒丨𠈌
𠂺	⿱囟廿
𠂻	⿱⿻千口𧘇
𠂼	⿰⿰⿱匚匚丿⿰丨⿱？？
𠂽	⿳甶一？
𠂾	⿰𠂤不
𠂿	⿻𠂌𠈌
𠃀	⿱𠂹𠃌
𠃁	⿱甶⿱㇒𧘇
𠃂	⿰𠂤丕
𠃃	⿰卮甫
𠃄	⿰𠂢𠂢
𠃅	⿸厂買
𠃆	⿰𠂤釆
𠃇	⿻千皕
𠃈	⿰？⿳屮兀⿰⿱屮兀⿱屮兀
𠃉	
𠃊	
𠃋	
𠃌	
𠃍	
𠃎	
𠃏	⿰𠄌乚
𠃐	⿰乙乙
𠃑	
𠃒	⿻𠃊十
𠃓	⿹𠄎⿰丿丿
𠃔	⿰𠂈乚
𠃕	⿲丿𠂈乚
𠃖	⿰工乚
𠃗	⿱于乙
𠃘	⿸𠂋乙
𠃙	⿱九九
𠃚	⿻己𠃌
𠃛	⿰𰀄亅
𠃜	⿻尸丨
𠃝	⿺乙小
𠃞	⿰⿱一巛乚
𠃟	⿱廿乚
𠃠	⿻⺕⿱丶丶
𠃡	⿰⿱乙丬乚
𠃢	
𠃣	⿺乙少
𠃤	⿱？𫶧
𠃥	⿹⺄未
𠃦	⿰由乚
𠃧	⿱飞飞
𠃨	⿹⺄⿻丿⿱凵凵
𠃩	⿺九㐱
𠃪	⿰曲乚
𠃫	⿱⿻𣄼丨𠃌
𠃬	⿻己⿱？匚
𠃭	⿰⿱爫口乚
𠃮	⿺乙尿
𠃯	⿰秀乙
𠃰	⿱⿰𠂈乀用
𠃱	⿰孛乚
𠃲	⿰隹乚
𠃳	⿺九吕
𠃴	⿰育乚
𠃵	⿰卓乚
𠃶	⿰受乚
𠃷	⿰季乙
𠃸	⿰壴乚
𠃹	⿰⿱爫古乚
𠃺	⿺乙首
𠃻	⿳次⿳一一一乙
𠃼	⿱𠂺乚
𠃽	⿰翁乚
𠃾	⿻⿵冂㸚乚
𠃿	⿰⿱爫守乚
𠄀	⿺乳于
𠄁	⿺九酋
𠄂	⿰⿳爫幺灬乚
𠄃	⿰⿱杳丂乞
𠄄	⿰⿳水日丂乞
𠄅	⿰業乚
𠄆	⿱九⿲百十斤
𠄇	⿺乳各
𠄈	⿰粦⿱乙乙
𠄉	⿺乳重
𠄊	⿰⿳⿻十昍日丂乞
𠄋	⿰⿳⿻工昍日丂乞
𠄌	
𠄍	⿰𠄌亅
𠄎	
𠄏	⿿了
𠄐	⿱乛亅
𠄑	⿰𠄌⿺乚亅
𠄒	⿱㇒才
𠄓	⿻⿲丿𠄌丨乀
𠄔	⿿予
𠄕	⿱了𰁒
𠄖	⿰令丁
𠄗	⿵⺆⿱土了
𠄘	⿻氶二
𠄙	⿱一⿻⿱口⺕亅
𠄚	⿰⿱釆丂丁
𠄛	⿰予⿱⿵𰃦𰀪巾
𠄜	⿰事余
𠄝	⿰予𤊱
𠄞	⿱一一
𠄟	⿱一一
𠄠	⿱一一
𠄡	⿳一㐅一
𠄢	⿳一囘一
𠄣	⿱⿵⿸丅𠃍𰀪一
𠄤	⿱屯二
𠄥	⿰亐亐
𠄦	⿱二及
𠄧	⿺巴二
𠄨	⿳一外一
𠄩	⿰台二
𠄪	⿱氶二
𠄫	⿱龷介
𠄬	⿱朿二
𠄭	⿳一舟一
𠄮	⿱𫠩一
𠄯	⿰亏本
𠄰	⿱二𡇂
𠄱	⿱二⿰丨臣
𠄲	⿱五⿻日乚
𠄳	⿱二劫
𠄴	⿰云弗
𠄵	⿳一昍一
𠄶	⿱任五
𠄷	⿱？⿵⺆一
𠄸	⿱⿻丂吅一
𠄹	⿳一敂一
𠄺	⿰井見
𠄻	⿱五林
𠄼	⿰南五
𠄽	⿱二排
𠄾	⿱二區
𠄿	⿱二圍
𠅀	⿱執云
𠅁	⿱亠𠃎
𠅂	⿱亠⿹⺄⿻丨㇒
𠅃	⿱亠从
𠅄	⿱亠⿰刀卜
𠅅	⿱亠木
𠅆	⿱亠⿰𠂈？
𠅇	⿱䒑亡
𠅈	⿱亠丙
𠅉	⿳亠凵䒑
𠅊	⿱亠⿻中一
𠅋	⿱玄十
𠅌	⿳亠口大
𠅍	⿰末亡
𠅎	⿰亡失
𠅏	⿳亠口𡰣
𠅐	⿰失亡
𠅑	⿳亠⿹𰆊㇒大
𠅒	⿰亡末
𠅓	⿱亠⿴囗仌
𠅔	⿱亠邑
𠅕	⿱交？
𠅖	⿳亠吕十
𠅗	⿰丁夜
𠅘	⿱⿳亠⿴⿰丨丨𠄠冖丁
𠅙	⿱⿳亠⿴⿰丨丨𠄠冖几
𠅚	⿱亠使
𠅛	⿱亠𠂳
𠅜	⿱亠例
𠅝	⿱⿳亠口冖子
𠅞	⿳亠舛几
𠅟	⿳亠𠦜几
𠅠	⿱亠⿳吕凵亅
𠅡	⿸𡱀尸
𠅢	⿱⿳亠⿴⿰丨丨𠄠冖乇
𠅣	⿺亢夋
𠅤	⿱亠思
𠅥	⿱亠胃
𠅦	⿱亠勉
𠅧	⿱亠⿱吅大
𠅨	⿱亠⿺先攵
𠅩	⿰亯丸
𠅪	⿱亠⿲𤣩几王
𠅫	⿳亠㸚几
𠅬	⿱亠⿺先攴
𠅭	⿳亠⿴北口几
𠅮	⿰京元
𠅯	⿰亦亦
𠅰	⿱亠⿲土矢匕
𠅱	⿰勾夜
𠅲	⿱亠𡘩
𠅳	⿰亡員
𠅴	⿳亠⿰？⿻⿻㇈丿丶土
𠅵	⿱亠將
𠅶	⿰𠅘丸
𠅷	⿳亠吕⿱口十
𠅸	⿱⿳亠口冖老
𠅹	⿰亭𢆰
𠅺	⿳亠⿺𠃊⿴囗乆木
𠅻	⿱亡涓
𠅼	⿱亡秩
𠅽	⿰⿱亡几京
𠅾	⿱六𬺞
𠅿	⿳⿳亠口冖二目
𠆀	⿳⿳亠口冖𠮛十
𠆁	⿱亩㼌
𠆂	⿳亠口⿰⿱𠆢个⿱𠆢个
𠆃	⿱京⿱冖兄
𠆄	⿱六𮙸
𠆅	⿱亠𭫄
𠆆	⿳亠吕⿱卝干
𠆇	⿱亠奥
𠆈	⿱？⿵冂女
𠆉	⿳亠厶？
𠆊	⿱⿳亠口冖亞
𠆋	⿳亠⿻丫癶合
𠆌	⿱亯㒶
𠆍	⿱亠䐜
𠆎	⿳亠圍又
𠆏	⿳⿱亠口一⿱⿰个个⿰个个
𠆐	⿳亠䀠灬
𠆑	⿱亠⿳⿻甲吅一八
𠆒	⿱⿳亠口冖音
𠆓	⿰享夜
𠆔	⿰享兒
𠆕	⿰幷夜
𠆖	⿳亠⿰方氏合
𠆗	⿱？合
𠆘	⿱⿳亠丷冖⿳㕣一𧘇
𠆙	⿰亭夜
𠆚	⿳亠䀠死
𠆛	⿱亠暺
𠆜	⿱？妻
𠆝	⿳⿱亠䀠⿱八𠆢戊
𠆞	⿰享亶
𠆟	⿳亠𦥯⿱彐𧰨
𠆠	⿳亠⿱⿴𦥑同冖⿱𦣻灬
𠆡	⿱𣡥灬
𠆣	⿱一人
𠆤	⿱𠆢亅
𠆥	⿻人㇒
𠆦	⿺𠃊亼
𠆧	⿰亻人
𠆨	⿰亻了
𠆩	⿰亻凡
𠆪	⿱𠆢⿰丨𠤎
𠆫	⿰亻才
𠆬	⿰亻亐
𠆭	⿱⿵𠆢二？
𠆮	⿰亻⿱一力
𠆯	⿰亻川
𠆰	⿰亻⿵𠘨丨
𠆱	⿰亻⿽十丶
𠆲	⿰亻广
𠆳	⿱𠆢上
𠆴	⿱市人
𠆵	⿰亻兮
𠆶	⿰亻冘
𠆷	⿺九介
𠆸	⿰亻攴
𠆹	⿱𠆢⿺乚彡
𠆺	⿰亻𢆯
𠆻	⿰亻开
𠆼	⿰亻⿱亠了
𠆽	⿰亻厷
𠆾	⿰亻六
𠆿	⿰亻乌
𠇀	⿱今又
𠇁	⿰亻引
𠇂	⿰亻⿴囗丶
𠇃	⿱𠆢化
𠇄	⿱𠆢天
𠇅	⿰亻⿱一囗
𠇆	⿰亻帀
𠇇	⿰亻？
𠇈	⿰亻止
𠇉	⿲亻丨久
𠇊	⿰亻⿻𱍸㇒
𠇋	⿱𠆢开
𠇌	⿰云人
𠇍	⿱𠆢⺗
𠇎	⿱𠆢卝
𠇏	⿱𠆢今
𠇐	⿰亻与
𠇑	⿰亻父
𠇒	⿰亻⿱入入
𠇓	⿰亻⿱㇒幺
𠇔	⿰亻毛
𠇕	⿰亻巴
𠇖	⿰亻乏
𠇗	⿰亻瓜
𠇘	⿰亻戉
𠇙	⿰亻⿱二口
𠇚	⿱𠆢甲
𠇛	⿰亻⿱？巾
𠇜	⿳𠆢厶也
𠇝	⿰亻𠮡
𠇞	⿰亻⿺支丶
𠇟	⿰亻永
𠇠	⿺未人
𠇡	⿰亻⿱？小
𠇢	⿰亻⿱一匁
𠇣	⿰亻示
𠇤	⿰亻玉
𠇥	⿲亻丨文
𠇦	⿰亻冉
𠇧	⿰介久
𠇨	⿱𠆢𫢉
𠇩	⿰亻卯
𠇪	⿰亻⿱𠂉𰀁
𠇫	⿰亻⿱𠆢𰀁
𠇬	⿳一⿺丄⿰㇒㇒人
𠇭	⿱⿵𠆢一中
𠇮	⿱𠆢丙
𠇯	⿱𠆢丘
𠇰	⿱𠆢市
𠇱	⿰亻末
𠇲	⿰亻术
𠇳	⿰亻⿱大几
𠇴	⿰亻夯
𠇵	⿰亻⿱𡭔几
𠇶	⿰亻冋
𠇷	⿰亻生
𠇸	⿰亻⿱六一
𠇹	⿰亻𢀖
𠇺	⿰亻甲
𠇻	⿰亻罒
𠇼	⿰亻乎
𠇽	⿰亻匝
𠇾	⿰亻𣎶
𠇿	⿱丱人
𠈀	⿰亻⿹𠃌分
𠈁	⿰亻⿸𠂋匕
𠈂	⿱八台
𠈃	⿰亻𣎼
𠈄	⿰亻臣
𠈅	⿰亻收
𠈆	⿰亻𠂤
𠈇	⿰亻㐁
𠈈	⿰亻囟
𠈉	⿰亻𠮰
𠈊	⿰亻𠂬
𠈋	⿰亻戎
𠈌	⿱从从
𠈍	⿰亻⿱夂女
𠈎	⿰亻𡖈
𠈏	⿱合人
𠈐	⿰亻曳
𠈑	⿱𠆢光
𠈒	⿱𠆢尗
𠈔	⿱𠆳䒑
𠈕	⿰亻⿱𠔿冂
𠈖	⿰亻𠔉
𠈗	⿰亻亘
𠈘	⿱𠆢圭
𠈙	⿰亻㦮
𠈚	⿰亻在
𠈛	⿱𠆢刖
𠈜	⿰亻色
𠈝	⿰亻⿱八互
𠈞	⿰亻舛
𠈟	⿰亻印
𠈠	⿰亻年
𠈡	⿰亻⿱𠘧帀
𠈢	⿱⿵𠆢一夗
𠈣	⿺先人
𠈤	⿰亻⿱𡭔女
𠈥	⿰亻冎
𠈦	⿰亻⿱山夊
𠈧	⿰亻⿱？又
𠈨	⿰亻⿱乍一
𠈩	⿰亻𭘑
𠈪	⿰亻关
𠈫	⿰亻⿻丷夫
𠈬	⿰亻𪢶
𠈭	⿰亻牢
𠈮	⿱𠆢足
𠈯	⿰亻⿱干𠬞
𠈰	⿰亻延
𠈱	⿰亻沙
𠈲	⿰亻𠯑
𠈳	⿰亻⿱彐火
𠈴	⿰亻⿱龴疋
𠈵	⿰亻尨
𠈶	⿰亻岌
𠈷	⿰亻𤰞
𠈸	⿰亻忒
𠈹	⿰亻㳊
𠈺	⿰亻坒
𠈻	⿰亻𧮫
𠈼	⿰亻⿱䒑𠬞
𠈽	⿰⿱⺈凥人
𠈾	⿱𠆢⿱卝干
𠈿	⿰亻⿱凹又
𠉀	⿲亻丨⿱？天
𠉁	⿱𠔿囚
𠉂	⿰亻达
𠉃	⿰亻些
𠉄	⿰亻辛
𠉅	⿰亻⿱⿻䒑人刀
𠉆	⿰亻庇
𠉇	⿰亻𬉸
𠉈	⿰亻⿱大月
𠉉	⿰亻杏
𠉊	⿰亻𥃭
𠉋	⿰亻芒
𠉌	⿰亻肙
𠉍	⿰亻困
𠉎	⿰亻𣱹
𠉏	⿰亻夆
𠉐	⿰亻含
𠉑	⿰亻秀
𠉒	⿱从⿻日乚
𠉓	⿱𠆢⿻土⿱丷丷
𠉔	⿰亻⿻干⿰𠂇十
𠉕	⿰亻叓
𠉖	⿰亻⿱口午
𠉗	⿰亻乱
𠉘	⿰亻⿱几必
𠉙	⿱⿵𠆢一⿻⿱一𠔼⿰丨丨
𠉚	⿰亻⿳八𠆢山
𠉛	⿰亻成
𠉜	⿰亻尾
𠉝	⿰亻𢪀
𠉞	⿱今尼
𠉟	⿰亻杄
𠉠	⿰亻豸
𠉡	⿰亻步
𠉢	⿰亻囦
𠉣	⿰亻昏
𠉤	⿰亻沓
𠉥	⿰亻𦙌
𠉦	⿰亻𠀬
𠉧	⿰亻取
𠉨	⿰佉刃
𠉩	⿰亻毒
𠉪	⿰亻𣏋
𠉫	⿰亻往
𠉬	⿰亻⿱吅厂
𠉭	⿱从⿻人从
𠉮	⿰亻劵
𠉯	⿰亻妻
𠉰	⿰亻㸒
𠉱	⿰亻房
𠉲	⿱合巴
𠉳	⿰亻⿰𦈢刂
𠉴	⿰亻雨
𠉵	⿰亻定
𠉶	⿰亻𢌿
𠉷	⿰亻𢇳
𠉸	⿰亻𦙟
𠉹	⿰亻承
𠉺	⿰亻⿱又而
𠉻	⿰亻𤆯
𠉼	⿱合化
𠉽	⿱⿵𠆢一⿰月巛
𠉾	⿰亻芩
𠉿	⿰仲攵
𠊀	⿰亻岸
𠊁	⿰亻芸
𠊂	⿰亻𡶣
𠊃	⿰亻䒥
𠊄	⿰亻金
𠊅	⿰亻⿱攵火
𠊆	⿰亻⿱𠆢西
𠊇	⿰亻⿱夕𠕁
𠊈	⿰亻命
𠊉	⿰会勿
𠊊	⿱⿵𠆢一皀
𠊋	⿳𠆢䒑⿻日乚
𠊌	⿱𠆢炎
𠊍	⿳⿵𠆢丷术一
𠊎	⿰亻厓
𠊏	⿰侁刂
𠊐	⿰亻匋
𠊑	⿰亻㕻
𠊒	⿰亻⿸广⿱匕夊
𠊓	⿰亻㫄
𠊔	⿰亻泣
𠊕	⿰亻⿱𫜹灭
𠊖	⿰亻𠛱
𠊗	⿰亻⿱田又
𠊘	⿰亻肩
𠊙	⿰亻宜
𠊚	⿰亻㝵
𠊛	⿰㝵人
𠊜	⿰亻妬
𠊝	⿱代台
𠊞	⿰亻忠
𠊟	⿰亻黾
𠊠	⿰亻芬
𠊡	⿰亻羌
𠊢	⿰亻𥤨
𠊣	⿰亻⿱丑丑
𠊤	⿰亻⿸虍人
𠊥	⿰亻沝
𠊦	⿰亻⿱巛𠂛
𠊧	⿰亻並
𠊨	⿰亻㢲
𠊩	⿰亻孨
𠊪	⿰亻壴
𠊫	⿰亻㝁
𠊬	⿰亻卻
𠊭	⿰亻咸
𠊮	⿰亻敄
𠊯	⿰亻⿳穴𠆢又
𠊰	⿰亻咼
𠊱	⿰亻矦
𠊲	⿰亻突
𠊳	⿰亻㪅
𠊴	⿰亻㡿
𠊵	⿰亻𭖚
𠊶	⿰亻⿱龹女
𠊷	⿰亻致
𠊸	⿰亻⿳𫜹冖火
𠊹	⿰亻𭾢
𠊺	⿱𠆢⿱立水
𠊻	⿰亻𤓽
𠊼	⿰亻𧟥
𠊽	⿰亻昬
𠊾	⿰亻癸
𠊿	⿰亻宣
𠋀	⿰亻勇
𠋁	⿰亻⿳⿵𠆢一𭕄𠕁
𠋂	⿰亻𫥎
𠋃	⿰亻𠃴
𠋄	⿰亻姜
𠋅	⿱𠆢扁
𠋆	⿰亻亲
𠋇	⿰亻𥸬
𠋈	⿰亻奕
𠋉	⿰亻飛
𠋊	⿰亻甭
𠋋	⿰亻⿱𭇁大
𠋌	⿰亻炭
𠋍	⿰亻𭥨
𠋎	⿰亻急
𠋏	⿰亻貟
𠋐	⿰亻⿱⿻⿱㇒丨⿴囗丷丂
𠋑	⿳⿵𠆢一目口
𠋒	⿱⿵𠆢一㕺
𠋓	⿱尒？
𠋔	⿱𠆢幽
𠋕	⿰亻⿱⿰工几木
𠋖	⿰亻柬
𠋗	⿰亻⿻工𢆶
𠋘	⿰亻威
𠋙	⿰亻㓨
𠋚	⿰亻𦚉
𠋛	⿲亻丨⿱攴⺝
𠋜	⿰亻⿱丷言
𠋝	⿰亻眇
𠋞	⿰亻虵
𠋟	⿰亻臾
𠋠	⿰亻爰
𠋡	⿰亻食
𠋢	⿰亻叜
𠋣	⿰亻竒
𠋤	⿰亻室
𠋥	⿰亻眉
𠋦	⿰亻某
𠋧	⿰亻恒
𠋨	⿰亻⿱吅兀
𠋩	⿰亻㚆
𠋪	⿰亻宦
𠋫	⿰亻侯
𠋬	⿰亻狊
𠋭	⿰亻⿱㐬口
𠋮	⿰亻⿱在内
𠋯	⿰亻舀
𠋰	⿰亻⿹𢦏⿻⿰丿亅八
𠋱	⿰亻屑
𠋲	⿰亻索
𠋳	⿰亻𤼩
𠋴	⿰亻剡
𠋵	⿰亻虔
𠋶	⿰亻冥
𠋷	⿰亻蚩
𠋸	⿰亻⿱⿰工口木
𠋹	⿰亻𠣬
𠋺	⿰亻蚤
𠋻	⿰亻畟
𠋼	⿰亻圄
𠋽	⿰亻⿱大廷
𠋾	⿰亻⿱王⿳龴乛小
𠋿	⿰亻𡋲
𠌀	⿰亻𤔍
𠌁	⿲亻𠯌丸
𠌂	⿱𠆢⿻㸚十
𠌃	⿰亻留
𠌄	⿰亻展
𠌅	⿰亻茤
𠌆	⿱全⿰⿰匚丿⿰丨？
𠌇	⿰亻郎
𠌈	⿳⿵𠆢一从𠕁
𠌉	⿱⿵𠆢土⿱䒑夫
𠌊	⿺來巴
𠌋	⿰俗⿻⿻㇈丿丶
𠌌	⿰亻⿳穴𠆢夕
𠌍	⿰亻⿱龹文
𠌎	⿰亻⿱米灬
𠌏	⿰亻⿳𭕄一舛
𠌐	⿰亻⿱覀⿱一⿰丿匕
𠌑	⿰⿳𠆢二口包
𠌒	⿰亻蚊
𠌓	⿱𠆢草
𠌔	⿰亻⿱白⿱大㔾
𠌕	⿱介𰁽
𠌖	⿰亻𣑦
𠌗	⿰亻𧴮
𠌘	⿰亻夏
𠌙	⿲亻丨革
𠌚	⿲亻丨⿱⿰㇒𡈼⿻⿵冂丨一
𠌛	⿰亻𡇢
𠌜	⿰亻⿱口言
𠌝	⿰亻𢼸
𠌞	⿰亻⿳㇒且友
𠌟	⿰亻⿱白皮
𠌠	⿰亻⿱爫至
𠌡	⿰亻送
𠌢	⿰亻𧮭
𠌣	⿰亻宭
𠌤	⿰亻⿱𠦅心
𠌥	⿰亻烏
𠌦	⿰亻納
𠌧	⿰亻拿
𠌨	⿰亻匪
𠌩	⿰亻𠙖
𠌪	⿲亻丨⿱夂目
𠌬	⿰亻犀
𠌭	⿰亻率
𠌮	⿰亻庶
𠌯	⿰亻离
𠌰	⿰亻既
𠌱	⿰亻奞
𠌲	⿰亻斬
𠌳	⿰亻𦙲
𠌴	⿰亻舂
𠌵	⿰亻鳥
𠌶	⿱𠂹亏
𠌷	⿰亻執
𠌸	⿰亻屛
𠌹	⿰亻𣥶
𠌺	⿳⿵𠆢一𠈌⿰丨丨
𠌻	⿰亻㷀
𠌼	⿰亻患
𠌽	⿰亻旉
𠌾	⿰亻莪
𠌿	⿰亻𢈻
𠍀	⿰亻涷
𠍁	⿰亻敏
𠍂	⿰亻𰠀
𠍃	⿰亻飢
𠍄	⿰亻𠁁
𠍅	⿰亻麥
𠍆	⿰亻莉
𠍇	⿰亻⿱𣦼木
𠍈	⿰亻⿱㲋二
𠍉	⿰亻牽
𠍊	⿰亻宿
𠍋	⿲亻？𧈧
𠍌	⿰亻⿱𫲽心
𠍍	⿰亻⿱䙲厶
𠍎	⿰亻貮
𠍏	⿰亻敕
𠍐	⿱令狐
𠍑	⿰亻⿳艹？夊
𠍒	⿰亻問
𠍓	⿰亻崙
𠍔	⿰亻⿱艹串
𠍕	⿰亻崑
𠍖	⿰亻釣
𠍗	⿱合臼
𠍘	⿱⿵𠆢一⿻𠈌十
𠍙	⿰亻⿱王呆
𠍚	⿰亻⿱百龱
𠍛	⿰亻⿱百⿵冂女
𠍜	⿱代直
𠍝	⿰亻⿳⺊⿹勹木土
𠍞	⿲亻丨⿱攴糸
𠍟	⿰侗弗
𠍠	⿰亻谻
𠍡	⿰亻𧙏
𠍢	⿰亻𭄶
𠍣	⿰亻排
𠍤	⿰亻荸
𠍥	⿰亻貶
𠍦	⿰亻䝨
𠍧	⿰亻𤝵
𠍨	⿰亻麻
𠍩	⿰亻⿱⿱丆且⿱八⿰丿丨
𠍪	⿰亻𤉄
𠍫	⿰亻欷
𠍬	⿰亻⿱旨甲
𠍭	⿲亻咅及
𠍮	⿰亻𡍮
𠍯	⿰亻敝
𠍰	⿰亻跱
𠍲	⿰亻渠
𠍳	⿱龷⿰⿱𠆢个⿱𠆢个
𠍴	⿰亻⿱𭑈心
𠍵	⿰亻羕
𠍶	⿰亻⿱⿻𣄼丨？
𠍷	⿰亻棘
𠍸	⿰亻衆
𠍹	⿰亻答
𠍺	⿳⿵𠆢一罒⿱厶龰
𠍻	⿰亻𠷎
𠍼	⿰亻壹
𠍽	⿰亻奢
𠍾	⿰亻⿷匸晏
𠍿	⿰亻貫
𠎀	⿰亻⿱⿰歺㐄木
𠎂	⿲亻𰥐尤
𠎃	⿱⿵𠆢一⿻𰀁𠈌
𠎄	⿰亻敦
𠎅	⿰亻尋
𠎆	⿰亻發
𠎇	⿰亻⿱⿰⿱丰口刀大
𠎈	⿰合爭
𠎉	⿰亻雲
𠎊	⿰亻森
𠎋	⿰亻雯
𠎌	⿰亻𮦉
𠎍	⿱合花
𠎎	⿰亻彭
𠎏	⿱合肿
𠎐	⿰亻菁
𠎑	⿰亻華
𠎒	⿰亻悶
𠎓	⿰亻閔
𠎔	⿰亻犇
𠎕	⿰亻⿳攵艹㐄
𠎖	⿰亻⿱⿰夕⿻？丨米
𠎗	⿰亻⿱？⿲丿又丨
𠎘	⿱⿵𠆢一⿻吅禸
𠎙	⿰來合
𠎚	⿳⿵𠆢一𥫗𠕁
𠎛	⿳⿵𠆢一㸚兀
𠎜	⿰𠚒令
𠎝	⿰亻⿱㚘心
𠎞	⿰亻期
𠎟	⿰值尤
𠎠	⿰亻景
𠎡	⿰亻⿴囗頁
𠎢	⿰亻⿱法心
𠎣	⿰亻⿱䙲山
𠎤	⿱⿵𠆢一𫪡
𠎥	⿰亻㫺
𠎦	⿰亻强
𠎧	⿰亻絜
𠎨	⿰亻給
𠎩	⿰亻悲
𠎪	⿰亻屡
𠎫	⿰亻朝
𠎬	⿰亻等
𠎭	⿰亻散
𠎮	⿰亻厥
𠎯	⿰亻湯
𠎰	⿰亻⿱⿹戈卅心
𠎱	⿰亻⿱兓心
𠎲	⿰亻萅
𠎳	⿱余余
𠎴	⿰亻𡲫
𠎵	⿰亻豙
𠎶	⿱⿰未成人
𠎷	⿰亻䪞
𠎸	⿰亻嗇
𠎹	⿰亻𢜤
𠎺	⿰亻嵬
𠎻	⿰亻遁
𠎼	⿰亻剽
𠎽	⿰亻煢
𠎾	⿰亻⿱𡨄巳
𠎿	⿰亻解
𠏀	⿰亻過
𠏁	⿰亻隗
𠏂	⿰亻⿱⿰𬺻𬺻土
𠏃	⿰亻蛾
𠏄	⿰亻聖
𠏅	⿰亻窟
𠏆	⿰亻葡
𠏇	⿳⿵𠆢一⿲幺丨幺田
𠏈	⿰亻⿱⿹勹䶹匋
𠏉	⿰𠦝余
𠏊	⿰亻⿸严⿻⿱？八⿰丨丨
𠏋	⿰亻愚
𠏌	⿰亻⿱𦍌見
𠏍	⿰亻遀
𠏎	⿱合哖
𠏏	⿰⿱廿⿻口土⿱𠫔人
𠏐	⿰亻肅
𠏑	⿰亻⿱旦⿰勿勿
𠏒	⿰亻⿳艹⿻⿱一冖⿲丨丨丨文
𠏓	⿰倉台
𠏔	⿰亻⿹戈⿱止疋
𠏕	⿰亻楆
𠏖	⿰亻㚠
𠏗	⿰亻𤊽
𠏘	⿰亻⿳口𫶧言
𠏙	⿰亻鼠
𠏚	⿰亻愈
𠏛	⿰亻⿸广⿱共方
𠏜	⿰亻𦎍
𠏝	⿰亻⿱㚘目
𠏞	⿰亻⿹⿽戈丅貝
𠏟	⿰亻稟
𠏠	⿰亻跬
𠏡	⿰亻零
𠏢	⿰亻亂
𠏣	⿰亻⿰魚卩
𠏤	⿰亻⿱夅貝
𠏥	⿰𫣅大
𠏦	⿰亻⿱勿亭
𠏧	⿰倉令
𠏨	⿰亻䆫
𠏩	⿲亻訔欠
𠏪	⿰亻⿱癶韭
𠏫	⿰亻⿱⿰臣子皿
𠏬	⿰亻䛣
𠏭	⿰亻聚
𠏮	⿰亻對
𠏯	⿰亻搴
𠏰	⿰亻廌
𠏱	⿰亻𧶐
𠏲	⿰亻署
𠏳	⿰重似
𠏴	⿰亻疐
𠏵	⿰亻鳳
𠏶	⿰亻寡
𠏷	⿰亻蜜
𠏸	⿱合⿰乎乎
𠏺	⿰亻匱
𠏻	⿰亻睿
𠏼	⿰亻嘉
𠏽	⿰亻⿳廿⿻口土灬
𠏾	⿰亻⿱臾艮
𠏿	⿰亻鼻
𠐀	⿰亻歋
𠐁	⿰亻蒙
𠐂	⿱𠆢⿰⿱𡖇巾⿱勹口
𠐃	⿲亻丨⿳夂羽心
𠐄	⿰亻⿳巛𠔿⿰叵又
𠐅	⿰亻𦖑
𠐆	⿰亻𡬽
𠐇	⿱來來
𠐈	⿰亻臱
𠐉	⿰亻節
𠐊	⿰亻豎
𠐋	⿰亻膠
𠐌	⿰亻罷
𠐍	⿰亻數
𠐎	⿰亻蔓
𠐏	⿰亻𡪺
𠐐	⿰亻蔡
𠐑	⿰亻𤴡
𠐒	⿰亻養
𠐓	⿰亻瑩
𠐔	⿰亻魯
𠐕	⿰亻鄰
𠐖	⿰僉及
𠐗	⿱合眼
𠐘	⿰亻劍
𠐙	⿱俞林
𠐚	⿰亻䴡
𠐛	⿰亻瞏
𠐜	⿰亻⿳亠共言
𠐝	⿰亻適
𠐞	⿰亻磊
𠐟	⿰亻寮
𠐠	⿰亻嘼
𠐡	⿰亻輩
𠐢	⿰亻翫
𠐣	⿰亻憨
𠐤	⿰亻褢
𠐥	⿰亻⿱𠶷心
𠐦	⿰亻褱
𠐧	⿰亻瞢
𠐨	⿰亻⿱品言
𠐩	⿰亻閻
𠐪	⿰亻⿳卝吅耳
𠐫	⿰亻⿳𥫗⿱？冖⿰工寸
𠐬	⿰亻頺
𠐭	⿰亻⿺⿱卝豕生
𠐮	⿰亻學
𠐯	⿰亻選
𠐰	⿱企⿰企企
𠐱	⿰⿱⿻十昍早人
𠐲	⿰亻𢨋
𠐳	⿰亻盧
𠐴	⿰亻縣
𠐵	⿰亻導
𠐶	⿰亻霍
𠐷	⿰亻⿱兟心
𠐸	⿰余堆
𠐹	⿰亻⿱畨皿
𠐺	⿰亻頻
𠐻	⿰亻蹇
𠐼	⿰亻臨
𠐽	⿰亻歸
𠐾	⿰亻䫏
𠐿	⿰亻薨
𠑀	⿰亻戴
𠑁	⿰亻歛
𠑂	⿱企⿻丨⿱八⿵冂㸚
𠑃	⿰亻⿱吉鳥
𠑄	⿰亻燮
𠑅	⿰亻䆸
𠑆	⿰亻⿵門臿
𠑇	⿰亻賸
𠑈	⿰亻濫
𠑉	⿰俗退
𠑋	⿰傘弄
𠑌	⿲亻丨遺
𠑍	⿰亻夒
𠑎	⿰亻𤐫
𠑏	⿰亻⿳艹⿻土从言
𠑐	⿰倉倉
𠑑	⿰亻𨶒
𠑒	⿰亻𩘚
𠑓	⿰亻𢣭
𠑔	⿰亻㬥
𠑕	⿱仰語
𠑖	⿱位嵬
𠑗	⿰亻⿱𦦉巳
𠑘	⿰亻顛
𠑙	⿰亻寵
𠑚	⿰亻⿳⿸⿹𦣻止巳八𧘇
𠑛	⿰亻⿱茍⿱冖⿰止攵
𠑜	⿰倉⿱米皿
𠑝	⿰余翟
𠑞	⿰亻⿺辶⿱臾艮
𠑟	⿰亻邊
𠑠	⿰亻韲
𠑡	⿰亻⿵門𪺏
𠑢	⿰亻藝
𠑣	⿰亻⿱興巳
𠑤	⿰亻𣍘
𠑥	⿰亻籌
𠑦	⿰亻孽
𠑧	⿰亻勸
𠑨	⿰亻闞
𠑩	⿰亻矍
𠑪	⿰亻囂
𠑫	⿰亻⿻⿱卝干誩
𠑬	⿰亻饒
𠑭	⿰亻轟
𠑮	⿱𠆢⿰⿱口𧾷⿱目豕
𠑯	⿰亻⿰⿱土韭頁
𠑰	⿱舍⿰舍舍
𠑱	⿱會景
𠑲	⿰僉僉
𠑳	⿳𠆢𦣦⿰正豕
𠑴	⿳合䖵清
𠑵	⿰亻⿳覀域哲
𠑶	⿳一𠃋儿
𠑷	⿱上儿
𠑸	⿱⿻⿱一𠃋乚儿
𠑹	⿲匚儿？
𠑺	⿱一⿱宀儿
𠑻	⿳？亠儿
𠑼	⿻⿰？？儿
𠑽	⿱亠兄
𠑾	⿱⺈⿸尸儿
𠑿	⿱？兀
𠒀	⿱⿻土丷儿
𠒁	⿸𡰤儿
𠒂	⿱⿰？？儿
𠒃	⿱⿻丄从儿
𠒄	⿰出兀
𠒅	⿱⿶凵⿰？匚儿
𠒆	⿱囟儿
𠒇	⿳㇒⿴囗丷儿
𠒈	⿱⿱十冖元
𠒉	⿺元丑
𠒊	⿱⿲厶丨厶兀
𠒋	⿱亠兇
𠒌	⿱艹圥
𠒍	⿸⿻臼丿乙
𠒎	⿹？儿
𠒏	⿱𡗗元
𠒐	⿺克万
𠒑	⿺先元
𠒒	⿺先引
𠒓	⿺元西
𠒔	⿰⿻尢凵⿻尢凵
𠒕	⿺允𠂢
𠒖	⿱𠦄元
𠒗	⿰光申
𠒘	⿺克⿻刀⺀
𠒙	⿺克斤
𠒚	⿺克斗
𠒛	⿰甲先
𠒜	⿺元皃
𠒝	⿺光丙
𠒞	⿱元⿻𦥑乚
𠒟	⿱⿲土句匕儿
𠒠	⿺克⿱口𠀁
𠒡	⿰光⿱𠆢斗
𠒢	⿺元兔
𠒣	⿺先行
𠒤	⿺羌尔
𠒥	⿰光床
𠒦	⿰光呂
𠒧	⿱棘儿
𠒨	⿺充京
𠒩	⿰充宜
𠒪	⿰光果
𠒫	⿰光明
𠒬	⿰光或
𠒭	⿺克系
𠒮	⿺兆昔
𠒯	⿱肉兒
𠒰	⿺兒男
𠒱	⿱辟儿
𠒲	⿺克戔
𠒳	⿱敝允
𠒴	⿱⿲幺白幺元
𠒵	⿺光柬
𠒶	⿱圥𡋰
𠒷	⿰先信
𠒸	⿰息光
𠒹	⿱𣗥儿
𠒺	⿺元貴
𠒻	⿺元普
𠒼	⿰光晃
𠒽	⿰光⿱冖東
𠒾	⿺免毒
𠒿	⿰光啇
𠓀	⿺先畧
𠓁	⿰光羕
𠓂	⿰光翏
𠓃	⿰光雀
𠓄	⿺免馬
𠓅	⿰光𦯕
𠓆	⿰⿱龶兄⿱龶兄
𠓇	⿰光朗
𠓈	⿺克魚
𠓉	⿱光⿰光光
𠓊	⿺光單
𠓋	⿰光睪
𠓌	⿰光廉
𠓍	⿺免豊
𠓎	⿺克敦
𠓏	⿺克詹
𠓐	⿰光榮
𠓑	⿰光魯
𠓒	⿰光賛
𠓓	⿰光⿱金明
𠓔	⿰兒夢
𠓕	⿰元贊
𠓖	⿰光闌
𠓗	⿱兔⿰兔兔
𠓘	⿺堯喜
𠓙	⿱兟兟
𠓚	⿰光蘭
𠓛	⿱入一
𠓜	⿰入入
𠓝	⿱入十
𠓞	⿱入二
𠓟	⿱入乞
𠓠	⿱入攴
𠓡	⿱入亓
𠓢	⿱入手
𠓣	⿱入心
𠓤	⿱入𣄼
𠓥	⿱𠓛攴
𠓦	⿱入田
𠓧	⿱入乎
𠓨	⿺包入
𠓩	⿰耒入
𠓪	⿳入丨⿰⿱入丨⿱入丨
𠓫	⿱入兵
𠓬	⿰吝入
𠓭	⿱入林
𠓮	⿱入靣
𠓯	⿱入空
𠓰	⿱全双
𠓱	⿳入𢆶大
𠓲	⿱入桀
𠓳	⿱全⿰⿰匚丿⿰丨？
𠓴	⿱全丣
𠓵	⿱入𡙁
𠓶	⿱帶入
𠓷	⿱入爽
𠓸	⿳入兓木
𠓹	⿱全侖
𠓺	⿰無入
𠓻	⿰全侖
𠓼	⿱入榫
𠓽	⿱入輩
𠓾	⿱全𫤪
𠓿	⿳入非匪
𠔀	⿻八一
𠔁	⿱八八
𠔂	⿰⿰丨丨八
𠔃	⿱丷丂
𠔄	⿱丷匸
𠔅	⿱八尸
𠔆	⿱八𡰣
𠔇	⿱八？
𠔈	⿱八中
𠔊	⿱丘八
𠔋	⿱八龱
𠔌	⿱𠔁口
𠔍	⿱八由
𠔎	⿳八𠆢𰀁
𠔏	⿳廿一八
𠔐	⿱⿳一⿴⿰丨丨𠄠一八
𠔑	⿱分分
𠔒	⿱八𦥑
𠔓	⿳𡆪一八
𠔔	⿱由六
𠔕	⿱分𠕁
𠔖	⿳艸一八
𠔗	⿱八束
𠔘	⿱弗公
𠔙	⿳⿱㇒𠕌一八
𠔚	⿳亠厶共
𠔛	⿳⿶凵𪠲一八
𠔜	⿱𦥔⿱一八
𠔝	⿳⿴廿⿰㐅㐅一八
𠔞	⿱𡷈⿱一八
𠔟	⿱八隻
𠔠	⿰分亟
𠔡	⿰其分
𠔢	⿱分枝
𠔣	⿱巩共
𠔤	⿱合共
𠔥	⿳䒑⿻⺕⿰丨丨灬
𠔦	⿰另兵
𠔧	⿳⿻十臼一八
𠔨	⿰乆兼
𠔩	⿱厸⿻典一
𠔪	⿱八畨
𠔫	⿰其乍
𠔬	⿱天⿳十且八
𠔭	⿰八參
𠔮	⿰兼凡
𠔯	⿱八菐
𠔰	⿱厸⿱⿻且⿲丨丨丨八
𠔱	⿳⿻甲⿰屮屮一八
𠔲	⿳⿱八𠆢公⿲丿夫乚
𠔳	⿸产兼
𠔴	⿰其居
𠔵	⿰其奇
𠔶	⿰其真
𠔷	⿱敞共
𠔸	⿱冨其
𠔹	⿱𦥯共
𠔺	⿰兼咸
𠔻	⿰⿱興興⿱興興
𠔼	⿵冂一
𠔽	⿵冂冂
𠔾	⿱㇒⿻⺆一
𠔿	⿵冂人
𠕀	⿵冂又
𠕁	⿵冂卄
𠕂	⿱一⿻𠔼一
𠕃	⿵冂亡
𠕄	⿿凹
𠕅	⿱一冄
𠕆	⿵冇一
𠕇	⿵冇丶
𠕈	⿵冂亾
𠕉	⿱丶⿵冂八
𠕊	⿱𠔼丁
𠕋	⿻𠕁一
𠕌	⿵冂日
𠕍	⿱丶⿵冂⿻儿一
𠕎	⿵冂仌
𠕏	⿵冂𠔄
𠕐	⿵冂出
𠕑	⿵冂⿱亠口
𠕒	⿻⿵冂⿰⿱丶㇀⿱㇒丶丨
𠕓	⿱㞢𠔼
𠕔	⿵𠔼月
𠕕	⿵冂叧
𠕖	⿱冃木
𠕗	⿱⿻𠮥丨冂
𠕘	⿵冂⿱⿲丶丶丶小
𠕙	⿵冂⿱二日
𠕚	⿵冂⿱䒑小
𠕛	⿵⺆⿱丰口
𠕜	⿵𠕉六
𠕝	⿱冃多
𠕞	⿱从⿵冂𠔽
𠕟	⿰冉占
𠕠	⿱冃成
𠕡	⿵冂怠
𠕢	⿻⿵𦉪⿻𦉫𠄠丨
𠕣	⿱冃臽
𠕤	⿱冃兔
𠕥	⿱冃到
𠕦	⿱冃俞
𠕧	⿱知冋
𠕨	⿱冏余
𠕩	⿰冎卑
𠕪	⿵冂鼎
𠕫	⿵𰃦惢
𠕬	⿵冂⿳䒑𡭔囧
𠕭	⿱冃棹
𠕮	⿱冃⿰糹⿰彳于
𠕯	⿰⿱廿⿻丨⿵冂卄⿺友丶
𠕰	⿱冃爾
𠕱	⿰再監
𠕲	⿵冂⿳⿰⿰𠄠𠄠⿰𠄠𠄠⿰⿰𠄠𠄠⿰𠄠𠄠⿰⿰丨丨⿰丨丨
𠕳	⿱冖入
𠕴	⿱冖九
𠕵	⿱冖凡
𠕶	⿱冖兀
𠕷	⿱冖女
𠕸	⿱冖夊
𠕹	⿱冖天
𠕺	⿱冖公
𠕻	⿱冖元
𠕼	⿱冖六
𠕽	⿱冖水
𠕾	⿱冖日
𠕿	⿱冖化
𠖀	⿱冖示
𠖁	⿱冖⿺？寸
𠖂	⿱冖⿺九幺
𠖃	⿱冖立
𠖄	⿱冖同
𠖅	⿱冖有
𠖆	⿱冖⿰日𠤎
𠖇	⿱冖旲
𠖈	⿺𠕻下
𠖉	⿱冖⿱廿大
𠖊	⿱冖役
𠖋	⿱冖⿱八田
𠖌	⿱冖衬
𠖍	⿳冖𠮛冗
𠖎	⿱冖叕
𠖏	⿱冖奇
𠖐	⿱冖⿱口田
𠖑	⿺冘亘
𠖒	⿺冗𠂢
𠖓	⿱冖思
𠖔	⿱冖𧰬
𠖕	⿱冖真
𠖖	⿱冖馬
𠖗	⿳冖帚又
𠖘	⿱冖納
𠖙	⿰⿱丅耳冘
𠖚	⿳冖旧亘
𠖛	⿱冖聊
𠖜	⿱冖𡍯
𠖝	⿰𢒎令
𠖞	⿺𠕻易
𠖟	⿱冖剽
𠖠	⿱冖⿰⿳巛口土古
𠖡	⿺⿱甶儿冠
𠖢	⿱冖徹
𠖣	⿱冖⿰⿳⺊⿴囗⿻𰀪⺀土火
𠖤	⿰𠕻悲
𠖥	⿱冖龍
𠖦	⿱冖⿰⿳弓⿴囗⿻𰀪丶土示
𠖧	⿱冖⿰⿱⿱丆罒土⿱入虫
𠖨	⿰𠕻蒙
𠖩	⿱冖顛
𠖪	⿱冖⿰⿱面土⿱入虫
𠖫	⿱冖贑
𠖬	⿰冫乚
𠖭	⿰冫了
𠖮	⿰冫久
𠖯	⿰冫乞
𠖰	⿰冫已
𠖱	⿰冫㸦
𠖲	⿰冫分
𠖳	⿰冫勿
𠖴	⿰冫午
𠖵	⿰冫⿻几𠄠
𠖶	⿰冫心
𠖷	⿰冫冋
𠖸	⿰冫⿱⿵𠆢一匕
𠖹	⿰冫甲
𠖺	⿰冫卡
𠖻	⿰冫目
𠖼	⿱央⺀
𠖽	⿰冫乍
𠖾	⿰冫末
𠖿	⿰冫用
𠗀	⿱⿻口人⺀
𠗁	⿱𬼖仒
𠗂	⿰冫各
𠗃	⿰冫因
𠗄	⿰冫多
𠗅	⿰冫血
𠗆	⿲亻丨冬
𠗇	⿰冫⿸厂火
𠗈	⿰冫求
𠗉	⿰冫夾
𠗊	⿰冫巠
𠗋	⿰冫忍
𠗌	⿰冫克
𠗍	⿰冫𦣻
𠗎	⿲冫丿全
𠗏	⿰冫身
𠗐	⿰冫吾
𠗑	⿰冫⿱夫小
𠗒	⿰冫甫
𠗓	⿰冫肙
𠗔	⿰冫里
𠗕	⿰冫夋
𠗗	⿰冫⿰歺刂
𠗘	⿰冫典
𠗙	⿰冫函
𠗚	⿰冫卒
𠗛	⿰冫𣏋
𠗜	⿰冫刵
𠗝	⿰冫㸒
𠗞	⿰冫定
𠗟	⿰冫兔
𠗠	⿰冫孟
𠗡	⿰冫采
𠗢	⿰冫𠜊
𠗣	⿰冫侖
𠗤	⿰冫往
𠗥	⿰冫音
𠗦	⿰冫𮩴
𠗧	⿰冫則
𠗨	⿰冫枼
𠗩	⿰冫⿻申⿱⿰丶丶⿰丶丶
𠗪	⿰冫哀
𠗫	⿰冫奐
𠗬	⿰冫⿸戶⿵冂𰀁
𠗭	⿱⿰冫亇寺
𠗮	⿰冫甚
𠗯	⿰冫泉
𠗰	⿰冫珍
𠗱	⿰冫⿵戊𮍌
𠗲	⿰月𭑊
𠗳	⿰冫兼
𠗴	⿰冫圅
𠗵	⿰冫旁
𠗶	⿰冫唐
𠗷	⿰冫郎
𠗸	⿰冫貢
𠗹	⿰冫烈
𠗺	⿰冫移
𠗻	⿰冫堅
𠗼	⿰冫戚
𠗽	⿰冫翏
𠗾	⿰冫爽
𠗿	⿰冫參
𠘀	⿳⿱日丶口冭
𠘁	⿰冫部
𠘂	⿰冫欶
𠘃	⿰冫動
𠘄	⿰冫⿱𠆢⿰？攵
𠘅	⿰冫禽
𠘆	⿰冫森
𠘇	⿰𠗏舟
𠘈	⿰冫孱
𠘉	⿰冫景
𠘊	⿰冫農
𠘋	⿰冫鼎
𠘌	⿰冫畺
𠘍	⿰冫㮚
𠘎	⿰冫會
𠘏	⿰冫罧
𠘐	⿰冫亶
𠘑	⿰冫⿱𭘍灬
𠘒	⿰凊舟
𠘓	⿰冫隆
𠘔	⿱馮少
𠘕	⿰冫熙
𠘖	⿰冫質
𠘗	⿱日寒
𠘘	⿰冫⿱亠𥈀
𠘙	⿰冫樂
𠘚	⿰冫摩
𠘛	⿰冫廣
𠘜	⿰冫⿰鳥攵
𠘝	⿰冫賴
𠘞	⿰冫隷
𠘟	⿰冫歷
𠘠	⿰冫褱
𠘡	⿰冫廩
𠘢	⿲冫鹵舟
𠘣	⿰冫爵
𠘤	⿱凝氷
𠘥	⿰冫嚴
𠘦	⿱⿰冫⿱䖝䖵皿
𠘧	⿰丿㇅
𠘩	⿱匕几
𠘪	⿵𠘨九
𠘫	⿺几又
𠘬	⿰几几
𠘭	⿱厶几
𠘮	⿱㐅几
𠘯	⿻𠘨厶
𠘰	⿺𠘨㐅
𠘱	⿵𠘨彡
𠘲	⿱一𠘬
𠘳	⿵𠘨山
𠘴	⿵𠘨千
𠘵	⿵𠘨𠔃
𠘶	⿱不几
𠘷	⿱勺⿵𠘨乙
𠘸	⿱屯几
𠘹	⿱丨⿵𠘨三
𠘺	⿱𠫓几
𠘻	⿱凡凡
𠘼	⿵𠘨出
𠘽	⿱⿶凵⺌几
𠘾	⿵𠘨去
𠘿	⿱⿰力𡳾几
𠙀	⿱夗几
𠙁	⿱正几
𠙂	⿺几只
𠙃	⿳厸一几
𠙄	⿵𠘨𠙺
𠙅	⿺几立
𠙆	⿰𠫤几
𠙇	⿰交几
𠙈	⿵𠘨缶
𠙉	⿰臣几
𠙊	⿻凬㇒
𠙋	⿰𠂤几
𠙌	⿵𠘨羊
𠙍	⿺几虫
𠙎	⿰朱几
𠙏	⿰𠯌几
𠙐	⿱⿻𫜹⿰丨丨冗
𠙑	⿰㱑几
𠙒	⿵𠘨⿱一貝
𠙓	⿱𡊚几
𠙔	⿵𠘨⿱白工
𠙕	⿵𠘨𠰕
𠙖	⿱⿰冫？几
𠙗	⿵𠘨⿳天一巛
𠙘	⿵𠘨⿻⿱丷冊十
𠙙	⿱⿰𤓰内几
𠙚	⿸？処
𠙛	⿳⺕巩几
𠙜	⿰幸凡
𠙝	⿱⿰丩⿱𱼀寸几
𠙞	⿰要几
𠙟	⿱效几
𠙠	⿳𠆢𠈌几
𠙡	⿱⿲幺白又几
𠙢	⿱艸⿺友几
𠙣	⿺几罢
𠙤	⿺几接
𠙥	⿱𠗦几
𠙦	⿱𤇾凡
𠙧	⿱⿲？白？几
𠙨	⿳廿⿴北夕几
𠙩	⿱⿴北百凡
𠙪	⿰喬几
𠙫	⿰豊几
𠙬	⿵𠘨⿱𢆶䖝
𠙭	⿳⿱巛一凶⿱⿻卄丨冗
𠙮	⿱辟凡
𠙯	⿳廿⿴北白几
𠙰	⿱雍凡
𠙱	⿱辟𭂫
𠙲	⿱⿰𠘧𠘧⿰耒泰
𠙳	⿱䜌几
𠙴	
𠙵	⿶凵一
𠙶	⿶凵了
𠙷	⿶凵十
𠙸	⿶凵厶
𠙹	⿶凵𠀆
𠙺	⿶凵千
𠙻	⿱干凵
𠙼	⿶凵口
𠙽	⿶凵士
𠙾	⿶凵丰
𠙿	⿶凵⿱？一
𠚀	⿶凵太
𠚁	⿶凵父
𠚂	⿶凵𡈼
𠚃	⿱一𠙼
𠚄	⿶凵仌
𠚅	⿶凵公
𠚆	⿻凹丨
𠚇	⿶凵丙
𠚈	⿶凵石
𠚉	⿶凵禾
𠚊	⿶凵必
𠚋	⿱巛𠙹
𠚌	⿶凵吉
𠚍	⿶凵𠂭
𠚎	⿱口⿶凵井
𠚏	⿶凵⿻千从
𠚐	⿰出木
𠚑	⿶凵𦣻
𠚒	⿶凵⿰⿱𠃎𠄠⿱𠃊𠄠
𠚓	⿱士⿶凵𪠲
𠚔	⿳龴一⿶凵合
𠚕	⿶凵⿱丛从
𠚖	⿶？王
𠚗	⿱𠂉凾
𠚘	⿶凵舀
𠚙	⿳口⿶凵又𰏒
𠚚	⿶凵⿲氶了氶
𠚛	⿱凷⿰凷凷
𠚜	⿶凹舀
𠚝	⿶凵⿳⺊㘝㘠
𠚞	⿴⿶凵⿰？匚⿱爫貝
𠚟	⿳⿱㇒⿱𰀉冖？𠙼
𠚠	⿶凵⿰𭥭𭥭
𠚡	⿶？舀
𠚢	⿰羅出
𠚣	⿹㇉丿
𠚤	⿱⺈丶
𠚥	⿰刀刂
𠚦	⿰刀厶
𠚧	⿰二刂
𠚨	⿰丩刀
𠚩	⿰卜刂
𠚪	⿰刀刀
𠚫	⿰又刂
𠚬	⿰卜刀
𠚭	⿰勺刂
𠚮	⿰刀乞
𠚯	⿺兀刂
𠚰	⿰女刂
𠚱	⿺𠧒刀
𠚲	⿰⿻⿱㇒一丿刀
𠚳	⿰广刂
𠚴	⿰巛刂
𠚵	⿰及刂
𠚶	⿰扌刂
𠚷	⿰巿刂
𠚸	⿰勾刂
𠚹	⿰殳刂
𠚺	⿰少刂
𠚻	⿰⿱𠂉刁刂
𠚼	⿰分刂
𠚽	⿰支刂
𠚾	⿰牙刂
𠚿	⿰㕛刂
𠛀	⿰公刂
𠛁	⿰片刂
𠛂	⿰刅刂
𠛃	⿰⿱㇒⿻二丿刂
𠛄	⿰爻刂
𠛅	⿰区刂
𠛆	⿰乌刂
𠛇	⿱刃大
𠛈	⿱父刀
𠛉	⿰丰刂
𠛊	⿰氏刂
𠛋	⿰巴刂
𠛌	⿰冘刂
𠛍	⿰方刂
𠛎	⿰句刂
𠛏	⿰⿱厶巛刂
𠛐	⿰未刂
𠛑	⿰玄刂
𠛒	⿰瓜刂
𠛓	⿰卯刂
𠛔	⿰𠂔刂
𠛕	⿰屶刂
𠛖	⿰𬺻刂
𠛗	⿰厺刂
𠛘	⿰⿱大乃刂
𠛙	⿰北刂
𠛚	⿰⿱又巾刂
𠛛	⿰𠖸刂
𠛜	⿰丼刂
𠛝	⿰井刃
𠛞	⿱𡗜刀
𠛟	⿰卉刂
𠛠	⿰夗刂
𠛡	⿰必刂
𠛢	⿰乍刂
𠛣	⿰旦刂
𠛤	⿱占刀
𠛥	⿰丙刂
𠛦	⿺⿱㇒⿷尢丶刂
𠛧	⿰𠕎刂
𠛨	⿰耒刂
𠛩	⿰糹刂
𠛪	⿰兆刂
𠛫	⿰多刂
𠛬	⿰幵刂
𠛭	⿰因刂
𠛮	⿰全刂
𠛯	⿰⿱上巾刂
𠛰	⿰冎刂
𠛱	⿰𡿪刂
𠛲	⿰⿱⿵𠆢一⿺丄𠃎刂
𠛳	⿰亥刀
𠛴	⿰⿱夂小刂
𠛵	⿰艮刂
𠛶	⿰⿱八文刂
𠛷	⿲亻⿱二冫刂
𠛸	⿱中分
𠛹	⿰⿻⿰冂冂𠄠刂
𠛺	⿰𦈢刀
𠛻	⿰⿱㇒布刂
𠛼	⿰并刂
𠛽	⿰⿱𰀁口刀
𠛾	⿰尽刂
𠛿	⿰虫刂
𠜀	⿰𣎽刂
𠜁	⿰夷刂
𠜂	⿰⿻𦉫𠄠刂
𠜃	⿰臼刂
𠜄	⿰血刂
𠜅	⿰交刂
𠜆	⿰衣刂
𠜇	⿰㐪刂
𠜈	⿰聿刂
𠜉	⿰丞刂
𠜊	⿰𡿩刂
𠜋	⿰⿱𠆢丑刂
𠜌	⿳⺈冂⿱⺈冂
𠜍	⿺𠕻刂
𠜎	⿰先刂
𠜏	⿰吊刂
𠜐	⿰⿱⺊𠕁刂
𠜑	⿰兑刂
𠜒	⿰車刂
𠜓	⿱狄刀
𠜔	⿰⿱上帀刂
𠜕	⿰𢆍刂
𠜖	⿰寽刂
𠜗	⿰希刂
𠜘	⿰𠬶刂
𠜙	⿰甫刂
𠜚	⿰坓刂
𠜛	⿰冏刂
𠜜	⿰𠯑刂
𠜝	⿰⿱工斤刂
𠜞	⿰⿱儿刀且
𠜟	⿰囦刂
𠜠	⿰困刂
𠜡	⿱⿷亡父刀
𠜢	⿰⿸广犬刂
𠜣	⿱利刀
𠜤	⿰圭刃
𠜥	⿰車刀
𠜦	⿱刀⿵冂古
𠜧	⿰𠑾刀
𠜨	⿰亥刃
𠜩	⿰𡉵刂
𠜪	⿰⿱⺈田刂
𠜫	⿰⿻千⿰𰀪⿱丶丶刂
𠜬	⿱但刀
𠜭	⿱刀抌
𠜮	⿰每刂
𠜯	⿰告刂
𠜰	⿰𠑾刀
𠜱	⿰卑刂
𠜲	⿰亞刂
𠜳	⿰朋刂
𠜴	⿰果刂
𠜵	⿱㓞夬
𠜶	⿰𣥕刂
𠜷	⿰𠧢刂
𠜸	⿰亝刂
𠜹	⿰𰥍刂
𠜺	⿰戾刂
𠜻	⿰或刂
𠜼	⿰臽刂
𠜽	⿰⿱爻木刂
𠜾	⿰屈刂
𠜿	⿰岝刂
𠝀	⿰⿳山⿵𠆢一匕刂
𠝁	⿲未彡刂
𠝂	⿱龹分
𠝃	⿰⿱水水刂
𠝄	⿰⿱爫勿刂
𠝅	⿰⿳⺊日𠃎刀
𠝆	⿰⿱井王刂
𠝇	⿰庖刂
𠝈	⿱⿰⿰？丶刀𠂡
𠝉	⿰⿱山⿺⿱㇒乚彡刂
𠝊	⿱友刑
𠝋	⿰𫵖刀
𠝌	⿰⿳龴一⿴⿰⿱丶㇀⿱㇒丶亅刂
𠝍	⿰乖刂
𠝎	⿰⿱⺈𠁣𠃛
𠝐	⿰花刂
𠝑	⿰𫵖刂
𠝒	⿰㕻刂
𠝓	⿰侈刂
𠝔	⿱始刀
𠝕	⿱刀昆
𠝖	⿰昔刀
𠝗	⿱刀怛
𠝘	⿰备刂
𠝙	⿲正久刂
𠝚	⿰⿱龷木刂
𠝛	⿰⿱去口刂
𠝜	⿰青刂
𠝝	⿰枼刂
𠝞	⿰臿刂
𠝟	⿰英刂
𠝠	⿰⿳穴𠆢又刂
𠝡	⿰庣刂
𠝢	⿰弇刂
𠝣	⿰歬刂
𠝤	⿰重刂
𠝥	⿰奎刂
𠝦	⿰⿱山⿰亻⿱彡一刂
𠝧	⿳⿰𫜹𫜹一𠚪
𠝨	⿰彳刹
𠝩	⿰春刂
𠝪	⿰⿱処口刂
𠝫	⿰美刂
𠝬	⿰叜刂
𠝭	⿰屏刂
𠝮	⿰㒸刂
𠝯	⿱利勿
𠝰	⿰危失
𠝱	⿰⿱𡗜木刂
𠝲	⿰香刂
𠝳	⿰宣刂
𠝴	⿰⿵冂⿱从山刂
𠝵	⿰幷刃
𠝶	⿰垂刂
𠝷	⿹？分
𠝸	⿱敄刀
𠝹	⿰界刂
𠝺	⿰某刂
𠝻	⿰甚刂
𠝼	⿰某刀
𠝽	⿳刀夗日
𠝾	⿰⿵冂⿱⿰㐅㐅山刂
𠝿	⿰𧴪刂
𠞀	⿰窋刂
𠞁	⿰茦刂
𠞂	⿰屖刂
𠞃	⿰芻刂
𠞄	⿰虒刂
𠞅	⿰畟刂
𠞆	⿰烏刂
𠞇	⿰𣬉刂
𠞈	⿰𦐇刂
𠞉	⿰栗刂
𠞊	⿰差刂
𠞋	⿰⿱目𠕁刂
𠞌	⿰⿱㐬口刂
𠞍	⿰⿱吅勿刂
𠞎	⿰𤈕刂
𠞏	⿰甡刂
𠞐	⿰𡋲刂
𠞑	⿰⿱文⿻王丷刂
𠞒	⿰⿱𡗜⿻日乚刂
𠞓	⿰素刂
𠞔	⿰⿱㇒省刂
𠞕	⿰重刃
𠞖	⿰貢刂
𠞗	⿲去去刂
𠞘	⿰⿱木氽刂
𠞙	⿰𮮑刂
𠞚	⿰盌刂
𠞛	⿰扇刂
𠞜	⿰⿱巛⿵冂禾刂
𠞝	⿰⿱艹𡿪刂
𠞞	⿰舀刂
𠞟	⿰高刂
𠞠	⿱刀秩
𠞡	⿰骨刂
𠞢	⿱班刀
𠞣	⿰冓刂
𠞤	⿰⿱巛⿵冂⿴⿰⿱丶㇀⿱㇒丶丨刂
𠞥	⿰麻刂
𠞦	⿰莢刂
𠞧	⿸麻刀
𠞨	⿰⿱羽尒刂
𠞩	⿰率刂
𠞪	⿱敖刀
𠞫	⿰𫪡刂
𠞬	⿰衮刂
𠞭	⿰婁刂
𠞮	⿰爽刂
𠞯	⿰雪刂
𠞰	⿰巢刀
𠞱	⿰堇刂
𠞲	⿱⿰未攴⿸厂刀
𠞳	⿰⿱䒑朋刂
𠞴	⿰倉刃
𠞵	⿰𭾬刂
𠞶	⿰啇刂
𠞷	⿰𤱪刂
𠞸	⿰鳥刂
𠞹	⿰悉刂
𠞺	⿰列吝
𠞻	⿰率刀
𠞼	⿰𰂙刂
𠞽	⿱前𠚪
𠞾	⿰彳釗
𠞿	⿰𧴵刂
𠟀	⿱刀鳥
𠟁	⿰崟刂
𠟂	⿰曾刂
𠟃	⿰尊刂
𠟄	⿸厤刀
𠟅	⿰䇪刂
𠟆	⿰替刂
𠟇	⿰椉刂
𠟈	⿱敝刀
𠟉	⿰孱刂
𠟊	⿰翕刂
𠟋	⿰堯刂
𠟌	⿰菩刂
𠟍	⿰童刂
𠟎	⿰㖾刂
𠟏	⿰㫺刂
𠟐	⿰倉刅
𠟑	⿰⿱龱言刂
𠟒	⿰賀刂
𠟓	⿰貲刂
𠟔	⿰⿱貝𠕁刂
𠟕	⿰棸刂
𠟖	⿰⿱合刖刂
𠟗	⿰⿱𫇦𢀛刂
𠟘	⿰⿱日罙刂
𠟙	⿰雲刂
𠟚	⿰等刂
𠟛	⿰⿱金灬刂
𠟜	⿰⿱土韭刂
𠟝	⿰𬝉刂
𠟞	⿰歮刂
𠟟	⿰詈刂
𠟠	⿰雋刂
𠟡	⿰焱刂
𠟢	⿰尋刂
𠟣	⿰幾刂
𠟤	⿰⿱𦍌𦬅刂
𠟥	⿰尖刮
𠟦	⿰瑟刂
𠟧	⿰詹刂
𠟨	⿰零刂
𠟩	⿰嗇刂
𠟪	⿰業刂
𠟫	⿰㮚刂
𠟬	⿰筫刂
𠟭	⿰鼎刂
𠟮	⿰𤋳刂
𠟯	⿰喿刀
𠟰	⿰𥇛刂
𠟱	⿰⿳⿻𦘒八田一刂
𠟲	⿰⿱⿵𰃦釆亏刂
𠟳	⿰由𢆙
𠟴	⿰⿱⿻十从𱥯刂
𠟵	⿰⿸？豕刂
𠟶	⿰窟刂
𠟷	⿰𨽶刂
𠟸	⿰訁㓤
𠟹	⿱刀預
𠟺	⿰需刂
𠟻	⿰⿱貝貝刂
𠟼	⿰⿳亠罒⿱𠫔𧘇刂
𠟽	⿰𦵯刂
𠟾	⿰⿱巛⿻臼木刂
𠟿	⿰⿱巛⿻臼木刀
𠠀	⿰箋刂
𠠁	⿰㬎刂
𠠂	⿰盠刂
𠠃	⿰⿱从⿱一韭刂
𠠄	⿺走削
𠠅	⿰𬃷刂
𠠆	⿰⿳⿵𠆢一吅⿱一灬刂
𠠈	⿰蒼刂
𠠉	⿰頗刂
𠠊	⿱剛亘
𠠋	⿱𣦼則
𠠌	⿰⿳巛龱⿵𠘨氺刂
𠠍	⿰黎刂
𠠎	⿰廣刂
𠠏	⿰厲刂
𠠐	⿰壽刃
𠠑	⿰節刂
𠠒	⿰摩刂
𠠓	⿰⿱炏𱥯刂
𠠔	⿰賣刀
𠠕	⿰蔈刂
𠠖	⿰𥧡刂
𠠗	⿰巤刂
𠠘	⿰奭刂
𠠙	⿰寮刂
𠠚	⿰齒刂
𠠛	⿰霍刂
𠠜	⿰罃刂
𠠝	⿰歷刂
𠠞	⿰䗍刂
𠠟	⿰𠔳刂
𠠠	⿰賣刃
𠠡	⿰⿱日蜀刂
𠠢	⿱霝刀
𠠣	⿰縻刂
𠠤	⿰⿱𭯍免刂
𠠥	⿰⿱𭯍兔刂
𠠦	⿰副畐
𠠧	⿰𤐫刂
𠠨	⿰聶刂
𠠩	⿰畧前
𠠪	⿱䜌刀
𠠫	⿰麗刂
𠠬	⿰簽刂
𠠭	⿱初僭
𠠮	⿰羼刂
𠠯	⿰疊刂
𠠰	⿰靃刂
𠠱	⿰靈刂
𠠲	⿰㇒力
𠠳	⿰丩力
𠠴	⿰力力
𠠵	⿺九力
𠠶	⿰乞力
𠠷	⿺𠃔力
𠠸	⿰才力
𠠹	⿰冘力
𠠻	⿰反力
𠠼	⿰文力
𠠽	⿱火力
𠠾	⿱力巴
𠠿	⿰历力
𠡀	⿺⿱一夂力
𠡁	⿰牙力
𠡂	⿱弗力
𠡃	⿰力左
𠡄	⿰皮力
𠡅	⿰⿻丁⿱𠃋㇀力
𠡆	⿰玄力
𠡇	⿰台力
𠡈	⿱白力
𠡉	⿰古力
𠡊	⿱𡗜力
𠡋	⿱冋力
𠡌	⿺𭀚力
𠡍	⿰圣力
𠡎	⿰旦力
𠡏	⿰生力
𠡐	⿱加丂
𠡑	⿱汋力
𠡒	⿰𠂤力
𠡓	⿰安力
𠡔	⿰⿱巛万力
𠡕	⿰⿱兀土力
𠡖	⿱刘力
𠡗	⿰臣力
𠡘	⿰力在
𠡙	⿰力朴
𠡚	⿰亙力
𠡛	⿰因力
𠡜	⿺充力
𠡝	⿰𡿪力
𠡞	⿰皃力
𠡟	⿰求力
𠡠	⿰来力
𠡡	⿱𣦼力
𠡢	⿰𣧄力
𠡣	⿺更力
𠡤	⿺㐬力
𠡥	⿱力兵
𠡦	⿻⿻千𠄟𠠴
𠡧	⿰吝力
𠡨	⿺尾力
𠡩	⿱利力
𠡪	⿰甸力
𠡫	⿰隶力
𠡬	⿰佳力
𠡭	⿰夌力
𠡮	⿰朋力
𠡯	⿰事力
𠡰	⿰屈力
𠡱	⿰⿱⺌旦力
𠡲	⿰𠩓力
𠡳	⿰靣力
𠡴	⿱𥝢力
𠡵	⿱物力
𠡶	⿰劵力
𠡷	⿱劦木
𠡸	⿱事力
𠡹	⿱⿰⿱上夕又力
𠡺	⿱却力
𠡻	⿰怱力
𠡼	⿰首力
𠡽	⿰亰力
𠡾	⿰⿱龶氺力
𠡿	⿱⿰𡰪工力
𠢀	⿰⿱廿𠀐力
𠢁	⿰⿵𠔉⿱一龴力
𠢂	⿰⿱十丌劦
𠢃	⿰昜力
𠢄	⿰⿱䒑⿻口土力
𠢅	⿺䖍力
𠢆	⿰害力
𠢇	⿰𠦝𱐩
𠢈	⿱臼功
𠢉	⿰冓力
𠢊	⿳？儿力
𠢋	⿰力員
𠢌	⿱𡗗劭
𠢍	⿰虔力
𠢎	⿱旧男
𠢏	⿱釆夯
𠢐	⿸𭆆力
𠢑	⿰辱力
𠢒	⿰⿱⿱⺈⿵冂人比力
𠢓	⿰莫力
𠢔	⿰區力
𠢕	⿱敖力
𠢖	⿺⿱六免力
𠢗	⿰啇力
𠢘	⿱？夯
𠢙	⿰笞力
𠢚	⿰眷力
𠢛	⿱⿰弓受力
𠢜	⿰⿱羽尒力
𠢝	⿰曼力
𠢞	⿱执助
𠢟	⿱助执
𠢠	⿱棘力
𠢡	⿰答力
𠢢	⿰柔幼
𠢣	⿰劣典
𠢤	⿸厥力
𠢥	⿰費力
𠢦	⿱勅正
𠢧	⿰舟劵
𠢨	⿳？⿱八𠆢力
𠢩	⿺堯力
𠢪	⿱敝力
𠢫	⿱𠡠正
𠢬	⿱無力
𠢭	⿰厥力
𠢮	⿳由冖男
𠢯	⿰𮊿力
𠢰	⿰⿱⿱⺈𫩏⿹⿺㇉一灬力
𠢱	⿰禁力
𠢲	⿱解力
𠢳	⿰嗇力
𠢴	⿰⿱⺈黒力
𠢵	⿱禁力
𠢶	⿰⿱巛⿻臼木力
𠢷	⿱𠡠困
𠢸	⿱焱⿱冖力
𠢺	⿰枲劵
𠢻	⿰⿳亠非旦力
𠢼	⿰⿱厶鼎力
𠢽	⿰蓽力
𠢾	⿰⿱⿻𣄼丨韭力
𠢿	⿱畾力
𠣀	⿰彊力
𠣁	⿱𤇾⿱米力
𠣂	⿰諫力
𠣃	⿱彊力
𠣄	⿰毚力
𠣅	⿱薛力
𠣆	⿰𤐫力
𠣇	⿰劣輦
𠣈	⿺𠙳力
𠣉	⿰需勉
𠣊	⿰⿱非慮力
𠣋	⿰⿱非靈力
𠣌	⿹勹𠂇
𠣍	⿹勹干
𠣎	⿹勹幺
𠣏	⿹勹⿺𠃊⺊
𠣐	⿹勹⿱丶丆
𠣑	⿹勹元
𠣒	⿹勹仁
𠣓	⿹勹云
𠣔	⿰乇勿
𠣕	⿹勹主
𠣖	⿹勹玄
𠣗	⿹勹去
𠣘	⿹勹舟
𠣙	⿹勹亘
𠣚	⿹勹⿱二日
𠣛	⿰勾木
𠣜	⿹勹虫
𠣝	⿰丹勻
𠣞	⿹勹車
𠣟	⿹勹夋
𠣠	⿹勹⿱⺊𠕁
𠣡	⿹勹⿱八旦
𠣢	⿱勻⿹勹山
𠣣	⿱丐匃
𠣤	⿹勹⿱日兮
𠣥	⿹勹豖
𠣦	⿹勹炗
𠣧	⿱⿹勹小⿹勹小
𠣨	⿱匇匇
𠣩	⿰束勺
𠣪	⿰句句
𠣫	⿰召句
𠣬	⿱旬兮
𠣭	⿹勹咅
𠣮	⿹勹羍
𠣯	⿹勹苗
𠣰	⿹勹者
𠣱	⿹勹⿱⺊囬
𠣲	⿹勹⿱艹𠙽
𠣳	⿰卓勺
𠣴	⿹勹复
𠣵	⿹勹尃
𠣶	⿺包别
𠣷	⿰茍勺
𠣸	⿹勹𡕨
𠣹	⿹勹既
𠣺	⿰⿱⿰冫匕木包
𠣻	⿰𡘆包
𠣼	⿰奈包
𠣽	⿹勹敢
𠣾	⿹勹復
𠣿	⿹勹㲃
𠤀	⿰⿳⺈目夂勿
𠤁	⿰咢包
𠤂	⿹勹⿰身⿱二弓
𠤃	⿰𥘾包
𠤄	⿹勹⿱𥫗幸
𠤅	⿹勹蓋
𠤆	⿱勿渚
𠤇	⿹勹𢕒
𠤈	⿹勹⿱⿲人人人⿲个个个
𠤉	⿰㡭勺
𠤊	⿹勹窮
𠤋	⿹勹蟲
𠤌	⿱勿諸
𠤍	⿹勹雚
𠤎	⿻乚㇒
𠤏	⿱匕十
𠤐	⿱匕兀
𠤑	⿰匕矢
𠤒	⿱𠆢⿱上匕
𠤓	⿱⺈它
𠤔	⿱匕甘
𠤕	⿱匕矢
𠤖	⿱北𰀁
𠤗	⿰𠤕匕
𠤘	⿰匕矣
𠤙	⿱九皀
𠤚	⿱旨巾
𠤛	⿱匕？
𠤜	⿰⿱⿾匕矢匕
𠤝	⿳⺌⿵冖二匕
𠤞	⿱旨？
𠤟	⿱旨⿱冖丁
𠤠	⿱𫩠匕
𠤡	⿰⿱匕木开
𠤢	⿱北丘
𠤣	⿳㇒罓⿱冖北
𠤤	⿱匕真
𠤥	⿱北⿱㓁允
𠤦	⿱北䆓
𠤧	⿱匕提
𠤨	⿰𪟩⿱白干
𠤩	⿰罷𠤎
𠤪	⿱⿰𪟩圣𣅍
𠤫	⿱⿱⿴𦥑同冖北
𠤬	
𠤭	⿷匚人
𠤮	⿷匚今
𠤯	⿷匚不
𠤰	⿷匚公
𠤱	⿷匚夫
𠤲	⿷匚屯
𠤳	⿷匚古
𠤴	⿷匚只
𠤵	⿷匚生
𠤶	⿷匚⿰⿻丶𰀁⿱丨㇇
𠤷	⿷匚㐌
𠤸	⿷匚缶
𠤹	⿷匚全
𠤺	⿷匚？
𠤻	⿷匚米
𠤼	⿷匚攸
𠤽	⿷匚⿴囗仌
𠤾	⿷匚吟
𠤿	⿷匚含
𠥀	⿷匚否
𠥁	⿷匚㒵
𠥂	⿷匚杦
𠥃	⿷匚𢁺
𠥄	⿱𤮺匹
𠥅	⿷匚⿱口中
𠥆	⿷匚⿱山王
𠥇	⿷匚言
𠥈	⿷匚坎
𠥉	⿷匚卑
𠥊	⿷匚其
𠥋	⿷匚泊
𠥌	⿷匚彼
𠥍	⿷匚阿
𠥎	⿷匚韋
𠥏	⿷匚畐
𠥐	⿷匚倉
𠥑	⿷匚條
𠥒	⿷匚舀
𠥓	
𠥔	⿷匚倠
𠥕	⿷匚盍
𠥖	⿷匚帶
𠥗	⿷匚飤
𠥘	⿷匚𧴵
𠥙	⿷匚尊
𠥚	⿷匚彀
𠥛	⿷匚⿳？口？
𠥜	⿷匚歇
𠥝	⿷匚⿰品殳
𠥞	⿷匚⿰⿱⺊目全
𠥟	⿷匚⿰古金
𠥠	⿷匚載
𠥡	⿷匚⿲吕丨吕
𠥢	⿷匚舞
𠥣	⿷匚臱
𠥤	⿷匚⿰若酉
𠥥	⿷匚雔
𠥦	⿷匚翼
𠥧	⿷𠥓否
𠥨	⿷匚蟲
𠥩	⿷𠥓其
𠥪	⿷𠥓舀
𠥫	⿷𠥓臱
𠥬	⿷𠥓舊
𠥭	⿷匚刀
𠥮	⿷匚内
𠥯	⿷匚氏
𠥰	⿷匚卯
𠥱	⿷匚出
𠥲	⿷匸⿻口⿰丿丨
𠥳	⿷匸光
𠥴	⿷匚汵
𠥵	⿷匸言
𠥶	⿷匚虎
𠥷	⿰區凡
𠥸	⿱卧㔸
𠥹	⿰區烏
𠥺	⿰區區
𠥻	
𠥽	
𠥾	⿱久十
𠥿	⿰㔾十
𠦀	⿱上十
𠦁	⿽十⿱？丨
𠦂	⿻⿰⿱丶㇀⿱㇒丶十
𠦃	⿻十⿰十十
𠦄	⿱十⿰𠂇十
𠦅	⿰⿻⿱㇒一丿千
𠦆	⿻旦丨
𠦇	⿰𬺷十
𠦈	⿱井十
𠦉	⿰十斤
𠦊	⿰云十
𠦋	⿱上千
𠦌	⿰卄卄
𠦍	⿱仌十
𠦎	⿱𠔁十
𠦏	⿻从十
𠦐	⿻十𠘬
𠦑	⿸⿵⿽廾丶⿰丶丶丶
𠦒	
𠦓	⿱灭十
𠦔	⿱𠦃一
𠦕	⿱⿰工几十
𠦖	⿸⿱𭕄厂十
𠦗	⿰十㠯
𠦘	⿱巩十
𠦙	⿳十⺕⿻丨𠆢
𠦚	⿻⿱㇒𰀁𠠴
𠦛	⿱斤⿰十十
𠦜	⿰廿廿
𠦞	⿱北千
𠦟	⿻𣄼山
𠦠	⿰十𬐃
𠦡	⿳十龷十
𠦢	⿰十刕
𠦣	⿰𦙃十
𠦤	⿱𫩏⿻甲一
𠦥	⿱⿰冫𠂤十
𠦦	⿱矾十
𠦧	⿰幸十
𠦨	⿱⿰⿱𠂊䶹⿹勹丿十
𠦩	⿱十枚
𠦪	⿱卉夲
𠦫	⿰咠十
𠦬	⿱㇒⿻𠈌十
𠦭	⿱𣳨十
𠦮	⿱⿹⿺㇉一灬夲
𠦯	⿰半艮
𠦰	⿰十𫆁
𠦱	⿰⿻申一吏
𠦲	⿰卓升
𠦳	⿰彦千
𠦴	⿻𰀁⿰世世
𠦵	⿱⿻⿱一吅人仐
𠦶	⿱廿⿻𦥑十
𠦷	⿰卓弁
𠦸	⿱⿻言⿰⿱丶㇀⿱㇒丶十
𠦹	⿱十逐
𠦺	⿰𭁈半
𠦻	⿰半夌
𠦼	⿱⿰幺隹十
𠦽	⿰十惠
𠦾	⿰十歮
𠦿	⿱称升
𠧀	⿱獁十
𠧁	⿰十當
𠧂	⿰十敬
𠧃	⿰甫卑
𠧄	⿰卓旱
𠧅	⿰咼卑
𠧆	⿰𱏴卒
𠧇	⿰卓舁
𠧈	⿱古單
𠧉	⿳古吅𤰞
𠧊	⿰⿳㇒口⿱口十昜
𠧋	⿱十𭂺
𠧌	⿰升爾
𠧍	⿰需升
𠧎	⿳爫⿲幺吕幺十
𠧏	⿳爫⿲吕幺吕十
𠧐	⿱讎十
𠧑	⿳⿴𦥑古⿱八𠆢隼
𠧒	⿱⺊乙
𠧓	⿰卜刃
𠧔	⿱上夊
𠧕	⿱上尸
𠧖	⿻⿱⺊冂人
𠧗	⿱上下
𠧘	⿸⿸⿰丿⿱⺊⺂七又
𠧙	⿰召卜
𠧚	⿱⺊囚
𠧛	⿱上尺
𠧜	⿱⺊⿵冂女
𠧝	⿱⺊⿹⺄六
𠧞	⿰兆卜
𠧟	⿺𠃊卤
𠧠	⿺𠃊卣
𠧡	⿺𠃊⿱⺊目
𠧢	⿱⺊㫐
𠧣	⿱⺊⿸厂斤
𠧤	⿺㇉卤
𠧥	⿰⿱一下⿱一下
𠧦	⿱䒑⿰幺卜
𠧧	⿱⺊⿴囗夊
𠧨	⿰各卜
𠧩	⿰每卜
𠧪	⿱⺊⿴囗仌
𠧫	⿳⺊日夊
𠧬	⿰君卜
𠧭	⿰大朴
𠧮	⿺尾卜
𠧯	⿱⺊㒷
𠧰	⿱⺊⿵冂⿱二口
𠧱	⿺𠃊卥
𠧲	⿱⺊⿵冂𢆉
𠧳	⿱占⿲𰀪丨𰀪
𠧴	⿺𠃊𠧪
𠧵	⿱𠧚大
𠧶	⿳⺊⿱冖八水
𠧷	⿺㇉𠧪
𠧸	⿱⺊㘠
𠧹	⿱占⿰𰀪𰀠
𠧺	⿰⿱⺊⿴囗𰀁夊
𠧻	⿳⺊日⿲𰀪丨𰀪
𠧼	⿱⺊⿵冂⿱又瓜
𠧽	⿱⺊⿵𠘨𬉹
𠧾	⿱卥夊
𠧿	⿱⺊⿵⿵冂八失
𠨀	⿱⿶凵⿱⺊目巛
𠨁	⿳⺊𠔿⿵冂𧘇
𠨂	⿰⿱⺊勿⿱⺊勿
𠨃	⿰男外
𠨄	⿱卤冋
𠨅	⿺𠃊⿳⺊日⿴囗⿻𰀪丶
𠨆	⿳⺊⿵⿵冂八工丙
𠨇	⿳⺊⿵冂叒木
𠨈	⿳⺊⿵冂八昺
𠨉	⿺⿱⿻𠈌人夊卜
𠨊	⿰冓外
𠨋	⿱𠧪⿰𠧪𠧪
𠨌	⿳⺊⿵冂条⿰票票
𠨍	⿰𠂈卩
𠨎	⿰㔾㔾
𠨏	⿰又卩
𠨐	⿰匕卩
𠨑	⿰亡卩
𠨒	⿰比卩
𠨓	⿰𢎟𢎟
𠨔	⿰㔿𫜹
𠨕	⿱㔾𠨎
𠨖	⿰卪卪
𠨗	⿸𠂋𭅲
𠨘	⿰必卩
𠨙	⿰𪜊却
𠨚	⿰希卩
𠨛	⿰忘卩
𠨜	⿰危兀
𠨝	⿰⿱𠀉心卩
𠨞	⿰𠂈即
𠨟	⿱釆⿱大㔾
𠨠	⿱即久
𠨡	⿱壯卯
𠨢	⿰危夋
𠨣	⿱卯亞
𠨤	⿱𡷈仓
𠨥	⿰𠂎聊
𠨦	⿰⿱？几却
𠨧	⿱𦦉㔾
𠨨	⿱⿴𦥑⿵𰃦⿱一？⿱一⿱八㔾
𠨩	⿳⿴𦥑同大㔾
𠨪	⿰危堯
𠨫	⿱䜌卵
𠨬	⿸厂匕
𠨭	⿸厂𰀁
𠨮	⿸厂夨
𠨯	⿸厂子
𠨰	⿸厂⿻？乚
𠨱	⿸厂也
𠨲	⿱屮厂
𠨳	⿸厂卪
𠨴	⿸厂介
𠨵	⿸厂丰
𠨶	⿸厂夫
𠨷	⿸厂⿷⿱丅𠃊⺄
𠨸	⿸厂𧘇
𠨹	⿸厂反
𠨺	⿸厂午
𠨻	⿸厂殳
𠨼	⿸厂韦
𠨽	⿸厂比
𠨾	⿸厂手
𠨿	⿸厂氏
𠩀	⿸厂⿻丨⿱凵凵
𠩁	⿸厂冬
𠩂	⿸厂去
𠩃	⿱出厂
𠩄	⿸厂⿰⿰丶丿亇
𠩅	⿸厂瓦
𠩆	⿸厂此
𠩇	⿸厂𢒂
𠩈	⿸厂主
𠩉	⿸厂出
𠩊	⿸厂旨
𠩋	⿸厂屰
𠩌	⿸厂⿴囗⿻𰀪丶
𠩍	⿸厂⿰丨⿱土又
𠩎	⿸厂⿱乍一
𠩏	⿸厂尗
𠩐	⿸厂⿸⿰𠄌三？
𠩑	⿸厂⿸尹𠤎
𠩒	⿸厂⿱日又
𠩓	⿸厂兆
𠩔	⿸厂⿱火七
𠩕	⿸厂米
𠩖	⿱丷⿸厂肀
𠩗	⿸厂㳄
𠩘	⿸厂夾
𠩙	⿸厂我
𠩚	⿸厂酉
𠩛	⿸厂⿴囗仌
𠩜	⿸厂坐
𠩝	⿸厂坊
𠩞	⿸厂⿸户子
𠩟	⿸厂⿻土从
𠩠	⿸厂貝
𠩡	⿸厂伯
𠩢	⿸厂廷
𠩣	⿰仄兄
𠩤	⿸厂⿱日小
𠩥	⿸厂呈
𠩦	⿸厂忺
𠩧	⿸厂⿱今止
𠩨	⿸厂孥
𠩩	⿸厂𣅳
𠩪	⿸厂刺
𠩫	⿸厂兒
𠩬	⿸厂來
𠩭	⿸厂享
𠩮	⿸厂⿸𠂇自
𠩯	⿸厂⿳厶㇒甲
𠩰	⿸厂⿱口⿱口十
𠩱	⿸厂杴
𠩲	⿸厂卑
𠩳	⿸厂⿸⿸⿰丿⿱⺊⺂七⿱一巳
𠩴	⿸厂⿱白夊
𠩵	⿸厂林
𠩶	⿸厂𤰞
𠩷	⿸厂典
𠩸	⿸厂食
𠩹	⿸厂叜
𠩺	⿱⿰未攵厂
𠩻	⿸厂段
𠩼	⿸厂⿰未欠
𠩽	⿸厂⿳匕米一
𠩾	⿸厂秋
𠩿	⿸厂𭺾
𠪀	⿸厂𣆉
𠪁	⿸厂𮂸
𠪂	⿸厂扁
𠪃	⿸厂眉
𠪄	⿸厂苗
𠪅	⿸厂叚
𠪆	⿸厂封
𠪇	⿸厂叟
𠪈	⿸厂⿱合止
𠪉	⿸厂差
𠪊	⿸厂兼
𠪋	⿸厂𣆪
𠪌	⿸厂⿱𰁜火
𠪍	⿸厂⿰彼㔾
𠪎	⿸厂𡘤
𠪏	⿸厂⿰丰艮
𠪐	⿸厂留
𠪑	⿸厂埶
𠪒	⿸厂⿱口金
𠪓	⿸厂䋈
𠪔	⿸厂𠭖
𠪕	⿱一⿻⿱丷⿸厂⿱？八⿰丨丨
𠪖	⿸厂埜
𠪗	⿸厂䚿
𠪘	⿸厂𣪏
𠪙	⿸厂異
𠪚	⿸厂敢
𠪛	⿸厂⿱廿炎
𠪜	⿸厂菳
𠪝	⿸厂奠
𠪞	⿸厂㫺
𠪟	⿸厂⿱艮缶
𠪠	⿸𠩵月
𠪡	⿸厂屠
𠪢	⿸厂欽
𠪣	⿸厂散
𠪤	⿸厂⿱共圭
𠪥	⿸原水
𠪦	⿸厂⿱合缶
𠪧	⿰⿸厂巴果
𠪨	⿸厂𱗐
𠪩	⿸厂黑
𠪪	⿸厂𡍮
𠪫	⿸厂⿰直攵
𠪬	⿸厂⿰⿱乛耳攴
𠪭	⿸厂𢾕
𠪮	⿸厂辟
𠪯	⿸厂睪
𠪰	⿸厡心
𠪱	⿸厤⿻乚⿰丶丶
𠪲	⿸厂勤
𠪳	⿸厂⿱⿻口⿰丨丨⿴𦥑？
𠪴	⿸厂楚
𠪵	⿸厂⿱龷重
𠪶	⿸厂⿱死豆
𠪷	⿸厂暈
𠪸	⿸厂葉
𠪹	⿸厂⿱⿻𠮛⿰丨丨𤬦
𠪺	⿸厤分
𠪻	⿰𠂬尃
𠪼	⿸厂𮎙
𠪽	⿸厂⿰⿱立⿰丨⿱？？尤
𠪾	⿸厤心
𠪿	⿸厂𧍣
𠫀	⿸厂壁
𠫁	⿸厂⿱玨杳
𠫂	⿸厂盧
𠫃	⿸厂⿰幸罙
𠫄	⿸厂⿰⿱羊𠮦令
𠫅	⿰苔厚
𠫆	⿰厚苔
𠫇	⿸厂𦗟
𠫈	⿸厂⿰緂毛
𠫉	⿸厂顛
𠫊	⿸厂聼
𠫋	⿸厂蘇
𠫌	⿰歷芟
𠫍	⿸厂贔
𠫎	⿸厂⿱⿰䀠犬金
𠫏	⿰歷卒
𠫐	⿸厂灥
𠫑	⿸厂驫
𠫒	⿱厡⿰厡厡
𠫔	⿱一厶
𠫕	⿺乙厶
𠫖	⿰厶乚
𠫗	⿵𠘨厶
𠫘	⿱厶十
𠫙	⿺𠃊⿱厶人
𠫚	⿱厶𰀁
𠫛	⿱厶𠫔
𠫜	⿱厶⿹⺄力
𠫝	⿱厶𫶧
𠫞	⿱厸几
𠫟	⿳𠂉丄厶
𠫠	⿱厶𠘬
𠫡	⿱厶木
𠫢	⿱⿻三丨厶
𠫣	⿱厶内
𠫤	⿱㐅厷
𠫥	⿱八⿱𠆢厶
𠫦	⿳厶冖巾
𠫧	⿱厶丙
𠫨	⿱厸凡
𠫩	⿱厶⿻中𠆢
𠫪	⿱厶⿻口大
𠫫	⿱厽丂
𠫬	⿱厸厸
𠫭	⿱厶夵
𠫮	⿱厶⿰日几
𠫯	⿱厽人
𠫰	⿱厽三
𠫱	⿱厶⿲⿱厶丿丨⿱厶乚
𠫲	⿰𠫤卂
𠫳	⿰去及
𠫴	⿰去少
𠫵	⿳厶大⺗
𠫶	⿱厶里
𠫷	⿰𠫤丸
𠫸	⿱厶⿲⿱厶丨丨⿱厶丨
𠫹	⿱厸⿻甲一
𠫺	⿱厶⿻串一
𠫻	⿳厶大凷
𠫼	⿱厽⿲丿二丨
𠫽	⿺叁三
𠫾	⿰去多
𠫿	⿳厶大更
𠬀	⿱厸⿱田𠫔
𠬁	⿱厽圶
𠬂	⿱厸⿱冖舛
𠬃	⿰去甫
𠬄	⿱厽⿱夂三
𠬅	⿰厽⿱大三
𠬆	⿰⿱㕕小糸
𠬇	⿱去京
𠬈	⿰去卑
𠬉	⿰去爭
𠬊	⿰⿱厶⿲丶丶丶参
𠬋	⿱厸星
𠬌	⿰并夋
𠬍	⿰夋免
𠬎	⿱厽妻
𠬏	⿰牟罔
𠬐	⿱厽⿲丿⿱二⺝丨
𠬑	⿲去去去
𠬒	⿰去骨
𠬓	⿰㕘兄
𠬔	⿱厽鼎
𠬕	⿰去補
𠬖	⿱去補
𠬗	⿰厷義
𠬘	⿱厽⿲丿⿱二韭丨
𠬙	⿰參兩
𠬚	⿱九又
𠬛	⿱刀又
𠬜	⿰又⿻𠃊乚
𠬞	⿰𠂈又
𠬟	⿱又厶
𠬠	⿱丷又
𠬡	⿸厂⿱一又
𠬢	⿱屮又
𠬣	⿹⿺㇉一又
𠬤	⿱又𰀁
𠬥	⿱巾又
𠬦	⿱㇒𠕀
𠬧	⿰丬又
𠬨	⿰卪又
𠬩	⿸𠃜又
𠬪	⿱爫又
𠬫	⿰乜⿱？又
𠬬	⿱八及
𠬭	⿱又尤
𠬮	⿰𠃜又
𠬯	⿱又𢆯
𠬰	⿱分又
𠬱	⿰另又
𠬲	⿱𡗜又
𠬳	⿲𠂈幺又
𠬴	⿱⿻又丷三
𠬵	⿰⿻⿻丷十㇒又
𠬶	⿳⺕冖又
𠬷	⿸⿻丆？又
𠬸	⿱囘又
𠬹	⿱又糸
𠬺	⿱双廾
𠬻	⿻⿱三𠬞丨
𠬼	⿻𰀁⿰⿻⿱㇒一丿又
𠬽	⿱又耒
𠬾	⿱又𢆶
𠬿	⿱丘𠬞
𠭀	⿱叒口
𠭁	⿱貝又
𠭂	⿱又孝
𠭃	⿰𦣞又
𠭄	⿱束又
𠭅	⿺友正
𠭆	⿱㞢𪠲
𠭇	⿰亩又
𠭈	⿱司⿱冖又
𠭉	⿰⿱⺊⿵冂𰀁又
𠭊	⿰？⿱𫜹又
𠭋	⿰叕㔾
𠭌	⿱叒⿻二儿
𠭍	⿱雨又
𠭎	⿱双吅
𠭏	⿱山叓
𠭐	⿺⿱士又𠂛
𠭑	⿰又奇
𠭒	⿱昌又
𠭓	⿰⿱止⿱⺌一又
𠭔	⿰𠂤反
𠭕	⿰⿱一𠦏⿱𠂉又
𠭖	⿰⿱爫古又
𠭗	⿰⿸⿸⿰丿⿱⺊⺂七⿱一井又
𠭘	⿱𣦼井
𠭙	⿸𢑚又
𠭚	⿱叒⿰口㔾
𠭛	⿱囱𠬞
𠭜	⿰𢑚又
𠭝	⿸⿰⿱𠃊丆尸反
𠭞	⿱叒叩
𠭟	⿳𱼀⿱冖幺又
𠭠	⿳⺈𦉪㞋
𠭡	⿳㇒⿻人从𠬞
𠭢	⿱⿰⿱匕夕又井
𠭣	⿰彖又
𠭤	⿰呂反
𠭥	⿰祟又
𠭦	⿱八叟
𠭧	⿱爫⿸厂⿲⿳丶丶丶丿又
𠭨	⿱叒共
𠭩	⿳𠫓日⿱冖又
𠭪	⿱䎳又
𠭫	⿰又⿱？示
𠭬	⿰又烏
𠭭	⿱⿴𦥑？又
𠭮	⿱⿰⿱上夕又井
𠭯	⿰虘又
𠭰	⿸𠩺又
𠭱	⿰⿱覀𡉀又
𠭲	⿰昜⿱人又
𠭳	⿱䒑⿲⿱䶹𰀪丨⿱又二
𠭴	⿰叕出
𠭵	⿱𠃬叹
𠭶	⿱丷⿸？⿱乛友
𠭷	⿱赦又
𠭸	⿰𰶵又
𠭹	⿰貞㕛
𠭺	⿰㕛毖
𠭻	⿻⿱丷丅⿱⿰䶹又⺝
𠭼	⿳北㓁㞋
𠭽	⿰⿱又水⿱夂⿵冂巾
𠭾	⿰⿳又𠂊巾⿳又𠂊巾
𠭿	⿰⿳一勿⿰日巾又
𠮀	⿱双⿰又⿵冂各
𠮁	⿰𣏂⿱？又
𠮂	⿰⿱共内友
𠮃	⿱辟又
𠮄	⿰叕兑
𠮅	⿳紅卄又
𠮆	⿱双敗
𠮇	⿰⿱又𢁙⿱又𢁙
𠮈	⿰⿸⿰丿⿱丶乛⿱七⿱八𥃦又
𠮉	⿰𥈠又
𠮊	⿰㝵取
𠮋	⿰𣥚取
𠮌	⿰叕臽
𠮍	⿰⿳山一巿叜
𠮎	⿱⿻工⿱从吅𠬞
𠮏	⿰𧇖又
𠮐	⿰叕舀
𠮑	⿱鞠又
𠮒	⿰章叕
𠮓	⿱䜌又
𠮔	⿰又麗
𠮕	⿳？䖵又
𠮖	⿱䜌𠬜
𠮗	⿳爫⿲糹糹糹又
𠮘	⿰⿳厶山⿵冂不⿳𠮳旧又
𠮙	⿰口乙
𠮚	⿴口丶
𠮛	⿱一口
𠮜	⿰口乚
𠮝	⿰口丨
𠮞	⿺乙口
𠮠	⿱口⿰丿𠃌
𠮡	⿱口二
𠮢	⿱又口
𠮣	⿱乂口
𠮤	⿰口𢎘
𠮥	⿱⺈口
𠮦	⿱丷口
𠮧	⿰口刂
𠮨	⿰口乃
𠮩	⿰口了
𠮪	⿰口𠃏
𠮫	⿱丸口
𠮬	⿰口丸
𠮭	⿰口勺
𠮮	⿱㇒右
𠮯	⿱己口
𠮰	⿱口巛
𠮱	⿰口亏
𠮲	⿱口亏
𠮳	⿱上口
𠮴	⿱下口
𠮵	⿰口上
𠮶	⿰口个
𠮷	⿱土口
𠮸	⿹⺄⿱亠口
𠮹	⿰口才
𠮺	⿰口𰀠
𠮻	⿰口久
𠮼	⿰口⿻𬺰乀
𠮽	⿱口廾
𠮾	⿰口兀
𠮿	⿰口山
𠯀	⿰口川
𠯁	⿱口⿻丶𬼂
𠯂	⿱口子
𠯃	⿱𠙼亅
𠯄	⿰口刃
𠯅	⿰口弋
𠯆	⿰口女
𠯇	⿰口已
𠯈	⿰口大
𠯉	⿱召一
𠯊	⿱口于
𠯋	⿰口兮
𠯌	⿱㐅右
𠯍	⿰口冄
𠯎	⿰口丮
𠯏	⿰口气
𠯐	⿰口日
𠯑	⿱氏口
𠯒	⿱化口
𠯓	⿱斤口
𠯔	⿰口匹
𠯕	⿱口匹
𠯖	⿰口户
𠯗	⿰口帀
𠯘	⿰口反
𠯙	⿰口尐
𠯚	⿳口一⿲丿丨乚
𠯛	⿸𠂇古
𠯜	⿰口勾
𠯝	⿰口𢆰
𠯞	⿰口互
𠯟	⿰口见
𠯠	⿰口为
𠯡	⿰口⿱上乙
𠯢	⿰口卅
𠯣	⿱口之
𠯤	⿰口井
𠯥	⿰口卆
𠯦	⿰口切
𠯧	⿱口⿻冂丄
𠯨	⿱分口
𠯩	⿰口扎
𠯪	⿰口歹
𠯫	⿰口戈
𠯬	⿰口龰
𠯭	⿱口日
𠯮	⿱口𫩏
𠯯	⿰口片
𠯰	⿰口什
𠯱	⿰口⿱入入
𠯲	⿰口月
𠯳	⿱勿口
𠯴	⿰口卞
𠯵	⿳口？八
𠯶	⿹⿻己𠃌口
𠯷	⿰口⿵乃厶
𠯸	⿰口厅
𠯹	⿰口仍
𠯺	⿱⿰冫匕口
𠯻	⿰口幻
𠯼	⿰口仃
𠯽	⿰口止
𠯾	⿰口仇
𠯿	⿰口六
𠰀	⿰口弔
𠰁	⿰口丐
𠰂	⿰口元
𠰃	⿰口壬
𠰄	⿰口予
𠰅	⿱口手
𠰆	⿰口⿱𰀄乙
𠰇	⿱口⿻冖⿺㇉一
𠰈	⿰口弘
𠰉	⿰口召
𠰊	⿰口疋
𠰋	⿰口丘
𠰌	⿰口末
𠰍	⿰口主
𠰎	⿱口㞋
𠰏	⿰口乏
𠰐	⿰口叵
𠰑	⿰口厈
𠰒	⿰口尒
𠰓	⿱口禾
𠰔	⿱母口
𠰕	⿱出口
𠰖	⿰口𦫼
𠰗	⿰口𠂞
𠰘	⿰口皿
𠰙	⿰口刊
𠰚	⿰口尓
𠰛	⿱山古
𠰜	⿰口⿻⿱乊一亅
𠰝	⿱罒口
𠰞	⿱𠂉吕
𠰟	⿹⿷⿼弓一一口
𠰠	⿰口巨
𠰡	⿳口宀⿺㇉一
𠰢	⿰口半
𠰣	⿱必口
𠰤	⿰⿱口方亅
𠰥	⿱䒑右
𠰦	⿰永口
𠰧	⿰口玉
𠰨	⿱口⿸厂⿰丿𠤎
𠰩	⿰口用
𠰪	⿰口正
𠰫	⿱𡗗口
𠰬	⿱口由
𠰭	⿰口卯
𠰮	⿰口生
𠰯	⿰口匆
𠰰	⿱代口
𠰱	⿰口节
𠰲	⿰口术
𠰳	⿰口丙
𠰴	⿰口石
𠰵	⿰口𡗜
𠰶	⿱一君
𠰷	⿰口卢
𠰸	⿰口囙
𠰹	⿰口㐌
𠰺	⿰口代
𠰻	⿰口外
𠰼	⿰口巿
𠰽	⿰口宂
𠰾	⿰口凥
𠰿	⿰口氶
𠱀	⿰口皮
𠱁	⿰口氹
𠱂	⿰口凸
𠱃	⿰口凹
𠱄	⿱口皿
𠱅	⿰口圣
𠱆	⿰口孕
𠱇	⿰口宂
𠱈	⿰口矢
𠱉	⿰口㐱
𠱊	⿰口仕
𠱋	⿰口由
𠱌	⿰口弍
𠱍	⿰口犯
𠱎	⿰口⿱勿一
𠱏	⿰口𭺜
𠱐	⿰口吴
𠱑	⿱口夻
𠱒	⿱朱口
𠱓	⿰口危
𠱔	⿰口守
𠱕	⿰口兊
𠱖	⿰口囟
𠱗	⿳亠口冄
𠱘	⿰口屰
𠱙	⿰口尗
𠱚	⿰口𠧗
𠱛	⿱刀冏
𠱜	⿰口存
𠱝	⿰口䏍
𠱞	⿰口杂
𠱟	⿰口⿱匕木
𠱠	⿲口口口
𠱡	⿰口⿻𦉫𠄠
𠱢	⿰口汗
𠱣	⿰口⿹弓土
𠱤	⿰口耒
𠱥	⿰口卉
𠱦	⿱𫡑口
𠱧	⿱𠇊口
𠱨	⿰口⿹⺄⿻丨⿱凵凵
𠱩	⿵⿻兀冂𠮛
𠱪	⿰口⿱丶平
𠱫	⿱立⿱㇒口
𠱬	⿵⺆⿱龶口
𠱭	⿱艸口
𠱮	⿱口䏍
𠱯	⿱吅工
𠱰	⿵𠘨⿱丰口
𠱱	⿰口⿱匆一
𠱲	⿰口𢑑
𠱳	⿰口弜
𠱴	⿰口全
𠱵	⿱𠮚央
𠱶	⿰口宇
𠱷	⿰口名
𠱸	⿰口臣
𠱹	⿰口托
𠱺	⿰口丞
𠱻	⿰口再
𠱼	⿰口考
𠱽	⿰口在
𠱾	⿰口寺
𠱿	⿰口劦
𠲀	⿱吏口
𠲁	⿱口⿻口？
𠲂	⿰口㕦
𠲃	⿰口印
𠲄	⿰口邜
𠲅	⿰口色
𠲆	⿰𥝍口
𠲇	⿰口⿱𠆢不
𠲈	⿰口氽
𠲉	⿱口任
𠲊	⿰口𡕟
𠲋	⿰口朿
𠲌	⿰口戍
𠲍	⿰口丢
𠲎	⿰口伐
𠲏	⿰口任
𠲐	⿰口⿸𠂆氏
𠲑	⿰半⿱口𠄎
𠲒	⿱𠇍口
𠲓	⿰口夅
𠲔	⿰口亦
𠲕	⿰口庄
𠲖	⿰口衣
𠲗	⿰口䇂
𠲘	⿱羊口
𠲙	⿰口㞍
𠲚	⿰口孖
𠲛	⿰口回
𠲜	⿰口争
𠲝	⿰口対
𠲞	⿰口扛
𠲟	⿰口件
𠲠	⿰口收
𠲡	⿰口好
𠲢	⿰口吊
𠲣	⿰口血
𠲤	⿰口汝
𠲥	⿰口礼
𠲦	⿰口戎
𠲧	⿰口式
𠲨	⿰口池
𠲩	⿱六古
𠲪	⿰口⿸户㔾
𠲫	⿰口⿹⺄出
𠲬	⿰口𦣞
𠲭	⿰吆欠
𠲮	⿰口巠
𠲯	⿱每口
𠲰	⿰口君
𠲱	⿰丰各
𠲲	⿰口⿻文彡
𠲳	⿰口身
𠲴	⿰口投
𠲵	⿰口劫
𠲶	⿰口免
𠲷	⿰口𦔮
𠲸	⿰口男
𠲹	⿱𠯇心
𠲺	⿰口岌
𠲻	⿱沂口
𠲼	⿰口臼
𠲽	⿰口佛
𠲾	⿰口䀏
𠲿	⿰口束
𠳀	⿰口甬
𠳁	⿰口困
𠳂	⿰口𠯑
𠳃	⿰口汞
𠳄	⿱巫口
𠳅	⿱釆口
𠳆	⿹𢦒口
𠳇	⿱听口
𠳈	⿰口𠯌
𠳉	⿰口⿱旬一
𠳊	⿰可去
𠳋	⿱𠀐㠯
𠳌	⿰去可
𠳍	⿰口⿱而一
𠳎	⿰口似
𠳏	⿰口扯
𠳐	⿰口邦
𠳑	⿰口抑
𠳒	⿰口𡗶
𠳓	⿰口庇
𠳔	⿰口佢
𠳕	⿰口抄
𠳖	⿰口扱
𠳗	⿰口⿱士冗
𠳘	⿰口攸
𠳙	⿰台代
𠳚	⿰口改
𠳛	⿱㳊口
𠳜	⿰口⿱龶⿰丨𡿨
𠳝	⿰口否
𠳞	⿰口却
𠳟	⿰口⿱王兀
𠳠	⿰口𠑿
𠳡	⿰口串
𠳢	⿱叱必
𠳣	⿰口𦉴
𠳤	⿰口步
𠳥	⿰口⿱山仝
𠳦	⿰口⿱罒又
𠳧	⿰口？
𠳨	⿰口每
𠳩	⿰口佊
𠳪	⿰口𠯳
𠳫	⿰古用
𠳬	⿰古古
𠳭	⿰口克
𠳮	⿱右冋
𠳯	⿰号号
𠳰	⿰口⿱止夊
𠳱	⿰口卤
𠳲	⿰口⿱日于
𠳳	⿰口呆
𠳴	⿰口⿱中女
𠳵	⿱吅文
𠳶	⿰口秃
𠳷	⿰口佉
𠳸	⿰口⿱𠚤木
𠳹	⿰口床
𠳺	⿰口吝
𠳻	⿰口⿱文夕
𠳼	⿰口宋
𠳽	⿰口䆑
𠳾	⿰口罕
𠳿	⿰口尾
𠴀	⿱𠱳一
𠴁	⿰口⿹⿻⿰丨⿱？一𠃌口
𠴂	⿰口努
𠴃	⿰口⿻厸大
𠴄	⿰口糺
𠴅	⿳二？口
𠴆	⿰口忒
𠴇	⿰口兵
𠴈	⿰口宏
𠴉	⿰口阮
𠴊	⿰口呂
𠴋	⿰口拋
𠴌	⿰口灵
𠴍	⿰口忍
𠴎	⿰口沃
𠴏	⿰口芒
𠴐	⿰口忸
𠴑	⿰口𦬑
𠴒	⿰口伶
𠴓	⿰口低
𠴔	⿰口呈
𠴕	⿰口妙
𠴖	⿰口位
𠴗	⿰口杜
𠴘	⿰口村
𠴙	⿰口把
𠴚	⿰口作
𠴛	⿰口穷
𠴜	⿰口技
𠴝	⿰口汪
𠴞	⿰口伴
𠴟	⿰口羋
𠴠	⿰口𠇮
𠴡	⿰口皃
𠴢	⿰口声
𠴣	⿰口⿱丷句
𠴤	⿰吐心
𠴥	⿰口沈
𠴦	⿰句主
𠴧	⿰口亝
𠴨	⿰口官
𠴩	⿱口其
𠴪	⿰口㕞
𠴫	⿰口叔
𠴬	⿰口𣏋
𠴭	⿰口易
𠴮	⿰口忿
𠴯	⿰口⿻壬从
𠴰	⿰口咎
𠴱	⿰口固
𠴲	⿰口沓
𠴳	⿰口肴
𠴴	⿰口迊
𠴵	⿰口帚
𠴶	⿰口⿱匈儿
𠴷	⿰口㕁
𠴸	⿱波口
𠴹	⿰口泣
𠴺	⿰口𠒆
𠴻	⿰口陁
𠴼	⿰口到
𠴽	⿰口⿱亠多
𠴾	⿰口⿱丑丑
𠴿	⿱口⿱㇒⿴囗⿻𠄠⿰丨丨
𠵀	⿱品十
𠵁	⿵周口
𠵂	⿱林口
𠵃	⿰口㚔
𠵄	⿰口𬙘
𠵆	⿰口担
𠵇	⿰口奇
𠵈	⿰口妹
𠵉	⿰口杭
𠵊	⿱𦍌古
𠵋	⿰口⿱白工
𠵌	⿰口宜
𠵍	⿱析口
𠵎	⿰口姑
𠵏	⿰口匼
𠵐	⿰口怯
𠵑	⿰口⿸尸⿹𠃌𠮛
𠵒	⿰口䘚
𠵓	⿳⿳丨𠮚丨𠮚丨
𠵔	⿰口並
𠵕	⿰口坴
𠵖	⿰口戔
𠵗	⿰号光
𠵘	⿰口門
𠵙	⿰口岺
𠵚	⿰口岸
𠵛	⿱品丂
𠵜	⿰口罔
𠵝	⿰口芽
𠵞	⿰告勿
𠵟	⿰口⿱𠂒木
𠵠	⿰口⿱一否
𠵡	⿰口㐩
𠵢	⿰口𧹘
𠵣	⿰口軋
𠵤	⿱叀口
𠵥	⿱五吾
𠵦	⿰吾午
𠵧	⿸𮝾口
𠵨	⿰口㝵
𠵩	⿰口果
𠵪	⿱吅⿰工乂
𠵫	⿰口昂
𠵬	⿱品又
𠵭	⿰口𦙃
𠵮	⿰口牪
𠵯	⿰口刮
𠵰	⿰口⿱𠂉光
𠵱	⿰口依
𠵲	⿰后可
𠵳	⿰后㞋
𠵴	⿰口命
𠵵	⿰合半
𠵶	⿳口凶𠬞
𠵷	⿰口兖
𠵸	⿰口弥
𠵹	⿰口岡
𠵺	⿰口𱬷
𠵻	⿰口宗
𠵼	⿰口孟
𠵽	⿰口法
𠵾	⿰口画
𠵿	⿰口披
𠶀	⿰口罙
𠶁	⿰口𭁈
𠶂	⿰口𢼂
𠶃	⿰口玩
𠶄	⿰口𡥚
𠶅	⿰口招
𠶆	⿰口𨑮
𠶇	⿰吊永
𠶈	⿰口社
𠶉	⿰口凭
𠶊	⿰口坡
𠶋	⿰口芥
𠶌	⿰口近
𠶍	⿰口枕
𠶎	⿰口彼
𠶏	⿰口秉
𠶐	⿰口迎
𠶑	⿰口𱐍
𠶒	⿰口怛
𠶓	⿰口表
𠶔	⿰口怪
𠶕	⿰口沼
𠶖	⿰口枉
𠶗	⿰口直
𠶘	⿱可列
𠶙	⿰口芣
𠶚	⿰口妸
𠶛	⿰口京
𠶜	⿰口制
𠶝	⿰口事
𠶞	⿰口性
𠶟	⿰口押
𠶠	⿰口治
𠶡	⿰口𥐧
𠶢	⿰口油
𠶣	⿰口枚
𠶤	⿰口尚
𠶥	⿰口穹
𠶦	⿰口庙
𠶧	⿰口店
𠶨	⿰口炙
𠶩	⿰口⿸尸𫞕
𠶪	⿰口⿸虍刀
𠶫	⿰口⿱大氶
𠶬	⿱吅⿱一龷
𠶭	⿰口⿱⿻口十女
𠶮	⿱吉古
𠶯	⿰口拙
𠶰	⿱𠚤周
𠶱	⿰可各
𠶲	⿰口厒
𠶳	⿱⿰户殳口
𠶴	⿰口𨸲
𠶵	⿳口⿱⿲丨⿹勹丿丨一八
𠶶	⿰启戈
𠶷	⿳立中口
𠶸	⿰口卻
𠶹	⿰口紇
𠶺	⿰口㪅
𠶻	⿰口咠
𠶼	⿰口𥄉
𠶽	⿰口𢇂
𠶾	⿰口苛
𠶿	⿰口羍
𠷀	⿰口耎
𠷁	⿰口前
𠷂	⿰口怠
𠷃	⿰口⿳穴𠆢又
𠷄	⿰口𢈊
𠷅	⿰口茁
𠷆	⿰口苲
𠷇	⿰口施
𠷈	⿰口律
𠷉	⿰口迦
𠷊	⿰口便
𠷋	⿰口厚
𠷌	⿰口則
𠷍	⿰口⿺𠃊录
𠷎	⿹𢏚口
𠷏	⿺丸咼
𠷐	⿰口恒
𠷑	⿰口癹
𠷒	⿱𫩜目
𠷓	⿰甹只
𠷔	⿱⿻⿱一吅人亾
𠷕	⿰口風
𠷖	⿰口窆
𠷗	⿸彦口
𠷘	⿰口秌
𠷙	⿰口⿱目攵
𠷚	⿰口昰
𠷛	⿳⿱口一凶𠬞
𠷜	⿱坐句
𠷝	⿰口𱕻
𠷞	⿰卵古
𠷟	⿰口界
𠷠	⿱䂝口
𠷢	⿰口⿰𦈢亍
𠷣	⿰口虽
𠷤	⿰口胞
𠷥	⿰口亭
𠷦	⿰口勉
𠷧	⿰口⿹戈灭
𠷨	⿰口扁
𠷩	⿰口姜
𠷪	⿰口⿱宀𠮷
𠷫	⿱⿻十吅𧘇
𠷬	⿰口柬
𠷭	⿰口⿶凵⿻丂叹
𠷮	⿰口毒
𠷯	⿰口眉
𠷰	⿱口面
𠷱	⿱⿺⿻干乀甘口
𠷲	⿰口⿱⺕吋
𠷳	⿱⿺⿱日夂卜口
𠷴	⿰口後
𠷵	⿰口紂
𠷶	⿰口㚅
𠷷	⿰𤤋口
𠷸	⿰口壴
𠷹	⿰口相
𠷺	⿰口勃
𠷻	⿰哂寸
𠷼	⿰口⿵戌小
𠷽	⿻吅朿
𠷾	⿰口𥄎
𠷿	⿰口怎
𠸀	⿰口⿱夕交
𠸁	⿰口派
𠸂	⿰口突
𠸃	⿰口㢲
𠸄	⿰口英
𠸅	⿱吅⿰歹又
𠸆	⿱次吉
𠸇	⿰口⿱弜大
𠸈	⿳⿱吅一亠土
𠸉	⿰口峉
𠸊	⿰口耷
𠸋	⿰口苦
𠸌	⿰口㒸
𠸍	⿰口美
𠸎	⿰口拏
𠸏	⿰口茄
𠸐	⿰口衿
𠸑	⿰口削
𠸒	⿰口保
𠸓	⿰口括
𠸔	⿰口⿱艹市
𠸕	⿰口胤
𠸖	⿰口苓
𠸗	⿱初古
𠸘	⿰口俗
𠸙	⿰古弄
𠸚	⿰口苟
𠸛	⿰名先
𠸜	⿺先名
𠸝	⿰口⿳⺊𫜹龰
𠸞	⿰口炶
𠸟	⿰口盃
𠸠	⿰口𱒢
𠸡	⿰口洫
𠸢	⿰口畐
𠸣	⿰口紅
𠸤	⿰口待
𠸥	⿰口計
𠸦	⿰口看
𠸧	⿰口恪
𠸨	⿰口俚
𠸩	⿰口貞
𠸪	⿰口洛
𠸫	⿰口奏
𠸬	⿰口侵
𠸭	⿺是口
𠸮	⿰甹号
𠸯	⿰口匽
𠸰	⿰口𣢜
𠸱	⿱⿲口丨口示
𠸲	⿳一厸冏
𠸳	⿰口陋
𠸴	⿰口𢦶
𠸵	⿰口𭾡
𠸶	⿱哭亡
𠸷	⿰口浮
𠸸	⿰口唇
𠸹	⿰口彧
𠸺	⿰口逆
𠸻	⿰口建
𠸼	⿰口𨒒
𠸽	⿰口迡
𠸾	⿰口𦚖
𠸿	⿰𠧢召
𠹀	⿰口孫
𠹁	⿰口窊
𠹂	⿰口疵
𠹃	⿰口盎
𠹄	⿰口圅
𠹅	⿰口恭
𠹆	⿰口耽
𠹇	⿰口𣬉
𠹈	⿱吅里
𠹉	⿳龸⿺𠃊口日
𠹊	⿰口草
𠹋	⿰口疾
𠹌	⿰口能
𠹍	⿰口容
𠹎	⿰口烋
𠹏	⿰口蚤
𠹐	⿰口夎
𠹑	⿰口臬
𠹒	⿰口宫
𠹓	⿰口⿸户缶
𠹔	⿰口唐
𠹕	⿰口豹
𠹖	⿰口展
𠹗	⿰口哲
𠹘	⿰口⿱⺊𡕥
𠹙	⿰口挈
𠹚	⿰口員
𠹛	⿰口豈
𠹜	⿱品止
𠹝	⿱㭝口
𠹞	⿰口⿱含廾
𠹟	⿱𡨄口
𠹠	⿰口⿱臼木
𠹡	⿰口𦤃
𠹢	⿱𭮪口
𠹣	⿱吅攻
𠹥	⿰口𦐇
𠹦	⿰口⿱比糸
𠹧	⿱立⿻冂夻
𠹨	⿰⿱⺈𡰪乍
𠹩	⿱君乑
𠹪	⿰咅句
𠹫	⿱⿻土𠓜回
𠹬	⿰咼元
𠹮	⿰口⿱此用
𠹯	⿰口陛
𠹰	⿰口貶
𠹱	⿰口渠
𠹲	⿰口渚
𠹳	⿰口桀
𠹴	⿰口郡
𠹵	⿰口晏
𠹶	⿰口砰
𠹷	⿰口娥
𠹸	⿰口衾
𠹹	⿰口倫
𠹺	⿰口埋
𠹻	⿰口朕
𠹼	⿰口宰
𠹽	⿰口荄
𠹾	⿰受召
𠹿	⿰口𡌥
𠺀	⿰口𡨐
𠺁	⿰口弱
𠺂	⿰口⿱大⿱龷？
𠺃	⿱振口
𠺄	⿰口𡘤
𠺅	⿰口烈
𠺆	⿰口套
𠺇	⿳吉廿口
𠺈	⿰口𦮴
𠺉	⿰口閅
𠺊	⿰口茸
𠺋	⿰口缺
𠺌	⿰口鬼
𠺍	⿰口⿸𠂆⿳目一八
𠺎	⿰馬口
𠺏	⿰口翅
𠺐	⿱吅見
𠺑	⿰口𥬇
𠺒	⿰口息
𠺓	⿰口釗
𠺔	⿰口𰢱
𠺖	⿰口畝
𠺗	⿰口迷
𠺘	⿰口浪
𠺙	⿰口退
𠺚	⿰口班
𠺛	⿱⿰老攵口
𠺜	⿰口荖
𠺝	⿰口格
𠺞	⿱⿻丅⿱冖一舎
𠺟	⿰口庫
𠺠	⿰口竜
𠺡	⿰口欬
𠺢	⿰口家
𠺣	⿰口剥
𠺤	⿱㪿口
𠺥	⿰召受
𠺦	⿰口借
𠺧	⿰口條
𠺨	⿰口恥
𠺩	⿰口流
𠺪	⿰口氣
𠺫	⿰口料
𠺬	⿰口起
𠺭	⿰口俸
𠺮	⿰口時
𠺯	⿰員亡
𠺰	⿰口称
𠺱	⿰口恐
𠺲	⿰口振
𠺳	⿰口⿱尤旨
𠺴	⿰口茖
𠺵	⿰口聀
𠺶	⿰口納
𠺷	⿰口祝
𠺸	⿰口浸
𠺹	⿰口荑
𠺺	⿰口桂
𠺻	⿰口級
𠺼	⿰口𥸷
𠺽	⿰口殺
𠺾	⿰口珠
𠺿	⿰口原
𠻀	⿰口徒
𠻁	⿺羌司
𠻂	⿰口訔
𠻃	⿰口軒
𠻄	⿰口荒
𠻅	⿰口砭
𠻆	⿰口陣
𠻇	⿰呆曳
𠻈	⿰口宴
𠻉	⿰口适
𠻊	⿰口席
𠻋	⿰口𤰇
𠻌	⿰吕⿺乚吕
𠻍	⿰口⿱臽又
𠻎	⿰口斊
𠻏	⿰口⿹𢦏⿻⿰丿亅八
𠻐	⿰口珞
𠻑	⿰口郗
𠻒	⿰口⿸厂奄
𠻓	⿰口隺
𠻔	⿰口𠁅
𠻕	⿰口㝡
𠻖	⿱品生
𠻗	⿰口离
𠻘	⿰口雀
𠻙	⿰口𡇶
𠻚	⿱莫口
𠻛	⿰口造
𠻜	⿰口率
𠻝	⿱品㐱
𠻞	⿰口康
𠻟	⿰口桼
𠻠	⿰口聆
𠻡	⿱𣂞口
𠻢	⿰口雩
𠻣	⿰口速
𠻤	⿰口寅
𠻥	⿰口巢
𠻦	⿰口𡕩
𠻧	⿰口梏
𠻨	⿰口堇
𠻩	⿰口窕
𠻪	⿰口淡
𠻫	⿰口悥
𠻬	⿰口荼
𠻭	⿳山中冏
𠻮	⿱來回
𠻯	⿰口悊
𠻰	⿱𠱠⿸丂三
𠻱	⿰口陵
𠻲	⿰口赦
𠻳	⿰口敕
𠻴	⿰口朗
𠻵	⿰口莽
𠻶	⿰口𦱤
𠻷	⿰口現
𠻸	⿰𠀷司
𠻹	⿰口添
𠻺	⿰口掗
𠻻	⿰口閉
𠻼	⿰口荳
𠻽	⿰口梅
𠻾	⿰口望
𠻿	⿰口產
𠼀	⿰口章
𠼁	⿰口⿳丶亚𧘇
𠼂	⿰口陳
𠼃	⿱斬口
𠼄	⿰口⿳大廿从
𠼅	⿱吅奄
𠼆	⿱𡨤口
𠼇	⿰口屚
𠼈	⿰口捼
𠼉	⿰口⿱辰⺼
𠼊	⿰口𫞫
𠼋	⿰口問
𠼌	⿰口⿰⿱山王攵
𠼍	⿰口⿰⿱白勹攵
𠼎	⿰口⿱白米
𠼏	⿰口做
𠼐	⿰口犁
𠼑	⿰告告
𠼒	⿰口笨
𠼓	⿰口亀
𠼔	⿰口常
𠼕	⿰口排
𠼖	⿰口婪
𠼗	⿰口斬
𠼘	⿰口𠵥
𠼙	⿰口爽
𠼚	⿰口敗
𠼛	⿱𠱠⿸厂三
𠼜	⿰口⿱山⿴囗丛
𠼝	⿰口梨
𠼞	⿰合亞
𠼟	⿰口⿱八面
𠼠	⿰口⿱氏貝
𠼡	⿹𢏚叹
𠼢	⿰口强
𠼣	⿰口⿱双酉
𠼤	⿰口堅
𠼥	⿰口䖏
𠼦	⿰口曼
𠼧	⿱品𠙹
𠼨	⿳吅凵吅
𠼩	⿰口崙
𠼪	⿰口移
𠼫	⿰口⿰釒亍
𠼬	⿰口商
𠼭	⿰口缽
𠼮	⿰口偽
𠼯	⿰口許
𠼰	⿰口梗
𠼱	⿰口累
𠼲	⿰口堆
𠼳	⿰口乾
𠼴	⿰口頃
𠼵	⿰口停
𠼶	⿰口赧
𠼷	⿰台哉
𠼸	⿰口偃
𠼹	⿰口𧵆
𠼺	⿰口惮
𠼻	⿰口基
𠼼	⿰口莩
𠼽	⿰口覓
𠼾	⿰口崇
𠼿	⿱𠳺心
𠽀	⿰口偶
𠽁	⿰口處
𠽂	⿰口弹
𠽃	⿰口執
𠽄	⿰口探
𠽅	⿰口舂
𠽆	⿰口訥
𠽇	⿰口⿰氵⿱白工
𠽈	⿰口淺
𠽉	⿰口深
𠽊	⿰口敏
𠽋	⿰口匿
𠽌	⿰口雪
𠽍	⿰口淫
𠽎	⿰口涯
𠽏	⿰口陷
𠽐	⿰口魚
𠽑	⿰口豉
𠽒	⿰口頂
𠽓	⿰口袞
𠽔	⿰口疎
𠽕	⿰口捷
𠽖	⿰口逐
𠽗	⿰口眼
𠽘	⿱味向
𠽙	⿰口假
𠽚	⿱可重
𠽛	⿰口陰
𠽜	⿰口啻
𠽝	⿱吅典
𠽞	⿰口混
𠽠	⿰古段
𠽡	⿰口惠
𠽢	⿰口博
𠽣	⿰口㞚
𠽤	⿰口戟
𠽥	⿰口䙵
𠽦	⿰口減
𠽧	⿰口𬛳
𠽨	⿰口𡩘
𠽩	⿰口筆
𠽪	⿰口湆
𠽫	⿰口閕
𠽬	⿰口貳
𠽭	⿰口𪩃
𠽮	⿰口提
𠽯	⿰口堤
𠽰	⿰口寔
𠽱	⿰口寋
𠽲	⿰口⿱釆皿
𠽳	⿰口⿱來日
𠽴	⿰口𦓔
𠽵	⿰口𧯡
𠽶	⿰口毳
𠽷	⿱口貲
𠽸	⿱吅頁
𠽹	⿰口𧦴
𠽺	⿱臣𡋑
𠽻	⿰口喆
𠽼	⿰口歰
𠽽	⿱吅⿰⿱𫜹匕爻
𠽾	⿰口普
𠽿	⿰口辜
𠾀	⿰口𰕎
𠾁	⿰口𡎐
𠾂	⿳來一回
𠾃	⿱⿱亠⿻⿱凵丨凵⿵冂夻
𠾄	⿳爫爫⿵𠘨古
𠾅	⿱吅品
𠾆	⿰口犂
𠾇	⿰口厨
𠾈	⿰口⿱𱼀咅
𠾉	⿹𢏚吋
𠾊	⿰口𡍮
𠾋	⿰口𭪿
𠾌	⿰口𦥭
𠾍	⿰口棄
𠾎	⿰口散
𠾏	⿰口奢
𠾐	⿰口隆
𠾑	⿰口衘
𠾒	⿰口雅
𠾓	⿰口詔
𠾔	⿰口税
𠾕	⿰口隊
𠾖	⿳吅大吅
𠾗	⿰口𣣖
𠾘	⿰口𧦱
𠾙	⿰口富
𠾚	⿰口費
𠾛	⿰口黃
𠾜	⿰口歮
𠾝	⿰口⿰⿱日开攵
𠾞	⿰口棼
𠾟	⿰⿳口田八可
𠾠	⿰口豿
𠾡	⿰口等
𠾢	⿰口尌
𠾣	⿰口森
𠾤	⿱森口
𠾥	⿰哥令
𠾦	⿰口悲
𠾧	⿱吅禺
𠾨	⿰口嵌
𠾩	⿰口⿱山曷
𠾪	⿰口𦊽
𠾫	⿰口須
𠾬	⿰口欽
𠾭	⿰口萎
𠾮	⿰口䆤
𠾯	⿰口𰗷
𠾰	⿰口⿳宀夂至
𠾱	⿰口替
𠾲	⿰口越
𠾳	⿱可⿰可可
𠾴	⿰口棒
𠾵	⿰口揸
𠾶	⿰口景
𠾷	⿰口報
𠾸	⿰口超
𠾹	⿰呑卒
𠾺	⿰口善
𠾻	⿰口湛
𠾼	⿰口絕
𠾽	⿰口閏
𠾾	⿰口湿
𠾿	⿰口項
𠿀	⿰口稍
𠿁	⿰口欺
𠿂	⿰口插
𠿃	⿰口媒
𠿄	⿰口寓
𠿅	⿰口萑
𠿆	⿰口⿳厶⿱大丰夊
𠿇	⿰口解
𠿈	⿰口愁
𠿉	⿱𣪠口
𠿊	⿰口𣪠
𠿋	⿰口粤
𠿌	⿰口⿱𱼀音
𠿍	⿰口殿
𠿎	⿰口𩰬
𠿏	⿰口煎
𠿐	⿰口㬅
𠿑	⿰口感
𠿒	⿰口歇
𠿓	⿰口䪞
𠿔	⿰口⿱彖心
𠿕	⿰喬亢
𠿖	⿰口⿰𧆞欠
𠿗	⿰口瑟
𠿘	⿰口雋
𠿙	⿰口雹
𠿚	⿰口葉
𠿛	⿰口虜
𠿜	⿰口㼫
𠿝	⿰口楚
𠿞	⿰口亶
𠿟	⿱𦥯口
𠿠	⿰口戢
𠿡	⿱穴⿱叕口
𠿢	⿰口羨
𠿣	⿰口歅
𠿤	⿰口鼓
𠿥	⿰口𦞅
𠿦	⿳臣吅壬
𠿧	⿱⿻十吅⿵冂夻
𠿨	⿰口幹
𠿩	⿰口瑞
𠿪	⿰口賈
𠿫	⿰口筲
𠿬	⿰口傻
𠿭	⿰口滑
𠿮	⿰口飲
𠿯	⿰口嵬
𠿰	⿰口飭
𠿱	⿰口道
𠿲	⿰售旦
𠿳	⿰口廉
𠿴	⿰口碍
𠿵	⿰口貇
𠿶	⿰口準
𠿷	⿰口閙
𠿸	⿰口萼
𠿹	⿰口賃
𠿺	⿰口葬
𠿻	⿰喬元
𠿼	⿰口煞
𠿽	⿰⿱口⿻𦉫𠄠甫
𠿾	⿰口𢊊
𠿿	⿰口義
𡀀	⿰口禀
𡀁	⿰口嗇
𡀂	⿰口雷
𡀃	⿰口斟
𡀄	⿰口壼
𡀅	⿰口⿱⿻十从貝
𡀆	⿰喜不
𡀇	⿰口董
𡀈	⿱吅庭
𡀉	⿱品冝
𡀊	⿰口閠
𡀋	⿳吅𡗜⿻日乚
𡀌	⿰口𦴹
𡀍	⿰口愈
𡀎	⿰口微
𡀏	⿰口⿲彳㞬攵
𡀐	⿰口楺
𡀑	⿰口輈
𡀒	⿰号翏
𡀓	⿱𠱠坐
𡀔	⿰口路
𡀕	⿰口⿱山⿸厂炎
𡀖	⿰口鉢
𡀗	⿰口詩
𡀘	⿰口嫈
𡀙	⿰口窟
𡀚	⿰唆糸
𡀛	⿰口雽
𡀜	⿰口筭
𡀝	⿰口稔
𡀞	⿰口楫
𡀟	⿰口遂
𡀠	⿰口備
𡀡	⿰口溺
𡀢	⿰口嵩
𡀣	⿰口勤
𡀤	⿰口筹
𡀥	⿰口葩
𡀦	⿰口温
𡀧	⿰呌畏
𡀨	⿰口補
𡀩	⿰口落
𡀪	⿱召排
𡀫	⿰口稟
𡀬	⿰口碎
𡀭	⿰口舅
𡀮	⿰口裊
𡀯	⿰口傳
𡀰	⿰口催
𡀱	⿰口號
𡀲	⿰口該
𡀳	⿰口群
𡀴	⿰口摀
𡀵	⿰口誇
𡀶	⿰口源
𡀷	⿰口遁
𡀸	⿱𤇾同
𡀹	⿰口筫
𡀺	⿰口䝱
𡀻	⿰告昜
𡀼	⿰口嫈
𡀽	⿰口蓋
𡀾	⿰口㬎
𡀿	⿰口屢
𡁀	⿰口𣣻
𡁁	⿰口㪡
𡁂	⿰口遟
𡁃	⿰口實
𡁄	⿰口𩚴
𡁅	⿰口𭀰
𡁆	⿰口犖
𡁇	⿰口綽
𡁈	⿰口辡
𡁉	⿱嗎中
𡁊	⿰口𡠺
𡁋	⿰口㥯
𡁌	⿰口䯉
𡁍	⿰嗐欠
𡁎	⿰口與
𡁏	⿰口蒙
𡁐	⿰口⿱苁⿰个个
𡁑	⿰口⿳一⿰口㐄⿵冂𢆉
𡁒	⿰口毄
𡁓	⿰口㼲
𡁔	⿰口精
𡁕	⿰口翣
𡁖	⿰口⿱？𦍎
𡁗	⿰喬⿱亠⿴儿一
𡁘	⿱吅𭺾
𡁙	⿰口慨
𡁚	⿰口漢
𡁛	⿰口嫩
𡁜	⿰口禍
𡁝	⿰口𦥷
𡁞	⿰口敲
𡁟	⿰口賓
𡁠	⿰口爾
𡁡	⿰口䦚
𡁢	⿰咠𠱄
𡁣	⿰口䔍
𡁤	⿰口閣
𡁥	⿳⿱吅乛工⿱冖⿻日乚
𡁦	⿰口⿱⿱⿻十吅冖⺝
𡁧	⿰口臧
𡁨	⿱對口
𡁩	⿰員声
𡁪	⿰口⿱罒則
𡁫	⿰口⿱隹臼
𡁬	⿰口銀
𡁭	⿰咪非
𡁮	⿰口窩
𡁯	⿰口奪
𡁰	⿰口𦂝
𡁱	⿰口熙
𡁲	⿰口⿱⿱士冖⿻日龰
𡁳	⿰單犮
𡁴	⿰口團
𡁵	⿰口緊
𡁶	⿰口截
𡁷	⿲口豕⿱𱼀寸
𡁸	⿰口𨻶
𡁹	⿰口誘
𡁺	⿰口滾
𡁻	⿰口趙
𡁼	⿰口漂
𡁽	⿰口𣗪
𡁾	⿰口說
𡁿	⿰口蒭
𡂀	⿰口槁
𡂁	⿰口慟
𡂂	⿰口語
𡂃	⿰口魂
𡂄	⿰口頗
𡂅	⿰口𡼇
𡂆	⿰口榴
𡂇	⿱吅𡕩
𡂈	⿰口僕
𡂉	⿰口誓
𡂊	⿰口⿱𠆢淼
𡂋	⿰口熒
𡂌	⿰口⿰真少
𡂍	⿰口⿰歹盎
𡂎	⿰口綠
𡂏	⿰口巤
𡂐	⿰口賛
𡂑	⿰口盤
𡂒	⿰口質
𡂓	⿰口適
𡂔	⿰口慼
𡂕	⿰口蓼
𡂖	⿰口厲
𡂗	⿰口𮥼
𡂘	⿰口麃
𡂙	⿰口遲
𡂚	⿰口䁝
𡂛	⿰口𫔡
𡂜	⿰口⿱叕酉
𡂝	⿰口賣
𡂞	⿰口㙯
𡂟	⿰喿包
𡂠	⿰口蔡
𡂡	⿰口數
𡂢	⿰口䲷
𡂣	⿰口⿱馬⿻口⿰丿丨
𡂤	⿱⿻干㗊亾
𡂥	⿰口⿳⿱止八中𡉀
𡂦	⿱⿻⿳一⿰丨丨一吅⿵冂夻
𡂧	⿳⿱一吅一⿳吅一亡
𡂨	⿲吕臣吕
𡂩	⿰口𦖩
𡂪	⿰口遮
𡂫	⿰口蓬
𡂬	⿰君堇
𡂭	⿰口⿺辶庻
𡂮	⿰口耦
𡂯	⿰吝朗
𡂰	⿰口鄰
𡂱	⿰口鄧
𡂲	⿱𠳒例
𡂳	⿰口磊
𡂴	⿰口蓮
𡂵	⿰口影
𡂶	⿰？⿳口曲日
𡂷	⿰口寬
𡂸	⿰口鄭
𡂹	⿰口審
𡂺	⿰口養
𡂻	⿰口慶
𡂼	⿰口罵
𡂽	⿱吅覃
𡂾	⿱口滕
𡂿	⿰口歐
𡃀	⿰口毅
𡃁	⿰口靚
𡃂	⿰口⿱宀舃
𡃃	⿰口緝
𡃄	⿰口賚
𡃅	⿰口瑩
𡃆	⿰口層
𡃇	⿰口弊
𡃈	⿰口緙
𡃉	⿰口駕
𡃊	⿰口稽
𡃋	⿰侖員
𡃌	⿰口鴈
𡃍	⿰口劍
𡃎	⿰口樊
𡃏	⿰口墮
𡃐	⿰口幝
𡃑	⿰口請
𡃒	⿰口撲
𡃓	⿰口播
𡃔	⿰口撩
𡃕	⿰口窮
𡃖	⿰口慮
𡃗	⿰口模
𡃘	⿰口談
𡃙	⿰口蔑
𡃚	⿰口廛
𡃛	⿰口𬢱
𡃜	⿰口確
𡃝	⿰口論
𡃞	⿰口暫
𡃟	⿱⿻土吅哀
𡃠	⿱㰯咅
𡃡	⿱龍口
𡃢	⿰口暨
𡃣	⿰嘼戈
𡃤	⿰口賴
𡃥	⿰口𦎧
𡃦	⿰口閵
𡃧	⿰口歔
𡃨	⿰口憙
𡃩	⿰口褱
𡃪	⿰口䝿
𡃫	⿱吅𠪘
𡃬	⿱⿻⿳亠凵丨吅⿵冂夻
𡃭	⿰哥咨
𡃮	⿰口⿱䒑⿹𢏚日
𡃯	⿰唐昜
𡃰	⿰口戯
𡃱	⿰口⿺辶𦊽
𡃲	⿰口餒
𡃳	⿰口興
𡃴	⿰口隨
𡃵	⿰口擁
𡃶	⿰口錫
𡃷	⿱吅雷
𡃸	⿱呲鳥
𡃹	⿰口戰
𡃺	⿰口遶
𡃻	⿰口䔲
𡃼	⿰口樵
𡃽	⿰口儒
𡃾	⿰口樸
𡃿	⿰口撻
𡄀	⿰呂𦲿
𡄁	⿰口廩
𡄂	⿰喜𡉤
𡄃	⿰口駡
𡄄	⿰口餐
𡄅	⿳⿻中𠀃回吅
𡄆	⿰口學
𡄇	⿰口磬
𡄈	⿱殸𠰣
𡄉	⿱吅⿰⿻己⿱工工爻
𡄊	⿰口䀈
𡄋	⿰口㬱
𡄌	⿰𠂤⿳口曲日
𡄍	⿰口篤
𡄎	⿰口錦
𡄏	⿰口憾
𡄐	⿰口壅
𡄑	⿰口韱
𡄒	⿱殸䎛
𡄓	⿰口蹇
𡄔	⿰口聲
𡄕	⿰口燮
𡄖	⿰口應
𡄗	⿰口謈
𡄘	⿰口𨪆
𡄙	⿰口賷
𡄚	⿱⿻⿳亠凵丨昍冏
𡄛	⿳吅⿰太太吅
𡄜	⿱⿱士冖𱔞
𡄝	⿳龷吅𠳬
𡄞	⿳㽞一⿰𢑑㔾
𡄟	⿰口霞
𡄠	⿱鳴而
𡄡	⿰口齋
𡄢	⿰口闍
𡄣	⿰口彌
𡄤	⿰口還
𡄥	⿰口歛
𡄦	⿰口臨
𡄧	⿰口講
𡄨	⿰口𡽫
𡄩	⿰口懇
𡄪	⿰口雖
𡄫	⿰口謙
𡄬	⿱合魂
𡄭	⿰口聳
𡄮	⿰口鍊
𡄯	⿰口臆
𡄰	⿰善卒
𡄱	⿰口蹙
𡄲	⿱如嘼
𡄳	⿰口薩
𡄴	⿰口巂
𡄵	⿰口醫
𡄶	⿰口䫕
𡄷	⿰口鞮
𡄸	⿰口雝
𡄹	⿲吕⿳爫幺又吕
𡄺	⿰口𤐫
𡄻	⿰壹咨
𡄼	⿰口⿰𡭴虎
𡄽	⿰口瀉
𡄾	⿰口謹
𡄿	⿳吅⿱一由⿱𠀎𧘇
𡅀	⿱⿲糹虫糹口
𡅁	⿰口⿱？果
𡅂	⿰口鵓
𡅃	⿰口龎
𡅄	⿰亭單
𡅅	⿰口額
𡅆	⿰口藏
𡅇	⿰口叢
𡅈	⿰口鎼
𡅉	⿰口簡
𡅊	⿰口⿰賁米
𡅋	⿰口檻
𡅌	⿰口𥳑
𡅍	⿰口繞
𡅎	⿰口簪
𡅏	⿰口禮
𡅐	⿰苓善
𡅑	⿰口顒
𡅒	⿰口擾
𡅓	⿰口⿳亠⿻丫癶果
𡅔	⿱𠱠⿸厂⿰⿱爫𠮛又
𡅕	⿳喆卄吅
𡅖	⿰名養
𡅗	⿰口𧈅
𡅘	⿰口臘
𡅙	⿰口韻
𡅚	⿱嚚壬
𡅛	⿰口⿱⿳⺈⿰匚？比兔
𡅜	⿰口𧬉
𡅝	⿱品⿸广⿰⿱爫𠮛又
𡅞	⿰口𥃆
𡅟	⿱⿻⿱亠⿻⿱凵丨凵昍冏
𡅠	⿰口繩
𡅡	⿰噩各
𡅢	⿰口襟
𡅣	⿰口簫
𡅤	⿰喜⿱廿⿻口土
𡅥	⿰口顛
𡅦	⿱⿰壴𪠲咎
𡅧	⿰口難
𡅨	⿰口簷
𡅩	⿰口艶
𡅪	⿰口願
𡅫	⿰口轎
𡅬	⿰口懷
𡅭	⿰口關
𡅮	⿱𠱠𠪔
𡅯	⿰口穩
𡅰	⿰口𣍘
𡅱	⿳吅𦰩吅
𡅲	⿰口孽
𡅳	⿰口勸
𡅴	⿱𠱠⿸厂⿰⿳㇒⿻丷十口攴
𡅵	⿰口釋
𡅶	⿰口騫
𡅷	⿰口議
𡅸	⿰喜堇
𡅹	⿲口京亶
𡅺	⿰口霵
𡅻	⿳吅萈吅
𡅼	⿰口辯
𡅽	⿰⿱吕萈吕
𡅾	⿱品⿸厂𢽿
𡅿	⿰口𪉷
𡆀	⿰口轟
𡆁	⿰口饒
𡆂	⿰口蠢
𡆃	⿰善善
𡆄	⿰口攝
𡆅	⿰口⿱𥫗⿰⿻正一㚇
𡆆	⿰口攞
𡆇	⿰口鑊
𡆈	⿰口鷟
𡆉	⿱𠱠⿸厂⿰𠳅攴
𡆊	⿰召黨
𡆋	⿰口欎
𡆌	⿰口驕
𡆍	⿰口𩺯
𡆎	⿰單亶
𡆏	⿰口𨷖
𡆐	⿰𡏳喜
𡆑	⿰口巖
𡆒	⿰⿳廿𠀐𡉀喜
𡆓	⿰口⿱⿺𠃊⺌⿹⺄⿳爫⿻己⿱工工白
𡆔	⿱囂可
𡆕	⿰口戀
𡆖	⿰口蘸
𡆗	⿰口邏
𡆘	⿰口顯
𡆙	⿰口讒
𡆚	⿰口衢
𡆛	⿳吅覀雔
𡆜	⿰口⿱艹屬
𡆝	⿰口臠
𡆞	⿰口鬭
𡆟	⿰口𱌦
𡆠	⿴囗乙
𡆡	⿴囗㇏
𡆢	⿴囗？
𡆣	⿴囗入
𡆤	⿴囗二
𡆥	⿴囗卜
𡆦	⿴囗八
𡆧	⿴囗𡭔
𡆨	⿴囗⿱二一
𡆩	⿴囗幺
𡆪	⿴囗卄
𡆫	⿴囗巾
𡆬	⿴囗工
𡆭	⿴囗万
𡆮	⿴囗士
𡆯	⿴囗山
𡆰	⿴囗⿻⿱㇒一乚
𡆱	⿴囗彡
𡆲	⿴囗亡
𡆳	⿴囗巳
𡆴	⿴囗丑
𡆵	⿴囗⿱⿰𠃎𠃊⿰𠃎？
𡆶	⿴囗无
𡆷	⿴囗⿱口一
𡆸	⿴囗丐
𡆹	⿴囗予
𡆺	⿴囗手
𡆻	⿴囗𢆰
𡆼	⿴囗升
𡆽	⿴囗兮
𡆾	⿴囗公
𡆿	⿴囗氏
𡇀	⿴囗殳
𡇁	⿴囗⿱亠厶
𡇂	⿴囗火
𡇃	⿴囗巴
𡇄	⿴囗双
𡇅	⿴囗方
𡇆	⿴囗⿱巳一
𡇇	⿴囗分
𡇈	⿴囗石
𡇉	⿴囗𠮡
𡇊	⿴囗布
𡇋	⿴囗氺
𡇌	⿴囗目
𡇍	⿴囗田
𡇎	⿴囗玄
𡇏	⿴囗⿱丷万
𡇐	⿴囗本
𡇑	⿴囗㠯
𡇒	⿴囗米
𡇓	⿴囗至
𡇔	⿴囗㚣
𡇕	⿴𡆦歹
𡇖	⿴囗臣
𡇗	⿴囗⿱𠫔𫶧
𡇘	⿴囗多
𡇙	⿴囗朵
𡇚	⿴囗百
𡇛	⿴甴公
𡇜	⿴囗舌
𡇝	⿴囗自
𡇞	⿴囗合
𡇟	⿴囗𢆶
𡇠	⿴囗皀
𡇡	⿴囗𥃦
𡇢	⿴囗𦣻
𡇣	⿴𡆦古
𡇤	⿱丷固
𡇥	⿴囗兵
𡇦	⿴囗⿱龶女
𡇧	⿴囗豆
𡇨	⿴囗男
𡇩	⿴囗⿱山仉
𡇪	⿴囗告
𡇫	⿴囗⿱夂灬
𡇬	⿴囗⿱丷正
𡇭	⿴囗⿳女一女
𡇮	⿴囗甬
𡇯	⿴囗束
𡇰	⿴囗兖
𡇱	⿴囗⿱石口
𡇲	⿴囗乳
𡇳	⿴囗命
𡇴	⿴囗𣥏
𡇵	⿴囗宕
𡇶	⿱龴𡇞
𡇷	⿱丷⿴囗各
𡇸	⿴囗乖
𡇹	⿴囗兔
𡇺	⿴囗⿱允灬
𡇻	⿴囗卒
𡇼	⿴囗曷
𡇽	⿴囗垔
𡇾	⿴囗⿳龷匕口
𡇿	⿴囗剌
𡈀	⿴囗亞
𡈂	⿴囗⿱土衣
𡈃	⿴囗𧘗
𡈄	⿴囗⿳厶𠂇田
𡈅	⿰固介
𡈆	⿴囗咢
𡈇	⿴囗⿱厶囲
𡈈	⿴囗重
𡈉	⿴囗若
𡈊	⿴囗馬
𡈋	⿱𰀉𡆵
𡈌	⿴囗⿱艹⿵⿵冂八冂
𡈍	⿻田𠈌
𡈎	⿴囗烏
𡈏	⿴囗氣
𡈐	⿴囗荅
𡈑	⿴囗𦣣
𡈒	⿴囗𭜨
𡈓	⿴囗真
𡈔	⿴囗⿱石石
𡈕	⿴囗眷
𡈖	⿴囗⿱止⿲亻亻彡
𡈗	⿴囗莫
𡈘	⿴囗⿳丷𥘅⿱兀冂
𡈙	⿴囗鳥
𡈚	⿴囗⿱䒑非
𡈛	⿴囗渊
𡈜	⿴囗票
𡈝	⿴囗⿰帛彡
𡈞	⿴囗⿱𡗜圭
𡈟	⿴囗眼
𡈠	⿴囗章
𡈡	⿴囗終
𡈢	⿴囗絭
𡈣	⿴囗𡬳
𡈤	⿱丷園
𡈥	⿴囗著
𡈦	⿴囗堯
𡈧	⿱𠮛𡈀
𡈨	⿴囗㗊
𡈩	⿴囗童
𡈪	⿴囗⿰⿳白𠂊巾彡
𡈫	⿴囗⿰⿱厶出糸
𡈬	⿴囗傳
𡈭	⿴囗獄
𡈮	⿴囗蓋
𡈯	⿱不圓
𡈰	⿴囗語
𡈱	⿴囗⿰⿱厶出系
𡈲	⿱因⿰因因
𡈳	⿴囗麇
𡈴	⿴囗縣
𡈵	⿴囗環
𡈶	⿱⿰囚囚⿰囚囚
𡈷	⿴囗⿸广⿱鹿糸
𡈸	⿴囗䌛
𡈹	⿻田𱤏
𡈺	⿰圓侖
𡈻	⿴囗戀
𡈼	⿱㇒土
𡈾	⿹⺄土
𡈿	⿰土十
𡉀	⿱八土
𡉁	⿰土乃
𡉂	⿱力土
𡉃	⿰土厂
𡉄	⿸𠂇土
𡉅	⿱土冂
𡉆	⿱土凵
𡉇	⿰土人
𡉈	⿸扌土
𡉉	⿱土𠔼
𡉊	⿱一𡉀
𡉋	⿰土丈
𡉌	⿰土久
𡉍	⿰土⿹勹丿
𡉎	⿰土工
𡉏	⿰土已
𡉐	⿱工土
𡉑	⿰土大
𡉒	⿰土⿻⿱㇒一乚
𡉓	⿱土女
𡉔	⿱刃土
𡉖	⿰土弓
𡉗	⿰土子
𡉘	⿰丰土
𡉙	⿱旡土
𡉚	⿱㞢土
𡉛	⿰土气
𡉜	⿰土𣁬
𡉝	⿱亓土
𡉞	⿰土厷
𡉟	⿰爿土
𡉠	⿰土王
𡉡	⿻⿰？人土
𡉢	⿱𱍷土
𡉣	⿱木土
𡉤	⿱不土
𡉥	⿰土中
𡉦	⿰土午
𡉧	⿰土升
𡉨	⿰土亓
𡉩	⿰土犬
𡉪	⿰土牙
𡉫	⿱屯土
𡉬	⿰土𢆰
𡉭	⿰土日
𡉮	⿱𠕀土
𡉯	⿰土牛
𡉰	⿱凶土
𡉱	⿰土冄
𡉲	⿱匀土
𡉳	⿰土𭅄
𡉵	⿰土⿺乚土
𡉶	⿰土弖
𡉷	⿱巴土
𡉸	⿱𠙸土
𡉹	⿰⿸⿹丅丿丨土
𡉺	⿱土水
𡉼	⿱升土
𡉽	⿰土六
𡉾	⿰土心
𡉿	⿰土木
𡊀	⿰土太
𡊁	⿰土卬
𡊂	⿻⿰？刀土
𡊃	⿺反土
𡊄	⿱厶圶
𡊅	⿱弁土
𡊆	⿰土示
𡊇	⿰土㐌
𡊈	⿰土⿱巳十
𡊉	⿰土末
𡊊	⿰土㠯
𡊋	⿰圭又
𡊌	⿰土夳
𡊍	⿰土术
𡊎	⿱卯土
𡊏	⿳厶山土
𡊐	⿰土？
𡊑	⿰土尔
𡊒	⿰土尒
𡊓	⿰土⿱己十
𡊔	⿰土市
𡊕	⿰土𤴓
𡊖	⿰土本
𡊗	⿰土加
𡊘	⿰土⿸厂大
𡊙	⿱叹土
𡊚	⿰土白
𡊛	⿰土去
𡊜	⿰土古
𡊝	⿱瓦土
𡊞	⿱平土
𡊟	⿰土目
𡊠	⿰土甲
𡊡	⿰土由
𡊢	⿰土⿻⿰冂冂一
𡊣	⿱丘土
𡊤	⿰土用
𡊥	⿱㇒𡉵
𡊦	⿱土句
𡊧	⿰土卯
𡊨	⿰土玄
𡊩	⿰土玉
𡊪	⿱土⿱䒑儿
𡊫	⿰土宂
𡊬	⿰土⿱冖⿻几一
𡊭	⿱必土
𡊮	⿳土𠂈？
𡊯	⿰土弁
𡊰	⿰土田
𡊱	⿰土召
𡊲	⿰土主
𡊳	⿰土生
𡊴	⿱尼土
𡊵	⿱石土
𡊶	⿰土印
𡊷	⿱㓞土
𡊸	⿰土戎
𡊹	⿱襾土
𡊺	⿱汗土
𡊻	⿰土列
𡊼	⿱巩土
𡊽	⿰𡵄土
𡊾	⿰土㡯
𡊿	⿰土充
𡋀	⿰土礼
𡋁	⿰土𱜢
𡋂	⿰土年
𡋃	⿰土耒
𡋄	⿰土全
𡋅	⿱安土
𡋆	⿱汐土
𡋇	⿱𠖲土
𡋈	⿱𫥁土
𡋉	⿰土穵
𡋊	⿱戍土
𡋋	⿱汎土
𡋌	⿰土⿱土于
𡋍	⿱共土
𡋎	⿰土老
𡋏	⿱⿰口⿰丨𡿨土
𡋐	⿱吅土
𡋑	⿻吅土
𡋒	⿰土血
𡋓	⿰土邜
𡋔	⿰土糸
𡋕	⿰土旬
𡋖	⿱奸土
𡋘	⿱因土
𡋙	⿰土回
𡋚	⿱件土
𡋛	⿱合土
𡋜	⿱⿹勹⺝土
𡋝	⿰土⿱勺勺
𡋞	⿱土⿰𱼀㔾
𡋟	⿰土交
𡋠	⿰土𠫡
𡋡	⿱去𧘇
𡋢	⿻𢆶土
𡋣	⿰土圭
𡋥	⿰土吉
𡋦	⿰土百
𡋧	⿳爫冖土
𡋨	⿰土⿱㇒⿻一止
𡋩	⿱⿰彳士土
𡋪	⿳⺊𠕀土
𡋫	⿰土⿱一卯
𡋬	⿱⿹⿺㇉一灬土
𡋭	⿱北⿱冖土
𡋮	⿰土⿱一兆
𡋯	⿰土孛
𡋰	⿰圥圥
𡋱	⿰土弄
𡋲	⿱丣土
𡋳	⿰土𥃩
𡋴	⿱阪土
𡋵	⿱旲土
𡋶	⿰土⿸聿丶
𡋷	⿱沙土
𡋸	⿰土⿻乇从
𡋹	⿱𣦼土
𡋺	⿰土廷
𡋻	⿱巫土
𡋼	⿰土壳
𡋾	⿱別土
𡋿	⿰土呂
𡌀	⿰土别
𡌁	⿱𠛜土
𡌂	⿱汾土
𡌃	⿰土吿
𡌄	⿰土車
𡌅	⿱佛土
𡌆	⿱余土
𡌇	⿰土𥐛
𡌈	⿰土那
𡌉	⿰土孝
𡌊	⿱求土
𡌋	⿰土求
𡌌	⿱𨸢土
𡌍	⿱呏土
𡌎	⿱妍土
𡌏	⿰土身
𡌐	⿰土⿸𠂆占
𡌑	⿱形土
𡌒	⿱𢒈土
𡌓	⿱𠧚土
𡌔	⿰土肖
𡌕	⿰土旵
𡌖	⿰土⿱𠂉⿻𠘨𰀁
𡌗	⿰土皃
𡌘	⿰土余
𡌙	⿰土⿱丷㠯
𡌚	⿰土坐
𡌜	⿰土㒴
𡌝	⿰土⿱冖幼
𡌞	⿰土⿸尸⿹𠃌土
𡌟	⿰土局
𡌠	⿰土低
𡌡	⿰土弟
𡌢	⿰土⿱⿱⿵𠆢丶乛口
𡌣	⿰土𦉱
𡌤	⿰圭犬
𡌥	⿱𫠩土
𡌦	⿱非土
𡌧	⿰土於
𡌨	⿰土𤰞
𡌩	⿰土沓
𡌪	⿰多圣
𡌫	⿱舍土
𡌬	⿱吉⿱冖土
𡌭	⿱叕土
𡌮	⿰土㕻
𡌯	⿱邪土
𡌰	⿱妮土
𡌱	⿰土⿱巫㇉
𡌲	⿰圭句
𡌳	⿱或土
𡌴	⿱直土
𡌵	⿱肏土
𡌷	⿰土⿸尸⿶𰀁凵
𡌸	⿰土畀
𡌹	⿰土𢌿
𡌺	⿰土𧈧
𡌻	⿰土庚
𡌼	⿱放土
𡌽	⿰土店
𡌾	⿰土⿳丶𦉫工
𡌿	⿰土京
𡍀	⿰土房
𡍁	⿱枝土
𡍂	⿱不坐
𡍃	⿱附土
𡍅	⿰土⿱氶㐄
𡍆	⿰土芬
𡍇	⿰土⿱白千
𡍈	⿰土帛
𡍉	⿰土备
𡍊	⿱弆土
𡍋	⿰土奔
𡍌	⿰土戔
𡍍	⿰土𣥕
𡍎	⿰土卓
𡍏	⿱卥土
𡍐	⿱土⿴囗外
𡍑	⿳⿶凵人水土
𡍒	⿰土匋
𡍓	⿰土底
𡍔	⿰土𰏴
𡍕	⿰土𣏋
𡍖	⿰土录
𡍗	⿰土⿱巛龱
𡍘	⿰土制
𡍙	⿰土⿱艹⿻几𠄠
𡍚	⿰土林
𡍛	⿰土㸒
𡍜	⿰土門
𡍝	⿰土芮
𡍞	⿰土忝
𡍟	⿰土𥐧
𡍠	⿰土⿱亩一
𡍡	⿰土⿱土夗
𡍢	⿰土孤
𡍣	⿰土变
𡍤	⿰土𱼭
𡍥	⿰土柴
𡍦	⿱土軍
𡍧	⿰土勃
𡍨	⿰土度
𡍩	⿰土㡿
𡍪	⿰土臿
𡍫	⿰土則
𡍬	⿱⿱土八囧
𡍭	⿱狠土
𡍮	⿱𠦬一
𡍯	⿹㢴土
𡍰	⿰土癹
𡍱	⿱匨土
𡍲	⿰土耷
𡍳	⿱⿰予旡土
𡍴	⿳㇒𤰔𡉀
𡍵	⿱陖土
𡍶	⿱𦤶土
𡍷	⿰土恒
𡍸	⿱品土
𡍹	⿰土拜
𡍺	⿳㇒東土
𡍻	⿰土瓮
𡍼	⿱凃土
𡍽	⿱前土
𡍾	⿰土⿸尸羽
𡍿	⿰土⿸厂妟
𡎀	⿱𭴘土
𡎁	⿰土胡
𡎂	⿱⿰石升土
𡎃	⿱⿰⿱土䒑寸土
𡎄	⿱⿱丆冖𦉷
𡎅	⿰土炭
𡎆	⿰土盾
𡎇	⿰土矦
𡎈	⿰土封
𡎉	⿰者土
𡎊	⿱范土
𡎋	⿰土厚
𡎌	⿰土盇
𡎍	⿰土𧆞
𡎎	⿰土咠
𡎏	⿰土泉
𡎐	⿰坴丮
𡎑	⿰土彦
𡎒	⿱活土
𡎓	⿰⿱土⿲丶丶丶⿱土⿲丶丶丶
𡎔	⿰土屋
𡎕	⿰土凾
𡎖	⿰土貟
𡎗	⿰土⿰𣧄刂
𡎘	⿰土英
𡎙	⿱⿰㱑又土
𡎚	⿰土扁
𡎛	⿰土盆
𡎜	⿰土南
𡎝	⿰土癸
𡎞	⿰土貞
𡎟	⿰土香
𡎠	⿰土盈
𡎡	⿰土某
𡎢	⿰坐外
𡎣	⿰土昭
𡎤	⿰土美
𡎥	⿱外坐
𡎦	⿱坐外
𡎧	⿰土⿹勹每
𡎨	⿱𡷈土
𡎩	⿰土㪅
𡎪	⿰土𮓛
𡎫	⿰土𠚏
𡎬	⿰坐且
𡎭	⿰土统
𡎮	⿰土屑
𡎯	⿰眔土
𡎰	⿰土屖
𡎱	⿱卥𡉀
𡎲	⿳⿳亠口冖口土
𡎳	⿱弱土
𡎴	⿰土貢
𡎵	⿰土砦
𡎶	⿱陜土
𡎷	⿱㱿土
𡎸	⿳廿⿻口大土
𡎹	⿰土⿱帚又
𡎺	⿱祝土
𡎻	⿰土座
𡎼	⿱勑土
𡎽	⿰土⿳爫龴木
𡎾	⿰土⿹勹朋
𡎿	⿱𥩥土
𡏀	⿰土𡌥
𡏁	⿰土迴
𡏂	⿰土㢆
𡏃	⿱𢼧土
𡏅	⿱郎土
𡏆	⿰土养
𡏇	⿱𮥆土
𡏈	⿰土烝
𡏉	⿰土宴
𡏊	⿰土兼
𡏋	⿱浦土
𡏌	⿰土⿸辰寸
𡏍	⿱⿰亜⿹勹丿土
𡏎	⿰⿱𡗜土𮎛
𡏏	⿰土㳟
𡏐	⿱𣂜土
𡏑	⿱秦土
𡏒	⿱根土
𡏓	⿰土鬯
𡏔	⿱啄土
𡏕	⿳乖𠆢土
𡏖	⿰土盍
𡏗	⿰土茤
𡏘	⿰土夏
𡏙	⿱囱圶
𡏚	⿰土虒
𡏛	⿰土奚
𡏜	⿺夌戊
𡏝	⿰土桀
𡏞	⿰土冓
𡏟	⿰土䍃
𡏠	⿰土胸
𡏡	⿰土竜
𡏢	⿰土馬
𡏣	⿰土臭
𡏤	⿰土逆
𡏥	⿰土哲
𡏦	⿰土差
𡏧	⿰土倍
𡏨	⿰土𤽤
𡏩	⿰𠂤坐
𡏪	⿰土⿳爫又木
𡏫	⿰土𭩶
𡏬	⿱流土
𡏭	⿰土梟
𡏮	⿰土巢
𡏯	⿰土敗
𡏰	⿰土⿱米弁
𡏱	⿰土累
𡏲	⿰土既
𡏳	⿳廿⿻口⿻人丷土
𡏴	⿱敕土
𡏵	⿱𤭃土
𡏶	⿰土𮙲
𡏷	⿰土⿱𫜹𭔫
𡏸	⿱⿰子⿻幺一𡉰
𡏹	⿱陵土
𡏺	⿰土屚
𡏻	⿰土⿱自夲
𡏼	⿰土敖
𡏽	⿰土習
𡏾	⿰土寄
𡏿	⿰土部
𡐀	⿱⿰氵易土
𡐁	⿰土⿱⿳亠丷冖且
𡐂	⿱𠝮土
𡐃	⿰土⿳龸二⿻口乚
𡐄	⿰土⿱⿻了叹⿱冖又
𡐅	⿰土雪
𡐆	⿰土蛋
𡐇	⿰土崙
𡐈	⿰土⿱𠂉品
𡐉	⿰土⿱⿱士冖虫
𡐊	⿱軗土
𡐋	⿰土曹
𡐌	⿰土逐
𡐍	⿱⿰⿸⿸⿰丿⿱⺊⺂七石又土
𡐎	⿳士罒𪢴
𡐏	⿱⿰亻⿱左⺝土
𡐐	⿰土⿰肜月
𡐑	⿱⿱土八⿴𡆦日
𡐒	⿰土毫
𡐓	⿰土康
𡐔	⿰土寅
𡐕	⿰土⿱巛卑
𡐖	⿰土堅
𡐗	⿰土斛
𡐘	⿰土湼
𡐙	⿰土得
𡐚	⿰土魚
𡐛	⿰土斬
𡐜	⿰𡉊⿱山电
𡐝	⿰土⿸？火
𡐞	⿱敝土
𡐟	⿰土⿱𠂹丂
𡐠	⿰盾圭
𡐡	⿰土逮
𡐢	⿱土異
𡐣	⿰土復
𡐤	⿰土絜
𡐥	⿰土䨿
𡐦	⿰土隋
𡐧	⿰土𫟛
𡐨	⿱㮊土
𡐩	⿱𱼀烾
𡐪	⿳𦥒开土
𡐫	⿰土⿱巛咼
𡐬	⿰土⿱⿱士冖䖝
𡐭	⿰土普
𡐮	⿰土爲
𡐯	⿰土厦
𡐰	⿸厤土
𡐱	⿰垂并
𡐲	⿱㢴圭
𡐳	⿱⿱廿⿱一由𡉀
𡐴	⿰土⿱㐭⺼
𡐵	⿰土⿰氵苹
𡐶	⿰土彭
𡐷	⿱厨土
𡐸	⿰土⿸虍兆
𡐹	⿰土景
𡐺	⿰土萄
𡐻	⿰土智
𡐼	⿱爫烾
𡐽	⿰土𦯧
𡐾	⿰土提
𡐿	⿰土逹
𡑀	⿱棥土
𡑁	⿱軫土
𡑂	⿰土𦓔
𡑃	⿱𢽟土
𡑄	⿰土掌
𡑅	⿱猒土
𡑆	⿰土量
𡑇	⿰土㖾
𡑈	⿰垂𠂤
𡑉	⿱土復
𡑊	⿰土𡍮
𡑋	⿰土然
𡑌	⿰土戠
𡑍	⿰土勞
𡑎	⿰土尋
𡑏	⿰土𠷎
𡑐	⿰土叅
𡑑	⿱湯土
𡑒	⿰土敢
𡑓	⿰土森
𡑔	⿱𬀉土
𡑕	⿰土⿱𦉪林
𡑖	⿰土隊
𡑗	⿰土傕
𡑘	⿱⿰氏侖土
𡑙	⿰土⿱⿰歹水木
𡑚	⿰⿱⿱士冖示圣
𡑛	⿰土窖
𡑜	⿰土⿰耳𢆶
𡑝	⿰土粦
𡑞	⿰土遂
𡑟	⿰土過
𡑠	⿱戠土
𡑡	⿰土睘
𡑢	⿰土葉
𡑣	⿰土窟
𡑤	⿱吂⿲月土凡
𡑥	⿰土⿸尸⿱⿻⿰⿱丶㇀⿱㇒丶乚出
𡑦	⿰土㬅
𡑧	⿰⿱⿱⺊冖貝圣
𡑨	⿰土飲
𡑩	⿰土裊
𡑪	⿰土葛
𡑫	⿱家𪢴
𡑬	⿰土⿸厂⿱禾舛
𡑯	⿰土僉
𡑰	⿰土園
𡑱	⿰土群
𡑲	⿰土禁
𡑳	⿰土羣
𡑴	⿰土殿
𡑵	⿰土葻
𡑶	⿳將𠆢土
𡑷	⿰土葢
𡑸	⿱⿰𠂤豕土
𡑹	⿰土⿹𢏚灬
𡑺	⿱⿰镸夅土
𡑻	⿱𣔾土
𡑼	⿱⿰𨊢攴土
𡑽	⿰土⿻夫㸚
𡑾	⿰土虞
𡑿	⿰土業
𡒀	⿳囚田圶
𡒁	⿰土䪞
𡒂	⿰土毁
𡒃	⿱奥土
𡒄	⿰土禀
𡒅	⿰土𢊂
𡒆	⿰土寘
𡒇	⿰土𡕰
𡒈	⿰土𡲬
𡒉	⿱臧土
𡒊	⿱與土
𡒋	⿱㪣土
𡒌	⿰土遣
𡒍	⿱聚土
𡒎	⿱蒤土
𡒏	⿰土⿳巛龱⿲丿⿴⿰⿱丶㇀⿱㇒丶丨㇂
𡒐	⿱孫𡉰
𡒑	⿱𡷈⿵𠘨圭
𡒒	⿰⿱名土⿱勿中
𡒓	⿱𰯲土
𡒔	⿰土翟
𡒕	⿰土夤
𡒖	⿱溉土
𡒗	⿱滿土
𡒘	⿰土⿱陶土
𡒙	⿱⿰索方土
𡒚	⿰土⿳一八鳥
𡒛	⿰土⿸尸⿱氺年
𡒜	⿰土⿱夾囬
𡒝	⿰土蒼
𡒞	⿰土箎
𡒟	⿱⿰余里土
𡒠	⿰土⿳⿱㇒𡇒儿乂
𡒡	⿱土皷
𡒢	⿱皷土
𡒣	⿰土𡏳
𡒤	⿰土臧
𡒥	⿱臧上
𡒦	⿰𭥯⿱犬土
𡒧	⿰土⿰𭥭斤
𡒨	⿰土賓
𡒩	⿳⿱土冖咎木
𡒪	⿰坐益
𡒫	⿰土構
𡒬	⿰土箕
𡒭	⿰土僚
𡒮	⿱暢土
𡒯	⿰土蒙
𡒰	⿱⿰𠂤彖土
𡒱	⿱敵土
𡒲	⿰塶土
𡒳	⿰土臱
𡒴	⿱⿰⿱㇒𫡆豕土
𡒵	⿰土寬
𡒶	⿰土養
𡒷	⿰土㢖
𡒸	⿰土層
𡒹	⿰土⿳艹去虫
𡒺	⿰土篇
𡒻	⿰土質
𡒼	⿱⿰⿱吉冋殳土
𡒽	⿱𠚛土
𡒾	⿰土𭟼
𡒿	⿱⿰𨸏豕土
𡓀	⿰土鼒
𡓁	⿰土罷
𡓂	⿰土鄧
𡓃	⿰土磊
𡓄	⿰土蓬
𡓅	⿰土蔭
𡓆	⿰笠坐
𡓇	⿰土魯
𡓈	⿰土稽
𡓉	⿱𫗏土
𡓊	⿰土廢
𡓋	⿰堆尾
𡓌	⿰土⿳𱐍公攵
𡓍	⿰土巤
𡓎	⿰土衛
𡓏	⿰土鄰
𡓐	⿰土噩
𡓑	⿰土𦎧
𡓒	⿰土賴
𡓓	⿳𦥑𠆢⿱𦥑土
𡓔	⿰土廩
𡓕	⿰土勳
𡓖	⿰堯成
𡓗	⿱隨土
𡓘	⿰土霍
𡓙	⿰土⿳⿱业厶𠀎𠬞
𡓚	⿱山墾
𡓛	⿱⿰谷𡧱土
𡓜	⿰土廧
𡓝	⿱叡土
𡓞	⿰土篤
𡓟	⿰土整
𡓠	⿰土錯
𡓡	⿰土㯋
𡓢	⿱焰坐
𡓣	⿰土𩫏
𡓤	⿰土䝿
𡓥	⿰土戰
𡓦	⿰土毚
𡓧	⿱燤土
𡓨	⿰⿱土坐⿱土坐
𡓩	⿳亠⿲糹幺糹土
𡓪	⿱龸墨
𡓫	⿰土嬰
𡓬	⿱⿰𨸏彖土
𡓭	⿱彌土
𡓮	⿺嵬坐
𡓯	⿰土鍾
𡓰	⿰土虧
𡓱	⿱雝土
𡓲	⿰土闒
𡓳	⿰土聶
𡓴	⿰土糞
𡓵	⿱𦦚土
𡓶	⿱𡂨土
𡓷	⿱䭉土
𡓸	⿸厤垒
𡓹	⿰土⿸尸⿳士罒辛
𡓺	⿰土龎
𡓻	⿰土⿳𦥯儿夊
𡓼	⿱⿰⿱止谷谷土
𡓽	⿰土薰
𡓾	⿰土禮
𡓿	⿳𠱠𠱠土
𡔀	⿰憂𪢶
𡔁	⿰土壘
𡔂	⿳宀㠭𪢾
𡔃	⿰土難
𡔄	⿰土⿱𥫗睪
𡔅	⿳爫⿱⿻𫩏丷⿻𫩏丷圶
𡔆	⿱瀧土
𡔇	⿱類土
𡔈	⿳⿱一八⿵𠘨賏土
𡔉	⿰土麗
𡔊	⿰𦎧⿱丮土
𡔋	⿰𪤯攴
𡔌	⿳⿴囗凵⿱⿻𫩏丷⿻𫩏丷𡉀
𡔍	⿰土竇
𡔎	⿰土獻
𡔏	⿸廱土
𡔐	⿰土齧
𡔑	⿰土覽
𡔒	⿰土曩
𡔓	⿰土⿱⿰𣄼𣄼鹿
𡔔	⿰土蘭
𡔕	⿱贑土
𡔖	⿰土變
𡔗	⿱𠑲土
𡔘	⿱⿲土⿱山⿻尸凵土⿰⿱山⿻尸凵⿱山⿻尸凵
𡔙	⿱塶𱋁
𡔚	⿱𡒲𱋁
𡔛	⿱刀士
𡔜	⿱士尸
𡔝	⿱士？
𡔞	⿱亡𡈼
𡔟	⿱仉壬
𡔠	⿰吉川
𡔡	⿱士⿻人从
𡔢	⿱士⿺夨口
𡔣	⿱士吳
𡔤	⿱吉丹
𡔥	⿱士⿻⿶凵凵一
𡔦	⿱吉龷
𡔧	⿱吉冗
𡔨	⿱龹壬
𡔩	⿱⿱士冖电
𡔪	⿳⿱士冖口土
𡔫	⿳⿱士冖龱一
𡔬	⿱士⿹⺄里
𡔭	⿱士非
𡔮	⿰⿱士冋𠬚
𡔯	⿱吉吉
𡔰	⿳士罒疋
𡔱	⿳⿱士冖由大
𡔲	⿱士⿻口？
𡔳	⿱⿱士冖⿻一？
𡔴	⿳⿱士冖公⺝
𡔵	⿱⿱士冖乳
𡔶	⿱士𡈀
𡔷	⿰壴𠬢
𡔸	⿱⿱士冖㘸
𡔹	⿱⿱士冖壴
𡔺	⿳⿱士冖⿰工口寸
𡔻	⿱⿳士冖一⿰彡⿺乚日
𡔼	⿳吉冖𡉰
𡔽	⿱士⿳乛𠀐吋
𡔾	⿳⿳士冖一口？
𡔿	⿰⿱士冗奏
𡕀	⿱士⿵𠘨⿱車灬
𡕁	⿱士兢
𡕂	⿴𡔲凶
𡕃	⿳⿱士罒冖⿱凶䒑
𡕄	⿳⿱士冖周𰀆
𡕅	⿱⿱士冖睘
𡕆	⿰壴咨
𡕇	⿲吉吉吉
𡕈	⿴𡔲龱
𡕉	⿱吉⿳冖癶𠙼
𡕊	⿳吉冖原
𡕋	⿱士⿹⺄𤾊
𡕌	⿱士⿵門⿳亠口䒑
𡕍	⿴𡔲吉
𡕎	⿱⿱士冖磊
𡕏	⿰壺桑
𡕐	⿰壽周
𡕑	⿰壽朋
𡕒	⿻丅𠃋
𡕓	⿱夂⿰丿丨
𡕔	⿵乃夊
𡕕	⿱夂子
𡕖	⿱夂𰀁
𡕗	⿱夂丯
𡕘	⿱夂牛
𡕙	⿱夂月
𡕚	⿱夂見
𡕛	⿱夂炗
𡕜	⿱⿺夂⿲㇒㇒㇒出
𡕝	⿳夂火米
𡕞	⿱丸夊
𡕟	⿱土夊
𡕠	⿱无夊
𡕡	⿳？八夊
𡕢	⿱灭夊
𡕣	⿱？夊
𡕤	⿱𡗗夊
𡕥	⿱目夊
𡕦	⿳由儿夊
𡕧	⿰亢夋
𡕨	⿳亠吕夊
𡕩	⿳囟八夊
𡕪	⿱𠃬夊
𡕫	⿳⿱⺈冈八夊
𡕬	⿰夋亢
𡕭	⿱⿴囗吕夊
𡕮	⿰去夌
𡕯	⿱⿴𦥑幺夊
𡕰	⿳𠚍八夊
𡕱	⿳⿱⺈𦉪日夊
𡕲	⿱⿻土𠈌夊
𡕳	⿱⿱⺈日𡕥
𡕴	⿱⿰彳⿹勹吕夊
𡕵	⿰夏兮
𡕶	⿱北⿱宀夋
𡕷	⿱⿱⺈四𡕥
𡕸	⿳䒑⿴北白夊
𡕹	⿳宀䀠夊
𡕺	⿰⿱日𢁙⿱幺夊
𡕻	⿳一⿴𦥑自夊
𡕼	⿳⿱爫土⿲止几巳夊
𡕽	⿳⿱爫？⿲止⿰丿丨巳夊
𡕾	⿳𦣻昍夊
𡕿	⿳𦣻⿲山几己夊
𡖀	⿱爫⿸尸⿱⿲止⿰丨丨巳夊
𡖁	⿱鞠夊
𡖂	⿱卝⿱⿸⿹頁止巳夊
𡖃	⿱夏⿰夏夏
𡖄	⿰夕𠁡
𡖅	⿰夕匕
𡖆	⿵𠘨夕
𡖇	⿰夕夕
𡖈	⿱⿼？丨⿼？丨
𡖉	⿰夕卪
𡖊	⿰夕丮
𡖋	⿱夕灬
𡖌	⿱夕中
𡖍	⿱亠⿺㇯火㇒夕
𡖎	⿰多力
𡖏	⿱夗于
𡖐	⿰多也
𡖑	⿰多勺
𡖒	⿰多匀
𡖓	⿰多冘
𡖔	⿰多冄
𡖕	⿰夕⿹⺄岀
𡖖	⿰夕即
𡖗	⿰⿱夕⿲丶丶丶⿱𠆢二
𡖘	⿱⿻土⿰㐅㐅夕
𡖙	⿰多攵
𡖚	⿱名井
𡖛	⿱夕冏
𡖜	⿰多勾
𡖝	⿰多冉
𡖞	⿰多占
𡖟	⿰多它
𡖠	⿰多左
𡖡	⿰占多
𡖢	⿰多宂
𡖣	⿰多囙
𡖤	⿰多台
𡖥	⿲夕？阝
𡖦	⿰外男
𡖧	⿰多至
𡖨	⿰多安
𡖩	⿰𢑑多
𡖪	⿰多在
𡖫	⿰多舟
𡖬	⿰多先
𡖭	⿰多⿱㇒⿻⺆𰀁
𡖮	⿰多夸
𡖯	⿰多束
𡖰	⿰⿱彡止多
𡖱	⿰多伴
𡖲	⿰多妥
𡖳	⿰夾多
𡖴	⿱夕⿳冖出兀
𡖵	⿰夜占
𡖶	⿱莫夕
𡖷	⿱夕⿳宀王六
𡖸	⿳夕冖⿳⿱㇒⿻丨⿱凵凵一八
𡖹	⿱𫩠𡖇
𡖺	⿰名夜
𡖻	⿰多直
𡖼	⿰並多
𡖽	⿰多⿱𠂉⿺𠃊目
𡖾	⿰多其
𡖿	⿰多咼
𡗀	⿰者多
𡗁	⿰多侯
𡗂	⿰差多
𡗃	⿰⿱夕⿲丶丶丶⿱勿⿰𰀄𰀄
𡗄	⿰兼多
𡗅	⿱多迷
𡗆	⿰婁多
𡗇	⿺⿳巛𠔿⿲⿺𠄌⺀⿺𠄌⺀㇂夕
𡗈	⿰多㽞
𡗉	⿺堯多
𡗊	⿰多堯
𡗋	⿰稟多
𡗌	⿰多雍
𡗍	⿰養多
𡗎	⿰多暫
𡗏	⿰嚴多
𡗐	⿰夢巨
𡗑	⿰㗬襄
𡗒	
𡗓	⿱大一
𡗔	⿱大丨
𡗕	⿻大八
𡗖	⿱凵大
𡗘	⿱天丨
𡗙	⿱天㇉
𡗚	⿻一内
𡗛	⿱勹大
𡗜	⿻大丷
𡗝	⿱大弓
𡗞	⿱幺大
𡗟	⿱大个
𡗠	⿵𰃦大
𡗡	⿱大䶹
𡗢	⿱大㐄
𡗣	⿱天丁
𡗤	⿱天⿰丿丨
𡗥	⿱大屯
𡗦	⿱大介
𡗧	⿱大午
𡗨	⿱大互
𡗩	⿱火大
𡗪	⿱𡗜龴
𡗫	⿱𡗗⺀
𡗬	⿱比大
𡗭	⿱⿻𰀃丨仒
𡗮	⿱爫大
𡗯	⿱分大
𡗰	⿱大𢆰
𡗱	⿱大龰
𡗲	⿱大斤
𡗳	⿱公大
𡗴	⿱大斗
𡗵	⿱大引
𡗶	⿱天上
𡗷	⿱大瓜
𡗸	⿱大乍
𡗹	⿱大弁
𡗺	⿱冖关
𡗻	⿰弗大
𡗼	⿱大此
𡗽	⿱⿻口儿大
𡗾	⿻凵夰
𡗿	⿱⿱⿻卄丨一大
𡘀	⿱可大
𡘁	⿱大⿰匕⿺乚𡿨
𡘂	⿳大上八
𡘃	⿱大皿
𡘄	⿱大丘
𡘅	⿱⿹勹⿺𠃊㐅大
𡘆	⿱𡗜亏
𡘇	⿱大玉
𡘈	⿻㕥大
𡘉	⿱弗大
𡘊	⿱大由
𡘋	⿰𡗓𡗓
𡘌	⿱此大
𡘍	⿱大亘
𡘎	⿱大乑
𡘏	⿱大好
𡘐	⿱大𣅀
𡘑	⿱臼大
𡘒	⿱太田
𡘓	⿸厃失
𡘔	⿳丷𠔿大
𡘕	⿱𡗗之
𡘖	⿱⿻十从大
𡘗	⿺大虫
𡘘	⿻大奻
𡘙	⿱大夶
𡘚	⿱大衣
𡘛	⿱大奻
𡘜	⿻吅大
𡘝	⿱大束
𡘞	⿱厶𡘊
𡘟	⿱大𠄢
𡘠	⿱⿵𰃦牛大
𡘡	⿱𦣞大
𡘢	⿱⿰⿻三丨力夬
𡘣	⿱大丣
𡘤	⿱𡗜电
𡘥	⿱赤大
𡘦	⿱央𠕁
𡘧	⿱大步
𡘨	⿳大旧又
𡘩	⿻臼大
𡘪	⿱大身
𡘫	⿱大坐
𡘬	⿺夨旬
𡘭	⿱折大
𡘮	⿰末失
𡘯	⿰吝大
𡘰	⿱大豆
𡘱	⿱⿰丰勹夬
𡘲	⿻大𠦜
𡘳	⿱大良
𡘴	⿱大㡀
𡘵	⿳大罒䒑
𡘶	⿱䶹⿱大夲
𡘷	⿱大長
𡘸	⿱天束
𡘹	⿱大⿻臼乚
𡘺	⿰㚔丸
𡘻	⿳㇒⿴囗爻大
𡘼	
𡘽	⿱林大
𡘾	⿱狀大
𡘿	⿰失𠂢
𡙀	⿺夨㡀
𡙁	⿻大𠈌
𡙂	⿱大甾
𡙃	⿱㚐主
𡙄	⿳大三目
𡙅	⿱龹丘
𡙆	⿱大𣶒
𡙈	⿰㚔𠬝
𡙉	⿱𠧪大
𡙊	⿱匕𡘩
𡙋	⿱大𡕥
𡙌	⿳大？⿴⿰⿱丶㇀⿱㇒丶亅
𡙍	⿱大看
𡙎	⿱天𭑈
𡙏	⿳⺊⿴囗⿻𰀪⺀大
𡙐	⿳大目攵
𡙑	⿰𣅀尖
𡙒	⿱太⿰太太
𡙓	⿱大彦
𡙔	⿱大奎
𡙕	⿰㚔丮
𡙖	⿱兔夬
𡙗	⿱大品
𡙘	⿱大𢇂
𡙙	⿱大皇
𡙚	⿱木⿵𠘨尖
𡙛	⿱兹大
𡙜	⿱大隻
𡙝	⿳⺈⿼？丨⿸𠃜天
𡙞	⿱大𬻞
𡙟	⿳⺈⿱冖八𡗬
𡙠	⿱茲大
𡙡	⿱羔大
𡙢	⿱粉大
𡙣	⿱大夏
𡙤	⿱大扆
𡙥	⿳大⿰𠂈攵水
𡙦	⿰芻大
𡙧	⿺夷芒
𡙨	⿱大⿱丷⿰冫⿸厂𠚫
𡙩	⿱亦夾
𡙪	⿱⿻丷𠕒夬
𡙫	⿱𠆢⿻𠈌⿱丨大
𡙬	⿱大售
𡙭	⿱規大
𡙮	⿱大戜
𡙯	⿱大淦
𡙰	⿱孰大
𡙱	⿱推大
𡙲	⿱大㽞
𡙳	⿰㚔⿹勹手
𡙴	⿰竟大
𡙵	⿱大眼
𡙶	⿱夭竜
𡙷	⿱罒⿸厂𦉼
𡙸	⿱大集
𡙹	⿱𡗗⿻𠈌十
𡙺	⿰⿳大⿱十日厶丮
𡙻	⿳大世林
𡙼	⿰⿱刀大⿱𡭔⿵冂⿴⿰⿱丶㇀⿱㇒丶丨
𡙽	⿸厤大
𡙾	⿱⿰禾豕大
𡙿	⿱大𨾜
𡚀	⿳⿱𰀉冖𣱳大
𡚁	⿱敝大
𡚂	⿰𡗛⿻丷𠕒
𡚃	⿱鈍大
𡚄	⿱大㦸
𡚅	⿱从⿻𠈌大
𡚆	⿰𡍮夬
𡚇	⿱⿱𥆞一大
𡚈	⿱普天
𡚉	⿱㻎必
𡚊	⿱大𨾴
𡚋	⿱上𡙢
𡚌	⿱𭑈𭑈
𡚍	⿱大𠹜
𡚎	⿰𱺵奇
𡚏	⿳⿻𡗜丷⿻𡗜丷亡
𡚐	⿻大𬛭
𡚑	⿱天道
𡚒	⿱大⿱隹臼
𡚓	⿱大⿱止𫀄
𡚔	⿳大䀠灬
𡚕	⿱稱大
𡚖	⿰⿱𠂤大帚
𡚗	⿱大畾
𡚘	⿰𡗮番
𡚙	⿱𭘧旲
𡚚	⿱大賴
𡚛	⿳大⿲㕛臣㕛土
𡚜	⿱大雚
𡚝	⿱大瞿
𡚞	⿰奪或
𡚟	⿱大難
𡚠	⿱大矍
𡚡	⿰蘇大
𡚢	⿱大蘇
𡚣	⿱𦥯𡘽
𡚤	⿱𦉼⿰𦉼𦉼
𡚥	⿰奐藏
𡚦	⿴女丶
𡚧	⿰女匕
𡚨	⿰女𠤎
𡚩	⿱又女
𡚪	⿺九女
𡚫	⿰女几
𡚬	⿱二女
𡚭	⿰女八
𡚮	⿰久女
𡚯	⿰女亏
𡚰	⿺久女
𡚱	⿰女巳
𡚲	⿰女兀
𡚳	⿰女土
𡚵	⿰女夕
𡚶	⿱亾女
𡚷	⿰勺女
𡚸	⿰女么
𡚹	⿰女丈
𡚺	⿰女丸
𡚻	⿰女大
𡚼	⿰女氏
𡚽	⿰丑女
𡚾	⿰女殳
𡚿	⿰女心
𡛀	⿰女友
𡛁	⿰女勿
𡛂	⿰女尹
𡛃	⿰女歹
𡛄	⿰女尺
𡛅	⿰女引
𡛆	⿰女⿺乚彡
𡛇	⿰女攵
𡛈	⿰女升
𡛉	⿱仁女
𡛊	⿰女手
𡛋	⿰女𣬛
𡛌	⿱天女
𡛍	⿱云女
𡛎	⿳一山女
𡛏	⿰女戈
𡛐	⿰女⿱𠆢勹
𡛑	⿱分女
𡛒	⿱双女
𡛓	⿰女丹
𡛔	⿰女丐
𡛕	⿰女太
𡛖	⿰女厄
𡛗	⿱比女
𡛘	⿰女匹
𡛙	⿰女幼
𡛚	⿰女乎
𡛛	⿰女出
𡛜	⿰女氐
𡛝	⿰歺女
𡛞	⿰女弁
𡛟	⿰女戉
𡛠	⿰女去
𡛡	⿰女皮
𡛢	⿰女屵
𡛣	⿰女𠂘
𡛤	⿰半女
𡛥	⿰女它
𡛦	⿰女丙
𡛧	⿰女㐱
𡛨	⿰女卡
𡛩	⿰女立
𡛪	⿰女𢒂
𡛫	⿰女疋
𡛬	⿱皮女
𡛭	⿰女示
𡛮	⿰女右
𡛯	⿰女弗
𡛰	⿰女只
𡛱	⿰女⿱口⺆
𡛲	⿰女代
𡛳	⿰女白
𡛴	⿰女斥
𡛵	⿱正女
𡛶	⿰女世
𡛷	⿰女𪩲
𡛸	⿰女囙
𡛹	⿱？女
𡛺	⿱矛女
𡛻	⿰女永
𡛼	⿰女玉
𡛽	⿱由女
𡛾	⿰女用
𡛿	⿰女左
𡜀	⿳厶大女
𡜁	⿰女瓜
𡜂	⿱污女
𡜃	⿰女𠕎
𡜄	⿰女曳
𡜅	⿰女⿱𠂉⿻𱍸㇒
𡜇	⿰女刑
𡜈	⿳龸一女
𡜉	⿰女杂
𡜊	⿰女缶
𡜋	⿰女巟
𡜌	⿱⿱十冖𡚬
𡜍	⿰女自
𡜎	⿺兊女
𡜏	⿰女⿱巛𣦶
𡜐	⿰女戍
𡜑	⿳日亠女
𡜒	⿰女存
𡜓	⿱吅女
𡜔	⿰女尗
𡜕	⿰女⿱⺊⺝
𡜖	⿰女旨
𡜗	⿰女𭥎
𡜘	⿲女千女
𡜙	⿰女邜
𡜚	⿱女而
𡜛	⿳𡭔口女
𡜜	⿰女⿻𦉫𠄠
𡜝	⿰同女
𡜞	⿰女⿻⿱㇒乚比
𡜟	⿱任女
𡜠	⿰女夅
𡜡	⿱汙女
𡜢	⿰女⿰尸尸
𡜣	⿰女⿱巛工
𡜤	⿰女地
𡜥	⿰女𠂤
𡜦	⿱卉女
𡜧	⿰女囟
𡜨	⿰女休
𡜩	⿰吉女
𡜪	⿰女𭗼
𡜫	⿰女⿱厶丹
𡜬	⿰女伊
𡜭	⿰因女
𡜮	⿰女巵
𡜯	⿰女𦔮
𡜰	⿱⿴囗仌女
𡜱	⿰女忌
𡜲	⿰女告
𡜳	⿰女酉
𡜴	⿰女⿱内口
𡜵	⿰女甫
𡜶	⿰女𠯑
𡜷	⿰女𡧎
𡜸	⿱囧女
𡜹	⿱邪女
𡜺	⿰女杏
𡜻	⿰女宋
𡜼	⿰女囬
𡜽	⿱肖女
𡜾	⿰女序
𡜿	⿰女亩
𡝀	⿰女車
𡝁	⿱束女
𡝃	⿰女步
𡝄	⿰女𦫿
𡝅	⿰女芕
𡝆	⿰女冏
𡝇	⿰女⿱爫土
𡝈	⿲女夫女
𡝉	⿱夫奻
𡝊	⿰女折
𡝋	⿲女木女
𡝌	⿸辰女
𡝍	⿰女豕
𡝎	⿱旱女
𡝏	⿰女𡧍
𡝐	⿰女余
𡝑	⿱⿰月己女
𡝒	⿰女𢗡
𡝓	⿱⿰女𭅄女
𡝔	⿱劫女
𡝕	⿰女𠀧
𡝖	⿰女忍
𡝗	⿰女君
𡝘	⿰女⿱𫜹水
𡝙	⿰女佘
𡝚	⿰女呈
𡝛	⿰女⿱又𠙻
𡝜	⿰女⿸𠂆古
𡝝	⿱汪女
𡝞	⿱肥女
𡝟	⿰女秊
𡝠	⿱弥女
𡝡	⿱𢏏女
𡝢	⿰女戾
𡝣	⿱𫩠女
𡝤	⿱⿻⿳口一口丨女
𡝥	⿰女𣏋
𡝦	⿰女乳
𡝧	⿱制女
𡝨	⿱𦥔女
𡝩	⿰女芺
𡝪	⿰昏女
𡝫	⿱沾女
𡝬	⿰女宝
𡝭	⿰女⿱日⺝
𡝮	⿰女宜
𡝯	⿰女隶
𡝰	⿰女拉
𡝱	⿰女芬
𡝲	⿰女忽
𡝳	⿰女芝
𡝴	⿰女芫
𡝵	⿰女卒
𡝶	⿱放女
𡝷	⿱龸安
𡝸	⿺羌女
𡝹	⿰女孟
𡝺	⿰女玫
𡝻	⿰女𡘆
𡝼	⿸尸⿱氺女
𡝽	⿱⿻⿱一吕丨女
𡝾	⿰女⿱⿻又丷⿻三丨
𡝿	⿰女芽
𡞀	⿰女尚
𡞁	⿰女芡
𡞂	⿰女⿱比月
𡞃	⿰女㚖
𡞄	⿰女⿱臼丂
𡞅	⿱⿰幺玄女
𡞆	⿰女舍
𡞇	⿰女朋
𡞈	⿰女和
𡞉	⿰女⿱臼女
𡞊	⿰女⿱夭火
𡞋	⿰女参
𡞌	⿰女⿱白廾
𡞍	⿰女叀
𡞎	⿰女靣
𡞏	⿰女奈
𡞐	⿰女⿱⿻中一口
𡞑	⿰女畁
𡞒	⿰帚女
𡞓	⿱牀女
𡞔	⿳毌中女
𡞕	⿰女备
𡞖	⿰女底
𡞗	⿰女奉
𡞘	⿰女妾
𡞙	⿰女盲
𡞚	⿰女肯
𡞛	⿰女𥤱
𡞜	⿰酋女
𡞝	⿰女首
𡞞	⿰女省
𡞟	⿱叛女
𡞠	⿱活女
𡞡	⿰女匧
𡞢	⿰女剋
𡞣	⿱咸女
𡞤	⿰女𨊢
𡞥	⿰女矦
𡞦	⿰女㝁
𡞧	⿰女㚇
𡞨	⿰女𢦦
𡞩	⿰貟女
𡞪	⿰女复
𡞫	⿰女柰
𡞬	⿰女𭠃
𡞭	⿰女帠
𡞮	⿰女𭩢
𡞯	⿰女苦
𡞰	⿰女茲
𡞱	⿰女娄
𡞲	⿰女𦥚
𡞳	⿰女癸
𡞴	⿰女苹
𡞵	⿰女奐
𡞶	⿰女⿱⿱宀儿方
𡞷	⿰女𤇏
𡞸	⿰女剌
𡞹	⿰女建
𡞺	⿱𦔻女
𡞻	⿰女垔
𡞼	⿰女⿸厂⿱㇒𱒃
𡞽	⿰女⿰赤又
𡞾	⿰女耍
𡞿	⿰女凾
𡟀	⿰女苓
𡟁	⿰女故
𡟂	⿰女⿱𱐔亏
𡟃	⿰女苑
𡟄	⿰女昱
𡟅	⿰女約
𡟆	⿰女盆
𡟇	⿰女彖
𡟈	⿰女盾
𡟉	⿰女⿱⿱㇒𡆪儿
𡟊	⿰女秋
𡟋	⿱⿰未攵女
𡟌	⿰姞女
𡟍	⿰女革
𡟎	⿰女虽
𡟏	⿰女𱕺
𡟐	⿰女⿱𠂉足
𡟑	⿰女侯
𡟒	⿰女⿱龹女
𡟓	⿰女哀
𡟔	⿰女咨
𡟕	⿱施女
𡟖	⿱洝女
𡟗	⿱姦大
𡟘	⿲女⿱厶夫女
𡟙	⿰女星
𡟚	⿰女盈
𡟛	⿰女屏
𡟜	⿰女姜
𡟝	⿰女㒸
𡟞	⿰女修
𡟟	⿰女怱
𡟠	⿰女𥄉
𡟡	⿰女𠂷
𡟢	⿰女𠚏
𡟣	⿰女𧆞
𡟤	⿰女⿱⿺𠃊口目
𡟥	⿰女禹
𡟦	⿰女郍
𡟧	⿰女⿰？卩
𡟨	⿱陝女
𡟩	⿰女屑
𡟪	⿰女師
𡟫	⿰女貢
𡟬	⿰女烕
𡟭	⿰女屖
𡟮	⿱⿰𱼧巳女
𡟯	⿰女恩
𡟰	⿰女冤
𡟱	⿰女荀
𡟲	⿰女害
𡟳	⿰女𠁁
𡟴	⿰女追
𡟵	⿰女哥
𡟶	⿰女峩
𡟷	⿰女皋
𡟸	⿰女翁
𡟹	⿰女致
𡟺	⿰女夏
𡟻	⿰女茵
𡟼	⿰女⿻彖丶
𡟽	⿰女𡋲
𡟾	⿰女庭
𡟿	⿰姜五
𡠀	⿰女高
𡠁	⿰女⿻蚤丶
𡠂	⿰女晋
𡠃	⿱⿰未戉女
𡠄	⿰女烏
𡠅	⿱𰦖女
𡠆	⿱𣪊女
𡠇	⿰女𢙣
𡠈	⿱𰀕女
𡠉	⿸𭆆女
𡠊	⿰女條
𡠋	⿱師女
𡠌	⿰女⿱⿱㇒囚比
𡠍	⿱勿要
𡠎	⿰女羗
𡠏	⿰女桑
𡠐	⿰女𠫹
𡠑	⿰女⿻⿳𠮛⺕𠆢亅
𡠒	⿰女𢇅
𡠓	⿱倠女
𡠔	⿰女⿱止刖
𡠕	⿰女⿱日⿱乛𤴓
𡠖	⿰女臯
𡠗	⿱執女
𡠘	⿱女⿳卝土永
𡠙	⿰女通
𡠚	⿰女畢
𡠛	⿰女患
𡠜	⿱莫女
𡠝	⿱現女
𡠞	⿰女符
𡠟	⿰女属
𡠠	⿰女堂
𡠡	⿰女⿱止⿰⿵⺝一刂
𡠢	⿰翏女
𡠣	⿰女既
𡠤	⿰女强
𡠥	⿱强女
𡠦	⿱埶女
𡠧	⿱⿰其⿻⿻㇈丿丶女
𡠨	⿰女第
𡠩	⿰女堅
𡠪	⿰女㒼
𡠫	⿰女梅
𡠬	⿰女赦
𡠭	⿰女雪
𡠮	⿰女焏
𡠯	⿰女⿰⿱龶女攵
𡠰	⿰女崑
𡠱	⿰女崙
𡠲	⿰女異
𡠳	⿰女閉
𡠴	⿰女⿱⿱㇒⿴囗夊心
𡠵	⿰女魚
𡠶	⿰女釣
𡠷	⿱匿女
𡠸	⿰女𦕓
𡠹	⿰女帶
𡠺	⿱炏安
𡠻	⿰女造
𡠼	⿱敕女
𡠽	⿰女戚
𡠾	⿲女⿱山𠮛攵
𡠿	⿰女梟
𡡀	⿰女眷
𡡁	⿰女悉
𡡂	⿰女羕
𡡃	⿰女窕
𡡄	⿰女𫟎
𡡅	⿰女鳥
𡡆	⿰女眼
𡡇	⿰女盖
𡡈	⿰女崩
𡡉	⿸麻女
𡡊	⿰女巢
𡡋	⿱⿻𦥔𠮛女
𡡌	⿰女㤲
𡡍	⿰妨足
𡡎	⿰女𡝤
𡡏	⿱稍女
𡡐	⿰女菐
𡡑	⿰女曾
𡡒	⿰女斯
𡡓	⿰⿱彡女頁
𡡔	⿰女最
𡡕	⿸厥女
𡡖	⿰女朁
𡡗	⿰女𤔔
𡡘	⿱⿰幸丮女
𡡙	⿱隋女
𡡚	⿸睂女
𡡛	⿰女盛
𡡜	⿱⿰⿱一目⿱一目女
𡡝	⿰女普
𡡞	⿰女舜
𡡟	⿰女歰
𡡠	⿰女𰕎
𡡡	⿰女景
𡡢	⿰女棠
𡡣	⿰女菊
𡡤	⿰女幾
𡡥	⿰女渠
𡡦	⿰女隊
𡡧	⿰女智
𡡨	⿰女⿱⿱宀儿⿱⿺𠃊日八
𡡩	⿰女富
𡡪	⿰女䆣
𡡫	⿰女⿱亠兼
𡡬	⿰女敦
𡡭	⿰姜有
𡡮	⿰女𡩏
𡡯	⿰女勞
𡡰	⿰女⿱大韭
𡡱	⿰女琴
𡡲	⿰女朝
𡡳	⿰女雅
𡡴	⿱棥女
𡡵	⿲女⿱士⿱一木攵
𡡶	⿰女菀
𡡷	⿰女菱
𡡸	⿰女⿱止𦨉
𡡹	⿰女敝
𡡺	⿰女淼
𡡻	⿰女⿱山眉
𡡼	⿳臼八⿱中女
𡡽	⿰女⿱合⿵冂⿱丷丅
𡡾	⿰女睂
𡡿	⿰女啻
𡢀	⿰女巽
𡢁	⿱𫤱女
𡢂	⿱𡎐女
𡢃	⿰女間
𡢄	⿰女閔
𡢅	⿰女雲
𡢆	⿰女⿳巛龱心
𡢇	⿰女惡
𡢈	⿱湯女
𡢉	⿰女𦓔
𡢊	⿰女⿱罒旲
𡢋	⿰女歮
𡢌	⿰女⿳穴⿺𠃊⺝八
𡢍	⿰女貲
𡢎	⿺免⿱生女
𡢏	⿰娄⿱勹文
𡢐	⿰娄后
𡢑	⿱罬女
𡢒	⿰女䇺
𡢓	⿰女⿳一⿰口㐄⿵冈丅
𡢔	⿳亾口⿲月女凡
𡢕	⿱毁女
𡢖	⿱𣪠女
𡢗	⿱⿴𦥑囟女
𡢘	⿰女黽
𡢙	⿰女⿸虍寽
𡢚	⿰女㬅
𡢛	⿱⿲幺⿱㇒幺幺𡚴
𡢜	⿸广⿱祢女
𡢝	⿲女𱼭攵
𡢞	⿰女⿱䀠女
𡢟	⿰女楚
𡢠	⿰女𥦮
𡢡	⿰女羣
𡢢	⿰女虞
𡢣	⿱合⿲月女⿻⿻㇈丿丶
𡢤	⿰女過
𡢥	⿰女⿱𢆉林
𡢦	⿸广𡠓
𡢧	⿰女⿳⿳亠丷冖八⿻日乚
𡢨	⿰女聖
𡢩	⿰女⿸厂⿰肙攵
𡢪	⿰女韮
𡢫	⿰女𬝘
𡢬	⿰女葉
𡢭	⿰女⿱夭韭
𡢮	⿱⿲幺言幺女
𡢯	⿰女⿳艹𰀄𡉓
𡢰	⿰女媐
𡢱	⿰女剽
𡢲	⿰女𧵩
𡢳	⿰女感
𡢴	⿰女𤊽
𡢵	⿰女⿱雨幼
𡢶	⿰女毁
𡢷	⿰女窡
𡢸	⿰女閞
𡢹	⿱姦男
𡢺	⿰婁庂
𡢻	⿰女債
𡢼	⿰女葡
𡢾	⿰女禁
𡢿	⿰女農
𡣀	⿱⿰阝𢈙女
𡣁	⿰女孴
𡣂	⿱𠘂女
𡣃	⿰女𦞅
𡣄	⿰女溺
𡣅	⿱䚂女
𡣆	⿰女舞
𡣇	⿰女㥷
𡣈	⿰女署
𡣉	⿰委畏
𡣊	⿰女⿱令⿴囗𢆉
𡣋	⿰嫖寸
𡣌	⿰女⿱⿱卝干言
𡣍	⿱吂⿲月女丮
𡣎	⿱𣂺女
𡣏	⿰女𠻝
𡣐	⿱鞁女
𡣑	⿰女𧶉
𡣒	⿰女𬃷
𡣓	⿰女匱
𡣔	⿰女⿱今圅
𡣕	⿰女賔
𡣖	⿰女裳
𡣗	⿰女嘉
𡣘	⿰女𫎇
𡣙	⿰女齊
𡣚	⿰女寛
𡣛	⿰女説
𡣜	⿰女𠪚
𡣝	⿰女翠
𡣞	⿰女聚
𡣟	⿰女聞
𡣠	⿱𤲶女
𡣡	⿱女𤲶
𡣢	⿰重委
𡣣	⿰女⿱⿻⿳八丷⺕人目
𡣤	⿱姈南
𡣥	⿰女𡡉
𡣦	⿰女㡭
𡣧	⿰女𠃅
𡣨	⿰女蓋
𡣩	⿱滿女
𡣪	⿰女適
𡣫	⿰女墨
𡣬	⿰女𡙷
𡣭	⿰女慮
𡣮	⿰女蔡
𡣯	⿰女𢧵
𡣰	⿰女𠾂
𡣱	⿰女瞏
𡣲	⿰女寮
𡣳	⿰女韯
𡣴	⿰女𩾷
𡣵	⿰女𦂳
𡣶	⿰女賛
𡣷	⿰女敷
𡣸	⿰女嶲
𡣹	⿳亠⿲火⿱二口火女
𡣺	⿰女慧
𡣻	⿰女蓮
𡣼	⿱⿰⿱𠅃⿱一𠂇⿹⺄⿻丨⿱凵凵女
𡣽	⿰女閻
𡣾	⿰女蕭
𡣿	⿱⿴𦥑古⿳八𠆢女
𡤀	⿰女𪔅
𡤁	⿰女⿱完𥄧
𡤂	⿰女勳
𡤃	⿰女蕑
𡤄	⿰女䔵
𡤅	⿰女親
𡤆	⿲女車要
𡤇	⿰女嶶
𡤈	⿱燕女
𡤉	⿰女頻
𡤊	⿱妊渚
𡤋	⿰女韰
𡤌	⿰女歷
𡤍	⿰委原
𡤎	⿰女⿱㲋免
𡤏	⿰女薛
𡤐	⿰女賽
𡤑	⿰女薔
𡤒	⿰女舉
𡤓	⿱始買
𡤔	⿰買始
𡤕	⿰女霞
𡤖	⿰女翳
𡤗	⿱𪦨火
𡤘	⿰女𢣭
𡤙	⿰女聶
𡤚	⿰女𤐫
𡤛	⿰女轉
𡤜	⿰壹姿
𡤝	⿰女鵝
𡤞	⿰女⿷？𬺹
𡤟	⿱好磊
𡤠	⿰女禮
𡤡	⿰女關
𡤢	⿰女羅
𡤣	⿰女䜌
𡤤	⿰女藥
𡤥	⿰女儵
𡤦	⿰女藝
𡤧	⿰女寳
𡤨	⿰䜌女
𡤩	⿰女艶
𡤪	⿰女⿹⿽戈𥫗韭
𡤫	⿱䶗女
𡤬	⿰女矍
𡤭	⿰女黨
𡤮	⿰女⿻⿱卝干誩
𡤯	⿰女纍
𡤰	⿰女鶯
𡤱	⿰女覽
𡤲	⿰女𪉷
𡤳	⿱⿰免免娩
𡤴	⿰女霽
𡤵	⿰女懿
𡤶	⿰女彎
𡤷	⿰女籤
𡤸	⿰女艷
𡤹	⿰女𠓗
𡤺	⿱⿰兔兔婏
𡤻	⿰女鸞
𡤼	⿰一了
𡤽	⿱子一
𡤾	⿸子𠄠
𡤿	⿰子人
𡥀	⿻子八
𡥁	⿰子刂
𡥂	⿸𠂇子
𡥃	⿰子女
𡥄	⿱子口
𡥅	⿰扌子
𡥆	⿰丑子
𡥇	⿱十⿲丿子乀
𡥈	⿱爻子
𡥉	⿱㐅𡥂
𡥊	⿰子毛
𡥋	⿱⺊𠨯
𡥌	⿰子日
𡥍	⿱㕛子
𡥎	⿱此子
𡥏	⿱山⿳𠆢丶子
𡥐	⿳山𠆢子
𡥑	⿰子札
𡥒	⿰未子
𡥓	⿰子母
𡥔	⿱田子
𡥕	⿱𠮨子
𡥖	⿱代子
𡥗	⿱⿵乃夕子
𡥘	⿱母子
𡥙	⿰子召
𡥚	⿰子可
𡥛	⿰子朱
𡥜	⿱宀㜽
𡥝	⿱𢆶子
𡥞	⿳爫冖子
𡥟	⿱覀子
𡥠	⿰子血
𡥡	⿰子交
𡥢	⿰子⿶凵不
𡥣	⿳⺊日子
𡥤	⿰子耒
𡥥	⿰子多
𡥦	⿲子子子
𡥧	⿰子尽
𡥨	⿱孖日
𡥩	⿰子弟
𡥪	⿰子言
𡥫	⿰合子
𡥬	⿱利子
𡥭	⿰卪孚
𡥮	⿱放子
𡥯	⿱怐子
𡥰	⿰子直
𡥱	⿰子周
𡥲	⿺兒子
𡥳	⿱典子
𡥴	⿰子⿱白工
𡥵	⿰子昆
𡥶	⿰子禹
𡥷	⿰㞌㞌
𡥸	⿰尾孕
𡥹	⿰享夬
𡥺	⿰兄⿱㞢子
𡥻	⿱秋子
𡥼	⿰子負
𡥽	⿱⿰未攵子
𡥾	⿰子咼
𡥿	⿰子重
𡦀	⿱孔明
𡦁	⿰彖子
𡦂	⿰字字
𡦃	⿱𤇾子
𡦄	⿰多孚
𡦅	⿰子芻
𡦆	⿰卑孕
𡦇	⿰⿱子日⿱𠂉月
𡦈	⿱令孤
𡦉	⿰子蚊
𡦊	⿰孝⿱子子
𡦋	⿱⿰臣⿱𠂉⺀子
𡦌	⿰子晋
𡦍	⿰子斊
𡦎	⿰子氣
𡦏	⿱𡥦日
𡦐	⿱㶷子
𡦑	⿱規子
𡦒	⿰子崑
𡦓	⿰子雀
𡦔	⿰帝孕
𡦕	⿰子專
𡦖	⿰子㒼
𡦗	⿰子⿱⿻𣄼丨？
𡦘	⿰子𦓔
𡦙	⿱𡷈字
𡦚	⿰享束
𡦛	⿰我享
𡦜	⿰子童
𡦝	⿰周孝
𡦞	⿰子粲
𡦟	⿰享卑
𡦠	⿱稚子
𡦡	⿰享者
𡦢	⿰孚重
𡦣	⿱𡺰子
𡦤	⿱数子
𡦥	⿺尾孨
𡦦	⿰享⿱丸火
𡦧	⿰季卒
𡦨	⿰享虎
𡦩	⿱暠子
𡦪	⿱𡥦𡥦
𡦫	⿰子質
𡦬	⿱日𩫃
𡦭	⿰𡥉⿸？⿹㇉灬
𡦮	⿰子䔲
𡦯	⿱⿰⿱山𡰪辛子
𡦰	⿰子學
𡦱	⿰𢊁孝
𡦲	⿰孝廌
𡦳	⿰孝𢊁
𡦴	⿰𡥈𢊁
𡦵	⿰廌孝
𡦶	⿱孤𣁽
𡦷	⿳𡥦日𡥦
𡦸	⿰盒學
𡦹	⿱丶⿵𠘨？
𡦺	⿱宀乃
𡦻	⿱宀㔾
𡦼	⿱宀人
𡦽	⿱宀亡
𡦾	⿱宀⿲㇒丨㇏
𡦿	⿱宀𠔀
𡧀	⿱宀也
𡧁	⿱宀马
𡧂	⿳宀一勹
𡧄	⿱宀⿻九丶
𡧅	⿱宀廾
𡧆	⿳宀一八
𡧇	⿱宀工
𡧈	⿱宀亐
𡧉	⿱宀兀
𡧊	⿱宀万
𡧋	⿱宀分
𡧌	⿱宄又
𡧍	⿱宀丏
𡧎	⿱宀丐
𡧏	⿱宀𫧇
𡧐	⿱宀⿱？八
𡧑	⿳宀？大
𡧒	⿱宀歹
𡧓	⿱宀⺝
𡧔	⿱宀殳
𡧕	⿱宀㕛
𡧖	⿱宀𡥀
𡧗	⿱宀瓦
𡧘	⿱宀𬺻
𡧙	⿱宀卯
𡧚	⿱宀屴
𡧛	⿱宀付
𡧜	⿱宀仛
𡧝	⿳宀乛冈
𡧞	⿱宀⿺尢𰀪
𡧟	⿱宀目
𡧠	⿳宀匕大
𡧡	⿱宀正
𡧢	⿳宀工八
𡧣	⿱宀右
𡧤	⿳宀一勿
𡧥	⿳宀中𠃌
𡧦	⿱宀矢
𡧧	⿳宀？一
𡧨	⿱宀出
𡧩	⿱宀圭
𡧪	⿱宀圫
𡧫	⿱宄心
𡧬	⿱宀㠩
𡧭	⿱宀危
𡧮	⿱宀㫐
𡧯	⿱宀尗
𡧰	⿱宀缶
𡧱	⿱宀𢀛
𡧲	⿰宁中
𡧳	⿱宀西
𡧴	⿳宀一匆
𡧵	⿱宀⿳亠厶十
𡧶	⿱宀夻
𡧷	⿱宀牟
𡧸	⿳宀夂山
𡧹	⿱宙一
𡧺	⿱宀𠂤
𡧻	⿱宀后
𡧼	⿱穴日
𡧽	⿱宀巟
𡧾	⿳宀乛皿
𡧿	⿱宀⿰乃戈
𡨀	⿱宀余
𡨁	⿱宀赤
𡨂	⿱宀吾
𡨃	⿱宀求
𡨄	⿳宀𠀎八
𡨅	⿱宀局
𡨆	⿳宀多一
𡨇	⿱宀皀
𡨈	⿱宀𠄢
𡨉	⿳宀尺乇
𡨊	⿱宀⿳土冖又
𡨋	⿳宀且八
𡨌	⿰守中
𡨍	⿰宂瓦
𡨎	⿳宀火寸
𡨏	⿳宀龷大
𡨐	⿱宀𬉸
𡨑	⿱宓凵
𡨒	⿱宀㺯
𡨓	⿳宀五𫶧
𡨔	⿱宀⿻𰀁从
𡨕	⿳宀旦八
𡨖	⿱宀利
𡨗	⿱宀皂
𡨘	⿱宀兎
𡨙	⿱宀⿳八𠆢寸
𡨚	⿱宀免
𡨛	⿱宀夆
𡨜	⿱宀𠦑
𡨝	⿳宀火夕
𡨞	⿱宀𠬶
𡨟	⿱宀告
𡨠	⿱宀坐
𡨡	⿱宀奂
𡨢	⿱宀居
𡨣	⿱宀𤘴
𡨤	⿱宀叕
𡨥	⿱宀⿺元攵
𡨦	⿱宀帚
𡨧	⿱宀卒
𡨨	⿳宀𡗜夕
𡨩	⿱宀昏
𡨪	⿱𫲽月
𡨫	⿱宀宗
𡨬	⿱宀⿳又皿亅
𡨭	⿱宀松
𡨮	⿳宀石大
𡨯	⿳宀臼十
𡨰	⿱宀非
𡨱	⿱宀佳
𡨲	⿱宀表
𡨳	⿱宀⿺老人
𡨴	⿳宀𮕜亅
𡨵	⿳宀大旦
𡨶	⿱宀炅
𡨷	⿱宀𠈣
𡨸	⿰宁字
𡨹	⿰守宁
𡨺	⿰宁守
𡨻	⿱宀乳
𡨼	⿱宀炎
𡨽	⿱宀省
𡨾	⿱宀垔
𡨿	⿳宀⿱㇒冈火
𡩀	⿱宀彖
𡩁	⿱宀亲
𡩂	⿱宀⿳一血八
𡩃	⿱宀恆
𡩄	⿱宀勉
𡩅	⿱宀⿳𰀆𠂊巾
𡩆	⿰束它
𡩇	⿳宀⿺𠃊目𫶧
𡩈	⿱宀𣐥
𡩉	⿱𫲽旦
𡩊	⿱宀陋
𡩋	⿱𫲽冉
𡩌	⿱宀建
𡩍	⿱宀⿰乃成
𡩎	⿱宓木
𡩏	⿱宀眉
𡩐	⿳宀龶田
𡩑	⿳宀罒𧘇
𡩒	⿱宀看
𡩓	⿱宀𧈸
𡩔	⿱宀𡘑
𡩕	⿳宀丶杲
𡩖	⿳宀十見
𡩗	⿱宀俞
𡩘	⿱宀音
𡩙	⿱宀㒸
𡩚	⿳宀彐𧰨
𡩛	⿰安百
𡩜	⿳宀龶罒
𡩝	⿳宀⿻⿰厶厶十𫜹
𡩞	⿱㝐正
𡩟	⿳宀一臾
𡩠	⿱𡨦又
𡩡	⿱宀索
𡩢	⿱宀條
𡩣	⿱宀桀
𡩤	⿱宀借
𡩥	⿱宀翁
𡩦	⿱宀⿳一昌一
𡩧	⿱宀珤
𡩨	⿱宀𠳅
𡩩	⿱宀⿰爿吂
𡩪	⿱宀⿱一⿻⿱吕𠆢丨
𡩫	⿱宀郡
𡩬	⿱宀⿳心皿一
𡩭	⿱宷亏
𡩮	⿱宀垷
𡩯	⿱宀𡘤
𡩰	⿰宗卯
𡩱	⿱𡨄亏
𡩲	⿱宀⿳罒一𧘇
𡩳	⿱宀𡋵
𡩴	⿱宀⿱爫缶
𡩵	⿱宀𧰬
𡩶	⿰宜央
𡩷	⿱宀晏
𡩸	⿱宀⿰禾号
𡩹	⿱宀舀
𡩺	⿱宀悟
𡩻	⿱宀㴆
𡩼	⿳宀𥃭木
𡩽	⿱宀⿰爿尨
𡩾	⿱宀區
𡩿	⿱宀𡌭
𡪀	⿰宐宐
𡪁	⿱宀⿰爿含
𡪂	⿳宀夂里
𡪃	⿱宀𢍏
𡪄	⿰宁者
𡪅	⿱宀郰
𡪆	⿱宓皀
𡪇	⿰宁修
𡪈	⿱宀基
𡪉	⿱宀聊
𡪊	⿳宀曲⿱一𧘇
𡪋	⿳宀㸚女
𡪌	⿱宀⿰赤攴
𡪍	⿳宀𥃭灬
𡪎	⿱宀梦
𡪏	⿱宣旦
𡪐	⿱宀𡘺
𡪑	⿱宀𠵛
𡪒	⿳宀𰏒田
𡪓	⿳宀壬貝
𡪔	⿱宀𣓀
𡪕	⿳𫲽吅一
𡪖	⿱宓血
𡪗	⿱宀⿰爿⿱一合
𡪘	⿱宀𤕽
𡪙	⿱安明
𡪚	⿱𡨤女
𡪛	⿱𡧍貝
𡪜	⿱宀深
𡪝	⿱宀卨
𡪞	⿰客𠮢
𡪟	⿱宀愔
𡪠	⿱宀曾
𡪡	⿱宀⿰⿱土示欠
𡪢	⿱宀㑴
𡪣	⿱宀毳
𡪤	⿱宀華
𡪥	⿱𫲽𠧢
𡪦	⿱宀渚
𡪧	⿱𡨤木
𡪨	⿱宀⿻莧厶
𡪩	⿱宀堯
𡪪	⿳宀珎大
𡪫	⿳宀工⿻昌乚
𡪬	⿱宀𦕬
𡪭	⿳宀口哀
𡪮	⿺宂𫸚
𡪯	⿱宀敢
𡪰	⿱宀䎜
𡪱	⿱宀猋
𡪲	⿱宀貴
𡪳	⿳宀禾見
𡪴	⿱宿六
𡪵	⿱宀鈙
𡪶	⿱宀⿰爿炎
𡪷	⿱宀⿰爿帚
𡪸	⿰安厘
𡪹	⿱宀𮊿
𡪺	⿱宀登
𡪻	⿰宴古
𡪼	⿱宀⿸广⿻⺕米
𡪽	⿱宀䂓
𡪾	⿱宀愚
𡪿	⿱宀奥
𡫀	⿱宀敫
𡫁	⿱宀𧠪
𡫂	⿱宀絹
𡫃	⿱宀⿳心罒天
𡫄	⿱宄敗
𡫅	⿳完目火
𡫆	⿱宀嗇
𡫇	⿱宀⿳心皿心
𡫈	⿱宀⿰垔犬
𡫉	⿱宀⿰⿱丅耳⿱工又
𡫊	⿳宀覀辛
𡫋	⿱宀豊
𡫌	⿱宀募
𡫍	⿱𫲽面
𡫎	⿱宀𢾟
𡫏	⿱宀𣹰
𡫐	⿱宀亷
𡫑	⿱宀𫮛
𡫒	⿱宀⿰爿⿱帚又
𡫓	⿱宀墊
𡫔	⿱宀⿰爿⿳⺕冖目
𡫕	⿳宀尹鳥
𡫖	⿱宀⿳罒一⿱日𧘇
𡫗	⿳宀非⿱𠆢木
𡫘	⿱宀勫
𡫙	⿳宀⿰工工⿲又仌又
𡫚	⿱宀⿰垔示
𡫛	⿳宀自⿱⿱冖八𠔽
𡫜	⿱宀⿳艹⿱𠆢艹仌
𡫝	⿱宀⿰木⿱𡗜旦
𡫞	⿱宀踰
𡫟	⿳宀㠭大
𡫠	⿱宀徹
𡫡	⿰牢問
𡫢	⿱宀耦
𡫣	⿱宀敷
𡫤	⿳宀⿻⿳⿻口一口𠮛丨女
𡫥	⿰客客
𡫦	⿰宛⿸辰寸
𡫧	⿱宀⿰爿⿳一𫜹⿱冖目
𡫨	⿰密見
𡫩	⿳宀⿰𢑑𢑑大
𡫪	⿱宀⿳𠀎⿻八亠𠆸
𡫫	⿰吝寅
𡫬	⿱宀𥱩
𡫭	⿱宀𰏮
𡫮	⿱宀⿳⿰工工？仌
𡫯	⿱宀歷
𡫰	⿱宀䲽
𡫱	⿱宀磟
𡫲	⿰害客
𡫳	⿳宀㠭廾
𡫴	⿰害咸
𡫵	⿳宀衣𦊜
𡫶	⿰寒弄
𡫷	⿳宀珎金
𡫸	⿰寧吉
𡫹	⿰⿱宓䶹咸
𡫺	⿱宀⿰爿𦴋
𡫻	⿱宀⿰⿳弓⿴囗⿻𰀪丶土示
𡫼	⿱𡫟土
𡫽	⿱宀⿰爿⿳艹罒𠕷
𡫾	⿱宀⿲⿱䶹䶹⿱力仌⿱䶹䶹
𡫿	⿳宀珤金
𡬀	⿳宀王⿰⿱宀王⿱宀王
𡬁	⿱宀𦓈
𡬂	⿱富則
𡬃	⿳宀先兟
𡬄	⿱宀⿰爿⿳⿱艹罒冖水
𡬅	⿱宀顛
𡬆	⿱宀懵
𡬇	⿱宀⿰爿⿳⿱艹罒冖不
𡬈	⿰寵下
𡬉	⿰盾塞
𡬊	⿱宀⿰爿⿳⿱艹罒冖夭
𡬋	⿱宀⿰爿⿳⿱⺈罒冖𠮷
𡬌	⿱宀⿰爿瞢
𡬍	⿱宀⿰爿⿳⿱艹罒冖米
𡬎	⿳宀羌⿰羌羌
𡬏	⿱宝⿰宝宝
𡬐	⿱宜⿰宜宜
𡬑	⿱宀⿰爿⿳⿱艹罒冖吾
𡬒	⿱宀⿰爿⿳⿱艹罒冖臬
𡬓	⿱宀⿰爿⿳⿱艹罒冖𠬶
𡬔	⿱宀鑍
𡬕	⿱𫲽𦓈
𡬖	⿱宀⿰爿⿳⿱艹罒冖炎
𡬗	⿰寧壹
𡬘	⿰翏寬
𡬙	⿱宀⿰爿⿳⿱艹罒冖則
𡬚	⿱客𡫥
𡬛	⿱𫲽⿰⿱立虫⿱立虫
𡬜	⿱寒⿰寒寒
𡬝	⿻寸丨
𡬞	⿱⿹⺄⿹⺄⺄寸
𡬟	⿰禾寸
𡬠	⿰？寸
𡬡	⿰巨寸
𡬢	⿱矛寸
𡬣	⿺兄寸
𡬤	⿰申寸
𡬥	⿰𭁠寸
𡬦	⿳八工寸
𡬧	⿰尗寸
𡬨	⿱㓞寸
𡬩	⿺⿱日儿寸
𡬪	⿰血寸
𡬫	⿰舟寸
𡬬	⿰⿻𦉫𠄠寸
𡬭	⿱⿻一曲寸
𡬮	⿱官寸
𡬯	⿱𦥔寸
𡬰	⿱肘尺
𡬱	⿰京寸
𡬲	⿰⿱巛目寸
𡬳	⿳爫罒寸
𡬴	⿳𠆢臣寸
𡬵	⿰垔寸
𡬶	⿳𫜹巩寸
𡬷	⿱則寸
𡬸	⿳巛臼寸
𡬹	⿰𩠐寸
𡬺	⿰罡寸
𡬻	⿱⿰肉尺寸
𡬼	⿱剛寸
𡬽	⿰票寸
𡬾	⿰𪲓寸
𡬿	⿰區寸
𡭀	⿰罣寸
𡭁	⿰翏寸
𡭂	⿰束㝵
𡭃	⿰丙⿸辰寸
𡭄	⿺堯寸
𡭅	⿱⿰享分寸
𡭆	⿳艹囲⿱一寸
𡭇	⿰專内
𡭈	⿰⿱吅圭寸
𡭉	⿰半射
𡭊	⿰⿱丵口寸
𡭋	⿰㐁⿸辰寸
𡭌	⿰⿱木眉寸
𡭍	⿰𠂬專
𡭎	⿱𨕥寸
𡭏	⿱？⿰舌寸
𡭐	⿰巵專
𡭑	⿱衟寸
𡭒	⿰⿳爫⿸尸𠕁寸司
𡭓	⿰𤐫寸
𡭔	⿲㇒丨丶
𡭕	⿱一小
𡭖	⿱乛小
𡭗	⿱入小
𡭘	⿵乃小
𡭙	⿱⺌𠔼
𡭚	⿱三小
𡭛	⿱𡭔廾
𡭜	⿰门小
𡭝	⿱少小
𡭞	⿱𡭔火
𡭟	⿱少大
𡭠	⿱龸匕
𡭡	⿱⿸𠂇𠂈小
𡭢	⿱𡭔木
𡭣	⿱𡭔少
𡭤	⿱𡭔王
𡭥	⿰勿少
𡭦	⿱𡭔本
𡭧	⿰出小
𡭨	⿱目小
𡭩	⿳𡭔𫜹八
𡭪	⿱𡭔⿱日儿
𡭫	⿰⿱夕小寸
𡭬	⿱小闭
𡭭	⿱𡭔吏
𡭮	⿱𡭔有
𡭯	⿳𡭔𡭔小
𡭰	⿰兆小
𡭱	⿰出少
𡭲	⿱少出
𡭳	⿹？小
𡭴	⿱𡭔⿱日小
𡭵	⿱龸甲
𡭶	⿹⿽𫠠⺌且
𡭷	⿱𡭔豕
𡭸	⿱少同
𡭹	⿰亥少
𡭺	⿱少而
𡭻	⿰尖屯
𡭼	⿱𡭔⿱⿻日丿十
𡭽	⿱少⿱日小
𡭾	⿱𡭔乳
𡭿	⿱𫩠之
𡮀	⿱少囧
𡮁	⿱𡭔𢌿
𡮂	⿱𡭔⿱白小
𡮃	⿱卉𱒃
𡮄	⿱小宛
𡮅	⿰兒小
𡮆	⿱小門
𡮇	⿰卒小
𡮈	⿺乳小
𡮉	⿰門小
𡮊	⿱小刼
𡮋	⿱小枚
𡮌	⿱小彼
𡮍	⿱小拙
𡮎	⿰亢京
𡮏	⿱少⿰少少
𡮐	⿱⿰𡭔𡭔⿰小小
𡮑	⿱少乳
𡮒	⿰季⿺乚小
𡮓	⿰乖少
𡮔	⿰美小
𡮕	⿱龸串
𡮖	⿺⿱𡭔又⿱出几
𡮗	⿺辶⿱少不
𡮘	⿰某少
𡮙	⿱能小
𡮚	⿳𡭔厶周
𡮛	⿱小涅
𡮜	⿰笑小
𡮝	⿱龸？
𡮞	⿰害少
𡮟	⿰⿱㕕小⿱㕕小
𡮠	⿰尔眉
𡮡	⿱⿰𡭔𡭔𧠇
𡮢	⿱𫩠𣅀
𡮣	⿱小閉
𡮤	⿰閉小
𡮥	⿰小閉
𡮦	⿰曹少
𡮧	⿳囧八尗
𡮨	⿰買小
𡮩	⿰閉少
𡮪	⿱小欺
𡮫	⿰然小
𡮬	⿰小悶
𡮭	⿰巽小
𡮮	⿱小悶
𡮯	⿱少造
𡮰	⿸𢊆小
𡮱	⿰𠫤𡭴
𡮲	⿱小詩
𡮳	⿰買少
𡮴	⿰⿱少⿹𠃌王其
𡮵	⿰尚重
𡮶	⿰重尚
𡮷	⿱小賢
𡮸	⿰巽尖
𡮹	⿰少蒙
𡮺	⿰賢小
𡮻	⿰監少
𡮼	⿰⿻監丶少
𡮽	⿰尖遁
𡮾	⿰遶小
𡮿	⿰毚少
𡯀	⿰鬱小
𡯁	⿸𠂇㇈
𡯂	⿱八几
𡯃	⿸𠂇𠤎
𡯄	⿺尢力
𡯅	⿺兀又
𡯆	⿺尢厶
𡯇	⿺尢刂
𡯈	⿺尢人
𡯉	⿺尢又
𡯊	⿱一尤
𡯋	⿺尢干
𡯌	⿺尢夕
𡯍	⿺尢𡕒
𡯎	⿺尢彡
𡯏	⿺尢斗
𡯐	⿺尢木
𡯑	⿺尣水
𡯒	⿺尣日
𡯓	⿺兀介
𡯔	⿺尢⿱八⿰丿𠃌
𡯕	⿺尢分
𡯖	⿺尢勿
𡯗	⿺尣介
𡯘	⿺尢反
𡯙	⿺尢日
𡯚	⿺尣包
𡯛	⿺尣左
𡯜	⿺尢穴
𡯝	⿺兀石
𡯞	⿺尢丙
𡯟	⿺尤日
𡯠	⿺尣穴
𡯡	⿺尢包
𡯢	⿺尢舌
𡯣	⿺尢艮
𡯤	⿰𠫤尢
𡯥	⿺尢虫
𡯦	⿺尢朵
𡯧	⿺尣㫐
𡯨	⿺尢坐
𡯩	⿺尢肖
𡯪	⿺尢⿱山王
𡯫	⿺尣㒵
𡯬	⿺尢㒵
𡯭	⿺尢㞷
𡯮	⿰𠫤尤
𡯯	⿱尤共
𡯰	⿺尢戒
𡯱	⿺尣皀
𡯲	⿺尣㞷
𡯳	⿺尢咅
𡯴	⿺尢卓
𡯵	⿺尢委
𡯶	⿰𢂋尤
𡯷	⿺尣咅
𡯸	⿺尣⿱大⿻日乚
𡯹	⿺尢𠂽
𡯺	⿺尢頁
𡯻	⿺尢是
𡯼	⿰𬉻尤
𡯽	⿺尢咸
𡯾	⿺尢酋
𡯿	⿺尢負
𡰀	⿺尢拏
𡰁	⿺兀重
𡰂	⿺尣畏
𡰃	⿺尢䍃
𡰄	⿺尢奚
𡰅	⿺兀骨
𡰆	⿺尢臬
𡰇	⿰祟尣
𡰈	⿰臬兀
𡰉	⿺尣兼
𡰊	⿺尣骨
𡰋	⿺尢崔
𡰌	⿺尢婁
𡰍	⿰婁尢
𡰎	⿺尢鳥
𡰏	⿰兀涼
𡰐	⿰虚尤
𡰑	⿺尢喬
𡰒	⿺尢童
𡰓	⿰婁尤
𡰔	⿰⿳亠口𱒃尤
𡰕	⿺尣童
𡰖	⿺尢⿱爫是
𡰗	⿰⿳亠口京尢
𡰘	⿰喬尤
𡰙	⿰奠尤
𡰚	⿰粦尤
𡰛	⿺尣監
𡰜	⿰⿳亠口京尤
𡰝	⿺尢雚
𡰞	⿺兀雚
𡰟	⿺尣羸
𡰠	⿺尢羸
𡰡	⿺尣⿱爫巂
𡰢	⿺尢⿱爫巂
𡰣	⿱？丿
𡰤	⿱丷尸
𡰥	⿸尸二
𡰦	⿸尸人
𡰧	⿸尹𠃌
𡰨	⿸尸丁
𡰩	⿸尸𫜹
𡰪	⿸尸口
𡰫	⿸尸叉
𡰬	⿸尸弓
𡰭	⿸尸𫶧
𡰮	⿱凵尸
𡰯	⿸尸巾
𡰰	⿺尺卩
𡰱	⿸尸工
𡰲	⿸尸尸
𡰳	⿸尸习
𡰴	⿸⿻尸一𠃌
𡰵	⿸尸攴
𡰶	⿸尸日
𡰷	⿸尸斗
𡰸	⿸尸支
𡰹	⿸尸⿱㇒𣥂
𡰺	⿰尸⿱？刀
𡰻	⿰尸⿱？又
𡰼	⿸尸孔
𡰽	⿸尸尤
𡰾	⿸尸𠂔
𡰿	⿸尸⿱八夊
𡱀	⿳亠口尸
𡱁	⿸尸矢
𡱂	⿸尸⿱兀几
𡱃	⿸尸⿱𠂊巾
𡱄	⿸尸⿺⿻三㇉丶
𡱅	⿸尸去
𡱆	⿸尸丙
𡱇	⿸尸占
𡱈	⿸尸句
𡱉	⿰尹尹
𡱊	⿸尸⿹𠃌水
𡱋	⿱由尸
𡱌	⿸尸亘
𡱍	⿸尸亥
𡱎	⿸尸肉
𡱏	⿸尸糸
𡱐	⿸尸夷
𡱑	⿸尸䏍
𡱒	⿸尸共
𡱓	⿸尸⿱云几
𡱔	⿸尸⿱二日
𡱕	⿸尸⿻⿰⿱丶㇀⿱㇒丶七
𡱗	⿸尸⿱龷厶
𡱘	⿸尸光
𡱙	⿸尸收
𡱚	⿸尸㐼
𡱛	⿺尺失
𡱜	⿸尸兆
𡱝	⿸尸羊
𡱞	⿸尸屰
𡱟	⿸尸㜽
𡱠	⿱吉尸
𡱡	⿸尸耳
𡱢	⿸尸矣
𡱣	⿸尸𭛞
𡱤	⿸尸𣲭
𡱥	⿸尸夋
𡱦	⿸尸𨑭
𡱧	⿸尸⿱氺九
𡱨	⿰𡰤古
𡱩	⿱托尺
𡱪	⿸尸忮
𡱫	⿸尸我
𡱬	⿱尾子
𡱭	⿺尾干
𡱮	⿱尺⿱田一
𡱯	⿸尸弄
𡱰	⿸尸豕
𡱱	⿸尸⿰彳夭
𡱲	⿸尸⿱从凢
𡱳	⿸尸沙
𡱴	⿸尸𣲂
𡱵	⿱尾小
𡱶	⿸尸呂
𡱷	⿸尸𦔮
𡱸	⿱刚尺
𡱹	⿸尸⿰彳⿱匕㔾
𡱺	⿸尸㣘
𡱻	⿸尸亞
𡱼	⿸尸果
𡱽	⿸尸忽
𡱾	⿸尸取
𡱿	⿸尸易
𡲀	⿸尸空
𡲁	⿸尸⿰彳犮
𡲂	⿰𡰮且
𡲃	⿸尸厔
𡲄	⿸尸𢪙
𡲅	⿸尸枝
𡲆	⿸尸⿰爿支
𡲇	⿸尸⿻口禸
𡲈	⿺尾文
𡲉	⿺尾日
𡲊	⿺尾月
𡲋	⿺尾⿱龴又
𡲌	⿰𡰱丘
𡲍	⿸尸⿱口幼
𡲎	⿸尸卑
𡲏	⿸尸⿰彳⿱匕巳
𡲐	⿸尸乳
𡲑	⿸尸⿱巛矢
𡲒	⿸尸⿱巛出
𡲓	⿸尸⿰⿻三丨⿻三丨
𡲔	⿸尸⿰矢毛
𡲕	⿸尸⿰彳曳
𡲖	⿸尸𱕻
𡲗	⿸尸⿱犬出
𡲘	⿸尸⿱氺水
𡲙	⿸尸垔
𡲚	⿸尸酋
𡲛	⿸尸𢓤
𡲜	⿸尸⿱从𠕁
𡲝	⿰𡰱曳
𡲞	⿰⿱丷凥古
𡲟	⿸尸⿰彳舟
𡲠	⿰𡰪⿸户又
𡲡	⿰⿱凵⿸尸刀𠆦
𡲢	⿸尸茄
𡲣	⿸尸降
𡲤	⿺尾且
𡲥	⿺尾生
𡲦	⿸尸⿱𰀉心
𡲧	⿺尾未
𡲨	⿺尾去
𡲩	⿸尸⿱氺比
𡲪	⿺尾孕
𡲫	⿺尾布
𡲬	⿸尸⿱氺出
𡲭	⿰尾曳
𡲮	⿸尸𣬉
𡲯	⿸尸⿱⿻丄从𠬞
𡲰	⿸尸徐
𡲱	⿸尸⿱⿻丄从廾
𡲲	⿸尸𢓭
𡲳	⿸尸弱
𡲴	⿸尸⿱火米
𡲵	⿸尸⿱𠈌几
𡲶	⿸㞑出
𡲷	⿸尸⿱𠦄禾
𡲸	⿺尾米
𡲹	⿸尸委
𡲺	⿸尸脊
𡲻	⿸尸⿱𠮛吊
𡲼	⿺尾亥
𡲽	⿰㞒旡
𡲾	⿸尸𢓰
𡲿	⿸尸⿰爿曳
𡳀	⿺尾危
𡳁	⿰屎太
𡳂	⿸尸豈
𡳃	⿺尾会
𡳄	⿸尸啚
𡳅	⿸尸既
𡳆	⿸尸虘
𡳇	⿸尸翏
𡳈	⿸尸烾
𡳉	⿸尸⿱炎夊
𡳊	⿺尾弄
𡳋	⿸尸⿱夫良
𡳌	⿸尸⿰彳⿱矛夊
𡳍	⿸尸絇
𡳎	⿰尾吕
𡳏	⿰𡱜句
𡳐	⿸尸𢔃
𡳑	⿸尸⿻壬𠈌
𡳒	⿰尾画
𡳓	⿺尾宗
𡳔	⿺尾参
𡳕	⿺尾非
𡳖	⿺尾花
𡳗	⿺尾⿳丷工尸
𡳘	⿸尸⿱一⿻山𠈌
𡳙	⿸尸⿰丬枼
𡳚	⿸尸⿹𠃌國
𡳛	⿰屎吉
𡳜	⿰尾季
𡳝	⿺尾卒
𡳞	⿸尸粦
𡳟	⿸局⿰？⿺乚日
𡳠	⿸尸資
𡳡	⿸尸⿱⿻丄从艸
𡳢	⿱尺都
𡳣	⿱都尺
𡳤	⿰尺都
𡳥	⿸尸碎
𡳦	⿺尾⿱八声
𡳧	⿰由屏
𡳨	⿰杘桑
𡳩	⿰尾書
𡳪	⿺尾堆
𡳫	⿸尸墨
𡳬	⿸尸盧
𡳭	⿰⿱尼木桑
𡳮	⿸尸積
𡳯	⿸尸橋
𡳰	⿰屢古
𡳱	⿺尾萬
𡳲	⿺尾⿱爫萬
𡳳	⿺尾會
𡳴	⿱吂⿲月⿱廿尸凡
𡳵	⿰屡𫇰
𡳶	⿰𫇰屡
𡳷	⿸尸覆
𡳸	⿸尸𢖙
𡳹	⿰尾罷
𡳺	⿰尾魄
𡳻	⿱𭕘⿰𭕘𭕘
𡳼	⿰⿱廿𦥔𡲬
𡳽	⿰篤屋
𡳾	⿻凵乚
𡳿	⿻丄⿰𠃊𠃎
𡴀	⿻凵𰀁
𡴁	⿱䶹幺
𡴂	⿰䶹𡳾
𡴃	⿱与䶹
𡴄	⿱屮⿱冖乙
𡴅	⿱䶹巾
𡴆	⿱䶹六
𡴇	⿱䶹丰
𡴈	⿱一⿺㇉出
𡴉	⿺屯凡
𡴊	⿱㞢𠔼
𡴋	⿱屮母
𡴌	⿱𠆢⿱一⿻丷屮
𡴍	⿱㞢𡈼
𡴎	⿱䶹𠂤
𡴏	⿱䶹㒲
𡴐	⿱屮早
𡴑	⿱䶹⿱𠆢中
𡴒	⿳䶹一⿱⿵𠆢一𰆊
𡴓	⿳⿱㇒罓一𡳾
𡴔	⿳䶹太龴
𡴕	⿱屮每
𡴖	⿱䶹⿱𠆢𢆉
𡴗	⿱屮吕
𡴘	⿱夭屰
𡴙	⿱山皁
𡴚	⿳䶹屮分
𡴛	⿳䶹土母
𡴜	⿱䶹⿳八𠆢日
𡴝	⿳屮𠬞夲
𡴞	⿰⿱䶹夲允
𡴟	⿳屮八⿱卝干
𡴠	⿱芔土
𡴡	⿱⿻屮⿱𠆢一吅
𡴢	⿺屯並
𡴣	⿰屯爭
𡴤	⿱𠂹䶹
𡴥	⿱䶹离
𡴦	⿱屮黑
𡴧	⿳屮⿰⿺𠃊⺊⿱⿰一丨𠃎⿱𠆢亡
𡴨	⿱芔⿵⿻凵人十
𡴩	⿱⿵⿻凵人十𠱠
𡴪	⿱⿳屮一八⿰⿳䶹一八⿳屮一八
𡴫	⿱⿱屮六⿰𡴆⿱屮六
𡴬	⿱⿰𠂹𠂹艸
𡴮	⿰山𠃌
𡴯	⿱山乙
𡴰	⿰山𢎘
𡴱	⿰山㔾
𡴲	⿱⺈山
𡴳	⿱凵山
𡴴	⿱九山
𡴵	⿰山丁
𡴶	⿱山丅
𡴷	⿱㐅山
𡴸	⿱儿山
𡴹	⿰山卩
𡴺	⿱卩山
𡴻	⿱刀山
𡴼	⿱山㔾
𡴽	⿰山力
𡴾	⿰山已
𡴿	⿰山丸
𡵀	⿰山亡
𡵁	⿱𠚤山
𡵂	⿳山一几
𡵃	⿱山干
𡵄	⿱山𰀁
𡵆	⿰山巳
𡵇	⿱山子
𡵈	⿱山尢
𡵉	⿱山兀
𡵊	⿰山𠧒
𡵋	⿱山𠧒
𡵌	⿰山叉
𡵍	⿱亡山
𡵎	⿰丸山
𡵏	⿱山幺
𡵐	⿰山⿱一九
𡵑	⿱刃山
𡵒	⿱巳山
𡵓	⿰山厷
𡵔	⿰山尤
𡵕	⿰丹山
𡵖	⿱山火
𡵗	⿱山⿱𠃑大
𡵘	⿰山户
𡵙	⿰山卬
𡵚	⿰山介
𡵛	⿰山父
𡵜	⿰山牛
𡵝	⿱山从
𡵞	⿱山丰
𡵟	⿰山巴
𡵠	⿱𠔿山
𡵡	⿱文山
𡵣	⿰牜山
𡵤	⿳山一山
𡵥	⿱山牙
𡵦	⿱山厷
𡵧	⿱山元
𡵨	⿰山攴
𡵩	⿱止山
𡵪	⿳夕一山
𡵫	⿱山片
𡵬	⿱山木
𡵭	⿱屯山
𡵮	⿰山𢆰
𡵯	⿱山少
𡵰	⿰山水
𡵱	⿱山斤
𡵲	⿰山攵
𡵳	⿱山分
𡵴	⿰山公
𡵵	⿱山𭂩
𡵶	⿱勿山
𡵷	⿱山𠘬
𡵹	⿱𠘬山
𡵺	⿰山勾
𡵻	⿰山亢
𡵼	⿰山火
𡵽	⿱𠀌山
𡵾	⿱孔山
𡵿	⿰山幻
𡶀	⿱山内
𡶁	⿱山屯
𡶂	⿸屵二
𡶃	⿰山戹
𡶄	⿰山包
𡶅	⿰山叵
𡶆	⿱山叵
𡶇	⿱必山
𡶈	⿰山史
𡶉	⿰山乏
𡶊	⿰山㐌
𡶋	⿰山尻
𡶌	⿰山石
𡶍	⿱山⿱𠆢亡
𡶎	⿰山未
𡶏	⿰山出
𡶐	⿰山加
𡶑	⿰山甘
𡶓	⿱？山
𡶔	⿱山戊
𡶕	⿱疋山
𡶖	⿰山犮
𡶗	⿱山民
𡶘	⿱民山
𡶙	⿰山戊
𡶚	⿰山田
𡶛	⿰山卡
𡶝	⿱山冋
𡶞	⿱山冬
𡶟	⿱山夗
𡶠	⿳𠂉䒑山
𡶢	⿱山兄
𡶣	⿳山八夊
𡶤	⿱山用
𡶥	⿱山加
𡶦	⿱山丘
𡶧	⿰山立
𡶨	⿰山⿸厂千
𡶩	⿱罒山
𡶪	⿱石山
𡶫	⿱山𠂤
𡶬	⿵网山
𡶭	⿰山刑
𡶮	⿰山⿱冖毛
𡶯	⿰山囟
𡶰	⿱山老
𡶱	⿰山𠫤
𡶲	⿰山朶
𡶳	⿱⿰刀𱍸⿱一山
𡶴	⿰山产
𡶵	⿰山共
𡶶	⿰山夅
𡶸	⿱口出
𡶹	⿰山⿰幺亐
𡶺	⿰山𫥞
𡶻	⿱山字
𡶼	⿰山西
𡶽	⿱山丞
𡶾	⿱山百
𡶿	⿱山⿰小小
𡷀	⿱光山
𡷁	⿱山𣁁
𡷂	⿱山名
𡷃	⿰山𠣓
𡷄	⿰山⿹勹王
𡷅	⿱山圭
𡷆	⿰亘山
𡷇	⿱吅山
𡷈	⿱山屾
𡷉	⿳山⿵𠆢丶丫
𡷊	⿹⿻？一山
𡷋	⿰山兊
𡷌	⿱山⿻𦉫𠄠
𡷍	⿰山江
𡷎	⿰山宇
𡷏	⿱山聿
𡷐	⿰山艮
𡷑	⿱山次
𡷒	⿱丠山
𡷓	⿱山㚏
𡷔	⿰山朵
𡷕	⿰山尾
𡷖	⿰山車
𡷗	⿰山完
𡷘	⿰山别
𡷙	⿰山那
𡷚	⿱山⿱⺊目
𡷛	⿰山旱
𡷜	⿸屵主
𡷝	⿱山𦔮
𡷞	⿰山忌
𡷟	⿰山弄
𡷡	⿰山肙
𡷢	⿱山忘
𡷣	⿰山余
𡷤	⿰山吴
𡷥	⿱告山
𡷦	⿱即山
𡷧	⿱山吟
𡷨	⿰山巠
𡷩	⿱⿻千丛凵
𡷪	⿱屾天
𡷫	⿱山成
𡷬	⿱屾兮
𡷭	⿰山免
𡷮	⿳山亠𪠲
𡷯	⿰山巫
𡷰	⿱山辰
𡷱	⿱山尾
𡷲	⿱山坑
𡷳	⿱山⿸厂⿻⺕人
𡷴	⿰山岑
𡷵	⿱山呆
𡷶	⿰山⿱山仐
𡷷	⿱山尿
𡷸	⿰山孝
𡷹	⿱山見
𡷺	⿳艹𡭔山
𡷻	⿰山杣
𡷼	⿳山木山
𡷽	⿰山束
𡷾	⿱山酉
𡷿	⿰山足
𡸀	⿰山冏
𡸁	⿱⿻千龷凵
𡸂	⿱山余
𡸃	⿱山佥
𡸄	⿱山坐
𡸅	⿱山𢎿
𡸆	⿰山⿱丑山
𡸇	⿰山条
𡸈	⿱山𣅋
𡸉	⿰山利
𡸊	⿱山免
𡸋	⿱山⿴囗仌
𡸌	⿱山住
𡸍	⿱山⿵冂𪠲
𡸎	⿱山即
𡸏	⿱山位
𡸐	⿳山䶹分
𡸑	⿱山易
𡸒	⿰山戾
𡸓	⿻屮𠈌
𡸔	⿱山⿵𠘨圭
𡸕	⿰山穹
𡸖	⿰山果
𡸗	⿰山軋
𡸘	⿱山取
𡸙	⿰山囷
𡸚	⿱山戔
𡸛	⿱山欦
𡸜	⿰山直
𡸝	⿰山䘚
𡸞	⿰山臽
𡸟	⿱山甾
𡸠	⿱山阜
𡸡	⿸厂𡷇
𡸢	⿱山兒
𡸣	⿰山兒
𡸤	⿱山戕
𡸥	⿰山宛
𡸦	⿱山𣅳
𡸧	⿱民屾
𡸨	⿰山取
𡸩	⿰山卷
𡸪	⿱山事
𡸫	⿰山并
𡸬	⿰山𨸏
𡸭	⿱⿱一？山
𡸮	⿰山录
𡸯	⿰山采
𡸰	⿰山房
𡸱	⿱山⿱火日
𡸲	⿱山軋
𡸵	⿱山争
𡸶	⿰山宗
𡸷	⿰山其
𡸸	⿱？山
𡸹	⿱山雨
𡸺	⿱山青
𡸻	⿱山𬂣
𡸼	⿱山坤
𡸽	⿱山直
𡸾	⿱山黾
𡸿	⿳山口⿵冂山
𡹀	⿰山⿱公夊
𡹁	⿱乖山
𡹂	⿰山⿳爫冖丁
𡹃	⿱山夌
𡹄	⿰山亞
𡹅	⿱亞山
𡹆	⿱山⿱土母
𡹇	⿱山林
𡹈	⿱山疌
𡹉	⿱山歧
𡹊	⿰山𰥍
𡹋	⿰山旻
𡹌	⿱山明
𡹍	⿱屮固
𡹎	⿰山𡇌
𡹏	⿱山⿴囗出
𡹐	⿰山隹
𡹑	⿰山⿱爫王
𡹒	⿰山⿳八𠆢日
𡹓	⿰山念
𡹔	⿰山朋
𡹕	⿰山𠒋
𡹖	⿱山炏
𡹗	⿱山穹
𡹘	⿱𢼄山
𡹙	⿰山帚
𡹚	⿱林山
𡹛	⿱山奄
𡹜	⿰山委
𡹝	⿱山空
𡹞	⿱山京
𡹟	⿰山枕
𡹠	⿰山宜
𡹡	⿰山京
𡹢	⿱山近
𡹣	⿰山阿
𡹤	⿱山囷
𡹥	⿰山𡊎
𡹦	⿱山定
𡹧	⿰山叔
𡹨	⿳山日⿱冖又
𡹩	⿱臤山
𡹪	⿰山亟
𡹫	⿰山扃
𡹬	⿰山咼
𡹭	⿱山室
𡹮	⿰山弇
𡹯	⿰山廻
𡹰	⿰山茅
𡹱	⿱山䊸
𡹲	⿰山胥
𡹳	⿰山瓮
𡹴	⿰山乗
𡹵	⿰山侯
𡹶	⿰山匽
𡹷	⿱山降
𡹸	⿱山怱
𡹹	⿱胡山
𡹺	⿱山削
𡹻	⿰山⿸厂⿱工亏
𡹼	⿸屵言
𡹽	⿱山⿰仌⿺乚仌
𡹾	⿰山昺
𡹿	⿰⿱山夲允
𡺀	⿰山客
𡺁	⿰山叚
𡺂	⿰山扁
𡺃	⿱山将
𡺄	⿱山栈
𡺅	⿱山建
𡺆	⿱陏山
𡺇	⿱山𨹅
𡺈	⿰山音
𡺉	⿱山厘
𡺊	⿱山⿱八𥃦
𡺋	⿱山頁
𡺌	⿰山奐
𡺍	⿰山重
𡺎	⿰山⿱⿱⺈𫩏仒
𡺏	⿱山𥎯
𡺐	⿰山者
𡺑	⿰山枼
𡺒	⿸屵⿱亠㇯艮一
𡺓	⿰山皆
𡺔	⿺是山
𡺕	⿱山𧴧
𡺖	⿰山幽
𡺗	⿰山看
𡺘	⿰山秋
𡺙	⿱山泉
𡺚	⿱山酋
𡺛	⿱山⿲仌丨仌
𡺜	⿰山瓫
𡺝	⿰山矦
𡺞	⿱山音
𡺟	⿰山宣
𡺠	⿰山軍
𡺡	⿰山盈
𡺢	⿰山則
𡺣	⿱山亭
𡺤	⿰山風
𡺥	⿱山禺
𡺦	⿱山盈
𡺧	⿱⿰刍攵山
𡺨	⿰山韋
𡺩	⿱山咼
𡺪	⿰山冡
𡺫	⿰山舀
𡺬	⿰山益
𡺭	⿰山貢
𡺮	⿸屵肥
𡺯	⿰山䍃
𡺰	⿱山𬯁
𡺱	⿰山務
𡺲	⿱山陖
𡺳	⿻山⿰𬺻𬺻
𡺴	⿰山窋
𡺵	⿱山豺
𡺶	⿱𡨄山
𡺷	⿰山夏
𡺸	⿰山耆
𡺹	⿰山拳
𡺺	⿱山躬
𡺻	⿱⿰岩又土
𡺼	⿱山臬
𡺽	⿰山晋
𡺾	⿱山隼
𡺿	⿱山陵
𡻀	⿰山峯
𡻁	⿰山叟
𡻂	⿱山𤤿
𡻃	⿱山貢
𡻄	⿰山時
𡻅	⿰山島
𡻆	⿰山⿱自仐
𡻇	⿰山⿱自⿻三丨
𡻈	⿰山秦
𡻉	⿰山冓
𡻊	⿰山盍
𡻋	⿰山骨
𡻌	⿰山𡷰
𡻍	⿱屾我
𡻎	⿱崔乃
𡻏	⿰⿱山𠦍允
𡻐	⿰山翁
𡻑	⿰山冢
𡻒	⿱務山
𡻓	⿱山倍
𡻔	⿱山浪
𡻕	⿱山𫀄
𡻖	⿰山員
𡻗	⿱山真
𡻘	⿰山盖
𡻙	⿱山郭
𡻚	⿱山康
𡻛	⿳山一隼
𡻜	⿰山窒
𡻝	⿱山巢
𡻞	⿰山畢
𡻟	⿰山莫
𡻠	⿰山庶
𡻡	⿰山酓
𡻢	⿰山圉
𡻣	⿱山移
𡻤	⿸麻山
𡻥	⿰山麻
𡻦	⿱𡷈石
𡻧	⿱豉山
𡻨	⿰山衮
𡻩	⿰山曼
𡻪	⿱山翏
𡻫	⿰山⿱亠品
𡻬	⿱山族
𡻭	⿱山累
𡻮	⿰山扈
𡻯	⿰山爽
𡻰	⿱山祭
𡻱	⿰山累
𡻲	⿳山大囧
𡻳	⿰山郭
𡻴	⿰山陵
𡻵	⿰山⿱𠂉品
𡻶	⿱山⿰氵玫
𡻷	⿱山戚
𡻸	⿰山基
𡻹	⿰山莑
𡻺	⿱山帶
𡻻	⿰山虖
𡻼	⿱山𡮁
𡻽	⿰山⿴囗𡊮
𡻾	⿳山𡇋巾
𡻿	⿲山金山
𡼀	⿱山⿻𰀁𠈌
𡼁	⿱山离
𡼂	⿰山鹿
𡼃	⿱山婆
𡼄	⿱山窒
𡼅	⿱山聊
𡼆	⿰山處
𡼇	⿱山𡕩
𡼈	⿱山執
𡼉	⿱動山
𡼊	⿱山絫
𡼋	⿱山敧
𡼌	⿰山寋
𡼍	⿱山湯
𡼎	⿰山喜
𡼏	⿰山間
𡼐	⿱𢽹山
𡼑	⿰山⿱品亏
𡼒	⿱山𫟛
𡼓	⿰山奠
𡼔	⿰山項
𡼕	⿰山雋
𡼖	⿱敦山
𡼗	⿰山臯
𡼘	⿱𡷈𠇏
𡼙	⿱𡺛亏
𡼚	⿳吅山吅
𡼛	⿰山戞
𡼜	⿱山㻚
𡼝	⿱山賁
𡼟	⿰山⿱䙲巳
𡼠	⿰山幾
𡼡	⿱山黑
𡼢	⿰山尋
𡼣	⿰山肅
𡼤	⿱山單
𡼥	⿰山閒
𡼦	⿱山⿰宗攵
𡼧	⿰山犀
𡼨	⿰山𣓏
𡼩	⿱山景
𡼪	⿰山答
𡼫	⿱山替
𡼬	⿱山覃
𡼭	⿱山欹
𡼮	⿰山景
𡼯	⿱單山
𡼰	⿱屾咢
𡼱	⿰山圍
𡼲	⿰山欽
𡼳	⿱山曾
𡼴	⿰山睂
𡼵	⿱山粦
𡼶	⿱山叅
𡼷	⿳山火炅
𡼸	⿱山筆
𡼹	⿱山棱
𡼺	⿰山⿱每示
𡼻	⿰𡸁𠂤
𡼼	⿰山朝
𡼽	⿱山飲
𡼾	⿰山會
𡼿	⿰山窟
𡽀	⿰山𡕰
𡽁	⿰山辠
𡽂	⿱山鼓
𡽃	⿸隓山
𡽄	⿱山敫
𡽅	⿱山運
𡽆	⿰山寘
𡽇	⿰山萬
𡽈	⿰山𡲬
𡽉	⿰山齊
𡽊	⿰山當
𡽋	⿱山禄
𡽌	⿱鼓山
𡽍	⿰山豊
𡽎	⿱山鉗
𡽏	⿰耑免
𡽐	⿸屵翏
𡽑	⿰山黽
𡽒	⿱屾⿰本本
𡽓	⿱屾差
𡽔	⿱山⿴囗⿻𠈌十
𡽕	⿱山辠
𡽖	⿱山解
𡽗	⿱山僉
𡽘	⿱山路
𡽙	⿱山歇
𡽚	⿱余⿱屾山
𡽛	⿱山碓
𡽜	⿱峲言
𡽝	⿰山蒿
𡽞	⿱山踖
𡽟	⿰山廖
𡽠	⿱山頗
𡽡	⿰山𭀰
𡽢	⿰山翟
𡽣	⿰山厭
𡽤	⿰山㷠
𡽥	⿳山坐我
𡽦	⿱山廖
𡽧	⿸屵堯
𡽨	⿰山聚
𡽩	⿰山臺
𡽪	⿱山⿲彳⿱一糸攵
𡽫	⿱山嫩
𡽬	⿱與山
𡽭	⿳山𠫯糸
𡽮	⿱山蒸
𡽯	⿱山種
𡽰	⿱山維
𡽱	⿰山截
𡽲	⿱山榜
𡽳	⿰山監
𡽴	⿰山臧
𡽵	⿱山對
𡽷	⿱山⿰阜𠀘
𡽸	⿱山㥯
𡽹	⿰山領
𡽺	⿱獄山
𡽻	⿱山漸
𡽼	⿱山⿰忄⿳亠厶⿻艹木
𡽽	⿱山𪐗
𡽾	⿱山監
𡽿	⿱𡷈宗
𡾀	⿳屾𠈌亏
𡾁	⿱山𣻢
𡾂	⿰山𣦞
𡾃	⿰⿱山雀戈
𡾄	⿱山數
𡾅	⿰山慮
𡾆	⿱山頟
𡾇	⿰山廣
𡾈	⿰山窮
𡾉	⿰山摩
𡾊	⿰山畾
𡾋	⿱山畾
𡾌	⿰山麃
𡾍	⿱山⿻⿳从昍𠆢丨
𡾎	⿱⿰灰易山
𡾏	⿱山磊
𡾐	⿰山齒
𡾑	⿰山𢀩
𡾒	⿰山樂
𡾓	⿰山層
𡾔	⿱畾山
𡾕	⿱屾湯
𡾖	⿱山磈
𡾗	⿱𡷈英
𡾘	⿰山𩫏
𡾙	⿱山噩
𡾚	⿱山橤
𡾛	⿱山⿺鬼并
𡾜	⿰山霍
𡾝	⿰山褱
𡾞	⿰山羲
𡾟	⿰山戯
𡾠	⿱山戯
𡾡	⿳山⿰光光日
𡾢	⿱山憲
𡾣	⿱山頭
𡾤	⿱山孹
𡾥	⿱山縣
𡾦	⿱山辥
𡾧	⿱崔門
𡾨	⿱山褱
𡾩	⿱龍山
𡾪	⿱山彊
𡾫	⿱山頺
𡾬	⿰山篤
𡾭	⿰山廩
𡾮	⿰山鮮
𡾯	⿱山隱
𡾰	⿰山蹇
𡾱	⿱山彌
𡾲	⿰山薛
𡾳	⿱山總
𡾴	⿰山歛
𡾵	⿺嵬位
𡾶	⿰山應
𡾷	⿸屵磊
𡾸	⿱山嬰
𡾹	⿱嶭木
𡾺	⿱山韱
𡾻	⿱山臧
𡾼	⿰山雙
𡾽	⿱山繒
𡾾	⿱山𨪈
𡾿	⿱山豐
𡿀	⿰山巂
𡿁	⿱魏山
𡿂	⿰崇⿱巛里
𡿃	⿱山額
𡿄	⿰山藏
𡿅	⿱山顒
𡿆	⿱山⿺鬼委
𡿇	⿰山羅
𡿈	⿱山𰘾
𡿉	⿱藟山
𡿊	⿱難山
𡿋	⿰山蠆
𡿌	⿳山非麻
𡿍	⿱山贊
𡿎	⿱山離
𡿏	⿱山羅
𡿐	⿱山靡
𡿑	⿱山䚬
𡿒	⿰山孽
𡿓	⿰山黨
𡿔	⿰山纍
𡿕	⿰山甗
𡿖	⿰山齧
𡿗	⿰山蘖
𡿘	⿱屾繒
𡿙	⿱山鷄
𡿚	⿰山⿳艹⿲止自巳殳
𡿛	⿸屵𰘾
𡿜	⿱山纍
𡿝	⿰山囊
𡿞	⿰山彎
𡿟	⿰山𧃰
𡿠	⿱山鱗
𡿡	⿱山靈
𡿢	⿱巋免
𡿣	⿱山讒
𡿤	⿰⿳⿱卝八日𡉀⿳山口⿱山口
𡿥	⿰山鬱
𡿦	⿱⿲㇒㇒㇒⿲丶丶丶
𡿧	⿻巛一
𡿨	
𡿩	⿱巛𠔼
𡿪	⿱巛夕
𡿫	⿱亡川
𡿬	⿱亾巛
𡿭	⿱巛巛
𡿮	⿱𠫓巛
𡿯	⿱日巛
𡿰	⿱？巛
𡿱	⿳一巛𡈼
𡿲	⿱巛用
𡿳	⿱巛𠂡
𡿴	⿱？巛
𡿵	⿱巛古
𡿶	⿱巛本
𡿷	⿱巛吕
𡿸	⿳巛一囚
𡿹	⿱巛𱒅
𡿻	⿳㇒罒巛
𡿼	⿱巛𦉴
𡿽	⿰⿱彡止巛
𡿾	⿰巛隹
𡿿	⿹或巛
𢀀	⿱巛⿻臼乚
𢀁	⿰⿱巛反犮
𢀂	⿳巛𠔿⿵𠘨氺
𢀃	⿳士⿵𠘨車巛
𢀄	⿰⿱丰凵邕
𢀅	⿳巛𠔿𣶒
𢀆	⿰⿱巛句炎
𢀇	⿱⿱巛龱⿳北𠆢几
𢀈	⿳⿱巛龱⿴北丨冗
𢀉	⿳巛⿴北龱向
𢀊	⿰巢⿸虍人
𢀋	⿰巢𧆞
𢀌	⿰巢巢
𢀍	⿰景邕
𢀎	⿱𰤔⿰𰤔𰤔
𢀏	⿳巛⿴𦥑囟⿻臼禸
𢀐	⿱⿲糹⿱巛龱糹⿳北𠆢几
𢀑	⿳一𠁡一
𢀒	⿱工乚
𢀓	⿻工？
𢀔	⿱工㇉
𢀕	⿰工𠃌
𢀖	⿱⿰㇇丶工
𢀗	⿲工亅乚
𢀘	⿱工⿰丿丨
𢀙	⿰工丩
𢀚	⿷工三
𢀛	⿱工口
𢀜	⿰工丮
𢀝	⿱⿻工丷⿻亅㇒
𢀞	⿱工⿻尸一
𢀟	⿱㓜工
𢀠	⿸龵左
𢀡	⿱左左
𢀢	⿱工見
𢀣	⿱巫𠬞
𢀤	⿰工段
𢀥	⿱巨⿰⿻㇒𰀁阝
𢀦	⿱巨所
𢀧	⿰巨侖
𢀨	⿱巨郎
𢀩	⿱𠂹⿸丆工
𢀪	⿱工𮦆
𢀫	⿰巠凭
𢀬	⿱巨朗
𢀭	⿱巨朝
𢀮	⿰稟巨
𢀯	⿵？⿱䀠工
𢀰	⿵？⿱䀠仝
𢀱	⿱巨穌
𢀲	⿱巨賴
𢀳	⿻巳一
𢀴	⿸𠂆巳
𢀵	⿱己己
𢀶	⿰弓己
𢀷	⿱氶巳
𢀸	⿰歺巳
𢀹	⿰𠂤巳
𢀺	⿱⿶凵夫巳
𢀻	⿱关己
𢀼	⿱共巴
𢀽	⿰⿱彡止己
𢀾	⿱𠄘巳
𢀿	⿱丞巴
𢁀	⿱共包
𢁁	⿰豖巳
𢁂	⿱其巳
𢁃	⿱屾⿱𠆢巳
𢁄	⿰𥎨巳
𢁅	⿱⿰巳巳开
𢁆	⿰帝己
𢁇	⿱承巴
𢁈	⿺是巳
𢁉	⿱⿰己己共
𢁊	⿱巴拭
𢁋	⿱巴陵
𢁌	⿳𢁅一八
𢁍	⿺巴爲
𢁎	⿰⿱巳⿱⿻卄丨一⿱巛⿻日七
𢁏	⿰告⿳㇒罒己
𢁐	⿱畾巳
𢁑	⿱巴賴
𢁒	⿰巾几
𢁓	⿸丆巾
𢁔	⿱厶巾
𢁕	⿰巾勺
𢁖	⿰巾大
𢁗	⿰巾干
𢁘	⿰巾彡
𢁙	⿱夂巾
𢁚	⿰巾三
𢁛	⿸𠂇币
𢁜	⿰巾寸
𢁝	⿱巾巾
𢁞	⿰巾⿹勹丿
𢁟	⿱夕巾
𢁠	⿰巾弓
𢁡	⿰巾𭅲
𢁢	⿰巾亏
𢁣	⿰巾亡
𢁤	⿰巾𱍸
𢁥	⿱分巾
𢁦	⿰巾比
𢁧	⿰巾欠
𢁨	⿸尹巾
𢁩	⿰巾内
𢁪	⿰巾夬
𢁫	⿱爻巾
𢁬	⿰巾爪
𢁭	⿱⿵𠆢一帀
𢁮	⿰巾今
𢁯	⿰巾日
𢁰	⿱⿵𠆢丷巾
𢁱	⿰巾夭
𢁲	⿰巾允
𢁳	⿱歹巾
𢁴	⿱𢆰巾
𢁵	⿰巾攴
𢁶	⿰巾𠕀
𢁷	⿰巾公
𢁸	⿰巾方
𢁹	⿱𠀉巾
𢁺	⿸𠂆⿻⿱一𠃌巾
𢁻	⿰巾布
𢁼	⿰巾宁
𢁽	⿰巾必
𢁾	⿰巾召
𢁿	⿰巾正
𢂀	⿰巾弗
𢂁	⿰巾句
𢂂	⿱令巾
𢂃	⿰巾乍
𢂄	⿰巾玄
𢂅	⿰巾㓜
𢂆	⿰巾付
𢂇	⿳⿱一丷冖巾
𢂈	⿰巾且
𢂉	⿰⿱巾一⿱巾一
𢂊	⿰巾幼
𢂋	⿱亠吊
𢂌	⿰巾代
𢂍	⿰巾𠂔
𢂎	⿰巾由
𢂏	⿰巿巿
𢂐	⿰巾劦
𢂑	⿰巾式
𢂒	⿰巾夷
𢂓	⿰巾同
𢂔	⿰巾共
𢂕	⿰巾危
𢂖	⿱北帀
𢂗	⿱印巾
𢂘	⿰巾全
𢂙	⿱㐬巾
𢂚	⿱𣅀巾
𢂛	⿰巿叐
𢂜	⿱尹布
𢂝	⿰巾曳
𢂞	⿱爻布
𢂟	⿱𠬞⿱？巾
𢂠	⿱巟巾
𢂡	⿰巾亘
𢂢	⿰巾老
𢂣	⿰巾存
𢂤	⿰巿犮
𢂥	⿰巾列
𢂦	⿳⺊日巾
𢂧	⿰巾任
𢂨	⿱⿰凢凢巾
𢂩	⿰巾⿱亡巛
𢂪	⿱𡿫巾
𢂫	⿸尹⿱⺈巾
𢂬	⿱奴币
𢂭	⿱𠬞⿱龴巾
𢂮	⿰巾⿱壬儿
𢂯	⿱⿻十从巾
𢂰	⿰巾争
𢂱	⿰巾肙
𢂲	⿰巾谷
𢂳	⿰巾每
𢂴	⿰巾志
𢂵	⿰巾戒
𢂶	⿰巾冏
𢂷	⿰市合
𢂸	⿱⿻廿儿帀
𢂹	⿰巾皃
𢂺	⿱𣦼巾
𢂻	⿰巾忍
𢂼	⿱折巾
𢂽	⿰巾君
𢂾	⿰巾芒
𢂿	⿰巾夾
𢃀	⿰巾巫
𢃁	⿻𰃦⿵冂⿱𰀪巾
𢃂	⿱奴⿱𰀪巾
𢃃	⿱助巾
𢃄	⿳世冖巾
𢃅	⿰巾床
𢃆	⿰君巾
𢃇	⿰巾里
𢃈	⿰巾弄
𢃉	⿰巾别
𢃊	⿰布司
𢃋	⿱吅帀
𢃌	⿱此布
𢃍	⿰巾卑
𢃎	⿰巾或
𢃏	⿰巾宗
𢃐	⿰巾空
𢃑	⿰巾昌
𢃒	⿰巾卒
𢃓	⿰巾松
𢃔	⿰巾炎
𢃕	⿰巾沓
𢃖	⿰巾周
𢃗	⿰巾函
𢃘	⿱𢼄巾
𢃙	⿰巾官
𢃚	⿰巾昆
𢃛	⿱其巾
𢃜	⿰巾直
𢃝	⿱叔巾
𢃞	⿰巾帚
𢃟	⿰巾昔
𢃠	⿰巾图
𢃡	⿰巾易
𢃢	⿰巾青
𢃣	⿰巾取
𢃤	⿱或巾
𢃥	⿱臤巾
𢃦	⿰巾果
𢃧	⿰巾忩
𢃨	⿰巾𢇻
𢃩	⿰巾卷
𢃪	⿱松巾
𢃫	⿰巾匧
𢃬	⿱前巾
𢃭	⿰巾怱
𢃮	⿰巾面
𢃯	⿰巾癸
𢃰	⿰巾是
𢃱	⿰巾某
𢃲	⿰巾革
𢃳	⿰帚巴
𢃴	⿱剌巾
𢃵	⿱臼⿱⺈巾
𢃶	⿰巾毒
𢃷	⿱屾𰏒
𢃸	⿰巾秋
𢃹	⿱冂⿵⿵冂八𢁙
𢃺	⿰帛及
𢃻	⿱⿰𬺻反巾
𢃼	⿰巾眉
𢃽	⿰巾要
𢃾	⿰巾耎
𢃿	⿰巾柬
𢄀	⿱⿱一⿻冖巾⿱一⿻冖巾
𢄁	⿳业䒑巿
𢄂	⿱助市
𢄃	⿰巾派
𢄄	⿰⿱㞢巾且
𢄅	⿰巾⿹戈灭
𢄆	⿱艸⿱宀巾
𢄇	⿰帛勾
𢄈	⿰巾音
𢄉	⿻帀⿰⿱𠂊𱼀又
𢄊	⿰巾鬼
𢄋	⿱𤇾巾
𢄌	⿰巾殺
𢄍	⿰巾盍
𢄎	⿰巾旁
𢄏	⿱𡨄巾
𢄐	⿰巾冡
𢄑	⿰巾帣
𢄒	⿰巾扇
𢄓	⿰巾烏
𢄔	⿱𠂉帶
𢄕	⿳⿵𠆢亠⿶凵⿲丶㐅丶巾
𢄖	⿳由⿰𠂈？巾
𢄗	⿰帛冋
𢄘	⿱逐巾
𢄙	⿰巾員
𢄚	⿱𦥑𢁟
𢄛	⿰巾⿹⿻弓⿱？匚口
𢄜	⿰巾圅
𢄝	⿰帛包
𢄞	⿱敉巾
𢄟	⿰巾通
𢄠	⿰巾區
𢄡	⿸𠩺巾
𢄢	⿱埶巾
𢄣	⿰巾彗
𢄤	⿱斬巾
𢄥	⿰⿳𫜹⺈巾帇
𢄦	⿰巾鳥
𢄧	⿱族巾
𢄨	⿰巾寅
𢄩	⿰巾帶
𢄪	⿰巾翏
𢄫	⿰帝巨
𢄬	⿰⿱⿱十冖巾⿱⿱十冖巾
𢄭	⿰巾習
𢄮	⿰予⿱𠔿⿰彡巾
𢄯	⿰巾敏
𢄰	⿰巾⿱⿻夂丷𠮷
𢄱	⿰巾連
𢄲	⿱旋巾
𢄳	⿰巾奢
𢄴	⿰巾袲
𢄵	⿰巾象
𢄶	⿰巾畫
𢄷	⿰巾尞
𢄸	⿰巾最
𢄹	⿰巾喬
𢄺	⿰巾焦
𢄻	⿰巾散
𢄼	⿱須巾
𢄽	⿰巾貳
𢄾	⿰⿱旦帀𢁟
𢄿	⿳⿱𰀉冖石巾
𢅀	⿰巾覃
𢅁	⿰孚帛
𢅂	⿰巾𠷎
𢅃	⿰巾⿳癶𠮛⿱丶几
𢅄	⿰罢布
𢅅	⿰巾厥
𢅆	⿰巾萌
𢅇	⿰⿱山巾⿱出毛
𢅈	⿱市⿰市市
𢅉	⿰帛皃
𢅊	⿱無巾
𢅋	⿰巾曾
𢅌	⿱爲巾
𢅍	⿱𥑟𫯜
𢅎	⿰巾敫
𢅏	⿰巾廉
𢅐	⿰巾僉
𢅑	⿰巾煞
𢅒	⿰巾亶
𢅓	⿳⿱艹罒戈巾
𢅔	⿰巾著
𢅕	⿰巾遂
𢅖	⿰巾亷
𢅗	⿰巾過
𢅘	⿰巾⿳⿱艹罒冖几
𢅙	⿰巾𧵩
𢅚	⿰巾剽
𢅛	⿰帝尨
𢅜	⿰帚帚
𢅝	⿱殿巾
𢅞	⿰帛录
𢅟	⿰巾疑
𢅠	⿸厭巾
𢅡	⿰巾監
𢅢	⿰⿳山一帀叜
𢅣	⿰巾臺
𢅤	⿰巾蓋
𢅥	⿰巾㕑
𢅦	⿰帚是
𢅧	⿰巾綿
𢅨	⿺是帚
𢅩	⿰巾罷
𢅪	⿰巾慼
𢅫	⿰巾慧
𢅬	⿰帛真
𢅭	⿰巾賴
𢅮	⿱燅巾
𢅯	⿰巾奮
𢅰	⿰巾䦧
𢅱	⿰巾⿱𠷎灬
𢅲	⿱𰟚巾
𢅳	⿰巾𠔳
𢅴	⿰巾瞢
𢅵	⿰巾𥱡
𢅶	⿰巾⿳𥫗囚戉
𢅷	⿱⿰⿱艹㡀攵巾
𢅸	⿱斂巾
𢅹	⿰巾龠
𢅺	⿰書席
𢅼	⿰巾夒
𢅽	⿰巾𤐫
𢅾	⿰巾羅
𢅿	⿰巾⿱大𣚨
𢆀	⿰巾⿱圓全
𢆁	⿰巾簾
𢆂	⿲巾𦚏㓱
𢆃	⿰巾夔
𢆄	⿰巾蘭
𢆅	⿰書幕
𢆆	⿰巾⿳艹⿲止目巳⿱𠘧夊
𢆇	⿰⿳白癶巾槖
𢆈	⿱衛𢄉
𢆉	⿱丷干
𢆊	⿰平丁
𢆋	⿺允干
𢆌	⿱⺊厈
𢆍	⿻千日
𢆎	⿱𡗜干
𢆏	⿰午⿱亠十
𢆐	⿰⿸𠂇𰀁干
𢆑	⿱⿲人人人干
𢆒	⿱上幵
𢆓	⿱不平
𢆔	⿱吅干
𢆕	⿰平反
𢆖	⿰吾干
𢆗	⿰并丑
𢆘	⿰年欠
𢆙	⿱𠚪幵
𢆚	⿱开束
𢆛	⿱开并
𢆜	⿰曷干
𢆝	⿺是干
𢆞	⿱幵束
𢆟	⿰由并
𢆠	⿰來平
𢆡	⿱乳年
𢆢	⿱⿰夕巨并
𢆣	⿰并夜
𢆤	⿱卷年
𢆥	⿰南年
𢆦	⿰䍐東
𢆧	⿱幸枚
𢆨	⿱枚幸
𢆩	⿱⿰久巨并
𢆪	⿱幸埋
𢆫	⿰年歲
𢆬	⿰𬃷开
𢆭	⿰巤年
𢆮	⿰平藏
𢆯	⿱幺丨
𢆰	⿱一幺
𢆱	⿹𠃌幺
𢆲	⿱幺力
𢆳	⿰幺了
𢆴	⿰幺𠄏
𢆵	⿰幺刁
𢆶	⿰幺幺
𢆷	⿰幺少
𢆸	⿺𠃊𢆶
𢆹	⿰幺云
𢆺	⿱一⿺𠃔幺
𢆻	⿱𢆶几
𢆼	⿱𢆶又
𢆽	⿰𢆯少
𢆾	⿰⿱㇒幺⿱㇒幺
𢆿	⿱囟幺
𢇀	⿰幺𡰱
𢇁	⿱𢆶灬
𢇂	⿱𢆶廾
𢇃	⿰⿱幺八⿱幺八
𢇄	⿰幺沙
𢇅	⿱𢆶卝
𢇆	⿱囟𢆯
𢇇	⿱𢆶丱
𢇈	⿻𢆶𡗜
𢇉	⿱幻対
𢇊	⿱邵𢆯
𢇋	⿰𢆯曷
𢇌	⿱徙幺
𢇍	⿱⿽𠃎𢆶⿽𠃎𢆶
𢇎	⿰幺掎
𢇏	⿰⿱爫爪𢆶
𢇐	⿰幺象
𢇑	⿱幽𢆶
𢇒	⿰幾𠧒
𢇓	⿰幾乞
𢇔	⿱幼景
𢇕	⿱幽幽
𢇖	⿳𢆶㐫⿲犭夭⿾犭
𢇗	⿸广下
𢇘	⿸广女
𢇙	⿸广弋
𢇚	⿸广也
𢇛	⿸广干
𢇜	⿸广亡
𢇝	⿸广幺
𢇞	⿸广口
𢇟	⿸广兀
𢇠	⿸广⿻⿱㇒一乚
𢇡	⿸广亏
𢇢	⿸广山
𢇣	⿸广欠
𢇤	⿸广水
𢇥	⿸广卆
𢇦	⿸广壬
𢇧	⿸广冘
𢇨	⿸广𢆰
𢇩	⿸广开
𢇪	⿸广反
𢇫	⿸广乏
𢇬	⿸广友
𢇭	⿸广⿻⿰丶丶𬼂
𢇮	⿸广攴
𢇯	⿸广仅
𢇰	⿸广允
𢇱	⿸广兮
𢇲	⿸广禾
𢇳	⿸广皮
𢇴	⿸广布
𢇵	⿸广㘝
𢇶	⿸广田
𢇷	⿸广犮
𢇸	⿸广世
𢇹	⿸广丘
𢇺	⿸广冋
𢇻	⿸广矢
𢇼	⿸广⿰氏乚
𢇽	⿸广⿱士又
𢇾	⿸广甘
𢇿	⿸广出
𢈀	⿸广业
𢈁	⿸广⿱𠆢口
𢈂	⿸广㠯
𢈃	⿸广⿰山匕
𢈄	⿸广⿰亻⿻⿱㇒一乚
𢈅	⿸广瓜
𢈆	⿸广召
𢈇	⿸广先
𢈈	⿸广合
𢈉	⿸广同
𢈊	⿸广缶
𢈋	⿸广䏍
𢈌	⿸广危
𢈍	⿸广米
𢈎	⿸广共
𢈏	⿸广⿱⿻丨⺕八
𢈐	⿸广⿱龷几
𢈑	⿸广⿺九分
𢈒	⿸广艾
𢈓	⿸广有
𢈔	⿸广？
𢈕	⿸广𠂢
𢈖	⿸广再
𢈗	⿸广⿰史乚
𢈙	⿸广夾
𢈚	⿸广吕
𢈛	⿸广困
𢈜	⿸广壯
𢈝	⿸广求
𢈞	⿸广卣
𢈟	⿸广矣
𢈠	⿸广束
𢈡	⿸广夋
𢈢	⿸广串
𢈣	⿸广囱
𢈤	⿸广⿱七甲
𢈥	⿸广見
𢈦	⿸广夆
𢈧	⿸广𭣖
𢈨	⿸广步
𢈩	⿸广走
𢈪	⿸广吾
𢈫	⿸广辰
𢈬	⿸广𥃭
𢈭	⿸广肖
𢈮	⿸广⿱𠀐八
𢈯	⿸广身
𢈰	⿸庚十
𢈱	⿸广利
𢈲	⿸广㫗
𢈳	⿸广忩
𢈴	⿸广京
𢈵	⿸广空
𢈶	⿸广虎
𢈷	⿸广畀
𢈸	⿸广念
𢈹	⿸广阜
𢈺	⿸广㐭
𢈻	⿸广疌
𢈼	⿸广卒
𢈽	⿸广戔
𢈾	⿸广取
𢈿	⿸广或
𢉀	⿸广雨
𢉁	⿸广朋
𢉂	⿸广官
𢉃	⿸广舍
𢉄	⿸广欦
𢉅	⿸广金
𢉆	⿸广建
𢉇	⿸广𧺆
𢉈	⿸广⿱士𠙼
𢉉	⿸广⿱𡗜土
𢉊	⿸广⿺廴立
𢉋	⿸广⿰丰月
𢉌	⿸广叔
𢉍	⿸广⿱止灬
𢉎	⿸广⿰爿支
𢉏	⿸广⿱爫友
𢉐	⿸广𤆬
𢉑	⿸广青
𢉒	⿸广尚
𢉓	⿸广⿱𦈢乚
𢉔	⿸广𠈃
𢉕	⿸广兔
𢉖	⿸？厸
𢉗	⿸广亟
𢉘	⿸广炎
𢉙	⿸广炗
𢉚	⿸广乳
𢉛	⿸广怱
𢉜	⿸广者
𢉝	⿸广畏
𢉞	⿸广扁
𢉟	⿸广很
𢉠	⿸广禹
𢉡	⿸广俟
𢉢	⿸广胡
𢉣	⿸广保
𢉤	⿸广架
𢉥	⿸广曷
𢉦	⿸广軍
𢉧	⿸广苜
𢉨	⿸广剌
𢉩	⿸广音
𢉪	⿸广柴
𢉫	⿸广⿻？束
𢉬	⿸广垔
𢉭	⿸广㒸
𢉮	⿸广甚
𢉯	⿸广⿱七貝
𢉰	⿸广𡋐
𢉱	⿸广𤰻
𢉲	⿸广⿱八言
𢉳	⿸广若
𢉴	⿸广是
𢉵	⿸广𡷈
𢉶	⿸府天
𢉷	⿸广酋
𢉸	⿸广恢
𢉹	⿸广⿱宀𣎼
𢉺	⿸？且
𢉻	⿸？加
𢉼	⿸庚⺝
𢉽	⿸广枯
𢉾	⿸广幽
𢉿	⿸广馬
𢊀	⿸广虒
𢊁	⿸？？
𢊂	⿸广𭍠
𢊃	⿸广𱖪
𢊄	⿸广隻
𢊅	⿸广追
𢊆	⿸广秝
𢊇	⿸？衣
𢊈	⿸广⿱宀⿳八𠆢夕
𢊉	⿸广⿱𡈼回
𢊊	⿸广𡘤
𢊋	⿸广⿳𠀎八夊
𢊌	⿸广脊
𢊍	⿸广𭔰
𢊎	⿸广⿱非人
𢊏	⿸广挈
𢊐	⿸广𰲚
𢊑	⿸广𤰇
𢊒	⿸广烋
𢊓	⿸广⿱⿰小小日
𢊔	⿸广⿳⺈冂𧰨
𢊕	⿸广悤
𢊖	⿸广深
𢊗	⿸广莫
𢊘	⿸广殹
𢊙	⿰庣句
𢊚	⿸广徙
𢊛	⿸广崔
𢊜	⿸广張
𢊝	⿸广⿰䶹炎
𢊞	⿸广⿳羽𠆢山
𢊟	⿸广𮙸
𢊠	⿸广𠵂
𢊡	⿸广覔
𢊢	⿸广⿱林于
𢊣	⿸广票
𢊤	⿸广⿳罒一犮
𢊥	⿸广常
𢊦	⿸广欲
𢊧	⿸广魚
𢊨	⿸广䋈
𢊩	⿸广⿱厶𦊁
𢊪	⿱庚米
𢊫	⿸广培
𢊬	⿸广⿱回示
𢊭	⿸广𧙯
𢊮	⿸广貴
𢊯	⿸广爲
𢊰	⿸广散
𢊱	⿸广賁
𢊲	⿸广森
𢊳	⿸广𭪿
𢊴	⿸广⿱合吅
𢊵	⿸广⿱白𤰞
𢊶	⿸麻⺼
𢊷	⿸广⿱𡗗貝
𢊸	⿸广⿱囬禾
𢊹	⿸广貵
𢊺	⿸广畱
𢊻	⿸庾小
𢊼	⿸广須
𢊽	⿸广焱
𢊾	⿸府貝
𢊿	⿸广⿳从罒夊
𢋀	⿸广訾
𢋁	⿸广㲃
𢋂	⿸广暑
𢋃	⿸广亶
𢋄	⿸广雋
𢋅	⿸广歈
𢋆	⿸广歆
𢋇	⿸广睪
𢋈	⿸广稣
𢋉	⿸广⿱称女
𢋊	⿸广雍
𢋋	⿸广微
𢋌	⿸广⿳从吅夊
𢋍	⿸广⿱共貝
𢋎	⿸广禁
𢋏	⿸广⿱面木
𢋐	⿸广⿱⿻人⿰⿱丶㇀⿱㇒丶貝
𢋑	⿸广舞
𢋒	⿸广蒦
𢋓	⿸广𡏳
𢋔	⿸广奩
𢋕	⿸广⿳䒑回示
𢋖	⿸广𨐚
𢋗	⿸䧹火
𢋘	⿸广維
𢋙	⿸麻虫
𢋚	⿸麻肎
𢋛	⿸广鼻
𢋜	⿸广⿰卑虫
𢋝	⿸廆木
𢋞	⿸广領
𢋟	⿸广⿳⿻⺕⿰丨丨比禾
𢋠	⿰帝底
𢋡	⿸广魯
𢋢	⿸广𠾂
𢋣	⿸广憂
𢋤	⿸广⿱林𢖻
𢋥	⿸广𩾹
𢋦	⿸广⿱⿻土从⿻𫩏从
𢋧	⿸广磊
𢋨	⿸广墨
𢋩	⿸䧹瓦
𢋪	⿸？⿱八⿴𦥑乂
𢋫	⿸广⿳羽𠆢貝
𢋬	⿸广槯
𢋭	⿸广⿱萬厶
𢋮	⿸广𢿱
𢋯	⿸广𥡝
𢋰	⿸广橆
𢋱	⿱出廌
𢋲	⿸麻𡧢
𢋳	⿰庶卒
𢋴	⿰帶底
𢋵	⿸？菌
𢋶	⿸广孹
𢋷	⿸广賴
𢋸	⿸广冀
𢋹	⿸广⿱𣥖林
𢋺	⿸？⿰鬯又
𢋻	⿸广斂
𢋼	⿸广戲
𢋽	⿸广⿰⿸虍⿱田夕阝
𢋾	⿸广⿱⿻土𠈌回
𢋿	⿸广齋
𢌀	⿸广褺
𢌁	⿸麻韭
𢌂	⿸广⿱⿲日百日夊
𢌃	⿸广歛
𢌄	⿸广瞿
𢌅	⿸广⿰墨阝
𢌆	⿸广⿱⿻甲一䖵
𢌇	⿸廌法
𢌈	⿸广離
𢌉	⿸广⿳⿱一⿴𦥑自八夊
𢌊	⿰廣弄
𢌋	⿸广⿱大𣚨
𢌌	⿰弄廣
𢌍	⿸广⿰兼兼
𢌎	⿸广孽
𢌏	⿸广⿰⿱尚巴隹
𢌐	⿸广𩐎
𢌑	⿸麻棐
𢌒	⿸广𪋘
𢌓	⿸广⿰⿱⿳亠口回𢆉邑
𢌔	⿸广靈
𢌕	⿸广⿱䜌丱
𢌖	⿸广⿰⿱工⿹耳壬𢛳
𢌗	⿺廴十
𢌘	⿺廴彡
𢌙	⿺廴千
𢌚	⿺廴山
𢌛	⿺廴正
𢌜	⿺廴⿱㇒⿻二丿
𢌝	⿺廴㐱
𢌟	⿺廴羽
𢌠	⿺廴甫
𢌡	⿺廴⿵冂𠮦
𢌢	⿺廴夆
𢌣	⿺廴作
𢌤	⿰㇋⿸聿丶
𢌥	⿺廴呈
𢌦	⿺廴⿰壬攵
𢌧	⿺廴𣥜
𢌨	⿺廴⿱止目
𢌩	⿺廴垔
𢌪	⿺廴昰
𢌫	⿺廴⿱正目
𢌬	⿻八一
𢌭	⿻廾丶
𢌮	⿱亠廾
𢌯	⿱𠆢廾
𢌰	
𢌱	⿱与廾
𢌲	⿱山廾
𢌳	⿱𱼀廾
𢌴	⿱⿰巳巳廾
𢌵	⿱戈廾
𢌶	⿱木廾
𢌷	⿱内廾
𢌸	⿱六廾
𢌹	⿱厸廾
𢌺	⿱𠔿廾
𢌻	⿱⿱土八廾
𢌼	⿱氶廾
𢌽	⿱卅卅
𢌾	⿱𡗜廾
𢌿	⿱田廾
𢍀	⿱㠯廾
𢍁	⿱由廾
𢍂	⿱自廾
𢍃	⿱夭卉
𢍄	⿱囟廾
𢍅	⿱⿱⺈⿵冂人廾
𢍆	⿱㓞廾
𢍇	⿱圯廾
𢍈	⿱死廾
𢍉	⿱甶廾
𢍊	⿱龹廾
𢍋	⿱丷㫒
𢍌	⿱𠀠廾
𢍍	⿱囪廾
𢍎	⿱告廾
𢍏	⿱釆廾
𢍐	⿱？廾
𢍑	⿱伯廾
𢍒	⿱⿱㇒⿲𰀪丨⿱𰀪乀廾
𢍓	⿱亠𥃲
𢍔	⿱⿱冖八㫒
𢍕	⿱卷廾
𢍖	⿲丿⿱𤰔廾丨
𢍗	⿱𭣤廾
𢍘	⿳㇒囲廾
𢍙	⿳㇒囗⿴⿰㐅㐅廾
𢍚	⿱⿱十冖𢌿
𢍛	⿱⿰未攵廾
𢍜	⿱酋廾
𢍝	⿱彖廾
𢍞	⿱云𢌿
𢍟	⿳⺕⿰工口廾
𢍠	⿱⿰圭丸廾
𢍡	⿱洽廾
𢍢	⿱⿵𰃦釆廾
𢍣	⿱素廾
𢍤	⿰𡘤廾
𢍥	⿱朔廾
𢍦	⿱一⿳⿰𠆢𠆢吅廾
𢍧	⿱𭾱廾
𢍨	⿱米弆
𢍩	⿳从⿴囗从廾
𢍪	⿳𱼀豆廾
𢍫	⿰𣐺开
𢍬	⿳𠙼口㫒
𢍭	⿱凹⿰弁弁
𢍮	⿱⿻工⿱从吅廾
𢍯	⿱⿴𦥑同廾
𢍰	⿱睪廾
𢍱	⿱⿴𦥑囟廾
𢍲	⿱⿴𦥑酉廾
𢍳	⿱𬛭廾
𢍴	⿱⿰⿾𦣞𦣞廾
𢍵	⿱⿰素糸廾
𢍶	⿱䜌廾
𢍷	⿱𣥖⿸曆廾
𢍸	⿱𩼃廾
𢍹	⿱⿴𦥑囟𢍱
𢍺	⿺七丶
𢍻	⿹弋㇉
𢍼	⿱一弋
𢍽	⿰尢弋
𢍾	⿹弋⿱一匕
𢍿	⿰爿弋
𢎀	⿱弋⺝
𢎁	⿹⿻弋一亾
𢎂	⿹弋仌
𢎃	⿹弋日
𢎄	⿰可弋
𢎅	⿱弋句
𢎆	⿹弋至
𢎇	⿹⿽弋十手
𢎈	⿹弋⿱一目
𢎉	⿹弋竹
𢎊	⿰𰗑弋
𢎋	⿰杏弋
𢎌	⿰甘代
𢎍	⿰刍式
𢎎	⿰䏍式
𢎏	⿰弍兩
𢎐	⿵⿰丿弋⿱二貝
𢎑	⿹弋異
𢎒	⿰曾弋
𢎓	⿰煞弋
𢎔	⿺武曷
𢎕	⿰齒弋
𢎖	⿰瞿弋
𢎗	
𢎘	⿱𠃌㇉
𢎙	⿱𢎘𢎘
𢎚	⿹弓丶
𢎛	⿻弓丶
𢎜	
𢎝	⿱彐㇉
𢎞	⿰弓𠃋
𢎟	⿼弓丨
𢎠	⿷弓丨
𢎡	⿰弓乀
𢎢	⿰弓人
𢎣	⿻⿱㇒丨弓
𢎤	⿰弓又
𢎥	⿹弓二
𢎦	⿱𠆢弓
𢎧	⿱𡰣弓
𢎨	⿹弔㇒
𢎩	⿰弓九
𢎪	⿰弓几
𢎫	⿰弓丸
𢎬	⿰弓⿵八丶
𢎮	⿱⿻弓人一
𢎯	⿻𭠍弓
𢎰	⿰弓亐
𢎱	
𢎲	⿰弓⿱八一
𢎳	⿰弓土
𢎴	⿱弓大
𢎵	⿻弗丨
𢎶	⿱⿻弓人一
𢎷	⿰弓方
𢎸	⿰弓互
𢎹	⿰弓夬
𢎺	⿰弓𢆯
𢎻	⿰弓予
𢎼	⿰弓支
𢎽	⿰弓及
𢎾	⿰弓天
𢎿	⿰弓攵
𢏀	⿰弓⿱𠆢龴
𢏁	⿰弓𢆰
𢏂	⿰弓斤
𢏃	⿳⺈冖弓
𢏄	⿰弓引
𢏅	⿱弓火
𢏆	⿰弓古
𢏇	⿱弗弓
𢏈	⿰弓㠯
𢏉	⿰弓匛
𢏊	⿰弓平
𢏋	⿰弓它
𢏌	⿰弓戊
𢏍	⿰弓⿱⺊巳
𢏎	⿰弓四
𢏏	⿰弓尒
𢏐	⿰弓⿸⿻冖丿厶
𢏑	⿰弓半
𢏒	⿰乇⿹弓⿰丿丿
𢏓	⿰弓⿱厶大
𢏔	⿱旬弓
𢏕	⿰弓同
𢏖	⿱羽弓
𢏗	⿱开弓
𢏘	⿲干弓干
𢏙	⿰弓羊
𢏚	⿻弓⿱工工
𢏛	⿰弓糸
𢏜	⿰弓多
𢏝	⿲弓弓弓
𢏞	⿰弓丞
𢏟	⿰弓𠫣
𢏠	⿰弓江
𢏡	⿰弓先
𢏢	⿰曲弓
𢏣	⿰弓曲
𢏤	⿰弓夋
𢏥	⿰弓旱
𢏦	⿰弓矣
𢏧	⿰弓角
𢏨	⿱折弓
𢏩	⿺𠃊㢴
𢏪	⿱扶弓
𢏫	⿰弓⿱山支
𢏬	⿰弓坐
𢏭	⿰弓㐬
𢏮	⿰弓𣶒
𢏯	⿰弓虎
𢏰	⿰弓争
𢏱	⿰弓兒
𢏲	⿰弓𣏋
𢏳	⿰弓并
𢏴	⿰弓垂
𢏵	⿰弓疌
𢏶	⿰弓直
𢏷	⿰弓屈
𢏸	⿰弓⿱亠糸
𢏹	⿰弓定
𢏺	⿲弓丙弓
𢏻	⿰⿱⺈⿹⿺㇉？㇀⿹弓𰀪
𢏼	⿰弓𣏼
𢏽	⿰？⿹弓冫
𢏾	⿰弓𣥏
𢏿	⿰弓宛
𢐀	⿰弜㐁
𢐁	⿲弓糸弓
𢐂	⿰弓是
𢐃	⿰弓扁
𢐄	⿰弓彖
𢐅	⿰⿹弓彡⿹弓彡
𢐆	⿲弓吕弓
𢐇	⿰弓桒
𢐈	⿰弜百
𢐉	⿹⿻弓⿱土匚日
𢐊	⿰弓旁
𢐋	⿰弓虒
𢐌	⿲弓束弓
𢐍	⿰弓𣁋
𢐎	⿰弓兼
𢐏	⿰弓𰲚
𢐐	⿲弓系弓
𢐑	⿰弜⿴囗仌
𢐒	⿰弓崩
𢐓	⿱張弓
𢐔	⿰弓從
𢐕	⿰弓票
𢐖	⿰弓𦱤
𢐗	⿰弓魚
𢐘	⿰弓張
𢐙	⿱殸弓
𢐚	⿰弓國
𢐛	⿰弓寁
𢐜	⿰弜𠀬
𢐝	⿲弓百⿱丅巳
𢐞	⿰弓曾
𢐟	⿰弓喬
𢐠	⿰弓番
𢐡	⿰弓⿰㐁㐁
𢐢	⿰⿹弓冫翁
𢐣	⿰弓象
𢐤	⿰弓皕
𢐥	⿲弓䍃弓
𢐦	⿱辟弓
𢐧	⿱敬弓
𢐨	⿲弓芻弓
𢐩	⿰弭䖝
𢐪	⿰弓農
𢐫	⿱粥今
𢐬	⿲弓䚻弓
𢐭	⿵𰃦⿱玨弜
𢐮	⿲弓畨弓
𢐯	⿳⿱卝工我弓
𢐰	⿰弓需
𢐱	⿳⿱卝土我弓
𢐲	⿲弓番弓
𢐳	⿰弓⿱艹⿵冂⿲爻丨爻
𢐴	⿹弓⿲⿳人人丨⿳人人丨⿳人人丨
𢐵	⿲弓言𧈧
𢐶	⿰弓⿱龷⿻丨⿵冂㸚
𢐷	⿲弓曾弓
𢐸	⿰弓盧
𢐹	⿲弓亶弓
𢐺	⿲弓⿱𡸁勾弓
𢐻	⿰弓𦎧
𢐼	⿲弓煑弓
𢐽	⿰⿱卝干⿱⿹弓⿴囗夊土
𢐾	⿲弓⿱⿻土从糸弓
𢐿	⿰弓襄
𢑀	⿰弓糜
𢑁	⿰弓蕭
𢑂	⿱繇弓
𢑃	⿰弓壐
𢑄	⿰弓繇
𢑅	⿳⿴𦥑同一弜
𢑆	⿰弓雚
𢑇	⿰弓舊
𢑈	⿰弓䌛
𢑉	⿱䌛弓
𢑊	⿰弓贊
𢑋	⿱兓䰜
𢑌	⿲弓羹弓
𢑍	⿱⿲弓每弓⿲弓畐弓
𢑎	⿱⿰弓毓⿲弓畐弓
𢑏	⿰𠂎𫜹
𢑐	⿱𡭔⺕
𢑑	⿱𫜹𫜹
𢑒	⿰𫜹女
𢑓	⿳彑儿乂
𢑔	⿱彐⿹⿺㇉一口
𢑕	⿳彐一𠠴
𢑖	⿱彐甲
𢑗	⿳彑㇒氺
𢑘	⿱彐⿻凵氺
𢑙	⿳彐𠂊水
𢑚	⿱⿰𰀄丨⿸厂𫜹
𢑛	⿳彑𰀪⿲𰀪丨⿱丶丶
𢑜	⿱彐甸
𢑝	⿰𢑑冘
𢑞	⿳彑⿵八⿱一𠂊巾
𢑟	⿳𫜹冖伐
𢑠	⿰𢑑㐌
𢑡	⿸⿱？厂豕
𢑢	⿳日彐⿱𰀪巾
𢑣	⿱彑癸
𢑤	⿳𫜹冖束
𢑥	⿱⿱？冖果
𢑦	⿰⿳彑冖巾召
𢑧	⿰𢑑束
𢑨	⿰⿱彐水⿱彐水
𢑩	⿰⿱彑⿱𰀪巾帇
𢑪	⿰⿱彐𧰨句
𢑫	⿰𢑑坴
𢑬	⿰𢑑來
𢑭	⿳⿱？冖田⿱𰀪巾
𢑮	⿰𢑑飛
𢑯	⿳𫜹𱕻木
𢑰	⿰⿱⿹？工⿹？工𢑑
𢑱	⿱彑𡙢
𢑲	⿰⿳𫜹米人糸
𢑳	⿰⿱彐𧰨者
𢑴	⿳𫜹⿰米糸大
𢑵	⿰𢑑番
𢑶	⿰𢑑⿱⿸广内戊
𢑷	⿳彑⿱冖𱕻⿱𰀪巾
𢑸	⿳⿳亠口冖口𱝠
𢑹	⿱彗亞
𢑺	⿳⿸尹㇏𱕻⿱𰀪巾
𢑻	⿰𢑑⿸广⿱内成
𢑼	⿰䝆⿳𫜹夕巾
𢑽	⿳𢑑⿱不不⿱不不
𢑾	⿰录暴
𢑿	⿳⿳𫜹冖吅⿰里殳木
𢒀	⿵乃彡
𢒁	⿰乃彡
𢒂	⿺九彡
𢒃	⿱𠆢⿰丨彡
𢒄	⿷工彡
𢒅	⿳一⿰丨彡一
𢒆	⿰忄彡
𢒇	⿺元彡
𢒈	⿰井彡
𢒉	⿱彡且
𢒊	⿱大⿸厂彡
𢒋	⿰永彡
𢒌	⿰市彡
𢒍	⿰弗彡
𢒎	⿰𠕻彡
𢒏	⿰彡甫
𢒐	⿰坐彡
𢒑	⿰⿱从干彡
𢒒	⿰孚彡
𢒓	⿰⿱彐勿彡
𢒔	⿰豖彡
𢒕	⿰𣥏彡
𢒖	⿰或彡
𢒗	⿰易彡
𢒘	⿺羌彡
𢒙	⿰果彡
𢒚	⿰彔彡
𢒛	⿰卓彡
𢒜	⿰⿸虍人彡
𢒝	⿺⿵𠘨臣彡
𢒞	⿰柬彡
𢒟	⿰貞彡
𢒠	⿰⿳日𠂊巾彡
𢒡	⿰𡋑彡
𢒢	⿱⿰牜⿹勹丿㐱
𢒣	⿱百⿱大彡
𢒤	⿰彡圂
𢒥	⿰翏丩
𢒦	⿰⿱占⿲𰀪丨⿱丶丶彡
𢒧	⿺⿱日𧰨彡
𢒨	⿰𠦝㐱
𢒩	⿰彡徙
𢒪	⿰⿱⿱⺊冖豕彡
𢒫	⿰彡尋
𢒬	⿰彡景
𢒭	⿰⿳⺊目⿲𰀪丨⿱丶丶彡
𢒮	⿳少白⿱大彡
𢒯	⿲口𧆞彡
𢒰	⿰有彧
𢒱	⿰歲彡
𢒲	⿱亠𢒩
𢒳	⿰⿳日冖禾⿱彡又
𢒴	⿲⿸⿹丅丿丨⿳白𠂊巾彡
𢒵	⿰𤌑彡
𢒶	⿰彥象
𢒷	⿱須咅
𢒸	⿲𠤕⿱𦣻止彡
𢒹	⿰⿸广𱤏彡
𢒺	⿰靡彡
𢒻	⿳棥冖⿰昔彡
𢒼	⿰彳乙
𢒽	⿰彳乚
𢒾	⿰彳丩
𢒿	⿰彳㔾
𢓀	⿰彳弋
𢓁	⿰彳工
𢓂	⿰彳土
𢓃	⿰彳丸
𢓄	⿰彳开
𢓅	⿰彳从
𢓆	⿰彳元
𢓇	⿰彳内
𢓈	⿰彳匀
𢓉	⿰彳反
𢓊	⿰彳止
𢓋	⿰彳卬
𢓌	⿰彳六
𢓍	⿰彳天
𢓎	⿰彳𢆰
𢓏	⿰彳冄
𢓐	⿰彳牛
𢓑	⿰彳欠
𢓒	⿰彳冉
𢓓	⿰彳乍
𢓔	⿰彳立
𢓕	⿰彳占
𢓖	⿰彳丕
𢓗	⿰彳此
𢓘	⿰彳冬
𢓙	⿰彳𢎢
𢓚	⿰彳尼
𢓛	⿰彳未
𢓜	⿰彳各
𢓝	⿰彳兆
𢓞	⿰彳丞
𢓟	⿰彳州
𢓠	⿰彳先
𢓡	⿰彳夷
𢓢	⿰彳夸
𢓣	⿰彳朿
𢓤	⿰彳夅
𢓥	⿰彳光
𢓦	⿲彳龶卩
𢓧	⿰彳地
𢓨	⿰彳因
𢓩	⿰彳⿱㇒⿻一止
𢓪	⿰彳矣
𢓫	⿰彳辛
𢓬	⿰彳希
𢓭	⿰彳夋
𢓮	⿰彳肖
𢓯	⿰彳狂
𢓰	⿰彳妥
𢓱	⿰彳夆
𢓲	⿰彳吾
𢓳	⿰彳甹
𢓴	⿰彳⿱日夊
𢓵	⿰彳秀
𢓶	⿰彳甬
𢓷	⿲彳午卪
𢓸	⿰彳𡉚
𢓹	⿲彳巾攵
𢓺	⿰彳⿱上龰
𢓻	⿰彳豕
𢓼	⿰彳𥃩
𢓽	⿰彳⿳𰀪厶大
𢓾	⿰彳谷
𢓿	⿰彳⿱夂心
𢔀	⿰彳𠬶
𢔁	⿰彳夌
𢔂	⿰彳奄
𢔃	⿰彳⿱舟夊
𢔄	⿰彳卓
𢔅	⿰彳東
𢔆	⿰彳泣
𢔇	⿰彳匋
𢔈	⿰彳函
𢔉	⿰彳𡿱
𢔊	⿰彳知
𢔋	⿰彳松
𢔌	⿰彳卑
𢔍	⿰彳⿳八𠆢⺝
𢔎	⿰彳𭖒
𢔏	⿰彳受
𢔐	⿱徇丂
𢔑	⿰彳卷
𢔒	⿰彳昌
𢔓	⿰彳奉
𢔔	⿰彳亟
𢔕	⿰彳⿱日友
𢔖	⿲彳失亍
𢔗	⿰彳𣥚
𢔘	⿰彳㕁
𢔙	⿰彳卒
𢔚	⿰彳㫄
𢔛	⿰彳幸
𢔜	⿲彳丨⿱夂彡
𢔝	⿰彳垂
𢔞	⿲彳𦈢九
𢔟	⿰彳柔
𢔠	⿰彳⿱目支
𢔡	⿰彳皆
𢔢	⿰彳俞
𢔣	⿰彳臿
𢔤	⿰彳貞
𢔥	⿰彳胃
𢔦	⿰彳𡱝
𢔧	⿰彳屏
𢔨	⿰彳⿱𦉭寸
𢔩	⿲彳丨⿱从龰
𢔪	⿰彳者
𢔫	⿲彳缶凡
𢔬	⿲彳先亍
𢔭	⿰彳厗
𢔮	⿲彳䏍亍
𢔯	⿰彳剌
𢔰	⿰彳眉
𢔱	⿰彳卻
𢔲	⿰彳畱
𢔳	⿰彳蚤
𢔴	⿰彳郚
𢔵	⿰彳冓
𢔶	⿰彳䙷
𢔷	⿰彳𤝵
𢔸	⿰彳鬲
𢔹	⿰彳⿹戈⿱口山
𢔺	⿰彳⿰犭⿱山王
𢔻	⿰彳家
𢔼	⿰彳⿰虫攵
𢔽	⿰彳㫭
𢔾	⿰彳𬆣
𢔿	⿰彳針
𢕀	⿰彳⿸𠂆直
𢕁	⿲彳弄亍
𢕂	⿰彳⿹戈⿱口土
𢕃	⿰彳⿱⿺𠃊口耳
𢕄	⿲彳⿳山一𠂈攵
𢕅	⿲彳⿱山方亍
𢕆	⿰彳⿱开心
𢕇	⿰彳𫢴
𢕈	⿰彳耸
𢕉	⿰彳⿱⿼义丶虫
𢕊	⿱徇兮
𢕋	⿲彳完亍
𢕌	⿰彳屖
𢕍	⿰彳留
𢕎	⿰彳⿱立⿻中一
𢕏	⿰彳畢
𢕐	⿰彳旋
𢕑	⿰彳率
𢕒	⿰彳𡕨
𢕓	⿰彳區
𢕔	⿰彳章
𢕕	⿰彳參
𢕖	⿰彳⿱䙲巳
𢕗	⿰彳寄
𢕘	⿰彳崔
𢕙	⿰彳猛
𢕚	⿰彳淂
𢕛	⿰彳⿱⿹勹𣅀夊
𢕜	⿲彳⿱午止卪
𢕝	⿰彳逢
𢕞	⿰彳⿱𥃭心
𢕟	⿰彳敖
𢕠	⿰彳⿱龴𱕼
𢕡	⿰彳敕
𢕢	⿰彳軟
𢕣	⿰彳𨊴
𢕤	⿰彳𬦈
𢕥	⿲彳𰧭亍
𢕦	⿲彳丨⿱夂良
𢕧	⿲彳⿳？一几攵
𢕨	⿰彳⿳白冖方
𢕩	⿰彳從
𢕪	⿰彳喬
𢕫	⿰彳款
𢕬	⿰彳歰
𢕭	⿰彳敢
𢕮	⿰彳啻
𢕯	⿰彳覃
𢕰	⿰彳尊
𢕱	⿰彳⿳止日少
𢕲	⿲彳录攵
𢕳	⿲彳走司
𢕴	⿲彳𠦝攵
𢕵	⿲彳巷亍
𢕶	⿰彳⿳？一夊
𢕷	⿰彳爲
𢕸	⿰彳粦
𢕹	⿲彳𤰸攵
𢕺	⿰彳歲
𢕻	⿰彳詹
𢕼	⿰彳睘
𢕽	⿲彳⿱白⿻凵人戈
𢕾	⿰彳辟
𢕿	⿲彳⿱去日攵
𢖀	⿰律串
𢖁	⿲彳⿱𭇁⿻三丨阝
𢖂	⿰彳𫎴
𢖃	⿲彳丨菐
𢖄	⿲彳⿱山虫攵
𢖅	⿲彳訔亍
𢖆	⿰彳解
𢖇	⿰彳廌
𢖈	⿰彳翟
𢖉	⿰𢔸攵
𢖊	⿰彳䛣
𢖋	⿲彳⿱土𢌿亍
𢖌	⿰彳𡻷
𢖍	⿲彳魚亍
𢖎	⿰彳⿱䙲㠯
𢖏	⿰彳賣
𢖐	⿰彳麃
𢖑	⿰彳賛
𢖒	⿰彳憂
𢖓	⿰彳履
𢖔	⿰彳暴
𢖕	⿰後娄
𢖖	⿰娄後
𢖗	⿰束從
𢖘	⿰彳憲
𢖙	⿰彳歷
𢖚	⿰彳⿳𣅽大⺗
𢖛	⿲彳丨⿱夂黑
𢖜	⿲彳童攵
𢖝	⿰彳韱
𢖞	⿰彳毚
𢖟	⿰彳繇
𢖠	⿰彳嬰
𢖡	⿲彳⿱去𢇂亍
𢖢	⿲彳農攵
𢖣	⿰彳𤐫
𢖤	⿰彳題
𢖥	⿰彳靡
𢖦	⿰彳矍
𢖧	⿰彳囊
𢖨	⿳衛一⿱⿲𠂊丨又𪤷
𢖩	⿲丿乚丶
𢖪	⿰忄乚
𢖫	⿱刀心
𢖬	⿰忄匕
𢖭	⿰忄㔾
𢖮	⿺乙必
𢖯	⿰忄几
𢖰	⿱力心
𢖱	⿰忄乃
𢖲	⿰忄乇
𢖳	⿰忄于
𢖴	⿱乞心
𢖵	⿰忄女
𢖶	⿱工心
𢖷	⿰忄工
𢖸	⿰忄弓
𢖹	⿰忄小
𢖺	⿰忄弋
𢖻	⿱心夊
𢖼	⿱弋心
𢖽	⿱土心
𢖾	⿰忄凢
𢖿	⿱𡭔心
𢗀	⿱口心
𢗁	⿱⿵𠆢一心
𢗂	⿳乛丂心
𢗃	⿰忄亏
𢗄	⿰忄下
𢗅	⿰忄亾
𢗆	⿰忄丈
𢗇	⿰忄夕
𢗈	⿰必丁
𢗉	⿰忄内
𢗊	⿱介心
𢗋	⿰忄匀
𢗌	⿰忄巴
𢗍	⿱㞢心
𢗎	⿰忄殳
𢗏	⿱亓心
𢗐	⿱冘心
𢗑	⿰忄冗
𢗒	⿰忄丰
𢗓	⿱与心
𢗔	⿰忄丏
𢗕	⿰忄勾
𢗖	⿰忄壬
𢗗	⿰忄犬
𢗘	⿰忄勿
𢗙	⿰忄丐
𢗚	⿰忄歹
𢗛	⿰忄⿱㐅十
𢗜	⿰忄尺
𢗝	⿰忄互
𢗞	⿰忄厷
𢗟	⿰忄⿱𠂇几
𢗠	⿰忄切
𢗡	⿰忄攵
𢗢	⿰忄升
𢗣	⿱龶心
𢗤	⿱夫心
𢗥	⿱弌心
𢗦	⿱木心
𢗧	⿱切心
𢗨	⿱水心
𢗩	⿱𡈼心
𢗪	⿱氏心
𢗫	⿱不心
𢗬	⿱牙心
𢗭	⿱日心
𢗮	⿰心凶
𢗯	⿱月心
𢗰	⿰心心
𢗱	⿱肀心
𢗲	⿰忄夫
𢗳	⿰忄毛
𢗴	⿰忄兮
𢗵	⿰忄孔
𢗶	⿰忄⿱一𠔼
𢗷	⿰忄水
𢗸	⿰忄斗
𢗹	⿱斤心
𢗺	⿱必亡
𢗻	⿱六心
𢗼	⿰忄户
𢗽	⿰忄比
𢗾	⿰忄卬
𢗿	⿰忄末
𢘀	⿰忄犮
𢘁	⿱𠕁心
𢘂	⿱㚢心
𢘃	⿰忄母
𢘄	⿰忄囚
𢘅	⿱矛心
𢘆	⿰忄𣄼
𢘇	⿱旦心
𢘈	⿱⿵𠆢一⿰忄卩
𢘉	⿰忄甲
𢘊	⿰忄申
𢘋	⿱代心
𢘌	⿰忄弘
𢘍	⿱弗心
𢘎	⿰忄㞋
𢘏	⿰忄㞧
𢘐	⿰忄仝
𢘑	⿱一忠
𢘒	⿱尼心
𢘓	⿱母心
𢘔	⿱⿵𠆢一𢖭
𢘕	⿰忄矛
𢘖	⿱𠔼⿰心卩
𢘗	⿱𠂝心
𢘘	⿰忄𢎨
𢘙	⿰忄龙
𢘚	⿰忄⿷冘丶
𢘛	⿰忄斥
𢘜	⿰忄司
𢘝	⿰忄尔
𢘞	⿱尔心
𢘟	⿰心可
𢘠	⿱北心
𢘡	⿱生心
𢘢	⿱⿰亻亏心
𢘣	⿱白心
𢘤	⿱半心
𢘥	⿰忄市
𢘦	⿰忄叏
𢘧	⿰忄𡰦
𢘨	⿰忄𣎵
𢘩	⿰忄孕
𢘪	⿰忄𡉄
𢘫	⿱正心
𢘬	⿰忄㐌
𢘭	⿰忄用
𢘮	⿰忄立
𢘯	⿱它心
𢘰	⿱⿰土刀心
𢘱	⿵戊心
𢘲	⿱央心
𢘳	⿱禾心
𢘴	⿱⿰𠂎卪心
𢘵	⿱𡖉心
𢘶	⿰忄聿
𢘷	⿰忄虫
𢘸	⿰忄夅
𢘹	⿰忄杀
𢘺	⿰忄米
𢘻	⿱米心
𢘼	⿱⿻𦉫𠄠心
𢘽	⿰忄曳
𢘾	⿰忄如
𢘿	⿱艸心
𢙀	⿰忄朿
𢙁	⿱污心
𢙂	⿳一皿心
𢙃	⿰忄㫐
𢙄	⿱共心
𢙅	⿱合心
𢙆	⿰忄自
𢙇	⿰忄衣
𢙈	⿱心吅
𢙉	⿰忄𭗼
𢙊	⿰忄次
𢙋	⿰忄⿳八𠆢十
𢙌	⿱𡉚心
𢙍	⿱回心
𢙎	⿱⿻了双心
𢙏	⿱孙心
𢙐	⿰忄农
𢙑	⿰忄买
𢙒	⿰忄尧
𢙓	⿰忄会
𢙔	⿰忄礼
𢙕	⿰忄亦
𢙖	⿰忄㐁
𢙗	⿰忄妄
𢙘	⿰忄耳
𢙙	⿰忄𡵉
𢙚	⿰忄色
𢙛	⿰忄名
𢙜	⿰忄𫥞
𢙝	⿰忄先
𢙞	⿱臣心
𢙟	⿱𠯄心
𢙠	⿱伊心
𢙡	⿱行心
𢙢	⿱⿰工口心
𢙣	⿱覀心
𢙤	⿱尗心
𢙥	⿳㇒囚心
𢙦	⿱𦥓心
𢙧	⿲忄丨圥
𢙨	⿰忄存
𢙩	⿰忄耒
𢙪	⿰忄対
𢙫	⿰忄因
𢙬	⿰忄伊
𢙭	⿰尖心
𢙮	⿱在心
𢙯	⿱百心
𢙰	⿱⿰弓幺心
𢙱	⿰忄弄
𢙲	⿰忄吕
𢙳	⿰忄壯
𢙴	⿱㤅夊
𢙵	⿰忄𠯌
𢙶	⿱旱心
𢙷	⿱𢀜心
𢙸	⿱⿰口旡心
𢙹	⿰忄狄
𢙺	⿰忄志
𢙻	⿱⺻⿰心力
𢙼	⿰忄巠
𢙽	⿱每心
𢙾	⿰忄更
𢙿	⿰忄岑
𢚀	⿰忄延
𢚁	⿰忄忌
𢚂	⿰忄坐
𢚃	⿰忄寽
𢚄	⿰忄牢
𢚅	⿱扮心
𢚆	⿰忄助
𢚇	⿰忄𡉚
𢚈	⿳廿大⺗
𢚉	⿰忄𥃩
𢚊	⿱囧心
𢚋	⿰忄皃
𢚌	⿰忄⿱𫜹父
𢚍	⿰忄⿱守一
𢚎	⿱⿹⿺㇉一灬心
𢚏	⿱岑心
𢚐	⿱⿰彳攵心
𢚑	⿱㳉心
𢚒	⿱佘心
𢚓	⿱攺心
𢚔	⿰忄⿱公夊
𢚕	⿰忄曵
𢚖	⿱弟心
𢚗	⿰忄宋
𢚘	⿰忄言
𢚙	⿰忄斈
𢚚	⿰忄忘
𢚛	⿰忄克
𢚜	⿰忄⿱厶田
𢚝	⿰忄矣
𢚞	⿱冖𪫩
𢚟	⿱亨心
𢚠	⿱宋心
𢚡	⿱求心
𢚢	⿱改心
𢚣	⿱⿻了叹心
𢚤	⿱𪱳心
𢚥	⿳又玉心
𢚦	⿱孛心
𢚧	⿱𦣻心
𢚨	⿱何心
𢚩	⿳爫𫜹心
𢚪	⿱⿸尸火心
𢚫	⿱⿰𢎨又心
𢚬	⿰忄𡉤
𢚭	⿰忄汖
𢚮	⿰忄⿱𠂉⿸𠂇三
𢚯	⿰忄狂
𢚰	⿰忄𭗾
𢚱	⿳䒑公心
𢚲	⿰忄改
𢚳	⿱村心
𢚴	⿰忄忍
𢚵	⿰忄豸
𢚶	⿰忄妥
𢚷	⿰忄車
𢚸	⿱弄心
𢚹	⿰忄𣅘
𢚺	⿰忄吞
𢚻	⿰忄⿱口介
𢚼	⿰忄岌
𢚽	⿰忄沔
𢚾	⿰忄奂
𢚿	⿱⿰𱼀卪心
𢛀	⿵𨳇心
𢛁	⿱制心
𢛂	⿱卓心
𢛃	⿱咎心
𢛄	⿰忄厓
𢛅	⿰忄固
𢛆	⿱弦心
𢛇	⿱周心
𢛈	⿱怗心
𢛉	⿰忄垂
𢛊	⿰忄委
𢛋	⿱⿰䏍刂心
𢛌	⿰忄忩
𢛍	⿰忄知
𢛎	⿰忄㡀
𢛏	⿰忄取
𢛐	⿰忄𣏋
𢛑	⿱拘心
𢛒	⿰忄松
𢛓	⿱林心
𢛔	⿰忄東
𢛕	⿰忄囷
𢛖	⿱⿵共㔾心
𢛗	⿰忄劵
𢛘	⿰忄肴
𢛙	⿰忄穹
𢛚	⿱辰心
𢛛	⿰忄往
𢛜	⿱泥心
𢛝	⿱昌心
𢛞	⿰忄卑
𢛟	⿰忄亞
𢛠	⿰忄㕁
𢛡	⿰忄冐
𢛢	⿰忄𠄭
𢛣	⿱泯心
𢛤	⿱五忢
𢛥	⿸尸思
𢛦	⿱𣢊心
𢛧	⿱隹心
𢛨	⿰忄於
𢛩	⿵門⺗
𢛪	⿱⿵𠆢一怨
𢛫	⿱亠𢙣
𢛬	⿱宓心
𢛭	⿱⿰乡兂心
𢛮	⿱牧心
𢛯	⿰忄画
𢛰	⿰忄並
𢛱	⿱⿰朿力心
𢛲	⿱垂心
𢛴	⿰忄孟
𢛵	⿰忄爭
𢛶	⿱卧心
𢛷	⿰忄房
𢛸	⿰忄定
𢛹	⿰忄⿳丷日儿
𢛺	⿰忄抱
𢛻	⿰忄⿱龷月
𢛼	⿰忄叔
𢛽	⿰忄昌
𢛾	⿰忄图
𢛿	⿰忄昇
𢜀	⿰忄疌
𢜁	⿰忄⿱夕以
𢜂	⿱⿰关又心
𢜃	⿱沽心
𢜄	⿱⿰戶殳心
𢜅	⿱泠心
𢜆	⿱府心
𢜇	⿱𡧟心
𢜈	⿱玨心
𢜉	⿱拃心
𢜊	⿳工目心
𢜋	⿱拈心
𢜌	⿱招心
𢜍	⿱𤤅心
𢜎	⿱⿰⿻三丨⿻三丨心
𢜏	⿱明心
𢜐	⿰心隹
𢜑	⿱⿰月文心
𢜒	⿱侖心
𢜓	⿱⿰牜匁心
𢜔	⿱知心
𢜕	⿱⿰勿攵心
𢜖	⿳亠⿺𠃊冋心
𢜗	⿰忄奉
𢜘	⿰忄奔
𢜙	⿰忄䘚
𢜚	⿰忄⿱亠𢆶
𢜛	⿱欣心
𢜜	⿰忄虎
𢜝	⿰忄事
𢜞	⿰忄來
𢜟	⿰忄岡
𢜠	⿰忄明
𢜡	⿰忄妾
𢜢	⿰忄彼
𢜣	⿱㭊心
𢜤	⿳㐄冖𢖻
𢜥	⿰忄咎
𢜦	⿱炘心
𢜧	⿳田土心
𢜨	⿱枼心
𢜩	⿰忄咸
𢜪	⿰忄若
𢜫	⿰忄省
𢜬	⿰忄度
𢜭	⿰忄卻
𢜮	⿰忄某
𢜯	⿱某心
𢜰	⿰忄弇
𢜱	⿰忄咠
𢜲	⿰忄拏
𢜳	⿰忄壴
𢜴	⿰忄矦
𢜵	⿰忄侯
𢜶	⿰忄叜
𢜷	⿱衂心
𢜸	⿰忄柔
𢜹	⿱囿心
𢜺	⿰忄哀
𢜻	⿰忄爯
𢜼	⿰忄乗
𢜽	⿰忄癸
𢜾	⿰忄𢦶
𢜿	⿰忄家
𢝀	⿰忄突
𢝁	⿰忄訇
𢝂	⿰忄毒
𢝃	⿱帝心
𢝄	⿰忄叚
𢝅	⿱叚心
𢝆	⿰忄重
𢝇	⿰忄砉
𢝈	⿰忄盅
𢝉	⿰忄耷
𢝊	⿱頁心
𢝋	⿰忄亮
𢝌	⿰忄冒
𢝍	⿱怯心
𢝎	⿰忄匩
𢝏	⿳㇒⿴𡆦兀心
𢝐	⿱𢓄心
𢝑	⿳⿱䒑火人心
𢝒	⿰忄⿱正⺝
𢝓	⿰忄泉
𢝔	⿱則心
𢝕	⿳囧八心
𢝖	⿱甚心
𢝗	⿱𰄯心
𢝘	⿰忄𬛸
𢝙	⿰忄盃
𢝚	⿰忄洗
𢝛	⿰忄契
𢝜	⿰忄亭
𢝝	⿳目𡭕心
𢝞	⿰忄耶
𢝟	⿰忄㧝
𢝠	⿲忄矛攴
𢝡	⿰忄斿
𢝢	⿰忄𬥎
𢝣	⿰忄春
𢝤	⿰忄⿱乖一
𢝥	⿰忄𥝸
𢝦	⿱炳心
𢝧	⿱恨心
𢝨	⿱苦心
𢝩	⿱𭛨心
𢝪	⿱段心
𢝫	⿱壴心
𢝬	⿱者心
𢝭	⿱⿰工𠃨心
𢝮	⿳罒日心
𢝯	⿱⿵冂言心
𢝰	⿱⿰牜匆心
𢝱	⿱⿰彳米心
𢝲	⿱秌心
𢝳	⿱洪心
𢝴	⿱⿰忄覀心
𢝵	⿱飛心
𢝶	⿰忄耍
𢝷	⿰忄皆
𢝸	⿰忄咼
𢝹	⿰忄𰩬
𢝺	⿰忄盾
𢝻	⿰忄䀜
𢝼	⿰忄⿱𪜌子
𢝽	⿰忄敄
𢝾	⿰忄⿱爫𠙻
𢝿	⿰忄⿱出凶
𢞀	⿱𭣦心
𢞁	⿰忄風
𢞂	⿰忄盆
𢞃	⿰忄紅
𢞄	⿰忄垢
𢞅	⿰忄要
𢞆	⿰忄彦
𢞇	⿰忄苔
𢞈	⿱剈心
𢞉	⿱洞心
𢞊	⿰忄凾
𢞋	⿰亻⿱吞心
𢞌	⿰忄⿱𦥑儿
𢞍	⿱⿰𦣞己心
𢞎	⿰忄𤰇
𢞏	⿰忄宫
𢞐	⿰忄害
𢞑	⿰忄𢀡
𢞒	⿱殺心
𢞓	⿰忄留
𢞔	⿱弱心
𢞕	⿰忄隺
𢞖	⿰忄笑
𢞗	⿰忄𣬉
𢞘	⿱百念
𢞙	⿰忄挐
𢞚	⿱耿心
𢞛	⿰忄𠣬
𢞜	⿰忄屑
𢞝	⿱𡨄⺗
𢞞	⿰忄迷
𢞟	⿰忄高
𢞠	⿰忄𦐇
𢞡	⿰忄冓
𢞢	⿱𢈏心
𢞣	⿱倐心
𢞤	⿱䘐心
𢞥	⿱𠓭心
𢞦	⿰忄𣆫
𢞧	⿰忄⿱龷旬
𢞨	⿱卉思
𢞩	⿱害心
𢞪	⿱⿰犭㞷心
𢞫	⿱㑥心
𢞬	⿰忄烏
𢞭	⿱留心
𢞮	⿰忄𱦋
𢞯	⿱專心
𢞰	⿱民思
𢞱	⿱疾心
𢞲	⿰忄窄
𢞳	⿰忄⿱⿻了叹山
𢞴	⿰忄恩
𢞵	⿱飛必
𢞶	⿰忄𧰲
𢞷	⿰忄𡘤
𢞸	⿰忄⿰朿殳
𢞹	⿰忄⿳⿱一丷日大
𢞺	⿰忄恭
𢞻	⿰忄荐
𢞼	⿰忄桀
𢞽	⿱敉心
𢞾	⿱⿲冫不攵心
𢞿	⿱彧心
𢟀	⿱馬心
𢟁	⿱般心
𢟂	⿱𪝉心
𢟃	⿰𢖶⿹⺄⿱䶹䶹
𢟄	⿰恧丑
𢟅	⿱修心
𢟆	⿱狸心
𢟇	⿱⿰女医心
𢟈	⿰忄恐
𢟉	⿰忄荅
𢟊	⿰忄乘
𢟋	⿰忄追
𢟌	⿰忄殺
𢟍	⿸𠩵心
𢟎	⿰忄徒
𢟏	⿰忄烈
𢟐	⿰忄珠
𢟑	⿰忄軒
𢟒	⿰忄能
𢟓	⿰忄宰
𢟔	⿰忄退
𢟕	⿰忄納
𢟖	⿰忄浸
𢟗	⿰忄涅
𢟘	⿰忄聀
𢟙	⿰忄針
𢟚	⿰忄⿱吂⺝
𢟛	⿱恥弔
𢟜	⿱夏心
𢟝	⿰忄殷
𢟞	⿰忄凍
𢟟	⿰忄⿱百戈
𢟠	⿰忄奞
𢟡	⿰忄⿱艹⿹勹用
𢟢	⿰忄离
𢟣	⿰忄羕
𢟤	⿸𠩺心
𢟥	⿱𱥗心
𢟦	⿰忄衮
𢟧	⿰忄鹵
𢟨	⿰忄莽
𢟩	⿰忄彗
𢟪	⿱既心
𢟫	⿰忄㝠
𢟬	⿱𤈫心
𢟭	⿰忄𡨥
𢟮	⿱㒼心
𢟯	⿱埶心
𢟰	⿰忄豙
𢟱	⿰忄𣳾
𢟲	⿸辰⿱寸心
𢟳	⿰忄率
𢟴	⿰忄㢈
𢟵	⿰忄𡌦
𢟶	⿰忄䖏
𢟷	⿰忄畨
𢟸	⿰忄𦘕
𢟹	⿰忄⿸辰寸
𢟺	⿰忄⿱羽尒
𢟻	⿱赦心
𢟼	⿰忄梦
𢟽	⿱莫心
𢟾	⿰忄⿱𦒳毛
𢟿	⿰忄⿱罒𠂢
𢠀	⿱⿺𠃊商心
𢠁	⿰忄啬
𢠂	⿰忄敕
𢠃	⿱猄心
𢠄	⿰忄崇
𢠅	⿰忄舂
𢠆	⿰忄通
𢠇	⿰忄許
𢠈	⿰忄貧
𢠉	⿰忄偶
𢠊	⿰忄叄
𢠋	⿰忄⿱𫲽心
𢠌	⿰忄強
𢠍	⿰忄⿳艹日寸
𢠎	⿰忄崑
𢠏	⿰忄盒
𢠐	⿰忄魚
𢠑	⿰忄⿱𠂉品
𢠒	⿱𥹙心
𢠓	⿸康心
𢠔	⿱减心
𢠕	⿱⿰忄⿱工目心
𢠖	⿱⿲木女木心
𢠗	⿰來忍
𢠘	⿱⿲木夕木心
𢠙	⿱偶心
𢠚	⿱偸心
𢠛	⿱教心
𢠜	⿱㪍心
𢠝	⿱國心
𢠞	⿱艸思
𢠟	⿰忄⿱正𧰨
𢠠	⿰忄寇
𢠡	⿰忄𡨼
𢠢	⿰忄尉
𢠣	⿰忄陳
𢠤	⿰忄弹
𢠥	⿰忄乾
𢠦	⿰忄𦰩
𢠧	⿰忄𡕩
𢠨	⿰忄敏
𢠩	⿰忄麻
𢠪	⿰忄罣
𢠫	⿰忄庶
𢠬	⿱⿰⿸尸大𪠲心
𢠭	⿰忄寂
𢠮	⿰忄⿻吕氺
𢠯	⿰忄朗
𢠰	⿰忄從
𢠱	⿱𧹞心
𢠲	⿰忄富
𢠳	⿰忄敝
𢠴	⿱粦心
𢠵	⿰忄敞
𢠶	⿵門芯
𢠷	⿰忄項
𢠸	⿱單心
𢠹	⿰忄斯
𢠺	⿰忄發
𢠻	⿰忄逮
𢠼	⿰忄買
𢠽	⿰忄象
𢠾	⿱𦧗心
𢠿	⿰忄爲
𢡀	⿰忄黑
𢡁	⿰忄翕
𢡂	⿱湯心
𢡃	⿱立患
𢡄	⿰忄⿱𭑈日
𢡅	⿰忄棐
𢡆	⿱豤心
𢡇	⿰忄辜
𢡈	⿱𠭥心
𢡉	⿰忄歰
𢡊	⿰忄⿱𭑈心
𢡋	⿰忄臯
𢡌	⿰忄⿳⿻⿻口一⿱丶丶⿻口丨女
𢡍	⿰忄鬲
𢡎	⿰忄遇
𢡏	⿰忄袲
𢡐	⿰忄⿱衣耳
𢡑	⿱㪙心
𢡒	⿰忄⿸庚止
𢡓	⿰忄⿱⿱⺈⿵冂人⿹⿺㇉一灬
𢡔	⿱⿰囟囟心
𢡕	⿱⿰片易心
𢡖	⿰忄叅
𢡗	⿱萌心
𢡘	⿳卉⿱田厶心
𢡙	⿵門忿
𢡚	⿰忄替
𢡜	⿰忄款
𢡝	⿰忄⿱立貝
𢡞	⿰忄閏
𢡟	⿱棥心
𢡠	⿰忄戠
𢡡	⿰忄𢜊
𢡢	⿱隋心
𢡣	⿱除𠇍
𢡤	⿰忄⿳一⿴⿰丨丨𠄠⿵冂𢆉
𢡥	⿵門忞
𢡦	⿰忄㟯
𢡧	⿰忄幾
𢡨	⿰忄𣁽
𢡩	⿰忄等
𢡪	⿱⿰镸示心
𢡫	⿱椎心
𢡬	⿱歮心
𢡭	⿳龸呙心
𢡮	⿱欽心
𢡯	⿱殽心
𢡰	⿱奣心
𢡱	⿱殼心
𢡲	⿱聒心
𢡳	⿱萅心
𢡴	⿱⿰？予心
𢡵	⿱𦓔心
𢡶	⿱𡙕心
𢡷	⿱⿰⿻未丶攵⿸厂心
𢡸	⿱𥇇心
𢡹	⿱㣫心
𢡺	⿱爲心
𢡻	⿱閔心
𢡼	⿰忄𦓔
𢡽	⿰忄㫺
𢡾	⿰忄𥆝
𢡿	⿰忄閑
𢢀	⿰忄間
𢢁	⿰忄孱
𢢂	⿰忄結
𢢃	⿱秘𠇍
𢢄	⿰忄𡺥
𢢅	⿰忄朝
𢢆	⿰忄⿳羊䒑口
𢢇	⿰忄最
𢢈	⿰忄寒
𢢉	⿱渃心
𢢊	⿰忄隊
𢢋	⿰忄⿱山彦
𢢌	⿱敞心
𢢍	⿱⿰⿱夂羊刃心
𢢎	⿳⿴𦥑？一心
𢢏	⿰忄普
𢢐	⿱⿰犭带心
𢢑	⿱偹心
𢢒	⿰忄窣
𢢓	⿰忄雍
𢢔	⿰忄㬅
𢢕	⿰忄猷
𢢖	⿰忄葛
𢢗	⿰忄蜀
𢢘	⿰忄廌
𢢙	⿰忄㮚
𢢚	⿰忄歇
𢢛	⿰忄虜
𢢜	⿰忄業
𢢝	⿰忄遂
𢢞	⿱𣪠心
𢢟	⿰忄⿱屮⿰⿻䶹凵⿻屮凵
𢢠	⿱隓心
𢢡	⿱𢾕心
𢢢	⿰⿱⿱士冖𱞂殳
𢢣	⿱解心
𢢤	⿱明怘
𢢥	⿰忄𢝔
𢢦	⿳亠⿲幺田幺心
𢢧	⿱𠷎心
𢢨	⿱⿰里夅心
𢢩	⿰忄敬
𢢪	⿰忄豊
𢢬	⿰忄禽
𢢭	⿱瑜心
𢢮	⿰忄𬝑
𢢯	⿰忄嵬
𢢰	⿰忄𥇛
𢢱	⿱翛心
𢢲	⿰忄葉
𢢳	⿰忄⿱日厘
𢢴	⿰忄煞
𢢵	⿱源心
𢢶	⿱㰻心
𢢷	⿱媽心
𢢸	⿰咼㤅
𢢹	⿱⿰牜香心
𢢺	⿰忄𭿃
𢢻	⿰忄𧵩
𢢼	⿰忄剽
𢢽	⿰忄貇
𢢾	⿰忄資
𢢿	⿱㝅心
𢣀	⿰忄碍
𢣁	⿱愩心
𢣂	⿰忄義
𢣃	⿰忄碎
𢣄	⿰忄過
𢣅	⿰忄落
𢣆	⿰忄嵩
𢣇	⿰忄歆
𢣈	⿰惱攵
𢣉	⿱⿰号官心
𢣊	⿰忄⿱⿰⿱丶㐅禾目
𢣋	⿱葡心
𢣌	⿰忄𡕰
𢣍	⿱僃心
𢣎	⿰忄㡭
𢣏	⿰忄蓋
𢣐	⿰忄賓
𢣑	⿱辡心
𢣒	⿰忄䰟
𢣓	⿱㼲心
𢣔	⿰忄臱
𢣕	⿱疑心
𢣖	⿰忄⿱𢀡心
𢣗	⿰忄麼
𢣘	⿱維心
𢣙	⿰忄⿱𤇾王
𢣚	⿰忄爾
𢣛	⿰忄勭
𢣜	⿰忄⿺辵車
𢣝	⿰忄⿱尨尨
𢣞	⿰⿱⿱士冖𭜫丸
𢣟	⿱與⺗
𢣠	⿱𦞧心
𢣡	⿱𣘐心
𢣢	⿰思劦
𢣣	⿱漣心
𢣤	⿰忄熏
𢣥	⿱慚心
𢣦	⿰忄鼻
𢣧	⿰忄𧇊
𢣨	⿰忄⿱山爽
𢣩	⿰忄銀
𢣪	⿱彰心
𢣫	⿱恋𢗰
𢣬	⿱⿲木吊木心
𢣭	⿱爾心
𢣮	⿱⿰晏攵心
𢣯	⿱𬆭心
𢣰	⿱銀心
𢣱	⿱𣗥心
𢣲	⿲男心男
𢣳	⿱惢戍
𢣴	⿰忄𤌹
𢣵	⿰忄㕑
𢣶	⿰忄㷠
𢣷	⿰忄翟
𢣸	⿰忄語
𢣹	⿰忄𦥷
𢣺	⿰忄盡
𢣻	⿰忄閭
𢣼	⿰忄察
𢣽	⿸广㦔
𢣾	⿰忄摩
𢣿	⿰忄慮
𢤀	⿱興心
𢤁	⿱僺心
𢤂	⿱黎心
𢤃	⿱暱心
𢤄	⿰忄蔥
𢤅	⿱⿰歺帶心
𢤆	⿰忄厲
𢤇	⿰忄罵
𢤈	⿰忄𦎧
𢤉	⿱𥫗⿹⿻弓⿱？匚心
𢤊	⿱適心
𢤋	⿰忄⿱⿻土䀠八
𢤌	⿱銽心
𢤍	⿱𤡜心
𢤎	⿱撮心
𢤏	⿱？患
𢤐	⿱劉心
𢤑	⿳宀㠭心
𢤒	⿱𦦀心
𢤓	⿰忄⿱雨吾
𢤔	⿱殢心
𢤕	⿱𣦼悲
𢤖	⿱幢心
𢤗	⿰忄賞
𢤘	⿱蔄心
𢤙	⿱𭮼心
𢤚	⿲忄𠫹戈
𢤛	⿰忄罷
𢤜	⿰忄鄭
𢤝	⿰忄箴
𢤞	⿰忄賢
𢤟	⿰忄震
𢤠	⿰忄輦
𢤡	⿰忄磊
𢤢	⿰忄熱
𢤣	⿰忄箭
𢤤	⿱憧心
𢤥	⿰壴恣
𢤦	⿰忄蕫
𢤧	⿱䫉心
𢤨	⿰忄螢
𢤩	⿰忄歷
𢤪	⿰忄𨗉
𢤫	⿰忄舉
𢤬	⿰忄奮
𢤭	⿰忄廩
𢤮	⿰忄嶲
𢤯	⿰忄韰
𢤰	⿱韰心
𢤱	⿰忄龍
𢤲	⿱龍心
𢤳	⿰忄䝿
𢤴	⿲𨐌忄𨐌
𢤵	⿱⿰其其心
𢤶	⿱𭮰怘
𢤷	⿱篤心
𢤸	⿰忄隧
𢤹	⿱鋸心
𢤺	⿰忄蕙
𢤻	⿰忄𦏁
𢤼	⿰忄蕉
𢤽	⿰忄興
𢤾	⿰忄學
𢤿	⿱賴心
𢥀	⿰憂圣
𢥁	⿳芔⿱由厶心
𢥂	⿰忄駦
𢥃	⿰忄諸
𢥄	⿰忄麇
𢥅	⿰忄錦
𢥆	⿰忄篭
𢥇	⿰忄戰
𢥈	⿰忄盧
𢥉	⿰忄蕩
𢥊	⿰忄覧
𢥋	⿰忄毚
𢥌	⿰忄鮮
𢥍	⿱𭄘心
𢥎	⿰忄賷
𢥏	⿰忄營
𢥐	⿰忄麋
𢥑	⿰忄謈
𢥒	⿱𤇾悉
𢥓	⿲忄⿳业𦍌口寸
𢥔	⿰章息
𢥕	⿰忄螽
𢥖	⿰忄齋
𢥗	⿱離心
𢥘	⿰忄巂
𢥙	⿰憂夅
𢥚	⿰忄爵
𢥛	⿱𡫟心
𢥜	⿱𡫟⺗
𢥝	⿰忄夒
𢥞	⿰忄蟲
𢥟	⿰忄㬥
𢥠	⿰忄雙
𢥡	⿰忄𤐫
𢥢	⿰忄謹
𢥣	⿰忄𥳑
𢥤	⿱⿰春頁心
𢥥	⿰忄爕
𢥦	⿰𦎫⿱攵心
𢥧	⿱願心
𢥨	⿱⿰⿱夂貝頁心
𢥩	⿱𦆕心
𢥪	⿰忄難
𢥫	⿱韻心
𢥬	⿰忄麗
𢥭	⿰意夏
𢥮	⿱⿰⿱立⺼貢心
𢥯	⿰忄䢉
𢥰	⿱籌心
𢥱	⿰忄𣍘
𢥲	⿱⿰𦎧攵心
𢥳	⿰忄⿰哥哥
𢥴	⿰忄嚴
𢥵	⿰忄䨇
𢥶	⿰忄𪃍
𢥷	⿰息疑
𢥸	⿰忄籃
𢥹	⿱𩕆心
𢥺	⿱⿰音章心
𢥻	⿰忄霸
𢥼	⿰忄竈
𢥽	⿱䵯心
𢥾	⿰忄蠡
𢥿	⿱⿰章員心
𢦀	⿱⿰⿱丅耳⿱夂貢心
𢦁	⿱⿰壹頁心
𢦂	⿰忄蘭
𢦃	⿰忄蠱
𢦄	⿰忄讎
𢦅	⿰忄贛
𢦆	⿱⿰壹欽心
𢦇	⿱⿰忄屬心
𢦈	⿰忄蠻
𢦉	⿱觀心
𢦊	⿳甚⿰甚甚心
𢦋	⿱珀戀
𢦌	⿱一戈
𢦍	⿻弋𰀪
𢦎	⿰九戈
𢦐	⿻⺕？
𢦑	⿻弋彡
𢦒	⿽戈𰀁
𢦓	⿵戊刀
𢦔	⿽戈𬺱
𢦕	⿰戈凢
𢦖	⿰犭戈
𢦗	⿰戈丸
𢦘	⿹戈⿱？一
𢦙	⿹戈幺
𢦚	⿰戈丮
𢦛	⿹𢦏𠂇
𢦜	⿰从戈
𢦝	⿱𠚪戈
𢦞	⿹戈爪
𢦟	⿹戈今
𢦠	⿹戈勿
𢦡	⿵戊干
𢦢	⿳⺌乛戈
𢦣	⿻戈日
𢦤	⿰片戈
𢦥	⿹戈六
𢦦	⿹戈甲
𢦧	⿰矛戈
𢦨	⿹戈用
𢦩	⿵戊午
𢦪	⿰可戈
𢦫	⿰⿻廾⿰丨丨戈
𢦬	⿰冫⿵戊又
𢦭	⿹戈瓦
𢦮	⿰古戈
𢦯	⿰台戈
𢦰	⿹⿽戈一止
𢦱	⿹⿽戈一日
𢦲	⿵戊斤
𢦳	⿰⿱人𫜹戈
𢦴	⿹戈主
𢦵	⿹戈矛
𢦶	⿹戈⿱工八
𢦷	⿹𢦏方
𢦸	⿱吅戈
𢦹	⿵戌水
𢦺	⿰⿱从二戈
𢦻	⿰戈𠃨
𢦼	⿹𢦏爪
𢦽	⿵戊召
𢦾	⿹戈⿱幺土
𢦿	⿰辰戈
𢧀	⿰旱戈
𢧁	⿰步戈
𢧂	⿹？口
𢧃	⿰君戈
𢧄	⿰呈戈
𢧅	⿰余戈
𢧆	⿹戈含
𢧇	⿹𢦏⿱八夊
𢧈	⿰豖戈
𢧉	⿰昔戈
𢧊	⿰㦿戈
𢧋	⿱或日
𢧌	⿹戈⿳口一王
𢧍	⿰⿱上示戈
𢧎	⿰⿱丅耳戈
𢧏	⿰忝戈
𢧐	⿰单戈
𢧑	⿹𢦏⿱口土
𢧒	⿵戊含
𢧓	⿱戊成
𢧔	⿹戈春
𢧕	⿰盾戈
𢧖	⿰丁戛
𢧗	⿰占戔
𢧘	⿰咼戈
𢧙	⿰勇戈
𢧚	⿰年成
𢧛	⿰⿳⺊日女戈
𢧜	⿹𢦏呈
𢧝	⿰⿸⿸⿰丿⿱⺊⺂七㠯戈
𢧞	⿰冫⿵戊舟
𢧟	⿹戈？
𢧠	⿹⿻⿺𠃊日？⺝
𢧡	⿰⿱上示戊
𢧢	⿰𠦝⿱𠆢戈
𢧣	⿰⿱⿳士冖一木戈
𢧤	⿹⿽戈大呈
𢧥	⿰兼戈
𢧦	⿵戊要
𢧧	⿰束戒
𢧨	⿹𢦏春
𢧩	⿱戈鬼
𢧪	⿰唐戈
𢧫	⿰㫫戈
𢧬	⿹𢦒㞱
𢧭	⿹𢦏旾
𢧮	⿱䀠戈
𢧯	⿵戊⿳⿻卄丨一心
𢧰	⿰⿺𠃊軍戈
𢧱	⿰桑戈
𢧲	⿰我些
𢧳	⿰庸戈
𢧴	⿰敖戈
𢧵	⿰雀戈
𢧶	⿰虖戈
𢧷	⿰國戈
𢧸	⿹𢦒旾
𢧹	⿹⿻步？木
𢧺	⿰𥞤戈
𢧻	⿰丁⿳𦣻冖戈
𢧼	⿻𣦅？
𢧽	⿰鹵戈
𢧾	⿰⿱山炅戈
𢧿	⿵戊⿱臣内
𢨀	⿹？圼
𢨁	⿹戈⿱厶韭
𢨂	⿹⿻弋𢆶正
𢨃	⿰莫戈
𢨄	⿰眷戈
𢨅	⿹？呈
𢨆	⿹𢦏⿺𠃊非
𢨇	⿹戈異
𢨈	⿰㫺戈
𢨉	⿰曾戈
𢨊	⿰享或
𢨋	⿱或⿿或
𢨌	⿰矞戈
𢨍	⿲⿱合冈十戈
𢨎	⿹𢦏⿱艸屯
𢨏	⿰⿱世⿻𦉫𠄠𢦍
𢨐	⿰⿱吅䏍戈
𢨑	⿱臧二
𢨒	⿰童戈
𢨓	⿰煞戈
𢨔	⿰僉戈
𢨕	⿰詹戈
𢨖	⿰⿱⿻一⿱⿻口⿰丨丨一伐戈
𢨗	⿰𩡱戈
𢨘	⿰雐戈
𢨙	⿰⿱晋火戈
𢨚	⿹𢦒異
𢨛	⿰⿸𠂆䖒戈
𢨜	⿹戈⿱工䖵
𢨝	⿰蔡戈
𢨞	⿹？異
𢨟	⿰⿱⺊⿴囗各咸
𢨠	⿰篙戈
𢨡	⿰⿱禾䖵戈
𢨢	⿹𢦒⿱艸旾
𢨣	⿹𢦏⿱䖵口
𢨤	⿸戶乚
𢨥	⿱一户
𢨦	⿸户十
𢨧	⿸户二
𢨨	⿸户人
𢨩	⿸户匕
𢨪	⿸户巳
𢨫	⿸户土
𢨬	⿸戶廾
𢨭	⿸戶女
𢨮	⿸户千
𢨯	⿰户户
𢨰	⿸户父
𢨱	⿸户公
𢨲	⿰户方
𢨳	⿱户户
𢨴	⿸户巴
𢨵	⿰户午
𢨶	⿸户立
𢨷	⿸户且
𢨸	⿸户主
𢨹	⿸户㐌
𢨺	⿸户卯
𢨻	⿸戶矢
𢨼	⿸戶业
𢨽	⿸戶乎
𢨾	⿸户⿱㇒犬
𢨿	⿸户丙
𢩀	⿸户⿵丹丶
𢩁	⿸户句
𢩂	⿸户⿹⺄火
𢩃	⿸户幼
𢩄	⿸户汁
𢩅	⿸户合
𢩆	⿸户艮
𢩇	⿸户耳
𢩈	⿸户至
𢩉	⿸户共
𢩊	⿸户光
𢩋	⿸戶吉
𢩌	⿸户肉
𢩍	⿰⿸户厶古
𢩎	⿸戶汨
𢩏	⿸户𦈢
𢩐	⿸户⿱今山
𢩑	⿸户夌
𢩒	⿸户肥
𢩓	⿸户幸
𢩔	⿸户亞
𢩕	⿳户户户
𢩖	⿸户臿
𢩗	⿰𡰥𢨳
𢩘	⿸户盍
𢩙	⿰启启
𢩚	⿰扁司
𢩛	⿸户貢
𢩜	⿸户族
𢩝	⿰启𢨳
𢩞	⿱⿰户辛爪
𢩟	⿰夾扁
𢩠	⿸户睘
𢩡	⿰𢨪⿱六㒵
𢩢	⿸户毚
𢩣	⿰房蓬
𢩤	⿰雇曼
𢩥	⿸龵乙
𢩦	⿹⺄手
𢩧	⿰扌乙
𢩨	⿰扌丂
𢩩	⿰扌乂
𢩪	⿰扌了
𢩫	⿰扌几
𢩬	⿰手刂
𢩭	⿰扌寸
𢩮	⿰扌弋
𢩯	⿰扌孒
𢩰	⿰扌⿵𠘨丨
𢩱	⿰扌才
𢩲	⿰扌⿱⺄十
𢩳	⿰扌山
𢩴	⿰扌孓
𢩵	⿰扌己
𢩶	⿰扌⿹勹丿
𢩷	⿰手乇
𢩸	⿱夂手
𢩹	⿰扌下
𢩺	⿰扌？
𢩻	⿰扌么
𢩼	⿰扌幺
𢩽	⿰扌已
𢩾	⿰扌⿵九丶
𢩿	⿰扌士
𢪀	⿰扌𪟽
𢪁	⿰扌⿱一几
𢪂	⿰扌大
𢪃	⿰扌切
𢪄	⿰扌卆
𢪅	⿰扌⿱𠆢刀
𢪆	⿰扌兮
𢪇	⿰爿手
𢪈	⿰扌冄
𢪉	⿰扌引
𢪊	⿰扌攴
𢪋	⿰扌丰
𢪌	⿰扌公
𢪍	⿰扌尐
𢪎	⿰扌化
𢪏	⿰扌日
𢪐	⿻⿱㇒𰀁从
𢪑	⿰扌旡
𢪒	⿰手手
𢪓	⿱与手
𢪔	⿰扌互
𢪕	⿰扌弖
𢪖	⿰手文
𢪗	⿰扌仆
𢪘	⿱分手
𢪙	⿰⿱㇒⿻二丿⿱一𰀁
𢪚	⿰扌⿱冖儿
𢪛	⿰扌攵
𢪜	⿰扌⿸厂𢎘
𢪝	⿰扌井
𢪞	⿰扌⿱工乙
𢪟	⿰扌𠤏
𢪠	⿰扌中
𢪡	⿰扌⿻⺆十
𢪢	⿰扌⿺儿𡿨
𢪣	⿰扌⿹勹㐅
𢪤	⿰扌匁
𢪥	⿰手勿
𢪦	⿰扌𠨬
𢪧	⿰扌牛
𢪨	⿰扌冗
𢪩	⿰扌𠬛
𢪪	⿰扌丐
𢪫	⿰扌爿
𢪬	⿰扌孔
𢪭	⿰扌壬
𢪮	⿰扌木
𢪯	⿰扌太
𢪰	⿰扌歹
𢪱	⿰扌勿
𢪲	⿰扌𫧇
𢪳	⿰手及
𢪴	⿰扌𢌮
𢪵	⿰扌疋
𢪶	⿰扌号
𢪷	⿰扌目
𢪹	⿰扌𣎵
𢪺	⿰扌⿱㇒犬
𢪻	⿱氶手
𢪼	⿰扌𠬦
𢪽	⿲仌丨手
𢪾	⿰扌罒
𢪿	⿱古手
𢫀	⿱去手
𢫁	⿰扌氹
𢫂	⿰扌⿸⿹屮㇇㇏
𢫃	⿰扌叫
𢫄	⿰扌札
𢫅	⿰扌⿺乇七
𢫆	⿰扌本
𢫇	⿰扌⿱才又
𢫈	⿰扌古
𢫉	⿰扌夯
𢫊	⿰扌对
𢫋	⿰扌凸
𢫌	⿰扌他
𢫍	⿰扌匆
𢫎	⿰扌𮎛
𢫏	⿰扌冚
𢫐	⿰扌𰍩
𢫑	⿰扌外
𢫒	⿰扌氶
𢫓	⿰扌奴
𢫔	⿰扌玄
𢫕	⿰扌永
𢫖	⿰扌朮
𢫗	⿰手白
𢫘	⿰扌卢
𢫙	⿰扌代
𢫚	⿰扌巧
𢫛	⿰扌玉
𢫜	⿰扌𠆳
𢫝	⿰扌冬
𢫞	⿰扌圣
𢫟	⿰扌仕
𢫠	⿰扌弘
𢫡	⿰扌孕
𢫢	⿰扌⿱㇒水
𢫣	⿰扌北
𢫤	⿰扌匈
𢫥	⿰扌囟
𢫦	⿰扌百
𢫧	⿰扌州
𢫨	⿰扌戎
𢫩	⿰扌休
𢫪	⿱𪱙手
𢫫	⿰扌聿
𢫬	⿰扌杀
𢫭	⿰扌肉
𢫮	⿰扌亙
𢫯	⿰扌伏
𢫰	⿱舛手
𢫱	⿰扌行
𢫲	⿰扌㕂
𢫳	⿰扌𠨺
𢫴	⿱次手
𢫵	⿰扌早
𢫶	⿱𢪒丅
𢫷	⿰扌𠂬
𢫸	⿰扌吴
𢫹	⿰扌⿱从又
𢫺	⿰扌⿱又爪
𢫻	⿰扌丢
𢫼	⿰扌虫
𢫽	⿰扌⿸𠂆尹
𢫾	⿰扌𣅀
𢫿	⿰扌𠫤
𢬀	⿰扌扛
𢬁	⿰扌兊
𢬂	⿰扌庄
𢬃	⿰扌印
𢬄	⿰扌冰
𢬅	⿰扌尖
𢬆	⿰扌⿱⺈丑
𢬇	⿰扌守
𢬈	⿰扌关
𢬉	⿰扌𢨩
𢬊	⿰扌米
𢬋	⿰扌⿱丸土
𢬌	⿰扌⿱一犮
𢬍	⿰扌厌
𢬎	⿰扌亘
𢬏	⿰扌叒
𢬐	⿰扌旭
𢬑	⿰扌曲
𢬒	⿰扌㫐
𢬓	⿰扌舛
𢬔	⿰扌血
𢬕	⿰扌⿱从二
𢬖	⿰扌企
𢬗	⿰扌耒
𢬘	⿰扌色
𢬙	⿱羽手
𢬚	⿰⿱㇒⿻二丿吊
𢬛	⿲手人手
𢬜	⿰扌⿱𠂉⿻𱍸㇒
𢬝	⿰扌⿱入圡
𢬞	⿰扌𢑑
𢬟	⿰扌⿱龴丑
𢬠	⿰扌⿱丶氶
𢬡	⿰扌糸
𢬢	⿰扌吊
𢬣	⿰⿱㇒⿻二丿西
𢬤	⿰扌匡
𢬥	⿰扌江
𢬦	⿰扌礼
𢬧	⿰扌年
𢬨	⿰扌汝
𢬩	⿰扌伐
𢬪	⿰扌⿱丶平
𢬫	⿰承丁
𢬬	⿱承㔾
𢬭	⿰扌対
𢬮	⿰扌戌
𢬯	⿰扌巵
𢬰	⿰扌⿱少女
𢬱	⿰扌劫
𢬲	⿰扌何
𢬳	⿰扌秃
𢬴	⿰扌𦔮
𢬵	⿰扌弃
𢬶	⿰扌𠬶
𢬷	⿰扌⿱内口
𢬸	⿰扌𠯑
𢬹	⿰扌𡉵
𢬺	⿰扌狇
𢬻	⿰扌𡆴
𢬼	⿰扌囤
𢬽	⿰扌𤰞
𢬾	⿰扌希
𢬿	⿰扌戒
𢭀	⿰扌𭻾
𢭁	⿰扌系
𢭂	⿰扌牢
𢭃	⿰扌豆
𢭄	⿰扌忌
𢭅	⿰扌㶣
𢭇	⿰扌囱
𢭈	⿰扌⿳𫜹一山
𢭉	⿰扌𦈢
𢭊	⿰扌⿱爫工
𢭋	⿱刧手
𢭌	⿰扌⿱夂止
𢭍	⿰扌⿱山帀
𢭎	⿰扌夅
𢭑	⿰托尺
𢭒	⿰扌⿱义木
𢭓	⿰扌⿱巛⺝
𢭔	⿰扌𥤥
𢭕	⿰扌究
𢭖	⿰扌⿸戶乞
𢭗	⿰扌良
𢭘	⿰扌𠩈
𢭙	⿰扌却
𢭚	⿰扌𥁀
𢭛	⿰扌⿱大丹
𢭜	⿰扌⿱士冗
𢭝	⿰扌忍
𢭞	⿰扌岑
𢭟	⿰扌助
𢭠	⿰扌𠤕
𢭡	⿰扌⿳㇒一甲
𢭢	⿰扌作
𢭣	⿰扌⿻⿱㇒丨⿴囗丷
𢭤	⿱𢀜手
𢭥	⿰手⿵𠘨⿱㇒⿻三亅
𢭦	⿰扌孝
𢭧	⿰扌㒴
𢭨	⿰扌𤬦
𢭩	⿰扌床
𢭪	⿰扌克
𢭫	⿰扌阮
𢭬	⿰扌伴
𢭭	⿰扌灶
𢭮	⿰扌改
𢭯	⿰扌決
𢭰	⿰扌杜
𢭱	⿰扌但
𢭲	⿰扌貝
𢭳	⿰扌酉
𢭴	⿰扌快
𢭵	⿰扌努
𢭶	⿰手尾
𢭷	⿰扌坟
𢭸	⿰扌序
𢭹	⿰扌吝
𢭺	⿰扌豸
𢭻	⿰扌吹
𢭼	⿰扌妙
𢭽	⿰扌沈
𢭾	⿰扌芃
𢭿	⿰扌沛
𢮀	⿰扌初
𢮁	⿰扌於
𢮂	⿰扌弦
𢮃	⿱𥝢手
𢮄	⿰扌㦿
𢮅	⿰扌𢌿
𢮆	⿰扌⿱田⿰㇒十
𢮇	⿰扌⿱士母
𢮈	⿰扌忿
𢮉	⿰扌𠩓
𢮊	⿰扌軋
𢮋	⿰扌承
𢮌	⿰扌劼
𢮍	⿰扌穹
𢮎	⿰扌虎
𢮏	⿰手咅
𢮐	⿰扌尚
𢮑	⿰扌录
𢮒	⿰扌阜
𢮓	⿰扌制
𢮔	⿰扌㫄
𢮕	⿰扌𣏋
𢮖	⿰扌囷
𢮗	⿱肞手
𢮘	⿱宛手
𢮙	⿰扌劵
𢮚	⿰扌昊
𢮛	⿰扌？
𢮜	⿱其手
𢮝	⿱取手
𢮞	⿰扌⿱叉爪
𢮟	⿳⿱𫝀巛冖手
𢮠	⿱⿰与与手
𢮡	⿰扌𦍐
𢮢	⿰扌⿱丑丑
𢮣	⿱爫𥩝
𢮤	⿰扌𱬷
𢮥	⿰扌𠫭
𢮧	⿰扌畀
𢮨	⿰扌叀
𢮩	⿰扌孤
𢮪	⿰扌⿱丷共
𢮫	⿰扌弩
𢮬	⿰扌𡭧
𢮭	⿰扌具
𢮮	⿲扌𭺫𫜹
𢮯	⿰扌⿱亠衣
𢮰	⿰扌刻
𢮱	⿰扌宗
𢮲	⿰扌⿱𦍌几
𢮳	⿰扌雨
𢮴	⿰扌⿱⿻丅⿻冖⿰丨丨九
𢮵	⿰扌昌
𢮶	⿰扌㞺
𢮷	⿰扌芳
𢮸	⿰扌奌
𢮹	⿰扌岸
𢮺	⿰扌⿱口𠕶
𢮻	⿰扌芩
𢮼	⿰扌邱
𢮽	⿲扌𠔾攴
𢮾	⿰扌⿱𠂉⿸𠃜匕
𢮿	⿰扌乖
𢯀	⿰扌⿻乇北
𢯁	⿰扌𤆬
𢯂	⿰扌兔
𢯃	⿰扌⿰丢卩
𢯄	⿱⿰戶攵手
𢯅	⿰扌坴
𢯆	⿰扌戔
𢯇	⿰扌𦙃
𢯈	⿰扌⿱山母
𢯉	⿰扌𤓻
𢯊	⿰扌的
𢯋	⿰扌斧
𢯌	⿰扌𢪘
𢯍	⿰扌刷
𢯎	⿰扌肴
𢯏	⿰扌彼
𢯐	⿰扌姑
𢯑	⿰扌怪
𢯒	⿰扌芣
𢯓	⿰扌芭
𢯔	⿰扌刮
𢯕	⿰扌宜
𢯖	⿰扌怯
𢯗	⿰扌季
𢯘	⿰扌花
𢯙	⿰扌知
𢯚	⿰扌乳
𢯛	⿰扌泣
𢯜	⿰扌𫃚
𢯝	⿰扌泮
𢯞	⿰扌武
𢯟	⿰扌坦
𢯠	⿰扌波
𢯡	⿰扌育
𢯢	⿰扌所
𢯣	⿱手沝
𢯤	⿰扌昂
𢯥	⿰扌芫
𢯦	⿰扌來
𢯧	⿰扌𢼂
𢯨	⿰扌芾
𢯩	⿰扌則
𢯪	⿰扌㡿
𢯫	⿰扌段
𢯬	⿰扌㪅
𢯭	⿰扌帣
𢯮	⿰扌胃
𢯯	⿰扌𧆞
𢯰	⿰扌律
𢯱	⿰扌叜
𢯲	⿱𥄗手
𢯳	⿰扌𤓿
𢯴	⿰扌㝔
𢯵	⿰扌䀗
𢯶	⿰扌室
𢯷	⿰扌韋
𢯸	⿰扌癹
𢯹	⿰扌革
𢯺	⿰扌禹
𢯻	⿰扌兗
𢯼	⿰扌衍
𢯽	⿰扌苴
𢯾	⿰扌冒
𢯿	⿰扌苞
𢰀	⿰扌苶
𢰁	⿰扌𨊢
𢰂	⿰扌⿱斤示
𢰃	⿰扌穾
𢰄	⿰扌𠣞
𢰅	⿰扌㢲
𢰆	⿰扌苻
𢰇	⿰扌俟
𢰈	⿰扌𠰞
𢰉	⿰扌䆓
𢰊	⿰扌⿱吅寸
𢰋	⿰扌⿴囗而
𢰌	⿰扌⿱罒心
𢰍	⿰扌⿳亠口火
𢰎	⿰扌⿱⿻卄丨⿱一井
𢰏	⿰扌𡥞
𢰐	⿰扌⿳日八寸
𢰑	⿰扌⿰亻⿱𠘧疋
𢰒	⿰扌𦚉
𢰓	⿰扌郍
𢰔	⿰扌𠚏
𢰕	⿰扌㢴
𢰖	⿰扌⿱⿵𠆢一臼
𢰗	⿰扌郅
𢰘	⿰扌⿳㇒囚廾
𢰙	⿰挃寸
𢰚	⿰扌⿱𰀄而
𢰛	⿰扌⿳㇒出尢
𢰜	⿰扌⿳亠𡭔𧘇
𢰞	⿱敃手
𢰟	⿰扌𢍆
𢰠	⿰扌幽
𢰡	⿰扌侯
𢰢	⿰扌首
𢰣	⿱炢手
𢰥	⿰扌苔
𢰦	⿰扌春
𢰧	⿰扌斿
𢰨	⿱恆手
𢰩	⿰扌兹
𢰪	⿰扌⿱龹口
𢰫	⿰扌⿱工兆
𢰬	⿰扌𮥴
𢰭	⿰扌勇
𢰮	⿰扌胡
𢰯	⿰扌栆
𢰰	⿰扌⿱癶⿻三丨
𢰱	⿰扌⿱癶手
𢰲	⿰扌眉
𢰳	⿰扌要
𢰴	⿰扌故
𢰵	⿰扌䖉
𢰶	⿰扌英
𢰷	⿰扌点
𢰸	⿰扌咼
𢰹	⿰扌約
𢰺	⿰扌⿳⺈且八
𢰻	⿰扌𦥚
𢰼	⿰扌⿳⺈大犬
𢰽	⿰扌急
𢰾	⿰扌怠
𢰿	⿲⿱㇒⿻二丿目手
𢱀	⿱秌手
𢱁	⿰扌苜
𢱂	⿰扌⿱𡗜⿱㇒𰀁
𢱃	⿰扌科
𢱄	⿰扌⿳爫𭅲又
𢱅	⿰扌⿻庚𠃊
𢱆	⿰扌咨
𢱇	⿰扌𥤹
𢱈	⿰扌叚
𢱉	⿰扌歪
𢱊	⿰扌亰
𢱋	⿰扌度
𢱌	⿰扌架
𢱍	⿰扌勉
𢱎	⿰扌拜
𢱏	⿰扌訂
𢱐	⿰扌姚
𢱑	⿰扌𮃹
𢱒	⿰扌美
𢱓	⿰扌洗
𢱔	⿰扌盆
𢱕	⿰扌耷
𢱖	⿰扌某
𢱗	⿰扌苦
𢱘	⿰扌彦
𢱙	⿰扌孩
𢱚	⿰扌風
𢱛	⿰扌洒
𢱜	⿰扌待
𢱝	⿰扌茁
𢱞	⿰手茁
𢱟	⿰扌蚩
𢱠	⿰扌⿻木吕
𢱡	⿰扌𧴪
𢱢	⿰扌索
𢱣	⿰扌脊
𢱤	⿰扌送
𢱥	⿰扌⿱帚又
𢱦	⿰扌剔
𢱧	⿰扌𣬉
𢱨	⿰扌紊
𢱩	⿰扌畟
𢱪	⿰扌𠳮
𢱫	⿰扌罡
𢱬	⿰幸⿹勹手
𢱭	⿰扌𠦪
𢱮	⿰扌𥁑
𢱯	⿱⿰臣⿱𠂉⺀手
𢱰	⿰扌𢍍
𢱱	⿰扌𡨈
𢱲	⿰扌⿱𦥑廾
𢱳	⿰扌𠣦
𢱴	⿰扌⿳十龷木
𢱵	⿱⿲歹⿱上一又手
𢱶	⿰扌𬔰
𢱷	⿰扌埐
𢱸	⿰扌退
𢱹	⿰扌𧲣
𢱺	⿰扌⿱皮皮
𢱻	⿰扌⿱甶友
𢱼	⿰扌⿱覀升
𢱽	⿰扌㤪
𢱾	⿰扌䙳
𢱿	⿰扌⿱甫乆
𢲀	⿰扌𭜨
𢲁	⿰扌𥥟
𢲂	⿰扌朕
𢲃	⿰扌哲
𢲄	⿰扌𢃄
𢲅	⿰扌𡘤
𢲆	⿰扌敇
𢲇	⿰扌⿱癶禾
𢲈	⿰扌屐
𢲉	⿰扌𥙊
𢲊	⿰扌荔
𢲋	⿰扌晏
𢲌	⿰扌射
𢲍	⿰扌⿱⿱⺈⿵冂八月
𢲎	⿰扌𦨚
𢲏	⿰扌㸔
𢲐	⿰扌師
𢲑	⿰扌笑
𢲒	⿰手扇
𢲓	⿱𡘩手
𢲔	⿰扌班
𢲕	⿰扌𤼩
𢲖	⿰扌𡋲
𢲗	⿰扌𦊎
𢲘	⿰扌𥥍
𢲙	⿰扌扆
𢲚	⿰扌⿰司台
𢲛	⿰扌徒
𢲜	⿰扌隼
𢲝	⿱純手
𢲞	⿰扌挈
𢲟	⿰扌宰
𢲠	⿰扌耽
𢲡	⿰扌拿
𢲢	⿰扌除
𢲣	⿰扌竜
𢲤	⿰手高
𢲥	⿰扌針
𢲦	⿰扌聀
𢲧	⿰扌荄
𢲨	⿰扌海
𢲩	⿰扌級
𢲪	⿰扌埋
𢲫	⿰扌馬
𢲬	⿰扌殊
𢲭	⿰扌配
𢲮	⿰扌耻
𢲯	⿰扌浹
𢲰	⿰扌𦚧
𢲱	⿰手冓
𢲲	⿰扌郎
𢲳	⿰扌赦
𢲴	⿱尉手
𢲵	⿰扌曹
𢲶	⿰扌笡
𢲷	⿰扌窔
𢲸	⿰扌鹵
𢲹	⿰扌笞
𢲺	⿰扌䇣
𢲻	⿰扌㝡
𢲼	⿰扌窒
𢲽	⿰扌𰲝
𢲾	⿰扌閉
𢲿	⿱𥬑手
𢳀	⿰扌麻
𢳁	⿸广𩇮
𢳂	⿰扌畢
𢳃	⿰扌焉
𢳄	⿰扌旋
𢳅	⿸广掣
𢳆	⿰扌敖
𢳇	⿰扌族
𢳈	⿱族手
𢳉	⿱絇手
𢳊	⿰扌埶
𢳋	⿰扌庳
𢳌	⿰扌⿳卝土永
𢳍	⿰扌⿱䙲巳
𢳎	⿰扌⿱𠦄夲
𢳏	⿰扌紬
𢳐	⿰扌剬
𢳑	⿰扌莨
𢳒	⿰扌⿵戊⿱大女
𢳓	⿰扌𰩶
𢳔	⿱宿手
𢳕	⿰扌⿳山⿱八𠆢⺝
𢳖	⿰扌𢛢
𢳗	⿰扌⿳一⿰夕夂木
𢳘	⿰扌這
𢳙	⿰扌窕
𢳚	⿰扌梟
𢳛	⿰扌⿸虍旦
𢳜	⿰扌徙
𢳝	⿰扌勒
𢳞	⿰扌聃
𢳟	⿰扌通
𢳠	⿰扌莽
𢳡	⿰扌㝠
𢳢	⿰扌⿱⿲丨丨匕見
𢳣	⿰扌商
𢳤	⿰扌𥥴
𢳥	⿰扌造
𢳦	⿰扌⿱⿱宀儿𠂢
𢳧	⿰扌康
𢳨	⿰扌𧉾
𢳩	⿰扌⿱耂亜
𢳪	⿰扌速
𢳫	⿰扌張
𢳬	⿰扌雪
𢳭	⿰扌⿱𠦄石
𢳮	⿲扌束斤
𢳯	⿰扌敕
𢳰	⿰扌𤼭
𢳱	⿰扌蛋
𢳲	⿰扌⿸尸波
𢳳	⿰扌崙
𢳴	⿰扌𢧁
𢳵	⿰扌⿸虍𤴓
𢳶	⿰扌魚
𢳷	⿰扌⿱⿱⺈⿵冂人皿
𢳸	⿰扌⿱爫𦈢
𢳹	⿰扌⿸戶甫
𢳺	⿰扌敏
𢳻	⿰扌⿳爫冖⿻友丶
𢳼	⿰扌⿱必交
𢳽	⿰扌⿱利双
𢳾	⿰扌動
𢳿	⿰扌𢈻
𢴀	⿰扌㝛
𢴁	⿰扌𦰩
𢴂	⿰扌匾
𢴃	⿰扌𠁅
𢴄	⿰扌⿱罒羽
𢴅	⿰扌毫
𢴆	⿰扌清
𢴇	⿰扌執
𢴈	⿰扌笪
𢴉	⿰扌荼
𢴊	⿰扌逐
𢴋	⿰扌終
𢴌	⿰扌問
𢴍	⿰扌寅
𢴎	⿰扌脱
𢴏	⿰扌淫
𢴐	⿰扌移
𢴑	⿰扌悉
𢴒	⿰扌烹
𢴓	⿰扌覔
𢴔	⿰扌販
𢴕	⿰扌寕
𢴖	⿰扌啓
𢴗	⿰扌淡
𢴘	⿰扌猜
𢴙	⿰扌唻
𢴚	⿰扌匿
𢴛	⿱折技
𢴜	⿰扌𱏧
𢴝	⿰手𦰟
𢴞	⿰手⿱罒⿲人⿱㇒丨人
𢴟	⿰扌陳
𢴠	⿰扌戠
𢴡	⿰扌掔
𢴢	⿰扌賁
𢴣	⿰扌曾
𢴤	⿰扌棠
𢴥	⿰扌惠
𢴦	⿰扌項
𢴧	⿰扌貳
𢴨	⿰扌啻
𢴩	⿰扌筆
𢴪	⿰扌款
𢴫	⿰扌⿳巛𠔿𠂡
𢴬	⿰扌斑
𢴭	⿱絶手
𢴮	⿰扌虚
𢴯	⿰扌⿳艹⿱土䒑口
𢴰	⿰扌幾
𢴱	⿰扌絫
𢴲	⿰扌絜
𢴳	⿱湯手
𢴴	⿰扌⿱⿰歺刂衣
𢴵	⿰扌焱
𢴶	⿰扌⿳亠？𧘇
𢴷	⿱𡙕手
𢴸	⿱𡎐手
𢴹	⿰扌𡍮
𢴺	⿱厥手
𢴻	⿰扌㪔
𢴼	⿰扌⿱臽夊
𢴽	⿰手堯
𢴾	⿰扌悲
𢴿	⿰扌朝
𢵀	⿰扌筍
𢵁	⿰抈匊
𢵂	⿰扌⿱𠆢⿺廴⿳⺊𫜹⺊
𢵃	⿰扌⿱昍心
𢵄	⿰扌㫺
𢵅	⿰扌䂓
𢵆	⿰扌雲
𢵇	⿰扌⿳卝土永
𢵈	⿰扌善
𢵉	⿰扌貶
𢵊	⿰扌䄈
𢵋	⿰扌都
𢵌	⿰扌隊
𢵍	⿰扌𭪴
𢵎	⿰扌⿳艹于永
𢵏	⿰扌⿱止𦨉
𢵐	⿰掮犬
𢵑	⿰扌联
𢵒	⿰扌超
𢵓	⿰扌彭
𢵔	⿰扌孱
𢵕	⿰扌⿰𠦝牛
𢵖	⿰扌⿳艹口包
𢵗	⿰扌菊
𢵘	⿰扌萄
𢵙	⿰扌⿱艹𣏰
𢵚	⿰扌貼
𢵛	⿰扌菜
𢵜	⿰扌犇
𢵝	⿰扌猫
𢵞	⿰扌扉
𢵟	⿰扌⿱央貝
𢵠	⿱解手
𢵡	⿱欽手
𢵢	⿰扌閔
𢵣	⿰扌惡
𢵤	⿱猒手
𢵥	⿱稍手
𢵦	⿰扌短
𢵧	⿰扌間
𢵨	⿱報手
𢵩	⿰手隊
𢵪	⿰扌斐
𢵫	⿰扌奠
𢵬	⿰手巽
𢵭	⿰扌萊
𢵮	⿰扌矞
𢵯	⿰扌買
𢵰	⿰扌給
𢵱	⿰扌開
𢵲	⿰扌喭
𢵳	⿰扌森
𢵴	⿰扌㱕
𢵵	⿰扌菓
𢵶	⿰扌鈍
𢵷	⿰扌割
𢵸	⿰扌集
𢵹	⿰扌痗
𢵺	⿰扌湛
𢵻	⿰扌渚
𢵼	⿰扌越
𢵽	⿰扌疎
𢵾	⿰扌⿱爫咅
𢵿	⿱𭤁手
𢶀	⿰扌罪
𢶁	⿰扌⿳覀日⿻十㇒
𢶂	⿰扌運
𢶃	⿰扌煩
𢶄	⿰扶頁
𢶅	⿰扌筮
𢶆	⿰扌歇
𢶇	⿰扌煢
𢶈	⿰扌𠷎
𢶉	⿰扌雹
𢶊	⿰扌⿱𡨄巳
𢶋	⿰扌𢧜
𢶌	⿰扌𬕍
𢶍	⿰扌䪞
𢶎	⿰扌鈲
𢶏	⿰扌剽
𢶐	⿰扌䖒
𢶑	⿰扌裊
𢶒	⿰扌會
𢶓	⿰扌辠
𢶔	⿰扌㬅
𢶕	⿰扌煎
𢶖	⿰扌歈
𢶗	⿱𢾕手
𢶘	⿰扌⿱一進
𢶙	⿰扌毁
𢶚	⿰扌馵
𢶛	⿰扌⿱孫廾
𢶜	⿱雍手
𢶝	⿰扌⿱⿱𦘒一足
𢶞	⿰扌煞
𢶟	⿰手嵬
𢶠	⿰扌筲
𢶡	⿱敫手
𢶢	⿰扌⿱血⿻𧰨丶
𢶣	⿰扌叠
𢶤	⿰扌靴
𢶥	⿰扌準
𢶦	⿰扌⿱夂貢
𢶧	⿰扌亷
𢶨	⿰扌𤋎
𢶩	⿲扌春戈
𢶪	⿰扌載
𢶫	⿰扌聖
𢶬	⿰扌⿳艹？⿻三丨
𢶭	⿰扌⿳艹日包
𢶮	⿰扌⿱山馬
𢶯	⿰扌萬
𢶰	⿰扌葱
𢶱	⿰扌⿱敀木
𢶲	⿰扌愁
𢶳	⿰扌⿱云枼
𢶴	⿰扌慈
𢶵	⿰扌𡲬
𢶶	⿰扌意
𢶷	⿰扌解
𢶸	⿰扌稟
𢶹	⿰扌暗
𢶺	⿰扌窞
𢶻	⿰扌葻
𢶼	⿰扌嵬
𢶽	⿰扌䧟
𢶾	⿰扌雉
𢶿	⿰扌遁
𢷀	⿰扌愈
𢷁	⿰扌腩
𢷂	⿰扌粲
𢷃	⿰扌閙
𢷄	⿰扌滅
𢷅	⿰扌路
𢷆	⿰⿱㇒⿻二丿亶
𢷇	⿰扌⿱⿻土𠈌八
𢷈	⿰扌窟
𢷉	⿰扌⿱立㲎
𢷊	⿰扌遂
𢷋	⿰扌𡬽
𢷌	⿰扌槖
𢷍	⿰扌㥯
𢷎	⿰扌𦱧
𢷏	⿰扌僕
𢷐	⿰扌𤴡
𢷑	⿰扌㬎
𢷒	⿰扌竭
𢷓	⿰扌赫
𢷔	⿰扌旖
𢷕	⿰扌貌
𢷖	⿰扌㡭
𢷗	⿰扌聚
𢷘	⿰扌搴
𢷙	⿰扌箜
𢷚	⿰撜刂
𢷛	⿰扌𩂫
𢷜	⿰扌𬃷
𢷝	⿰扌⿱𰢱心
𢷞	⿰扌蓋
𢷟	⿰扌疐
𢷠	⿰扌熏
𢷢	⿰扌鄣
𢷣	⿰扌與
𢷤	⿰扌賔
𢷥	⿰扌⿱米⿻廿夫
𢷦	⿰扌䡛
𢷧	⿰扌頗
𢷨	⿰扌搻
𢷩	⿰扌筵
𢷪	⿰扌魁
𢷫	⿰扌遙
𢷬	⿰扌夀
𢷭	⿰扌⿱馬𧘇
𢷮	⿰扌對
𢷯	⿰扌⿱區大
𢷰	⿰扌輕
𢷱	⿰扌廔
𢷲	⿰扌𦥷
𢷳	⿰扌夐
𢷴	⿰扌匱
𢷵	⿰扌舞
𢷶	⿰扌劉
𢷷	⿰扌箸
𢷸	⿰扌徵
𢷹	⿰扌廛
𢷺	⿰扌賣
𢷻	⿰扌緣
𢷼	⿰扌𢀩
𢷽	⿰扌槩
𢷾	⿰扌慼
𢷿	⿰扌𢧵
𢸀	⿰扌隷
𢸁	⿱興手
𢸂	⿰扌𤌑
𢸃	⿰扌瞏
𢸄	⿰扌翦
𢸅	⿰扌樊
𢸆	⿰扌摹
𢸇	⿱罷手
𢸈	⿰摘欠
𢸉	⿰扌⿸虍⿱昍一
𢸊	⿰扌⿸厂𮖄
𢸋	⿰扌趟
𢸌	⿰扌⿱⿰⿱㇒⿻二丿阝帛
𢸍	⿰扌震
𢸎	⿰扌寬
𢸏	⿰扌⿱龹軍
𢸐	⿰扌⿸戶鳥
𢸑	⿰扌敵
𢸒	⿰扌賢
𢸓	⿰扌暮
𢸔	⿰扌盤
𢸕	⿰扌⿳𥫗？⿻三丨
𢸖	⿰扌⿱瓜㼌
𢸗	⿰扌虢
𢸘	⿰扌寮
𢸙	⿰扌審
𢸚	⿰扌蓬
𢸛	⿰扌調
𢸜	⿰扌鄰
𢸝	⿰扌潜
𢸞	⿰扌鄧
𢸟	⿰扌儉
𢸠	⿰扌課
𢸡	⿰扌齒
𢸢	⿰扌篆
𢸣	⿰扌褭
𢸤	⿰扌羲
𢸥	⿰扌篡
𢸦	⿰扌遺
𢸧	⿱燅手
𢸨	⿰扌橐
𢸩	⿰扌臻
𢸪	⿰扌𧎮
𢸫	⿰扌穌
𢸬	⿰扌褱
𢸭	⿱龍手
𢸮	⿰扌橆
𢸯	⿰扌⿳⿴𦥑囟一八
𢸰	⿰扌㬜
𢸱	⿰扌燅
𢸲	⿰扌⿱雨昍
𢸳	⿰扌蕭
𢸴	⿰扌閻
𢸵	⿰扌壁
𢸶	⿰扌⿸最双
𢸷	⿰扌選
𢸸	⿰扌頭
𢸹	⿰扌⿱百⿱宀条
𢸺	⿰扌蕉
𢸻	⿰扌⿱业最
𢸼	⿰扌錦
𢸽	⿰扌⿳𥫗？⿻三丨
𢸾	⿰扌興
𢸿	⿰扌篚
𢹀	⿰扌⿱禾欶
𢹁	⿱錿手
𢹂	⿰扌嶲
𢹃	⿰扌穎
𢹄	⿰扌⿳芔八𫢉
𢹅	⿰扌濁
𢹆	⿰扌諧
𢹇	⿰扌黙
𢹈	⿰扌篭
𢹉	⿰扌頺
𢹊	⿰扌熾
𢹋	⿰扌⿱般血
𢹌	⿰扌遲
𢹍	⿰扌戲
𢹎	⿰扌⿳𦣻⿲止⿰丨丨巳夊
𢹏	⿱輿手
𢹐	⿰扌檗
𢹑	⿰扌䆸
𢹒	⿰扌燮
𢹓	⿰扌齋
𢹔	⿰扌糞
𢹕	⿰扌⿱艹𠍘
𢹖	⿰扌馘
𢹗	⿰扌⿺辶⿰𦍒攵
𢹘	⿰扌擎
𢹙	⿰扌⿱炎面
𢹚	⿰扌䯹
𢹛	⿰扌鮮
𢹜	⿰扌薾
𢹝	⿰扌霝
𢹞	⿰扌𢩠
𢹟	⿲扌⿱上⿴⿰⿱丶㇀⿱㇒丶亅頁
𢹠	⿰扌⿸厤业
𢹡	⿰扌蹈
𢹢	⿰扌⿱𥫗異
𢹣	⿰扌矯
𢹤	⿰扌趨
𢹥	⿰扌壓
𢹦	⿰扌歛
𢹧	⿰扌醜
𢹨	⿰扌縿
𢹩	⿰扌霜
𢹪	⿰扌糝
𢹫	⿰挈密
𢹬	⿰扌雝
𢹭	⿱雝手
𢹮	⿰扌壘
𢹯	⿰扌㬥
𢹰	⿰扌𤐫
𢹱	⿰扌簫
𢹲	⿰扌麏
𢹳	⿰扌𰥇
𢹴	⿰扌𢇕
𢹵	⿰扌薩
𢹶	⿰扌闗
𢹷	⿰扌額
𢹸	⿰扌叢
𢹹	⿰扌藍
𢹺	⿰扌簞
𢹻	⿰扌𩔇
𢹼	⿰扌雜
𢹽	⿰扌簪
𢹾	⿰扌歸
𢹿	⿰扌禮
𢺀	⿰扌謨
𢺁	⿰扌覆
𢺂	⿰扌⿸虍達
𢺃	⿰扌繭
𢺄	⿰扌關
𢺅	⿰扌簽
𢺆	⿰扌䇔
𢺇	⿰扌藥
𢺈	⿰扌䜌
𢺉	⿰扌蠆
𢺊	⿰扌⿱艹𤕨
𢺋	⿱難手
𢺌	⿰扌⿱大𣚨
𢺍	⿰扌𧀨
𢺎	⿰扌臘
𢺏	⿰扌攀
𢺐	⿰扌藝
𢺑	⿰扌羸
𢺒	⿰扌𩸮
𢺓	⿰扌霪
𢺔	⿰扌寳
𢺕	⿰扌夒
𢺖	⿰扌⿱旦𱔞
𢺗	⿰扌㒹
𢺘	⿰扌嚴
𢺙	⿰扌籃
𢺚	⿰扌鐘
𢺛	⿰扌闡
𢺜	⿰扌籊
𢺝	⿰扌蘊
𢺞	⿰扌霸
𢺟	⿰扌羼
𢺠	⿰扌廱
𢺡	⿰扌屬
𢺢	⿰扌纍
𢺣	⿰扌⿱𥫗𤕨
𢺤	⿰扌蘭
𢺥	⿰扌𠮓
𢺦	⿰扌⿱宀⿲⿱䶹䶹⿱𠂊仌⿱屮屮
𢺧	⿰扌⿳亡罒⿲⺼羊⿻⿻㇈丿丶
𢺨	⿰扌蠢
𢺩	⿰扌轟
𢺪	⿰扌⿱辰⿰辰辰
𢺫	⿰扌⿱⿰⿱日⺝永定
𢺬	⿰扌⿱鹵⿱⿶凵⿱龱口丨
𢺭	⿰扌聽
𢺮	⿰扌⿱𥫗覧
𢺯	⿰扌彎
𢺰	⿰扌靈
𢺱	⿰扌⿱䀠⿳冖林灬
𢺲	⿰扌⿱䜌史
𢺳	⿰扌蠻
𢺴	⿰扌鬱
𢺵	⿰匕支
𢺶	⿱支巾
𢺷	⿰巿支
𢺸	⿰支支
𢺹	⿰分支
𢺺	⿰支分
𢺻	⿰夫支
𢺼	⿰斤支
𢺽	⿰爻支
𢺾	⿰氐支
𢺿	⿰世支
𢻀	⿰？支
𢻁	⿳⺈⿵冂八支
𢻂	⿰缶支
𢻃	⿰尗支
𢻄	⿰⿸户儿支
𢻅	⿰曲支
𢻆	⿰合支
𢻇	⿰名支
𢻈	⿺支多
𢻉	⿰亥支
𢻊	⿰吾支
𢻋	⿺支吕
𢻌	⿰邑支
𢻍	⿰⿳又𫜹又支
𢻎	⿰⿱龷⺝支
𢻏	⿰幸支
𢻐	⿺羌支
𢻑	⿰炎支
𢻒	⿰尚支
𢻓	⿰享支
𢻔	⿰果支
𢻕	⿰音支
𢻖	⿺是支
𢻗	⿰臿支
𢻘	⿰⿸广圭支
𢻙	⿰枲支
𢻚	⿰桑支
𢻛	⿱𠧸支
𢻜	⿰害支
𢻝	⿱埶支
𢻞	⿰⿱白𡉊支
𢻟	⿰𡨼支
𢻠	⿰雇支
𢻡	⿰⿱罒呈支
𢻢	⿰尞支
𢻣	⿰⿳日工⿱口十支
𢻤	⿰喬支
𢻥	⿰喿支
𢻦	⿰⿱林⿵冂夕支
𢻧	⿰蜀支
𢻨	⿰䪞支
𢻩	⿰⿱白垂支
𢻪	⿰器支
𢻫	⿰也攴
𢻬	⿰亡攵
𢻭	⿰勺攴
𢻮	⿰卪攵
𢻯	⿱攵子
𢻰	⿰巳攴
𢻱	⿰也攵
𢻲	⿰亾攴
𢻳	⿰夫攴
𢻴	⿰屯攴
𢻵	⿰巿攴
𢻶	⿱今攴
𢻷	⿰巴攴
𢻸	⿰匀攴
𢻹	⿰比攵
𢻺	⿲亻亻攵
𢻻	⿰户攴
𢻼	⿰冘攴
𢻽	⿰𢆰攴
𢻾	⿰𣎳攵
𢻿	⿰攴月
𢼀	⿰冗攴
𢼁	⿺⿱上乙攵
𢼂	⿰爻攵
𢼃	⿰勾攵
𢼄	⿰户攵
𢼅	⿰㕛攵
𢼆	⿰巿攵
𢼇	⿰勻攵
𢼈	⿰冘攵
𢼉	⿰台攵
𢼊	⿰它攵
𢼋	⿰𪩲攵
𢼌	⿰包攴
𢼍	⿰出攴
𢼎	⿰乍攴
𢼏	⿰㐌攵
𢼐	⿰𠕵攴
𢼑	⿰巨攵
𢼒	⿰句攴
𢼓	⿰甲攵
𢼔	⿰可攵
𢼕	⿰氐攵
𢼖	⿰？攴
𢼗	⿰示攴
𢼘	⿰艼攵
𢼙	⿺兄攵
𢼚	⿰戹攵
𢼛	⿰各攴
𢼜	⿰亦攵
𢼝	⿰羊攴
𢼞	⿰𡰯攴
𢼟	⿰𡉚攴
𢼠	⿺⿱八𠃔攵
𢼡	⿰𦓤攵
𢼢	⿰杀攴
𢼣	⿰吉攴
𢼤	⿰舌攴
𢼥	⿲犭犭攵
𢼦	⿰共攴
𢼧	⿰臣攴
𢼨	⿰危攴
𢼩	⿰并攴
𢼪	⿰⿱𰀄子攵
𢼫	⿰⿳㐅㐅㐅攵
𢼬	⿰⿳㐅㐅㐅攴
𢼭	⿰共攵
𢼮	⿰危攵
𢼯	⿰光攴
𢼰	⿰曲攴
𢼱	⿰𠕎攴
𢼲	⿰朱攴
𢼳	⿰匡攵
𢼴	⿰光攵
𢼵	⿰亥攵
𢼶	⿰并攵
𢼷	⿰异攵
𢼸	⿰𡵂攵
𢼹	⿰甫攴
𢼺	⿱折攴
𢼻	⿰妥攴
𢼼	⿰肖攴
𢼽	⿰谷攴
𢼾	⿰⿱⺊𠕁攴
𢼿	⿰⿱𫜹⺝攴
𢽀	⿰𤆍攴
𢽁	⿰⿱卝干攴
𢽂	⿰攴良
𢽃	⿰⿱山王攴
𢽄	⿰廷攴
𢽅	⿰⿱出力攴
𢽆	⿰𠘽攵
𢽇	⿰⿷匚⿻丷大攵
𢽈	⿰秃攵
𢽉	⿰完攵
𢽊	⿰甫攵
𢽋	⿰⿱⺊𠕁攵
𢽌	⿰⿱凶子攵
𢽍	⿰告攵
𢽎	⿰旱攵
𢽏	⿰君攵
𢽐	⿰肖攵
𢽑	⿰⿳丷冖子攵
𢽒	⿰⿱亠由攵
𢽓	⿰⿱士木攵
𢽔	⿰芎攵
𢽕	⿺見攴
𢽖	⿰𠬶攴
𢽗	⿰⿱山止攵
𢽘	⿰⿱出几攵
𢽙	⿺尾攵
𢽚	⿰豖攴
𢽛	⿰𤰞攵
𢽜	⿰尿攴
𢽝	⿰隹攴
𢽞	⿰幸攴
𢽟	⿰來攵
𢽠	⿰𱖔攵
𢽡	⿰岩攵
𢽢	⿰冐攴
𢽣	⿰臽攴
𢽤	⿰⿱𫜹古攵
𢽥	⿰⿱乑丂攴
𢽦	⿰空攴
𢽧	⿰周攴
𢽨	⿰忽攴
𢽩	⿰朋攴
𢽪	⿰帚攴
𢽫	⿰𣏋攴
𢽬	⿰東攵
𢽭	⿰𠧢攴
𢽮	⿰⿳亠夂小攵
𢽯	⿰⿳亠夕⿲丶丶丶攵
𢽰	⿰帚攵
𢽱	⿰奄攵
𢽲	⿰戾攵
𢽳	⿰𣏟攵
𢽴	⿰豖攵
𢽵	⿰⿱冃月攵
𢽶	⿰臽攵
𢽷	⿰尿攵
𢽸	⿰𡶤攵
𢽹	⿰昏攵
𢽺	⿰⿱亠糹攵
𢽻	⿰炎攵
𢽼	⿺巴𢼂
𢽽	⿰奇攵
𢽾	⿰学攴
𢽿	⿰⿱爫古攴
𢾀	⿰者攴
𢾁	⿰韋攴
𢾂	⿰𣐉攴
𢾃	⿰𠧪攴
𢾄	⿰俞攵
𢾅	⿰度攵
𢾆	⿰皆攴
𢾇	⿰畐攴
𢾈	⿰⿱出勿攴
𢾉	⿰亲攵
𢾊	⿰亭攴
𢾋	⿰炭攴
𢾌	⿰𬛸攴
𢾍	⿰⿱出方攴
𢾎	⿰春攴
𢾏	⿰客攴
𢾐	⿰叜攴
𢾑	⿰音攴
𢾒	⿰𡧱攴
𢾓	⿰⿱白仒攴
𢾔	⿰𥄎夬
𢾕	⿰⿱出方攵
𢾖	⿰度攴
𢾗	⿰类攵
𢾘	⿱政之
𢾙	⿰昜攴
𢾚	⿰音攵
𢾛	⿰亭攵
𢾜	⿰春攵
𢾝	⿰韋攵
𢾞	⿰昬攵
𢾟	⿰𣐩攵
𢾠	⿰⿱卝冋攴
𢾡	⿰炭攵
𢾢	⿰𡥞攵
𢾣	⿰𣏋攵
𢾤	⿰甚攵
𢾥	⿰⿸户目攴
𢾦	⿰乗攴
𢾧	⿰烝攴
𢾨	⿱𥝢⿸厂攴
𢾩	⿰盍攴
𢾪	⿰桑攴
𢾫	⿰蚩攴
𢾬	⿰𰞚攴
𢾭	⿰尃攵
𢾮	⿰宫攴
𢾯	⿰⿸辰寸攴
𢾰	⿰⿳山一糸攵
𢾱	⿰𣬉攴
𢾲	⿰弱攴
𢾳	⿰草攵
𢾴	⿰⿱大⿱卝干攴
𢾵	⿰⿳⿱一㐅⿱一㐅𠮛攴
𢾶	⿱⿻十𠈌攵
𢾷	⿰⿳山一各攵
𢾸	⿰⿱耳𧘇攴
𢾹	⿰肁攵
𢾺	⿰匪攵
𢾻	⿰匪攴
𢾼	⿰弱攵
𢾽	⿰乘攴
𢾾	⿰⿱𤰔方攵
𢾿	⿰鬲攴
𢿀	⿰⿱戈同攴
𢿁	⿰𭖦攴
𢿂	⿸𠩺干
𢿃	⿰員攵
𢿄	⿱𢼡正
𢿅	⿲亻丨⿱攴𧾷
𢿆	⿰祟攴
𢿇	⿰鹿攴
𢿈	⿰參攴
𢿉	⿰㣎攴
𢿊	⿰𧆨攴
𢿋	⿱敇正
𢿌	⿱⿱⺈⿵冂八𥄎
𢿍	⿸𠩺攴
𢿎	⿰皐攴
𢿏	⿰票攴
𢿐	⿰⿱幺幸攵
𢿑	⿰禼攴
𢿒	⿰貫攴
𢿓	⿰⿱⿱⺊冖貝攵
𢿔	⿰⿳㇒⿻凵出小攵
𢿕	⿰曼攴
𢿖	⿰票攵
𢿗	⿰崙攵
𢿘	⿰婁攴
𢿙	⿰𡝤攵
𢿚	⿰⿱⿰㕛斤山攴
𢿛	⿰區攵
𢿜	⿰曼攵
𢿝	⿰⿳⺊𠔿⿵冂厶攴
𢿞	⿰尞攴
𢿟	⿰𠷎攴
𢿠	⿰賁攴
𢿡	⿰⿳⿱⺊冖一貝攴
𢿢	⿰𤔔攴
𢿣	⿰堯攴
𢿤	⿰登攴
𢿥	⿰番攴
𢿦	⿰牚攴
𢿧	⿰棠攴
𢿨	⿰⿱林⺝攴
𢿩	⿰⿱⿱卝干句攴
𢿪	⿰啻攴
𢿫	⿱𭣴正
𢿬	⿰⿱泉彡攵
𢿭	⿱𢼄卓
𢿮	⿰⿳爫龴⿵冂𠫘攴
𢿯	⿰⿱艹畀攵
𢿰	⿰⿱⿳士冖一米攵
𢿱	⿰⿱林⺝攵
𢿲	⿰堯攵
𢿳	⿰𤔔攵
𢿴	⿰翕攵
𢿵	⿰棠攵
𢿶	⿰䜭攵
𢿷	⿲⿻一⿴⿰⿱丶㇀⿱㇒丶亅⿻一⿴⿰⿱丶㇀⿱㇒丶亅攴
𢿸	⿰策攴
𢿹	⿲⿱㇒𡭔⿱山未攴
𢿺	⿰⿱叕⺝攴
𢿻	⿰粦攵
𢿼	⿰尋攵
𢿽	⿰牚攵
𢿾	⿰喿攴
𢿿	⿰嗇攴
𣀀	⿰雷攴
𣀁	⿰詹攴
𣀂	⿰豊攴
𣀃	⿰廉攴
𣀄	⿰⿱君⿱卝干攴
𣀅	⿰黹攵
𣀆	⿰羣攵
𣀇	⿰睪攴
𣀈	⿰蜀攵
𣀉	⿰喿攵
𣀊	⿰廉攵
𣀋	⿲⿱丅耳⿱山儿攵
𣀌	⿰⿳吅一耳攵
𣀍	⿰⿳⿱十冖氺水攴
𣀎	⿰⿳爫出⿺𠃊𡭔攴
𣀏	⿰甞攴
𣀐	⿰⿱自幸攵
𣀑	⿰爾攴
𣀒	⿰聚攴
𣀓	⿰壽攴
𣀔	⿰算攴
𣀕	⿰⿱貝貝攴
𣀖	⿰⿱笁句攴
𣀗	⿸𭆆來
𣀘	⿰壽攵
𣀙	⿰𰮫攴
𣀚	⿳𣅑冖政
𣀛	⿰暴攴
𣀜	⿰畾攴
𣀝	⿰樂攴
𣀞	⿰慮攴
𣀟	⿺巴數
𣀠	⿰暴攵
𣀡	⿰畾攵
𣀢	⿱⿲火言火攵
𣀣	⿰觱攴
𣀤	⿰褱攴
𣀥	⿰歷攴
𣀦	⿰𦎧攴
𣀧	⿰⿱林隹攴
𣀨	⿰𢨋攴
𣀩	⿰褱攵
𣀪	⿰⿱或⿰忄㠯攴
𣀫	⿰𤯌攴
𣀬	⿰器攵
𣀭	⿰⿳𦥔一妟攵
𣀮	⿰襄攴
𣀯	⿰𦗕攴
𣀰	⿰⿱米⿳⿻⿳卄一卄丨一八攴
𣀱	⿰⿱米⿻⿱廿艹大攵
𣀲	⿰糞攴
𣀳	⿰聶攵
𣀴	⿱敞⿱冖⿰𰀄⿺乚⿰丨𫜹
𣀵	⿱䜌攴
𣀶	⿰贊攴
𣀷	⿰麗攴
𣀸	⿰繭攵
𣀹	⿰贊攵
𣀺	⿰⿱卝⿵冂⿲糹丨虫攴
𣀻	⿰屬攴
𣀼	⿰屬攵
𣀽	⿱敝⿺氣田
𣀾	⿰⿱𰒲角攴
𣀿	⿰⿱⿰⿳夕⿱一夕巾⿳夕⿱一夕巾火攵
𣁀	⿰⿱咸觱攴
𣁁	⿱𠆢文
𣁂	⿱𡭔文
𣁃	⿱文⿻了八
𣁄	⿱文牛
𣁅	⿱方文
𣁆	⿱文必
𣁇	⿱文正
𣁈	⿰文包
𣁉	⿰必文
𣁊	⿰并文
𣁋	⿰𡵉攵
𣁌	⿱文早
𣁍	⿳爫冖文
𣁎	⿱文言
𣁏	⿰余文
𣁐	⿰文見
𣁑	⿱文住
𣁒	⿰⿱廿丨𣁁
𣁓	⿹？文
𣁔	⿰吝巨
𣁕	⿱文𪯢
𣁖	⿰𠦝文
𣁗	⿰炭文
𣁘	⿰文咼
𣁙	⿱茌文
𣁚	⿰文即
𣁛	⿸𠩺攵
𣁜	⿰曼文
𣁝	⿰采⿻文彡
𣁞	⿱埶文
𣁟	⿸𠩺文
𣁠	⿰文庸
𣁡	⿰文票
𣁢	⿱敝文
𣁣	⿰粦文
𣁤	⿱春𪯢
𣁥	⿰文監
𣁦	⿱斌全
𣁧	⿱⿲火言火文
𣁨	⿳？拍文
𣁩	⿱⿲木文木⿱冖⿰？龴
𣁪	⿳文䀠冝
𣁫	⿳文𦥯血
𣁬	⿻？十
𣁭	⿰𠃔斗
𣁮	⿰丰斗
𣁯	⿰斗元
𣁰	⿰斗斤
𣁱	⿰申斗
𣁲	⿰斗冬
𣁳	⿰舌斗
𣁴	⿰合斗
𣁵	⿰羊斗
𣁶	⿰斗兆
𣁷	⿰寽斗
𣁸	⿰镸斗
𣁹	⿰斗酉
𣁺	⿰分⿰弓斗
𣁻	⿰斗⿱𱼀寸
𣁼	⿰㫄斗
𣁽	⿺⿱甶儿斗
𣁾	⿱斗⿰斗斗
𣁿	⿰斗𠩓
𣂀	⿰𠩓斗
𣂁	⿰庣斗
𣂂	⿰蚉斗
𣂃	⿰者斗
𣂄	⿰咼斗
𣂅	⿰⿱立⺼斗
𣂆	⿰旁斗
𣂇	⿰斗厞
𣂈	⿱𤇾斗
𣂉	⿰啇斗
𣂊	⿱尉斗
𣂋	⿰戽告
𣂌	⿰斗蜀
𣂍	⿰⿱⿳士冖一角斗
𣂎	⿱滿斗
𣂏	⿰奭斗
𣂐	⿰⿻奭一斗
𣂑	⿸𠂆十
𣂒	⿰力斤
𣂓	⿱斤土
𣂔	⿰片斤
𣂕	⿰亓斤
𣂖	⿰开斤
𣂗	⿰井斤
𣂘	⿰⿸⿹丅丿丨斤
𣂙	⿰斤斥
𣂚	⿰⿻丿⿱凵凵斤
𣂛	⿰朱斤
𣂜	⿰臣斤
𣂝	⿰斤向
𣂞	⿰？斤
𣂟	⿰⿳山一䶹斤
𣂠	⿰⿱彡止斤
𣂡	⿰豖斤
𣂢	⿰𠧢斤
𣂣	⿰卓斤
𣂤	⿰朋斤
𣂥	⿰𠩓斤
𣂦	⿰奇斤
𣂧	⿰戔斤
𣂨	⿰易斤
𣂩	⿰垂斤
𣂪	⿰亞斤
𣂫	⿰⿱山示斤
𣂬	⿱⿰⿹勹丿斤𠙻
𣂭	⿰⿱爫亏斥
𣂮	⿰俞斤
𣂯	⿰⿱止出斤
𣂰	⿰曷斤
𣂱	⿰⿱一⿺𠃊⿲幺丨幺斤
𣂲	⿰⿳山土䶹斤
𣂳	⿰亭斤
𣂴	⿰斤亭
𣂵	⿰彖斤
𣂶	⿰⿱止缶斤
𣂷	⿰⿱廿⿻口土斤
𣂸	⿰⿳⺊日止斤
𣂹	⿰⿳山⿱八𠆢屮斤
𣂺	⿰𣐽斤
𣂻	⿰區斤
𣂼	⿰⿱㐀⿻口土斤
𣂽	⿰國斤
𣂾	⿰⿱𢆶正斤
𣂿	⿰𭾬斤
𣃀	⿰㫺斤
𣃁	⿰属斤
𣃂	⿰畫斤
𣃃	⿰⿱⿰⿰？丶刀豆斤
𣃄	⿰菁斤
𣃅	⿱斤⿱⿱冖八兔
𣃆	⿰登斤
𣃇	⿰筫斤
𣃈	⿰著斤
𣃉	⿰斤當
𣃊	⿰⿱目斦斤
𣃋	⿰⿱⿰⿰？丶刀金斤
𣃌	⿰㷠斤
𣃍	⿰算斤
𣃎	⿰⿱辛言斤
𣃏	⿰盡斤
𣃐	⿲斤貢⿱厶力
𣃑	⿰箸斤
𣃒	⿳䀠一斦
𣃓	⿰⿱口單斤
𣃔	⿰𢇍斤
𣃕	⿰蕈斤
𣃖	⿰瞿斤
𣃗	⿰方刀
𣃘	⿰方个
𣃙	⿳一八方
𣃚	⿰方亢
𣃛	⿰方火
𣃜	⿱斗方
𣃝	⿰方央
𣃞	⿸厂⿰丬方
𣃟	⿱下⿱冖方
𣃠	⿰方令
𣃡	⿰方玄
𣃢	⿰方⿱𠆢亡
𣃣	⿰方皮
𣃤	⿰皮方
𣃥	⿰方尓
𣃦	⿰方⿱𠂉勿
𣃧	⿰方𭥍
𣃨	⿰方⿱𠂉从
𣃩	⿰方⿱𠂉𠂔
𣃪	⿵⿱一⿻𠘨土方
𣃫	⿰方吊
𣃬	⿰方⿱𠂉升
𣃭	⿰方⿱𠂉介
𣃮	⿰方⿱𠂉氏
𣃯	⿰方⿱𠂉⿻𠘨⿱丶一
𣃰	⿰方⿱𠂉内
𣃱	⿰方匡
𣃲	⿰方⿱𠂉𲋄
𣃳	⿰方⿱𠂉㘝
𣃴	⿰方⿱𠂉囚
𣃵	⿰方⿱𠂉申
𣃶	⿰於阝
𣃷	⿰方𠧚
𣃸	⿱日㝑
𣃹	⿰方⿱𠂉民
𣃺	⿰方⿳儿𠆢口
𣃻	⿰方⿱𠂉甲
𣃼	⿰方⿱𠂉舟
𣃽	⿰方⿱𠂉多
𣃾	⿰方奄
𣃿	⿰方⿱𠂉⿻乚北
𣄀	⿰方⿱𠂉全
𣄁	⿰方受
𣄂	⿰方疌
𣄃	⿰方其
𣄄	⿰方芹
𣄅	⿰方⿳𠆢𬼽口
𣄆	⿰方𮕦
𣄇	⿰方侖
𣄈	⿰方軍
𣄉	⿰方𮠖
𣄊	⿰方⿱𠂉⿹⿺㇉一灬
𣄋	⿱珀方
𣄌	⿰方𧴦
𣄍	⿰方是
𣄎	⿰方尃
𣄏	⿰方畚
𣄐	⿰方⿱𠂉帘
𣄑	⿰方⿱𠂉奄
𣄒	⿱於在
𣄓	⿰方笔
𣄔	⿰方票
𣄕	⿰方⿱𠂉音
𣄖	⿰方⿱𠂉風
𣄗	⿰方異
𣄘	⿰方⿱𠂉骨
𣄙	⿰方⿱𠂉晃
𣄚	⿰方遂
𣄛	⿰方童
𣄜	⿰方貴
𣄝	⿰方僉
𣄞	⿰方⿱𠂉戠
𣄟	⿰方⿱⿱𰀉冖？
𣄠	⿰方⿱𠂉猋
𣄡	⿰方⿱𠂉焱
𣄢	⿰方⿱𠂉童
𣄣	⿰方與
𣄤	⿰方魯
𣄥	⿰旁隻
𣄦	⿰方⿱𠂉麃
𣄧	⿰方⿱𠂉遺
𣄨	⿰方⿱𠂉𰕣
𣄩	⿰方⿰⿱正目頁
𣄪	⿰方⿱𠂉𤐫
𣄫	⿰方⿰⿱正貝頁
𣄬	⿰旁歷
𣄭	⿷旡𰀪
𣄮	⿱旡口
𣄯	⿱㇒⿵𠘨旡
𣄰	⿰旡可
𣄱	⿱旡圭
𣄲	⿰旡危
𣄳	⿱无舛
𣄴	⿰旡京
𣄵	⿰京旡
𣄶	⿰亰旡
𣄷	⿰旡亰
𣄸	⿰旡咼
𣄹	⿰習旡
𣄺	⿰旡爲
𣄻	⿰日乙
𣄼	⿱一日
𣄽	⿺乙日
𣄾	⿱日𠄟
𣄿	⿱日丁
𣅀	⿱亠日
𣅁	⿰日人
𣅂	⿱日亠
𣅃	⿰日卜
𣅄	⿺廴日
𣅅	⿰日乃
𣅆	⿳一八日
𣅇	⿰日亡
𣅈	⿱夂日
𣅉	⿰日刃
𣅊	⿱日口
𣅋	⿱日䒑
𣅌	⿱千日
𣅍	⿴囗日
𣅎	⿱㐅𣄼
𣅏	⿱⿺𠃊日儿
𣅐	⿱日⿱一乂
𣅑	⿱䒑日
𣅒	⿰日乇
𣅓	⿰日女
𣅔	⿺夨日
𣅕	⿱日川
𣅖	⿱日亡
𣅗	⿰日己
𣅘	⿱日亏
𣅙	⿰日亏
𣅚	⿰日内
𣅛	⿸厂𬽪
𣅜	⿱比日
𣅝	⿳日八又
𣅞	⿹𨈐日
𣅟	⿰日冘
𣅠	⿰日气
𣅡	⿰日夬
𣅢	⿰日卆
𣅣	⿱日𠀇
𣅤	⿰日犬
𣅥	⿰日互
𣅦	⿸厂⿺人日
𣅧	⿰日冄
𣅨	⿱王日
𣅩	⿸𠃜日
𣅪	⿰日比
𣅫	⿰日牛
𣅬	⿱日⿰⿰㇀丿匕
𣅭	⿱日⿵八⺀
𣅮	⿰日升
𣅯	⿳一⿲丨日丨一
𣅰	⿹丐日
𣅱	⿱𡭔𣄼
𣅲	⿹⿰丨手日
𣅳	⿺⿱𠃑大日
𣅴	⿰日丑
𣅵	⿰日心
𣅶	⿰日六
𣅷	⿱日兄
𣅸	⿰日它
𣅹	⿱日𢌮
𣅺	⿰日幼
𣅻	⿱日冋
𣅼	⿱日甲
𣅽	⿱日出
𣅾	⿱冉日
𣅿	⿰日台
𣆀	⿰日冉
𣆁	⿱疋日
𣆂	⿱日玄
𣆃	⿰日⿱一勻
𣆄	⿱⿺𠃊日勿
𣆅	⿰日乏
𣆆	⿰日白
𣆇	⿱示日
𣆈	⿰日戊
𣆉	⿱日⿱口十
𣆊	⿱𠀐日
𣆋	⿰日尓
𣆌	⿱夗日
𣆍	⿱日⿰方乚
𣆎	⿱日𠂡
𣆏	⿰日丕
𣆐	⿰日卢
𣆑	⿱册日
𣆒	⿰日戍
𣆓	⿰日𡰱
𣆔	⿰日舟
𣆕	⿱劦日
𣆖	⿰日巟
𣆗	⿱日合
𣆘	⿰日吏
𣆙	⿰日汗
𣆚	⿱日多
𣆛	⿱覀日
𣆜	⿰日？
𣆝	⿰日而
𣆞	⿱旦正
𣆟	⿱此旦
𣆠	⿱日⿰山⿺乚又
𣆡	⿰日危
𣆢	⿱日⿻㇒目
𣆣	⿰日虫
𣆤	⿱光日
𣆥	⿺光日
𣆦	⿰日朱
𣆧	⿱日𠀘
𣆨	⿱旧𠂡
𣆩	⿱⿻𦉫𠄠日
𣆪	⿱日𠯃
𣆫	⿱臼日
𣆬	⿰日𡿫
𣆭	⿱日戍
𣆮	⿰日庄
𣆯	⿰日行
𣆰	⿰日夷
𣆱	⿰日存
𣆲	⿰日𠬶
𣆳	⿰日更
𣆴	⿰日延
𣆵	⿱日𦥑
𣆷	⿱日𡉵
𣆸	⿰⿱𫜹日⿱？又
𣆹	⿱日冝
𣆺	⿰日肖
𣆻	⿱日戼
𣆼	⿱⿲？日？廾
𣆽	⿱旦𤘖
𣆾	⿱⿰？欠日
𣆿	⿰日皃
𣇀	⿱𦥑日
𣇁	⿰日巠
𣇂	⿰日岑
𣇅	⿱日？
𣇆	⿱日宋
𣇇	⿱延旦
𣇈	⿰日⿱戈兀
𣇉	⿰日君
𣇊	⿰日否
𣇋	⿰日兑
𣇌	⿰日志
𣇍	⿰日夾
𣇎	⿱日⿰⿱一己弓
𣇏	⿰日杏
𣇐	⿰日赤
𣇑	⿱旧⿲丿⿻三丨丨
𣇒	⿰日⿱口𡈼
𣇓	⿶𤕰日
𣇔	⿰日夆
𣇕	⿰日我
𣇖	⿲日工日
𣇗	⿱日⿸厂⿱𫜹又
𣇘	⿱利日
𣇙	⿺皃日
𣇚	⿰日⿳厶𡭔又
𣇛	⿱日辛
𣇜	⿰日貝
𣇝	⿰日冷
𣇞	⿰日余
𣇟	⿱日牢
𣇠	⿰日妓
𣇡	⿰日忌
𣇢	⿰日㡀
𣇣	⿱日直
𣇤	⿰日忽
𣇥	⿰日𠄢
𣇦	⿰日垂
𣇧	⿰日炙
𣇨	⿰日隶
𣇩	⿱亞日
𣇪	⿱日炗
𣇫	⿰日果
𣇬	⿰日穹
𣇭	⿰日徃
𣇮	⿱㭊日
𣇯	⿱日𢨯
𣇰	⿱日林
𣇱	⿰𠕌𠕌
𣇲	⿰日昏
𣇳	⿱日其
𣇴	⿱明六
𣇶	⿱⿰𫜹𫜹𠕾
𣇷	⿰日芳
𣇸	⿳卉𠆢日
𣇹	⿱泯日
𣇺	⿱典日
𣇻	⿱⿰氏攵日
𣇼	⿰日宗
𣇽	⿰日叕
𣇾	⿰日夌
𣇿	⿰日杳
𣈀	⿰日昆
𣈁	⿰日杲
𣈂	⿱明壬
𣈃	⿰日乳
𣈄	⿰日采
𣈅	⿱林日
𣈆	⿳一吅𣄼
𣈇	⿱不明
𣈈	⿱日斨
𣈉	⿱叔日
𣈊	⿱牧日
𣈋	⿰日夜
𣈌	⿱⿰⿽大丶木日
𣈍	⿱日宜
𣈎	⿳日冖杀
𣈏	⿰日昔
𣈐	⿰日㽵
𣈑	⿰日幸
𣈒	⿰日其
𣈓	⿱日披
𣈔	⿱日店
𣈕	⿱日枚
𣈖	⿰日奉
𣈗	⿰㝵日
𣈘	⿰日店
𣈙	⿱日例
𣈚	⿰日狀
𣈛	⿰日刮
𣈜	⿰日㝵
𣈝	⿰日⿱文丰
𣈞	⿰日空
𣈟	⿰昜卂
𣈠	⿱日⿱厶㚏
𣈡	⿺是丈
𣈢	⿰日⿱⿱㇒⿻日丿十
𣈣	⿰日黾
𣈤	⿱芔日
𣈥	⿰日俞
𣈦	⿱日禺
𣈧	⿰日𢓸
𣈨	⿰日竿
𣈩	⿳日癶仌
𣈪	⿱帥日
𣈫	⿰日昱
𣈬	⿰日彖
𣈭	⿰日禹
𣈮	⿰日食
𣈯	⿱日俞
𣈰	⿰日𱜢
𣈱	⿰申易
𣈲	⿰日眉
𣈳	⿱日勉
𣈴	⿰日苗
𣈵	⿰日臾
𣈶	⿰日恆
𣈷	⿰日皇
𣈸	⿰日美
𣈹	⿰日垚
𣈺	⿰日⿱覀⿵⺆一
𣈻	⿰日哉
𣈼	⿰日風
𣈽	⿰日枼
𣈾	⿰日㽚
𣈿	⿰日匽
𣉀	⿰日⿳山允又
𣉁	⿰日爯
𣉂	⿰日弇
𣉃	⿰日𦥚
𣉄	⿰丰是
𣉅	⿰日奏
𣉆	⿰日是
𣉇	⿰日則
𣉈	⿰昏召
𣉉	⿱日癸
𣉊	⿰日⿳土䒑兀
𣉋	⿰日要
𣉌	⿰日胃
𣉍	⿰日畏
𣉎	⿰日查
𣉏	⿰日苓
𣉐	⿰日述
𣉑	⿳九巛昌
𣉒	⿰日隺
𣉓	⿰日𡌥
𣉔	⿰日蚤
𣉕	⿰日桑
𣉖	⿰日烜
𣉗	⿰日盎
𣉘	⿱能日
𣉙	⿰𠦝⿱𠆢日
𣉚	⿰日牂
𣉛	⿱日⿸耳斤
𣉜	⿰日殺
𣉝	⿰易戎
𣉞	⿰日高
𣉟	⿰日耆
𣉠	⿰丘昜
𣉡	⿰旱廷
𣉢	⿰日迷
𣉣	⿰⿱永𣄼日
𣉤	⿰日訓
𣉥	⿰日殷
𣉦	⿱日⿰⿷片一⿻爿一
𣉧	⿰日笑
𣉨	⿰日鬼
𣉩	⿳亞八日
𣉪	⿰日荒
𣉫	⿰日样
𣉬	⿱昍字
𣉭	⿳㇒𡇒日
𣉮	⿱日真
𣉯	⿱涂日
𣉰	⿱日⿱冖果
𣉱	⿱𣅽夲
𣉲	⿰日隻
𣉳	⿰日罢
𣉴	⿱日桎
𣉵	⿰日芻
𣉶	⿱日耗
𣉷	⿰易礼
𣉸	⿰日記
𣉹	⿱日徐
𣉺	⿰昜失
𣉻	⿱⿰知干日
𣉼	⿰日盖
𣉽	⿰日离
𣉾	⿰日區
𣉿	⿰日曹
𣊀	⿰日⿱艹㐬
𣊁	⿱敖日
𣊂	⿱昱⿵八仌
𣊃	⿱務日
𣊄	⿱彗日
𣊅	⿱⿲自兮丨日
𣊆	⿱⿲自分丨日
𣊇	⿱日寅
𣊈	⿰日鹿
𣊉	⿰日幾
𣊊	⿰日𦤎
𣊋	⿱旱知
𣊌	⿰日堆
𣊍	⿰日麻
𣊎	⿰日執
𣊏	⿰日⿱羽旦
𣊐	⿰日晨
𣊑	⿱處日
𣊒	⿺是寺
𣊓	⿱執日
𣊔	⿳艹罒𠕾
𣊕	⿱日眼
𣊖	⿱晶大
𣊗	⿰日御
𣊘	⿰日魚
𣊙	⿰日斬
𣊚	⿱日⿻𰀁𠈌
𣊛	⿱⿻一曲昍
𣊜	⿱日⿵？仌
𣊝	⿰日⿳土龷木
𣊞	⿰日欻
𣊟	⿰日敢
𣊠	⿰日⿳覀二火
𣊡	⿱日絲
𣊢	⿰日𫟛
𣊣	⿰昔昔
𣊤	⿱昫辰
𣊥	⿰日⿸厂⿳龷乂火
𣊦	⿱𠈌昌
𣊧	⿱明明
𣊨	⿱芔𣅆
𣊩	⿰日番
𣊪	⿰日菐
𣊫	⿰昌昌
𣊬	⿰日舜
𣊭	⿱昍昍
𣊮	⿱⿰幸丮日
𣊯	⿰日雲
𣊰	⿺是亜
𣊱	⿰日𨳚
𣊲	⿰日無
𣊳	⿰日⿱⿻千𠮡灬
𣊴	⿱日⿱共𠦂
𣊵	⿰日𦓔
𣊶	⿰日敝
𣊷	⿰易易
𣊸	⿰曶⿳彐𰀪巾
𣊹	⿱日童
𣊺	⿰日間
𣊻	⿱𣅽㚓
𣊼	⿰井量
𣊽	⿰昬⿱攵山
𣊾	⿰日悲
𣊿	⿰日朝
𣋀	⿰牢星
𣋁	⿰日最
𣋂	⿱日朝
𣋃	⿱日創
𣋄	⿰昔享
𣋅	⿳廿⿴北口日
𣋆	⿰日閏
𣋇	⿰易対
𣋈	⿱𫩠䒤
𣋉	⿰日奥
𣋊	⿰日亶
𣋋	⿰日黽
𣋌	⿰日𠌶
𣋍	⿳日罒肥
𣋎	⿱𡷈昌
𣋏	⿰日農
𣋐	⿱明者
𣋑	⿰日葉
𣋒	⿰日葵
𣋓	⿱日𠌶
𣋔	⿱日電
𣋕	⿰春奉
𣋖	⿰日罪
𣋗	⿰暊日
𣋘	⿰日會
𣋙	⿰日殿
𣋚	⿱日歆
𣋛	⿰日落
𣋜	⿰日禁
𣋝	⿰日喿
𣋞	⿰日蓋
𣋟	⿰日麽
𣋠	⿰日齊
𣋡	⿰日𫎇
𣋢	⿰日兢
𣋣	⿱日監
𣋤	⿱⿰⿶⿻凵工㐅⿶⿻凵工㐅日
𣋥	⿱日⿰弟弟
𣋦	⿱𣅽⿳大仌十
𣋧	⿱⿰𡉸𡉸日
𣋨	⿰春侵
𣋩	⿰日辣
𣋪	⿰日賓
𣋫	⿱漸日
𣋬	⿰日壽
𣋭	⿰日⿱艹隽
𣋮	⿰星𧆜
𣋯	⿰昏𫟎
𣋰	⿰暴⿵𠘨丶
𣋱	⿰日𦥷
𣋲	⿰日巤
𣋳	⿰日麃
𣋴	⿸鹿⿱火日
𣋵	⿰日樂
𣋶	⿱日窮
𣋷	⿱日廣
𣋸	⿰日歎
𣋹	⿰日弊
𣋺	⿰日賣
𣋻	⿰日蔑
𣋼	⿰日魯
𣋽	⿱日劍
𣋾	⿱日課
𣋿	⿳亠⿰多隹日
𣌀	⿰日𦏁
𣌁	⿰日豬
𣌂	⿱日豬
𣌃	⿰⿳五一本昷
𣌄	⿰日⿳爫罒𪟙
𣌅	⿱日歷
𣌆	⿱日諸
𣌇	⿳⿰凶凶玨日
𣌈	⿰日謈
𣌉	⿱日虧
𣌊	⿰日霞
𣌋	⿱日歛
𣌌	⿰星須
𣌍	⿰日聶
𣌎	⿺是微
𣌏	⿰㝵蒦
𣌐	⿰日⿴𡔲𠮛
𣌑	⿰日㬥
𣌒	⿰易對
𣌓	⿰日雚
𣌔	⿰日額
𣌕	⿰日薰
𣌖	⿰日難
𣌗	⿰日矍
𣌘	⿰日𣀦
𣌙	⿰日闞
𣌚	⿱旦⿰訁景
𣌛	⿱旦顙
𣌜	⿰星歷
𣌝	⿰日曩
𣌞	⿰普養
𣌟	⿰日靈
𣌠	⿱⿰春春⿰春春
𣌡	⿳丨日厶
𣌢	⿱日𡭔
𣌣	⿱白亾
𣌤	⿱日少
𣌥	⿱日分
𣌦	⿱日肀
𣌧	⿱冊日
𣌨	⿰申匀
𣌩	⿳冂曰亾
𣌪	⿳日亠？
𣌫	⿱日北
𣌬	⿱日⿱𦉪一
𣌭	⿱合日
𣌮	⿱日州
𣌯	⿱日机
𣌰	⿱日肋
𣌱	⿰曲少
𣌲	⿳日⿰乚匕⿰丆丨
𣌳	⿱𢆶日
𣌴	⿰曲月
𣌵	⿰曲及
𣌶	⿰公曲
𣌷	⿱日⿰方土
𣌸	⿱日即
𣌹	⿰曲丕
𣌺	⿰曲叫
𣌻	⿱日𫂱
𣌼	⿳𤰔八日
𣌽	⿱⿻𣄼丨亚
𣌾	⿰申東
𣌿	⿱日昝
𣍀	⿰曲呆
𣍁	⿺尾曲
𣍂	⿰谷曲
𣍃	⿰柬申
𣍄	⿳？日？
𣍅	⿰表曲
𣍆	⿱殸日
𣍇	⿺更取
𣍈	⿱⿰丰丰𣅋
𣍉	⿱日郭
𣍊	⿰曷尽
𣍋	⿰會下
𣍌	⿳歹㱛日
𣍍	⿰冤曲
𣍎	⿰曾元
𣍏	⿺更差
𣍐	⿰勿會
𣍑	⿱日⿲乡帛弋
𣍒	⿰⿱水日𡌥
𣍓	⿱日爾
𣍔	⿰？⿳口曲日
𣍕	⿰曲堯
𣍖	⿰曹東
𣍗	⿰禽曲
𣍘	⿱㯥日
𣍙	⿺更廉
𣍚	⿰書綾
𣍛	⿺更轝
𣍜	⿰書黌
𣍝	⿱㇒月
𣍞	⿰月人
𣍟	⿱冖⿱一⺝
𣍠	⿰月丌
𣍡	⿱一䏌
𣍢	⿰亾月
𣍣	⿰丌月
𣍤	⿰水月
𣍥	⿰月⿱宀儿
𣍦	⿰月兄
𣍧	⿰出月
𣍨	⿰月尔
𣍩	⿰月禾
𣍪	⿰月丙
𣍫	⿰月⿱𫠠⿺𠠲丶
𣍬	⿰月㕣
𣍭	⿰月𠄣
𣍮	⿰月⿱䒑屮
𣍯	⿰月军
𣍰	⿰月夹
𣍱	⿰月宏
𣍳	⿰有可
𣍴	⿰月𭮀
𣍵	⿰月吝
𣍶	⿰月⿱凶夊
𣍷	⿰月兩
𣍸	⿱𭁨⺝
𣍹	⿰月灷
𣍺	⿰月⿱𡭔生
𣍻	⿰月或
𣍼	⿰周月
𣍽	⿰月𠧧
𣍾	⿰月雨
𣍿	⿰月來
𣎀	⿰月店
𣎁	⿰⿵冂⿱䒑口月
𣎂	⿰月𡿲
𣎃	⿰月尚
𣎄	⿰月恆
𣎅	⿰月曷
𣎆	⿱吂䏎
𣎇	⿰月⿱日目
𣎈	⿰月⿱田不
𣎉	⿰有成
𣎊	⿰月眉
𣎋	⿰𣐩月
𣎌	⿰月𥸭
𣎍	⿰𠦝⿱𠂉月
𣎎	⿰月⿱龹仌
𣎏	⿰固有
𣎐	⿰月⿳山大仌
𣎑	⿰月宽
𣎒	⿰月𤱵
𣎓	⿰月旋
𣎔	⿰月現
𣎕	⿰⿱⺈月⿱罒水
𣎖	⿰月執
𣎗	⿰月⿱囪心
𣎘	⿰⿳亠丷月𠯭
𣎙	⿰月𫟐
𣎚	⿰月黑
𣎛	⿰月矞
𣎜	⿰月黽
𣎝	⿰月⿱米糸
𣎞	⿱巴𦝄
𣎟	⿰月尋
𣎠	⿰朝月
𣎡	⿱朋定
𣎢	⿰月朝
𣎣	⿰月敫
𣎤	⿰月⿳冖又革
𣎥	⿰有區
𣎦	⿰月𱢒
𣎧	⿰月煑
𣎨	⿰月葱
𣎩	⿸厭⺝
𣎪	⿰月膏
𣎫	⿰月團
𣎬	⿰有富
𣎭	⿱⿲月爻月曲
𣎮	⿰月羲
𣎯	⿰月㬱
𣎰	⿰月薰
𣎱	⿰月⿱昍⿱丶𤕺
𣎲	⿰月黨
𣎳	⿻十儿
𣎴	⿻丅𠆢
𣎵	⿻屮𠆢
𣎶	⿱木一
𣎷	⿰木乙
𣎸	⿰木了
𣎹	⿰木⿻𠃊乚
𣎺	⿻木⿱乛㇉
𣎻	⿱冂木
𣎼	⿱龴木
𣎽	⿱七木
𣎾	⿱冖木
𣎿	⿱㔾木
𣏀	⿰木刂
𣏁	⿱𠙵木
𣏂	⿱㐅术
𣏃	⿻木⺕
𣏄	⿱土𣎴
𣏅	⿱土木
𣏆	⿰木凢
𣏇	⿰木𠫔
𣏈	⿰木么
𣏉	⿱刃木
𣏊	⿰木⿵⺆一
𣏋	⿱𠫓木
𣏌	⿰木巳
𣏍	⿱子木
𣏎	⿰木丫
𣏏	⿱𠫔木
𣏑	⿰木巾
𣏔	⿱止木
𣏖	⿰木引
𣏗	⿱予木
𣏘	⿰木仅
𣏙	⿰木气
𣏛	⿰木㸦
𣏜	⿰木丏
𣏝	⿰木冗
𣏞	⿰木尤
𣏠	⿰木爻
𣏡	⿰木龰
𣏢	⿰木专
𣏣	⿰木卞
𣏥	⿰木六
𣏦	⿱火木
𣏧	⿰木尺
𣏨	⿰木井
𣏩	⿱戈木
𣏪	⿱木双
𣏫	⿰木𠠵
𣏬	⿰木日
𣏭	⿱木毋
𣏮	⿱㇒束
𣏯	⿰木⿻⿹勹丿丶
𣏰	⿱分木
𣏱	⿰木⿰㇒⿻乚𠄠
𣏲	⿻⿱一⺕木
𣏳	⿰木𢆰
𣏴	⿰木仁
𣏵	⿰木⿻⿵⺆一一
𣏶	⿱木水
𣏷	⿱𠕀木
𣏸	⿰木𣂑
𣏹	⿰木火
𣏺	⿰木孔
𣏻	⿱⿵乃人木
𣏼	⿱廿木
𣏽	⿰木攴
𣏾	⿰木戈
𣏿	⿰木天
𣐀	⿰木文
𣐁	⿱⿱十冖木
𣐂	⿱云木
𣐃	⿱厄木
𣐄	⿰木中
𣐅	⿰木壬
𣐆	⿰木切
𣐇	⿱丰木
𣐈	⿰木𪩲
𣐉	⿸尼木
𣐊	⿰木尻
𣐋	⿰木戉
𣐌	⿰木疋
𣐍	⿰木𭍺
𣐎	⿰木瓦
𣐏	⿰木㘝
𣐐	⿰木尒
𣐑	⿰木此
𣐒	⿰木冋
𣐓	⿰木𡰥
𣐔	⿰木⿱𫜹又
𣐕	⿰木𢀖
𣐖	⿰木戹
𣐗	⿱⿰亻⿹勹丿木
𣐘	⿰木汀
𣐙	⿰木玄
𣐚	⿰木氷
𣐛	⿰木𠀕
𣐜	⿰木弘
𣐝	⿰木匝
𣐞	⿰木右
𣐟	⿱𡉁木
𣐠	⿰木⿵丹丶
𣐡	⿰木民
𣐢	⿰木⿱又弓
𣐣	⿰木⿱一少
𣐤	⿰木旧
𣐥	⿱目木
𣐦	⿱？木
𣐧	⿰木⿸𠂆⿻力乀
𣐨	⿰木奶
𣐩	⿱白木
𣐪	⿰木叐
𣐫	⿰𣱳木
𣐬	⿰木田
𣐭	⿱木田
𣐮	⿱囚木
𣐯	⿱出木
𣐰	⿰木𠂠
𣐱	⿳⿱龴乛儿木
𣐲	⿰木叫
𣐳	⿰木史
𣐴	⿰木仕
𣐵	⿰木𦣞
𣐶	⿰木⿱𠔿冂
𣐷	⿱𠔿𣎾
𣐸	⿰木㐁
𣐹	⿰木尗
𣐺	⿻木⿱尸尸
𣐻	⿱艮木
𣐼	⿰木𢇛
𣐽	⿱立未
𣐾	⿰木休
𣐿	⿰木衣
𣑀	⿰木吴
𣑁	⿰木充
𣑂	⿰木⿱爫丂
𣑃	⿱汎木
𣑄	⿱𡦿木
𣑅	⿳⺊乛杏
𣑆	⿰木𠫤
𣑇	⿱木糸
𣑈	⿰木⿹勹方
𣑉	⿰木自
𣑌	⿰木⿺乚召
𣑍	⿳？冖木
𣑎	⿰来下
𣑏	⿱木冰
𣑐	⿰木吊
𣑒	⿰木穵
𣑓	⿲木工寸
𣑔	⿲木又木
𣑕	⿰木丞
𣑖	⿰木圶
𣑗	⿲木刃寸
𣑘	⿱死木
𣑙	⿰木⿷匚帀
𣑚	⿰木叒
𣑛	⿰木⿻十⺝
𣑜	⿱未冉
𣑝	⿰木团
𣑞	⿱⿰丨白木
𣑟	⿰木⿴囗⿻⿱㇒一丿
𣑠	⿱合木
𣑡	⿱伐木
𣑢	⿰木旭
𣑣	⿲木夕寸
𣑤	⿰木匈
𣑦	⿱巩木
𣑧	⿱⿰土刃木
𣑨	⿳一册木
𣑩	⿰木回
𣑪	⿰木⿱冖⿻𠘨十
𣑫	⿰木朵
𣑬	⿰木早
𣑭	⿰木⿻𦉫𠄠
𣑮	⿰木舟
𣑯	⿱木兆
𣑰	⿱木𠇍
𣑱	⿱汍木
𣑲	⿰木𫥞
𣑳	⿰木耒
𣑴	⿰木江
𣑵	⿰木聿
𣑶	⿰木礼
𣑷	⿰木尖
𣑸	⿱同木
𣑹	⿰木⿱山巾
𣑺	⿰木虫
𣑻	⿰木年
𣑼	⿰⿻屮八⿻屮八
𣑽	⿱林几
𣑾	⿱上杏
𣑿	⿰木⿱爫巳
𣒀	⿰木𭻾
𣒁	⿰木灷
𣒂	⿲木立卩
𣒃	⿰木役
𣒄	⿰木些
𣒅	⿰木𠯌
𣒆	⿰木壳
𣒇	⿰木秃
𣒈	⿰木𡉚
𣒉	⿰木⿱止𠬞
𣒊	⿱⿰石又木
𣒋	⿰木𭥐
𣒌	⿰木呙
𣒍	⿰木何
𣒎	⿰木⿱尤山
𣒏	⿰木𠦑
𣒐	⿰宋木
𣒑	⿲木氵木
𣒒	⿲木文阝
𣒓	⿱⿰火巳木
𣒔	⿰木究
𣒕	⿱⿰氵六木
𣒖	⿰木克
𣒗	⿰木却
𣒘	⿰木？
𣒙	⿰木杏
𣒚	⿻⿳𠮛𠮛𠆢丨
𣒛	⿱束木
𣒜	⿰木杊
𣒝	⿰木⿱⿻了⿰冫又一
𣒞	⿰木車
𣒟	⿰木𥎦
𣒠	⿰未曲
𣒡	⿱杉木
𣒢	⿰木𦬑
𣒣	⿰木芒
𣒤	⿲木牛己
𣒥	⿰木𡕙
𣒦	⿰木𪜮
𣒧	⿱乖木
𣒨	⿰木𥃩
𣒩	⿰木呇
𣒪	⿰木𡇆
𣒫	⿱每木
𣒬	⿰木⿱匕本
𣒭	⿹𢦒木
𣒮	⿰⿸⿹丅丿丨𡉣
𣒯	⿰木𠄢
𣒰	⿰木⿱𠂉冉
𣒱	⿰木吹
𣒲	⿰木牢
𣒳	⿱工枉
𣒴	⿰木秀
𣒵	⿰木改
𣒶	⿰木李
𣒷	⿸广㦿
𣒸	⿰木尫
𣒹	⿰木⿱少女
𣒺	⿰木杘
𣒻	⿰木⿹气土
𣒼	⿱攸木
𣒽	⿰木𠩆
𣒾	⿰木芃
𣒿	⿱㳄木
𣓀	⿱辛木
𣓁	⿱𭑈木
𣓂	⿰木备
𣓃	⿰木芮
𣓄	⿰木庛
𣓅	⿰木㦿
𣓆	⿰木㸒
𣓇	⿱刲木
𣓈	⿰木兩
𣓉	⿰木疌
𣓊	⿰木事
𣓋	⿰木芘
𣓌	⿰木咎
𣓍	⿰木冐
𣓎	⿰木芺
𣓏	⿱林木
𣓐	⿰木油
𣓑	⿱⿱十冖果
𣓒	⿰木芟
𣓓	⿰木⿱旬丂
𣓔	⿱弥木
𣓕	⿱林厹
𣓖	⿰木肩
𣓗	⿰木曶
𣓘	⿰木⿱⿳士冖一几
𣓙	⿰木⿹𠦑㇒
𣓚	⿱來兮
𣓛	⿰木⿱自匕
𣓜	⿲木𤴔木
𣓝	⿱⿱⿻𠮛⿰丨丨冖木
𣓞	⿱𦙚木
𣓟	⿱⿱十𡆪木
𣓠	⿰木𢨯
𣓡	⿰木⿱㇒呂
𣓢	⿱⿰无无木
𣓣	⿰木𠩋
𣓥	⿱⿰氵矛木
𣓦	⿰木泛
𣓧	⿱叀木
𣓨	⿳⺊⿴囗夕木
𣓩	⿱木甾
𣓪	⿳𠫓世木
𣓫	⿱冾木
𣓬	⿱泊木
𣓭	⿰木泪
𣓮	⿱𣲲木
𣓯	⿱房木
𣓰	⿱𫾨木
𣓱	⿰木𨚪
𣓲	⿰木⿱⿳亠丷冖力
𣓳	⿱炏木
𣓴	⿱林介
𣓵	⿱⿰⿻三丨⿻三丨木
𣓶	⿰木孟
𣓷	⿱⿱士冖呆
𣓸	⿰木武
𣓹	⿰木𨚫
𣓺	⿰丕束
𣓻	⿰木表
𣓼	⿱⿱十冖林
𣓽	⿰木⿻乇北
𣓾	⿰木易
𣓿	⿰木劳
𣔀	⿰木芯
𣔁	⿰木芩
𣔂	⿰木明
𣔃	⿰木⿳⺊⺕女
𣔄	⿰木芬
𣔅	⿰木近
𣔆	⿰木邱
𣔇	⿱知木
𣔈	⿰木⿱臼十
𣔉	⿱木非
𣔊	⿰木⿳厶大口
𣔋	⿰木金
𣔌	⿰木条
𣔍	⿰每末
𣔎	⿰木⿱十⿻𦉫𠄠
𣔏	⿰木𢆎
𣔐	⿰木㡀
𣔑	⿰木⿱日犬
𣔒	⿰木𦙚
𣔓	⿰木彼
𣔔	⿰木⿱爫亓
𣔕	⿱入桀
𣔖	⿰木⿱丑丑
𣔗	⿰枲卂
𣔘	⿱⿰圭刀木
𣔙	⿰木欣
𣔚	⿱服木
𣔛	⿰木⿱穴兀
𣔜	⿰木𠛱
𣔝	⿰木迍
𣔞	⿰木孤
𣔟	⿰木芣
𣔠	⿰木芹
𣔡	⿰木坡
𣔢	⿰木侈
𣔣	⿰呆玉
𣔤	⿰木使
𣔥	⿰木征
𣔦	⿰木厓
𣔧	⿰木妬
𣔨	⿰木肯
𣔩	⿰束布
𣔪	⿰木乖
𣔫	⿰木⿱𠂉圭
𣔬	⿰木⿳㇒冈廾
𣔭	⿰木坴
𣔮	⿰木⿹𢦏丂
𣔯	⿰木雨
𣔰	⿰木芝
𣔱	⿰木叜
𣔲	⿰木迥
𣔳	⿰木㡿
𣔴	⿰木迪
𣔵	⿱㲋木
𣔶	⿰木范
𣔷	⿲木月夰
𣔸	⿰木⿱丆⿴囗仌
𣔹	⿰木矦
𣔺	⿰木冒
𣔻	⿰木突
𣔼	⿰木竿
𣔽	⿱癸木
𣔾	⿰木㒸
𣔿	⿱⿰臣⿱𠂉丶木
𣕀	⿰木⿱厽𰀁
𣕁	⿱娃木
𣕂	⿰木帣
𣕃	⿰木禺
𣕄	⿰木扃
𣕅	⿰木⿱壬包
𣕆	⿰木㿽
𣕇	⿱削木
𣕈	⿰木苴
𣕉	⿰木苟
𣕊	⿰木⿱夭氺
𣕋	⿰木㞕
𣕌	⿰木敂
𣕍	⿰木⿱旬大
𣕎	⿲木田木
𣕏	⿳亠由𠫡
𣕐	⿱芔木
𣕑	⿲木⿱？土木
𣕒	⿰𪲓又
𣕓	⿱⿰永于木
𣕔	⿱括木
𣕕	⿰木𬛸
𣕖	⿰木律
𣕗	⿰木⿱䒑老
𣕘	⿰木枲
𣕙	⿳䒑厶松
𣕛	⿰木⿳亠厶冉
𣕜	⿰木兹
𣕝	⿰木⿱㲽土
𣕞	⿰木姜
𣕟	⿰亲木
𣕠	⿳⺕⿰工口木
𣕡	⿳⺕巩木
𣕢	⿰木⿱本化
𣕣	⿳⿱十冖古木
𣕤	⿱⿻𠮛人束
𣕥	⿱䂝木
𣕦	⿰木相
𣕧	⿰木架
𣕨	⿰木𤰺
𣕩	⿰木⿱⿷匸日女
𣕪	⿲木圣木
𣕫	⿱垚木
𣕬	⿰木毒
𣕭	⿰木型
𣕮	⿱春木
𣕯	⿱林令
𣕰	⿱𤤤木
𣕱	⿰木𣐥
𣕲	⿰木恒
𣕳	⿰木𡇒
𣕴	⿰木炭
𣕵	⿰木苓
𣕶	⿰木⿱田方
𣕷	⿰⿱匕木呆
𣕸	⿰木𦭧
𣕹	⿰木⿳⺊⺕龰
𣕺	⿰木⿱艹⿸⿻𠀃丿乚
𣕻	⿰木看
𣕼	⿱⿰身乃木
𣕽	⿱林句
𣕾	⿱林必
𣕿	⿳⿱十冖出木
𣖀	⿰木㪅
𣖁	⿰木盇
𣖂	⿰木羍
𣖃	⿱耑木
𣖄	⿱臿木
𣖅	⿰木厗
𣖆	⿰木㝁
𣖇	⿳亠囧木
𣖈	⿳亠⿺𠃊⿴囗久木
𣖉	⿰木穼
𣖊	⿰木⿰𣧄刂
𣖋	⿰木哉
𣖌	⿰木⿱支只
𣖍	⿰木歪
𣖎	⿱木品
𣖏	⿰木⿱毛包
𣖐	⿰木迫
𣖑	⿰木⿹勹𦈢
𣖒	⿰木⿱⿱冖八犮
𣖓	⿰木⿳龶儿夊
𣖕	⿰木屏
𣖖	⿰木持
𣖗	⿰木迡
𣖘	⿰木紅
𣖙	⿰木美
𣖚	⿰木茄
𣖛	⿰卒末
𣖜	⿰木胃
𣖝	⿰木茌
𣖞	⿰木𱒢
𣖟	⿰木計
𣖠	⿰木茁
𣖡	⿰木則
𣖢	⿰末卒
𣖣	⿰木⿹勹⿻丿⿳凵一凵
𣖤	⿰來台
𣖥	⿰木𢪿
𣖦	⿰予枼
𣖧	⿰木柴
𣖨	⿰木茈
𣖩	⿰木⿳爫一水
𣖪	⿰木⿸虍木
𣖫	⿱㱿木
𣖬	⿰木欮
𣖭	⿰木𡌥
𣖮	⿰木盎
𣖯	⿰木⿱竹心
𣖰	⿰木笓
𣖱	⿰木𭖨
𣖲	⿰木疵
𣖳	⿰木䖍
𣖴	⿱𠧱木
𣖵	⿰木座
𣖶	⿱務木
𣖷	⿰木脊
𣖸	⿰木⿸广辛
𣖹	⿰木挐
𣖺	⿰木旅
𣖻	⿰木𥁓
𣖼	⿰木𠣬
𣖽	⿰木⿱帚又
𣖾	⿰木𤰇
𣖿	⿰木𧴮
𣗀	⿰木⿱止⿰𠂎又
𣗁	⿰石柘
𣗂	⿲木⿳一爻一木
𣗃	⿱㭬土
𣗅	⿱𠀠來
𣗆	⿱𦨚木
𣗇	⿰木⿱西灬
𣗈	⿰木案
𣗉	⿰木扄
𣗊	⿰木𬜯
𣗋	⿰木党
𣗌	⿰木迷
𣗍	⿰木⿱𠂉其
𣗎	⿰木荃
𣗏	⿰木峯
𣗐	⿰木郢
𣗑	⿰木陣
𣗒	⿰木針
𣗓	⿰未者
𣗔	⿰木退
𣗕	⿰木⿱⿰己己𡈼
𣗖	⿰木栗
𣗗	⿱林⿸尸己
𣗘	⿰木泰
𣗙	⿰木难
𣗚	⿱林⿱大千
𣗛	⿰木格
𣗜	⿱玨⿱𠆢木
𣗝	⿰木班
𣗞	⿱⿱𰀉冖束
𣗟	⿰木𥘾
𣗠	⿰木⿵其⺀
𣗡	⿱林⿸厂巴
𣗢	⿲木⿱己土木
𣗣	⿰林⿰刀攵
𣗤	⿰木晏
𣗥	⿰束束
𣗦	⿰木⿱𫇦方
𣗧	⿰束甬
𣗨	⿰木⿱日𠂥
𣗩	⿰木荖
𣗪	⿰木茶
𣗫	⿰木⿳止⿻㇉⿰⿱丶㇀⿱㇒丶一
𣗬	⿰木臭
𣗭	⿲木糹𠃛
𣗮	⿰木⿱兆灬
𣗯	⿰木拿
𣗰	⿱⿰分艮木
𣗱	⿰梨下
𣗲	⿱⿰求干木
𣗳	⿰木𭔰
𣗴	⿱𠧸木
𣗵	⿰木罡
𣗶	⿰木眔
𣗷	⿱釆㚓
𣗸	⿳⿱⺈⿵冂人比木
𣗹	⿰木恙
𣗺	⿰枲古
𣗻	⿰枲失
𣗼	⿰木員
𣗽	⿰木⿱⿱⺈⿵冂人比
𣗾	⿰侖朱
𣗿	⿰木祖
𣘀	⿰木修
𣘁	⿰木哥
𣘂	⿱埃木
𣘃	⿰木荄
𣘄	⿰木託
𣘅	⿰木⿳𠮛口夊
𣘆	⿰木納
𣘇	⿰木荁
𣘈	⿰朱侖
𣘉	⿰木𤞻
𣘊	⿰木徒
𣘋	⿰木𭙡
𣘌	⿰木祝
𣘍	⿰木庫
𣘎	⿰木羗
𣘏	⿱容不
𣘐	⿰来来
𣘑	⿳⿰九九冖林
𣘒	⿰⿳十日丂⿱𠆢木
𣘓	⿰木罢
𣘔	⿰木⿳宀日大
𣘕	⿰木𡨦
𣘖	⿰木梟
𣘗	⿰木匿
𣘘	⿰木莘
𣘙	⿰木部
𣘚	⿰木率
𣘛	⿰木兜
𣘜	⿰木笞
𣘝	⿰木⿱䙲巳
𣘞	⿰木酓
𣘟	⿱假木
𣘠	⿰木笴
𣘡	⿰木莎
𣘢	⿱敖木
𣘣	⿰木脣
𣘤	⿰木祭
𣘥	⿰木閉
𣘦	⿱殹木
𣘧	⿰木符
𣘨	⿰木𧙃
𣘩	⿰木徙
𣘪	⿰木聊
𣘫	⿰呆虎
𣘬	⿸𠩺木
𣘭	⿰木𧆥
𣘮	⿰木敝
𣘯	⿳⿱𰀉冖厷木
𣘰	⿰木𢛢
𣘱	⿰木得
𣘲	⿰木梓
𣘳	⿱斛木
𣘴	⿰木银
𣘵	⿰木移
𣘶	⿰木⿱自夲
𣘷	⿰木笺
𣘻	⿰木荼
𣘼	⿱啟木
𣘽	⿰木㝹
𣘾	⿰来肩
𣘿	⿱䆟木
𣙀	⿰木執
𣙁	⿰木⿸虍旦
𣙂	⿱龹枲
𣙃	⿰木𢉙
𣙄	⿱⿰木沐今
𣙅	⿱𠶶木
𣙆	⿰木棄
𣙈	⿰𠦝束
𣙉	⿰木⿱夾水
𣙊	⿰木𮏄
𣙋	⿰木崗
𣙌	⿰木崟
𣙍	⿰木崑
𣙎	⿰木問
𣙏	⿰木⿱⺊䍒
𣙐	⿰木⿱吅匝
𣙑	⿰木𡘽
𣙒	⿱木𣇓
𣙓	⿰木彩
𣙔	⿰木梨
𣙕	⿰木敏
𣙖	⿰木𫁹
𣙗	⿱執木
𣙘	⿰木⿳艹𠂉矢
𣙙	⿰木敕
𣙚	⿰木⿱公里
𣙛	⿰木⿱吝⺝
𣙜	⿰木寉
𣙝	⿰木屜
𣙞	⿰木㪷
𣙟	⿰木常
𣙠	⿰木⿱罒灰
𣙡	⿱木⿵冂⿲爻丨爻
𣙢	⿰木圈
𣙣	⿰木㝠
𣙤	⿱减木
𣙥	⿰木盖
𣙦	⿰木痔
𣙧	⿰木眼
𣙨	⿰木𤿤
𣙩	⿰木崇
𣙪	⿰木麻
𣙫	⿰木笠
𣙬	⿰栗巨
𣙭	⿰木笤
𣙮	⿰木斎
𣙯	⿰木堆
𣙰	⿰尼桑
𣙱	⿰木笱
𣙲	⿳⿱士冖缶木
𣙳	⿲木足木
𣙴	⿰木⿱尤谷
𣙵	⿰木淂
𣙶	⿰木⿱弗⿱⿻口⿰丨丨一
𣙷	⿰木莽
𣙸	⿰朱茁
𣙹	⿰束昆
𣙺	⿰木𡕩
𣙻	⿰木菆
𣙼	⿱辝木
𣙽	⿰木厤
𣙾	⿰木⿱⿵𰃦釆丂
𣙿	⿰木費
𣚀	⿰木觜
𣚁	⿰木貲
𣚂	⿰木旑
𣚃	⿰木絜
𣚄	⿱斯木
𣚅	⿰木惪
𣚆	⿰木⿱屯⿰屯屯
𣚇	⿳⿱𰀉冖包木
𣚈	⿰木叅
𣚉	⿰木𮊿
𣚊	⿰木𦓔
𣚋	⿰木𦳃
𣚌	⿰木啻
𣚍	⿰木𠶷
𣚎	⿰木絫
𣚏	⿱亠𪳐
𣚐	⿰木⿱⿻𣄼丨？
𣚑	⿰木𠷎
𣚒	⿰木琶
𣚓	⿲木糹䏍
𣚔	⿰木舄
𣚕	⿰木猒
𣚖	⿰木菴
𣚗	⿰舟桊
𣚘	⿱減木
𣚙	⿰木牋
𣚚	⿰木属
𣚛	⿰木虚
𣚜	⿰木䓗
𣚝	⿰木𮕹
𣚞	⿰木⿳䒑八言
𣚟	⿰木歰
𣚠	⿰木黹
𣚡	⿰木棐
𣚢	⿰木⿺辶叀
𣚣	⿰木異
𣚤	⿰⿱日呆⿱彡又
𣚥	⿰木𦱀
𣚦	⿰木强
𣚧	⿱𭈹木
𣚨	⿰𣏼𣏼
𣚩	⿱⿰启古木
𣚪	⿰木⿱𰁜⿱㇒⿻一止
𣚫	⿰木渚
𣚬	⿰木結
𣚭	⿰木菊
𣚮	⿱揞木
𣚯	⿰⿱⿱士冖束殳
𣚰	⿰木着
𣚱	⿱⿰⿱丷石台木
𣚲	⿰木庾
𣚳	⿰木𮥷
𣚴	⿰木普
𣚵	⿰木焚
𣚶	⿰木琴
𣚷	⿲木古步
𣚸	⿰木裁
𣚹	⿰木⿱氶冏
𣚺	⿰未⿱成母
𣚻	⿰某免
𣚼	⿰木⿷匸晏
𣚽	⿰木替
𣚾	⿰木閔
𣚿	⿰木敞
𣛀	⿰木量
𣛁	⿱淼木
𣛂	⿰木萗
𣛃	⿰木菌
𣛄	⿰木嵐
𣛅	⿱林肯
𣛆	⿰木等
𣛇	⿰木⿱舛合
𣛈	⿰木⿱𥫗⿷匚巿
𣛉	⿰木⿱𣁁⿵𦉪丅
𣛊	⿱⿰分長木
𣛋	⿱桝合
𣛌	⿰來侖
𣛍	⿱棥匹
𣛎	⿰木進
𣛏	⿰木𤭐
𣛐	⿲木⿱午𠃊系
𣛑	⿰木𤊙
𣛒	⿰柰⿱又目
𣛓	⿰木𨱥
𣛔	⿰木㦸
𣛕	⿰果果
𣛖	⿰木𥬯
𣛗	⿰木笿
𣛘	⿰木䠶
𣛙	⿱䒑楽
𣛚	⿰木惢
𣛛	⿰木畫
𣛜	⿰木集
𣛝	⿰木循
𣛞	⿰木淾
𣛟	⿰木掌
𣛠	⿰木買
𣛡	⿰木寓
𣛢	⿰木𡲤
𣛣	⿰木開
𣛤	⿰果來
𣛥	⿰木悲
𣛦	⿰木游
𣛧	⿰木森
𣛨	⿰木朝
𣛩	⿰木筌
𣛪	⿰木須
𣛫	⿰木⿱丳火
𣛬	⿰木卿
𣛭	⿰木都
𣛮	⿰木盛
𣛯	⿰木盗
𣛰	⿰木著
𣛱	⿰木窞
𣛲	⿰木雽
𣛳	⿱艹𣔵
𣛴	⿰木感
𣛵	⿰木皵
𣛶	⿰木煞
𣛷	⿰木盞
𣛸	⿰木賊
𣛹	⿰木遄
𣛺	⿰木厀
𣛻	⿰木牒
𣛼	⿰木䖒
𣛽	⿰木⿱禾亞
𣛾	⿱㮊𠫗
𣛿	⿰木預
𣜀	⿰木⿺𧺆戉
𣜁	⿰木⿱此隹
𣜂	⿰木䪞
𣜃	⿰木𤋃
𣜄	⿱吂⿲月木凡
𣜅	⿱遄木
𣜆	⿰木𦎍
𣜇	⿰木𧵩
𣜈	⿱⿻⿱𠆢𰀁双林
𣜉	⿰木䑓
𣜊	⿰木閘
𣜋	⿰束馬
𣜍	⿱號木
𣜎	⿰木萷
𣜏	⿰木寗
𣜐	⿲木⿱立⺼尤
𣜑	⿰木𭵝
𣜒	⿰木⿱𢆉⿸耳又
𣜓	⿱楙今
𣜔	⿰木⿱尹禺
𣜕	⿱林咸
𣜖	⿰木叠
𣜗	⿰木⿱叒秀
𣜘	⿰木羣
𣜙	⿰木酬
𣜚	⿰木惷
𣜛	⿰木遇
𣜝	⿰木閠
𣜞	⿱⿲木夕木名
𣜟	⿰僉木
𣜠	⿰木𤋮
𣜡	⿰木𧋠
𣜢	⿰果禺
𣜣	⿰喿冘
𣜤	⿰木𬕍
𣜥	⿱敫木
𣜦	⿱道木
𣜧	⿰木煢
𣜨	⿰枲卷
𣜩	⿰柰⿱又米
𣜪	⿰木𤕤
𣜫	⿱雉木
𣜬	⿰木愛
𣜭	⿰木煎
𣜮	⿰木⿱洎少
𣜯	⿰木萱
𣜰	⿰木廉
𣜱	⿰朱崙
𣜲	⿰木遁
𣜳	⿰木葻
𣜴	⿰木愈
𣜵	⿰木號
𣜶	⿰木遏
𣜷	⿰木愁
𣜸	⿰木暈
𣜹	⿰桑弟
𣜺	⿱林⿳冖尸巴
𣜻	⿰来辱
𣜼	⿰木鄉
𣜽	⿰桑成
𣜾	⿱未渚
𣝀	⿰木勤
𣝁	⿰木箄
𣝂	⿰木䰟
𣝃	⿰木箜
𣝄	⿰木⿱⿱𰀉冖？
𣝅	⿰木疑
𣝆	⿱疑木
𣝇	⿰木𪳐
𣝈	⿰木蒹
𣝉	⿰木對
𣝊	⿰木𭀰
𣝋	⿰木遝
𣝌	⿰木緊
𣝍	⿰木蒪
𣝎	⿰木⿱𥫗炎
𣝏	⿰木蒿
𣝐	⿳⿱𰀉冖臼木
𣝑	⿱與木
𣝒	⿰榼木
𣝓	⿰木厭
𣝔	⿰木槖
𣝕	⿰木箋
𣝖	⿰⿳⿱𠂊𫝀日？末
𣝗	⿰木𦞽
𣝘	⿰木⿱艹逄
𣝙	⿰木𡼡
𣝚	⿱㼲木
𣝛	⿰木虡
𣝜	⿰枲扁
𣝝	⿱殻束
𣝞	⿰束巢
𣝟	⿱稳木
𣝠	⿰木㓗
𣝡	⿰木養
𣝢	⿰木⿱业美
𣝥	⿱楙𠘯
𣝦	⿰木翠
𣝧	⿱木爾
𣝨	⿱𩾯木
𣝩	⿰木槀
𣝪	⿱林⿱冖𡬠
𣝫	⿰木截
𣝬	⿰木𬃷
𣝭	⿰栗沓
𣝮	⿰束㒼
𣝯	⿱朿棘
𣝰	⿲木𬜪予
𣝱	⿰木𫈼
𣝲	⿰木鳳
𣝳	⿰木箆
𣝴	⿱棥⿱大𰀁
𣝵	⿰木綠
𣝶	⿰木算
𣝷	⿱壽木
𣝸	⿰木蓆
𣝹	⿱林鬼
𣝺	⿲木哥木
𣝻	⿳木罒昜
𣝼	⿰木⿳自⿱冖八𠔽
𣝽	⿰木𭅞
𣝾	⿰木蓁
𣝿	⿰木⿳來一囘
𣞀	⿰木𮧊
𣞁	⿰木榮
𣞂	⿰木箒
𣞃	⿰呆區
𣞄	⿰末會
𣞅	⿰果朕
𣞆	⿱艸⿲木木木
𣞇	⿲訁木言
𣞈	⿳𰀉⿴囗缶木
𣞉	⿳⿱𰀉冖缶⿱一木
𣞊	⿰朱尊
𣞋	⿰木𠻮
𣞌	⿰木⿳白冖⿱太万
𣞍	⿰木署
𣞎	⿰木蓝
𣞏	⿱𡻦木
𣞐	⿰木寫
𣞑	⿰木甍
𣞒	⿰木敷
𣞓	⿰木蔍
𣞔	⿰木歎
𣞕	⿰木蓺
𣞖	⿱林⿴囗炎
𣞗	⿰木劉
𣞘	⿰木匳
𣞙	⿰壴桑
𣞚	⿰木𢀩
𣞛	⿲木⿱㇒⿵⺆三㚇
𣞜	⿰木𡙹
𣞝	⿰木憃
𣞞	⿰木⿱业⿻羊𠬞
𣞟	⿰枲真
𣞠	⿰木貌
𣞡	⿲木舟㚇
𣞢	⿰木蔗
𣞣	⿱？⿲木亡木
𣞤	⿱⿻大𠦜林
𣞥	⿲木未員
𣞦	⿰木⿳艹⿻丅⿻冖⿰丨丨田
𣞧	⿰木⿱业𣴎
𣞨	⿰木蔚
𣞩	⿰木暮
𣞪	⿰木墨
𣞫	⿰木䈎
𣞬	⿰木⿱𥫗𫐣
𣞭	⿰木𡕷
𣞮	⿰木𬕟
𣞯	⿰木⿱𥫗韭
𣞰	⿰柬桑
𣞱	⿰木𠾂
𣞲	⿰木瞏
𣞳	⿰木靠
𣞴	⿰梨居
𣞵	⿰桑甚
𣞶	⿰木輦
𣞷	⿰木蔥
𣞸	⿰木⿱⿻土吅回
𣞹	⿰木⿳目⿱一八車
𣞺	⿰木暴
𣞻	⿰木罷
𣞼	⿰木養
𣞽	⿰木鄧
𣞾	⿰木蔞
𣞿	⿲木⿱夕缶糸
𣟀	⿰木蓬
𣟁	⿰木墮
𣟂	⿰木寬
𣟃	⿰木⿳⿱艹罒冖歹
𣟄	⿰木橐
𣟅	⿰木嬴
𣟆	⿰木遼
𣟇	⿰木𥂔
𣟈	⿱林⿸厂剡
𣟉	⿱衞木
𣟊	⿰木褭
𣟋	⿰木褰
𣟌	⿰木隷
𣟍	⿲木𰧭⿱又米
𣟎	⿰木⿳亠䀠𧘇
𣟏	⿳⿱𰀉冖𠱠木
𣟐	⿰木⿱亠翟
𣟑	⿰橙寸
𣟒	⿱𡘲林
𣟓	⿰木頴
𣟔	⿰木⿱艹⿱甫寸
𣟕	⿰木燊
𣟖	⿰木磨
𣟗	⿰木彜
𣟘	⿳⿱⿻十吅冖缶木
𣟙	⿰木選
𣟚	⿰木𠔳
𣟛	⿰木燕
𣟜	⿱林⿸广⿰？寸
𣟝	⿰木⿳卝罒我
𣟞	⿰木𦻳
𣟟	⿰木𬑤
𣟠	⿰木縣
𣟡	⿰木錦
𣟢	⿰木篚
𣟣	⿰木⿳𥫗？⿻三丨
𣟤	⿰木穎
𣟥	⿰木𢡃
𣟦	⿰華𣏋
𣟨	⿰木䝿
𣟩	⿰木頹
𣟪	⿰木耨
𣟫	⿰木蕑
𣟬	⿰木䦨
𣟭	⿰木駡
𣟮	⿰柔𡕩
𣟯	⿰木蹇
𣟰	⿱輿木
𣟱	⿰木𦦙
𣟲	⿰木鮮
𣟳	⿰木還
𣟴	⿰木𢩠
𣟵	⿰木戲
𣟶	⿱䕌木
𣟷	⿲木⿱⿰丨⺊⿵冂𠈌攵
𣟸	⿰木麋
𣟹	⿰木篸
𣟺	⿰木斂
𣟻	⿰木⿱⿳亠丷冖患
𣟼	⿰枲焦
𣟽	⿰枲勞
𣟾	⿱繇木
𣠀	⿳⿱𰀉冖？杲
𣠁	⿰栗產
𣠂	⿰木糞
𣠃	⿲木壴炎
𣠄	⿰木⿱雨品
𣠅	⿰木⿳艹⿰冫臣皿
𣠆	⿱束𣗥
𣠇	⿰木薟
𣠈	⿳棥冖时
𣠉	⿰木⿳𥫗罒戌
𣠊	⿰木⿳𥫗罒年
𣠋	⿱⿲糹白糹木
𣠌	⿰木⿳雨口⿵冂⿱丷丅
𣠍	⿰木⿱山熏
𣠎	⿰枲堯
𣠏	⿰枲最
𣠐	⿰木𩫖
𣠑	⿰木篷
𣠒	⿰審朱
𣠓	⿰木篻
𣠔	⿳⿱𰀉冖圂木
𣠕	⿱未豬
𣠖	⿱未諸
𣠗	⿰木歸
𣠘	⿰木⿱𥫗皐
𣠙	⿰木𤐫
𣠚	⿰木霤
𣠛	⿱雜木
𣠜	⿰木⿱翟火
𣠝	⿰木薾
𣠞	⿱聶木
𣠟	⿰木鬵
𣠠	⿰木壘
𣠡	⿰木䌛
𣠢	⿰木題
𣠣	⿰木⿳𪧈一⿱罒心
𣠥	⿰木雜
𣠦	⿰木𭔟
𣠧	⿰木⿳棥冖手
𣠨	⿰木⿱日𠪚
𣠩	⿰木藍
𣠪	⿰木⿳⿴𦥑同一火
𣠫	⿳棥冖⿰？阝
𣠬	⿰⿱⿻十仌⿴⿰⿱丶㇀⿱㇒丶亅⿱⿻十仌⿴⿰⿱丶㇀⿱㇒丶亅
𣠭	⿰木𢇕
𣠮	⿱⿵𡘲亡林
𣠯	⿰木⿸广⿸尸⿳罒𠫔𧘇
𣠰	⿰木簡
𣠱	⿰木簪
𣠲	⿰木禮
𣠳	⿰柔詹
𣠴	⿰桼⿳山𠕀文
𣠵	⿳⿲木夕木冖𡬠
𣠶	⿱朱覩
𣠷	⿰木繭
𣠸	⿰木關
𣠹	⿰木纂
𣠺	⿰木簽
𣠻	⿰木㰆
𣠼	⿰木𨶪
𣠾	⿰木羸
𣠿	⿱⿰臣⿱𠂉鹵木
𣡀	⿰木⿱雚又
𣡁	⿰木𱌛
𣡂	⿰木靡
𣡃	⿰木㞡
𣡄	⿰木攀
𣡅	⿰木⿳𠂉⿻卄丨⿲⺼羊⿻⿻㇈丿丶
𣡆	⿰壼桑
𣡇	⿱棥尉
𣡈	⿱⿱⿴𦥑同冖果
𣡉	⿰桑奥
𣡊	⿰木藝
𣡋	⿰木⿱共爾
𣡌	⿰木獻
𣡍	⿱棘棘
𣡎	⿲木鬯秦
𣡏	⿳𰀉⿴囗⿰⿱吕一⿱口夕木
𣡐	⿰木⿱𫁒冏
𣡑	⿰木⿳⿲木夕木冖即
𣡒	⿰木勸
𣡓	⿰木籃
𣡔	⿰木籄
𣡕	⿱林⿰林林
𣡖	⿳⿱𰀉冖石棐
𣡗	⿱果𣛕
𣡘	⿰木𣍘
𣡙	⿰果賴
𣡚	⿱果賴
𣡛	⿰木匶
𣡜	⿳棥冖⿰？井
𣡝	⿰盃樂
𣡞	⿰木䦲
𣡟	⿰木⿳畾冖⿱夕一
𣡠	⿰木⿱䀠曼
𣡡	⿳⿲木缶木冖𡬠
𣡢	⿰木蠢
𣡣	⿰木𪉷
𣡤	⿰木曩
𣡥	⿳亠⿱⿴𦥑同冖林
𣡦	⿳𰀉⿴囗⿱吅⿰巳爻木
𣡧	⿰木罍
𣡨	⿳木罒⿰？阝
𣡩	⿰木彎
𣡪	⿳⿱𰀉冖⿱吅⿰⿼己？爻木
𣡫	⿳木⿻吕⿰丨丨⿰⿱㇒鬯寸
𣡬	⿰木⿸户⿱氺睘
𣡭	⿰木疊
𣡮	⿰木𣠵
𣡯	⿰罢機
𣡰	⿱𠆢𣡗
𣡱	⿳⿲木夕木冖⿱罒𡬠
𣡲	⿰木顯
𣡳	⿰樂⿱多吉
𣡴	⿰木⿹勹轟
𣡵	⿰木欒
𣡶	⿰木鹽
𣡷	⿳覀⿰𠧪𠧪木
𣡸	⿳⿲木缶木罒𡬠
𣡹	⿰木廳
𣡺	⿳⿰田田𣑩⿰田田
𣡻	⿲木雚隹
𣡼	⿱𠨋木
𣡽	⿱⿰林林⿰林林
𣡾	⿱𣛕𣛕
𣡿	⿰木爨
𣢀	⿰卩欠
𣢁	⿰尸欠
𣢂	⿸尸欠
𣢃	⿰止欠
𣢄	⿰幺欠
𣢅	⿰亡欠
𣢆	⿰乞欠
𣢇	⿰己欠
𣢈	⿰工欠
𣢉	⿰化欠
𣢊	⿰勿欠
𣢋	⿰比欠
𣢌	⿰冘欠
𣢍	⿰兮欠
𣢎	⿰氏欠
𣢏	⿰分欠
𣢐	⿰欠欠
𣢑	⿰㞢欠
𣢒	⿰少欠
𣢓	⿰廿欠
𣢔	⿰？欠
𣢕	⿰旡欠
𣢖	⿰户欠
𣢗	⿰甲欠
𣢘	⿰申欠
𣢙	⿱此欠
𣢚	⿰瓜欠
𣢛	⿰戹欠
𣢜	⿰幼欠
𣢝	⿰令欠
𣢞	⿰尼欠
𣢟	⿰甘欠
𣢠	⿰必欠
𣢡	⿰生欠
𣢢	⿱幼欠
𣢣	⿰？欠
𣢤	⿰占欠
𣢥	⿰丘欠
𣢦	⿰立欠
𣢧	⿰㬰欠
𣢨	⿰后欠
𣢩	⿰劦欠
𣢪	⿰危欠
𣢫	⿰𡉚欠
𣢬	⿰㕂欠
𣢭	⿰𣱷欠
𣢮	⿰𦣞欠
𣢯	⿰舌欠
𣢰	⿰尗欠
𣢱	⿰𠮰欠
𣢲	⿰⿱八今欠
𣢳	⿰⿱𠂒力欠
𣢴	⿰⿱𠂉开欠
𣢵	⿰⿸戶厶欠
𣢶	⿰至欠
𣢷	⿰各欠
𣢸	⿰𪟩欠
𣢹	⿰耒欠
𣢺	⿰含欠
𣢻	⿰⿱上水欠
𣢼	⿰皀欠
𣢽	⿰岑欠
𣢾	⿰𥘈欠
𣢿	⿰亩欠
𣣀	⿱次冉
𣣁	⿲己斤欠
𣣂	⿰⿱𰀆口欠
𣣃	⿰𠩉欠
𣣄	⿰吾欠
𣣅	⿰⿱匕禾欠
𣣆	⿰⿱口𡈼欠
𣣇	⿰⿱上夫欠
𣣈	⿰念欠
𣣉	⿰兒欠
𣣊	⿰呰欠
𣣋	⿰夌欠
𣣌	⿰死次
𣣍	⿰虎欠
𣣎	⿰育欠
𣣏	⿰昏欠
𣣐	⿰芾欠
𣣑	⿰𡊭欠
𣣒	⿰斤欥
𣣓	⿱欠𣢐
𣣔	⿰⿱丷𢀛欠
𣣕	⿰⿸虍人欠
𣣖	⿰函欠
𣣗	⿰⿱山示欠
𣣘	⿰昌欠
𣣙	⿰𣐁欠
𣣚	⿰奄欠
𣣛	⿱𣢐火
𣣜	⿰糼欠
𣣝	⿱即欠
𣣞	⿰軍欠
𣣟	⿰客欠
𣣠	⿰侯欠
𣣡	⿰矦欠
𣣢	⿰信欠
𣣣	⿰𡱒欠
𣣤	⿰昬欠
𣣥	⿰盇欠
𣣦	⿰⿳口巛巛欠
𣣧	⿰𠧪欠
𣣨	⿰𠚏欠
𣣩	⿰𡘐欠
𣣪	⿲斤白欠
𣣫	⿰酋欠
𣣬	⿰⿱二貝欠
𣣭	⿰厙欠
𣣮	⿰𡸁欠
𣣯	⿰⿹勹⿻⿱凵凵山欠
𣣰	⿱次⿰歺几
𣣱	⿰竒欠
𣣲	⿰脅欠
𣣳	⿰䍃欠
𣣴	⿰眔欠
𣣵	⿰羔欠
𣣶	⿰害欠
𣣷	⿰蚩欠
𣣸	⿰𠧴欠
𣣹	⿰盍欠
𣣺	⿰夏欠
𣣻	⿰圅欠
𣣼	⿰益欠
𣣽	⿰𨤾欠
𣣾	⿸厂㰳
𣣿	⿰⿱⿱士冖台欠
𣤀	⿰⿱？𦓐欠
𣤁	⿰彧欠
𣤂	⿰⿳卉一木欠
𣤃	⿱𣢾乃
𣤄	⿰容欠
𣤅	⿰居欢
𣤆	⿰匪欠
𣤇	⿰隺欠
𣤈	⿰責欠
𣤉	⿰貪欠
𣤊	⿰習欠
𣤋	⿰婁欠
𣤌	⿰⿱叕口欠
𣤍	⿰䚻欠
𣤎	⿺辶⿰肖欠
𣤏	⿰⿱𠓛𦨉欠
𣤐	⿰或吹
𣤑	⿰⿱臼可欠
𣤒	⿰⿱臼句欠
𣤓	⿰鹵欠
𣤔	⿰⿸厂俞欠
𣤕	⿰⿱双酉欠
𣤖	⿰軗欠
𣤗	⿰⿱𠆢音欠
𣤘	⿰斯欠
𣤙	⿰喬欠
𣤚	⿰焦欠
𣤛	⿰猋欠
𣤜	⿰⿱叕木欠
𣤝	⿰⿸⿸⿰丿⿱⺊⺂七⿳八𠆢日欠
𣤞	⿰⿱日並欠
𣤟	⿰⿳士⿱冖八电欠
𣤠	⿰歲欠
𣤡	⿰奥欠
𣤢	⿰𣪠欠
𣤣	⿰⿱𱼀音欠
𣤤	⿰廉欠
𣤥	⿰䝱欠
𣤦	⿰⿱𠧠玉欠
𣤧	⿰⿱⿱⺊冖⿱八𥃦欠
𣤨	⿰蒦欠
𣤩	⿰翟欠
𣤪	⿰𦑕欠
𣤫	⿰壽欠
𣤬	⿰⿳龷𠈌⿰个个欠
𣤭	⿰⿱咸糸欠
𣤮	⿰感次
𣤯	⿰賣欠
𣤰	⿰樂欠
𣤱	⿰毚欠
𣤲	⿰噩欠
𣤳	⿰⿱直彼欠
𣤴	⿰戲欠
𣤵	⿰嬰欠
𣤶	⿰鼀欠
𣤷	⿰⿳士𰀦木欠
𣤸	⿰襄欠
𣤹	⿰𥼚欠
𣤺	⿰⿳士罒䀠欠
𣤻	⿲⿱？矢⿱𦣻止欠
𣤼	⿰⿳士？亞欠
𣤽	⿰⿳亠⿱㗊一𧘇欠
𣤾	⿰⿱雚又欠
𣤿	⿰鰥欠
𣥀	⿰屬欠
𣥁	⿰𪄿欠
𣥂	㇯少丶
𣥃	⿰止乚
𣥄	⿾正
𣥅	⿱止匕
𣥆	⿱𰀪止
𣥇	⿰止卂
𣥈	⿱止巾
𣥉	⿺尺止
𣥊	⿰亡止
𣥋	⿳㇒⿷止一一
𣥌	⿱止上
𣥍	⿱止斤
𣥎	⿱止开
𣥏	⿱止𧘇
𣥐	⿱止从
𣥑	⿱止⿵冂⿱丶丨
𣥒	⿱⿿止止
𣥓	⿹⿱⿰丨⺊⺄止
𣥔	⿱𠮛止
𣥕	⿱止止
𣥖	⿰止止
𣥗	⿱止𱤻
𣥘	⿰止巴
𣥙	⿱𠔿止
𣥚	⿱夭止
𣥛	⿰正夕
𣥜	⿱止日
𣥝	⿱分止
𣥞	⿰止井
𣥟	⿱止井
𣥠	⿰𱤻止
𣥡	⿰止毛
𣥢	⿰立止
𣥣	⿰止皮
𣥤	⿱止田
𣥥	⿱此千
𣥦	⿰止艮
𣥧	⿱止吅
𣥨	⿱此及
𣥩	⿳止二⿱一𣥂
𣥪	⿱止⿵𠘨斤
𣥫	⿱止𦥒
𣥬	⿰⿱止刀⿱𰀪厶
𣥭	⿱止幵
𣥮	⿱止圭
𣥯	⿱止有
𣥰	⿱止𠆸
𣥱	⿰止吏
𣥲	⿱⿰彡土止
𣥳	⿱余止
𣥴	⿳止口𠚪
𣥵	⿰正朱
𣥶	⿳止日𣥂
𣥷	⿳止夂中
𣥸	⿳止又目
𣥹	⿰止叔
𣥺	⿱𫩠止
𣥻	⿰止夌
𣥼	⿱止⿶凵吅
𣥽	⿰止毒
𣥾	⿰止沓
𣥿	⿳止⿻⿰𠄠𠄠一𣥂
𣦀	⿱芸止
𣦁	⿱𣥖从
𣦂	⿱𰢴凪
𣦃	⿱止舠
𣦄	⿳止八业
𣦅	⿱止宗
𣦆	⿰𱤽吏
𣦇	⿰止复
𣦈	⿰止者
𣦉	⿱止省
𣦊	⿱止⿱丛从
𣦋	⿱止⿶凵⿱儿⿰𠄠𠄠
𣦌	⿱止癸
𣦍	⿰宜正
𣦎	⿰正尚
𣦏	⿹武丗
𣦐	⿱止罡
𣦑	⿰烏止
𣦒	⿱止脊
𣦓	⿰正貞
𣦔	⿱𨊴止
𣦕	⿰⿳止日上止
𣦖	⿰卓步
𣦗	⿱止⿴囗𠈌
𣦘	⿰鳥止
𣦙	⿰⿱止圼止
𣦚	⿰⿱不止束
𣦛	⿰倘正
𣦜	⿰止喬
𣦝	⿰止尊
𣦞	⿱？𭭛
𣦟	⿰止童
𣦠	⿰止屠
𣦡	⿰止著
𣦢	⿱辟止
𣦣	⿱𡷈𣥕
𣦤	⿱敦正
𣦥	⿰正堯
𣦦	⿺歲目
𣦧	⿺歲出
𣦨	⿰⿱𠂤止來
𣦩	⿱止皷
𣦪	⿱⿲㕛臣㕛止
𣦫	⿺歲印
𣦬	⿺𡻕出
𣦭	⿱歲屾
𣦮	⿰卒歲
𣦯	⿱⿸厤厽止
𣦰	⿰歷吏
𣦱	⿱䜌止
𣦲	⿰𣦒⿱支立
𣦳	⿰⿳止⿻人⿰⿱丶㇀⿱㇒丶目⿱支立
𣦴	⿱𣥚⿰𣥚𣥚
𣦵	⿱⺊𠔼
𣦶	
𣦷	⿰歺乚
𣦸	⿰歺人
𣦹	⿰歹人
𣦺	⿰歹力
𣦻	⿰𣦵又
𣦼	⿰歺又
𣦽	⿰歹几
𣦾	⿰歹⿻𠃊乚
𣦿	⿰歹于
𣧀	⿰歹勺
𣧁	⿰歹亏
𣧂	⿰歹大
𣧃	⿰歹乇
𣧄	⿱巛歹
𣧅	⿰歹土
𣧆	⿰歹弋
𣧇	⿰歹⿲丿丶乚
𣧈	⿰歹山
𣧉	⿰歹及
𣧊	⿰歹丑
𣧋	⿰歹欠
𣧌	⿰歹戈
𣧍	⿰歹内
𣧎	⿰歹夬
𣧏	⿰歹攴
𣧐	⿰歹止
𣧑	⿰歹凶
𣧒	⿰歹𡕒
𣧓	⿰歹𰁒
𣧔	⿰歹勾
𣧕	⿰歺夭
𣧖	⿰歹尐
𣧗	⿰歹尤
𣧘	⿰歹牛
𣧙	⿰歹手
𣧚	⿰月歹
𣧛	⿰歹火
𣧜	⿰歹巴
𣧝	⿰歹囚
𣧞	⿰歹失
𣧟	⿰歹民
𣧠	⿰歹尒
𣧡	⿰歹戉
𣧢	⿰歹尔
𣧣	⿰歹末
𣧤	⿰歹可
𣧥	⿰歹幼
𣧦	⿰歹布
𣧧	⿰歹犮
𣧨	⿰歹𪩲
𣧩	⿰歹冬
𣧪	⿰歹出
𣧫	⿰歹乍
𣧬	⿰歹句
𣧭	⿰歹丘
𣧮	⿰歺古
𣧯	⿰歹乎
𣧰	⿰歹丙
𣧱	⿰歹冊
𣧲	⿰歹米
𣧳	⿰歹各
𣧴	⿰歹㬰
𣧵	⿰歹戌
𣧶	⿰歹𠬪
𣧷	⿰歹朵
𣧸	⿰歹次
𣧹	⿰歹耳
𣧺	⿰歹⿻𦉫𠄠
𣧻	⿰歹肉
𣧼	⿰歹危
𣧽	⿰歹𭗼
𣧾	⿰歹艮
𣧿	⿰歹列
𣨀	⿱不死
𣨁	⿰歹朿
𣨂	⿰歹至
𣨃	⿰歹⿸申丶
𣨄	⿰歺合
𣨅	⿰歹寽
𣨆	⿰歹皃
𣨇	⿰歹丣
𣨈	⿰歹甫
𣨉	⿰歹亨
𣨊	⿰歹扸
𣨋	⿰歹折
𣨌	⿰歹言
𣨍	⿰歹角
𣨎	⿰歹坐
𣨏	⿰歺𠬸
𣨐	⿰歹作
𣨑	⿱⿱士冖死
𣨒	⿰歹系
𣨓	⿰歹告
𣨔	⿰歹伯
𣨕	⿰歹呂
𣨖	⿰歺徂
𣨗	⿱析歹
𣨘	⿰歹芺
𣨙	⿰歹委
𣨚	⿰歹𣏋
𣨛	⿰歹卒
𣨜	⿰歹夜
𣨝	⿰歹於
𣨞	⿰歹奉
𣨟	⿰歹易
𣨠	⿰歹芯
𣨡	⿰歹岳
𣨢	⿰歹屈
𣨣	⿰歹京
𣨤	⿰歹或
𣨥	⿰歹朋
𣨦	⿰𣦵𭟲
𣨧	⿰歹育
𣨨	⿰歹⿱回又
𣨩	⿰歹宜
𣨪	⿰歹果
𣨫	⿰歹隹
𣨬	⿰歹炎
𣨭	⿰歹官
𣨮	⿰歹㸒
𣨯	⿰歺昏
𣨰	⿱托死
𣨱	⿰歹咼
𣨲	⿰歹度
𣨳	⿰歹䢼
𣨴	⿰歹某
𣨵	⿰歹曷
𣨶	⿰歹彖
𣨷	⿰歺咼
𣨸	⿰歹⿰𣧄刂
𣨹	⿰歹彦
𣨺	⿰歹骨
𣨻	⿱⿳亠口冖死
𣨼	⿰歹带
𣨽	⿰歹英
𣨾	⿰歹星
𣨿	⿰歹軍
𣩀	⿰歹扁
𣩁	⿱死折
𣩂	⿱折死
𣩃	⿰歹即
𣩄	⿰歹盍
𣩅	⿰歹高
𣩆	⿰歹冥
𣩇	⿱府死
𣩈	⿰歹差
𣩉	⿱𣨑䒑
𣩊	⿰歹桀
𣩋	⿰歹祚
𣩌	⿰歹⿱⿰⿱上一又手
𣩍	⿰歹翏
𣩎	⿰歹莫
𣩏	⿰歹鹿
𣩐	⿰歹宿
𣩑	⿰歹崔
𣩒	⿰歹曹
𣩓	⿰歹巢
𣩔	⿰歹貫
𣩕	⿰歺魚
𣩖	⿱⿱爫⿻冄丨死
𣩗	⿰歹將
𣩘	⿰歹專
𣩙	⿰歹焉
𣩚	⿰歹𦕒
𣩛	⿰歹區
𣩜	⿰歹竟
𣩝	⿰歹閑
𣩞	⿰歹閒
𣩟	⿰歹登
𣩠	⿰歹斯
𣩡	⿰歹最
𣩢	⿰歹尞
𣩣	⿰歹𦯧
𣩤	⿰歹惡
𣩥	⿰歹買
𣩦	⿰歹堯
𣩧	⿰歹善
𣩨	⿰歹葉
𣩩	⿱辟歹
𣩪	⿰歹歲
𣩫	⿰歹業
𣩬	⿰歹𧵩
𣩭	⿱欲死
𣩮	⿰歹會
𣩯	⿰歹㬎
𣩰	⿰歹翟
𣩱	⿰歹蓋
𣩲	⿰歹𡏳
𣩳	⿰歹朁
𣩴	⿱强死
𣩵	⿰歹賔
𣩶	⿰歹⿱癶韭
𣩷	⿰歹䔡
𣩸	⿱碎死
𣩹	⿰歹褱
𣩺	⿱⿱⿴𦥑同冖死
𣩻	⿰歺褱
𣩼	⿰歹闌
𣩽	⿰歹襄
𣩾	⿳荅𫇦死
𣩿	⿰歹羅
𣪀	⿰歹顛
𣪁	⿰歹贊
𣪂	⿰丹殳
𣪃	⿰⿸𡰣𠃍殳
𣪄	⿰欠殳
𣪅	⿰正殳
𣪆	⿰号殳
𣪇	⿰古殳
𣪈	⿰多殳
𣪉	⿰⿱口尸殳
𣪊	⿰⿳士冖一殳
𣪋	⿰求殳
𣪌	⿰豆殳
𣪍	⿰⿸尸⿱几几殳
𣪎	⿰⿱士⺝殳
𣪏	⿰⿱𫜹⺝殳
𣪐	⿰𠃬殳
𣪑	⿰𥘈殳
𣪒	⿰⿱⿱士冖丂殳
𣪓	⿰肙殳
𣪔	⿰⿸戶亏殳
𣪕	⿰㿝殳
𣪖	⿰釆殳
𣪗	⿰⿱士円殳
𣪙	⿰卓殳
𣪚	⿰⿱龷⺝殳
𣪛	⿰⿱⿱士冖𠔼殳
𣪜	⿰乖殳
𣪝	⿰⿱⿱士冖土殳
𣪞	⿰⿱白廾殳
𣪟	⿰育殳
𣪠	⿰𨊥殳
𣪡	⿰韋殳
𣪢	⿰亭殳
𣪣	⿰⿱彐𧰨殳
𣪤	⿱殸力
𣪥	⿱𣪊口
𣪦	⿰看殳
𣪧	⿰⿱白方殳
𣪨	⿰⿱⿱士冖天殳
𣪩	⿰⿳㐅㐅朩殳
𣪪	⿰⿸疒𠮛殳
𣪫	⿰⿸尸⿳一八⿱一八殳
𣪬	⿰⿱⿱士冖牜殳
𣪭	⿰⿱龶目殳
𣪮	⿰宰殳
𣪯	⿰宫殳
𣪰	⿰盌殳
𣪱	⿰豈殳
𣪲	⿰丵殳
𣪳	⿰⿱⿳士冖一欠殳
𣪴	⿰⿳？冖𧰨殳
𣪵	⿰展殳
𣪶	⿰參殳
𣪷	⿰⿱臼𡈼殳
𣪸	⿰⿱⿳士冖一古殳
𣪹	⿰⿱⿳士冖一出殳
𣪺	⿰⿳⿱十冖一糸殳
𣪻	⿰菐殳
𣪼	⿰牚殳
𣪽	⿰喬殳
𣪾	⿰𠷎殳
𣪿	⿰棠殳
𣫀	⿰⿱⿱士冖告殳
𣫁	⿰堯殳
𣫂	⿰⿳⿱十冖一車殳
𣫃	⿰⿱⿱士冖孚殳
𣫄	⿰⿱林⺝殳
𣫅	⿰⿱⿱士冖角殳
𣫆	⿱殸正
𣫇	⿰⿱売示殳
𣫈	⿰⿱⿱士冖酉殳
𣫉	⿱⿰⿱⿱士冖禾殳乃
𣫊	⿱殸古
𣫋	⿰𨤐殳
𣫌	⿰⿱⿳士冖一孚殳
𣫍	⿰僉殳
𣫎	⿰⿱⿳士冖一束殳
𣫏	⿰⿱臼言殳
𣫐	⿰壽殳
𣫑	⿰算殳
𣫒	⿱殸巠
𣫓	⿰⿱⿳士冖一林殳
𣫔	⿰⿱⿳士冖一豖殳
𣫕	⿱田殿
𣫖	⿰𧱏殳
𣫗	⿰⿳⿱士冖口米殳
𣫘	⿱殸卵
𣫙	⿱殸杲
𣫚	⿰⿱𨐌豕殳
𣫛	⿰⿱⿳亠⿴⿰丨丨𠄠冖豕殳
𣫜	⿱殸卓
𣫝	⿱殸空
𣫞	⿰⿶臼丵殳
𣫟	⿰⿹𢏚羽殳
𣫠	⿰⿳⿱十冖一鳥殳
𣫡	⿱𥪴殳
𣫢	⿰簽殳
𣫣	⿱殸蛬
𣫤	⿱殸登
𣫥	⿱殹康
𣫦	⿱𣪠處
𣫧	⿰藶殳
𣫨	⿱殸⿳⿵𠆢一罒皿
𣫩	⿰⿳⿱业𦍌臼木殳
𣫪	⿱⿰⿱⿱士冖禾殳會
𣫫	⿱殹鍂
𣫬	
𣫭	⿱亠母
𣫮	⿱子母
𣫯	⿱母母
𣫰	⿰母巴
𣫱	⿱云母
𣫲	⿱母仃
𣫳	⿱毋冊
𣫴	⿱圭母
𣫵	⿱大毒
𣫶	⿱𡭔毒
𣫷	⿰每半
𣫸	⿰每世
𣫹	⿰甲毒
𣫺	⿰每育
𣫻	⿳毌⿻口木女
𣫼	⿰每宛
𣫽	⿱⿰禾成毋
𣫾	⿰每容
𣫿	⿱⿰米成母
𣬀	⿰來⿱成母
𣬁	⿰每盧
𣬂	⿱比干
𣬃	⿱比⿰？𠃌
𣬄	⿱比分
𣬅	⿱比比
𣬆	⿱比反
𣬇	⿱比⿰？刀
𣬈	⿰囟比
𣬉	⿱囟比
𣬊	⿱比开
𣬋	⿱⿱⺈罒比
𣬌	⿳⿱㇒𠔿冖比
𣬍	⿰苗比
𣬎	⿱㲋夬
𣬏	⿱北𦊁
𣬐	⿱㲋史
𣬑	⿰同昆
𣬒	⿱㲋吏
𣬓	⿳比𠈌廾
𣬔	⿱𭯍吏
𣬕	⿱㲋吾
𣬖	⿰⿱甶田𣬅
𣬗	⿰⿱比毘灷
𣬘	⿰⿱比𦊁灷
𣬙	⿰⿱咅比竞
𣬚	⿱㲋⿰兔兔
𣬛	⿻⿱㇒二乚
𣬜	⿱毛儿
𣬝	⿺毛了
𣬞	⿺毛刀
𣬟	⿺毛刂
𣬠	⿺毛几
𣬡	⿱巛毛
𣬢	⿺毛巾
𣬣	⿺毛口
𣬤	⿺毛阝
𣬥	⿺毛子
𣬦	⿱口毛
𣬧	⿱毛口
𣬨	⿺毛久
𣬩	⿰分毛
𣬪	⿰巿毛
𣬫	⿺毛介
𣬬	⿺毛及
𣬭	⿰冄毛
𣬮	⿰匹毛
𣬯	⿺毛斗
𣬰	⿺毛日
𣬱	⿱毛从
𣬲	⿺毛攵
𣬳	⿺毛牛
𣬴	⿺毛欠
𣬵	⿰方毛
𣬶	⿺毛巴
𣬷	⿱巴毛
𣬸	⿰召毛
𣬹	⿰令毛
𣬺	⿰生毛
𣬻	⿱氶毛
𣬼	⿺毛皮
𣬽	⿺毛戊
𣬾	⿰丕毛
𣬿	⿺毛乍
𣭀	⿰包毛
𣭁	⿱此毛
𣭂	⿰史毛
𣭃	⿰囚毛
𣭄	⿱奴毛
𣭅	⿰矛毛
𣭆	⿺毛台
𣭇	⿺毛母
𣭈	⿺毛必
𣭉	⿺毛立
𣭊	⿺毛右
𣭋	⿺毛加
𣭌	⿺毛⿻三⿰丿丨
𣭍	⿺毛朮
𣭎	⿺毛古
𣭏	⿺毛石
𣭐	⿺毛未
𣭑	⿺毛出
𣭒	⿺毛目
𣭓	⿺毛只
𣭔	⿺毛令
𣭕	⿺毛㐱
𣭖	⿰号毛
𣭗	⿺毛𪠲
𣭘	⿰弗毛
𣭙	⿺毛尼
𣭚	⿺毛包
𣭛	⿺毛乏
𣭜	⿺毛羽
𣭝	⿺毛合
𣭞	⿺毛耳
𣭟	⿱先毛
𣭠	⿱如毛
𣭡	⿰先毛
𣭢	⿰老毛
𣭣	⿰⿱㇒⿻⺆𰀁毛
𣭤	⿺毛毕
𣭥	⿺毛尽
𣭦	⿺毛虫
𣭧	⿺毛多
𣭨	⿺毛名
𣭩	⿺毛伏
𣭪	⿺毛舌
𣭫	⿰⿱夂彡毛
𣭬	⿺毛⿱夂小
𣭭	⿱㓞毛
𣭮	⿱龹毛
𣭯	⿺毛夷
𣭰	⿰牟毛
𣭱	⿺毛肖
𣭲	⿰甬毛
𣭳	⿰求毛
𣭴	⿺毛束
𣭵	⿰束毛
𣭶	⿰夾毛
𣭷	⿰孛毛
𣭸	⿰旱毛
𣭹	⿰⿱夭干毛
𣭺	⿰⿸户？毛
𣭻	⿰𧾷毛
𣭼	⿰尿毛
𣭽	⿰辰毛
𣭾	⿺毛甫
𣭿	⿺毛弄
𣮀	⿱利毛
𣮁	⿺毛秀
𣮂	⿺毛利
𣮃	⿺毛呆
𣮄	⿺毛妥
𣮅	⿺毛沙
𣮆	⿰兑毛
𣮇	⿰吳毛
𣮈	⿱屈毛
𣮉	⿰來毛
𣮊	⿰㝵毛
𣮋	⿱𥝢毛
𣮌	⿺疌毛
𣮍	⿰毛妾
𣮎	⿺毛昆
𣮏	⿺毛戔
𣮐	⿺毛卑
𣮑	⿺毛昌
𣮒	⿰庚毛
𣮓	⿺毛罙
𣮔	⿰果毛
𣮕	⿰匊毛
𣮖	⿱⿰牙攵毛
𣮗	⿺毛靣
𣮘	⿺毛京
𣮙	⿺毛放
𣮚	⿺毛𢪙
𣮛	⿺毛青
𣮜	⿺毛尚
𣮝	⿱⿰⿻三丨⿻三丨毛
𣮞	⿺毛舍
𣮟	⿰叁毛
𣮠	⿰⿱龷⺝毛
𣮡	⿰奔毛
𣮢	⿰享毛
𣮣	⿺毛庚
𣮤	⿺毛宗
𣮥	⿰罙毛
𣮦	⿰奈毛
𣮧	⿰並毛
𣮨	⿺毛禺
𣮩	⿺毛酋
𣮪	⿰柔毛
𣮫	⿱叚毛
𣮬	⿺毛叜
𣮭	⿰亲毛
𣮮	⿰眉毛
𣮯	⿰⿳穴𠆢又毛
𣮰	⿰𣐥毛
𣮱	⿰叚毛
𣮲	⿺毛⿱左⺝
𣮳	⿰巾耄
𣮴	⿺毛訇
𣮵	⿰臾毛
𣮶	⿺毛星
𣮷	⿺毛曷
𣮸	⿰叜毛
𣮹	⿺毛首
𣮺	⿺毛美
𣮻	⿺毛面
𣮼	⿺毛耑
𣮽	⿺毛⿱山糸
𣮾	⿰⿱士米毛
𣮿	⿰面毛
𣯀	⿺毛冒
𣯁	⿺毛臾
𣯂	⿺毛保
𣯃	⿰咨毛
𣯄	⿰毛匽
𣯅	⿰⿸厂炎毛
𣯆	⿰耆毛
𣯇	⿰羔毛
𣯈	⿰荅毛
𣯉	⿰眔毛
𣯊	⿺毛旁
𣯋	⿺毛⿸辰寸
𣯌	⿰娑毛
𣯍	⿰毛隼
𣯎	⿰昷毛
𣯏	⿺毛茸
𣯐	⿺毛𩠐
𣯑	⿺毛烏
𣯒	⿺毛俱
𣯓	⿰⿱立立毛
𣯔	⿺毛容
𣯕	⿱⿰⿻一氺支毛
𣯖	⿺毛高
𣯗	⿺毛厝
𣯘	⿺毛氣
𣯙	⿺毛倉
𣯚	⿺毛荅
𣯛	⿸𭆆毛
𣯜	⿺毛叟
𣯝	⿱自㲎
𣯞	⿰竝毛
𣯟	⿰旁毛
𣯠	⿱⿱䒑⿻二乚㲎
𣯡	⿰竜毛
𣯢	⿺毛娑
𣯣	⿺毛𬜯
𣯤	⿺毛离
𣯥	⿺毛習
𣯦	⿱既毛
𣯧	⿺毛崔
𣯨	⿱從毛
𣯩	⿺毛㒼
𣯪	⿺毛徙
𣯫	⿺毛婁
𣯬	⿰莽毛
𣯭	⿺毛埶
𣯮	⿰習毛
𣯯	⿰崔毛
𣯰	⿰⿱羽⿱一⿱⺌一毛
𣯱	⿰陪毛
𣯲	⿺毛⿱匊女
𣯳	⿰莫毛
𣯴	⿺毛畢
𣯵	⿰啇毛
𣯶	⿺毛參
𣯷	⿱⿰未攴⿸厂毛
𣯸	⿰渠毛
𣯹	⿰喬毛
𣯺	⿰叅毛
𣯻	⿰賁毛
𣯼	⿰粟毛
𣯽	⿰普毛
𣯾	⿺毛翕
𣯿	⿺毛曾
𣰀	⿺毛發
𣰁	⿺毛萗
𣰂	⿺毛然
𣰃	⿺毛𦓔
𣰄	⿰𦓔毛
𣰅	⿰翕毛
𣰆	⿺毛登
𣰇	⿺毛矞
𣰈	⿺毛幾
𣰉	⿱敝毛
𣰊	⿰農毛
𣰋	⿰𥇛毛
𣰌	⿰葛毛
𣰍	⿱睒毛
𣰎	⿺毛⿱𠂉常
𣰏	⿰毛嵬
𣰐	⿰裘毛
𣰑	⿺毛雷
𣰒	⿺毛微
𣰓	⿺毛⿲彳𠘺攵
𣰔	⿰毛𣮿
𣰕	⿺毛喿
𣰖	⿰⿱𥫗㫒毛
𣰗	⿱白毳
𣰘	⿱⿰真彡毛
𣰙	⿺毛禁
𣰚	⿰算毛
𣰛	⿰蓋毛
𣰜	⿺毛凴
𣰝	⿰⿸尸𡝤毛
𣰞	⿺毛翟
𣰟	⿰𢿙毛
𣰠	⿰𥈜毛
𣰡	⿱⿰囧囧毛
𣰢	⿰屢毛
𣰣	⿱⿰囬囬毛
𣰤	⿺毛粽
𣰥	⿺毛蒙
𣰦	⿺毛監
𣰧	⿱⿰目相毛
𣰨	⿰賓毛
𣰩	⿺毛巢
𣰪	⿺毛徹
𣰫	⿰巤毛
𣰬	⿺毛賣
𣰭	⿱畾毛
𣰮	⿰𥻆毛
𣰯	⿰魯毛
𣰰	⿰奭毛
𣰱	⿱⿳𫩏田一⿺毛百
𣰲	⿰矞毟
𣰳	⿰毛篭
𣰴	⿰篭毛
𣰵	⿺毛龍
𣰶	⿰襄毛
𣰷	⿺毛韱
𣰸	⿳畾冖毛
𣰹	⿺毛⿱鹵𠂭
𣰺	⿱皼毛
𣰻	⿰雚毛
𣰼	⿺毛聶
𣰽	⿺毛瞿
𣰾	⿺毛藏
𣰿	⿰麗毛
𣱀	⿺毛羅
𣱁	⿺毛曡
𣱂	⿰變毛
𣱃	⿺毛疊
𣱄	⿰鹽毛
𣱅	⿱亡民
𣱆	⿰户氏
𣱇	⿰司氏
𣱈	⿱民巴
𣱉	⿱云民
𣱊	⿰⿸⿹丅丿丨氐
𣱋	⿳氐大幺
𣱌	⿰亜氏
𣱍	⿰⿱罒九氏
𣱎	⿰氐⿱壬儿
𣱏	⿱⿰矛勿氏
𣱐	⿰氐垔
𣱑	⿰氐⿱八垔
𣱒	⿰氐⿳己⿴囗⿻𰀪丶土
𣱓	⿱𦥯氐
𣱔	⿱敝𠨿
𣱕	⿹气刀
𣱖	⿹气冫
𣱗	⿹气⿱一力
𣱘	⿹气女
𣱙	⿹气月
𣱚	⿹气歹
𣱛	⿹气火
𣱜	⿹气龱
𣱝	⿹气东
𣱞	⿹气歺
𣱟	⿹气田
𣱠	⿹气立
𣱡	⿰旬气
𣱢	⿹气易
𣱣	⿹气困
𣱤	⿰气虎
𣱥	⿹气𱐍
𣱦	⿹气盆
𣱧	⿹气重
𣱨	⿹气柬
𣱩	⿹气𫂵
𣱪	⿺气票
𣱫	⿹气畨
𣱬	⿰希氣
𣱭	⿹气稟
𣱮	⿹气輕
𣱯	⿺氣票
𣱰	⿹气韱
𣱱	⿰㇒𰛅
𣱲	⿱水一
𣱳	⿱一水
𣱴	⿰氵𠄎
𣱵	⿱亠水
𣱶	⿰氵卜
𣱷	⿸厂水
𣱸	⿱水入
𣱹	⿱⿰㇒乛⿴⿰⿱丶㇀⿱㇒丶亅
𣱺	⿰水八
𣱻	⿱水几
𣱼	⿰氵刀
𣱽	⿰氵乃
𣱾	⿰氵了
𣲀	⿰氵彡
𣲁	⿰氵𠧒
𣲂	⿱巛水
𣲃	⿰氵⿻⿱㇒一乚
𣲄	⿰氵乆
𣲅	⿰氵⿳一𠃑一
𣲆	⿰氵己
𣲇	⿰氵亍
𣲈	⿺永刂
𣲉	⿱水下
𣲊	⿱⺊⿹⺄水
𣲋	⿰氵夊
𣲌	⿰氵⿱⺄十
𣲍	⿰氵兀
𣲎	⿱今水
𣲏	⿰氵攴
𣲐	⿰氵㸦
𣲑	⿰氵𢆰
𣲒	⿰氵仂
𣲓	⿰氵龰
𣲔	⿰氵𡗓
𣲕	⿰氵冄
𣲖	⿰氵𤓰
𣲗	⿰氵韦
𣲘	⿰氵无
𣲙	⿰氵水
𣲚	⿰氵仁
𣲛	⿱乊𣱳
𣲜	⿴井水
𣲝	⿰仌水
𣲞	⿰氵扎
𣲟	⿰氵廿
𣲠	⿰氵歹
𣲡	⿰氵尐
𣲢	⿰氵⿹勹㐅
𣲣	⿰氵厄
𣲤	⿰氵介
𣲥	⿰氵丹
𣲦	⿱水少
𣲧	⿰氵火
𣲨	⿰氵牙
𣲩	⿰氵巴
𣲪	⿰氵旡
𣲫	⿰氵尹
𣲬	⿰氵手
𣲭	⿰氵毛
𣲮	⿱不水
𣲯	⿱水巴
𣲰	⿰水支
𣲱	⿱火水
𣲲	⿰氵禾
𣲳	⿰氵叵
𣲴	⿱弗水
𣲵	⿰氵只
𣲶	⿰氵⿴囗九
𣲷	⿰氵㘝
𣲸	⿰氵㞧
𣲹	⿰氵冉
𣲺	⿰氵叏
𣲻	⿰氵凥
𣲼	⿰氵宄
𣲽	⿰氵宂
𣲾	⿰氵圣
𣲿	⿰氵𠬦
𣳀	⿰氵⿱口十
𣳁	⿰氵⿱𠆢亡
𣳂	⿱古水
𣳃	⿰氵⿱七土
𣳄	⿰氵⿱口丄
𣳅	⿰氵尒
𣳆	⿱冯水
𣳇	⿰氵左
𣳈	⿰氵仙
𣳉	⿱水四
𣳊	⿰氵⿱匕土
𣳋	⿰氵？
𣳌	⿰氵⿱丶旡
𣳍	⿰氵⿳亠丷𠃌
𣳎	⿰氵丕
𣳏	⿰氵⿱𰀁又
𣳐	⿰氵⿷匚女
𣳑	⿰氵申
𣳒	⿰氵⿱山又
𣳓	⿰氵卡
𣳔	⿰氵用
𣳕	⿱未水
𣳖	⿱水古
𣳗	⿱水母
𣳘	⿰氵丗
𣳙	⿰氵厈
𣳚	⿰氵𪠲
𣳛	⿰氵⿱㇒水
𣳜	⿰氵犯
𣳝	⿰氵⿸广十
𣳞	⿰氵⿱冖⿻几一
𣳟	⿰氵疋
𣳠	⿰氵母
𣳡	⿰氵戊
𣳢	⿰氵外
𣳣	⿰水尻
𣳤	⿰氵⿱口土
𣳥	⿰氵㡯
𣳦	⿰氵囟
𣳧	⿰氵𠮰
𣳨	⿰氵𠂤
𣳩	⿰氵次
𣳪	⿰氵吏
𣳫	⿰氵⿻凵龶
𣳬	⿰氵缶
𣳭	⿰氵𠬪
𣳮	⿰氵吕
𣳯	⿰氵𢆶
𣳰	⿰氵⿱木十
𣳱	⿰氵㓞
𣳲	⿰氵囝
𣳳	⿱覀水
𣳴	⿰氵⿱㇒⿻一止
𣳵	⿰氵厽
𣳶	⿰氵㔻
𣳷	⿰氵⿻𦉫𠄠
𣳸	⿰氵兇
𣳹	⿰氵𭑃
𣳺	⿰氵𭗼
𣳻	⿱自水
𣳼	⿰氵朵
𣳽	⿰氵𫥞
𣳿	⿰氵宇
𣴁	⿰氵𠂂
𣴂	⿲氵？殳
𣴃	⿰氵亥
𣴄	⿰氵⿱冖及
𣴅	⿰氵⿸尸𰀁
𣴆	⿰氵羽
𣴇	⿰氵厌
𣴈	⿲氵𠤏刂
𣴉	⿰氵⿱日又
𣴊	⿰氵色
𣴋	⿰氵⿸𠂆𢀳
𣴌	⿰氵𡗞
𣴍	⿰氵糸
𣴏	⿰永永
𣴐	⿱老水
𣴑	⿰氵⿱𠫔𫶧
𣴒	⿰氵尖
𣴓	⿰氵件
𣴔	⿰氵𢇛
𣴕	⿰氵灮
𣴖	⿰氵𡿪
𣴗	⿰氵𢁙
𣴘	⿰氵汏
𣴙	⿰氵多
𣴚	⿰氵劦
𣴛	⿰氵戎
𣴜	⿰氵托
𣴝	⿱水兆
𣴞	⿰氵坌
𣴟	⿰氵皃
𣴠	⿰氵𠯑
𣴡	⿰氵皀
𣴢	⿰氵皁
𣴣	⿰氵壯
𣴤	⿰氵𢦙
𣴥	⿰氵狂
𣴦	⿰氵⿱冖弘
𣴧	⿰氵𡉵
𣴨	⿰氵𦣻
𣴩	⿰氵𡧍
𣴪	⿰氵𤰞
𣴫	⿲氵尸⿱？又
𣴬	⿰氵𠬸
𣴭	⿰氵𦬆
𣴮	⿰氵𢦒
𣴯	⿰氵𣥈
𣴰	⿰氵𡗢
𣴱	⿰氵𦍋
𣴲	⿱谷水
𣴳	⿰水坐
𣴴	⿱每水
𣴵	⿰氵𡇆
𣴶	⿰氵坐
𣴷	⿰氵抄
𣴸	⿰氵⿳⿱⺊冖一八
𣴹	⿰氵⿱玄儿
𣴺	⿰氵囦
𣴻	⿰氵⿸尸止
𣴼	⿰氵㒵
𣴽	⿰氵𡵖
𣴾	⿰氵𬽲
𣴿	⿰氵⿸广牛
𣵁	⿰氵伯
𣵂	⿱汵水
𣵃	⿲氵𢆉刂
𣵄	⿰氵床
𣵅	⿰氵⿱亡⺗
𣵆	⿰氵𥤤
𣵇	⿰氵究
𣵈	⿰氵𡧎
𣵉	⿰氵⿱亣大
𣵊	⿰氵⿶凵⿻了⿳一一一
𣵋	⿰氵⿱二用
𣵌	⿰氵⿱𫜹水
𣵍	⿰氵⿸⿱一𠂇𬺹
𣵎	⿰氵李
𣵏	⿰氵⿻⿳⺕一𠆢亅
𣵐	⿰氵車
𣵑	⿲氵万攵
𣵒	⿰氵⿱土𱼀
𣵓	⿰氵吻
𣵔	⿰氵⿱⺊田
𣵕	⿰氵⿱⺊疋
𣵖	⿰氵旲
𣵗	⿰氵⿱口夭
𣵘	⿰氵𡵧
𣵙	⿰氵𡵫
𣵚	⿰氵𭕇
𣵛	⿰氵秀
𣵜	⿰氵岙
𣵝	⿲氵皮卜
𣵞	⿰氵吞
𣵟	⿰氵𪵪
𣵠	⿰氵豕
𣵡	⿰氵旱
𣵢	⿰氵𠯍
𣵣	⿰氵何
𣵤	⿰氵但
𣵥	⿰氵⿱⺈旧
𣵦	⿰氵甸
𣵧	⿰氵言
𣵨	⿰氵𠄢
𣵩	⿰氵𤆍
𣵪	⿰氵助
𣵫	⿰氵⿱⿱冖八大
𣵬	⿰氵𠃬
𣵭	⿰氵𡉚
𣵮	⿰氵邦
𣵯	⿱吹水
𣵰	⿰氵吝
𣵱	⿰氵抂
𣵲	⿰氵伴
𣵳	⿱甬水
𣵴	⿰氵吟
𣵵	⿰氵岌
𣵶	⿰氵吹
𣵷	⿰氵邯
𣵸	⿰氵⿱𥫗几
𣵹	⿱洰土
𣵺	⿰氵陁
𣵻	⿰氵陀
𣵼	⿰氵盰
𣵽	⿰氵芺
𣵾	⿰氵亞
𣵿	⿰氵侃
𣶀	⿰氵冐
𣶁	⿰氵㭊
𣶂	⿰氵往
𣶃	⿰氵𠦝
𣶄	⿲氵𡿩刂
𣶅	⿰氵㞐
𣶆	⿰氵穹
𣶇	⿰氵丽
𣶈	⿰氵罔
𣶉	⿰氵戽
𣶊	⿰氵陌
𣶋	⿰氵炙
𣶌	⿰汦攵
𣶍	⿰氵狀
𣶎	⿰氵岶
𣶏	⿰氵疌
𣶐	⿰氵奅
𣶑	⿰氵𠒋
𣶒	⿻⿰片爿一
𣶓	⿰氵卥
𣶔	⿰氵⿹戈⿱又⿰丿丨
𣶕	⿰氵⿷匚𡉚
𣶖	⿰氵𡿱
𣶗	⿰氵𣲎
𣶘	⿰氵⿵𠘨多
𣶙	⿰沝欠
𣶚	⿰亻⿳口𫶧水
𣶛	⿲氵水欠
𣶜	⿰氵𠈉
𣶝	⿰氵坥
𣶞	⿰氵呥
𣶟	⿰氵⿳山𠆢亡
𣶠	⿰氵⿱七𠇍
𣶡	⿰氵⿴囗歺
𣶢	⿰氵㫄
𣶣	⿰氵叀
𣶤	⿰氵𫩣
𣶥	⿰氵⿱土石
𣶦	⿰氵𡇈
𣶧	⿰氵⿳凶㇒夊
𣶨	⿰氵𧈠
𣶩	⿰氵画
𣶪	⿰氵旺
𣶫	⿰氵诣
𣶬	⿰氵亟
𣶭	⿰氵虏
𣶮	⿰氵𠩋
𣶯	⿰氵門
𣶰	⿰氵阿
𣶱	⿰氵知
𣶲	⿰氵杪
𣶳	⿰氵⿱夂玉
𣶴	⿰氵肿
𣶵	⿰氵歨
𣶶	⿰氵采
𣶷	⿱水炏
𣶸	⿰氵秉
𣶹	⿰氵𧗠
𣶺	⿰氵宜
𣶻	⿰氵廸
𣶼	⿰氵芬
𣶽	⿰氵芸
𣶾	⿱㲺𠇍
𣶿	⿰氵羋
𣷀	⿰氵店
𣷁	⿰氵⿱⿱宀儿巛
𣷂	⿰氵宝
𣷃	⿲氵关力
𣷄	⿰氵庚
𣷅	⿰氵⿱宀𠮢
𣷆	⿰氵𥤧
𣷇	⿰氵⿱火灬
𣷈	⿰氵𬎾
𣷉	⿰氵亟
𣷊	⿰氵𭮃
𣷋	⿰氵⿹𠃌䖝
𣷌	⿰氵雨
𣷍	⿰氵𭕘
𣷎	⿰氵𮎟
𣷏	⿰氵芩
𣷐	⿰氵⿱日龰
𣷑	⿰氵⿳⺊⺕女
𣷒	⿲氵？全
𣷔	⿰氵房
𣷕	⿲氵糸又
𣷖	⿱亦氽
𣷗	⿱取水
𣷘	⿲水木水
𣷙	⿱⿰戶攵水
𣷚	⿱⿻十从𱥯
𣷛	⿳由夕水
𣷜	⿰⿱水水攵
𣷝	⿰氵尭
𣷞	⿰氵𣏼
𣷟	⿰氵㚔
𣷠	⿰氵明
𣷡	⿰氵忠
𣷢	⿰氵𦙃
𣷣	⿰氵岡
𣷤	⿰氵⿱⿵冂？日
𣷥	⿰氵𦙚
𣷦	⿰氵⿱𠆢米
𣷧	⿰氵㕻
𣷨	⿲氵⿱丷⿻兀一刂
𣷩	⿰氵𦙊
𣷪	⿰氵𭖒
𣷫	⿰氵放
𣷬	⿲氵⿱䒑⿻𠃊人刂
𣷭	⿰氵彼
𣷮	⿰氵𥐧
𣷯	⿰氵近
𣷰	⿰氵岩
𣷱	⿰氵使
𣷲	⿰氵所
𣷳	⿰氵底
𣷴	⿰氵表
𣷵	⿰氵⿻一束
𣷶	⿰氵⿱⺊𡆩
𣷷	⿰氵变
𣷸	⿰氵芝
𣷻	⿰氵⿱𠄢一
𣷼	⿰氵𨊢
𣷽	⿰氵侵
𣷾	⿰氵軌
𣷿	⿰氵⿱左⺝
𣸀	⿰氵虺
𣸁	⿰氵𦘔
𣸂	⿰氵𢦶
𣸃	⿰氵𦬸
𣸄	⿰氵昝
𣸅	⿰氵括
𣸆	⿰氵茈
𣸇	⿰氵便
𣸈	⿰氵叜
𣸉	⿰氵𦍒
𣸊	⿰氵侌
𣸋	⿰氵畎
𣸌	⿰氵⿱少可
𣸍	⿰氵癹
𣸎	⿰氵㕟
𣸏	⿰氵拏
𣸐	⿰水砅
𣸑	⿰氵⿳木一木
𣸒	⿰氵厗
𣸓	⿰氵⿱厽䒑
𣸔	⿰氵⿸户示
𣸕	⿱井泉
𣸖	⿰氵𠂷
𣸗	⿱⿰未攵水
𣸘	⿰氵迱
𣸙	⿰氵𠱡
𣸚	⿰氵虵
𣸛	⿰氵削
𣸜	⿰氵盼
𣸝	⿰氵𦏺
𣸞	⿱平沝
𣸟	⿰氵⿰𣧄刂
𣸠	⿲氵幺列
𣸡	⿰氵𥸮
𣸢	⿰氵毖
𣸣	⿰氵贲
𣸤	⿰氵𬙙
𣸥	⿰氵彦
𣸦	⿰氵㓂
𣸧	⿰氵⿱⿱冖八𡗜
𣸨	⿰氵荧
𣸩	⿰氵盾
𣸪	⿰氵复
𣸫	⿰氵垒
𣸬	⿰氵昭
𣸭	⿰氵昱
𣸮	⿰氵⿱令云
𣸯	⿰氵𪱿
𣸰	⿰氵𪠈
𣸱	⿰氵苑
𣸲	⿰氵契
𣸳	⿰氵𡘚
𣸴	⿲氵木宄
𣸵	⿰氵威
𣸶	⿰氵残
𣸷	⿰氵⿱𡗜水
𣸸	⿰氵沗
𣸹	⿰氵屏
𣸺	⿰氵䂞
𣸻	⿰氵茂
𣸼	⿰氵⿸厂⿱日⿲丶丶丶
𣸽	⿰氵⿱艹夲
𣸾	⿰氵点
𣸿	⿰氵𦬺
𣹀	⿰氵⿱艹𣍝
𣹁	⿱泊分
𣹂	⿰氵段
𣹃	⿰氵⿱⿰？刀皿
𣹄	⿰氵⿱爫用
𣹅	⿱前水
𣹆	⿰氵盇
𣹇	⿱沙可
𣹈	⿰氵⿱日白
𣹉	⿰氵泴
𣹊	⿰氵䑣
𣹋	⿰氵鳬
𣹌	⿰氵秌
𣹍	⿰氵㢴
𣹎	⿰氵㢲
𣹏	⿰氵孨
𣹐	⿰氵匽
𣹑	⿰氵虽
𣹒	⿰氵⿱勿田
𣹓	⿰氵苔
𣹔	⿰氵迥
𣹕	⿰氵律
𣹖	⿰氵殂
𣹗	⿰氵珍
𣹘	⿰氵待
𣹙	⿰氵郁
𣹚	⿰氵⿱向廾
𣹛	⿱水皇
𣹜	⿰氵即
𣹝	⿰氵陗
𣹞	⿰氵冢
𣹟	⿰氵貢
𣹠	⿰氵冤
𣹡	⿰氵耆
𣹢	⿰氵圅
𣹣	⿰氵⿱刕止
𣹤	⿰氵挐
𣹥	⿰氵倩
𣹦	⿰氵𡨞
𣹧	⿰氵窄
𣹨	⿲氵⿳山二䶹刂
𣹩	⿰氵脅
𣹪	⿰氵旄
𣹫	⿰氵庫
𣹬	⿰⿱⿳士冖一水殳
𣹭	⿰流水
𣹮	⿰氵𣬉
𣹯	⿰氵𠣬
𣹰	⿰氵⿱帚又
𣹱	⿰氵欱
𣹲	⿰氵屖
𣹳	⿲水㐬水
𣹴	⿰氵眚
𣹵	⿰氵𡷝
𣹶	⿰氵夎
𣹷	⿰氵⿱甫巾
𣹸	⿰氵𰮤
𣹹	⿱烕⿳⿰一一一⿰一一
𣹺	⿰氵⿳口巛水
𣹻	⿱白泉
𣹼	⿰氵耼
𣹽	⿰氵⿳口土王
𣹾	⿰氵𠅖
𣹿	⿰氵⿳亠丷⿵冂方
𣺀	⿰氵⿴囗㱑
𣺁	⿰氵⿵戌⺝
𣺂	⿰氵晏
𣺃	⿰氵⿱厽⺝
𣺄	⿰氵竝
𣺅	⿰氵⿱臼勿
𣺆	⿰氵⿱⺈𢌿
𣺇	⿰氵⿱未甘
𣺈	⿰氵倚
𣺉	⿰氵冧
𣺊	⿰氵家
𣺋	⿰氵茜
𣺌	⿰氵𦕈
𣺍	⿰氵𤼩
𣺎	⿱㴆又
𣺏	⿰氵⿱龷⿻⿲㇒丨人冂
𣺐	⿰氵眣
𣺑	⿰氵⿳宀父山
𣺒	⿰氵⿱文衣
𣺓	⿰氵⿳亠只？
𣺔	⿰氵𡘰
𣺕	⿰氵軒
𣺖	⿰氵恭
𣺗	⿰氵䙳
𣺘	⿰氵⿸尸甫
𣺙	⿰氵⿱共⿻冂丄
𣺚	⿰氵⿱大辰
𣺛	⿰氵𦮔
𣺜	⿰氵䒱
𣺝	⿰氵⿱日𢆶
𣺞	⿰氵草
𣺟	⿰氵⿱少羽
𣺠	⿰氵財
𣺡	⿰氵埀
𣺢	⿰氵𪝉
𣺣	⿰氵⿸𠂋邑
𣺤	⿰氵㓯
𣺥	⿰氵芻
𣺦	⿰氵隻
𣺧	⿰氵⿳爫⿵冖一山
𣺨	⿰氵⿱攵⿻王丷
𣺩	⿱朔水
𣺪	⿱水員
𣺫	⿰氵修
𣺬	⿰氵荒
𣺭	⿰氵⿵戊丙
𣺮	⿰氵套
𣺯	⿰氵㫫
𣺰	⿰氵哨
𣺱	⿰氵笋
𣺲	⿰氵⿰米殳
𣺳	⿰氵⿰⿸尸氺刂
𣺴	⿰氵𠫼
𣺵	⿰氵⿻彖丶
𣺶	⿸𭆆水
𣺷	⿰氵胷
𣺸	⿰洋火
𣺹	⿰氵展
𣺺	⿰氵徒
𣺻	⿰氵盎
𣺼	⿰氵党
𣺽	⿰氵罢
𣺾	⿰氵茹
𣺿	⿰氵峯
𣻀	⿰氵納
𣻁	⿰氵針
𣻂	⿰氵哲
𣻃	⿰氵倍
𣻄	⿰氵徐
𣻅	⿰吉沙
𣻆	⿰氵孫
𣻇	⿰氵退
𣻈	⿰氵俸
𣻉	⿰氵𢃄
𣻊	⿱⿰牙攵𱥯
𣻋	⿲氵⿱⺊𡆪又
𣻌	⿰氵𣴎
𣻍	⿰氵⿱𠮥⿹⿺㇉一灬
𣻎	⿰氵𡨥
𣻏	⿰氵梟
𣻐	⿰氵虘
𣻑	⿰氵殺
𣻒	⿰氵旍
𣻓	⿰氵旌
𣻔	⿰氵㶾
𣻕	⿰氵麻
𣻖	⿰氵㝹
𣻗	⿰氵移
𣻘	⿰氵梢
𣻙	⿰氵⿱𠂉品
𣻚	⿰氵術
𣻛	⿰氵舂
𣻜	⿰氵符
𣻝	⿰氵⿱䙲巳
𣻞	⿰氵畤
𣻟	⿰氵𮍏
𣻠	⿰氵斜
𣻡	⿰氵莨
𣻢	⿰氵通
𣻣	⿲水步水
𣻤	⿲水㐬木
𣻥	⿰氵𣇀
𣻦	⿰氵酓
𣻧	⿰氵捻
𣻨	⿰氵⿱尾水
𣻩	⿲氵知阝
𣻪	⿰氵赦
𣻫	⿰氵𭾲
𣻬	⿰氵𭽀
𣻭	⿰氵⿱刕皿
𣻮	⿰泉岀
𣻯	⿱頃水
𣻰	⿰氵惟
𣻱	⿰氵晝
𣻲	⿰氵⿱𠀐回
𣻳	⿰氵頃
𣻴	⿰氵⿹？衣
𣻵	⿰氵𠵛
𣻶	⿰氵𡍏
𣻷	⿰氵尉
𣻸	⿰氵常
𣻹	⿰氵堅
𣻺	⿰氵基
𣻻	⿰氵莞
𣻼	⿰氵毫
𣻽	⿰氵脛
𣻾	⿰涅少
𣻿	⿰氵莘
𣼀	⿰氵⿸广⿱七⿺夊彡
𣼁	⿱洋永
𣼂	⿰氵⿳㝉八目
𣼃	⿰氵⿱龹⿱一木
𣼄	⿰氵⿸？厷
𣼅	⿰氵⿳亠⿰幺匕木
𣼆	⿰氵⿱亠䍒
𣼇	⿰氵⿸尸函
𣼈	⿰氵蛋
𣼉	⿰氵剭
𣼊	⿰氵麥
𣼋	⿰氵𣣅
𣼌	⿰氵⿳龶幺月
𣼍	⿰氵崙
𣼎	⿰氵雀
𣼏	⿰氵菡
𣼐	⿰氵閆
𣼑	⿰氵𰱅
𣼒	⿰氵⿱艹系
𣼓	⿰氵𡮂
𣼔	⿰氵𭦊
𣼕	⿰氵⿱合𠕁
𣼖	⿰氵梨
𣼗	⿰氵⿳冖一昗
𣼘	⿱⿰声及水
𣼙	⿳⿰白𫜹夕水
𣼚	⿰氵聃
𣼛	⿰氵⿱廿⿻⿵冂⿰⺀⺀丨
𣼜	⿰氵𡘹
𣼝	⿰氵⿲亻丨⿱攴木
𣼞	⿰氵偘
𣼟	⿰氵⿸？水
𣼠	⿰氵⿳亠⿴⿰⿱丶㇀⿱㇒丶幺几
𣼡	⿰氵𡨦
𣼢	⿰氵䎆
𣼣	⿰氵⿸尸兩
𣼤	⿰氵𥒐
𣼥	⿰氵莊
𣼦	⿰氵⿱日⿱？𰀁
𣼧	⿰氵率
𣼨	⿰氵⿱居廾
𣼩	⿰氵陰
𣼪	⿱八減
𣼫	⿰氵野
𣼬	⿰氵𣇄
𣼭	⿰氵堆
𣼮	⿰氵匙
𣼯	⿰氵培
𣼰	⿰氵𢚸
𣼱	⿰氵偶
𣼲	⿰氵唯
𣼳	⿰氵執
𣼴	⿰氵軟
𣼵	⿰氵莉
𣼶	⿰氵問
𣼷	⿰氵勒
𣼸	⿰氵戛
𣼹	⿰氵眼
𣼺	⿰氵𡕩
𣼻	⿰氵𩁹
𣼼	⿰氵陳
𣼽	⿰氵朗
𣼾	⿰氵聊
𣼿	⿰⿱𠫓水每
𣽀	⿰氵奡
𣽁	⿰氵𦊽
𣽂	⿰氵𡙆
𣽃	⿰氵⿸厃⿱八𢀛
𣽄	⿰氵⿸厂剡
𣽅	⿰氵聒
𣽆	⿰氵筑
𣽇	⿰氵菆
𣽈	⿰氵𦓔
𣽉	⿰氵⿱⿻𣄼丨？
𣽊	⿰氵䜭
𣽋	⿰氵⿰目告
𣽌	⿰氵欿
𣽍	⿰氵⿱自乑
𣽎	⿰氵臯
𣽏	⿰氵惡
𣽐	⿰氵⿳一⿴⿰丨丨𠄠⿵冂𢆉
𣽑	⿰氵逩
𣽒	⿰氵貰
𣽓	⿰氵𮊿
𣽔	⿰氵𡍯
𣽕	⿰氵𣓕
𣽖	⿰氵牋
𣽗	⿰氵琢
𣽘	⿰氵椉
𣽙	⿰氵⿱昆灬
𣽚	⿰氵戠
𣽛	⿰氵答
𣽜	⿰氵䠶
𣽝	⿰江風
𣽞	⿰氵晷
𣽟	⿰氵款
𣽠	⿰淠攴
𣽡	⿰氵博
𣽢	⿰氵𠶷
𣽣	⿰氵衖
𣽤	⿰氵策
𣽥	⿰氵頇
𣽦	⿰氵𡞣
𣽧	⿰氵寑
𣽨	⿰舟𣳾
𣽩	⿰氵旒
𣽪	⿰氵⿱巛眉
𣽫	⿰氵䓗
𣽬	⿰氵寒
𣽭	⿰氵𥁰
𣽮	⿰汝⿱爫𠙻
𣽯	⿰氵𨈭
𣽰	⿰洀舌
𣽱	⿰氵⿳亠厽⺝
𣽲	⿰氵牽
𣽳	⿰溓几
𣽴	⿰氵喟
𣽵	⿰氵⿳山？本
𣽶	⿰氵⿸尾出
𣽷	⿰氵赐
𣽸	⿰氵窖
𣽹	⿰氵𡩋
𣽺	⿰氵⿱品亏
𣽻	⿰氵隈
𣽼	⿰氵猋
𣽽	⿰氵⿱林⺝
𣽿	⿰氵程
𣾀	⿰氵𠥔
𣾁	⿰氵萁
𣾂	⿰氵階
𣾃	⿱減兀
𣾄	⿰氵臮
𣾅	⿰氵⿱止𦨉
𣾆	⿰氵𢉳
𣾇	⿰氵奠
𣾈	⿰氵寍
𣾉	⿰氵𡩏
𣾊	⿰氵⿳⿱宀儿口元
𣾋	⿰氵䆣
𣾌	⿰氵⿳亠丷⿵冂羊
𣾍	⿰氵联
𣾎	⿰氵𤊅
𣾏	⿰氵琦
𣾐	⿰氵椅
𣾑	⿰氵⿱廿⿱一⿻口龶
𣾒	⿰氵⿵戊吴
𣾓	⿰氵喪
𣾔	⿰氵琴
𣾕	⿰氵⿱林水
𣾖	⿰氵⿳艹圥夕
𣾗	⿰溸力
𣾘	⿰氵莾
𣾙	⿱𣲙雨
𣾚	⿰氵凱
𣾛	⿰氵䓧
𣾜	⿰氵淼
𣾝	⿰氵⿱非日
𣾞	⿰氵𦊽
𣾟	⿰氵䓢
𣾠	⿰氵欽
𣾡	⿰氵⿸戶雨
𣾢	⿰⿱上水頁
𣾣	⿰氵⿺辶𢆎
𣾤	⿰氵⿱兓灬
𣾥	⿰氵𣦃
𣾦	⿰氵掌
𣾧	⿰氵𫲪
𣾨	⿰氵睂
𣾩	⿰氵𥹺
𣾪	⿰氵啻
𣾫	⿰氵惢
𣾬	⿰氵䦎
𣾭	⿰氵𠷎
𣾮	⿲氵𡱂殳
𣾯	⿰氵𠬁
𣾰	⿰氵𣷚
𣾱	⿰氵⿱雨太
𣾲	⿰氵⿱雨厷
𣾳	⿰氵⿱雨化
𣾴	⿰氵菐
𣾵	⿰氵絶
𣾶	⿰氵隊
𣾷	⿰氵喬
𣾸	⿰氵提
𣾹	⿰氵逸
𣾺	⿰氵開
𣾻	⿰氵啫
𣾼	⿰氵越
𣾽	⿰氵毳
𣾾	⿲氵少咅
𣾿	⿰氵喂
𣿀	⿱浦𱥯
𣿁	⿰氵⿰㡀欠
𣿂	⿰氵隋
𣿃	⿰氵隅
𣿄	⿰氵嵗
𣿅	⿰氵董
𣿆	⿰氵鳧
𣿇	⿰氵稔
𣿈	⿰氵窣
𣿉	⿰氵詣
𣿊	⿰湅攵
𣿋	⿰氵雽
𣿌	⿰氵遏
𣿍	⿰氵盝
𣿎	⿰氵葴
𣿏	⿰氵𠹝
𣿐	⿰氵賊
𣿑	⿰氵䢽
𣿒	⿰氵辠
𣿓	⿰氵罪
𣿔	⿰氵𨔶
𣿕	⿰氵廌
𣿖	⿰氵剽
𣿗	⿰氵𢾕
𣿘	⿰氵楊
𣿙	⿰氵𧵩
𣿚	⿰氵㮚
𣿛	⿰氵𦕾
𣿜	⿰氵𢝲
𣿝	⿰氵葑
𣿞	⿰氵裏
𣿟	⿰氵𰍙
𣿠	⿰氵⿳𱐔一回
𣿡	⿰氵⿱魚又
𣿢	⿰氵輂
𣿣	⿰氵⿱𠜤皿
𣿤	⿰氵⿱⿰占占久
𣿥	⿰氵暓
𣿦	⿰氵賈
𣿧	⿰氵⿰矛⿱夂目
𣿨	⿰氵觧
𣿩	⿰氵塋
𣿪	⿰氵道
𣿫	⿰氵叠
𣿬	⿰氵匯
𣿭	⿰氵義
𣿮	⿰氵葵
𣿯	⿰氵⿳艹⺕⿱冖支
𣿰	⿰氵⿱⿱⺊冖⿱八𥃦
𣿱	⿰氵⿱𪜢⿹㇉灬
𣿲	⿰氵𡲬
𣿳	⿰氵𤊽
𣿴	⿰氵𦳝
𣿵	⿰氵⿱⿱宀儿表
𣿶	⿰氵⿱宀⿳一由灬
𣿷	⿰氵⿱𫀄土
𣿸	⿰氵⿵門巿
𣿹	⿰氵圓
𣿺	⿰氵腰
𣿻	⿰氵⿳艹宀⿰小小
𣿼	⿰氵𥇨
𣿽	⿰氵賎
𣿾	⿰氵𪝣
𣿿	⿰氵鈲
𤀀	⿰氵粵
𤀁	⿱泉沝
𤀂	⿰氵敬
𤀃	⿰氵⿸虍言
𤀄	⿰氵盟
𤀅	⿰氵⿱𡘜𠮛
𤀆	⿰氵⿱山竝
𤀇	⿰氵䋣
𤀈	⿰氵⿳㇒𱕻大
𤀉	⿰氵⿱合⿵冂𢆉
𤀊	⿰氵貇
𤀋	⿰氵𡩟
𤀌	⿰氵畺
𤀍	⿰氵⿱雨㐱
𤀎	⿰氵𥇡
𤀏	⿰氵試
𤀐	⿰氵蒂
𤀑	⿰氵寗
𤀒	⿰氵愈
𤀓	⿰氵祿
𤀔	⿰氵飲
𤀕	⿰氵塞
𤀖	⿰氵嵬
𤀗	⿰洗呂
𤀘	⿰氵葻
𤀙	⿰氵嗚
𤀚	⿰氵⿱艹⿵门杀
𤀛	⿰泥來
𤀜	⿰氵睛
𤀝	⿰溸阝
𤀞	⿰氵著
𤀟	⿰氵⿱兹土
𤀠	⿰氵熙
𤀡	⿰氵⿱𦍌取
𤀢	⿱法空
𤀣	⿰氵䁔
𤀤	⿰氵算
𤀥	⿰氵箅
𤀦	⿰氵⿱剌石
𤀧	⿰氵𭀰
𤀨	⿰氵窬
𤀩	⿱𰯲水
𤀪	⿰氵頗
𤀫	⿰氵辡
𤀬	⿰氵⿳米𠀎大
𤀭	⿰氵⿳吅一貝
𤀮	⿰氵⿳亠厸林
𤀯	⿰氵⿱魚寸
𤀰	⿰氵暠
𤀱	⿰氵⿺辶⿱大⿱卝干
𤀲	⿲辛水辛
𤀳	⿰氵聞
𤀴	⿰氵⿹？豕
𤀵	⿰氵𨴠
𤀶	⿰氵雐
𤀷	⿱津育
𤀸	⿰氵⿱大魚
𤀹	⿰氵𥈠
𤀺	⿰氵嘉
𤀻	⿰氵⿱艸罙
𤀼	⿰氵綠
𤀽	⿰氵綺
𤀾	⿰氵⿱业⿻𢆉艹
𤀿	⿰氵⿱宀爽
𤁀	⿰氵彰
𤁁	⿰氵⿱⿲⿱亠㇉了⿱一攵牛
𤁂	⿰氵實
𤁃	⿱滿山
𤁄	⿰氵⿸厂⿳里儿土
𤁅	⿰氵臺
𤁆	⿰氵⿱罒哀
𤁇	⿰氵蓉
𤁈	⿰氵𥯀
𤁉	⿰氵𡏳
𤁊	⿰氵⿳艹罒犮
𤁋	⿰氵歴
𤁌	⿰氵𢍢
𤁍	⿰氵⿰⿸尸止⿸尸止
𤁎	⿰氵⿳覀日⿻丷十
𤁏	⿰氵耤
𤁐	⿰氵閣
𤁑	⿰氵⿱山𠕠
𤁒	⿰氵疑
𤁓	⿰氵瑤
𤁔	⿰氵魁
𤁕	⿰氵辣
𤁖	⿰氵裸
𤁗	⿰氵綿
𤁘	⿰氵𥪝
𤁙	⿱扒減
𤁚	⿰氵⿲彳𡵧攵
𤁛	⿰渚孕
𤁜	⿰氵⿱？牛
𤁝	⿰氵閩
𤁞	⿱滿水
𤁟	⿰氵⿱士⿹⿻弓⿱？匚口
𤁠	⿰氵遥
𤁡	⿰氵撢
𤁢	⿰氵𢧵
𤁣	⿰氵罷
𤁤	⿰氵歎
𤁥	⿰氵輦
𤁦	⿰氵甉
𤁧	⿰氵齒
𤁨	⿰氵瞍
𤁩	⿰氵質
𤁪	⿰氵頢
𤁫	⿲氵兊頁
𤁬	⿰氵蔥
𤁭	⿰氵𧤅
𤁮	⿰氵蓲
𤁯	⿰氵巤
𤁰	⿰潪亍
𤁱	⿰氵蔡
𤁲	⿰氵徹
𤁳	⿰氵霅
𤁴	⿰氵劇
𤁵	⿰氵閭
𤁶	⿰氵𤕨
𤁷	⿰氵適
𤁸	⿰氵蓼
𤁹	⿰氵䦝
𤁺	⿰氵𢀩
𤁻	⿰氵臱
𤁼	⿰氵𥻊
𤁽	⿰氵䁝
𤁾	⿰氵頪
𤁿	⿰氵⿱⿱𦘒一胃
𤂀	⿱滿天
𤂁	⿲氵糹⿱⿱士冖牛
𤂂	⿰氵調
𤂃	⿳洎𠆢⿻𠕎一
𤂄	⿰濎刂
𤂅	⿰清寽
𤂆	⿰浮虎
𤂇	⿰氵⿱兹孖
𤂈	⿰氵𭫪
𤂉	⿰氵樠
𤂊	⿰氵斲
𤂋	⿰氵𦸛
𤂌	⿰氵頡
𤂍	⿰氵蓮
𤂎	⿰氵⿸尸⿱氺两
𤂏	⿰氵⿸尸⿳？比灬
𤂐	⿰氵賢
𤂑	⿰氵辳
𤂒	⿱𣲙⿱廿⿻丨网
𤂓	⿰氵⿸⿸⿰丿⿱⺊⺂七⿳八𠆢貝
𤂔	⿰氵𩒛
𤂕	⿰氵⿵門沅
𤂗	⿰氵鬧
𤂘	⿰氵蔵
𤂙	⿰氵⿱艹㒼
𤂚	⿰氵貎
𤂛	⿰氵𬿵
𤂜	⿰氵⿱瓜㼌
𤂝	⿱⿰氵⿻丅⿵冂㸚水
𤂞	⿱⿰⿸尸火易水
𤂟	⿱⿰臣⿳𠂉一回水
𤂠	⿰溘去
𤂡	⿰氵⿱芙𣌡
𤂢	⿰氵䴡
𤂣	⿰氵䔥
𤂤	⿰氵⿱大犇
𤂥	⿰潪亏
𤂦	⿰氵⿳䒑𫩏隹
𤂧	⿰氵蓬
𤂨	⿰氵模
𤂩	⿲氵先者
𤂪	⿰氵震
𤂫	⿰氵噴
𤂬	⿰氵磊
𤂭	⿰氵醉
𤂮	⿰氵鴈
𤂯	⿰氵𮚋
𤂰	⿰氵𫕙
𤂱	⿰氵黎
𤂲	⿰氵獚
𤂳	⿰氵篡
𤂴	⿰氵戯
𤂵	⿰氵縢
𤂶	⿰氵閵
𤂷	⿰氵閼
𤂸	⿰氵𦎧
𤂹	⿰氵蕈
𤂺	⿰氵覧
𤂻	⿰氵豫
𤂼	⿱⿰自家水
𤂽	⿰氵𣊡
𤂾	⿰氵奯
𤂿	⿰氵選
𤃀	⿰氵隷
𤃁	⿰氵⿳一⿰糹糹土
𤃂	⿰氵蕁
𤃃	⿰氵旙
𤃄	⿱⿰⿱刀灰易水
𤃅	⿰氵曇
𤃆	⿰氵寰
𤃇	⿰氵燕
𤃈	⿰氵⿱⿱𰀉冖⿱𠀎𧘇
𤃉	⿰氵𠪾
𤃊	⿰氵⿳业𢆉⿲十十十
𤃋	⿰氵⿱垚貝
𤃌	⿰氵頭
𤃍	⿰氵霏
𤃎	⿰氵壁
𤃏	⿰氵⿱敕石
𤃐	⿰氵⿱㒼田
𤃑	⿲氵㫗頁
𤃒	⿰氵𧇩
𤃓	⿰氵蕋
𤃔	⿰氵⿱處目
𤃕	⿰氵⿳士⿻㇒𠃬叹
𤃖	⿰氵⿱𡗜魚
𤃗	⿰氵盥
𤃘	⿰氵䝿
𤃙	⿰氵⿰亻⿱业⿻𢆉⿰𠂇十
𤃚	⿰氵⿱夕𡩟
𤃛	⿰氵瓢
𤃜	⿰氵遼
𤃝	⿰氵曆
𤃞	⿰氵暪
𤃟	⿰氵壅
𤃠	⿰氵餒
𤃡	⿰氵穎
𤃢	⿰氵廩
𤃣	⿲氵豕頁
𤃤	⿰氵遶
𤃥	⿰氵䔲
𤃦	⿰氵蕳
𤃧	⿰氵撻
𤃨	⿰氵⿱炎面
𤃩	⿰氵霝
𤃪	⿰氵戲
𤃫	⿰氵薨
𤃬	⿰氵𧹳
𤃭	⿰氵⿱罒焦
𤃮	⿰氵斵
𤃯	⿰滷舟
𤃰	⿰氵縻
𤃱	⿰氵麋
𤃲	⿰氵縶
𤃳	⿰氵⿰方⿱𠂉畨
𤃴	⿰氵薉
𤃵	⿰氵謈
𤃶	⿰氵磴
𤃷	⿰氵闇
𤃸	⿰氵䨣
𤃹	⿰氵磿
𤃺	⿰氵⿱林畐
𤃻	⿳刀畾水
𤃼	⿰氵⿱𮍏肉
𤃽	⿰氵鮪
𤃾	⿰氵簋
𤃿	⿰氵薎
𤄀	⿰氵𫉬
𤄁	⿰氵蟄
𤄂	⿰氵⿱羔⿱䒑夫
𤄄	⿰沐鳩
𤄅	⿰氵謟
𤄆	⿰氵勵
𤄇	⿰氵⿵門帝
𤄈	⿱臨水
𤄉	⿰氵𭄘
𤄊	⿰氵㕓
𤄋	⿰氵總
𤄌	⿱折滅
𤄍	⿰酒留
𤄎	⿰氵鬩
𤄏	⿰氵鯀
𤄐	⿰氵霤
𤄑	⿰氵𣀔
𤄒	⿰氵𥳑
𤄓	⿰氵藂
𤄔	⿰氵𡾃
𤄕	⿰氵𣄣
𤄖	⿰氵雜
𤄗	⿰氵㬥
𤄘	⿰氵⿳穴䀠夊
𤄙	⿰氵簫
𤄚	⿰氵𤐫
𤄛	⿰氵魋
𤄜	⿰氵䊩
𤄝	⿰澧去
𤄞	⿰氵𫲓
𤄟	⿰氵𪊿
𤄠	⿰氵薲
𤄡	⿰氵⿵門⿱⺈⿻𠯭乚
𤄢	⿰氵⿱罒達
𤄣	⿰氵𩷦
𤄤	⿱潘共
𤄥	⿰沓㬎
𤄦	⿰氵⿸虍⿱口思
𤄧	⿰浿䚻
𤄨	⿰氵⿱⿵冂⿰㐅㐅⿸厂剡
𤄩	⿰氵⿱⿵冂⿰㐅㐅焦
𤄪	⿰氵⿱釆⿻⿳⿻廿一一𠬞丨
𤄫	⿰氵旛
𤄬	⿰氵雞
𤄭	⿰氵題
𤄮	⿰氵𡗉
𤄯	⿺竜清
𤄰	⿰氵顔
𤄱	⿰氵鎮
𤄲	⿰氵謹
𤄳	⿳先兟水
𤄴	⿰氵⿳夫冏貝
𤄵	⿰氵𩰿
𤄶	⿰氵藥
𤄷	⿰氵羅
𤄸	⿰氵⿱盡火
𤄹	⿰氵類
𤄺	⿰氵邊
𤄻	⿰氵⿱𦦉巳
𤄼	⿰氵⿳⿱⿱𦘒一灬皿火
𤄽	⿰氵璽
𤄾	⿰氵羹
𤄿	⿰氵櫟
𤅀	⿰氵羸
𤅁	⿰氵⿱⿴𦥑白辰
𤅂	⿰氵獺
𤅃	⿰氵⿱𥫗亷
𤅄	⿰氵簾
𤅅	⿰氵𣞤
𤅆	⿲氵⿱白本頁
𤅇	⿰氵䜌
𤅈	⿰氵韲
𤅉	⿰氵𩅜
𤅊	⿰氵獻
𤅋	⿰氵竇
𤅌	⿰氵⿱⿴𦥑囟⿸厂⿱二⿰止㇂
𤅍	⿰氵𣍘
𤅎	⿰氵顢
𤅏	⿰氵⿱甡竝
𤅐	⿰溰豈
𤅑	⿰氵壤
𤅒	⿰氵⿱雨叅
𤅓	⿲氵𡭽頁
𤅔	⿰氵籍
𤅕	⿰氵籌
𤅖	⿰氵蘋
𤅗	⿰氵⿱吂⿲⺼言⿻⿻㇈丿丶
𤅘	⿰氵⿱吂⿲月羊月
𤅙	⿰氵嚴
𤅚	⿰氵舋
𤅛	⿰氵䢉
𤅜	⿰氵飄
𤅝	⿰氵𨟍
𤅞	⿰氵⿱雚又
𤅟	⿰氵露
𤅠	⿰氵驀
𤅡	⿰氵𩕍
𤅢	⿰氵蘥
𤅣	⿰氵亹
𤅤	⿰氵镾
𤅥	⿰氵𩰥
𤅦	⿰氵𪉷
𤅧	⿰氵蠢
𤅨	⿰氵⿱木⿸⿻尸⿰丨丨⿰鬯又
𤅩	⿰氵𪄿
𤅪	⿰氵𲌥
𤅫	⿰氵𩆖
𤅬	⿰氵𩱕
𤅭	⿰氵𧞻
𤅮	⿰氵懿
𤅯	⿰氵⿱木⿸⿰丿？⿰⿱𱕻匕又
𤅰	⿰氵籥
𤅱	⿰氵蠱
𤅲	⿰氵⿱𫂁馬
𤅳	⿰氵𧥑
𤅴	⿰濁氣
𤅵	⿰氵髓
𤅶	⿰氵變
𤅷	⿰氵靈
𤅸	⿰氵鹽
𤅹	⿰氵𡚤
𤅺	⿰氵鑫
𤅻	⿲氵𩫖邑
𤅼	⿰氵𪇠
𤅽	⿲氵⿱𦰩土鳥
𤅾	⿰氵⿵門⿱吅敢
𤅿	⿰氵豓
𤆀	⿰氵驫
𤆁	⿱⿰泉泉⿰泉泉
𤆂	⿱火一
𤆃	⿱厶火
𤆄	⿱乃火
𤆅	⿱𠆢火
𤆆	⿱又火
𤆇	⿰火匕
𤆈	⿰火乃
𤆉	⿰丁火
𤆊	⿰火卜
𤆋	⿱人灬
𤆌	⿱火又
𤆍	⿱大火
𤆎	⿰扌火
𤆏	⿰火亏
𤆐	⿱久灬
𤆑	⿰火川
𤆒	⿱⿰㇒了灬
𤆓	⿰火广
𤆔	⿱己灬
𤆕	⿱刃灬
𤆖	⿱𰀁灬
𤆗	⿱口灬
𤆘	⿰火凡
𤆙	⿱冂⿹𠃌火
𤆚	⿰火⿻⿱㇒一乚
𤆛	⿱⺊⿹𠃌灬
𤆜	⿱火三
𤆝	⿰火攴
𤆞	⿰火勿
𤆟	⿱火𧘇
𤆠	⿰火厷
𤆡	⿰火乌
𤆢	⿰火仑
𤆣	⿰火及
𤆤	⿰火冗
𤆥	⿰火勻
𤆦	⿰火王
𤆧	⿰火圡
𤆨	⿱⿹𠄎口灬
𤆩	⿰火水
𤆪	⿱中灬
𤆫	⿱匂灬
𤆬	⿱毛灬
𤆭	⿰火升
𤆮	⿰火夫
𤆯	⿱耂火
𤆰	⿱木火
𤆱	⿱帀火
𤆲	⿱水火
𤆳	⿰火𠕀
𤆴	⿱𠫓火
𤆵	⿰火巴
𤆶	⿰火分
𤆷	⿰火化
𤆸	⿰火心
𤆹	⿰火牙
𤆺	⿰火孔
𤆻	⿰火切
𤆼	⿰火宁
𤆽	⿱火丱
𤆾	⿰火𡰥
𤆿	⿰火叏
𤇀	⿱囙火
𤇁	⿱火旦
𤇂	⿰火圣
𤇃	⿰火厉
𤇄	⿰火闪
𤇅	⿰火且
𤇇	⿱𢆉火
𤇈	⿱石火
𤇉	⿰火𡯄
𤇊	⿰火平
𤇋	⿰火示
𤇌	⿰火古
𤇍	⿱术灬
𤇎	⿰火⿱力刄
𤇏	⿱氶灬
𤇐	⿱⿲丨丨己灬
𤇑	⿱龸火
𤇒	⿰火册
𤇓	⿱生灬
𤇔	⿰火⿱⺈夕
𤇕	⿱禾灬
𤇖	⿰火⿱厶𠔼
𤇗	⿱𮎛灬
𤇘	⿱夗灬
𤇙	⿱火且
𤇚	⿰火斥
𤇛	⿰火⿱冖⿻几一
𤇜	⿰火民
𤇝	⿱弗火
𤇞	⿱加火
𤇟	⿺⿹⿺㇉一灬𠆣
𤇠	⿱乎灬
𤇡	⿱氐灬
𤇢	⿰火白
𤇣	⿰火生
𤇤	⿰火巧
𤇥	⿰火立
𤇦	⿰火戊
𤇧	⿰火仕
𤇨	⿰火丕
𤇩	⿰火必
𤇪	⿰火㐱
𤇫	⿱禾火
𤇬	⿱此火
𤇭	⿰火龙
𤇮	⿰火乏
𤇯	⿳亠火𧘇
𤇰	⿱伐火
𤇱	⿰火𭗼
𤇲	⿱任火
𤇳	⿰火戌
𤇴	⿱𦣞灬
𤇵	⿱宀𬉹
𤇶	⿰火丞
𤇷	⿰衤火
𤇸	⿱臣灬
𤇹	⿰火毕
𤇺	⿰火夅
𤇻	⿰火当
𤇼	⿰火安
𤇽	⿰火戎
𤇿	⿰火米
𤈀	⿱⿰冫木灬
𤈁	⿰火守
𤈂	⿳𰀉一灬
𤈃	⿰火⿱一禸
𤈄	⿰火吉
𤈅	⿳王亠灬
𤈆	⿰火⿱一史
𤈇	⿰火西
𤈈	⿱共火
𤈉	⿱共灬
𤈊	⿰火存
𤈋	⿰火⿱日几
𤈌	⿱旫灬
𤈍	⿰火向
𤈎	⿰火旬
𤈏	⿰火舌
𤈐	⿰火朱
𤈑	⿰火㫐
𤈒	⿰火缶
𤈓	⿰火⿱？丑
𤈔	⿱𡉖灬
𤈕	⿱多灬
𤈖	⿱色灬
𤈗	⿱𢑑灬
𤈘	⿰火列
𤈙	⿰火夷
𤈚	⿳爫冖火
𤈛	⿰火光
𤈜	⿰火至
𤈝	⿰火艾
𤈞	⿰火耒
𤈟	⿱如火
𤈠	⿰火聿
𤈡	⿰火𡵉
𤈢	⿱休火
𤈣	⿱缶火
𤈤	⿰火匈
𤈥	⿰火皀
𤈦	⿰火尾
𤈧	⿰火役
𤈨	⿱𦔮火
𤈩	⿸⺶火
𤈪	⿰火戒
𤈫	⿰⿸尸⿱二火又
𤈬	⿳火罒又
𤈭	⿱⿱⺊冖𬉹
𤈮	⿹𢦒火
𤈯	⿰火⿻乇从
𤈰	⿰火⿱𫡑丂
𤈱	⿳⺊目火
𤈲	⿸厂⿱廿灭
𤈳	⿱𥃫火
𤈴	⿱卣火
𤈵	⿰火𠯭
𤈶	⿰火员
𤈷	⿰火佥
𤈸	⿰火𠡉
𤈹	⿱山炎
𤈺	⿱炏凡
𤈻	⿰火宏
𤈼	⿰火辛
𤈽	⿰火亨
𤈾	⿱㳄火
𤈿	⿱求灬
𤉀	⿱杆火
𤉁	⿰火亜
𤉂	⿱尾灬
𤉃	⿰火忍
𤉄	⿱豕灬
𤉅	⿱君火
𤉆	⿰火旵
𤉇	⿰火吳
𤉈	⿰火𫩙
𤉉	⿱利灬
𤉊	⿰火𭥐
𤉋	⿱𠄘灬
𤉌	⿱利火
𤉍	⿰火牢
𤉎	⿱劭火
𤉏	⿱⿰目力灬
𤉐	⿱出⿹⿺㇉一灬
𤉑	⿰火𠄢
𤉒	⿰火豸
𤉓	⿰⿸厂火由
𤉔	⿰火作
𤉕	⿰由灰
𤉖	⿰火車
𤉗	⿰火孝
𤉘	⿰火言
𤉙	⿰火君
𤉚	⿰火吹
𤉛	⿰火坐
𤉜	⿰火床
𤉝	⿰火⿱⿹弓丿口
𤉞	⿱䶹炎
𤉟	⿱⿰丰刃火
𤉠	⿱沈灬
𤉡	⿱凹？
𤉢	⿱⿱⺈𫩏？
𤉣	⿰火甾
𤉤	⿰火㡀
𤉥	⿱𠛫灬
𤉦	⿰火委
𤉧	⿰⿳㐅㐅火攵
𤉨	⿹或火
𤉩	⿱𠛱灬
𤉪	⿰火於
𤉫	⿰火⿹戈天
𤉬	⿰火𣏋
𤉭	⿱止炅
𤉮	⿰火㕻
𤉯	⿱⿱⺈𠕎火
𤉰	⿱𢼄火
𤉱	⿳㇒罒⿹⿺㇉一灬
𤉲	⿱杳火
𤉳	⿰火宗
𤉴	⿱炇𣄼
𤉵	⿱呴火
𤉶	⿰火肴
𤉷	⿱⿰𱼀犬火
𤉸	⿰火居
𤉹	⿱或火
𤉺	⿰⿱又⿸厂火攵
𤉻	⿰火⿱廿⿰𠂇十
𤉼	⿰火卷
𤉽	⿱店灬
𤉾	⿰火罙
𤉿	⿱咅灬
𤊀	⿰火学
𤊁	⿱沾灬
𤊂	⿰火𨑦
𤊃	⿰火宜
𤊄	⿰火其
𤊅	⿱亟灬
𤊆	⿱覀𬽄
𤊇	⿱𪻓火
𤊈	⿰火芬
𤊉	⿰火明
𤊊	⿰火芳
𤊋	⿰火昗
𤊌	⿳串一灬
𤊍	⿰火芥
𤊎	⿰火固
𤊏	⿱朋火
𤊐	⿰火受
𤊑	⿱欣灬
𤊒	⿰火彔
𤊓	⿰火兒
𤊔	⿰火秉
𤊕	⿰火采
𤊖	⿳火大𡗗
𤊗	⿱亞火
𤊘	⿱物火
𤊙	⿱隹火
𤊚	⿰火⿱爫⿻几二
𤊛	⿰火⿱丑丑
𤊜	⿱台𤆍
𤊝	⿱⿹勹⿱⿻冂丿⿻冂丿灬
𤊞	⿰火長
𤊟	⿰火定
𤊠	⿰火𥐧
𤊡	⿰火奉
𤊢	⿰火㝵
𤊣	⿰朱⿸厂火
𤊤	⿰火岩
𤊥	⿰火夌
𤊦	⿰火放
𤊧	⿰火直
𤊨	⿰火或
𤊩	⿰火林
𤊪	⿰火𭁈
𤊫	⿰火坡
𤊬	⿰火非
𤊭	⿰火⿸广示
𤊮	⿰⿱又灰攵
𤊯	⿱肫灬
𤊰	⿰火变
𤊱	⿱⿱⺈⿵冂人？
𤊲	⿰火𡿺
𤊳	⿰火𫨻
𤊴	⿰火砉
𤊵	⿰火即
𤊶	⿰火剌
𤊷	⿰火背
𤊸	⿱咸火
𤊹	⿰火勃
𤊺	⿰火彖
𤊻	⿰火冒
𤊼	⿰炎甘
𤊽	⿱昚火
𤊾	⿱𥄕火
𤊿	⿰火臿
𤋀	⿰火狊
𤋁	⿱昜灬
𤋂	⿳卝罒火
𤋃	⿱酋灬
𤋄	⿱敄火
𤋅	⿱⿲丿𮍌巳火
𤋆	⿵戊炎
𤋇	⿱眂灬
𤋈	⿱⿰卡攵灬
𤋉	⿰火𣆂
𤋊	⿰火屏
𤋋	⿰火⿱𠅃大
𤋌	⿱㒸灬
𤋍	⿱炏央
𤋎	⿱前火
𤋏	⿰火娄
𤋐	⿱柖灬
𤋑	⿰火垚
𤋒	⿱⿰⿻三丨占灬
𤋓	⿰火⿳大日又
𤋔	⿳吉卄火
𤋕	⿱𬚓灬
𤋖	⿰火致
𤋗	⿱昫火
𤋘	⿰火思
𤋙	⿰火苗
𤋚	⿳呎冖火
𤋛	⿰火⿸⿸⿰丿⿱⺊⺂七石
𤋜	⿱昭火
𤋝	⿱𰮒火
𤋞	⿱㿞灬
𤋟	⿰火复
𤋠	⿰火⿱爫罒
𤋡	⿰火⿱白天
𤋢	⿰火約
𤋣	⿱⿰⿱⺈⺕犬灬
𤋤	⿱㲒灬
𤋥	⿱敂灬
𤋦	⿱秋灬
𤋧	⿱胋灬
𤋨	⿰火⿱左丑
𤋩	⿰火⿱龸文
𤋪	⿰火𣅽
𤋫	⿰火𡷈
𤋬	⿳火屾夊
𤋭	⿰火香
𤋮	⿱⿰臣巳灬
𤋯	⿱昚灬
𤋰	⿱⿰里力灬
𤋱	⿱重灬
𤋲	⿰火苪
𤋳	⿳⺈⿴囗仌火
𤋴	⿱⿰𣧄刂火
𤋵	⿰火待
𤋶	⿰火苓
𤋷	⿰火奏
𤋸	⿰火契
𤋹	⿰火枯
𤋺	⿰火貞
𤋻	⿰火派
𤋼	⿰火苦
𤋽	⿰火界
𤋾	⿰火音
𤋿	⿰火茁
𤌀	⿰火急
𤌁	⿰火爯
𤌂	⿰火⿻𦘒𠚪
𤌃	⿰火⿱左⺝
𤌄	⿰火者
𤌅	⿰火降
𤌆	⿰火屋
𤌇	⿱巸火
𤌈	⿱俻灬
𤌉	⿱芻灬
𤌊	⿱宰灬
𤌋	⿰火鬼
𤌌	⿱𤇾井
𤌍	⿰火隺
𤌎	⿵𨳌火
𤌏	⿰火翁
𤌐	⿰火圅
𤌑	⿱⿴𦥑幺灭
𤌒	⿰火罣
𤌓	⿰火⿱亘木
𤌔	⿱⿰肉犬灬
𤌕	⿰火⿱右右
𤌖	⿰火⿱田母
𤌗	⿰火罡
𤌘	⿰火索
𤌙	⿰火𦐇
𤌚	⿰火茴
𤌛	⿰火⿻聿𠚪
𤌜	⿰炎㐁
𤌝	⿳⿹勹巾⿹勹巾灬
𤌞	⿱准灬
𤌟	⿱炏米
𤌠	⿱炏舛
𤌡	⿱炏⿱冖夭
𤌢	⿰火䎡
𤌣	⿰火栗
𤌤	⿰火夏
𤌥	⿰火𡘤
𤌦	⿰火⿱𠮛⿵𦉪丅
𤌧	⿰火桑
𤌨	⿱⿰尾子火
𤌩	⿱髟灬
𤌪	⿰火䙳
𤌫	⿰火𥑟
𤌬	⿰火馬
𤌭	⿰火真
𤌮	⿱⿲𠄌日巨火
𤌯	⿰火朕
𤌰	⿰火⿱日⿻⿳一丷𠄟丨
𤌱	⿰火⿱日共
𤌲	⿳⺻田灬
𤌳	⿰火奚
𤌴	⿰火桀
𤌵	⿰火⿱爫⿴？人
𤌶	⿰火能
𤌷	⿰火恚
𤌸	⿱火草
𤌹	⿰𠦝𤆅
𤌺	⿱歬火
𤌻	⿳火中吕
𤌼	⿰火𦤃
𤌽	⿱芻火
𤌾	⿱高火
𤌿	⿰火疾
𤍀	⿱炏向
𤍁	⿱殺灬
𤍂	⿱勑灬
𤍃	⿰火海
𤍄	⿰火祖
𤍅	⿰火烈
𤍆	⿰火軏
𤍇	⿰火辱
𤍈	⿰火豈
𤍉	⿰火訔
𤍊	⿰火素
𤍋	⿱訖灬
𤍌	⿰声灵
𤍍	⿳亠𠦜灬
𤍎	⿰火郎
𤍏	⿰火兹
𤍐	⿱推火
𤍑	⿰火終
𤍒	⿰火巢
𤍓	⿱野火
𤍔	⿱𤇾冋
𤍕	⿱梄火
𤍖	⿰火斬
𤍗	⿰火㪍
𤍘	⿱完炅
𤍙	⿰炙㶣
𤍚	⿳火罒艸
𤍛	⿱⿲火𢆉火又
𤍜	⿰火參
𤍝	⿰火𭽀
𤍞	⿰火⿳艹一⿱龷一
𤍟	⿱票灬
𤍠	⿱執灬
𤍡	⿰火⿻乇𠈌
𤍢	⿱焱土
𤍣	⿰火堃
𤍤	⿰火章
𤍥	⿱⿰臣句灬
𤍦	⿰火⿸戶肙
𤍧	⿱𤇾丼
𤍨	⿱孰火
𤍩	⿱𤇾立
𤍪	⿰火郭
𤍫	⿱堆灬
𤍬	⿰火⿹𢦏业
𤍭	⿰火⿱覀氶
𤍮	⿱規火
𤍯	⿰火乾
𤍰	⿱⿰西甘灬
𤍱	⿱雪灬
𤍲	⿰火患
𤍳	⿱雀灬
𤍴	⿰火晨
𤍵	⿱將火
𤍶	⿰火累
𤍷	⿱火𧿭
𤍸	⿰火⿱𠂉品
𤍹	⿱⿰⿱⺈⺕先灬
𤍺	⿰火⿱⿻𠈌丨丂
𤍻	⿱⿰女⿱䒑⿻⺕⿰丨丨灬
𤍼	⿰火⿱合𠕁
𤍽	⿱埶火
𤍾	⿱林𤆍
𤍿	⿰火專
𤎀	⿳业𦍌火
𤎁	⿱⿰⿱巛百刂火
𤎂	⿱勔灬
𤎃	⿰火𥒐
𤎄	⿰火焉
𤎅	⿱敖火
𤎆	⿰火𡍏
𤎇	⿱⿲彳圭卩火
𤎈	⿰火⿱⿱⺈⿵冂人犮
𤎉	⿸产⿱⿻⺕⿰丨丨灬
𤎊	⿱炏束
𤎋	⿰火⿱羽夲
𤎌	⿰火堂
𤎍	⿰火國
𤎎	⿰火麻
𤎏	⿰火⿱皿⿲人⿱㇒丨人
𤎐	⿰火匿
𤎑	⿰火𡕩
𤎒	⿰火執
𤎓	⿰青灵
𤎔	⿰火羕
𤎕	⿰火悉
𤎖	⿰火康
𤎗	⿱艹⿸厂𭴔
𤎘	⿱刀𤋁
𤎙	⿰火⿱旨甲
𤎚	⿳山火炅
𤎛	⿰火淫
𤎜	⿰火朗
𤎝	⿱雁灬
𤎞	⿰火⿳巛𠔿𠂡
𤎟	⿱宀⿰垔火
𤎠	⿰火歮
𤎡	⿰炙臽
𤎢	⿰炙炎
𤎣	⿰火菴
𤎤	⿰勞少
𤎥	⿰帛炎
𤎦	⿱𫾼灬
𤎧	⿱𠷎火
𤎨	⿱敝火
𤎩	⿱隊火
𤎪	⿱堛火
𤎫	⿳炎龷火
𤎬	⿱⿲火屰火又
𤎭	⿱炎㐭
𤎮	⿱𡎐火
𤎯	⿱曾火
𤎰	⿱曾灬
𤎱	⿰火雋
𤎲	⿰火量
𤎳	⿰火㫺
𤎴	⿱𣦃灬
𤎵	⿱⿱止𦨉火
𤎶	⿰火爲
𤎷	⿹？炅
𤎸	⿰⿱⿶凵⿰丨丨火⿱⿶凵⿰丨丨火
𤎹	⿱⿲丬臣巳灬
𤎺	⿰火𰷣
𤎻	⿰火萧
𤎽	⿰火貫
𤎾	⿱⿰⿱巛百刂火
𤎿	⿱𡔯灬
𤏀	⿱𠂹⿸厂火
𤏁	⿰氵⿱𭘍灬
𤏂	⿱焞灬
𤏃	⿱炏奇
𤏄	⿱湔灬
𤏅	⿱就灬
𤏆	⿰火⿱⿰⿻三丨攵木
𤏇	⿱棕灬
𤏈	⿰火壹
𤏉	⿰火⿺走司
𤏊	⿱⿰⿱廿⿻口土力灬
𤏋	⿰火發
𤏌	⿰火㷅
𤏍	⿱堹火
𤏎	⿰火⿰圭圭
𤏏	⿰火𤲆
𤏐	⿰火間
𤏑	⿰火⿱艹⿱㇒⿻⿳一⺕二丨
𤏒	⿰昌炎
𤏓	⿰火⿱⿵𰃦釆丂
𤏔	⿰火皓
𤏕	⿰⿱巛冋炎
𤏖	⿰火替
𤏗	⿰火森
𤏘	⿰火惑
𤏙	⿰火𦓔
𤏚	⿰火雁
𤏛	⿱備火
𤏜	⿰爲火
𤏝	⿰炙坴
𤏞	⿰㷠巜
𤏟	⿰火叅
𤏠	⿰夫無
𤏡	⿱棘火
𤏢	⿰火隊
𤏣	⿰火訴
𤏤	⿱稀灬
𤏥	⿰火傕
𤏦	⿰火絜
𤏧	⿰火答
𤏨	⿰火稀
𤏩	⿱勛灬
𤏪	⿰火勞
𤏫	⿰火筆
𤏬	⿰火創
𤏭	⿰炎臽
𤏮	⿰火敞
𤏯	⿰火⿱㢴土
𤏰	⿰火敝
𤏱	⿰火菆
𤏲	⿰火着
𤏳	⿰火貴
𤏴	⿱喜火
𤏵	⿰火𥇡
𤏶	⿰火麀
𤏷	⿱冖𤍾
𤏸	⿰火著
𤏹	⿱僃灬
𤏺	⿱𢾕灬
𤏻	⿱⿲火辛火又
𤏼	⿱飪火
𤏽	⿰火⿱𦍌辛
𤏾	⿰火⿱刑酉
𤏿	⿱䁂火
𤐀	⿰火畺
𤐁	⿸𥆞火
𤐂	⿱勤灬
𤐃	⿰火解
𤐄	⿰火煎
𤐅	⿱⿰冫鹿灬
𤐆	⿰火群
𤐇	⿰火電
𤐈	⿱⿰土⿱𠂉？火
𤐉	⿰火感
𤐊	⿰火雹
𤐋	⿰火⿱罒匊
𤐌	⿰火葉
𤐍	⿳罒工𥄧
𤐎	⿰火⿱𥫗⿱丶𠕌
𤐏	⿱⿲禾白己火
𤐐	⿰火詹
𤐑	⿰火煞
𤐒	⿰火盞
𤐓	⿰火溪
𤐔	⿱炏是
𤐕	⿰炎軍
𤐖	⿰火禁
𤐗	⿰火𤊽
𤐘	⿰火⿰県殳
𤐙	⿰火辟
𤐚	⿰火歆
𤐛	⿰火閙
𤐜	⿰火嵬
𤐝	⿰火雷
𤐞	⿰炎苦
𤐟	⿰火⿱有冏
𤐠	⿰火祿
𤐡	⿰火塊
𤐢	⿰火殾
𤐣	⿰火鼎
𤐤	⿰火熙
𤐥	⿱炎荧
𤐦	⿱戩火
𤐧	⿱稫火
𤐨	⿰火爾
𤐩	⿰火蓋
𤐪	⿰火㷠
𤐫	⿱⿴𦥑囟灭
𤐬	⿰炙⿻木吕
𤐭	⿰火夀
𤐮	⿱辝𤆅
𤐯	⿰火𠎤
𤐰	⿰火蒦
𤐱	⿱㼲火
𤐲	⿰火⿳日共手
𤐳	⿱⿰⿱㐅肴攵灬
𤐴	⿰火㬎
𤐵	⿰火嘉
𤐶	⿰火豪
𤐷	⿰火塵
𤐸	⿱稫灬
𤐹	⿰火⿺辶益
𤐺	⿱𤇾炎
𤐻	⿱𤇾⿻全丷
𤐼	⿳𤇾大世
𤐽	⿰火臺
𤐾	⿰火慐
𤐿	⿱酷灬
𤑀	⿰⿱爫西炎
𤑁	⿱⿰火⿱牛火安
𤑂	⿰⿸厂炎⿱𱼀戈
𤑃	⿰炙兼
𤑄	⿱賏灬
𤑅	⿱𠍾灬
𤑆	⿰火𡏳
𤑇	⿳𠔿冖焚
𤑈	⿰火徴
𤑉	⿰火與
𤑊	⿱⿰⿱彡止夆灬
𤑋	⿱炎荧
𤑌	⿳𪩣朋灬
𤑍	⿰火𦥷
𤑎	⿰烏昆
𤑏	⿱福灬
𤑐	⿱福火
𤑑	⿰火𭀰
𤑒	⿱蔧火
𤑓	⿰𤎭乞
𤑔	⿱蓺火
𤑕	⿰火⿱⿰㇯熏灬力灬
𤑖	⿱㝝炎
𤑗	⿰炙巢
𤑘	⿱滕火
𤑙	⿰火㢘
𤑚	⿰火瑩
𤑛	⿰火勲
𤑜	⿱⿲弓⿻者丶弓灬
𤑝	⿰火㽦
𤑞	⿰火蓮
𤑟	⿰火魯
𤑠	⿰⿱臼正炎
𤑡	⿰火慧
𤑢	⿰火蔥
𤑣	⿰火⿱丙𰀕
𤑤	⿸鴈火
𤑥	⿰火⿳𣅽八丰
𤑦	⿰火適
𤑧	⿰火𪧨
𤑨	⿱⿲弓者弓火
𤑩	⿱⿰炙君灬
𤑪	⿳？韭灬
𤑫	⿰火蓬
𤑬	⿰火黎
𤑭	⿰火磊
𤑮	⿰火摹
𤑯	⿰火劍
𤑰	⿱⿰𩵋占灬
𤑱	⿰火翬
𤑲	⿰火鄰
𤑳	⿰火蕭
𤑴	⿰火𦎧
𤑵	⿱𢐨火
𤑶	⿰覃炎
𤑷	⿰火閹
𤑸	⿰火覧
𤑹	⿰災睪
𤑺	⿰火鼏
𤑻	⿰火⿱日⿳龷龷一
𤑼	⿰火⿳日⿲仌丨仌亏
𤑽	⿳吅⿰䒑䒑炏
𤑾	⿱隧火
𤑿	⿰火聮
𤒀	⿰𤎭亢
𤒁	⿰火⿳𣅽大⺗
𤒂	⿰𤉭隹
𤒃	⿰火曄
𤒄	⿰火𠔳
𤒅	⿰火龜
𤒆	⿰⿳亠吕𢆉⿱⿻九丶火
𤒇	⿰火燊
𤒈	⿰火燕
𤒉	⿱𢨋灬
𤒊	⿰火樸
𤒋	⿰火⿱⿰圭圭灬
𤒌	⿰火駡
𤒍	⿰⿱曲火⿱曲火
𤒎	⿰火學
𤒏	⿱雔灬
𤒐	⿳⿵𰃦夊冖焚
𤒑	⿰火𦺸
𤒒	⿰⿳古口𢆉⿱丸火
𤒓	⿱𢨋火
𤒔	⿰火縛
𤒕	⿱澡灬
𤒖	⿱㯥火
𤒗	⿰炙棗
𤒘	⿰火篤
𤒙	⿰㐱熟
𤒚	⿰火濃
𤒛	⿰火耨
𤒜	⿱𰒲灬
𤒝	⿱⿰自家火
𤒞	⿱辝炎
𤒟	⿰火頺
𤒠	⿰火覩
𤒡	⿱歛火
𤒢	⿰火廩
𤒣	⿰炙麀
𤒤	⿰火聯
𤒥	⿱斂火
𤒦	⿰火斂
𤒧	⿰炙𤊽
𤒨	⿰火營
𤒩	⿰火翼
𤒪	⿰火簒
𤒫	⿰火𣋓
𤒬	⿰火薑
𤒭	⿱⿰？⿱冝八灬
𤒮	⿱𨺵火
𤒯	⿰火韱
𤒰	⿰火毚
𤒱	⿰火齋
𤒲	⿰火⿸广⿱黒土
𤒳	⿰炎⿳不不田
𤒴	⿰火濕
𤒵	⿱濤灬
𤒶	⿰火𦾈
𤒷	⿰火薟
𤒸	⿱鎾灬
𤒹	⿰火⿱田華
𤒺	⿰火㬥
𤒻	⿰火闒
𤒼	⿰廣炎
𤒽	⿰火藋
𤒾	⿰火𤐫
𤒿	⿱⿰⿱廿⿻口土隹灬
𤓀	⿰火⿳⿵𠆢一𠱠⿻𦉫𠄠
𤓁	⿰火𨶒
𤓂	⿰火薰
𤓃	⿰火簡
𤓄	⿰火⿱木⿱冖⿰鬯又
𤓅	⿰𪐗𡱂
𤓆	⿰火藍
𤓇	⿰火瓊
𤓈	⿰火藥
𤓉	⿱難火
𤓊	⿰火𧬉
𤓋	⿰火邊
𤓌	⿰火難
𤓍	⿰火鏖
𤓎	⿰火贊
𤓏	⿰炙⿸𢉖灬
𤓐	⿺是㷦
𤓑	⿱⿰⿳？冖目易灬
𤓒	⿰火靡
𤓓	⿰火羅
𤓔	⿰火⿱燚大
𤓕	⿱⿱⿴𦥑同冖炎
𤓖	⿱䜌火
𤓗	⿰火𣍘
𤓘	⿱勸灬
𤓙	⿰火闡
𤓚	⿰火⿱⿱𦍌⿻秀？灬
𤓛	⿰火耀
𤓜	⿱䵗灬
𤓝	⿰火蘥
𤓞	⿱䵗火
𤓟	⿱𦥯焱
𤓠	⿰火𪉷
𤓡	⿰火𩰥
𤓢	⿰火曩
𤓣	⿰火⿳林罒𡬠
𤓤	⿱⿰處處火
𤓥	⿳亠䀠⿳冖林灬
𤓦	⿰火𧅌
𤓧	⿰炎麗
𤓨	⿱燕雪
𤓩	⿰火變
𤓪	⿱雥火
𤓫	⿱𨽡火
𤓬	⿱雥灬
𤓭	⿰火欝
𤓮	⿱鬱火
𤓯	⿻丅八
𤓰	㇯瓜丶
𤓱	⿺爪乙
𤓲	⿺爪卪
𤓳	⿱爫𠀁
𤓴	⿱㐍又
𤓵	⿺爪夕
𤓶	⿰爪⿱⺈又
𤓷	⿺爪⿱己乂
𤓸	⿱爫⿹⺄三
𤓹	⿱爫⿻丂八
𤓺	⿰爪斗
𤓻	⿱爫天
𤓼	⿺爪分
𤓽	⿱爫𡥀
𤓾	⿳爫冖丈
𤓿	⿳爫巳又
𤔀	⿺爪奴
𤔁	⿱采𠃌
𤔂	⿳爫己又
𤔃	⿱爫矛
𤔄	⿱爫可
𤔅	⿺爪失
𤔆	⿱爫𠂡
𤔇	⿳爫一⿻⺕亅
𤔈	⿺爪且
𤔉	⿺爪田
𤔊	⿱爫𡔛
𤔋	⿺爪巨
𤔌	⿳爫工𫜹
𤔍	⿳爫龴⿱乛小
𤔎	⿰吉爪
𤔏	⿺瓜朱
𤔐	⿳⿱爫冖幺又
𤔑	⿰爪吕
𤔒	⿳爫𠫔丰
𤔓	⿳爫冖兄
𤔔	⿳爫龴𱏻
𤔕	⿰乡⿱爫主
𤔖	⿰果爪
𤔗	⿰囶爪
𤔘	⿱爫⿴？⿰𠄠𠄠
𤔙	⿱爪⿰爪爪
𤔚	⿰⿸户水爪
𤔛	⿱取爪
𤔜	⿺爪畐
𤔝	⿰禺爪
𤔞	⿱爫⿷⿹？𠂎厶
𤔟	⿰⿱文布爪
𤔠	⿳爫冖⿰䶹攵
𤔡	⿱爫為
𤔢	⿰爪蚤
𤔣	⿱爫叟
𤔤	⿳爫冖牧
𤔥	⿱舀木
𤔦	⿳爫口冏
𤔧	⿰𤔔亏
𤔨	⿸麻爪
𤔩	⿰爪國
𤔪	⿳爫⿲幺幺幺又
𤔫	⿱爫曼
𤔬	⿱爫？
𤔭	⿳爫⿲幺幺幺十
𤔮	⿲爪⿱山未攴
𤔯	⿰爪筆
𤔰	⿱爫⿸尸昜
𤔱	⿱舀曲
𤔲	⿰𤔔司
𤔳	⿳爫一⿰米糸
𤔴	⿳爫罒⿰㫐卩
𤔵	⿰⿱爫罒炎
𤔶	⿺爪當
𤔷	⿰盈爭
𤔸	⿳爫㓁𡬠
𤔹	⿱爫⿱𫠭⿰个个
𤔺	⿰⿳爫⿱龴𠕁寸司
𤔻	⿰夢爪
𤔼	⿶⿶凵⿰？匚⿱爫貝
𤔽	⿰爪蒙
𤔾	⿰蒙爪
𤔿	⿱爫⿸尸⿱⿲止⿰丨丨巳夊
𤕀	⿳爫⿲幺幺幺安
𤕁	⿰䍃⿱爫㠯
𤕂	⿰奚芻
𤕃	⿳爫⿱冖粉犬
𤕄	⿱舀⿲日几日
𤕅	⿰𤔔匋
𤕆	⿰䍃邕
𤕇	⿱妥⿰妥妥
𤕈	⿱爫⿲呂⿳？？丨呂
𤕉	⿺爪爂
𤕊	⿺爪舋
𤕋	⿱⿺𠃊⿰⺌㇒⿹⺄⿳爫⿻己⿱工工白
𤕌	⿰𤔔⿱東田
𤕍	⿳爫⿲糹吕糹十
𤕎	⿱父于
𤕏	⿱父山
𤕐	⿱⿱十冖父
𤕑	⿱父开
𤕒	⿱父可
𤕓	⿱父邪
𤕔	⿱吒父
𤕕	⿱父邑
𤕖	⿱父取
𤕗	⿱父𪠨
𤕘	⿳父屾夊
𤕙	⿱父貢
𤕚	⿳亠隹父
𤕛	⿰⿱父羊⿱九手
𤕜	⿳㐅一乂
𤕝	⿰爻攴
𤕞	⿰爻宁
𤕟	⿰爻疋
𤕠	⿰爻守
𤕡	⿻大⿰夕爻
𤕢	⿱𢼂女
𤕣	⿻⿴囗㸚乚
𤕤	⿳⿻十㸚一八
𤕥	⿰爻⿱匕見
𤕦	⿱吅⿰⿼己工爻
𤕧	⿱吅⿻乂⿰工爻
𤕨	⿱𠆢⿻丨⿱丷⿵冂㸚
𤕩	⿱棥𠬜
𤕪	⿾㠯
𤕫	⿻爿一
𤕬	⿰爿一
𤕭	⿰爿又
𤕮	⿰爿也
𤕯	⿰爿水
𤕰	⿰爿片
𤕱	⿰爿⿱？又
𤕲	⿰爿且
𤕳	⿰爿犮
𤕴	⿰爿㐌
𤕵	⿰爿令
𤕶	⿰爿⿳夕一八
𤕷	⿰爿兆
𤕸	⿰爿庄
𤕹	⿰爿朿
𤕺	⿸𤕫矢
𤕻	⿰爿吾
𤕼	⿰爿⿱𠂉矢
𤕽	⿰爿釆
𤕾	⿰爿求
𤕿	⿰爿𡉵
𤖀	⿰爿夆
𤖁	⿰爿⿱卝干
𤖂	⿰爿束
𤖃	⿰爿里
𤖄	⿰爿⿱⿱⺊冖亓
𤖅	⿰爿⿱𱼀水
𤖆	⿰爿戔
𤖇	⿰爿果
𤖈	⿰爿⿳歺一八
𤖉	⿰爿秉
𤖊	⿰爿⿱⺊𠕻
𤖋	⿰爿⿷匚臣
𤖌	⿰爿施
𤖍	⿰爿⿱务王
𤖎	⿲爿目片
𤖏	⿰爿疾
𤖐	⿰爿𤰇
𤖑	⿰爿庯
𤖒	⿰爿桑
𤖓	⿰爿責
𤖔	⿰爿𮍏
𤖕	⿰爿⿱𱼀酉
𤖖	⿰爿黄
𤖗	⿰爿歰
𤖘	⿰爿賁
𤖙	⿰爿⿱酉皿
𤖚	⿰爿⿳夂夂⿰三三
𤖛	⿱將且
𤖜	⿰爿零
𤖝	⿰爿詹
𤖞	⿰爿戢
𤖟	⿰爿辟
𤖠	⿰爿𠾂
𤖡	⿰爿寮
𤖢	⿰爿歷
𤖣	⿰爿𥢺
𤖤	⿰爿⿱一奰
𤖥	⿰爿⿱霝亚
𤖦	⿰爿靈
𤖧	⿰爿⿱㯤㐭
𤖨	⿰片乚
𤖩	⿰片女
𤖪	⿰片也
𤖫	⿰片凡
𤖬	⿰片殳
𤖭	⿰片分
𤖮	⿰片勾
𤖯	⿰片不
𤖰	⿰片⿱？又
𤖱	⿰片禾
𤖲	⿰片古
𤖳	⿰片平
𤖴	⿰片斥
𤖵	⿰片句
𤖶	⿰片丙
𤖷	⿰片皮
𤖸	⿰片主
𤖹	⿰片立
𤖺	⿰片列
𤖻	⿰片多
𤖼	⿰片𠂢
𤖽	⿰片向
𤖾	⿰片同
𤖿	⿰片⿰亻氏
𤗀	⿰片良
𤗁	⿰片足
𤗂	⿰片求
𤗃	⿰片甫
𤗄	⿰片囱
𤗅	⿰片⿰䏍乚
𤗆	⿰片每
𤗇	⿰片空
𤗈	⿰片妾
𤗉	⿰片忩
𤗊	⿰片𣏋
𤗋	⿰片非
𤗌	⿰片备
𤗍	⿰片宛
𤗎	⿰片奄
𤗏	⿰片咅
𤗐	⿰片房
𤗑	⿰片虎
𤗒	⿰片㫄
𤗓	⿰片承
𤗔	⿰𨐌片
𤗕	⿰片⿱丅⿸⿰丿乛⿱七几
𤗖	⿰片孟
𤗗	⿰片東
𤗘	⿰片是
𤗙	⿰片㡿
𤗚	⿰片畐
𤗛	⿰片柬
𤗜	⿰片叚
𤗝	⿰片臾
𤗞	⿰片亭
𤗟	⿰亲片
𤗠	⿰片⿱⿻千从凵
𤗡	⿰者片
𤗢	⿰片虒
𤗣	⿰片⿱？木
𤗤	⿰片貢
𤗥	⿰片⿳十艹木
𤗦	⿰片鬲
𤗧	⿰片鬼
𤗨	⿰片習
𤗩	⿰片⿱艹⿹勹用
𤗪	⿰片率
𤗫	⿰片离
𤗬	⿰片婁
𤗭	⿰片虖
𤗮	⿰片責
𤗯	⿰片崔
𤗰	⿰片曹
𤗱	⿰片⿱日甫
𤗲	⿰片參
𤗳	⿰片發
𤗴	⿰片貴
𤗵	⿰片菐
𤗶	⿰片黄
𤗷	⿰片粦
𤗸	⿰片賁
𤗹	⿰片番
𤗺	⿰片辟
𤗻	⿰片詹
𤗼	⿰片嗇
𤗽	⿰片葉
𤗾	⿰片當
𤗿	⿰片臺
𤘀	⿰片壽
𤘁	⿰片蒙
𤘂	⿰片夢
𤘃	⿰片歷
𤘄	⿰片𧷗
𤘅	⿰牙子
𤘆	⿰牙牙
𤘇	⿰牙占
𤘈	⿱牙臼
𤘉	⿱牙⿻四一
𤘊	⿱牙邠
𤘋	⿰牙我
𤘌	⿰牙奇
𤘍	⿱牙𦥒
𤘎	⿰牙⿱𫝀⿰丨⿱？？
𤘏	⿰牙昏
𤘐	⿰牙禹
𤘑	⿰牙豈
𤘒	⿱敖牙
𤘓	⿰牙寧
𤘔	⿱一牛
𤘕	⿰牜㔾
𤘖	⿰牜丁
𤘗	⿰牜乜
𤘘	⿰牜口
𤘙	⿰牜女
𤘚	⿰牜弋
𤘛	⿰牜⿻⿱㇒一乚
𤘜	⿰牜尤
𤘝	⿱分牛
𤘞	⿰牜⿻刀⿱丶丶
𤘟	⿰牜冄
𤘠	⿰牜天
𤘡	⿰牜今
𤘢	⿰牜不
𤘣	⿰牜冘
𤘤	⿱比牛
𤘥	⿰牜比
𤘦	⿰牜介
𤘧	⿱牛牛
𤘨	⿰今牛
𤘪	⿰牜丹
𤘫	⿰牜屯
𤘬	⿰牜木
𤘭	⿰牜火
𤘮	⿱不牛
𤘯	⿰牜欠
𤘰	⿱㓁牛
𤘱	⿰牜𣎳
𤘲	⿰牜犬
𤘳	⿰牜𢆰
𤘴	⿰牜攴
𤘵	⿱日牛
𤘶	⿰牜手
𤘷	⿰牜𠘬
𤘸	⿰牜𠬢
𤘹	⿰牜丕
𤘺	⿰牜宂
𤘻	⿰牜⿱㇒𠔿
𤘼	⿰牜冉
𤘽	⿰牜句
𤘾	⿰牜平
𤘿	⿱北牛
𤙀	⿰牜⿱⿱一八丂
𤙁	⿰牜㐱
𤙂	⿰牜𪩲
𤙃	⿰牜本
𤙄	⿱加牛
𤙅	⿰牜布
𤙆	⿰牜𠀕
𤙇	⿰牜甲
𤙈	⿰牜失
𤙉	⿰牜𭁠
𤙊	⿰牜⿱匀一
𤙋	⿱么⿱冖牛
𤙌	⿰牜尼
𤙍	⿰牜⿻屮几
𤙎	⿰牜皮
𤙏	⿱去牛
𤙐	⿰牜卡
𤙑	⿰牜各
𤙒	⿰牜劦
𤙓	⿰牜同
𤙔	⿰牜兆
𤙕	⿰牜虫
𤙖	⿰合牛
𤙗	⿰牜弜
𤙘	⿱收牛
𤙙	⿰牜危
𤙚	⿰牜⿱𠂉毛
𤙛	⿰牜余
𤙜	⿰牜肖
𤙝	⿰牜邑
𤙞	⿰牜坒
𤙟	⿱初牛
𤙠	⿰牜求
𤙡	⿰牜辛
𤙢	⿰牜⿱卝干
𤙣	⿰含牛
𤙤	⿰牜孚
𤙥	⿰牜克
𤙦	⿰牜豕
𤙧	⿰牜見
𤙨	⿰牜束
𤙩	⿰牜每
𤙪	⿰牜豸
𤙫	⿰牜⿱亠旦
𤙬	⿰牜吴
𤙭	⿰牜甫
𤙮	⿰牜赤
𤙯	⿰牜劳
𤙰	⿰牜㝵
𤙱	⿰牜舍
𤙲	⿱制牛
𤙳	⿰牜备
𤙴	⿰牜卓
𤙵	⿰牜隹
𤙶	⿰牜疌
𤙷	⿰牜宗
𤙸	⿰牜⿱士⿻口儿
𤙹	⿰牜忽
𤙺	⿳⿳亠丷冖儿牛
𤙻	⿱卷牛
𤙼	⿱⿰有力牛
𤙽	⿰牜尚
𤙾	⿰牜并
𤙿	⿰牜岳
𤚀	⿰牜采
𤚁	⿰肴牛
𤚂	⿰牜⿹勹⿱小小
𤚃	⿰牜底
𤚄	⿰牜⿱丑丑
𤚅	⿰牟牟
𤚆	⿰牜陂
𤚇	⿰牜𱻊
𤚈	⿰牜⿳山𡭔又
𤚉	⿱取牛
𤚊	⿰牜𣏋
𤚋	⿰牜念
𤚌	⿸㞑牛
𤚍	⿰牜蚩
𤚎	⿰牜俞
𤚏	⿰牜重
𤚐	⿰牜苗
𤚑	⿰牜射
𤚒	⿰牜亰
𤚓	⿱牧𰆗
𤚔	⿰牜叜
𤚕	⿰牜垔
𤚖	⿰牜姜
𤚗	⿰牜宣
𤚘	⿰牜要
𤚙	⿰牜奐
𤚚	⿰牜毒
𤚛	⿰牜面
𤚜	⿱⿰𰍪又牛
𤚝	⿰牜皇
𤚞	⿰牜⿳㇒罒山
𤚟	⿰牜待
𤚠	⿰牜㚇
𤚡	⿰牜度
𤚢	⿰牜帝
𤚣	⿰牜𡧩
𤚤	⿰牜眉
𤚦	⿰牜⿱古木
𤚧	⿱吒牢
𤚨	⿰牜⿱辰又
𤚩	⿰牜秦
𤚪	⿰牜𣬉
𤚫	⿰牜唐
𤚬	⿰牜倉
𤚭	⿰牜䍃
𤚮	⿰牜𠅖
𤚯	⿰牜臭
𤚰	⿰牜旁
𤚱	⿰牜骨
𤚲	⿰⿱⿳士冖一牜殳
𤚳	⿰牜虔
𤚴	⿰牜馬
𤚵	⿰牜⿱㐬口
𤚶	⿰⿱夂⿲丶丶丶⿱勿牛
𤚷	⿰牟卓
𤚸	⿱高牛
𤚹	⿱捃牛
𤚺	⿰牜⿱日羽
𤚻	⿱牪合
𤚼	⿱𣪊牛
𤚽	⿰牜尃
𤚾	⿰牜⿸辰寸
𤚿	⿰牜⿱⿸厂⿱一⿷⿱丅𠃊⺄又
𤛀	⿰牜𧴫
𤛁	⿰牜昷
𤛂	⿰牜鬼
𤛃	⿰牜𠣧
𤛄	⿰牜斊
𤛅	⿰牜畜
𤛆	⿸𭆆牛
𤛇	⿰牜真
𤛈	⿱合牪
𤛉	⿳𫝀⿳巛冖厶㐄
𤛊	⿰牜習
𤛋	⿰牜堂
𤛌	⿰牜尉
𤛍	⿰牜崔
𤛎	⿱敏牛
𤛏	⿰牜虘
𤛐	⿰牜區
𤛑	⿰牜庸
𤛒	⿰牜⿹⿻弓⿱？匚口
𤛓	⿱殻牛
𤛔	⿰牜曼
𤛕	⿲牜車牛
𤛖	⿱⿰赤殳牛
𤛗	⿱殸牛
𤛘	⿰牜莽
𤛙	⿰⿱⿰丨目干牟
𤛚	⿱牪豕
𤛛	⿰牜脩
𤛜	⿲牜姜刂
𤛝	⿱宿牛
𤛞	⿰牜閉
𤛟	⿰牜⿱艹⿹勹用
𤛠	⿰牜婁
𤛡	⿰牜絫
𤛢	⿰牜曾
𤛣	⿰牜翕
𤛤	⿰牜叅
𤛥	⿰牜黄
𤛦	⿰牜厥
𤛧	⿰牜尋
𤛨	⿰牜爲
𤛩	⿰牜隋
𤛪	⿰牜⿱老老
𤛫	⿰牜⿳卝王牛
𤛬	⿰牜買
𤛭	⿱牪牪
𤛮	⿰牜勞
𤛯	⿰牜蜀
𤛰	⿰牜羣
𤛱	⿱𦥯牛
𤛲	⿰牜嵬
𤛳	⿰牜解
𤛴	⿰牜𠷎
𤛵	⿰牜𡕰
𤛶	⿰牜萬
𤛷	⿰牜嗇
𤛸	⿰牜感
𤛹	⿰牜翟
𤛺	⿰牜⿱𰨛𱥯
𤛻	⿰牜蔵
𤛼	⿰牜黎
𤛽	⿰牜⿱？歧
𤛾	⿰牜憂
𤛿	⿰黍⿱⿹勹丿牛
𤜀	⿰牜𦎫
𤜁	⿰牟感
𤜂	⿱衞牛
𤜃	⿰牜𦎧
𤜄	⿰牜褱
𤜅	⿰牜霍
𤜆	⿰牜龍
𤜇	⿰牜毚
𤜈	⿰牜謈
𤜉	⿰牜嬰
𤜊	⿲牜哥言
𤜋	⿰牜𧫏
𤜌	⿰牜㬥
𤜍	⿰牜雚
𤜎	⿰牜龎
𤜏	⿰牜⿸厂⿱臼离
𤜐	⿰牜藏
𤜑	⿰牜羆
𤜒	⿰牜蠆
𤜓	⿰牜⿱巛⿷⿹？？𬺹
𤜔	⿱⿰𣇛匊牛
𤜕	⿰⿱⿱士冖牛⿱覀相
𤜖	⿰牜纍
𤜗	⿰牜蠢
𤜘	⿰魔牛
𤜙	⿰牜靈
𤜚	⿱犭一
𤜛	⿰犭𢎘
𤜜	⿰犭力
𤜝	⿰犭几
𤜞	⿰犭八
𤜟	⿰犭丩
𤜠	⿰犭乃
𤜡	⿰犭阝
𤜢	⿰犭卂
𤜣	⿰犭也
𤜤	⿰犭乇
𤜥	⿰犭义
𤜦	⿰犭凡
𤜧	⿰巾犬
𤜨	⿰犭⿻⿱㇒一乚
𤜩	⿰犭⿹勹丿
𤜪	⿰犭亡
𤜫	⿰犭叉
𤜬	⿰犭山
𤜭	⿰犭子
𤜮	⿰犭寸
𤜯	⿰犭及
𤜰	⿰犭今
𤜱	⿰犭巴
𤜲	⿰巿犬
𤜳	⿰犭帀
𤜴	⿰犭冘
𤜵	⿰犭开
𤜶	⿰犭爪
𤜷	⿰犭互
𤜸	⿰犭厄
𤜹	⿰犬欠
𤜺	⿰犭𠂛
𤜻	⿰犭比
𤜼	⿰犭匀
𤜽	⿰犭内
𤜾	⿰犭丮
𤜿	⿰犭⿹⺄䶹
𤝀	⿰欠犬
𤝁	⿰犭太
𤝂	⿰犭𣎳
𤝃	⿰犭𢆰
𤝄	⿰犭毛
𤝅	⿰犭公
𤝆	⿰犭欠
𤝇	⿰犭⿴夂丶
𤝈	⿰犭殳
𤝉	⿰犭予
𤝊	⿰犭卆
𤝋	⿰犭文
𤝌	⿰犭元
𤝍	⿰犭日
𤝎	⿰犭水
𤝏	⿰犭弁
𤝐	⿰犭号
𤝑	⿰犭乏
𤝒	⿰犭出
𤝓	⿰犭占
𤝔	⿰犭付
𤝕	⿰犭母
𤝖	⿰犭只
𤝗	⿰犭田
𤝘	⿰犭乎
𤝙	⿰犭巨
𤝚	⿰犭申
𤝛	⿰犭它
𤝜	⿰犭犮
𤝝	⿰犭尒
𤝞	⿰犭术
𤝟	⿰弗犬
𤝠	⿰犭弔
𤝡	⿰白犬
𤝢	⿰犭𠬤
𤝣	⿰犭氷
𤝤	⿰犭戹
𤝥	⿰犭处
𤝦	⿰犭𠆫
𤝧	⿰犭仢
𤝨	⿰犭宄
𤝩	⿰犭矛
𤝪	⿰犭𢆉
𤝫	⿰犭冉
𤝬	⿰犭氐
𤝭	⿰犭此
𤝮	⿰𠂔犬
𤝯	⿰犭伏
𤝰	⿰犭合
𤝱	⿰犭因
𤝲	⿰犭吴
𤝳	⿰犭伊
𤝴	⿰犭并
𤝵	⿰犭𡉚
𤝶	⿰𡉚犬
𤝷	⿰犭夅
𤝸	⿰犭米
𤝹	⿰犭朱
𤝺	⿰犭𡰱
𤝻	⿰犭多
𤝼	⿰犭自
𤝽	⿰犭聿
𤝾	⿰犭𭗼
𤝿	⿰犭匡
𤞀	⿰犭充
𤞁	⿰犭𠃨
𤞂	⿰犭至
𤞃	⿰犭岁
𤞄	⿰犭⿱丷旡
𤞅	⿰犭𠂢
𤞆	⿰犭⿱𠂉斤
𤞇	⿰犭圭
𤞈	⿰犭⿱一丘
𤞉	⿰犭戍
𤞊	⿰犭列
𤞋	⿰犭早
𤞌	⿰犭宅
𤞍	⿰犭⿱肀凵
𤞎	⿰犭𰗑
𤞏	⿰犭西
𤞐	⿰犭存
𤞑	⿰犭回
𤞒	⿰犭共
𤞓	⿰犭先
𤞔	⿰犭式
𤞕	⿰犭再
𤞖	⿰犭耒
𤞗	⿰犭件
𤞘	⿰犭任
𤞙	⿰犭寽
𤞚	⿰犭肖
𤞛	⿱壯犬
𤞜	⿰犭否
𤞝	⿰犭豸
𤞞	⿰犭谷
𤞟	⿰犭豆
𤞠	⿰犭杀
𤞡	⿰犭邪
𤞢	⿰犭⿱卝干
𤞣	⿰肙犬
𤞤	⿰犭严
𤞥	⿰犭呆
𤞦	⿰犭每
𤞧	⿰犭困
𤞨	⿰犭甫
𤞩	⿰犭助
𤞪	⿰犭呂
𤞫	⿰犭戒
𤞬	⿰犭弄
𤞭	⿰犭見
𤞮	⿰⿱穴㐅犬
𤞯	⿰犭𡉵
𤞰	⿰犭求
𤞱	⿰犭豕
𤞲	⿰犭孚
𤞳	⿰犭𠯑
𤞴	⿰犭角
𤞵	⿰犭完
𤞶	⿰犭罕
𤞷	⿰𡉣犬
𤞸	⿰犭𠄢
𤞹	⿰犭？
𤞺	⿰犭告
𤞻	⿰犭⿱⿱⿵𠆢丶乛口
𤞼	⿰犭吝
𤞽	⿰犭芒
𤞾	⿰犭𭥐
𤞿	⿰犴犬
𤟀	⿰皂犬
𤟁	⿰犭⿱刃𫩏
𤟂	⿰犭肓
𤟃	⿰犭疌
𤟄	⿰犭空
𤟅	⿰犭臽
𤟆	⿰犭剎
𤟇	⿰犭炎
𤟈	⿰犭東
𤟉	⿰犭岸
𤟊	⿰犭宛
𤟋	⿰犭効
𤟌	⿰爿⿱𱼀犬
𤟍	⿰犭易
𤟎	⿰犭屈
𤟏	⿱叔犬
𤟐	⿸厂⿱㓞犬
𤟑	⿰犭戾
𤟒	⿱⿰爿夕犬
𤟓	⿰䒥犬
𤟔	⿰犭長
𤟕	⿰犭𦙃
𤟖	⿰犭采
𤟗	⿰犭受
𤟘	⿰犭录
𤟙	⿰炙犬
𤟚	⿰犭𪠨
𤟛	⿰犭兔
𤟜	⿰𫊝犬
𤟝	⿰犭𧆞
𤟞	⿰⿱交口犬
𤟟	⿰犭音
𤟠	⿰犭胥
𤟡	⿰犭皇
𤟢	⿰盾犬
𤟣	⿰犭盈
𤟤	⿰犭軍
𤟥	⿰犭是
𤟦	⿰犭耎
𤟧	⿰犭思
𤟨	⿰犭𮩴
𤟩	⿰虽犬
𤟪	⿰犭突
𤟫	⿰犭叜
𤟬	⿰犭⿱丗木
𤟭	⿱㲋犬
𤟮	⿰耑犬
𤟯	⿰犭面
𤟰	⿰犭剌
𤟲	⿰犭姜
𤟳	⿱狗分
𤟴	⿰犬軍
𤟵	⿰⿸户目犬
𤟶	⿰⿱⿱？⿰丨？⺝犬
𤟷	⿰犭歪
𤟸	⿲犭申攵
𤟹	⿰犭禺
𤟺	⿰犭⿳由一夊
𤟻	⿰犭𢍆
𤟼	⿰犭訇
𤟽	⿰犭施
𤟾	⿰犭帝
𤟿	⿰犭宣
𤠀	⿰犭凾
𤠁	⿰犭首
𤠂	⿰犭苔
𤠃	⿰犭勁
𤠄	⿰犭𤔄
𤠅	⿰犭盃
𤠆	⿰犭哀
𤠇	⿰犭革
𤠈	⿰犭舁
𤠉	⿰犭英
𤠊	⿰宣犬
𤠋	⿰犭娄
𤠌	⿰犭柴
𤠍	⿰犭般
𤠎	⿰犭畟
𤠏	⿰犭𰙩
𤠐	⿰犭𦐇
𤠑	⿰犭留
𤠒	⿲犭𠂤犬
𤠓	⿰犭奚
𤠔	⿰犭員
𤠕	⿰犭畜
𤠖	⿰犭高
𤠗	⿰犭能
𤠘	⿰犭蚤
𤠙	⿰犭哥
𤠚	⿰犭素
𤠛	⿰犭𮎰
𤠜	⿰犭庭
𤠝	⿰犭差
𤠞	⿰犭𣬉
𤠟	⿰犭荅
𤠠	⿰犭衰
𤠡	⿰犭盍
𤠢	⿰⿻口虫犬
𤠣	⿰犭候
𤠤	⿰犭荒
𤠥	⿰犭㪿
𤠦	⿲犭⿳山一儿攵
𤠧	⿰犭𭃳
𤠨	⿰⿱艹𮦄犬
𤠩	⿲⿱自方丶犬
𤠪	⿰⿱巛囯犬
𤠫	⿰犭栗
𤠬	⿰犭𠳮
𤠭	⿰犭射
𤠮	⿰犭芻
𤠯	⿰犭唐
𤠰	⿰犭冓
𤠱	⿰犭埃
𤠲	⿰犭豈
𤠳	⿰犭起
𤠴	⿰犭院
𤠵	⿰犭⿱⿰丰力手
𤠶	⿰犭真
𤠷	⿰蚩犬
𤠸	⿰犭郎
𤠹	⿰犭帶
𤠺	⿰犭畢
𤠻	⿰犭啇
𤠼	⿱殻犬
𤠽	⿰犭戚
𤠾	⿰犭區
𤠿	⿰犭堅
𤡀	⿰犭羕
𤡁	⿰犭㒼
𤡂	⿰犭累
𤡃	⿰犭欶
𤡄	⿰犭𨊴
𤡅	⿰犭㕘
𤡆	⿰犭從
𤡇	⿰犭毫
𤡈	⿰犭許
𤡉	⿰犭𦰩
𤡊	⿰犭鹿
𤡋	⿰犭軟
𤡌	⿰犭𰿘
𤡍	⿰犭庶
𤡎	⿰⿱丶鬲犬
𤡏	⿰犭𨱝
𤡐	⿰犭曹
𤡑	⿰犭票
𤡒	⿰犭野
𤡓	⿰犭國
𤡔	⿰犭梟
𤡕	⿰犭鳥
𤡖	⿰犭這
𤡗	⿰犭𡨼
𤡘	⿰犭⿰⿱𫜹⺝⿱？又
𤡙	⿰犭叄
𤡚	⿰犭既
𤡛	⿰犭⿳宀一𰤲
𤡜	⿰𰮕犬
𤡝	⿰犭𡌦
𤡞	⿰犭⿱艹⿻⺕龰
𤡟	⿰犭患
𤡠	⿰犭晨
𤡡	⿰犭⿱臼匃
𤡢	⿰犭离
𤡣	⿰犭虚
𤡤	⿰犭𦓔
𤡥	⿰犭閒
𤡦	⿰犭閑
𤡧	⿰犭惢
𤡨	⿰犭絲
𤡩	⿰粦犬
𤡪	⿰犭隋
𤡫	⿰犭厤
𤡬	⿰犭壹
𤡭	⿰犭彭
𤡮	⿰犭然
𤡯	⿰犭舃
𤡰	⿰犭斑
𤡱	⿰犭貴
𤡲	⿰犭開
𤡳	⿰犭𢽬
𤡴	⿰⿱吅虫犬
𤡵	⿰雇犬
𤡶	⿰犭⿳卉⿱八𠆢十
𤡷	⿰犭渠
𤡸	⿰犭象
𤡹	⿰犭䭴
𤡺	⿰犭𡩋
𤡻	⿲犭東欠
𤡼	⿰犭⿱？田
𤡽	⿰奠犬
𤡾	⿰惡犬
𤡿	⿰答犬
𤢀	⿰犭喜
𤢁	⿰犭⿱艹丳
𤢂	⿰犭粟
𤢃	⿰犭⿱右⿵⿵冂八山
𤢄	⿰犭敞
𤢅	⿰犭𤉷
𤢆	⿰犭甯
𤢇	⿰犭筆
𤢈	⿰犭登
𤢉	⿰犭𰕎
𤢊	⿰犭路
𤢋	⿰犭⿱𭣤丗
𤢌	⿰犭禽
𤢍	⿰犭遀
𤢎	⿰犭當
𤢏	⿰犭亶
𤢐	⿰犭雍
𤢑	⿰犭葵
𤢒	⿰犭廌
𤢓	⿰犭豦
𤢔	⿰犭歇
𤢕	⿰睪犬
𤢗	⿰犭雷
𤢘	⿰犭⿱夂素
𤢙	⿰犭𤊽
𤢚	⿰⿱厸禺犬
𤢛	⿰犭意
𤢜	⿰蜀犬
𤢝	⿱𢾕犬
𤢞	⿰犭㬅
𤢟	⿰犭睪
𤢠	⿰犭⿳山日𠣏
𤢡	⿰犭鼠
𤢢	⿰犭⿱亩衣
𤢣	⿰犭辟
𤢤	⿰犭稟
𤢥	⿰犭萬
𤢦	⿰犭㥯
𤢧	⿰犭⿱冖舃
𤢨	⿰犭蒿
𤢩	⿰犭隨
𤢪	⿰犭⿳巛𠔿⿲⿺𠄌⺀⿺𠄌⺀㇂
𤢫	⿰犭⿱百奔
𤢬	⿰犭臺
𤢭	⿰犭豪
𤢮	⿰犭⿱羊㹜
𤢯	⿰犭㷠
𤢰	⿲犭言男
𤢱	⿰犭⿱㝐⿲⿺𠄌⺀⿺𠄌⺀㇂
𤢲	⿰犭銀
𤢳	⿰犭鼻
𤢴	⿰犭樂
𤢵	⿰犭厲
𤢶	⿰犭窮
𤢷	⿰犭韯
𤢸	⿰犭寮
𤢹	⿰犭畾
𤢺	⿰犭頡
𤢻	⿰犭慸
𤢼	⿰犭適
𤢽	⿰犭質
𤢾	⿰犭劍
𤢿	⿰犭磊
𤣀	⿰犭鄭
𤣁	⿰犭⿳曲冖豆
𤣂	⿱畾犬
𤣃	⿰犭魯
𤣄	⿰犭麃
𤣅	⿰霍犬
𤣆	⿰犭聮
𤣇	⿰犭⿱𭘧心
𤣈	⿲犭耳⿱𢆶从
𤣉	⿰⿳⿻冖王口⿵冂𢆉犬
𤣊	⿰獚犬
𤣋	⿰犭⿱雨並
𤣌	⿰犭學
𤣍	⿰犭霝
𤣎	⿰犭嬰
𤣏	⿰𫊣犬
𤣐	⿰犭壐
𤣑	⿰犭巂
𤣒	⿰犭聶
𤣓	⿰犭瞿
𤣔	⿰犭⿱爾王
𤣕	⿰犭雞
𤣖	⿰犭豐
𤣗	⿰犭璽
𤣘	⿰冥猪
𤣙	⿰犭⿳丷？政
𤣚	⿰犭艶
𤣛	⿰犭⿳穴瓜㼌
𤣜	⿰犭䢉
𤣝	⿰犭蠒
𤣞	⿰犭黨
𤣟	⿰犭覽
𤣠	⿰犭嚻
𤣡	⿰獨直
𤣢	⿰犭蘭
𤣣	⿰犭⿳吅貢吅
𤣤	⿰犭靈
𤣥	⿱亠？
𤣦	⿰𤣥厷
𤣧	⿰玄⿱山⿱𠂉⺊
𤣨	⿰玄曷
𤣩	
𤣪	⿳一⿻十⿰丿㇄一
𤣫	⿱王㇉
𤣬	⿱九玉
𤣭	⿰𤣩⿱⺄十
𤣮	⿰𤣩乞
𤣯	⿰𤣩乇
𤣰	⿰𤣩土
𤣱	⿰𤣩已
𤣲	⿰𤣩卂
𤣳	⿰𤣩千
𤣴	⿱亡王
𤣵	⿰𤣩么
𤣶	⿱玉山
𤣷	⿰𤣩女
𤣸	⿰𤣩丈
𤣹	⿰𤣩尹
𤣺	⿰𤣩爪
𤣻	⿰𤣩⿱勹又
𤣼	⿱内玉
𤣽	⿰𤣩冃
𤣾	⿰𤣩厷
𤣿	⿰𤣩开
𤤀	⿰𤣩屯
𤤁	⿰𤣩方
𤤂	⿰𤣩予
𤤃	⿰𤣩⿰丨三
𤤄	⿰𤣩殳
𤤅	⿰𤣩勿
𤤆	⿰𤣩斤
𤤇	⿰𤣩天
𤤈	⿰𤣩𢆰
𤤉	⿰𤣩少
𤤊	⿰𤣩⿱刀刀
𤤋	⿱夭玉
𤤌	⿰𤣩冗
𤤍	⿰𤣩旡
𤤎	⿱父玉
𤤏	⿰𤣩叏
𤤐	⿰𤣩斥
𤤑	⿰𤣩卭
𤤒	⿰𤣩犮
𤤓	⿰𤣩𡴀
𤤔	⿰𤣩立
𤤕	⿰𤣩付
𤤖	⿰𤣩弗
𤤗	⿰𤣩尼
𤤘	⿱北王
𤤙	⿰玉世
𤤚	⿰𤣩⿱冖巾
𤤛	⿰𤣩主
𤤜	⿰𤣩⿱耂乙
𤤝	⿰𤣩丙
𤤞	⿰𤣩𡯊
𤤟	⿰𤣩石
𤤠	⿰𤣩央
𤤡	⿰𤣩𦉰
𤤢	⿰𤣩⿵冂女
𤤣	⿰𤣩叐
𤤤	⿰𤣩禾
𤤥	⿰𤣩失
𤤦	⿰𤣩田
𤤧	⿰𤣩由
𤤨	⿰𤣩囙
𤤩	⿰𤣩㐌
𤤪	⿰𤣩用
𤤫	⿰𤣩外
𤤬	⿰𤣩幼
𤤭	⿰𤣩史
𤤮	⿰𤣩冬
𤤯	⿰𤣩永
𤤰	⿱王布
𤤱	⿰𤣩𠬦
𤤲	⿰𤣩⿰工几
𤤳	⿰𤣩以
𤤴	⿰玉玉
𤤵	⿰𤣩⿸𠂆丰
𤤶	⿱巩玉
𤤷	⿰𤣩𠂤
𤤸	⿰𤣩朵
𤤹	⿰𤣩朿
𤤺	⿰𤣩曳
𤤻	⿲𤣩刀王
𤤼	⿰𤣩𭗼
𤤽	⿰𤣩𠇍
𤤾	⿰𤣩𣲇
𤤿	⿰𤣩百
𤥀	⿰𤣩多
𤥁	⿰𤣩名
𤥂	⿰𤣩亦
𤥃	⿰𤣩安
𤥄	⿰𤣩米
𤥅	⿰𤣩州
𤥆	⿰𤣩再
𤥇	⿰𤣩至
𤥈	⿰𤣩𡰯
𤥉	⿰𤣩艻
𤥊	⿰𤣩㣼
𤥋	⿰𤣩印
𤥌	⿰𤣩邜
𤥍	⿰𤣩⿺久彡
𤥎	⿰𤣩𤆌
𤥏	⿱如玉
𤥐	⿰𤣩吉
𤥑	⿰𤣩妄
𤥒	⿰𤣩西
𤥓	⿱合玉
𤥔	⿱夙玉
𤥕	⿰𤣩危
𤥖	⿰𤣩𦈢
𤥗	⿰𤣩丣
𤥘	⿰𤣩⿱匈又
𤥙	⿰𤣩⿱灭又
𤥚	⿰𤣩旱
𤥛	⿰𤣩𥃩
𤥜	⿰𤣩𠬸
𤥝	⿰𤣩孝
𤥞	⿰𤣩役
𤥟	⿰𤣩曵
𤥠	⿰𤣩宏
𤥡	⿰𤣩弃
𤥢	⿰𤣩吿
𤥣	⿰𤣩克
𤥤	⿰𤣩⿻冖木
𤥥	⿰𤣩⿱⿸亣丶又
𤥦	⿰𤣩庒
𤥧	⿰𤣩𦒳
𤥨	⿰𤣩豕
𤥩	⿰𤣩⿱⺊疋
𤥪	⿰𤣩囲
𤥫	⿰𤣩谷
𤥬	⿰𤣩㣊
𤥭	⿰𤣩車
𤥮	⿰𤣩⿱少口
𤥯	⿰𤣩呆
𤥰	⿰𤣩皃
𤥱	⿰𤣩⿳㇒冈又
𤥲	⿱求玉
𤥳	⿰𤣩困
𤥴	⿰𤣩志
𤥵	⿰𤣩夾
𤥶	⿰𤣩那
𤥷	⿱㺳土
𤥸	⿲𤣩攴阝
𤥹	⿰秀玉
𤥺	⿰𤣩奂
𤥻	⿰𤣩延
𤥼	⿰𤣩忩
𤥽	⿰𤣩於
𤥾	⿰𤣩㦿
𤥿	⿰𤣩夜
𤦀	⿱弥玉
𤦁	⿱臤玉
𤦂	⿱或玉
𤦃	⿱來玉
𤦄	⿰𤣩⿱巛⿻日乚
𤦅	⿱非王
𤦆	⿰𤣩臽
𤦇	⿰𤣩岡
𤦈	⿰𤣩芬
𤦉	⿱昍王
𤦊	⿰𤣩沓
𤦋	⿰𤣩秉
𤦌	⿰𤣩宜
𤦍	⿰𤣩佩
𤦎	⿰𤣩侖
𤦏	⿰𤣩忽
𤦐	⿰𤣩厓
𤦑	⿰𤣩⿱囟又
𤦒	⿱或王
𤦓	⿰𤣩𡧘
𤦔	⿰𤣩卷
𤦕	⿰𤣩孟
𤦖	⿱玨毛
𤦗	⿱玨水
𤦘	⿰𤣩昔
𤦙	⿰𤣩花
𤦚	⿰𤣩具
𤦛	⿰𤣩冐
𤦜	⿰𤣩舍
𤦝	⿰𤣩帛
𤦞	⿰𤣩阜
𤦟	⿱取玉
𤦠	⿱⿻人玨⿰丿丨
𤦡	
𤦢	⿱其王
𤦣	⿰𤣩⿸虍人
𤦤	⿰𤣩兒
𤦥	⿰𤣩⿻臼⿻㇂㇒
𤦦	⿰玢王
𤦧	⿰𤣩芝
𤦨	⿱⿰？井玉
𤦩	⿰𤣩亞
𤦪	⿰𤣩東
𤦫	⿰𤣩夌
𤦬	⿰𤣩念
𤦭	⿰𤣩青
𤦮	⿰𤣩治
𤦯	⿰𤣩𦘔
𤦰	⿰𤣩⿱夂糸
𤦱	⿰𤣩⿱龴𡆾
𤦲	⿱𭸾木
𤦳	⿰𤣩𠣞
𤦴	⿰𤣩⿱从⿺𠃊日
𤦵	⿰𤣩匽
𤦶	⿰𤣩㚅
𤦷	⿰𤣩衍
𤦸	⿰𤣩保
𤦹	⿰𤣩貞
𤦺	⿰𤣩竒
𤦻	⿰𤣩亮
𤦼	⿱𥄗玉
𤦽	⿰𤣩斿
𤦾	⿰𤣩姿
𤦿	⿰𤣩咨
𤧀	⿰𤣩某
𤧁	⿰𤣩屎
𤧂	⿱玨令
𤧃	⿰𤣩契
𤧄	⿰𤣩要
𤧅	⿰𤣩屏
𤧆	⿱玨本
𤧇	⿰𤣩相
𤧈	⿰𤣩巷
𤧉	⿰𤣩⿳龶厶𡭔
𤧊	⿰𤣩奎
𤧋	⿰𤣩耍
𤧌	⿰𤣩苑
𤧍	⿰𤣩苓
𤧎	⿰𤣩⿱⿱𦘒一彡
𤧏	⿰𤣩⿱爫正
𤧐	⿰𤣩秋
𤧑	⿰𤣩風
𤧒	⿰𤣩盆
𤧓	⿰𤣩⿳⺈田力
𤧔	⿰𤣩勉
𤧕	⿰𤣩垔
𤧖	⿰𤣩畏
𤧗	⿰𤣩咼
𤧘	⿰𤣩香
𤧙	⿰𤣩臾
𤧚	⿰𤣩怱
𤧛	⿰𤣩帝
𤧜	⿰𤣩⿱巛⿻日𠤎
𤧝	⿰𤣩侯
𤧞	⿰𤣩美
𤧟	⿰𤣩亭
𤧠	⿱玉⿰土虫
𤧡	⿲𤣩⿱土夕阝
𤧢	⿲𤣩⿱上夕阝
𤧣	⿰𤣩建
𤧤	⿰𭕛玉
𤧥	⿱珀玉
𤧦	⿱玉秋
𤧧	⿱⿰⿱㇒⿻一止殳玉
𤧨	⿲𤣩？阝
𤧩	⿱𥄗玉
𤧪	⿰𤣩𥥍
𤧫	⿰𤣩追
𤧬	⿱⿰耳㕚玉
𤧭	⿰𤣩旁
𤧮	⿰𤣩𭩶
𤧯	⿰𤣩⿳⿱㇒𠔿八夊
𤧰	⿱⿻人玨比
𤧱	⿰𤣩⿱龴⿵冂各
𤧲	⿰⿻人玨巴
𤧳	⿰𤣩荖
𤧴	⿰𤣩恭
𤧵	⿰𤣩尃
𤧶	⿰𤣩夏
𤧷	⿰𤣩展
𤧸	⿰𤣩豈
𤧹	⿰𤣩茲
𤧺	⿰𤣩𡨈
𤧻	⿰𤣩庭
𤧼	⿰𤣩高
𤧽	⿰𤣩冡
𤧾	⿲𤣩方色
𤧿	⿰𤣩斋
𤨀	⿰𤣩⿱大町
𤨁	⿰𤣩晋
𤨂	⿰𤣩迶
𤨃	⿰𤣩⿳⿵卄一一㕣
𤨄	⿰𤣩素
𤨅	⿰𤣩時
𤨆	⿰𤣩晃
𤨇	⿰𤣩𧆠
𤨈	⿰𤣩⿳山口𦉫
𤨉	⿰𤣩𣁋
𤨊	⿰𤣩奚
𤨋	⿰𤣩笒
𤨌	⿰𤣩𢙥
𤨍	⿳玨冖𠠴
𤨎	⿰𤣩家
𤨏	⿰𤣩𧴲
𤨐	⿱舀玉
𤨑	⿰𤣩荅
𤨒	⿰𤣩恩
𤨓	⿰𤣩茶
𤨔	⿰𤣩𦊷
𤨕	⿰𤣩勒
𤨖	⿰𤣩扈
𤨗	⿰𰗧玉
𤨘	⿰玟辛
𤨙	⿱勒玉
𤨚	⿰𤣩𮔀
𤨛	⿰𤣩⿱卝⿱耂上
𤨜	⿰𤣩⿱从⿺𠃊⿱日八
𤨝	⿱⿻人玨必
𤨞	⿰𤣩鹿
𤨟	⿰𤣩戚
𤨠	⿰𤣩堂
𤨡	⿰𤣩朗
𤨢	⿰𤣩𦰩
𤨣	⿱救王
𤨤	⿰𤣩⿱𥫗㐱
𤨥	⿰𤣩寄
𤨦	⿰𤣩猗
𤨧	⿰𤣩票
𤨨	⿰𤣩敏
𤨩	⿰𤣩羞
𤨪	⿰𤣩⿱𣦼木
𤨫	⿰𤣩⿸广⿱⿻⺕丨心
𤨬	⿰𤣩啇
𤨭	⿰𤣩庸
𤨮	⿰𤣩帶
𤨯	⿰𤣩⿱大𭇎
𤨰	⿰𤣩⿱廿𪞏
𤨱	⿰𤣩⿱昆土
𤨲	⿰𤣩崇
𤨳	⿰𤣩莆
𤨴	⿰𤣩累
𤨵	⿰𤣩參
𤨶	⿰𤣩㳟
𤨷	⿰𤣩𰱅
𤨸	⿰𤣩⿱廿⿻⿵冂⿰⺀⺀丨
𤨹	⿰𤣩𩁹
𤨺	⿰𤣩⿱⿱冖八釆
𤨻	⿳⿱士冖吅王
𤨼	⿰玉章
𤨽	⿱彩玉
𤨾	⿰𤣩崑
𤨿	⿰𤣩將
𤩀	⿰𤣩散
𤩁	⿰𤣩䖏
𤩂	⿰𤣩勞
𤩃	⿰𤣩⿱𠔿奄
𤩄	⿰𤣩巽
𤩅	⿰𤣩䜭
𤩆	⿰𤣩⿱⿱⺈罒犮
𤩇	⿰𤣩⿱⿻己⿱工工口
𤩈	⿰𤣩𠷎
𤩉	⿰𤣩⿱⿹𠃌臣句
𤩊	⿰𤣩堯
𤩋	⿰𤣩⿱上⿵冂谷
𤩌	⿰𤣩湛
𤩎	⿰𤣩間
𤩏	⿰𤣩程
𤩐	⿰𤣩斯
𤩑	⿰𤣩凱
𤩒	⿰𤣩棊
𤩓	⿰𤣩普
𤩔	⿰𤣩童
𤩕	⿰𤣩善
𤩖	⿰𤣩⿱⿱士冖亜
𤩗	⿰𤣩粟
𤩘	⿱玨東
𤩙	⿰𤣩𢜈
𤩚	⿰𤣩𣪠
𤩛	⿰𤣩最
𤩜	⿰𤣩晶
𤩝	⿰𤣩喬
𤩞	⿰𤣩⿳⿱⺈囚儿夊
𤩟	⿱玨門
𤩠	⿰𤣩喜
𤩡	⿰𤣩⿱⺊⿵冂⿱一谷
𤩢	⿰𤣩臯
𤩣	⿰𤣩睂
𤩤	⿱⿰𠧠欠玉
𤩥	⿰𤣩舜
𤩦	⿰𤣩絜
𤩧	⿰𤣩單
𤩨	⿰𤣩叅
𤩩	⿲𤣩号⿸虍一
𤩪	⿰𤣩象
𤩫	⿰𤣩嵬
𤩬	⿰𤣩鄉
𤩭	⿰𤣩號
𤩮	⿲𤣩𨊢殳
𤩯	⿱⿰𨊢殳玉
𤩰	⿰𤣩㮚
𤩱	⿱殿玉
𤩲	⿰𤣩葛
𤩳	⿰𤣩賁
𤩴	⿰𤣩殿
𤩵	⿰𤣩𥇛
𤩶	⿰𤣩業
𤩷	⿰𤣩⿳宀一⿱八𥃦
𤩸	⿰𤣩葵
𤩹	⿱辟王
𤩺	⿰玉義
𤩻	⿰𤣩⿺辶⿸广年
𤩼	⿰𤣩遀
𤩽	⿰𤣩献
𤩾	⿰𤣩𤲢
𤩿	⿰𤣩葱
𤪀	⿰𤣩𡕰
𤪁	⿰𤣩⿱罒京
𤪂	⿰𤣩愈
𤪃	⿰𤣩𤊽
𤪄	⿰𤣩罨
𤪅	⿰𤣩⿱𱼀音
𤪆	⿰𤣩⿳𦘒冖牟
𤪇	⿰㮚玉
𤪈	⿱⿰镸缶王
𤪉	⿳⿰永主夂王
𤪊	⿰𤣩鈐
𤪋	⿱𰯲玉
𤪌	⿰𤣩綦
𤪍	⿰𤣩舝
𤪎	⿱𣣸玉
𤪏	⿰𤣩㷠
𤪐	⿱與玉
𤪑	⿰𤣩蒙
𤪒	⿰𤣩⿳㇒𱕻木
𤪓	⿰𤣩⿱宍𥃦
𤪔	⿰𤣩管
𤪕	⿰𤣩舞
𤪖	⿰𤣩𢾰
𤪗	⿰𤣩豪
𤪘	⿰𤣩嘉
𤪙	⿰𤣩爾
𤪚	⿰𤣩截
𤪛	⿰𤣩⿱吅卒
𤪜	⿰𤣩蓉
𤪝	⿰𤣩毓
𤪞	⿰𤣩⿳爫冖𡕥
𤪟	⿰𤣩僕
𤪠	⿰𤣩熏
𤪡	⿱⿰君君玉
𤪢	⿰𤣩毄
𤪣	⿰𤣩𡏳
𤪤	⿰𤣩榮
𤪥	⿰𤣩寧
𤪦	⿰𤣩疑
𤪧	⿰𤣩鳳
𤪨	⿰𤣩⿱⿲止白又文
𤪩	⿰𤣩𢀩
𤪪	⿰𤣩篆
𤪫	⿰𤣩⿹⿻弋𢆶目
𤪬	⿰𤣩⿱⿻土䀠八
𤪭	⿳⿴𦥑缶冖玉
𤪮	⿰𤣩廛
𤪯	⿰𤣩墨
𤪰	⿱𣤓玉
𤪱	⿰𤣩𥱤
𤪲	⿰𤣩厲
𤪳	⿰𤣩慧
𤪴	⿰𤣩𤨝
𤪵	⿰𤣩⿱⿲𤣩白匕欠
𤪶	⿰𤣩慕
𤪷	⿰𤣩齒
𤪸	⿰𤣩賞
𤪹	⿰𤣩瞏
𤪺	⿰𤣩審
𤪻	⿰𤣩⿳⿱⺊冖七⿱八𥃦
𤪼	⿰𤣩蓮
𤪽	⿰𤣩𧇖
𤪾	⿰𤣩㻺
𤪿	⿰𤣩褢
𤫀	⿰睿⿱又玉
𤫁	⿰𤣩螢
𤫂	⿰𤣩興
𤫃	⿰𤣩蕙
𤫄	⿰𤣩衡
𤫅	⿰𤣩⿱臼鬼
𤫆	⿱𠆢璽
𤫇	⿰𤣩燕
𤫈	⿰𤣩⿱卿心
𤫉	⿰𤣩燮
𤫊	⿱霝王
𤫋	⿰𤣩⿱⿹⺄珎貝
𤫌	⿰𤣩輿
𤫍	⿱㻎𨤾
𤫎	⿰𤣩營
𤫏	⿱獮玉
𤫐	⿰𤣩還
𤫑	⿰𤣩霞
𤫒	⿳⿻大⿱玨八⿱丶龴正
𤫓	⿰𤣩⿱丶⿻天皕
𤫔	⿱雝玉
𤫕	⿰𤣩夒
𤫖	⿰𤣩𭔟
𤫗	⿰𤣩⿸虍⿱隹分
𤫘	⿰𤣩⿳？⿲止几匕夊
𤫙	⿰𤣩爕
𤫚	⿰𤣩離
𤫛	⿰𤣩⿱罒裴
𤫜	⿱䜌玉
𤫝	⿲𤣩⿳廿口十𭥭
𤫞	⿰𤣩寳
𤫟	⿰𤣩麗
𤫠	⿰𤣩嚴
𤫡	⿰𤣩罌
𤫢	⿰𤣩露
𤫣	⿰𤣩甗
𤫤	⿰𤣩纍
𤫥	⿰𤣩罍
𤫦	⿰𤣩霸
𤫧	⿰𤣩⿳艹罒⿱大韭
𤫨	⿰𤣩𩱕
𤫩	⿰𤣩靈
𤫪	⿰乇瓜
𤫫	⿰分瓜
𤫬	⿰瓜丰
𤫭	⿺瓜屯
𤫮	⿺瓜月
𤫯	⿺冘瓜
𤫰	⿺瓜弗
𤫱	⿰句瓜
𤫲	⿰令瓜
𤫳	⿺瓜台
𤫴	⿰矢瓜
𤫵	⿺瓜舌
𤫶	⿰吉瓜
𤫷	⿰朿瓜
𤫸	⿺瓜夸
𤫹	⿳六𠆢瓜
𤫺	⿰瓜系
𤫻	⿰步瓜
𤫼	⿰瓜弟
𤫽	⿺瓜見
𤫾	⿺瓜肖
𤫿	⿰余瓜
𤬀	⿰瓜余
𤬁	⿰果瓜
𤬂	⿱叔瓜
𤬃	⿰咅瓜
𤬄	⿰𡘆瓜
𤬅	⿰瓜長
𤬆	⿰昌瓜
𤬇	⿰⿱爫糸瓜
𤬈	⿰侯瓜
𤬉	⿰癸瓜
𤬊	⿰瓜扁
𤬋	⿰瓜咼
𤬌	⿰彖瓜
𤬍	⿰䍃瓜
𤬎	⿰瓜帶
𤬏	⿰婁瓜
𤬐	⿱𤇾瓜
𤬑	⿱㼌瓜
𤬒	⿺瓜昷
𤬓	⿰兼瓜
𤬔	⿰瓜䍃
𤬕	⿱⿰瓜氏⿱口𫶧
𤬖	⿰⿱𱼀瓜系
𤬗	⿰壺瓜
𤬘	⿰䖒瓜
𤬙	⿰瓜楇
𤬚	⿺瓜廉
𤬛	⿰盧瓜
𤬜	⿰瓜盧
𤬝	⿰鬳瓜
𤬞	⿰瓜襄
𤬟	⿱⿴𦥑囟⿰火瓜
𤬠	⿰瓜雚
𤬡	⿰𤐫瓜
𤬢	⿱⿴𦥑囟瓠
𤬣	⿱⿴？囟瓠
𤬤	⿱𤬌䖵
𤬥	⿰⿳亠吅習⿱瓜衣
𤬦	⿱冖瓦
𤬧	⿱瓦十
𤬨	⿺瓦凡
𤬩	⿱弋瓦
𤬪	⿰土瓦
𤬫	⿺瓦卂
𤬬	⿰火瓦
𤬭	⿰不瓦
𤬮	⿰𢆰瓦
𤬯	⿺瓦今
𤬰	⿰今瓦
𤬱	⿰瓦勿
𤬲	⿰瓦内
𤬳	⿱⿰工几瓦
𤬴	⿰㠯瓦
𤬵	⿰氐瓦
𤬶	⿰用瓦
𤬷	⿰出瓦
𤬸	⿰瓦生
𤬹	⿵戊瓦
𤬺	⿰央瓦
𤬻	⿺瓦令
𤬼	⿱出瓦
𤬽	⿰宂瓦
𤬾	⿰朵瓦
𤬿	⿰圭瓦
𤭀	⿳刀⿱冖八瓦
𤭁	⿰同瓦
𤭂	⿰舟瓦
𤭃	⿰而瓦
𤭄	⿰⿵冂王瓦
𤭅	⿺瓦并
𤭆	⿺瓦同
𤭇	⿰舌瓦
𤭈	⿰兆瓦
𤭉	⿰𡿫瓦
𤭊	⿱江瓦
𤭋	⿰⿴囗干瓦
𤭌	⿰弟瓦
𤭍	⿰瓦㒵
𤭎	⿰武瓦
𤭏	⿰谷瓦
𤭐	⿰每瓦
𤭑	⿰吾瓦
𤭒	⿰？瓦
𤭓	⿰巠瓦
𤭔	⿰車瓦
𤭕	⿰㐬瓦
𤭗	⿱𦔮瓦
𤭘	⿰𱼧瓦
𤭙	⿺瓦含
𤭚	⿰瓦告
𤭛	⿰岡瓦
𤭜	⿱𥝢瓦
𤭝	⿰坴瓦
𤭞	⿰享瓦
𤭟	⿰阜瓦
𤭠	⿱臤瓦
𤭡	⿱取瓦
𤭢	⿰卒瓦
𤭣	⿰其瓦
𤭤	⿱乳瓦
𤭥	⿱拈瓦
𤭦	⿱其瓦
𤭧	⿰皆瓦
𤭨	⿰⿱左⺝瓦
𤭩	⿰⿸声厶瓦
𤭪	⿱相瓦
𤭫	⿰革瓦
𤭬	⿱缸瓦
𤭭	⿱保瓦
𤭮	⿰重瓦
𤭰	⿱秌瓦
𤭱	⿰胡瓦
𤭲	⿱䀑瓦
𤭳	⿰𡇟瓦
𤭴	⿰枼瓦
𤭵	⿰瓦音
𤭶	⿰胷瓦
𤭷	⿰瓦俞
𤭸	⿰屏瓦
𤭹	⿰盎瓦
𤭺	⿰罡瓦
𤭻	⿰哥瓦
𤭼	⿰𦐇瓦
𤭽	⿰祟瓦
𤭾	⿰⿱覀王瓦
𤭿	⿱⿰耳㕚瓦
𤮀	⿰兹瓦
𤮁	⿰䎡瓦
𤮂	⿺瓦唐
𤮃	⿰瓦盎
𤮄	⿰瓦鬲
𤮅	⿱埶瓦
𤮆	⿰虚瓦
𤮇	⿰庸瓦
𤮈	⿱軗瓦
𤮉	⿰累瓦
𤮊	⿰康瓦
𤮋	⿰國瓦
𤮌	⿺瓦接
𤮍	⿺瓦專
𤮎	⿰絫瓦
𤮏	⿰黄瓦
𤮐	⿰尊瓦
𤮑	⿺瓦悲
𤮒	⿰瓦屡
𤮓	⿰斯瓦
𤮔	⿰⿱㢴土瓦
𤮕	⿱敝瓦
𤮖	⿰⿷匚⿱厶井瓦
𤮗	⿺瓦路
𤮘	⿰豋瓦
𤮙	⿰䖒瓦
𤮚	⿰雷瓦
𤮛	⿱𣪠瓦
𤮜	⿰亶瓦
𤮝	⿰⿸虍角瓦
𤮞	⿺嵬瓦
𤮟	⿰瓦塊
𤮠	⿰瓦蒙
𤮡	⿰⿱艹𥥟央
𤮢	⿰廡瓦
𤮣	⿰膚瓦
𤮤	⿰⿳北穴瓦央
𤮥	⿺瓦歐
𤮦	⿰曇瓦
𤮧	⿰盧瓦
𤮨	⿱龍瓦
𤮩	⿰⿳亯从干瓦
𤮪	⿰㼱灷
𤮫	⿰𫄾瓦
𤮬	⿲𦈢⿱爫𦈢瓦
𤮭	⿰毚瓦
𤮮	⿱霝瓦
𤮯	⿰⿱崔臼瓦
𤮰	⿰巂瓦
𤮱	⿰聶瓦
𤮲	⿱雝瓦
𤮳	⿺瓦雚
𤮴	⿰雚瓦
𤮵	⿱㼲壴
𤮶	⿰爕瓦
𤮷	⿱𩅸瓦
𤮸	⿰𩆞瓦
𤮹	⿰靈瓦
𤮺	⿶凵𠄠
𤮻	⿱干甘
𤮼	⿱弋甘
𤮽	⿰甘干
𤮾	⿰兀甘
𤮿	⿰甘兀
𤯀	⿱甘干
𤯁	⿱氏甘
𤯂	⿰甘犬
𤯃	⿱木甘
𤯄	⿰甘氏
𤯅	⿱甘正
𤯆	⿰甘言
𤯇	⿰甘炎
𤯈	⿰甘者
𤯉	⿰甚𡯎
𤯊	⿰茶甘
𤯋	⿰甘庶
𤯌	⿸麻甘
𤯍	⿸厤甘
𤯎	⿸广𬓶
𤯏	⿰⿱甘𡭕某
𤯐	⿰甘閻
𤯑	⿰甚稟
𤯒	⿱殸𪏽
𤯓	⿻屮二
𤯔	⿱一生
𤯕	⿰生女
𤯖	⿰乆生
𤯗	⿱大生
𤯘	⿰生斗
𤯙	⿰生支
𤯚	⿱不生
𤯛	⿰生攵
𤯜	⿰生⿱力力
𤯝	⿱生⺝
𤯞	⿱生丹
𤯟	⿱生母
𤯠	⿰因生
𤯡	⿰生朿
𤯢	⿱厽生
𤯣	⿱生自
𤯤	⿰合生
𤯥	⿱如生
𤯦	⿱初生
𤯧	⿱𤯓囧
𤯨	⿰生弄
𤯩	⿰弄生
𤯪	⿰生秀
𤯫	⿰生我
𤯬	⿱生囧
𤯭	⿰並生
𤯮	⿰生虎
𤯯	⿱始生
𤯰	⿰生底
𤯱	⿰奇生
𤯲	⿱降生
𤯳	⿺㪅生
𤯴	⿰𮙥生
𤯵	⿱𤇾生
𤯶	⿰𱑏生
𤯷	⿰舜生
𤯸	⿰生筋
𤯹	⿰⿱𦍌𧰨生
𤯺	⿰生勤
𤯻	⿰生蒙
𤯼	⿺𫎇生
𤯽	⿱弗𤯳
𤯾	⿰蒙生
𤯿	⿰底産
𤰀	⿰䑞𤯓
𤰁	⿰舉生
𤰂	⿰生襄
𤰃	
𤰄	⿱刀用
𤰅	⿱夂用
𤰆	⿲丿⿱上𰀁丨
𤰇	⿱卄⿸厂用
𤰈	⿱艹⿹勹用
𤰉	⿱足用
𤰊	⿱要用
𤰋	⿱由庸
𤰌	⿱用𰢱
𤰍	⿰𮮠甫
𤰎	⿰享庸
𤰏	⿱⿰甬甬花
𤰐	⿰⿱业⿻丨⿱八⿵冂㸚甫
𤰑	⿳𠫓口⿲月⿱龷用凡
𤰒	⿱𠆢⿱一⿻丷屮
𤰓	⿰一田
𤰔	⿻一由
𤰕	⿰田巜
𤰗	⿱𠂉田
𤰘	⿰田卜
𤰙	⿺九田
𤰚	⿱九田
𤰛	⿱力田
𤰜	⿰田厶
𤰝	⿰田巛
𤰞	⿱田⿻丨十
𤰟	⿰田干
𤰠	⿱田干
𤰡	⿱亡田
𤰢	⿰田乞
𤰣	⿱由𬼖
𤰤	⿱田于
𤰥	⿰田寸
𤰦	⿰田乇
𤰧	⿱夕田
𤰨	⿰田尸
𤰩	⿰田予
𤰪	⿰田分
𤰫	⿱㞢田
𤰬	⿰田少
𤰭	⿹戈田
𤰮	⿰田夬
𤰯	⿳田儿又
𤰰	⿱由爪
𤰱	⿳一⿲丨田丨一
𤰲	⿱甶爪
𤰳	⿱天田
𤰴	⿳由一𰀄
𤰵	⿳田一亾
𤰶	⿻昌丨
𤰷	⿰申巴
𤰸	⿳亠厶田
𤰹	⿰田火
𤰺	⿱不田
𤰻	⿱龷田
𤰼	⿰田牛
𤰽	⿰田片
𤰾	⿰田月
𤰿	⿰田勿
𤱀	⿱田父
𤱁	⿰由夫
𤱂	⿰田云
𤱃	⿰田木
𤱄	⿰田水
𤱅	⿰田内
𤱆	⿰田𠕀
𤱇	⿱父田
𤱈	⿰亩卜
𤱉	⿰由夬
𤱊	⿱厸田
𤱋	⿰甲冄
𤱌	⿰田且
𤱍	⿰田皮
𤱎	⿰田幼
𤱏	⿰田尓
𤱐	⿰田疋
𤱑	⿻十⿰田乆
𤱒	⿱⿱土八田
𤱓	⿱申申
𤱔	⿰亩么
𤱕	⿰田民
𤱖	⿱甶⿷⿱丅𠃊㇈
𤱗	⿱田立
𤱘	⿰男乞
𤱙	⿰田本
𤱚	⿱⿰？𫜹田
𤱛	⿰田禾
𤱜	⿱禾田
𤱝	⿰田㒰
𤱞	⿰田冬
𤱟	⿰田出
𤱠	⿰田召
𤱡	⿰⿱龴田也
𤱢	⿰甲代
𤱣	⿰冉甲
𤱤	⿰由宁
𤱥	⿰田臣
𤱦	⿰田灮
𤱧	⿰田朵
𤱨	⿰田共
𤱩	⿰田兆
𤱪	⿱⿱𦘒一田
𤱫	⿱由⿰？人
𤱬	⿰田旬
𤱭	⿱𣁁田
𤱮	⿱甶⿱㇒𧘇
𤱯	⿰田危
𤱰	⿰田𠂢
𤱱	⿹𢦏田
𤱲	⿱田地
𤱳	⿰田光
𤱴	⿰田⿱乍一
𤱵	⿱龹田
𤱶	⿰亩犬
𤱷	⿰田劦
𤱸	⿰𪵨田
𤱹	⿰𱰭丁
𤱺	⿱共田
𤱻	⿰田𦣞
𤱼	⿰田辰
𤱽	⿰甾夫
𤱾	⿰甾夬
𤱿	⿱⿱十冖畀
𤲀	⿱⿰由由丂
𤲁	⿰田⿳厶八山
𤲂	⿰界下
𤲃	⿱田⿻⿱⿻廿一一丨
𤲄	⿱甶乑
𤲅	⿱共电
𤲆	⿱田辰
𤲇	⿳一吕田
𤲈	⿱田免
𤲉	⿳田大日
𤲊	⿱田足
𤲋	⿳田公夊
𤲌	⿰弄田
𤲍	⿰甲夾
𤲎	⿰田⿱夭小
𤲏	⿰田究
𤲐	⿳田龷？
𤲑	⿰甾宁
𤲒	⿰田并
𤲓	⿰田來
𤲔	⿰田侍
𤲕	⿰田侖
𤲖	⿰田忝
𤲗	⿱臤田
𤲘	⿰田長
𤲙	⿳厶大甾
𤲚	⿰田東
𤲛	⿱𠫯田
𤲜	⿱田幸
𤲝	⿱來田
𤲞	⿱𠆢畨
𤲟	⿰田青
𤲠	⿰田卒
𤲡	⿱田⿱𠮛𧘇
𤲢	⿱亞田
𤲣	⿰由疌
𤲤	⿰田卓
𤲥	⿻⿳日⿱冖冂⺝丨
𤲦	⿰田畁
𤲧	⿰田牧
𤲨	⿰田卷
𤲩	⿰田炎
𤲪	⿰田夌
𤲫	⿰田爰
𤲬	⿰田耎
𤲭	⿲田木田
𤲮	⿰田𢏚
𤲯	⿳⿻肀⿰二二田一
𤲰	⿰甲冒
𤲱	⿺⿱艹⿱一⿻凵人田
𤲲	⿱異土
𤲳	⿱田禺
𤲴	⿲田水田
𤲵	⿰田待
𤲶	⿰男男
𤲷	⿱⿻十𠈌田
𤲸	⿱兹田
𤲹	⿰田弱
𤲺	⿰田奚
𤲻	⿰田恭
𤲼	⿰畏曳
𤲽	⿰⿱右𰢴𠃙
𤲾	⿰亞亩
𤲿	⿱⿱𦘒一⿲丨𱰥丨
𤳀	⿹⿽戈𢆶田
𤳁	⿰田乘
𤳂	⿱田秝
𤳃	⿰由奚
𤳄	⿰由罢
𤳅	⿱甲⿰甲甲
𤳆	⿰男來
𤳇	⿰來男
𤳈	⿰田𬀷
𤳉	⿰田𦰩
𤳊	⿰甾并
𤳋	⿳𠆢⿲仌丨仌田
𤳌	⿰田庶
𤳍	⿳畕一⿻日乚
𤳎	⿰田責
𤳏	⿱畾一
𤳐	⿰由庶
𤳑	⿰田㕘
𤳒	⿰田叅
𤳓	⿱列異
𤳔	⿰舟𤱵
𤳕	⿱粥田
𤳖	⿰番去
𤳗	⿰去番
𤳘	⿰申登
𤳙	⿰田菀
𤳚	⿰田𡬶
𤳛	⿱去番
𤳜	⿰田𦓔
𤳝	⿱田⿰禾利
𤳞	⿰𤔔田
𤳟	⿰田雲
𤳠	⿱⿰田⿱⺊日旬
𤳡	⿰未⿱成田
𤳢	⿰男貢
𤳣	⿰田⿻甲⿱⿱一龷一
𤳤	⿰甾奚
𤳥	⿱畕林
𤳦	⿱畾大
𤳧	⿰呂異
𤳨	⿰由祿
𤳩	⿰田㷠
𤳪	⿸厭田
𤳫	⿰甾屛
𤳬	⿰田𮥼
𤳭	⿰畕⿱龶夗
𤳮	⿰舟⿳火𠬞田
𤳯	⿰甾庶
𤳰	⿰尾𪽗
𤳱	⿰田廣
𤳲	⿰甾𢈻
𤳳	⿱⿰田田⿰田田
𤳴	⿱⿰田田⿰可可
𤳵	⿱⿰甲甲⿰甲甲
𤳶	⿰田𢀩
𤳷	⿰罷由
𤳸	⿰由罷
𤳹	⿳⿰田田一⿰田田
𤳺	⿰番复
𤳻	⿰畕累
𤳼	⿰畚庶
𤳽	⿰田龍
𤳾	⿰⿱丅耳畺
𤳿	⿰⿳爫？𠕁畨
𤴀	⿰畕堯
𤴁	⿱畾宐
𤴂	⿱畧䖵
𤴃	⿰田燾
𤴄	⿳⿰田田大⿰田田
𤴅	⿰甾盧
𤴆	⿰田籌
𤴇	⿳⿰田田合⿰田田
𤴈	⿰田纍
𤴉	⿰疊⿱冖丁
𤴊	⿳⿰田田缶⿰田田
𤴋	⿰⿳⿱爫？⿱冖厶寸⿱東田
𤴌	⿳⿰田田辰⿰田田
𤴍	⿰疊宁
𤴎	⿰⿳爫？⿱𠕁寸⿱東田
𤴏	⿰異羅
𤴐	⿳⿰田田⿰回回⿰田田
𤴑	⿱𤳳雷
𤴒	⿳⿰田田⿰囘鳥⿰田田
𤴓	⿱一龰
𤴕	⿱一疋
𤴖	⿱𠫔疋
𤴗	⿱䶹⿻⺕龰
𤴘	⿱入⿻⺕龰
𤴙	⿰囱疋
𤴚	⿰束疋
𤴛	⿱叀龰
𤴜	⿲木疋木
𤴝	⿱？疋
𤴞	⿳士罒⿱厶龰
𤴟	⿱帶疋
𤴠	⿱將疋
𤴡	⿳⿱十冖田⿱厶龰
𤴢	⿱執疋
𤴣	⿱辟疋
𤴤	⿱霝疋
𤴥	⿸疒乙
𤴦	⿸疒九
𤴧	⿸疒乂
𤴨	⿸疒又
𤴩	⿸疒卜
𤴪	⿸疒几
𤴫	⿸疒丅
𤴬	⿸疒刀
𤴭	⿸疒八
𤴮	⿸疒⿰丿亅
𤴯	⿸疒丸
𤴰	⿸疒兀
𤴱	⿸疒乇
𤴲	⿸疒干
𤴳	⿸疒子
𤴴	⿸疒𠃔
𤴵	⿸疒弋
𤴶	⿸疒士
𤴷	⿸疒木
𤴸	⿸疒气
𤴹	⿸疒巿
𤴺	⿸疒冗
𤴻	⿸疒犬
𤴼	⿸疒欠
𤴽	⿸疒今
𤴾	⿸疒斤
𤴿	⿸疒冄
𤵀	⿸疒旡
𤵁	⿸疒止
𤵂	⿸疒心
𤵃	⿸疒牛
𤵄	⿸疒厷
𤵅	⿸疒凶
𤵆	⿸疒勾
𤵇	⿸疒分
𤵈	⿸疒予
𤵉	⿸疒太
𤵊	⿸疒屯
𤵋	⿸疒𢆰
𤵌	⿸疒少
𤵍	⿸疒午
𤵎	⿸疒⿱𠂉几
𤵏	⿸疒⿱八勹
𤵐	⿸疒勿
𤵑	⿸疒⿻𱍸㇒
𤵒	⿸疒文
𤵓	⿸疒𠬝
𤵔	⿸疒允
𤵕	⿸疒兮
𤵖	⿸疒日
𤵗	⿸疒布
𤵘	⿸疒必
𤵙	⿸疒生
𤵚	⿸疒㐌
𤵛	⿸疒丕
𤵜	⿸疒尔
𤵝	⿸疒母
𤵞	⿸疒𱎛
𤵟	⿸疒𠬢
𤵠	⿸疒卯
𤵡	⿸疒乎
𤵢	⿸疒丘
𤵣	⿸疒平
𤵤	⿸疒民
𤵥	⿸疒禾
𤵦	⿸疒札
𤵧	⿸疒㞋
𤵨	⿸疒⿻⺕人
𤵩	⿸疒他
𤵪	⿸疒召
𤵫	⿸疒示
𤵬	⿸疒犮
𤵭	⿸疒甲
𤵮	⿸疒⿱㇒火
𤵯	⿸疒⿱匕𫶧
𤵰	⿸疒刍
𤵱	⿸疒另
𤵲	⿸疒尒
𤵳	⿸疒本
𤵴	⿸疒仕
𤵵	⿸疒⿻⿻⺕丿㇏
𤵶	⿸疒⿱⺊弓
𤵷	⿸疒𠬩
𤵸	⿸疒夅
𤵹	⿸疒吉
𤵺	⿸疒曳
𤵻	⿸疒兇
𤵼	⿸疒向
𤵽	⿸疒艾
𤵾	⿸疒宅
𤵿	⿸疒𫠥
𤶀	⿸疒交
𤶁	⿸疒老
𤶂	⿸疒𡥄
𤶃	⿸疒兆
𤶄	⿸疒任
𤶅	⿸疒⿰丨矢
𤶆	⿸疒𭗼
𤶇	⿸疒旬
𤶈	⿸疒西
𤶉	⿸疒⿸申丶
𤶊	⿸疒会
𤶋	⿸疒色
𤶌	⿸疒𤆌
𤶍	⿸疒𢑑
𤶎	⿸疒朱
𤶏	⿸疒光
𤶐	⿸疒存
𤶑	⿸疒因
𤶒	⿸疒边
𤶓	⿸疒𣅀
𤶔	⿸疒⿱夂小
𤶕	⿸疒吞
𤶖	⿸疒孚
𤶗	⿸疒矣
𤶘	⿸疒言
𤶙	⿸疒作
𤶚	⿸疒圼
𤶛	⿸疒邑
𤶜	⿸疒壯
𤶝	⿸疒忍
𤶞	⿸疒夆
𤶟	⿸疒𠬲
𤶠	⿸疒余
𤶡	⿸疒肘
𤶢	⿸疒冝
𤶣	⿸疒役
𤶤	⿸疒⿱尔又
𤶥	⿸疒𥎦
𤶦	⿸疒弄
𤶧	⿸疒员
𤶨	⿸疒𥃩
𤶩	⿸疒求
𤶪	⿸疒𦍋
𤶫	⿸疒条
𤶬	⿸疒束
𤶭	⿸疒呆
𤶮	⿸病𠤎
𤶯	⿸病又
𤶰	⿸疒𮕜
𤶱	⿸疒串
𤶲	⿸疒呈
𤶳	⿸疒告
𤶴	⿸疒身
𤶵	⿸疒𡵶
𤶶	⿸疒汪
𤶷	⿸疒君
𤶸	⿸疒那
𤶹	⿸疒局
𤶺	⿸疒吹
𤶻	⿸疒見
𤶼	⿸疒芒
𤶽	⿸疒孛
𤶾	⿸疒吝
𤶿	⿸疒㫗
𤷀	⿸疒尪
𤷁	⿸疒𡉤
𤷂	⿸疒肥
𤷃	⿸疒戔
𤷄	⿸疒卷
𤷅	⿸疒兒
𤷆	⿸疒東
𤷇	⿸疒或
𤷈	⿸疒奈
𤷉	⿸疒亟
𤷊	⿸疒肬
𤷋	⿸疒⿰歹毛
𤷌	⿸疒臤
𤷍	⿸疒其
𤷎	⿸疒阜
𤷏	⿸疒㸒
𤷐	⿸疒盲
𤷑	⿸疒咎
𤷒	⿸疒𤰞
𤷓	⿸疒欣
𤷔	⿸疒侖
𤷕	⿸疒采
𤷖	⿸疒夌
𤷗	⿸疒㡀
𤷘	⿸疒卓
𤷙	⿸疒㝵
𤷚	⿸疒录
𤷛	⿸疒尚
𤷜	⿸疒侌
𤷝	⿸疒岳
𤷞	⿸疒⿱⿻㇒⺕心
𤷟	⿸疒拉
𤷠	⿸疒枚
𤷡	⿸疒虎
𤷢	⿸疒具
𤷣	⿸疒垂
𤷤	⿸疒肴
𤷥	⿸疒⿱公⺝
𤷦	⿸疒京
𤷧	⿸疒宛
𤷨	⿸疒⿱丑丑
𤷩	⿸疒治
𤷪	⿸疒孟
𤷫	⿸疒刺
𤷬	⿸疒⿱夂生
𤷭	⿸疒的
𤷮	⿸疒往
𤷯	⿸疒刷
𤷰	⿸疒奉
𤷱	⿸疒門
𤷲	⿸疒牀
𤷳	⿸疒岩
𤷴	⿸疒依
𤷵	⿸疒坡
𤷶	⿸疒表
𤷷	⿸疒𥁄
𤷸	⿸疒⿰瓜阝
𤷹	⿸疒⿱心及
𤷺	⿸疒⿱𦈢又
𤷻	⿸疒𡿺
𤷼	⿸疒相
𤷽	⿸疒卻
𤷾	⿸疒匧
𤷿	⿸疒突
𤸀	⿸疒胥
𤸁	⿸疒彖
𤸂	⿸疒耎
𤸃	⿸疒叜
𤸄	⿸疒⿱罒水
𤸅	⿸疒昬
𤸆	⿸疒韋
𤸇	⿸疒㚅
𤸈	⿸疒酋
𤸉	⿸疒㒸
𤸊	⿸疒怠
𤸋	⿸疒界
𤸌	⿸疒⿱𠆢镸
𤸍	⿸疒⿱夂糸
𤸏	⿸疒柰
𤸐	⿸疒⿱𠆢𣌡
𤸑	⿸疒复
𤸒	⿸疒禺
𤸓	⿸疒致
𤸔	⿸疒品
𤸕	⿸疒⿺辶⿱㇒⿻一止
𤸖	⿸疒哀
𤸗	⿸疒⿱付犬
𤸘	⿸疒貞
𤸙	⿸疒盇
𤸚	⿸疒毒
𤸛	⿸疒思
𤸜	⿸疒养
𤸝	⿸疒勇
𤸞	⿸疒𢍆
𤸟	⿸疒持
𤸠	⿸疒苗
𤸡	⿸疒英
𤸢	⿸疒𡷈
𤸣	⿸疒𡸁
𤸤	⿸疒食
𤸥	⿸疒亭
𤸦	⿸疒孨
𤸧	⿸疒宣
𤸨	⿸疒⿺兆小
𤸩	⿸疒勉
𤸪	⿸疒挈
𤸫	⿸疒員
𤸬	⿸疒衰
𤸭	⿸疒徒
𤸮	⿸疒屑
𤸯	⿸疒桑
𤸰	⿸疒倠
𤸱	⿸疒盍
𤸲	⿸疒烝
𤸳	⿸疒豈
𤸴	⿸疒索
𤸵	⿸疒尃
𤸶	⿸疒𤰇
𤸸	⿸疒益
𤸹	⿸疒剡
𤸺	⿸疒欬
𤸻	⿸疒拏
𤸼	⿸疒烏
𤸽	⿸疒𢘻
𤸾	⿸疒⿱厽⺝
𤸿	⿸疒⿱出⿺及乚
𤹀	⿸疒𦐇
𤹁	⿸疒圂
𤹂	⿸疒羔
𤹃	⿸疒𡘤
𤹄	⿸疒⿱回木
𤹅	⿸疒⿱𢆶木
𤹆	⿸疒隻
𤹇	⿸疒秮
𤹈	⿸疒𣑽
𤹉	⿸疒夏
𤹊	⿸疒⿱少虫
𤹋	⿸疒𥞔
𤹌	⿸疒師
𤹍	⿸疒能
𤹎	⿸疒𢇁
𤹏	⿸疒⿱𢆶心
𤹐	⿸疒烈
𤹑	⿸疒㑫
𤹒	⿸疒袪
𤹓	⿸疒郡
𤹔	⿸疒旁
𤹕	⿸疒恩
𤹖	⿸疒軒
𤹗	⿸疒翁
𤹘	⿸疒辱
𤹙	⿸疒祝
𤹚	⿸疒聀
𤹛	⿸疒⿱？心
𤹜	⿸疒宫
𤹝	⿸疒畢
𤹞	⿸疒啇
𤹟	⿸疒商
𤹠	⿸疒責
𤹡	⿸疒虘
𤹢	⿸疒⿱北而
𤹣	⿸疒虖
𤹤	⿸疒𣳾
𤹥	⿸疒殸
𤹦	⿸疒啚
𤹧	⿸疒⿱心𰤲
𤹨	⿸疒連
𤹩	⿸疒奞
𤹫	⿸疒⿳𠂉吕夊
𤹬	⿸疒得
𤹭	⿸疒⿱羽尒
𤹮	⿸疒㕘
𤹯	⿸疒恿
𤹰	⿸疒常
𤹱	⿸疒⿰镸⿱？又
𤹲	⿸疒𤱺
𤹳	⿸痳山
𤹴	⿸痳女
𤹵	⿸疒專
𤹶	⿸疒⿱雨大
𤹷	⿸疒鳥
𤹸	⿸疒⿳⺈田心
𤹹	⿸疒⿱⿱⺈罒支
𤹺	⿸疒盖
𤹻	⿸疒⿱巛𣥖
𤹼	⿸疒彪
𤹽	⿸疒訥
𤹾	⿸疒晦
𤹿	⿸疒魚
𤺀	⿸疒⿱立衣
𤺁	⿸疒晟
𤺂	⿸疒⿱𡗜⿱日八
𤺃	⿸疒臯
𤺄	⿸疒童
𤺅	⿸疒𠭥
𤺆	⿸疒異
𤺇	⿸疒徧
𤺈	⿸疒屠
𤺉	⿸疒爲
𤺊	⿸疒斯
𤺌	⿸疒登
𤺍	⿸疒敢
𤺎	⿸疒舄
𤺏	⿸疒番
𤺐	⿸疒猲
𤺑	⿸疒叅
𤺒	⿸疒訾
𤺓	⿸疒敝
𤺔	⿸疒貰
𤺕	⿸疒費
𤺖	⿸疒閔
𤺗	⿸疒⿸厂剡
𤺘	⿸疒㰳
𤺙	⿸疒歮
𤺚	⿸疒絜
𤺛	⿸疒閑
𤺜	⿸疒𠷎
𤺝	⿸疒⿸虍⿰？几
𤺞	⿸疒虚
𤺟	⿸疒𮊿
𤺠	⿸疒⿳⿵𠆢一⿻𫩏丷山
𤺡	⿸疒⿳一回示
𤺢	⿸疒森
𤺣	⿸痳灬
𤺤	⿸疒厥
𤺥	⿸疒答
𤺦	⿸疒⿱龹吉
𤺧	⿸疒曾
𤺨	⿸疒創
𤺩	⿸疒勝
𤺪	⿸疒善
𤺫	⿸疒惢
𤺬	⿸疒彭
𤺭	⿸疒筆
𤺮	⿸疒雇
𤺯	⿸疒悶
𤺰	⿸疒欽
𤺱	⿸疒然
𤺲	⿸疒敞
𤺳	⿸疒犀
𤺴	⿸疒報
𤺵	⿸疒喑
𤺶	⿸疒馭
𤺷	⿸疒極
𤺸	⿸疒猥
𤺹	⿸疒陽
𤺺	⿸疒亶
𤺻	⿸疒雋
𤺼	⿸疒勠
𤺽	⿸疒群
𤺾	⿸疒奥
𤺿	⿸疒虜
𤻀	⿸疒歲
𤻁	⿸疒辠
𤻂	⿸疒睪
𤻃	⿸疒暑
𤻄	⿸疒遂
𤻅	⿸疒愛
𤻆	⿸疒頑
𤻇	⿸疒楚
𤻈	⿸疒暘
𤻉	⿸疒𠌵
𤻊	⿸疒颓
𤻋	⿸疒⿱目侖
𤻌	⿸疒過
𤻍	⿸疒歈
𤻎	⿸疒禁
𤻏	⿸疒毁
𤻐	⿸疒歆
𤻑	⿸疒廉
𤻒	⿸疒碎
𤻓	⿰其病
𤻔	⿸疒著
𤻕	⿸疒維
𤻖	⿸疒鼻
𤻗	⿸疒㬎
𤻘	⿸疒㥯
𤻙	⿸疒蒦
𤻚	⿸痳肉
𤻛	⿸疒截
𤻜	⿸疒蓋
𤻝	⿸疒寧
𤻞	⿸疒爾
𤻟	⿸疒夢
𤻠	⿸疒⿳廿从虫
𤻡	⿸疒臺
𤻢	⿸疒⿰医⿱𠘧𪠲
𤻣	⿸疒⿱⿲仌丨仌𣄼
𤻤	⿸疒⿱秝止
𤻥	⿸疒管
𤻦	⿸疒⿰息戈
𤻧	⿸疒槃
𤻨	⿸疒端
𤻩	⿸疒熊
𤻪	⿸疒需
𤻫	⿸疒對
𤻬	⿸疒辣
𤻭	⿸疒語
𤻮	⿸疒⿱倠心
𤻯	⿸疒⿱臼成
𤻰	⿸疒⿱芙𣌡
𤻱	⿸疒慮
𤻲	⿸疒樂
𤻳	⿸疒磊
𤻴	⿸疒滕
𤻵	⿸疒𢧵
𤻶	⿸疒編
𤻷	⿸疒盤
𤻸	⿸疒𢀩
𤻹	⿸疒𧍣
𤻺	⿸疒數
𤻻	⿸疒蔑
𤻼	⿸疒魯
𤻽	⿸疒齒
𤻾	⿸疒彈
𤻿	⿸疒㮣
𤼀	⿸疒穌
𤼁	⿸疒瞢
𤼂	⿸疒憲
𤼃	⿸疒龍
𤼄	⿸疒⿱⿴𦥑丙文
𤼅	⿸疒器
𤼆	⿸疒縢
𤼇	⿸疒⿰⿱龷侖犬
𤼈	⿸疒興
𤼉	⿸疒憨
𤼊	⿸疒䝿
𤼋	⿸疒韱
𤼌	⿸疒翼
𤼍	⿸痳香
𤼎	⿸疒𥂮
𤼏	⿸疒歛
𤼐	⿸疒雚
𤼑	⿸痳骨
𤼒	⿸疒巂
𤼓	⿸疒藍
𤼔	⿸疒騐
𤼕	⿸疒⿰𦖢弋
𤼖	⿸疒蟲
𤼗	⿸疒⿸鹿足
𤼘	⿸疒羸
𤼙	⿸疒䜌
𤼚	⿸疒蠆
𤼛	⿸疒⿱能食
𤼜	⿸痺䖵
𤼝	⿸疒䢉
𤼞	⿰痩荄
𤼟	⿸疒贔
𤼠	⿸疒蠡
𤼡	⿸疒⿱倠鳥
𤼢	⿸疒歡
𤼣	⿸疒戀
𤼤	⿸疒𡚤
𤼥	⿱癶㔾
𤼦	⿱癶又
𤼧	⿱癶攴
𤼨	⿱癶木
𤼩	⿱癶矢
𤼪	⿱癶弁
𤼫	⿱癶⿱龴兀
𤼬	⿱癶⿱止又
𤼭	⿱癶虫
𤼮	⿱癶⿱爫丂
𤼯	⿱癶足
𤼰	⿱癶⿰弓日
𤼱	⿳艹癶夊
𤼲	⿱癶𢎿
𤼳	⿳癶⿱土八𰀁
𤼴	⿱癶弆
𤼵	⿱癶矤
𤼶	⿱登力
𤼷	⿱登廾
𤼸	⿰登上
𤼹	⿱癶敗
𤼺	⿱癶⿰貝殳
𤼻	⿱癶齒
𤼼	⿱癶⿲𠂈豆又
𤼽	⿱白丨
𤼾	⿱白乚
𤼿	⿱白丄
𤽀	⿰白了
𤽁	⿰白十
𤽂	⿰白干
𤽃	⿱白川
𤽄	⿱白⿲丿丨乀
𤽅	⿱白兀
𤽆	⿰白⿰丨𠃎
𤽇	⿱白𫶧
𤽈	⿱白火
𤽉	⿰白分
𤽊	⿰白比
𤽋	⿱𰤔一
𤽌	⿰白巿
𤽍	⿰白气
𤽎	⿱白云
𤽏	⿱白比
𤽐	⿰白攴
𤽑	⿰白支
𤽒	⿱白卅
𤽓	⿷𤼿𠄠
𤽔	⿱白⿱𡭔一
𤽕	⿳白丶兀
𤽖	⿱白⿱𠂇𰀪
𤽗	⿰白𪟽
𤽘	⿱白夯
𤽙	⿱白由
𤽚	⿱白⿻口⿰丨丨
𤽛	⿱白⿻⿰冂冂𠄠
𤽜	⿰白未
𤽝	⿱白𢆉
𤽞	⿰主白
𤽟	⿱白夰
𤽠	⿱⿰㐅㐅百
𤽡	⿱白瓜
𤽢	⿱白正
𤽣	⿱必白
𤽤	⿱此白
𤽥	⿰白各
𤽦	⿰白缶
𤽧	⿱白⿱卌一
𤽨	⿱白死
𤽩	⿰万⿷丈白
𤽪	⿰白⿱㇒⿸⿻口丿乚
𤽫	⿳白大三
𤽬	⿳白大仌
𤽭	⿰白夋
𤽮	⿱白辛
𤽯	⿰白寿
𤽰	⿰𣐩卂
𤽱	⿰白足
𤽲	⿰白男
𤽳	⿱白⿰川日
𤽴	⿰白孝
𤽵	⿱白拋
𤽶	⿰白尾
𤽷	⿰白成
𤽸	⿱白壯
𤽹	⿰白卑
𤽺	⿰白录
𤽻	⿱白𡘊
𤽼	⿰白隹
𤽽	⿱並白
𤽾	⿰白虎
𤽿	⿰白念
𤾀	⿰白责
𤾁	⿱白卑
𤾂	⿰白宛
𤾃	⿰白炎
𤾄	⿱昋白
𤾅	⿰白非
𤾆	⿰白兒
𤾇	⿱白兒
𤾈	⿰白軍
𤾉	⿰白昜
𤾊	⿹𢏚白
𤾋	⿰百⿱九𠦅
𤾌	⿰泉召
𤾍	⿰白⿱白斗
𤾎	⿰白⿱白牛
𤾏	⿰白𣐩
𤾐	⿱白⿲土丰匕
𤾑	⿰⿱白𰀆甘
𤾒	⿱畠冗
𤾓	⿱百林
𤾔	⿰白荣
𤾕	⿱竝白
𤾖	⿰白⿸辰寸
𤾗	⿰光皇
𤾘	⿰白𠳮
𤾙	⿰白倉
𤾚	⿰白臬
𤾛	⿰白票
𤾜	⿳㿟冖方
𤾝	⿰白麻
𤾞	⿱⿲夫口夫白
𤾟	⿰白許
𤾠	⿰白單
𤾡	⿰白爲
𤾢	⿰白登
𤾣	⿰白菐
𤾤	⿺⿳白一？帝
𤾥	⿰白曾
𤾦	⿰白𠷎
𤾧	⿰白業
𤾨	⿰白零
𤾩	⿱百皕
𤾪	⿱皛大
𤾫	⿰白翟
𤾬	⿰白蒙
𤾭	⿰皇書
𤾮	⿰白遠
𤾯	⿰白滿
𤾰	⿰白疑
𤾱	⿰白寧
𤾲	⿰皇皋
𤾳	⿰書皇
𤾴	⿰白⿱艹⿻𰀁𠈌
𤾵	⿰白弊
𤾶	⿰白𮚋
𤾷	⿰白撲
𤾸	⿰白蔿
𤾹	⿰白蕐
𤾺	⿰皇單
𤾻	⿰白霝
𤾼	⿰白𦾓
𤾽	⿰白𫨀
𤾾	⿰帛樂
𤾿	⿰⿱夕韭㿡
𤿀	⿰白贊
𤿁	⿳白小⿰⿱白小⿱白小
𤿂	⿰白璽
𤿃	⿰白⿳爫冖⿰鬯寸
𤿄	⿳白⿰巜巜⿰𰤔𰤔
𤿅	⿰白靈
𤿆	⿰皮丁
𤿇	⿰皮刀
𤿈	⿰勺皮
𤿉	⿰皮勺
𤿊	⿰干皮
𤿋	⿰皮才
𤿌	⿱口皮
𤿍	⿰皮于
𤿎	⿰比皮
𤿏	⿰内皮
𤿐	⿰开皮
𤿑	⿺尣皮
𤿒	⿰皮内
𤿓	⿰爻皮
𤿔	⿰丹皮
𤿕	⿰民皮
𤿖	⿰末皮
𤿗	⿰皮末
𤿘	⿰召皮
𤿙	⿱此皮
𤿚	⿰且皮
𤿛	⿰皮古
𤿜	⿰去皮
𤿝	⿰占皮
𤿞	⿰古皮
𤿟	⿰旬皮
𤿠	⿰吉皮
𤿡	⿰危皮
𤿢	⿰西皮
𤿣	⿰𡵃皮
𤿤	⿱𥫗皮
𤿥	⿰⿱⺈丑皮
𤿦	⿰皮多
𤿧	⿰旱皮
𤿨	⿰肖皮
𤿩	⿰告皮
𤿪	⿰𢆍皮
𤿫	⿰兑皮
𤿬	⿰皮弄
𤿭	⿰皮甫
𤿮	⿰⿱口丑皮
𤿯	⿰免皮
𤿰	⿰弄皮
𤿱	⿰别皮
𤿲	⿺麦皮
𤿳	⿱臤皮
𤿴	⿰录皮
𤿵	⿰叕皮
𤿶	⿰典皮
𤿷	⿰臽皮
𤿸	⿰皮昔
𤿹	⿰幸皮
𤿺	⿰其皮
𤿻	⿰非皮
𤿼	⿰尚皮
𤿽	⿰沓皮
𤿾	⿰卑皮
𤿿	⿰⿱丑丑皮
𥀀	⿰𦍒皮
𥀁	⿰者皮
𥀂	⿱封皮
𥀃	⿰侯皮
𥀄	⿰矦皮
𥀅	⿳北⿱冖八皮
𥀆	⿰彥皮
𥀇	⿰南皮
𥀈	⿰臿皮
𥀉	⿰𠚏皮
𥀊	⿰皮韋
𥀋	⿰皮𤰫
𥀌	⿰皮苔
𥀍	⿱能皮
𥀎	⿰⿱⿳士冖一皮殳
𥀏	⿰𰗣皮
𥀐	⿰𠦝⿱𠆢皮
𥀑	⿰皮⿱㞢回
𥀒	⿰皮⿱𠀐田
𥀓	⿰留皮
𥀔	⿰鹿皮
𥀕	⿰畢皮
𥀖	⿰皮⿱𠀐回
𥀗	⿰曼皮
𥀘	⿰⿱羽皮皮
𥀙	⿱𦚆皮
𥀚	⿰啚皮
𥀛	⿰皮曹
𥀜	⿰皮啚
𥀝	⿰皮宿
𥀞	⿰羞皮
𥀟	⿰㫺皮
𥀠	⿰皮貴
𥀡	⿱⿰⿳厶一⺝⿷⿺乚𠄠匕皮
𥀢	⿰賁皮
𥀣	⿱𦥯皮
𥀤	⿰皮㬅
𥀥	⿰葛皮
𥀦	⿰⿱日⺝⿱𢒂皮
𥀧	⿱⿰䏍㐬皮
𥀨	⿰皮黽
𥀩	⿺黽皮
𥀪	⿰皮雍
𥀫	⿰需皮
𥀬	⿸厭皮
𥀭	⿰皮需
𥀮	⿲月𡿺皮
𥀯	⿰皮蔑
𥀰	⿰巤皮
𥀱	⿰廣皮
𥀲	⿰皮賣
𥀳	⿰皮模
𥀴	⿰器皮
𥀵	⿰盧皮
𥀶	⿰襄皮
𥀷	⿱皷卑
𥀸	⿰皮霜
𥀹	⿰繭皮
𥀺	⿱䜌皮
𥀻	⿱皷戚
𥀼	⿱皷隆
𥀽	⿱皷慼
𥀾	⿱皷嚮
𥀿	⿱皿丂
𥁀	⿱刀皿
𥁁	⿱工皿
𥁂	⿱孑皿
𥁃	⿱亡皿
𥁄	⿱亏皿
𥁅	⿱女皿
𥁆	⿱牙皿
𥁇	⿱斗皿
𥁈	⿱支皿
𥁉	⿱毋皿
𥁋	⿱𡗓皿
𥁌	⿱今皿
𥁍	⿰皿夬
𥁎	⿱用皿
𥁏	⿱召皿
𥁐	⿱台皿
𥁑	⿱必皿
𥁒	⿱幼皿
𥁓	⿱右皿
𥁔	⿰皿乏
𥁖	⿱⿻口⿰丿丨皿
𥁗	⿳宀𠤎皿
𥁘	⿱𢦍皿
𥁙	⿱仔皿
𥁚	⿱⿰⿰？丶刀皿
𥁛	⿱矛皿
𥁜	⿱𢎨皿
𥁝	⿱𡥀皿
𥁞	⿱⿱𦘒一皿
𥁟	⿱列皿
𥁠	⿱龹皿
𥁡	⿱污皿
𥁢	⿱乔皿
𥁣	⿱𠖲皿
𥁤	⿱㲽皿
𥁥	⿱⿰己己皿
𥁦	⿱式皿
𥁧	⿱会皿
𥁨	⿱好皿
𥁩	⿱汑皿
𥁪	⿳龴⿱乛个皿
𥁫	⿱㦮皿
𥁬	⿱㿝皿
𥁭	⿱沈皿
𥁮	⿱攸皿
𥁯	⿱足皿
𥁰	⿱囧皿
𥁱	⿳厶疋皿
𥁲	⿱沙皿
𥁳	⿱汾皿
𥁴	⿱吻皿
𥁵	⿱沖皿
𥁶	⿱丣皿
𥁷	⿱泛皿
𥁸	⿱卷皿
𥁹	⿱林皿
𥁺	⿱䏙皿
𥁻	⿱𣅟皿
𥁼	⿱泜皿
𥁽	⿱叔皿
𥁾	⿱肰皿
𥁿	⿱冾皿
𥂀	⿱朋皿
𥂁	⿱⿰土⿱𠂉口皿
𥂂	⿱⿰矛⿹勹丿皿
𥂃	⿱𢓤皿
𥂄	⿱⿰目片皿
𥂅	⿱巷皿
𥂆	⿱浅皿
𥂇	⿰盍巨
𥂈	⿱浦皿
𥂉	⿰⿻一㞢盗
𥂊	⿱⿰去去皿
𥂋	⿱涂皿
𥂌	⿱格皿
𥂍	⿱哭皿
𥂎	⿱⿰幸又皿
𥂏	⿱⿰舟尤皿
𥂐	⿱𦨚皿
𥂑	⿱彩皿
𥂒	⿳厶𦥔皿
𥂓	⿸麻皿
𥂔	⿱翏皿
𥂕	⿱執皿
𥂖	⿱淥皿
𥂗	⿱朙皿
𥂘	⿱酖皿
𥂙	⿱奞皿
𥂚	⿱⿰辛攵皿
𥂛	⿱𤱪皿
𥂜	⿱畣皿
𥂝	⿳𠆢酋皿
𥂞	⿱⿴𦥑爻皿
𥂟	⿱船皿
𥂠	⿱⿰臣右皿
𥂡	⿳亠咼皿
𥂢	⿱敖皿
𥂣	⿱郭皿
𥂤	⿱⿴𦥑古皿
𥂥	⿱⿰歺戔皿
𥂦	⿱敦皿
𥂧	⿱⿰酉右皿
𥂨	⿱羽盒
𥂩	⿱⿰古匋皿
𥂪	⿱散皿
𥂫	⿱殘皿
𥂬	⿳⿱亠𠔿回皿
𥂭	⿱⿰臣⿳𠂉丶口皿
𥂮	⿱黑皿
𥂯	⿳艹坦皿
𥂰	⿱酤皿
𥂱	⿱⿰㚔攴皿
𥂲	⿱鈙皿
𥂳	⿱馮皿
𥂴	⿱奠皿
𥂵	⿱𣸁皿
𥂶	⿱⿳亠⿵冂凵龱皿
𥂷	⿱⿰告巨皿
𥂸	⿱楊皿
𥂹	⿱酭皿
𥂺	⿰易益
𥂻	⿱⿰瓜彖皿
𥂼	⿱⿰𤓰⿱彐𧰨皿
𥂽	⿱亂皿
𥂾	⿱頒皿
𥂿	⿳艹⿹勹辛皿
𥃀	⿱亠⿳肉㘝皿
𥃁	⿱⿰幸糸皿
𥃂	⿱亠⿳⿴囗仌𠙼皿
𥃃	⿱㺒皿
𥃄	⿱⿰酉系皿
𥃅	⿱⿰釒𭨘皿
𥃆	⿱𰯲皿
𥃇	⿱畾皿
𥃈	⿸虍⿱𱕻皿
𥃉	⿳⿰臣⿱𠂉二必皿
𥃊	⿱⿰⿱幺㚔攵皿
𥃋	⿰盒⿸虍与
𥃌	⿱⿰辛來皿
𥃍	⿱⿲乡幸攴皿
𥃎	⿱⿰⿱幺㚔攴皿
𥃏	⿱⿰⿱夂幸攴皿
𥃐	⿱亠⿳𠧪㘝皿
𥃑	⿰盘㚇
𥃒	⿱錢皿
𥃓	⿰𧆲㿾
𥃔	⿳⿴𦥑水臼皿
𥃕	⿰壺盍
𥃖	⿱⿻⿱𦥑𦥑亏皿
𥃗	⿱餞皿
𥃘	⿱爂皿
𥃙	⿰盖曾
𥃚	⿰音盤
𥃛	⿰盤音
𥃜	⿱⿻⿱𦥑𦥑氺皿
𥃝	⿳⿴𦥑召酉皿
𥃞	⿰盡曷
𥃟	⿱殸⿳⿵𠆢一吅皿
𥃠	⿰魯益
𥃡	⿱⿰臣⿱𠂉僉皿
𥃢	⿰⿱㲋免監
𥃣	⿱盖⿰盖盖
𥃤	⿰目乚
𥃥	⿰目𠄎
𥃦	⿱𠆢目
𥃧	⿰目丩
𥃨	⿰目卜
𥃩	⿱目匕
𥃪	⿱目十
𥃫	⿰目又
𥃬	⿶凵目
𥃭	⿱十目
𥃮	⿱入目
𥃯	⿱目几
𥃰	⿱亠目
𥃱	⿰目入
𥃲	⿱目廾
𥃳	⿰目亏
𥃴	⿰目卂
𥃵	⿰目凡
𥃶	⿰目凢
𥃷	⿱目寸
𥃸	⿰目也
𥃹	⿰目川
𥃺	⿱目兀
𥃻	⿱𡭔目
𥃼	⿰目么
𥃽	⿰目工
𥃾	⿰目土
𥃿	⿱目工
𥄀	⿱目𠃏
𥄁	⿱⿺𠃊目乂
𥄂	⿱𥃭一
𥄃	⿱爫目
𥄄	⿰目爪
𥄅	⿰目户
𥄆	⿰目𢆰
𥄇	⿱氏目
𥄈	⿱六目
𥄉	⿱⿺𠃊目巛
𥄊	⿳目一川
𥄋	⿰目内
𥄌	⿰目卆
𥄍	⿰目介
𥄎	⿱目攴
𥄏	⿰目支
𥄐	⿱目文
𥄑	⿰目夫
𥄒	⿰目化
𥄓	⿱不目
𥄔	⿰目巿
𥄕	⿱卝目
𥄖	⿰目𰅭
𥄗	⿰目㕚
𥄘	⿳八⺈目
𥄙	⿰目𥘅
𥄚	⿰目𤓯
𥄛	⿰目予
𥄜	⿰目𠫘
𥄝	⿰目⿱一山
𥄞	⿰目𠕀
𥄟	⿱分目
𥄠	⿰目幻
𥄡	⿰目中
𥄣	⿰目火
𥄤	⿰？目
𥄥	⿱毛目
𥄦	⿰目亢
𥄧	⿱目灬
𥄨	⿰目丑
𥄩	⿰目乣
𥄪	⿱五目
𥄫	⿰目及
𥄬	⿰目五
𥄭	⿰目午
𥄮	⿰目壬
𥄯	⿰目今
𥄰	⿰目仁
𥄱	⿱弗目
𥄲	⿱罒目
𥄳	⿱罒氺
𥄴	⿰目穴
𥄵	⿰目术
𥄶	⿰目司
𥄷	⿰目巨
𥄸	⿰目卯
𥄹	⿰目包
𥄺	⿰目𫢉
𥄻	⿰目它
𥄼	⿰目瓜
𥄽	⿹⿷𫠠丶⿱二目
𥄾	⿱屮⿸丆目
𥄿	⿰目𡰥
𥅀	⿱目⿰⿰㇇丨𰀠
𥅁	⿰目乍
𥅂	⿰目他
𥅃	⿰目旦
𥅄	⿱奴目
𥅅	⿰目击
𥅆	⿰目冉
𥅇	⿰目⿰彳力
𥅈	⿰目立
𥅉	⿱㇒冒
𥅊	⿰目丕
𥅋	⿰目世
𥅌	⿱𠀐目
𥅍	⿱令目
𥅎	⿰目⿱八亏
𥅏	⿱目𣄼
𥅐	⿱⿰万又目
𥅑	⿰目㠯
𥅒	⿰目𬼈
𥅓	⿰目㐌
𥅔	⿰目丘
𥅕	⿱𣍝目
𥅖	⿰目主
𥅗	⿰目皮
𥅘	⿰目尔
𥅙	⿱目丙
𥅚	⿰目夸
𥅛	⿱目戌
𥅜	⿰目戌
𥅝	⿱开目
𥅞	⿰目式
𥅟	⿰目交
𥅠	⿰目后
𥅡	⿰目而
𥅢	⿰目⿱凶又
𥅣	⿰目𡰱
𥅤	⿹𢦏囙
𥅥	⿰目安
𥅦	⿰目耒
𥅧	⿰目血
𥅨	⿰目亘
𥅩	⿰目伐
𥅪	⿰目收
𥅫	⿱罒𱐕
𥅬	⿰目𠣓
𥅭	⿰目⿱二日
𥅮	⿱列目
𥅯	⿰目戎
𥅰	⿹𢦏目
𥅱	⿱⿰屮丨⿸厂目
𥅲	⿰目朱
𥅳	⿱目幵
𥅴	⿰目夹
𥅵	⿳止八目
𥅶	⿰⿱⺊目井
𥅷	⿱少𥃰
𥅸	⿰目⿱㇒⿻一止
𥅹	⿰目𢁙
𥅺	⿰目色
𥅻	⿰目充
𥅼	⿱目米
𥅽	⿱合目
𥅾	⿰目庄
𥅿	⿰目执
𥆀	⿰目江
𥆁	⿰目列
𥆂	⿰目任
𥆃	⿰目如
𥆄	⿰目光
𥆅	⿰吉目
𥆆	⿰目⿱𠫔𫶧
𥆇	⿱共目
𥆈	⿰目⿱龷匕
𥆉	⿰目伇
𥆊	⿰目㢟
𥆋	⿰目豕
𥆌	⿰目角
𥆍	⿰目𦔮
𥆎	⿰目糺
𥆏	⿰目成
𥆐	⿰目吾
𥆑	⿰目廷
𥆒	⿰目皃
𥆓	⿰目伸
𥆔	⿰目孝
𥆕	⿱⿳亠口冖目
𥆖	⿰目豆
𥆗	⿱大𥄎
𥆘	⿰目貝
𥆙	⿰目尨
𥆚	⿰目汪
𥆛	⿱役目
𥆜	⿰目往
𥆝	⿱沙目
𥆞	⿱⿰罒丨⿸厂罒
𥆟	⿰目兑
𥆠	⿰目𠯑
𥆡	⿰目含
𥆢	⿰目𥃩
𥆣	⿱䀠又
𥆤	⿰里目
𥆥	⿰目走
𥆦	⿰目尫
𥆧	⿰目闰
𥆨	⿰目㐬
𥆪	⿰目杏
𥆫	⿰目呆
𥆬	⿰目孚
𥆭	⿰目扶
𥆮	⿰目⿰土⿺乚上
𥆯	⿰目坒
𥆰	⿰目𠯚
𥆱	⿰目岑
𥆲	⿰目𡵶
𥆳	⿱𠦑目
𥆴	⿱⿰⿽大丶寸目
𥆵	⿰目灷
𥆶	⿰目⿱义手
𥆷	⿰目𠬶
𥆸	⿰⿱目女夬
𥆹	⿰目岌
𥆺	⿰目酉
𥆻	⿰目呂
𥆼	⿰目里
𥆽	⿰目吟
𥆾	⿰目忍
𥆿	⿰目求
𥇀	⿰目芒
𥇁	⿰目住
𥇂	⿰目别
𥇃	⿰目狄
𥇄	⿰目⿱又目
𥇅	⿺免目
𥇆	⿰目⿺𠃊米
𥇇	⿰目沙
𥇈	⿰目囤
𥇉	⿰目羌
𥇊	⿰目昆
𥇋	⿰目盲
𥇌	⿰目臽
𥇎	⿰目弥
𥇏	⿰目炅
𥇐	⿰目近
𥇑	⿰目兩
𥇒	⿰目妾
𥇓	⿰目定
𥇔	⿰目長
𥇕	⿰目制
𥇖	⿱非目
𥇗	⿰目届
𥇘	⿰目囷
𥇙	⿱或目
𥇚	⿰目奇
𥇛	⿻大䀠
𥇜	⿰目享
𥇝	⿱目㚔
𥇞	⿰目⿱占土
𥇟	⿰目効
𥇠	⿱夂䀠
𥇡	⿱罒㚔
𥇢	⿰目斩
𥇣	⿰目屈
𥇤	⿰目届
𥇦	⿰目析
𥇧	⿰目奈
𥇨	⿸⿸⿰丿⿱⺊⺂七⿱火目
𥇩	⿰目⿱臼丂
𥇪	⿰目非
𥇫	⿰目⿻䒑水
𥇬	⿰目果
𥇭	⿰目知
𥇮	⿱⿰仌刂⿸厂目
𥇯	⿰目⿱勿勿
𥇰	⿰目忽
𥇱	⿰目𣏋
𥇲	⿱波目
𥇳	⿰目帚
𥇴	⿱目斨
𥇵	⿰目屆
𥇶	⿰目金
𥇷	⿰目岩
𥇸	⿰目岳
𥇹	⿰目㝵
𥇺	⿰目狀
𥇻	⿰目宙
𥇼	⿰目𥐧
𥇽	⿺乳目
𥇾	⿱眊毛
𥇿	⿰目或
𥈀	⿱䀠大
𥈁	⿱目迎
𥈂	⿰目亟
𥈃	⿰目⿳穴𠆢又
𥈄	⿱巷目
𥈅	⿰目面
𥈆	⿰目冒
𥈇	⿰目耎
𥈈	⿱眗灬
𥈉	⿰目奐
𥈊	⿰目臿
𥈋	⿰目禹
𥈌	⿰目修
𥈍	⿱䀠反
𥈎	⿰目曷
𥈏	⿱䀠夭
𥈐	⿰目柴
𥈑	⿰目矦
𥈒	⿰目𢇂
𥈓	⿰目咼
𥈔	⿰目匽
𥈕	⿰目㿽
𥈖	⿰目羍
𥈗	⿰目頁
𥈘	⿰目亰
𥈙	⿰目剌
𥈚	⿰目⿺辶庂
𥈛	⿰目𥄈
𥈜	⿻夫䀠
𥈝	⿰目怱
𥈟	⿰目叜
𥈠	⿸⿸⿰丿⿱⺊⺂七⿱一⿱八𥃦
𥈡	⿰目柰
𥈢	⿰目美
𥈣	⿰目⿱艹𣄼
𥈤	⿰目⿳⺊⺕龰
𥈥	⿰目恨
𥈦	⿰目爯
𥈧	⿰目看
𥈨	⿰目段
𥈩	⿰目巷
𥈪	⿱䀠开
𥈫	⿱䀠友
𥈬	⿰目禺
𥈭	⿰目咢
𥈮	⿰目𬙙
𥈯	⿰目俚
𥈰	⿰目洪
𥈱	⿰目盈
𥈲	⿰目急
𥈳	⿰目突
𥈴	⿰目虐
𥈵	⿰目柬
𥈶	⿰目南
𥈷	⿰⿱⿱十冖示目
𥈸	⿻木䀠
𥈹	⿰目穿
𥈺	⿰目𱬹
𥈻	⿰目𡋍
𥈼	⿱般目
𥈽	⿱𡨄目
𥈾	⿰目窅
𥈿	⿰目貢
𥉀	⿰目眔
𥉁	⿱䀠夰
𥉂	⿰目荒
𥉃	⿱能目
𥉄	⿰目骨
𥉅	⿰目鬲
𥉆	⿰⿱上示⿱又目
𥉇	⿰目冓
𥉈	⿰目脩
𥉉	⿰目條
𥉊	⿰目馬
𥉋	⿰目𣳾
𥉍	⿰目蚩
𥉎	⿲目彳見
𥉏	⿰𠦝𥃮
𥉐	⿰目奚
𥉑	⿰目隺
𥉒	⿰目臬
𥉓	⿰目𥁑
𥉔	⿱耿目
𥉕	⿰目冡
𥉖	⿰目恚
𥉗	⿰目毣
𥉘	⿰目虒
𥉙	⿰目耆
𥉚	⿰目𠂹
𥉛	⿰目宴
𥉜	⿰目秦
𥉝	⿰目𠁁
𥉞	⿰目𥄲
𥉟	⿰目般
𥉠	⿱務目
𥉡	⿰目⿳穴𠆢夕
𥉢	⿰目𡋲
𥉣	⿰目旁
𥉤	⿰目⿰火艮
𥉥	⿰目逆
𥉦	⿱眠目
𥉧	⿰目弱
𥉨	⿲目彡見
𥉩	⿺竜目
𥉪	⿰目海
𥉫	⿰目竜
𥉬	⿰目烈
𥉭	⿰目哲
𥉮	⿰目朔
𥉯	⿰目桂
𥉰	⿰目舀
𥉱	⿰目𡘹
𥉲	⿰目展
𥉳	⿰目留
𥉴	⿰目密
𥉵	⿸麻目
𥉶	⿰目鹿
𥉷	⿰目戚
𥉸	⿰目堅
𥉹	⿰目累
𥉺	⿰目窒
𥉻	⿰目祭
𥉼	⿰目梟
𥉽	⿰目康
𥉾	⿰目翏
𥉿	⿰目覔
𥊀	⿰目參
𥊁	⿰目㝡
𥊂	⿰目徙
𥊃	⿳从罒⿱冖目
𥊄	⿳艹罒䀏
𥊅	⿰目崖
𥊆	⿰目𢈻
𥊇	⿱⿰臣⿱𠂉二目
𥊈	⿰目梨
𥊉	⿰目䆟
𥊊	⿰目⿳卉⿱八𠆢十
𥊋	⿰目覓
𥊌	⿰目巢
𥊍	⿱執目
𥊎	⿰目舂
𥊏	⿰目𦒿
𥊐	⿱䀠字
𥊑	⿰目曼
𥊒	⿰目逢
𥊓	⿰目産
𥊔	⿰目商
𥊕	⿰目𠋛
𥊖	⿰目堆
𥊗	⿰目淡
𥊘	⿰目寄
𥊙	⿰目𡕩
𥊚	⿰目麻
𥊛	⿰目望
𥊜	⿰目訣
𥊝	⿰目執
𥊞	⿰目國
𥊟	⿰眉忍
𥊠	⿰目崇
𥊡	⿰目軟
𥊢	⿰直尚
𥊣	⿰尚直
𥊤	⿰目得
𥊥	⿰目陷
𥊦	⿰目務
𥊧	⿱殸目
𥊨	⿱𫩀目
𥊩	⿰目連
𥊪	⿰目爲
𥊫	⿰目貫
𥊬	⿰目戢
𥊭	⿰目尊
𥊮	⿰目畫
𥊯	⿰目絜
𥊰	⿰目䟫
𥊱	⿰目盛
𥊲	⿰目棠
𥊳	⿰目善
𥊴	⿰目最
𥊵	⿰目逮
𥊶	⿰目然
𥊷	⿱⿰？犬目
𥊸	⿰目𢛳
𥊹	⿸䧹目
𥊺	⿰目閑
𥊻	⿰目絫
𥊼	⿰目牚
𥊽	⿱眔弟
𥊾	⿰⿱工目頁
𥊿	⿳䀠罒又
𥋀	⿰目𠭙
𥋁	⿳䀠冖⿻日乚
𥋂	⿰目⿳⿱⺈罒八夊
𥋃	⿰目𦓔
𥋄	⿰目⿳覀二火
𥋅	⿱䖵目
𥋆	⿰目敦
𥋇	⿰目掌
𥋈	⿺堯目
𥋉	⿰目⿱羽耳
𥋊	⿰目喬
𥋋	⿰目替
𥋌	⿰目散
𥋍	⿰目𡍮
𥋎	⿰目睂
𥋏	⿰目戠
𥋐	⿰目𥆝
𥋑	⿰眧辛
𥋒	⿰目智
𥋓	⿰目景
𥋔	⿰目𢽠
𥋕	⿰目盗
𥋖	⿰目虚
𥋗	⿰目敝
𥋘	⿰目筲
𥋙	⿰目業
𥋚	⿳⿱艹罒戈目
𥋛	⿰目蜀
𥋜	⿰眉叜
𥋝	⿰目黽
𥋞	⿰目零
𥋟	⿰目義
𥋠	⿰目剽
𥋡	⿳䀠冖弜
𥋢	⿰目𥇛
𥋣	⿰目賈
𥋤	⿱甞目
𥋥	⿱䀠兔
𥋦	⿰目⿸？⿱厸匕
𥋧	⿰目煞
𥋨	⿰目麀
𥋩	⿱⿰⿱㝉谷又目
𥋪	⿱微目
𥋫	⿱䀠定
𥋬	⿳䀠⿱冖八𠔽
𥋭	⿰目𥇡
𥋮	⿰目⿱？言
𥋯	⿰目詧
𥋰	⿰目𡩟
𥋱	⿰目䀄
𥋲	⿰目廉
𥋳	⿰目嵬
𥋴	⿰目禁
𥋵	⿰目歆
𥋶	⿰目稟
𥋷	⿰目落
𥋸	⿰目雷
𥋹	⿰㝵眠
𥋺	⿰目𡩹
𥋻	⿰目𧵽
𥋼	⿰目禽
𥋽	⿰目罩
𥋾	⿰目董
𥋿	⿰目赫
𥌀	⿰目察
𥌁	⿰目㬎
𥌂	⿳䀠穴方
𥌃	⿰目爾
𥌄	⿰⿳⿱⺊冖一貝⿱又目
𥌅	⿸厭目
𥌆	⿰目壽
𥌇	⿰目舞
𥌈	⿰目監
𥌉	⿰目𠎤
𥌊	⿲辛目辛
𥌋	⿰目夢
𥌌	⿰目㷠
𥌍	⿰目⿱六隻
𥌎	⿰目需
𥌏	⿰眉冥
𥌐	⿰目𢞭
𥌑	⿰目睿
𥌒	⿱皷目
𥌓	⿰目署
𥌔	⿰目⿱⿱⺈罒貝
𥌕	⿱鞁目
𥌖	⿱䀠昜
𥌗	⿰目⿳自⿱冖八𠔽
𥌘	⿲目㒸目
𥌙	⿰眉庫
𥌚	⿰目賣
𥌛	⿰目黎
𥌜	⿰目麃
𥌝	⿰目𤌑
𥌞	⿰目樊
𥌟	⿱⿰⿱上矢余目
𥌠	⿰目慮
𥌡	⿰目瞏
𥌢	⿰目寮
𥌣	⿰目緜
𥌤	⿰目𨽻
𥌥	⿰目課
𥌦	⿰目輦
𥌧	⿰目魯
𥌨	⿰目頪
𥌩	⿰目德
𥌪	⿰目𥈜
𥌫	⿰目篆
𥌬	⿰目廛
𥌭	⿰目縣
𥌮	⿰目歷
𥌯	⿰目甍
𥌰	⿰目遺
𥌱	⿳⿱艹罒冖眠
𥌲	⿰目𦎧
𥌳	⿰目㬱
𥌴	⿰目螢
𥌵	⿰𡏳𥃩
𥌶	⿰目䝿
𥌷	⿰目憲
𥌸	⿰目閻
𥌹	⿰目錦
𥌺	⿰目龠
𥌻	⿰目闌
𥌼	⿰目霝
𥌽	⿰目嬰
𥌾	⿰目應
𥌿	⿰目隸
𥍀	⿰目韱
𥍁	⿱歸目
𥍂	⿰目燕
𥍃	⿰目雖
𥍄	⿺⿱目光𰥡
𥍅	⿳𠓜⿰龷龷⿱𠆢盰
𥍆	⿰目燮
𥍇	⿰目薨
𥍈	⿱䀠萬
𥍉	⿰目聶
𥍊	⿱雚目
𥍋	⿰目巂
𥍌	⿰目𤐫
𥍍	⿰目藍
𥍎	⿰目顒
𥍏	⿰目爕
𥍐	⿰目藥
𥍑	⿰目轎
𥍒	⿰目䉞
𥍓	⿰目嚴
𥍔	⿰目纍
𥍕	⿺⿱目光霄
𥍖	⿰目覽
𥍗	⿰目𪉷
𥍘	⿰目饒
𥍙	⿱⿱⿴𠀃三𡭔⿰⿱⿴𠀃三𡭔⿱⿴𠀃三𡭔
𥍚	⿰目變
𥍛	⿰目巖
𥍜	⿰目𧅚
𥍝	⿱矛一
𥍞	⿰矛刃
𥍟	⿰矛殳
𥍠	⿰矛兮
𥍡	⿰矛白
𥍢	⿰矛㐌
𥍣	⿰矛号
𥍤	⿰矛矛
𥍥	⿰矛戊
𥍦	⿰矛⿱𠂉巾
𥍧	⿰矛𡿪
𥍨	⿰矛危
𥍩	⿱矛同
𥍪	⿰矛豸
𥍫	⿰矛良
𥍬	⿰矛夋
𥍭	⿰矛折
𥍮	⿰矛夆
𥍯	⿰矛𠬶
𥍰	⿰矛芍
𥍱	⿰矛告
𥍲	⿰柔内
𥍳	⿰柔丑
𥍴	⿰矛易
𥍵	⿰矛念
𥍶	⿰矛矦
𥍷	⿰矛怱
𥍸	⿰矛施
𥍹	⿰矛建
𥍺	⿰矛㚇
𥍻	⿰矛匽
𥍼	⿰矛英
𥍽	⿰矛重
𥍾	⿰矛皆
𥍿	⿰矛盾
𥎀	⿰矛頁
𥎁	⿰柔占
𥎂	⿰矛茸
𥎃	⿰矛氣
𥎄	⿰矛倉
𥎅	⿰矛眔
𥎆	⿰矛害
𥎇	⿰矛⿳𫡃日亾
𥎈	⿰矛⿱夂酉
𥎉	⿰矛⿱夂貝
𥎊	⿰矛堇
𥎋	⿰矛悤
𥎌	⿰矛逢
𥎍	⿰矛責
𥎎	⿰矛解
𥎏	⿰矛㫺
𥎐	⿰矞出
𥎑	⿰矛朁
𥎒	⿰矛𢜏
𥎓	⿰矛豊
𥎔	⿰矛𧋠
𥎕	⿰矞戍
𥎖	⿰矛爾
𥎗	⿰矛與
𥎘	⿰矛需
𥎙	⿲矛思目
𥎚	⿰矛𡏳
𥎛	⿰矛匱
𥎜	⿰矞⿱𡭔天
𥎝	⿰矛赞
𥎞	⿰矛賛
𥎟	⿰矛⿱夂章
𥎠	⿰矛⿱⺈蜀
𥎡	⿰矛瞿
𥎢	⿰矛⿳木冧灬
𥎣	⿰矛竄
𥎤	⿰矛爨
𥎥	⿰矛⿱亠爨
𥎦	⿸厂矢
𥎧	⿰矢十
𥎨	⿱⿻一𠃎矢
𥎩	⿱止矢
𥎪	⿰矢攵
𥎫	⿱𠚪矢
𥎬	⿰矢比
𥎭	⿰矢日
𥎮	⿰矢反
𥎯	⿰矢欠
𥎰	⿰矢去
𥎱	⿰矢犮
𥎲	⿰⿱？矢⿺乚𠃎
𥎳	⿰矢母
𥎴	⿰矢田
𥎵	⿰矢可
𥎶	⿰矢目
𥎷	⿰矢白
𥎸	⿰矢玄
𥎹	⿰矢至
𥎺	⿰矢兆
𥎻	⿰舟矢
𥎼	⿱止𥎦
𥎽	⿰矢⿱山大
𥎾	⿰矢危
𥎿	⿰知于
𥏀	⿱⿲人人人矢
𥏁	⿰矢⿱止⿺㇉一
𥏂	⿰仌𥎦
𥏃	⿰矢⿱口亐
𥏄	⿰矢百
𥏅	⿰矢早
𥏆	⿰矢自
𥏇	⿱龹矢
𥏈	⿱⿵𠘨𢆰矢
𥏉	⿳亠比矢
𥏊	⿰矢羽
𥏋	⿺先矢
𥏌	⿰矢先
𥏍	⿰矢名
𥏎	⿰矢廷
𥏏	⿰医𪠲
𥏐	⿰矢秃
𥏑	⿰𠤕⿱厶久
𥏒	⿰矢吾
𥏓	⿰矢㫒
𥏔	⿰矢辛
𥏕	⿰矢宏
𥏖	⿰矢矣
𥏗	⿰矢秀
𥏘	⿰矢屈
𥏙	⿰矢卷
𥏚	⿰𠤕帇
𥏛	⿹？矢
𥏜	⿰矢奇
𥏝	⿰矢亞
𥏞	⿰矢叕
𥏟	⿰矢㡀
𥏠	⿰矢卑
𥏡	⿰矢妾
𥏢	⿰矢𢆎
𥏣	⿰矢㚔
𥏤	⿰矢𡘆
𥏥	⿰矢卓
𥏦	⿰矢𥃳
𥏧	⿰矢㘴
𥏨	⿰矢周
𥏩	⿰矢弧
𥏪	⿰矢皆
𥏫	⿰矢昜
𥏬	⿰昜矢
𥏭	⿰矢枼
𥏮	⿰矢音
𥏯	⿱知早
𥏰	⿱尹⿲土矢匕
𥏱	⿰矢重
𥏲	⿰矢倉
𥏳	⿰來矣
𥏴	⿲矢⿱口廿亏
𥏵	⿰矢留
𥏶	⿰𠤕委
𥏷	⿱⿲土白匕矢
𥏸	⿰矢豈
𥏹	⿰矢高
𥏺	⿰矢差
𥏻	⿰矢𬀷
𥏼	⿲矢⿱口白亏
𥏽	⿰矢虖
𥏾	⿲矢⿱口丘亏
𥏿	⿰矢問
𥐀	⿰矢斯
𥐁	⿰矢菐
𥐂	⿰⿱上矢禺
𥐃	⿲⿱矢止？亏
𥐄	⿱普矢
𥐅	⿰矢普
𥐆	⿰短半
𥐇	⿰短艮
𥐈	⿰矢数
𥐉	⿱艮短
𥐊	⿰矢敫
𥐋	⿰短艾
𥐌	⿰矢齊
𥐍	⿰短豆
𥐎	⿰矢需
𥐏	⿰短局
𥐐	⿰短袞
𥐑	⿰矢嬰
𥐒	⿱短骨
𥐓	⿰矢雚
𥐔	⿰短問
𥐕	⿰石乚
𥐖	⿸丆𠮛
𥐗	⿰石㔾
𥐘	⿸厂⿱二口
𥐙	⿰石八
𥐚	⿰石卜
𥐛	⿰石刀
𥐜	⿰石九
𥐝	⿰石勺
𥐞	⿰石亡
𥐟	⿰石义
𥐠	⿰石⿻九丶
𥐡	⿰石亍
𥐢	⿰石山
𥐣	⿰石川
𥐤	⿰石⿱𠆢㇉
𥐥	⿰石凢
𥐦	⿰石已
𥐧	⿱石廾
𥐨	⿰石也
𥐩	⿰石匀
𥐪	⿰石厷
𥐫	⿰石卝
𥐬	⿰石气
𥐭	⿰石午
𥐯	⿰石云
𥐰	⿰石区
𥐱	⿰石冗
𥐲	⿰石𭂫
𥐳	⿰石五
𥐴	⿰石不
𥐵	⿰石匹
𥐶	⿰石尤
𥐷	⿰石匁
𥐸	⿰石允
𥐹	⿰石井
𥐺	⿰石𢆰
𥐻	⿰石冈
𥐼	⿰石𠕀
𥐽	⿰石毛
𥐾	⿰石勾
𥐿	⿰石斗
𥑀	⿰石冘
𥑁	⿰石巴
𥑂	⿰石支
𥑃	⿰石卞
𥑄	⿰石㐊
𥑅	⿰石⿱𠂉九
𥑆	⿰石加
𥑇	⿰石失
𥑈	⿰石庁
𥑉	⿰石⿸厂巳
𥑊	⿰石㞋
𥑋	⿰石圣
𥑌	⿰石奴
𥑍	⿰石半
𥑎	⿰石冋
𥑏	⿰石史
𥑐	⿰石甲
𥑑	⿰石幼
𥑒	⿰石尒
𥑓	⿰石⿻屮⿰丿丨
𥑔	⿰石瓜
𥑕	⿰石犮
𥑖	⿰石必
𥑗	⿰石𠀕
𥑘	⿰石未
𥑙	⿱功石
𥑚	⿰石⿱㇒𠔿
𥑛	⿰石右
𥑜	⿰石丕
𥑝	⿰石氶
𥑞	⿰石央
𥑟	⿱⿱士冖石
𥑠	⿰石甘
𥑡	⿰石术
𥑢	⿰石布
𥑣	⿰石𠂘
𥑤	⿰石由
𥑥	⿰石生
𥑦	⿱生石
𥑧	⿱付石
𥑨	⿰石⿱㇒冈
𥑩	⿰石𠬦
𥑪	⿰石⿹勹⿺𠃊㐅
𥑫	⿰石穴
𥑬	⿰石⿻⿰冂冂一
𥑭	⿰石巨
𥑮	⿰石古
𥑯	⿰石⿻⿱冖冂乚
𥑰	⿰石左
𥑱	⿱㓛石
𥑲	⿰石旦
𥑳	⿰石戎
𥑴	⿰石衣
𥑵	⿰石𠂤
𥑶	⿰石耒
𥑷	⿰石㬰
𥑸	⿰石舟
𥑹	⿰石夸
𥑺	⿰石屰
𥑻	⿰石先
𥑼	⿱伐石
𥑽	⿰石𠂬
𥑾	⿰石卉
𥑿	⿰石有
𥒀	⿰石汙
𥒁	⿰石州
𥒂	⿰石列
𥒃	⿰石𭍽
𥒄	⿰石米
𥒅	⿰石吏
𥒆	⿰石关
𥒇	⿱石安
𥒈	⿰石宅
𥒉	⿰石羽
𥒊	⿰石名
𥒋	⿰石缶
𥒌	⿰石血
𥒍	⿰石色
𥒏	⿰石？
𥒐	⿱圭石
𥒑	⿰石𤯔
𥒒	⿰石在
𥒓	⿰石至
𥒔	⿰石㢟
𥒕	⿰石自
𥒖	⿰石后
𥒗	⿰石⿱爫厶
𥒘	⿰石旬
𥒙	⿰石犳
𥒚	⿰石匈
𥒛	⿰石⿱𱍸𠫔
𥒜	⿰石冰
𥒝	⿰石充
𥒞	⿰石羊
𥒟	⿱汜石
𥒠	⿱⿱𦘒一石
𥒡	⿰石丞
𥒢	⿰石刕
𥒣	⿰石⿱又厷
𥒤	⿰石𭗼
𥒥	⿰石多
𥒦	⿰石地
𥒧	⿰石⿱又龰
𥒨	⿰石𠇍
𥒩	⿰石⿰丬⿰丨𡿨
𥒪	⿰石牢
𥒫	⿰石孚
𥒬	⿰石宋
𥒭	⿰石足
𥒮	⿰石尾
𥒯	⿰木𡊵
𥒰	⿰石甫
𥒱	⿰石形
𥒲	⿰石矣
𥒳	⿰宕亢
𥒴	⿰石𦬆
𥒵	⿰石邑
𥒶	⿰石系
𥒷	⿰石邦
𥒸	⿰石求
𥒹	⿰石庒
𥒺	⿰石志
𥒻	⿰石別
𥒼	⿰石步
𥒽	⿱𢀜石
𥒾	⿰石吾
𥒿	⿰⿱石止万
𥓀	⿰石𥃩
𥓁	⿰石囱
𥓂	⿰石含
𥓃	⿰石条
𥓄	⿰石里
𥓅	⿰石呂
𥓆	⿱⿰石又石
𥓇	⿱⿰夕止石
𥓈	⿰石⿱卉十
𥓉	⿰石成
𥓊	⿱析石
𥓋	⿰石兒
𥓌	⿰石羌
𥓍	⿱叔石
𥓎	⿰石戾
𥓏	⿰石隶
𥓐	⿰石疌
𥓑	⿰石剎
𥓒	⿰石臽
𥓓	⿰石𤰞
𥓔	⿰石委
𥓕	⿰石㸒
𥓖	⿰石杲
𥓗	⿰石亝
𥓘	⿰石易
𥓚	⿰石虎
𥓛	⿰石⿹⿽戈一幺
𥓜	⿱石來
𥓝	⿰石東
𥓞	⿰石函
𥓟	⿰石⿷匚吊
𥓠	⿰石⿱𠮛𠔿
𥓡	⿰石尚
𥓢	⿰石歨
𥓣	⿰石⿳日冖儿
𥓤	⿰石⿱山包
𥓥	⿰石昌
𥓦	⿰石⿱⿴臼丨㇉
𥓧	⿱牪石
𥓨	⿳石开手
𥓩	⿰石⿱土石
𥓪	⿰石坴
𥓫	⿰石到
𥓬	⿱到石
𥓭	⿰石阜
𥓮	⿰石匋
𥓯	⿰石㫄
𥓰	⿰石穹
𥓱	⿰石⿱巛正
𥓲	⿰石甾
𥓳	⿰石彼
𥓴	⿰石放
𥓵	⿰石底
𥓶	⿰石备
𥓷	⿰石庚
𥓸	⿰石衫
𥓹	⿰𥐧失
𥓺	⿱敄石
𥓻	⿰石㚇
𥓼	⿰石𭩢
𥓽	⿰石柴
𥓾	⿰石臿
𥓿	⿰石⿱左⺝
𥔀	⿰石訇
𥔁	⿰石畐
𥔂	⿰石恆
𥔃	⿰石威
𥔄	⿰石𱼭
𥔅	⿰石界
𥔆	⿰石⿴囗⿳人人人
𥔇	⿰石㚚
𥔈	⿰石厗
𥔉	⿰石⿳穴𠆢又
𥔊	⿱𥐦至
𥔋	⿰石昷
𥔌	⿰石匽
𥔍	⿰石秋
𥔏	⿱⿰龶田石
𥔐	⿰石盇
𥔑	⿰石叜
𥔒	⿰石冠
𥔓	⿰石胡
𥔔	⿰石屎
𥔕	⿰石⿱石灬
𥔖	⿰石要
𥔗	⿰石耑
𥔘	⿰石禺
𥔙	⿰石苑
𥔚	⿰石⿱𠆢車
𥔛	⿰石爰
𥔜	⿰石香
𥔝	⿰石⿱㇒東
𥔞	⿰石盆
𥔟	⿰石𣐩
𥔠	⿰石⿱𠂢口
𥔡	⿱石香
𥔢	⿰石臾
𥔣	⿰石姜
𥔤	⿰石𡱒
𥔥	⿰石⿱巛⿴囗夊
𥔦	⿰石盃
𥔧	⿰石重
𥔨	⿰砅石
𥔩	⿱砍石
𥔪	⿰石⿱厽川
𥔫	⿰石⿻未艹
𥔬	⿰石韋
𥔭	⿰石𧴪
𥔮	⿰石虔
𥔯	⿰石迴
𥔰	⿰石豹
𥔱	⿰石扇
𥔲	⿰石咢
𥔳	⿰⿱⿳士冖一石殳
𥔴	⿱𥑥石
𥔵	⿰石茲
𥔶	⿰石羗
𥔷	⿰石席
𥔸	⿰石恭
𥔹	⿰石夏
𥔺	⿰石⿳爫冖支
𥔻	⿱神石
𥔼	⿱𣪊石
𥔽	⿰石荅
𥔾	⿰石荒
𥔿	⿰石舀
𥕀	⿰石翁
𥕁	⿰石斊
𥕂	⿰石脊
𥕃	⿰石⿱厽灬
𥕄	⿰石埋
𥕅	⿰石𥥐
𥕆	⿰石秝
𥕇	⿰石⿷匚⿱山龱
𥕈	⿰石⿺辶⿸𠂆歹
𥕉	⿰石厝
𥕊	⿰石莽
𥕋	⿰石叟
𥕌	⿰石斬
𥕍	⿰石婁
𥕎	⿰石康
𥕏	⿰石國
𥕐	⿰石啇
𥕑	⿰石虘
𥕒	⿰石庴
𥕓	⿰石莫
𥕔	⿱砍言
𥕕	⿰石虖
𥕖	⿰石郭
𥕗	⿳⿱艹罒冖石
𥕘	⿰石巢
𥕙	⿱⿰⿻石丶生石
𥕚	⿰石㷀
𥕛	⿰石基
𥕜	⿰石莞
𥕝	⿲石米石
𥕞	⿰石章
𥕟	⿰石屚
𥕠	⿰石⿸厂⿻昌乚
𥕡	⿰石聊
𥕢	⿰石曹
𥕣	⿰石得
𥕤	⿰石盖
𥕥	⿰石區
𥕦	⿰石袞
𥕧	⿰石帶
𥕨	⿰石蛋
𥕩	⿰石⿳艹⿱乛丶𤴓
𥕪	⿰石⿳艹夫子
𥕫	⿰石⿸𠂆貞
𥕬	⿰石⿱爫𦈢
𥕭	⿱⿴𦥑爻石
𥕮	⿰石离
𥕯	⿰石宿
𥕰	⿰石虚
𥕱	⿰石彭
𥕲	⿰石厥
𥕳	⿱厥石
𥕴	⿰石尞
𥕵	⿰石敢
𥕶	⿰石斯
𥕷	⿰石𦓔
𥕸	⿰石最
𥕹	⿰石毳
𥕺	⿰石叅
𥕻	⿰石無
𥕼	⿰石酓
𥕽	⿱彭石
𥕾	⿰石𮮠
𥕿	⿰番石
𥖀	⿰石賁
𥖁	⿰石尊
𥖂	⿰石⿸？⿳乛一夊
𥖃	⿰石⿱兹女
𥖄	⿰石羡
𥖅	⿰石雲
𥖆	⿰石開
𥖇	⿰石尋
𥖈	⿰石⿳艹𦍌几
𥖉	⿰石景
𥖊	⿰石𠷰
𥖋	⿰石歮
𥖌	⿰石𡍮
𥖍	⿱溂石
𥖎	⿱棥石
𥖏	⿰石貫
𥖐	⿰石隊
𥖑	⿺尾破
𥖒	⿰石惸
𥖓	⿰破呂
𥖔	⿰石棧
𥖕	⿰呂破
𥖖	⿰破把
𥖗	⿱𰚃石
𥖘	⿰石戡
𥖙	⿰石戢
𥖚	⿰石窟
𥖛	⿰石著
𥖜	⿰石禁
𥖝	⿰石廉
𥖞	⿱貇石
𥖟	⿰石零
𥖠	⿰石蜀
𥖡	⿱鄉石
𥖢	⿰石葉
𥖣	⿰石萬
𥖤	⿰石過
𥖥	⿳⿲木夕木冖石
𥖦	⿰石愛
𥖨	⿰石喿
𥖩	⿰石會
𥖪	⿰石蒦
𥖫	⿱皷石
𥖬	⿰石凴
𥖭	⿰石齊
𥖮	⿰石翠
𥖯	⿳棥冖石
𥖰	⿰石蒿
𥖱	⿰石⿱山髙
𥖲	⿰石壽
𥖳	⿱毄石
𥖴	⿰石⿱𠈌缶
𥖵	⿰石㥯
𥖶	⿰石賔
𥖷	⿰石⿱⺈⿸厂⿱比吉
𥖸	⿱槐石
𥖹	⿱銅石
𥖺	⿰破美
𥖻	⿰石數
𥖼	⿰石慮
𥖽	⿰石寫
𥖾	⿰石適
𥖿	⿰石賣
𥗀	⿰石蓼
𥗁	⿰石箸
𥗂	⿰石摩
𥗃	⿰石⿸厂𠹈
𥗄	⿰石歐
𥗅	⿰石⿰𠦝豆
𥗆	⿰石魯
𥗇	⿰石輦
𥗈	⿰石䠂
𥗉	⿱砳砳
𥗊	⿰石齒
𥗋	⿰石暴
𥗌	⿰石劇
𥗍	⿰石黎
𥗎	⿰石稽
𥗏	⿰石瑩
𥗐	⿰石磊
𥗑	⿱⿱⿴𦥑同冖石
𥗒	⿰石親
𥗓	⿰石賴
𥗔	⿰石蕩
𥗕	⿰石燕
𥗖	⿰石篤
𥗗	⿰石䮍
𥗘	⿰石⿱森手
𥗙	⿰石學
𥗚	⿳殸必石
𥗛	⿱錢石
𥗜	⿰石戰
𥗝	⿰石襄
𥗞	⿰石營
𥗟	⿰石謈
𥗠	⿰石勵
𥗡	⿰石應
𥗢	⿰石⿱业羡
𥗣	⿱皼石
𥗤	⿱⿱𰀉冖磊
𥗥	⿰石篾
𥗦	⿰石鍾
𥗧	⿱⿳亠口冖磊
𥗨	⿰石⿱艹𱢒
𥗩	⿰石擊
𥗪	⿰石薑
𥗫	⿰石瞿
𥗬	⿰石壘
𥗭	⿰石雜
𥗮	⿰石闕
𥗯	⿰石甕
𥗰	⿰石⿱⿴𦥑𠕀辰
𥗱	⿱雜石
𥗲	⿰石礕
𥗳	⿰石額
𥗴	⿰石羅
𥗵	⿰石礜
𥗶	⿱⿰香鬼石
𥗷	⿰石㞡
𥗸	⿰石⿱⿴𦥑⿱㇒冈辰
𥗹	⿰石蘇
𥗺	⿰石蘭
𥗻	⿰石譽
𥗼	⿰石纍
𥗽	⿰石覽
𥗾	⿰石囊
𥗿	⿰石𡿏
𥘀	⿰石曩
𥘁	⿰石蘿
𥘂	⿰石變
𥘃	⿰石靈
𥘄	⿰石鬱
𥘅	⿸⿹丅丿㇄
𥘆	⿰礻乙
𥘇	⿰礻匕
𥘈	⿱匕示
𥘉	⿰礻刀
𥘊	⿰礻丩
𥘋	⿰礻力
𥘌	⿰礻几
𥘍	⿰礻⿺乚𡿨
𥘎	⿰礻彡
𥘏	⿰礻干
𥘐	⿱𰀄示
𥘑	⿰礻寸
𥘒	⿰礻弋
𥘓	⿰礻叉
𥘔	⿰礻才
𥘕	⿰礻亓
𥘖	⿱示𧘇
𥘗	⿰礻日
𥘘	⿰礻丹
𥘙	⿰礻火
𥘚	⿰礻心
𥘛	⿰礻王
𥘜	⿰礻及
𥘝	⿰礻冈
𥘞	⿰礻今
𥘟	⿰礻云
𥘠	⿰礻⿱卄一
𥘡	⿰礻互
𥘢	⿰礻𢆰
𥘣	⿱止示
𥘤	⿰礻少
𥘥	⿰礻升
𥘦	⿰礻攵
𥘧	⿰礻卆
𥘨	⿰礻勿
𥘩	⿰礻匀
𥘪	⿰礻午
𥘫	⿰礻可
𥘬	⿰礻弗
𥘭	⿰礻主
𥘮	⿰礻句
𥘯	⿰礻末
𥘰	⿰礻㠯
𥘱	⿰⿸⿹丅丿丨兄
𥘲	⿰⿸⿹丅丿丨且
𥘳	⿰礻瓦
𥘴	⿰礻平
𥘵	⿰礻旦
𥘶	⿺礼分
𥘷	⿺礼少
𥘸	⿰礻立
𥘹	⿰礻巨
𥘺	⿰礻正
𥘻	⿰礻丕
𥘼	⿰礻㐱
𥘽	⿰示半
𥘾	⿱𡗜示
𥘿	⿱𡗗示
𥙀	⿰礻左
𥙁	⿰礻㐌
𥙂	⿰礻丘
𥙃	⿰礻白
𥙄	⿰礻尒
𥙅	⿰礻市
𥙆	⿰礻玄
𥙇	⿰礻它
𥙈	⿰礻⿱巳又
𥙉	⿰礻台
𥙊	⿱癶示
𥙋	⿰礻出
𥙌	⿰示𠂔
𥙍	⿰⿸⿹丅丿丨申
𥙎	⿰礻𠂢
𥙏	⿰⿸⿹丅丿丨⿱山个
𥙐	⿰礻后
𥙑	⿰礻光
𥙒	⿺礼去
𥙓	⿺礼用
𥙔	⿰礻安
𥙕	⿰礻老
𥙖	⿰礻共
𥙗	⿰礻夻
𥙘	⿰礻西
𥙙	⿰礻吊
𥙚	⿰礻⿱𠂉斤
𥙛	⿰礻任
𥙜	⿰礻优
𥙝	⿰示先
𥙞	⿰礻圭
𥙟	⿰礻耳
𥙠	⿰礻⿱一丘
𥙡	⿰礻⿱𠂉丹
𥙢	⿰礻𠂤
𥙣	⿰礻旬
𥙤	⿰礻⿱丶⿷巳七
𥙥	⿰礻⿱？彑
𥙦	⿱如示
𥙧	⿺礼尔
𥙨	⿰礻朵
𥙩	⿺礼以
𥙪	⿺礼半
𥙫	⿰礻酉
𥙬	⿰礻肖
𥙭	⿰礻𡉣
𥙮	⿰礻豕
𥙯	⿰礻⿵乃古
𥙰	⿰礻⿹气土
𥙱	⿰礻𠯑
𥙲	⿰礻坔
𥙳	⿰⿸⿹丅丿丨甫
𥙴	⿰礻更
𥙵	⿰礻免
𥙶	⿰礻芉
𥙷	⿰礻甫
𥙸	⿰礻𠃬
𥙹	⿰礻求
𥙺	⿰礻步
𥙻	⿰礻⿱⿻冖人口
𥙼	⿰示赤
𥙽	⿰礻⿻𰀁从
𥙾	⿰礻秀
𥙿	⿰礻谷
𥚀	⿰礻孚
𥚁	⿰礻呄
𥚂	⿰礻夋
𥚃	⿰礻里
𥚄	⿺礼吏
𥚅	⿺礼耳
𥚆	⿰礻忍
𥚇	⿺礼舌
𥚈	⿰礻畀
𥚉	⿰礻甾
𥚊	⿰礻坴
𥚋	⿰祟兀
𥚌	⿰⿸⿹丅丿丨果
𥚍	⿰礻𡱈
𥚎	⿰礻宗
𥚏	⿰礻庚
𥚐	⿰礻𡊭
𥚑	⿰礻居
𥚒	⿰礻來
𥚓	⿰礻𡘆
𥚔	⿰礻叔
𥚕	⿰礻昌
𥚖	⿰礻采
𥚗	⿰礻侖
𥚘	⿱𪟄示
𥚙	⿰礻奔
𥚚	⿰礻虎
𥚛	⿰礻昆
𥚜	⿰礻⿱旦弓
𥚝	⿰礻𦙃
𥚞	⿰礻𦥔
𥚟	⿰礻⿵𰃦古
𥚠	⿰礻享
𥚡	⿱炏示
𥚢	⿱出宗
𥚣	⿰礻⿱乃𠮷
𥚤	⿺礼余
𥚥	⿺礼利
𥚦	⿰礻矦
𥚧	⿰礻壴
𥚨	⿰礻⿱左⺝
𥚩	⿰礻胥
𥚪	⿳厶⿲厶丨厶⿲丿示丨
𥚫	⿰礻弇
𥚬	⿰礻⿹勹𦈢
𥚭	⿰礻咨
𥚮	⿰礻甚
𥚯	⿺礼易
𥚰	⿰礻客
𥚱	⿰礻音
𥚲	⿰礻剌
𥚳	⿰礻⿱不冉
𥚴	⿰礻頁
𥚵	⿰礻眉
𥚶	⿰礻咠
𥚷	⿰礻胃
𥚸	⿰礻畏
𥚹	⿰礻扁
𥚺	⿰礻皆
𥚻	⿰礻耑
𥚼	⿰礻⿱𠔿玉
𥚽	⿰礻⿱㇒固
𥚾	⿰礻㚇
𥚿	⿰礻⿱龹女
𥛀	⿰礻⿳𫜹⿱冖八又
𥛁	⿰祟巴
𥛂	⿰礻⿱右⺝
𥛃	⿰礻𢑚
𥛄	⿰礻⿱直㇒
𥛅	⿰礻留
𥛆	⿰礻⿱帚又
𥛇	⿰礻𢏚
𥛈	⿰礻⿻己⿱工工
𥛉	⿺礼拜
𥛊	⿰礻扇
𥛋	⿰礻桑
𥛌	⿰礻貢
𥛍	⿰礻員
𥛎	⿰礻奚
𥛏	⿰礻⿱𠂉其
𥛐	⿰礻盍
𥛑	⿰礻⿸辰寸
𥛒	⿰礻𠳮
𥛓	⿰⿱上示⿱入示
𥛔	⿰礻骨
𥛕	⿰礻𰲚
𥛖	⿰示射
𥛗	⿰礻舀
𥛘	⿰礻畢
𥛙	⿰礻𬀷
𥛚	⿰礻啇
𥛛	⿱冖⿰垔示
𥛜	⿰礻虘
𥛝	⿰礻逢
𥛞	⿰礻鹿
𥛟	⿰礻覓
𥛠	⿰⿸⿹丅丿丨⿱旬旦
𥛡	⿰礻𡍏
𥛢	⿰礻崇
𥛣	⿰礻帶
𥛤	⿰𥘈⿱刀貝
𥛥	⿰礻專
𥛦	⿰礻票
𥛧	⿰礻累
𥛨	⿰礻徙
𥛩	⿰礻庾
𥛪	⿰礻𢉖
𥛫	⿰礻梁
𥛬	⿰⿱上示⿱又米
𥛭	⿺礼隻
𥛮	⿰礻番
𥛯	⿰礻矞
𥛰	⿰礻尞
𥛱	⿱彭示
𥛲	⿰礻焦
𥛳	⿰礻虚
𥛴	⿰⿸⿹丅丿丨異
𥛵	⿰礻華
𥛶	⿰礻善
𥛷	⿰礻粦
𥛸	⿰礻惠
𥛹	⿰礻犀
𥛺	⿰礻𠤤
𥛻	⿰礻彭
𥛼	⿰礻菖
𥛽	⿰礻畱
𥛾	⿰礻㫺
𥛿	⿰礻⿱㢴土
𥜀	⿺尾祖
𥜁	⿰礻联
𥜂	⿰𥘈夏
𥜃	⿰礻睪
𥜄	⿱⿲糹弓攵示
𥜅	⿰礻豦
𥜆	⿰票㐬
𥜇	⿰礻意
𥜈	⿰礻葉
𥜉	⿰礻羣
𥜊	⿰礻粵
𥜋	⿰礻僉
𥜌	⿰礻奧
𥜍	⿰礻萬
𥜎	⿰礻嗇
𥜏	⿰礻⿳日⿱冖夕灬
𥜐	⿰礻黽
𥜑	⿰礻⿱⿻土叹田
𥜒	⿰礻厭
𥜓	⿰礻監
𥜔	⿰礻翟
𥜕	⿰礻𣗥
𥜖	⿱⿰束矣示
𥜗	⿰礻需
𥜘	⿳⿱亠吅回示
𥜙	⿱漸示
𥜚	⿰礻憂
𥜛	⿰⿱米示頁
𥜜	⿰礻慮
𥜝	⿰礻頡
𥜞	⿰票𦥚
𥜟	⿰礻廣
𥜠	⿰礻盧
𥜡	⿰礻𨤰
𥜢	⿰礻⿸广⿱𢆶君
𥜣	⿰礻𦓃
𥜤	⿺礼賤
𥜥	⿰礻冀
𥜦	⿰礻壐
𥜧	⿰礻霝
𥜨	⿰礻𧯽
𥜩	⿰礻⿱昌𪠋
𥜪	⿰示豐
𥜫	⿰礻⿳⿵𠆢一𠱠囡
𥜬	⿰礻⿱爾王
𥜭	⿰礻⿳亯⿶凵吕丨
𥜮	⿰礻麏
𥜯	⿰礻⿱鹵㫗
𥜰	⿰礻麗
𥜱	⿰祟⿱真夊
𥜲	⿰礻繭
𥜳	⿰礻攀
𥜴	⿰礻騫
𥜵	⿰礻矍
𥜶	⿰礻夔
𥜷	⿰⿱厽⿲丿示丨⿱真夊
𥜸	⿰礻𪉷
𥜹	⿰⿱⿻己⿱工工示⿱真夊
𥜺	⿰𥚢⿱羽⿱𠆢隹
𥜻	⿱㇒禸
𥜼	⿱⿵𠆢丷禸
𥜽	⿳⺊冈禸
𥜾	⿳上凶禸
𥜿	⿱巛禺
𥝀	⿰禹也
𥝁	⿳巛龱禸
𥝂	⿰禺厄
𥝃	⿱弗禺
𥝄	⿳⿰⿰𠃊丨⿰丨𠃎龱禸
𥝅	⿳臼龱禸
𥝆	⿻禺臼
𥝇	⿱𦥑禺
𥝈	⿱⿴𦥑囟禸
𥝉	⿰禺禺
𥝊	⿱𦥯禹
𥝋	⿱⿻囟⿱𦥑𦥑禸
𥝌	
𥝍	⿱禾一
𥝎	⿰禾乙
𥝏	⿰禾乚
𥝐	⿰禾又
𥝑	⿰禾丂
𥝒	⿰禾卜
𥝓	⿰禾匕
𥝔	⿰禾孑
𥝕	⿰禾亡
𥝖	⿰禾乞
𥝗	⿰禾已
𥝘	⿱禾夕
𥝙	⿱禾弓
𥝚	⿱禾大
𥝛	⿰禾大
𥝜	⿰禾亏
𥝝	⿱禾干
𥝞	⿰禾彡
𥝟	⿰禾土
𥝠	⿰禾么
𥝡	⿰禾卂
𥝢	⿰禾⿹勹丿
𥝣	⿰禾不
𥝤	⿰禾勿
𥝥	⿰禾及
𥝦	⿰禾丑
𥝧	⿰禾巴
𥝨	⿰禾仒
𥝩	⿱爫禾
𥝪	⿰禾旡
𥝫	⿰禾牛
𥝬	⿰禾气
𥝭	⿰禾夬
𥝮	⿰禾𢆰
𥝯	⿱禾开
𥝰	⿰禾木
𥝲	⿰禾允
𥝳	⿰禾丹
𥝴	⿰禾冘
𥝵	⿰禾介
𥝶	⿰禾公
𥝷	⿰禾井
𥝸	⿱禾水
𥝹	⿰禾斤
𥝺	⿰禾仐
𥝻	⿰禾殳
𥝼	⿰禾弔
𥝽	⿰禾丐
𥝾	⿰禾厇
𥝿	⿰禾加
𥞀	⿰禾㐌
𥞁	⿰禾申
𥞂	⿰禾付
𥞃	⿰禾出
𥞄	⿰禾片
𥞅	⿰禾此
𥞆	⿱禾示
𥞇	⿰禾𡴴
𥞈	⿰禾甘
𥞉	⿰禾⿱乊丁
𥞊	⿰禾未
𥞋	⿰禾去
𥞌	⿱禾甘
𥞍	⿰禾可
𥞎	⿰禾布
𥞏	⿰禾兄
𥞐	⿰禾㠯
𥞑	⿰禾市
𥞒	⿰禾它
𥞓	⿰禾𡰥
𥞔	⿰禾民
𥞕	⿰禾𣎵
𥞖	⿰禾用
𥞗	⿰禾⿻大冂
𥞘	⿰禾存
𥞙	⿰禾㠩
𥞚	⿰禾如
𥞛	⿰禾朵
𥞜	⿰禾夅
𥞝	⿰禾兇
𥞞	⿰禾𣅀
𥞟	⿰禾𣲇
𥞠	⿰禾老
𥞡	⿰禾吊
𥞢	⿰禾舛
𥞣	⿱⿰工口禾
𥞤	⿱⿳士冖一禾
𥞥	⿱列禾
𥞦	⿰禾夹
𥞧	⿰禾行
𥞨	⿰禾亥
𥞪	⿰禾米
𥞫	⿱禾米
𥞬	⿰禾安
𥞭	⿰禾𡰱
𥞮	⿰禾刕
𥞯	⿰禾⿱丶平
𥞰	⿰禾聿
𥞱	⿱邛禾
𥞲	⿰禾别
𥞳	⿰禾孛
𥞵	⿰禾夾
𥞶	⿰禾否
𥞷	⿰禾⿱田儿
𥞸	⿰禾𠯑
𥞹	⿱𱥻禾
𥞺	⿰禾足
𥞻	⿰禾㡀
𥞼	⿰禾𡕙
𥞽	⿰禾辛
𥞾	⿰禾⿱𫜹水
𥞿	⿱利市
𥟀	⿰禾麦
𥟁	⿰禾酉
𥟂	⿰禾来
𥟃	⿸⿸⿰丿⿱⺊⺂七𠰓
𥟄	⿰禾⿱田乃
𥟅	⿻禾臼
𥟆	⿰禾⿳亠丷子
𥟇	⿰禾求
𥟈	⿰禾束
𥟉	⿰禾秃
𥟊	⿰禾吾
𥟋	⿰禾弃
𥟌	⿰禾芃
𥟍	⿰禾非
𥟎	⿰禾劵
𥟏	⿰禾奇
𥟐	⿰禾定
𥟑	⿰禾𤰞
𥟒	⿰禾叕
𥟓	⿰禾官
𥟔	⿰禾𣅳
𥟕	⿰禾芡
𥟖	⿱𥝢尒
𥟗	⿰禾畁
𥟘	⿰禾易
𥟙	⿰⿳日乛彡禾
𥟚	⿰禾𡊭
𥟛	⿰禾⿱凶友
𥟜	⿱𠛱禾
𥟝	⿰禾⿱爫亓
𥟞	⿰禾⿳爫乛丌
𥟟	⿰⿱旦彡禾
𥟠	⿰禾𣅜
𥟡	⿰禾宗
𥟢	⿰禾炎
𥟣	⿰禾妾
𥟤	⿰禾隶
𥟥	⿰禾戔
𥟦	⿱利𠇍
𥟧	⿰禾叔
𥟨	⿰禾⿳𠆢𰀁䒑
𥟩	⿰禾采
𥟪	⿰禾芼
𥟫	⿱卥禾
𥟬	⿰禾⿱𡭔用
𥟭	⿰禾具
𥟮	⿰禾𦙃
𥟯	⿰禾⿻⿱㇒乚𪢴
𥟰	⿰禾⿻壬从
𥟱	⿰禾秉
𥟲	⿱⿰彳术禾
𥟳	⿰禾⿳爫一寸
𥟴	⿰禾昏
𥟵	⿰禾⿱九𣅀
𥟶	⿰禾宛
𥟷	⿰禾⿱丑丑
𥟸	⿱𠜊禾
𥟹	⿰秃吏
𥟺	⿰禾⿱𠘧而
𥟻	⿰移刂
𥟼	⿰禾芣
𥟽	⿰禾屋
𥟾	⿰禾苦
𥟿	⿰多委
𥠀	⿰禾星
𥠁	⿰禾咼
𥠂	⿰禾㒸
𥠃	⿰禾幽
𥠄	⿰禾耑
𥠅	⿰禾奐
𥠆	⿰禾咸
𥠇	⿰禾⿱白⿸𠂇𰀪
𥠈	⿰禾即
𥠉	⿰禾則
𥠊	⿰禾柔
𥠋	⿰禾咠
𥠌	⿳𠆢覀⿹⺄禾
𥠍	⿰禾𤯚
𥠎	⿰禾⿷⿸⿻日丿乚厶
𥠏	⿰禾茂
𥠐	⿰禾⿱㇒单
𥠑	⿰禾客
𥠒	⿰禾帝
𥠓	⿰禾枼
𥠔	⿰禾春
𥠕	⿰禾俞
𥠖	⿱𥝢𠇍
𥠗	⿰禾⿱㇒東
𥠘	⿰禾泉
𥠙	⿰禾苴
𥠚	⿰禾英
𥠛	⿰禾⿱丙攵
𥠜	⿰禾昜
𥠝	⿰禾𪰖
𥠞	⿰禾⿱⿻千从凵
𥠟	⿰皇禾
𥠠	⿳八曲⿹⺄禾
𥠡	⿰禾怱
𥠢	⿰禾⿱夂⿵𠘨王
𥠣	⿰禾亭
𥠤	⿳亠⿴囗⿻𰀪⺀禾
𥠥	⿰禾施
𥠦	⿰禾美
𥠧	⿰禾𡱝
𥠨	⿰委多
𥠩	⿰禾𠫵
𥠪	⿱敄禾
𥠫	⿰禾⿱丮司
𥠬	⿰禾奏
𥠭	⿰重禾
𥠮	⿰禾南
𥠯	⿰禾苫
𥠰	⿰禾⿱田及
𥠱	⿰禾虒
𥠲	⿰禾栗
𥠳	⿰禾骨
𥠴	⿰禾鬯
𥠵	⿰禾尃
𥠶	⿰禾匪
𥠷	⿰禾留
𥠸	⿰禾𮎰
𥠹	⿰禾桀
𥠺	⿰禾昷
𥠻	⿰𥝌⿱尤旨
𥠼	⿱𡗗秝
𥠽	⿰禾致
𥠾	⿰禾冓
𥠿	⿰禾脩
𥡀	⿱弗秝
𥡁	⿱秘尒
𥡂	⿰禾鬼
𥡃	⿰禾荒
𥡄	⿰禾𬺞
𥡅	⿰禾皋
𥡆	⿰禾⿳白𠂇彡
𥡇	⿰禾扇
𥡈	⿰禾追
𥡉	⿰委兑
𥡊	⿰禾⿱白厺
𥡋	⿰禾⿱自厷
𥡌	⿰禾⿱⺈⿻𠯭乚
𥡍	⿰禾𦮋
𥡎	⿰禾⿻丷𠕒
𥡏	⿰禾⿱田目
𥡐	⿰禾⿱自方
𥡑	⿰禾⿳夂凩一
𥡒	⿰禾斊
𥡓	⿰𥞫勿
𥡔	⿰禾⿱必它
𥡕	⿰禾閃
𥡖	⿰禾⿸尸⿱氺十
𥡗	⿰禾馬
𥡘	⿰禾𤰇
𥡙	⿰奚禾
𥡚	⿰𥞫勾
𥡛	⿱𣪊禾
𥡜	⿰禾累
𥡝	⿰秉秉
𥡞	⿱⿰𥝌尤旨
𥡟	⿰禾舂
𥡠	⿰禾爽
𥡡	⿱莫禾
𥡢	⿰禾率
𥡣	⿰禾堇
𥡤	⿱𥟁灬
𥡥	⿰禾悤
𥡦	⿰禾啇
𥡧	⿰禾虘
𥡨	⿰禾旉
𥡩	⿰禾埶
𥡪	⿰禾翌
𥡫	⿰禾窒
𥡬	⿰禾從
𥡭	⿰垂委
𥡮	⿰𥞤加
𥡯	⿰責禾
𥡰	⿰⿱龴𡇒禾
𥡱	⿰禾⿱酉灬
𥡲	⿰禾庸
𥡳	⿱⿰禾⿱尤上日
𥡴	⿰禾⿱尤㫖
𥡵	⿰禾專
𥡶	⿰禾崇
𥡷	⿰禾𭜳
𥡸	⿰禾莫
𥡹	⿰禾㒼
𥡺	⿰禾⿳𠂉𠔿冋
𥡻	⿰㣎禾
𥡼	⿰禾𱻱
𥡽	⿰禾⿳⺈⿺𠃊目夊
𥡾	⿰禾⿱⿱⺈⿵冂人𠂡
𥡿	⿰禾斛
𥢀	⿰𥞫句
𥢁	⿰秀㒸
𥢂	⿰禾麻
𥢃	⿰禾⿳宀乛𰤲
𥢄	⿰禾⿳⿱㇒㘝八夊
𥢅	⿱私貞
𥢆	⿰私貞
𥢇	⿰禾𫇿
𥢈	⿰禾⿳丆且戈
𥢉	⿰⿱⿱士冖禾束
𥢊	⿰禾賁
𥢋	⿰禾畱
𥢌	⿰禾番
𥢍	⿰禾辜
𥢎	⿰禾尊
𥢏	⿰禾覃
𥢐	⿰禾臯
𥢑	⿱𮂱咎
𥢒	⿰禾勞
𥢓	⿰禾⿱夂風
𥢔	⿰禾⿱尤卓
𥢕	⿰禾粟
𥢖	⿰⿱禾困禾
𥢗	⿰禾喜
𥢘	⿰禾⿸尸⿱氺云
𥢙	⿰⿱士禾頁
𥢚	⿰禾雲
𥢛	⿰禾尋
𥢜	⿰禾等
𥢝	⿰䅇𠂢
𥢞	⿳苜大禾
𥢟	⿰禾⿱古芊
𥢠	⿰禾𦓔
𥢡	⿰禾⿻夫㸚
𥢢	⿰禾貴
𥢣	⿰禾⿳白𡭕彡
𥢤	⿰禾𡍮
𥢥	⿰禾曾
𥢦	⿰禾⿳夂田灬
𥢧	⿰禾戠
𥢨	⿰禾孱
𥢩	⿰禾𮊿
𥢪	⿰禾絜
𥢫	⿰禾割
𥢬	⿰禾爲
𥢭	⿰禾敝
𥢮	⿳士双秝
𥢯	⿱禾然
𥢰	⿰禾⿻壬𠈌
𥢱	⿰禾盛
𥢲	⿱秝成
𥢳	⿰禾渚
𥢴	⿰禾零
𥢵	⿱吂⿲月禾凡
𥢶	⿰禾會
𥢷	⿰禾當
𥢸	⿰禾葛
𥢹	⿰禾敫
𥢺	⿱秝㐭
𥢻	⿰禾禁
𥢼	⿰禾𧵩
𥢽	⿰禾粲
𥢾	⿰禾𤋱
𥢿	⿰⿱禾𠮛亭
𥣀	⿰禾⿱少⿳日𣥂𰀪
𥣁	⿰禾愛
𥣂	⿰僉禾
𥣃	⿰⿳𠆢覀册禾
𥣄	⿰禾粵
𥣅	⿰禾鼠
𥣆	⿰禾⿱㚘禾
𥣇	⿰禾⿱畐火
𥣈	⿰禾業
𥣉	⿰香⿱生内
𥣊	⿰禾⿺廴⿱田西
𥣋	⿰禾蜀
𥣌	⿰禾⿱山𰢱
𥣍	⿰禾𫖻
𥣎	⿰禾豋
𥣏	⿰禾𭵝
𥣐	⿰禾暈
𥣑	⿰禾董
𥣒	⿰禾愈
𥣓	⿰禾慈
𥣔	⿰禾遅
𥣕	⿰禾兾
𥣖	⿰禾疑
𥣗	⿰禾寧
𥣘	⿰禾厭
𥣙	⿰禾聚
𥣚	⿱𮅕禾
𥣛	⿰禾蒙
𥣜	⿰禾僕
𥣝	⿰禾⿱扁禾
𥣞	⿰禾翟
𥣟	⿰禾⿱臽⿹⿺㇉一灬
𥣠	⿳⿵𠆢一⿻十⿰夕龴秝
𥣡	⿰禾⿸尸⿱氺舛
𥣢	⿰禾⿱士異
𥣣	⿰⿳禾氺日犮
𥣤	⿱秝泉
𥣥	⿱𥝢桼
𥣦	⿰禾遟
𥣧	⿰秀貴
𥣨	⿰⿱禾？⿻⿹弓又⿺乚丨
𥣩	⿰禾𢧵
𥣪	⿰禾賛
𥣫	⿰禾蔑
𥣬	⿰禾畾
𥣭	⿰禾厲
𥣮	⿰禾節
𥣯	⿰禾憂
𥣰	⿰禾臱
𥣱	⿰禾𠾂
𥣲	⿲禾畕禾
𥣳	⿰禾審
𥣴	⿰禾慧
𥣵	⿰禾黎
𥣶	⿰禾𮚋
𥣷	⿰⿳日果土禾
𥣸	⿰秝𡘰
𥣹	⿰禾𤎉
𥣺	⿰禾⿱𠔥土
𥣻	⿱𤇾秝
𥣼	⿰禾⿱出鬼
𥣽	⿲禾隹串
𥣾	⿰禾⿻⿻千丷⿳⿰十十一⿰夕又
𥣿	⿰⿱禾𰀁粦
𥤀	⿰禾歷
𥤁	⿰禾𦎧
𥤂	⿰禾褭
𥤃	⿰秀需
𥤄	⿰禾⿳米𠀎𡗗
𥤅	⿰禾⿱米⿻⿱⿱一龷𠬞丨
𥤆	⿰禾薦
𥤇	⿰禾篸
𥤈	⿰禾⿱釆⿻⿱龷⿰夕又丨
𥤉	⿰禾龠
𥤊	⿰禾雚
𥤋	⿱聶禾
𥤌	⿰禾翼
𥤍	⿰禾邉
𥤎	⿰禾爂
𥤏	⿰禾⿳木罒𡬠
𥤐	⿰禾壘
𥤑	⿰禾𨤝
𥤒	⿰秃䝿
𥤓	⿰禾邊
𥤔	⿰⿱刹禾𠁃
𥤕	⿰⿱禾禾𬃷
𥤖	⿰籥禾
𥤗	⿰禾黨
𥤘	⿰禾矍
𥤙	⿰禾⿱雚又
𥤚	⿰禾𪚰
𥤛	⿰禾⿱⿷？目灬
𥤜	⿰禾蘦
𥤝	⿰禾覽
𥤞	⿰禾靈
𥤟	⿰禾鹽
𥤠	⿰⿳禾？灬⿱艹黽
𥤡	⿱驫禾
𥤢	⿱㇒𦉪
𥤣	⿱穴了
𥤤	⿱穴几
𥤥	⿱穴七
𥤦	⿱穴又
𥤧	⿱⿱宀儿土
𥤨	⿱穴女
𥤩	⿱穴亡
𥤪	⿱穴子
𥤫	⿱穴𰀄
𥤬	⿵𠕉廾
𥤭	⿱穴⿻⿱㇒一乚
𥤮	⿱穴大
𥤯	⿱穴久
𥤰	⿱⿱宀儿廾
𥤱	⿱穴干
𥤲	⿱穴下
𥤳	⿱穴乆
𥤴	⿱穴开
𥤵	⿱穴丏
𥤶	⿱穴气
𥤷	⿱穴冘
𥤸	⿱穴元
𥤹	⿱穴爻
𥤺	⿱穴手
𥤻	⿱穴比
𥤼	⿱穴水
𥤽	⿱穴勿
𥤾	⿱孔穴
𥤿	⿱究十
𥥀	⿱穴六
𥥁	⿱⿱宀儿心
𥥂	⿱⿱宀儿夫
𥥃	⿱⿱宀儿月
𥥄	⿱穴分
𥥅	⿱穴孔
𥥆	⿱穴幻
𥥇	⿱穴术
𥥈	⿱穴弘
𥥉	⿱穴由
𥥊	⿱穴皿
𥥋	⿱穴令
𥥌	⿱穴失
𥥍	⿱穴𡗜
𥥎	⿱穴𠮧
𥥏	⿱穴⿻⿱凵冂丨
𥥐	⿱穴且
𥥑	⿱穴本
𥥒	⿱穴𬺻
𥥓	⿱穴示
𥥔	⿱穴石
𥥕	⿱穴尼
𥥖	⿱⿱宀儿古
𥥗	⿱穴电
𥥘	⿱⿱宀儿未
𥥙	⿱⿱宀儿功
𥥚	⿱⿱宀儿𠕁
𥥛	⿱穴犮
𥥜	⿱穴叐
𥥝	⿱穴用
𥥞	⿳穴𫝀又
𥥟	⿱穴瓦
𥥠	⿱穴危
𥥡	⿱穴共
𥥢	⿱穴？
𥥣	⿱穴亘
𥥤	⿱穴舛
𥥥	⿱穴吏
𥥦	⿱穴𤆆
𥥧	⿱穴老
𥥨	⿱穴𢑑
𥥩	⿱穴向
𥥪	⿱⿱宀儿米
𥥫	⿱⿱宀儿⿱五十
𥥬	⿱⿱宀儿𢖫
𥥭	⿱穴𠮷
𥥮	⿱⿱宀儿糸
𥥯	⿱穴耳
𥥰	⿱穴戍
𥥱	⿱穴死
𥥲	⿱穴⿱㇒⿻一止
𥥳	⿱穴舟
𥥴	⿱穴衣
𥥵	⿱穴羊
𥥶	⿱穴廷
𥥷	⿱穴豆
𥥸	⿱穴余
𥥹	⿱穴丣
𥥺	⿱穴戼
𥥻	⿱穴巠
𥥼	⿱穴⿻⿻𦉫𠄠丨
𥥽	⿱穴求
𥥾	⿱穴肙
𥥿	⿱穴𬉹
𥦀	⿱穴見
𥦁	⿱穴甬
𥦂	⿱穴别
𥦃	⿱穴杘
𥦄	⿱穴改
𥦅	⿱穴𨙺
𥦆	⿱穴投
𥦇	⿱穴⿱⺈旧
𥦈	⿱穴束
𥦉	⿱穴利
𥦊	⿱穴坐
𥦋	⿱穴㤋
𥦌	⿱穴弄
𥦍	⿱穴㫒
𥦎	⿱穴貝
𥦏	⿱穴旲
𥦐	⿱穴？
𥦑	⿱穴⿻𰀁从
𥦒	⿱穴皀
𥦓	⿱⿱宀儿釆
𥦔	⿱穴坎
𥦕	⿱穴⿱田八
𥦖	⿱穴呌
𥦗	⿱穴𢗀
𥦘	⿱穴孚
𥦙	⿱穴免
𥦚	⿱北究
𥦛	⿱穴卦
𥦜	⿱穴朋
𥦝	⿱穴林
𥦞	⿱穴臤
𥦟	⿱穴典
𥦠	⿱穴注
𥦡	⿱穴取
𥦢	⿱穴邪
𥦣	⿱穴⿻臼乚
𥦤	⿱穴抺
𥦥	⿱穴𠈣
𥦦	⿳穴日𠬞
𥦧	⿱穴𦨉
𥦨	⿱穴金
𥦩	⿱穴奄
𥦪	⿱穴？
𥦫	⿱穴呱
𥦬	⿳⿱宀儿八⿴囗夊
𥦭	⿱⿱宀儿幸
𥦮	⿳⿱宀儿口冋
𥦯	⿱⿱宀儿非
𥦰	⿳⿱宀儿夕正
𥦱	⿱⿱宀儿兔
𥦲	⿱穴⿺元攵
𥦳	⿱穴亞
𥦴	⿱穴⿱⿺丄⺝八
𥦵	⿱穴⿰月攵
𥦶	⿰臽穴
𥦷	⿱穴泓
𥦸	⿱穴复
𥦹	⿳穴夂⿰⺝刂
𥦺	⿱⿱宀儿奐
𥦻	⿳穴𠔿凧
𥦼	⿱穴䂞
𥦽	⿱穴是
𥦾	⿳穴毌心
𥦿	⿱穴⿰忄𠮷
𥧀	⿱穴⿻丨⿵冂⿰𰀁𰀁
𥧁	⿱穴总
𥧂	⿱穴⿰贡刂
𥧃	⿱穴⿰爿丙
𥧅	⿱⿱宀儿𧴦
𥧆	⿱穴禺
𥧇	⿱穴科
𥧈	⿱穴⿹？𬼀
𥧉	⿱穴怨
𥧊	⿱穴屋
𥧋	⿱穴屏
𥧌	⿱穴𱭏
𥧍	⿱穴⿰爿旦
𥧎	⿱⿱宀儿香
𥧏	⿱⿱宀儿者
𥧐	⿳北穴兄
𥧑	⿱穴眞
𥧒	⿱穴冓
𥧓	⿱穴馬
𥧕	⿱穴流
𥧖	⿱究取
𥧗	⿱穴⿹勹幸
𥧘	⿳穴靣丄
𥧙	⿱穴𬂧
𥧚	⿳穴女坐
𥧛	⿱穴𭜨
𥧜	⿱穴夏
𥧝	⿱穴悟
𥧞	⿱穴⿰𣏔又
𥧟	⿱穴恚
𥧠	⿳穴𡖅由
𥧡	⿱穴貢
𥧢	⿱穴毦
𥧣	⿱穴茶
𥧤	⿳穴日尖
𥧥	⿱穴留
𥧦	⿱穴悎
𥧧	⿱穴𥁑
𥧨	⿱穴屓
𥧩	⿱⿱宀儿納
𥧪	⿰弄空
𥧫	⿱穴郎
𥧬	⿱穴堅
𥧭	⿱穴曼
𥧮	⿱穴啇
𥧯	⿱穴翏
𥧰	⿱穴瓠
𥧱	⿱穴庸
𥧲	⿱穴㴆
𥧳	⿳穴⿱卝干灬
𥧴	⿱穴𱞩
𥧵	⿱穴惈
𥧶	⿱穴惜
𥧷	⿱穴⿰牜呆
𥧸	⿱穴焐
𥧹	⿱穴舀
𥧺	⿱穴⿰耳台
𥧻	⿱穴𠁅
𥧼	⿱穴㥥
𥧽	⿱穴⿰彳𱣀
𥧾	⿱穴𣢾
𥧿	⿱⿱宀儿授
𥨀	⿱⿱宀儿強
𥨁	⿱⿱宀儿陸
𥨂	⿱⿱宀儿𨈡
𥨃	⿱⿱宀儿⿰身殳
𥨄	⿱穴⿰⿱工⺝攵
𥨅	⿱穴赦
𥨆	⿱穴敖
𥨇	⿱穴敗
𥨈	⿳穴口𦥔
𥨉	⿱穴𪺞
𥨊	⿱穴𭷆
𥨋	⿰穿弄
𥨌	⿱穴畱
𥨍	⿱穴復
𥨎	⿱穴覃
𥨏	⿳北穴夋
𥨐	⿱穴𠞖
𥨑	⿳穴彼木
𥨒	⿱穴𠭥
𥨓	⿱穴鈘
𥨔	⿱穴䎜
𥨕	⿱穴惺
𥨖	⿱穴䂓
𥨗	⿱穴⿳臼一井
𥨘	⿱穴𬌡
𥨙	⿱穴渦
𥨚	⿱⿱宀儿⿰身卯
𥨛	⿱穴揚
𥨜	⿰弆突
𥨝	⿱穴⿰彳叜
𥨞	⿱穴𮊿
𥨟	⿱穴絶
𥨠	⿱穴⿳土罒皿
𥨡	⿱穴⿰彳⿱穴㐱
𥨢	⿱穴⿰崇又
𥨣	⿱⿱宀儿雋
𥨤	⿱穴𤊽
𥨥	⿱穴⿱臼⿵𠘨⿲⿱丶丶丨⿱丶丶
𥨦	⿱穴⿰犭隻
𥨧	⿱⿱宀儿数
𥨨	⿰⿱穴工貢
𥨩	⿱穴奥
𥨪	⿱穴𲄡
𥨫	⿱穴𪓑
𥨬	⿱窅⿰耳⿹⺄二
𥨭	⿱𥥵𢗰
𥨮	⿱穴⿰⿱耂上⿱耂上
𥨯	⿱⿱宀儿疑
𥨰	⿱穴憕
𥨱	⿱穴耦
𥨲	⿱穴⿰爿⿱罒⿹勹女
𥨳	⿱穴⿰耳革
𥨴	⿱穴⿰幸𤆍
𥨵	⿱穴⿰身咼
𥨶	⿱究敫
𥨷	⿱穴⿰爿⿳⺊𠔿冋
𥨸	⿱⿱宀儿⿰耒咼
𥨹	⿱穴黎
𥨺	⿳穴出敉
𥨻	⿱穴歷
𥨼	⿳穴𥫗⿰幸几
𥨽	⿱穴⿰禾⿱貝灬
𥨾	⿱穴親
𥨿	⿱穴激
𥩀	⿱穴橐
𥩁	⿱穴𥱩
𥩂	⿳穴覀敉
𥩃	⿱⿱宀儿操
𥩄	⿱穴⿰圭射
𥩅	⿱穴𥰬
𥩆	⿱穴興
𥩇	⿱⿱宀儿憾
𥩈	⿱⿱宀儿⿰釆咼
𥩉	⿰穿雷
𥩊	⿱穴𦓈
𥩋	⿱穴鼀
𥩌	⿱空⿰空空
𥩍	⿰穿魯
𥩎	⿱穴⿰魚⿻单㇒
𥩏	⿱⿱宀儿𪂣
𥩐	⿱穴𧸇
𥩑	⿱穴⿰魚单
𥩒	⿱穴⿰爿⿳⿻𠮛⿰丨丨冖炎
𥩓	⿱穴⿱龷⿰米⿳⺊𠔿冋
𥩔	⿱穴靈
𥩕	⿱立几
𥩖	⿰立卜
𥩗	⿱立兀
𥩘	⿰立勺
𥩙	⿰立巴
𥩚	⿰立𤣥
𥩛	⿰立文
𥩜	⿰立片
𥩝	⿱立手
𥩞	⿰立勾
𥩟	⿰立㝉
𥩠	⿱正立
𥩡	⿰立戉
𥩢	⿰立且
𥩣	⿰立主
𥩤	⿰立可
𥩥	⿰立尼
𥩦	⿰立代
𥩧	⿸产予
𥩨	⿰立玉
𥩩	⿰立甘
𥩪	⿰立古
𥩫	⿱立甲
𥩬	⿱立⿰日亅
𥩭	⿱立⿹𠀁口
𥩮	⿱立句
𥩯	⿰立孕
𥩰	⿰立巨
𥩱	⿰立伐
𥩲	⿰立亥
𥩳	⿰立寺
𥩴	⿱在立
𥩵	⿰立并
𥩶	⿱立吕
𥩷	⿰立⿱𠂉⿻𱍸㇒
𥩸	⿱立⿰土寸
𥩹	⿰立血
𥩺	⿰立夹
𥩻	⿰立合
𥩼	⿰立兆
𥩽	⿰立守
𥩾	⿰立孛
𥩿	⿱⿰亡月立
𥪀	⿰立甫
𥪁	⿰立甹
𥪂	⿰立夾
𥪃	⿰立⿹勹出
𥪄	⿰立⿱⿱山㇒巾
𥪅	⿰立吹
𥪆	⿰立求
𥪇	⿰咅勻
𥪈	⿰⿳亠丷𬺻勺
𥪉	⿰立谷
𥪊	⿰立屈
𥪋	⿰立录
𥪌	⿰立忝
𥪍	⿰立委
𥪎	⿰立𤰞
𥪏	⿰立取
𥪐	⿱立⿰⿰冫丿⿺乚仌
𥪑	⿱立⿰⿰冫丿⿺乚牛
𥪒	⿰立⿸尸𠕁
𥪓	⿰立其
𥪔	⿰立易
𥪕	⿰立秉
𥪖	⿱立⿻臼乚
𥪗	⿰立宗
𥪘	⿰立甚
𥪙	⿰立頁
𥪚	⿰立复
𥪛	⿱政立
𥪜	⿰立亭
𥪝	⿺竜中
𥪞	⿺竜内
𥪟	⿰立帝
𥪠	⿱立軍
𥪡	⿱⿰臣⿱𠂉一立
𥪢	⿱童八
𥪣	⿰立⿱厶麦
𥪤	⿰立者
𥪥	⿰立芻
𥪦	⿰立奚
𥪧	⿰立真
𥪨	⿱𣂜立
𥪩	⿰立員
𥪪	⿰立豈
𥪫	⿰立茤
𥪬	⿰立⿳彑𰀪氺
𥪭	⿱斬立
𥪮	⿰立章
𥪯	⿰立堯
𥪰	⿳竝日儿
𥪱	⿱旋立
𥪲	⿰立絜
𥪳	⿰立最
𥪴	⿰章夅
𥪵	⿰臿妾
𥪶	⿰立㫺
𥪷	⿱粥立
𥪸	⿰立等
𥪹	⿰立隋
𥪺	⿰立⿳卝土我
𥪻	⿱⿰耳𡯎立
𥪼	⿰竒竒
𥪽	⿳⿱立廿一里
𥪾	⿰咅員
𥪿	⿱立董
𥫀	⿰立⿳一吅⿵冂⿱丷丅
𥫁	⿰立會
𥫂	⿰旬童
𥫃	⿰立義
𥫄	⿰𦚏⿱己衣
𥫅	⿰糹⿱昌立
𥫆	⿳立𭁨共
𥫇	⿰立⿱⿰夕正⿵冂⿱丷丅
𥫈	⿳立昍⿱一共
𥫉	⿰立𦎧
𥫊	⿰章昷
𥫋	⿱𰄔竝
𥫌	⿰立磊
𥫍	⿳立黃土
𥫎	⿰童貟
𥫏	⿺竟夏
𥫐	⿱⿻䇂昍⿵冂夻
𥫑	⿰章⿱囪心
𥫒	⿰章𢜊
𥫓	⿰章⿳双双双
𥫔	⿰章⿱夅貝
𥫕	⿰章⿱吅叕
𥫖	⿰章⿱吅㸚
𥫗	
𥫘	⿱𥫗亅
𥫙	⿱𥫗丁
𥫚	⿱𥫗冂
𥫛	⿱𥫗厶
𥫜	⿱𥫗乂
𥫝	⿱𥫗弋
𥫞	⿱𥫗子
𥫟	⿱𥫗己
𥫠	⿱𥫗廾
𥫡	⿱𥫗亏
𥫢	⿱𥫗叉
𥫥	⿱𥫗⿻二乚
𥫦	⿱𥫗土
𥫧	⿱⿱𠂉丨⿰⿱𠂉𠄌⿱𠂉亅
𥫨	⿱𥫗川
𥫩	⿱𥫗勺
𥫪	⿱𥫗𰀠
𥫫	⿱𥫗下
𥫬	⿱𥫗⿻⿱㇒一乚
𥫭	⿱𥫗女
𥫮	⿱亇⿰亇亇
𥫯	⿱𥫗中
𥫰	⿱𥫗六
𥫲	⿱𥫗⿰𠂇十
𥫳	⿱𥫗方
𥫴	⿱𥫗市
𥫵	⿱𥫗太
𥫶	⿱𥫗亓
𥫷	⿱𥫗勼
𥫸	⿱𥫗水
𥫹	⿱𥫗冘
𥫺	⿱𥫗冗
𥫻	⿱𥫗㸦
𥫼	⿱𥫗丹
𥫽	⿱𥫗氏
𥫾	⿱𥫗文
𥫿	⿱𥫗戶
𥬀	⿱𥫗云
𥬁	⿱𥫗⿻⺕亅
𥬂	⿳𥫗一川
𥬃	⿱𥫗少
𥬄	⿱𥫗手
𥬅	⿱𥫗月
𥬆	⿱𥫗井
𥬇	⿱𥫗犬
𥬈	⿱𥫗从
𥬉	⿱𥫗勾
𥬊	⿱𥫗斤
𥬋	⿱𥫗兮
𥬌	⿱𥫗它
𥬍	⿱𥫗仙
𥬎	⿱𥫗末
𥬏	⿱𥫗乎
𥬐	⿱𥫗申
𥬑	⿱𥫗⿰工几
𥬒	⿱𥫗犮
𥬓	⿱𥫗幼
𥬔	⿱𥫗去
𥬕	⿱𥫗冉
𥬖	⿱𥫗㞋
𥬗	⿱𥫗旡
𥬘	⿱𥫗𠂕
𥬙	⿱𥫗巨
𥬚	⿱𥫗⿱𠂉上
𥬛	⿱𥫗𠂛
𥬜	⿱𥫗匂
𥬝	⿱𥫗白
𥬞	⿱𥫗尔
𥬟	⿱𥫗𡗗
𥬠	⿱𥫗刍
𥬡	⿱𥫗右
𥬢	⿱𥫗左
𥬣	⿱𥫗㓛
𥬤	⿱𥫗巧
𥬥	⿱𥫗目
𥬦	⿱𥫗母
𥬧	⿱𥫗𠆳
𥬨	⿱𥫗丘
𥬩	⿱𥫗尼
𥬪	⿱𥫗戎
𥬫	⿱𥫗舛
𥬬	⿱𥫗帇
𥬭	⿱𥫗列
𥬮	⿱𥫗江
𥬯	⿱𥫗考
𥬰	⿱𥫗⿻𦉫𠄠
𥬱	⿱𥫗充
𥬲	⿱𥫗朵
𥬳	⿱𥫗此
𥬴	⿱𥫗羊
𥬵	⿱𥫗而
𥬶	⿱𥫗玑
𥬷	⿱𥫗𠧗
𥬸	⿱𥫗朶
𥬹	⿱𥫗共
𥬺	⿱𥫗⿱⿻𠀃丨八
𥬻	⿱𥫗⿰土⿺乚⿻一㇄
𥬼	⿱𥫗刎
𥬽	⿱𥫗？
𥬾	⿱𥫗肌
𥬿	⿱𥫗⿹勹上
𥭀	⿱𥫗圴
𥭁	⿱𥫗米
𥭂	⿱𥫗忛
𥭃	⿱𥫗圳
𥭄	⿱𥫗𣂒
𥭅	⿱𥫗𠮷
𥭆	⿱𥫗⿻甲一
𥭇	⿱𥫗⿰千彡
𥭈	⿱𥫗向
𥭉	⿱𥫗会
𥭊	⿱𥫗肉
𥭋	⿱𥫗多
𥭌	⿱𥫗宅
𥭍	⿱𥫗尖
𥭎	⿱𥫗汒
𥭏	⿱𥫗牟
𥭐	⿱𥫗寽
𥭑	⿱𥫗求
𥭒	⿱𥫗囤
𥭓	⿱𥫗灼
𥭔	⿱𥫗㓠
𥭕	⿱𥫗邪
𥭖	⿱𥫗肑
𥭗	⿱𥫗夆
𥭘	⿱𥫗希
𥭙	⿱𥫗𦔮
𥭚	⿱𥫗吂
𥭛	⿱𥫗酉
𥭜	⿱𥫗忌
𥭝	⿱𥫗妙
𥭞	⿱𥫗肙
𥭟	⿱𥫗夋
𥭠	⿱𥫗吾
𥭡	⿱𥫗志
𥭢	⿱𥫗甹
𥭣	⿱𥫗⿺𠃊⿱日八
𥭤	⿱𥫗⿻口龶
𥭥	⿱𥫗䖝
𥭦	⿱𥫗㹞
𥭧	⿱𥫗圼
𥭨	⿱𥫗皃
𥭩	⿱𥫗⿱⺊冋
𥭪	⿱𥫗佊
𥭫	⿱𥫗⿰卩尔
𥭬	⿱𥫗𦘴
𥭭	⿱𥫗坐
𥭮	⿱𥫗囧
𥭯	⿱𥫗⿱⿻龶㇒匕
𥭰	⿳𥫗凡木
𥭱	⿱𥫗⿺𠃊㠯
𥭲	⿱𥫗牢
𥭳	⿱𥫗狄
𥭴	⿱𥫗辛
𥭵	⿱𥫗那
𥭶	⿱𥫗芒
𥭷	⿳𥫗日亾
𥭸	⿱𥫗⿲亻丨支
𥭹	⿳𥫗㓁夕
𥭺	⿱𥫗声
𥭻	⿱𥫗⿱耂口
𥭼	⿳𥫗𫜹水
𥭽	⿱𥫗足
𥭾	⿱𥫗串
𥭿	⿱𥫗⿰⿴𠀃丨弋
𥮀	⿱𥫗旳
𥮁	⿱𥫗扱
𥮂	⿱𥫗⿻𠂉右
𥮃	⿱𥫗𠇽
𥮄	⿱𥫗⿰月已
𥮅	⿱𥫗㺯
𥮆	⿱𥫗何
𥮇	⿱𥫗邦
𥮈	⿱𥫗奔
𥮉	⿱𥫗甫
𥮊	⿱𥫗杜
𥮋	⿱𥫗体
𥮌	⿱龷竿
𥮍	⿱𥫗㸒
𥮎	⿱𥫗𬌪
𥮏	⿱𥫗典
𥮐	⿱𥫗周
𥮑	⿱𥫗咎
𥮒	⿱𥫗沾
𥮓	⿱𥫗㳎
𥮔	⿱𥫗叀
𥮕	⿱𥫗杭
𥮖	⿱𥫗直
𥮗	⿱𥫗匊
𥮘	⿱𥫗念
𥮙	⿱𥫗𦨉
𥮚	⿱𥫗⿰⿻册一刂
𥮛	⿱𥫗臽
𥮜	⿱𥫗弥
𥮝	⿱𥫗屈
𥮞	⿱𥫗⿺𠃊㫒
𥮟	⿱𥫗⿸⿾𠃍⿱屮王
𥮠	⿱𥫗拈
𥮡	⿱𥫗命
𥮢	⿱𥫗⿱丑丑
𥮣	⿱𥫗𦊋
𥮤	⿱𥫗隶
𥮥	⿱𥫗析
𥮦	⿱𥫗㘠
𥮧	⿱𥫗𣏋
𥮨	⿱𥫗忩
𥮩	⿱𥫗兩
𥮪	⿱𥫗𦙃
𥮫	⿱𥫗𭁨
𥮬	⿱𥫗易
𥮭	⿱𥫗㘴
𥮮	⿱𥫗𣐁
𥮯	⿱符大
𥮰	⿱𥫗弧
𥮱	⿱𥫗𡱅
𥮳	⿱𥫗亞
𥮴	⿱𥫗𠗆
𥮵	⿱𥫗宗
𥮶	⿱𥫗⿳冖口土
𥮷	⿱𥫗𠰥
𥮸	⿱𥫗⿹⺄⿱一虫
𥮹	⿱𥫗⿰木𠤭
𥮺	⿱𥫗⿰𤴔阝
𥮻	⿱𥫗⿰寺刂
𥮼	⿱𥫗抱
𥮽	⿱𥫗匋
𥮾	⿱𥫗参
𥮿	⿱𥫗𤆬
𥯀	⿱𥫗金
𥯁	⿱𥫗徃
𥯂	⿱𥫗往
𥯃	⿱𥫗奄
𥯄	⿱𥫗隹
𥯅	⿱𥫗厓
𥯆	⿱𥫗松
𥯇	⿱𥫗乳
𥯈	⿱𥫗板
𥯉	⿱𥫗妬
𥯊	⿱𥫗夜
𥯋	⿱𥫗明
𥯌	⿱𥫗知
𥯍	⿱𥫗枚
𥯎	⿱𥫗店
𥯏	⿱𥫗供
𥯐	⿳𥫗𫜹𣱳
𥯑	⿱𥫗垔
𥯒	⿱𥫗哉
𥯓	⿱𥫗甚
𥯔	⿱𥫗禹
𥯕	⿱𥫗昜
𥯖	⿱𥫗度
𥯗	⿱筍⿱一八
𥯘	⿱𥫗耶
𥯙	⿱𥫗勁
𥯚	⿱𥫗恪
𥯛	⿱𥫗洛
𥯜	⿱𥫗畏
𥯝	⿱𥫗突
𥯞	⿱𥫗斿
𥯟	⿱𥫗拜
𥯠	⿱𥫗派
𥯡	⿱𥫗毗
𥯢	⿱𥫗亭
𥯣	⿳𥫗𠔿戍
𥯤	⿱𥫗韋
𥯥	⿱𥫗臿
𥯦	⿱𥫗建
𥯧	⿱𥫗迮
𥯨	⿱𥫗思
𥯩	⿱𥫗斫
𥯪	⿱𥫗奏
𥯫	⿱𥫗癸
𥯬	⿱𥫗耎
𥯭	⿱𥫗昨
𥯮	⿱𥫗臾
𥯯	⿱𥫗𢈔
𥯰	⿱𥫗盈
𥯱	⿱笥心
𥯲	⿱𥫗⿱亠呆
𥯳	⿱𥫗咢
𥯴	⿱𥫗叜
𥯵	⿱彖竹
𥯶	⿱𥫗苦
𥯷	⿱𥫗胊
𥯸	⿱𥫗柱
𥯹	⿱筑廾
𥯺	⿱𥫗⿰𰅳人
𥯻	⿱𥫗㭊
𥯼	⿳𥫗冖彶
𥯽	⿱𥫗竒
𥯾	⿱𥫗𭓯
𥯿	⿳𥫗云冉
𥰀	⿳𥫗⿺𠃊口目
𥰁	⿱𥫗𭤯
𥰂	⿱𥫗秌
𥰃	⿱𥫗軍
𥰄	⿱𥫗苟
𥰅	⿱𥫗洴
𥰆	⿱𥫗帝
𥰇	⿱𥫗計
𥰈	⿱𥫗侱
𥰉	⿱𥫗⿰亻⿸⿱一𠂇天
𥰊	⿰答下
𥰋	⿱𥫗客
𥰌	⿱𥫗炫
𥰍	⿱𥫗剌
𥰎	⿱𥫗𪭌
𥰏	⿱𥫗𢭎
𥰐	⿱𥫗⿰？帀
𥰑	⿳𥫗丙比
𥰒	⿳𥫗𠔿代
𥰓	⿳𥫗内戊
𥰔	⿱𥫗品
𥰕	⿱𥫗𦊁
𥰖	⿳𥫗𠆢見
𥰗	⿱𥫗皅
𥰘	⿱𥫗能
𥰙	⿱𥫗𢼸
𥰚	⿱𥫗𦕈
𥰛	⿱𥫗浮
𥰜	⿱𥫗桃
𥰝	⿱𥫗息
𥰞	⿱𥫗叟
𥰟	⿱𥫗袁
𥰠	⿱𥫗旅
𥰡	⿱𥫗敇
𥰢	⿱𥫗扇
𥰣	⿱𥫗留
𥰤	⿱𥫗流
𥰥	⿱𥫗奚
𥰦	⿱𥫗屐
𥰧	⿱𥫗倚
𥰨	⿱𥫗剡
𥰩	⿳𥫗𦥑廾
𥰪	⿱𥫗挐
𥰫	⿱筴口
𥰬	⿱𥫗⿹勹幸
𥰭	⿱𥫗差
𥰮	⿱𥫗哿
𥰯	⿱𥫗哥
𥰰	⿱筮廾
𥰱	⿱𥫗蚤
𥰲	⿱𥫗烘
𥰳	⿱𥫗𮜿
𥰴	⿱𥫗𠣬
𥰵	⿱𥫗剖
𥰶	⿱𥫗害
𥰷	⿱𥫗㽜
𥰸	⿱𥫗晋
𥰹	⿱𥫗㬵
𥰺	⿱筑殳
𥰻	⿱𫂁口
𥰼	⿱𥫗索
𥰽	⿱𥫗𰲚
𥰾	⿱𥫗窄
𥰿	⿱筍木
𥱀	⿱𥫗洿
𥱁	⿳𥫗冏大
𥱂	⿳𥫗⿱𦘒一水
𥱃	⿱𥫗𨓜
𥱄	⿱𥫗蚕
𥱅	⿳𥫗⿴囗从廾
𥱆	⿱笠⿱厶土
𥱇	⿱𥫗䎡
𥱈	⿱𥫗射
𥱉	⿱𥫗狼
𥱊	⿱𥫗席
𥱌	⿱𥫗候
𥱍	⿱𥫗軓
𥱎	⿳𥫗世冉
𥱏	⿱𥫗⿻𠀎冉
𥱐	⿳𥫗口里
𥱑	⿱𥫗羗
𥱒	⿱𥫗𭰘
𥱓	⿱𥫗𣐸
𥱔	⿱𥫗盏
𥱕	⿱𥫗⿵其厶
𥱖	⿱𥫗孫
𥱗	⿳𥫗丙戊
𥱘	⿱𥫗⿰厷⿱匕木
𥱙	⿱𥫗⿰而攵
𥱚	⿳𥫗民皿
𥱛	⿱𥫗栖
𥱜	⿱𥫗框
𥱝	⿱𥫗⿰木匠
𥱞	⿱𥫗⿰米𭂫
𥱟	⿱𥫗⿰口⿳𠆢二口
𥱠	⿱𥫗哠
𥱡	⿳𥫗罒戊
𥱢	⿳𥫗罒代
𥱣	⿳𥫗合从
𥱥	⿱𥫗⿰阝条
𥱦	⿱𥫗紏
𥱧	⿱𥫗秦
𥱨	⿱𥫗素
𥱩	⿱𥫗⿰幸人
𥱪	⿱𥫗骨
𥱫	⿱𥫗套
𥱬	⿱𥫗記
𥱭	⿱𥫗倀
𥱮	⿱𥫗挼
𥱯	⿱𥫗時
𥱰	⿱𥫗徒
𥱱	⿱𥫗站
𥱲	⿱𥫗虔
𥱳	⿱𥫗郎
𥱴	⿱𥫗捕
𥱵	⿱𥫗習
𥱶	⿱𥫗爽
𥱷	⿱𥫗貪
𥱸	⿱𥫗區
𥱹	⿱𥫗莫
𥱺	⿱𥫗⿱䙲巳
𥱻	⿱𥫗途
𥱼	⿱𥫗渒
𥱽	⿱𥫗圈
𥱾	⿱𥫗鹵
𥱿	⿱𥫗處
𥲀	⿱𥫗巢
𥲁	⿱𥫗𤭃
𥲂	⿱𥫗⿰氵幷
𥲃	⿱𥫗𡨥
𥲄	⿱𥫗淡
𥲅	⿳𥫗𠃬心
𥲆	⿱𥫗通
𥲇	⿱𥫗躭
𥲈	⿱𥫗㒼
𥲉	⿱𥫗虖
𥲊	⿱𥫗聊
𥲋	⿱𥫗衒
𥲌	⿱𥫗涵
𥲍	⿱𥫗曹
𥲎	⿱𥫗陸
𥲏	⿱𥫗⿰㫒殳
𥲐	⿱𥫗梧
𥲑	⿱𥫗曼
𥲒	⿳𥫗𢀜木
𥲓	⿳𥫗⿳一⿴⿰丨丨𠄠冈王
𥲔	⿳𥫗𠮛里
𥲕	⿱𥫗紫
𥲖	⿱𥫗𢽋
𥲗	⿱𥫗䧑
𥲘	⿱笯衣
𥲙	⿳𥫗𠀎⿻𦉫𠄠
𥲚	⿱𥫗淙
𥲛	⿱𥫗紨
𥲜	⿱𥫗⿸虍皿
𥲝	⿱𥫗𭽪
𥲞	⿱𥫗⿱𠀐回
𥲟	⿱𥫗釣
𥲠	⿱𥫗⿱⿰亡𱼀王
𥲡	⿱𥫗窓
𥲢	⿱𥫗⿴囗林
𥲣	⿱𥫗𧵆
𥲤	⿱𥫗虚
𥲥	⿱𥫗盒
𥲦	⿳𥫗覀𡗜
𥲧	⿱𥫗梨
𥲨	⿱𥫗㲘
𥲩	⿱𥫗⿰㚔人
𥲪	⿱𥫗𠩺
𥲫	⿱𥫗剪
𥲬	⿱𥫗⿰方⿱𠂉𫞕
𥲭	⿱𥫗帶
𥲮	⿱𥫗⿰亯刂
𥲯	⿱𥫗教
𥲰	⿱𥫗豙
𥲱	⿱𥫗淮
𥲲	⿱𥫗⿵其彡
𥲳	⿱𥫗掃
𥲴	⿱𥫗⿰木𦣻
𥲵	⿱𥫗掽
𥲶	⿱𥫗捧
𥲷	⿱𥫗⿰扌⿱癶𰀁
𥲸	⿱𥫗⿳日大⺗
𥲹	⿳𥫗𥃫日
𥲺	⿳𥫗田早
𥲻	⿱𮅕巳
𥲼	⿱𥫗𠊳
𥲽	⿱𥫗𫐩
𥲾	⿱𥫗⿹勹韋
𥲿	⿱𥫗翏
𥳀	⿱𥫗尉
𥳁	⿱𥫗⿸⿰丿⿱丶乛⿱七？
𥳂	⿱𥫗畧
𥳃	⿱𥫗啟
𥳄	⿱𥫗寅
𥳅	⿱𥫗這
𥳆	⿱𥫗敝
𥳇	⿱𥫗復
𥳈	⿱𥫗毳
𥳉	⿱𥫗都
𥳊	⿱𥫗發
𥳋	⿱𥫗叅
𥳌	⿱𥫗隆
𥳍	⿱𥫗尋
𥳎	⿱筑虫
𥳏	⿱𥫗幾
𥳐	⿱𥫗開
𥳑	⿱𥫗閒
𥳒	⿱𥫗減
𥳓	⿱𥫗稍
𥳔	⿱𥫗隋
𥳕	⿱𥫗舒
𥳖	⿱𥫗棓
𥳗	⿱𥫗須
𥳘	⿱𥫗童
𥳙	⿱𥫗圌
𥳚	⿱𥫗然
𥳛	⿱𥫗就
𥳜	⿱𥫗陽
𥳝	⿱𥫗惢
𥳞	⿱𥫗粦
𥳟	⿱𥫗進
𥳠	⿱𥫗𨔛
𥳡	⿱𥫗賁
𥳢	⿱𥫗奠
𥳣	⿱𥫗最
𥳤	⿱𥫗⿺辶豖
𥳥	⿱𥫗甯
𥳦	⿳𥫗尚少
𥳧	⿱𥫗⿰𤣩歨
𥳨	⿱𥫗⿰⿸尸⿱𠘧口殳
𥳩	⿱𥫗𭄁
𥳪	⿺辶算
𥳫	⿱𥫗䐌
𥳬	⿱𥫗黑
𥳭	⿱𥫗𣦃
𥳮	⿱𥫗絫
𥳯	⿱𥫗棤
𥳰	⿱𥫗尊
𥳱	⿱𥫗兟
𥳲	⿱𥫗⿰阝昱
𥳳	⿱𥫗提
𥳴	⿱𥫗殽
𥳵	⿱𥫗絶
𥳶	⿱𥫗掌
𥳷	⿱𥫗湔
𥳸	⿳𥫗仝見
𥳹	⿳𥫗仝貝
𥳺	⿱𥫗揔
𥳻	⿱𥫗⿰氵毒
𥳼	⿱𥫗稈
𥳽	⿱𥫗欺
𥳾	⿱𥫗鈞
𥳿	⿱𥫗逸
𥴀	⿱䈞土
𥴁	⿳𥫗𠮛⿱田土
𥴂	⿳𥫗田⿻丅⿱龷一
𥴃	⿳𥫗次早
𥴄	⿱𥫗𦋐
𥴅	⿱𥫗粞
𥴆	⿱𥫗報
𥴇	⿱𥫗棒
𥴈	⿱𥫗棧
𥴉	⿳𥫗⿰及及日
𥴊	⿱𥫗敢
𥴋	⿱𥫗⿰⿱丅耳欠
𥴌	⿱𮅕木
𥴍	⿱𥫗⿰木⿱癶𰀁
𥴎	⿳𥫗𠔿豕
𥴏	⿳𥫗金灬
𥴐	⿱𥫗㠭
𥴑	⿱𥫗𨠠
𥴒	⿱竹⿰竹竹
𥴓	⿱𥫗𡍮
𥴔	⿱𥫗睂
𥴕	⿱𥫗猶
𥴖	⿱𥫗椑
𥴗	⿱𥫗統
𥴘	⿱𥫗媒
𥴙	⿱𥫗棹
𥴚	⿱𥫗⿱自𠦂
𥴛	⿱𥫗椎
𥴜	⿱𥫗詔
𥴝	⿱𥫗⿰飠阝
𥴞	⿱𥫗圍
𥴟	⿱𥫗㮃
𥴠	⿱𮅕⿴⿰⿱丶㇀⿱㇒丶亅
𥴡	⿱𥫗豊
𥴢	⿱𥫗稚
𥴣	⿱𥫗艂
𥴤	⿱𥫗腱
𥴥	⿱𥫗閞
𥴦	⿱𥫗遂
𥴧	⿱𥫗豦
𥴨	⿱𥫗愛
𥴩	⿱𥫗隔
𥴪	⿱𥫗遇
𥴫	⿱𥫗殿
𥴬	⿱𥫗辟
𥴭	⿱𥫗楬
𥴮	⿱𥫗搏
𥴯	⿱𥫗廆
𥴰	⿱𥫗靖
𥴱	⿱𥫗廌
𥴲	⿱𥫗愍
𥴳	⿳𥫗⿻弓多心
𥴴	⿱𥫗鉤
𥴵	⿱𥫗⿵旲虫
𥴶	⿱䇨貝
𥴷	⿱𥫗粲
𥴸	⿱𥫗⿳罒冖戍
𥴹	⿱策貝
𥴺	⿱𥫗慈
𥴻	⿱𥫗搶
𥴼	⿱𥫗業
𥴽	⿱𥫗滌
𥴾	⿱𥫗㙛
𥴿	⿱𥫗⿸鹿𠮷
𥵀	⿱𥫗㬅
𥵁	⿱𥫗盝
𥵂	⿱𥫗虞
𥵃	⿱𥫗盞
𥵄	⿱𥫗溜
𥵅	⿱𥫗楤
𥵆	⿱𥫗意
𥵇	⿱𥫗瑞
𥵈	⿱𥫗塩
𥵉	⿱𥫗雷
𥵊	⿱𥫗會
𥵋	⿱𥫗⿳⿵𠆢一罒册
𥵌	⿳𥫗𠆢鳥
𥵍	⿱𥫗獅
𥵎	⿱𥫗賃
𥵏	⿱𥫗酫
𥵐	⿱𥫗𤊽
𥵑	⿳𥫗目⿱⿱冖八𠔽
𥵒	⿳𥫗日⿱冖見
𥵓	⿱𥫗毁
𥵔	⿱𥫗碑
𥵕	⿱𥫗照
𥵖	⿱𥫗腮
𥵗	⿱𥫗歆
𥵘	⿳𥫗旦例
𥵙	⿱𥫗罩
𥵚	⿱𥫗勤
𥵛	⿱𥫗農
𥵜	⿱𥫗僕
𥵝	⿱𥫗領
𥵞	⿱𥫗截
𥵟	⿱𥫗署
𥵠	⿱𥫗穀
𥵡	⿱𥫗構
𥵢	⿱𥫗對
𥵣	⿱𥫗端
𥵤	⿱𥫗綽
𥵥	⿱𥫗滿
𥵦	⿱𥫗𨲆
𥵧	⿱𥫗盡
𥵨	⿱𥫗臱
𥵩	⿱𥫗複
𥵪	⿱𥫗竮
𥵫	⿱𥫗聚
𥵬	⿱𥫗廖
𥵭	⿳𥫗⿳亠⿴⿰丨丨𠄠罓王
𥵮	⿱𥫗𦁤
𥵯	⿱𥫗⿰𬺻⿻疌乛
𥵰	⿱𥫗槅
𥵱	⿱𥫗𡙳
𥵲	⿳𥫗⿱冖八剡
𥵳	⿱𥫗翣
𥵴	⿱𥫗慜
𥵵	⿱𥫗幕
𥵶	⿳𥫗典舌
𥵷	⿱𥫗貍
𥵸	⿳𥫗自⿱㓁𠔽
𥵹	⿱𥫗綜
𥵺	⿳𥫗目⿱大𱒃
𥵻	⿱𥫗維
𥵼	⿳筮八石
𥵽	⿳𥫗士⿹⺄⿹⿻弓⿱？匚口
𥵾	⿱𥫗種
𥵿	⿱𥫗蒙
𥶀	⿱𥫗䋲
𥶁	⿱𥫗辣
𥶂	⿰箕多
𥶃	⿱𥫗夢
𥶄	⿱𥫗嫩
𥶅	⿱𥫗澑
𥶆	⿱𥫗閭
𥶇	⿱𥫗魯
𥶈	⿱𥫗皺
𥶉	⿱𥬥⿳一八良
𥶊	⿱篹皿
𥶋	⿱𥫗幡
𥶌	⿱𥫗慮
𥶍	⿱𥫗緩
𥶎	⿱𥫗⿰氵盜
𥶏	⿱𥫗調
𥶐	⿱𥫗隤
𥶑	⿱𥫗養
𥶒	⿱𥫗㷠
𥶓	⿱𥫗罷
𥶔	⿱𥫗麃
𥶕	⿱𥫗⿸户⿱比舌
𥶖	⿱𥫗𦋺
𥶗	⿱𥫗⿰𠤕⿱𠆢米
𥶘	⿱𥫗寫
𥶙	⿱𥫗慧
𥶚	⿳𥫗典告
𥶛	⿱𥫗踶
𥶜	⿱𥫗嫴
𥶝	⿱𥫗㢡
𥶞	⿳𥫗浪皿
𥶟	⿳𥫗品𠇍
𥶠	⿱𥫗槮
𥶢	⿱𥫗⿳巛龱⿵𠘨氺
𥶣	⿱𥫗寮
𥶤	⿱𥫗⿰耒咼
𥶥	⿱𥫗樋
𥶦	⿱𥫗賣
𥶧	⿳𥫗宂高
𥶨	⿱𥫗螂
𥶩	⿱𥫗影
𥶪	⿱𥫗𢵄
𥶫	⿱𥫗𡡾
𥶬	⿱篲灬
𥶭	⿱𥫗𠏉
𥶮	⿱𥫗槯
𥶯	⿰鬼笛
𥶰	⿱𥫗層
𥶱	⿱𥫗魄
𥶲	⿱𥫗磊
𥶳	⿱𥫗緘
𥶴	⿱𥫗墮
𥶵	⿱𥫗毇
𥶶	⿱𥫗𰏮
𥶷	⿱𥫗選
𥶸	⿱𥫗甎
𥶹	⿱𥫗静
𥶺	⿱𥫗⿰其𣏋
𥶻	⿱𥫗隨
𥶼	⿱𥫗隧
𥶽	⿱𥫗衞
𥶾	⿱𥫗隷
𥶿	⿱𥫗閻
𥷀	⿱𥫗燕
𥷁	⿱𥫗辦
𥷂	⿱𥫗𢍮
𥷃	⿱𥫗槳
𥷄	⿱𥫗⿱𠆢爾
𥷅	⿱𥫗㷴
𥷆	⿱𥫗縠
𥷇	⿱𥫗器
𥷈	⿱𥫗橦
𥷉	⿱𥫗⿲彳魚卩
𥷊	⿱𥫗遼
𥷋	⿱𥫗𰕣
𥷌	⿱𥫗憨
𥷍	⿳𥫗昍金
𥷎	⿱𥫗頻
𥷏	⿱𥫗錦
𥷐	⿱𥫗⿰扌𥇡
𥷑	⿱𥫗觱
𥷒	⿱𥫗歷
𥷓	⿱𥫗餒
𥷔	⿱𥫗輿
𥷕	⿱𥫗⿰其枼
𥷖	⿱𥫗甐
𥷗	⿱𥫗隸
𥷘	⿱𥫗擢
𥷙	⿱𥫗罽
𥷚	⿱𥫗⿰幸訇
𥷛	⿱𥫗⿱就旦
𥷜	⿱𥫗⿰隹風
𥷝	⿱𥫗臀
𥷞	⿱𥫗⿳⿵冂絲一八
𥷟	⿳𥫗𣶙皿
𥷠	⿱𥫗⿱⺊⿴囗⿱𠂭𠂭
𥷡	⿱𥫗㷿
𥷢	⿱𥫗𭄘
𥷣	⿱𥫗𠮎
𥷤	⿱𥫗⿰㚔訇
𥷥	⿱𥫗鞠
𥷦	⿱𥱾早
𥷧	⿱𥫗濯
𥷨	⿱𥫗聶
𥷩	⿱𥫗雜
𥷪	⿱𥫗㩥
𥷫	⿱𥫗黠
𥷬	⿱𥫗雚
𥷭	⿱𥫗⿰𰮫攵
𥷮	⿱𥫗爵
𥷯	⿳𥫗𠦜⿱𠆢盱
𥷰	⿱𥫗瀐
𥷱	⿱𥫗覆
𥷲	⿱𥫗⿰彳䰻
𥷳	⿱𥫗齕
𥷴	⿱𥫗⿰羍訇
𥷵	⿳笀罒⿰耳𫧇
𥷶	⿳笀罒⿲⺼女⿻⿻㇈丿丶
𥷷	⿱𥫗⿰臣⿳𠂉丶品
𥷸	⿱𥫗𦔡
𥷹	⿱⿰竹竹⿰竹竹
𥷺	⿱𥫗謨
𥷻	⿱𥫗𩄲
𥷼	⿱𥫗蹵
𥷽	⿱𥫗臋
𥷾	⿱𥫗羆
𥷿	⿱𥫗𤳯
𥸀	⿱𥫗璽
𥸁	⿱𥫗難
𥸂	⿱𥫗𡃫
𥸃	⿱𥫗⿰⿱𬛸米殳
𥸄	⿱𥫗譖
𥸅	⿱𥫗𨘢
𥸆	⿱𥫗臘
𥸇	⿳𥫗吅⿸厂𣪓
𥸈	⿱𥫗黨
𥸉	⿱𥫗㰍
𥸊	⿱𥫗顡
𥸋	⿱𥫗𥽂
𥸌	⿱𥫗䨇
𥸍	⿱𥫗闡
𥸎	⿱𥫗騰
𥸏	⿳𥫗高⿲⺼女⿻⿻㇈丿丶
𥸐	⿱𥫗露
𥸑	⿳𥫗𨾴囧
𥸒	⿱𥫗曩
𥸓	⿱𥫗攝
𥸔	⿱𥫗⿰訁截
𥸕	⿱𥫗纍
𥸖	⿱𥱾⿱⿶凵⿱日口丨
𥸗	⿱𥫗灑
𥸘	⿱𥫗𱪘
𥸙	⿱𥫗躘
𥸚	⿱𥫗覿
𥸛	⿱𥫗齪
𥸜	⿱𥫗⿰竟貫
𥸝	⿱𥫗讃
𥸞	⿱𥫗䶞
𥸟	⿱𥫗⿰齒定
𥸠	⿱𥫗體
𥸡	⿱𥫗贛
𥸢	⿱𥫗蠶
𥸣	⿱𥫗黵
𥸤	⿰籥頁
𥸥	⿹𠃌米
𥸦	⿹⺄米
𥸧	⿰米丁
𥸨	
𥸩	⿰米又
𥸪	⿱米人
𥸫	⿱㇒⿵𠘨米
𥸬	⿰米阝
𥸭	⿱米廾
𥸯	⿰米万
𥸰	⿰米亍
𥸱	⿰米凢
𥸲	⿰米弓
𥸳	⿰米支
𥸴	⿰米丏
𥸵	⿰米屯
𥸶	⿱米开
𥸷	⿰米欠
𥸸	⿺⿱𠃑大米
𥸹	⿰米文
𥸺	⿰米片
𥸻	⿱米⿻⿵⺆丨一
𥸼	⿰米匁
𥸽	⿰米气
𥸾	⿰米卬
𥸿	⿺巴米
𥹀	⿰米心
𥹁	⿰米乍
𥹂	⿰米丕
𥹃	⿰米付
𥹄	⿱⿱⺊冖釆
𥹅	⿰米必
𥹆	⿱米尼
𥹇	⿰米弁
𥹈	⿰米它
𥹉	⿰米㘝
𥹊	⿰米四
𥹋	⿰米台
𥹌	⿱加米
𥹍	⿰米宁
𥹎	⿰米𢆉
𥹏	⿱⿰歹又米
𥹐	⿱⺊𠩕
𥹑	⿰米世
𥹒	⿰米平
𥹓	⿰米去
𥹔	⿰米犮
𥹕	⿰米令
𥹗	⿰米阤
𥹘	⿰米丙
𥹙	⿰米召
𥹚	⿰米亘
𥹛	⿱⿰九攵米
𥹜	⿰米交
𥹝	⿰米向
𥹞	⿰米曳
𥹟	⿱⺊⿵冂⿱又米
𥹠	⿰米多
𥹡	⿱如米
𥹣	⿰米𠕋
𥹤	⿰米𠕋
𥹦	⿱汛米
𥹧	⿰米聿
𥹨	⿰米式
𥹩	⿰米寺
𥹪	⿰米夅
𥹫	⿰米米
𥹬	⿰米考
𥹭	⿱㲽米
𥹮	⿰米舛
𥹯	⿰米耒
𥹰	⿰娄久
𥹱	⿰米幼
𥹲	⿰米兑
𥹳	⿰米完
𥹴	⿰米步
𥹵	⿰米束
𥹶	⿰米肖
𥹷	⿰米㐬
𥹸	⿰米孛
𥹹	⿱尾米
𥹺	⿸广⿱⿻⺕丨米
𥹻	⿳米𠫓廾
𥹼	⿰米⿱厶疋
𥹽	⿰米寽
𥹾	⿰米夆
𥹿	⿱米𪢾
𥺀	⿰米弟
𥺁	⿰米庒
𥺂	⿰米冏
𥺃	⿰米志
𥺄	⿰米孝
𥺅	⿰米寿
𥺆	⿰米呈
𥺇	⿰米⿺𠃊米
𥺈	⿰米折
𥺉	⿰米豆
𥺊	⿰米告
𥺋	⿱出⿱𠆢米
𥺌	⿰米余
𥺍	⿰米罕
𥺎	⿰米貝
𥺏	⿰米吹
𥺐	⿰米听
𥺑	⿰米𠬶
𥺒	⿰米甹
𥺓	⿰米呂
𥺔	⿱吹米
𥺕	⿰米把
𥺖	⿰米否
𥺗	⿰米⿻襾一
𥺘	⿰米非
𥺙	⿰米夌
𥺚	⿰米析
𥺛	⿰米𤰞
𥺜	⿱泥米
𥺝	⿰米周
𥺞	⿰米育
𥺟	⿱非米
𥺠	⿱⿱⿻𠮛⿰丨丨冖米
𥺡	⿰米陁
𥺢	⿰米备
𥺣	⿰米⿱丑丑
𥺤	⿱叔米
𥺥	⿰米宜
𥺦	⿰米店
𥺧	⿰米庚
𥺨	⿰米⿸广古
𥺩	⿰米𠧦
𥺪	⿰米𦙟
𥺫	⿰米𠤻
𥺬	⿰米孟
𥺭	⿰米𡘆
𥺮	⿰米昔
𥺯	⿰米芬
𥺰	⿰米杲
𥺱	⿰米叔
𥺲	⿰米爭
𥺳	⿰米𦙃
𥺴	⿰米念
𥺵	⿰米⿱殳⺝
𥺶	⿰米𡱁
𥺷	⿰米屈
𥺸	⿰米⿱巴日
𥺹	⿰米宛
𥺺	⿰米岦
𥺻	⿰米金
𥺼	⿰米亞
𥺽	⿰米侖
𥺾	⿰米肯
𥺿	⿰米奇
𥻀	⿰米咎
𥻁	⿰米耑
𥻃	⿰米剌
𥻄	⿰米皆
𥻅	⿰米畐
𥻆	⿱𠧪米
𥻇	⿰米咸
𥻈	⿰米枼
𥻉	⿰米曷
𥻊	⿰𠤕⿱又米
𥻋	⿰粦八
𥻌	⿱剌米
𥻍	⿰米𣆊
𥻎	⿱米𡋍
𥻏	⿰米思
𥻐	⿰米屎
𥻑	⿰米禺
𥻒	⿰米𪤹
𥻓	⿰米咨
𥻔	⿱米⿻⿱⿻廿一廾丨
𥻕	⿰米⿱火未
𥻖	⿰米㒸
𥻗	⿰米查
𥻙	⿰米美
𥻚	⿰米音
𥻛	⿰米垔
𥻜	⿳米田犬
𥻝	⿰米重
𥻞	⿰米客
𥻟	⿰米耎
𥻠	⿰米眇
𥻡	⿰米眉
𥻢	⿰米咱
𥻣	⿰米持
𥻤	⿰米芻
𥻥	⿰米鬲
𥻦	⿱殺米
𥻧	⿰米兼
𥻩	⿰米冥
𥻪	⿳米⿲𰀁丨𰀁⿱一八
𥻫	⿱𥸨𥸨
𥻬	⿰米隻
𥻭	⿰米旁
𥻮	⿰米宰
𥻯	⿰米⿱⿺𠃊口耳
𥻰	⿱米冓
𥻱	⿰米員
𥻲	⿰米倉
𥻳	⿰𰧭籴
𥻴	⿺夏米
𥻵	⿰米時
𥻶	⿰米豈
𥻷	⿰米皋
𥻸	⿰米𦊚
𥻹	⿰米茶
𥻺	⿰米奚
𥻻	⿰米納
𥻼	⿰米烏
𥻽	⿰⿱米犬吉
𥻾	⿱𥹫及
𥻿	⿰米离
𥼀	⿰米戚
𥼁	⿰米率
𥼂	⿰米崔
𥼃	⿰米責
𥼄	⿰米𥞫
𥼅	⿸𭆆米
𥼆	⿱殸米
𥼇	⿳米癶⿱山巾
𥼈	⿳米癶⿱山䶹
𥼉	⿰米⿱共冉
𥼊	⿰米庳
𥼋	⿸𠩺米
𥼌	⿰米庶
𥼍	⿰米宿
𥼎	⿰米⿱䒑卦
𥼏	⿲米車牛
𥼐	⿰米⿱吅示
𥼑	⿰米⿱田米
𥼒	⿱⿰身歹米
𥼓	⿰米⿱艹⿹勹用
𥼔	⿰米淅
𥼕	⿰米笠
𥼖	⿰米敏
𥼗	⿰米麁
𥼘	⿰米幾
𥼙	⿰米⿱录灬
𥼚	⿰米焦
𥼛	⿱毳米
𥼜	⿰米菐
𥼝	⿰米禽
𥼞	⿰米𰞴
𥼟	⿰米衆
𥼠	⿰米棐
𥼡	⿰米⿱⺈⿸？比
𥼢	⿻米⿳⿰十十⿻口一⿱一八
𥼤	⿰米斯
𥼥	⿰米⿱𤰔？
𥼦	⿰米⿱𰢴𰢴
𥼧	⿰米菓
𥼨	⿰米⿱舛米
𥼩	⿰米貴
𥼪	⿰米㫺
𥼫	⿲米多米
𥼬	⿱𥹫米
𥼭	⿰米粦
𥼮	⿲米糸米
𥼯	⿰米黑
𥼰	⿰米登
𥼱	⿰米喬
𥼲	⿰米敢
𥼳	⿰米惡
𥼴	⿰米間
𥼵	⿰米盛
𥼶	⿰米睪
𥼷	⿰米亶
𥼸	⿰米零
𥼹	⿰米毁
𥼺	⿰米辠
𥼻	⿰米資
𥼼	⿰米敷
𥼽	⿰米當
𥼾	⿰米喿
𥼿	⿱⿰臣安米
𥽀	⿰粜隹
𥽁	⿰米飲
𥽂	⿱毁米
𥽃	⿰米臰
𥽄	⿰米綂
𥽅	⿰米痺
𥽆	⿰米粲
𥽇	⿰米感
𥽈	⿰米豊
𥽉	⿰米𥇡
𥽊	⿰米⿳釆？㔾
𥽋	⿰米僉
𥽌	⿰米道
𥽍	⿰米禁
𥽎	⿰米嫌
𥽏	⿱𰯲米
𥽐	⿱⿰臣侖米
𥽑	⿱𥺘米
𥽒	⿱米⿳丗丗木
𥽓	⿰米麽
𥽔	⿰米綿
𥽕	⿰米察
𥽖	⿰米㡭
𥽗	⿰米樂
𥽘	⿰米蔑
𥽙	⿰畨臭
𥽚	⿱⿰⿱艹⿻甲一皮米
𥽛	⿰米⿱雨巫
𥽝	⿰米慶
𥽞	⿰米墨
𥽟	⿰米憂
𥽠	⿰㡭⿺𠃊米
𥽡	⿰分糞
𥽢	⿰米樊
𥽣	⿰米𩃏
𥽤	⿰支糞
𥽥	⿰米霍
𥽦	⿱⿰凿殳米
𥽧	⿱𥫗⿰㚔⿱𠆢米
𥽨	⿰米磨
𥽩	⿰米遲
𥽪	⿰米篤
𥽫	⿰米燕
𥽬	⿰米襄
𥽭	⿰米闌
𥽮	⿰米霛
𥽯	⿰米⿱雨面
𥽰	⿰米糜
𥽱	⿰䊆産
𥽲	⿰⿱业⿻丨⿱八⿵冂㸚米
𥽳	⿱⿱⿴𦥑米冖咠
𥽴	⿰米𡫥
𥽵	⿰米繞
𥽶	⿰米覈
𥽷	⿰米贊
𥽸	⿰米䜌
𥽹	⿰粟喿
𥽺	⿰米羅
𥽻	⿰米黨
𥽼	⿰米藺
𥽽	⿰𥻆産
𥽾	⿰米𣍘
𥽿	⿰⿶臼丵⿱殳米
𥾀	⿰⿱米要焦
𥾁	⿰米𪉷
𥾂	⿰米靈
𥾃	⿰米蠻
𥾄	⿱𠨋米
𥾅	⿰糹十
𥾆	⿰糹𠃏
𥾇	⿰糹了
𥾈	⿱八糸
𥾉	⿰糹勹
𥾊	⿰糹几
𥾋	⿰糹乃
𥾌	⿰糹孑
𥾍	⿰糹干
𥾎	⿰糹丌
𥾏	⿰糹弓
𥾐	⿰糹弋
𥾑	⿰糹⿻⿱㇒一乚
𥾒	⿰糹⿻二亅
𥾓	⿰糹个
𥾔	⿰糹⿻冂丿
𥾕	⿰糹兀
𥾖	⿰糹𫶧
𥾗	⿰糹小
𥾘	⿰糹士
𥾙	⿰糹㸦
𥾚	⿰糹冗
𥾛	⿰糹切
𥾜	⿱凶糸
𥾝	⿰糹丏
𥾞	⿰糹𠚪
𥾟	⿱亓糸
𥾠	⿰糹刅
𥾡	⿰糹匀
𥾢	⿰糹冄
𥾣	⿰糹支
𥾤	⿰糹㕛
𥾥	⿱爻糸
𥾦	⿰糹亓
𥾧	⿰糹巿
𥾨	⿰糹气
𥾩	⿱反糸
𥾪	⿰糹仒
𥾫	⿰糹丰
𥾬	⿰糹⿱一？
𥾭	⿰糹𤓰
𥾮	⿰糹戈
𥾯	⿰糹弔
𥾰	⿰糹廿
𥾱	⿰糹扎
𥾲	⿰糹攴
𥾳	⿰糹⿱⿺㇉一儿
𥾴	⿰糹⿻口乚
𥾵	⿰糹反
𥾶	⿰糹月
𥾷	⿰糹升
𥾸	⿰糹勿
𥾹	⿰糹手
𥾺	⿰糹从
𥾻	⿱六糸
𥾼	⿰糹⿱亠了
𥾽	⿰糹卞
𥾾	⿰糹仆
𥾿	⿰糹午
𥿀	⿰糹日
𥿁	⿰糹王
𥿂	⿰糹心
𥿃	⿱加糸
𥿄	⿰糹氐
𥿅	⿱矢糸
𥿆	⿰糹司
𥿇	⿰糹疋
𥿈	⿰糹叐
𥿉	⿰糹末
𥿊	⿰糹斥
𥿋	⿰糹弁
𥿌	⿰糹幼
𥿍	⿰糹古
𥿎	⿰糹夗
𥿏	⿱弗糸
𥿐	⿰糹⿱𠆢亏
𥿑	⿰糹𠕁
𥿒	⿰糹𠕵
𥿓	⿰糹㠯
𥿕	⿰糹占
𥿖	⿰糹四
𥿗	⿰糹只
𥿘	⿰糹禾
𥿙	⿰糹⿱㇒⿻三丨
𥿚	⿱⿰土刀糸
𥿛	⿰糹冉
𥿜	⿰糹尓
𥿝	⿱代糸
𥿞	⿰糹他
𥿟	⿱𣎵糸
𥿡	⿰糹尼
𥿢	⿰糹⿸⿻冖丿厶
𥿣	⿰糹巧
𥿤	⿰糹丘
𥿥	⿰糹仕
𥿦	⿰糹舟
𥿧	⿰糹向
𥿨	⿰糹名
𥿩	⿱次糸
𥿪	⿰糹㠩
𥿫	⿰糹多
𥿬	⿰糹屰
𥿭	⿰糹𠫤
𥿮	⿰糹式
𥿯	⿰糹𠂢
𥿰	⿰糹朶
𥿱	⿰糹孕
𥿲	⿰糹⿱？丑
𥿳	⿰糹囟
𥿴	⿰糹𣎽
𥿵	⿰糹⿱厶午
𥿶	⿰糹而
𥿷	⿰糹⿱刃刃
𥿸	⿰糹𢁙
𥿹	⿰糹亦
𥿺	⿰糹妄
𥿼	⿰糹巟
𥿽	⿰糹安
𥿾	⿰糹守
𥿿	⿱⿳亠丷冖糸
𦀀	⿱安糸
𦀁	⿰糹叒
𦀂	⿹𢦏糸
𦀃	⿰糹⿱士巾
𦀄	⿰糹⿴囗兀
𦀅	⿰糹年
𦀆	⿰糹⿱⺈日
𦀇	⿰糹𡉊
𦀈	⿰糹先
𦀉	⿰糹朵
𦀊	⿰糹夷
𦀋	⿰糹冰
𦀍	⿰糹𱤽
𦀎	⿰糹列
𦀏	⿰糹收
𦀐	⿰糹庄
𦀑	⿰糹刘
𦀒	⿱冃紆
𦀓	⿰糹辛
𦀔	⿰糹甹
𦀕	⿰糹邑
𦀖	⿰糹劫
𦀘	⿰糹坒
𦀙	⿰糹囱
𦀚	⿰糹呈
𦀛	⿰糹沙
𦀜	⿰糹壯
𦀝	⿰糹囧
𦀞	⿰糹𠄢
𦀟	⿱沙糸
𦀠	⿰糹㐬
𦀡	⿰糹吾
𦀢	⿰糹𭻾
𦀣	⿱⿰⿱㇒幺幺糸
𦀤	⿱旲糸
𦀥	⿳臼一糸
𦀦	⿰糹帋
𦀧	⿱劭糸
𦀨	⿰糹那
𦀩	⿰糹⿰⿸卩㇒⿱龴又
𦀪	⿰糹伯
𦀫	⿰糹⿸广犬
𦀬	⿰糹良
𦀭	⿰糹𬉸
𦀮	⿰糹⿱文㐄
𦀯	⿰糹局
𦀰	⿰糹𡉤
𦀱	⿰⿻⿳⺕𠃋𠆢亅糸
𦀲	⿰糹君
𦀳	⿰糹寿
𦀴	⿰糹芒
𦀵	⿰糹串
𦀶	⿰糹⿴囗夫
𦀷	⿰糹夋
𦀸	⿰糹皃
𦀹	⿰糹村
𦀺	⿰糹車
𦀻	⿰糹改
𦀼	⿰糹𡶀
𦀽	⿰糹告
𦀾	⿰糹床
𦀿	⿰糹尾
𦁀	⿰糹貝
𦁁	⿰糹忸
𦁂	⿰糹伴
𦁃	⿰糹⿱八田
𦁄	⿰糹辰
𦁅	⿰糹初
𦁆	⿰糹叀
𦁇	⿰糹𫝹
𦁈	⿰糹空
𦁉	⿰糹妾
𦁊	⿰糹卦
𦁋	⿹？糸
𦁌	⿰糹侌
𦁍	⿰糹㸒
𦁎	⿰糹昔
𦁏	⿰糹奄
𦁐	⿰糹屈
𦁑	⿰糹㚔
𦁒	⿵冂⿱䒑⿰糹亾
𦁓	⿹戈⿳八𠆢糸
𦁔	⿰糹㤁
𦁕	⿰糹忽
𦁖	⿰糹宙
𦁗	⿰糹步
𦁘	⿱𭣤糸
𦁙	⿰糹⿳亠八允
𦁚	⿰糹⿺𠃊⿲幺丨幺
𦁛	⿰糹𣏋
𦁜	⿰糹𣏼
𦁝	⿰李系
𦁞	⿳心心糸
𦁟	⿰糹⿸𠂆⿱工？
𦁡	⿰糹歨
𦁢	⿰糹長
𦁣	⿰糹孤
𦁤	⿰糹念
𦁥	⿰糹⿻丅⿱八⿵冂⿰丨丨
𦁦	⿰糹店
𦁧	⿰糹孟
𦁨	⿰糹栆
𦁩	⿰糹厓
𦁪	⿰糹坴
𦁫	⿱取糸
𦁬	⿰昔糸
𦁭	⿰糹𧆛
𦁮	⿰糹⿱勻勻
𦁯	⿰糹⿱⿹勹㐅⿹勹㐅
𦁰	⿰糹𢍁
𦁱	⿰糹⿱士⿻口儿
𦁲	⿰糹虎
𦁳	⿰糹季
𦁴	⿰糹𦥔
𦁵	⿰糹臽
𦁶	⿰糹庚
𦁷	⿰紡厷
𦁸	⿰糹命
𦁹	⿰糹夜
𦁺	⿰糹門
𦁻	⿰糹⿱白工
𦁼	⿰糹枚
𦁽	⿰糹旺
𦁾	⿱紅央
𦁿	⿰糹姑
𦂀	⿰糹度
𦂁	⿰糹㒸
𦂂	⿰糹⿱耂宁
𦂃	⿰糹亭
𦂄	⿰糹皆
𦂅	⿰糹枲
𦂆	⿰糹廻
𦂇	⿰糹䖍
𦂈	⿰糹胄
𦂉	⿰糹臿
𦂊	⿰糹㚆
𦂋	⿰糹⿱尼木
𦂌	⿱封糸
𦂍	⿰糹若
𦂎	⿱秋糸
𦂏	⿰糹秌
𦂐	⿰糹矦
𦂑	⿰糹⿱夕吉
𦂒	⿰糹前
𦂓	⿰糹茀
𦂔	⿰糹勉
𦂕	⿰糹禺
𦂖	⿰糹𢍉
𦂗	⿱削糸
𦂘	⿰糹𭩢
𦂙	⿰糹⿱龹土
𦂚	⿰糹⿱𠂉肖
𦂛	⿰糹施
𦂜	⿰糹𠂷
𦂝	⿰糹𦙃
𦂞	⿱夕絲
𦂟	⿱⿰户冬糸
𦂠	⿰糹亰
𦂡	⿰糹羍
𦂢	⿰糹⿱甶丌
𦂣	⿰糹幽
𦂤	⿰糹屏
𦂥	⿰糹泵
𦂦	⿰糹客
𦂧	⿰糹郎
𦂨	⿰糹𰌼
𦂩	⿰糹建
𦂪	⿰糹⿱甫力
𦂫	⿰糹耶
𦂬	⿰糹⿱覀⿰匕乚
𦂭	⿰糹苛
𦂮	⿰糹𱕻
𦂯	⿰糹⿱⿱⺈⿸⿻口丿乀⺀
𦂰	⿰糹⿰？⿱匕又
𦂱	⿰糹風
𦂲	⿰糹⿱一㡀
𦂳	⿱⿰臣⿱𠂉丶糸
𦂴	⿰糹𡶬
𦂵	⿰糹⿰彳⿱䒑⿻丶𬼂
𦂶	⿰糹竒
𦂷	⿰糹⿹⿺㇉？⿴囗⿻𰀪丶
𦂸	⿰糸迫
𦂹	⿰糸飛
𦂺	⿰糹音
𦂻	⿰糹律
𦂼	⿰糹甚
𦂽	⿰糹突
𦂾	⿰糹迭
𦂿	⿰糹勃
𦃀	⿰糹待
𦃁	⿰糹卻
𦃂	⿱⿰𦣞⿱𠂉丶糸
𦃃	⿱𠂹糸
𦃄	⿰糹匪
𦃅	⿰素各
𦃆	⿰索各
𦃇	⿰糹虒
𦃈	⿰糹叟
𦃉	⿰糹𡴘
𦃊	⿰糹栗
𦃋	⿰糹𣬉
𦃌	⿰糹⿱帚又
𦃍	⿰糹⿱囱廾
𦃎	⿰糹聀
𦃏	⿰糹殺
𦃐	⿰糹蚤
𦃑	⿰糹荒
𦃒	⿰糹祟
𦃓	⿰糹留
𦃔	⿰糹鬲
𦃕	⿰糹㤻
𦃖	⿰糹剡
𦃗	⿱朔糸
𦃘	⿰糹屖
𦃙	⿱日𮈍
𦃚	⿱⿲仌人仌糸
𦃛	⿰糹郤
𦃜	⿰糹荀
𦃝	⿰糹䒺
𦃞	⿰糹恖
𦃟	⿱爫絲
𦃠	⿰糹⿱𠀐田
𦃡	⿰糹⿱夂糸
𦃢	⿸厂緊
𦃣	⿰糹𠳮
𦃤	⿱務糸
𦃥	⿰糹⿱匋𫶧
𦃦	⿱⿱⿻十吅冖糸
𦃧	⿰糹⿱白石
𦃨	⿰糹⿱臼木
𦃩	⿰糹畟
𦃪	⿰糹冓
𦃫	⿰糹⿱⿹勹母𫶧
𦃬	⿰糹脩
𦃮	⿰糹荄
𦃯	⿰糹𤱍
𦃰	⿰糹⿱罒电
𦃱	⿰糹⿱夭羊
𦃲	⿰糹家
𦃳	⿰糹恋
𦃴	⿰糹⿱民田
𦃵	⿰糹恐
𦃶	⿰糹龨
𦃷	⿰糹⿷匚昇
𦃸	⿰糹耿
𦃹	⿰糹倉
𦃺	⿰糹候
𦃻	⿰糹晁
𦃼	⿰糹冥
𦃽	⿰糹邕
𦃾	⿰糹烈
𦃿	⿰糹罢
𦄀	⿰糹馬
𦄁	⿰糹退
𦄂	⿰糹帶
𦄃	⿰糹哲
𦄄	⿰糹郡
𦄅	⿰糹烕
𦄆	⿰糹埋
𦄇	⿰糹涅
𦄈	⿰糹釗
𦄉	⿱戚糸
𦄊	⿱啓糸
𦄋	⿰糹鳥
𦄌	⿰糹埶
𦄍	⿰糹爽
𦄎	⿰糹㝡
𦄏	⿰糹梢
𦄐	⿸鹿糸
𦄑	⿰糹彗
𦄒	⿰糹匾
𦄓	⿰糹兜
𦄔	⿰糹窒
𦄕	⿰糹𡌦
𦄖	⿰糹⿱？⿱大⺀
𦄗	⿰糹𧴿
𦄘	⿰糹𪺏
𦄙	⿰糹䇥
𦄚	⿰糹𨑢
𦄛	⿰糹㽞
𦄜	⿰糹⿱㓞示
𦄝	⿰糹庶
𦄞	⿰糹問
𦄟	⿰糸⿸𠂆扁
𦄠	⿱訥糸
𦄡	⿰糹𭦗
𦄢	⿰糹庸
𦄣	⿰糹袞
𦄤	⿰糹𮍏
𦄥	⿰糹⿱双志
𦄦	⿰糹蛋
𦄧	⿰糹曹
𦄨	⿰糹⿱⿱士冖糸
𦄩	⿰糹𢧉
𦄪	⿰糹⿸尸⿳⺌一⿵八二
𦄫	⿰糹荽
𦄬	⿰糹崑
𦄭	⿰糹透
𦄮	⿰糹𬋩
𦄯	⿱專糸
𦄰	⿰糹國
𦄱	⿰糹𠊳
𦄲	⿰糹㝛
𦄳	⿰⿳彐米人糸
𦄴	⿰糹斎
𦄵	⿰糹悉
𦄶	⿰糹𠶋
𦄷	⿰糹通
𦄸	⿰糹訟
𦄹	⿰糹掉
𦄺	⿰糹朗
𦄻	⿰糹貫
𦄼	⿰糹須
𦄽	⿰糹渠
𦄾	⿰糹菐
𦄿	⿰糹黑
𦅀	⿰糹尋
𦅁	⿰糹奢
𦅂	⿰糹爲
𦅃	⿰糹焦
𦅄	⿰糹𰕎
𦅅	⿰糹童
𦅆	⿰糹奠
𦅇	⿰糹喪
𦅈	⿰糹彭
𦅉	⿰糹属
𦅊	⿰糹㫺
𦅋	⿰糹⿱㚘心
𦅌	⿰糹絭
𦅍	⿰糹絫
𦅎	⿰糹⿱𤰔？
𦅏	⿰糹𦓔
𦅐	⿰⿱上糸頁
𦅑	⿰糹循
𦅒	⿰糹叅
𦅓	⿱須糸
𦅔	⿱黑糸
𦅕	⿰索卓
𦅖	⿰糹翕
𦅗	⿰糹羡
𦅘	⿰糹間
𦅙	⿰糹雯
𦅚	⿰⿱𱼀吿系
𦅛	⿰糹𡬶
𦅜	⿰糹寕
𦅝	⿰糹着
𦅞	⿰糹裁
𦅟	⿰糹⿸厂𰤷
𦅠	⿰糹華
𦅡	⿰糹景
𦅢	⿰糹䓤
𦅣	⿰糹𢽠
𦅤	⿰糹閔
𦅥	⿰糹⿳⺈田电
𦅦	⿰糹替
𦅧	⿰糹黹
𦅨	⿰⿱彡糸頁
𦅩	⿰糹⿱⿵𠆢一𭥫
𦅪	⿳⿲人人人⿲人人人糸
𦅫	⿰素命
𦅬	⿱𡙕糸
𦅭	⿰糹隊
𦅮	⿰糹傘
𦅯	⿰糹等
𦅰	⿰糹覃
𦅱	⿰糹蛛
𦅲	⿰糹越
𦅳	⿰糹⿱⿱㇒⿴囗⿻𰀪⺀⿰𠂇十
𦅴	⿰尾𥿄
𦅵	⿰糹歲
𦅶	⿰糹葛
𦅷	⿰糹著
𦅸	⿰䍃⿱⺊系
𦅹	⿰⿱𱼀咅系
𦅺	⿰糹⿱戾皿
𦅻	⿰素爰
𦅼	⿰糹詹
𦅽	⿳𠂹一⿵八糸
𦅾	⿱敫糸
𦅿	⿰糹暈
𦆀	⿰糹羨
𦆁	⿱吂⿲月糸凡
𦆂	⿰糹蜀
𦆃	⿰糹㰹
𦆄	⿰糹瑟
𦆅	⿰糹㬅
𦆆	⿰糹廉
𦆇	⿰糹⿳卝⿻王丷口
𦆈	⿰糹雋
𦆉	⿰糹廌
𦆊	⿰糹⿳旧一里
𦆋	⿰糹⿱⿻十从貝
𦆌	⿰糹⿳亠叕大
𦆍	⿰糹⿸广⿻亘龰
𦆎	⿰糹𥇡
𦆏	⿰糹⿱苿𠮛
𦆐	⿰糹⿱廿⿻丨⿵冂𢆶
𦆑	⿰糹⿸厂⿱？土
𦆒	⿰糹粵
𦆓	⿰糹微
𦆔	⿰糹愛
𦆕	⿲糹車糸
𦆖	⿰糹𤊽
𦆗	⿰𦃃勺
𦆘	⿰糹𤾇
𦆙	⿰糹雷
𦆚	⿰糹裊
𦆛	⿰糹𡕰
𦆜	⿰糹聚
𦆝	⿰糹𡬽
𦆞	⿰糹舞
𦆟	⿰糹蒙
𦆠	⿰糹匱
𦆡	⿰糹⿸厂㲜
𦆢	⿰糹⿱罓剡
𦆣	⿰糹遟
𦆤	⿰糹𤕨
𦆥	⿰糹𮔉
𦆦	⿰糹疑
𦆧	⿰糹⿱⿻丨𠈌⿸丆工
𦆨	⿰糹厲
𦆩	⿰⿱爪爪絲
𦆪	⿰糹裹
𦆫	⿱⿰掽斗糸
𦆬	⿰糹⿱艹𫢴
𦆭	⿰糹寧
𦆮	⿰糹𢾰
𦆯	⿰糹賔
𦆰	⿰⿳䶹仌䶹⿱斤糸
𦆱	⿰糹榮
𦆲	⿰糹廖
𦆳	⿰糹⿱兑兑
𦆴	⿰糹㬎
𦆵	⿰糹𭀰
𦆶	⿰糹𧨅
𦆷	⿰糹⿱非再
𦆸	⿰糹遙
𦆹	⿰糹對
𦆺	⿰糹領
𦆻	⿰糹巤
𦆼	⿰糹寬
𦆽	⿰索率
𦆾	⿰素率
𦆿	⿰糹暴
𦇀	⿰糹慧
𦇁	⿰糹敷
𦇂	⿱艹⿻丅⿱八⿵冂𬗌
𦇃	⿰糹箸
𦇄	⿰糹畾
𦇅	⿰糹⿳𰀉⿱一八貝
𦇆	⿱數糸
𦇇	⿰糹⿱堯土
𦇈	⿰糹𢀩
𦇉	⿰糹⿱覀叚
𦇊	⿰糹輝
𦇋	⿰糹䔥
𦇌	⿰糹⿳爫罒⿱一犮
𦇍	⿰𦄨殳
𦇎	⿰糹蔥
𦇏	⿰糹瞏
𦇐	⿰糹𤌑
𦇑	⿰糹摩
𦇒	⿰糹磊
𦇓	⿰糹𢇍
𦇔	⿰糹歷
𦇕	⿰糹𢿱
𦇖	⿰糹頻
𦇗	⿰糹選
𦇘	⿰糹麇
𦇙	⿰糹舉
𦇚	⿱彑⿰𥸭素
𦇛	⿰糹賴
𦇜	⿰糹⿱屾𰢱
𦇝	⿰糹縈
𦇞	⿰糹遺
𦇟	⿰糹⿸厂熏
𦇠	⿰糹蕙
𦇡	⿰糹⿶凵⿻十⿱𢆶𢆶
𦇢	⿰糹㬜
𦇣	⿰糹䝿
𦇤	⿰糹彊
𦇥	⿱䜌久
𦇦	⿰糸頰
𦇧	⿰糹罽
𦇨	⿳亠毌縣
𦇩	⿰糹薦
𦇪	⿰糹⿳⿱艹罒冖戍
𦇫	⿰糹鮮
𦇬	⿰糹龠
𦇭	⿰糹𫟪
𦇮	⿰糹鍾
𦇯	⿰糸彌
𦇰	⿰糹蹙
𦇱	⿰糹叢
𦇲	⿰糹⿱𤕨土
𦇳	⿰糹𤐫
𦇴	⿰糹藏
𦇵	⿱幽⿵冂⿲糹丨糸
𦇶	⿰糹⿺辶𦥳
𦇷	⿱䜌电
𦇸	⿰糹覈
𦇹	⿰繘糸
𦇺	⿰糹靡
𦇻	⿰𦃃爰
𦇼	⿰糹蠒
𦇽	⿰糹⿱吂⿲月羊月
𦇾	⿰糹䦲
𦇿	⿰糹⿱免⿰免免
𦈀	⿰𦃃⿳⺊日宁
𦈁	⿰𦃃率
𦈂	⿰糹饒
𦈃	⿰糹囊
𦈄	⿲糹⿳巛龱⿳⿰工几一几糸
𦈅	⿰糹⿱畾宜
𦈆	⿱紋寶
𦈇	⿱⿴𦥑矛⿲糹冏糸
𦈈	⿰纟斥
𦈉	⿰纟军
𦈊	⿰纟巫
𦈋	⿰纟酉
𦈌	⿰纟束
𦈍	⿰纟⿱尤止
𦈎	⿰纟单
𦈏	⿰纟昏
𦈐	⿰纟连
𦈑	⿰纟垔
𦈒	⿰纟枲
𦈓	⿰纟畏
𦈔	⿰纟骨
𦈕	⿰纟俞
𦈖	⿰纟𦐇
𦈗	⿰纟匪
𦈘	⿰纟荅
𦈙	⿰纟聂
𦈚	⿰纟戚
𦈛	⿰纟最
𦈜	⿰纟集
𦈝	⿰纟巽
𦈞	⿰纟辟
𦈟	⿰纟禁
𦈠	⿰纟㥯
𦈡	⿰纟需
𦈢	⿱⿸午一𠃊
𦈣	⿰缶亏
𦈤	⿰缶⿱㇒𠀁
𦈥	⿰缶亍
𦈦	⿰缶火
𦈧	⿰缶不
𦈨	⿰缶开
𦈩	⿱⿰工几缶
𦈪	⿰缶𭺛
𦈫	⿰缶叏
𦈬	⿱此缶
𦈭	⿰缶术
𦈮	⿰缶⿱一？
𦈯	⿱吅缶
𦈰	⿰缶圭
𦈱	⿱次缶
𦈲	⿰缶亥
𦈳	⿱池缶
𦈴	⿰缶孚
𦈵	⿰缶巠
𦈶	⿰缶否
𦈷	⿰缶㐬
𦈸	⿰缶或
𦈹	⿱𫩠缶
𦈺	⿰缶周
𦈻	⿰缶戔
𦈼	⿱垂缶
𦈽	⿰缶受
𦈾	⿰缶⿱⺊𠨾
𦈿	⿰缶帛
𦉀	⿰缶⿱甶丂
𦉁	⿰缶是
𦉂	⿰缶重
𦉃	⿰缶枼
𦉄	⿰缶䖉
𦉅	⿰缶⿱吅亐
𦉆	⿰缶查
𦉇	⿰缶屏
𦉈	⿱𠂹缶
𦉉	⿰缶留
𦉊	⿰缶尃
𦉋	⿰𦈢𧆠
𦉌	⿰缶𧆠
𦉍	⿱䀠缶
𦉎	⿰缶崔
𦉏	⿰缶雩
𦉐	⿰缶瓶
𦉑	⿰𦈢虖
𦉒	⿰缶區
𦉓	⿰缶鳥
𦉔	⿰䍃𪩡
𦉕	⿰缶單
𦉖	⿰缶𡍮
𦉗	⿰缶堯
𦉘	⿰缶牚
𦉙	⿰缶廌
𦉚	⿱⿲木缶木司
𦉛	⿰缶⿸虍𦉬
𦉜	⿰缶詹
𦉝	⿱⿱⿴𦥑同冖缶
𦉞	⿱𰯲缶
𦉟	⿰缶齒
𦉠	⿳⿲木缶木冖司
𦉡	⿰𦈢曇
𦉢	⿰缶霝
𦉣	⿱霝缶
𦉤	⿳棥冖⿰缶寸
𦉥	⿱雝缶
𦉦	⿱⿰𤣩賏缶
𦉧	⿱獻缶
𦉨	⿸广𦉥
𦉩	⿳⿰田田⿰缶回⿰田田
𦉪	⿵冂⿰丿㇄
𦉫	⿵冂⿰丨丨
𦉬	⿱罒丁
𦉭	
𦉮	⿱罓匕
𦉯	⿵网一
𦉱	⿱罒七
𦉲	⿱㓁十
𦉳	⿵冂双
𦉴	⿱罒十
𦉵	⿱罒八
𦉶	⿱罒勹
𦉷	⿱罒土
𦉸	⿵网亡
𦉹	⿱罒勺
𦉺	⿱⿵冂从亡
𦉻	⿱𦉳干
𦉼	⿱罒大
𦉽	⿱网亡
𦉾	⿱罒亡
𦉿	⿱⿵冂八亐
𦊀	⿱𠔿亡
𦊁	⿱罒比
𦊂	⿱罒互
𦊃	⿱罒今
𦊄	⿱罒王
𦊅	⿱⿱冖八犬
𦊇	⿱㓁六
𦊈	⿱罒⺼
𦊉	⿱𦉫屯
𦊊	⿱罒天
𦊋	⿱罓木
𦊌	⿱𠕀⺝
𦊍	⿱网互
𦊎	⿱罒示
𦊏	⿱罒母
𦊐	⿱罒巨
𦊑	⿱罒卯
𦊒	⿱罒句
𦊓	⿱罒令
𦊔	⿱罒㘝
𦊕	⿱罓且
𦊖	⿵冈古
𦊗	⿱𠕀夗
𦊘	⿱网禾
𦊙	⿱㓁古
𦊚	⿱罒本
𦊛	⿱罒司
𦊜	⿱罒禾
𦊝	⿱网主
𦊞	⿱网民
𦊟	⿱网古
𦊠	⿱网包
𦊡	⿱网瓜
𦊢	⿱罒立
𦊣	⿱罓⿻日乚
𦊤	⿱罒⿵冂山
𦊥	⿱罒旦
𦊦	⿱⿱𠔿冖巳
𦊧	⿱㘝木
𦊨	⿱𠔿且
𦊩	⿱网且
𦊪	⿱网合
𦊫	⿱罒光
𦊬	⿱罓衣
𦊭	⿱𠔿合
𦊮	⿱网米
𦊯	⿱罒吁
𦊰	⿱𠔿䏍
𦊱	⿱𠔿圭
𦊲	⿱罒各
𦊳	⿱罒𭁳
𦊴	⿱罒合
𦊵	⿱罒机
𦊶	⿱网衣
𦊷	⿳罒一⿱𠂈？
𦊸	⿱罒𣅀
𦊹	⿱𠔿各
𦊺	⿱罒匡
𦊻	⿱㘝⿹⺄木
𦊼	⿱罒吕
𦊽	⿱罒豕
𦊾	⿱罒否
𦊿	⿱罒丣
𦋀	⿱𠔿肙
𦋁	⿱罒旱
𦋂	⿱罒时
𦋃	⿱𠔿旱
𦋄	⿱网孚
𦋅	⿱罒⿹勹圭
𦋆	⿱罒孤
𦋇	⿱罓卓
𦋈	⿱罒戔
𦋉	⿱罒服
𦋊	⿱罒其
𦋋	⿱罒㲎
𦋌	⿱𠕀兒
𦋍	⿱罒⿻臼乚
𦋎	⿱罒炎
𦋏	⿱罒录
𦋐	⿱㓁卓
𦋑	⿱网否
𦋒	⿱罒⿰𱼀斤
𦋓	⿱罒卷
𦋔	⿱𠔿录
𦋕	⿱网彼
𦋖	⿱网叕
𦋗	⿱网林
𦋘	⿱网⿺𠃊𥃭
𦋙	⿳网大⿻日乚
𦋚	⿱网卓
𦋛	⿱网非
𦋜	⿱网隹
𦋝	⿱罒紂
𦋞	⿱罒削
𦋟	⿵网⿰糹亾
𦋠	⿱罒宣
𦋡	⿱罒某
𦋢	⿱𠕀俞
𦋣	⿱罒凾
𦋤	⿱罒施
𦋥	⿱罒約
𦋦	⿰𱺵出
𦋧	⿱网者
𦋨	⿱罒是
𦋩	⿱𠔿約
𦋪	⿰𦉴延
𦋫	⿱网音
𦋬	⿱网𰴩
𦋭	⿱网巺
𦋮	⿱网思
𦋯	⿱罒㼌
𦋰	⿱罒兼
𦋱	⿱罓𮩸
𦋲	⿱罒𣪈
𦋳	⿱罒罡
𦋴	⿱罒⿹勹炎
𦋵	⿱罓浮
𦋶	⿳罒𱕻一
𦋷	⿱罒⿲日了攵
𦋸	⿱罒⿻⿻昌乚一
𦋹	⿱罒⿰罒罒
𦋺	⿱罒剡
𦋻	⿱网馬
𦋼	⿱网能
𦋽	⿱罒組
𦋾	⿱罒虘
𦋿	⿱罒曹
𦌀	⿱罒參
𦌁	⿱罒婁
𦌂	⿱罒⿻甲⿱⿻廿一一
𦌃	⿳罒𱕻十
𦌄	⿳𠕀厶𦚋
𦌅	⿱罒𥿄
𦌆	⿱龱⿻臼木
𦌇	⿱罒從
𦌈	⿱罒接
𦌉	⿱罒敕
𦌊	⿱罒欶
𦌋	⿱罒⿳𫝀夬土
𦌌	⿱𠔿𤲅
𦌍	⿱𠔿尉
𦌎	⿱𠔿畢
𦌏	⿱网鹿
𦌐	⿱网惟
𦌑	⿱网婁
𦌒	⿱罒尞
𦌓	⿱罓㲜
𦌔	⿱罒巽
𦌕	⿱罒路
𦌖	⿱罒⿰⿱丷⿻𬺻丶支
𦌗	⿱罒欻
𦌘	⿱𠔿曾
𦌙	⿱罒𪯎
𦌚	⿱罒奠
𦌛	⿱㓁曾
𦌜	⿱网童
𦌝	⿱网曾
𦌞	⿱网⿸厂剡
𦌟	⿱罒禄
𦌠	⿱罒辟
𦌡	⿱罒黽
𦌢	⿱罒綈
𦌣	⿱罒⿰炎令
𦌤	⿱⿵冂从⿰⿳亠丷⿹丁夕攴
𦌥	⿱罒魝
𦌦	⿱罒⿰京瓜
𦌧	⿱罒⿰氵剡
𦌨	⿳网叚火
𦌩	⿱𦉼⿻羊𠬞
𦌪	⿱罒緂
𦌫	⿱罒銜
𦌬	⿱罒舞
𦌭	⿱罒馽
𦌮	⿱罒𪳐
𦌯	⿱𠔿⿰中馬
𦌰	⿱罒綺
𦌱	⿱网馽
𦌲	⿱网熊
𦌳	⿱网舞
𦌴	⿱网維
𦌵	⿱罒畾
𦌶	⿱罒線
𦌷	⿱罒賣
𦌸	⿱罒𩵢
𦌹	⿱罵⿻口⿰丿丨
𦌺	⿰君睘
𦌻	⿺辶𦌔
𦌼	⿱罓龍
𦌽	⿳罒⿰𠆢𠆢誩
𦌾	⿱罒繯
𦌿	⿱罒麗
𦍀	⿱罒難
𦍁	⿱罒繴
𦍂	⿱罒䠣
𦍃	⿱网繯
𦍄	⿳罒昍𢉖
𦍅	⿱罓䠣
𦍆	⿱罒𦇏
𦍇	⿱罒⿰辰臱
𦍈	⿱罒⿰革馽
𦍉	⿰羅奇
𦍊	⿱网⿰革馽
𦍋	⿱卝𰀁
𦍍	⿱䒑𠂇
𦍎	⿱䒑未
𦍏	⿰羊人
𦍐	⿱𠆢羊
𦍑	⿷羌丶
𦍒	⿱土羊
𦍓	⿰羊⿻⿱㇒一乚
𦍔	⿰羊也
𦍕	⿰犭羊
𦍖	⿰𦍍𱍸
𦍗	⿰羊予
𦍘	⿰羊元
𦍙	⿰歹羊
𦍚	⿳卝土火
𦍛	⿱𦍌？
𦍜	⿰羊𠂔
𦍝	⿰羊𢆰
𦍞	⿰羊互
𦍟	⿱⿱卝干丑
𦍠	⿰羊历
𦍡	⿱𦍌文
𦍢	⿰文羊
𦍣	⿰羊屯
𦍤	⿰羊月
𦍥	⿰羊㐌
𦍦	⿰羊出
𦍧	⿱此羊
𦍨	⿰羊匃
𦍩	⿰羊古
𦍪	⿰羊㐱
𦍫	⿰羊玄
𦍬	⿱古羊
𦍭	⿰羊瓦
𦍮	⿳卝土丑
𦍯	⿰姜厶
𦍰	⿱𦍌⿵八廾
𦍱	⿰羊犮
𦍲	⿰歺羊
𦍳	⿰羊瓜
𦍴	⿰羊尔
𦍵	⿰羊句
𦍶	⿱𦍌処
𦍷	⿰羊皮
𦍸	⿱𦍌⿸𠂇寸
𦍹	⿰多羊
𦍺	⿰羊字
𦍻	⿰羊同
𦍼	⿰羊亘
𦍽	⿰𢑑羊
𦍾	⿰羊自
𦍿	⿰羊⿹勹𢆰
𦎀	⿰羊㕦
𦎁	⿰羊吉
𦎂	⿰羊而
𦎃	⿰羍丸
𦎄	⿰羊死
𦎅	⿱𦍌⿻人厸
𦎆	⿰羊⿱𱼀寸
𦎇	⿰羊豕
𦎈	⿰羊角
𦎉	⿰羊𡉵
𦎊	⿰羊㒵
𦎋	⿰羊豸
𦎌	⿰羊含
𦎍	⿱𦍌言
𦎎	⿰羊甫
𦎏	⿰羊束
𦎐	⿰羊里
𦎑	⿰羊吕
𦎒	⿰身羊
𦎓	⿰羊㐬
𦎔	⿰羊皃
𦎕	⿱𦍌𦬑
𦎖	⿰𦍍束
𦎗	⿰羊戔
𦎘	⿰羊或
𦎙	⿱羊⿻人吅
𦎚	⿰⿱入羊⿱九手
𦎛	⿰姜司
𦎜	⿰羊豖
𦎝	⿱目羍
𦎞	⿰羊乳
𦎟	⿱羔火
𦎠	⿰羊居
𦎡	⿰美生
𦎢	⿰羊亟
𦎣	⿰羊垔
𦎤	⿰羊柔
𦎥	⿰羊皆
𦎦	⿱敄羊
𦎧	⿱亯⿱卝干
𦎨	⿰眉羊
𦎩	⿰羊𡧱
𦎪	⿰羊昜
𦎫	⿱亯羊
𦎬	⿰羊星
𦎭	⿰羊复
𦎮	⿰羊𫨻
𦎯	⿰⿱⿳士冖一⺶殳
𦎰	⿰羊骨
𦎱	⿰羊害
𦎲	⿰羊𦐇
𦎳	⿰羊⿱大貝
𦎴	⿰羊羔
𦎵	⿰羊能
𦎶	⿱𦍌⿴北矢
𦎷	⿱執羊
𦎸	⿰羊責
𦎹	⿰羊婁
𦎺	⿰羊莖
𦎻	⿰羊莞
𦎼	⿱殻羊
𦎽	⿰羊莧
𦎾	⿰羊𫵠
𦎿	⿰美朋
𦏀	⿰羊覔
𦏁	⿱𦍌⿰秀戈
𦏂	⿲羊⿱⺈⺼⿱𠘧口
𦏃	⿱務羊
𦏄	⿰美担
𦏅	⿰羊厥
𦏆	⿰羊童
𦏇	⿰羑羑
𦏈	⿰羊厤
𦏉	⿰羊黑
𦏊	⿰羊萈
𦏋	⿰羊替
𦏌	⿰羊𦓔
𦏍	⿰羊⿱㢴土
𦏎	⿰𦍍善
𦏏	⿰羊普
𦏐	⿱合⿰羊羊
𦏑	⿰羊幾
𦏒	⿰美苗
𦏓	⿱群本
𦏔	⿰羊喜
𦏕	⿰羊蜀
𦏖	⿰羊睘
𦏗	⿱𦥯羔
𦏘	⿰羊解
𦏙	⿰⿱卝干𧵩
𦏚	⿰⿱卝干⿱㢴土
𦏛	⿰羊喿
𦏜	⿱與羊
𦏝	⿳亠匕⿲羊月羊
𦏞	⿱吂⿲⺼羊⿻⿻⿻㇈丿丶丶
𦏟	⿱𦍌壽
𦏠	⿰羔羙
𦏡	⿳⿱卝土我兮
𦏢	⿰羊賣
𦏣	⿰羊箴
𦏤	⿰羊𠾳
𦏥	⿰羊⿱而⿰吕大
𦏦	⿰羊𭗐
𦏧	⿰𦎫𠃨
𦏨	⿰羊褱
𦏩	⿰羊曆
𦏪	⿰羊霝
𦏫	⿰羊氈
𦏬	⿱譱灬
𦏭	⿰羶羊
𦏮	⿱⿻羊⿰合合隹
𦏯	⿱譱言
𦏰	⿰羊靈
𦏱	⿱羗⿰羗羗
𦏲	⿰⿹𠃌彡⿹𠃌彡
𦏳	⿰羽乚
𦏴	⿱羽于
𦏵	⿰羽弋
𦏶	⿱羽亾
𦏷	⿱大羽
𦏸	⿰羽也
𦏹	⿰羽干
𦏺	⿱工羽
𦏻	⿱羽亏
𦏼	⿰工羽
𦏽	⿱羽寸
𦏾	⿱⿵𠆢一羽
𦏿	⿱山羽
𦐀	⿱羽亡
𦐁	⿰也羽
𦐃	⿰𭃂羽
𦐄	⿰亢羽
𦐅	⿱羽及
𦐆	⿰羽巴
𦐇	⿱冃羽
𦐈	⿱分羽
𦐉	⿱㞢羽
𦐊	⿰羽氏
𦐋	⿰夬羽
𦐌	⿰羽厷
𦐍	⿰羽夬
𦐎	⿰冄羽
𦐏	⿰羽及
𦐐	⿱羽文
𦐑	⿰文羽
𦐒	⿱羽升
𦐓	⿱羽友
𦐔	⿰羽木
𦐕	⿰羽世
𦐖	⿰羽只
𦐗	⿰羽犮
𦐘	⿰羽冉
𦐙	⿰羽𮎛
𦐚	⿰羽白
𦐛	⿰句羽
𦐜	⿱羽平
𦐝	⿰失羽
𦐞	⿰世羽
𦐟	⿱羽⿰万万
𦐠	⿰羽氐
𦐡	⿱弗羽
𦐢	⿰皮羽
𦐣	⿰羽朱
𦐤	⿰亥羽
𦐥	⿰羽旬
𦐦	⿰羽各
𦐧	⿱羽开
𦐨	⿰朱羽
𦐩	⿰羽舟
𦐪	⿱羽曳
𦐫	⿰⿱十龷羽
𦐬	⿰羽合
𦐭	⿰羽𠃧
𦐮	⿱⿰𫜹𫜹𣅀
𦐯	⿱⿰𫜹𫜹⿵内二
𦐰	⿰圭羽
𦐱	⿱⿰𫜹𫜹羽
𦐲	⿱羽𠕾
𦐳	⿳比冖羽
𦐴	⿰戌羽
𦐵	⿰并羽
𦐶	⿰少𪜹
𦐷	⿰羽𠂨
𦐸	⿰否羽
𦐹	⿰羽辛
𦐺	⿰肖羽
𦐻	⿱攸羽
𦐼	⿰志羽
𦐽	⿰肙羽
𦐾	⿰束羽
𦐿	⿰羽廷
𦑀	⿰羽皃
𦑁	⿰羽夋
𦑂	⿰夋羽
𦑃	⿰更⿰习习
𦑄	⿱羽医
𦑅	⿰⿻丅⿵冂从羽
𦑆	⿰成羽
𦑇	⿰沓羽
𦑈	⿰羽疌
𦑉	⿰⿱日⺝羽
𦑊	⿰羽青
𦑋	⿰卒羽
𦑌	⿰羽或
𦑍	⿰或羽
𦑎	⿰羽奄
𦑏	⿰羽隹
𦑐	⿰羽叀
𦑑	⿰忄⿱左羽
𦑒	⿰⿱䒑𦍍羽
𦑓	⿱⿰龶龶羽
𦑔	⿰⿳𠆢口女羽
𦑕	⿱羽金
𦑖	⿱羽青
𦑗	⿰扇夬
𦑘	⿰咸羽
𦑙	⿰彖羽
𦑚	⿰羽矦
𦑛	⿰羽爰
𦑜	⿰革羽
𦑝	⿰重羽
𦑞	⿰羽畐
𦑟	⿰羽訇
𦑠	⿰羽皇
𦑡	⿺是羽
𦑢	⿳龶毌羽
𦑣	⿰羽臿
𦑤	⿰侯羽
𦑥	⿱羽者
𦑦	⿰前羽
𦑧	⿰羽是
𦑨	⿰㚇羽
𦑩	⿰羽軍
𦑪	⿰臿羽
𦑫	⿰屎羽
𦑬	⿰中翏
𦑭	⿰畐羽
𦑮	⿰羽扁
𦑯	⿱羽疌
𦑰	⿰羽員
𦑱	⿰隺羽
𦑲	⿰眔羽
𦑳	⿰歬羽
𦑴	⿱能羽
𦑵	⿰尃羽
𦑶	⿰羽眔
𦑷	⿰羽⿱甫万
𦑸	⿱⿰彳㳊羽
𦑹	⿰𣆫羽
𦑺	⿰差羽
𦑻	⿰韋羽
𦑼	⿰羽𦐇
𦑽	⿰𠳮羽
𦑾	⿳羽一昍
𦑿	⿳羽冖東
𦒀	⿰豈羽
𦒁	⿰羽差
𦒂	⿰⿱屰日羽
𦒃	⿳⿱艹罒冖羽
𦒄	⿰羽彗
𦒅	⿰羽𦰩
𦒆	⿰習羽
𦒇	⿱𣪐羽
𦒈	⿰⿱合𠕁羽
𦒉	⿰光習
𦒊	⿰羽旉
𦒋	⿰𠦝𦏾
𦒌	⿰⿱白年羽
𦒍	⿰童羽
𦒎	⿰羽惠
𦒏	⿱羽堯
𦒐	⿰羽敝
𦒑	⿰矞羽
𦒒	⿰羽堯
𦒓	⿰羽喬
𦒔	⿰羽矞
𦒕	⿱⿱止𦨉羽
𦒖	⿰羽異
𦒗	⿰羽曾
𦒘	⿰⿱䙲巳羽
𦒙	⿰其翁
𦒚	⿰羽敞
𦒛	⿰羽𠷎
𦒜	⿰亶羽
𦒝	⿰感羽
𦒞	⿰羽⿹⿻弓⿱？匚口
𦒟	⿰𦥭羽
𦒠	⿰羽睘
𦒡	⿰睪羽
𦒢	⿰睾羽
𦒣	⿰⿱𠂤大習
𦒤	⿰羽爾
𦒥	⿰翁臭
𦒦	⿰羽巤
𦒧	⿰霍羽
𦒨	⿰羽寬
𦒩	⿰巤羽
𦒪	⿰㷠羽
𦒫	⿰⿹⿻弓⿱？匚口⿱殳羽
𦒬	⿰瞏羽
𦒭	⿱𱅼羽
𦒮	⿺龍羽
𦒯	⿰𠷎⿱殳羽
𦒰	⿰泰翟
𦒱	⿱耂丁
𦒲	⿱老几
𦒳	⿱耂工
𦒴	⿱老山
𦒵	⿰老口
𦒶	⿱耂勿
𦒷	⿱耂毛
𦒸	⿱老勿
𦒹	⿺老六
𦒺	⿰䎛又
𦒻	⿱耂占
𦒼	⿱老主
𦒽	⿱老司
𦒾	⿱老占
𦒿	⿱老目
𦓀	⿱老旨
𦓁	⿱老⿻局一
𦓂	⿱耆句
𦓃	⿱耂𠷎
𦓄	⿰高老
𦓅	⿰老茶
𦓆	⿱耂⿹⿻弓⿱工匚口
𦓇	⿰老區
𦓈	⿱老䎜
𦓉	⿰老路
𦓊	⿰老會
𦓋	⿱䎜䎜
𦓌	⿱魏老
𦓍	⿱⿰者單仁
𦓎	⿰而刂
𦓏	⿺九而
𦓐	⿱㇒𦉫
𦓑	⿱而九
𦓒	⿰火而
𦓓	⿺瓦而
𦓔	⿱而而
𦓕	⿰而曳
𦓖	⿰而忍
𦓗	⿰耑犮
𦓘	⿰𦓔彡
𦓙	⿰𠂬耑
𦓚	⿰⿸𠂆⿱一㔾耑
𦓛	⿰危耑
𦓜	⿰老耎
𦓝	⿰巵耑
𦓞	⿰耑甫
𦓟	⿰炙耑
𦓠	⿰⿳𠮛内巾而
𦓡	⿸麻而
𦓢	⿰⿱而⿰而而犬
𦓣	⿰耑廣
𦓤	⿱㇒未
𦓥	⿰耒卩
𦓦	⿰耒卜
𦓧	⿰耒八
𦓨	⿰耒巳
𦓩	⿱𠫔耒
𦓪	⿰耒𠧒
𦓫	⿱攵耒
𦓬	⿰耒平
𦓭	⿰耒匆
𦓮	⿰耒丼
𦓯	⿰耒圭
𦓰	⿰耒全
𦓱	⿰耒各
𦓲	⿰耒如
𦓳	⿰耒共
𦓴	⿰耒肖
𦓵	⿰耒里
𦓶	⿰耒辰
𦓷	⿰耒芸
𦓸	⿰耒卑
𦓹	⿰耒來
𦓺	⿰耒争
𦓻	⿰耒易
𦓼	⿰耒昆
𦓽	⿰耒委
𦓾	⿰耒囷
𦓿	⿰耒其
𦔀	⿰耒⿱？又
𦔁	⿰耒⿱户勾
𦔂	⿰耒是
𦔃	⿰耒英
𦔄	⿰耒省
𦔅	⿰耒突
𦔆	⿰耒畐
𦔇	⿰耒柔
𦔈	⿰耒𪰖
𦔉	⿰耒重
𦔊	⿰耒禹
𦔋	⿰耒茸
𦔌	⿰耒耆
𦔍	⿰耒尃
𦔎	⿰耒畟
𦔏	⿰耒盍
𦔐	⿰耒員
𦔑	⿰耒⿱㐬口
𦔒	⿰耒茲
𦔓	⿰耒离
𦔔	⿰耒曼
𦔕	⿰耒𡕩
𦔖	⿰耒連
𦔗	⿰耒𢉖
𦔘	⿰耒⿱𫜹𭔫
𦔙	⿰耒既
𦔚	⿰耒㒼
𦔛	⿰耒童
𦔜	⿰耒異
𦔝	⿰耒啻
𦔞	⿰耒𰕎
𦔟	⿰耒禽
𦔠	⿰耒萆
𦔡	⿰耒㫺
𦔢	⿰耒⿱叕日
𦔣	⿰耒⿱成母
𦔤	⿰耒盛
𦔥	⿰耒睪
𦔦	⿰耒會
𦔧	⿰耒愚
𦔨	⿰耒㬅
𦔩	⿰耒麃
𦔪	⿰耒⿱⿻⿳⿻口一口𠮛丨女
𦔫	⿰耒翼
𦔬	⿰耒瞿
𦔭	⿰耒靡
𦔮	⿸耳乚
𦔯	⿱八耳
𦔰	⿱⺈耳
𦔱	⿺九耳
𦔲	⿰耳丂
𦔳	⿰耳力
𦔴	⿱𠆢耳
𦔵	⿱入耳
𦔶	⿰耳㔾
𦔷	⿰耳幺
𦔸	⿰耳工
𦔹	⿰耳叉
𦔺	⿰耳山
𦔻	⿰耳口
𦔼	⿰耳攴
𦔽	⿰耳𡈼
𦔾	⿰耳夫
𦔿	⿰耳天
𦕀	⿰耳切
𦕁	⿰⿰𠄌𫜹耳
𦕂	⿱木耳
𦕃	⿰耳丹
𦕄	⿰耳斤
𦕅	⿰耳卬
𦕆	⿰耳牙
𦕇	⿰耳𢆰
𦕈	⿰耳少
𦕉	⿱少耳
𦕊	⿰耳⿻口㇉
𦕋	⿰耳𠕀
𦕌	⿰氏耳
𦕍	⿰耳冗
𦕎	⿰耳兮
𦕏	⿰耳中
𦕐	⿰耳甘
𦕑	⿰耳氐
𦕒	⿰耳占
𦕓	⿱⿰工几耳
𦕔	⿰耳⿱⺈尸
𦕕	⿱夗耳
𦕖	⿰耳𠂛
𦕗	⿰耳尓
𦕘	⿰耳用
𦕙	⿰耳句
𦕚	⿰耳弗
𦕛	⿰耳民
𦕜	⿰耳未
𦕝	⿰耳示
𦕞	⿰耳⿱八亏
𦕟	⿰耳永
𦕠	⿰耳共
𦕡	⿰⿱⺊耳井
𦕢	⿰⿱⺊耳壬
𦕣	⿰耳延
𦕤	⿰耳光
𦕥	⿱⿰⿻三丨力耳
𦕦	⿱⿰耳人从
𦕧	⿰耳戎
𦕨	⿰耳艮
𦕩	⿰耳西
𦕪	⿱不⿸耳又
𦕫	⿰耳企
𦕬	⿰耳邜
𦕭	⿰耳⿱巛工
𦕮	⿰耳⿳㇒口𠀁
𦕯	⿰耳⿱巛大
𦕰	⿰耳朵
𦕱	⿰耳糸
𦕲	⿰耳合
𦕳	⿰耳老
𦕴	⿱⿰龶力耳
𦕵	⿰耳牢
𦕶	⿰耳折
𦕷	⿰耳汞
𦕸	⿰耳里
𦕹	⿰耳宏
𦕺	⿱⿳亠口冖耳
𦕻	⿰耳囱
𦕼	⿰耳丣
𦕽	⿰耳伸
𦕾	⿰耳𠯑
𦕿	⿰耳𦔮
𦖀	⿰耳孚
𦖁	⿰耳希
𦖂	⿰耳？
𦖃	⿰耳見
𦖄	⿰耳⿳⺈山丂
𦖅	⿰耳𡉵
𦖆	⿰耳忍
𦖇	⿰耳别
𦖈	⿰耳奄
𦖉	⿰耳罔
𦖊	⿰耳奇
𦖋	⿰耳垂
𦖌	⿰耳典
𦖍	⿰耳果
𦖎	⿰耳𢦟
𦖏	⿰⿱耳从仌
𦖐	⿰耳卸
𦖑	⿰耳宜
𦖒	⿰耳卒
𦖓	⿰耳⿱⿱宀儿亐
𦖔	⿰耳𡘆
𦖕	⿰耳非
𦖖	⿰耳虎
𦖗	⿱采耳
𦖘	⿰耳舍
𦖙	⿰耳⿱臼丂
𦖚	⿰耳𪠨
𦖛	⿰耳⿱甶丂
𦖜	⿱⿰土疋耳
𦖝	⿱刺耳
𦖞	⿰昏耳
𦖟	⿰耳忽
𦖠	⿰耳炎
𦖡	⿰耳的
𦖢	⿰耳音
𦖣	⿰耳酋
𦖤	⿰耳星
𦖥	⿱㕟耳
𦖦	⿰耳頁
𦖧	⿰耳匽
𦖨	⿱剌耳
𦖩	⿰耎耳
𦖪	⿰耳叜
𦖫	⿰昬耳
𦖬	⿰耳㿽
𦖭	⿰耳俞
𦖮	⿰耳施
𦖯	⿰耳為
𦖰	⿱取束
𦖱	⿰耳哉
𦖲	⿰耳叚
𦖳	⿰耳𦥚
𦖴	⿱⿰彳⿱从人耳
𦖵	⿰耳爰
𦖶	⿰耳⿱⿺⿱㇒且丶厶
𦖷	⿰思耳
𦖸	⿰耳㚇
𦖹	⿰耳𤇘
𦖺	⿰耳兹
𦖻	⿰耳思
𦖼	⿰耳骨
𦖽	⿱𤇾耳
𦖾	⿰耳兼
𦖿	⿰耳荅
𦗀	⿰耳真
𦗁	⿰真耳
𦗂	⿰耳恧
𦗃	⿰耳𥁑
𦗄	⿰耳逆
𦗅	⿰耳羗
𦗆	⿰耳𡘤
𦗇	⿰耳韋
𦗈	⿰耳𣁋
𦗉	⿰耳⿱艹⿻⿱卄𠄟丨
𦗊	⿱⿰矢主耳
𦗋	⿰耳容
𦗌	⿰耳舀
𦗍	⿰耳旁
𦗎	⿰耳㽜
𦗏	⿰耳郎
𦗐	⿰耳豙
𦗑	⿰耳啇
𦗒	⿰耳郭
𦗓	⿰耳鹿
𦗔	⿰耳巢
𦗕	⿸麻耳
𦗖	⿰耳翏
𦗗	⿰耳習
𦗘	⿱取英
𦗙	⿱埶耳
𦗚	⿱斬耳
𦗛	⿰耳區
𦗜	⿰耳從
𦗝	⿰耳斬
𦗞	⿰耳寄
𦗟	⿰耳𢛳
𦗠	⿰耳焦
𦗡	⿰耳覃
𦗢	⿰耳善
𦗣	⿰耳黑
𦗤	⿰𦚏⿱巳耳
𦗥	⿱敝耳
𦗦	⿱𨥌耳
𦗧	⿰耳答
𦗨	⿰耳毳
𦗩	⿰耳⿳覀二火
𦗪	⿰耳敢
𦗫	⿰耳𦲸
𦗬	⿰耳間
𦗭	⿱彭耳
𦗮	⿰耳歮
𦗯	⿰耳⿸厃⿱八𢀛
𦗰	⿰耳寕
𦗱	⿰未⿱成耳
𦗲	⿰耳粦
𦗳	⿰耳農
𦗴	⿰耳當
𦗵	⿰耳喿
𦗶	⿳𦥔冖咠
𦗷	⿱𢾕耳
𦗸	⿰耳微
𦗹	⿰耳僉
𦗺	⿱鼓耳
𦗻	⿰耳𮞬
𦗼	⿰僉耳
𦗽	⿰耳𤷭
𦗾	⿱銛耳
𦗿	⿱蒯耳
𦘀	⿰耳疑
𦘁	⿰耳聞
𦘂	⿰耳綿
𦘃	⿱⿰萠又耳
𦘄	⿰耳𧱏
𦘅	⿰耳廣
𦘆	⿰耳賞
𦘇	⿰耳徵
𦘈	⿰耳樂
𦘉	⿱銽耳
𦘊	⿰耳歷
𦘋	⿰耳䝿
𦘌	⿱錉耳
𦘍	⿰耳闋
𦘎	⿰耳⿻干⿱从⿵冂㸚
𦘏	⿰⿱十⿹耳壬𢛳
𦘐	⿰耳麗
𦘑	⿰耳闞
𦘒	⿻肀一
𦘓	⿰聿力
𦘔	⿹聿彡
𦘕	⿱⿱𦘒一⿴𠀃人
𦘖	⿰歺聿
𦘗	⿰矢聿
𦘘	⿱⿱𦘒一𠕌
𦘙	⿱⿱𦘒一⿶凵日
𦘚	⿱⿱𦘒一⿶凵𠔿
𦘛	⿱𦘒⿰心卪
𦘜	⿱⿱𦘒一⿰心卪
𦘝	⿱⺻⿵冂⿰心卩
𦘞	⿰录聿
𦘟	⿱𢻻聿
𦘠	⿱⿱𦘒一者
𦘡	⿱肀⿵冂⿰心卪
𦘢	⿰書永
𦘣	⿰畫丮
𦘤	⿰肅史
𦘥	⿱𠶶聿
𦘦	⿱啟聿
𦘧	⿰尾畫
𦘨	⿰⿱⿱𦘒一勿⿱⿱𦘒一勿
𦘩	⿰月八
𦘪	⿰月𠤎
𦘫	⿱冖肉
𦘬	⿱又肉
𦘭	⿰月丁
𦘮	⿰⺼乜
𦘯	⿰⺼厶
𦘰	⿰月丂
𦘱	⿰月卜
𦘲	⿰月入
𦘳	⿰月⿻𠃊乚
𦘴	⿰月乇
𦘵	⿰月⿱一九
𦘶	⿰月川
𦘷	⿰月幺
𦘸	⿰月𠧒
𦘹	⿰月山
𦘺	⿰月巳
𦘻	⿱亡肉
𦘼	⿹亐月
𦘽	⿰肉女
𦘾	⿰肉丸
𦘿	⿰月⿱勹又
𦙀	⿰月反
𦙁	⿰月互
𦙂	⿱不肉
𦙃	⿱⿺𠃊口⺝
𦙄	⿱凶⺝
𦙅	⿰月户
𦙆	⿰月氏
𦙇	⿰月冄
𦙈	⿰月卆
𦙉	⿰月⿱又几
𦙊	⿱火⺝
𦙋	⿰月⿱𠂉𠤎
𦙌	⿰⿱幺⺝乚
𦙍	⿰丿⿱幺⺝
𦙎	⿱冖⿱⺊⺝
𦙏	⿰月𡴯
𦙐	⿰⺼⿺㇄亼
𦙑	⿱勿⺼
𦙒	⿰⺼斗
𦙓	⿰⺼友
𦙔	⿱爫⺼
𦙕	⿰⺼⿱八乃
𦙖	⿱天⺝
𦙗	⿰月五
𦙘	⿰月𢆰
𦙙	⿰月水
𦙚	⿰⿱㇒⿻二丿月
𦙛	⿰月⿻⿱㇒冂乚
𦙜	⿰月厄
𦙝	⿰月⿱八丁
𦙞	⿰月凶
𦙟	⿱文⺝
𦙠	⿰月弖
𦙡	⿱止肉
𦙢	⿰肉引
𦙣	⿰月木
𦙤	⿰月毛
𦙥	⿰月孔
𦙦	⿰月心
𦙧	⿰肉少
𦙨	⿰月弔
𦙩	⿱耂肉
𦙪	⿸⿸𠂆𫜹⺝
𦙫	⿰月正
𦙬	⿰月疋
𦙭	⿰月冬
𦙮	⿰月穴
𦙯	⿱代⺝
𦙰	⿰月仕
𦙱	⿰月冊
𦙲	⿱加肉
𦙳	⿰月尓
𦙴	⿰月主
𦙵	⿱夗⺝
𦙶	⿰月古
𦙷	⿰月尻
𦙸	⿰月用
𦙹	⿰月⿸尸乂
𦙺	⿱加⺝
𦙻	⿰月灭
𦙼	⿱此⺝
𦙽	⿰月册
𦙿	⿰⺼兄
𦚀	⿰⺼叏
𦚁	⿰⺼厺
𦚂	⿰⺼⿱夕又
𦚃	⿰⺼⿻屮儿
𦚄	⿰⺼夲
𦚅	⿱处⺼
𦚆	⿰肉皮
𦚇	⿱矛肉
𦚈	⿰月石
𦚉	⿱𡗜⺝
𦚊	⿰月号
𦚋	⿱罒⺝
𦚌	⿸⿸𠂋？⺝
𦚍	⿱亠肖
𦚎	⿰立月
𦚏	⿱立⺝
𦚐	⿰月它
𦚑	⿸户⿱一⺝
𦚒	⿰肉去
𦚓	⿰肉半
𦚔	⿰⺼召
𦚕	⿰月甘
𦚖	⿰月乏
𦚗	⿰月匝
𦚘	⿱仕肉
𦚙	⿳𠆢肉土
𦚚	⿰月此
𦚛	⿰歺肉
𦚜	⿰⺼末
𦚝	⿰月⿽水⺀
𦚞	⿰月匡
𦚟	⿰月𦣞
𦚠	⿰月臣
𦚡	⿰月血
𦚢	⿰月㫐
𦚣	⿰月艮
𦚤	⿰月㬰
𦚥	⿰月缶
𦚦	⿰月丞
𦚧	⿰月旬
𦚨	⿱㓞肉
𦚩	⿰⺼朵
𦚪	⿰月异
𦚫	⿰月⿱士大
𦚬	⿰月⿱木十
𦚭	⿰月虫
𦚮	⿱任肉
𦚯	⿰丿𠃴
𦚱	⿰⺼老
𦚲	⿰⺼⿱龴丑
𦚳	⿰⺼充
𦚴	⿱共⺼
𦚵	⿰⺼西
𦚶	⿱合⺼
𦚷	⿱合肉
𦚸	⿰月亘
𦚹	⿰月亙
𦚺	⿰月㢟
𦚻	⿰月⿻𦉫𠄠
𦚼	⿰月曲
𦚽	⿰月⿱口巳
𦚾	⿱㐫⺝
𦚿	⿰月𱜢
𦛀	⿰月𤆌
𦛁	⿰月𭗼
𦛂	⿱⿵冂心肉
𦛃	⿰肉各
𦛄	⿱㐫肉
𦛅	⿰肉安
𦛆	⿱丞肉
𦛇	⿱决肉
𦛈	⿰月曳
𦛉	⿰月吊
𦛊	⿰月存
𦛋	⿰月吉
𦛌	⿰月聿
𦛍	⿰月再
𦛎	⿰月⿱山巾
𦛏	⿰月圶
𦛐	⿰月𠂬
𦛑	⿰月⿱？丑
𦛒	⿰月有
𦛓	⿰月臼
𦛔	⿰月𭻾
𦛕	⿰月劫
𦛖	⿰月𦔮
𦛗	⿰月吕
𦛘	⿰月赤
𦛙	⿰月成
𦛚	⿰月⿱内口
𦛛	⿰月辛
𦛜	⿰月含
𦛝	⿱余肉
𦛞	⿰月邑
𦛟	⿰月更
𦛠	⿰月圼
𦛡	⿰月狄
𦛢	⿰月囯
𦛣	⿰月走
𦛤	⿰月㒵
𦛥	⿰月⿱义丰
𦛦	⿲月犭勿
𦛧	⿰月𬉹
𦛨	⿰月劳
𦛩	⿰⺼告
𦛪	⿲⺼矢卩
𦛫	⿱⿲𠂈了又⺼
𦛬	⿱⿲𠂈幺又⺼
𦛭	⿰⺼⿱日巾
𦛮	⿰⺼皃
𦛯	⿱⿰石又⺝
𦛰	⿰月迄
𦛱	⿰月谷
𦛲	⿰月角
𦛳	⿰月⿹勹出
𦛴	⿰月⿹勹⿻丿⿱凵凵
𦛵	⿰月⿱𠬛口
𦛶	⿰肉却
𦛷	⿰肉寽
𦛸	⿰月甬
𦛹	⿹𢦒肉
𦛺	⿰月别
𦛻	⿰月村
𦛼	⿰⺼兵
𦛽	⿰月吟
𦛾	⿰月忸
𦛿	⿰月芒
𦜀	⿰月吠
𦜁	⿰肉夆
𦜂	⿰月𡕙
𦜃	⿰月旲
𦜄	⿰月⿱日夊
𦜅	⿰月邦
𦜆	⿰月函
𦜇	⿰月屈
𦜈	⿰月𣏋
𦜉	⿰月𤰞
𦜊	⿰月罙
𦜋	⿰月制
𦜌	⿰月臤
𦜍	⿰月放
𦜎	⿰月承
𦜏	⿰月戾
𦜐	⿰月官
𦜑	⿱𢼄肉
𦜒	⿰月⿳一𠔁夊
𦜓	⿰月欣
𦜔	⿰月𥸮
𦜕	⿰月卺
𦜖	⿰月亞
𦜗	⿱制⺝
𦜘	⿰月乳
𦜙	⿰月⿱壬心
𦜚	⿱⿰支㕛⺝
𦜛	⿰月⿸户勼
𦜜	⿱臤肉
𦜞	⿰月⿱㐅共
𦜟	⿰⺼㕻
𦜠	⿰⺼畀
𦜡	⿰⺼炙
𦜢	⿰⺼𦙟
𦜣	⿰⺼坴
𦜤	⿰⺼⿱⿸𠂇二月
𦜥	⿰⺼岺
𦜦	⿰⺼忠
𦜧	⿰⺼⿱𫩏巴
𦜨	⿰⺼肯
𦜩	⿰⺼忽
𦜪	⿰月𣏼
𦜫	⿰月⿻廿木
𦜬	⿰月芮
𦜭	⿰月奔
𦜮	⿰月𡘆
𦜯	⿰月⿱屯灬
𦜰	⿰月卓
𦜱	⿰月⿱八虫
𦜲	⿰月侌
𦜳	⿱月朋
𦜴	⿱股月
𦜵	⿰月咎
𦜶	⿰月㫄
𦜷	⿰月𢘆
𦜸	⿰月𡧘
𦜹	⿱𢻻⺝
𦜺	⿰月⿱𫜹犮
𦜻	⿰月⿱丑丑
𦜼	⿰月㣇
𦜽	⿰肉奄
𦜾	⿱制肉
𦜿	⿰肉臽
𦝀	⿰月奈
𦝁	⿰⺼其
𦝂	⿰月的
𦝃	⿰月林
𦝄	⿰月夌
𦝅	⿰月忿
𦝆	⿰月牀
𦝇	⿰月怛
𦝈	⿰月昃
𦝉	⿰月底
𦝊	⿰月迍
𦝋	⿰月門
𦝌	⿰月法
𦝍	⿱牀肉
𦝎	⿱法肉
𦝏	⿰月？
𦝐	⿰月奅
𦝑	⿰月育
𦝒	⿰月取
𦝓	⿰月𭁨
𦝔	⿰月知
𦝕	⿰䏍吕
𦝖	⿰月𦙃
𦝗	⿰月附
𦝘	⿰肉卷
𦝙	⿱昔肉
𦝚	⿰月盈
𦝛	⿰月韋
𦝜	⿰月契
𦝝	⿰⺼⿱⿱⺈⿵冂人大
𦝞	⿰月亭
𦝟	⿰月厘
𦝠	⿱吂䏎
𦝡	⿰月弇
𦝢	⿰月癸
𦝣	⿰月客
𦝤	⿰月並
𦝥	⿰月臿
𦝦	⿰月⿱左⺝
𦝧	⿰月甚
𦝨	⿰月皆
𦝩	⿰月胃
𦝪	⿰月垔
𦝫	⿱要⺝
𦝬	⿰月突
𦝭	⿱帥⺝
𦝮	⿰月昬
𦝯	⿰月羍
𦝰	⿰月怱
𦝱	⿰月酋
𦝲	⿰⺼曷
𦝳	⿰月狊
𦝴	⿰月⿱𠆢镸
𦝵	⿰月⿳入𡭕口
𦝶	⿰月𡷈
𦝷	⿰月屏
𦝸	⿻一⿲月丯勿
𦝹	⿰月⿵门杀
𦝺	⿰⺼美
𦝻	⿰⺼宣
𦝼	⿰月娄
𦝽	⿱歪⺼
𦝾	⿰⺼⿱己肉
𦝿	⿰⺼点
𦞀	⿰⺼𢼉
𦞁	⿰月哉
𦞂	⿰月荅
𦞃	⿰月⿱𡗜⺗
𦞄	⿱𡷈⺝
𦞅	⿱𱕻⺝
𦞆	⿰月𱼭
𦞇	⿰月禹
𦞈	⿰月侯
𦞉	⿰肉皆
𦞊	⿰肉帣
𦞋	⿳⿰𫜹𫜹一⿰力肉
𦞌	⿰月恒
𦞍	⿱計肉
𦞎	⿰月彦
𦞏	⿱威肉
𦞐	⿰月虐
𦞑	⿰月盃
𦞒	⿰月待
𦞓	⿰月派
𦞔	⿰月恍
𦞕	⿰月矦
𦞖	⿰月看
𦞗	⿰月䍔
𦞘	⿰肉建
𦞙	⿰月鬼
𦞚	⿰月屑
𦞛	⿰月倉
𦞜	⿰月息
𦞝	⿰月氣
𦞞	⿰月圅
𦞟	⿰月𥁑
𦞠	⿰月隼
𦞡	⿰月邕
𦞢	⿰月圂
𦞣	⿰月蚤
𦞤	⿰月宰
𦞥	⿰月𡌥
𦞦	⿰月隺
𦞧	⿰月留
𦞨	⿰月宫
𦞩	⿱⿴𦥑幺⺝
𦞪	⿰月烝
𦞫	⿱𡨄⺝
𦞬	⿰月䖍
𦞭	⿰月窊
𦞮	⿰月逆
𦞯	⿰月耆
𦞰	⿰月栗
𦞱	⿰肉鬼
𦞲	⿰月蚩
𦞳	⿰⺼容
𦞴	⿰⺼𡘤
𦞵	⿰⺼皋
𦞶	⿰⺼⿳𠮛口夊
𦞷	⿰⺼宴
𦞸	⿰⺼迸
𦞹	⿰⺼辱
𦞺	⿰⺼𣁋
𦞻	⿰⺼草
𦞼	⿰⺼⿱爫缶
𦞽	⿰月骨
𦞾	⿱脽乃
𦞿	⿰月⿱𠬪手
𦟀	⿱吂⿰月丮
𦟁	⿰⿱亡囧月
𦟂	⿰月迷
𦟃	⿰月牂
𦟄	⿰月桑
𦟅	⿰月㕖
𦟆	⿱正𦚋
𦟇	⿰月乘
𦟈	⿰月害
𦟉	⿰月疳
𦟊	⿰月配
𦟋	⿰月倍
𦟌	⿰⺼展
𦟍	⿰月荄
𦟎	⿰差肉
𦟏	⿰月庫
𦟐	⿰月馬
𦟑	⿰月倚
𦟒	⿺屯脆
𦟓	⿱⿰月㞋⺝
𦟔	⿰月致
𦟕	⿰月⿸厂昏
𦟖	⿰肉馬
𦟗	⿰月难
𦟘	⿰月寅
𦟙	⿰月𤉄
𦟚	⿰月䖒
𦟛	⿰月庸
𦟜	⿰月責
𦟝	⿳𠂹一⺝
𦟞	⿰月臯
𦟟	⿰月麻
𦟠	⿰月戚
𦟡	⿱既肉
𦟢	⿰月⿱豕日
𦟣	⿰月𡕩
𦟤	⿰月羞
𦟥	⿰月逐
𦟦	⿰肉莫
𦟧	⿱𦚟𠮛
𦟨	⿰月⿱亠㚇
𦟩	⿰⺼𡘹
𦟪	⿰⺼連
𦟫	⿰⺼𦰩
𦟬	⿰⺼⿱⿻十从㐱
𦟭	⿱肋⿲⿺乚二⿺乚二⿺乚二
𦟮	⿰月莽
𦟯	⿰月勒
𦟰	⿰月虘
𦟱	⿰月宿
𦟲	⿱問⺝
𦟳	⿰月巢
𦟴	⿳𤇾一肉
𦟵	⿰月莩
𦟶	⿰月粘
𦟷	⿰月培
𦟸	⿰月液
𦟹	⿰月崙
𦟺	⿰月掛
𦟻	⿰月匿
𦟼	⿰月閉
𦟽	⿰月密
𦟾	⿰月區
𦟿	⿰月堆
𦠀	⿲月⿻巿丷斤
𦠁	⿰炙束
𦠂	⿱鳥肉
𦠃	⿱？⿲丿⺝丨
𦠄	⿰月幾
𦠅	⿰月尋
𦠆	⿰月巽
𦠇	⿰月曾
𦠈	⿰⺼矞
𦠉	⿰月壹
𦠊	⿰月歮
𦠋	⿱辝⺝
𦠌	⿰月𦓔
𦠍	⿰月㖾
𦠎	⿰月猋
𦠏	⿰月奢
𦠐	⿰月散
𦠑	⿰月厥
𦠒	⿱厥⺝
𦠓	⿸厤⺝
𦠔	⿰月𣂫
𦠕	⿳？口肉
𦠖	⿰月⿱⿱𰀉冖包
𦠗	⿳⿲人人人⿲人人人⺝
𦠘	⿰肩來
𦠙	⿰⺼⿱山眉
𦠚	⿰⺼喬
𦠛	⿰月替
𦠜	⿰月華
𦠝	⿰月畱
𦠞	⿱敝⺝
𦠟	⿲月⿳山一巿斤
𦠠	⿲月⿳山二䶹斤
𦠡	⿱𠈌⿱日⺝
𦠢	⿰月就
𦠣	⿰月𰕎
𦠤	⿰月惢
𦠥	⿰月閒
𦠦	⿰月疏
𦠧	⿰月𮊿
𦠨	⿰月叅
𦠩	⿸厤肉
𦠪	⿱㫺肉
𦠫	⿰𤯦肉
𦠬	⿱辝肉
𦠭	⿰月斯
𦠮	⿱臸⺝
𦠯	⿰月閑
𦠰	⿰肩卓
𦠱	⿰月筏
𦠲	⿰月惡
𦠳	⿰月孱
𦠴	⿰月琴
𦠵	⿰月隊
𦠶	⿱超肉
𦠷	⿰囱胥
𦠸	⿰月袲
𦠹	⿰炙炙
𦠺	⿰炙昆
𦠻	⿰月費
𦠼	⿰⺼⿳巛𠔿𠂡
𦠽	⿰月爲
𦠾	⿰月戢
𦠿	⿰月䪞
𦡀	⿰月⿱⿻十从𱥯
𦡁	⿰月當
𦡂	⿰月董
𦡃	⿰月𠹈
𦡄	⿰月都
𦡅	⿰月⿱刑酉
𦡆	⿰月窟
𦡇	⿰肉睪
𦡈	⿱雍肉
𦡉	⿰盟月
𦡊	⿰月豊
𦡋	⿰月頓
𦡌	⿳⿴𦥑？冖⺼
𦡍	⿰⿱𡰪⺼辛
𦡎	⿰⺼⿳⿱⺌一八金
𦡏	⿰⺼電
𦡐	⿰⺼⿱艹建
𦡑	⿰⺼⿸虍⿱田几
𦡒	⿱微⺼
𦡓	⿰⺼⿳巛罒用
𦡔	⿰⺼鼠
𦡕	⿰月雹
𦡖	⿺歲月
𦡗	⿰月愁
𦡘	⿰月⿻千⿱𠈌二
𦡙	⿰月𡕰
𦡚	⿱雍⺝
𦡛	⿰肉賁
𦡜	⿱辟肉
𦡝	⿰肉愛
𦡞	⿰⺼禁
𦡟	⿰背夌
𦡠	⿰弄脊
𦡡	⿰月碍
𦡢	⿰月蒌
𦡣	⿰月稟
𦡤	⿰月準
𦡥	⿰月溺
𦡦	⿰月董
𦡧	⿰月業
𦡨	⿰⿱林⺝皮
𦡩	⿰膝卩
𦡪	⿰月豋
𦡫	⿰月義
𦡬	⿰月禽
𦡭	⿳⿴𦥑？冖肉
𦡮	⿰⺼普
𦡯	⿰月達
𦡰	⿰月蒪
𦡱	⿰月翟
𦡲	⿰月寧
𦡳	⿰月⿳巛𠔿⿵𠘨⿲⿱丶丶丨⿱丶丶
𦡴	⿰月壽
𦡵	⿰月慁
𦡶	⿰月監
𦡷	⿰月對
𦡸	⿰月疑
𦡹	⿰月㬎
𦡺	⿱賏⺝
𦡻	⿰月凴
𦡼	⿱疑肉
𦡽	⿰月⿺九黄
𦡾	⿰甚胃
𦡿	⿰⺼⿳⺕⿻井八皿
𦢀	⿰⺼臺
𦢁	⿰⺼蒼
𦢂	⿰⺼⿳业䒑𡗗
𦢃	⿰⺼𧨅
𦢄	⿰月裴
𦢅	⿰月⿳火𠬞虫
𦢆	⿱賏肉
𦢇	⿱疑⺝
𦢈	⿰⺼爾
𦢉	⿰月蜜
𦢊	⿰月暴
𦢋	⿰月⿳羔一夫
𦢌	⿰月賣
𦢍	⿰月畿
𦢎	⿰月廣
𦢏	⿰月畾
𦢐	⿰月⿳艹目厺
𦢑	⿰月慼
𦢒	⿰月賫
𦢓	⿰⺼墨
𦢔	⿰⺼慧
𦢕	⿰⺼𦟝
𦢖	⿸𤕫⿱倠⺼
𦢗	⿲⺼⿱吉羊凡
𦢘	⿰⺼⿱艹𣳾
𦢙	⿰月韯
𦢚	⿰月膚
𦢛	⿰月慮
𦢜	⿰月𡼡
𦢝	⿰月瘦
𦢞	⿰月魯
𦢟	⿰月撲
𦢠	⿰月齒
𦢡	⿰屋⿱⿻人从⺝
𦢢	⿰⿱⿻人从⺝屋
𦢣	⿰月⿱爫⿵冂⿲爻丨爻
𦢤	⿰⺼賛
𦢥	⿰月嶲
𦢦	⿰月穌
𦢧	⿰月瞢
𦢨	⿰月閻
𦢩	⿰月蕭
𦢪	⿰月隨
𦢫	⿰⺼龍
𦢬	⿰⺼蕊
𦢭	⿰月𣚇
𦢮	⿰月⿱吅鬼
𦢯	⿰月興
𦢰	⿱興肉
𦢱	⿱君⿲月羊凡
𦢲	⿰月蕪
𦢳	⿰肩爲
𦢴	⿰脱突
𦢵	⿰月廩
𦢶	⿰月頺
𦢷	⿰月駡
𦢸	⿰月薄
𦢹	⿰月⿱羔㺯
𦢺	⿰月⿱罒焦
𦢻	⿰仌⿸䧹肉
𦢼	⿱吂⿲月貝丮
𦢽	⿱豁肉
𦢾	⿰月嶷
𦢿	⿰月巂
𦣀	⿰月聶
𦣁	⿰月𤐫
𦣂	⿰月豐
𦣃	⿰月㬥
𦣄	⿱吂⿲月革凡
𦣅	⿰⺼爵
𦣆	⿰月靡
𦣇	⿰月羅
𦣈	⿰月簿
𦣉	⿱吂⿲月叟凡
𦣊	⿱難⺝
𦣋	⿰月䜌
𦣌	⿰⺼𣞤
𦣍	⿰月羹
𦣎	⿰月難
𦣏	⿱䜌⺝
𦣐	⿱𱼀䜌
𦣑	⿰月蘇
𦣒	⿰月矍
𦣓	⿱⿰来𭅋朋
𦣔	⿳𠫓罒⿲月果凡
𦣕	⿰月飄
𦣖	⿱吂⿲月晶凡
𦣗	⿰月饒
𦣘	⿰月囊
𦣙	⿰月曩
𦣚	⿱𩁘肉
𦣛	⿰月戀
𦣜	⿰月⿱䀠𤖏
𦣞	⿷匚⿳丨口丨
𦣟	⿱山臣
𦣠	⿱臣𡈼
𦣡	⿰臣分
𦣢	⿰臣巿
𦣣	⿰臣戈
𦣤	⿰𦣞⿱？⿰丨？
𦣥	⿰臣必
𦣦	⿰臣臣
𦣧	⿰臣⿻𦉫𠄠
𦣨	⿰臣任
𦣩	⿰臣⿾臣
𦣫	⿰臣其
𦣬	⿰臣⿳𠂉口女
𦣭	⿰帝臣
𦣮	⿱孤臣
𦣯	⿰臣叚
𦣰	⿰南卧
𦣱	⿰臣責
𦣲	⿰⿱臣示皃
𦣳	⿰臣焦
𦣴	⿱臤睘
𦣵	⿳⿰臣？日夊
𦣶	⿱⿰臣怘⿱且八
𦣷	⿰臣⿱𠂉⿱⿲人人人⿲古古古
𦣸	⿰毚監
𦣹	⿶凵⿱人二
𦣺	⿱自丨
𦣻	⿱一自
𦣼	⿶凵夳
𦣽	⿺𠃊𦣻
𦣾	⿱自兀
𦣿	⿱自个
𦤀	⿱自大
𦤁	⿳自一夊
𦤂	⿱自殳
𦤃	⿱自王
𦤄	⿱卝自
𦤅	⿱艹自
𦤆	⿱自云
𦤇	⿰自反
𦤈	⿱自从
𦤉	⿰自公
𦤊	⿰自丑
𦤋	⿸𠃜自
𦤌	⿱自⿰𰀪？
𦤍	⿱自𠙻
𦤎	⿱自本
𦤏	⿱自田
𦤐	⿱自⿻王丷
𦤑	⿱自⿱大𰀁
𦤒	⿱自⿱大彡
𦤓	⿱自⿻甲𠃊
𦤔	⿱自㝑
𦤕	⿰臭夬
𦤖	⿱自卒
𦤗	⿱自奈
𦤘	⿱亯自
𦤙	⿰臬出
𦤚	⿰臭犮
𦤛	⿱自拜
𦤜	⿰自修
𦤝	⿳自穴𠔽
𦤞	⿰危臬
𦤟	⿰囟臭
𦤠	⿰臭灰
𦤡	⿰臭邑
𦤢	⿱洎侖
𦤣	⿰孛臭
𦤤	⿰自寉
𦤥	⿱自翔
𦤦	⿰臭曷
𦤧	⿰臭柰
𦤨	⿰臭昷
𦤩	⿰自廉
𦤪	⿰曷臭
𦤫	⿰自鼻
𦤬	⿰臭害
𦤭	⿰臭烈
𦤮	⿰退臭
𦤯	⿰臭勘
𦤰	⿰臭貪
𦤱	⿰臭緊
𦤲	⿺覺自
𦤳	⿱𠫔龶
𦤴	⿱⿶凵⿱㐅一土
𦤵	⿱又至
𦤶	⿰至夂
𦤷	⿰至久
𦤸	⿰川至
𦤹	⿰至不
𦤺	⿰至攴
𦤻	⿺瓜至
𦤼	⿱⿱士冖至
𦤽	⿰至尼
𦤾	⿰至旦
𦤿	⿳丰冖至
𦥀	⿰至𭆙
𦥁	⿰𦉴至
𦥂	⿳圭冖至
𦥃	⿰至典
𦥄	⿱其至
𦥅	⿰至枲
𦥆	⿳丰癶至
𦥇	⿰至奏
𦥈	⿳𦍌冖至
𦥉	⿰室吾
𦥊	⿱孫至
𦥋	⿱⿰歺㐱至
𦥌	⿰至書
𦥍	⿰至夏
𦥎	⿱執至
𦥏	⿱至臸
𦥐	⿰枲致
𦥒	⿶凵⿰⿱𠃎一⿱𠃊一
𦥓	⿴？㐅
𦥔	⿻臼丨
𦥕	⿱𦥔𠃌
𦥖	⿻臼⿱乛丨
𦥗	⿱⿴臼丨了
𦥘	⿱臼寸
𦥙	⿻𦥑⿻㇂㇒
𦥚	⿱⿴臼丨丂
𦥛	⿻千臼
𦥜	⿱夕臼
𦥝	⿱爪臼
𦥞	⿰臼欠
𦥟	⿰臼冘
𦥠	⿱臼𠬞
𦥡	⿱臼巿
𦥢	⿱勹⿴？⿰𠄠𠄠
𦥣	⿰臼尤
𦥤	⿱𦥔万
𦥥	⿰臼𪩲
𦥦	⿰臼末
𦥧	⿱臼之
𦥨	⿰臼穴
𦥩	⿳臼一⺝
𦥪	⿱臼由
𦥫	⿱千⿴？⿰𠄠𠄠
𦥬	⿰臼乍
𦥭	⿱屰臼
𦥮	⿱？臼
𦥰	⿰臼光
𦥱	⿱臼𢁟
𦥲	⿱⿱㇒⿻一止臼
𦥳	⿱臾㠯
𦥴	⿳𠆢⿱十𠔀臼
𦥵	⿰臽𠮥
𦥶	⿰臼男
𦥷	⿳⿴𦥑⺝一八
𦥸	⿱⿴𦥑？廾
𦥹	⿱𡘩手
𦥺	⿻？𦥑
𦥻	⿰臼垂
𦥼	⿱黽乂
𦥽	⿱⿻午𠬞臼
𦥾	⿱屰⿴？⿰𠄠𠄠
𦥿	⿰光臽
𦦀	⿻⿱𦥑𦥑丨
𦦁	⿱臼⿻臼乚
𦦂	⿳臼八臼
𦦃	⿰旨兒
𦦄	⿱昍臼
𦦅	⿰臼奏
𦦆	⿱𡘑糸
𦦇	⿰臼耑
𦦈	⿰臼臿
𦦉	⿱⿴𦥑囟大
𦦊	⿰⿴？⿰𠄠𠄠男
𦦋	⿱臼⿵八圼
𦦌	⿰舀召
𦦍	⿳臼再土
𦦎	⿱𦥯弓
𦦏	⿱？臼
𦦐	⿰臼尃
𦦑	⿱𦥯分
𦦒	⿱⿴𦥑囟𠬞
𦦓	⿳𠆢⿻十𠬞⿴？⿰𠄠𠄠
𦦔	⿱𦥔禺
𦦕	⿰臿夾
𦦖	⿰叕⿱刀臼
𦦗	⿱𦥯木
𦦘	⿰臿疌
𦦙	⿱與丰
𦦚	⿱臾臾
𦦛	⿱𦥯丘
𦦜	⿱舂⿻正一
𦦝	⿱⿴𦥑⿵冂𬼽⿵冂⿱㐅丅
𦦞	⿳⿴𦥑⿵冂𬼽㓁丅
𦦟	⿳⿴𦥑同一分
𦦠	⿱𦥯申
𦦡	⿳⿴𦥑同⿱冖八丅
𦦢	⿱敞臼
𦦣	⿰臼最
𦦤	⿱⿴𦥑囟曲
𦦥	⿳⿴𦥑囟冖甘
𦦦	⿱⿻人⿱臼臼亡
𦦧	⿱⿴𦥑同⿵冂⿱丷丅
𦦨	⿰舀炎
𦦩	⿳⿴𦥑缶冖夗
𦦪	⿳⿴𦥑舀一八
𦦫	⿱⿻亏⿱𦥑𦥑⿱一八
𦦬	⿱⿴𦥑古⿲𰀪月⺀
𦦭	⿱⿻人⿱𦥑𦥑亡
𦦮	⿱與全
𦦯	⿱𦥯𦈢
𦦰	⿰臼壽
𦦱	⿱舂臿
𦦲	⿳⿴𦥑？臼⿱一八
𦦳	⿱與兑
𦦴	⿳⿴𦥑𭁟冖⿳一由八
𦦵	⿱𦥯松
𦦶	⿱⿴𦥑古⿲𰀪臣⺀
𦦷	⿱⿴𦥑囟禺
𦦸	⿱與易
𦦹	⿱⿰凿殳臼
𦦺	⿱⿵𡗗𦥑𠷎
𦦻	⿱⿱⿴𦥑同冖禺
𦦼	⿳⿴𦥑米冖⿳宀⿱八𠆢夕
𦦽	⿱䜌臼
𦦾	⿱⿵𡗗臼壽
𦦿	⿰嬰兒
𦧀	⿱𦥯熏
𦧁	⿳⿱⿴𦥑同冖？奉
𦧂	⿱⿴𦥑囟𦦉
𦧃	⿰屡舊
𦧄	⿱⿲圥⿱⿰⿰丨⿱𠃎𠄠⿰⿱𠃊𠄠丨开圥⿰⿱⿰⿰丨⿱𠃎𠄠⿰⿱𠃊𠄠丨开⿱⿰⿰丨⿱𠃎𠄠⿰⿱𠃊𠄠丨开
𦧅	⿱興⿰興興
𦧆	⿱舌一
𦧇	⿰舌也
𦧈	⿰舌今
𦧉	⿰舌支
𦧊	⿰舌允
𦧋	⿰舌牛
𦧌	⿰舌升
𦧍	⿰爪舌
𦧎	⿰今舌
𦧏	⿰舌井
𦧐	⿰𠫘舌
𦧑	⿰舌它
𦧒	⿰舌古
𦧓	⿰舌㐌
𦧔	⿰舌瓜
𦧕	⿸厃⿱八舌
𦧖	⿰舌㐁
𦧗	⿰自舌
𦧘	⿰肉舌
𦧙	⿰舌朱
𦧚	⿰舌舌
𦧛	⿰舌合
𦧜	⿰舌吏
𦧞	⿰舌呇
𦧟	⿰舌沓
𦧠	⿰帛舌
𦧡	⿰炎舌
𦧢	⿰舌𣏋
𦧣	⿰舌侖
𦧤	⿰舌𣏼
𦧥	⿰沓舌
𦧦	⿰舌受
𦧧	⿰舌是
𦧨	⿰⿱亠呂舌
𦧩	⿰舌咸
𦧪	⿺是舌
𦧫	⿰舌彖
𦧬	⿰彖舌
𦧭	⿰舌𦐇
𦧮	⿰舌害
𦧯	⿰舌息
𦧰	⿰息舌
𦧱	⿰舌習
𦧲	⿰舌累
𦧳	⿰舌⿱夾水
𦧴	⿰舌單
𦧵	⿲舌舌舌
𦧶	⿰書舍
𦧷	⿰舌廉
𦧸	⿰舍巽
𦧹	⿰舌⿱艹⿻𰀁𠈌
𦧺	⿰舌賴
𦧻	⿰舌毚
𦧼	⿰舌闌
𦧽	⿰舌⿱彔䖵
𦧾	⿰粦⿹⺄十
𦧿	⿰㷠乚
𦨀	⿳⿲木夕木一舛
𦨁	⿰舜𭖒
𦨂	⿰某舞
𦨃	⿰䑞⿱𡳿土
𦨄	⿰䑞𭖒
𦨅	⿱𣞤舛
𦨆	⿰⿱北𥥟粦
𦨇	⿰舟乙
𦨈	⿰舟人
𦨉	⿰舟刂
𦨊	⿰舟⿱㇒乚
𦨋	⿰舟乃
𦨌	⿰舟㔾
𦨍	⿰舟丁
𦨎	⿰舟乇
𦨏	⿰舟乞
𦨐	⿰舟大
𦨑	⿰舟才
𦨒	⿰舟弋
𦨓	⿰舟勺
𦨔	⿰舟刃
𦨕	⿰舟𠬝
𦨖	⿰舟少
𦨗	⿰舟攴
𦨘	⿰舟亓
𦨙	⿰舟日
𦨚	⿰舟犬
𦨛	⿰舟勾
𦨜	⿰舟戈
𦨝	⿰舟互
𦨟	⿰舟支
𦨠	⿰舟𢆰
𦨡	⿰舟弗
𦨢	⿰舟氐
𦨣	⿰舟召
𦨤	⿰永舟
𦨥	⿰舟出
𦨦	⿱加舟
𦨧	⿰舟目
𦨨	⿰舟夗
𦨩	⿰舟龙
𦨪	⿰舟旦
𦨫	⿰舟平
𦨬	⿰舟永
𦨭	⿰舟皮
𦨮	⿰舟代
𦨯	⿰舟舌
𦨰	⿰舟邛
𦨱	⿰舟聿
𦨲	⿰舟氾
𦨳	⿰舟吴
𦨴	⿰舟同
𦨵	⿰舟行
𦨶	⿰舟关
𦨷	⿰舟伐
𦨸	⿰舟⿱㇒⿻⺆𰀁
𦨹	⿰舟危
𦨺	⿰永⿺𠃊舟
𦨻	⿰舟光
𦨼	⿰舟吳
𦨽	⿰舟岑
𦨾	⿰舟亨
𦨿	⿰舟⿺廴⿱乛土
𦩀	⿰舟夾
𦩁	⿰舟条
𦩂	⿰舟𭻾
𦩃	⿰舟兑
𦩄	⿰舟𡉵
𦩅	⿰舟旱
𦩆	⿰舟我
𦩇	⿰舟⿳厶𡭔又
𦩈	⿰舟矣
𦩉	⿰矣舟
𦩊	⿰舟兒
𦩋	⿰舟非
𦩌	⿰舟疌
𦩍	⿰舟周
𦩎	⿰舟灷
𦩏	⿰舟隹
𦩐	⿱𦨚巴
𦩑	⿰舟來
𦩒	⿰舟亞
𦩓	⿰舟叁
𦩔	⿰舟⿱矢彡
𦩕	⿰舟虎
𦩖	⿰舟卑
𦩗	⿰舟炎
𦩙	⿰舟⿱丑丑
𦩚	⿰舟枚
𦩛	⿰舟具
𦩜	⿰舟咅
𦩝	⿰舟胃
𦩞	⿰舟俞
𦩟	⿰舟复
𦩠	⿰舟星
𦩡	⿰舟畐
𦩢	⿰舟咸
𦩣	⿰舟契
𦩤	⿰舟突
𦩥	⿰舟曷
𦩦	⿰舟𦘔
𦩧	⿱𡥦舟
𦩨	⿰舟津
𦩩	⿰舟⿱龹女
𦩪	⿰舟架
𦩫	⿰舟帣
𦩬	⿰舟威
𦩭	⿰舟思
𦩮	⿰舟爰
𦩯	⿰舟⿸尸曲
𦩰	⿰舟重
𦩱	⿰舟⿱龹土
𦩲	⿰舟酋
𦩳	⿰舟者
𦩴	⿰舟豈
𦩵	⿰舟兼
𦩶	⿰舟奚
𦩷	⿰舟冓
𦩸	⿰舟弱
𦩹	⿰舟舀
𦩺	⿰舟𣑦
𦩻	⿰𠦝⿱𠂉舟
𦩼	⿰舟貢
𦩽	⿰舟𩠐
𦩾	⿰舟⿱爫缶
𦩿	⿰舟𦥛
𦪀	⿰舟唐
𦪁	⿰舟⿳穴𠆢夊
𦪂	⿰舟徒
𦪃	⿰舟冢
𦪄	⿰舟𦤃
𦪅	⿰舟庭
𦪆	⿰舟基
𦪇	⿰舟鹿
𦪈	⿱敖舟
𦪉	⿰舟淮
𦪊	⿰舟戚
𦪋	⿰舟羞
𦪍	⿰舟⿱止豆
𦪎	⿰舟逢
𦪏	⿰舟通
𦪐	⿰舟⿱囱心
𦪑	⿰舟發
𦪒	⿰舟貴
𦪓	⿰舟肅
𦪔	⿰舟敦
𦪕	⿰舟尞
𦪖	⿰舟番
𦪗	⿰舟黄
𦪘	⿰舟厥
𦪙	⿰舟翕
𦪚	⿰舟尊
𦪛	⿰舟堯
𦪜	⿰舟叅
𦪝	⿰舟絭
𦪞	⿰舟喬
𦪟	⿰舟彭
𦪠	⿰舟華
𦪡	⿰舟虚
𦪢	⿰舟單
𦪣	⿰單舟
𦪤	⿱⿰舟舟⿹勹方
𦪥	⿰舟⿱穴伯
𦪦	⿰舟掌
𦪧	⿰舟敢
𦪨	⿰舟⿰𧾷吏
𦪩	⿰舟零
𦪪	⿰舟𥭗
𦪫	⿰舟粲
𦪬	⿰舟歇
𦪭	⿰舟達
𦪮	⿰舟⿱𠈌⿸丆工
𦪯	⿰舟⿸戶昷
𦪰	⿱𢾕舟
𦪱	⿱⿰臣妻舟
𦪲	⿰舟⿻肀⿱八𣶒
𦪳	⿰舟豪
𦪴	⿰舟⿳巛𠔿⿲丿⿲⿱丶丶丨⿱丶丶㇂
𦪵	⿰舟箕
𦪶	⿰舟䗍
𦪸	⿰舟賛
𦪹	⿱般⿰禾血
𦪺	⿰舟⿻肀⿳八一𣶒
𦪻	⿰舟寬
𦪼	⿰舟稽
𦪽	⿰舟龍
𦪾	⿰舟歷
𦪿	⿱龍舟
𦫀	⿰舟駦
𦫁	⿰舟⿳火⿰夕又言
𦫂	⿰舟⿳火⿰夕又貝
𦫃	⿰舟霝
𦫄	⿰舟⿱雨並
𦫅	⿰舟贊
𦫆	⿰舟蟸
𦫇	⿰舟矍
𦫈	⿰舟蠡
𦫉	⿰舟⿷？？
𦫊	⿰舟靈
𦫋	⿰亡艮
𦫌	⿱禾艮
𦫍	⿰？开
𦫎	⿰耒艮
𦫏	⿰？并
𦫐	⿰𡘆良
𦫑	⿰奚良
𦫒	⿰⿳廿𠀐𡉀艮
𦫓	⿺色夕
𦫔	⿱癶色
𦫕	⿰末色
𦫖	⿺色白
𦫗	⿰皮色
𦫘	⿺色犮
𦫙	⿰白色
𦫚	⿰夸色
𦫛	⿰孛色
𦫜	⿰𤆍色
𦫝	⿰夋色
𦫞	⿰𢒊色
𦫟	⿰炎色
𦫠	⿱承色
𦫡	⿰其色
𦫢	⿰尚色
𦫣	⿰㫄色
𦫤	⿺色頁
𦫥	⿰面色
𦫦	⿰爰色
𦫧	⿰美色
𦫨	⿰彥色
𦫩	⿰⿱吅亐色
𦫪	⿰窊色
𦫫	⿰翁色
𦫬	⿰奚色
𦫭	⿰真色
𦫮	⿰員色
𦫯	⿰熏色
𦫰	⿰夢色
𦫱	⿰鼻色
𦫲	⿱䜌色
𦫳	⿱卝丨
𦫴	⿱艹⺄
𦫵	
𦫶	⿱艹丩
𦫷	⿱艹𠃏
𦫸	⿱艹人
𦫹	⿰⿻䶹一⿻屮一
𦫺	⿱艹丆
𦫻	⿱艹亻
𦫼	⿱艹了
𦫽	⿱艹二
𦫾	⿱艹㔾
𦬀	⿱艹匸
𦬁	⿱艹才
𦬂	⿱艹兀
𦬃	⿱艹乇
𦬄	⿱艹刃
𦬅	⿱艹口
𦬆	⿱艹亾
𦬇	⿱艹廾
𦬈	⿱艹⿱⺊⺄
𦬉	⿳艹𠆢㇉
𦬊	⿱艹巳
𦬋	⿳艹一力
𦬌	⿱艹⿹⿻𠃌丨㇒
𦬍	⿱艹尢
𦬎	⿱艹也
𦬏	⿱艹䶹
𦬐	⿱艹⿰丿又
𦬑	⿱艹女
𦬒	⿱艹𰀁
𦬓	⿱艹尤
𦬔	⿱艹爪
𦬕	⿱艹中
𦬖	⿱艹仇
𦬗	⿱艹戈
𦬘	⿱艹公
𦬙	⿱艹仆
𦬚	⿱艹互
𦬛	⿱艹丏
𦬜	⿱艹𢆰
𦬝	⿱艹？
𦬞	⿱艹天
𦬟	⿱艸亓
𦬠	⿱艹⿰𠂇十
𦬡	⿱艹卆
𦬢	⿱艹卅
𦬣	⿱艹𠕀
𦬤	⿱艹㸦
𦬥	⿱艹⿰𠂈丩
𦬦	⿱艸犬
𦬧	⿱艸廾
𦬨	⿱艹尺
𦬩	⿱艹六
𦬪	⿱𫇦丁
𦬫	⿱艹犬
𦬬	⿱艹王
𦬭	⿱艹水
𦬮	⿱𫇦儿
𦬯	⿱艹什
𦬰	⿱艹𡈼
𦬱	⿱艹升
𦬲	⿱艹⿱㇒口
𦬳	⿱艹𬽢
𦬴	⿱艹⿰亻𫠠
𦬵	⿱艹廿
𦬶	⿱艹午
𦬷	⿱艹𠂔
𦬸	⿱艹术
𦬹	⿱艹旦
𦬺	⿱艹兄
𦬻	⿱艹奴
𦬼	⿱艹尔
𦬽	⿱艹𣎼
𦬾	⿱艹玄
𦬿	⿱艹𣦵
𦭀	⿱艹凥
𦭁	⿱艹㘝
𦭂	⿱𫇦⿻⿰丿㇂一
𦭃	⿳艹⿱一八丂
𦭄	⿱艹𪩲
𦭅	⿱艹⿲𰀪丨⿱丶丶
𦭆	⿳艹𠆢亡
𦭇	⿰𦫳⿱八又
𦭈	⿱艹瓦
𦭉	⿱艹⿴囗九
𦭊	⿱艹⿸升丶
𦭋	⿱艹𡯄
𦭌	⿱艹卡
𦭍	⿳艹𠃍丑
𦭎	⿱艹卭
𦭏	⿱艹㐱
𦭐	⿱艹斥
𦭑	⿱艹汀
𦭒	⿱艹正
𦭓	⿱艹世
𦭔	⿱艹永
𦭕	⿱艹氶
𦭖	⿱艹甲
𦭗	⿱艹⿰山人
𦭘	⿱艹夘
𦭙	⿱艹⿰幺卩
𦭚	⿱艹⿰乡十
𦭛	⿱艹仟
𦭜	⿱艹只
𦭝	⿱艹罒
𦭞	⿱艹叐
𦭟	⿱艹他
𦭠	⿱艸仺
𦭡	⿱艹司
𦭢	⿱艹⿱一？
𦭣	⿱艹⿰山刂
𦭤	⿱艹龱
𦭥	⿱艹㐌
𦭦	⿱艹主
𦭧	⿱艹匝
𦭨	⿱𫇦于
𦭩	⿱艹𡳿
𦭪	⿱艹匈
𦭫	⿱艸仺
𦭬	⿱𫇦巾
𦭭	⿱艹邛
𦭮	⿱艹㐁
𦭯	⿱艹𫠥
𦭰	⿱艹汝
𦭱	⿱艹⿱一𢆉
𦭲	⿱艹弜
𦭳	⿱艹羽
𦭴	⿱艹州
𦭵	⿱艹羊
𦭶	⿱艹先
𦭷	⿱艹牟
𦭸	⿱艹舟
𦭹	⿱艹灰
𦭺	⿱艹⿱丩𫡅
𦭻	⿱艹臼
𦭼	⿱艹𠬪
𦭽	⿱艹伊
𦭾	⿱艹⿱㇒罒
𦭿	⿱艹伢
𦮀	⿱艹兊
𦮁	⿱𦫷廾
𦮂	⿱艹旨
𦮃	⿱艹⿴北丨
𦮄	⿱艹⿴四一
𦮅	⿱艸⿻丅⿱凵冂
𦮆	⿳艹一⿰？又
𦮇	⿱艹𣎽
𦮈	⿱艹㕄
𦮉	⿱艹𫝁
𦮊	⿳艹？丑
𦮋	⿱芒巛
𦮌	⿱艹䏍
𦮍	⿱艹⿹勹𠙷
𦮎	⿱艹共
𦮏	⿱艹⿵冂𠔽
𦮐	⿱艹𡗞
𦮑	⿱艹⿱彐口
𦮒	⿱艹⿶凵王
𦮓	⿱艹𠛄
𦮔	⿱艹夅
𦮕	⿱艹𠇍
𦮖	⿱芉久
𦮗	⿱艹囡
𦮘	⿱艿⿰𠂇十
𦮙	⿱艹？
𦮚	⿳艹⺌𠫔
𦮛	⿱艹汣
𦮜	⿱𫇦斗
𦮝	⿱艹忙
𦮞	⿱艹⿻亡小
𦮟	⿱艹⿲氵丶人
𦮠	⿱艹戌
𦮡	⿳艹龴⺗
𦮢	⿱艹圴
𦮣	⿱艹吁
𦮤	⿳艹匕心
𦮥	⿱艹㕦
𦮦	⿱艹𫑗
𦮧	⿱艹𡕖
𦮨	⿳艹巛工
𦮩	⿱艹⿰亻之
𦮪	⿱艹份
𦮫	⿱艹𣁁
𦮬	⿱艹伒
𦮭	⿱艹氽
𦮮	⿱艹㓇
𦮯	⿱艹刖
𦮰	⿱艹亦
𦮱	⿱艹⿹勹王
𦮲	⿱艹礼
𦮳	⿱艹企
𦮴	⿱艹年
𦮵	⿱艹⿻⿱⺕𠆢亅
𦮶	⿱艹吻
𦮷	⿱艹貝
𦮸	⿱艹矣
𦮹	⿱艹夿
𦮺	⿱艹私
𦮻	⿱艹肙
𦮼	⿱艹忌
𦮽	⿱艹告
𦮾	⿱艹抐
𦮿	⿱艹劬
𦯀	⿱艹坌
𦯁	⿱艹囤
𦯂	⿱艹𠦑
𦯃	⿱艹局
𦯄	⿱艹丣
𦯅	⿱艹序
𦯆	⿱艹戼
𦯇	⿱艹𠑽
𦯈	⿱艹𠬶
𦯉	⿱艹伯
𦯊	⿱艹決
𦯋	⿱艹𢀜
𦯌	⿱艹㤀
𦯍	⿱艹𦔮
𦯎	⿱艹囱
𦯏	⿱艹⿰女𠠵
𦯐	⿱艹佋
𦯑	⿱艹皁
𦯒	⿱艹仰
𦯓	⿱艹阻
𦯔	⿱艹弟
𦯕	⿱艹宋
𦯖	⿱艹圼
𦯗	⿳艹干⿹𠃌口
𦯘	⿱艹⿱灭又
𦯙	⿱艹㧎
𦯚	⿱艹𠯑
𦯛	⿱艹𢌺
𦯜	⿱艹皃
𦯝	⿱艹𰍪
𦯞	⿱艹⿸𠂇用
𦯟	⿱艹肟
𦯠	⿱艹乱
𦯡	⿳艹弓心
𦯢	⿱艹⿰歹弓
𦯣	⿱艹伹
𦯤	⿱艸⿱大？
𦯥	⿱艸⿱宀互
𦯦	⿱艸皃
𦯧	⿱艹𣏋
𦯨	⿳艹厶卉
𦯩	⿳艹厸夊
𦯪	⿱艹杓
𦯫	⿱艹𣲑
𦯬	⿱艹佘
𦯭	⿱艹⿺𠃊㠯
𦯮	⿱艹⿱大毛
𦯯	⿱艹⿴囗仌
𦯰	⿱艹⿸厂石
𦯱	⿱艹𠈄
𦯲	⿱芬兀
𦯳	⿱艹弅
𦯴	⿰⿱艹⿸尸力人
𦯵	⿱艹⿱⿴？一儿
𦯶	⿱艹冏
𦯷	⿱艹妙
𦯸	⿱芑⿰𠂇十
𦯹	⿱艹沁
𦯺	⿳艹⿱亠丷女
𦯻	⿱艹汶
𦯼	⿱艹罕
𦯽	⿱芯女
𦯾	⿳艹𤣥口
𦯿	⿱艹㝴
𦰀	⿳艹夫夕
𦰁	⿱艹李
𦰂	⿱艹𤆎
𦰃	⿱艹⿱大开
𦰄	⿱艹扲
𦰅	⿱艹⿸𠂇⿹丂口
𦰆	⿱艹盁
𦰇	⿱艹妟
𦰈	⿱艹𠖼
𦰉	⿳艹吅㇉
𦰊	⿱艹𪞐
𦰋	⿱艹⿻口儿
𦰌	⿱艹⿻口龶
𦰍	⿳艹夂⺗
𦰎	⿳艹夭夕
𦰏	⿱艹条
𦰐	⿱艹伶
𦰑	⿳艹⿰⿰？丶刀又
𦰒	⿱艹佦
𦰓	⿱艹⿰女毋
𦰔	⿱艹⿱夕木
𦰕	⿱艹⿰女木
𦰖	⿱艹抛
𦰗	⿱艹𰅲
𦰘	⿱艹厎
𦰙	⿱芘廾
𦰚	⿱艹沃
𦰛	⿱艹汾
𦰜	⿱艹陁
𦰝	⿱艹甹
𦰞	⿱艹𭣢
𦰟	⿱艹阮
𦰠	⿱艹𪪳
𦰡	⿱艹那
𦰢	⿱艹⿰月阝
𦰣	⿱艹低
𦰤	⿱艹牢
𦰥	⿱艹⿰⿱㇒⿻二丿阝
𦰦	⿱艹改
𦰧	⿱艹𣏏
𦰨	⿳艹一⿰日又
𦰪	⿱艹泅
𦰫	⿱艹泥
𦰬	⿱艹帛
𦰭	⿱艹迍
𦰮	⿱艹⿱大包
𦰯	⿱艹始
𦰰	⿱艹姁
𦰱	⿱艹尚
𦰲	⿱艹盱
𦰳	⿱艹枒
𦰴	⿱艹弥
𦰵	⿱艹𠛫
𦰶	⿱艹𡊦
𦰷	⿱艹𡶇
𦰸	⿱艹⿰歹心
𦰹	⿱艹受
𦰺	⿱艹阜
𦰻	⿱艹杴
𦰼	⿱艹阼
𦰽	⿱艹披
𦰾	⿱艹㚿
𦰿	⿱艹侈
𦱀	⿱艹育
𦱁	⿱艹弦
𦱂	⿱艹或
𦱃	⿱艹盂
𦱄	⿱艹狐
𦱅	⿱艹居
𦱆	⿱艹陀
𦱇	⿱艹空
𦱈	⿱艹沭
𦱉	⿱艹⿻臼乚
𦱊	⿱艹争
𦱋	⿱艹盲
𦱌	⿱艹岡
𦱍	⿱艹𣏟
𦱎	⿱艹侍
𦱏	⿱艹⿱𡗜夕
𦱐	⿱艹𥝕
𦱑	⿱艹秈
𦱒	⿱艹牧
𦱓	⿱艹𢌿
𦱔	⿱艹肶
𦱕	⿱艹呵
𦱖	⿱艹附
𦱗	⿱艹旹
𦱘	⿱艹㫄
𦱙	⿱艹䏔
𦱚	⿱艹⿰云云
𦱛	⿱苜夊
𦱜	⿱艹䄪
𦱝	⿱艹𠛱
𦱞	⿱艹𡴋
𦱟	⿳艹囚夊
𦱠	⿳艸丩艸
𦱡	⿱芔叩
𦱢	⿱芔⿰口㔾
𦱣	⿱艹𥁃
𦱤	⿱艹㫒
𦱥	⿱艹⿻⿱一⺕止
𦱦	⿱艹⿻千𠮡
𦱧	⿱芔本
𦱨	⿱艹𢏏
𦱩	⿳艹⿰句又一
𦱪	⿱艹⿱丑丑
𦱫	⿳艹⿺𠃊口円
𦱬	⿳艹癶土
𦱭	⿳艹⿰𠂈匕廾
𦱮	⿱艹秉
𦱯	⿱艹⿸厂⿱示一
𦱰	⿱艹⿰寺刂
𦱱	⿱艹𢍀
𦱲	⿱艹⿸尸冉
𦱴	⿳艸⿱一䶹卅
𦱵	⿱艹⿴囗矢
𦱶	⿱芔冉
𦱷	⿱艹㶨
𦱸	⿱艹𦥔
𦱹	⿳艸㐅艸
𦱺	⿱芔⿱𠆢亡
𦱻	⿱芧灬
𦱼	⿱艹⿸厂⿰丿⿱？乙
𦱽	⿱艹臥
𦱾	⿱艹坪
𦱿	⿱艹⿲彳丨攵
𦲀	⿱艹怡
𦲁	⿱艹妮
𦲂	⿱艹𥩘
𦲃	⿳卝土⿺久厶
𦲄	⿱艹穹
𦲅	⿱艹⿻⿱⺕冖巾
𦲆	⿳艹干句
𦲇	⿱芴⿰𠂇十
𦲈	⿱芥⿰𠂇十
𦲉	⿱艹泄
𦲊	⿱艹炉
𦲋	⿱𫇦舛
𦲌	⿱艹炏
𦲍	⿱艹⿰氵⿱䒑八
𦲎	⿱艹穸
𦲏	⿱艹房
𦲐	⿳艹𰀉⿵冂丨
𦲑	⿱艹沗
𦲒	⿱艹厓
𦲓	⿱艹杰
𦲔	⿱艹𢺸
𦲕	⿱艹亞
𦲖	⿱艹玪
𦲗	⿱艹⿰⿱𫜹𠄎殳
𦲘	⿱艹⿸厂⿱幺夊
𦲙	⿳艹𫜹⿻一水
𦲚	⿱艹狀
𦲛	⿱艹⿰女⿱丶巴
𦲜	⿱芯木
𦲝	⿱艹姆
𦲞	⿱艹叁
𦲟	⿱艹制
𦲠	⿱艹⿰白巳
𦲡	⿱艹𤝗
𦲢	⿱艹⿻禾卄
𦲣	⿱艹㚼
𦲤	⿱艹依
𦲥	⿱艹㹨
𦲦	⿱艹𱵼
𦲧	⿱艹舍
𦲨	⿱艹𡛩
𦲩	⿱卝𫤘
𦲪	⿱艹𪠨
𦲫	⿱艹拂
𦲬	⿱艸𣏟
𦲭	⿱艹𦙃
𦲮	⿱艹⿰亻兊
𦲯	⿱艹𡕢
𦲰	⿱艹𥃳
𦲱	⿱苻廾
𦲲	⿱艹枚
𦲳	⿱艹⿸厂⿱丷⿸尸𠃉
𦲴	⿱艹⿰亻⿱⺈文
𦲵	⿱艹征
𦲶	⿱艹承
𦲷	⿱艹泣
𦲸	⿱艹雨
𦲹	⿱艹夜
𦲺	⿱艹使
𦲻	⿱艹㸒
𦲼	⿱艹妬
𦲽	⿱艹欣
𦲾	⿱艹法
𦲿	⿳艹罒𪜀
𦳀	⿱艹妹
𦳁	⿱艹秏
𦳂	⿱艹洟
𦳃	⿱艹耶
𦳄	⿱艹便
𦳅	⿱艹𢈔
𦳆	⿱艹兗
𦳇	⿱艹恬
𦳈	⿱艹毗
𦳉	⿱艹陏
𦳊	⿱艹𱕻
𦳋	⿱艹㕟
𦳌	⿱艹急
𦳍	⿱艹胍
𦳎	⿱艹䏣
𦳏	⿱艹柤
𦳐	⿱艹柰
𦳑	⿱艹某
𦳒	⿱艹⿱⺻火
𦳓	⿱艹鳬
𦳔	⿱艹度
𦳕	⿱草廾
𦳖	⿺辶苘
𦳗	⿱艹省
𦳘	⿱艹查
𦳙	⿱艹致
𦳚	⿱艹是
𦳛	⿱艹軌
𦳜	⿱艹昬
𦳞	⿱艹拜
𦳟	⿱艹⿰巾羊
𦳠	⿱艹癹
𦳡	⿱艹𤓿
𦳢	⿱艹胃
𦳣	⿱荀大
𦳤	⿱艹炰
𦳥	⿱艹眇
𦳦	⿱艹哉
𦳧	⿱艹斿
𦳨	⿱艹⿰女𡯎
𦳩	⿱艹囿
𦳪	⿱艹㢲
𦳫	⿱艹𮂸
𦳬	⿱艹𡇞
𦳭	⿱艹𫐣
𦳮	⿱艹𣐥
𦳯	⿺辶𦬸
𦳰	⿱艹㧁
𦳱	⿱艹𣅼
𦳲	⿰莖刂
𦳳	⿱艹𦘔
𦳴	⿱艹𢍆
𦳵	⿱艹斫
𦳶	⿱艹䖟
𦳷	⿱艹酋
𦳸	⿱艹𪵻
𦳹	⿱艹⿰女尥
𦳺	⿱艹⿺辶犮
𦳻	⿱芏𨙰
𦳼	⿱艹炳
𦳽	⿱艹⿱禾允
𦳾	⿱艹䆓
𦳿	⿱艹⿰木矢
𦴀	⿱艹⿱龶目
𦴁	⿳艹⿺𠃊目乂
𦴂	⿱艹⿻千𪢴
𦴃	⿱艹⿱一⿻冖糸
𦴄	⿱艹⿴𡆦日
𦴅	⿳艹厸⿱八夊
𦴆	⿱艹耇
𦴇	⿱艹荣
𦴈	⿱艹若
𦴉	⿱艹⿰牙瓜
𦴊	⿱艹殃
𦴋	⿳⿱艹罒冖又
𦴌	⿱艹㝖
𦴍	⿱艹虵
𦴎	⿱𫇦⿰子殳
𦴏	⿱艹⿰⿻⿱㇒一丿并
𦴐	⿳艹⿱一艹天
𦴑	⿱艹柑
𦴒	⿱艹亯
𦴓	⿱艹⿸厂⿱八尼
𦴔	⿱苂目
𦴕	⿱艹宩
𦴖	⿴茜口
𦴗	⿳艹龱⺝
𦴘	⿱芔刕
𦴙	⿱艹𥝤
𦴚	⿱艹迢
𦴛	⿱艹㢴
𦴜	⿳艹⿻罒一心
𦴝	⿱艹⿰氵⿻甲一
𦴞	⿱艹⿻臼⿻㇂㇒
𦴟	⿱艹⿰𣧄刂
𦴠	⿱艹⿴囗䏌
𦴡	⿱艹柭
𦴢	⿱艹泚
𦴣	⿱艹㛄
𦴤	⿱艹映
𦴥	⿱艹洵
𦴦	⿱艹客
𦴧	⿱艹飛
𦴨	⿱艹侰
𦴩	⿱艹信
𦴪	⿱艹⿰方尼
𦴫	⿱艹⿰⿰丨⿱？？帀
𦴬	⿱艹芔
𦴭	⿱艹狠
𦴮	⿱范⿰𠂇十
𦴯	⿳艹宂友
𦴰	⿱苕⿰𠂇十
𦴱	⿱艹⿸厂⿰亻⿳丶？𠃉
𦴲	⿳艹⿰丨目夊
𦴳	⿱苟⿰𠂇十
𦴴	⿱艹洝
𦴵	⿱艹⿰氵丟
𦴶	⿰氵茶
𦴷	⿱艹㳝
𦴸	⿱艹洆
𦴹	⿱艹⿵戌𣥂
𦴺	⿱艹奏
𦴻	⿱艹凾
𦴼	⿱艹⿱𡗗水
𦴽	⿱艹拴
𦴾	⿱荔亐
𦴿	⿱艹玲
𦵀	⿱艹面
𦵁	⿱艹郁
𦵂	⿱艹柳
𦵃	⿳艹⿰工人心
𦵄	⿱艹貞
𦵅	⿱艹𥄧
𦵆	⿳艹日田
𦵇	⿱艹𭜪
𦵈	⿱艹虳
𦵉	⿱艹⿳⺊⺕龰
𦵊	⿱艹𧴦
𦵋	⿱艹⿰亻串
𦵌	⿱艹⿲彳几攵
𦵍	⿱艹⿰？攵
𦵎	⿱艹姳
𦵏	⿳艹死大
𦵐	⿱艹𱼭
𦵑	⿱艹𥩞
𦵒	⿱艹秌
𦵓	⿱艹耑
𦵔	⿱艹爼
𦵕	⿱艹恆
𦵖	⿱艹⿰方尔
𦵗	⿱艹計
𦵘	⿱艹耍
𦵙	⿱艹洳
𦵚	⿱艹怒
𦵛	⿱艹⿰手出
𦵜	⿱艹洒
𦵝	⿱苳⿰𠂇十
𦵞	⿱艹祍
𦵟	⿱艹邿
𦵠	⿱艹係
𦵡	⿱艹宫
𦵢	⿱艹娠
𦵣	⿱艹圂
𦵤	⿱艹⿱宀㝴
𦵥	⿱艹叞
𦵦	⿱艹俶
𦵧	⿱艹狼
𦵨	⿱艹𣁋
𦵩	⿱艹酒
𦵪	⿱艹𭣯
𦵫	⿱艹索
𦵬	⿱艹祚
𦵭	⿱艹挼
𦵮	⿱艹𬯁
𦵯	⿱艹害
𦵰	⿱艹⿱𠀐田
𦵱	⿱艹屑
𦵲	⿳艹帚又
𦵳	⿱艹⿹勹幸
𦵴	⿱艹桀
𦵵	⿱艹𠧴
𦵶	⿱茿木
𦵷	⿱艹冓
𦵸	⿱艹耿
𦵹	⿱艹剡
𦵺	⿱艹眔
𦵻	⿱艹晋
𦵼	⿱艹郡
𦵽	⿱艹晃
𦵾	⿱艹脊
𦵿	⿱艹剖
𦶀	⿱艹烏
𦶁	⿱艹⿰弓邑
𦶂	⿱艹挹
𦶃	⿳艹甶比
𦶄	⿱艹涅
𦶅	⿱艹迺
𦶆	⿱艹紐
𦶇	⿱艹毦
𦶈	⿱艹耼
𦶉	⿱艹疵
𦶊	⿱艹涄
𦶋	⿱艹扇
𦶌	⿱艹凋
𦶍	⿱艹⿰立瓜
𦶎	⿱艹⿻𠈌十
𦶏	⿱艹陮
𦶐	⿱艹恐
𦶑	⿱艹𦐇
𦶒	⿱艹𣵣
𦶓	⿱艹栱
𦶔	⿱艹眗
𦶕	⿱艹書
𦶖	⿱艹㕖
𦶗	⿱艹⿰幸人
𦶘	⿱艹⿱龹斤
𦶙	⿱艹桓
𦶚	⿱艹粉
𦶛	⿳艸日艸
𦶜	⿱艹洍
𦶝	⿱艹乘
𦶞	⿱艹⿰女𥤦
𦶟	⿱艹热
𦶠	⿱艹根
𦶡	⿱艹浩
𦶢	⿱艹航
𦶣	⿱艹烈
𦶤	⿱艹院
𦶥	⿱艹娥
𦶦	⿱艹娜
𦶧	⿱艹𫋴
𦶨	⿱艹⿳宀⿱八𠆢夊
𦶩	⿱艹益
𦶪	⿱茸⿰𠂇十
𦶫	⿳艹⿱十艹⿱一木
𦶬	⿱艹陖
𦶭	⿱荔⿰𠂇十
𦶮	⿱艹耘
𦶯	⿱䒸⿰𠂇十
𦶰	⿱艹𣬈
𦶱	⿱艹⿸疒失
𦶲	⿱艹⿺完女
𦶳	⿱艹宴
𦶴	⿱艹⿱宀見
𦶵	⿱艹⿰氵𰍪
𦶶	⿱艹𱦝
𦶷	⿱艹⿰氵⿶凵氶
𦶸	⿱艹拳
𦶹	⿱艹⿸广⿱龷口
𦶺	⿱艹⿱宀旲
𦶻	⿱艹𥁘
𦶼	⿱艹涉
𦶽	⿱艹⿰阝系
𦶾	⿱艹班
𦶿	⿱艹桑
𦷀	⿱艹⿰扌釆
𦷁	⿱艹匪
𦷂	⿱艹耕
𦷃	⿱艹⿰𬺻生
𦷄	⿱艹娘
𦷅	⿳艹比全
𦷆	⿳艹𤆗弓
𦷇	⿱艹⿵兵彡
𦷈	⿱艹狹
𦷉	⿱艹倫
𦷊	⿱艹𭮫
𦷋	⿱艹𢙅
𦷌	⿱花合
𦷍	⿱艹秩
𦷎	⿱艹⿳𠆢日木
𦷏	⿱艹⿰禾立
𦷐	⿱茐皿
𦷑	⿱艹𬓥
𦷒	⿱艹豹
𦷓	⿳艹吉灬
𦷔	⿱艹𪠋
𦷕	⿱艹𠧸
𦷖	⿰草厄
𦷗	⿳艹口里
𦷘	⿱艹⿰⿱㇒⿻一止氏
𦷙	⿱艹秥
𦷚	⿳艹臼心
𦷛	⿱艹倗
𦷜	⿱艹夏
𦷝	⿱艹𠣧
𦷞	⿱艹𰗣
𦷟	⿱艹消
𦷠	⿱艹⿰⿼己工爻
𦷡	⿱艹𤼩
𦷢	⿱艹𢙣
𦷣	⿳艹日？
𦷤	⿱莫山
𦷥	⿱艹敉
𦷦	⿳艹癶石
𦷧	⿱艹恭
𦷨	⿰茶支
𦷩	⿱艹砭
𦷪	⿱艹浽
𦷫	⿱艹海
𦷬	⿱艹秘
𦷭	⿱艹桧
𦷮	⿱艹悟
𦷯	⿱艹埋
𦷰	⿱艹浮
𦷱	⿱艹歬
𦷲	⿳艹爫糸
𦷳	⿱艹𧯜
𦷴	⿱艹送
𦷵	⿱艹⿰女助
𦷶	⿱𦬦艸
𦷷	⿱艹𨒨
𦷸	⿱茹水
𦷹	⿳艹罒⿹𠃌日
𦷺	⿱艹紝
𦷻	⿰⿱艸⿰忄忄攴
𦷼	⿳艹合升
𦷽	⿱艹郚
𦷾	⿱艹𢃄
𦷿	⿱艹逌
𦸀	⿱艹基
𦸁	⿱艹淡
𦸂	⿱艹深
𦸃	⿱艹堅
𦸄	⿱艹偷
𦸅	⿱艹宼
𦸆	⿱艹㠱
𦸇	⿱艹術
𦸈	⿱艹𦧔
𦸉	⿱艹𤫶
𦸊	⿱艹⿱䙲巳
𦸋	⿱艹晘
𦸌	⿱艹脘
𦸍	⿱艹脱
𦸎	⿱艹畤
𦸏	⿱艹崔
𦸐	⿱艹陸
𦸑	⿳⿱艹罒冖戈
𦸒	⿱艹猗
𦸓	⿱艹桼
𦸔	⿱艹彫
𦸕	⿱艹副
𦸖	⿱艹⿰糹㘝
𦸗	⿱艹戚
𦸘	⿱艹戛
𦸙	⿱艹郵
𦸚	⿱艹習
𦸛	⿱艹巢
𦸜	⿱艹⿱𠀐回
𦸝	⿱艹悉
𦸞	⿱苾虫
𦸟	⿳艹⿰歺㔾开
𦸠	⿱艹⿴囗炎
𦸡	⿱艹覓
𦸢	⿱艹屚
𦸣	⿱艹庳
𦸤	⿱艹㝡
𦸥	⿱艹⿱𠆢𭥫
𦸦	⿱艹㪍
𦸧	⿳艹⿱一㕣𡉀
𦸨	⿳艹⿱一八⿱一⿻口龶
𦸩	⿳艹日𠦒
𦸪	⿱艹渄
𦸫	⿱艹晜
𦸬	⿳芚旦八
𦸭	⿱艹𠵥
𦸮	⿱艹减
𦸯	⿱艹𣓀
𦸰	⿱艹産
𦸱	⿱艹婦
𦸲	⿱艹偶
𦸳	⿱莀廾
𦸴	⿱艹戜
𦸵	⿱艹䖏
𦸶	⿱出草
𦸷	⿱艹⿰糹瓜
𦸸	⿱艹⿰禾⿱𠆢木
𦸹	⿱艹⿲䶹⿹弓冫屮
𦸺	⿱艹㭰
𦸻	⿳艹十⿸厂言
𦸼	⿱艹⿰氵𠫭
𦸽	⿱艹黑
𦸾	⿱艹張
𦸿	⿱艹⿰田此
𦹁	⿱艹⿳十龷木
𦹂	⿱艹𪲖
𦹃	⿱艹涪
𦹄	⿱艹紹
𦹅	⿱艹婉
𦹆	⿳艹⿱⿻丅口⿰𬼀？土
𦹇	⿱艹𫐩
𦹈	⿱莎⿰𠂇十
𦹉	⿱𦯆廾
𦹊	⿱䓊⿰𠂇十
𦹋	⿱卝𭾬
𦹌	⿳艹龱虫
𦹍	⿱荼⿰𠂇十
𦹎	⿱艹⿱㝐心
𦹏	⿱艹淮
𦹐	⿱艹郭
𦹑	⿱艹望
𦹒	⿳艹廿呈
𦹓	⿱艹⿱⺻⿱田一
𦹔	⿱艹欵
𦹕	⿳艹共⿻日乚
𦹖	⿳艹⿰巳又糸
𦹗	⿱艹⿰？頁
𦹘	⿱艹⿱耂貝
𦹙	⿳艹玨⺕
𦹚	⿱艹⿻丨⿵冂㸚
𦹛	⿱艹𠵛
𦹜	⿱艹假
𦹝	⿱艹動
𦹞	⿱艹𰨥
𦹟	⿱艹⿲彳糸几
𦹠	⿱艹⿰歹呈
𦹡	⿱艹殍
𦹢	⿱艹⿺辶皁
𦹣	⿱艹𠣯
𦹤	⿱艹猜
𦹦	⿳艹宀金
𦹧	⿱茛皿
𦹨	⿳艹⿰𠂈火𱎛
𦹩	⿱艹朙
𦹪	⿱莫火
𦹫	⿱艹㹿
𦹬	⿱艹⿻𠈌大
𦹭	⿱艹⿰方⿱𠂉瓜
𦹮	⿱艹彩
𦹯	⿰古草
𦹰	⿱艹𡕩
𦹱	⿱艹𧵆
𦹲	⿱艹混
𦹳	⿱艹貪
𦹴	⿱艹⿰糹乏
𦹵	⿰草古
𦹶	⿱艹梖
𦹷	⿱艹培
𦹸	⿰草田
𦹹	⿱艹涯
𦹺	⿱艹𧴻
𦹻	⿱艹淫
𦹼	⿱艸徙
𦹽	⿱艹𭚽
𦹾	⿱艹毫
𦹿	⿱艹⿰亻⿳厸儿夊
𦺀	⿱艹⿰木⿱𠫔夫
𦺁	⿱艹㳿
𦺂	⿱艸⿰白⿹⿺㇉一灬
𦺃	⿱艹⿳⺊𠔿⿵冂厶
𦺄	⿱艹卿
𦺅	⿳艹？⿲丿⿳从一韭丨
𦺆	⿱艹臯
𦺇	⿱艹⿰氵毒
𦺈	⿱艹巽
𦺉	⿱艹傅
𦺊	⿱艹睆
𦺋	⿱艹㛮
𦺌	⿱艹𣸈
𦺍	⿱艹湔
𦺎	⿱艹䏽
𦺏	⿰草交
𦺐	⿱艹殘
𦺑	⿱艹𰚢
𦺒	⿱艹婺
𦺓	⿱艹朝
𦺔	⿱艹殽
𦺕	⿱艹揆
𦺖	⿱艹矞
𦺗	⿱艹舒
𦺘	⿱艹減
𦺙	⿱艹犂
𦺚	⿱艹𠷎
𦺛	⿱艹猭
𦺜	⿱艹勞
𦺝	⿱艹寍
𦺞	⿱艹訶
𦺟	⿱艹壺
𦺠	⿱艹觚
𦺡	⿱艹掌
𦺢	⿱艹結
𦺣	⿱艹項
𦺤	⿱艹揉
𦺥	⿱艹都
𦺦	⿱艹寒
𦺧	⿱艹割
𦺨	⿱艹象
𦺩	⿱艹㦸
𦺪	⿱艹稌
𦺫	⿱艹硠
𦺬	⿱艹幾
𦺭	⿱艹㑴
𦺮	⿱艹庾
𦺯	⿱艹𤗊
𦺰	⿱艹絛
𦺱	⿱艹貲
𦺲	⿱艹𧵍
𦺳	⿱艹𠶷
𦺴	⿱艹集
𦺵	⿱艹棸
𦺶	⿱艹⿸厂剡
𦺷	⿱艹兟
𦺸	⿱艹粦
𦺹	⿱艹聊
𦺺	⿱艹焭
𦺻	⿱艹散
𦺼	⿱艹隌
𦺽	⿱艹晻
𦺾	⿱艹渜
𦺿	⿱艹戠
𦻀	⿱艹徥
𦻁	⿱艹欿
𦻂	⿱艹湌
𦻃	⿳艹从隹
𦻄	⿱艹𣸁
𦻅	⿱艹䨿
𦻆	⿱艹棊
𦻇	⿱芔思
𦻈	⿱艹⿰氵⿱甫又
𦻉	⿱艹⿰舟𠬩
𦻊	⿱艹棋
𦻋	⿳艹⿳丅口丨吊
𦻌	⿱艹盙
𦻍	⿳艹⿱一八⿻⿱日八土
𦻎	⿱艹稀
𦻏	⿳艹⿻丄𠈌丂
𦻐	⿱艹焯
𦻑	⿱艹詠
𦻒	⿱莫玉
𦻓	⿱艹程
𦻔	⿱艹斐
𦻕	⿱艹隐
𦻖	⿱艹絢
𦻗	⿱艹進
𦻘	⿱艹替
𦻙	⿱艹聑
𦻚	⿱艹⿰子耶
𦻛	⿱艹𤉋
𦻜	⿱艹渫
𦻝	⿱艹戟
𦻞	⿱艹⿳⿱⺊冖必大
𦻟	⿱菬⿰𠂇十
𦻠	⿱菫⿰𠂇十
𦻡	⿱⿱艹⿸耳又⿰𠂇十
𦻢	⿱菿⿰𠂇十
𦻣	⿱萊⿰𠂇十
𦻤	⿳艹⿰凶凶日
𦻥	⿱菲⿰𠂇十
𦻦	⿱萄⿰𠂇十
𦻧	⿱萑⿰𠂇十
𦻨	⿱𦱄⿰𠂇十
𦻩	⿱𫇦蚤
𦻪	⿱葦⿰𠂇十
𦻫	⿳艹⿱亠艹衣
𦻬	⿱艹𣄃
𦻭	⿱艹㴠
𦻮	⿰芳虎
𦻯	⿳艹亡⿲⺼女几
𦻰	⿱艹⿰歹非
𦻱	⿱艹雯
𦻲	⿱艹揾
𦻳	⿱艹朁
𦻴	⿱艹㨗
𦻵	⿱艹⿰⿱廿⿻口土力
𦻶	⿱艹閗
𦻷	⿱艹⿻丨⿵冂⿰幺虫
𦻸	⿳艹𠱠夕
𦻹	⿱艹𰞴
𦻺	⿱艹閏
𦻻	⿱艹凱
𦻼	⿳艹罒辰
𦻽	⿱艹𣔂
𦻾	⿱艹⿱⿰㡀又巾
𦻿	⿱艹⿰豸田
𦼀	⿱艹⿰釆包
𦼁	⿱艹⿰禾⿱⺈田
𦼂	⿱艹𫤪
𦼃	⿱艹創
𦼄	⿱艹𣁽
𦼅	⿱艹鄊
𦼆	⿱艹⿺麦玉
𦼇	⿱艹惡
𦼈	⿱艹焣
𦼉	⿱艹萑
𦼊	⿱艹棱
𦼋	⿱艹椂
𦼌	⿰⿻⿱㇒一丿萬
𦼍	⿱艹皖
𦼎	⿱艹⿰舟舟
𦼏	⿱艹曾
𦼐	⿱艹焱
𦼑	⿳艹穴伯
𦼒	⿱艹叅
𦼓	⿱艹琰
𦼔	⿱艹尞
𦼕	⿱艹棠
𦼖	⿱𫇦秝
𦼗	⿱艹犀
𦼘	⿱艹⿸屁⿱一⿱⺌一
𦼙	⿱艹媞
𦼚	⿱艹森
𦼛	⿱艹趁
𦼜	⿱艹趂
𦼝	⿱艹惱
𦼞	⿱艹畬
𦼟	⿱艹統
𦼠	⿱艹開
𦼡	⿱艹⿰⿱幺巾𢁙
𦼢	⿱艹𣂫
𦼣	⿱艹⿳⺊⿵冂必大
𦼤	⿳艹龱⿲⿺𠄌⺀⿺𠄌⺀㇂
𦼥	⿱艹渚
𦼦	⿱艹盛
𦼧	⿱𦵮乂
𦼨	⿰𫇰具
𦼩	⿱艹䪞
𦼪	⿱艹楙
𦼫	⿱艹豦
𦼬	⿱菹皿
𦼭	⿱艹榑
𦼮	⿱艹幹
𦼯	⿱艹遂
𦼰	⿱艹楬
𦼱	⿱艹雋
𦼲	⿱艹當
𦼳	⿱艹腸
𦼴	⿱艹楊
𦼵	⿱艹毼
𦼶	⿱艹䐑
𦼷	⿱艹𣪠
𦼸	⿱艹搞
𦼹	⿱艹稟
𦼺	⿱艹𢧜
𦼻	⿱艹溦
𦼼	⿱艹𩵎
𦼽	⿱艹⿰韋支
𦼾	⿱艹㨨
𦼿	⿱艹頓
𦽀	⿱艹𩑤
𦽁	⿱艹經
𦽂	⿱艹稑
𦽃	⿱艹牑
𦽄	⿱艹殿
𦽅	⿱艹閜
𦽆	⿱𦵮子
𦽇	⿱艹腱
𦽈	⿱艹猷
𦽉	⿱艹睒
𦽊	⿱艹嗣
𦽋	⿱艹鉤
𦽌	⿱艹𤗚
𦽍	⿱艹𣇓
𦽎	⿱艹禄
𦽏	⿱艹鳧
𦽐	⿱艹毁
𦽑	⿱艹稕
𦽒	⿱艹賊
𦽓	⿱艹煢
𦽔	⿱艹禁
𦽕	⿱艹⿲犭臣犬
𦽖	⿱艹𥇘
𦽗	⿱艹⿰⿻丷𠕒攵
𦽘	⿱艹𥁼
𦽙	⿱艹𨕖
𦽚	⿳艹⿰阝妾女
𦽛	⿳艹宀𧘣
𦽜	⿳艹宀⿱分臼
𦽝	⿱艹傫
𦽞	⿱艹⿰韋元
𦽟	⿱艹遍
𦽠	⿱艹𢾕
𦽡	⿱艹𠅸
𦽢	⿳艹⿱十冖是
𦽣	⿱艸歀
𦽤	⿱艹𮘌
𦽥	⿱艹搸
𦽦	⿱艹㬅
𦽧	⿱艹䅎
𦽨	⿱艹較
𦽩	⿱艹楺
𦽪	⿱艹⿰斤畐
𦽫	⿱艹感
𦽬	⿳艹癶⿰㐄㐄
𦽭	⿱茤臼
𦽮	⿱艹媻
𦽯	⿱艹極
𦽰	⿰茅爭
𦽱	⿳艸⿱⿰⿱㇒口卩一艸
𦽲	⿱艹裘
𦽳	⿱艹愚
𦽴	⿱艹靖
𦽵	⿱艹⿰阝⿱辛女
𦽶	⿱艹椰
𦽷	⿱葏⿰𠂇十
𦽸	⿱葭⿰𠂇十
𦽹	⿱萺⿰𠂇十
𦽺	⿱艹⿰咢攵
𦽻	⿱葆⿰𠂇十
𦽼	⿱艹溧
𦽽	⿱艹𡙢
𦽾	⿱艹溜
𦽿	⿱艹賈
𦾀	⿱艹𠣻
𦾁	⿳艹𡗗⿱白小
𦾂	⿳艹珍心
𦾃	⿱艹搕
𦾄	⿱艹⿰束安
𦾅	⿳艹⿰⿻三丨刀𱥯
𦾆	⿳艹品云
𦾇	⿱英妹
𦾈	⿱艹喿
𦾉	⿱𫇦鳥
𦾊	⿳艹品方
𦾋	⿳⿱卝罒冖舛
𦾌	⿱艹蜂
𦾍	⿳艹？⿱日小
𦾎	⿱艹䅗
𦾏	⿰華甲
𦾐	⿱𦱽皿
𦾑	⿱艹剽
𦾒	⿳⿱艹罒一我
𦾓	⿱艹𠌶
𦾕	⿱艹腷
𦾖	⿱艹𮔉
𦾗	⿳艹⿻⺕𡗜皿
𦾘	⿱艹⿰女𡨝
𦾙	⿱艹𢱭
𦾚	⿱艹虞
𦾛	⿱艹暐
𦾜	⿱艹貇
𦾝	⿱蒼山
𦾞	⿱艹盝
𦾟	⿱艹盞
𦾠	⿰草余
𦾡	⿱艹媺
𦾢	⿱艹椹
𦾣	⿱艹搉
𦾤	⿱艹愈
𦾥	⿱艹暈
𦾦	⿱艹𡠋
𦾧	⿱艹暑
𦾨	⿱𦵮女
𦾩	⿱艹䧟
𦾪	⿳艹⿲止日己夊
𦾫	⿱艹⿰⿱⿱士冖禾殳
𦾬	⿱艹摺
𦾭	⿱艹牓
𦾮	⿱艹榦
𦾯	⿱艹緑
𦾰	⿱艹⿸广⿱回禾
𦾱	⿱艹摷
𦾲	⿱艹兾
𦾳	⿱艹㼲
𦾴	⿱艹緐
𦾵	⿱艹榮
𦾶	⿱艹漸
𦾷	⿱艹漻
𦾸	⿱艹端
𦾹	⿱艹酸
𦾺	⿱艹銚
𦾻	⿱艹㥯
𦾼	⿱艹遘
𦾽	⿱艹⿺辶𥄳
𦾾	⿱艹遥
𦾿	⿱艹精
𦿀	⿱艹𮃔
𦿁	⿱艹稫
𦿂	⿱艹鳶
𦿃	⿱艹𨲆
𦿄	⿱艹暢
𦿅	⿱艹凴
𦿆	⿱艹碭
𦿇	⿱艹𫑨
𦿈	⿱艹𠎤
𦿉	⿱莫良
𦿊	⿱艹𧇄
𦿋	⿱艹朅
𦿌	⿱艹㬎
𦿍	⿱艹僕
𦿎	⿱艹⿰祟攵
𦿏	⿱艹夢
𦿐	⿱艹𢧵
𦿑	⿳艸昍艸
𦿒	⿱艹榛
𦿓	⿱艹毄
𦿔	⿱艹弊
𦿕	⿱蓷木
𦿖	⿱艹塶
𦿗	⿱艹𰚫
𦿘	⿱葅皿
𦿙	⿳艹⿱⿱⺈⿵冂人比夬
𦿚	⿱艹遝
𦿛	⿳⿱艹罒冖伯
𦿜	⿱艹賔
𦿝	⿱艹幣
𦿞	⿱艹漗
𦿟	⿱艹綺
𦿠	⿱蒮⿰𠂇十
𦿡	⿱艹暌
𦿢	⿱蒙⿰𠂇十
𦿣	⿱蒿⿰𠂇十
𦿤	⿱蓄⿰𠂇十
𦿥	⿱𦵵⿰𠂇十
𦿦	⿳艹𠔿剡
𦿧	⿱艹⿱止𫀄
𦿨	⿱艹⿰禾𱰭
𦿩	⿱蓸廾
𦿪	⿱蓬廾
𦿫	⿱艹⿰訁⿱大日
𦿬	⿱艹𩾦
𦿭	⿱艹滿
𦿮	⿱艹𬎼
𦿯	⿱艹⿰益⿹勹㐅
𦿰	⿱艹瑪
𦿱	⿱艹⿵戊韭
𦿲	⿱艹𩾪
𦿳	⿱艹𫮛
𦿴	⿱艹⿻冂尞
𦿵	⿳艹⿴北白文
𦿹	⿳䒤夻水
𦿺	⿱艹䊍
𦿻	⿱艹銓
𦿼	⿱艹⿹勹歮
𦿽	⿱艹䅡
𦿾	⿱艹𪏭
𦿿	⿱艹緌
𧀀	⿱艹獄
𧀁	⿱艹𥠁
𧀂	⿳艹爫祘
𧀃	⿱艹𣘐
𧀄	⿱艹畼
𧀅	⿳艹罒⿹戈禾
𧀆	⿳⿱艹罒冖豆
𧀇	⿱艹⿴囗細
𧀈	⿳艹⿰⿶凵⿱㐅一⿶凵⿱㐅一日
𧀉	⿱艹𰝂
𧀊	⿱艹綵
𧀋	⿱艹麽
𧀌	⿱艹漱
𧀍	⿱艸⿶㇯𠚡舀王
𧀎	⿱艹膏
𧀏	⿱艹銃
𧀐	⿱艹瑰
𧀑	⿱艹種
𧀒	⿱艹嫩
𧀓	⿱艹屢
𧀔	⿱艹𧳑
𧀕	⿱艹⿰阝⿺辶辛
𧀖	⿱艹䅠
𧀗	⿱艹䎩
𧀘	⿱艹㥽
𧀙	⿱艹㷦
𧀚	⿱艹⿲禾司火
𧀛	⿱艹熊
𧀜	⿱艹熖
𧀝	⿱艹滌
𧀞	⿰菓吏
𧀟	⿰苔盈
𧀠	⿱艹緹
𧀡	⿱艹潐
𧀢	⿱艹蹀
𧀣	⿱艹誰
𧀤	⿱艹齒
𧀥	⿱艹憂
𧀦	⿱艹魯
𧀧	⿳⿱艹罒冖夌
𧀨	⿱艹巤
𧀩	⿱艹賜
𧀪	⿱艹潦
𧀫	⿱艹殤
𧀬	⿱艹膝
𧀭	⿱艹樊
𧀮	⿱艹敷
𧀯	⿱艹審
𧀰	⿱艹蹄
𧀱	⿱艹慸
𧀲	⿱艹閲
𧀳	⿱艹⿰镸⿻肀⿰𰀪⿱丶丶
𧀴	⿱艹膚
𧀵	⿱艹槧
𧀶	⿱艹⿳⿱士冖田⿱厶龰
𧀷	⿱艹𢒫
𧀸	⿱艹㒒
𧀹	⿱艹遮
𧀺	⿱艹頡
𧀻	⿱艹儋
𧀼	⿱艹⿰⿱䶹㠯辛
𧀽	⿱蒩皿
𧀾	⿳艹雨弟
𧀿	⿱艹鄭
𧁀	⿱艹𠏉
𧁁	⿱艹𱔞
𧁂	⿱艹隧
𧁃	⿱艹稸
𧁄	⿱艹⿰氵𠝣
𧁅	⿳艹⿰乃⿱一⿺𠃊⺊金
𧁆	⿱艹⿰汖金
𧁇	⿳屮⿲䶹屮屮⿱一⿲𠂈屮又
𧁈	⿱艹槷
𧁉	⿱艹⿰旉巴
𧁊	⿳艹眼心
𧁋	⿱艹慜
𧁌	⿳⿱艹罒冖𠈇
𧁍	⿱艹輙
𧁎	⿳䒤冖政
𧁏	⿱艹𤴡
𧁐	⿱艹實
𧁑	⿱艹㵕
𧁒	⿱艹樣
𧁓	⿱艹儂
𧁔	⿱艹𥂈
𧁕	⿳艹⿰氵幷⿰𠂇十
𧁖	⿳⿱艹艹𢆶田
𧁗	⿱蔥⿰𠂇十
𧁘	⿱艹㜦
𧁙	⿱艹養
𧁚	⿳艹惢土
𧁛	⿱艹𣾎
𧁜	⿱艹慧
𧁝	⿳⿱艹一非回
𧁞	⿱艹⿱示祘
𧁟	⿱艹鞍
𧁠	⿱艹⿲阝⿱⺈旲亍
𧁡	⿰⿱艹⿳一八⿵冂𡭔甫
𧁢	⿱艹𭧘
𧁣	⿳⿱卝罒冖果
𧁤	⿳艹只𫪉
𧁥	⿱艹⿻丨⿵冂⿰糹糹
𧁦	⿱艹罵
𧁧	⿱艹⿵冂⿲虫丨糹
𧁨	⿱艹⿰禾𩵋
𧁩	⿱艹𥡂
𧁪	⿱艹𧡖
𧁫	⿱艹僺
𧁬	⿱艹衝
𧁭	⿱艹緝
𧁮	⿱艹衛
𧁯	⿱艹𦂱
𧁰	⿳艹⿱⺈⿵冂人𥄎
𧁱	⿱艹敵
𧁲	⿱艹斳
𧁳	⿱莆肥
𧁴	⿱艹劍
𧁵	⿱艹撫
𧁶	⿱艹⿸广⿱？𡉀
𧁷	⿰苦庫
𧁸	⿱艹⿳彑宀果
𧁹	⿰庫苦
𧁺	⿱艹緘
𧁻	⿳艹㱕⿰𠂇十
𧁼	⿱艹隨
𧁽	⿱艹遴
𧁾	⿱艹𤬏
𧁿	⿱艹獨
𧂀	⿱艹䫉
𧂁	⿱艹戰
𧂂	⿱艹錢
𧂃	⿱艹頷
𧂄	⿱艹閻
𧂅	⿱艹穇
𧂆	⿱艹劒
𧂇	⿱艹⿰爻尋
𧂈	⿱艹操
𧂉	⿱艹皤
𧂊	⿱艹韰
𧂋	⿱艹憑
𧂌	⿱艹䑞
𧂍	⿱艹選
𧂎	⿱艹𩫓
𧂏	⿱艹遼
𧂐	⿱艹積
𧂑	⿱薦廾
𧂒	⿱艹燋
𧂓	⿰⿳日⿰彡彡巾芅
𧂔	⿱艹縠
𧂕	⿱蒿老
𧂖	⿱艹𨨖
𧂗	⿱艹⿰仌尋
𧂘	⿱艹𤕦
𧂙	⿱艹潟
𧂚	⿱䔘皿
𧂛	⿱艹甍
𧂜	⿱艹窶
𧂝	⿳⿱艹罒冖⿰目戈
𧂞	⿱艹𰟚
𧂟	⿱艹䝿
𧂠	⿱艹遺
𧂡	⿱蕑心
𧂢	⿳艹⿰臣⿱𠂉丶酉
𧂣	⿱艹穀
𧂤	⿱艹⿰隹者
𧂥	⿱艸𭘸
𧂦	⿱艹𣚊
𧂧	⿱艹澷
𧂨	⿱蒂足
𧂩	⿱艹𦃐
𧂪	⿱艹⿰冫⿵戊⿱二貝
𧂫	⿱艹鮑
𧂬	⿱艹𦔐
𧂭	⿱艹耨
𧂮	⿱艹靜
𧂯	⿱艹醖
𧂰	⿱艹賮
𧂱	⿱蕨⿰𠂇十
𧂲	⿱艹⿰㚔匊
𧂳	⿱蕇⿰𠂇十
𧂴	⿳艹雈⿰𠂇十
𧂵	⿱蕃⿰𠂇十
𧂶	⿱艹⿸广𠌵
𧂷	⿱艹⿸麻示
𧂸	⿱艹壁
𧂹	⿱艹險
𧂺	⿱艹⿰耳⿱血心
𧂻	⿱艹⿰耒⿱罒戊
𧂼	⿱艹橋
𧂽	⿰𠦝華
𧂾	⿱艹⿸𠩵米
𧂿	⿱艹𦠤
𧃀	⿱艹⿰虫隻
𧃁	⿱艹⿵門栆
𧃂	⿱艹𪎷
𧃃	⿱艹錦
𧃄	⿱艹⿰各⿹勹隹
𧃅	⿱蘇心
𧃆	⿱艹錄
𧃇	⿱艹膳
𧃈	⿱艹⿰辛訇
𧃉	⿱艹𣿳
𧃊	⿱莫食
𧃋	⿱艹餘
𧃌	⿱艹踏
𧃍	⿱艹⿳⿲止自匕八夊
𧃎	⿱艹辥
𧃏	⿱艹歜
𧃐	⿱艹蹢
𧃑	⿱艹鍵
𧃒	⿱艹縷
𧃓	⿱艹⿰㚔訇
𧃔	⿱艹擢
𧃕	⿱艹蹇
𧃖	⿱艹韱
𧃗	⿱艹𥂰
𧃘	⿱艹⿰缶虘
𧃙	⿱艹韓
𧃚	⿱艹膸
𧃛	⿱艹購
𧃜	⿱艹⿳⿱⺈罒目⿱八夊
𧃝	⿱艹醜
𧃞	⿱艹冀
𧃟	⿱艹翼
𧃠	⿱艹⿰甚青
𧃡	⿱艹⿰氵⿱巛⿻臼木
𧃢	⿱艹𧇽
𧃣	⿱艹⿱⿱罒⿴⿰⿱丶㇀⿱㇒丶丨弟
𧃤	⿳艹⿱⿱𦘒一灬貝
𧃥	⿳艹⿱六冏衣
𧃦	⿱艹𡚊
𧃧	⿱艹𦄐
𧃨	⿱艹孺
𧃩	⿱艹⿰犭疑
𧃪	⿰多蔄
𧃫	⿱艹⿰亲昔
𧃬	⿱艹𰘴
𧃭	⿰⿳艹？⿵冂支⿱⺊困
𧃮	⿱艹燐
𧃯	⿱薩子
𧃰	⿳艹⿲止自巳⿱𠘧夊
𧃱	⿱艹𤕦
𧃲	⿱艹糜
𧃳	⿱艹𧜼
𧃵	⿰苦登
𧃶	⿱艹⿰犭獴
𧃷	⿱艹虧
𧃸	⿱艹徽
𧃹	⿰華枼
𧃺	⿱𦼪⿰𠂇十
𧃻	⿱薔⿰𠂇十
𧃼	⿱雚口
𧃽	⿱艹應
𧃾	⿳艹⿰氵𰤷木
𧃿	⿱艹聰
𧄀	⿳艹辟⿻丷⿻一亅
𧄁	⿱艹霞
𧄂	⿱艹⿰镸⿱𠆢長
𧄃	⿱艹⿰耒𣳾
𧄄	⿱䕌心
𧄅	⿱艹懇
𧄆	⿱艹⿰禾敢
𧄇	⿱艹𢖍
𧄈	⿰苔尞
𧄉	⿱艹總
𧄊	⿰草𦰩
𧄋	⿰⿳艹龴⿵冂支⿱⺊困
𧄌	⿱萬定
𧄎	⿱艹䌛
𧄏	⿱艹覆
𧄐	⿱艹雙
𧄑	⿱艹繢
𧄒	⿱艹瞿
𧄓	⿰壴董
𧄔	⿱艹儲
𧄕	⿱艹織
𧄖	⿱艹𤐫
𧄗	⿱艹⿰禾置
𧄘	⿱艹𣫖
𧄙	⿱艹䝐
𧄚	⿱艹釐
𧄛	⿱艹鞫
𧄜	⿱艹繠
𧄝	⿱艹𥼚
𧄞	⿱艹鵙
𧄟	⿱艹𪋁
𧄠	⿱艹⿰枼枼
𧄡	⿳艹𫄻木
𧄢	⿱艹⿰氵⿳𫜹冣人
𧄣	⿱焱草
𧄤	⿱艹嚚
𧄥	⿱艹⿰耒就
𧄦	⿱艹馥
𧄧	⿱艹韞
𧄨	⿱艹檽
𧄩	⿱薻⿰𠂇十
𧄪	⿰⿱艹𫪡⿹⿺㇉一日
𧄫	⿱𦾴⿰𠂇十
𧄬	⿰薾友
𧄭	⿱艹⿰釒⿳厶大皿
𧄮	⿱艹⿱合⿰合合
𧄯	⿳⿱艹罒冖𤕻
𧄰	⿱艹雞
𧄱	⿱艹闒
𧄲	⿱艹謨
𧄳	⿰草喬
𧄴	⿰萬頁
𧄵	⿱艹獵
𧄶	⿱艹䜌
𧄷	⿱艹鶂
𧄸	⿱艹舋
𧄺	⿱艹顛
𧄻	⿱艹瀝
𧄼	⿳⿱艹罒冖登
𧄽	⿱艹贊
𧄾	⿱艹羆
𧄿	⿳艹吂⿲月羊凡
𧅀	⿱艹鏨
𧅁	⿱艹疆
𧅂	⿱艹繰
𧅃	⿱艹爊
𧅄	⿱艹夔
𧅅	⿱艹䞈
𧅆	⿱艹繭
𧅇	⿳艹从⿵冂⿲糹丨虫
𧅈	⿱艹𥣞
𧅉	⿱艹𥨪
𧅊	⿱艹䢯
𧅋	⿳艹吂⿲月艮凡
𧅌	⿱莫黑
𧅍	⿱艹𡄉
𧅎	⿱藚⿰𠂇十
𧅏	⿱藜⿰𠂇十
𧅐	⿳艹潡灬
𧅑	⿱艹霧
𧅒	⿳艹⿲水口水金
𧅓	⿱艹竆
𧅔	⿱艹饁
𧅕	⿱艹臘
𧅖	⿱艹⿰𰥍鳥
𧅗	⿱艹黨
𧅘	⿱艹羺
𧅙	⿱艹顡
𧅚	⿱艹矍
𧅛	⿱艹䊮
𧅜	⿱艹櫬
𧅝	⿱艹𣍘
𧅞	⿱菆菆
𧅟	⿰⿱艹𣐂⿱艹𣐂
𧅠	⿳艹？䀠
𧅡	⿱艹⿰𪐗吉
𧅢	⿱艹𩪏
𧅣	⿺辶蕭
𧅤	⿱艹寳
𧅥	⿱艹馨
𧅦	⿰木䕟
𧅧	⿳艹品鳥
𧅨	⿱艹⿰釆奧
𧅩	⿱艹𢸧
𧅪	⿱萅䖵
𧅫	⿱艹覺
𧅬	⿰菓蛮
𧅭	⿰草蒙
𧅮	⿱艹蠡
𧅯	⿱艹𪅆
𧅰	⿱艹護
𧅱	⿳艹？⿲丿⿱一韭丨
𧅲	⿱艹𡈹
𧅳	⿱艹𪋘
𧅴	⿱艹𩐐
𧅵	⿱艹顰
𧅶	⿱艹⿵門⿲糹丨虫
𧅷	⿱艹⿰白學
𧅸	⿱艹𪉷
𧅹	⿱艹⿰幸⿹勹魚
𧅺	⿱艹囊
𧅻	⿱艹𪅀
𧅼	⿱艹穰
𧅽	⿱艹𰥉
𧅾	⿱艹𣡈
𧅿	⿱艹⿰⿳日⿱冖八巾鳥
𧆀	⿱艹糴
𧆁	⿱䕺⿰𠂇十
𧆂	⿱艹䜟
𧆃	⿳艹吂⿲月軍凡
𧆄	⿰束藥
𧆅	⿳艹⿸⿹言糹糹弓
𧆆	⿱艹禴
𧆇	⿱艹蠲
𧆈	⿱艹𩕺
𧆉	⿱⿰雚凡糸
𧆊	⿱艹鱉
𧆋	⿱艹𤓉
𧆌	⿱艹齏
𧆍	⿳艹吂⿲⺼員⿻⿻㇈丿丶
𧆎	⿱艹戀
𧆏	⿱艹矕
𧆐	⿱艹贛
𧆑	⿱艹靃
𧆒	⿱艹⿳㐩日𢛧
𧆓	⿱艹麤
𧆔	⿳艹⿱⿻十吅冖𱔞
𧆕	⿱艹⿻田⿱秝秝
𧆖	⿱艹𪇼
𧆗	⿳艹⿰鹵鹵皿
𧆘	⿱艹⿴囗⿳⿲木木木⿲木木木⿲木木木
𧆙	⿱艹⿰𩐍⿱口糸
𧆚	⿱䕿⿰𠂇十
𧆛	⿸虍又
𧆜	⿸虍亏
𧆝	⿸虍？
𧆞	⿸虍巾
𧆟	⿺虎九
𧆠	⿸虍手
𧆡	⿺几虎
𧆢	⿰虎丩
𧆣	⿸虍凷
𧆤	⿰𧆞又
𧆥	⿸虍甲
𧆦	⿰乞虎
𧆧	⿸虍⿰？儿
𧆨	⿸虍田
𧆩	⿸虍⿰？人
𧆪	⿸虍⿱⿱一八丂
𧆫	⿰虎乞
𧆬	⿷虎九
𧆭	⿸虍由
𧆮	⿰𧆞丩
𧆯	⿰虎才
𧆰	⿺虎子
𧆱	⿸虍夻
𧆲	⿸虍⿱口䒑
𧆳	⿸虍丠
𧆴	⿸虍有
𧆵	⿸虍⿺夂彡
𧆶	⿺䖍亐
𧆷	⿺虎公
𧆸	⿸虎灬
𧆹	⿸虎心
𧆺	⿰令虎
𧆻	⿺虎古
𧆼	⿰虎冬
𧆽	⿺虎白
𧆾	⿸虍共
𧆿	⿸虍甬
𧇀	⿸虍兵
𧇁	⿸虍非
𧇂	⿰⿸虍比勿
𧇃	⿸虍林
𧇄	⿸虍甾
𧇅	⿺虎𠕾
𧇆	⿸虍𣏽
𧇇	⿰𧆞且
𧇈	⿺䖍且
𧇉	⿺䖍古
𧇊	⿰虚亐
𧇋	⿸虍⿳八𠆢日
𧇌	⿺虎同
𧇍	⿰缶虎
𧇎	⿺虎合
𧇏	⿸虍⿱𡿧凷
𧇐	⿱攸虎
𧇑	⿰戒虎
𧇒	⿰虎𭟰
𧇓	⿰虎兑
𧇔	⿰䖒几
𧇕	⿸虍𱰭
𧇖	⿸虍⿱八𥃦
𧇗	⿸虍⿱父目
𧇘	⿰⿸⿹丅丿丨虘
𧇙	⿺虎男
𧇚	⿺虎伯
𧇛	⿰虎寽
𧇜	⿱臤虎
𧇝	⿱叔虎
𧇞	⿰虎羌
𧇟	⿰虎周
𧇠	⿰虚亢
𧇡	⿺處古
𧇢	⿺兔虎
𧇣	⿰虘且
𧇤	⿺處白
𧇥	⿸虎林
𧇦	⿰法虎
𧇧	⿰孚𧆞
𧇨	⿺虎林
𧇩	⿸⿸⿰丿⿱⺊⺂七⿳匕一⿱八𥃦
𧇪	⿸虍⿱⿻人⿰⿱丶㇀⿱㇒丶日
𧇫	⿰虎其
𧇬	⿱臥虎
𧇭	⿰虎武
𧇮	⿺虎和
𧇯	⿺虎季
𧇰	⿺虎忽
𧇱	⿱虎咸
𧇲	⿰光虗
𧇳	⿰⿱𰃮元虎
𧇴	⿸虍⿱回示
𧇵	⿰⿳𠆢𠄠口𧆠
𧇶	⿺虎春
𧇷	⿰曷虎
𧇸	⿺虎秋
𧇹	⿺虎侯
𧇺	⿰光虚
𧇻	⿰虎冥
𧇼	⿰号䖒
𧇽	⿸虍異
𧇾	⿰雐兮
𧇿	⿰豦且
𧈀	⿸虍⿱罒巫
𧈁	⿰兼⿸虍人
𧈂	⿸虍鼎
𧈃	⿰𧇖亏
𧈄	⿺虎夏
𧈅	⿰𡭽虎
𧈆	⿰虎終
𧈇	⿰虎彬
𧈈	⿰虎巢
𧈉	⿸虍䩗
𧈊	⿰巢虎
𧈋	⿺虎菟
𧈌	⿱⿰叀殳虎
𧈍	⿰單虎
𧈎	⿰⿸虍人⿰革彡
𧈏	⿰尞虎
𧈐	⿰⿱口飠虎
𧈑	⿰虎𣪠
𧈒	⿰𧆞⿱𡭔兔
𧈓	⿰⿸虍卜𩉩
𧈔	⿸虍魯
𧈕	⿰由盧
𧈖	⿰𣪠虎
𧈗	⿱𣪠虎
𧈘	⿸虍⿱⿳⺈⿻𫩏丷灬日
𧈙	⿺虎壽
𧈚	⿰䖒㿾
𧈛	⿰禽虒
𧈜	⿰虎騰
𧈝	⿰虫乙
𧈞	⿺𠃊虫
𧈟	⿷匚虫
𧈠	⿸𠂇虫
𧈡	⿱又虫
𧈢	⿰虫八
𧈣	⿰虫乃
𧈤	⿺九虫
𧈥	⿰虫厶
𧈦	⿱乃虫
𧈧	⿱厶虫
𧈨	⿱𡭔虫
𧈩	⿱弋虫
𧈪	⿱䶹虫
𧈫	⿱工虫
𧈬	⿰工虫
𧈭	⿰虫兀
𧈮	⿰虫丸
𧈯	⿰虫亏
𧈰	⿺廴虫
𧈱	⿹弋虫
𧈲	⿱卂虫
𧈳	⿰虫刃
𧈴	⿰虫广
𧈵	⿰虫三
𧈶	⿰虫川
𧈷	⿰虫夕
𧈸	⿱夂虫
𧈹	⿱大虫
𧈺	⿰虫弋
𧈻	⿰虫殳
𧈼	⿰虫片
𧈽	⿰虫厷
𧈾	⿱虫火
𧈿	⿰虫冈
𧉀	⿰虫止
𧉁	⿹气虫
𧉂	⿰虫天
𧉃	⿰虫允
𧉄	⿰虫丏
𧉅	⿰虫尹
𧉆	⿰虫龰
𧉇	⿺尣虫
𧉈	⿰虫不
𧉉	⿱龶虫
𧉊	⿱父虫
𧉋	⿰虫⿱一山
𧉌	⿱之虫
𧉍	⿰虫尐
𧉎	⿱虫⺝
𧉏	⿱𱼀虫
𧉐	⿰虫双
𧉑	⿰虫太
𧉒	⿱扎虫
𧉓	⿱木虫
𧉔	⿰虫孔
𧉕	⿱天虫
𧉖	⿰虫牛
𧉗	⿱元虫
𧉘	⿱止虫
𧉙	⿰虫屯
𧉚	⿰虫勿
𧉛	⿰虫𢆰
𧉜	⿱氏虫
𧉝	⿰虫丐
𧉞	⿰虫宁
𧉟	⿰虫台
𧉠	⿰虫司
𧉡	⿰虫宂
𧉢	⿰虫穴
𧉣	⿰虫玉
𧉤	⿰虫弁
𧉥	⿱北虫
𧉦	⿰虫戊
𧉧	⿰虫去
𧉨	⿱⿰工几虫
𧉩	⿰虫布
𧉪	⿱加虫
𧉫	⿰虫㘝
𧉬	⿰虫民
𧉭	⿱奴虫
𧉮	⿰虫㐌
𧉯	⿰虫母
𧉰	⿰虫尔
𧉱	⿰虫术
𧉲	⿰虫⿸𠂆干
𧉳	⿰虫𡴀
𧉴	⿱穴虫
𧉵	⿰虫戹
𧉶	⿱主虫
𧉷	⿱禾虫
𧉸	⿰虫弗
𧉹	⿰虫札
𧉺	⿱世虫
𧉻	⿰虫半
𧉼	⿰虫立
𧉽	⿰虫市
𧉾	⿱𡗗虫
𧉿	⿰虫未
𧊀	⿰虫加
𧊁	⿰虫目
𧊂	⿰虫冬
𧊃	⿱処虫
𧊄	⿰虫只
𧊅	⿰虫另
𧊆	⿱付虫
𧊇	⿱代虫
𧊈	⿱民虫
𧊉	⿰虫乏
𧊊	⿰虫用
𧊋	⿰虫申
𧊌	⿰虫巧
𧊍	⿰虫史
𧊎	⿰虫戉
𧊏	⿰虫亥
𧊐	⿰虫聿
𧊑	⿰虫𡯎
𧊒	⿱次虫
𧊓	⿰虫舟
𧊔	⿲彳虫亍
𧊕	⿰虫戎
𧊖	⿰虫式
𧊗	⿰虫耳
𧊘	⿰虫夸
𧊙	⿰虫旨
𧊚	⿰虫同
𧊛	⿰虫后
𧊜	⿰虫屰
𧊝	⿱艹𧈠
𧊞	⿰虫刑
𧊟	⿱如虫
𧊠	⿰虫㬰
𧊡	⿱邛虫
𧊢	⿱礼虫
𧊣	⿰虫曳
𧊤	⿰虫亦
𧊥	⿰虫戍
𧊦	⿰虫缶
𧊧	⿱合虫
𧊨	⿰虫⿻冂⿰𠄠𠄠
𧊩	⿰虫𡵃
𧊪	⿱⿰万万虫
𧊫	⿰虫⿱龱儿
𧊬	⿱艹𧈡
𧊭	⿰虫因
𧊮	⿱艹𧈸
𧊯	⿱永虫
𧊰	⿱伊虫
𧊱	⿰虫朶
𧊲	⿰虫全
𧊳	⿰虫亘
𧊴	⿰虫丞
𧊵	⿰虫夅
𧊶	⿰虫朵
𧊷	⿰虫妄
𧊸	⿰虫朿
𧊹	⿰安虫
𧊺	⿰虫臣
𧊻	⿰虫𡉊
𧊼	⿰虫⿷冘⺀
𧊽	⿰虫行
𧊾	⿰米虫
𧊿	⿱列虫
𧋀	⿰虫州
𧋁	⿰虫再
𧋂	⿰虫汙
𧋃	⿰虫存
𧋄	⿰虫共
𧋅	⿰虫尽
𧋆	⿰虫耒
𧋇	⿰虫𱤽
𧋈	⿰虫豸
𧋉	⿰虫谷
𧋊	⿱沙虫
𧋋	⿰虫吾
𧋌	⿱⿱𰀉冖虫
𧋍	⿰虫折
𧋎	⿰虫里
𧋏	⿰虫岌
𧋐	⿰虫束
𧋑	⿰虫更
𧋒	⿰虫赤
𧋓	⿰虫告
𧋔	⿱汞虫
𧋕	⿰虫困
𧋖	⿰虫𦔮
𧋗	⿱⿰氏虫土
𧋘	⿰虫弟
𧋙	⿰虫囱
𧋚	⿰仌⿸厂䖝
𧋛	⿱求虫
𧋜	⿹⺄䖵
𧋝	⿰虫𣏏
𧋞	⿰虫𦬞
𧋟	⿰虫每
𧋠	⿱豕虫
𧋡	⿰虫𡆴
𧋢	⿰虫孛
𧋣	⿰虫𠯑
𧋤	⿰虫刧
𧋥	⿰虫足
𧋦	⿰虫尾
𧋧	⿰虫𱖐
𧋨	⿰虫走
𧋩	⿱足虫
𧋪	⿰虫芋
𧋫	⿰虫芓
𧋬	⿰虫系
𧋭	⿰虫⿱爫土
𧋮	⿰虫⿱攵土
𧋯	⿱旲虫
𧋰	⿱𫠨虫
𧋱	⿰虫男
𧋲	⿱亠𧉥
𧋳	⿱𢀜虫
𧋴	⿱夆虫
𧋵	⿰虫狂
𧋶	⿰虫没
𧋷	⿰虫忌
𧋸	⿰虫呈
𧋹	⿰虫𡗶
𧋺	⿰虫志
𧋻	⿰虫吝
𧋼	⿰虫弄
𧋽	⿰虫芒
𧋾	⿰虫邑
𧋿	⿰虫快
𧌀	⿰虫吞
𧌁	⿱攸虫
𧌂	⿰虫步
𧌃	⿰虫妾
𧌄	⿰虫奄
𧌅	⿰虫受
𧌆	⿰虫空
𧌇	⿰虫朋
𧌈	⿰虫帚
𧌉	⿰虫坴
𧌊	⿰虫夜
𧌋	⿰虫卸
𧌌	⿱肬虫
𧌍	⿰虫录
𧌎	⿰虫典
𧌏	⿰虫沓
𧌐	⿱刺虫
𧌑	⿰虫屈
𧌒	⿱或虫
𧌓	⿰虫阜
𧌔	⿱枝虫
𧌕	⿰虫⿰扌⿱𠂉子
𧌖	⿰虫舍
𧌗	⿰虫取
𧌘	⿱服虫
𧌙	⿱雨虫
𧌚	⿰虫炅
𧌛	⿱阜虫
𧌜	⿰爿𧉏
𧌝	⿰𤆍䖝
𧌞	⿲虫礻卩
𧌟	⿱⿰臣丩虫
𧌠	⿱卑虫
𧌡	⿰虫虱
𧌢	⿰糹⿱𠆢虫
𧌣	⿱刀䖵
𧌤	⿰虫⿱八臼
𧌥	⿰虫刾
𧌦	⿱厶䖵
𧌧	⿰虫⿸虍丁
𧌨	⿰虫㭊
𧌩	⿱兓虫
𧌪	⿱𰥍虫
𧌫	⿰虫𦥔
𧌬	⿰虫京
𧌭	⿰虫⿸虍人
𧌮	⿰虫豖
𧌯	⿰虫垂
𧌰	⿰虫降
𧌱	⿱放虫
𧌲	⿱知虫
𧌳	⿰虫肥
𧌴	⿰虫祁
𧌵	⿰虫𠜊
𧌶	⿳𦍌八虫
𧌷	⿰虫𠧦
𧌸	⿰虫卓
𧌹	⿰虫岩
𧌺	⿰虫⿳艹𠆢儿
𧌻	⿱松虫
𧌼	⿰虫到
𧌽	⿰虫㡀
𧌾	⿱䖵丁
𧌿	⿱版虫
𧍀	⿹勹䖵
𧍁	⿰虫庚
𧍂	⿰虫⿱又有
𧍃	⿰虫非
𧍄	⿰虫兖
𧍅	⿱使虫
𧍆	⿰虫孤
𧍇	⿰虫使
𧍈	⿰虫店
𧍉	⿰虫底
𧍊	⿰虫厓
𧍋	⿰虫㝵
𧍌	⿰虫沼
𧍍	⿰虫來
𧍎	⿰虫昏
𧍏	⿰虫姑
𧍐	⿰虫𠅜
𧍑	⿰虫㒺
𧍒	⿰虫耑
𧍓	⿱帥虫
𧍔	⿰虫要
𧍕	⿰虫卻
𧍖	⿰虫省
𧍗	⿰虫若
𧍘	⿰虫幽
𧍙	⿱范虫
𧍚	⿰虫廻
𧍛	⿰虫勇
𧍜	⿰虫癸
𧍝	⿰虫帝
𧍞	⿰虫咢
𧍟	⿱茅虫
𧍠	⿰虫苶
𧍡	⿰虫則
𧍢	⿱衍虫
𧍣	⿱苗虫
𧍤	⿰虫思
𧍥	⿰虫畏
𧍦	⿱必蚕
𧍧	⿰虫咸
𧍨	⿳吅大虫
𧍩	⿰虫𡔢
𧍪	⿰虫禺
𧍫	⿰虫韋
𧍬	⿰虫弇
𧍭	⿰虫泉
𧍮	⿰虫扃
𧍯	⿰虫風
𧍰	⿰虫㚅
𧍱	⿰虫室
𧍲	⿰虫便
𧍳	⿰虫臾
𧍴	⿰虫柬
𧍵	⿱胡虫
𧍶	⿰虫律
𧍷	⿱若虫
𧍸	⿱夂䖵
𧍹	⿰虫⿶凵𦣻
𧍺	⿰虫𢑚
𧍻	⿱便虫
𧍼	⿰虫⿰𣧄刂
𧍽	⿸广⿱⿰夕虫土
𧍾	⿳古⿱冖八虫
𧍿	⿰虫殄
𧎀	⿱㭊虫
𧎁	⿰虫界
𧎂	⿱叚虫
𧎃	⿰𠤕⿱𠆢虫
𧎄	⿰虫敄
𧎅	⿰⿱⿱士冖虫殳
𧎆	⿱才䖵
𧎇	⿰虫蚤
𧎈	⿰虫㓨
𧎉	⿰虫𦍑
𧎊	⿰虫軍
𧎋	⿰虫持
𧎌	⿱春虫
𧎍	⿰虫⿸虍子
𧎎	⿰虫咠
𧎏	⿰咼虫
𧎐	⿰虫秋
𧎑	⿰虫奐
𧎒	⿰虫約
𧎓	⿰虫𧈸
𧎔	⿰虫奔
𧎕	⿱北蚕
𧎖	⿰虫⿱罒水
𧎗	⿱科虫
𧎘	⿰虫衍
𧎙	⿰虫𠨚
𧎚	⿰虫段
𧎛	⿰虫突
𧎜	⿰虫屋
𧎝	⿰虫奏
𧎞	⿰虫厖
𧎟	⿲虫？阝
𧎠	⿰虫胤
𧎡	⿰虫宫
𧎢	⿰虫貣
𧎣	⿰虫茸
𧎤	⿰虫孫
𧎥	⿰虫扇
𧎦	⿰虫恭
𧎧	⿰虫𪧐
𧎨	⿰虫屖
𧎩	⿰虫桀
𧎪	⿱氏䖵
𧎫	⿰虫𧴪
𧎬	⿱特虫
𧎭	⿱射虫
𧎮	⿱叉䖵
𧎯	⿰虫缺
𧎰	⿱展虫
𧎱	⿱巴䖵
𧎲	⿰虫丵
𧎳	⿰虫索
𧎴	⿰虫哲
𧎵	⿰虫氣
𧎶	⿹⿻弋𢆶虫
𧎷	⿰虫芻
𧎸	⿰虫高
𧎹	⿰𰧭𧈡
𧎺	⿰虫哥
𧎻	⿱務虫
𧎼	⿰虫䍃
𧎽	⿰虫晋
𧎾	⿰虫𡭴
𧎿	⿱疾虫
𧏀	⿰虫恖
𧏁	⿺⿸𠂋？⿱虫土
𧏂	⿰虫奊
𧏃	⿰虫⿳丶匡大
𧏄	⿰子蜇
𧏅	⿱𢼜虫
𧏆	⿱⿰臣斗虫
𧏇	⿱𭃤虫
𧏈	⿰虫𡇢
𧏉	⿰虫⿱龹夫
𧏊	⿱艹䖵
𧏋	⿳⿱𰀉冖口虫
𧏌	⿱⿰𡔜殳虫
𧏍	⿱師虫
𧏎	⿰蚊虫
𧏏	⿰虫𥥐
𧏐	⿱原虫
𧏑	⿰虫竝
𧏒	⿱日蛬
𧏓	⿰虫⿱处田
𧏔	⿰⿷匚永⿱虫土
𧏕	⿰虫𰲚
𧏖	⿰虫宾
𧏗	⿰虫资
𧏘	⿰虫般
𧏙	⿰虫羗
𧏜	⿰虫⿱土吳
𧏝	⿱厽⿲丿⿱𰀪虫丨
𧏞	⿰虫差
𧏟	⿱粉虫
𧏠	⿰虫桑
𧏡	⿰虫夏
𧏢	⿰虫峯
𧏣	⿰虫笑
𧏤	⿱茿虫
𧏥	⿰虫𦮕
𧏦	⿰虫䎡
𧏧	⿰虫畟
𧏨	⿱氣虫
𧏩	⿰虫⿷𠒆厶
𧏪	⿰虫桊
𧏫	⿰虫殺
𧏬	⿰虫蚩
𧏭	⿰虫⿳爫⺕山
𧏮	⿰虫恙
𧏯	⿰虫辱
𧏰	⿰虫耽
𧏱	⿰虫盎
𧏲	⿰虫烈
𧏳	⿰虫捕
𧏴	⿰虫追
𧏵	⿰虫竜
𧏶	⿰虫陣
𧏷	⿰虫畜
𧏸	⿰虫啇
𧏹	⿰虫豙
𧏺	⿰虫區
𧏻	⿰虫畢
𧏼	⿱主䖵
𧏽	⿰虫悘
𧏿	⿰虫逐
𧐀	⿰虫𬀷
𧐁	⿰虫欶
𧐂	⿰飠⿱𠆢虫
𧐃	⿰虫⿱隹大
𧐄	⿰虫欲
𧐅	⿰虫虘
𧐆	⿱既虫
𧐇	⿰虫尉
𧐈	⿱族虫
𧐉	⿱⿰知干虫
𧐊	⿰虫張
𧐋	⿰虫畧
𧐌	⿱唯虫
𧐍	⿰虫舂
𧐎	⿰虫覓
𧐏	⿱氐䖵
𧐑	⿰虫𡭽
𧐒	⿰虫速
𧐓	⿱野虫
𧐔	⿰虫習
𧐕	⿰虫專
𧐖	⿰虫連
𧐗	⿰虫旋
𧐘	⿱龴⿵冂⿲虫丨虫
𧐙	⿰虫務
𧐚	⿰虫𢉙
𧐛	⿰虫𡕨
𧐜	⿱殻虫
𧐝	⿰虫㪷
𧐞	⿰虫莘
𧐟	⿰虫𢙽
𧐠	⿸鹿虫
𧐡	⿱殸虫
𧐢	⿰虫毫
𧐣	⿰虫略
𧐤	⿰虫牽
𧐥	⿰虫捷
𧐦	⿰虫⿹𢦏业
𧐧	⿱𡗗䖵
𧐨	⿱埶虫
𧐩	⿰虫崙
𧐪	⿰虫⿸虍𤴓
𧐫	⿰虫䖤
𧐬	⿰虫⿱⺌⿵冂会
𧐭	⿰虫赦
𧐮	⿱斬虫
𧐯	⿱略虫
𧐰	⿱𠕀蜀
𧐱	⿱從虫
𧐲	⿰虫⿳夂罒巾
𧐳	⿰虫𢉖
𧐴	⿰虫宿
𧐵	⿱㪷虫
𧐶	⿱戚虫
𧐷	⿰虫𢉉
𧐸	⿰虫彫
𧐹	⿰虫移
𧐺	⿰虫通
𧐻	⿰虫堆
𧐼	⿰虫掉
𧐽	⿰虫淡
𧐾	⿰虫部
𧐿	⿰虫崇
𧑀	⿰虫巢
𧑁	⿰虫參
𧑂	⿰虫既
𧑃	⿰虫⿰𫠤攵
𧑄	⿰虫衆
𧑅	⿰虫越
𧑆	⿰虫童
𧑇	⿰虫棃
𧑈	⿰虫費
𧑊	⿰虫景
𧑋	⿰虫貴
𧑌	⿰虫異
𧑍	⿰虫華
𧑎	⿰祟𧈡
𧑏	⿰虫属
𧑐	⿰虫矞
𧑑	⿰虫菶
𧑒	⿰虫敦
𧑓	⿰虫黍
𧑔	⿰虫逮
𧑕	⿰虫惡
𧑖	⿱朿䖵
𧑗	⿰虫甯
𧑘	⿱湯虫
𧑙	⿰虫就
𧑚	⿰虫寒
𧑛	⿰虫⿻一肅
𧑜	⿰虫琵
𧑝	⿱掾虫
𧑞	⿰虫䖭
𧑟	⿰虫隆
𧑠	⿰虫⿱⿱𰀉冖石
𧑡	⿰虫琶
𧑢	⿸广⿱䖵土
𧑣	⿺堯虫
𧑤	⿱朱䖵
𧑥	⿰舟䖭
𧑦	⿰虫⿱隹夬
𧑧	⿱石⿰折虫
𧑨	⿱㓞䖵
𧑩	⿰虫⿱罒⿸厂㇯艮一
𧑪	⿰番虫
𧑫	⿰虫叅
𧑬	⿳血伐虫
𧑭	⿱喆虫
𧑮	⿰虫𦓔
𧑯	⿱兟虫
𧑰	⿰虫⿽𧴮二
𧑱	⿰虫喆
𧑲	⿰虫⿱穴伯
𧑳	⿰虫⿱甾灬
𧑴	⿱⺈⿷⿹？虫虫
𧑵	⿰虫⿱山⿷⿸⿻日丿乚厶
𧑶	⿰虫⿱𫲽⿻⺝丨
𧑷	⿰虫犀
𧑸	⿱衆虫
𧑹	⿰虫普
𧑺	⿰虫⿰扌⿸⿸⿰丿⿱⺊⺂七𤴓
𧑻	⿰虫㨗
𧑼	⿱𫻹虫
𧑽	⿰虫䟫
𧑾	⿰虫絕
𧑿	⿱⿰糹糹虫
𧒀	⿰虫敝
𧒁	⿱黍虫
𧒂	⿱𠂤䖵
𧒃	⿱羊䖵
𧒄	⿰虫間
𧒅	⿰虫貶
𧒆	⿰虫尊
𧒇	⿰虫猪
𧒈	⿱列䖵
𧒉	⿱厨虫
𧒊	⿰虫智
𧒋	⿰虫⿱𰀢見
𧒌	⿰虫路
𧒍	⿱路虫
𧒎	⿱我䖵
𧒏	⿸辰䖵
𧒐	⿰虫𢊃
𧒑	⿰虫鼠
𧒒	⿱夆䖵
𧒓	⿰虫瑟
𧒔	⿱求䖵
𧒕	⿰壴蚤
𧒖	⿰虫過
𧒗	⿰虫嗇
𧒘	⿰虫𩰬
𧒙	⿱𫠨䖵
𧒚	⿱艹蝥
𧒛	⿱妟䖵
𧒜	⿱雷虫
𧒝	⿸尸⿱龷䖵
𧒞	⿰虫⿱𡇒⺝
𧒟	⿱𠂂䖵
𧒠	⿰虫⿳宀⿻又丷用
𧒡	⿱𫲸䖵
𧒢	⿱⿹⺄虫䖵
𧒣	⿱𦵮虫
𧒤	⿳⿵卄𠄠⿵冂虫虫
𧒥	⿰⿱出方⿱攵虫
𧒦	⿰⿱父羊⿱丸虫
𧒧	⿱𫲽䖵
𧒨	⿱茧𫊥
𧒩	⿰虫甞
𧒪	⿰虫圓
𧒫	⿰虫𪧟
𧒬	⿰虫裊
𧒭	⿰虫遗
𧒮	⿰虫喿
𧒯	⿰虫會
𧒰	⿰虫微
𧒱	⿰虫雍
𧒲	⿰虫亷
𧒳	⿰虫⿱冖莫
𧒴	⿰虫道
𧒵	⿰虫𢧜
𧒶	⿰虫⿹𢦏⿱口𧘇
𧒷	⿰虫粲
𧒸	⿰虫愁
𧒹	⿰虫粵
𧒺	⿰虫舅
𧒻	⿰虫觧
𧒼	⿰虫𣪠
𧒽	⿰虫雷
𧒾	⿱當虫
𧒿	⿰虫賊
𧓀	⿳𠆢魚虫
𧓁	⿰虫愛
𧓂	⿱⿳亠口冖䖵
𧓃	⿱歇虫
𧓄	⿰虫辟
𧓅	⿰虫農
𧓆	⿰虫傳
𧓇	⿰虫殿
𧓈	⿰虫雋
𧓉	⿵齊虫
𧓊	⿱非䖵
𧓋	⿰虫𠪨
𧓌	⿰虫熒
𧓍	⿰虫賔
𧓎	⿱卑䖵
𧓏	⿰虫聚
𧓐	⿱㼲虫
𧓑	⿱雨䖵
𧓒	⿰虫夤
𧓓	⿰虫㡭
𧓔	⿱精虫
𧓕	⿱東䖵
𧓖	⿱肥䖵
𧓗	⿰虫歋
𧓘	⿰虫團
𧓙	⿰虫槃
𧓚	⿱⿳亠⿴⿰丨丨𠄠冖䖵
𧓛	⿰虫⿱九黄
𧓜	⿰虫槖
𧓝	⿰虫𮮱
𧓞	⿲虫鬲丰
𧓟	⿱⿰？⿺乚日䖵
𧓠	⿰虫⿳一舛冏
𧓡	⿰虫⿳艹𠔿戌
𧓢	⿱昏䖵
𧓣	⿰⿸？⿱丆罒虫
𧓤	⿱蛓虫
𧓥	⿰虫⿹𢦏亞
𧓦	⿰虫監
𧓧	⿰虫鼻
𧓨	⿱𧈟䖵
𧓩	⿰虫䝳
𧓪	⿰虫銀
𧓫	⿱宓䖵
𧓬	⿰虫夐
𧓭	⿰虫綿
𧓮	⿱碧虫
𧓯	⿰虫僞
𧓰	⿰虫𭀰
𧓱	⿱匽䖵
𧓲	⿰虫養
𧓳	⿰虫質
𧓴	⿰虫霆
𧓵	⿱苗䖵
𧓶	⿰虫蓬
𧓷	⿱𢧵虫
𧓸	⿰虫鄭
𧓹	⿱昬䖵
𧓺	⿰虫寫
𧓻	⿰虫慮
𧓼	⿰虫廡
𧓽	⿸厲虫
𧓾	⿰虫⿱⿱⺈⿵冂人𰭈
𧓿	⿱茅䖵
𧔀	⿰虫⿳北穴瓦
𧔁	⿳⿱二中口䖵
𧔂	⿱𡧷䖵
𧔃	⿱宀蟲
𧔄	⿱毒䖵
𧔅	⿰螻攴
𧔆	⿱毗䖵
𧔇	⿰虫⿱耑而
𧔈	⿰益⿱罒虫
𧔉	⿰虫樂
𧔊	⿰虫廛
𧔋	⿰虫廚
𧔌	⿰虫黎
𧔍	⿰虫嶲
𧔎	⿰虫魯
𧔏	⿱苐虫
𧔐	⿱𦭤䖵
𧔑	⿱㒸䖵
𧔒	⿰虫𢨆
𧔓	⿰素⿱⿻叉丷虫
𧔔	⿱𧈸䖵
𧔕	⿰虫蔴
𧔖	⿰虫賣
𧔗	⿲䖝䖝䖝
𧔘	⿰虫瞏
𧔙	⿰虫暴
𧔚	⿰虫窮
𧔛	⿰虫鄧
𧔜	⿰虫暫
𧔝	⿰虫歷
𧔞	⿸原䖵
𧔟	⿰虫駦
𧔠	⿰虫⿱⿱卝干⿹⿻禾？丂
𧔡	⿱展䖵
𧔢	⿱錢虫
𧔣	⿰虫賴
𧔤	⿱縣虫
𧔥	⿰虫遺
𧔦	⿰虫燕
𧔧	⿱逄䖵
𧔨	⿱弔蟲
𧔩	⿳艹弔䖵
𧔪	⿱頻虫
𧔫	⿰虫𦎧
𧔬	⿰虫橐
𧔭	⿳丷⿴西人䖵
𧔮	⿱豈䖵
𧔯	⿱比⿲虫虫虫
𧔰	⿱隹⿵冂䖵
𧔱	⿳臼⿱龱禸虫
𧔲	⿱冥䖵
𧔳	⿱留䖵
𧔴	⿱艹蟲
𧔵	⿳未皿䖵
𧔶	⿰舟⿳火⿻人⿰⿱丶㇀⿱㇒丶虫
𧔷	⿰虫暹
𧔸	⿰虫⿱⿰㠯帀冏
𧔹	⿰虫⿸厂⿱黒土
𧔺	⿱噧虫
𧔻	⿱比蟲
𧔼	⿰蟲戈
𧔽	⿰虫⿱師⿵冂⿱丷丅
𧔾	⿰虫頹
𧔿	⿰虫雕
𧕀	⿰虫壁
𧕁	⿰虫⿳一𠱠⿱一𠀎
𧕂	⿰虫⿹⿽戈巛韭
𧕃	⿰虫毚
𧕄	⿰虫應
𧕅	⿰虫霝
𧕆	⿰虫戲
𧕇	⿰虫鮮
𧕈	⿱尉䖵
𧕉	⿰虫谿
𧕊	⿰虫燮
𧕋	⿰虫龠
𧕌	⿱略䖵
𧕍	⿰虫營
𧕎	⿱渠䖵
𧕏	⿱薛虫
𧕐	⿱曹䖵
𧕑	⿱矛蟲
𧕒	⿱弗蟲
𧕓	⿰虫⿱此黽
𧕔	⿱高䖵
𧕕	⿳⿱亡𠀐亡䖵
𧕖	⿰虫霞
𧕗	⿰虫闌
𧕘	⿰虫雖
𧕙	⿱畣䖵
𧕚	⿰虫齋
𧕛	⿳㽞一䖵
𧕜	⿳⿰元元日䖵
𧕝	⿳𫲽罒䖵
𧕞	⿱魏虫
𧕟	⿰虫雙
𧕠	⿱衆䖵
𧕡	⿰虫覆
𧕢	⿱𠶷䖵
𧕣	⿵雋䖵
𧕤	⿱貘虫
𧕥	⿰虫貘
𧕦	⿱單䖵
𧕧	⿳𦥑龱䖵
𧕨	⿰虫藏
𧕩	⿰虫聶
𧕪	⿰虫醫
𧕫	⿰虫壘
𧕬	⿰虫禮
𧕭	⿰虫藍
𧕮	⿰虫離
𧕯	⿰虫麗
𧕰	⿳⿱𰀉冖缶䖵
𧕱	⿱舝䖵
𧕲	⿱雋䖵
𧕳	⿰虫羸
𧕴	⿱難虫
𧕵	⿱黽䖵
𧕶	⿱義䖵
𧕷	⿱艹蠢
𧕸	⿱騜虫
𧕹	⿱戈蠢
𧕺	⿰虫⿱雔凡
𧕻	⿰虫龐
𧕼	⿱翽虫
𧕽	⿱兓蟲
𧕾	⿱截䖵
𧕿	⿱非蟲
𧖀	⿱㡭䖵
𧖁	⿱⿳亠⿴⿰丨丨𠄠冖蟲
𧖂	⿰巾蠱
𧖃	⿰虫獻
𧖄	⿱厲䖵
𧖅	⿱鼏䖵
𧖆	⿰虫闥
𧖇	⿸廱虫
𧖈	⿱毗蟲
𧖉	⿸尸⿱㠭䖵
𧖊	⿱齊䖵
𧖋	⿰虫𪉷
𧖌	⿱䖵磊
𧖍	⿰䖝騰
𧖎	⿱毗⿲虫虫虫
𧖏	⿸尸⿳⿰工工𠦅䖵
𧖐	⿰虫覽
𧖑	⿱彊䖵
𧖒	⿰虫囊
𧖓	⿰鬲蟲
𧖔	⿵𨳌蟲
𧖕	⿱𣬈蟲
𧖖	⿰虫巒
𧖗	⿰虫𧞻
𧖘	⿰虫攣
𧖙	⿱顯虫
𧖚	⿱㯱䖵
𧖛	⿰蠶尼
𧖜	⿰虫靈
𧖝	⿱⿰焦焦虫
𧖞	⿱鱣虫
𧖟	⿱兟蟲
𧖠	⿱𮭘虫
𧖡	⿱䕙䖵
𧖢	⿱翽䖵
𧖣	⿰虫蠻
𧖤	⿱𣍘䖵
𧖥	⿳⿱⿴𦥑同冖林𧈹
𧖦	⿰每蠻
𧖧	⿱血丁
𧖨	⿱血丂
𧖩	⿰血力
𧖪	⿱血夕
𧖫	⿰血夬
𧖬	⿳一上血
𧖭	⿱止血
𧖮	⿱血日
𧖯	⿱不血
𧖰	⿰血卯
𧖱	⿱血卯
𧖲	⿰血禾
𧖳	⿱同血
𧖴	⿰𠂢血
𧖵	⿰血免
𧖶	⿱沈血
𧖷	⿰血忍
𧖸	⿱囧血
𧖹	⿰血豕
𧖺	⿱䏙血
𧖻	⿰血或
𧖼	⿰血咎
𧖽	⿱明血
𧖾	⿰血函
𧖿	⿰血昇
𧗀	⿰血甚
𧗁	⿱𦘔血
𧗂	⿰血思
𧗃	⿱⿰彡聿血
𧗄	⿱臥血
𧗅	⿱血某
𧗆	⿱䒱血
𧗇	⿹⿻弋𢆶血
𧗈	⿰血⿸辰寸
𧗉	⿱浦血
𧗊	⿳⿱𦘒一灬血
𧗋	⿰血參
𧗌	⿰血虖
𧗍	⿰盖血
𧗎	⿱菹血
𧗏	⿰血貴
𧗐	⿰血敢
𧗑	⿱⿰㚔攴血
𧗒	⿹幾血
𧗓	⿱幾血
𧗔	⿰血雋
𧗕	⿱⿴𦥑囟血
𧗖	⿸厭血
𧗗	⿰血鼻
𧗘	⿱䔘血
𧗙	⿳⿱𦘒一䀠血
𧗚	⿳⿱𦘒一𰀕血
𧗛	⿱𥪴血
𧗜	⿱贛血
𧗝	⿲彳九亍
𧗞	⿲彳亻亍
𧗟	⿲彳人亍
𧗠	⿲彳冫亍
𧗡	⿲彳⿱一亻亍
𧗢	⿲彳尢亍
𧗣	⿲彳山亍
𧗤	⿲彳⿻⿱㇒一丿亍
𧗥	⿲彳土亍
𧗦	⿲彳开亍
𧗧	⿲彳日亍
𧗨	⿲彳旡亍
𧗩	⿱不行
𧗪	⿲彳正亍
𧗫	⿲彳𠫤亍
𧗬	⿲彳𡵂亍
𧗭	⿲彳⿱三䶹亍
𧗮	⿲彳𭇁亍
𧗯	⿲彳光亍
𧗰	⿲彳尖亍
𧗱	⿲彳米亍
𧗲	⿲彳⿱山王亍
𧗳	⿲彳言亍
𧗴	⿲彳甬亍
𧗵	⿲彳𠅋亍
𧗶	⿲彳辛亍
𧗷	⿲彳求亍
𧗸	⿲彳戔亍
𧗹	⿲彳音亍
𧗺	⿲彳忩亍
𧗻	⿲彳⿱⺈𠤱亍
𧗼	⿲彳⿱山糸亍
𧗽	⿲彳奐亍
𧗾	⿲彳⿱角大亍
𧗿	⿲彳率亍
𧘀	⿲彳巢亍
𧘁	⿲彳⿳日山元亍
𧘂	⿲彳童亍
𧘃	⿲彳買亍
𧘄	⿲彳⿱𩠐寸亍
𧘅	⿲彳賣亍
𧘆	⿲彳⿱䀠𦈢亍
𧘇	
𧘈	⿰衤了
𧘉	⿱衣冂
𧘊	⿱衣几
𧘋	⿰衤八
𧘌	⿰衤乃
𧘍	⿰衤工
𧘎	⿳亠亏𧘇
𧘏	⿰衤弓
𧘐	⿰衤乇
𧘑	⿰衤勺
𧘒	⿰衤𠔀
𧘓	⿰衤丈
𧘖	⿰衤刄
𧘗	⿱口衣
𧘘	⿳亠于𧘇
𧘙	⿳亠𠔀𧘇
𧘚	⿰衤亏
𧘛	⿰衤⿱一？
𧘜	⿰衤千
𧘝	⿳亠毛𧘇
𧘞	⿰衤斗
𧘟	⿰衤巿
𧘠	⿳亠分𧘇
𧘡	⿰衤少
𧘢	⿰衤互
𧘣	⿰衤殳
𧘤	⿰衤勾
𧘥	⿰衤丑
𧘦	⿳亠王𧘇
𧘧	⿰衤⿱㇒⿻一𠀁
𧘨	⿳亠弔𧘇
𧘩	⿱方衣
𧘪	⿰衤牙
𧘫	⿳亠㞢𧘇
𧘬	⿰衤⿰𠂇十
𧘭	⿳亠今𧘇
𧘮	⿱㐫𧘇
𧘯	⿱衣⺝
𧘰	⿱㇒表
𧘲	⿰衤止
𧘳	⿳亠𠔁𧘇
𧘴	⿱巿衣
𧘵	⿰衤⿺⿻⿰丿㇂一丶
𧘶	⿰衤攵
𧘷	⿰衤⿸𠂆⿰丨乚
𧘸	⿰衤屯
𧘹	⿰衤太
𧘺	⿰衤凤
𧘻	⿰衤斤
𧘼	⿳亠𫩏𧘇
𧘽	⿱奴衣
𧘾	⿰衤⿳一𠂈？
𧘿	⿰衤正
𧙀	⿰衤立
𧙁	⿱此衣
𧙂	⿰衤弗
𧙃	⿳亠可𧘇
𧙄	⿰衤本
𧙅	⿰衤叵
𧙆	⿰衤瓜
𧙇	⿰衤宂
𧙈	⿰衤司
𧙉	⿳亠出𧘇
𧙊	⿰衤囙
𧙋	⿰衤只
𧙌	⿱衣包
𧙍	⿱失衣
𧙎	⿳亠句𧘇
𧙏	⿳亠由𧘇
𧙐	⿱夲衣
𧙑	⿱可衣
𧙒	⿰衤⿱一开
𧙓	⿰衤乍
𧙔	⿰衤圣
𧙕	⿰衤未
𧙖	⿰衤古
𧙗	⿰衤右
𧙘	⿱包衣
𧙙	⿱市𧘇
𧙚	⿱衣用
𧙛	⿰衤布
𧙜	⿸疒衣
𧙝	⿰衤斥
𧙞	⿰衤朿
𧙟	⿰衤曳
𧙠	⿰衤戍
𧙡	⿰衤亦
𧙢	⿰衤式
𧙣	⿰衤夷
𧙤	⿰衤朶
𧙥	⿰衤同
𧙦	⿳亠⿱出八𧘇
𧙧	⿰衤开
𧙨	⿱任衣
𧙩	⿳亠列𧘇
𧙪	⿱㐭𧘇
𧙫	⿰衤耳
𧙬	⿳亠𫩏衣
𧙭	⿱弜衣
𧙮	⿲衤⿱䒑几刂
𧙯	⿱龹衣
𧙰	⿳亠⿱工八𧘇
𧙱	⿰衤𫥞
𧙲	⿰衤考
𧙳	⿱合衣
𧙴	⿱𣅀衣
𧙵	⿳亠⿱㞢八𧘇
𧙶	⿱宇衣
𧙷	⿰衤列
𧙸	⿰衤亙
𧙹	⿰衤向
𧙺	⿰衤后
𧙻	⿰衤聿
𧙼	⿰衤𱤽
𧙽	⿰衤虫
𧙾	⿰亻⿱攴衣
𧙿	⿰衤衣
𧚀	⿰衤每
𧚁	⿰衤完
𧚂	⿰衤弄
𧚃	⿰衤系
𧚅	⿰衤良
𧚆	⿰衤孛
𧚇	⿰衤免
𧚈	⿰衤忌
𧚉	⿰衤夋
𧚊	⿰衤𦔮
𧚋	⿰衤夆
𧚌	⿳亠壯𧘇
𧚍	⿳亠求𧘇
𧚎	⿰衤⿱㇒𤰔
𧚏	⿰衤束
𧚐	⿱⿱𰀉冖衣
𧚑	⿰衤戓
𧚒	⿱牡衣
𧚔	⿰衤甬
𧚕	⿰衤⿱亠冬
𧚖	⿰衤足
𧚗	⿰衤甹
𧚘	⿰衤秀
𧚙	⿰衤作
𧚚	⿱汱衣
𧚛	⿱𠦑衣
𧚜	⿰衤乕
𧚝	⿹𢦒衣
𧚞	⿳亠冏𧘇
𧚟	⿰衤尾
𧚠	⿰弄衣
𧚡	⿱⿵𰃦王衣
𧚢	⿰衤𠑽
𧚣	⿱里衣
𧚤	⿳亠侈𧘇
𧚥	⿰衤取
𧚦	⿰衤𣏋
𧚧	⿰衤臽
𧚨	⿰衤疌
𧚩	⿱𥝢衣
𧚪	⿰衤妾
𧚫	⿰衤青
𧚬	⿰衤空
𧚭	⿰衤并
𧚮	⿰衤隹
𧚯	⿰衤受
𧚰	⿳亠叕𧘇
𧚱	⿳亠巛𧘗
𧚲	⿱𠜊衣
𧚳	⿰衤制
𧚴	⿰衤𧈧
𧚵	⿳火日衣
𧚶	⿰衤⿹𢦏刀
𧚷	⿰衤𤽇
𧚸	⿰衤𡶤
𧚹	⿳亠⿴北口𧘇
𧚺	⿰衤歨
𧚻	⿰衤皆
𧚼	⿰衤𫩧
𧚽	⿳亠畀𧘇
𧚾	⿳亠吅衣
𧚿	⿱取衣
𧛀	⿱林衣
𧛁	⿳衣冖衣
𧛂	⿰衤固
𧛃	⿰衤囷
𧛄	⿰衤𲀥
𧛅	⿰衤⿳亠夕？
𧛆	⿰衤沓
𧛇	⿰衤長
𧛈	⿰衤侖
𧛉	⿱衣枚
𧛊	⿰衤昔
𧛋	⿰衤念
𧛌	⿱衣拔
𧛍	⿰衤⿱大包
𧛎	⿰衤岺
𧛏	⿰衤兹
𧛐	⿰衤屋
𧛑	⿰衤垔
𧛒	⿰衤𰩬
𧛓	⿰衤⿸虍夊
𧛔	⿰衤毒
𧛕	⿰衤冒
𧛖	⿰衤施
𧛗	⿰衤突
𧛘	⿰衤亟
𧛙	⿳亠⿱爫𣎼𧘇
𧛚	⿰衤畏
𧛛	⿰衤⿱𠆢镸
𧛜	⿱封衣
𧛝	⿰衤㚇
𧛞	⿰衤胡
𧛟	⿰衤星
𧛠	⿰衤𢦶
𧛡	⿰衤咸
𧛢	⿰衤致
𧛣	⿱叚衣
𧛤	⿰衤怱
𧛥	⿰衤⿳亠厶冉
𧛦	⿹⿽戈市衣
𧛧	⿰口袲
𧛨	⿱商𧘇
𧛩	⿰衤苟
𧛪	⿰衤𡧱
𧛫	⿳亠胡𧘇
𧛬	⿱𠱭衣
𧛭	⿰衤若
𧛮	⿰衤柰
𧛯	⿱前衣
𧛰	⿰衤眉
𧛱	⿱保衣
𧛲	⿱⿵𰃦圭衣
𧛳	⿰衤⿱𠂉⿶凵氺
𧛴	⿰衤㢲
𧛵	⿱⿰𣧄刂衣
𧛶	⿰衤待
𧛷	⿰衤哉
𧛸	⿰衤芻
𧛹	⿰衤翁
𧛺	⿰衤屖
𧛻	⿰衤索
𧛼	⿰衤射
𧛽	⿱叞衣
𧛾	⿰衤盍
𧛿	⿳亠秝𧘇
𧜀	⿰衤冥
𧜁	⿰衤殺
𧜂	⿰衤師
𧜃	⿰衤氣
𧜄	⿰衤圅
𧜅	⿰衤害
𧜆	⿰衤茙
𧜇	⿰衤邕
𧜈	⿳亠𰮤𧘇
𧜉	⿱高衣
𧜊	⿱⿰衣衣日
𧜋	⿰衤⿳爫幺廾
𧜌	⿱敇衣
𧜍	⿳亠⿱次毌𧘇
𧜏	⿳亠非衣
𧜐	⿺𮕤怠
𧜑	⿰衤⿸𠂆⿻𠮛巿
𧜒	⿰衤莽
𧜓	⿰衤骨
𧜔	⿰衤屑
𧜕	⿰衤笑
𧜖	⿰衤真
𧜗	⿰衤馬
𧜘	⿰衤員
𧜙	⿰衤貢
𧜚	⿱氣衣
𧜛	⿰衤郎
𧜜	⿰月𧙯
𧜝	⿰衤桼
𧜞	⿰衤曼
𧜟	⿱商衣
𧜠	⿰衤率
𧜡	⿰衤盖
𧜢	⿰衤悤
𧜤	⿱殹衣
𧜥	⿰衤庶
𧜦	⿰衤速
𧜧	⿰衤舂
𧜨	⿰衤逄
𧜩	⿰衤⿱⿱⿻𠮛⿰丨丨冖夕
𧜪	⿳亠⿰？⿱⺈田𧘇
𧜫	⿳亠鹿𧘇
𧜬	⿰衤⿱𥫗灭
𧜭	⿰衤属
𧜮	⿰衤㝡
𧜯	⿳文呆𧘇
𧜰	⿰衤𡕨
𧜱	⿰衤娶
𧜲	⿰衤⿱谷⺝
𧜳	⿰衤既
𧜴	⿰衤規
𧜵	⿰衤帶
𧜶	⿰衤堅
𧜷	⿱𤈫衣
𧜸	⿳亠？𧘇
𧜹	⿰衤猜
𧜺	⿰衤彪
𧜻	⿱動衣
𧜼	⿱埶衣
𧜽	⿰衤旋
𧜾	⿰衤屚
𧜿	⿰衤莆
𧝀	⿰衤異
𧝁	⿰衤⿱罒羽
𧝂	⿰衤賀
𧝃	⿰衤矞
𧝄	⿰衤⿱⿻𣄼丨？
𧝅	⿰衤翕
𧝆	⿰衤朁
𧝇	⿰衤費
𧝈	⿰衤焦
𧝉	⿰衤黹
𧝊	⿰衤戠
𧝋	⿰衤敦
𧝌	⿰衤𤉢
𧝍	⿰衤隋
𧝎	⿰衤童
𧝏	⿸厤衣
𧝐	⿰衤啻
𧝑	⿳亠㠭𧘇
𧝓	⿰衤覃
𧝔	⿰衤虚
𧝕	⿳亠圍𧘇
𧝖	⿱圍衣
𧝗	⿱敦衣
𧝘	⿰衤裒
𧝙	⿰衤着
𧝚	⿱⿰癸丸衣
𧝛	⿱傀衣
𧝜	⿰衤尞
𧝝	⿰衤赖
𧝞	⿰衤幾
𧝟	⿱敞衣
𧝠	⿰衤散
𧝡	⿰衤答
𧝢	⿳亠⿰舟𠔉𧘇
𧝣	⿱㠭衣
𧝤	⿰衤斯
𧝥	⿳亠傌𧘇
𧝦	⿰𱤽裂
𧝧	⿰衤𢧐
𧝨	⿰衤詔
𧝩	⿰衤循
𧝪	⿰衤𡬵
𧝫	⿰衤𭘧
𧝬	⿱敝衣
𧝭	⿰衤𮙺
𧝮	⿰衤⿱匊心
𧝯	⿲衤耳衣
𧝰	⿰衤⿱⿵𰃦釆丂
𧝱	⿰衤寋
𧝲	⿰衤豦
𧝳	⿰衤敫
𧝴	⿰衤督
𧝵	⿰衤葉
𧝶	⿰衤葛
𧝷	⿱毁衣
𧝸	⿰衤雍
𧝹	⿱吂⿲月衣凡
𧝺	⿳亠楙𧘇
𧝻	⿳亠𦩎𧘇
𧝼	⿰衤剽
𧝽	⿰衤歇
𧝾	⿳亠⿰？⿱爫𠙻𧘇
𧝿	⿰衤畺
𧞀	⿰衤竪
𧞁	⿰衤䪞
𧞂	⿳亠⿱羽臼𧘇
𧞃	⿰衤辟
𧞄	⿰衤粵
𧞅	⿰衤達
𧞆	⿰衤詳
𧞇	⿰衤愛
𧞈	⿱暖衣
𧞉	⿱楙衣
𧞊	⿰衤解
𧞋	⿰衤廉
𧞌	⿰衤⿳八罒⿹⿺㇉一灬
𧞍	⿰衤察
𧞎	⿰衤㥯
𧞏	⿰衤與
𧞐	⿱斲衣
𧞑	⿰衤𫎇
𧞒	⿱⿰⿱⿱士冖禾殳衣
𧞓	⿰衤齊
𧞔	⿰衤蓋
𧞕	⿱㼲衣
𧞖	⿰衤端
𧞗	⿳亠斲𧘇
𧞘	⿰衤⿺辶⿸尸⿻⿰二二𰀁
𧞙	⿱甄衣
𧞚	⿳亠⿰舟𠔉衣
𧞛	⿰衤截
𧞜	⿱⿴𦥑吉衣
𧞝	⿰衤⿸厂𭘧
𧞞	⿰衤熊
𧞟	⿰衤⿸厃⿱比吉
𧞠	⿰臯⿱衣乂
𧞡	⿱𡡅衣
𧞢	⿳⿱𰀉冖豕衣
𧞣	⿰衤厭
𧞤	⿰衤蒦
𧞥	⿰裔妥
𧞦	⿰衤⿳⺈⿻𫩏丷⿹⿺㇉一灬
𧞧	⿰衤麃
𧞨	⿰衤歐
𧞩	⿰衤𢧵
𧞪	⿰衤巤
𧞫	⿰衤豎
𧞬	⿰衤韯
𧞭	⿰衤畾
𧞮	⿱諑衣
𧞯	⿸麃衣
𧞰	⿰衤慼
𧞱	⿰衤𪊘
𧞲	⿰衤⿻奭一
𧞳	⿰衤⿱⿻十𦥑？
𧞴	⿱衣調
𧞵	⿰衤厲
𧞶	⿰衤篤
𧞷	⿰衤褱
𧞸	⿰衤遺
𧞹	⿱⿰⿱⿱士冖豕殳衣
𧞺	⿱𣚯衣
𧞻	⿳亠𤕦𧘇
𧞼	⿰衤褰
𧞽	⿰衤遲
𧞾	⿰衤默
𧞿	⿰衤歷
𧟀	⿰衤戰
𧟁	⿰衤駢
𧟂	⿰衤彊
𧟃	⿰衤巂
𧟄	⿰衤襄
𧟅	⿰衤𧷗
𧟆	⿰衤薦
𧟇	⿰衤龠
𧟈	⿰衤𤐫
𧟉	⿰衤𥳑
𧟊	⿰衤㬥
𧟋	⿰衤藍
𧟌	⿰衤羅
𧟍	⿰衤羆
𧟎	⿰衤𧸇
𧟏	⿱䜌衣
𧟐	⿰衤蠒
𧟑	⿰衤騫
𧟒	⿰衤䢉
𧟓	⿰衤嚴
𧟔	⿰衤𣍘
𧟕	⿰衤𤴁
𧟖	⿰衤籖
𧟗	⿰衤卛
𧟘	⿰衤囊
𧟙	⿰衤靈
𧟚	⿰衤⿱薾虫
𧟛	⿱⿰𥪖𥪖衣
𧟜	⿰衤𰙉
𧟝	⿰衤钁
𧟞	⿰衤𧟛
𧟟	⿱龖衣
𧟠	⿱襾一
𧟡	⿱覀一
𧟢	⿹⺄西
𧟣	⿱襾几
𧟤	⿱襾廾
𧟥	⿱覀廾
𧟦	⿱覀丌
𧟧	⿱襾太
𧟨	⿱襾升
𧟩	⿱襾⺝
𧟪	⿱覀玉
𧟫	⿰西可
𧟬	⿱覀丘
𧟭	⿹𢦏西
𧟮	⿱覀⿴囗𰀁
𧟯	⿰垔兮
𧟰	⿰勿要
𧟱	⿱襾服
𧟲	⿱襾𢪙
𧟳	⿱襾𦙚
𧟴	⿱襾金
𧟵	⿱覀服
𧟶	⿱覀𦙚
𧟷	⿱⿰⿻三丨⿻三丨西
𧟸	⿱覀佰
𧟹	⿱襾𣆉
𧟺	⿱⿱一⿻冂⿰丨丨玲
𧟻	⿱⿻襾一卓
𧟼	⿱襾烓
𧟽	⿱襾能
𧟾	⿱⿱一⿻冂⿰丨丨珤
𧟿	⿳襾⿵⿵冂八土𡈼
𧠀	⿸⿱一⿰丿？敢
𧠁	⿰西華
𧠂	⿱襾⿸厂䚺
𧠃	⿱襾⿰彳⿳𠂉吕夊
𧠄	⿱襾𩊐
𧠅	⿰覆邑
𧠆	⿱自儿
𧠇	⿱⿺丄⺝儿
𧠈	⿱又見
𧠉	⿰也見
𧠊	⿱𠔼見
𧠋	⿱見廾
𧠌	⿺見廾
𧠍	⿰⿱⺄十見
𧠎	⿰巿見
𧠏	⿰厄見
𧠐	⿺見予
𧠑	⿺見毛
𧠒	⿰壬見
𧠓	⿱𠔿見
𧠔	⿰爻見
𧠕	⿺見斗
𧠖	⿺見牙
𧠗	⿺見日
𧠘	⿺見爪
𧠙	⿰爪見
𧠚	⿰分見
𧠛	⿰止見
𧠜	⿰台見
𧠝	⿰㐱見
𧠞	⿰戹見
𧠟	⿰氐見
𧠠	⿰民見
𧠡	⿰㐌見
𧠢	⿰且見
𧠣	⿰疋見
𧠤	⿰弗見
𧠥	⿰𪩲見
𧠦	⿺見目
𧠧	⿰永見
𧠨	⿱𠂢見
𧠩	⿱共見
𧠪	⿰尗見
𧠫	⿰至見
𧠬	⿰㠩見
𧠭	⿺見交
𧠮	⿱見吅
𧠯	⿰吉見
𧠰	⿰巟見
𧠱	⿰⿱工夕見
𧠲	⿰回見
𧠳	⿳爫冖見
𧠴	⿺見寺
𧠵	⿰朿見
𧠶	⿰有見
𧠷	⿰交見
𧠸	⿰𰗑見
𧠹	⿰圭見
𧠺	⿰先見
𧠻	⿺見言
𧠼	⿰告見
𧠽	⿰宎見
𧠾	⿰孚見
𧠿	⿰肜見
𧡀	⿰豆見
𧡁	⿰⿱山王見
𧡂	⿰灻見
𧡃	⿰宏見
𧡄	⿺見豕
𧡅	⿰⿱大夭見
𧡆	⿰目𫝎
𧡇	⿺見男
𧡈	⿰呈見
𧡉	⿺見⿻⿽廾丶⿲丶丶丶
𧡊	⿱体見
𧡋	⿰厓見
𧡌	⿰肩見
𧡍	⿰東見
𧡎	⿰兒見
𧡏	⿰叕見
𧡐	⿰知見
𧡑	⿰𠧢見
𧡒	⿺見𠂢
𧡓	⿰受見
𧡔	⿰⿱龷冄見
𧡕	⿺見叔
𧡖	⿰隹見
𧡗	⿰⿱主廾見
𧡘	⿰𰧭見
𧡙	⿰炗見
𧡚	⿰直見
𧡛	⿱來見
𧡜	⿱明見
𧡝	⿺見典
𧡞	⿰佳見
𧡟	⿱並見
𧡠	⿰⿳凵十火見
𧡡	⿰軍見
𧡢	⿰宣見
𧡣	⿱秋見
𧡤	⿰扁見
𧡥	⿰巷見
𧡦	⿰𭚖見
𧡧	⿱宀⿰𦈢見
𧡨	⿺是見
𧡩	⿰爰見
𧡪	⿰甚見
𧡫	⿰癸見
𧡬	⿰䑣見
𧡭	⿺見昰
𧡮	⿱相見
𧡯	⿰月䂓
𧡰	⿰昰見
𧡱	⿰音見
𧡲	⿰春見
𧡳	⿰⿱爫句見
𧡴	⿰柬見
𧡵	⿰耷見
𧡶	⿰星見
𧡷	⿺見䍃
𧡸	⿰𠁁見
𧡹	⿰𠧴見
𧡺	⿰耆見
𧡻	⿰𡇢見
𧡼	⿱⿰臣火見
𧡽	⿰來⿱刀見
𧡾	⿰䍃見
𧡿	⿰𣐽見
𧢀	⿰栗見
𧢁	⿺見辱
𧢂	⿱殹見
𧢃	⿰婁見
𧢄	⿰票見
𧢅	⿱覞心
𧢆	⿱舂見
𧢇	⿰習見
𧢈	⿰問見
𧢉	⿰⿱𫜵隹見
𧢊	⿺見欲
𧢋	⿰翏見
𧢌	⿰臯見
𧢍	⿱敝見
𧢎	⿰棥見
𧢏	⿰⿱止厓見
𧢐	⿰曾見
𧢑	⿰見間
𧢒	⿰微見
𧢓	⿱微見
𧢔	⿰𧵩見
𧢕	⿰⿱⿱⺊冖⿱八𥃦見
𧢖	⿰⿳艹一弥見
𧢗	⿰⿱⿰⿰？丶刀亞見
𧢘	⿰賔見
𧢙	⿺見盡
𧢚	⿰𡏳見
𧢛	⿲𥃯𥃯𥃯
𧢜	⿰樊見
𧢝	⿰厲見
𧢞	⿰肩覞
𧢟	⿰齒見
𧢠	⿺見⿰崔攵
𧢡	⿺見徵
𧢢	⿰龠見
𧢣	⿰⿱棥⿰又㐄見
𧢤	⿺見薇
𧢥	⿰霝見
𧢦	⿱歸見
𧢧	⿰巂見
𧢨	⿰𤐫見
𧢩	⿰瞿見
𧢪	⿲⿳丷日小頁見
𧢫	⿰歸見
𧢬	⿰堯覞
𧢭	⿰矍見
𧢮	⿰𪋘見
𧢯	⿰⿱雚⿲习习习見
𧢰	⿰⿱雚⿲⿹𠃌彡⿹𠃌彡⿹𠃌彡見
𧢱	⿰靈覺
𧢲	⿱⺈⿵⺆仌
𧢳	⿰角乚
𧢴	⿰角丁
𧢵	⿰角丂
𧢶	⿰角𠤎
𧢷	⿰角叉
𧢸	⿰角工
𧢹	⿰角巾
𧢺	⿰角弓
𧢻	⿱角牛
𧢼	⿰爿角
𧢽	⿰角化
𧢾	⿰角旡
𧢿	⿰角巿
𧣀	⿰角攴
𧣁	⿰角冘
𧣂	⿰角厄
𧣃	⿰角巴
𧣄	⿰角支
𧣅	⿱比角
𧣆	⿱止角
𧣇	⿰角殳
𧣈	⿰角牛
𧣉	⿰片角
𧣊	⿰角斤
𧣋	⿰角介
𧣌	⿰火角
𧣍	⿰角冗
𧣎	⿰角𢆰
𧣏	⿰角匀
𧣐	⿰角牙
𧣑	⿰角甘
𧣒	⿰角巨
𧣓	⿰角主
𧣔	⿰角石
𧣕	⿰角囚
𧣖	⿰角它
𧣗	⿰角古
𧣘	⿰角𪩲
𧣙	⿰角玄
𧣚	⿰角⿹弓冫
𧣛	⿰角四
𧣜	⿰角丘
𧣝	⿰角乍
𧣞	⿰角且
𧣟	⿰角㐌
𧣠	⿰角正
𧣡	⿰多角
𧣢	⿰角艮
𧣣	⿰角多
𧣤	⿰角㫐
𧣥	⿰角兊
𧣦	⿰角交
𧣧	⿰角夷
𧣨	⿰角辰
𧣩	⿰角希
𧣪	⿰角肖
𧣫	⿰角足
𧣬	⿰角冝
𧣭	⿰角豸
𧣮	⿰角酉
𧣯	⿱折角
𧣰	⿰角𠄢
𧣱	⿰角𢦙
𧣲	⿰角更
𧣳	⿰角⿳儿𠆢口
𧣴	⿰角戔
𧣵	⿰角侖
𧣶	⿰角兕
𧣷	⿰角周
𧣸	⿰角叕
𧣹	⿰角炎
𧣺	⿰角卓
𧣻	⿰角居
𧣼	⿰角或
𧣽	⿰角隹
𧣾	⿰角虎
𧣿	⿰角𨐌
𧤀	⿰角京
𧤁	⿰角夌
𧤂	⿰夌角
𧤃	⿰角畀
𧤄	⿰角𠒃
𧤅	⿱或角
𧤆	⿰角弥
𧤇	⿰角𣏋
𧤈	⿰角𣏼
𧤉	⿰角𦙃
𧤊	⿱制角
𧤋	⿰角𢇂
𧤌	⿰角奓
𧤍	⿰角帝
𧤎	⿰角宣
𧤏	⿰角咠
𧤐	⿰角咼
𧤑	⿱𡘑角
𧤒	⿰角革
𧤓	⿰角⿱左⺝
𧤔	⿰角癹
𧤕	⿰角酋
𧤖	⿰角畏
𧤗	⿰角耑
𧤘	⿺是角
𧤙	⿱秋角
𧤚	⿰角亰
𧤛	⿰角秦
𧤜	⿰角鬲
𧤝	⿰角⿱卯田
𧤞	⿰角旁
𧤟	⿰角氣
𧤠	⿰角桀
𧤡	⿰角致
𧤢	⿱⿰角角乃
𧤣	⿰角草
𧤤	⿰角隽
𧤥	⿰角虔
𧤦	⿰角𠳮
𧤧	⿰角⿸虍殳
𧤨	⿰角晏
𧤩	⿰角⿱罒⿴⿰⿱丶㇀⿱㇒丶丨
𧤪	⿱𧣽乃
𧤫	⿰角𰲚
𧤬	⿰角⿳㇒巳而
𧤭	⿺巴解
𧤮	⿰角⿱右右
𧤯	⿰角國
𧤰	⿰角㪷
𧤱	⿰角莘
𧤲	⿰角𤉄
𧤳	⿲角妻才
𧤴	⿱殸角
𧤵	⿰角堅
𧤶	⿰角⿱豕心
𧤷	⿰角𪺏
𧤸	⿰角𡕩
𧤹	⿱推角
𧤺	⿰角奢
𧤻	⿰角華
𧤼	⿰角厥
𧤽	⿰角閒
𧤾	⿰角矞
𧤿	⿲角⿱山示攴
𧥀	⿱⿹或⿱口一角
𧥁	⿱解向
𧥂	⿰角𮊿
𧥃	⿰角隊
𧥄	⿰角戢
𧥅	⿰角𡻎
𧥆	⿰⿱⿳士冖一角束
𧥇	⿰角嵬
𧥈	⿰角監
𧥉	⿰角豪
𧥊	⿰角𣣴
𧥋	⿰角翟
𧥌	⿰角廣
𧥍	⿰角麃
𧥎	⿰角𢿌
𧥏	⿰角𮥼
𧥐	⿰角養
𧥑	⿱𢨋角
𧥒	⿰角⿱兔兔
𧥓	⿰角毚
𧥔	⿺巴觸
𧥕	⿰角⿱此黽
𧥖	⿰角麗
𧥗	⿰角𪋘
𧥘	⿱𧣽蜀
𧥙	⿰⿱咸觱攴
𧥚	⿰⿱咸咸⿱攴角
𧥛	⿳亠𠄠冂
𧥜	⿳亠𠄠凵
𧥝	⿹𠃌言
𧥞	⿰訁丨
𧥟	⿰訁𠃌
𧥠	⿰九言
𧥡	⿺廴言
𧥢	⿱大言
𧥣	⿰訁口
𧥤	⿰訁尸
𧥥	⿱巛言
𧥦	⿰訁亐
𧥧	⿱夕言
𧥨	⿰訁𠃒
𧥩	⿰訁尢
𧥪	⿰訁𡕒
𧥫	⿰訁⿻⿱㇒一乚
𧥬	⿰訁凢
𧥭	⿰訁⿱一九
𧥮	⿰訁互
𧥯	⿰訁㸦
𧥰	⿰訁仍
𧥱	⿰訁夫
𧥲	⿱勿言
𧥳	⿰訁㞢
𧥴	⿰訁卬
𧥵	⿰訁日
𧥶	⿰訁王
𧥷	⿰訁气
𧥸	⿰訁牛
𧥹	⿰訁丰
𧥺	⿰訁匀
𧥻	⿹勹⿱二言
𧥼	⿰訁云
𧥽	⿳二八言
𧥾	⿰訁戈
𧥿	⿱水言
𧦀	⿰訁㕛
𧦁	⿰訁⿱入入
𧦂	⿺⿱𠃑大言
𧦃	⿰訁予
𧦄	⿰訁氏
𧦆	⿰訁⿶凵又
𧦇	⿰𱼀言
𧦈	⿰訁戶
𧦉	⿰訁丐
𧦊	⿱日言
𧦋	⿰訁水
𧦌	⿰訁手
𧦍	⿰訁勿
𧦎	⿰訁⿱㇒口
𧦏	⿰訁⿻⿱一冂乚
𧦐	⿰訁爪
𧦑	⿰訁亢
𧦒	⿰訁弖
𧦓	⿰訁片
𧦔	⿱几計
𧦕	⿱計几
𧦖	⿰訁⿱㇒𡳾
𧦗	⿰月言
𧦘	⿰訁𠕀
𧦙	⿱⿶凵又言
𧦚	⿰訁𢆰
𧦛	⿰訁𭅄
𧦜	⿰訁尒
𧦝	⿰訁乎
𧦞	⿰訁布
𧦟	⿰訁乏
𧦠	⿰訁厄
𧦡	⿰訁厈
𧦢	⿰訁号
𧦣	⿰訁⿱亠女
𧦤	⿰訁加
𧦥	⿱母言
𧦦	⿰訁冉
𧦧	⿰訁㐌
𧦨	⿰訁外
𧦩	⿰訁匜
𧦪	⿱功言
𧦫	⿰訁㠯
𧦬	⿱⿰工几言
𧦭	⿰訁他
𧦮	⿰訁？
𧦯	⿰訁⿱一勿
𧦰	⿰訁立
𧦱	⿱⿱宀儿言
𧦲	⿱加言
𧦳	⿰訁石
𧦴	⿱癶言
𧦵	⿰訁田
𧦶	⿰訁⿳㇒一口
𧦷	⿰訁⿹勹⿺𠃊㐅
𧦸	⿱干⿵冂言
𧦹	⿰訁本
𧦺	⿰訁丘
𧦻	⿰訁𠂞
𧦼	⿰訁瓜
𧦽	⿰訁尔
𧦾	⿰訁叏
𧦿	⿰訁丙
𧧀	⿰訁瓦
𧧁	⿱夗言
𧧂	⿰訁尓
𧧃	⿰𦣞言
𧧄	⿰訁妄
𧧅	⿰訁吏
𧧆	⿰訁𠂤
𧧇	⿰訁朶
𧧈	⿰訁糸
𧧉	⿰訁㡯
𧧊	⿰訁⿸𠂋巳
𧧋	⿰訁列
𧧌	⿰訁尗
𧧍	⿰訁西
𧧎	⿰訁𠧗
𧧏	⿱如言
𧧐	⿰訁戌
𧧑	⿸产言
𧧒	⿰訁朿
𧧓	⿰訁血
𧧔	⿰訁舟
𧧕	⿰訁字
𧧖	⿰訁臼
𧧗	⿰訁兇
𧧘	⿰訁色
𧧙	⿰䚻又
𧧚	⿰訁⿻冊丨
𧧛	⿰訁⿻冂⿰𠄠𠄠
𧧜	⿰訁网
𧧝	⿰訁厊
𧧞	⿰⿱爫言又
𧧟	⿰訁𢦏
𧧠	⿰訁𢑑
𧧡	⿰訁⿱八公
𧧢	⿰訁巟
𧧣	⿰訁㐫
𧧤	⿰訁关
𧧥	⿰訁曲
𧧦	⿰訁向
𧧧	⿱网言
𧧨	⿰訁朵
𧧩	⿰訁亦
𧧪	⿰訁聿
𧧫	⿰訁𡰱
𧧬	⿹𢦏言
𧧭	⿰訁夅
𧧮	⿰訁𡿫
𧧯	⿰訁光
𧧰	⿰訁臣
𧧱	⿰訁㞪
𧧲	⿰訁⿱壬儿
𧧳	⿰訁𡗢
𧧴	⿰訁㤀
𧧵	⿰訁㚒
𧧶	⿰訁余
𧧷	⿰訁求
𧧸	⿰訁别
𧧹	⿰亻⿱只言
𧧺	⿰訁坒
𧧻	⿰訁作
𧧼	⿰訁宐
𧧽	⿰訁夆
𧧾	⿰訁貝
𧧿	⿰⿳㐅㐅子言
𧨀	⿰訁坐
𧨁	⿸⺶言
𧨂	⿰訁何
𧨃	⿰訁赤
𧨄	⿰訁芌
𧨅	⿱芏言
𧨆	⿰訁㐬
𧨇	⿰訁杘
𧨈	⿱巫言
𧨉	⿰訁𡔞
𧨊	⿰訁厏
𧨋	⿰訁⿵冂正
𧨌	⿰訁𠀤
𧨍	⿱伿言
𧨎	⿰訁完
𧨏	⿰訁冝
𧨐	⿰訁⿱文女
𧨑	⿰訁亨
𧨒	⿰訁更
𧨓	⿰訁𣅄
𧨔	⿰訁芒
𧨕	⿰訁免
𧨖	⿰訁角
𧨗	⿰訁㶣
𧨘	⿰訁形
𧨙	⿰訁𡉵
𧨚	⿰訁圼
𧨛	⿰訁𥃩
𧨜	⿰訁肙
𧨝	⿰訁冏
𧨞	⿰訁𡗮
𧨟	⿱言言
𧨠	⿰訁𥤦
𧨡	⿰訁君
𧨢	⿰訁⿱卝干
𧨣	⿵㕯言
𧨤	⿰訁𭥐
𧨥	⿰訁⿱𱍸日
𧨦	⿰訁⿳八一皿
𧨧	⿰阝⿱左言
𧨨	⿰訁𡶇
𧨩	⿰訁忝
𧨪	⿰訁⿱攴⺝
𧨫	⿰訁㚔
𧨬	⿰訁畀
𧨭	⿱臥言
𧨮	⿰訁阜
𧨯	⿰訁𣏋
𧨰	⿰訁制
𧨱	⿰訁底
𧨲	⿱𫩠言
𧨳	⿰訁卓
𧨴	⿰訁事
𧨵	⿰訁厒
𧨶	⿰訁芺
𧨷	⿰訁肯
𧨸	⿰訁典
𧨹	⿰訁录
𧨺	⿹？言
𧨻	⿱供言
𧨼	⿰訁𠧧
𧨽	⿰訁附
𧨾	⿰訁罙
𧨿	⿰訁⿱工白
𧩀	⿰訁侈
𧩁	⿲水言水
𧩂	⿰訁㫄
𧩃	⿰訁䒝
𧩄	⿰訁⿳一从工
𧩅	⿰訁⿸广⿱七夊
𧩆	⿰訁⿱巨土
𧩇	⿰訁⿱心及
𧩈	⿰訁戾
𧩉	⿰訁庚
𧩊	⿰訁𡘆
𧩋	⿱林言
𧩌	⿰訁孟
𧩍	⿰訁⿱日夬
𧩎	⿰訁易
𧩏	⿰冫詹
𧩐	⿰訁⿸虍人
𧩑	⿰訁𦙃
𧩒	⿰訁⿱彡母
𧩓	⿰訁忽
𧩔	⿰訁𰏴
𧩕	⿰訁妾
𧩖	⿰訁⿱丑丑
𧩗	⿰訁⿱工⿸厂尢
𧩘	⿰訁𦏲
𧩙	⿰訁⿺廴旦
𧩚	⿰訁⿱大氺
𧩛	⿰訁⿱旬丂
𧩜	⿰訁𣏼
𧩝	⿰訁𦙚
𧩞	⿱取言
𧩟	⿰訁忩
𧩠	⿰訁凮
𧩡	⿰訁尚
𧩢	⿰訁呰
𧩣	⿰訁𡿺
𧩤	⿰訁面
𧩥	⿱⿰未攵言
𧩦	⿰訁亟
𧩧	⿰訁度
𧩨	⿰訁侯
𧩩	⿰訁矦
𧩪	⿰訁怱
𧩫	⿰訁奓
𧩬	⿰訁頁
𧩭	⿰訁⿱左⺝
𧩮	⿰訁叜
𧩯	⿰訁㡿
𧩰	⿰訁⿱穴之
𧩱	⿰訁屏
𧩲	⿰訁剌
𧩳	⿰訁苲
𧩴	⿰訁𣐉
𧩵	⿲訁⿰丶丿言
𧩶	⿰訁契
𧩷	⿰訁怨
𧩸	⿰訁弇
𧩹	⿰訁施
𧩺	⿰訁很
𧩻	⿰訁奏
𧩼	⿰訁致
𧩽	⿰訁⿳亠⿴⿰丨丨𠄠子
𧩾	⿱⿰臣⿱𠂉丶言
𧩿	⿰訁㢲
𧪀	⿰訁⿻己⿱工工
𧪁	⿰訁迤
𧪂	⿰訁㝁
𧪃	⿰訁⿱入言
𧪅	⿰訁怒
𧪆	⿰訁苛
𧪇	⿰訁耷
𧪈	⿰訁前
𧪉	⿰訁𡘚
𧪊	⿰訁点
𧪋	⿰訁苾
𧪌	⿰訁⿳⺊⺕龰
𧪍	⿰訁昷
𧪎	⿰訁虽
𧪏	⿰訁畏
𧪐	⿰訁苹
𧪑	⿰訁香
𧪒	⿰訁泉
𧪓	⿰訁禺
𧪔	⿳罒𠚪言
𧪕	⿰訁叚
𧪖	⿰訁𢦶
𧪗	⿰訁𠚏
𧪘	⿰訁差
𧪙	⿰訁峲
𧪚	⿰訁豈
𧪛	⿰訁烏
𧪜	⿰訁朔
𧪝	⿰訁乘
𧪞	⿰訁盍
𧪟	⿰訁眔
𧪠	⿰訁疾
𧪡	⿰訁耆
𧪢	⿰訁氣
𧪣	⿰訁烝
𧪤	⿰訁䖍
𧪥	⿰訁⿸𠂆⿸虍丁
𧪦	⿰訁𦐇
𧪧	⿰訁𠁁
𧪨	⿰訁馬
𧪩	⿰訁息
𧪪	⿰訁盎
𧪫	⿰訁𣬉
𧪬	⿰䚻糸
𧪭	⿰訁留
𧪮	⿰訁荂
𧪯	⿰訁𠳋
𧪰	⿱差言
𧪱	⿰訁𠣬
𧪲	⿰訁追
𧪳	⿰訁恖
𧪴	⿲訁犭⿱山王
𧪵	⿺鬼言
𧪶	⿰訁悖
𧪷	⿰⿱𠀠言斤
𧪸	⿰訁⿱⿻廿一冉
𧪹	⿰訁宰
𧪺	⿰訁⿱⿵𠆢一？
𧪻	⿰訁竝
𧪼	⿰訁員
𧪽	⿰訁晋
𧪾	⿰訁孫
𧪿	⿰訁⿻⿱𠀎冄丨
𧫀	⿰訁𤇯
𧫁	⿰訁袁
𧫂	⿲訁車子
𧫃	⿱恭言
𧫄	⿰訁髟
𧫅	⿰訁𧆠
𧫆	⿰訁党
𧫇	⿰訁𧴲
𧫈	⿱䚴合
𧫉	⿰訁恚
𧫊	⿰彧言
𧫋	⿱朔言
𧫌	⿰訁⿱止刖
𧫍	⿰訁𦤃
𧫎	⿰訁恣
𧫏	⿱鬼言
𧫐	⿰訁⿳厶龰⺝
𧫑	⿰訁笈
𧫒	⿰訁𡨧
𧫓	⿰訁鹵
𧫔	⿰訁𡌦
𧫕	⿰訁祭
𧫖	⿰訁累
𧫗	⿰訁爽
𧫘	⿰⿱言儿⿱言儿
𧫙	⿰訁竟
𧫚	⿰訁帶
𧫛	⿰訁羕
𧫜	⿱既言
𧫝	⿰訁𡕩
𧫞	⿰訁屚
𧫟	⿰訁𨾎
𧫠	⿰訁基
𧫡	⿰訁窒
𧫢	⿰訁望
𧫣	⿱敕言
𧫤	⿰訁畢
𧫥	⿰訁庵
𧫦	⿱殹言
𧫧	⿰訁酓
𧫨	⿰訁⿸广⿱䶹目
𧫩	⿰訁㒼
𧫪	⿰訁𧆩
𧫫	⿰訁𣪏
𧫬	⿱⿰？攵⿸厂言
𧫭	⿰訁⿱夶𣄼
𧫮	⿰訁屛
𧫯	⿱北⿸广⿱工言
𧫰	⿰訁𢈻
𧫱	⿰訁章
𧫲	⿰訁⿸户？
𧫳	⿰訁戚
𧫴	⿰訁𦰌
𧫵	⿰訁⿱龹卉
𧫶	⿰訁崙
𧫷	⿱欶言
𧫸	⿰訁𤿤
𧫹	⿰詹令
𧫺	⿰訁盗
𧫻	⿰訁速
𧫼	⿰訁麻
𧫽	⿰訁𢉙
𧫾	⿰訁就
𧫿	⿰訁尋
𧬀	⿰訁絫
𧬁	⿰訁臯
𧬂	⿰訁賀
𧬃	⿰訁歮
𧬄	⿰訁䠶
𧬅	⿰訁屠
𧬆	⿰訁善
𧬇	⿰訁壹
𧬈	⿰訁翕
𧬉	⿱𣅽𧥢
𧬊	⿱斯言
𧬋	⿰訁發
𧬌	⿰訁喦
𧬍	⿰訁啻
𧬎	⿰訁厤
𧬏	⿰訁莽
𧬐	⿰訁𦓔
𧬑	⿱𠂹⿸厂言
𧬒	⿰訁㬅
𧬓	⿱𡙕言
𧬔	⿰訁⿳甘大木
𧬕	⿰訁辜
𧬖	⿰訁⿳艹癶文
𧬗	⿰訁棊
𧬘	⿰訁間
𧬙	⿰訁富
𧬚	⿲訁⿱由方阝
𧬛	⿰訁象
𧬜	⿰訁斯
𧬝	⿰訁⿳艹癶夊
𧬞	⿰訁雲
𧬟	⿰訁⿱此⿻甲一
𧬠	⿰訁黍
𧬡	⿰訁𡍮
𧬢	⿰訁㫺
𧬣	⿹？𧦊
𧬤	⿰訁童
𧬥	⿰訁都
𧬦	⿰諍争
𧬧	⿰訁葵
𧬨	⿰訁歲
𧬩	⿰訁䪞
𧬪	⿰訁運
𧬫	⿰訁煎
𧬬	⿰訁業
𧬭	⿰訁𩰬
𧬮	⿰訁𥈀
𧬯	⿰訁⿱𡨄巳
𧬰	⿱鄉言
𧬱	⿰訁閜
𧬲	⿰訁𡲬
𧬳	⿰訁𥇡
𧬴	⿰訁𦞅
𧬵	⿰訁窣
𧬶	⿰訁⿱𦏲㐱
𧬷	⿰訁豦
𧬸	⿰訁誊
𧬹	⿰訁豊
𧬺	⿰訁蒂
𧬻	⿰訁達
𧬼	⿰訁聖
𧬽	⿰訁鳯
𧬾	⿱⿲幺言幺言
𧬿	⿰訁⿶凵⿻千𠈌
𧭀	⿰訁䇷
𧭁	⿱⿰⿱出从攵言
𧭂	⿰訁察
𧭃	⿱㚘詹
𧭄	⿰訁⿱巛⿻臼木
𧭅	⿰訁朢
𧭆	⿰訁𠎤
𧭇	⿰訁⿳白穴方
𧭈	⿰訁寧
𧭉	⿰訁爾
𧭊	⿰訁蒙
𧭋	⿰訁遟
𧭌	⿰訁㼲
𧭍	⿰訁聚
𧭎	⿰訁僕
𧭏	⿰訁臺
𧭐	⿱疑言
𧭑	⿰訁⿱䀠瓜
𧭒	⿱⿱⿴𦥑同冖言
𧭓	⿰訁熒
𧭔	⿰舟⿱羽𬾕
𧭕	⿲訁⿱爫丂⿱𠂉𢁝
𧭖	⿰訁⿳卝土我
𧭗	⿰訁監
𧭘	⿰訁暜
𧭙	⿰訁𫎇
𧭚	⿰訁説
𧭛	⿲訁言言
𧭜	⿰訁慮
𧭝	⿰訁蔡
𧭞	⿰訁巤
𧭟	⿰訁遲
𧭠	⿰訁寫
𧭡	⿰訁厲
𧭢	⿰訁賞
𧭣	⿰訁虢
𧭤	⿰訁暴
𧭥	⿰訁樂
𧭦	⿰訁𢿌
𧭧	⿰訁遮
𧭨	⿱𠂹⿸厂⿱工言
𧭩	⿰訁𡏳
𧭪	⿰訁⿳⿱艹一从⿰个个
𧭫	⿰訁𠆆
𧭬	⿰訁𥉁
𧭭	⿸𤕫⿱倠言
𧭮	⿰訁臱
𧭯	⿰訁⿱𠂹左
𧭰	⿰訁廣
𧭱	⿰訁遷
𧭲	⿰訁⿱工黑
𧭳	⿱𠾳言
𧭴	⿰訁瞏
𧭵	⿰訁魅
𧭶	⿰訁⿵咸糸
𧭷	⿰訁魯
𧭸	⿰訁韰
𧭹	⿱頻言
𧭺	⿰訁𦎧
𧭻	⿱諴言
𧭼	⿰訁親
𧭽	⿰訁⿱艹訾
𧭾	⿰訁䝿
𧭿	⿳罒𠚪誩
𧮀	⿱罒⿰⿱人言⿱人言
𧮁	⿰訁⿳艹𡖇⿱一友
𧮂	⿰訁㬱
𧮃	⿰訁㷼
𧮄	⿰訁嶲
𧮅	⿰訁還
𧮆	⿰訁嬰
𧮇	⿰訁邁
𧮈	⿰訁蹇
𧮉	⿰訁𦾓
𧮊	⿲訁鬼言
𧮋	⿰訁⿱崔⿵冂⿱丷丅
𧮌	⿱䜌包
𧮍	⿰訁闇
𧮎	⿰訁謇
𧮏	⿰訁⿳臼囟禸
𧮐	⿱隱言
𧮑	⿰訁闒
𧮒	⿰訁醫
𧮓	⿰訁魋
𧮔	⿰訁㬥
𧮕	⿰訁闖
𧮖	⿰訁⿱兟共
𧮗	⿱譶心
𧮘	⿰訁⿱軍軍
𧮙	⿱𣫞言
𧮚	⿰訁蠆
𧮛	⿰訁離
𧮜	⿰訁⿱吅𠪔
𧮝	⿱瀕言
𧮞	⿰訁矍
𧮟	⿱𦍌𧭛
𧮠	⿰訁黁
𧮡	⿰訁竇
𧮢	⿰訁纍
𧮣	⿱賏誩
𧮤	⿰訁覽
𧮥	⿳𠱠𦧚言
𧮦	⿱誩誩
𧮧	⿰訁蘭
𧮨	⿰訁𧞻
𧮩	⿱龖言
𧮪	⿰讠占
𧮫	⿱仌口
𧮬	⿰谷卂
𧮭	⿰谷丸
𧮮	⿰谷千
𧮯	⿰厷谷
𧮰	⿰谷今
𧮱	⿰谷分
𧮲	⿱⿱⺊冖谷
𧮴	⿰谷古
𧮵	⿰谷合
𧮶	⿰谷后
𧮷	⿰谷𠃨
𧮸	⿰⿸⿸⿰丿⿱⺊⺂七⿱一谷又
𧮹	⿰谷甹
𧮺	⿰谷戔
𧮻	⿰谷周
𧮼	⿱㐫⿵冂谷
𧮽	⿰谷虎
𧮿	⿰谷舍
𧯀	⿰谷英
𧯁	⿰谷侯
𧯂	⿰谷矦
𧯃	⿰谷咸
𧯄	⿰香⿳儿𠆢口
𧯅	⿰谷香
𧯆	⿰谷害
𧯈	⿰谷𡭴
𧯉	⿰容谷
𧯊	⿰谷𡭽
𧯋	⿰谷閕
𧯌	⿰谷臯
𧯍	⿰谷勞
𧯎	⿰谷閒
𧯏	⿸厤谷
𧯐	⿰谷𭦟
𧯑	⿰谷間
𧯒	⿰谷曾
𧯓	⿰谷閜
𧯔	⿰谷⿱自⿻甲𠃋
𧯕	⿰谷睿
𧯖	⿰谷𥈠
𧯗	⿰谷⿱雨奚
𧯘	⿰谷闞
𧯙	⿰谷靈
𧯚	⿱八豆
𧯛	⿱屮豆
𧯜	⿱宀豆
𧯝	⿰豆乇
𧯞	⿰豆斤
𧯟	⿱夫豆
𧯠	⿰豆句
𧯡	⿱夗豆
𧯢	⿱氶豆
𧯣	⿱⿱土八豆
𧯤	⿰豆乍
𧯥	⿹𢦏豆
𧯦	⿱龹豆
𧯧	⿱⿰土𰀄豆
𧯨	⿰豆多
𧯩	⿰豆足
𧯪	⿰豆弟
𧯫	⿰登丁
𧯬	⿰豆巠
𧯭	⿱⿰𱼀豆廾
𧯮	⿱⿰丰丰豆
𧯯	⿰豆其
𧯰	⿰豆臽
𧯱	⿰豆或
𧯲	⿰豆來
𧯳	⿱宛豆
𧯴	⿱林豆
𧯵	⿰豆奉
𧯶	⿰豈可
𧯷	⿱𦭕豆
𧯸	⿰壹殳
𧯹	⿰音豆
𧯺	⿰交豈
𧯻	⿰壴否
𧯼	⿰壴周
𧯽	⿱⿶凵⿰丰丰豆
𧯾	⿰壴東
𧯿	⿰壴卑
𧰀	⿰壴⿳山又口
𧰁	⿰豆𡌥
𧰂	⿰豆𦐇
𧰃	⿰豆婁
𧰄	⿰享豈
𧰅	⿰豊失
𧰆	⿰豆畢
𧰇	⿰壴臾
𧰈	⿱務豆
𧰉	⿰豆尞
𧰊	⿰壴真
𧰋	⿰壴兼
𧰌	⿳釆？豆
𧰍	⿱⿴⿰⿰𠃊丨⿰丨𠃎儿⿲夕豆又
𧰎	⿰豆勞
𧰏	⿰豆⿳白㓁口
𧰐	⿰豆登
𧰑	⿱號豆
𧰒	⿰壴國
𧰓	⿱𤭃壴
𧰔	⿱林登
𧰕	⿰壴盗
𧰖	⿰㐬豊
𧰗	⿰豆寧
𧰘	⿰壴覃
𧰙	⿰豈幾
𧰚	⿰豊盇
𧰛	⿱⿰⿱而方瓦豆
𧰜	⿰䖒重
𧰝	⿰壹盗
𧰞	⿰豊⿱⿺⿻三㇂丶皿
𧰟	⿰豊盍
𧰠	⿰壴巤
𧰡	⿰壴歷
𧰢	⿰豊粦
𧰣	⿰壴薰
𧰤	⿰豆䨇
𧰥	⿱歸登
𧰦	⿺乙豕
𧰧	㇯豕㇒
𧰨	㇯豕一
𧰩	⿰豕丁
𧰪	⿰干豕
𧰫	⿰豕久
𧰬	⿱𰀆𧰨
𧰭	⿰豕⿻⿱㇒一乚
𧰮	⿱日豕
𧰯	⿰豕厷
𧰰	⿰豕尤
𧰱	⿰豕𠬛
𧰲	⿱彑豕
𧰳	⿳一𠃍⿸厂豕
𧰴	⿰豕勾
𧰵	⿰豖殳
𧰶	⿰豕？
𧰷	⿰豕母
𧰸	⿰豕皮
𧰹	⿰豕出
𧰺	⿳彑冖豕
𧰻	⿰豕令
𧰼	⿱⿱⺈⿵冂人𧰨
𧰽	⿱凹𧰨
𧰾	⿰𬺻令
𧰿	⿰豕艾
𧱀	⿰豕先
𧱁	⿰豕同
𧱂	⿰豕亘
𧱃	⿱凹豕
𧱄	⿱吅豕
𧱅	⿰豕夷
𧱆	⿰豕⿻𦉫𠄠
𧱇	⿰豕聿
𧱈	⿳彑八豕
𧱉	⿰豕灰
𧱊	⿰豕⿵？又
𧱋	⿱甶豕
𧱌	⿳爫冖豕
𧱍	⿰豕宋
𧱎	⿰豕尾
𧱏	⿱辛豕
𧱐	⿰豕孝
𧱑	⿰豕助
𧱒	⿰豕巵
𧱓	⿰豕尨
𧱔	⿰月⿱豕巾
𧱕	⿰豕役
𧱖	⿰豕𠄢
𧱗	⿰豕𥃩
𧱘	⿰豙介
𧱙	⿰豕妾
𧱚	⿰豕肩
𧱛	⿰豕取
𧱜	⿰豕侖
𧱝	⿰叕豕
𧱞	⿰阝⿱左豕
𧱟	⿰豕昆
𧱠	⿰豕？
𧱡	⿰豕空
𧱢	⿰豕⿸尸令
𧱣	⿰豕⿱凹又
𧱤	⿱彖⿰个个
𧱥	⿰豕甾
𧱦	⿰豖尨
𧱧	⿰豖尾
𧱨	⿰豕畏
𧱩	⿰豕便
𧱪	⿰豕奏
𧱫	⿰豕⿱左⺝
𧱬	⿰豕俞
𧱭	⿰豕㚇
𧱮	⿱豕⿲月小又
𧱯	⿱豕⿲月巾又
𧱰	⿰豕⿰矛攴
𧱱	⿰豕彦
𧱲	⿰豕氣
𧱳	⿰豙舌
𧱴	⿰豕冥
𧱵	⿰豕唐
𧱶	⿹弓豩
𧱷	⿰豕従
𧱸	⿰豕⿱㇒眉
𧱹	⿰豕尃
𧱺	⿰豕倚
𧱻	⿰豕覓
𧱼	⿰豕㒼
𧱽	⿰豕脣
𧱾	⿱豩犬
𧱿	⿰豕庸
𧲀	⿰豕牽
𧲁	⿰𧱈帇
𧲂	⿰豕粦
𧲃	⿰豕閔
𧲄	⿰豕爲
𧲅	⿰豕曾
𧲆	⿰豕貴
𧲇	⿱嗀豕
𧲈	⿰豕遀
𧲉	⿰豕辟
𧲊	⿸廌豕
𧲋	⿰豕豦
𧲌	⿰豕箑
𧲍	⿰豕夢
𧲎	⿰夢豕
𧲏	⿲豕豕豕
𧲐	⿰豕暴
𧲑	⿰豕嶲
𧲒	⿰豕⿳艹一⿱𠈌⿰丨丨
𧲓	⿰豕⿰彳⿱𠈌龰
𧲔	⿱衞豕
𧲕	⿱𧰷婁
𧲖	⿰豕龍
𧲗	⿰豕⿱𥫗⿱左⺝
𧲘	⿰豕戲
𧲙	⿰豕霝
𧲚	⿰豕巂
𧲛	⿸薦豕
𧲜	⿱辟象
𧲝	⿱衞豚
𧲞	⿱衞𧱔
𧲟	⿳豩祘䖵
𧲠	⿰豸乚
𧲡	⿰豸力
𧲢	⿰豸乇
𧲣	⿰豸寸
𧲤	⿰豸牛
𧲥	⿰豸日
𧲦	⿰豸元
𧲧	⿰豸巴
𧲨	⿰豸开
𧲩	⿰豸月
𧲪	⿰豸亢
𧲫	⿰豸及
𧲬	⿰豸史
𧲭	⿰豸左
𧲮	⿰豸乍
𧲯	⿰豸犮
𧲰	⿰豸丘
𧲱	⿰豸央
𧲲	⿰豸瓜
𧲳	⿰豸匈
𧲴	⿰豸冬
𧲵	⿰豸圣
𧲶	⿰豸⿱㇒犬
𧲷	⿰豸术
𧲹	⿰豸由
𧲺	⿰豸平
𧲻	⿰豸只
𧲼	⿰豸包
𧲽	⿰豸巨
𧲾	⿰豸⿻𦉫𠄠
𧲿	⿰豸后
𧳀	⿰豸𭗼
𧳁	⿰豸多
𧳂	⿰豸伏
𧳃	⿰豸虫
𧳄	⿰豸囟
𧳅	⿰豸吏
𧳆	⿰豸同
𧳇	⿰豸合
𧳈	⿰豸臼
𧳉	⿰豸并
𧳊	⿰豸角
𧳋	⿰豸弟
𧳌	⿰豸秃
𧳍	⿰豸肖
𧳎	⿰豸吾
𧳏	⿰豸否
𧳐	⿰豸希
𧳑	⿰豸尨
𧳒	⿰豸貝
𧳓	⿰豸良
𧳔	⿰豸𠄢
𧳕	⿰豸来
𧳖	⿰豸㒵
𧳗	⿰豸夿
𧳘	⿰豸⿱⿱⿵𠆢丶乛口
𧳙	⿰豸隶
𧳚	⿰豸卒
𧳛	⿰豸妾
𧳜	⿰豸周
𧳝	⿰豸卓
𧳞	⿰豸隹
𧳟	⿰豸來
𧳠	⿰豸畀
𧳡	⿰豸使
𧳢	⿰豸昆
𧳣	⿰豸東
𧳤	⿰豸侈
𧳥	⿰豸采
𧳦	⿰豸𡿺
𧳧	⿰豸皆
𧳨	⿰豸柔
𧳩	⿰豸彖
𧳪	⿰豸胃
𧳫	⿰豸酋
𧳬	⿰豸眉
𧳭	⿰豸爰
𧳮	⿰豸重
𧳯	⿰豸者
𧳰	⿰豸軍
𧳱	⿰𮙥⿱⿶？丨儿
𧳲	⿰豸⿱𰀄而
𧳳	⿰豸𢍆
𧳴	⿰豸𢍄
𧳵	⿰豸尃
𧳶	⿰豸叟
𧳷	⿰豸員
𧳸	⿰豸骨
𧳹	⿰豸芻
𧳺	⿰豸𰙩
𧳻	⿰豸⿱爫虫
𧳼	⿰豸⿱口弟
𧳽	⿰豸留
𧳾	⿰豸⿳大士巴
𧳿	⿰豸⿰重乚
𧴀	⿰豸⿱⿱⺈⿵冂人比
𧴁	⿰豸离
𧴂	⿰豸逢
𧴃	⿰豸斬
𧴄	⿰豸庸
𧴅	⿰豸爽
𧴆	⿰豸虚
𧴇	⿰豸⿱爫⿻⺕龰
𧴈	⿰豸竟
𧴉	⿰豸晜
𧴊	⿰豸患
𧴋	⿰豸票
𧴌	⿰豸菐
𧴍	⿰豸賁
𧴎	⿰豸歮
𧴏	⿰豸⿰舟舟
𧴐	⿰豸禽
𧴑	⿰豸爲
𧴒	⿰豸壹
𧴓	⿰豸𦓔
𧴔	⿰豸黑
𧴕	⿰豸惢
𧴖	⿰豸歲
𧴗	⿰豸雍
𧴘	⿰豸豦
𧴙	⿰豸歰
𧴚	⿰豸會
𧴛	⿰豸解
𧴜	⿰豸喿
𧴝	⿰豸滿
𧴞	⿰豸⿱日能
𧴟	⿰豸蓬
𧴠	⿰豸歷
𧴡	⿰豸賴
𧴢	⿰豸⿱䀠冝
𧴣	⿰豸嚴
𧴤	⿰貝卜
𧴥	⿱力貝
𧴦	⿱𠤎貝
𧴧	⿰貝力
𧴨	⿱亠貝
𧴩	⿰貝八
𧴪	⿱⺌貝
𧴫	⿰貝寸
𧴬	⿰貝刃
𧴭	⿱彡貝
𧴮	⿹弋貝
𧴯	⿰貝子
𧴰	⿰貝弋
𧴱	⿰貝女
𧴲	⿱巛貝
𧴳	⿱云貝
𧴴	⿱日貝
𧴵	⿱厸貝
𧴶	⿰貝⿱七十
𧴷	⿰貝⿱一？
𧴸	⿰貝冘
𧴹	⿱龷貝
𧴺	⿳㇒幺貝
𧴻	⿱文貝
𧴼	⿰貝斗
𧴽	⿰貝王
𧴾	⿱尺貝
𧴿	⿱木貝
𧵀	⿰貝𠮛
𧵁	⿱貝少
𧵂	⿰貝月
𧵃	⿰貝手
𧵄	⿰貝氏
𧵅	⿰貝巴
𧵆	⿰貝斤
𧵇	⿰貝𢆰
𧵈	⿰貝勾
𧵉	⿰貝尔
𧵊	⿰貝甘
𧵋	⿰貝示
𧵌	⿰貝央
𧵍	⿱夗貝
𧵎	⿱古貝
𧵏	⿱外貝
𧵐	⿰貝⿱口？
𧵑	⿰貝古
𧵒	⿱宁貝
𧵓	⿰貝召
𧵔	⿱石貝
𧵕	⿱永貝
𧵖	⿰貝未
𧵗	⿱田貝
𧵘	⿰貝冉
𧵙	⿰貝只
𧵚	⿱⿰夕又貝
𧵛	⿰貝可
𧵜	⿰丁𧴲
𧵝	⿰貝戉
𧵞	⿳口九貝
𧵟	⿰貝瓜
𧵠	⿱出貝
𧵡	⿰貝册
𧵢	⿰貝包
𧵣	⿰貝旬
𧵤	⿰貝守
𧵥	⿰貝危
𧵦	⿰貝光
𧵧	⿰貝𠫤
𧵨	⿰貝安
𧵩	⿱朿貝
𧵪	⿰貝⿹戈刀
𧵫	⿰貝⿰丨㠯
𧵬	⿰貝𠂢
𧵭	⿱开貝
𧵮	⿰貝兇
𧵯	⿱⿺𠃊旦貝
𧵰	⿰亻𰶵
𧵱	⿱厽貝
𧵲	⿱死貝
𧵳	⿰貝舌
𧵴	⿰貝宇
𧵵	⿰貝米
𧵶	⿰貝⿹戈二
𧵷	⿰貝麦
𧵸	⿱⿹戈二貝
𧵹	⿳一⿸⿻⺕丿㇏貝
𧵺	⿰貝朱
𧵻	⿰貝式
𧵼	⿰至貝
𧵽	⿱网貝
𧵾	⿰貝𣱵
𧵿	⿱守貝
𧶀	⿰貟云
𧶁	⿱⿱𦘒一貝
𧶂	⿰貝戍
𧶃	⿰予貞
𧶄	⿰貝争
𧶅	⿰貝每
𧶆	⿰貝吝
𧶇	⿰貝折
𧶈	⿰貝肖
𧶉	⿱完貝
𧶊	⿰員云
𧶋	⿰貝𦔮
𧶌	⿳⿱十冖⿱一八貝
𧶍	⿰貝𢦙
𧶎	⿱𡧎貝
𧶏	⿱不員
𧶐	⿱⿻土从貝
𧶑	⿱山𮙸
𧶒	⿹⿽戈口貝
𧶓	⿱⿵夭工貝
𧶔	⿰貝呈
𧶕	⿰貝我
𧶖	⿰貝希
𧶗	⿰貝含
𧶘	⿱夾貝
𧶙	⿱北負
𧶚	⿳卉一貝
𧶛	⿰貝來
𧶜	⿳⿳亠丷冖八貝
𧶝	⿱丣貝
𧶞	⿰貝囷
𧶟	⿰貝舍
𧶡	⿱宓貝
𧶢	⿱癶𫸳
𧶣	⿱侙貝
𧶤	⿱戔貝
𧶥	⿰貝⿱井井
𧶦	⿱⿻火从貝
𧶧	⿰貝昌
𧶨	⿰貝𭴋
𧶩	⿰貝⿱龷井
𧶪	⿱兩貝
𧶫	⿰貝表
𧶬	⿰貝妲
𧶭	⿰貝奔
𧶮	⿰貝固
𧶯	⿰負共
𧶰	⿰貝育
𧶱	⿰貝待
𧶲	⿰貝耑
𧶳	⿰貝胥
𧶴	⿰貝度
𧶵	⿰貝臿
𧶶	⿰買反
𧶷	⿰正責
𧶸	⿰貝貞
𧶹	⿰賏几
𧶺	⿰貝亭
𧶻	⿱戼貝
𧶼	⿳宀共貝
𧶽	⿰貝昜
𧶾	⿰貝美
𧶿	⿰貝甚
𧷀	⿳㘮𠆢貝
𧷁	⿱睿八
𧷂	⿰貝秋
𧷃	⿰貝段
𧷄	⿱⿰車又貝
𧷅	⿱𠕀貴
𧷆	⿰貝施
𧷇	⿳⺻火貝
𧷈	⿳𦥔一貝
𧷉	⿰貝⿱⿱冖八𡗜
𧷊	⿰貝𠚏
𧷋	⿱要貝
𧷌	⿰貝⿰𰧭又
𧷍	⿱敉貝
𧷎	⿰⿳⿱⺊冖一貝圣
𧷏	⿱⿱土八買
𧷐	⿰分賁
𧷑	⿱蚔貝
𧷒	⿰貝真
𧷓	⿱出買
𧷔	⿱？貝
𧷕	⿱欶貝
𧷖	⿱勑貝
𧷗	⿳士囧貝
𧷘	⿰貝扇
𧷙	⿱𰯯貝
𧷚	⿲貝谷女
𧷛	⿰貝鬼
𧷜	⿰貝翁
𧷝	⿰吹員
𧷞	⿳⿳亠丷冖八員
𧷟	⿰分賓
𧷠	⿱彪貝
𧷡	⿰貝婁
𧷢	⿰貝𮍏
𧷣	⿰貝巢
𧷤	⿲丨臣責
𧷥	⿱䟝貝
𧷦	⿰貝密
𧷧	⿱⿰⿱⺊⿵冂⿲⿱丶丶丨⿱丶丶又貝
𧷨	⿳⿱土八冖貧
𧷩	⿻幵貴
𧷪	⿰危貴
𧷫	⿸广⿳𦍌八貝
𧷬	⿰貝眷
𧷭	⿰⿱丷貝亭
𧷮	⿱商貝
𧷯	⿰員咅
𧷰	⿰貝𧴴
𧷱	⿰貢𱣀
𧷲	⿰貝⿹𢦏出
𧷳	⿰貝累
𧷴	⿱𠊰貝
𧷵	⿱出𧵽
𧷶	⿰貝𠵊
𧷷	⿳㞢囧貝
𧷸	⿰貝莫
𧷹	⿰貝造
𧷺	⿰員侖
𧷻	⿰貝𧴹
𧷼	⿰貝焱
𧷽	⿰舟⿱龹貝
𧷾	⿰貝矞
𧷿	⿰貝都
𧸀	⿰貝𦓔
𧸁	⿱敝貝
𧸂	⿰貝敢
𧸃	⿰貝貴
𧸄	⿰貝裁
𧸅	⿰貝黹
𧸆	⿱𠭥貝
𧸇	⿱𡍬貝
𧸈	⿰必賓
𧸉	⿰貝戠
𧸊	⿰貝貰
𧸋	⿱䒑䝿
𧸌	⿰貝童
𧸍	⿰貝粦
𧸎	⿰貝⿱穴𰤲
𧸏	⿰貝買
𧸑	⿰曾貝
𧸒	⿰短貝
𧸓	⿰貝渚
𧸔	⿰貝斌
𧸕	⿰貝⿱业⿻丨⿵冂𠓜
𧸖	⿰貝廉
𧸗	⿰貝歲
𧸘	⿰貝僉
𧸙	⿰貝遂
𧸚	⿰貝路
𧸛	⿸䧹貝
𧸜	⿰貝亷
𧸝	⿰賣半
𧸞	⿰⿱出方⿱攵貝
𧸟	⿱𢾕貝
𧸠	⿱⿰文⿹戈必貝
𧸡	⿰貝義
𧸢	⿰貝業
𧸣	⿰貝⿳少日禸
𧸤	⿰貝會
𧸥	⿰貝⿳止⿱八𠆢貝
𧸦	⿰貝監
𧸧	⿱與貝
𧸨	⿰貝⿳白穴方
𧸩	⿰貝𥈠
𧸪	⿰貝𠪨
𧸫	⿰員衮
𧸬	⿱熏貝
𧸭	⿰貝翟
𧸮	⿰貝微
𧸯	⿺是貴
𧸰	⿰貝輕
𧸱	⿰貝厲
𧸲	⿰貝質
𧸳	⿰貝廛
𧸴	⿰貝寮
𧸵	⿱賏空
𧸶	⿱鋞貝
𧸷	⿰賣卵
𧸸	⿰貝⿸厃⿱比言
𧸹	⿱寫貝
𧸺	⿰貝窮
𧸻	⿰貝⿱髟发
𧸼	⿰貝廣
𧸽	⿰貝遺
𧸾	⿱𧇭貝
𧸿	⿰貝寫
𧹀	⿰貝蕭
𧹁	⿱虣貝
𧹂	⿱⿰虎⿿虎貝
𧹃	⿰貢⿱夂貢
𧹄	⿰章⿳仑一貝
𧹅	⿰堯貧
𧹆	⿱⿰宗宗貝
𧹇	⿰貝𥝅
𧹈	⿱贔大
𧹉	⿰章⿳𠆢？貝
𧹊	⿰貝龠
𧹋	⿰貸爲
𧹌	⿰壹資
𧹍	⿰光贊
𧹎	⿰貝𧸇
𧹏	⿰貝贊
𧹐	⿰貝羅
𧹑	⿰贝为
𧹒	⿱罒贝
𧹓	⿰贝呈
𧹔	⿰贝長
𧹕	⿰贝居
𧹖	⿰贝典
𧹗	⿰贝患
𧹘	⿱龷⿻⿰丿亅八
𧹙	⿰赤丁
𧹚	⿰丁赤
𧹛	⿰赤支
𧹜	⿰赤及
𧹝	⿰赤冬
𧹞	⿰赤皮
𧹟	⿰赤它
𧹠	⿰赤𡰫
𧹡	⿰赤百
𧹢	⿰赤因
𧹣	⿰赤含
𧹤	⿰赤足
𧹥	⿱赤杜
𧹦	⿱赤見
𧹧	⿰赤㞑
𧹨	⿰昔赤
𧹩	⿰赤東
𧹪	⿰赤侖
𧹫	⿱林赤
𧹬	⿰赤垔
𧹭	⿰赤畐
𧹮	⿰赤段
𧹯	⿰赤柬
𧹰	⿰赤香
𧹱	⿰赤甚
𧹲	⿰⿱⿳士冖一赤殳
𧹳	⿰𠦝⿱𠆢赤
𧹴	⿰赤畜
𧹵	⿰赤氣
𧹶	⿰赤累
𧹷	⿱殸赤
𧹸	⿰赤𦓔
𧹹	⿰赤戠
𧹺	⿱赤毳
𧹻	⿰赤堵
𧹼	⿱赤都
𧹽	⿰赤㬎
𧹾	⿱疑赤
𧹿	⿰赤僭
𧺀	⿰赤審
𧺁	⿰審赤
𧺂	⿱覩赤
𧺃	⿱赤覩
𧺄	⿰⿱火赤登
𧺅	⿰書⿱覀赤
𧺆	⿱夭龰
𧺇	⿺走乚
𧺈	⿺走刂
𧺉	⿺走又
𧺊	⿺走匕
𧺋	⿺走几
𧺌	⿺走入
𧺍	⿺走八
𧺎	⿺走九
𧺏	⿺走也
𧺐	⿺走孒
𧺑	⿺走士
𧺒	⿺走下
𧺓	⿺走久
𧺔	⿺走土
𧺕	⿺走勺
𧺖	⿺走𡤼
𧺗	⿺走亍
𧺘	⿺走寸
𧺙	⿺走子
𧺚	⿺走口
𧺛	⿺走千
𧺜	⿺走女
𧺝	⿺走日
𧺞	⿺走气
𧺟	⿺走冘
𧺠	⿺走止
𧺡	⿺走巿
𧺢	⿺走殳
𧺣	⿺走从
𧺤	⿺走勼
𧺥	⿺走予
𧺦	⿺走𢆰
𧺧	⿺走廿
𧺨	⿺走心
𧺩	⿺走火
𧺪	⿺走丐
𧺫	⿺走尺
𧺬	⿺走內
𧺭	⿺走公
𧺮	⿺走分
𧺯	⿺走斗
𧺰	⿺走歹
𧺱	⿺走戈
𧺲	⿺走比
𧺳	⿺走互
𧺴	⿺走午
𧺵	⿺走水
𧺶	⿺走术
𧺷	⿺走去
𧺸	⿺走冋
𧺹	⿺走巨
𧺺	⿺走犮
𧺻	⿺走玄
𧺼	⿺走此
𧺽	⿺走㠯
𧺾	⿺走半
𧺿	⿺走世
𧻀	⿺走厈
𧻁	⿺走丘
𧻂	⿰𣥚戉
𧻃	⿺走目
𧻄	⿺走主
𧻅	⿱加走
𧻆	⿺走𢒂
𧻇	⿺走未
𧻈	⿺走平
𧻉	⿺走由
𧻊	⿺走生
𧻋	⿺走令
𧻌	⿺走匇
𧻍	⿺走只
𧻎	⿺走民
𧻏	⿺走外
𧻐	⿺走対
𧻑	⿺走夷
𧻒	⿺走劦
𧻓	⿺走并
𧻔	⿺走匡
𧻕	⿺走朿
𧻖	⿺走舟
𧻗	⿺走戌
𧻘	⿺走㓞
𧻙	⿺走百
𧻚	⿺走亘
𧻛	⿺走旬
𧻜	⿺走危
𧻝	⿺走⿱𠂉支
𧻞	⿺走朶
𧻟	⿺走𣲇
𧻠	⿺走艮
𧻡	⿺走⿸尸土
𧻢	⿺走回
𧻣	⿺走肉
𧻤	⿺走全
𧻥	⿺走行
𧻦	⿺走⿱⿰㇒乛水
𧻧	⿺走𢇛
𧻨	⿺走交
𧻩	⿺走老
𧻪	⿰走戎
𧻫	⿺走𢑑
𧻬	⿺𧺆多
𧻭	⿰走曳
𧻮	⿺走⿵𰃦夊
𧻯	⿺走決
𧻰	⿺走告
𧻱	⿺走求
𧻲	⿺走里
𧻳	⿺走否
𧻴	⿺走良
𧻵	⿺走夾
𧻶	⿺走希
𧻷	⿺走甫
𧻸	⿺走折
𧻹	⿺走甬
𧻺	⿺走狂
𧻻	⿱足走
𧻼	⿺走圼
𧻽	⿺走䖝
𧻾	⿺走⿱且八
𧻿	⿺走豆
𧼀	⿺走貝
𧼁	⿺走吝
𧼂	⿰走走
𧼃	⿺走狄
𧼄	⿺走作
𧼅	⿺走身
𧼆	⿺走系
𧼇	⿺走𣱹
𧼈	⿺走𦔮
𧼉	⿺走𠄢
𧼊	⿺走見
𧼋	⿺走豸
𧼌	⿰豸走
𧼍	⿺走灵
𧼎	⿺走奄
𧼏	⿺走弦
𧼐	⿺走囷
𧼑	⿺走或
𧼒	⿺走臤
𧼓	⿺走東
𧼔	⿺走夌
𧼕	⿺走刺
𧼖	⿱林走
𧼗	⿺走岪
𧼘	⿺走奇
𧼙	⿺走豖
𧼚	⿺走卷
𧼛	⿺走來
𧼜	⿺走⿸尸⿱八夕
𧼝	⿺走步
𧼞	⿺走𠩋
𧼟	⿺走陌
𧼠	⿺走卑
𧼡	⿺走肴
𧼢	⿺走⿳⺈一⿴⿰⿱丶㇀⿱㇒丶亅
𧼣	⿺走帛
𧼤	⿺走到
𧼥	⿺走⿸虍人
𧼦	⿺走㔙
𧼧	⿺⿻䒑龰兔
𧼨	⿺走曷
𧼩	⿺走重
𧼪	⿺走契
𧼫	⿺走胃
𧼬	⿺走㚇
𧼭	⿺走叜
𧼮	⿺走昜
𧼯	⿺走俞
𧼰	⿺走臿
𧼱	⿺走复
𧼲	⿺走屏
𧼳	⿺走㡿
𧼴	⿺走耑
𧼵	⿺走矦
𧼶	⿺走𠚏
𧼷	⿺走泉
𧼸	⿺走面
𧼹	⿺走昭
𧼺	⿺走昱
𧼻	⿺走𡋐
𧼼	⿺走若
𧼽	⿺走咼
𧼾	⿺走急
𧼿	⿺走約
𧽀	⿺走狊
𧽁	⿺走𢍆
𧽂	⿺走香
𧽃	⿺走爯
𧽄	⿺走㓩
𧽅	⿺走枼
𧽆	⿺走厘
𧽇	⿰曳起
𧽈	⿰起曳
𧽉	⿺走晏
𧽊	⿺走豈
𧽋	⿺走烏
𧽌	⿺走骨
𧽍	⿺走真
𧽎	⿺走䍃
𧽏	⿺走叟
𧽐	⿺走虔
𧽑	⿺走疾
𧽒	⿺走臭
𧽓	⿺走欯
𧽔	⿺走⿱宀⿰石又
𧽕	⿺走秦
𧽖	⿺走留
𧽗	⿺走郎
𧽘	⿺走辱
𧽙	⿺走馬
𧽚	⿺走袁
𧽛	⿺走員
𧽜	⿺走倉
𧽝	⿺走冓
𧽞	⿺走焉
𧽟	⿺走雀
𧽠	⿺走崔
𧽡	⿺走堅
𧽢	⿺走專
𧽣	⿺走章
𧽤	⿺走票
𧽥	⿺走鹿
𧽦	⿺走啇
𧽧	⿺走崇
𧽨	⿺走覓
𧽩	⿱將走
𧽪	⿺走鳥
𧽫	⿺走⿹⿽戈口日
𧽬	⿺走莆
𧽭	⿺走⿱土隹
𧽮	⿺走戜
𧽯	⿺走斬
𧽰	⿺走⿳日罒丂
𧽱	⿺走𭦗
𧽲	⿺走累
𧽳	⿺走𮥶
𧽴	⿺走⿸广咅
𧽵	⿺走從
𧽶	⿺走爲
𧽷	⿺走肅
𧽸	⿺走厥
𧽹	⿺走萠
𧽺	⿺走厤
𧽻	⿺走矞
𧽼	⿺走覃
𧽽	⿺走尞
𧽾	⿺走散
𧽿	⿺走童
𧾀	⿺走㫺
𧾁	⿺走䨿
𧾂	⿺走戟
𧾃	⿺走普
𧾄	⿺走進
𧾅	⿺走⿰身⿱𠂉子
𧾆	⿺走萌
𧾇	⿺走⿳覀太龴
𧾈	⿺走𭦟
𧾉	⿺走⿱日卒
𧾊	⿺走登
𧾋	⿺走叅
𧾌	⿰走巽
𧾍	⿺走亶
𧾎	⿺走睘
𧾏	⿺走僉
𧾐	⿺走敫
𧾑	⿺走辟
𧾒	⿺走資
𧾓	⿺走䪞
𧾔	⿺走感
𧾕	⿺走睢
𧾖	⿺走⿱山馬
𧾗	⿺走萬
𧾘	⿺走微
𧾙	⿺走齊
𧾚	⿺走與
𧾛	⿺走蒦
𧾜	⿲走走走
𧾝	⿺走㕡
𧾞	⿺走𢧤
𧾟	⿺走𥯄
𧾠	⿺走⿱穴叙
𧾡	⿺走廛
𧾢	⿺走𢧵
𧾣	⿺走夐
𧾤	⿺走憂
𧾥	⿺走賣
𧾦	⿺走衛
𧾧	⿺走慮
𧾨	⿺走憲
𧾩	⿺走叡
𧾪	⿺走龍
𧾫	⿺走⿳自穴冋
𧾬	⿺走𢿨
𧾭	⿲𣥚𣥚𣥚
𧾮	⿺走霝
𧾯	⿺走薊
𧾰	⿺走翼
𧾱	⿺走瞿
𧾲	⿺走藍
𧾳	⿺走豐
𧾴	⿺走𤐫
𧾵	⿺走矍
𧾶	⿺走⿱䖝⿰䖝䖝
𧾸	⿱一足
𧾹	⿰𧾷乚
𧾺	⿱入足
𧾻	⿰𧾷丩
𧾼	⿰𧾷力
𧾽	⿰𧾷十
𧾾	⿰𧾷几
𧾿	⿰𧾷了
𧿀	⿰足刂
𧿁	⿰𧾷兀
𧿂	⿰𧾷干
𧿃	⿸尸足
𧿄	⿰𧾷丌
𧿅	⿰𧾷卂
𧿆	⿰𧾷巳
𧿇	⿰𧾷也
𧿈	⿰𧾷广
𧿉	⿰𧾷亏
𧿊	⿰𧾷⿱一几
𧿋	⿰𧾷㔿
𧿌	⿰𧾷乇
𧿍	⿱⿵𠆢一足
𧿎	⿰𧾷⿱乙十
𧿏	⿰𧾷𭅲
𧿐	⿰𧾷千
𧿑	⿰𧾷弋
𧿒	⿰𧾷冘
𧿓	⿰𧾷㸦
𧿔	⿰𧾷丑
𧿕	⿰𧾷化
𧿖	⿰𧾷凶
𧿗	⿰？足
𧿘	⿰𧾷升
𧿙	⿰𧾷元
𧿚	⿰𧾷分
𧿛	⿰𧾷从
𧿜	⿰𧾷丹
𧿝	⿰𧾷兮
𧿞	⿰𧾷欠
𧿟	⿰𧾷互
𧿠	⿰𧾷𢆰
𧿡	⿰𧾷犬
𧿢	⿰𧾷𠠵
𧿣	⿰𧾷丰
𧿤	⿰𧾷不
𧿥	⿰𧾷比
𧿦	⿰𧾷⿱𠂉几
𧿧	⿰𧾷斤
𧿨	⿰𧾷反
𧿩	⿰𧾷介
𧿪	⿰𧾷𠔃
𧿫	⿰𧾷斗
𧿬	⿰𧾷屯
𧿭	⿰𧾷日
𧿮	⿱足火
𧿯	⿰𧾷引
𧿰	⿰𧾷廿
𧿱	⿰𧾷龷
𧿲	⿰𧾷𠂔
𧿳	⿰𧾷弗
𧿴	⿰𧾷末
𧿵	⿰𧾷甲
𧿶	⿰𧾷㐌
𧿷	⿰𧾷玉
𧿸	⿰𧾷㞋
𧿹	⿰𧾷母
𧿺	⿰𧾷出
𧿻	⿰𧾷尻
𧿼	⿰𧾷瓜
𧿽	⿰𧾷叵
𧿾	⿰𧾷本
𧿿	⿱此足
𨀀	⿰𧾷尒
𨀁	⿰𧾷龙
𨀂	⿱石足
𨀃	⿰𧾷圣
𨀄	⿰𧾷瓦
𨀅	⿰𧾷冉
𨀆	⿰𧾷叏
𨀇	⿰𧾷⿹弓人
𨀈	⿰𧾷北
𨀉	⿰𧾷宁
𨀊	⿰𧾷孕
𨀋	⿰𧾷仕
𨀌	⿰𧾷另
𨀍	⿰𧾷用
𨀎	⿰𧾷立
𨀏	⿰𧾷旦
𨀐	⿰𧾷冬
𨀑	⿱外足
𨀒	⿰𧾷布
𨀓	⿰𧾷𮎛
𨀔	⿰𧾷⿴⿻冂一十
𨀕	⿰𧾷匡
𨀖	⿰𧾷亥
𨀗	⿰𧾷𡗢
𨀘	⿰𧾷羊
𨀙	⿰𧾷吉
𨀚	⿰𧾷尗
𨀛	⿰𧾷存
𨀜	⿰𧾷同
𨀝	⿰𧾷叒
𨀞	⿰𧾷聿
𨀟	⿰𧾷㡯
𨀠	⿰𧾷𢇛
𨀡	⿰𧾷灰
𨀢	⿰𧾷⿻𦉫𠄠
𨀣	⿰𧾷企
𨀤	⿰𧾷耒
𨀥	⿰𧾷次
𨀦	⿰𧾷㓞
𨀧	⿰𧾷丞
𨀨	⿰𧾷𡿪
𨀩	⿰𧾷冎
𨀪	⿰𧾷曲
𨀫	⿰𧾷⿱𠂉亢
𨀬	⿰𧾷在
𨀭	⿰𧾷⿸𠂆𭅠
𨀮	⿰𧾷䏍
𨀯	⿰𧾷邛
𨀰	⿰𧾷冰
𨀱	⿰𧾷麦
𨀲	⿰曲足
𨀳	⿰𧾷伐
𨀴	⿰𧾷旬
𨀵	⿰𧾷庄
𨀶	⿱亦足
𨀷	⿰𧾷米
𨀸	⿰𧾷宅
𨀹	⿰𧾷江
𨀺	⿰𧾷列
𨀻	⿰𧾷戎
𨀼	⿰𧾷老
𨀽	⿰𧾷吊
𨀾	⿰𧾷汝
𨀿	⿰𧾷亙
𨁀	⿲亻丨⿱夂足
𨁁	⿰𧾷𭻾
𨁂	⿰𧾷夾
𨁃	⿰𧾷弟
𨁄	⿰𧾷旱
𨁅	⿰𧾷辛
𨁆	⿰𧾷延
𨁇	⿰𧾷吞
𨁈	⿰𧾷更
𨁉	⿰𧾷困
𨁊	⿰𧾷岑
𨁋	⿰𧾷豆
𨁌	⿰𧾷那
𨁍	⿰𧾷見
𨁎	⿰𧾷呈
𨁏	⿰𧾷甫
𨁐	⿰𧾷弃
𨁑	⿰𧾷兑
𨁒	⿰𧾷告
𨁓	⿰𧾷⿱㇒⿻乚北
𨁔	⿰𧾷作
𨁕	⿰𧾷𠦑
𨁖	⿰𧾷谷
𨁗	⿰𧾷廷
𨁘	⿱扯足
𨁙	⿰𧾷免
𨁚	⿰𧾷完
𨁛	⿱求足
𨁜	⿰𧾷扶
𨁝	⿰𧾷孛
𨁞	⿰𧾷𥃩
𨁟	⿰𧾷我
𨁠	⿰𧾷𡉼
𨁡	⿰𧾷妥
𨁢	⿱釆足
𨁣	⿰𧾷⿱夂火
𨁤	⿰𧾷床
𨁥	⿱杜足
𨁦	⿰𧾷弄
𨁧	⿰𧾷𡶀
𨁨	⿰𧾷狂
𨁩	⿰𧾷把
𨁪	⿰𧾷酉
𨁫	⿰𧾷里
𨁬	⿰𧾷伸
𨁭	⿰𧾷妙
𨁮	⿰𧾷吝
𨁯	⿰𧾷赤
𨁰	⿰𧾷吹
𨁱	⿰𧾷尾
𨁲	⿰𧾷邑
𨁳	⿰𧾷⿹⿺㇉？方
𨁴	⿰𧾷间
𨁵	⿰𧾷府
𨁶	⿰𧾷亞
𨁷	⿰𧾷直
𨁸	⿰𧾷戾
𨁹	⿰𧾷炎
𨁺	⿰𧾷具
𨁻	⿰𧾷𣏋
𨁼	⿰𧾷奔
𨁽	⿰𧾷㝵
𨁾	⿰𧾷歨
𨁿	⿰𧾷豖
𨂀	⿰𧾷阻
𨂁	⿰𧾷奄
𨂂	⿰𧾷炙
𨂃	⿰𧾷朋
𨂄	⿰𧾷侍
𨂅	⿰𧾷㡀
𨂆	⿰𧾷匋
𨂇	⿰𧾷⿸户止
𨂈	⿰𧾷𭥕
𨂉	⿰𧾷厓
𨂋	⿰𧾷斉
𨂌	⿰𧾷定
𨂍	⿰𧾷𡘆
𨂎	⿰𧾷雨
𨂏	⿰𧾷𣏼
𨂐	⿰𧾷來
𨂑	⿰𧾷⿸虍人
𨂒	⿰𧾷夜
𨂓	⿰𧾷⿱丑丑
𨂔	⿰𧾷育
𨂕	⿰𧾷林
𨂖	⿰𧾷泣
𨂗	⿰𧾷孤
𨂘	⿰𧾷㸒
𨂙	⿰𧾷京
𨂚	⿰𧾷⿱丷共
𨂛	⿰𧾷𢆎
𨂜	⿰𧾷虎
𨂝	⿱並足
𨂞	⿱足並
𨂟	⿰𧾷⿳𠂉𡈼儿
𨂠	⿰𧾷頁
𨂡	⿰𧾷奏
𨂢	⿱即足
𨂣	⿱敄足
𨂤	⿰𧾷致
𨂥	⿰𧾷客
𨂦	⿰𧾷彖
𨂧	⿰𧾷𦍒
𨂨	⿰𧾷羍
𨂩	⿰𧾷癹
𨂪	⿰𧾷彦
𨂫	⿰𧾷㡿
𨂬	⿳⿱十冖田足
𨂭	⿰𧾷毒
𨂮	⿳⿵𠆢一⿻𫩏丷足
𨂯	⿰𧾷便
𨂰	⿰𧾷契
𨂱	⿰𧾷軍
𨂲	⿰𧾷屏
𨂳	⿰𧾷㢲
𨂴	⿰𧾷怱
𨂵	⿰𧾷臿
𨂶	⿰𧾷𧆞
𨂷	⿰𧾷厘
𨂸	⿰𧾷侯
𨂹	⿰𧾷⿳刀田刀
𨂺	⿰𧾷弯
𨂼	⿰𧾷𮙥
𨂽	⿰𧾷泵
𨂾	⿰𧾷南
𨂿	⿰𧾷歪
𨃀	⿰𧾷柬
𨃁	⿲𧾷耳才
𨃂	⿰𧾷咸
𨃃	⿰𧾷曷
𨃄	⿰𧾷畏
𨃅	⿰𧾷拜
𨃆	⿰𧾷胍
𨃇	⿰𧾷姜
𨃈	⿰𧾷巷
𨃉	⿰𧾷待
𨃊	⿰𧾷点
𨃋	⿰𧾷𱜢
𨃌	⿰𧾷持
𨃍	⿰𧾷突
𨃎	⿰𧾷𪾋
𨃏	⿰𧾷侵
𨃐	⿰𧾷苔
𨃑	⿰𧾷挑
𨃒	⿰𧾷⿳刀用力
𨃓	⿰𧾷茶
𨃔	⿰𧾷臬
𨃕	⿰𧾷畜
𨃖	⿰𧾷荂
𨃗	⿰月⿱龹足
𨃘	⿰𧾷芻
𨃙	⿰𧾷栗
𨃚	⿰𧾷荅
𨃛	⿰𧾷𬯁
𨃜	⿰𧾷條
𨃝	⿰𧾷徒
𨃞	⿱般足
𨃟	⿰𧾷般
𨃠	⿰𧾷唐
𨃡	⿰𧾷息
𨃢	⿱娕足
𨃣	⿰𧾷蚤
𨃤	⿰𧾷高
𨃥	⿰𧾷桀
𨃦	⿰𧾷𢍃
𨃧	⿰𧾷𠳮
𨃨	⿸展足
𨃩	⿰𧾷扇
𨃪	⿰𧾷拳
𨃫	⿱倒足
𨃬	⿰𧾷追
𨃭	⿰𧾷栽
𨃮	⿰𧾷𭩶
𨃯	⿰𧾷時
𨃰	⿰𧾷兼
𨃱	⿱竝足
𨃲	⿱書足
𨃳	⿰𧾷能
𨃴	⿰𧾷骨
𨃵	⿰𧾷朕
𨃶	⿰𧾷格
𨃷	⿰𧾷祝
𨃸	⿰𧾷竜
𨃹	⿰𧾷浪
𨃺	⿰𧾷納
𨃻	⿰𧾷烈
𨃼	⿰𧾷祚
𨃽	⿰𧾷辱
𨃾	⿱称足
𨃿	⿰𧾷𢁅
𨄀	⿰𧾷⿸广⿻⺕龰
𨄁	⿰𧾷耽
𨄂	⿰𧾷郎
𨄃	⿰𧾷逐
𨄄	⿰𧾷恋
𨄅	⿰𧾷區
𨄆	⿰𧾷𬀷
𨄇	⿰𧾷𣳾
𨄈	⿰𧾷梁
𨄉	⿰𧾷産
𨄊	⿰𧾷祭
𨄋	⿰𧾷屚
𨄌	⿰𧾷習
𨄍	⿰𧾷崔
𨄎	⿰𧾷基
𨄏	⿰𧾷票
𨄐	⿰𧾷紫
𨄑	⿰𧾷匐
𨄒	⿰𧾷㝡
𨄓	⿰𧾷巢
𨄔	⿰𧾷專
𨄕	⿰𧾷族
𨄖	⿰𧾷捼
𨄗	⿰𧾷康
𨄘	⿰𧾷⿱𡗜𠮷
𨄙	⿰𧾷鳥
𨄚	⿱將足
𨄛	⿰𧾷⿱？𱥯
𨄜	⿰𧾷婁
𨄝	⿱務足
𨄞	⿰𧾷速
𨄟	⿱堆足
𨄠	⿰𧾷悉
𨄡	⿱孰足
𨄢	⿰𧾷牽
𨄣	⿰𧾷麥
𨄤	⿰𧾷雀
𨄥	⿰𧾷虖
𨄦	⿱從足
𨄧	⿱埶足
𨄨	⿰𧾷敖
𨄩	⿰𧾷副
𨄪	⿰𧾷𰲝
𨄫	⿰𧾷𰂙
𨄬	⿸麻足
𨄭	⿰𧾷𢉖
𨄮	⿰𧾷率
𨄯	⿱尉足
𨄰	⿰𧾷張
𨄱	⿰𧾷累
𨄲	⿰𧾷患
𨄳	⿰𧾷莆
𨄴	⿰𧾷執
𨄵	⿰𧾷悼
𨄶	⿰𧾷羕
𨄷	⿰𧾷爽
𨄸	⿰𧾷𣇄
𨄹	⿰𧾷造
𨄺	⿰𧾷堆
𨄻	⿰𧾷寅
𨄼	⿰𧾷移
𨄽	⿰𧾷陷
𨄾	⿰𧾷寄
𨄿	⿰𧾷終
𨅀	⿰𧾷粒
𨅁	⿰𧾷笠
𨅂	⿰𧾷覔
𨅃	⿰𧾷崇
𨅄	⿰𧾷軟
𨅅	⿰𧾷⿱止技
𨅆	⿰𧾷⿱𡗜圭
𨅇	⿱啐足
𨅈	⿰𧾷⿳龷厶木
𨅉	⿰𧾷朗
𨅊	⿰𧾷𰕎
𨅋	⿰𧾷肅
𨅌	⿰𧾷爲
𨅍	⿰𧾷間
𨅎	⿰𧾷最
𨅏	⿰𧾷嵐
𨅐	⿱無足
𨅑	⿰𧾷須
𨅒	⿰𧾷尌
𨅓	⿰𧾷奢
𨅔	⿰𧾷朁
𨅕	⿰𧾷替
𨅖	⿰𧾷散
𨅗	⿰𧾷筆
𨅘	⿱彭足
𨅙	⿰𧾷啻
𨅚	⿱敖足
𨅛	⿰𧾷属
𨅜	⿰𧾷異
𨅝	⿰𧾷牚
𨅞	⿰𧾷答
𨅟	⿰𧾷⿳覀二火
𨅠	⿱欽足
𨅡	⿰𧾷𠷎
𨅢	⿰𧾷𭣺
𨅣	⿰𧾷㙓
𨅤	⿰𧾷朞
𨅥	⿰𧾷悲
𨅦	⿰𧾷㫺
𨅧	⿰𧾷⿸厃⿱八𢀛
𨅨	⿰𧾷棠
𨅩	⿱跣𣅀
𨅪	⿱𤘆⿰足牙
𨅫	⿰𧾷𱋋
𨅬	⿰𧾷阑
𨅭	⿰𧾷覃
𨅮	⿰𧾷都
𨅯	⿰𧾷華
𨅰	⿰𧾷極
𨅱	⿰𧾷萅
𨅲	⿰𧾷𦓔
𨅳	⿰𧾷⿱呑𠕁
𨅴	⿱番足
𨅵	⿰𧾷𦐱
𨅶	⿰𧾷叅
𨅷	⿰𧾷隊
𨅸	⿰𧾷等
𨅹	⿰𧾷朝
𨅺	⿰𧾷敢
𨅻	⿰𧾷窖
𨅼	⿰𧾷萊
𨅽	⿰𧾷閑
𨅾	⿰𧾷森
𨅿	⿰𧾷越
𨆀	⿰𧾷閒
𨆁	⿰𧾷亶
𨆂	⿰𧾷䪞
𨆃	⿰𧾷禁
𨆄	⿰𧾷楚
𨆅	⿰𧾷睪
𨆆	⿰𧾷頍
𨆇	⿰𧾷閘
𨆈	⿰𧾷睘
𨆉	⿰𧾷當
𨆊	⿱鼓足
𨆋	⿰𧾷義
𨆌	⿰𧾷煩
𨆍	⿰𧾷葛
𨆎	⿰𧾷賊
𨆏	⿰𧾷遂
𨆐	⿰𧾷⿱龹足
𨆑	⿰𧾷𥭽
𨆒	⿰𧾷準
𨆓	⿰𧾷禽
𨆔	⿰𧾷過
𨆕	⿱献足
𨆖	⿰𧾷零
𨆗	⿰𧾷粵
𨆘	⿰𧾷僉
𨆙	⿰𧾷瑟
𨆚	⿰𧾷⿳大𠮛羽
𨆛	⿰𧾷遁
𨆜	⿱煩足
𨆝	⿰𧾷會
𨆞	⿰𧾷農
𨆟	⿰𧾷董
𨆠	⿰𧾷葵
𨆡	⿰𧾷葉
𨆢	⿰𧾷雷
𨆣	⿰𧾷萬
𨆤	⿰𧾷群
𨆥	⿱損足
𨆦	⿰𧾷筫
𨆧	⿱輊足
𨆨	⿰𧾷⿺𠃊貴
𨆩	⿰𧾷遍
𨆪	⿱輕足
𨆫	⿰𧾷疐
𨆬	⿱足⿰足足
𨆭	⿰𧾷⿳白穴方
𨆮	⿰𧾷耤
𨆯	⿰𧾷僕
𨆰	⿰𧾷㬎
𨆱	⿰𧾷凴
𨆲	⿰𧾷㥯
𨆳	⿰𧾷𦵮
𨆴	⿰𧾷㷠
𨆵	⿰𧾷頗
𨆶	⿰𧾷蒲
𨆷	⿰𧾷對
𨆸	⿰𧾷愿
𨆹	⿰𧾷辣
𨆺	⿰𧾷漂
𨆻	⿱滿足
𨆼	⿰𧾷㕑
𨆽	⿰𧾷麽
𨆾	⿰𧾷察
𨆿	⿰𧾷閣
𨇀	⿰𧾷遣
𨇁	⿰𧾷廣
𨇂	⿰𧾷徹
𨇃	⿰𧾷賛
𨇄	⿰𧾷憂
𨇅	⿰𧾷暴
𨇆	⿰𧾷厲
𨇇	⿰𧾷⿳龷灬貝
𨇈	⿰𧾷𤴡
𨇉	⿰𧾷嶚
𨇊	⿰𧾷𢕪
𨇋	⿰𧾷⿳𠂹一月
𨇌	⿱槭足
𨇍	⿰𧾷輦
𨇎	⿱𨂷全
𨇏	⿰𧾷𢀩
𨇐	⿱⿰舟頁足
𨇑	⿰𧾷罷
𨇒	⿰𧾷磊
𨇓	⿱儉足
𨇔	⿰𧾷⿶凵⿳𢆶一𢆶
𨇕	⿲𧾷彳⿱呑𠕁
𨇖	⿰𧾷盧
𨇗	⿰𧾷歷
𨇘	⿱龍足
𨇙	⿰𧾷衞
𨇚	⿰𧾷䝿
𨇛	⿱足覩
𨇜	⿱覩足
𨇝	⿰𧾷閻
𨇞	⿰𧾷⿺麥去
𨇟	⿰𧾷燕
𨇠	⿰𧾷⿸厂⿱黒土
𨇡	⿰𧾷閶
𨇢	⿰𧾷磨
𨇣	⿰𧾷覧
𨇤	⿰𧾷鮮
𨇥	⿰𧾷蹇
𨇦	⿰𧾷韱
𨇧	⿰𧾷⿵門臿
𨇨	⿰𧾷薛
𨇩	⿰𧾷毚
𨇪	⿰𧾷顀
𨇫	⿰𧾷⿱興㔾
𨇬	⿰𧾷𱢭
𨇭	⿸广⿱𮎙足
𨇮	⿰𧾷闕
𨇯	⿰𧾷雙
𨇰	⿰𧾷斷
𨇱	⿰𧾷邊
𨇲	⿰𧾷𨶒
𨇳	⿰躎尤
𨇴	⿰𧾷𠨧
𨇵	⿰𧾷𡗉
𨇶	⿰𧾷竅
𨇷	⿰𧾷魏
𨇸	⿰𧾷簪
𨇹	⿰𧾷甕
𨇺	⿰𧾷爵
𨇻	⿰𧾷靡
𨇼	⿰𧾷䜌
𨇽	⿰𧾷羅
𨇾	⿰𧾷爕
𨇿	⿰𧾷繭
𨈀	⿰𧾷顛
𨈁	⿰𧾷籍
𨈂	⿰𧾷䨇
𨈃	⿰𧾷㒹
𨈄	⿰𧾷⿹𢦏齒
𨈅	⿰𧾷蘥
𨈆	⿰𧾷蘭
𨈇	⿰𧾷覽
𨈈	⿰𧾷疊
𨈉	⿰𧾷⿱卝⿳⿸⿹𦣻止巳八夊
𨈊	⿰𧾷彎
𨈋	⿰𧾷籥
𨈌	⿰𧾷戀
𨈍	⿰𧾷⿱賏隻
𨈎	⿰𧾷鸞
𨈏	
𨈐	
𨈑	
𨈒	⿰身卜
𨈓	⿰身小
𨈔	⿰身凡
𨈕	⿰身阝
𨈖	⿱身口
𨈗	⿱口身
𨈘	⿰身少
𨈙	⿰身攴
𨈚	⿰身比
𨈛	⿰身支
𨈜	⿰身冄
𨈝	⿰身丹
𨈞	⿰身𠬝
𨈟	⿰身戈
𨈠	⿰身爻
𨈡	⿰身攵
𨈢	⿰身亢
𨈣	⿰身尤
𨈤	⿰身元
𨈥	⿰身毛
𨈦	⿰身仌
𨈧	⿰身引
𨈨	⿰身⿱𠂉几
𨈩	⿰身犮
𨈪	⿰身只
𨈫	⿰身主
𨈬	⿰身丘
𨈭	⿰身冉
𨈮	⿰身申
𨈯	⿰身孕
𨈰	⿰身古
𨈱	⿰身旦
𨈲	⿰身⿱八亏
𨈳	⿰身句
𨈴	⿰身𠮦
𨈵	⿰身皮
𨈶	⿰身母
𨈷	⿰身它
𨈸	⿰身舌
𨈹	⿰身同
𨈺	⿰身老
𨈻	⿰身自
𨈼	⿰身⿱女小
𨈽	⿰身关
𨈾	⿰身并
𨈿	⿱合身
𨉀	⿰身𡗢
𨉁	⿰身光
𨉂	⿰身⿱中丂
𨉃	⿱任身
𨉄	⿰身⿱㇒𭁠
𨉅	⿰身⿱⿵𠆢一丌
𨉆	⿰身色
𨉇	⿰身⿱火人
𨉈	⿰身廷
𨉉	⿰身坒
𨉊	⿰身𡗬
𨉋	⿰身兑
𨉌	⿰身足
𨉍	⿰身㒵
𨉎	⿰身辰
𨉏	⿰身免
𨉐	⿰身我
𨉑	⿰身呈
𨉒	⿰身災
𨉓	⿰身𠇮
𨉔	⿰身卓
𨉕	⿰身戾
𨉖	⿵門身
𨉗	⿰身宝
𨉘	⿰身近
𨉙	⿰身⿹戈歹
𨉚	⿰身奄
𨉛	⿰身⿱口矢
𨉜	⿰身周
𨉝	⿰身宛
𨉞	⿰身夌
𨉟	⿰身命
𨉠	⿰身拌
𨉡	⿰身垂
𨉢	⿰身重
𨉣	⿰身叚
𨉤	⿰身皇
𨉥	⿰身面
𨉦	⿰身骨
𨉧	⿰身⿵戊歹
𨉨	⿰身段
𨉩	⿰身春
𨉪	⿰身曷
𨉫	⿰身⿹勹吕
𨉬	⿰身亭
𨉭	⿰身眉
𨉮	⿰身𣬉
𨉯	⿰身⿱𦥔丂
𨉰	⿰身郎
𨉱	⿰身弱
𨉲	⿰身高
𨉳	⿰身翁
𨉴	⿰身茸
𨉵	⿰身鬼
𨉶	⿰身差
𨉸	⿰身馬
𨉹	⿰身國
𨉺	⿰身貧
𨉻	⿰身軟
𨉼	⿰身惡
𨉽	⿰身⿱囯王
𨉾	⿰身𥬥
𨉿	⿰身𦓔
𨊀	⿰身⿱䀠丁
𨊁	⿰身⿱老老
𨊃	⿰番身
𨊄	⿰身番
𨊅	⿰身堯
𨊆	⿰身耋
𨊇	⿰身黄
𨊈	⿰身覃
𨊉	⿰身毳
𨊊	⿰身⿱安吉
𨊋	⿰身買
𨊌	⿰身粦
𨊍	⿰身詹
𨊎	⿰身⿳宀工𰤲
𨊏	⿰身誊
𨊐	⿰身過
𨊑	⿰身畺
𨊒	⿰身蜀
𨊓	⿰身寧
𨊔	⿰身監
𨊕	⿰身賓
𨊖	⿰身屢
𨊗	⿰身⿸厃⿱比𢀛
𨊘	⿱軀心
𨊙	⿰身蔵
𨊚	⿰身磊
𨊛	⿰身歷
𨊜	⿰身⿱老耄
𨊝	⿰身蹔
𨊞	⿰身聶
𨊟	⿱䜌身
𨊠	⿰車㔾
𨊡	⿰車丁
𨊢	⿱⿻𣄼丨𠫔
𨊣	⿰車卜
𨊤	⿰車人
𨊥	⿱車凵
𨊦	⿸𠂇車
𨊧	⿰車工
𨊨	⿰車彡
𨊩	⿰車巛
𨊪	⿱車𠫔
𨊫	⿰車亍
𨊬	⿳⺈一車
𨊭	⿰車寸
𨊮	⿰車与
𨊯	⿰車⿻⿱㇒一乚
𨊰	⿰車乞
𨊱	⿰車于
𨊲	⿰車己
𨊳	⿰車心
𨊴	⿰車攵
𨊵	⿰車勾
𨊶	⿰車冗
𨊷	⿰車匀
𨊸	⿰車月
𨊹	⿰車巴
𨊺	⿰車止
𨊻	⿰車开
𨊼	⿰車尹
𨊽	⿰車父
𨊾	⿰車冈
𨊿	⿰車㕛
𨋀	⿰車丑
𨋁	⿰車𠬝
𨋂	⿰車分
𨋃	⿰車及
𨋄	⿰車冘
𨋅	⿱比車
𨋆	⿰車互
𨋇	⿰車𢆰
𨋈	⿱車水
𨋉	⿱水車
𨋊	⿰車勿
𨋋	⿰車予
𨋌	⿱車双
𨋍	⿰車允
𨋎	⿰車尔
𨋏	⿰車尒
𨋐	⿱車瓦
𨋑	⿱⿰工几車
𨋒	⿰車弁
𨋓	⿰車石
𨋔	⿰車玉
𨋕	⿰車卬
𨋖	⿰車卯
𨋗	⿰車尼
𨋘	⿰車乍
𨋙	⿰車申
𨋚	⿰車㞋
𨋛	⿰車𠠵
𨋜	⿰車卮
𨋝	⿰車功
𨋞	⿰車布
𨋟	⿱禾車
𨋠	⿰車宂
𨋡	⿱出車
𨋢	⿰車立
𨋣	⿰車丙
𨋤	⿰車卢
𨋥	⿰車弗
𨋦	⿰車𠬦
𨋧	⿱白車
𨋨	⿰車艮
𨋩	⿰車伏
𨋪	⿰車夅
𨋫	⿰車兆
𨋬	⿱丞車
𨋭	⿰車色
𨋮	⿰車旬
𨋯	⿰車曳
𨋰	⿰車次
𨋱	⿰車𠂤
𨋲	⿰車冰
𨋴	⿰車安
𨋵	⿰車朿
𨋶	⿰車仼
𨋷	⿰車⿱工工
𨋸	⿰車夹
𨋹	⿰車网
𨋺	⿰臼車
𨋻	⿰車𠬪
𨋼	⿰車⿱𠆢斗
𨋽	⿰車羊
𨋾	⿰車羽
𨋿	⿱厸軍
𨌀	⿰車耳
𨌁	⿰車旨
𨌂	⿰車⿱山王
𨌃	⿰車狂
𨌄	⿱壯車
𨌅	⿸⺶車
𨌆	⿰車宏
𨌇	⿰車豕
𨌈	⿰車身
𨌉	⿰車肙
𨌊	⿰車宐
𨌋	⿰車启
𨌌	⿰車巵
𨌍	⿰車辛
𨌎	⿰車余
𨌏	⿹𢦒車
𨌐	⿰車麦
𨌑	⿰車辰
𨌒	⿰車告
𨌓	⿰車㒵
𨌔	⿰車兑
𨌕	⿰車⿱𠆢必
𨌖	⿰車𡕙
𨌗	⿱出軍
𨌘	⿰車夋
𨌙	⿰車㐬
𨌚	⿰車牢
𨌛	⿰車束
𨌜	⿺免車
𨌝	⿰車⿱𠆢⿸升丶
𨌞	⿰車却
𨌟	⿰車床
𨌠	⿰車录
𨌡	⿰車戼
𨌢	⿰車争
𨌣	⿰車芮
𨌤	⿳亠舛車
𨌥	⿰𤣩軖
𨌦	⿰車𤰞
𨌧	⿰車奄
𨌨	⿰車匋
𨌩	⿰車尚
𨌪	⿰車忩
𨌫	⿰車卷
𨌬	⿰車卓
𨌭	⿰車沓
𨌮	⿰車底
𨌯	⿰車育
𨌰	⿰車⿱从龰
𨌱	⿸广𫏵
𨌲	⿰車昏
𨌳	⿰車肯
𨌴	⿰車隹
𨌵	⿰車宜
𨌶	⿰車盲
𨌷	⿰車⿳一巛王
𨌸	⿲爻車爻
𨌹	⿰車炎
𨌺	⿰車⿱𠆢羽
𨌻	⿰車⿱一坐
𨌼	⿱車⿰中中
𨌽	⿱車牪
𨌾	⿱牪車
𨌿	⿰車東
𨍀	⿰車到
𨍁	⿱⿰仌欠車
𨍂	⿱⿰勿勿車
𨍃	⿱𢆶厙
𨍄	⿰車具
𨍅	⿰車𦬣
𨍆	⿰車昌
𨍇	⿰車客
𨍈	⿰車㚇
𨍉	⿰車怱
𨍊	⿰車秋
𨍋	⿰車咼
𨍌	⿰車昬
𨍍	⿰車屏
𨍎	⿱敄車
𨍏	⿰車度
𨍐	⿰車胥
𨍑	⿰車音
𨍒	⿱⿰臣⿱𠂉丶車
𨍓	⿰車⿱𠆢車
𨍔	⿱士⿲䶹車屮
𨍕	⿰車枼
𨍖	⿰車卻
𨍗	⿸广𨋬
𨍘	⿰車⿱𤰔亏
𨍙	⿰車俥
𨍚	⿰車𦏾
𨍛	⿰車毒
𨍜	⿰車甚
𨍝	⿰車革
𨍞	⿰車英
𨍟	⿰車𣆊
𨍠	⿰車勉
𨍡	⿰車亰
𨍢	⿰車咨
𨍣	⿰車首
𨍤	⿰車𡧱
𨍥	⿰車耍
𨍦	⿰車娄
𨍧	⿰車皇
𨍨	⿰車㒸
𨍩	⿰車旁
𨍪	⿰車殷
𨍫	⿰車栗
𨍬	⿰車晋
𨍭	⿰車尃
𨍮	⿰車鬲
𨍯	⿱日輂
𨍰	⿰車盍
𨍱	⿰車乘
𨍲	⿰車圂
𨍳	⿰車䍃
𨍴	⿰車唐
𨍵	⿰車㝠
𨍶	⿱𤇾車
𨍷	⿰車茸
𨍸	⿰車留
𨍹	⿰車鬼
𨍺	⿰車⿸尸𭣖
𨍻	⿰⿳入口凥車
𨍼	⿰車𮎁
𨍽	⿰車衮
𨍾	⿰車骨
𨍿	⿰車𭕞
𨎀	⿰車皋
𨎁	⿰車冥
𨎂	⿰車唇
𨎃	⿰車翁
𨎄	⿰車𠳮
𨎅	⿰車𦊥
𨎆	⿰芻車
𨎇	⿰車馬
𨎈	⿰車⿱夫吉
𨎉	⿰車⿸𠂆疌
𨎊	⿰車袞
𨎋	⿰車堂
𨎌	⿱執車
𨎍	⿰車康
𨎎	⿰車郭
𨎏	⿰車啚
𨎐	⿱埶車
𨎑	⿱夫䡛
𨎒	⿰車悉
𨎓	⿲車牛車
𨎔	⿰車𦰩
𨎕	⿰車⿵戊合
𨎖	⿱堂車
𨎗	⿰車𢒗
𨎘	⿰車𭶰
𨎙	⿰車𡕨
𨎚	⿰車畨
𨎛	⿰車梁
𨎜	⿰車⿳宀土由
𨎝	⿰車曹
𨎞	⿰車⿰𫠤攵
𨎟	⿰車略
𨎠	⿰畧車
𨎡	⿰車⿱亠⿸尸伐
𨎢	⿰車恿
𨎣	⿰車⿱穴各
𨎤	⿰車登
𨎥	⿰車惠
𨎦	⿰車臯
𨎧	⿰車彭
𨎨	⿰車貴
𨎩	⿰車黄
𨎪	⿰車𦓔
𨎫	⿰車閒
𨎬	⿰車堯
𨎭	⿰車袲
𨎮	⿰車菆
𨎯	⿱𠂹厙
𨎰	⿰車翕
𨎱	⿱⿰車⿱亠多氏
𨎲	⿰車路
𨎳	⿰車𥭗
𨎴	⿰車當
𨎵	⿰車戢
𨎶	⿰車豦
𨎷	⿰車廉
𨎸	⿰車楘
𨎹	⿰車稟
𨎺	⿰車禀
𨎻	⿰車詹
𨎼	⿲車有車
𨎽	⿰車蒕
𨎾	⿰車⿳𰀉一貝
𨎿	⿰車雷
𨏀	⿰車⿳日罒心
𨏁	⿰車⿰𤰸攵
𨏂	⿰車運
𨏃	⿰車畺
𨏄	⿰車⿰巠耳
𨏅	⿰車⿱亦貝
𨏆	⿲車光車
𨏇	⿳𠂹一厙
𨏈	⿰車㥯
𨏉	⿱𥬥⿱大車
𨏊	⿱𰯲車
𨏋	⿰車⿱巛⿻臼木
𨏌	⿰車㬎
𨏎	⿲車魚亍
𨏏	⿰車㷠
𨏐	⿳⿴𦥑爻⿱一八車
𨏑	⿰車質
𨏒	⿰車磊
𨏓	⿰車韯
𨏔	⿰車賣
𨏕	⿰車蓬
𨏖	⿰⿱車車戔
𨏗	⿰車魯
𨏘	⿰車⿳龷灬貝
𨏙	⿰車瞏
𨏚	⿰車⿱合革
𨏛	⿰車⿳亠厸⿱𠀎𧘇
𨏜	⿱𠂹⿸厂⿱工車
𨏝	⿰車⿱爫⿸尸⿱⿲匕几匕又
𨏞	⿱頻車
𨏟	⿰輻車
𨏠	⿰車龍
𨏡	⿰車𤴡
𨏢	⿰車羲
𨏣	⿰車⿱艹𰕎
𨏤	⿰車⿱𠆢爾
𨏥	⿰車憲
𨏦	⿰車閵
𨏧	⿰盧車
𨏨	⿰車⿱雨並
𨏩	⿱吂⿲月連凡
𨏪	⿰車韱
𨏫	⿰車薄
𨏬	⿲車鬲車
𨏭	⿰車闌
𨏮	⿱輿車
𨏯	⿱亠轡
𨏰	⿲車旁車
𨏱	⿰車隱
𨏲	⿰輾車
𨏳	⿰車巂
𨏴	⿰車聶
𨏵	⿰車𤔿
𨏶	⿱䜌車
𨏷	⿱車䜌
𨏸	⿰車𥜘
𨏹	⿰車矍
𨏺	⿱輚輈
𨏻	⿰車黨
𨏼	⿰車蘭
𨏽	⿰車麗
𨏾	⿱獻車
𨏿	⿱䡛䡛
𨐀	⿰車⿱⿰𣄼𣄼鹿
𨐁	⿰車疊
𨐂	⿰車⿱爫⿸厂⿳⿴𦥑白八夊
𨐃	⿱鑫車
𨐄	⿲⿱車田⿳⿱爫龴禸冈⿱車田
𨐅	⿰车殳
𨐆	⿰车开
𨐇	⿰车龙
𨐈	⿰车光
𨐉	⿰车菆
𨐊	⿰车憲
𨐋	⿱立十
𨐍	⿰彡辛
𨐎	⿰辛女
𨐏	⿰辛片
𨐐	⿰⿱立𢆉乚
𨐑	⿰辛允
𨐒	⿰古辛
𨐓	⿰召辛
𨐔	⿰多辛
𨐕	⿰𢑑辛
𨐖	⿰杀辛
𨐗	⿰辛同
𨐘	⿰𣏂辛
𨐙	⿰启辛
𨐚	⿰君辛
𨐛	⿰尿辛
𨐜	⿰辛卑
𨐝	⿰官辛
𨐞	⿱姑辛
𨐟	⿰辛⿱卉口
𨐠	⿰枲辛
𨐡	⿰辛苦
𨐢	⿱辟廾
𨐣	⿰辛𭩢
𨐤	⿰辛柬
𨐥	⿰辛革
𨐦	⿰辛風
𨐧	⿰⿱𡰪土辛
𨐨	⿱辟井
𨐩	⿰辛兼
𨐪	⿰辛弱
𨐫	⿰⿸尸言辛
𨐬	⿱辟圡
𨐭	⿲辛女灾
𨐮	⿰辛荄
𨐯	⿱辟分
𨐰	⿲辛分辛
𨐱	⿲辛月辛
𨐲	⿰⿳爫龴𠕁辛
𨐳	⿰⿱启分辛
𨐴	⿱辟甲
𨐵	⿲辛必辛
𨐶	⿰辛畫
𨐷	⿰辛詐
𨐸	⿰辛登
𨐹	⿱辝⿱夂火
𨐺	⿰辛農
𨐻	⿰亲⿱丘𧰨
𨐼	⿰㖖㖖
𨐽	⿱辟官
𨐾	⿹⺄辯
𨐿	⿰辛質
𨑀	⿰辜辜
𨑁	⿱興新
𨑂	⿱㖖𨐼
𨑃	⿸厂⿱二⿰⿺𠄌丨乁
𨑄	⿸厂⿱二⿰⿺𠄌丨？
𨑅	⿸辰缶
𨑆	⿱艸辰
𨑇	⿱覀辰
𨑈	⿱⿰宂辰寸
𨑉	⿰辰⿱虫土
𨑊	⿰多農
𨑋	⿱⿲木囟木辰
𨑌	⿱畾辰
𨑍	⿺辶九
𨑎	⿺辶𰛄
𨑏	⿺辶卩
𨑐	⿺辶⿱⺄⺄
𨑑	⿺辶亡
𨑒	⿺辶土
𨑓	⿺辶已
𨑔	⿺辵巳
𨑖	⿺辶巳
𨑗	⿺辶上
𨑘	⿺辶𠃒
𨑙	⿺辶凡
𨑚	⿺辶夕
𨑛	⿺辵亏
𨑜	⿺辶下
𨑝	⿺辶𰀠
𨑞	⿺辶⿻⿱㇒一乚
𨑟	⿺辶亾
𨑠	⿺辶彳
𨑡	⿺辵土
𨑢	⿺辵从
𨑣	⿺辶夬
𨑤	⿺辶支
𨑥	⿺辶勿
𨑦	⿺辶予
𨑧	⿺辶内
𨑨	⿺辶日
𨑩	⿺辶弔
𨑪	⿺辶公
𨑫	⿺辶尤
𨑬	⿺辶廿
𨑭	⿺辶止
𨑮	⿺辶什
𨑯	⿺辶火
𨑰	⿺辶歹
𨑱	⿺辶双
𨑲	⿺辶手
𨑳	⿺辶壬
𨑴	⿺辶牛
𨑵	⿺辶⿱上乙
𨑶	⿺辶⿱𠂉⺊
𨑷	⿺辶𰅭
𨑸	⿺辶介
𨑹	⿺辶从
𨑺	⿺辶毛
𨑻	⿺辶冘
𨑼	⿺辶𢆰
𨑽	⿺辶丮
𨑾	⿺辶水
𨑿	⿺辶𠙷
𨒀	⿺辶𠚪
𨒁	⿺辶𠘬
𨒂	⿺辶𠂛
𨒃	⿺辶半
𨒄	⿺辶㕣
𨒅	⿺辶只
𨒆	⿺辶宂
𨒇	⿺辶甲
𨒈	⿺辶𡰥
𨒉	⿺辶𠂔
𨒊	⿺辶囚
𨒋	⿺辶戉
𨒌	⿺辶正
𨒍	⿺辶卉
𨒎	⿺辶⿷匚二
𨒏	⿺辶𡗜
𨒐	⿺辶右
𨒑	⿺辶巨
𨒒	⿺辶⿰万十
𨒓	⿺辶⿰子卜
𨒔	⿺辶矢
𨒕	⿺辶付
𨒖	⿺辶卯
𨒗	⿺辶用
𨒘	⿺辶𪩲
𨒙	⿺辶石
𨒚	⿺辶目
𨒛	⿺辶尒
𨒜	⿺辶必
𨒝	⿺辶⿱？巾
𨒞	⿺辶出
𨒟	⿺辶冬
𨒠	⿰⿱彡止𣎵
𨒡	⿺辶句
𨒢	⿺辶⿱𠂈𰀠
𨒣	⿺辶⿱𠂉子
𨒤	⿺辶此
𨒥	⿺辶⿱幺夊
𨒦	⿺辶印
𨒧	⿺辶曳
𨒨	⿺辶亥
𨒩	⿺辶而
𨒪	⿺辶朿
𨒫	⿺辶羊
𨒬	⿺辶至
𨒭	⿺辶灰
𨒮	⿺辶次
𨒯	⿺辶𡴂
𨒰	⿺辶㜽
𨒱	⿺辶共
𨒲	⿺辶朱
𨒳	⿺辶⿱丶平
𨒴	⿺辶厽
𨒵	⿺辶冎
𨒶	⿺辶色
𨒷	⿺辶虫
𨒸	⿺辶存
𨒹	⿺辶百
𨒺	⿺辶光
𨒻	⿺辶対
𨒼	⿺辵艮
𨒽	⿺辶艸
𨒾	⿺辶𱜢
𨒿	⿺辶覀
𨓀	⿺辶⿸广千
𨓁	⿺辶𢆶
𨓂	⿺辶𱛇
𨓃	⿺辶⿹⿺㇉一灬
𨓄	⿺辶𠦃
𨓅	⿺辶皃
𨓆	⿺辶⿱日夕
𨓇	⿺辶希
𨓈	⿺辶𠯑
𨓉	⿺辶身
𨓊	⿺辶𦔮
𨓋	⿺辶弃
𨓌	⿺辶災
𨓍	⿺辶⿸广⿱㇒⿻二丿
𨓎	⿺辶⿱水子
𨓏	⿺辶⿱山王
𨓐	⿺辶呂
𨓑	⿱上迎
𨓒	⿺辶⿱山壬
𨓓	⿺辶㧍
𨓔	⿺辶⿳又一月
𨓕	⿺辶作
𨓖	⿺辶⿰北匕
𨓗	⿺辶⿱⺊目
𨓘	⿺辶⿱⺊𠕁
𨓙	⿺辶㫒
𨓚	⿺辶兑
𨓛	⿺辶⿱匕用
𨓜	⿺辶免
𨓝	⿺辶⿳𠂊冖巾
𨓞	⿺辶㐬
𨓟	⿺辶⿹⺄共
𨓠	⿺辶⿸尸巿
𨓡	⿺辶弄
𨓢	⿱近兀
𨓣	⿺辶𬂝
𨓤	⿺辶⿱日夊
𨓥	⿺辶⿱龴田
𨓦	⿺辶里
𨓧	⿺辶⿱夂止
𨓨	⿺辶角
𨓩	⿺辶⿸广火
𨓪	⿺辶尿
𨓫	⿺辶𣏋
𨓬	⿺辶沓
𨓭	⿺辶取
𨓮	⿺辶㸒
𨓯	⿺辶𣶒
𨓰	⿺辶疌
𨓱	⿺辶𡊥
𨓲	⿺辶侃
𨓳	⿺辶杳
𨓴	⿺辶卸
𨓵	⿺辶𠈪
𨓶	⿺辵⿱𫜹灭
𨓷	⿺辶𡿱
𨓸	⿺辶⿱木用
𨓹	⿺辶𭖒
𨓺	⿺辶⿱口冋
𨓻	⿺辶⿱⺕氺
𨓼	⿰⿱彡止帚
𨓽	⿺辶青
𨓾	⿺辶奇
𨓿	⿺辶非
𨔀	⿺辶歨
𨔁	⿺辶𠧧
𨔂	⿺辶丳
𨔃	⿺辶𠈉
𨔄	⿺辶⿸𠂆⿻帀冂
𨔅	⿺辶⿰爪毛
𨔆	⿺辶於
𨔇	⿺辶⿱双心
𨔈	⿺辶制
𨔉	⿺辶⿱文丰
𨔊	⿺辶卒
𨔋	⿺辶𣏼
𨔌	⿺辶孤
𨔍	⿺辶𱺵
𨔎	⿺辶⿳宀土⿱八𠃌
𨔏	⿺辶𠰥
𨔐	⿺辶奉
𨔑	⿺辶肯
𨔒	⿺辶⿱日内
𨔓	⿺辶知
𨔔	⿺辶⿱夂罒
𨔕	⿺辶⿸𠂆⿱⿻⺕丨又
𨔖	⿺辶⿱⺊同
𨔗	⿺辶咖
𨔘	⿺辶⿱龷木
𨔙	⿺辶⿱大石
𨔚	⿺辶⿱丑丑
𨔛	⿺辶虎
𨔜	⿺辶𠜊
𨔝	⿺辶重
𨔞	⿺辶頁
𨔟	⿺辶𠧪
𨔠	⿺辶垂
𨔡	⿺辶⿱彐𧰨
𨔢	⿺辶𧈪
𨔣	⿺辶枷
𨔤	⿺辶𠡠
𨔥	⿺辶𦘔
𨔦	⿺辶壴
𨔧	⿺辶屏
𨔨	⿺辶臿
𨔩	⿺辶㚇
𨔪	⿺辶𠣞
𨔫	⿺辶𭥨
𨔬	⿺辶⿱𡗜⿱一𰀁
𨔭	⿺辶⿰𣧄刂
𨔮	⿺辶㑞
𨔯	⿺辶⿱日氺
𨔰	⿺辶𧟥
𨔱	⿺辶⿳木𠆢𰀁
𨔲	⿺辶⿱山⿻十⺝
𨔳	⿺辶陏
𨔴	⿺辶苕
𨔵	⿺辶彖
𨔶	⿺辶羍
𨔷	⿺辶革
𨔸	⿺辶⿱𠀎冄
𨔹	⿺辶⿳日㇒日
𨔺	⿺辶𢆔
𨔻	⿺辶𮧯
𨔼	⿺辶𪱿
𨔽	⿺辶茄
𨔾	⿺辶者
𨔿	⿺辶⿰豕十
𨕀	⿺辶⿹气矢
𨕁	⿺辶𢈍
𨕂	⿺辶面
𨕃	⿺辶⿱龷⿰丨⿱？？
𨕄	⿺辶屎
𨕅	⿺辶垔
𨕆	⿺辶⿱正月
𨕇	⿺辶⿱艹𠂛
𨕈	⿺辶昺
𨕉	⿺辶⿰？⿱匕又
𨕊	⿺辶⿱夂共
𨕋	⿺辶⿱𠂛⺼
𨕌	⿺辶春
𨕍	⿺辶赴
𨕎	⿺辶⿱大𠮷
𨕏	⿺辶⿱大西
𨕐	⿺辶⿱止目
𨕑	⿺辶𧆞
𨕒	⿺辶昰
𨕓	⿺辶⿱吅于
𨕔	⿺辶⿱回夕
𨕕	⿺辶⿳亠厶㠯
𨕖	⿺辶㢲
𨕗	⿺辶飛
𨕘	⿺辶禹
𨕙	⿺辶𭄩
𨕚	⿺辶⿴𡆦日
𨕛	⿺辶⿻肀𬺻
𨕜	⿱迷乆
𨕝	⿺辶捕
𨕞	⿺辶⿱覀升
𨕟	⿺辶𡕦
𨕠	⿺辶窄
𨕡	⿺辶草
𨕢	⿺辶畜
𨕣	⿺辶⿱吅午
𨕤	⿺辶⿱艹帇
𨕥	⿺辶𩠐
𨕦	⿺辶⿱宀⿳八𠆢夊
𨕧	⿺辶⿱𢆶开
𨕨	⿺辶⿱⿱𦘒一勿
𨕩	⿺辶⿰亻⿱火𠬞
𨕪	⿺辵倓
𨕬	⿺辶⿳吅一䶹
𨕭	⿱上連
𨕮	⿺辶⿰𡰪殳
𨕯	⿺辶辱
𨕰	⿺辶豈
𨕱	⿺辶峯
𨕲	⿺辶⿱日企
𨕳	⿺辶⿰舟尤
𨕴	⿺辶般
𨕵	⿺辶𭮫
𨕶	⿺辶𬆣
𨕷	⿺辶⿱艹𢁙
𨕸	⿺辶⿳卝口土
𨕹	⿺辶桓
𨕺	⿺辶𧥢
𨕻	⿺辶⿱日艮
𨕼	⿺辵⿰亻⿱火𠬞
𨕽	⿺辵⿱入疌
𨕾	⿺辶疾
𨕿	⿺辶⿰⿹弓土王
𨖀	⿺辶⿳䶹一虫
𨖁	⿺辵𩠐
𨖂	⿺辶⿹？口
𨖃	⿺辶笏
𨖄	⿺辶𡨟
𨖅	⿺辶郎
𨖆	⿺辶虘
𨖇	⿺辶專
𨖈	⿺辶䚻
𨖉	⿺辶⿱炎廾
𨖊	⿺辶責
𨖋	⿺辶寁
𨖌	⿺辶羕
𨖍	⿺辶𠵦
𨖎	⿺辶笞
𨖏	⿺辶㲃
𨖐	⿺辶⿱业羊
𨖑	⿺辶莖
𨖒	⿺辶𧴿
𨖓	⿺辶𢉙
𨖔	⿺辶𡝼
𨖕	⿱不通
𨖖	⿺辶⿰坴阝
𨖗	⿺辶莙
𨖘	⿺辶⿱艹囬
𨖙	⿺辶眾
𨖚	⿺辶⿳木日小
𨖛	⿺辶𩁹
𨖜	⿺辶雩
𨖝	⿺辶⿱雨巛
𨖞	⿺辶⿳罒二日
𨖟	⿺辶𨈡
𨖠	⿺辶⿸𠂆扁
𨖡	⿺辶𪺏
𨖢	⿺辶⿰犭玨
𨖣	⿺辶觚
𨖤	⿺辵⿱夂炎
𨖥	⿺辶𢉖
𨖦	⿺辶⿱爫㫒
𨖧	⿱毛速
𨖨	⿺辶移
𨖩	⿺辶眷
𨖪	⿺辵⿱爫㫒
𨖫	⿺辶⿱土隹
𨖬	⿺辶笙
𨖭	⿺辶崖
𨖮	⿺辶𤉐
𨖯	⿺辶⿰卣欠
𨖰	⿱造六
𨖱	⿺辶牽
𨖲	⿱升連
𨖳	⿺辶淵
𨖴	⿺辶無
𨖵	⿺辶焦
𨖶	⿺辶象
𨖷	⿺辶筆
𨖸	⿺辶⿳止日少
𨖹	⿺辶𬛳
𨖺	⿺辶𥬵
𨖻	⿺辶⿱？田
𨖼	⿺辶⿳㇒罒乑
𨖽	⿺辶⿱臾土
𨖾	⿺辶絲
𨖿	⿺辶爲
𨗀	⿺辶㫺
𨗁	⿺辶啻
𨗂	⿺辶幾
𨗃	⿺辵⿻十⿵冂㸚
𨗄	⿺辶焱
𨗅	⿺辶⿰扌㒸
𨗆	⿺辶⿱䙲山
𨗇	⿺辶𮗁
𨗊	⿺辶都
𨗋	⿺辶⿰⿳⺊日匕殳
𨗌	⿺辶⿳𠆢⿻丅⿰十十方
𨗍	⿺辶⿱㐭日
𨗎	⿺辶隊
𨗏	⿺辶晶
𨗐	⿺辶⿱東日
𨗑	⿺辶雄
𨗒	⿱雨𨑳
𨗓	⿺辶⿱口首
𨗔	⿺辶⿱𡘩⿰丿丨
𨗕	⿺辶𢍜
𨗖	⿺辶奠
𨗗	⿺辶補
𨗘	⿺辶叅
𨗙	⿺辶⿱𢆶并
𨗚	⿺辶善
𨗛	⿺辶朝
𨗜	⿱令速
𨗝	⿺辵矞
𨗞	⿺辶⿱屾回
𨗟	⿺辶結
𨗠	⿺辶雲
𨗡	⿺辶⿱𥫗吉
𨗢	⿺辶⿱覀衣
𨗣	⿺辶⿳土四日
𨗤	⿺辶⿳𠆢⿲一⿻卄丨一方
𨗥	⿺辶會
𨗦	⿺辶僉
𨗧	⿺辶詹
𨗨	⿺辶葦
𨗩	⿺辶業
𨗪	⿺辶𦳝
𨗫	⿺辶⿳罒友心
𨗬	⿺辵𡕝
𨗭	⿺辶⿱𦥔𡉀
𨗮	⿺辶⿳𦥔八廾
𨗯	⿺辶𢾕
𨗰	⿺辶⿰卣糸
𨗱	⿺辶豋
𨗲	⿺辶萵
𨗳	⿱道⺗
𨗴	⿺辶䍜
𨗵	⿺辶⿱气𦍒
𨗶	⿺辶⿰⿱一𰀁頁
𨗷	⿺辶楇
𨗸	⿺辶葉
𨗹	⿺辶𫁾
𨗺	⿺辶零
𨗻	⿺辶罪
𨗼	⿺辶𢄔
𨗽	⿺辶⿰⿱爫𠙻月
𨗾	⿺辶⿱父𦍒
𨗿	⿺辶貇
𨘀	⿺辶頊
𨘁	⿺辶⿰⿱幺方糸
𨘂	⿺辶⿰君多
𨘃	⿺辶痯
𨘄	⿺辶⿳宀⿻⿱一𫜹⿰丨丨火
𨘅	⿺辶⿰豸？
𨘆	⿺辶裔
𨘇	⿺辶𤛉
𨘈	⿺辶⿸虍幸
𨘉	⿺辶箑
𨘊	⿺辶𥈪
𨘋	⿺辶⿰⿱白方⿱𠂉子
𨘌	⿺辶禍
𨘍	⿺辶⿱雨艮
𨘎	⿺辶⿱艹⿳大日小
𨘏	⿺辶𱾂
𨘐	⿺辶⿱伯伯
𨘑	⿰求連
𨘒	⿺辶⿱⿻⿱⿻口一口木女
𨘓	⿺辶㥯
𨘔	⿺辶誩
𨘕	⿺辶與
𨘖	⿺辶⿰瓜昜
𨘗	⿺辶對
𨘘	⿱尾速
𨘙	⿺辶⿱玄軍
𨘚	⿺辶⿳𥄕冖寸
𨘛	⿺辶⿱亠𭘧
𨘜	⿺辶⿳𤰔灬日
𨘝	⿺辶⿱老隹
𨘞	⿺辶⿳⿱十冖八䍐
𨘟	⿺辶⿱𥫗庚
𨘠	⿺辶⿻婁八
𨘡	⿺辶⿱备𤰞
𨘢	⿺辶𦤝
𨘣	⿺辶瞏
𨘤	⿺辶䝿
𨘥	⿺辶⿳𥫗土𡰪
𨘦	⿺辶⿳艹廿里
𨘧	⿺辶賛
𨘨	⿺辶槽
𨘩	⿺辶⿰𡭨系
𨘪	⿺辶輦
𨘫	⿺辶⿱垚吉
𨘬	⿺辶蔕
𨘭	⿺辶醁
𨘮	⿺辶⿰𧆞多
𨘯	⿺辶𪏯
𨘰	⿺辶⿱亠僉
𨘱	⿺辶⿰束爭
𨘲	⿺辶⿱𥫗室
𨘳	⿺辶⿰彳⿳山日夯
𨘴	⿺辶靠
𨘵	⿺辶⿰㔽見
𨘶	⿺辶⿱一⿸⿻⿱丷戸⿰丨丨比
𨘷	⿺辶䫉
𨘸	⿺辶歷
𨘹	⿺辶⿱豕⿲月屮又
𨘺	⿺辶⿰䍃糸
𨘻	⿺辶𥰟
𨘼	⿺辶輲
𨘽	⿺辶⿰耳䍃
𨘾	⿺辶霍
𨘿	⿺辶𮥿
𨙀	⿺辶⿰⿱土革殳
𨙁	⿺辵䫉
𨙂	⿺辶繇
𨙃	⿺辶⿰卣䍃
𨙄	⿺辶龠
𨙅	⿺辶⿱备彖
𨙆	⿺辶⿱豕⿲月屯又
𨙇	⿺辶賽
𨙈	⿺辶⿸尸⿱氺韋
𨙉	⿺辶霞
𨙊	⿺辶𦼫
𨙋	⿺辶𧷏
𨙌	⿰節远
𨙍	⿺辶矯
𨙎	⿺辶𧪟
𨙏	⿺辶⿱艸章
𨙐	⿺辶⿰既艮
𨙑	⿺辶⿳⿱㇒𦥔一貝
𨙒	⿺辶翼
𨙓	⿺辶聶
𨙔	⿺辶𩣷
𨙕	⿺辶雚
𨙖	⿰通率
𨙗	⿺辶⿱萬田
𨙘	⿺辶⿳⿲日日日大⿱丶龴
𨙙	⿺辶⿱𦦉巳
𨙚	⿺辶蠆
𨙛	⿰速衆
𨙜	⿺辶𧸇
𨙝	⿰雷退
𨙞	⿺辵𠨧
𨙟	⿺辶藺
𨙠	⿺辶𣍘
𨙡	⿺辶⿰𡸁鳥
𨙢	⿺辶𥵸
𨙣	⿺辶⿰⿱爫音系
𨙤	⿺辶⿱雨愛
𨙥	⿺辶蠢
𨙦	⿺辶𩦛
𨙧	⿺辵鷸
𨙨	⿾邑
𨙩	⿰十阝
𨙪	⿰？阝
𨙫	⿰口阝
𨙬	⿰己阝
𨙭	⿰土阝
𨙮	⿰凡阝
𨙯	⿰寸阝
𨙰	⿰扌阝
𨙱	⿰亏阝
𨙲	⿰⿻⿱㇒一乚阝
𨙳	⿰叉阝
𨙴	⿰才阝
𨙵	⿰乡阝
𨙶	⿰巿阝
𨙷	⿰井阝
𨙸	⿰支阝
𨙹	⿰少阝
𨙺	⿰丑阝
𨙻	⿰冄阝
𨙼	⿰壬阝
𨙽	⿰今阝
𨙾	⿰支邑
𨙿	⿰厷阝
𨚀	⿰不阝
𨚁	⿰旡阝
𨚂	⿰𡯂阝
𨚃	⿰⿱亠𠂈阝
𨚄	⿰⿱⿹勹丿一阝
𨚅	⿰父阝
𨚆	⿰开邑
𨚇	⿰分邑
𨚈	⿰少邑
𨚉	⿰冄邑
𨚊	⿰火邑
𨚋	⿱邑灬
𨚌	⿰歹阝
𨚍	⿰比阝
𨚎	⿰互阝
𨚏	⿰𢆰阝
𨚐	⿰⿱𠆢儿阝
𨚑	⿰𠀌阝
𨚒	⿱少邑
𨚓	⿰弗阝
𨚔	⿰包阝
𨚕	⿰弁阝
𨚖	⿰此阝
𨚗	⿰冉阝
𨚘	⿰未阝
𨚙	⿰号阝
𨚚	⿰半邑
𨚛	⿰⿱匕亐阝
𨚜	⿰𦍍阝
𨚝	⿰玉阝
𨚞	⿰右阝
𨚟	⿰冬阝
𨚠	⿰甘邑
𨚡	⿱氶邑
𨚢	⿰丼阝
𨚣	⿰正阝
𨚤	⿰⿱七亏阝
𨚥	⿰生阝
𨚦	⿰𡴀阝
𨚧	⿰加阝
𨚨	⿰𠮢阝
𨚩	⿰可阝
𨚪	⿰立阝
𨚫	⿰去阝
𨚬	⿱丘邑
𨚭	⿰弗邑
𨚮	⿰白阝
𨚯	⿰同阝
𨚰	⿰早阝
𨚱	⿰丞阝
𨚲	⿰存阝
𨚳	⿰𡿫阝
𨚴	⿰如阝
𨚵	⿹𢦏邑
𨚶	⿰年阝
𨚷	⿰名阝
𨚸	⿰⿱𠫔小阝
𨚹	⿰西阝
𨚺	⿰有邑
𨚻	⿱老邑
𨚼	⿰邑有
𨚽	⿰年邑
𨚾	⿲𡕒𡕒阝
𨚿	⿰⿻𦉫𠄠阝
𨛀	⿰丢阝
𨛁	⿰羊阝
𨛂	⿰𤆌阝
𨛃	⿰𢑑阝
𨛄	⿰⿱？丑阝
𨛅	⿰多阝
𨛆	⿰丠阝
𨛇	⿰肉阝
𨛈	⿰全阝
𨛉	⿰色阝
𨛊	⿲犭大阝
𨛋	⿰里阝
𨛌	⿰杗阝
𨛍	⿰肖阝
𨛎	⿰旱阝
𨛏	⿰坐阝
𨛐	⿰夋阝
𨛑	⿰忌阝
𨛒	⿰步阝
𨛓	⿰弄阝
𨛔	⿰否阝
𨛕	⿰卣阝
𨛖	⿰⿱⺊𠕁阝
𨛘	⿰𡉼阝
𨛙	⿰⿻⿱㇒𠄠木阝
𨛚	⿹𢦒邑
𨛛	⿰豕邑
𨛜	⿰𨙨邑
𨛝	⿰𡴇邑
𨛞	⿰⿱？𫶧阝
𨛟	⿰𡴇阝
𨛠	⿰⿱又右阝
𨛡	⿰肙阝
𨛢	⿰杏阝
𨛣	⿰含阝
𨛤	⿰豕阝
𨛥	⿰角阝
𨛦	⿰君邑
𨛧	⿰⿳亠厶小阝
𨛨	⿰孝阝
𨛩	⿰車阝
𨛪	⿰兵阝
𨛫	⿱𥝢邑
𨛬	⿱非邑
𨛭	⿰舍阝
𨛮	⿰居阝
𨛯	⿰宜阝
𨛰	⿰争阝
𨛱	⿰宗阝
𨛲	⿰秊阝
𨛳	⿰昔阝
𨛴	⿰昊阝
𨛵	⿰虎阝
𨛶	⿰受阝
𨛷	⿰𣥏邑
𨛸	⿰虎邑
𨛹	⿰𠧧阝
𨛻	⿰𥝝阝
𨛼	⿰育阝
𨛽	⿰乖阝
𨛾	⿱承邑
𨛿	⿰取邑
𨜀	⿰奄邑
𨜁	⿰𣥐邑
𨜂	⿰尚邑
𨜃	⿰⿳一⺊⿹𠃌方阝
𨜄	⿰雨阝
𨜅	⿰奇阝
𨜆	⿰𡘆阝
𨜇	⿰⿱且巛阝
𨜈	⿰⿱丑丑阝
𨜉	⿰⿱丑尹阝
𨜊	⿲𠂎？阝
𨜋	⿰𠰛阝
𨜌	⿰官阝
𨜍	⿰杲阝
𨜎	⿰𣏋阝
𨜏	⿰盈阝
𨜐	⿰思阝
𨜑	⿰𣐥阝
𨜒	⿰契阝
𨜓	⿰貞阝
𨜔	⿰皇阝
𨜕	⿲乡共阝
𨜖	⿰禺阝
𨜗	⿰⿱勿虫阝
𨜘	⿰屋阝
𨜙	⿰柔阝
𨜚	⿰𡸁阝
𨜛	⿰叜阝
𨜜	⿰省阝
𨜝	⿰咢邑
𨜞	⿰者邑
𨜟	⿰酋阝
𨜠	⿰威阝
𨜡	⿰皆阝
𨜢	⿰韋邑
𨜣	⿰契邑
𨜤	⿰⿱士⿵冂方阝
𨜥	⿰𠀷阝
𨜦	⿰㪅阝
𨜧	⿰面阝
𨜨	⿰盇阝
𨜩	⿰泉阝
𨜪	⿰⿱𠆢𧮫阝
𨜫	⿰矦阝
𨜬	⿰𢏔阝
𨜭	⿰⿱匕貝阝
𨜮	⿰𠂎郎
𨜯	⿰狊邑
𨜰	⿰姜阝
𨜱	⿰𡧱阝
𨜲	⿰𡸁邑
𨜳	⿰宫阝
𨜴	⿰盍阝
𨜵	⿰昷阝
𨜶	⿰益阝
𨜷	⿰旁阝
𨜸	⿰𫝗阝
𨜹	⿰𠁁阝
𨜺	⿰翁阝
𨜻	⿰虔阝
𨜼	⿰栗阝
𨜽	⿰扅阝
𨜾	⿰倉阝
𨜿	⿰祟阝
𨝀	⿰鬼阝
𨝁	⿰𠣬阝
𨝂	⿰原阝
𨝃	⿰害阝
𨝄	⿰乘阝
𨝅	⿲乡皀邑
𨝆	⿰哥阝
𨝇	⿰⿷匚⿱䶹主阝
𨝈	⿲亻弆阝
𨝉	⿰𧴲阝
𨝊	⿰真阝
𨝋	⿰祭阝
𨝌	⿰乾阝
𨝍	⿰⿱䙲巳阝
𨝎	⿰康阝
𨝏	⿰离阝
𨝐	⿰參阝
𨝑	⿰貫阝
𨝒	⿰⿱艹𪜬阝
𨝓	⿰票阝
𨝔	⿲彳𱖔阝
𨝕	⿰盖阝
𨝖	⿰邕來
𨝗	⿰商阝
𨝘	⿰虖阝
𨝙	⿰⿱⿵𠆢一朋阝
𨝚	⿰啚邑
𨝛	⿰荼阝
𨝜	⿰幸⿺廴阝
𨝝	⿱乾邑
𨝞	⿰⿸虍𠂠邑
𨝟	⿱⿰禾攵⿸厂邑
𨝠	⿰祭邑
𨝡	⿰崇阝
𨝢	⿰㝡阝
𨝣	⿰⿳厶亠囬阝
𨝤	⿰𧴵阝
𨝥	⿰⿳艹日亾阝
𨝦	⿰堂邑
𨝧	⿰𢉖阝
𨝨	⿰措阝
𨝩	⿱𨊴邑
𨝪	⿰⿱罒𦈢阝
𨝫	⿰翕阝
𨝬	⿱無邑
𨝭	⿰馮阝
𨝮	⿰棸阝
𨝯	⿰童阝
𨝰	⿰喬阝
𨝱	⿰焦阝
𨝲	⿰臯阝
𨝳	⿰貲阝
𨝴	⿰黄阝
𨝵	⿰⿱林⺝阝
𨝶	⿰𣈆阝
𨝷	⿰尞阝
𨝸	⿰覃阝
𨝹	⿰虚阝
𨝺	⿰⿱自衣阝
𨝻	⿰𡬶阝
𨝼	⿰尞邑
𨝽	⿰雲阝
𨝾	⿰⿱罒豆阝
𨝿	⿰⿱口南阝
𨞀	⿰奠邑
𨞁	⿰粦邑
𨞂	⿰萑阝
𨞃	⿰黍阝
𨞄	⿰𡍮阝
𨞅	⿰睂阝
𨞆	⿰𧵍阝
𨞇	⿰焱阝
𨞈	⿰⿳羽一矢阝
𨞉	⿰⿳弓⿴囗夊土阝
𨞊	⿰菐阝
𨞋	⿰⿸厂⿱廿⿻口土阝
𨞌	⿰⿱⿰⿰？丶刀豆阝
𨞍	⿰⿳吅㞢䶹阝
𨞎	⿰⿱口軍阝
𨞏	⿰單邑
𨞐	⿰盛阝
𨞑	⿰邕臭
𨞒	⿰稓阝
𨞓	⿰奥阝
𨞔	⿲邑共邑
𨞕	⿰蜀阝
𨞖	⿰零阝
𨞗	⿰羣阝
𨞘	⿰䖒阝
𨞙	⿰豦阝
𨞚	⿰盟阝
𨞛	⿰葛阝
𨞜	⿰𥇛阝
𨞝	⿰賈阝
𨞞	⿰𥂀阝
𨞟	⿲⿹耳工爻阝
𨞠	⿲𨙨共邑
𨞡	⿰會邑
𨞢	⿰𣷚阝
𨞣	⿰歲阝
𨞤	⿰⿱𠓛𭥴阝
𨞥	⿰⿳㐭口十阝
𨞦	⿰豦邑
𨞧	⿰㷠阝
𨞨	⿰蓋阝
𨞩	⿰翟阝
𨞪	⿰壽阝
𨞫	⿰蒙阝
𨞬	⿰𠪨阝
𨞭	⿰𭀰阝
𨞮	⿰聚邑
𨞯	⿰夢邑
𨞰	⿲𨙨皀邑
𨞱	⿰⿱口堂阝
𨞲	⿰⿱㇒⿻二丿䣕
𨞳	⿰鼻阝
𨞴	⿰⿱炎回阝
𨞵	⿰𧶻阝
𨞶	⿰⿱自果阝
𨞷	⿰⿱⿰夭夭虫阝
𨞸	⿲邑皀邑
𨞹	⿰𧇃阝
𨞺	⿰厲阝
𨞻	⿰麃阝
𨞼	⿰蔓阝
𨞽	⿰畾阝
𨞾	⿰興阝
𨞿	⿰羮阝
𨟀	⿰黎阝
𨟁	⿰⿳⿱艹罒冖方阝
𨟂	⿰䔡阝
𨟃	⿰徵阝
𨟄	⿱樊邑
𨟅	⿰樊阝
𨟆	⿰蓼阝
𨟇	⿰魯阝
𨟈	⿰𢒫阝
𨟉	⿰奭阝
𨟊	⿰質阝
𨟋	⿰⿱臼𢍄阝
𨟌	⿲彡⿳𫜹吅寸阝
𨟍	⿰𩫏阝
𨟎	⿰嶲阝
𨟏	⿰𤎭阝
𨟐	⿰㙶阝
𨟑	⿰歷阝
𨟒	⿰瞢阝
𨟓	⿰霍阝
𨟔	⿰𦽦阝
𨟕	⿰㬜阝
𨟖	⿰磨阝
𨟗	⿰蔿阝
𨟘	⿰⿱雨並阝
𨟙	⿰嬰阝
𨟚	⿰襄阝
𨟛	⿰⿱⿻土皕八阝
𨟜	⿰⿱鹵早阝
𨟝	⿰香𨛼
𨟞	⿰享都
𨟟	⿰磿阝
𨟠	⿰瞿阝
𨟡	⿰𦗟阝
𨟢	⿰璹阝
𨟣	⿰⿱鹵㫗阝
𨟤	⿰麓阝
𨟥	⿰𰘾阝
𨟦	⿰𠨧阝
𨟧	⿰⿳爫罒⿰？木阝
𨟨	⿰⿱宿革阝
𨟩	⿰𪉷邑
𨟪	⿰⿻⿱卝干誩阝
𨟫	⿰𪋘阝
𨟬	⿰𪉷阝
𨟭	⿰𰪠阝
𨟮	⿱⿰霝攵邑
𨟯	⿰靈阝
𨟰	⿰酉阝
𨟱	⿰酉凡
𨟲	⿹弋酉
𨟳	⿰酉义
𨟴	⿰酉匀
𨟵	⿰酉比
𨟶	⿰戈酉
𨟷	⿰酉不
𨟸	⿰酉勿
𨟹	⿰酉今
𨟺	⿰酉丏
𨟻	⿰爿酉
𨟼	⿰酉亢
𨟽	⿰火酉
𨟾	⿰酉氏
𨟿	⿰酉爻
𨠀	⿰酉𢆰
𨠁	⿰酉冗
𨠂	⿰酉互
𨠃	⿰酉攴
𨠄	⿰酉尤
𨠅	⿰酉欠
𨠆	⿱水酉
𨠇	⿰酉斤
𨠈	⿰酉㕛
𨠉	⿰酉心
𨠊	⿱酉水
𨠋	⿰酉瓜
𨠌	⿰酉冬
𨠍	⿰酉代
𨠎	⿰酉令
𨠏	⿰酉氐
𨠐	⿰酉此
𨠑	⿰酉㐌
𨠒	⿳厶大酉
𨠓	⿰酉𠂔
𨠔	⿰酉必
𨠕	⿰酉永
𨠖	⿰酉包
𨠗	⿰酉央
𨠘	⿰酉白
𨠙	⿰酉丕
𨠚	⿰酉旦
𨠛	⿰酉瓦
𨠜	⿰酉皮
𨠝	⿰酉未
𨠞	⿰酉匆
𨠟	⿰酉平
𨠠	⿰酉生
𨠡	⿰酉㞋
𨠢	⿱弁酉
𨠣	⿰酉正
𨠤	⿰酉戎
𨠥	⿰酉危
𨠦	⿰酉交
𨠧	⿰耳酉
𨠨	⿰酉齐
𨠩	⿱酉州
𨠪	⿰酉⿳亠厶十
𨠫	⿰酋尤
𨠬	⿰酉老
𨠭	⿱合酉
𨠮	⿰酉匈
𨠯	⿰酉㐫
𨠰	⿱伐酉
𨠱	⿰酉⿱夂亐
𨠲	⿰酉任
𨠳	⿰酉亥
𨠴	⿰酉西
𨠵	⿰酉光
𨠶	⿰酉色
𨠷	⿱⿻一曲酉
𨠸	⿰酉巠
𨠹	⿰酉㚓
𨠺	⿰酉亨
𨠻	⿰酉完
𨠼	⿰酉宋
𨠽	⿰酉成
𨠾	⿹𢦒酉
𨠿	⿰酉夾
𨡀	⿰酉肖
𨡁	⿰酉見
𨡂	⿰酉希
𨡃	⿰酉夆
𨡄	⿰酉言
𨡅	⿰酉⿺𠃊米
𨡆	⿰酉𡥈
𨡇	⿰酉⿱？皿
𨡈	⿰酉壯
𨡉	⿰酉𠬶
𨡊	⿰酉别
𨡋	⿰酉杏
𨡌	⿰酉委
𨡍	⿰酉沓
𨡎	⿰酉念
𨡏	⿰酉典
𨡐	⿱制酉
𨡑	⿰酉周
𨡒	⿰酉⿹勹𦈢
𨡓	⿱⿰爿𱼀酉
𨡔	⿱𫩠酉
𨡕	⿰酉卑
𨡖	⿰酉𥁄
𨡗	⿰酉穹
𨡘	⿰酉制
𨡙	⿰酉单
𨡚	⿰酉育
𨡛	⿺⿱甶儿酉
𨡜	⿰酉肴
𨡝	⿰酉⿱士皿
𨡞	⿰酉靣
𨡟	⿰酉𢌿
𨡠	⿰酉𦙃
𨡡	⿱⿰酋巳⿵𠆢一
𨡢	⿱欦酉
𨡣	⿱念酉
𨡤	⿰酉⿱亠因
𨡥	⿰酉㕻
𨡦	⿰酉𦙌
𨡧	⿰酉狀
𨡨	⿰酉其
𨡩	⿰酉癹
𨡪	⿰酉施
𨡫	⿰酉軍
𨡬	⿰酉泴
𨡭	⿱敄酉
𨡮	⿰酉怱
𨡯	⿰酉南
𨡰	⿱𨟻皿
𨡱	⿰酉苦
𨡲	⿰酉秋
𨡳	⿰酓⿱彡几
𨡴	⿰酉酋
𨡵	⿰酉盅
𨡶	⿱⿰皮开酉
𨡷	⿱胡酉
𨡸	⿰酉苶
𨡹	⿰酉泉
𨡺	⿰酉贵
𨡻	⿰酉叜
𨡼	⿰酉𪾋
𨡽	⿰酉⿱左⺼
𨡾	⿰酉思
𨡿	⿰酉⿱厷皿
𨢀	⿰酉⿱爻𡥂
𨢁	⿰酉食
𨢂	⿰酉胤
𨢃	⿰酉⿱宀⿻正一
𨢄	⿰酉⿷⿱田儿厶
𨢅	⿰酋卒
𨢆	⿰酉桑
𨢇	⿰酉留
𨢈	⿰𠦝酋
𨢉	⿰酉豈
𨢊	⿰酉冡
𨢋	⿱𣪊酉
𨢌	⿰酉鬲
𨢍	⿰酉耆
𨢎	⿰酉冥
𨢏	⿱⿰月刑酉
𨢐	⿰酉旁
𨢑	⿰酉兼
𨢒	⿱⿰臣⿱𠂉二酉
𨢓	⿰酉高
𨢔	⿰酉⿱圶日
𨢕	⿰酉茶
𨢖	⿰酉⿱幺貝
𨢗	⿰酉𠳮
𨢘	⿰酉益
𨢙	⿰酉⿱兆手
𨢚	⿱差酉
𨢛	⿱窄酉
𨢜	⿰酉隺
𨢝	⿰酉舀
𨢞	⿱？酉
𨢟	⿰酉荄
𨢠	⿰酉⿳宀乃皿
𨢡	⿰酉畢
𨢢	⿰酉莫
𨢣	⿰酉頃
𨢤	⿱殸酉
𨢥	⿰酉曼
𨢦	⿰酉責
𨢧	⿰酉窑
𨢨	⿰酉悤
𨢩	⿰酉𬀷
𨢪	⿰酉巢
𨢫	⿰酉⿹⿻弓⿱？匚口
𨢬	⿰酉荼
𨢭	⿰酉魚
𨢮	⿱𥎿酉
𨢯	⿱淰酉
𨢰	⿱知⿰酉亏
𨢱	⿱⿰知子酉
𨢲	⿰酉宿
𨢳	⿰酉⿱尤㫖
𨢴	⿰酉盒
𨢵	⿰酉祭
𨢶	⿰酉烹
𨢷	⿰酉鹿
𨢸	⿰酉盖
𨢹	⿱⿰皮刑酉
𨢺	⿰酉⿱厶胥
𨢻	⿰酉眼
𨢼	⿰酉𡕩
𨢽	⿰⿱田酉夋
𨢾	⿰酉𦓔
𨢿	⿰酉單
𨣀	⿰酉尞
𨣁	⿰酉善
𨣂	⿰酉蛬
𨣃	⿰酉勞
𨣄	⿰酉華
𨣅	⿰酉最
𨣆	⿰酉奠
𨣇	⿰酉閒
𨣈	⿰酉貴
𨣉	⿰酉間
𨣊	⿰酉𠷎
𨣋	⿰酉㫺
𨣌	⿰酉𫟛
𨣍	⿰酉奢
𨣎	⿰酉⿱𠂉𰤷
𨣏	⿰酉答
𨣐	⿰𤊙酉
𨣑	⿰酉⿱亠⿻𠈌十
𨣒	⿰酉童
𨣓	⿱酼皿
𨣔	⿰酉叅
𨣕	⿰酉盗
𨣖	⿰酉零
𨣗	⿱𣪠酉
𨣘	⿰酉䀄
𨣙	⿰酉雹
𨣚	⿰酉亶
𨣛	⿰酉甞
𨣜	⿰酉𧵩
𨣝	⿰酉感
𨣞	⿰酉義
𨣟	⿰酉微
𨣠	⿰酉⿱罒𢆎
𨣡	⿰酋宿
𨣢	⿰酉遂
𨣣	⿰酉⿱𠈌左
𨣤	⿰酉禁
𨣥	⿰酉愛
𨣦	⿰酉與
𨣧	⿰酉齊
𨣨	⿰酉監
𨣩	⿳𠂹⿷兀一酉
𨣪	⿰⿱酉酉夋
𨣫	⿰酉魁
𨣬	⿰酉⿱雨⿸厂巴
𨣭	⿰酉⿳穴匆心
𨣮	⿰酉⿱窄皿
𨣯	⿰酉鼏
𨣰	⿰酉䗍
𨣱	⿰酉蔑
𨣲	⿰酉韯
𨣳	⿰酉𠆆
𨣴	⿰酉摩
𨣵	⿰酉賛
𨣶	⿰酉𦎧
𨣷	⿰酉歷
𨣸	⿰酉覧
𨣹	⿱㯥酉
𨣺	⿰酉穌
𨣻	⿱嬐酉
𨣼	⿰酉窻
𨣽	⿰酉⿸麻示
𨣾	⿱彌酉
𨣿	⿰酉麋
𨤀	⿰酉⿱雨品
𨤁	⿰酉𡽽
𨤂	⿰酉醟
𨤃	⿰酉藏
𨤄	⿰酉𥳑
𨤅	⿲彡⿳酉鬲⿲丶丶丶彳
𨤆	⿰酉贊
𨤇	⿰酉𣍘
𨤈	⿱𣍘酉
𨤉	⿰酉䢉
𨤊	⿰酉𩰥
𨤋	⿰酉覽
𨤌	⿰酉𪉷
𨤍	⿰酉靈
𨤎	⿰酉鹽
𨤏	
𨤐	⿱⿱⺊冖采
𨤑	⿱釆𠬞
𨤒	⿱⿰釆⿹勹丿与
𨤓	⿱⿻⿻千丷𠬞目
𨤔	⿺尾采
𨤕	⿰釆奄
𨤖	⿱𨤑巴
𨤗	⿳釆大目
𨤘	⿱釆枼
𨤙	⿳釆大糸
𨤚	⿱釆冓
𨤛	⿰釆容
𨤜	⿳釆龷𧰨
𨤝	⿱釆⿻⿳⿻廿一一⿰𠂇十丨
𨤞	⿰釆𫈧
𨤟	⿰釆睾
𨤠	⿰釆翟
𨤡	⿰釆廣
𨤢	⿰少里
𨤣	⿳⺈一里
𨤤	⿰里也
𨤥	⿳口一里
𨤦	⿱𠙼里
𨤧	⿰里尔
𨤨	⿲亻丨重
𨤩	⿱必里
𨤪	⿳山大里
𨤫	⿱𠅃里
𨤬	⿱共⿻里一
𨤭	⿱來里
𨤮	⿰里炎
𨤯	⿰重同
𨤰	⿱尔理
𨤱	⿺是里
𨤲	⿸𭆆里
𨤳	⿱林厘
𨤴	⿰重疌
𨤵	⿰里淡
𨤶	⿰重重
𨤷	⿱⿰里里𠮛
𨤸	⿱敕厘
𨤹	⿰重集
𨤺	⿰⿱來厘支
𨤻	⿱爾理
𨤼	⿰重曩
𨤽	⿰釒匕
𨤾	⿱𠆢⿳？⺌一
𨤿	⿰釒人
𨥀	⿱𠆢⿳⿰丶人木一
𨥁	⿰釒又
𨥂	⿰釒孑
𨥃	⿰釒𠔀
𨥄	⿱𠆢⿱⿻丫䒑䒑
𨥅	⿰釒丈
𨥇	⿰釒寸
𨥈	⿰釒己
𨥊	⿰釒气
𨥋	⿰釒手
𨥌	⿰釒氏
𨥍	⿰釒凶
𨥎	⿰釒从
𨥏	⿱父金
𨥐	⿰釒仇
𨥑	⿰釒卝
𨥒	⿱匀金
𨥓	⿱切金
𨥔	⿰釒切
𨥕	⿰釒云
𨥖	⿱金双
𨥗	⿱水金
𨥘	⿰釒𱼀
𨥙	⿰釒井
𨥚	⿰釒帀
𨥛	⿰釒互
𨥜	⿰釒夭
𨥝	⿰釒𤓰
𨥞	⿰釒仐
𨥟	⿰釒兮
𨥠	⿰釒尹
𨥡	⿰釒𠘭
𨥢	⿱⿶凵又金
𨥣	⿱𠙸金
𨥤	⿰釒予
𨥥	⿰釒丱
𨥦	⿰釒𠂔
𨥧	⿰釒乏
𨥨	⿰釒矛
𨥩	⿰釒⿵𠘨𬼽
𨥪	⿰釒⿻斗丶
𨥬	⿱奴金
𨥭	⿰釒永
𨥮	⿰釒示
𨥯	⿰釒瓦
𨥰	⿰釒右
𨥱	⿰釒囚
𨥲	⿱⿰工几金
𨥳	⿰釒𪩲
𨥴	⿱石金
𨥵	⿰釒⿱⺊凡
𨥶	⿰釒代
𨥷	⿰令金
𨥸	⿰釒匈
𨥹	⿰釒𮎛
𨥺	⿰釒弘
𨥻	⿰釒叏
𨥼	⿰釒札
𨥽	⿰釒冋
𨥾	⿰釒平
𨥿	⿰釒巧
𨦀	⿰釒叫
𨦁	⿰釒仕
𨦂	⿰釒礼
𨦃	⿰釒朶
𨦄	⿰釒㕂
𨦅	⿰釒杀
𨦆	⿰釒㫐
𨦉	⿰釒朿
𨦊	⿱金⿰𤣩匕
𨦋	⿱𦍌金
𨦌	⿰釒⿱𡗓刀
𨦍	⿰釒臣
𨦎	⿰釒麦
𨦏	⿰釒⿱⿰？？又
𨦐	⿰釒⿱一⿻友丶
𨦑	⿰釒匡
𨦒	⿰釒劣
𨦓	⿰釒⿱𠆢圡
𨦔	⿱如金
𨦕	⿰釒㓝
𨦖	⿰釒𫠥
𨦗	⿰釒灰
𨦘	⿰釒𡗝
𨦙	⿰釒列
𨦚	⿰釒㕦
𨦛	⿰釒伏
𨦜	⿰釒⿱爫丂
𨦝	⿰釒⿱爫刀
𨦞	⿰釒舟
𨦟	⿰釒夅
𨦠	⿱次金
𨦡	⿰釒羊
𨦢	⿰釒㬰
𨦣	⿰釒兊
𨦤	⿰釒⿱主乙
𨦥	⿰釒池
𨦦	⿰釒宇
𨦧	⿰釒年
𨦨	⿰釒𫥞
𨦩	⿰釒妄
𨦪	⿰釒仰
𨦫	⿰釒羽
𨦬	⿰釒折
𨦭	⿰釒牢
𨦮	⿱汲金
𨦯	⿰釒役
𨦰	⿰釒丣
𨦱	⿰釒囱
𨦲	⿰釒劫
𨦳	⿰釒⿱内口
𨦴	⿱臼金
𨦵	⿰釒𦬆
𨦶	⿰釒扶
𨦷	⿱𭣢金
𨦸	⿰釒⿱⺊兄
𨦹	⿰釒邢
𨦼	⿰釒言
𨦽	⿰釒吝
𨦾	⿰釒𣏂
𨦿	⿰釒𠛜
𨧀	⿰釒杜
𨧁	⿱沈金
𨧂	⿰釒⿰⿱丷廾刂
𨧃	⿰釒杏
𨧄	⿰釒匣
𨧅	⿰釒声
𨧆	⿰釒否
𨧇	⿰釒㔷
𨧈	⿰釒芌
𨧉	⿰釒妟
𨧊	⿱毎金
𨧋	⿱⿰⿰？丶攵金
𨧌	⿰釒⿸𠂆令
𨧍	⿰釒⿱夗又
𨧎	⿱𢀜金
𨧏	⿰釒𥃩
𨧐	⿰釒吞
𨧑	⿰釒⿱爫工
𨧒	⿱戺金
𨧓	⿰釒𡉰
𨧔	⿱⿰夕攴金
𨧕	⿱金言
𨧖	⿰釒床
𨧗	⿲釒方彡
𨧘	⿰釒判
𨧙	⿰釒⿱弔口
𨧚	⿰釒矣
𨧛	⿰釒⿱𡭔夭
𨧜	⿰釒邦
𨧝	⿰釒但
𨧞	⿰釒⿺廴卬
𨧟	⿰釒忍
𨧠	⿰釒肝
𨧡	⿰釒君
𨧢	⿰釒别
𨧣	⿰釒壳
𨧤	⿰釒亨
𨧥	⿰釒些
𨧦	⿱陂金
𨧧	⿰釒豖
𨧨	⿰釒芮
𨧩	⿰釒宕
𨧪	⿰釒帚
𨧫	⿰釒事
𨧬	⿰釒妻
𨧭	⿱⿰禾士金
𨧮	⿱弥金
𨧯	⿰釒陁
𨧰	⿰釒乖
𨧱	⿰釒屈
𨧲	⿰釒𣏋
𨧳	⿱制金
𨧴	⿰釒𫨈
𨧵	⿰釒⿱⿶凵又𡈼
𨧶	⿰釒刼
𨧷	⿰釒叔
𨧸	⿱板金
𨧹	⿰釒明
𨧺	⿰釒秉
𨧻	⿰釒弦
𨧼	⿰釒芬
𨧽	⿱社金
𨧾	⿰釒𢺸
𨧿	⿱炏金
𨨀	⿰釒空
𨨁	⿰釒𥤧
𨨂	⿰釒𬎾
𨨃	⿰釒⿱子且
𨨄	⿰釒兩
𨨅	⿰釒或
𨨆	⿰釒𡘆
𨨇	⿰釒⿳十日𠤎
𨨈	⿰釒⿳艹⿰㇇丶又
𨨉	⿰釒⿳艹八𠤎
𨨊	⿰釒⿱日开
𨨋	⿰釒炅
𨨌	⿰釒⿱日𡈼
𨨍	⿰釒⿸虍乃
𨨎	⿰釒邱
𨨏	⿰釒波
𨨐	⿰釒岱
𨨑	⿱和金
𨨒	⿰釒受
𨨓	⿰釒妹
𨨔	⿰釒肩
𨨕	⿰釒参
𨨖	⿱玨金
𨨗	⿱林金
𨨘	⿰釒臤
𨨙	⿰釒⿷匚𢆶
𨨚	⿰釒⿱少火
𨨛	⿰釒和
𨨜	⿰釒乳
𨨝	⿰釒舍
𨨟	⿰釒忩
𨨠	⿰釒匊
𨨡	⿰釒於
𨨢	⿰釒炊
𨨣	⿰釒具
𨨤	⿰釒怯
𨨥	⿰釒罙
𨨦	⿰釒枚
𨨧	⿰釒妾
𨨨	⿰釒征
𨨪	⿰釒制
𨨫	⿰釒采
𨨬	⿱⿰⿱巛万刂金
𨨭	⿰釒⿱艹双
𨨮	⿰釒弥
𨨯	⿰釒奏
𨨰	⿰釒耎
𨨱	⿰釒活
𨨲	⿰釒持
𨨳	⿰釒⿱夂缶
𨨴	⿰釒𥄉
𨨵	⿰釒研
𨨶	⿰釒卸
𨨷	⿰釒突
𨨸	⿰釒䖟
𨨹	⿰釒耷
𨨺	⿱削金
𨨻	⿰釒癹
𨨼	⿱⿰丬全金
𨨽	⿰釒⿰刍攵
𨨾	⿳上𪢴金
𨨿	⿰釒⿳穴𠆢又
𨩀	⿰釒矦
𨩁	⿱⿲？白？金
𨩂	⿱𥝻金
𨩄	⿰釒昱
𨩅	⿰釒洪
𨩆	⿰釒威
𨩇	⿰釒南
𨩈	⿰釒背
𨩉	⿰釒奐
𨩊	⿰釒酋
𨩋	⿰釒胃
𨩌	⿰釒奕
𨩍	⿰釒姜
𨩎	⿰釒亮
𨩏	⿰釒⿱玄牛
𨩐	⿰釒娄
𨩑	⿰釒⿱十㫒
𨩒	⿰釒垚
𨩓	⿱垚金
𨩔	⿰釒述
𨩕	⿱⿰車又金
𨩖	⿰釒苓
𨩗	⿰釒品
𨩘	⿰釒⿸虍子
𨩙	⿰釒盈
𨩚	⿰釒保
𨩛	⿱金星
𨩜	⿰釒䖉
𨩝	⿰釒𫊞
𨩞	⿰釒⿸虍㐄
𨩟	⿰釒峉
𨩠	⿰釒省
𨩡	⿰釒⿱罒歹
𨩢	⿰釒看
𨩣	⿰釒盆
𨩤	⿰釒𦥚
𨩥	⿰釒封
𨩦	⿰釒苟
𨩧	⿰南金
𨩨	⿰釒查
𨩩	⿰釒冒
𨩪	⿰釒⿱山虫
𨩫	⿰釒便
𨩬	⿰釒⿱囟大
𨩭	⿰釒食
𨩮	⿰釒扃
𨩯	⿰釒勉
𨩰	⿰釒㚅
𨩲	⿰釒咨
𨩳	⿰釒⿱䒑全
𨩴	⿰釒穿
𨩵	⿰釒⿱穴反
𨩶	⿰釒冠
𨩷	⿰釒𫨻
𨩸	⿰釒㢲
𨩹	⿱⿶凵又𨥲
𨩺	⿰釒敄
𨩻	⿰釒⿳⿶凵又八夊
𨩼	⿰釒⿳⺊𫜹龰
𨩽	⿰釒虐
𨩾	⿰釒乼
𨩿	⿰釒厚
𨪀	⿰釒某
𨪁	⿰釒要
𨪂	⿰釒㒸
𨪃	⿰釒亭
𨪄	⿱垧金
𨪅	⿱鈹毛
𨪆	⿰釒竒
𨪇	⿰釒⿱世冉
𨪈	⿰釒鬼
𨪉	⿰釒虒
𨪊	⿰釒蚤
𨪋	⿰釒冓
𨪌	⿰釒耆
𨪍	⿰釒娑
𨪎	⿰釒彧
𨪏	⿰釒疾
𨪐	⿰釒𠁁
𨪑	⿰釒剗
𨪒	⿰釒𠳯
𨪓	⿰釒茗
𨪔	⿱牷金
𨪕	⿰釒芻
𨪖	⿵⿻冂⿰王王金
𨪗	⿰釒笍
𨪘	⿰釒⿸厂炎
𨪚	⿰釒軒
𨪛	⿰釒原
𨪜	⿰釒恩
𨪝	⿰釒虔
𨪞	⿰釒𭙡
𨪟	⿰釒𠅖
𨪠	⿰釒𢦷
𨪡	⿰釒⿱㐫比
𨪢	⿰釒羗
𨪣	⿱⿰⿱丶丙攵金
𨪤	⿰釒弱
𨪥	⿰釒珠
𨪦	⿰釒秦
𨪧	⿱⿲木㐅木金
𨪨	⿰釒⿸虍牛
𨪩	⿰釒茶
𨪪	⿰釒荣
𨪫	⿰釒㳫
𨪬	⿰釒⿳⺊乛⿱廿十
𨪭	⿰釒⿸厃⿱儿⿻三丨
𨪮	⿰釒⿱巛肖
𨪯	⿰釒⿰彳⿱䒑之
𨪰	⿰釒埀
𨪱	⿱𰙤金
𨪲	⿰釒⿱⿻土丷田
𨪳	⿰釒䎡
𨪴	⿰釒⿱尤𣅀
𨪵	⿰釒眗
𨪶	⿰釒晏
𨪷	⿰釒骨
𨪸	⿰釒𡸁
𨪹	⿰釒⿺先王
𨪺	⿰釒⿱⿻千从山
𨪻	⿰釒𢍃
𨪼	⿰釒𠂹
𨪽	⿰釒𦤃
𨪾	⿰釒𰲚
𨪿	⿰釒⿱夗由
𨫀	⿰釒展
𨫁	⿰釒⿱癶𪠲
𨫂	⿰釒⿳穴𠆢夕
𨫃	⿰釒宰
𨫄	⿰釒班
𨫅	⿰釒倫
𨫆	⿰釒庭
𨫇	⿰釒朕
𨫈	⿰釒座
𨫉	⿰釒時
𨫊	⿰釒栗
𨫋	⿰釒貢
𨫌	⿰釒晉
𨫎	⿱金𤤴
𨫏	⿰釒率
𨫐	⿰釒窒
𨫑	⿰釒患
𨫒	⿰釒屚
𨫓	⿰釒戜
𨫔	⿱埶金
𨫕	⿰釒𡨥
𨫖	⿰釒偒
𨫗	⿰釒𮫬
𨫘	⿰釒⿱吅𠙻
𨫙	⿰釒⿳𠂉吕夊
𨫚	⿰釒⿳亠吕干
𨫛	⿰釒䂮
𨫜	⿰釒⿳木日小
𨫞	⿰釒匙
𨫟	⿰釒梁
𨫠	⿰釒雀
𨫡	⿰釒健
𨫢	⿰釒商
𨫣	⿱球金
𨫥	⿱將金
𨫦	⿱⿰𢆎⿻九丶金
𨫧	⿰釒習
𨫨	⿰釒𤈿
𨫩	⿰釒速
𨫪	⿰釒𦰩
𨫫	⿰釒頃
𨫬	⿰釒乾
𨫭	⿰釒陵
𨫮	⿰釒貮
𨫯	⿰釒蛇
𨫰	⿰釒⿱吅央
𨫱	⿰釒莑
𨫲	⿰釒莊
𨫳	⿰釒荾
𨫴	⿰釒⿸虍号
𨫵	⿰釒國
𨫶	⿰釒⿸⿸⿰丿⿱⺊⺂七⿱匕目
𨫷	⿰釒魚
𨫸	⿰釒盒
𨫹	⿱㻎金
𨫺	⿰釒𪎊
𨫻	⿰釒推
𨫼	⿰釒敖
𨫽	⿰釒莘
𨫾	⿰釒敕
𨫿	⿰釒盔
𨬀	⿰釒𠁅
𨬁	⿲釒𱜢⿻升丶
𨬂	⿰釒⿱𬉸心
𨬃	⿰釒窓
𨬄	⿰釒𡨼
𨬅	⿰釒𣂞
𨬆	⿰釒雩
𨬇	⿳亠⿰圭丸金
𨬈	⿰釒麻
𨬉	⿰釒堆
𨬊	⿰釒教
𨬋	⿰釒冕
𨬌	⿰釒崑
𨬍	⿰釒隋
𨬎	⿰釒筒
𨬏	⿰釒棃
𨬐	⿸厥金
𨬑	⿸厤金
𨬒	⿰釒敢
𨬓	⿰釒越
𨬔	⿰釒閏
𨬕	⿰釒⿱古幸
𨬖	⿰釒孱
𨬗	⿰釒須
𨬘	⿰釒𦯧
𨬙	⿰釒啻
𨬚	⿰釒黹
𨬛	⿳艹沝金
𨬜	⿰釒厦
𨬝	⿱𡎐金
𨬞	⿰釒爲
𨬟	⿰釒辜
𨬠	⿰釒𢽠
𨬡	⿰釒渠
𨬢	⿰釒羡
𨬣	⿰釒着
𨬤	⿰釒𪸿
𨬥	⿰釒覚
𨬦	⿰釒⿳亠㐅⿸厂⿱七手
𨬧	⿰釒⿱㐭⿴𠀃丨
𨬨	⿰釒⿳𠫓冖牟
𨬩	⿰釒琴
𨬪	⿳廿⿴北口金
𨬫	⿰釒凱
𨬬	⿰釒富
𨬭	⿰釒⿱业⿶凵𢆉
𨬮	⿱㮊金
𨬯	⿰釒犀
𨬰	⿰釒項
𨬱	⿰釒⿱品亏
𨬲	⿰釒⿸虍羊
𨬳	⿰釒⿸虎手
𨬴	⿰釒⿳⿱⺊冖一⿱八目
𨬵	⿰釒⿱日幸
𨬶	⿰釒萑
𨬷	⿰釒⿸虍𠯂
𨬸	⿰釒𦊽
𨬹	⿰釒⿳㇒罒𫡑
𨬺	⿰釒⿱隹內
𨬻	⿰釒等
𨬼	⿰釒𥭅
𨬽	⿱鄉金
𨬾	⿰釒筆
𨬿	⿰釒臷
𨭀	⿰釒⿳一⿴⿰丨丨𠄠⿵冂𢆉
𨭁	⿰釒⿱𡗜𱥯
𨭂	⿰釒⿻丅⿱冖𠈌
𨭃	⿰釒牚
𨭄	⿰釒⿳⿻甲艹一八
𨭅	⿰釒⿱山⿳亠厶冉
𨭆	⿰釒黑
𨭇	⿰釒𡍮
𨭈	⿰釒⿰犭苖
𨭉	⿱斌金
𨭊	⿰釒焭
𨭋	⿰釒⿱宀⿳一血丁
𨭌	⿰釒彭
𨭍	⿰釒悲
𨭎	⿰釒喜
𨭏	⿰釒腔
𨭐	⿰釒單
𨭑	⿱統金
𨭒	⿱金腔
𨭓	⿰釒⿹𢦏吉
𨭔	⿱絲金
𨭕	⿰釒豋
𨭖	⿰釒亶
𨭗	⿰釒會
𨭘	⿰釒黽
𨭙	⿰釒⿱𡨄巳
𨭚	⿰釒剽
𨭛	⿰釒葛
𨭜	⿰釒㬅
𨭝	⿰釒煞
𨭞	⿱吂⿲月金凡
𨭟	⿰釒⿹戈𱪲
𨭠	⿰釒靳
𨭡	⿰釒滔
𨭢	⿲釒⿱立⺼犬
𨭣	⿰釒楚
𨭤	⿰釒⿸？舛
𨭥	⿰釒業
𨭦	⿰釒圓
𨭧	⿱宀𲇖
𨭨	⿰釒慈
𨭩	⿰釒新
𨭪	⿰釒道
𨭫	⿰釒𨕂
𨭬	⿰釒萬
𨭭	⿰釒零
𨭮	⿰釒盞
𨭯	⿲釒⿱廿呈力
𨭰	⿰釒聖
𨭱	⿰釒⿹𢦏里
𨭲	⿰釒⿸⿸⿰丿⿱⺊⺂七星
𨭳	⿰釒⿱串同
𨭴	⿰釒⿸虍𠰅
𨭵	⿰釒⿱罒取
𨭶	⿰釒𩶷
𨭷	⿰釒鳯
𨭸	⿰釒鼓
𨭹	⿰釒献
𨭺	⿰釒禁
𨭻	⿱⿰求全金
𨭼	⿰釒𤊽
𨭽	⿰釒𡻎
𨭾	⿰釒⿱臼⿵𠘨氺
𨭿	⿰釒鼠
𨮀	⿰釒⿱隹石
𨮁	⿰釒粤
𨮂	⿰釒解
𨮃	⿰釒𠨣
𨮄	⿰釒⿱宀兼
𨮅	⿰釒翜
𨮆	⿳⿴𦥑同一金
𨮇	⿰釒葻
𨮈	⿰釒歆
𨮉	⿰釒群
𨮊	⿰釒斟
𨮋	⿰釒愈
𨮌	⿰釒預
𨮍	⿰釒稟
𨮎	⿰釒落
𨮏	⿰釒粲
𨮐	⿰釒遁
𨮑	⿰釒催
𨮒	⿰釒夢
𨮓	⿰釒僕
𨮔	⿰釒與
𨮕	⿰釒斲
𨮖	⿱與金
𨮗	⿰釒虡
𨮘	⿰釒賔
𨮙	⿰釒豪
𨮚	⿰釒⿳耂𠃬口
𨮛	⿰釒廖
𨮜	⿱漸金
𨮝	⿱對金
𨮞	⿰釒塵
𨮟	⿰釒漢
𨮠	⿺光⿱金明
𨮡	⿰釒⿸虍𭔫
𨮢	⿰釒圖
𨮣	⿰釒⿸虍⿱罒亍
𨮤	⿰釒蒼
𨮥	⿰釒蓉
𨮦	⿰釒⿸虍彔
𨮧	⿰釒舞
𨮨	⿰釒綿
𨮩	⿰釒⿱耂⿹⿻弓⿱？匚口
𨮪	⿱爾金
𨮫	⿰釒輕
𨮬	⿰鏢寸
𨮭	⿰釒厮
𨮮	⿰釒𮧊
𨮯	⿰釒𢧤
𨮰	⿰釒算
𨮱	⿰釒箇
𨮲	⿳亠⿰垚丸金
𨮳	⿰釒熊
𨮴	⿰釒𭀭
𨮵	⿰釒蒙
𨮶	⿰釒漂
𨮷	⿰釒⿱止⿻丄𠈌
𨮸	⿰釒劉
𨮹	⿰釒適
𨮺	⿰釒𥡞
𨮻	⿰釒廛
𨮼	⿰釒箴
𨮽	⿰釒⿺麥少
𨮾	⿰釒𡔽
𨮿	⿰釒箸
𨯀	⿰釒稽
𨯂	⿰釒震
𨯃	⿰釒數
𨯄	⿰釒𲎋
𨯅	⿰釒厲
𨯆	⿰釒⿸⿱𦍌丿昔
𨯇	⿰釒犘
𨯈	⿰釒寮
𨯉	⿰釒輦
𨯊	⿰釒霆
𨯋	⿰釒敷
𨯌	⿰釒蓮
𨯍	⿱⿰𰱃攵金
𨯎	⿱欽雪
𨯏	⿰釒㽓
𨯐	⿰釒⿱𦧚土
𨯑	⿰釒億
𨯒	⿰釒韯
𨯓	⿰釒蔡
𨯔	⿱畾金
𨯕	⿰釒靠
𨯖	⿰釒𤕨
𨯗	⿰釒瑩
𨯘	⿰釒儉
𨯙	⿰釒慶
𨯚	⿰釒慧
𨯛	⿰釒蔭
𨯜	⿱⿱⿴𦥑同冖金
𨯝	⿰釒隨
𨯞	⿱彊金
𨯟	⿰釒霍
𨯠	⿰釒瞢
𨯡	⿰釒⿱𠆢爾
𨯢	⿰釒𦎧
𨯣	⿰釒禦
𨯤	⿰釒嬴
𨯥	⿰釒篦
𨯦	⿰釒親
𨯧	⿰釒燕
𨯨	⿰釒熹
𨯩	⿰釒㬱
𨯪	⿰釒翰
𨯫	⿰釒蕚
𨯬	⿰釒圜
𨯭	⿰釒選
𨯮	⿰釒曅
𨯰	⿰釒學
𨯱	⿲釒𮫙戈
𨯲	⿰釒頭
𨯳	⿱⿰凿殳金
𨯴	⿰釒⿱罒𧯞
𨯵	⿰釒興
𨯶	⿰釒憲
𨯷	⿰釒䔲
𨯸	⿰釒頹
𨯹	⿰釒篤
𨯺	⿰釒⿳⿴𦥑同一火
𨯻	⿰釒霝
𨯼	⿰釒𧇽
𨯽	⿰釒篱
𨯾	⿰釒舉
𨯿	⿰釒鍳
𨰀	⿰釒𫏼
𨰁	⿰釒⿱山𨾴
𨰂	⿰釒薦
𨰃	⿰釒嬰
𨰄	⿰釒還
𨰅	⿰釒⿸鹿⿱比匕
𨰆	⿰釒⿳穴瓜㼌
𨰇	⿰釒歛
𨰈	⿰釒擎
𨰉	⿰釒𣃍
𨰊	⿰釒䇔
𨰋	⿰釒禮
𨰌	⿱鞫金
𨰍	⿰釒蟲
𨰎	⿰釒闐
𨰏	⿰釒闒
𨰐	⿰釒𤐫
𨰑	⿰釒藋
𨰒	⿰齒⿱口金
𨰓	⿰釒𥳑
𨰔	⿰釒⿱宀⿳⿻口⿰丨丨合灬
𨰕	⿰釒⿻韯口
𨰖	⿰釒燹
𨰗	⿰釒藍
𨰘	⿰釒豐
𨰙	⿰釒𧑿
𨰚	⿰釒雙
𨰛	⿰釒⿱业⿻丨⿱八⿵冂㸚
𨰜	⿰釒爵
𨰝	⿰釒簡
𨰞	⿰釒靡
𨰟	⿰釒羆
𨰠	⿰釒羸
𨰡	⿰釒璽
𨰢	⿱𫠙金
𨰣	⿰釒麗
𨰤	⿰釒藥
𨰥	⿰釒類
𨰦	⿰釒寳
𨰧	⿰釒寵
𨰨	⿰釒⿱興火
𨰩	⿱⿰𦎧攵金
𨰪	⿰釒釋
𨰫	⿰釒嚴
𨰬	⿰釒騫
𨰭	⿰釒纂
𨰮	⿰釒𣀦
𨰯	⿰𦎧⿱攴金
𨰰	⿰釒寶
𨰱	⿳水⿲水白水金
𨰲	⿰釒覽
𨰳	⿰釒𪉷
𨰴	⿰釒曩
𨰵	⿱轟金
𨰶	⿰釒⿱⿰臣⿱⺈田金
𨰷	⿰釒⿱⿱⿴𦥑同冖貝
𨰸	⿰釒䜟
𨰹	⿰釒鑒
𨰺	⿰釒變
𨰻	⿱鍂鍂
𨰼	⿰釒鑾
𨰽	⿰釒鸞
𨰾	⿰钅马
𨰿	⿰钅乞
𨱀	⿰钅互
𨱁	⿰钅殳
𨱂	⿰钅化
𨱃	⿰钅瓜
𨱄	⿰钅出
𨱅	⿰钅㐱
𨱆	⿰钅戊
𨱇	⿰钅求
𨱈	⿰钅束
𨱉	⿰钅京
𨱊	⿰钅屈
𨱋	⿰钅夌
𨱌	⿰钅贯
𨱍	⿰钅郎
𨱎	⿰钅俞
𨱏	⿰钅荅
𨱐	⿰钅屚
𨱑	⿰钅黄
𨱒	⿰钅欶
𨱓	⿰钅焦
𨱔	⿰钅尊
𨱕	⿰钅解
𨱖	⿰钅微
𨱗	⿳⿸？人一？
𨱘	⿳⿸？丷一八
𨱙	⿰镸几
𨱚	⿰镸殳
𨱛	⿰镸公
𨱜	⿰镸支
𨱝	⿰镸攵
𨱞	⿰镸毛
𨱟	⿰镸欠
𨱠	⿰镸月
𨱡	⿰镸氏
𨱢	⿰镸予
𨱣	⿰镸㕛
𨱤	⿰镸冗
𨱥	⿱不長
𨱦	⿰镸出
𨱧	⿰镸幼
𨱨	⿰镸矛
𨱩	⿰镸叐
𨱪	⿰長丹
𨱫	⿰镸甘
𨱬	⿰镸占
𨱭	⿰镸号
𨱮	⿰镸𪠲
𨱯	⿰镸尒
𨱰	⿰镸弗
𨱱	⿰镸母
𨱲	⿰镸此
𨱳	⿰镸⿱㇒犮
𨱴	⿰镸各
𨱵	⿰镸兆
𨱶	⿰镸𡉵
𨱷	⿰镸⿱壬儿
𨱸	⿰镸⿻冄⿰丨丨
𨱹	⿰镸⿱八支
𨱺	⿰镸⿱士廾
𨱻	⿰镸吉
𨱼	⿱死長
𨱽	⿰長曳
𨱾	⿰長夷
𨱿	⿰镸戎
𨲀	⿰镸弄
𨲁	⿰镸⿱夭小
𨲂	⿰镸赤
𨲃	⿰镸呆
𨲄	⿰镸⿳厶𡭔又
𨲅	⿰長忍
𨲆	⿰镸肖
𨲇	⿰镸宗
𨲈	⿰镸隹
𨲉	⿰镸垂
𨲊	⿰镸岸
𨲋	⿰镸卑
𨲌	⿰镸争
𨲍	⿰長長
𨲎	⿰镸易
𨲏	⿰镸卷
𨲐	⿰镸⿱夂丕
𨲑	⿰镸⿱𠬛云
𨲒	⿰镸录
𨲓	⿰镸省
𨲔	⿰镸㚇
𨲕	⿰镸⿱左⺝
𨲖	⿰禺長
𨲗	⿰壴長
𨲘	⿰镸者
𨲙	⿰镸頁
𨲚	⿰镸⿱禾壬
𨲛	⿰镸首
𨲜	⿰镸扁
𨲝	⿰镸𣭁
𨲞	⿰镸剔
𨲟	⿰镸容
𨲠	⿰镸差
𨲡	⿰镸笄
𨲢	⿰镸⿱𠙻主
𨲣	⿱⿰镸𠙻主
𨲤	⿰镸耆
𨲥	⿰镸⿳八田牛
𨲦	⿰镸𣆟
𨲧	⿰镸從
𨲨	⿰镸産
𨲩	⿰镸曼
𨲪	⿰镸責
𨲫	⿰镸逢
𨲬	⿰镸𭄶
𨲭	⿰镸喬
𨲮	⿰镸勞
𨲯	⿰镸曾
𨲰	⿰镸⿱毛朋
𨲱	⿰镸叅
𨲲	⿰镸⿱山曷
𨲳	⿰镸農
𨲴	⿰镸萬
𨲵	⿰镸亶
𨲶	⿰镸𢾕
𨲷	⿰長亶
𨲸	⿰镸寧
𨲹	⿰镸截
𨲺	⿰镸賓
𨲻	⿰镸⿱𠂹⿸厂工
𨲼	⿰镸𤕨
𨲽	⿰镸賛
𨲾	⿰镸臱
𨲿	⿰镸⿱夂貴
𨳀	⿰镸褭
𨳁	⿰镸龍
𨳂	⿰镸毚
𨳃	⿰镸襄
𨳄	⿰镸贊
𨳅	⿰镸竉
𨳆	⿰镸囊
𨳇	⿰⿱一㇯𠁣一⿱一㇯𠃛一
𨳈	⿰𠃛𠁣
𨳉	⿵門乀
𨳊	⿵門九
𨳋	⿵門几
𨳌	⿱𠄟門
𨳍	⿵門七
𨳎	⿵門二
𨳏	⿱二門
𨳐	⿵門女
𨳑	⿵門亡
𨳒	⿵門小
𨳓	⿵門大
𨳔	⿱三門
𨳕	⿵門子
𨳖	⿵門巛
𨳗	⿵門公
𨳘	⿵門屯
𨳙	⿵門内
𨳚	⿵門分
𨳛	⿵門及
𨳜	⿵門斤
𨳝	⿵門壬
𨳞	⿵門丑
𨳟	⿵門収
𨳠	⿵門冈
𨳡	⿵門卝
𨳢	⿵門仆
𨳣	⿵門兮
𨳤	⿵門弔
𨳥	⿵門⿰？？
𨳦	⿵門双
𨳧	⿵門友
𨳨	⿵門天
𨳩	⿵門井
𨳪	⿵門帀
𨳫	⿵門不
𨳬	⿵門尹
𨳭	⿵門片
𨳮	⿵門戈
𨳯	⿵門牛
𨳰	⿵門午
𨳱	⿰午門
𨳲	⿵門卞
𨳳	⿵門主
𨳴	⿵門尔
𨳵	⿵門丙
𨳶	⿵門民
𨳷	⿵門它
𨳸	⿵門田
𨳹	⿵門丱
𨳺	⿵門失
𨳻	⿵門宂
𨳼	⿵門甘
𨳽	⿵門巨
𨳾	⿵門右
𨳿	⿵門外
𨴀	⿵門冋
𨴁	⿵門申
𨴂	⿵門⿱一开
𨴃	⿵門乍
𨴄	⿵門⿻日乚
𨴅	⿵門卯
𨴆	⿵門打
𨴇	⿵門⿳一⺌一
𨴈	⿵門丕
𨴉	⿵門⿰⿱一丩又
𨴊	⿵門矢
𨴋	⿵門玄
𨴌	⿵門⿱厶𫜹
𨴍	⿵門牟
𨴎	⿵門而
𨴏	⿵門同
𨴑	⿵門匡
𨴒	⿵門㓞
𨴓	⿵門危
𨴔	⿵門艸
𨴕	⿵門⿻𦉫𠄠
𨴖	⿵門乑
𨴗	⿵門至
𨴘	⿵門⿱厶丑
𨴙	⿱二焛
𨴚	⿱开門
𨴛	⿵門老
𨴜	⿵門有
𨴝	⿵門早
𨴞	⿵門年
𨴟	⿵門⿲亻亻亻
𨴠	⿵門行
𨴡	⿵門兆
𨴢	⿵門多
𨴣	⿵門安
𨴤	⿵門汒
𨴥	⿵門宅
𨴦	⿰⿱又丰門
𨴧	⿵門𠇗
𨴨	⿵門束
𨴩	⿵門余
𨴪	⿵門甫
𨴫	⿵門孚
𨴬	⿵門告
𨴭	⿵門甬
𨴮	⿵門⿱䒑心
𨴯	⿵門豕
𨴰	⿵門作
𨴱	⿵門矣
𨴲	⿵門辛
𨴳	⿵門⿰亻⿸𠂆？
𨴴	⿵門兵
𨴵	⿵門宏
𨴶	⿵門𰠿
𨴷	⿵門秀
𨴸	⿵門形
𨴹	⿵門孝
𨴺	⿵門村
𨴻	⿵門里
𨴼	⿵門見
𨴽	⿵門𢗀
𨴾	⿵門别
𨴿	⿵門佉
𨵀	⿵門但
𨵁	⿵門伯
𨵂	⿵門帋
𨵃	⿵門免
𨵄	⿵門完
𨵅	⿵門何
𨵆	⿵門系
𨵇	⿵門𫰑
𨵈	⿵門非
𨵉	⿵門幸
𨵊	⿵門戔
𨵋	⿵門委
𨵌	⿵門阿
𨵍	⿵門沾
𨵎	⿵門竒
𨵏	⿵門㝵
𨵐	⿵門股
𨵑	⿵門⿰⿱一䶹⿱一屮
𨵒	⿵門昇
𨵓	⿵門⿰中中
𨵔	⿵門治
𨵕	⿵門𧈡
𨵖	⿵門忠
𨵗	⿵門卦
𨵘	⿵門虎
𨵙	⿵門具
𨵚	⿵門果
𨵛	⿵門明
𨵜	⿵門黾
𨵝	⿵門沓
𨵞	⿵門乖
𨵟	⿵門服
𨵠	⿵門屆
𨵡	⿵門屈
𨵢	⿵門𰥍
𨵣	⿱𭁈門
𨵤	⿵門奇
𨵥	⿵門省
𨵦	⿵門俞
𨵧	⿵門咼
𨵨	⿵門洫
𨵩	⿵門畐
𨵪	⿵門頁
𨵫	⿵門若
𨵬	⿵門限
𨵭	⿵門建
𨵮	⿵門重
𨵯	⿵門⿱龶皿
𨵰	⿵門⿱下⿰下下
𨵲	⿵門𱲋
𨵳	⿵門枼
𨵴	⿵門南
𨵵	⿵門盇
𨵶	⿵門昜
𨵷	⿵門昷
𨵸	⿵門便
𨵹	⿵門舁
𨵺	⿵門係
𨵻	⿵門𱬹
𨵼	⿵門𠁭
𨵽	⿵門昬
𨵾	⿵門𮧯
𨵿	⿵門𢇂
𨶀	⿵門荅
𨶁	⿵門晏
𨶂	⿵門益
𨶃	⿵門託
𨶄	⿱二閵
𨶅	⿵門羔
𨶆	⿵門倉
𨶇	⿵門烏
𨶈	⿵門唐
𨶉	⿵門孫
𨶊	⿱倠門
𨶋	⿵門𥙊
𨶌	⿵門迷
𨶍	⿵門𭥴
𨶎	⿵門員
𨶏	⿵門缺
𨶐	⿵門适
𨶑	⿵門臭
𨶒	⿵門舀
𨶓	⿰杀閑
𨶔	⿵門⿰羊𠬝
𨶕	⿵門𭭋
𨶖	⿵門𣴠
𨶗	⿵門浪
𨶘	⿵門𢁅
𨶙	⿵門能
𨶚	⿵門𢇅
𨶛	⿵門貢
𨶜	⿵門㪷
𨶝	⿵門孰
𨶞	⿵門𣪏
𨶟	⿵門⿱羽⿱𠆢𫜹
𨶠	⿵門鳥
𨶡	⿵門悥
𨶢	⿵門魚
𨶣	⿵門𮔀
𨶤	⿵門章
𨶥	⿵門⿱𢏈大
𨶦	⿵門欵
𨶧	⿵門𭦌
𨶨	⿵門側
𨶩	⿵門盖
𨶪	⿵門翏
𨶫	⿵門祭
𨶬	⿵門畫
𨶭	⿵門無
𨶮	⿵門壹
𨶯	⿵門黑
𨶰	⿵門黄
𨶱	⿵門華
𨶲	⿵門焦
𨶳	⿵門視
𨶴	⿵門𡍸
𨶵	⿵門鄄
𨶶	⿵門奢
𨶷	⿵門巽
𨶸	⿵門番
𨶹	⿵門絲
𨶺	⿵門淼
𨶻	⿵門童
𨶼	⿱⿶凵⿱亠丷閤
𨶽	⿰居閏
𨶾	⿵門⿱⿹弓⿴囗夊土
𨶿	⿵門登
𨷀	⿵門絡
𨷁	⿵門堯
𨷂	⿵門報
𨷃	⿵門遂
𨷄	⿵門暏
𨷅	⿵門⿱？𡉀
𨷆	⿵門䪞
𨷇	⿵門温
𨷈	⿵門萬
𨷉	⿵門⿰氵⿷色日
𨷊	⿵門⿱弱大
𨷋	⿵門微
𨷌	⿵門⿱角虫
𨷍	⿵門⿷⿹⿻𠮥乚𰀄𫜹
𨷎	⿰奓閏
𨷏	⿵門雷
𨷐	⿵門煴
𨷑	⿰美開
𨷒	⿵門𡺳
𨷓	⿵門廌
𨷔	⿵門熏
𨷕	⿵門毁
𨷖	⿵門斲
𨷗	⿵門⿱嗇一
𨷘	⿵門需
𨷙	⿵門塾
𨷚	⿵門賔
𨷛	⿵門蜜
𨷜	⿵門馼
𨷝	⿰聞𭥖
𨷞	⿵門疑
𨷟	⿵門𬹝
𨷠	⿵門廛
𨷡	⿵門韯
𨷢	⿵門⿱豕炏
𨷣	⿵門徵
𨷤	⿵門瞏
𨷥	⿵門⿱失𰋣
𨷦	⿵門歷
𨷧	⿵門靜
𨷨	⿵門冀
𨷩	⿵門頭
𨷪	⿵門䝿
𨷫	⿱錐門
𨷬	⿵門⿱𠆢爾
𨷭	⿵門⿸广⿱？𡉀
𨷮	⿱門⿰門門
𨷯	⿵門舉
𨷰	⿵門霝
𨷱	⿵門繇
𨷲	⿵門龠
𨷳	⿵門薦
𨷴	⿵門𧪬
𨷵	⿵門斵
𨷶	⿰舉門
𨷷	⿵門蟲
𨷸	⿵門䌛
𨷹	⿵門燹
𨷺	⿵門龜
𨷼	⿵門⿱豕豩
𨷽	⿵門鹽
𨷾	⿱⿰門門⿰門門
𨷿	⿵门乡
𨸀	⿵门子
𨸁	⿵门亡
𨸂	⿵门方
𨸃	⿵门毛
𨸄	⿵门艮
𨸅	⿵门至
𨸆	⿵门畐
𨸇	⿵门便
𨸈	⿵门⿻兰大
𨸉	⿵门荅
𨸊	⿵门缺
𨸋	⿵门焦
𨸌	⿵门壹
𨸍	⿰及阖
𨸎	⿵门龠
𨸏	⿱㇒⿰丨⿳？？？
𨸐	⿰阝乃
𨸑	⿰阝丂
𨸒	⿰阝九
𨸓	⿰阝刀
𨸔	⿰阝几
𨸕	⿰阝又
𨸖	⿰阝工
𨸗	⿰阝干
𨸘	⿰阝广
𨸙	⿰阝阝
𨸚	⿰阝及
𨸛	⿰阝气
𨸜	⿰阝殳
𨸝	⿰阝氏
𨸞	⿰阝𢆰
𨸠	⿰阝支
𨸡	⿰阝牛
𨸢	⿰阝斤
𨸣	⿰阝分
𨸤	⿰阝勽
𨸥	⿰𨸏井
𨸦	⿰阝开
𨸧	⿰阝互
𨸨	⿰阝冄
𨸩	⿰阝攵
𨸪	⿰阝圥
𨸫	⿰阝玄
𨸬	⿰阝申
𨸭	⿰阝叵
𨸮	⿰阝㕣
𨸯	⿰阝瓜
𨸰	⿰阝尻
𨸱	⿰阝冉
𨸲	⿰阝市
𨸳	⿰阝孕
𨸴	⿰阝⿻币一
𨸵	⿰阝⿳宀一乙
𨸷	⿰𨸏戹
𨸸	⿰阝𠙹
𨸹	⿰阝丕
𨸺	⿰阝甲
𨸻	⿰阝⿱夂厶
𨸼	⿰阝必
𨸽	⿰阝⿱弋又
𨸾	⿰阝北
𨸿	⿰𨸏丕
𨹀	⿰阝此
𨹁	⿰阝虫
𨹂	⿰阝光
𨹃	⿰阝朶
𨹄	⿰阝朵
𨹅	⿰阝𠂤
𨹆	⿰阝䏍
𨹇	⿰𨸏戍
𨹈	⿰阝𤆅
𨹉	⿰阝氽
𨹊	⿰阝⿱𠆢从
𨹋	⿰阝⿹勹王
𨹌	⿰阝肉
𨹍	⿰阝交
𨹎	⿰阝㫐
𨹏	⿰阝宅
𨹐	⿰阝⿹勹𣄼
𨹑	⿰阝全
𨹒	⿰阝戍
𨹓	⿰阝𢁙
𨹔	⿰阝色
𨹕	⿰阝⿱宀巳
𨹖	⿰阝𢨩
𨹗	⿰阝并
𨹘	⿰阝序
𨹙	⿰阝吞
𨹚	⿰阝成
𨹛	⿰阝⿱方土
𨹜	⿰阝豆
𨹝	⿰阝邑
𨹞	⿰阝⿱大日
𨹟	⿰阝㔷
𨹠	⿰阝⿱夂厷
𨹡	⿰阝⿳又九土
𨹢	⿰阝⿳一𭕄工
𨹣	⿰阝㞎
𨹤	⿰阝䖝
𨹥	⿰阝弟
𨹦	⿰阝呆
𨹧	⿰阝麦
𨹨	⿰阝𥃩
𨹩	⿰阝⿱𠆢⿱一夫
𨹪	⿰阝兑
𨹫	⿰阝坐
𨹬	⿰阝呂
𨹭	⿰阝否
𨹮	⿰阝赤
𨹯	⿰阝⿱艹亐
𨹰	⿰阝囬
𨹱	⿱阩千
𨹲	⿰阝㣊
𨹳	⿰阝秀
𨹴	⿰阝孚
𨹵	⿰阝卷
𨹶	⿰阝亝
𨹷	⿰阝妻
𨹸	⿰阝⿱召土
𨹹	⿰阝朋
𨹺	⿰阝阜
𨹻	⿰阝典
𨹼	⿰阝枈
𨹽	⿰阝岡
𨹾	⿰阝炙
𨹿	⿰阝⿱各二
𨺀	⿰𠂤𠀭
𨺁	⿰阝果
𨺂	⿰阝函
𨺃	⿰阝⿹勹吉
𨺄	⿰阝㸒
𨺅	⿰𨸏⿾𨸏
𨺆	⿰阝𰥍
𨺇	⿰阝疌
𨺈	⿰阝𡘆
𨺊	⿰阝⿳⿱亠⿰丨丨冖丁
𨺋	⿰阝宛
𨺌	⿰阝其
𨺍	⿰阝奄
𨺎	⿰阝⿳十日又
𨺏	⿰阝叔
𨺐	⿰阝⿱日⿱冖丅
𨺑	⿰阝卓
𨺒	⿰阝昇
𨺓	⿰阝⿱夂生
𨺔	⿰阜帚
𨺕	⿰阝⿱𡗜弓
𨺖	⿰阝⿱尤尤
𨺗	⿰阝歨
𨺘	⿰阝⿺廴𬼉
𨺙	⿰阝兒
𨺚	⿰阝⿱夂𠙻
𨺛	⿰阝⿱夂正
𨺜	⿰阝帚
𨺝	⿰阝叕
𨺞	⿰阝⿶凵夹
𨺟	⿰阝貞
𨺠	⿰阝盾
𨺡	⿰阝㚇
𨺢	⿰阝風
𨺣	⿰阝段
𨺤	⿰阝畐
𨺥	⿰阝兗
𨺦	⿰阝叜
𨺧	⿰阝酋
𨺨	⿰阝咢
𨺩	⿰阝建
𨺪	⿰阝𡸁
𨺫	⿱臾𨸏
𨺬	⿰阝界
𨺭	⿰阝⿱⿻千从凵
𨺮	⿰阝⿱厶麦
𨺯	⿰阝思
𨺰	⿰阝美
𨺱	⿰阝亭
𨺲	⿰阝禹
𨺳	⿰阝勇
𨺴	⿰阝⿳𠆢丶至
𨺵	⿰𨸏㒸
𨺶	⿰阝⿱⿻十从夊
𨺷	⿰阝𣅻
𨺸	⿰阝昴
𨺹	⿰阝秋
𨺺	⿰阝臾
𨺻	⿰阝𱬹
𨺼	⿰阝⿱夂⿻正一
𨺽	⿰阝叚
𨺾	⿰阝⿱爫正
𨺿	⿰阝⿱耳女
𨻀	⿰阝𣬉
𨻁	⿰阝息
𨻂	⿰阝晏
𨻃	⿰阝匪
𨻄	⿰阝臬
𨻅	⿰阝⿱夋山
𨻆	⿰阝虒
𨻇	⿰阝荅
𨻈	⿰阝𧴪
𨻉	⿰阝𠁁
𨻊	⿰阝𱖪
𨻋	⿰阝𡌥
𨻌	⿰阝𠂹
𨻍	⿰阝祟
𨻎	⿰阝⿳山六夊
𨻏	⿰𨸏𱖪
𨻐	⿰阝⿱豕土
𨻑	⿰阜烏
𨻒	⿰阝烕
𨻓	⿰阝⿱㐬口
𨻔	⿰阝⿱会⺝
𨻕	⿰阝斊
𨻖	⿰阝敉
𨻗	⿰阝桑
𨻘	⿰阝⿱比共
𨻙	⿰阝晃
𨻚	⿰阝𡘤
𨻛	⿰阝⿳一⿴⿰丨丨𠄠冋
𨻜	⿰阝⿱廿⿻口土
𨻝	⿰阝套
𨻞	⿰阝⿱田㕣
𨻟	⿰阝⿱口辰
𨻠	⿰阝⿱目冋
𨻡	⿰阝追
𨻢	⿰阝䎡
𨻣	⿰阝原
𨻤	⿰阝⿱夾女
𨻥	⿰阝㫫
𨻦	⿰阝⿱⿵夂一虫
𨻧	⿰阝留
𨻨	⿰阝𧴲
𨻩	⿰阝⿱巛⿱日小
𨻪	⿰𨸏⿳山六夊
𨻬	⿰阝臭
𨻭	⿰阝⿱𰀄豆
𨻮	⿰阝⿺完攵
𨻯	⿰阝⿱？⿱口䒑
𨻰	⿰阝⿻木臼
𨻱	⿰阝崩
𨻲	⿰阝虖
𨻳	⿰阝焉
𨻴	⿰阝窖
𨻵	⿰阝崔
𨻶	⿰阝𡭽
𨻷	⿰阝康
𨻸	⿰阝習
𨻹	⿰阝盖
𨻺	⿰阝頃
𨻻	⿰阝婁
𨻼	⿰阝𡌦
𨻽	⿰阝累
𨻾	⿰阝𠦬
𨻿	⿰𨸏習
𨼀	⿰阝牽
𨼁	⿰阝堃
𨼂	⿰阝基
𨼃	⿰阝乾
𨼄	⿰阝⿱比告
𨼅	⿰阝崟
𨼆	⿰阝𭜳
𨼇	⿰阝⿱夅生
𨼈	⿰阝𥥭
𨼉	⿰阝⿱羽肊
𨼊	⿰阝無
𨼋	⿰阝虚
𨼌	⿰阝欽
𨼍	⿰阝臯
𨼎	⿰阝絶
𨼏	⿰阝𦓔
𨼐	⿰阝朁
𨼑	⿰阝屠
𨼒	⿰阝單
𨼓	⿰阝智
𨼔	⿰阝尋
𨼕	⿰𨸏⿰彳⿱左⺝
𨼖	⿰阝𦜳
𨼗	⿰阝晶
𨼘	⿰阝⿱？𠘬
𨼙	⿰阝𦯧
𨼚	⿰阝悲
𨼛	⿰阝⿱⿳亠⿴⿰丨丨𠄠㓁丁
𨼜	⿰阝⿳艹夊生
𨼝	⿰阝閑
𨼞	⿰阝萄
𨼟	⿰阝⿱⿵𰃦釆丂
𨼠	⿰阝番
𨼡	⿰阝⿱直⿰九九
𨼢	⿰阝堶
𨼣	⿰阝⿱甘罕
𨼤	⿰陳欠
𨼥	⿰阝最
𨼦	⿰阝𡍮
𨼧	⿰阝⿸厃⿱八𢀛
𨼨	⿰阝𢁆
𨼩	⿰阝喜
𨼪	⿰阝楚
𨼫	⿰阝豦
𨼬	⿰阝解
𨼭	⿰阝⿱𡨄巳
𨼮	⿰阝詹
𨼯	⿰阝貇
𨼰	⿰阝⿳左左土
𨼱	⿴𨺅夬
𨼳	⿰阝聖
𨼴	⿰阝當
𨼵	⿰阝筶
𨼶	⿰阝⿳⿵𠆢一吅心
𨼷	⿰阝豊
𨼸	⿰阝睪
𨼹	⿰阝筮
𨼺	⿰阝⿱米⿰夕⿰丨三
𨼻	⿰阝⿱？女
𨼼	⿱阿乳
𨼽	⿰𠂤豦
𨼾	⿱隊灬
𨼿	⿰阝蒙
𨽀	⿰阝厭
𨽁	⿰阝聚
𨽂	⿰阝僕
𨽃	⿰阝㷠
𨽄	⿴𨺅吏
𨽅	⿰阝⿱⿻丅⿻冖⿰丨丨奄
𨽆	⿰阝豋
𨽇	⿲阝魚亍
𨽈	⿰阝蓋
𨽉	⿰阝署
𨽊	⿰阝𭀰
𨽋	⿰阝⿱𢀡⺝
𨽌	⿰阝⿱𤔌木
𨽍	⿰阝賣
𨽎	⿱隊𠇍
𨽏	⿰阝廣
𨽐	⿰阝𠒶
𨽑	⿰阝⿱爫𢒗
𨽒	⿰阝寮
𨽓	⿰阝瑩
𨽔	⿰阝賡
𨽕	⿰阝霆
𨽖	⿰阝褭
𨽗	⿰阝頻
𨽘	⿰阝⿱齊女
𨽙	⿰阝⿱俞巫
𨽚	⿰阝鬳
𨽛	⿰隧阝
𨽜	⿰阝盧
𨽝	⿴𨺅⿱廿⺝
𨽞	⿰阝燕
𨽟	⿰阝遺
𨽠	⿰阝䝿
𨽡	⿴𨺅㒸
𨽢	⿰阝襄
𨽣	⿰阝𦾈
𨽤	⿰阝𧷏
𨽥	⿰阝⿱步馬
𨽦	⿰阝聶
𨽧	⿰阝雚
𨽨	⿰阝鬵
𨽩	⿴𨺅冓
𨽪	⿲阜益阜
𨽫	⿰阜𡴪
𨽬	⿰阝⿱大𣚨
𨽭	⿰阝⿳⿵𠆢一⿲日丨日巫
𨽮	⿰阝𩐎
𨽯	⿲阝𰲚𰲚
𨽰	⿰阝⿳㞤儿⿰⿳山𠆢儿⿳山𠆢儿
𨽱	⿰阜⿱岕⿰⿳山𠆢几⿳山𠆢几
𨽲	⿰阝靈
𨽳	⿰阝蠶
𨽴	⿴𨺅⿳⿱龷一⿰个个⿰个个
𨽵	⿴𨺅㸂
𨽶	⿱隶田
𨽷	⿰亥隶
𨽸	⿰镸隶
𨽹	⿰𠤕隶
𨽺	⿺免隶
𨽻	⿰𥘈隶
𨽼	⿰隶隶
𨽽	⿰㣇隶
𨽾	⿰⿱上示隶
𨽿	⿰枲隶
𨾀	⿰祟隶
𨾁	⿱入𨽾
𨾂	⿱隶異
𨾃	⿰⿱台豕隶
𨾄	⿰𪐗隶
𨾅	⿰七隹
𨾆	⿰刁隹
𨾇	⿰卜隹
𨾈	⿸尸隹
𨾉	⿱久隹
𨾊	⿰工隹
𨾋	⿰尸隹
𨾌	⿰于隹
𨾍	⿱弋隹
𨾎	⿺夨隹
𨾏	⿱隹夊
𨾐	⿰⿱⺄十隹
𨾑	⿰⿹⺄十隹
𨾒	⿰亢隹
𨾓	⿰戈隹
𨾔	⿰方隹
𨾕	⿰夬隹
𨾖	⿰正隹
𨾗	⿱隹⿱𠃍大
𨾘	⿰夭隹
𨾙	⿰𠤏隹
𨾚	⿰夫隹
𨾛	⿰氏隹
𨾜	⿱隹云
𨾝	⿰父隹
𨾞	⿱𱼀隹
𨾟	⿰午隹
𨾠	⿰令隹
𨾡	⿰申隹
𨾢	⿱巧隹
𨾣	⿰矛隹
𨾤	⿰失隹
𨾥	⿰母隹
𨾦	⿰氐隹
𨾧	⿰民隹
𨾨	⿰主隹
𨾩	⿰犮隹
𨾪	⿰付隹
𨾫	⿰⿱乃𠔼隹
𨾬	⿰左隹
𨾭	⿱左隹
𨾮	⿱𡗜隹
𨾯	⿱奴隹
𨾰	⿰⿱厶干隹
𨾱	⿰台隹
𨾲	⿰朱隹
𨾳	⿰？隹
𨾴	⿱吅隹
𨾵	⿱如隹
𨾶	⿰安隹
𨾷	⿰先隹
𨾸	⿱列隹
𨾹	⿰臼隹
𨾺	⿰夸隹
𨾻	⿰隹劣
𨾼	⿰危隹
𨾽	⿰至隹
𨾾	⿰兆隹
𨾿	⿰而隹
𨿀	⿱臼隹
𨿁	⿰𤓳隹
𨿂	⿰任隹
𨿃	⿱任隹
𨿄	⿱䒑𱁈
𨿅	⿰名隹
𨿆	⿰艾隹
𨿇	⿱隹肉
𨿈	⿱焦厶
𨿉	⿰𢑑隹
𨿊	⿰⿱龴丑隹
𨿋	⿰巠隹
𨿌	⿰甫隹
𨿍	⿰我隹
𨿎	⿰貝隹
𨿏	⿰巫隹
𨿐	⿰寽隹
𨿑	⿰旱隹
𨿒	⿰役隹
𨿓	⿰夋隹
𨿔	⿰肙隹
𨿕	⿰希隹
𨿖	⿰秃隹
𨿗	⿱狂隹
𨿘	⿰隹弟
𨿙	⿰尨隹
𨿚	⿰孚隹
𨿛	⿰隹希
𨿜	⿰谷隹
𨿝	⿰弟隹
𨿞	⿱焦口
𨿟	⿰杏隹
𨿠	⿰垂隹
𨿡	⿰享隹
𨿢	⿰東隹
𨿣	⿰其隹
𨿤	⿰夜隹
𨿥	⿰匊隹
𨿦	⿰咅隹
𨿧	⿰卓隹
𨿨	⿰𠦝隹
𨿩	⿰妻隹
𨿪	⿰昆隹
𨿫	⿰奇隹
𨿬	⿰青隹
𨿭	⿱⿰阝左隹
𨿮	⿺兔隹
𨿯	⿱𥝢隹
𨿰	⿰尚隹
𨿱	⿰肩隹
𨿲	⿰坴隹
𨿳	⿸𤕫倠
𨿴	⿰甾隹
𨿵	⿰卑隹
𨿶	⿰庚隹
𨿷	⿰叕隹
𨿹	⿰昏隹
𨿺	⿰岡隹
𨿻	⿰𡶦隹
𨿼	⿰卒隹
𨿽	⿰𧈧隹
𨿾	⿰育隹
𨿿	⿰重隹
𩀀	⿰匽隹
𩀁	⿰癸隹
𩀂	⿰弇隹
𩀃	⿰昬隹
𩀄	⿰要隹
𩀅	⿰彖隹
𩀆	⿰突隹
𩀇	⿰咢隹
𩀈	⿰宣隹
𩀉	⿱胡隹
𩀊	⿰皆隹
𩀋	⿰耎隹
𩀌	⿰禹隹
𩀍	⿰禺隹
𩀎	⿰狊隹
𩀏	⿰⿳口口口隹
𩀐	⿰盾隹
𩀑	⿰臾隹
𩀒	⿱𮂸隹
𩀓	⿰𤔄隹
𩀔	⿰苠隹
𩀕	⿰信隹
𩀖	⿰⿱衣口隹
𩀗	⿰隹虒
𩀘	⿰䍃隹
𩀙	⿰⿱𡭔𣅋隹
𩀚	⿰眔隹
𩀛	⿰唐隹
𩀜	⿰骨隹
𩀝	⿱兩隻
𩀞	⿰倉隹
𩀟	⿱雔乃
𩀠	⿱𣪊隹
𩀡	⿰豈隹
𩀢	⿰⿱水吕隹
𩀣	⿰⿱句句隹
𩀤	⿰堇隹
𩀥	⿱族隹
𩀦	⿰習隹
𩀧	⿱斬隹
𩀨	⿰隹從
𩀩	⿰笠隹
𩀪	⿸麻隹
𩀫	⿰區隹
𩀬	⿰隹庸
𩀭	⿰晨隹
𩀮	⿰婁隹
𩀯	⿰常隹
𩀰	⿱從隹
𩀱	⿱雔夊
𩀲	⿰𨾈炙
𩀳	⿰弄雄
𩀴	⿰賁隹
𩀵	⿰華隹
𩀶	⿱隋隹
𩀷	⿰番隹
𩀸	⿺堯隹
𩀹	⿰臯隹
𩀺	⿰買隹
𩀻	⿱就隹
𩀼	⿰⿱林隹攵
𩀽	⿰覃隹
𩀾	⿸厥隹
𩀿	⿰朁隹
𩁀	⿰替隹
𩁁	⿱𨾴吅
𩁂	⿱共𨾴
𩁃	⿰𦓔隹
𩁄	⿰黍隹
𩁅	⿰𡍮隹
𩁆	⿰㫺隹
𩁇	⿰睪隹
𩁈	⿰意隹
𩁉	⿰亶隹
𩁊	⿱辟隹
𩁋	⿰豦隹
𩁌	⿱隓隹
𩁍	⿰蜀隹
𩁎	⿰零隹
𩁏	⿰詹隹
𩁐	⿱路隹
𩁑	⿰豊隹
𩁒	⿱楊隹
𩁓	⿱獄隹
𩁔	⿰寧隹
𩁕	⿱與隹
𩁖	⿰爾隹
𩁗	⿲隹各隹
𩁘	⿰𡏳隹
𩁙	⿰翟隹
𩁚	⿰⿱廿⿻⿱口𠮛土隹
𩁛	⿰⿳亠吕羊隹
𩁜	⿰畾隹
𩁝	⿰蔑隹
𩁞	⿰蔡隹
𩁟	⿰黎隹
𩁠	⿰暴隹
𩁡	⿱穀隹
𩁢	⿰⿱⿱廿⿻口⿱土八土隹
𩁣	⿰⿱廿⿻⿱吕八土隹
𩁤	⿰⿱廿⿻𠯭土隹
𩁥	⿰養隹
𩁦	⿰雷隻
𩁧	⿰兆雚
𩁨	⿰盧隹
𩁩	⿰⿳艹困用隹
𩁪	⿰⿳廿𠔍𡉀隹
𩁫	⿱龹雚
𩁬	⿰⿳廿串𡉊隹
𩁭	⿰奞翟
𩁮	⿰⿱荅里隹
𩁯	⿰瞿隹
𩁰	⿳⿱从𠦜隹囧
𩁱	⿰集監
𩁲	⿰⿳⿱𥫗𠆢串𡉀隹
𩁳	⿰⿱𥫗⿳廿𠔍𡉀隹
𩁴	⿱雥匊
𩁵	⿱雥淵
𩁶	⿱雨乙
𩁷	⿱雨丁
𩁸	⿱雨几
𩁹	⿱雨于
𩁺	⿱雨彡
𩁻	⿱雨女
𩁼	⿱夕雨
𩁽	⿱雨弓
𩁾	⿱雨⿻𠄎乀
𩁿	⿱雨𰀄
𩂀	⿱雨干
𩂁	⿱雨兀
𩂂	⿱雨勿
𩂃	⿱雨夬
𩂄	⿱雨屯
𩂅	⿱雨戈
𩂆	⿱雨不
𩂇	⿱雨今
𩂈	⿱雨心
𩂉	⿱雨天
𩂊	⿱雨王
𩂋	⿱雨斤
𩂌	⿱雨片
𩂍	⿱雨水
𩂎	⿱雨父
𩂏	⿱雨支
𩂐	⿱雨壬
𩂑	⿱雨𲋄
𩂒	⿱雨⿸厂巳
𩂓	⿱雨冬
𩂔	⿱雨犮
𩂕	⿱雨弗
𩂖	⿱雨乍
𩂗	⿱雨出
𩂘	⿱雨甲
𩂙	⿱雨⿱𠆢夕
𩂚	⿱雨⿸𬺷乀
𩂛	⿱雨付
𩂜	⿱雨匆
𩂝	⿱雨史
𩂞	⿱雨卯
𩂟	⿱雨戊
𩂠	⿱雨代
𩂡	⿱雨瓜
𩂢	⿱雨乑
𩂣	⿱雨各
𩂤	⿱雨舟
𩂥	⿱雨因
𩂦	⿱雨并
𩂧	⿱雨污
𩂨	⿱雨⿻𦉫𠄠
𩂩	⿱雨吅
𩂪	⿱雨䏌
𩂫	⿱雨⿰夊夊
𩂬	⿱雨⿻电一
𩂭	⿱雨𡖇
𩂮	⿱雨米
𩂯	⿱雨休
𩂰	⿱雨如
𩂱	⿱雨衣
𩂲	⿱雨⿱一⿻口人
𩂳	⿱雨亚
𩂴	⿱雨朿
𩂵	⿱雨⿸尸巳
𩂶	⿱雨列
𩂷	⿱雨沅
𩂸	⿱雨沉
𩂹	⿱雨役
𩂺	⿱雨束
𩂻	⿱雨𦔮
𩂼	⿱雨更
𩂽	⿱雨弄
𩂾	⿱雷丂
𩂿	⿱雨君
𩃀	⿱雨延
𩃁	⿱雨沒
𩃂	⿱雨𢪛
𩃃	⿳雨厸夊
𩃄	⿱雨尨
𩃅	⿱⿻丅⿻冖⿰丨丨佔
𩃆	⿱雨𢗝
𩃇	⿱雨均
𩃈	⿱雨足
𩃉	⿱雨吳
𩃊	⿱雨？
𩃋	⿱雨形
𩃌	⿰雲⿻⿱㇒一乚
𩃍	⿱雨㳂
𩃎	⿱雨汸
𩃏	⿱雨灵
𩃐	⿱雨低
𩃑	⿱雨扸
𩃒	⿱雨垂
𩃓	⿱雨⿻臼乚
𩃔	⿱雨㦰
𩃕	⿱雨牀
𩃖	⿱雨疌
𩃗	⿱雨奄
𩃘	⿱雨？
𩃙	⿱雷大
𩃚	⿱雨泫
𩃛	⿱雨昑
𩃜	⿱雨泣
𩃝	⿱雨枚
𩃞	⿱雨𢨯
𩃟	⿱雨昕
𩃠	⿰雲内
𩃡	⿱雨𦥔
𩃢	⿱雨𭟲
𩃣	⿱雨卒
𩃤	⿱雨奇
𩃥	⿱雨佩
𩃦	⿱雨治
𩃧	⿱雨抱
𩃨	⿱雨玪
𩃩	⿳雨罒女
𩃪	⿳雨𠆢虫
𩃫	⿱雨佰
𩃬	⿱雨⿰云今
𩃭	⿱雨松
𩃮	⿱雨易
𩃯	⿳雨水灬
𩃰	⿱雨沲
𩃱	⿱雨沱
𩃲	⿱雨⿻木⿰𰀪⿱丶丶
𩃳	⿱雨奉
𩃴	⿱雨㱚
𩃵	⿱雨染
𩃶	⿰雲犮
𩃷	⿰雲代
𩃸	⿰雲弗
𩃹	⿱雨臿
𩃺	⿱雨侯
𩃻	⿱雨𥝤
𩃼	⿱雨砏
𩃽	⿸广⿱共雨
𩃾	⿱雨𮓸
𩃿	⿱雨𢑚
𩄀	⿱雨⿱大⿱一⿻日乚
𩄁	⿱雨虺
𩄂	⿱雨派
𩄃	⿱雨枹
𩄄	⿱雨春
𩄅	⿱雨昷
𩄆	⿱雨星
𩄇	⿱雨𦊄
𩄈	⿱雨⿰令云
𩄉	⿱雨𭼿
𩄊	⿱雨計
𩄋	⿱雨洏
𩄌	⿱雨屋
𩄍	⿱雨秋
𩄎	⿱雨眉
𩄏	⿱雨風
𩄐	⿱雨降
𩄑	⿱雨南
𩄒	⿱雨音
𩄓	⿱雨枼
𩄔	⿱雨拯
𩄕	⿱雨昰
𩄖	⿱雨彖
𩄗	⿱雨⿰𠂛乎
𩄘	⿱雨翁
𩄙	⿱雨圅
𩄚	⿱雨眞
𩄛	⿱雨陣
𩄜	⿱雨索
𩄝	⿱雨差
𩄞	⿱雨秝
𩄟	⿱雨豈
𩄠	⿰雨真
𩄡	⿱雨兼
𩄢	⿱雨冓
𩄣	⿱雨⿰田田
𩄤	⿱雨𦍤
𩄥	⿳雨巳⿶凵氺
𩄦	⿱雨𢓱
𩄧	⿱雨敉
𩄨	⿱雨骨
𩄩	⿱雨⿰犭⿰丿𠃧
𩄪	⿳雨⿱一由火
𩄫	⿱雨⿺辶缶
𩄬	⿱雨浼
𩄭	⿱雨悟
𩄮	⿱雨退
𩄯	⿱雺目
𩄰	⿱雨烈
𩄱	⿱雨竜
𩄲	⿱雨迷
𩄳	⿱雨竝
𩄴	⿱雨俸
𩄵	⿱雨納
𩄶	⿱雨𥸷
𩄷	⿱雨⿰白占
𩄸	⿱雨⿰任攴
𩄹	⿱雨⿰？月
𩄺	⿱雨哢
𩄻	⿱雨莫
𩄼	⿱雨渄
𩄽	⿱雨婁
𩄾	⿱雨責
𩄿	⿱雨㪍
𩅀	⿱雨執
𩅁	⿱雨莽
𩅂	⿱雨專
𩅃	⿱雨崇
𩅄	⿱雨鹿
𩅅	⿱雨洴
𩅆	⿱雨𨓤
𩅇	⿱雨部
𩅈	⿱雨章
𩅉	⿱雨眾
𩅊	⿳雨𬎿火
𩅋	⿱雨健
𩅌	⿳雨尚大
𩅍	⿱雨曼
𩅎	⿱雷⿰⿰匚丿⿰丨？
𩅏	⿱雷⿻人厸
𩅐	⿱𩂩⿻日乚
𩅑	⿱雨㽞
𩅒	⿱雨⿴𦥑文
𩅓	⿱雨𨈡
𩅔	⿱雨魚
𩅕	⿱雨㴆
𩅖	⿰召⿱雨𡗞
𩅗	⿱雨⿰矛各
𩅘	⿱雨速
𩅙	⿱雨參
𩅚	⿱雨堆
𩅛	⿱雨逢
𩅜	⿱雨朗
𩅝	⿰雲奄
𩅞	⿰雩重
𩅟	⿱雨晶
𩅠	⿱雨湳
𩅡	⿱雨隋
𩅢	⿱雨敫
𩅣	⿱雲⿰云云
𩅤	⿱雨⿰林攵
𩅥	⿱雨隊
𩅦	⿱雨單
𩅧	⿱雨⿳㇒罒⿰𰀪⿻𱍸㇒
𩅨	⿱雨朁
𩅩	⿱雨厤
𩅪	⿱雨湘
𩅫	⿱雨㥞
𩅬	⿱雨⿰矛⿱攵口
𩅭	⿱雨弼
𩅮	⿱雨替
𩅯	⿱雨䎜
𩅰	⿱雨斯
𩅱	⿱雨𡙕
𩅲	⿱雨⿰巾㒸
𩅳	⿱雨渴
𩅴	⿱雨渾
𩅵	⿱雨渥
𩅶	⿱雨⿲户户户
𩅷	⿰雪甚
𩅸	⿱雨畱
𩅹	⿱雨湄
𩅺	⿱雨須
𩅻	⿱雨渚
𩅼	⿱雨僉
𩅽	⿱雨農
𩅾	⿰雲甚
𩅿	⿱雨溥
𩆀	⿱雨𣺦
𩆁	⿱雨會
𩆂	⿰雨資
𩆃	⿱雨資
𩆄	⿱雨雍
𩆅	⿱雨䪞
𩆆	⿱雨鼎
𩆇	⿱雨𥪖
𩆈	⿱雨⿳𠆢䒑⿻臼乚
𩆉	⿱雨⿰⿱旦火戈
𩆊	⿰需免
𩆋	⿱雨搖
𩆌	⿱雨廉
𩆍	⿱雨滛
𩆎	⿱雨溜
𩆏	⿱雨葉
𩆐	⿱雨稟
𩆑	⿱雨酸
𩆒	⿱霝龱
𩆓	⿱雨漫
𩆔	⿱雨墊
𩆕	⿱霝⿻廾⿰丨丨
𩆖	⿱霝令
𩆗	⿱𩄣日
𩆘	⿳雨𰀉⿴囗缶
𩆙	⿱雨⿰䙲瓦
𩆚	⿱霝𠕁
𩆛	⿱雨甄
𩆜	⿱霝玉
𩆝	⿱雨𢟍
𩆞	⿱霝田
𩆟	⿺兔需
𩆠	⿱雨夢
𩆡	⿱雨遙
𩆢	⿰雷音
𩆣	⿱雨㼲
𩆤	⿱雨潸
𩆥	⿱雨⿰⿱林𫜹攵
𩆦	⿰雲曹
𩆧	⿱雨韯
𩆨	⿱雨鋒
𩆩	⿱雨澍
𩆪	⿱雨蔑
𩆫	⿳雨？⿱田⿻八⿰匚？
𩆬	⿱雨𫎇
𩆭	⿱雨濈
𩆮	⿱雨器
𩆯	⿱雨澰
𩆰	⿱雨隧
𩆱	⿱雨𧇨
𩆲	⿱雨𪏵
𩆳	⿱雨𧜣
𩆴	⿱雨盧
𩆵	⿱雨鮮
𩆶	⿱雨襄
𩆷	⿱雨韱
𩆸	⿱雨濯
𩆹	⿱雨⿶𤕰貟
𩆺	⿱雨䩭
𩆻	⿱霝囷
𩆼	⿱霝泠
𩆽	⿱雨懜
𩆾	⿱雨虧
𩆿	⿱雨雙
𩇀	⿳雨⿴𦥑冈辰
𩇁	⿱雨⿰界界
𩇂	⿱雨⿶𤕰員
𩇃	⿱霝𢏝
𩇄	⿱霝音
𩇅	⿱雨謨
𩇆	⿰雷稟
𩇇	⿱雨𦓈
𩇈	⿱雨䨇
𩇉	⿱雨寶
𩇊	⿱雨⿰𩫃邑
𩇋	⿱雨灄
𩇌	⿳雨⿰雨雨包
𩇍	⿱雨騾
𩇎	⿳霝大𡋐
𩇏	⿱雨纖
𩇐	⿱雨衢
𩇑	⿱雨⿰𩫖邑
𩇒	⿳雨⿲爻云爻⿲火鬲火
𩇓	⿱雨𤴐
𩇔	⿱⿰雲雲⿰雲雲
𩇕	⿰青彡
𩇖	⿺元青
𩇗	⿰青旡
𩇘	⿰去青
𩇙	⿰青令
𩇚	⿰青台
𩇛	⿰生青
𩇜	⿰青先
𩇝	⿰冫靘
𩇞	⿰青𪸓
𩇟	⿰冫靚
𩇠	⿰青盍
𩇡	⿰青莘
𩇢	⿰青掌
𩇣	⿰青瑟
𩇤	⿰青𡣍
𩇥	⿰青𫉬
𩇦	⿰⿰⿱三㇀丿⿰丨⿱三一
𩇧	
𩇨	⿰⿰⿱冫冫丿⿰丨⿱𡿨𡿨
𩇩	⿱大非
𩇪	⿱非巾
𩇫	⿱非子
𩇬	⿱非口
𩇭	⿱非火
𩇮	⿱非手
𩇯	⿱非巴
𩇰	⿳亠非人
𩇱	⿱非帀
𩇲	⿱非元
𩇳	⿺无非
𩇴	⿱非分
𩇵	⿱非古
𩇶	⿱本非
𩇷	⿱非同
𩇸	⿱非告
𩇹	⿱非束
𩇺	⿱吞非
𩇻	⿱非忍
𩇼	⿱非奋
𩇽	⿱𰀕非
𩇾	⿰番非
𩇿	⿳艸𠆢斐
𩈀	⿱非番
𩈁	⿱隊非
𩈂	⿰蜚悲
𩈃	⿰面寸
𩈄	⿰面刃
𩈅	⿰面干
𩈆	⿰面巴
𩈇	⿰面丑
𩈈	⿰面丰
𩈉	⿰面冘
𩈊	⿰面尤
𩈋	⿰面介
𩈌	⿰面冗
𩈍	⿰面旦
𩈎	⿰面巧
𩈏	⿰面幼
𩈐	⿰面未
𩈑	⿰面㞋
𩈒	⿰面禾
𩈓	⿱面丕
𩈔	⿰面可
𩈕	⿰面瓜
𩈖	⿰面令
𩈗	⿰面永
𩈘	⿰末面
𩈙	⿰面舌
𩈚	⿰面并
𩈛	⿰面𠂢
𩈜	⿰面𠂤
𩈝	⿰面𠬩
𩈞	⿳面⿺𠃊口乂
𩈟	⿰面𢑑
𩈠	⿺⿳㇒𫩏儿面
𩈡	⿰面巠
𩈢	⿰面忍
𩈣	⿰面含
𩈤	⿰面足
𩈥	⿰面夋
𩈦	⿰面免
𩈧	⿰夾面
𩈨	⿰甫面
𩈩	⿰面那
𩈪	⿱面壯
𩈫	⿰面奈
𩈬	⿰面官
𩈭	⿰面宜
𩈮	⿰面周
𩈯	⿰面奄
𩈰	⿱宓面
𩈱	⿱宛面
𩈲	⿱面面
𩈳	⿰面面
𩈴	⿰面音
𩈵	⿱⿰臣⿱𠂉丶面
𩈶	⿰面柰
𩈷	⿰面巷
𩈸	⿰面臭
𩈹	⿰面冥
𩈺	⿰面烏
𩈻	⿱斬面
𩈼	⿰面參
𩈽	⿳面叕女
𩈾	⿳面㸚女
𩈿	⿰面𤲅
𩉀	⿱淡面
𩉁	⿰面單
𩉂	⿱猒面
𩉃	⿰𡬳面
𩉄	⿰面然
𩉅	⿱焱面
𩉆	⿳面女面
𩉇	⿰面猒
𩉈	⿱⿰面隹火
𩉉	⿱日⿰面臽
𩉊	⿰面亶
𩉋	⿰面慈
𩉌	⿰面麼
𩉍	⿱漸面
𩉎	⿱⿰𭥯犬面
𩉏	⿰面疑
𩉐	⿰面察
𩉑	⿰面摩
𩉒	⿰面慙
𩉓	⿰面䝿
𩉔	⿰面韱
𩉕	⿱馘面
𩉖	⿱面𩈳
𩉗	⿰面瞿
𩉘	⿰瞿面
𩉙	⿰面羅
𩉚	⿰面靡
𩉛	⿰革刀
𩉜	⿰革几
𩉝	⿰革丸
𩉞	⿰革亏
𩉟	⿰革𠧒
𩉠	⿰革义
𩉡	⿰革介
𩉢	⿰革欠
𩉣	⿰革丏
𩉤	⿰革爻
𩉥	⿰革尹
𩉦	⿰革厷
𩉧	⿰革丰
𩉨	⿰革支
𩉩	⿰革攵
𩉪	⿰革毛
𩉫	⿰革比
𩉬	⿰革氏
𩉭	⿰革公
𩉮	⿰革止
𩉯	⿰革元
𩉰	⿰革帀
𩉱	⿰革互
𩉲	⿰革攴
𩉳	⿰革⿱𠂉几
𩉴	⿰革厄
𩉵	⿰革分
𩉶	⿰革⿱⿻乃丶一
𩉷	⿰革幻
𩉸	⿰革巨
𩉹	⿰革尼
𩉺	⿰革它
𩉻	⿰革㐌
𩉼	⿰革申
𩉽	⿰革弗
𩉾	⿰革甲
𩉿	⿰革句
𩊀	⿰革白
𩊁	⿰革夗
𩊂	⿰革令
𩊃	⿰革外
𩊄	⿱由革
𩊅	⿰革卯
𩊆	⿰革可
𩊇	⿰革玉
𩊈	⿱世革
𩊉	⿰革古
𩊊	⿰革犮
𩊋	⿰革𮎛
𩊌	⿰革立
𩊍	⿰革永
𩊎	⿲革弓卩
𩊏	⿰革加
𩊐	⿰革耳
𩊑	⿰革羊
𩊒	⿰革曳
𩊓	⿰革夸
𩊔	⿰革交
𩊕	⿰革印
𩊖	⿰革并
𩊗	⿰革同
𩊘	⿰革百
𩊙	⿰革伏
𩊚	⿰革各
𩊛	⿰革危
𩊜	⿰革朵
𩊝	⿰革旨
𩊞	⿰革至
𩊟	⿰革𢁝
𩊡	⿰革列
𩊢	⿰革死
𩊣	⿰革朱
𩊤	⿰革⿱㇒犮
𩊥	⿰革多
𩊦	⿰革守
𩊧	⿰革𡰯
𩊨	⿰革丞
𩊩	⿰革夆
𩊪	⿰革豆
𩊫	⿰革忍
𩊬	⿰革甫
𩊭	⿰革兑
𩊮	⿰革沙
𩊯	⿰革束
𩊰	⿰革坒
𩊲	⿰革𡉵
𩊳	⿱𢀜革
𩊴	⿰革志
𩊵	⿰革⿱大日
𩊶	⿰革步
𩊷	⿰革𥃩
𩊸	⿰革⿱罒几
𩊹	⿰革但
𩊺	⿰革角
𩊻	⿰革夋
𩊼	⿰革⿳巛一山
𩊽	⿰革希
𩊾	⿰革甬
𩊿	⿰革昔
𩋀	⿰革歨
𩋁	⿰革叕
𩋂	⿰革非
𩋃	⿰革匋
𩋄	⿰革取
𩋅	⿰革忝
𩋆	⿱臤革
𩋇	⿰革㡀
𩋈	⿰革𡿺
𩋉	⿰革或
𩋊	⿰革奄
𩋋	⿰革戔
𩋌	⿰革易
𩋍	⿰革佻
𩋎	⿰革屈
𩋏	⿰革念
𩋐	⿰革芟
𩋑	⿰革𣏋
𩋒	⿰革朋
𩋓	⿰革⿱丑丑
𩋔	⿰革佳
𩋕	⿰革⿱𡗜己
𩋖	⿰革花
𩋗	⿰革果
𩋘	⿰革隹
𩋙	⿰革周
𩋚	⿰革忽
𩋛	⿰革⿱六反
𩋜	⿰革居
𩋝	⿰革甾
𩋞	⿰革𣏼
𩋟	⿰革复
𩋠	⿰革面
𩋡	⿰革室
𩋢	⿰革宣
𩋣	⿰革帝
𩋤	⿰革胃
𩋥	⿰革叚
𩋦	⿰革段
𩋧	⿰革皆
𩋨	⿰革畐
𩋩	⿰革致
𩋪	⿰革苨
𩋫	⿰革爰
𩋬	⿰革昜
𩋭	⿰革勉
𩋮	⿰革封
𩋯	⿰革㚇
𩋰	⿰革紂
𩋱	⿰革⿱𠆢車
𩋲	⿰革⿱日包
𩋳	⿰革前
𩋴	⿰革侯
𩋵	⿰革者
𩋶	⿰革柳
𩋷	⿰革剌
𩋸	⿰革㪅
𩋹	⿰革㶮
𩋺	⿰革⿹勹告
𩋻	⿰革亯
𩋼	⿰革美
𩋽	⿰革客
𩋾	⿰革韋
𩋿	⿰革眉
𩌀	⿰革⿱皮日
𩌁	⿰革彖
𩌂	⿰革苔
𩌃	⿰革鬼
𩌄	⿰革芻
𩌅	⿰革叟
𩌆	⿰革𧴪
𩌇	⿰革𦐇
𩌈	⿰革索
𩌉	⿰革泰
𩌊	⿰⿱⿳士冖一革殳
𩌋	⿰革邕
𩌌	⿰革貢
𩌍	⿰革盍
𩌎	⿰革俻
𩌏	⿰革尃
𩌐	⿰革𥄳
𩌑	⿰革冤
𩌒	⿰革𦚶
𩌓	⿰革⿱皮占
𩌔	⿰革⿱罒⿲人丨人
𩌕	⿰革⿱覀⿵八㔾
𩌖	⿰革候
𩌗	⿰革烏
𩌘	⿰革秦
𩌙	⿰革真
𩌚	⿰革𠳮
𩌛	⿰革𠩲
𩌜	⿰革條
𩌝	⿰革追
𩌞	⿰革⿱合日
𩌟	⿰革⿱⿱⺈⿵冂人比
𩌠	⿰革胷
𩌡	⿰革高
𩌢	⿰革差
𩌣	⿰革羙
𩌤	⿰革⿱皮古
𩌥	⿱𣪊革
𩌦	⿰革徙
𩌧	⿰革莫
𩌨	⿰革庸
𩌩	⿰革崔
𩌪	⿰革責
𩌫	⿰革鹿
𩌬	⿰革章
𩌭	⿰革翏
𩌮	⿰革𤉐
𩌯	⿰革⿱覀瓦
𩌰	⿰革參
𩌱	⿰革欶
𩌲	⿰革處
𩌳	⿰革𰺵
𩌴	⿰革帶
𩌵	⿰革剪
𩌶	⿰革⿱覀𠂡
𩌷	⿰革䙴
𩌸	⿰革⿱覀用
𩌹	⿰革累
𩌺	⿰累革
𩌻	⿰革𠊳
𩌼	⿰革畣
𩌽	⿰革⿱匊夊
𩌾	⿰革强
𩌿	⿰革⿱皮兆
𩍀	⿰革巢
𩍁	⿰革⿱艹⿹勹用
𩍂	⿱陶革
𩍃	⿰革買
𩍄	⿰革𦓔
𩍅	⿰革童
𩍆	⿰革舄
𩍇	⿰革爲
𩍈	⿰革答
𩍉	⿰革敢
𩍊	⿰革⿱覀机
𩍋	⿰革⿱覀⿰日几
𩍌	⿰革⿱胄寸
𩍍	⿰革單
𩍎	⿰革寒
𩍏	⿰革富
𩍐	⿰革登
𩍑	⿰革叅
𩍒	⿰革𰕎
𩍓	⿰革雍
𩍔	⿰革⿹勹麥
𩍕	⿰革亶
𩍖	⿰革意
𩍗	⿰革㬅
𩍘	⿰革葡
𩍙	⿰革嗇
𩍚	⿰革遂
𩍛	⿰革葛
𩍜	⿰革睪
𩍝	⿰革解
𩍞	⿰𠦶𡲬
𩍟	⿰革𥇛
𩍠	⿰革𨔶
𩍡	⿰革睘
𩍢	⿰革雷
𩍣	⿰革葉
𩍤	⿱嗀革
𩍥	⿰革需
𩍦	⿰革爾
𩍧	⿰革聚
𩍨	⿰革匱
𩍩	⿰革僕
𩍪	⿰革翟
𩍫	⿰革⿳爫⿲？几㔾夊
𩍬	⿰革蒙
𩍭	⿰革𥈜
𩍮	⿰革箕
𩍯	⿰⿱高革夬
𩍰	⿰革蓋
𩍱	⿰革⿳爫⿲口了口又
𩍲	⿰革𤕨
𩍳	⿰革⿱木⿸尸⿱此夊
𩍴	⿰革賛
𩍵	⿰革質
𩍶	⿰革麃
𩍷	⿱⿰啇夬革
𩍸	⿱𥫗⿰幸⿹勹革
𩍹	⿰革憲
𩍺	⿰革嶲
𩍻	⿱𩰵革
𩍼	⿰革盧
𩍽	⿰革⿱出鹿
𩍾	⿰革䝿
𩍿	⿰革薄
𩎀	⿰革蹇
𩎁	⿰革𦾓
𩎂	⿰革⿱⿰⿱日⿱㇒⺝殳灬
𩎃	⿰革燮
𩎄	⿰革氈
𩎅	⿰革䞿
𩎆	⿰革繁
𩎇	⿰革𢋱
𩎈	⿰革贊
𩎉	⿰革麗
𩎊	⿰革羅
𩎋	⿰革⿳⿱爫罒韭夊
𩎌	⿰革顯
𩎍	⿱顯革
𩎎	⿰革𣡍
𩎏	⿲革𩫗邑
𩎐	⿰革⿱艹⿸鹿馬
𩎑	⿰革爨
𩎒	⿰韋干
𩎓	⿰韋犬
𩎔	⿰韋爻
𩎕	⿰韋及
𩎖	⿰韋今
𩎗	⿰韋欠
𩎘	⿰韋包
𩎙	⿰韋戉
𩎚	⿰韋斥
𩎛	⿰韋弗
𩎜	⿰韋丕
𩎝	⿰韋夗
𩎞	⿰台韋
𩎟	⿰韋未
𩎠	⿰韋付
𩎡	⿰弗韋
𩎢	⿰韋𠬢
𩎣	⿰韋召
𩎤	⿰韋艮
𩎥	⿰韋曳
𩎦	⿰韋交
𩎧	⿰韋伏
𩎨	⿰韋亘
𩎩	⿰韋𣎺
𩎪	⿰韋因
𩎫	⿰韋朵
𩎬	⿰韋各
𩎭	⿰韋亦
𩎮	⿳六韋又
𩎯	⿰韋束
𩎰	⿰韋兑
𩎱	⿰韋夾
𩎲	⿱⿱士⿱冖八韋
𩎳	⿱⿰歹㐄韋
𩎴	⿰韋⿻木弓
𩎵	⿰佛韋
𩎶	⿰韋役
𩎷	⿰韋⿱夂灬
𩎸	⿰韋卷
𩎹	⿰韋或
𩎺	⿰韋宛
𩎻	⿰韋非
𩎼	⿰韋陀
𩎽	⿰韋沓
𩎾	⿰韋庖
𩎿	⿰韋昌
𩏀	⿰韋𡿺
𩏁	⿰韋𣐂
𩏂	⿰韋卑
𩏃	⿰韋彼
𩏄	⿰韋备
𩏅	⿰韋爰
𩏆	⿰韋宣
𩏇	⿰韋段
𩏈	⿰韋兗
𩏉	⿳亠圍夊
𩏊	⿰韋亟
𩏋	⿰韋盾
𩏌	⿰韋曷
𩏍	⿰𮧯𱬹
𩏎	⿰韋⿳亠厶冉
𩏏	⿰韋𣐺
𩏐	⿰韋鬼
𩏑	⿰𠦝⿱𠂉韋
𩏒	⿰韋荅
𩏓	⿰害韋
𩏔	⿰韋邕
𩏕	⿰韋⿱艹⿹勹用
𩏖	⿰韋𡘝
𩏗	⿰拳韋
𩏘	⿰韋崔
𩏙	⿰韋巢
𩏚	⿰韋彗
𩏛	⿰韋⿳𠂉𣄼皿
𩏜	⿱殸韋
𩏝	⿰韋婁
𩏞	⿰韋累
𩏟	⿰韋𡌳
𩏠	⿰韋登
𩏡	⿰韋貴
𩏢	⿰韋焦
𩏣	⿰虚韋
𩏤	⿰韋臯
𩏥	⿰韋單
𩏦	⿰韋⿳夂田灬
𩏧	⿰華韋
𩏨	⿰韋雍
𩏩	⿰韋僉
𩏪	⿰韋睪
𩏫	⿰韋嗇
𩏬	⿰韋𠌶
𩏭	⿰韋鉢
𩏮	⿰韋槖
𩏯	⿰韋蒪
𩏰	⿰韋㬎
𩏱	⿰韋匱
𩏲	⿰韋慧
𩏳	⿰韋魄
𩏴	⿳⿲木缶木冖韋
𩏵	⿰韋薄
𩏶	⿰⿱米韋𤊙
𩏷	⿰⿱米韋焦
𩏸	⿳米⿰韋隹灬
𩏹	⿱䜌韋
𩏺	⿰韋矍
𩏻	⿰⿱⿱士冖鳥⿱殳韋
𩏼	⿰韦内
𩏽	⿰韦𠬤
𩏾	⿰韦𠬢
𩏿	⿰韦是
𩐀	⿰韦叚
𩐁	⿰歹韭
𩐂	⿱双韭
𩐃	⿳⺊日韭
𩐄	⿱吞韭
𩐅	⿰䪞攴
𩐆	⿱⿰牙欠韭
𩐇	⿱⿰内攵韭
𩐈	⿱⿰𠂔攵韭
𩐉	⿰口韰
𩐊	⿰⿻十𫡃⿱次韭
𩐋	⿱欶韭
𩐌	⿱隊韭
𩐍	⿱莫韭
𩐎	⿱敕韭
𩐏	⿰番韭
𩐐	⿳？二韭
𩐑	⿱𨋰韭
𩐒	⿱⿰束次韭
𩐓	⿳？土韭
𩐔	⿰𤣩⿳⿻𠮛⿰丨丨？韭
𩐕	⿸广𩐋
𩐖	⿱禾𩐍
𩐗	⿰音久
𩐘	⿺元音
𩐙	⿰音斤
𩐚	⿰音弗
𩐛	⿰音瓦
𩐜	⿰音包
𩐝	⿰音句
𩐞	⿰多音
𩐟	⿰音交
𩐠	⿰音共
𩐡	⿰音尗
𩐢	⿱向音
𩐣	⿰音光
𩐤	⿰音同
𩐥	⿰音合
𩐦	⿰音异
𩐧	⿰音含
𩐨	⿰音夅
𩐩	⿰音君
𩐪	⿰音肙
𩐫	⿰音束
𩐬	⿰音⿱夂火
𩐭	⿰音念
𩐮	⿰音⿸虍十
𩐯	⿰音冐
𩐰	⿰音⿱𠆢亥
𩐱	⿰音枼
𩐲	⿰音冒
𩐳	⿰音頁
𩐴	⿰亭音
𩐵	⿰音貢
𩐶	⿰音⿱巳言
𩐷	⿰音桒
𩐸	⿰音𤯟
𩐹	⿰音通
𩐺	⿰音莖
𩐻	⿰音莫
𩐼	⿰音宿
𩐽	⿰音⿱央臼
𩐾	⿱⿰音条支
𩐿	⿰音景
𩑀	⿰音菐
𩑁	⿰音爲
𩑂	⿰音蜀
𩑃	⿰音業
𩑄	⿰音⿱？𦍎
𩑅	⿰音⿱夂貢
𩑆	⿰音雷
𩑇	⿰音⿱吅叕
𩑈	⿰音廣
𩑉	⿰音騐
𩑊	⿰音靈
𩑋	⿱丆見
𩑌	⿰又頁
𩑍	⿰頁𠃏
𩑎	⿲丿丨頁
𩑏	⿰几頁
𩑐	⿰叉頁
𩑑	⿰么頁
𩑒	⿰乇頁
𩑓	⿰卂頁
𩑔	⿰乞頁
𩑕	⿰亏頁
𩑖	⿰丸頁
𩑗	⿰幺頁
𩑘	⿰頁彡
𩑙	⿰𡈼頁
𩑚	⿰丰頁
𩑛	⿰爻頁
𩑜	⿰冗頁
𩑝	⿰卬頁
𩑞	⿰冄頁
𩑟	⿰今頁
𩑠	⿰𤴔頁
𩑡	⿰气頁
𩑢	⿰不頁
𩑣	⿰尤頁
𩑤	⿰午頁
𩑥	⿰氏頁
𩑦	⿰⿱勹又頁
𩑧	⿰丑頁
𩑨	⿰⿱上乙頁
𩑩	⿰牜頁
𩑪	⿰廿頁
𩑫	⿰𭃂頁
𩑬	⿰旡頁
𩑭	⿰化頁
𩑮	⿰勿頁
𩑯	⿰斗頁
𩑰	⿰旦頁
𩑱	⿰犮頁
𩑲	⿰右頁
𩑳	⿰平頁
𩑴	⿰幼頁
𩑵	⿰未頁
𩑶	⿰古頁
𩑷	⿰末頁
𩑸	⿰可頁
𩑹	⿰玄頁
𩑺	⿰冉頁
𩑻	⿰白頁
𩑼	⿰叵頁
𩑽	⿰此頁
𩑾	⿰氐頁
𩑿	⿰⿱䒑𠂈頁
𩒀	⿰尒頁
𩒁	⿰⿱口匕頁
𩒂	⿰它頁
𩒃	⿰戊頁
𩒄	⿰册頁
𩒅	⿰本頁
𩒆	⿰丁⿱巛頁
𩒇	⿰兄頁
𩒈	⿰頁尒
𩒉	⿰㐱頁
𩒊	⿰主頁
𩒋	⿰⿱䒑𠂈頁
𩒌	⿰⿻⿱凵冂丨頁
𩒍	⿰𱑱頁
𩒎	⿰台頁
𩒏	⿰灰頁
𩒑	⿰匡頁
𩒒	⿰𠂬頁
𩒓	⿰共頁
𩒔	⿰㞪頁
𩒕	⿰屰頁
𩒖	⿰开頁
𩒗	⿰同頁
𩒘	⿰充頁
𩒙	⿰先頁
𩒚	⿰光頁
𩒛	⿰尗頁
𩒜	⿰朶頁
𩒝	⿰㫐頁
𩒞	⿰⿻正一頁
𩒟	⿰⿱爫九頁
𩒠	⿰𪟩頁
𩒡	⿰缶頁
𩒢	⿰亘頁
𩒣	⿰㕂頁
𩒤	⿰⿻王八頁
𩒥	⿰𠤮頁
𩒦	⿰臼頁
𩒧	⿰⿱彡巾頁
𩒨	⿰旨頁
𩒩	⿰⿸广夕頁
𩒪	⿰⿱火十頁
𩒫	⿰𡰪頁
𩒬	⿺兊頁
𩒭	⿰⿳八一女頁
𩒮	⿰求頁
𩒯	⿰庈頁
𩒰	⿰我頁
𩒱	⿰困頁
𩒲	⿰𠯑頁
𩒳	⿰𡿯頁
𩒴	⿰汞頁
𩒵	⿰⿱匕田頁
𩒶	⿰⿱勿廾頁
𩒷	⿰車頁
𩒸	⿰𠬶頁
𩒹	⿱須冄
𩒺	⿰甫頁
𩒻	⿰吟頁
𩒼	⿰甬頁
𩒽	⿰希頁
𩒾	⿰吾頁
𩒿	⿰尨頁
𩓀	⿰夋頁
𩓁	⿰𫠤頁
𩓂	⿰弟頁
𩓃	⿰⿸𠂆古頁
𩓄	⿰⿱彡不頁
𩓅	⿰角頁
𩓆	⿰𡶓頁
𩓇	⿰系頁
𩓈	⿰𡵖頁
𩓉	⿰⿱文廾頁
𩓊	⿰𡉺頁
𩓋	⿰来頁
𩓌	⿰旲頁
𩓍	⿰⿱⺌开頁
𩓎	⿰矣頁
𩓏	⿰𤰔頁
𩓐	⿰孛頁
𩓑	⿰𦣻頁
𩓒	⿰⿸厂令頁
𩓓	⿰𥃩頁
𩓔	⿰𠬸頁
𩓕	⿰⿻⿱㇒𠄠木頁
𩓖	⿰孚頁
𩓗	⿰弃頁
𩓘	⿰宏頁
𩓙	⿰𠤕頁
𩓚	⿰⿱爫廾頁
𩓛	⿰局頁
𩓜	⿰芒頁
𩓝	⿰㡀頁
𩓞	⿰争頁
𩓟	⿰臽頁
𩓠	⿰𱣀頁
𩓡	⿰枝頁
𩓢	⿰杲頁
𩓣	⿰⿱彡立頁
𩓤	⿰岸頁
𩓥	⿰岳頁
𩓦	⿰屈頁
𩓧	⿰宜頁
𩓨	⿰青頁
𩓩	⿰亞頁
𩓪	⿰录頁
𩓫	⿰卷頁
𩓬	⿰⿱勿木頁
𩓭	⿰⿱彡丕頁
𩓮	⿰𣏦頁
𩓯	⿰⿱止⿱一𣥂頁
𩓰	⿰采頁
𩓱	⿰舍頁
𩓲	⿰⿸产⿱丶𠄌頁
𩓳	⿰表頁
𩓴	⿰⿷匚名頁
𩓵	⿰⿱山禾頁
𩓶	⿰⿱口立頁
𩓷	⿰⿱日内頁
𩓸	⿰頁𱣀
𩓹	⿰奄頁
𩓺	⿰炅頁
𩓻	⿰𱛖頁
𩓼	⿰𡶤頁
𩓽	⿰囷頁
𩓾	⿱須冉
𩓿	⿰⿱彡冉頁
𩔀	⿰㒸頁
𩔁	⿰面頁
𩔂	⿰彖頁
𩔃	⿰爰頁
𩔄	⿰𡔢頁
𩔅	⿰⿱囟丌頁
𩔆	⿰癸頁
𩔇	⿰皇頁
𩔈	⿰革頁
𩔉	⿰昬頁
𩔊	⿰頁頁
𩔋	⿰爯頁
𩔌	⿰⿱分丕頁
𩔍	⿰⿱立⺼頁
𩔎	⿱𦭓頁
𩔏	⿰⿱日禾頁
𩔐	⿰昱頁
𩔑	⿰枼頁
𩔒	⿰⿱⺊𠕁⿱又頁
𩔓	⿰臿頁
𩔔	⿰禹頁
𩔕	⿰酋頁
𩔖	⿰类頁
𩔗	⿰娄頁
𩔘	⿰勇頁
𩔙	⿰𣬉頁
𩔚	⿰翁頁
𩔛	⿰栞頁
𩔜	⿰容頁
𩔝	⿰衾頁
𩔞	⿰圅頁
𩔟	⿰㕋頁
𩔠	⿰眛頁
𩔡	⿰𠁁頁
𩔢	⿰迷頁
𩔣	⿰旃頁
𩔤	⿰⿳止三𣥂頁
𩔥	⿰素頁
𩔦	⿰追頁
𩔧	⿰家頁
𩔨	⿰息頁
𩔩	⿰⿱支合頁
𩔪	⿰邕頁
𩔫	⿰⿱米分頁
𩔬	⿰⿱米文頁
𩔭	⿰袁頁
𩔮	⿰班頁
𩔯	⿰夾⿱巛頁
𩔰	⿰㫫頁
𩔱	⿰益頁
𩔲	⿰留頁
𩔳	⿰責頁
𩔴	⿰鹿頁
𩔵	⿰婪頁
𩔶	⿰麻頁
𩔷	⿰莫頁
𩔸	⿰區頁
𩔹	⿰⿱彡卑頁
𩔺	⿰𧆭頁
𩔻	⿰⿱彡咅頁
𩔼	⿰庶頁
𩔽	⿲方⿱𠂉目頁
𩔾	⿱須卑
𩔿	⿰⿷匚⿱𠀐⿻⿰丿亅八頁
𩕀	⿱敖頁
𩕁	⿰脣頁
𩕂	⿳頁一⿰彼又
𩕃	⿰累頁
𩕄	⿰悤頁
𩕅	⿰𢉅頁
𩕆	⿰章頁
𩕇	⿲方⿱𠂉⿱㇒丹頁
𩕈	⿰⿱火足頁
𩕉	⿰童頁
𩕊	⿰善頁
𩕋	⿰甯頁
𩕌	⿰森頁
𩕍	⿰臯頁
𩕎	⿰⿱舟𧾷頁
𩕏	⿰番頁
𩕐	⿰尞頁
𩕑	⿰⿱𡗜豕頁
𩕒	⿰棥頁
𩕓	⿰象頁
𩕔	⿰粦頁
𩕕	⿰萠頁
𩕖	⿰𡬳頁
𩕗	⿰替頁
𩕘	⿰𣥿頁
𩕙	⿰⿱𦣻立頁
𩕚	⿰虛頁
𩕛	⿰糹䋶
𩕜	⿰逵頁
𩕝	⿰彦⿱巛頁
𩕞	⿰叅頁
𩕟	⿰業頁
𩕠	⿰𤊸頁
𩕡	⿰嗇頁
𩕢	⿰鼎頁
𩕣	⿰⿱出放頁
𩕤	⿰⿱穴㐭頁
𩕥	⿰𫁒頁
𩕦	⿰𥇛頁
𩕧	⿱𩔊六
𩕨	⿰⿳止⿳⿰一一⿰一一⿰一一𣥂頁
𩕩	⿰𥇴頁
𩕪	⿰睘頁
𩕫	⿰𭿃頁
𩕬	⿰鼻頁
𩕭	⿰蓋頁
𩕮	⿰愿頁
𩕯	⿰壽頁
𩕰	⿰⿳白穴方頁
𩕱	⿰蒙頁
𩕲	⿰旖頁
𩕳	⿰寧頁
𩕴	⿰⿳六氺冋頁
𩕵	⿰⿱出𬾕頁
𩕶	⿰㷠頁
𩕷	⿰雐頁
𩕸	⿰⿱⿱卝干言頁
𩕹	⿰蒼頁
𩕺	⿰𧱏頁
𩕻	⿰⿱屰𣄼⿱巛頁
𩕼	⿰頁㷠
𩕽	⿰𡪛頁
𩕾	⿰𡙷頁
𩕿	⿰匳頁
𩖀	⿰𥈜頁
𩖁	⿰齒頁
𩖂	⿰⿱⿺𠃊⿳罒一罒大頁
𩖃	⿰奭頁
𩖄	⿰厱頁
𩖅	⿰數頁
𩖆	⿰㢛頁
𩖇	⿰𥉾頁
𩖈	⿰⿱⿻己𮊂大頁
𩖉	⿰⿳⿱艹罒冖⿱一夗頁
𩖊	⿰霝頁
𩖋	⿰⿱炎面頁
𩖌	⿰毚頁
𩖍	⿰嬰頁
𩖎	⿰薨頁
𩖏	⿱頁𩔊
𩖐	⿱𩠬頁
𩖑	⿰蹙頁
𩖒	⿰原願
𩖓	⿱𩕘卑
𩖔	⿱頁𪅝
𩖕	⿰⿱彡立页
𩖖	⿰炎页
𩖗	⿰禁页
𩖘	⿱十風
𩖙	⿺風力
𩖚	⿺風勺
𩖛	⿺風凡
𩖜	⿺風卂
𩖝	⿺風⿹勹丿
𩖞	⿺風山
𩖟	⿱𭕄風
𩖠	⿺風女
𩖡	⿺風夕
𩖢	⿺風厷
𩖣	⿰文風
𩖤	⿺風屯
𩖥	⿺風少
𩖦	⿺風今
𩖧	⿺風火
𩖨	⿺風勿
𩖩	⿺風𠕀
𩖪	⿺風及
𩖫	⿰風方
𩖬	⿰夫風
𩖭	⿺風巿
𩖮	⿺風犬
𩖯	⿺風内
𩖰	⿺風文
𩖱	⿺風水
𩖲	⿱不風
𩖳	⿱風之
𩖴	⿺風卯
𩖵	⿺風令
𩖶	⿺風术
𩖷	⿺風出
𩖸	⿺風号
𩖹	⿺風尼
𩖺	⿺風甘
𩖻	⿺風永
𩖼	⿺風弗
𩖽	⿺風皮
𩖾	⿺風𡰥
𩖿	⿱夗風
𩗀	⿺風白
𩗁	⿺風玄
𩗂	⿺風末
𩗃	⿺風且
𩗄	⿺風共
𩗅	⿺風刕
𩗆	⿺風休
𩗇	⿺風后
𩗈	⿺風多
𩗉	⿺風杀
𩗊	⿺風吉
𩗋	⿺風舟
𩗌	⿺風刘
𩗍	⿺風羽
𩗎	⿺風式
𩗐	⿺風米
𩗑	⿺風𡰱
𩗒	⿺風交
𩗓	⿺風孛
𩗔	⿰妥風
𩗕	⿺風求
𩗖	⿺風良
𩗗	⿺風貝
𩗘	⿺風尾
𩗙	⿺風折
𩗚	⿺風攸
𩗛	⿺風豕
𩗜	⿺風危
𩗝	⿺風䖝
𩗞	⿺風釆
𩗟	⿺風⿱⺊疋
𩗠	⿺風？
𩗡	⿺風寿
𩗢	⿺風汞
𩗣	⿺風束
𩗤	⿺風旱
𩗥	⿺風邑
𩗦	⿺風⿰歺刂
𩗧	⿰防風
𩗨	⿺風知
𩗩	⿰釒風
𩗪	⿺風周
𩗫	⿺風卑
𩗬	⿺風京
𩗭	⿺風戾
𩗮	⿺風甾
𩗯	⿰委風
𩗰	⿺風垂
𩗱	⿺風析
𩗲	⿺風争
𩗳	⿺風疌
𩗴	⿺風奉
𩗵	⿺風尚
𩗶	⿺風卒
𩗷	⿺風奄
𩗸	⿺風⿸虍十
𩗹	⿰炎風
𩗺	⿺風易
𩗻	⿺風忠
𩗼	⿺風青
𩗽	⿺風亞
𩗾	⿺風兩
𩗿	⿺風雨
𩘀	⿺風卓
𩘁	⿰京風
𩘂	⿺風㞑
𩘃	⿺風𠜊
𩘄	⿺風枚
𩘅	⿰皆風
𩘆	⿺風畐
𩘇	⿺風訇
𩘈	⿺風幽
𩘉	⿺風禹
𩘊	⿺風剌
𩘋	⿺風侯
𩘌	⿺風秋
𩘍	⿰兗風
𩘎	⿺風宫
𩘏	⿺風枼
𩘐	⿺風彖
𩘑	⿺風英
𩘒	⿰宣風
𩘓	⿺風斿
𩘔	⿰垔風
𩘕	⿰英風
𩘖	⿺風奓
𩘗	⿺風皆
𩘘	⿺風泉
𩘙	⿺風𢍄
𩘚	⿰韋風
𩘛	⿺風⿰𣧄刂
𩘜	⿺風唐
𩘝	⿺風索
𩘞	⿺風氣
𩘟	⿺風栗
𩘠	⿰⿳夕日夕風
𩘡	⿺風茘
𩘢	⿺風秦
𩘣	⿺風素
𩘤	⿺風曺
𩘥	⿺風豈
𩘦	⿺風⿱臼方
𩘧	⿺風射
𩘨	⿰容風
𩘩	⿰風退
𩘪	⿰風容
𩘫	⿱風海
𩘬	⿱風退
𩘭	⿺風羞
𩘮	⿱敖風
𩘯	⿺風專
𩘰	⿺風宿
𩘱	⿺風率
𩘲	⿺風鳥
𩘳	⿺風曹
𩘴	⿺風習
𩘵	⿱風鳥
𩘶	⿺風旋
𩘷	⿰翏風
𩘸	⿰𮊿風
𩘹	⿺風肅
𩘺	⿺風貴
𩘻	⿺風矞
𩘼	⿺風登
𩘽	⿰棠風
𩘾	⿺風單
𩘿	⿺風𠷎
𩙀	⿰覃風
𩙁	⿰黄風
𩙂	⿰尞風
𩙃	⿰徫風
𩙄	⿰登風
𩙅	⿰矞風
𩙆	⿺風棠
𩙇	⿺風隋
𩙈	⿺風喿
𩙉	⿺風微
𩙊	⿺風𦞅
𩙋	⿱風逾
𩙌	⿱𲋄逾
𩙍	⿰風愈
𩙎	⿺風⿱吅⿻日龶
𩙏	⿰𡔷風
𩙐	⿺檒虫
𩙑	⿺風巤
𩙒	⿰麃風
𩙓	⿺風⿳⿱艹罒冖元
𩙔	⿰劉風
𩙕	⿰暴風
𩙖	⿺風歷
𩙗	⿺風⿱斦金
𩙘	⿺風龍
𩙙	⿺風盧
𩙚	⿺風蕭
𩙛	⿺風薨
𩙜	⿰燮風
𩙝	⿰聶風
𩙞	⿰𤐫風
𩙟	⿱䜌風
𩙠	⿱風⿺風龜
𩙡	⿱䬕䬕
𩙢	⿱⿺風鬼⿰㒸㒸
𩙣	⿱飌⿰⿲习习习流
𩙤	⿰⿱雚𧲏風
𩙥	⿺风犮
𩙦	⿺风白
𩙧	⿺风寿
𩙨	⿺风肃
𩙩	⿺风卓
𩙪	⿺风炎
𩙫	⿺风蚤
𩙬	⿺风贵
𩙭	⿺风索
𩙮	⿺风高
𩙯	⿺风黄
𩙰	⿺风喿
𩙱	⿹⿻𠃧丨⿰冫丿
𩙲	⿰牜飛
𩙳	⿰令飛
𩙴	⿰方⿱𠂉飛
𩙵	⿰軍飛
𩙶	⿰𠦝⿱𠆢飛
𩙷	⿱高飛
𩙸	⿱能飛
𩙹	⿰逢飛
𩙺	⿱飛異
𩙻	⿰飛悲
𩙼	⿰亶飛
𩙽	⿰睘飛
𩙾	⿱𪅝飛
𩚀	⿱⿵𠆢一㿝
𩚁	⿱⿵𠆢一㫐
𩚂	⿰飠乚
𩚃	⿱𠆢⿱⺊旦
𩚄	⿰飠又
𩚅	⿰飠卜
𩚆	⿰飠入
𩚇	⿱食廾
𩚈	⿰飠勺
𩚉	⿰飠也
𩚊	⿰飠⿻⿱㇒一乚
𩚋	⿰飠𠧒
𩚌	⿰飠兀
𩚍	⿰飠巾
𩚎	⿰飠彡
𩚏	⿱夕食
𩚐	⿰飠丸
𩚑	⿰飠凡
𩚒	⿰飠刃
𩚓	⿱巛食
𩚔	⿰飠女
𩚕	⿰飠今
𩚖	⿰飠丑
𩚗	⿰飠冗
𩚘	⿰飠勾
𩚙	⿰飠少
𩚚	⿰飠厄
𩚛	⿰飠内
𩚜	⿱今食
𩚝	⿰飠𭄞
𩚞	⿰飠𢆰
𩚟	⿰飠夬
𩚠	⿰飠方
𩚡	⿰飠支
𩚢	⿰飠互
𩚣	⿰飠日
𩚤	⿰飠气
𩚥	⿰飠巴
𩚦	⿰飠切
𩚧	⿰飠戈
𩚨	⿰飠丘
𩚩	⿰飠古
𩚪	⿰飠示
𩚫	⿰飠正
𩚬	⿰飠戹
𩚭	⿰飠付
𩚮	⿰飠乏
𩚯	⿰飠尼
𩚰	⿰飠卉
𩚱	⿰飠冋
𩚲	⿰飠甲
𩚳	⿰飠弁
𩚴	⿱夗食
𩚵	⿰飠甘
𩚶	⿰飠兄
𩚷	⿰立食
𩚸	⿰飠尓
𩚹	⿰飠令
𩚺	⿰飠⿱𠘧彡
𩚻	⿱⿰止九食
𩚼	⿰飠丕
𩚽	⿰飠玉
𩚾	⿱北食
𩚿	⿰飠叐
𩛀	⿰飠⿱⿻⿹勹丿丶一
𩛁	⿱卯食
𩛂	⿰飠奴
𩛃	⿰飠瓜
𩛄	⿰飠丙
𩛅	⿰飠⿱𠆢女
𩛆	⿰飠㐌
𩛇	⿰飠白
𩛈	⿰歺食
𩛉	⿰飠𦣞
𩛊	⿰飠缶
𩛋	⿰飠𭗼
𩛌	⿰飠⿱大女
𩛍	⿰飠𠂤
𩛎	⿰飠⿱山口
𩛏	⿰飠⿱士女
𩛐	⿰飠𡰱
𩛑	⿰飠伎
𩛒	⿰𦈢食
𩛓	⿰飠𨑏
𩛔	⿰飠先
𩛕	⿰缶食
𩛖	⿰⿱⿵𠆢一㇯？一安
𩛗	⿱𡚱食
𩛘	⿰飠共
𩛙	⿰飠⿱㐅方
𩛚	⿱衣食
𩛛	⿱食共
𩛜	⿰飠対
𩛝	⿰飠寽
𩛞	⿰飠孚
𩛟	⿰飠免
𩛠	⿰飠坐
𩛡	⿰飠良
𩛢	⿱攸食
𩛣	⿰飠志
𩛤	⿰飠甬
𩛥	⿰⿱才飠丮
𩛦	⿰飠呈
𩛧	⿰飠旱
𩛨	⿰飠皃
𩛩	⿰飠夾
𩛪	⿰飠⿸户乞
𩛫	⿰飠𥎦
𩛬	⿳卝⿱土八⿱百厶
𩛭	⿰飠育
𩛮	⿰飠似
𩛯	⿰飠冏
𩛱	⿰飠肖
𩛲	⿰飠芒
𩛳	⿱杋食
𩛴	⿰飠呆
𩛵	⿰飠⿰禾力
𩛶	⿰飠⿸𠂆古
𩛷	⿰飠否
𩛸	⿰飠每
𩛹	⿰飠⿹气土
𩛺	⿰飠匊
𩛻	⿸尸⿱氺食
𩛼	⿰飠录
𩛽	⿰飠匋
𩛾	⿰飠隶
𩛿	⿰飠易
𩜀	⿰飠垂
𩜁	⿰飠夌
𩜂	⿰飠叔
𩜃	⿰飠具
𩜄	⿰飠亞
𩜅	⿰飠昔
𩜆	⿰飠𢆻
𩜇	⿰飠卷
𩜈	⿰飠芺
𩜉	⿰飠舍
𩜊	⿰飠甾
𩜋	⿰飠尚
𩜌	⿰飠宛
𩜍	⿰飠東
𩜎	⿰飠青
𩜏	⿰飠於
𩜐	⿰飠忥
𩜑	⿰飠隹
𩜒	⿱乃養
𩜓	⿰飠采
𩜔	⿱彼食
𩜕	⿱戼食
𩜖	⿰飠⿱山尓
𩜗	⿰飠备
𩜘	⿰飠卒
𩜚	⿰飠⿱旡旡
𩜛	⿰飠𨚪
𩜜	⿰飠幸
𩜝	⿰飠𫰗
𩜞	⿰飠邱
𩜟	⿰飠昂
𩜠	⿰飠岩
𩜡	⿰飠⿱氏灬
𩜢	⿱放食
𩜣	⿰飠𦍎
𩜤	⿰飠波
𩜥	⿱波食
𩜦	⿰飠定
𩜧	⿰飠⿸尸⿱夂几
𩜨	⿱⿰⿱上夕又食
𩜩	⿰飠⿹勹圭
𩜪	⿰飠奈
𩜫	⿰飠枚
𩜬	⿱臤食
𩜭	⿰飠科
𩜮	⿰飠巸
𩜯	⿰飠叜
𩜰	⿰飠畐
𩜱	⿰飠甚
𩜲	⿰飠复
𩜳	⿰飠勇
𩜴	⿰飠咨
𩜵	⿰飠耑
𩜶	⿰飠俞
𩜷	⿰飠柔
𩜸	⿱祅食
𩜹	⿰飠㢲
𩜺	⿰飠訇
𩜻	⿱品食
𩜼	⿰飠者
𩜽	⿰飠彦
𩜾	⿱衍食
𩜿	⿰飠𤓽
𩝀	⿰飠桒
𩝁	⿰飠𢌴
𩝂	⿰飠𥝯
𩝃	⿰飠⿳十艹⿵𠆢十
𩝄	⿰飠咼
𩝅	⿰飠姜
𩝆	⿰飠奐
𩝇	⿰飠某
𩝈	⿰飠咸
𩝉	⿰飠盇
𩝊	⿰飠是
𩝋	⿰飠秋
𩝌	⿰飠㒸
𩝍	⿰飠矦
𩝎	⿰飠𫥎
𩝏	⿰飠美
𩝑	⿰飠宣
𩝒	⿰飠𡧰
𩝓	⿰𡧰食
𩝔	⿰飠胥
𩝕	⿱敄食
𩝖	⿱⿰𣧄刂食
𩝗	⿰飠頁
𩝘	⿰飠⿳厶土⿱一夂
𩝙	⿰飠耆
𩝚	⿰飠蚩
𩝛	⿰飠害
𩝜	⿰飠𡨚
𩝝	⿰飠高
𩝞	⿰飠倉
𩝟	⿰飠臿
𩝠	⿰飠臭
𩝡	⿰飠𠳋
𩝢	⿰飠郎
𩝣	⿰飠𦐇
𩝤	⿰飠恚
𩝥	⿰飠素
𩝦	⿱？食
𩝧	⿰飠修
𩝨	⿰飠𦮃
𩝩	⿰⿱宀𦈢食
𩝪	⿰飠宰
𩝫	⿱將食
𩝬	⿰飠冡
𩝭	⿰飠差
𩝮	⿲飠𦣞已
𩝯	⿰飠⿳穴𠆢夕
𩝰	⿰飠⿱爫𣎼
𩝱	⿰飠益
𩝲	⿰飠畜
𩝳	⿰飠𤰇
𩝴	⿰飠將
𩝵	⿱𰀦食
𩝶	⿱𢔜食
𩝷	⿰飠烏
𩝸	⿰飠冤
𩝹	⿰飠邕
𩝺	⿰飠挼
𩝻	⿰飠真
𩝼	⿰飠𢍃
𩝽	⿰飠强
𩝾	⿰飠商
𩝿	⿰飠啇
𩞀	⿰飠參
𩞁	⿸麻食
𩞂	⿱唬食
𩞃	⿰飠𬀷
𩞄	⿰飠曹
𩞅	⿰飠崔
𩞆	⿰飠從
𩞇	⿸鹿食
𩞈	⿰飠逐
𩞉	⿰飠崇
𩞊	⿰飠既
𩞋	⿰飠庸
𩞌	⿱欶食
𩞍	⿰飠速
𩞎	⿰堇食
𩞏	⿰飠斬
𩞐	⿱從食
𩞑	⿰飠𠦪
𩞒	⿰飠⿱𠀐回
𩞓	⿰飠啚
𩞔	⿰飠⿳土共十
𩞕	⿱敕食
𩞖	⿰飠盖
𩞗	⿰飠𧴴
𩞘	⿰飠㒼
𩞙	⿰飠連
𩞚	⿱旣食
𩞛	⿰飠𰠀
𩞜	⿰飠⿳宀工皿
𩞝	⿰飠⿳⿱㇒㘝八夊
𩞞	⿰⿱飠口⿱旡旡
𩞟	⿱⿰爿寽食
𩞠	⿱𱁈食
𩞡	⿰飠戠
𩞢	⿰飠隋
𩞣	⿱𭈹食
𩞤	⿱敦食
𩞥	⿰飠敞
𩞦	⿰飠掌
𩞧	⿰飠象
𩞨	⿸厤食
𩞩	⿰飠黄
𩞪	⿰飠𦓔
𩞫	⿰飠異
𩞬	⿰飠登
𩞭	⿰飠羕
𩞮	⿰飠⿱𠀐囬
𩞯	⿰飠量
𩞰	⿰飠答
𩞱	⿰飠逹
𩞲	⿰飠替
𩞳	⿰飠⿳卉⿱八𠆢十
𩞴	⿰飠⿳⿱十艹⿱冖八十
𩞵	⿰飠壺
𩞶	⿰飠⿱艹⿰阝⿱厶夫
𩞷	⿰飠畱
𩞸	⿰飠粟
𩞹	⿱猒食
𩞺	⿱⿰周欠食
𩞻	⿰飠粦
𩞼	⿰飠叅
𩞽	⿰飠發
𩞾	⿰飠蜀
𩞿	⿰飠感
𩟀	⿰飠雍
𩟁	⿰飠睘
𩟂	⿰飠過
𩟃	⿰飠零
𩟄	⿰飠熙
𩟅	⿰飠僉
𩟆	⿰飠遀
𩟇	⿰飠奥
𩟈	⿰飠當
𩟉	⿰飠𦋅
𩟊	⿰飠農
𩟋	⿰飠詹
𩟌	⿰飠⿳艹⿰土厶夭
𩟍	⿰飠𡈏
𩟎	⿰飠喿
𩟏	⿰飠盞
𩟐	⿰飠達
𩟑	⿰飠⿱𡷈介
𩟒	⿰飠⿱穴夌
𩟓	⿰飠蒦
𩟔	⿰飠察
𩟕	⿰飠壽
𩟖	⿰飠𭀰
𩟗	⿱漸食
𩟘	⿰飠蒸
𩟙	⿰飠截
𩟚	⿱皷食
𩟛	⿰飠蒪
𩟜	⿰⿱山飠⿳出𠫔𫶧
𩟝	⿰飠盡
𩟞	⿰飠夢
𩟟	⿰飠⿳左⺝皿
𩟠	⿰飠麼
𩟡	⿰飠對
𩟢	⿰飠蒲
𩟣	⿰飠⿱左昷
𩟤	⿰飠⿱左𥁕
𩟥	⿰飠嶲
𩟦	⿰飠𢧵
𩟧	⿰飠樂
𩟨	⿱⿰周谷食
𩟩	⿰飠寮
𩟪	⿰飠賛
𩟫	⿰飠⿱叕酉
𩟬	⿰飠磊
𩟭	⿰飠龍
𩟮	⿰飠褱
𩟯	⿰飠霍
𩟰	⿰飠橐
𩟱	⿰飠䝿
𩟲	⿰飠⿱大賁
𩟳	⿰飠⿱余思
𩟴	⿰飠𢿨
𩟵	⿰飠篤
𩟶	⿰飠韱
𩟷	⿱雝食
𩟸	⿱⿰𡧱𡧱食
𩟹	⿰飠瞿
𩟺	⿰飠藍
𩟻	⿰飠曩
𩟼	⿰餒養
𩟽	⿰飠靈
𩟾	⿰饣氏
𩟿	⿰饣内
𩠀	⿰饣巴
𩠁	⿰饣甘
𩠂	⿰饣㐌
𩠃	⿰饣夹
𩠄	⿰饣来
𩠅	⿰饣达
𩠆	⿰饣定
𩠇	⿰饣迅
𩠈	⿰饣念
𩠉	⿰饣卷
𩠊	⿰饣耑
𩠋	⿰饣胥
𩠌	⿰饣送
𩠍	⿰饣旋
𩠎	⿰饣曹
𩠏	⿰饣掌
𩠐	⿱巛𦣻
𩠑	⿰丁首
𩠒	⿰九𩠐
𩠓	⿰首乞
𩠔	⿰首毛
𩠕	⿰首犮
𩠖	⿰犮𩠐
𩠗	⿰皮首
𩠘	⿱首外
𩠙	⿰犮首
𩠚	⿰首亥
𩠛	⿰首𦣞
𩠜	⿰𩠐旨
𩠝	⿰𩠐臣
𩠞	⿰臣𩠐
𩠟	⿱⿰首巳个
𩠠	⿰首会
𩠡	⿰𩠐𦣞
𩠢	⿰𦣞𩠐
𩠣	⿰夾𩠐
𩠤	⿰首甫
𩠥	⿰⿱⺊目首
𩠦	⿰肖首
𩠧	⿰首局
𩠨	⿱秇首
𩠩	⿰首𢼂
𩠪	⿰彦𩠐
𩠫	⿰軍𩠐
𩠬	⿰首首
𩠭	⿰首屋
𩠮	⿳首冖𭭛
𩠯	⿰首姬
𩠰	⿳首冖政
𩠱	⿰首追
𩠲	⿰首國
𩠳	⿰首椎
𩠴	⿰首會
𩠵	⿰首寨
𩠶	⿱嫩首
𩠷	⿱⿰镸⿱彡犮首
𩠸	⿰首篤
𩠹	⿱斷首
𩠺	⿱香一
𩠻	⿰香今
𩠼	⿱禾杳
𩠽	⿰香木
𩠾	⿸疒香
𩠿	⿰香末
𩡀	⿰香𣎵
𩡁	⿰香令
𩡂	⿰香兆
𩡃	⿰香申
𩡄	⿰香禾
𩡅	⿰香米
𩡆	⿱香𢀵
𩡇	⿰香夆
𩡈	⿰香肖
𩡉	⿰香芬
𩡊	⿰委香
𩡋	⿰香忝
𩡌	⿱香香
𩡍	⿰⿳禾氺日犬
𩡎	⿰香幽
𩡏	⿰香郁
𩡐	⿰香香
𩡑	⿰⿱𣅀夕香
𩡒	⿰香⿱⿱十冖𭒹
𩡓	⿰香翁
𩡔	⿰香害
𩡕	⿰旁香
𩡖	⿰香爱
𩡗	⿰香臭
𩡘	⿰香夏
𩡙	⿰香㒼
𩡚	⿰香盖
𩡛	⿱尉香
𩡜	⿱香朗
𩡝	⿰香覃
𩡞	⿰香貴
𩡟	⿰香⿱业⿵冂⿴⿰⿱丶㇀⿱㇒丶丨
𩡠	⿱黍香
𩡡	⿰香敝
𩡢	⿱𩡐灬
𩡣	⿰香愛
𩡤	⿰香蓋
𩡥	⿰香⿳⿱亠中⿴囗缶小
𩡦	⿰香𣞈
𩡧	⿹？卌
𩡨	⿱㇒馬
𩡩	⿰馬八
𩡪	⿰十馬
𩡫	⿵𠘨馬
𩡬	⿰馬？
𩡭	⿰馬卜
𩡮	⿰馬人
𩡯	⿰馬丁
𩡰	⿰馬卂
𩡱	⿱大馬
𩡲	⿰馬刃
𩡳	⿱馬口
𩡴	⿰馬千
𩡵	⿰卂馬
𩡶	⿰馬土
𩡷	⿱犬馬
𩡸	⿰馬帀
𩡹	⿰馬气
𩡺	⿰馬介
𩡻	⿰馬夭
𩡼	⿰馬卞
𩡽	⿰爿馬
𩡾	⿰馬少
𩡿	⿱凹馬
𩢀	⿰馬屯
𩢁	⿸⿱䒑丿馬
𩢂	⿱双馬
𩢃	⿰馬㕛
𩢄	⿰馬元
𩢅	⿰馬戈
𩢆	⿰馬⿱中𠃌
𩢇	⿰馬仅
𩢈	⿰馬𠤏
𩢉	⿰户馬
𩢊	⿰馬⿱力力
𩢋	⿰馬月
𩢌	⿰文馬
𩢍	⿰馬瓜
𩢎	⿰馬出
𩢏	⿱馬⿻口⿰丿丨
𩢐	⿰馬乍
𩢑	⿰此馬
𩢒	⿰馬幼
𩢓	⿱馬丱
𩢔	⿰馬半
𩢕	⿰馬本
𩢖	⿰馬末
𩢗	⿱卭馬
𩢘	⿰馬叵
𩢙	⿱𡗜馬
𩢚	⿰馬叐
𩢛	⿰馬匃
𩢜	⿰馬尒
𩢝	⿰馬片
𩢞	⿰馬卭
𩢟	⿰馬⿱力口
𩢠	⿰台馬
𩢡	⿰馬冉
𩢢	⿰馬只
𩢣	⿰馬⿱丷亐
𩢤	⿰馬玉
𩢥	⿱央馬
𩢦	⿰馬冬
𩢧	⿱馬去
𩢨	⿰馬甘
𩢩	⿰馬㐀
𩢪	⿰馬古
𩢫	⿱生馬
𩢬	⿰馬卢
𩢭	⿰馬此
𩢮	⿰休馬
𩢯	⿰馬㠩
𩢰	⿰馬伏
𩢱	⿰馬回
𩢲	⿰馬吏
𩢳	⿰羽馬
𩢴	⿰馬吉
𩢵	⿰馬宅
𩢶	⿰馬？
𩢷	⿰馬百
𩢸	⿰馬舟
𩢹	⿰馬臼
𩢺	⿰馬䏍
𩢻	⿰朱馬
𩢼	⿰馬匡
𩢽	⿱巩馬
𩢾	⿱列馬
𩢿	⿰馬缶
𩣀	⿰馬肉
𩣁	⿰馬⿱内𠀁
𩣂	⿰先馬
𩣃	⿰馬𭗼
𩣄	⿰馬⿸厂𫧇
𩣅	⿱臼馬
𩣇	⿰馬巟
𩣈	⿰㠩馬
𩣉	⿱如馬
𩣊	⿰馬戌
𩣋	⿰馬有
𩣌	⿰馬业
𩣍	⿰馬仰
𩣎	⿰⿱匕夫馬
𩣏	⿱舛馬
𩣐	⿰巟馬
𩣑	⿰馬安
𩣒	⿰馬刕
𩣓	⿰馬𫾦
𩣔	⿰馬夸
𩣕	⿰馬匠
𩣖	⿰馬吝
𩣗	⿰求馬
𩣘	⿰馬𦔮
𩣙	⿰馬𢆍
𩣚	⿰馬否
𩣛	⿰馬⿻⿱㇒乚⿰土匕
𩣜	⿰馬𦈢
𩣝	⿰馬步
𩣞	⿰馬岌
𩣟	⿱沙馬
𩣠	⿰沙馬
𩣡	⿰馬孛
𩣢	⿰馬囱
𩣣	⿰我馬
𩣤	⿰馬⿱彡冗
𩣥	⿰馬谷
𩣦	⿰馬免
𩣧	⿰馬妥
𩣨	⿱我馬
𩣩	⿰馬折
𩣪	⿰馬巠
𩣫	⿰馬利
𩣬	⿰馬叓
𩣭	⿰馬忩
𩣮	⿰馬兔
𩣯	⿰馬沓
𩣰	⿰馬䘚
𩣱	⿰馬坴
𩣲	⿰馬典
𩣳	⿰馬東
𩣴	⿰馬⿸广去
𩣵	⿰馬宛
𩣶	⿱明馬
𩣷	⿰垂馬
𩣸	⿰馬阜
𩣹	⿰屈馬
𩣺	⿰馬奔
𩣻	⿰芺馬
𩣼	⿰馬空
𩣽	⿰馬匊
𩣾	⿰馬陁
𩣿	⿰馬⿱丑丑
𩤀	⿰馬並
𩤁	⿰馬囷
𩤂	⿰馬臽
𩤃	⿰馬亞
𩤄	⿰𩡱包
𩤅	⿰馬居
𩤆	⿱林馬
𩤇	⿰馬侖
𩤈	⿰馬昔
𩤉	⿰馬花
𩤊	⿰馬戔
𩤋	⿰馬𣏔
𩤌	⿰虎馬
𩤍	⿰馬⿹勹⿱䶹䶹
𩤎	⿰馬店
𩤏	⿰馬卒
𩤐	⿰馬㫄
𩤑	⿰馬𨐌
𩤒	⿰馬宜
𩤓	⿰馬屈
𩤔	⿰馬奄
𩤕	⿰馬表
𩤖	⿰馬𠒆
𩤗	⿰馬⿱癶毛
𩤘	⿰馬𡿺
𩤙	⿰馬亭
𩤚	⿰馬耑
𩤛	⿰馬禺
𩤜	⿰馬者
𩤝	⿰馬敄
𩤞	⿰馬罙
𩤟	⿰馬昜
𩤠	⿰馬皆
𩤡	⿰宣馬
𩤢	⿰馬帝
𩤣	⿰馬段
𩤤	⿰面馬
𩤥	⿰馬咸
𩤦	⿰姦馬
𩤧	⿰馬炭
𩤨	⿰馬侵
𩤩	⿰客馬
𩤪	⿰馬⿱⿻千从凵
𩤫	⿰馬𢏚
𩤬	⿰馬⿱𠮛冋
𩤭	⿰馬𢦦
𩤮	⿰馬韋
𩤯	⿱英馬
𩤰	⿳曲⿱一八馬
𩤱	⿰馬苖
𩤲	⿰馬剌
𩤳	⿰馬㪅
𩤴	⿰馬厖
𩤵	⿰馬星
𩤶	⿰馬昴
𩤷	⿰馬？
𩤸	⿰馬胃
𩤹	⿱馬香
𩤺	⿱臾馬
𩤻	⿰馬⿱爫𠂕
𩤼	⿰馬⿱⿵𠆢一亚
𩤽	⿰馬虒
𩤾	⿰馬虔
𩤿	⿰馬⿱帚又
𩥀	⿰馬氣
𩥁	⿰馬唐
𩥂	⿰馬耆
𩥃	⿰馬冡
𩥄	⿰馬真
𩥅	⿰馬舀
𩥆	⿰馬旅
𩥇	⿰馬展
𩥈	⿰馬昷
𩥉	⿰馬豈
𩥊	⿱高馬
𩥋	⿱馬馬
𩥌	⿰馬害
𩥍	⿰馬𬙮
𩥎	⿰馬務
𩥏	⿰馬耊
𩥐	⿰馬師
𩥑	⿰馬𦐇
𩥒	⿰馬𮎰
𩥓	⿰舀馬
𩥔	⿱⿰月永馬
𩥕	⿰馬⿱廿⿻口土
𩥖	⿰留馬
𩥗	⿰馬𠂹
𩥘	⿰馬峳
𩥙	⿰馬差
𩥚	⿰馬秦
𩥛	⿰馬翁
𩥜	⿰馬⿰方𠂢
𩥝	⿰馬恣
𩥞	⿰耆馬
𩥟	⿰馬𥑟
𩥠	⿰馬荅
𩥡	⿰⿱覀馬⿵几二
𩥢	⿺鬼馬
𩥣	⿰馬䍃
𩥤	⿰馬⿱亠隹
𩥥	⿰馬𪧐
𩥦	⿱務馬
𩥧	⿰馬𦤃
𩥨	⿰馬𠃀
𩥩	⿰馬弱
𩥪	⿰馬峯
𩥫	⿰馬舂
𩥬	⿰馬离
𩥭	⿰馬魚
𩥮	⿰馬産
𩥯	⿱殹馬
𩥰	⿰馬奜
𩥱	⿰馬𣳾
𩥲	⿰馬⿰束夫
𩥳	⿰馬戜
𩥴	⿰馬犁
𩥵	⿰馬㕘
𩥶	⿰馬粛
𩥷	⿰馬⿱彡宗
𩥸	⿰馬⿸厂𫇮
𩥹	⿰馬敕
𩥺	⿰馬㽞
𩥻	⿰馬庸
𩥼	⿰馬戚
𩥽	⿰馬途
𩥾	⿰馬⿳𠆢⿻丅口从
𩥿	⿰馬宿
𩦀	⿰馬梨
𩦁	⿰馬⿱𠂹一
𩦂	⿰馬閒
𩦃	⿰馬閑
𩦄	⿰馬犂
𩦅	⿰馬棃
𩦆	⿰馬椉
𩦇	⿰馬喜
𩦈	⿰馬⿳覀二火
𩦉	⿱敝馬
𩦊	⿰馬寒
𩦋	⿰馬幾
𩦌	⿰馬喪
𩦍	⿰童馬
𩦎	⿰馬斐
𩦏	⿰馬⿱山曷
𩦐	⿰馬善
𩦑	⿰馬𠷎
𩦒	⿰馬厥
𩦓	⿰馬開
𩦔	⿰馬⿵門巿
𩦕	⿰馬⿹𢦏⿱口䒑
𩦖	⿰馬巽
𩦗	⿰馬萃
𩦘	⿰馬⿱龷隹
𩦙	⿲馬束矢
𩦚	⿰馬尞
𩦛	⿰𡍮馬
𩦜	⿱勝馬
𩦝	⿰馬盛
𩦞	⿰馬葛
𩦟	⿰馬葵
𩦠	⿰馬剽
𩦡	⿱與馬
𩦢	⿰馬虞
𩦣	⿰馬𩰬
𩦤	⿰馬戢
𩦥	⿰馬賁
𩦦	⿰馬葬
𩦧	⿰馬㬅
𩦨	⿱敫馬
𩦩	⿰馬雋
𩦪	⿰馬㐮
𩦫	⿰馬裊
𩦬	⿰馬⿱龹足
𩦭	⿰馬葉
𩦮	⿰馬睘
𩦯	⿰馬𥇡
𩦰	⿰馬𠌶
𩦱	⿰馬會
𩦲	⿰馬𡕰
𩦳	⿰馬𥪖
𩦴	⿰馬閙
𩦵	⿸䧹馬
𩦶	⿰虎駦
𩦷	⿰馬截
𩦸	⿰馬兾
𩦹	⿰馬監
𩦺	⿰馬蒙
𩦻	⿳亾口⿲月馬丮
𩦼	⿰馬雒
𩦽	⿰馬臺
𩦾	⿰驃寸
𩦿	⿰馬賔
𩧀	⿰馬𢧤
𩧁	⿰馬⿱取⿲人人人
𩧂	⿰馬樂
𩧃	⿰馬厲
𩧄	⿰馬質
𩧅	⿰馬樊
𩧆	⿰馬巤
𩧇	⿰馬蔡
𩧈	⿰馬賣
𩧉	⿰馬廣
𩧊	⿰馬夐
𩧋	⿰馬黎
𩧌	⿱騳术
𩧍	⿰馬磊
𩧎	⿰馬嶲
𩧏	⿰馬霍
𩧐	⿰馬橐
𩧑	⿲馬音尨
𩧒	⿰馬穒
𩧓	⿰馬蕭
𩧔	⿱顃馬
𩧕	⿱⿲石車石馬
𩧖	⿰馬⿱⿻千𠈌糸
𩧗	⿰馬𧹳
𩧘	⿰馬瞿
𩧙	⿰馬𤐫
𩧚	⿰瞿馬
𩧛	⿰馬鞫
𩧜	⿰馬轉
𩧝	⿰馬𧝑
𩧞	⿰馬⿱𥝢⿰𱥯㐄
𩧟	⿰馬爕
𩧠	⿰馬𤛿
𩧡	⿰矍馬
𩧢	⿲馬馬馬
𩧣	⿰馬⿱吂⿲月⿱卝干丮
𩧤	⿰馬𪉷
𩧥	⿰馬驢
𩧦	⿰马介
𩧧	⿰马立
𩧨	⿰马由
𩧩	⿰马戋
𩧪	⿰马龙
𩧫	⿰马央
𩧬	⿰马冉
𩧭	⿰马失
𩧮	⿱列马
𩧯	⿰马发
𩧰	⿰马军
𩧱	⿰马岂
𩧲	⿰马同
𩧳	⿰马舟
𩧴	⿰马全
𩧵	⿰马吉
𩧶	⿱舛马
𩧷	⿰牢马
𩧸	⿰利马
𩧹	⿰马里
𩧺	⿰马局
𩧻	⿰马宛
𩧼	⿰马奔
𩧽	⿰马固
𩧾	⿰马垔
𩧿	⿰马畐
𩨀	⿰马曷
𩨁	⿰马春
𩨂	⿰马总
𩨃	⿰马建
𩨄	⿰马叟
𩨅	⿰马胃
𩨆	⿰马亭
𩨇	⿰马娄
𩨈	⿰马俞
𩨉	⿰马剌
𩨊	⿰马前
𩨋	⿰马真
𩨌	⿰马𦐇
𩨍	⿰马展
𩨎	⿰马異
𩨏	⿰马番
𩨐	⿰马巤
𩨑	⿰骨丁
𩨒	⿰骨几
𩨓	⿰骨卜
𩨔	⿺九骨
𩨕	⿰骨已
𩨖	⿰骨卂
𩨗	⿰骨亏
𩨘	⿰骨乞
𩨙	⿰骨弓
𩨚	⿰骨女
𩨛	⿰骨乇
𩨜	⿰骨巴
𩨝	⿰骨支
𩨞	⿰骨及
𩨟	⿰骨爻
𩨠	⿰骨牙
𩨡	⿰骨少
𩨢	⿰骨爪
𩨣	⿰骨方
𩨤	⿰骨𢆰
𩨥	⿰骨冘
𩨦	⿰骨兮
𩨧	⿰骨⿱𠆢⿰丿𠃌
𩨨	⿰骨比
𩨩	⿰骨反
𩨪	⿰骨⿱八勹
𩨫	⿰骨尹
𩨬	⿰骨玄
𩨭	⿰骨它
𩨮	⿸屵骨
𩨯	⿰骨斥
𩨰	⿰骨失
𩨱	⿱此骨
𩨲	⿰骨必
𩨳	⿰出骨
𩨴	⿰骨号
𩨵	⿰骨只
𩨶	⿰骨⿱㇒⿻𱍸㇒
𩨷	⿰骨⿱山匕
𩨸	⿰骨出
𩨹	⿰骨甲
𩨺	⿰骨⿱𠂉⿻几一
𩨻	⿰骨主
𩨼	⿰骨丘
𩨽	⿰骨𠂤
𩨾	⿰骨危
𩨿	⿰骨灰
𩩀	⿰骨𭗼
𩩁	⿰骨充
𩩂	⿰骨合
𩩃	⿰骨⿱大干
𩩄	⿰骨开
𩩅	⿰骨同
𩩆	⿰骨⿱山𰀄
𩩇	⿰充骨
𩩈	⿰骨会
𩩉	⿰骨孝
𩩊	⿰骨含
𩩋	⿰骨巠
𩩌	⿰骨系
𩩍	⿰骨甹
𩩎	⿰骨𠯑
𩩏	⿰骨𡧐
𩩐	⿰骨肙
𩩑	⿰骨吾
𩩒	⿰骨豕
𩩓	⿰骨肖
𩩔	⿰骨足
𩩕	⿰骨皃
𩩖	⿰骨弄
𩩗	⿰骨舍
𩩘	⿱於骨
𩩙	⿰骨𤰞
𩩚	⿰骨畀
𩩛	⿰骨奇
𩩜	⿰阝⿱左骨
𩩝	⿰骨空
𩩞	⿰骨垂
𩩟	⿰骨叕
𩩠	⿰骨卒
𩩡	⿰骨夌
𩩢	⿰骨兒
𩩣	⿰骨育
𩩤	⿰骨亞
𩩥	⿰骨𣏼
𩩦	⿰骨於
𩩧	⿰骨炎
𩩨	⿰骨⿱皮川
𩩩	⿰骨表
𩩪	⿰昌骨
𩩫	⿰骨昌
𩩬	⿰⿱⿳士冖一几骨
𩩭	⿰骨省
𩩮	⿰骨度
𩩯	⿰骨扁
𩩰	⿰骨皆
𩩱	⿰骨叚
𩩳	⿰骨重
𩩴	⿰骨咸
𩩵	⿰骨侯
𩩶	⿰骨食
𩩷	⿰骨彦
𩩸	⿰骨革
𩩹	⿰骨㪅
𩩺	⿰骨泉
𩩻	⿰骨盾
𩩼	⿰骨⿱彡䏍
𩩽	⿰骨矦
𩩾	⿰骨⿸户⿱二巳
𩩿	⿰骨音
𩪀	⿰骨追
𩪁	⿰骨鬼
𩪂	⿰骨豈
𩪃	⿰骨害
𩪄	⿰骨𢀡
𩪅	⿰骨𣬉
𩪆	⿰骨骨
𩪇	⿰骨𧴲
𩪈	⿰骨𧴪
𩪉	⿰骨鹿
𩪊	⿰骨票
𩪋	⿱敖骨
𩪌	⿰骨逢
𩪍	⿰骨區
𩪎	⿰骨莽
𩪏	⿰骨⿱左肉
𩪐	⿰骨國
𩪑	⿰骨巢
𩪒	⿰骨⿱艹𦒳
𩪓	⿰骨崔
𩪔	⿱𣪍骨
𩪕	⿰骨敖
𩪖	⿰骨畢
𩪗	⿰骨厥
𩪘	⿰骨童
𩪙	⿰骨啻
𩪚	⿰骨尞
𩪛	⿰骨菐
𩪜	⿸厥骨
𩪝	⿰骨⿱苑土
𩪞	⿰骨巽
𩪟	⿰骨𠶷
𩪠	⿸䧹骨
𩪡	⿱殿骨
𩪢	⿰骨歆
𩪣	⿰骨意
𩪤	⿰骨業
𩪥	⿰骨零
𩪦	⿰骨隓
𩪧	⿰骨辟
𩪨	⿱𢾍骨
𩪩	⿰骨⿳⿳亠丷冖中口
𩪪	⿰骨⿸厘灬
𩪫	⿰骨⿳艹𰀆未
𩪬	⿰骨廉
𩪭	⿰骨蒦
𩪮	⿰骨麼
𩪯	⿰骨賔
𩪰	⿰骨需
𩪱	⿰骨熏
𩪲	⿰骨齒
𩪳	⿰骨𢀩
𩪴	⿰骨養
𩪵	⿰骨數
𩪶	⿰骨節
𩪷	⿰骨隨
𩪸	⿰骨歷
𩪹	⿰骨䝿
𩪺	⿰骨曇
𩪻	⿰骨⿱𥫗𭾬
𩪼	⿰骨雚
𩪽	⿰骨斷
𩪾	⿱䜌骨
𩪿	⿰高丸
𩫀	⿱高夨
𩫁	⿰高毛
𩫂	⿱高孔
𩫃	⿱⿳亠口回子
𩫄	⿰高斗
𩫅	⿰高戈
𩫆	⿰高升
𩫇	⿱不高
𩫈	⿰高犬
𩫉	⿱𠚪高
𩫊	⿱高𡉀
𩫋	⿰高皮
𩫌	⿱高冋
𩫍	⿱高生
𩫎	⿱高⿳一𠂊巾
𩫏	⿳⿱亠口回⿱口十
𩫐	⿰并高
𩫑	⿰高并
𩫒	⿱高𢁓
𩫓	⿱高死
𩫔	⿰高⿱㇒⿻一止
𩫕	⿱高豕
𩫖	⿳⿱亠口回⿱𠙼丨
𩫗	⿱高⿱回丨
𩫘	⿰高肙
𩫙	⿰高身
𩫚	⿱高㣇
𩫛	⿰高卒
𩫜	⿰高𢌿
𩫝	⿰高卑
𩫞	⿱高彖
𩫟	⿰高㘶
𩫠	⿰𩫏夬
𩫡	⿰槀亘
𩫢	⿰高貢
𩫣	⿰高員
𩫤	⿰高桀
𩫥	⿰巢高
𩫦	⿰高參
𩫧	⿰𩫏亘
𩫨	⿰𩫏成
𩫩	⿰𩫏邑
𩫪	⿰⿳高口十卑
𩫫	⿰𩫏卑
𩫬	⿰高鼻
𩫭	⿰𩫏者
𩫮	⿰𩫖卑
𩫯	⿰𩫏尃
𩫰	⿰𩫏婁
𩫱	⿰𩫏庸
𩫲	⿱高蟲
𩫳	⿰嚻高
𩫴	⿱髟九
𩫵	⿱髟八
𩫶	⿱髟了
𩫷	⿱髟𠤎
𩫸	⿱髟力
𩫹	⿱髟巾
𩫺	⿱髟山
𩫻	⿱髟己
𩫼	⿱髟凡
𩫽	⿱髟土
𩫾	⿱髟丫
𩫿	⿱髟帀
𩬀	⿱髟内
𩬁	⿱髟氏
𩬂	⿰镸辵
𩬃	⿱髟爻
𩬄	⿱髟龰
𩬅	⿱髟丹
𩬆	⿱髟丐
𩬇	⿱髟犬
𩬈	⿱髟比
𩬉	⿱髟分
𩬊	⿱髟火
𩬋	⿱髟⿱又十
𩬌	⿱髟允
𩬍	⿱髟毋
𩬎	⿱髟壬
𩬏	⿱髟⺝
𩬐	⿱髟爪
𩬑	⿱髟占
𩬒	⿱髟⿱冖巾
𩬓	⿱髟⿱𠂉巾
𩬔	⿱髟令
𩬕	⿱髟戊
𩬖	⿱髟㐱
𩬗	⿱髟幼
𩬘	⿱髟尔
𩬙	⿱髟付
𩬚	⿱髟甘
𩬛	⿱髟⿰工几
𩬜	⿱髟尻
𩬝	⿱髟丙
𩬞	⿱髟目
𩬟	⿱髟乍
𩬠	⿱髟台
𩬡	⿱髟丘
𩬢	⿱髟出
𩬣	⿱髟𢀖
𩬤	⿱髟龙
𩬥	⿱髟册
𩬦	⿱髟立
𩬧	⿱髟正
𩬨	⿱髟去
𩬩	⿱髟古
𩬪	⿱髟乏
𩬫	⿱髟只
𩬬	⿰镸⿱彡皿
𩬭	⿱髟失
𩬮	⿱髟用
𩬯	⿱髟尒
𩬰	⿱髟巩
𩬱	⿱髟兆
𩬲	⿱髟曳
𩬳	⿱髟肉
𩬴	⿱髟㔻
𩬵	⿱髟印
𩬶	⿱髟聿
𩬷	⿱髟𭗼
𩬸	⿱髟屰
𩬹	⿱髟匡
𩬺	⿱髟旨
𩬻	⿱髟朵
𩬼	⿱髟⿴囗夊
𩬽	⿱髟𣎼
𩬾	⿱髟亚
𩬿	⿱髟衣
𩭀	⿱髟有
𩭁	⿱髟⿰川川
𩭂	⿱髟光
𩭃	⿱髟虫
𩭄	⿱髟米
𩭅	⿱髟羽
𩭆	⿱髟合
𩭇	⿱髟里
𩭈	⿱髟𦣻
𩭉	⿱髟希
𩭊	⿱髟局
𩭋	⿱髟困
𩭌	⿱髟夾
𩭍	⿱髟否
𩭎	⿱髟⿱山方
𩭏	⿱髟妥
𩭐	⿱髟豕
𩭑	⿱髟赤
𩭒	⿱髟尨
𩭓	⿱髟酉
𩭔	⿱髟彷
𩭕	⿱髟⿱宀允
𩭖	⿱髟杏
𩭗	⿱髟甫
𩭘	⿱髟材
𩭙	⿱髟巠
𩭚	⿱髟呆
𩭛	⿱髟角
𩭜	⿱髟吹
𩭝	⿱髟我
𩭞	⿱髟隶
𩭟	⿱髟卓
𩭠	⿱髟肩
𩭡	⿱髟昔
𩭢	⿱髟岸
𩭣	⿱髟沓
𩭤	⿱髟忩
𩭥	⿱髟臽
𩭦	⿱髟垂
𩭧	⿱髟卑
𩭨	⿱髟長
𩭩	⿱髟東
𩭪	⿱髟屈
𩭫	⿱髟兩
𩭬	⿱髟彿
𩭭	⿱髟昆
𩭮	⿱髟念
𩭯	⿱髟亞
𩭰	⿱髟杳
𩭱	⿱髟旾
𩭲	⿱髟的
𩭳	⿱髟忽
𩭴	⿱髟空
𩭵	⿱髟官
𩭶	⿱髟油
𩭷	⿱髟來
𩭸	⿱髟㕻
𩭹	⿱髟参
𩭺	⿱髟畐
𩭻	⿱髟昚
𩭼	⿱髟保
𩭽	⿱髟客
𩭾	⿱髟敄
𩭿	⿱髟背
𩮀	⿱髟怱
𩮁	⿱髟契
𩮂	⿱髟曷
𩮃	⿱髟叜
𩮄	⿱髟秏
𩮅	⿱髟奓
𩮆	⿱髟則
𩮇	⿱髟⿱穴方
𩮈	⿱髟酋
𩮉	⿱髟𥄁
𩮊	⿰镸⿳彡𠔿𠂡
𩮋	⿱髟音
𩮌	⿱髟相
𩮍	⿱髟食
𩮎	⿱髟查
𩮏	⿱髟咸
𩮐	⿱髟禺
𩮑	⿱髟咼
𩮒	⿱髟𬙙
𩮓	⿳髟𠔿𠂡
𩮔	⿱髟軍
𩮕	⿱髟侵
𩮖	⿱髟豈
𩮗	⿱髟竝
𩮘	⿱髟高
𩮙	⿱髟茸
𩮚	⿱髟蚤
𩮛	⿱髟索
𩮜	⿱髟剔
𩮝	⿱髟害
𩮞	⿱髟狸
𩮟	⿱髟⿻干⿴囗从
𩮠	⿱髟容
𩮡	⿱髟冡
𩮢	⿱髟𡋲
𩮣	⿱髟歬
𩮤	⿱髟⿰矛犮
𩮥	⿱髟𰛖
𩮦	⿱髟脊
𩮧	⿱髟桑
𩮨	⿱髟盍
𩮩	⿱髟倉
𩮪	⿳髟⿻罒一心
𩮫	⿱髟殺
𩮬	⿱髟翁
𩮭	⿱髟師
𩮮	⿱髟烏
𩮯	⿱髟敖
𩮰	⿱髟悤
𩮱	⿱髟舂
𩮲	⿱髟産
𩮳	⿱髟票
𩮴	⿱髟崔
𩮵	⿱殹髟
𩮶	⿱髟欶
𩮷	⿱髟兜
𩮸	⿱髟敕
𩮹	⿱髟累
𩮺	⿱髟⿳日罒力
𩮻	⿳髟𠔿⿲⿺𠄌⺀⿺𠄌⺀㇂
𩮼	⿱髟務
𩮽	⿱髟𦰩
𩮾	⿱髟殹
𩮿	⿱髟執
𩯀	⿱髟速
𩯁	⿱髟婁
𩯂	⿱髟既
𩯃	⿱髟費
𩯄	⿱髟尊
𩯅	⿱髟富
𩯆	⿱髟堯
𩯇	⿱髟登
𩯈	⿱髟戠
𩯉	⿱髟最
𩯊	⿱髟尞
𩯋	⿱髟戟
𩯌	⿱髟發
𩯍	⿱髟⿱艹⿸耳又
𩯎	⿱髟盛
𩯏	⿱髟菐
𩯐	⿱髟萅
𩯑	⿱髟叅
𩯒	⿱髟𰷣
𩯓	⿱髟⿳巛𠔿𠂡
𩯔	⿱髟𡩏
𩯕	⿱髟疏
𩯖	⿱髟棕
𩯗	⿱髟黑
𩯘	⿱髟喬
𩯙	⿱髟⿱㇒𬑔
𩯚	⿱髟隋
𩯛	⿱髟敫
𩯜	⿱髟虜
𩯝	⿱髟葛
𩯞	⿱髟粲
𩯟	⿱髟喿
𩯠	⿳髟白⿱穴口
𩯡	⿱髟鼠
𩯢	⿱⿰镸⿱彡犬首
𩯣	⿱髟𡕰
𩯤	⿱髟亶
𩯥	⿳髟春灬
𩯦	⿱髟壽
𩯧	⿱髟𡬽
𩯨	⿱髟爾
𩯩	⿱髟臧
𩯪	⿱髟綰
𩯫	⿰镸⿱彡賔
𩯬	⿱髟貍
𩯭	⿱髟賔
𩯮	⿱髟滿
𩯯	⿱髟𭀰
𩯰	⿱髟𢧵
𩯱	⿱髟暴
𩯲	⿱髟憃
𩯳	⿱髟賛
𩯴	⿱髟瞏
𩯵	⿱髟⿱𠆢意
𩯶	⿱髟韯
𩯷	⿰𩮴戈
𩯸	⿱髟𢀩
𩯹	⿱髟磊
𩯺	⿱髟歷
𩯻	⿳髟𠔿聑
𩯼	⿱髟瞢
𩯽	⿱髟賴
𩯾	⿳髟昍厒
𩯿	⿱髟䝿
𩰀	⿱髟龍
𩰁	⿱髟韱
𩰂	⿱髟霝
𩰃	⿱髟毚
𩰄	⿱髟濱
𩰅	⿱髟藏
𩰆	⿱髟𭋷
𩰇	⿱髟⿰首⿱𡗜支
𩰈	⿱髟饒
𩰉	⿱髟囊
𩰊	⿰王丨
𩰋	⿰丨王
𩰌	⿵鬥乞
𩰍	⿵鬥卞
𩰎	⿵鬥戈
𩰏	⿵鬥分
𩰐	⿵鬥尒
𩰑	⿵鬥有
𩰒	⿵鬥豆
𩰓	⿵鬥巷
𩰔	⿵鬥金
𩰕	⿱八鬩
𩰖	⿵鬥𧯞
𩰗	⿵鬥⿳一𣥂貝
𩰘	⿵鬥亀
𩰙	⿵鬥翕
𩰚	⿵鬥𣂪
𩰛	⿵鬥鼓
𩰜	⿵鬥⿱⿰𬺻𬺻火
𩰝	⿵鬥賓
𩰞	⿵鬥爾
𩰟	⿵鬥燹
𩰠	⿰鬯疋
𩰡	⿰鬯史
𩰢	⿰鬯吏
𩰣	⿳爫冖⿰鬯又
𩰤	⿱矩鬯
𩰥	⿳爫罒⿰鬯又
𩰦	⿳木罒⿰鬯又
𩰧	⿰⿱木⿸⿻尸⿰丨丨鬯彡
𩰨	⿱爫⿸尸⿰⿱口鬯寸
𩰩	⿳⿲木文木冖⿰鬯寸
𩰪	⿳⿴𦥑缶冖⿰鬯彡
𩰫	⿰鬲㐄
𩰬	⿳一⿰口㐄⿵冂⿱丷丅
𩰭	⿰鬲戈
𩰮	⿰鬲斗
𩰯	⿰鬲古
𩰰	⿰鬲𢀖
𩰱	⿱羊鬲
𩰲	⿱弜鬲
𩰳	⿰鬲圭
𩰴	⿰鬲而
𩰵	⿰鬲亘
𩰶	⿰鬲亥
𩰷	⿰鬲兇
𩰸	⿰鬲𢑑
𩰹	⿰鬲巠
𩰺	⿰鬲夋
𩰻	⿰鬲求
𩰼	⿰鬲⿳厶𡭔又
𩰽	⿰⿳一⿴⿰丨丨𠄠⿵冂𢆉夋
𩰾	⿱沸鬲
𩰿	⿱㚘鬲
𩱀	⿱卝⿳⿱土八口⿵冂⿱丷丅
𩱁	⿳䒑夫鬲
𩱂	⿰鬲⿱丑丑
𩱃	⿰鬲建
𩱄	⿰鬲耎
𩱅	⿰㚇鬲
𩱆	⿱⿲弓女弓鬲
𩱇	⿰鬲鬲
𩱈	⿰鬲芻
𩱉	⿰鬲釜
𩱊	⿰鬲䎡
𩱋	⿱羔鬲
𩱌	⿱⿲弓主弓鬲
𩱍	⿱⿲弓古弓鬲
𩱎	⿱⿲弓弗弓鬲
𩱏	⿱敖鬲
𩱐	⿰鬲商
𩱑	⿱將鬲
𩱒	⿲弓⿱古鬲弓
𩱓	⿱⿲弓耳弓鬲
𩱔	⿸厤鬲
𩱕	⿱兟鬲
𩱖	⿱𢐌鬲
𩱗	⿱⿲弓酉弓鬲
𩱘	⿰鬲裘
𩱙	⿱𥹷鬲
𩱚	⿱𭛂鬲
𩱛	⿰鬲𡕰
𩱜	⿱⿲弓辰弓鬲
𩱝	⿰鬲𧚍
𩱞	⿱⿲弓孝弓鬲
𩱟	⿱⿲弓每弓鬲
𩱠	⿲弓鬵弓
𩱡	⿱⿲弓侃弓鬲
𩱢	⿱毓鬲
𩱣	⿱⿲弓沸弓鬲
𩱤	⿱⿲弓建弓鬲
𩱥	⿱⿲弓𠫰弓鬲
𩱦	⿱𢐨鬲
𩱧	⿱⿲弓羔弓鬲
𩱨	⿱⿲弓⿸辰寸弓鬲
𩱩	⿳兟𠮛鬲
𩱪	⿱⿲弓⿱且丙弓鬲
𩱫	⿱⿲弓速弓鬲
𩱬	⿳⿴𦥑林冖鬲
𩱭	⿱𢐷鬲
𩱮	⿱⿲弓渠弓鬲
𩱯	⿱⿲弓𥹷弓鬲
𩱰	⿱⿲弓⿱者水弓鬲
𩱱	⿱⿲弓毓弓鬲
𩱲	⿱⿲弓翟弓鬲
𩱳	⿱⿲弓齊弓鬲
𩱴	⿱嚻鬲
𩱵	⿱𥽘鬲
𩱶	⿱⿲弓霍弓鬲
𩱷	⿱⿲弓𥽘弓鬲
𩱸	⿱𥽘䰜
𩱹	⿺鬼力
𩱺	⿺鬼卩
𩱻	⿺鬼卜
𩱼	⿱九鬼
𩱽	⿺兀鬼
𩱾	⿰乇鬼
𩱿	⿱亡鬼
𩲀	⿺鬼山
𩲁	⿺鬼夕
𩲂	⿺鬼卪
𩲃	⿺鬼勺
𩲄	⿺尢鬼
𩲅	⿺鬼寸
𩲆	⿺⿱甶儿彡
𩲇	⿺⿱甶儿子
𩲈	⿱鬼山
𩲉	⿰亡鬼
𩲊	⿺鬼毛
𩲋	⿰亢鬼
𩲌	⿰方鬼
𩲍	⿺鬼牛
𩲎	⿺鬼少
𩲏	⿰化鬼
𩲐	⿺鬼勿
𩲑	⿺鬼云
𩲒	⿺鬼长
𩲓	⿺鬼夭
𩲔	⿺鬼𣂑
𩲕	⿺鬼火
𩲖	⿰比鬼
𩲗	⿺鬼丰
𩲘	⿱耂鬼
𩲙	⿺鬼木
𩲚	⿰⿸⿹丅丿丨鬼
𩲛	⿱𠕀鬼
𩲜	⿱化鬼
𩲝	⿺鬼分
𩲞	⿺鬼月
𩲟	⿺鬼欠
𩲠	⿺鬼方
𩲡	⿰礻鬼
𩲢	⿺鬼皮
𩲣	⿰甲鬼
𩲤	⿺鬼召
𩲥	⿺鬼台
𩲦	⿺鬼占
𩲧	⿱⿰工几鬼
𩲨	⿱此鬼
𩲩	⿺鬼令
𩲪	⿺鬼尔
𩲫	⿰失鬼
𩲬	⿺鬼⿱一勿
𩲭	⿺鬼⿹弋𠂇
𩲮	⿺鬼它
𩲯	⿺鬼半
𩲰	⿰叵鬼
𩲱	⿺鬼古
𩲲	⿺鬼且
𩲳	⿺鬼甲
𩲴	⿺鬼央
𩲵	⿺鬼生
𩲶	⿰矢鬼
𩲷	⿺鬼禾
𩲸	⿱白鬼
𩲹	⿺鬼仧
𩲺	⿺鬼杀
𩲻	⿺鬼交
𩲼	⿺鬼虍
𩲽	⿱鬼耳
𩲾	⿰有鬼
𩲿	⿺鬼⿱少刀
𩳀	⿺鬼至
𩳁	⿰光鬼
𩳂	⿺鬼⿱𡈼儿
𩳃	⿰杀鬼
𩳄	⿰曲鬼
𩳅	⿺鬼朱
𩳆	⿺鬼耒
𩳇	⿺鬼伇
𩳈	⿱自鬼
𩳉	⿺鬼舟
𩳊	⿰⿷⿱㇒⿸⿻日丿乚厶名
𩳋	⿺鬼合
𩳌	⿺鬼吾
𩳍	⿺鬼巠
𩳎	⿺鬼孚
𩳏	⿰豸鬼
𩳐	⿺鬼甫
𩳑	⿺鬼沙
𩳒	⿺鬼束
𩳓	⿺鬼里
𩳔	⿰孝鬼
𩳕	⿺鬼妥
𩳖	⿺鬼⿱且八
𩳗	⿺鬼⿱又未
𩳘	⿺鬼𣏂
𩳙	⿰𣏂鬼
𩳚	⿺鬼完
𩳛	⿺鬼車
𩳜	⿺鬼酉
𩳝	⿱吞鬼
𩳞	⿺鬼求
𩳟	⿺鬼豕
𩳠	⿱𢦙鬼
𩳡	⿺鬼寽
𩳢	⿺鬼奄
𩳣	⿺鬼奇
𩳤	⿺鬼長
𩳥	⿰豖鬼
𩳦	⿺鬼知
𩳧	⿱雨鬼
𩳨	⿺鬼⿱占寸
𩳩	⿺鬼𥝢
𩳪	⿺鬼昇
𩳫	⿺鬼⿱又米
𩳬	⿰⿱父月鬼
𩳭	⿺鬼⿱覀厶
𩳮	⿱兩鬼
𩳯	⿺鬼⿱旡毛
𩳰	⿺鬼⿸虍人
𩳱	⿺鬼𦥔
𩳲	⿺鬼侈
𩳳	⿰鬼來
𩳴	⿰鬼卦
𩳵	⿺鬼狊
𩳶	⿰枼鬼
𩳷	⿺鬼韋
𩳸	⿺鬼苗
𩳹	⿺鬼廼
𩳺	⿰⿱日叵鬼
𩳻	⿺鬼界
𩳼	⿰客鬼
𩳽	⿰春鬼
𩳾	⿺鬼面
𩳿	⿰背鬼
𩴀	⿺鬼者
𩴁	⿺鬼咸
𩴂	⿺鬼重
𩴃	⿺鬼急
𩴄	⿺鬼扁
𩴅	⿰鬼契
𩴆	⿱⿻弋𢆶⿷⿱甶儿厶
𩴇	⿺鬼殺
𩴈	⿰眛鬼
𩴉	⿺鬼員
𩴊	⿺鬼茶
𩴋	⿺鬼𢑚
𩴌	⿺鬼监
𩴍	⿺鬼叟
𩴎	⿺鬼脊
𩴏	⿰𬀴鬼
𩴐	⿺鬼率
𩴑	⿺鬼參
𩴒	⿱强鬼
𩴓	⿺鬼𦰩
𩴔	⿺鬼庸
𩴕	⿱斬鬼
𩴖	⿰眷鬼
𩴗	⿺鬼堇
𩴘	⿺鬼處
𩴙	⿺鬼深
𩴚	⿰鬼斎
𩴛	⿰虗鬼
𩴜	⿺鬼異
𩴝	⿺鬼登
𩴞	⿺鬼爲
𩴟	⿰奢鬼
𩴠	⿺鬼粦
𩴡	⿺鬼雇
𩴢	⿰矞鬼
𩴣	⿸厤鬼
𩴤	⿺鬼尞
𩴥	⿰虚鬼
𩴦	⿰間鬼
𩴧	⿺鬼焦
𩴨	⿱⿰羊羊鬼
𩴩	⿺鬼焱
𩴪	⿱幾鬼
𩴫	⿺⿱甶儿單
𩴬	⿰買鬼
𩴭	⿺鬼⿳䶹凶禸
𩴮	⿺鬼睪
𩴯	⿺鬼豦
𩴰	⿺⿱甶儿微
𩴱	⿰賓鬼
𩴲	⿰夢鬼
𩴳	⿺鬼察
𩴴	⿰鬼𡏳
𩴵	⿺鬼監
𩴶	⿺鬼需
𩴷	⿱疑鬼
𩴸	⿺鬼賓
𩴹	⿺鬼翟
𩴺	⿰賣鬼
𩴻	⿱畾鬼
𩴼	⿺鬼畾
𩴽	⿰養鬼
𩴾	⿺鬼蔑
𩴿	⿱如⿰鬼鬼
𩵀	⿰霝鬼
𩵁	⿺鬼霝
𩵂	⿱霝鬼
𩵃	⿰鬼齋
𩵄	⿺鬼雚
𩵅	⿺鬼瞿
𩵆	⿺鬼贊
𩵇	⿱鬼羅
𩵈	⿺鬼矍
𩵉	⿺鬼⿳艹⿲止自巳⿱八夊
𩵊	⿺鬼⿱卝⿳⿸⿹𦣻止巳八夊
𩵋	⿳⺈田大
𩵌	⿰魚了
𩵍	⿰魚九
𩵎	⿰魚又
𩵏	⿰魚𠤎
𩵐	⿰魚七
𩵑	⿰亻𮫬
𩵒	⿰魚八
𩵓	⿰魚力
𩵔	⿰魚也
𩵕	⿰魚刃
𩵖	⿰魚小
𩵗	⿰魚巳
𩵘	⿱魚土
𩵙	⿰魚川
𩵚	⿰魚土
𩵛	⿺尢魚
𩵜	⿰魚⿱⿰㇒㇖丨
𩵝	⿰魚才
𩵞	⿰魚千
𩵟	⿰魚干
𩵠	⿰魚牛
𩵡	⿰魚厄
𩵢	⿰魚欠
𩵣	⿰魚不
𩵤	⿰魚殳
𩵥	⿰魚犬
𩵦	⿰魚木
𩵧	⿰魚亓
𩵨	⿰魚冗
𩵩	⿰魚夫
𩵪	⿰魚旡
𩵫	⿰冘魚
𩵬	⿰魚斗
𩵭	⿰魚王
𩵮	⿱少魚
𩵯	⿰魚㸦
𩵰	⿰魚火
𩵱	⿰魚午
𩵲	⿰魚爻
𩵳	⿱文魚
𩵴	⿱木魚
𩵵	⿰魚中
𩵶	⿱元魚
𩵷	⿰魚𢆰
𩵸	⿰魚⿱𠂉几
𩵹	⿰魚父
𩵺	⿰魚月
𩵻	⿰魚勾
𩵼	⿰魚友
𩵽	⿰魚心
𩵾	⿰魚支
𩵿	⿰魚𪟽
𩶀	⿰魚牙
𩶁	⿰魚丙
𩶂	⿰魚宁
𩶃	⿰魚主
𩶄	⿰魚术
𩶅	⿰魚氐
𩶆	⿰魚此
𩶇	⿰魚矢
𩶈	⿰魚乎
𩶉	⿰魚布
𩶊	⿱罒魚
𩶋	⿰魚母
𩶌	⿰魚出
𩶍	⿰魚⿱中丂
𩶎	⿰魚冉
𩶏	⿰魚瓦
𩶐	⿰魚半
𩶑	⿱魚白
𩶒	⿰魚矛
𩶓	⿱𡗗魚
𩶔	⿱目魚
𩶕	⿱代魚
𩶖	⿰魚目
𩶗	⿰魚尔
𩶘	⿰魚立
𩶙	⿰魚永
𩶚	⿰魚𣎵
𩶛	⿰魚加
𩶜	⿰魚圣
𩶝	⿰魚正
𩶞	⿰魚𪜠
𩶟	⿰魚乏
𩶠	⿰魚囘
𩶡	⿰魚㠩
𩶢	⿰魚牟
𩶣	⿰魚舟
𩶤	⿰魚先
𩶥	⿰魚虫
𩶦	⿰魚在
𩶧	⿰魚臼
𩶨	⿰魚㔻
𩶩	⿰魚肉
𩶪	⿰魚至
𩶫	⿰魚血
𩶬	⿰魚寺
𩶭	⿰魚吴
𩶮	⿰魚𡗢
𩶯	⿱如魚
𩶰	⿰魚多
𩶱	⿰魚宅
𩶲	⿱次魚
𩶳	⿰魚？
𩶴	⿰魚池
𩶵	⿰魚肋
𩶶	⿰魚巟
𩶷	⿰𩵋亍
𩶸	⿰魚光
𩶹	⿰魚朶
𩶺	⿰魚戎
𩶻	⿰魚伙
𩶼	⿰魚杀
𩶽	⿰魚列
𩶾	⿰魚因
𩶿	⿰臼魚
𩷀	⿱任魚
𩷁	⿰魚𠂬
𩷂	⿰魚刕
𩷃	⿰魚⿱又厷
𩷄	⿰魚夅
𩷅	⿰魚𤕭
𩷆	⿰魚会
𩷇	⿰魚兇
𩷈	⿰魚劣
𩷉	⿰魚亦
𩷊	⿰魚收
𩷋	⿰魚礼
𩷌	⿰魚⿱匕木
𩷍	⿰魚役
𩷎	⿰魚狄
𩷏	⿰魚巠
𩷐	⿰魚局
𩷑	⿰魚妟
𩷒	⿰魚岑
𩷓	⿰魚志
𩷔	⿰魚辛
𩷕	⿰魚良
𩷖	⿰魚步
𩷗	⿰魚狂
𩷘	⿰魚岌
𩷙	⿰魚尨
𩷚	⿰魚孛
𩷜	⿰魚⿱山方
𩷝	⿰魚谷
𩷞	⿱初魚
𩷟	⿰魚夾
𩷠	⿰魚抗
𩷡	⿱玖魚
𩷢	⿱𢪛魚
𩷣	⿰魚呈
𩷤	⿰魚別
𩷥	⿰魚𬁟
𩷦	⿰魚我
𩷧	⿰魚赤
𩷨	⿰魚孝
𩷩	⿰魚辰
𩷪	⿰魚見
𩷫	⿰魚肙
𩷬	⿱狂魚
𩷭	⿰魚夆
𩷮	⿰魚𡿮
𩷯	⿱沃魚
𩷰	⿰魚迅
𩷱	⿰魚忌
𩷲	⿰魚⿱八㐱
𩷳	⿰魚尾
𩷴	⿰魚巵
𩷵	⿰魚吞
𩷶	⿰魚芒
𩷷	⿱⿰阝左魚
𩷸	⿰魚⿱𠂉⿹勹方
𩷹	⿰魚卓
𩷺	⿰魚附
𩷻	⿰魚劼
𩷼	⿰魚劵
𩷽	⿰魚沓
𩷾	⿰魚祁
𩷿	⿰魚陁
𩸀	⿰魚朋
𩸁	⿰魚㡀
𩸂	⿰魚忿
𩸃	⿰魚兔
𩸄	⿰魚果
𩸅	⿰魚府
𩸆	⿰魚奄
𩸇	⿰亞魚
𩸈	⿰魚⿱𠆢虫
𩸉	⿰魚披
𩸊	⿰魚帛
𩸋	⿰魚亞
𩸌	⿰魚䒚
𩸍	⿰魚命
𩸎	⿰魚定
𩸏	⿰魚𣏼
𩸐	⿰魚乳
𩸑	⿰魚羌
𩸒	⿰魚岡
𩸓	⿱波魚
𩸔	⿱佶魚
𩸖	⿱亞魚
𩸗	⿰魚房
𩸘	⿰魚官
𩸙	⿰魚隶
𩸚	⿰魚芼
𩸛	⿰魚⿱小田
𩸜	⿰魚芸
𩸝	⿱松魚
𩸞	⿰魚奇
𩸟	⿰魚𠒃
𩸠	⿰魚𦙃
𩸡	⿱牨魚
𩸢	⿰魚𥝢
𩸣	⿰魚受
𩸤	⿰魚服
𩸥	⿰魚炎
𩸦	⿰魚泥
𩸧	⿱泥魚
𩸨	⿰魚宜
𩸩	⿰魚宛
𩸪	⿱宛魚
𩸫	⿰魚垂
𩸬	⿰魚咅
𩸭	⿰魚戾
𩸮	⿰魚奉
𩸯	⿰魚叕
𩸰	⿰魚孤
𩸱	⿰魚金
𩸲	⿰魚使
𩸳	⿰魚枚
𩸴	⿰魚知
𩸵	⿰魚征
𩸶	⿰魚岩
𩸷	⿰魚𥐧
𩸸	⿰魚妻
𩸹	⿰魚弥
𩸺	⿰𩵋隶
𩸻	⿱陁魚
𩸼	⿰魚⿻乇北
𩸾	⿰魚耶
𩸿	⿰魚癹
𩹀	⿰魚奏
𩹁	⿰魚並
𩹂	⿰魚胃
𩹃	⿰魚客
𩹄	⿰魚曷
𩹅	⿰魚英
𩹆	⿰魚孨
𩹇	⿰魚亭
𩹈	⿰魚致
𩹊	⿰魚斿
𩹋	⿰魚苐
𩹌	⿰魚⿱罒水
𩹍	⿰魚癸
𩹎	⿰魚音
𩹏	⿰魚𤝡
𩹐	⿰魚㪅
𩹑	⿰魚⿱⿵𠆢一虫
𩹒	⿱⿰𣧄刂魚
𩹓	⿰魚耎
𩹔	⿰魚叜
𩹕	⿰魚恪
𩹖	⿰魚姜
𩹗	⿰魚亮
𩹘	⿰魚派
𩹙	⿰月𩶓
𩹚	⿱𱻲魚
𩹛	⿰魚茂
𩹜	⿰魚苦
𩹝	⿰魚毒
𩹞	⿰魚南
𩹟	⿰魚柰
𩹠	⿰魚面
𩹡	⿰魚昴
𩹢	⿰魚咼
𩹣	⿰魚⿱㇒⿻⿻一乚𪢴
𩹤	⿱秋魚
𩹥	⿰魚風
𩹦	⿰魚𦍑
𩹧	⿰魚𠫵
𩹨	⿰魚段
𩹩	⿰魚⿱艹市
𩹪	⿰魚眉
𩹫	⿰魚咠
𩹬	⿰魚枯
𩹭	⿰魚持
𩹮	⿰魚某
𩹯	⿰魚哉
𩹰	⿰魚貞
𩹱	⿰魚畜
𩹲	⿰魚尃
𩹳	⿰魚𧴪
𩹴	⿰魚舀
𩹵	⿱？⿲丿魚丨
𩹶	⿰魚唐
𩹷	⿰魚鬼
𩹸	⿰魚貢
𩹹	⿰魚隻
𩹺	⿰魚鬲
𩹻	⿰魚𣬉
𩹼	⿰𠦝⿱𠆢魚
𩹽	⿰魚晏
𩹾	⿰魚納
𩹿	⿰魚格
𩺀	⿰魚脊
𩺁	⿳⿱卝土大魚
𩺂	⿰魚𰀒
𩺃	⿱差魚
𩺄	⿱⿰月刑魚
𩺅	⿰魚⿱𠀐田
𩺆	⿰魚荖
𩺇	⿰魚䖍
𩺈	⿱納魚
𩺉	⿰魚蚩
𩺋	⿰魚𬏝
𩺌	⿰魚𢃄
𩺍	⿰魚迷
𩺎	⿰魚⿳𫜹水寸
𩺏	⿰魚⿱亘日
𩺐	⿰魚郡
𩺑	⿰魚⿱吅方
𩺒	⿰魚⿱⿱⺈𫩏仒
𩺓	⿱般魚
𩺔	⿱⿰舟尤魚
𩺕	⿰魚𭣱
𩺖	⿰魚埀
𩺗	⿰魚荅
𩺘	⿰魚真
𩺙	⿰魚𠳮
𩺚	⿰魚𥘾
𩺛	⿰魚虒
𩺜	⿰魚㽜
𩺝	⿰魚逆
𩺞	⿰魚桑
𩺟	⿰魚候
𩺠	⿰魚⿱矛囚
𩺡	⿰魚班
𩺢	⿰魚哲
𩺣	⿰魚晁
𩺤	⿰魚栗
𩺥	⿰魚芻
𩺦	⿰魚唇
𩺧	⿰魚𤈜
𩺨	⿰魚俸
𩺩	⿰魚罢
𩺪	⿰魚般
𩺫	⿰魚隽
𩺬	⿰魚追
𩺭	⿰魚𣳾
𩺮	⿰魚鹿
𩺯	⿱族魚
𩺰	⿱魚魚
𩺱	⿰魚匿
𩺲	⿰魚桼
𩺳	⿰魚莎
𩺴	⿰魚㒼
𩺵	⿰魚莘
𩺶	⿰魚欵
𩺷	⿰魚畢
𩺸	⿸𠩺魚
𩺹	⿰魚旉
𩺺	⿰魚旣
𩺻	⿰魚盖
𩺼	⿰魚逋
𩺽	⿰魚𡕨
𩺾	⿱敕魚
𩺿	⿰魚竟
𩻀	⿰魚族
𩻁	⿰魚莫
𩻂	⿰魚啚
𩻃	⿰魚崇
𩻅	⿰魚⿹𢦏业
𩻆	⿰魚⿱而令
𩻇	⿱欲魚
𩻈	⿰魚殺
𩻉	⿱埶魚
𩻊	⿱𤭃魚
𩻋	⿰魚晜
𩻌	⿰魚梨
𩻍	⿱尉魚
𩻎	⿰魚⿱矛⿱㇒囚
𩻏	⿰魚產
𩻐	⿰魚⿳⿱㇒㘝八夊
𩻑	⿰魚粒
𩻒	⿰魚笠
𩻓	⿰魚荼
𩻔	⿰魚逝
𩻕	⿰魚酖
𩻖	⿰魚偃
𩻗	⿰魚部
𩻘	⿰魚閒
𩻙	⿰魚㖾
𩻚	⿰魚無
𩻜	⿱猌魚
𩻝	⿰魚巽
𩻞	⿰魚𦓔
𩻟	⿰魚爲
𩻠	⿰魚㬅
𩻡	⿰魚童
𩻢	⿱𠂹⿸厂魚
𩻣	⿰魚孱
𩻤	⿰魚黑
𩻥	⿰魚徤
𩻦	⿰魚叅
𩻧	⿰魚菓
𩻨	⿰魚⿱𠀐囬
𩻪	⿱敞魚
𩻫	⿰魚⿱舛米
𩻬	⿰魚彭
𩻭	⿰魚壹
𩻮	⿰魚華
𩻯	⿱𢽟魚
𩻰	⿰魚掌
𩻱	⿰魚景
𩻲	⿰魚⿱𠔿非
𩻳	⿰魚棃
𩻴	⿰魚⿳㇒罒𧰨
𩻵	⿰魚翕
𩻶	⿰魚㫺
𩻷	⿱勝魚
𩻸	⿰魚逮
𩻹	⿰魚朝
𩻺	⿰魚悲
𩻻	⿰魚尞
𩻼	⿰魚彘
𩻽	⿰魚畫
𩻾	⿰魚間
𩻿	⿰魚猌
𩼀	⿰魚圍
𩼁	⿰魚都
𩼂	⿰魚遀
𩼃	⿰魚敬
𩼄	⿱罒𩸥
𩼅	⿰魚農
𩼆	⿰魚裏
𩼇	⿰魚粲
𩼈	⿰魚奥
𩼉	⿰魚當
𩼊	⿱吂⿲月魚凡
𩼋	⿰魚業
𩼌	⿰魚微
𩼍	⿰魚⿱彑⿴北矢
𩼎	⿰魚辟
𩼏	⿰阝⿳左左魚
𩼐	⿰𨸏⿱左魚
𩼑	⿰魚𬝘
𩼒	⿰魚嗇
𩼓	⿰魚睪
𩼔	⿰魚廉
𩼕	⿰魚𡕰
𩼖	⿰魚亷
𩼗	⿰魚愁
𩼘	⿰魚葴
𩼙	⿰魚葛
𩼚	⿰魚莭
𩼛	⿰魚幹
𩼜	⿰魚𧵩
𩼝	⿰魚甞
𩼞	⿰魚⿱里虫
𩼟	⿰魚蜀
𩼠	⿱解魚
𩼡	⿱𢾕魚
𩼢	⿱辟魚
𩼣	⿰魚過
𩼤	⿰魚稟
𩼥	⿱艹⿰㚔⿹勹魚
𩼦	⿰魚聚
𩼧	⿰魚賓
𩼨	⿰魚疑
𩼩	⿰魚㷠
𩼪	⿰氵𩺰
𩼫	⿰⿱𦍌魚昔
𩼬	⿰魚蒪
𩼭	⿱㼲魚
𩼮	⿰⿱共魚⿱又有
𩼯	⿰魚團
𩼰	⿰魚⿱茲心
𩼱	⿰魚⿱束貝
𩼲	⿰魚慐
𩼳	⿰魚監
𩼴	⿸厭魚
𩼵	⿰魚⿳宫儿夊
𩼶	⿰魚寥
𩼷	⿰魚對
𩼸	⿱對魚
𩼹	⿱與魚
𩼺	⿰魚蒼
𩼻	⿱艹⿰魚⿸虍旦
𩼼	⿰魚廛
𩼽	⿰魚黎
𩼾	⿰魚𤌑
𩼿	⿰魚𦟝
𩽀	⿰魚誰
𩽁	⿰魚麃
𩽂	⿰魚鄰
𩽃	⿰魚⿳艹？米
𩽄	⿰魚質
𩽅	⿰魚韯
𩽆	⿰魚賣
𩽇	⿰魚憂
𩽈	⿰魚魯
𩽉	⿰魚瘦
𩽊	⿰魚磊
𩽋	⿰魚數
𩽌	⿰魚嶲
𩽍	⿰魚韰
𩽎	⿰魚遺
𩽏	⿰魚歷
𩽐	⿰魚餐
𩽑	⿱⿲木米次魚
𩽒	⿰魚燕
𩽓	⿱賴魚
𩽔	⿰魚耨
𩽕	⿰魚篗
𩽖	⿰魚篤
𩽗	⿰魚璚
𩽘	⿱𥫗⿰㚔⿹勹魚
𩽙	⿰魚暨
𩽚	⿰魚徽
𩽛	⿰魚薄
𩽜	⿰魚蹇
𩽝	⿰魚毚
𩽞	⿰魚𥊽
𩽟	⿰⿱𰏒魚⿸虍旦
𩽠	⿰魚䳒
𩽡	⿰魚擎
𩽢	⿰魚嬰
𩽣	⿰魚篾
𩽤	⿰魚醜
𩽥	⿰魚闌
𩽦	⿰𩵋㕓
𩽧	⿰魚雙
𩽨	⿰魚巂
𩽩	⿰魚瞿
𩽪	⿰魚聶
𩽫	⿰𩺃昔
𩽬	⿰魚爂
𩽭	⿰魚藍
𩽮	⿰魚藏
𩽯	⿰魚𤐫
𩽰	⿰魚羅
𩽱	⿰魚⿱亶虫
𩽲	⿰魚邊
𩽳	⿰魚黨
𩽴	⿰魚嚴
𩽵	⿰魚蠡
𩽶	⿰魚𪉷
𩽷	⿰魚霸
𩽸	⿰魚饒
𩽹	⿰鱼及
𩽺	⿰鱼夫
𩽻	⿰鱼父
𩽼	⿰鱼军
𩽽	⿰鱼宅
𩽾	⿰鱼安
𩽿	⿰鱼多
𩾀	⿰𩵋古
𩾁	⿰鱼求
𩾂	⿰鱼寿
𩾃	⿰鱼免
𩾄	⿰鱼迅
𩾅	⿰鱼兔
𩾆	⿰鱼泥
𩾇	⿰鱼虎
𩾈	⿰鱼叔
𩾉	⿰𩵋夾
𩾊	⿰鱼胥
𩾋	⿰鱼重
𩾌	⿰鱼康
𩾍	⿰𩵋粲
𩾎	⿰鱼憂
𩾏	⿱一鳥
𩾐	⿰鳥乚
𩾑	⿰丿鳥
𩾒	⿰鳥了
𩾓	⿰鳥卩
𩾔	⿰七鳥
𩾕	⿰匕鳥
𩾖	⿱鳥乃
𩾗	⿰刁鳥
𩾘	⿰㐅鳥
𩾙	⿰鳥七
𩾚	⿰丁鳥
𩾛	⿺九鳥
𩾜	⿱鳥力
𩾝	⿰鳥干
𩾞	⿰丸鳥
𩾟	⿱𡭔鳥
𩾠	⿰己鳥
𩾡	⿰鳥勺
𩾢	⿰弋鳥
𩾣	⿱巛鳥
𩾤	⿰𠧒鳥
𩾥	⿰乞鳥
𩾦	⿸广鳥
𩾧	⿰鳥川
𩾨	⿰凡鳥
𩾩	⿰鳥己
𩾪	⿱大鳥
𩾫	⿰鳥弓
𩾬	⿰鳥工
𩾭	⿱千鳥
𩾮	⿰么鳥
𩾯	⿰氵鳥
𩾰	⿰止鳥
𩾱	⿰鳥卬
𩾲	⿰勿鳥
𩾳	⿰鳥丏
𩾴	⿰鳥介
𩾵	⿰尤鳥
𩾶	⿰鳥及
𩾷	⿰戈鳥
𩾸	⿰仄鳥
𩾹	⿱化鳥
𩾺	⿰井鳥
𩾻	⿰气鳥
𩾼	⿰水鳥
𩾽	⿰鳥心
𩾾	⿰爻鳥
𩾿	⿰父鳥
𩿀	⿰中鳥
𩿁	⿰鳥犬
𩿂	⿰毛鳥
𩿃	⿰匀鳥
𩿄	⿰爿鳥
𩿅	⿰厷鳥
𩿆	⿰㐋鳥
𩿇	⿰户鳥
𩿈	⿱分鳥
𩿉	⿱鳥分
𩿊	⿰月鳥
𩿋	⿰鳥⿱刀刀
𩿌	⿰⿺乚亼鳥
𩿍	⿰互鳥
𩿏	⿱双鳥
𩿐	⿰鳥帀
𩿑	⿰旡鳥
𩿒	⿰𢆰鳥
𩿓	⿰鳥牛
𩿔	⿱反鳥
𩿕	⿰仌鳥
𩿖	⿰鳥匀
𩿗	⿰予鳥
𩿘	⿰鳥毛
𩿙	⿰鳥戈
𩿚	⿰鳥斗
𩿛	⿰犬鳥
𩿜	⿱卉鳥
𩿝	⿰巨鳥
𩿞	⿰乍鳥
𩿟	⿱去鳥
𩿠	⿰鳥戉
𩿡	⿰鳥台
𩿢	⿰主鳥
𩿣	⿰末鳥
𩿤	⿱札鳥
𩿥	⿰尔鳥
𩿦	⿰只鳥
𩿧	⿰付鳥
𩿨	⿰丘鳥
𩿩	⿰出鳥
𩿪	⿰斥鳥
𩿫	⿰厈鳥
𩿬	⿰由鳥
𩿭	⿰⿱山𠀁鳥
𩿮	⿰⿱？𫜹鳥
𩿯	⿰术鳥
𩿰	⿰戉鳥
𩿱	⿰玉鳥
𩿲	⿰未鳥
𩿳	⿱正鳥
𩿴	⿰鳥⿹弓冫
𩿵	⿰鳥古
𩿶	⿰央鳥
𩿷	⿰礻鳥
𩿸	⿰巧鳥
𩿹	⿰去鳥
𩿺	⿰瓦鳥
𩿻	⿰北鳥
𩿼	⿱鳥甲
𩿽	⿰㐌鳥
𩿾	⿰用鳥
𩿿	⿰刍鳥
𪀀	⿰包鳥
𪀁	⿰鳥加
𪀂	⿰鳥幼
𪀃	⿰鳥卭
𪀄	⿰占鳥
𪀅	⿰瓜鳥
𪀆	⿰仕鳥
𪀇	⿰鳥丕
𪀈	⿰夗鳥
𪀉	⿰可鳥
𪀊	⿰鳥句
𪀋	⿹？甲
𪀌	⿰鳥甲
𪀍	⿰鳥氐
𪀎	⿰史鳥
𪀏	⿰鳥巨
𪀐	⿰鳥乏
𪀑	⿰𤴔鳥
𪀒	⿰鳥至
𪀓	⿰鳥多
𪀔	⿰鳥寺
𪀕	⿰曳鳥
𪀖	⿰尗鳥
𪀗	⿰危鳥
𪀘	⿰匠鳥
𪀙	⿰㬰鳥
𪀛	⿱巩鳥
𪀜	⿰朿鳥
𪀝	⿱屰鳥
𪀞	⿰巟鳥
𪀟	⿰回鳥
𪀠	⿰鳥旬
𪀡	⿱㓞鳥
𪀢	⿰伏鳥
𪀣	⿰杀鳥
𪀤	⿰鳥江
𪀥	⿰宅鳥
𪀦	⿰式鳥
𪀧	⿱老鳥
𪀨	⿰𢆶鳥
𪀩	⿰多鳥
𪀪	⿱休鳥
𪀫	⿰𢑑鳥
𪀬	⿰灰鳥
𪀭	⿰同鳥
𪀮	⿱好鳥
𪀰	⿱衣鳥
𪀱	⿱宀𩾪
𪀲	⿱龹鳥
𪀳	⿱鳥米
𪀴	⿰鳥聿
𪀵	⿱戎鳥
𪀶	⿰⿱匕木鳥
𪀷	⿺先鳥
𪀸	⿰鳥式
𪀹	⿰西鳥
𪀺	⿰鳥𪥤
𪀻	⿱牝鳥
𪀼	⿰任鳥
𪀽	⿰旬鳥
𪀾	⿱舛鳥
𪀿	⿰米鳥
𪁀	⿰聿鳥
𪁁	⿰𰗑鳥
𪁂	⿰亦鳥
𪁃	⿰件鳥
𪁄	⿰鳥吉
𪁅	⿰色鳥
𪁆	⿰鳥后
𪁇	⿰充鳥
𪁈	⿰庄鳥
𪁉	⿰鳥交
𪁊	⿱折鳥
𪁋	⿰成鳥
𪁌	⿰赤鳥
𪁍	⿱劫鳥
𪁎	⿰肖鳥
𪁏	⿰岑鳥
𪁐	⿱利鳥
𪁑	⿰兑鳥
𪁒	⿰鳥尨
𪁓	⿰志鳥
𪁔	⿰牢鳥
𪁕	⿱沃鳥
𪁖	⿰求鳥
𪁗	⿰鳥邑
𪁘	⿱汪鳥
𪁙	⿰吾鳥
𪁚	⿱⿳亠口冖鳥
𪁛	⿰役鳥
𪁜	⿰？鳥
𪁝	⿰𠯑鳥
𪁞	⿰豆鳥
𪁟	⿰含鳥
𪁠	⿰決鳥
𪁡	⿰𡥉鳥
𪁢	⿰防鳥
𪁣	⿰呆鳥
𪁤	⿰皃鳥
𪁥	⿰豕鳥
𪁦	⿰鳥乕
𪁧	⿰辰鳥
𪁨	⿱鳥邑
𪁩	⿰鳥弟
𪁪	⿰尨鳥
𪁫	⿰鳥戒
𪁬	⿰𠤕鳥
𪁭	⿰鳥甫
𪁮	⿰秀鳥
𪁯	⿰鳥⿸𠂆卡
𪁰	⿰豸鳥
𪁱	⿰床鳥
𪁲	⿱初鳥
𪁳	⿰呂鳥
𪁴	⿰鳥谷
𪁵	⿰局鳥
𪁶	⿱过鳥
𪁷	⿰鳥𡶇
𪁸	⿰鳥羌
𪁹	⿰鳥非
𪁺	⿰尚鳥
𪁻	⿱析鳥
𪁼	⿰帛鳥
𪁽	⿰卒鳥
𪁾	⿰芺鳥
𪁿	⿱松鳥
𪂀	⿰鳥斧
𪂁	⿰宓鳥
𪂃	⿰鳥卑
𪂄	⿰侈鳥
𪂅	⿱枝鳥
𪂆	⿰昏鳥
𪂇	⿰昌鳥
𪂈	⿰炎鳥
𪂉	⿰或鳥
𪂊	⿰鳥陀
𪂋	⿰鳥帚
𪂌	⿰沓鳥
𪂍	⿰⿱开开鳥
𪂎	⿰鳥享
𪂏	⿱非鳥
𪂐	⿰⿳一从工鳥
𪂑	⿰底鳥
𪂒	⿰忽鳥
𪂓	⿰岨鳥
𪂔	⿰沮鳥
𪂕	⿰雨鳥
𪂖	⿱服鳥
𪂗	⿱⿰尸衣鳥
𪂘	⿰尒鳴
𪂙	⿰鳥朋
𪂚	⿰鳥坴
𪂛	⿰芪鳥
𪂜	⿱枚鳥
𪂝	⿱鳥東
𪂞	⿰非鳥
𪂟	⿱㡀鳥
𪂠	⿰果鳥
𪂡	⿱明鳥
𪂢	⿰岸鳥
𪂣	⿱隹鳥
𪂤	⿰命鳥
𪂥	⿰斧鳥
𪂦	⿱宛鳥
𪂧	⿹？宛
𪂨	⿰𡶇鳥
𪂩	⿰隶鳥
𪂪	⿰帚鳥
𪂫	⿱兓鳥
𪂬	⿰虎鳥
𪂭	⿱鳥宛
𪂮	⿰孤鳥
𪂯	⿰鳥姑
𪂰	⿰鳥底
𪂱	⿰鳥卓
𪂲	⿱孤鳥
𪂳	⿰鳥昆
𪂴	⿰鳥青
𪂵	⿱或鳥
𪂶	⿰咸鳥
𪂷	⿰鳥矦
𪂸	⿰叜鳥
𪂹	⿰春鳥
𪂺	⿰急鳥
𪂻	⿰弇鳥
𪂼	⿱相鳥
𪂽	⿰盆鳥
𪂾	⿰飠鳥
𪂿	⿰鳥是
𪃀	⿰鳥咼
𪃁	⿱保鳥
𪃂	⿱流鳥
𪃃	⿰复鳥
𪃄	⿰思鳥
𪃅	⿱削鳥
𪃆	⿰鳥奏
𪃇	⿰𡔢鳥
𪃈	⿰契鳥
𪃉	⿰耎鳥
𪃊	⿰㚇鳥
𪃋	⿰垔鳥
𪃌	⿰昜鳥
𪃍	⿰禺鳥
𪃎	⿰俞鳥
𪃏	⿰某鳥
𪃐	⿰鳥眇
𪃑	⿰冒鳥
𪃒	⿰度鳥
𪃓	⿰負鳥
𪃔	⿰苠鳥
𪃕	⿰洛鳥
𪃖	⿰茋鳥
𪃗	⿰鳥宣
𪃘	⿱哉鳥
𪃙	⿰者鳥
𪃚	⿰𥘣鳥
𪃛	⿰彦鳥
𪃜	⿰𡧱鳥
𪃝	⿰待鳥
𪃞	⿰鳥苗
𪃟	⿰⿱⿱士冖鳥殳
𪃠	⿱勅鳥
𪃡	⿰洪鳥
𪃢	⿰南鳥
𪃣	⿱春鳥
𪃤	⿰奊鳥
𪃥	⿰相鳥
𪃦	⿰眇鳥
𪃧	⿱眇鳥
𪃨	⿰幽鳥
𪃩	⿰秋鳥
𪃪	⿰臾鳥
𪃫	⿰垕鳥
𪃬	⿰酋鳥
𪃭	⿰客鳥
𪃮	⿰屋鳥
𪃯	⿰昬鳥
𪃰	⿰貟鳥
𪃱	⿰厚鳥
𪃲	⿰鳥者
𪃳	⿱英鳥
𪃴	⿰鳥𤔄
𪃵	⿰鳥查
𪃶	⿰侯鳥
𪃷	⿰⿱⿴𠀃三小鳥
𪃸	⿰枼鳥
𪃺	⿰冓鳥
𪃻	⿱脈鳥
𪃼	⿰息鳥
𪃽	⿰浮鳥
𪃾	⿰容鳥
𪃿	⿰哥鳥
𪄀	⿱般鳥
𪄁	⿰原鳥
𪄂	⿰夏鳥
𪄃	⿰栞鳥
𪄄	⿰凋鳥
𪄅	⿱殺鳥
𪄆	⿰𣬉鳥
𪄇	⿰釜鳥
𪄈	⿰鳥秦
𪄉	⿰邕鳥
𪄊	⿰䀠鳥
𪄋	⿰宻鳥
𪄌	⿰貢鳥
𪄍	⿰⿱吅𡕒鳥
𪄎	⿱格鳥
𪄏	⿰⿱覀分鳥
𪄐	⿰⿳十龷木鳥
𪄑	⿰⿳穴厶夂鳥
𪄒	⿱髟鳥
𪄓	⿰鳥宼
𪄔	⿰鳥鬼
𪄕	⿰班鳥
𪄖	⿰耆鳥
𪄗	⿰⿱⿳士冖一火鳥
𪄘	⿰𠳮鳥
𪄙	⿱䀠鳥
𪄚	⿰𦐇鳥
𪄛	⿰鳥息
𪄜	⿰師鳥
𪄝	⿰鳥烏
𪄞	⿰鳥芻
𪄟	⿰鳥旃
𪄠	⿰涑鳥
𪄡	⿰展鳥
𪄢	⿰⿱⿱⺈⿵冂人比鳥
𪄣	⿰浩鳥
𪄤	⿰套鳥
𪄥	⿰鳥骨
𪄦	⿰鳥茶
𪄧	⿰鳥逆
𪄨	⿰哨鳥
𪄩	⿰鳥隼
𪄪	⿱勑鳥
𪄫	⿱涂鳥
𪄬	⿱⿰礻矢鳥
𪄭	⿰桼鳥
𪄮	⿰雩鳥
𪄯	⿱規鳥
𪄰	⿰𮔀鳥
𪄱	⿰啇鳥
𪄲	⿰商鳥
𪄳	⿰麥鳥
𪄴	⿱敏鳥
𪄵	⿱既鳥
𪄶	⿰習鳥
𪄷	⿰⿱䙲巳鳥
𪄸	⿰責鳥
𪄹	⿰常鳥
𪄺	⿰鳥𡨥
𪄻	⿰鳥舂
𪄼	⿰唯鳥
𪄽	⿰⿱⿳士冖一卯鳥
𪄾	⿰⿺⿱𠃑大隹鳥
𪄿	⿰𦰩鳥
𪅀	⿰堇鳥
𪅁	⿰崇鳥
𪅂	⿰章鳥
𪅃	⿰票鳥
𪅄	⿰率鳥
𪅅	⿱略鳥
𪅆	⿰离鳥
𪅇	⿳⿱艹罒冖鳥
𪅈	⿰⿱𠂹一鳥
𪅉	⿰𣆫鳥
𪅊	⿰𪺏鳥
𪅋	⿰陵鳥
𪅌	⿰梨鳥
𪅍	⿰淶鳥
𪅎	⿰舀鳥
𪅏	⿱殻鳥
𪅐	⿰莫鳥
𪅑	⿰竟鳥
𪅒	⿱𱰋鳥
𪅓	⿱雀鳥
𪅔	⿺鳯皇
𪅕	⿰巢鳥
𪅖	⿰舂鳥
𪅗	⿸𠩺鳥
𪅘	⿰鳥專
𪅙	⿰敕鳥
𪅚	⿱眽鳥
𪅛	⿰鳥婁
𪅜	⿰鳥從
𪅝	⿰鳥鳥
𪅞	⿰⿱匊大鳥
𪅟	⿰鳥庸
𪅠	⿰羞鳥
𪅡	⿰鳥翏
𪅢	⿰𡨴鳥
𪅣	⿰⿱夾月鳥
𪅤	⿰堅鳥
𪅥	⿰𨾏鳥
𪅦	⿰鳥國
𪅧	⿰堆鳥
𪅨	⿰移鳥
𪅩	⿰參鳥
𪅪	⿱郭鳥
𪅫	⿱域鳥
𪅬	⿰偃鳥
𪅭	⿱⿲亻丨⿱夂⺝鳥
𪅮	⿰密鳥
𪅯	⿰馮鳥
𪅰	⿱舒鳥
𪅱	⿰属鳥
𪅲	⿰翕鳥
𪅳	⿰畱鳥
𪅴	⿰惡鳥
𪅵	⿱⿰虫次鳥
𪅶	⿱敞鳥
𪅷	⿰⿳工目父鳥
𪅸	⿰絜鳥
𪅹	⿰鳥幾
𪅺	⿰喉鳥
𪅻	⿰舟𪀲
𪅼	⿸厤鳥
𪅽	⿰朁鳥
𪅾	⿰欺鳥
𪅿	⿱隋鳥
𪆀	⿱粥鳥
𪆁	⿰斯鳥
𪆂	⿰渠鳥
𪆃	⿱敦鳥
𪆄	⿰鳥焦
𪆅	⿰𤊙鳥
𪆆	⿰菟鳥
𪆇	⿰𠷎鳥
𪆈	⿰𤉷鳥
𪆉	⿰⿱⿱十冖隹鳥
𪆊	⿱舂鳥
𪆋	⿰結鳥
𪆌	⿰朙鳥
𪆍	⿰⿹勹⿱𠈌⿰丨丨鳥
𪆎	⿱游鳥
𪆏	⿰鳥童
𪆑	⿱⿰⿱⿱士冖口殳鳥
𪆒	⿰雁鳥
𪆓	⿰絲鳥
𪆔	⿰焦⿹？火
𪆕	⿰⿳宀大𡉐鳥
𪆖	⿰鳥壹
𪆗	⿱斯鳥
𪆘	⿰朝鳥
𪆙	⿰厥鳥
𪆚	⿰雲鳥
𪆛	⿰虚鳥
𪆜	⿰黍鳥
𪆝	⿰敦鳥
𪆞	⿰粦鳥
𪆟	⿲涑力鳥
𪆠	⿰富鳥
𪆡	⿰啻鳥
𪆢	⿰甯鳥
𪆣	⿰景鳥
𪆤	⿰黑鳥
𪆥	⿰鳥窖
𪆦	⿱須鳥
𪆧	⿰鳥越
𪆨	⿰𮏚鳥
𪆩	⿰就鳥
𪆪	⿱殼鳥
𪆫	⿰鳥渠
𪆬	⿰鳥路
𪆭	⿰鳥肅
𪆮	⿰鳥䀄
𪆯	⿰農鳥
𪆰	⿰葛鳥
𪆱	⿰⿱⿰⿰？丶刀金鳥
𪆲	⿰賈鳥
𪆳	⿰鳥雋
𪆴	⿰葵鳥
𪆵	⿲淶力鳥
𪆶	⿰粲鳥
𪆷	⿰鉏鳥
𪆸	⿰滑鳥
𪆹	⿰過鳥
𪆺	⿰豦鳥
𪆻	⿰詹鳥
𪆼	⿰雷鳥
𪆽	⿰路鳥
𪆾	⿰⿳亠吕𢆉鳥
𪆿	⿰𧧑鳥
𪇀	⿱鼓鳥
𪇁	⿰當鳥
𪇂	⿱⿰⿱⿱士冖火殳鳥
𪇃	⿰票鳯
𪇄	⿰⿱⿳士冖一卵鳥
𪇅	⿰鳥葴
𪇆	⿰鳥蜀
𪇇	⿰僉鳥
𪇈	⿰愛鳥
𪇉	⿰雍鳥
𪇊	⿰鳥辟
𪇋	⿰鳥嵬
𪇌	⿰鳥農
𪇍	⿰鳥過
𪇎	⿰禁鳥
𪇏	⿰畺鳥
𪇐	⿰鳥⿱朔大
𪇑	⿰熏鳥
𪇒	⿰精鳥
𪇓	⿰夢鳥
𪇔	⿰慈鳥
𪇕	⿰賓鳥
𪇖	⿰監鳥
𪇗	⿱⿰⿱⿱士冖禾殳鳥
𪇘	⿰壽鳥
𪇙	⿰⿱𥫗㚔鳥
𪇚	⿱禓鳥
𪇛	⿰㢕鳥
𪇜	⿰𦵯鳥
𪇝	⿲余角鳥
𪇞	⿱皷鳥
𪇟	⿱⿰声谷鳥
𪇠	⿰𡏳鳥
𪇡	⿰蒦鳥
𪇢	⿰𥮗鳥
𪇣	⿰𫏬鳥
𪇤	⿰⿱夕鹿鳥
𪇥	⿰鳥旗
𪇦	⿰雐鳥
𪇧	⿰賔鳥
𪇨	⿰鳥蒲
𪇩	⿰銀鳥
𪇪	⿰摘鳥
𪇫	⿰鳥魁
𪇬	⿰與鳥
𪇭	⿰蔡鳥
𪇮	⿰廛鳥
𪇯	⿰戮鳥
𪇰	⿰暴鳥
𪇱	⿰樂鳥
𪇲	⿰𢧵鳥
𪇳	⿰鳥箴
𪇴	⿰蔑鳥
𪇵	⿰廣鳥
𪇶	⿰潐鳥
𪇷	⿰鳥⿰⿱䶹㠯辛
𪇸	⿰慮鳥
𪇹	⿰巤鳥
𪇺	⿰黍⿱⿹勹丿鳥
𪇻	⿱誰鳥
𪇼	⿰⿱⿱廿⿻口⿱土八土鳥
𪇽	⿰歎鳥
𪇾	⿰䴡鳥
𪇿	⿱𨿳鳥
𪈀	⿰𠾧鳥
𪈁	⿰箴鳥
𪈂	⿰魯鳥
𪈃	⿰𩫏鳥
𪈄	⿰遹鳥
𪈅	⿱𥫗⿰⿹勹幸鳥
𪈆	⿰瞢鳥
𪈇	⿱錢鳥
𪈈	⿱頼鳥
𪈉	⿱縣鳥
𪈊	⿰鬲⿱羽鳥
𪈋	⿰𠆆⿱夂鳥
𪈌	⿱獨鳥
𪈍	⿰⿳𠆢否酉鳥
𪈎	⿰賴鳥
𪈏	⿱燕鳥
𪈐	⿱賴鳥
𪈑	⿰𩃮鳥
𪈒	⿰鳥盧
𪈓	⿰𥱩鳥
𪈔	⿰學鳥
𪈕	⿰⿱𠆢爾鳥
𪈖	⿰嶭鳥
𪈗	⿰龍鳥
𪈘	⿰薨鳥
𪈙	⿰鳥薛
𪈚	⿰㬥鳥
𪈛	⿰薎鳥
𪈜	⿰縷鳥
𪈝	⿰霝鳥
𪈞	⿱皼鳥
𪈟	⿰薛鳥
𪈠	⿰應鳥
𪈡	⿱嶽鳥
𪈢	⿰䉅鳥
𪈣	⿰⿱𥫗⿹勹⿱𠅃干鳥
𪈤	⿰鳥嬰
𪈥	⿰巂鳥
𪈦	⿰壘鳥
𪈧	⿰薰鳥
𪈨	⿰鳥鵢
𪈩	⿰鳥雚
𪈪	⿰⿳自𠈌天鳥
𪈫	⿰鳥㬥
𪈬	⿰鵢鳥
𪈭	⿰藍鳥
𪈮	⿰䜌鳥
𪈯	⿰瀖鳥
𪈰	⿰羅鳥
𪈱	⿰⿱䀠侯鳥
𪈲	⿸广⿱雔鳥
𪈳	⿰鳥麗
𪈴	⿰矍鳥
𪈵	⿰⿹勹⿱⿲个个个⿲个个个鳥
𪈶	⿰鳥⿰𦎧攵
𪈷	⿰𣀦鳥
𪈸	⿰灌鳥
𪈹	⿰𪋘鳥
𪈺	⿰屬鳥
𪈻	⿰權鳥
𪈼	⿱鳥𪅝
𪈽	⿱䜌鳳
𪈾	⿰鷹鳥
𪈿	⿰蠻鳥
𪉀	⿳⿰田田鴫⿰田田
𪉁	⿰鸟欠
𪉂	⿰云鸟
𪉃	⿰文鸟
𪉄	⿰斥鸟
𪉅	⿰式鸟
𪉆	⿰旨鸟
𪉇	⿰鸟戌
𪉈	⿱此鸟
𪉉	⿰庄鸟
𪉊	⿰华鸟
𪉋	⿱舛鸟
𪉌	⿰求鸟
𪉍	⿰秃鸟
𪉎	⿰昏鸟
𪉏	⿰某鸟
𪉐	⿰禺鸟
𪉑	⿱敖鸟
𪉒	⿰班鸟
𪉓	⿱⿰鸟鸟鸟
𪉔	⿰𣬉鸟
𪉕	⿰鸟箴
𪉖	⿱鹵土
𪉗	⿱鹵大
𪉘	⿰鹵殳
𪉙	⿱鹵⿱口一
𪉚	⿰鹵毛
𪉛	⿰鹵冗
𪉜	⿰鹵占
𪉝	⿰矛鹵
𪉞	⿱鹵⿱口十
𪉟	⿱鹵皿
𪉠	⿰鹵戊
𪉡	⿰鹵⿱𠂉⿻几一
𪉢	⿰鹵⿳八𠆢十
𪉣	⿱鹵豆
𪉤	⿸⺶鹵
𪉥	⿰鹵每
𪉦	⿰鹵臽
𪉧	⿰鹵炎
𪉨	⿰鹵昌
𪉩	⿱塷皿
𪉪	⿰鹵奉
𪉫	⿳鹵口⿱口十
𪉬	⿱羌鹵
𪉭	⿰鹵畏
𪉮	⿰鹵奏
𪉯	⿰鹵甚
𪉰	⿰鹵俞
𪉱	⿰鹵扁
𪉲	⿱鹵𣆉
𪉳	⿱咸鹵
𪉴	⿰鹵某
𪉵	⿱差鹵
𪉶	⿱𮭫皿
𪉷	⿱鹵𣆪
𪉸	⿰鹵昷
𪉹	⿰土⿱𠂉𪉟
𪉺	⿰鹵産
𪉻	⿰崇鹵
𪉼	⿰鹵㝡
𪉽	⿰鹵曼
𪉾	⿰鹵敏
𪉿	⿰鹵敢
𪊀	⿰鹵矞
𪊁	⿱𠂹⿸厂鹵
𪊂	⿰鹵⿱𭑈日
𪊃	⿰鹵嵬
𪊄	⿰鹵感
𪊅	⿰鹵禁
𪊆	⿰鹵齊
𪊇	⿰鹵監
𪊈	⿰鹵𢀩
𪊉	⿰鹵褱
𪊊	⿰鹵襄
𪊋	⿰鹿几
𪊌	⿸鹿九
𪊍	⿸鹿巳
𪊎	⿸鹿夊
𪊏	⿸鹿犬
𪊐	⿸鹿夫
𪊑	⿸鹿开
𪊒	⿸鹿⺝
𪊓	⿸鹿文
𪊔	⿰鹿亓
𪊕	⿸鹿比
𪊖	⿰鹿勿
𪊗	⿸鹿手
𪊘	⿸鹿𧘇
𪊙	⿰鹿文
𪊚	⿸鹿巴
𪊛	⿸鹿幼
𪊜	⿸鹿本
𪊝	⿰鹿犮
𪊞	⿸鹿石
𪊟	⿰鹿生
𪊠	⿱北鹿
𪊡	⿰鹿包
𪊢	⿸鹿矢
𪊣	⿸鹿目
𪊤	⿸鹿巨
𪊥	⿸鹿亘
𪊦	⿸鹿因
𪊧	⿸鹿圭
𪊨	⿸鹿旨
𪊩	⿸鹿⿻⿳一卄一丨
𪊪	⿸鹿后
𪊫	⿸鹿而
𪊬	⿸鹿衣
𪊭	⿰鹿𠫤
𪊮	⿸鹿羽
𪊯	⿸鹿牝
𪊰	⿸鹿自
𪊱	⿸鹿𠫤
𪊲	⿸鹿各
𪊳	⿸鹿亦
𪊴	⿸鹿夋
𪊵	⿸鹿巠
𪊶	⿰鹿廷
𪊷	⿰鹿孝
𪊸	⿰鹿余
𪊹	⿸鹿助
𪊺	⿰鹿吝
𪊻	⿸鹿⿱皿八
𪊼	⿸鹿⿴囗斤
𪊽	⿱鹿困
𪊾	⿸鹿貝
𪊿	⿸鹿谷
𪋀	⿸鹿車
𪋁	⿸鹿豕
𪋂	⿸鹿牡
𪋃	⿸鹿况
𪋄	⿸鹿取
𪋅	⿸鹿宛
𪋆	⿸鹿昆
𪋇	⿸鹿隹
𪋈	⿸鹿弥
𪋉	⿸鹿雨
𪋊	⿸鹿果
𪋋	⿰鹿并
𪋌	⿰鹿卒
𪋍	⿰甾鹿
𪋎	⿸鹿幽
𪋏	⿸鹿者
𪋐	⿸鹿耎
𪋑	⿰鹿者
𪋒	⿰鹿香
𪋓	⿸鹿𠱠
𪋔	⿸鹿亰
𪋕	⿸鹿⿴𦥑又
𪋖	⿰鹿風
𪋗	⿸鹿迷
𪋘	⿱𰀕鹿
𪋙	⿸鹿⿰𫨂𫨂
𪋚	⿸鹿竛
𪋛	⿸鹿草
𪋜	⿸鹿畢
𪋝	⿸鹿速
𪋞	⿰鹿鳥
𪋟	⿰鹿章
𪋠	⿸鹿⿱日里
𪋡	⿰鹿菐
𪋢	⿸鹿⿰豕目
𪋣	⿸鹿𦓔
𪋤	⿱棥鹿
𪋥	⿸鹿量
𪋦	⿸鹿㗊
𪋧	⿸鹿䠶
𪋨	⿱分麗
𪋩	⿸鹿黍
𪋪	⿸鹿零
𪋫	⿰鹿業
𪋬	⿸鹿虞
𪋭	⿰麗令
𪋮	⿸鹿與
𪋯	⿸鹿需
𪋰	⿸鹿署
𪋱	⿸鹿⿱𦥑豕
𪋲	⿰鹿㷠
𪋳	⿸鹿霊
𪋴	⿰鹿鳳
𪋵	⿸鹿⿰录录
𪋶	⿰鹿霝
𪋷	⿰鹿⿳米罒舛
𪋸	⿰鹿巂
𪋹	⿸鹿嚴
𪋺	⿸鹿𩴶
𪋻	⿱麤土
𪋼	⿰麥匕
𪋽	⿰麥丂
𪋾	⿰麥力
𪋿	⿺麥卜
𪌀	⿰麥了
𪌁	⿰麥亡
𪌂	⿰麥乇
𪌃	⿰麥干
𪌄	⿰麥巳
𪌅	⿰麥内
𪌆	⿰麥反
𪌇	⿰麥气
𪌈	⿰麥比
𪌉	⿰麥斗
𪌊	⿰麥夬
𪌋	⿰麥屯
𪌌	⿰麥火
𪌍	⿰麥斤
𪌎	⿰麥木
𪌏	⿰麥攴
𪌐	⿰麥手
𪌑	⿰麥攵
𪌒	⿰麥欠
𪌓	⿰麥殳
𪌔	⿰麥目
𪌕	⿰麥召
𪌖	⿰麥巨
𪌗	⿰麥禾
𪌘	⿰麥主
𪌙	⿰麥戊
𪌚	⿰麥弁
𪌛	⿰麦㠯
𪌜	⿺麥生
𪌝	⿺麥戉
𪌞	⿰麥玉
𪌟	⿰麥乍
𪌠	⿰麥⿱又山
𪌡	⿰麥宂
𪌢	⿰麥同
𪌣	⿰麥各
𪌤	⿰麥𠂤
𪌥	⿰麥⿱公厶
𪌦	⿺麥回
𪌧	⿰麥吉
𪌨	⿰⿱山尸麥
𪌩	⿰麥舌
𪌪	⿰麥兆
𪌫	⿰麥多
𪌬	⿰麥米
𪌭	⿰麥肙
𪌮	⿰麥沙
𪌯	⿰麥肖
𪌰	⿰麥孛
𪌱	⿰麥利
𪌲	⿱𦥑麥
𪌳	⿰麥寽
𪌴	⿺麥坐
𪌵	⿰麥求
𪌶	⿰麥束
𪌷	⿰麥步
𪌸	⿰麥𰠧
𪌹	⿰麥希
𪌺	⿰麥君
𪌻	⿰麥甬
𪌼	⿰麥匋
𪌽	⿰麥昆
𪌾	⿰麥备
𪌿	⿰麥念
𪍀	⿰麥其
𪍁	⿰麥囷
𪍂	⿰麥空
𪍃	⿰麥忽
𪍄	⿰麥录
𪍅	⿰麥夜
𪍆	⿰麥𥝢
𪍇	⿰麥隹
𪍈	⿰麥卓
𪍉	⿰麥⿱少少
𪍊	⿺麥表
𪍋	⿰麥䒚
𪍌	⿰麥咼
𪍍	⿰麥俞
𪍎	⿰麥科
𪍏	⿰麥負
𪍐	⿰麥枼
𪍑	⿰麥酋
𪍒	⿰麥胡
𪍓	⿱敄麥
𪍔	⿰麥⿱巛艮
𪍕	⿰麥貞
𪍖	⿺麥⿱水生
𪍗	⿰麥秋
𪍘	⿰麥敄
𪍙	⿰麥⿱䒑老
𪍚	⿰麥柔
𪍛	⿰麥屑
𪍜	⿰麥𣬉
𪍝	⿰麥昷
𪍞	⿰麥俻
𪍟	⿰麥索
𪍠	⿱𣪊麥
𪍡	⿰麥尃
𪍢	⿺麥𣪊
𪍣	⿰麥婁
𪍤	⿰麥莫
𪍥	⿰麥殼
𪍦	⿰麥連
𪍧	⿱旋麥
𪍨	⿰麥巢
𪍩	⿰麥曼
𪍪	⿰麥畢
𪍫	⿱⿰矛𢁙麥
𪍬	⿰麥莎
𪍭	⿰麥𧰮
𪍮	⿰麥敖
𪍯	⿰麥累
𪍰	⿰麥⿻千𠈌
𪍱	⿱殸⿱夾夊
𪍲	⿰麥替
𪍳	⿰麥隋
𪍴	⿰麥粦
𪍵	⿰麥覃
𪍶	⿰麥善
𪍷	⿰麥喬
𪍸	⿰麥豦
𪍹	⿰麥蜀
𪍺	⿰麥睘
𪍻	⿰喿麥
𪍼	⿰麥啻
𪍽	⿰麥喿
𪍾	⿱𢾕麥
𪍿	⿰麥廣
𪎀	⿰麥𢀩
𪎁	⿱龍麥
𪎂	⿰麥㯤
𪎃	⿱薛麥
𪎄	⿰麥薄
𪎅	⿰麥薩
𪎆	⿰麥羅
𪎇	⿱𣫞⿳⿻十从𠆢夊
𪎈	⿰麦弋
𪎉	⿰麦见
𪎊	⿰麦少
𪎋	⿰麦占
𪎍	⿺⿻三夂卜
𪎎	⿺？靣
𪎏	⿺麦宗
𪎐	⿺麦帶
𪎑	⿸麻几
𪎒	⿸麻凡
𪎓	⿰彳麻
𪎔	⿸麻弓
𪎕	⿸麻分
𪎖	⿸麻火
𪎗	⿸麻日
𪎘	⿰麻攴
𪎙	⿸麻开
𪎚	⿰麻手
𪎛	⿸麻夗
𪎜	⿸麻电
𪎝	⿸麻本
𪎞	⿸麻央
𪎟	⿸麻田
𪎠	⿸麻多
𪎡	⿰麻朱
𪎢	⿸麻西
𪎣	⿸麻㐬
𪎤	⿱沃麻
𪎥	⿰麻易
𪎦	⿸麻林
𪎧	⿸麻易
𪎨	⿱俞麻
𪎩	⿸麻咼
𪎪	⿸麻芻
𪎫	⿸靡人
𪎬	⿸麻𰶳
𪎭	⿸麻黍
𪎮	⿸靡手
𪎯	⿸麻貴
𪎰	⿰麻賁
𪎱	⿰麻需
𪎲	⿱𣫞麻
𪎳	⿰黃又
𪎴	⿰黄⿻⿱㇒一乚
𪎵	⿰黄亢
𪎶	⿰黄屯
𪎷	⿰黄毛
𪎸	⿰黄冗
𪎹	⿰黄元
𪎺	⿰黄斥
𪎻	⿰黄丞
𪎼	⿰同黄
𪎽	⿰黄充
𪎾	⿰黄舌
𪎿	⿰黄而
𪏀	⿰黄至
𪏁	⿰黄交
𪏂	⿰黄㶣
𪏃	⿰黃𬉶
𪏄	⿰黃豆
𪏅	⿰黄巠
𪏆	⿰享黄
𪏇	⿰黄或
𪏈	⿰黄昔
𪏉	⿰黄定
𪏊	⿰黄戔
𪏋	⿰黄炎
𪏌	⿰黄隹
𪏍	⿰𰮋黄
𪏎	⿰周黃
𪏏	⿰黄⿸虍丁
𪏐	⿰黄虎
𪏑	⿰帛黄
𪏒	⿰卑黄
𪏓	⿰皇黄
𪏔	⿰黄頁
𪏕	⿰黄軍
𪏖	⿰黄⿱巳而
𪏗	⿰黄扁
𪏘	⿰黄重
𪏙	⿰⿱⿳士冖一黄殳
𪏚	⿰黄員
𪏛	⿰黄能
𪏜	⿰主黈
𪏝	⿰黄烏
𪏞	⿰黄彧
𪏟	⿰黄莫
𪏠	⿰黄⿱角水
𪏡	⿰黄䚵
𪏢	⿰黄康
𪏣	⿰黄⿱巨而
𪏤	⿰黄惑
𪏥	⿰華黄
𪏦	⿰黄黍
𪏧	⿰黄⿱羽𱥯
𪏨	⿰黄豊
𪏩	⿰黄⿱耑火
𪏪	⿰黄廣
𪏫	⿰黄⿱出票
𪏬	⿺更黌
𪏭	⿱利𱥯
𪏮	⿰黍女
𪏯	⿰黍⿹勹丿
𪏰	⿱黍日
𪏱	⿰黍兮
𪏲	⿰黍丑
𪏳	⿰黍互
𪏴	⿰黍斤
𪏵	⿰黍勿
𪏶	⿰黍包
𪏷	⿱奴黍
𪏸	⿰黍尼
𪏹	⿰黍乎
𪏺	⿰黍必
𪏻	⿰黍古
𪏼	⿰黍⿱力女
𪏽	⿱黍甘
𪏾	⿰黍⿱⿻㇉丿女
𪏿	⿰黍朱
𪐀	⿰黍多
𪐁	⿰黍忍
𪐂	⿰黍卷
𪐃	⿰黍奉
𪐄	⿰黍卑
𪐅	⿱𥝢黍
𪐆	⿰黍㡀
𪐇	⿰黍㤐
𪐈	⿰黍重
𪐉	⿰黍胡
𪐊	⿰黍⿱右心
𪐋	⿰黍兼
𪐌	⿰黍匿
𪐍	⿰黍連
𪐎	⿰黍麻
𪐏	⿰黍啇
𪐐	⿰黍黍
𪐑	⿰黍𡼁
𪐒	⿰𪏰复
𪐓	⿰黍𬃷
𪐔	⿰黍遺
𪐕	⿱殸𪏽
𪐖	⿰黍龍
𪐗	⿱⿻𫩏丷炎
𪐘	⿰黑乙
𪐙	⿰黑卜
𪐚	⿰黑丂
𪐛	⿰黑刀
𪐜	⿰黑乞
𪐝	⿰黑大
𪐞	⿰黑乇
𪐟	⿰黑丸
𪐠	⿰黑⿻⿱㇒一乚
𪐡	⿱大黑
𪐢	⿰黑士
𪐣	⿰黑子
𪐤	⿰黑尤
𪐥	⿰黑太
𪐦	⿰黑亢
𪐧	⿰黑予
𪐨	⿰黑冗
𪐩	⿰黑火
𪐪	⿰黑⿱口一
𪐫	⿰黑攵
𪐬	⿰黑元
𪐭	⿰黑兮
𪐮	⿰黑殳
𪐯	⿰黑勾
𪐰	⿱文黑
𪐱	⿰黑介
𪐲	⿰黑㐱
𪐳	⿰黑尒
𪐴	⿰黑主
𪐵	⿰黑且
𪐶	⿰黑戉
𪐸	⿰黑令
𪐹	⿰黑㞧
𪐺	⿱黑禾
𪐻	⿰黑付
𪐼	⿰黑包
𪐽	⿰出黑
𪐾	⿱黑仕
𪐿	⿰黑夅
𪑀	⿰黑灰
𪑁	⿰黑伊
𪑂	⿰黑杀
𪑃	⿰黑冊
𪑄	⿰黑⿱𠂉⿻𱍸㇒
𪑅	⿰黑会
𪑆	⿰黑戍
𪑇	⿰黑合
𪑈	⿰黑見
𪑉	⿰黑⿱灭又
𪑊	⿰黑肖
𪑋	⿰黑寽
𪑌	⿰黑谷
𪑍	⿰黑⿸尸⿱几几
𪑎	⿰黑冝
𪑏	⿰黑余
𪑐	⿰尾黑
𪑑	⿰黑吟
𪑒	⿰黑享
𪑓	⿰黑炎
𪑔	⿰黑录
𪑕	⿰黑昏
𪑖	⿰黑奔
𪑗	⿰黑妾
𪑘	⿰黑𣏋
𪑙	⿰黑金
𪑚	⿰黑來
𪑛	⿰⿳山一黑攵
𪑜	⿰黑知
𪑝	⿰黑或
𪑞	⿰黑𣏼
𪑟	⿱刺黑
𪑠	⿰黑隶
𪑡	⿰黑念
𪑢	⿱⿰牙攵黑
𪑣	⿰黑𡱂
𪑤	⿱⿰⿱二木力黑
𪑥	⿰黑⿱犬目
𪑦	⿰黑曷
𪑧	⿰黑枼
𪑨	⿰黑柰
𪑩	⿰黑𡱒
𪑪	⿱冠黑
𪑫	⿰黑㒸
𪑬	⿰黑亭
𪑭	⿰黑奎
𪑮	⿰黑南
𪑯	⿰黑律
𪑰	⿰黑屏
𪑱	⿰黑屋
𪑲	⿰黑冤
𪑳	⿰黑貞
𪑴	⿰黑禹
𪑵	⿳大吅黑
𪑶	⿰黑柔
𪑷	⿰黑𧆞
𪑸	⿰黑頁
𪑹	⿰黑界
𪑺	⿰黑𱼭
𪑻	⿰黑侯
𪑼	⿰黑建
𪑽	⿰黑柴
𪑾	⿰黑⿸辰寸
𪑿	⿰黑兹
𪒀	⿱般黑
𪒁	⿱來𠪩
𪒂	⿰黑眘
𪒃	⿰黑彧
𪒄	⿰黑冥
𪒅	⿱勑黑
𪒆	⿰黑秦
𪒇	⿰黑⿳大二旦
𪒈	⿰黑⿳大𠮛廾
𪒉	⿰黑氣
𪒊	⿰黑隻
𪒋	⿰黑般
𪒌	⿰黑⿳亠龷𧘇
𪒍	⿱冧黑
𪒎	⿰黑⿱罒电
𪒏	⿰黑鹿
𪒐	⿰黑覓
𪒑	⿰黑責
𪒒	⿰黑庸
𪒓	⿰黑玈
𪒔	⿰黑离
𪒕	⿱異黑
𪒖	⿰黑⿱𡗜圭
𪒗	⿰黑深
𪒘	⿰黑登
𪒙	⿰黑最
𪒚	⿰黍黑
𪒛	⿰黑隊
𪒜	⿰黑惠
𪒝	⿰黑雲
𪒞	⿱猒黑
𪒟	⿰黑曾
𪒠	⿰黑敢
𪒡	⿰黑逮
𪒢	⿰黑菐
𪒣	⿰黑𰭍
𪒤	⿰黑覃
𪒥	⿰黑越
𪒦	⿰黑⿱生貝
𪒧	⿰黑⿸厃⿱八𢀛
𪒨	⿱⿰夹多黑
𪒩	⿰黑歲
𪒪	⿰黑萬
𪒫	⿰黑僉
𪒬	⿰黑農
𪒭	⿰黑禽
𪒮	⿰黑殿
𪒯	⿰黑葴
𪒰	⿰黑賁
𪒱	⿰黑愛
𪒲	⿰黑業
𪒳	⿰黑源
𪒴	⿰黑臺
𪒵	⿱⿱⿴𦥑同冖黑
𪒶	⿰黑對
𪒷	⿱⿰牜疳黑
𪒸	⿲𪐗⿳业䒑古又
𪒹	⿰黑箴
𪒺	⿰黍⿱⿹勹丿黑
𪒻	⿰黑𪐡
𪒼	⿰黑蔡
𪒽	⿰黑磊
𪒾	⿰黑𣊖
𪒿	⿰黑駦
𪓀	⿰黑歷
𪓁	⿰黑𡭊
𪓂	⿰黑曇
𪓃	⿰黑襄
𪓄	⿰黑毚
𪓅	⿰黑藏
𪓆	⿰黑⿱瞐大
𪓇	⿱黑顛
𪓈	⿰黑孽
𪓉	⿰黑欝
𪓊	⿰黑鬱
𪓋	⿰黹米
𪓌	⿰黹卒
𪓍	⿱⿰民攴黹
𪓎	⿰黹扁
𪓏	⿱⿰民支黹
𪓐	⿰黹虘
𪓑	⿱㇒黽
𪓒	⿱九黽
𪓓	⿱丩黽
𪓔	⿱卝黽
𪓕	⿻⿷⿹⿱口乚？日双
𪓖	⿱六黽
𪓗	⿱夫黽
𪓘	⿰冄黽
𪓙	⿱𠔿黽
𪓚	⿰冉黽
𪓛	⿱央黽
𪓜	⿱皮黽
𪓝	⿻𪓑⿰𠂇又
𪓞	⿺黽句
𪓟	⿱句黽
𪓠	⿱包黽
𪓡	⿱夻黽
𪓢	⿱臼黽
𪓣	⿱元𬹝
𪓤	⿱圭⿱冖⿰日⿺乚日
𪓥	⿱⿰𫜹𫜹黽
𪓦	⿱羽黽
𪓧	⿸辰黽
𪓨	⿱皀黽
𪓩	⿱局黽
𪓪	⿰黽呈
𪓫	⿱杉黽
𪓬	⿱兒黽
𪓭	⿱叕黽
𪓮	⿰曷黽
𪓯	⿱弭黽
𪓰	⿰酋黽
𪓱	⿰面黽
𪓲	⿱昷黽
𪓳	⿱⿰矢天黽
𪓴	⿱⿰⿱土⿰丿𠃌攵黽
𪓵	⿱酋黽
𪓶	⿱𭣩黽
𪓷	⿰奚黽
𪓸	⿱留黽
𪓹	⿸麻黽
𪓺	⿱勝黽
𪓻	⿳⿱⺈罒田黽
𪓼	⿰亶黽
𪓽	⿰單黽
𪓾	⿱𢾕黽
𪓿	⿱爾黽
𪔀	⿱⿰⿻丷𠕒攵黽
𪔁	⿰⿳禾𢑑灬黽
𪔂	⿻目？
𪔃	⿱冂鼎
𪔄	⿱土鼎
𪔅	⿱口鼎
𪔆	⿰鼎干
𪔇	⿱木鼎
𪔈	⿰𪔅女
𪔉	⿱？鼎
𪔊	⿰鼎慧
𪔋	⿱鼓土
𪔌	⿱土鼓
𪔍	⿱鼓丰
𪔎	⿱鼓云
𪔏	⿱皷井
𪔐	⿱鼓古
𪔑	⿱鼓石
𪔒	⿱罒鼓
𪔓	⿱鼓召
𪔔	⿱鼓夅
𪔕	⿱鼓缶
𪔖	⿱鼓虫
𪔗	⿱鼓因
𪔘	⿱鼓吒
𪔙	⿱鼓羊
𪔚	⿱鼓同
𪔛	⿱鼓兆
𪔜	⿱鼓甬
𪔝	⿱鼓角
𪔞	⿱鼓夆
𪔟	⿱鼓豕
𪔠	⿰弄鼓
𪔡	⿰貝鼓
𪔢	⿱鼓㚅
𪔣	⿱鼓空
𪔤	⿱鼓𦙃
𪔥	⿱𣶒鼓
𪔦	⿱鼓洞
𪔧	⿱鼓音
𪔨	⿱鼓革
𪔩	⿱鼓咸
𪔪	⿱鼓咠
𪔫	⿱芔鼓
𪔬	⿱鼓⿳十卄木
𪔭	⿱鼓贲
𪔮	⿱鼓盍
𪔯	⿱鼓戚
𪔰	⿱殸鼓
𪔱	⿱鼓淵
𪔲	⿱鼓逢
𪔳	⿱隆鼓
𪔴	⿱鼓隆
𪔵	⿱鼓賁
𪔶	⿱鼓僜
𪔷	⿱鼓龍
𪔸	⿰鼠刁
𪔹	⿰鼠刀
𪔺	⿰鼠刃
𪔻	⿰鼠夂
𪔼	⿰鼠久
𪔽	⿰鼠冘
𪔾	⿰鼠开
𪔿	⿰鼠攴
𪕀	⿰鼠元
𪕁	⿰鼠冗
𪕂	⿰鼠殳
𪕃	⿰鼠方
𪕄	⿰鼠𠔾
𪕅	⿰鼠屯
𪕆	⿰鼠欠
𪕇	⿰鼠亢
𪕈	⿰鼠日
𪕉	⿰鼠乎
𪕊	⿱此鼠
𪕋	⿰鼠卯
𪕌	⿰鼠令
𪕍	⿰鼠冋
𪕎	⿰鼠宂
𪕏	⿰鼠穴
𪕐	⿰鼠占
𪕑	⿰鼠此
𪕒	⿰鼠并
𪕓	⿰鼠光
𪕔	⿰鼠耳
𪕕	⿰鼠虫
𪕖	⿰鼠吉
𪕗	⿰光鼠
𪕘	⿰各鼠
𪕙	⿰鼠同
𪕚	⿰鼠丣
𪕛	⿰鼠含
𪕜	⿰鼠吴
𪕝	⿰鼠足
𪕞	⿰鼠夋
𪕟	⿰鼠伏
𪕠	⿰鼠灵
𪕡	⿰吾鼠
𪕢	⿱丣鼠
𪕣	⿰鼠巠
𪕤	⿰鼠妟
𪕥	⿰鼠冏
𪕦	⿰鼠⿱夂尤
𪕧	⿰鼠弟
𪕨	⿰鼠兒
𪕩	⿰鼠易
𪕪	⿰隹鼠
𪕫	⿰鼠昜
𪕬	⿰鼠帝
𪕭	⿰鼠曷
𪕮	⿰胡鼠
𪕯	⿰鼠頁
𪕰	⿰鼠叚
𪕱	⿰鼠胡
𪕲	⿰鼠畐
𪕳	⿰鼠思
𪕴	⿰鼠風
𪕵	⿰鼠時
𪕶	⿰鼠益
𪕷	⿱𣪊鼠
𪕸	⿰⿱⿳士冖一鼠殳
𪕹	⿰鼠唐
𪕺	⿰鼠豹
𪕻	⿰虒鼠
𪕼	⿰兼鼠
𪕽	⿰鼠⿸𠂆𧆛
𪕾	⿰鼠芻
𪕿	⿰鼻⿱自冗
𪖀	⿰鼠雀
𪖁	⿰鼠從
𪖂	⿰鼠离
𪖃	⿰鼠殻
𪖄	⿰鼠教
𪖅	⿰鼠賁
𪖆	⿰鼠發
𪖇	⿰鼠番
𪖈	⿰鼠菐
𪖉	⿰鼠斯
𪖊	⿰鼠業
𪖋	⿰鼠截
𪖌	⿰鼠盧
𪖍	⿰鼠歷
𪖎	⿰鼠韱
𪖏	⿰鼠瞿
𪖐	⿰鼻乚
𪖑	⿰鼻𠃏
𪖒	⿱九鼻
𪖓	⿰鼻久
𪖔	⿰鼻刃
𪖕	⿰牙鼻
𪖖	⿰鼻攵
𪖗	⿰鼻欠
𪖘	⿰鼻斗
𪖙	⿰鼻勾
𪖚	⿰鼻占
𪖛	⿰鼻丘
𪖜	⿰鼻𡉀
𪖝	⿰鼻㕣
𪖞	⿰鼻皮
𪖟	⿰鼻甘
𪖠	⿰鼻召
𪖡	⿰鼻危
𪖢	⿰鼻圭
𪖣	⿰鼻至
𪖤	⿰危鼻
𪖥	⿰鼻希
𪖦	⿰鼻弟
𪖧	⿰鼻𠬶
𪖨	⿰鼻夾
𪖩	⿰鼻𮕜
𪖪	⿰希鼻
𪖫	⿰鼻每
𪖬	⿰每鼻
𪖭	⿰鼻㝵
𪖮	⿰鼻疌
𪖯	⿰鼻扁
𪖰	⿰鼻帝
𪖱	⿰鼻⿱刀邑
𪖲	⿰鼻叚
𪖳	⿰鼻兼
𪖴	⿰鼻氣
𪖵	⿰邕鼻
𪖶	⿰鼻率
𪖷	⿰鼻翏
𪖸	⿰虘鼻
𪖹	⿰鼻婁
𪖺	⿰鼻既
𪖻	⿰鼻臰
𪖼	⿰鼻朁
𪖽	⿰鼻替
𪖾	⿰鼻嵬
𪖿	⿰鼻雍
𪗀	⿰鼻歇
𪗁	⿰鼻歷
𪗂	⿰鼻毚
𪗃	⿰鼻甕
𪗄	⿱⿻十⿰夕𱍸⿲丿二丨
𪗅	⿵齊又
𪗆	⿸广齊
𪗇	⿵齊月
𪗈	⿵齊歹
𪗉	⿵齊禾
𪗊	⿰出齊
𪗋	⿵齊衣
𪗌	⿵齊肉
𪗍	⿵齊妻
𪗎	⿱？⿵𠘨頁
𪗏	⿵齊魚
𪗐	⿱？𭍳
𪗑	⿰齊⿱直夂
𪗒	⿰齋⿱直夂
𪗓	⿰齋⿱真夊
𪗔	⿰齒八
𪗕	⿰齒十
𪗖	⿱𠆢齒
𪗗	⿰齒几
𪗘	⿰齒山
𪗙	⿰齒干
𪗚	⿰齒𠧒
𪗛	⿰齒开
𪗜	⿰齒亢
𪗝	⿰齒内
𪗞	⿰齒亓
𪗟	⿰齒气
𪗠	⿰齒戈
𪗡	⿰齒攴
𪗢	⿰齒爪
𪗣	⿰齒⿱𠆢勹
𪗤	⿰齒丹
𪗥	⿰齒戊
𪗦	⿰齒占
𪗧	⿰齒史
𪗨	⿰齒出
𪗩	⿰齒它
𪗪	⿰齒司
𪗫	⿰齒失
𪗬	⿱加齒
𪗭	⿱奴齒
𪗮	⿰齒禾
𪗯	⿰齒充
𪗰	⿰齒玄
𪗲	⿰⿱丷⿴囗⿰𠄠𠄠令
𪗳	⿰齒甘
𪗴	⿰齒宂
𪗵	⿰齒奴
𪗶	⿱此齒
𪗷	⿰齒旨
𪗸	⿰齒名
𪗹	⿰齒圭
𪗺	⿰齒寺
𪗻	⿰齒至
𪗼	⿰齒色
𪗽	⿰齒舌
𪗾	⿰齒吉
𪗿	⿰齒列
𪘀	⿰齒并
𪘁	⿰齒合
𪘃	⿰齒有
𪘄	⿰齒㫐
𪘅	⿰虫齒
𪘆	⿰齒休
𪘇	⿰齒后
𪘈	⿰齒兆
𪘉	⿰齒朵
𪘊	⿰齒各
𪘋	⿰齒⿱宀幺
𪘌	⿰齒吏
𪘍	⿰齒同
𪘎	⿰齒言
𪘏	⿰𧾷齒
𪘐	⿰齒我
𪘑	⿰齒夋
𪘒	⿰齒含
𪘓	⿱佐齒
𪘔	⿱折齒
𪘕	⿱佗齒
𪘖	⿰齒劫
𪘗	⿱𬽲齒
𪘘	⿱夾齒
𪘙	⿰訁齒
𪘛	⿰齒𦔮
𪘜	⿰齒束
𪘝	⿰齒辰
𪘞	⿰齒肖
𪘟	⿰齒𥃩
𪘠	⿰齒𠇾
𪘡	⿰齒佐
𪘢	⿰齒𠯑
𪘣	⿰齒尾
𪘤	⿰齒寽
𪘥	⿱制齒
𪘦	⿱臤齒
𪘧	⿰齒卒
𪘨	⿰齒來
𪘩	⿰齒囷
𪘪	⿰齒戔
𪘫	⿰齒𡧧
𪘬	⿰齒厓
𪘭	⿱齒囷
𪘮	⿰齒隹
𪘯	⿱⿰牙攵齒
𪘰	⿰齒虎
𪘱	⿰齒肴
𪘲	⿰齒宜
𪘳	⿰齒屈
𪘴	⿰齒⿱丑丑
𪘵	⿰齒夌
𪘶	⿰齒門
𪘷	⿱所齒
𪘸	⿱取齒
𪘹	⿰齒曷
𪘺	⿰齒客
𪘻	⿱⿰未攵齒
𪘼	⿱剌齒
𪘽	⿰齒虐
𪘾	⿰齒臿
𪘿	⿰齒柴
𪙀	⿰齒胥
𪙁	⿰齒查
𪙂	⿰齒⿱巛列
𪙃	⿰齒咼
𪙄	⿱⿺𡯂左齒
𪙅	⿰齒⿳公𡭔又
𪙆	⿰齒㞕
𪙇	⿰㞕齒
𪙈	⿱狠齒
𪙉	⿰齒差
𪙊	⿰齒兼
𪙋	⿰齒恖
𪙌	⿰屑齒
𪙍	⿰齒尃
𪙎	⿰齒倉
𪙏	⿰齒害
𪙐	⿱荖齒
𪙑	⿰齒屑
𪙒	⿰齒⿱⿻千从山
𪙓	⿱⿰圭尤齒
𪙔	⿱？齒
𪙕	⿰齒展
𪙖	⿳釆大齒
𪙗	⿱芻齒
𪙘	⿰齒斊
𪙙	⿰齒⿱及米
𪙚	⿰齒卨
𪙛	⿰齒匿
𪙜	⿰齒窒
𪙝	⿰齒將
𪙞	⿰齒産
𪙟	⿰齒堇
𪙠	⿱敖齒
𪙡	⿰齒曹
𪙢	⿰齒⿱又畏
𪙣	⿰齒單
𪙤	⿱猌齒
𪙥	⿰齒禼
𪙦	⿰齒最
𪙧	⿰齒幾
𪙨	⿰齒間
𪙩	⿰齒閒
𪙪	⿸厤齒
𪙫	⿰齒虚
𪙬	⿱𦧚齒
𪙭	⿰齒曾
𪙮	⿰齒㫺
𪙯	⿳亠⿸？⿰丨⿱亠龶齒
𪙰	⿰齒葛
𪙱	⿸𢊆齒
𪙲	⿱豤齒
𪙳	⿰齒置
𪙴	⿰齒義
𪙵	⿰齒亶
𪙶	⿱⿰易舌齒
𪙷	⿰齒巤
𪙸	⿰齒𢀩
𪙹	⿰齒齒
𪙺	⿰齒厲
𪙻	⿰齒𢧵
𪙼	⿱𠂹⿸厂⿱工齒
𪙽	⿰齒歷
𪙾	⿰齒盧
𪙿	⿰鬳齒
𪚀	⿱䏈齒
𪚁	⿱聯齒
𪚂	⿰齒薄
𪚃	⿰齒毚
𪚄	⿰齒聯
𪚅	⿰齒爵
𪚆	⿱𫠙齒
𪚇	⿰齒贊
𪚈	⿰齒簿
𪚉	⿰齒顛
𪚊	⿰鬳⿱犬齒
𪚋	⿰齒獻
𪚌	⿰齒屬
𪚍	⿱𪙹差
𪚎	⿱？𪙹
𪚏	⿰齿并
𪚐	⿱⿰牙攵齿
𪚑	⿱龍巾
𪚒	⿰干龍
𪚓	⿰犭龍
𪚔	⿱龍大
𪚕	⿱今龍
𪚖	⿰片龍
𪚗	⿰歹龍
𪚘	⿰丹龍
𪚙	⿱令龍
𪚚	⿺龍中
𪚛	⿱龍斗
𪚜	⿱龍开
𪚝	⿰圭龍
𪚞	⿱龍有
𪚟	⿲干龍干
𪚠	⿱龍巫
𪚡	⿱谷龍
𪚢	⿱龍飛
𪚣	⿱殸龍
𪚤	⿰龍望
𪚥	⿱龖龖
𪚦	
𪚧	⿷？甲
𪚨	⿱穴⿷⿹⿱一乚？龱
𪚩	⿰口龜
𪚪	⿰夕龜
𪚫	⿺⿷？目丹
𪚬	⿰龜今
𪚭	⿰龜勾
𪚮	⿰冄龜
𪚯	⿱火龜
𪚰	⿱龜灬
𪚱	⿰火⿷？？
𪚳	⿺龜冄
𪚴	⿷⿹？𢑑？
𪚵	⿱勾龜
𪚶	⿺龜句
𪚷	⿱皮龜
𪚸	⿰去龜
𪚹	⿰主龜
𪚺	⿷？丘
𪚻	⿱央龜
𪚼	⿱禾龜
𪚽	⿺⿷？目冬
𪚾	⿷？貝
𪚿	⿷？車
𪛀	⿱𠙇龜
𪛁	⿰𤇫龜
𪛂	⿱崔龜
𪛃	⿷？區
𪛄	⿱㽞⿱𠮥⿰？⿺乚⿰丨𫜹
𪛅	⿱路⿷？？
𪛆	⿱敞⿷？𫜹
𪛇	⿰⿱⺈⿷⿹？𢑑？圖
𪛈	⿱霝龜
𪛉	⿱⺈⿻吕乚
𪛊	⿰龠斤
𪛋	⿰龠昌
𪛌	⿰龠虎
𪛍	⿰龠⿸虍丁
𪛎	⿱洎龠
𪛏	⿰龠音
𪛐	⿱欪龠
𪛑	⿱⿰火⿱彡儿龠
𪛒	⿰籥殳
𪛓	⿰龠鹿
𪛔	⿰籥虎
𪛕	⿰龠龜
𪛖	⿰龠𪚰
𪛗	合
𪛘	四
𪛙	一
𪛚	上
𪛛	尺
𪛜	工
𪛝	凡
𪛞	⿰𤣩荣
𪛟	⿰目王
𪜀	
𪜁	⿱一𰆊
𪜂	⿱一丸
𪜃	⿻⿱𠮛⺕乚
𪜄	⿱不可
𪜅	⿱⿻木⿰丶丶井
𪜆	⿰𫠩丮
𪜇	⿰万僉
𪜈	⿰丨⿻二𠃊
𪜉	⿰中平
𪜊	⿱丶㇇
𪜋	⿱主𭠍
𪜌	⿵乃日
𪜍	⿱千兆
𪜎	⿰乔亢
𪜏	⿰夭屰
𪜐	⿺乙化
𪜑	⿱末乙
𪜒	⿺乙吉
𪜓	⿱件乙
𪜔	⿺九曲
𪜕	⿰者乚
𪜖	⿱卂囬
𪜗	⿺九或
𪜘	⿰石⿹⺄皮
𪜙	⿱九𭽎
𪜚	⿰氵⿹⺄枚
𪜛	⿺乳布
𪜜	⿰北了
𪜝	⿰予其
𪜞	⿰云秦
𪜟	⿱孰云
𪜠	⿱亠凡
𪜡	⿰𠂈亡
𪜢	⿱亠旧
𪜣	⿳亠公代
𪜤	⿱亠倠
𪜥	⿱㐭𦣞
𪜦	⿰亭留
𪜧	⿰亻乂
𪜨	⿰亻⿱一女
𪜩	⿰亻勾
𪜪	⿰亻匂
𪜫	⿰亻丑
𪜬	⿱𠆢未
𪜭	⿰亻囙
𪜮	⿰亻目
𪜯	⿰亻另
𪜰	⿰亻禾
𪜱	⿱𠆢禾
𪜲	⿰亻斥
𪜳	⿰亻民
𪜴	⿰亻弘
𪜵	⿰亻旨
𪜶	⿰亻因
𪜷	⿰亻朶
𪜸	⿰亻字
𪜹	⿰亻⿰⿹𠃌𰀪⿹𠃌𰀪
𪜺	⿰亻纣
𪜻	⿰亻赤
𪜼	⿰亻⿱㐄牛
𪜽	⿱𠆢里
𪜾	⿰亻助
𪜿	⿰亻妟
𪝀	⿰亻角
𪝁	⿱仍𠮟
𪝂	⿰亻⿱亠旦
𪝃	⿰余叉
𪝄	⿰亻𡘆
𪝅	⿰亻枚
𪝆	⿰亻芳
𪝇	⿲亻丨⿱山攵
𪝈	⿰亻受
𪝉	⿰亻⿱攵木
𪝊	⿰亻底
𪝋	⿰亻相
𪝌	⿰亻𤰻
𪝍	⿰亻胡
𪝎	⿰休令
𪝏	⿰亻𣄰
𪝐	⿰亻厚
𪝑	⿰亻昷
𪝒	⿰亻段
𪝓	⿰亻⿱仝月
𪝔	⿰亻怨
𪝕	⿰亻盆
𪝖	⿰亻貢
𪝗	⿰來允
𪝘	⿰亻迶
𪝙	⿰亻盍
𪝚	⿰亻晃
𪝛	⿰亻殷
𪝜	⿰亻師
𪝝	⿰亻朕
𪝞	⿰亻益
𪝟	⿰亻弱
𪝠	⿰亻𫏳
𪝡	⿰亻莫
𪝢	⿰亻𭾱
𪝣	⿰亻寄
𪝤	⿰亻寅
𪝥	⿰亻𦓔
𪝦	⿰亻喆
𪝧	⿰亻晱
𪝨	⿰亻⿱舛米
𪝩	⿰佯𡆫
𪝪	⿰假⿱⿰㇒㇖丨
𪝫	⿰亻⿱⿻⿱一⿰丨丨丷⿸耳又
𪝬	⿰亻碎
𪝭	⿰亻虞
𪝮	⿰亻詵
𪝯	⿰位㝵
𪝰	⿰亻瑪
𪝱	⿰催⿱⿰㇒㇖丨
𪝲	⿱秋住
𪝳	⿰亻漢
𪝴	⿰亻遷
𪝵	⿰亻劉
𪝶	⿱今⿰⿱米又⿱又𠤎
𪝷	⿰亻霓
𪝸	⿰亻𦻱
𪝹	⿰偏妙
𪝺	⿰亻霞
𪝻	⿱倒洒
𪝼	⿰亻嬰
𪝽	⿰偵頁
𪝾	⿰亻鬊
𪝿	⿱⿶凵日儿
𪞀	⿺光⿱⿰㇒㇖丨
𪞁	⿷免厶
𪞂	⿺免早
𪞃	⿰光星
𪞄	⿺先⿰口⿱八天
𪞅	⿰充苔
𪞆	⿰光粲
𪞇	⿰全分
𪞈	⿱八毌
𪞉	⿱吉共
𪞊	⿱八商
𪞋	⿱⿰？彡共
𪞌	⿱𬎿㐭
𪞍	⿰兼合
𪞎	⿵⺆古
𪞏	⿱冖夗
𪞐	⿱⿱冖八孑
𪞑	⿱⿱冖八中
𪞒	⿱冖⿺元斗
𪞓	⿱冖食
𪞔	⿱㓁取
𪞕	⿳冖𦣻夯
𪞖	⿰冫凡
𪞗	⿰冫內
𪞘	⿰冫今
𪞙	⿰冫文
𪞚	⿰冫尺
𪞛	⿰冫田
𪞜	⿰冫白
𪞝	⿰冫𠬤
𪞞	⿰冫成
𪞟	⿱古仒
𪞠	⿰冷了
𪞡	⿰冫佘
𪞢	⿰冫厓
𪞣	⿰冫虎
𪞤	⿰冫念
𪞥	⿰冫宗
𪞦	⿰冫胃
𪞧	⿰冷歹
𪞨	⿰冫亭
𪞩	⿰冫龨
𪞪	⿰冫釜
𪞫	⿰冫敕
𪞬	⿰冫章
𪞭	⿰冫堯
𪞮	⿰冫零
𪞯	⿰冫豪
𪞰	⿰冫闖
𪞱	⿱⿱十冖几
𪞲	⿺𠘨占
𪞳	⿱乖几
𪞴	⿺几計
𪞵	⿵𠘨雪
𪞶	⿶凵𠓛
𪞷	⿰出廾
𪞸	⿰㐫午
𪞹	⿰出忍
𪞺	⿰出乳
𪞻	⿰㐫吳
𪞼	⿰㐫羡
𪞽	⿰㐫農
𪞾	⿰夫刂
𪞿	⿰屯刂
𪟀	⿰刀方
𪟁	⿰犮刂
𪟂	⿰占刀
𪟃	⿰㚐刂
𪟄	⿰屰刂
𪟅	⿰决刂
𪟆	⿰育刂
𪟇	⿰㒵刂
𪟈	⿰者刂
𪟉	⿰𡘆刂
𪟊	⿳丆且分
𪟋	⿰革刂
𪟌	⿰壴刂
𪟍	⿰𦚏刂
𪟎	⿰监刂
𪟏	⿰埀刂
𪟐	⿰分爭
𪟑	⿱⿰方句分
𪟒	⿰族刂
𪟓	⿱刀𡥵
𪟔	⿰⿱⿴囗仌吕刂
𪟕	⿰箕刂
𪟖	⿰盡刂
𪟗	⿱加丁
𪟘	⿰丘力
𪟙	⿰？力
𪟚	⿰名力
𪟛	⿱⿰氵丸力
𪟜	⿱沙力
𪟝	⿰责力
𪟞	⿰男才
𪟟	⿺⿳⺈田儿力
𪟠	⿰音力
𪟡	⿰男可
𪟢	⿰益力
𪟣	⿰𫪡力
𪟤	⿰弄男
𪟥	⿰華力
𪟦	⿰男隹
𪟧	⿱男𤲶
𪟨	⿺乚匕
𪟩	⿱匕天
𪟪	⿱北不
𪟫	⿱比皇
𪟬	⿷匚⺝
𪟭	⿷匚⿻巨丨
𪟮	⿰区𠃓
𪟯	⿷匸里
𪟰	⿷匚佫
𪟱	⿷匚粞
𪟲	⿷匚𫎬
𪟳	⿰午⿱⿰㇒㇖丨
𪟴	⿰⿱古十乞
𪟵	⿰𠦝⿵⿻丿⺄丶
𪟶	⿰半尚
𪟷	⿰卓牟
𪟸	⿰半旁
𪟹	⿰索令
𪟺	⿰𠦝俞
𪟻	⿱雔十
𪟼	⿰卒巽
𪟽	⿱⺊了
𪟾	⿺未卜
𪟿	⿰卓卜
𪠀	⿰⿳⿱⺊冖一贝圣
𪠁	⿰合卩
𪠂	⿰又即
𪠃	⿸厂马
𪠄	⿸厂电
𪠅	⿸厂吉
𪠆	⿸厂并
𪠇	⿸厂赤
𪠈	⿸厂⿱口⿻口乚
𪠉	⿰𱤽⿱⿰㇒㇖丨
𪠊	⿸厂旲
𪠋	⿸厂直
𪠌	⿸厂顷
𪠍	⿸厂長
𪠎	⿸厂忩
𪠏	⿸厌皮
𪠐	⿸厂⿱佳一
𪠑	⿸厂尃
𪠒	⿸厂𣍮
𪠓	⿸厂黄
𪠔	⿸厂𣪘
𪠕	⿸厂惟
𪠖	⿸厂菐
𪠗	⿰厚台
𪠘	⿸厂解
𪠙	⿸厂⿰⿱立⺼尤
𪠚	⿸厤田
𪠛	⿸厂⿱吅敢
𪠜	⿰𠫓𫥞
𪠝	⿰去尼
𪠞	⿰多去
𪠟	⿰参冘
𪠠	⿰矣亥
𪠡	⿰参两
𪠢	⿰去廣
𪠣	⿱㐅又
𪠤	⿰刀又
𪠥	⿱又月
𪠦	⿰圧又
𪠧	⿰覀又
𪠨	⿱臼又
𪠩	⿰佘又
𪠪	⿰？㕛
𪠫	⿰关反
𪠬	⿰⿱𫜹古又
𪠭	⿱反阻
𪠮	⿰容又
𪠯	⿰區又
𪠰	⿱叕刖
𪠱	⿱取刼
𪠲	⿱口又
𪠳	⿰口车
𪠴	⿰口⿻⿹勹丿丶
𪠵	⿰口仑
𪠶	⿰口⿺土人
𪠷	⿱史口
𪠸	⿰口乐
𪠹	⿱礻口
𪠺	⿰口⿰扌丸
𪠻	⿰口⿱𠫓𫶧
𪠼	⿰口肉
𪠽	⿰口当
𪠾	⿰口舟
𪠿	⿰口竹
𪡀	⿰口乔
𪡁	⿰口充
𪡂	⿰口⿱厶㐄
𪡃	⿰口买
𪡄	⿰口匣
𪡅	⿻王吅
𪡆	⿰口扲
𪡇	⿰口你
𪡈	⿰口伯
𪡉	⿰呂⿱⿰㇒㇖丨
𪡊	⿰口豸
𪡋	⿰口佥
𪡌	⿱㳄口
𪡍	⿰吝⿱⿰㇒㇖丨
𪡎	⿰另令
𪡏	⿰口连
𪡐	⿰右回
𪡑	⿱可汝
𪡒	⿱口幸
𪡓	⿰口昆
𪡔	⿰口𱺵
𪡕	⿰吻勿
𪡖	⿰史因
𪡗	⿰口欣
𪡘	⿰𱒋丮
𪡙	⿰口𭅺
𪡚	⿰口⿱𭕄生
𪡛	⿰口𬮠
𪡜	⿰古兌
𪡝	⿰口巷
𪡞	⿰口贵
𪡟	⿰口俊
𪡠	⿰口泉
𪡡	⿰口訇
𪡢	⿱⿶臼口川
𪡣	⿰口𫳂
𪡤	⿱派口
𪡥	⿰口洪
𪡦	⿰口𬏝
𪡧	⿰口酋
𪡨	⿰口屎
𪡩	⿰口炭
𪡪	⿱䣅口
𪡫	⿰口袁
𪡬	⿰百告
𪡭	⿰口配
𪡮	⿰口𧴫
𪡯	⿰員门
𪡰	⿱吅即
𪡱	⿰口耗
𪡲	⿱⿶臼口天
𪡳	⿰咅台
𪡴	⿰口記
𪡵	⿰口涓
𪡶	⿰口冤
𪡷	⿰口除
𪡸	⿰口接
𪡹	⿱殸口
𪡺	⿰口赉
𪡻	⿰𫇰古
𪡼	⿱吅𰥍
𪡽	⿰口𱑏
𪡾	⿰口笙
𪡿	⿰口脛
𪢀	⿲口囱攵
𪢁	⿰口亳
𪢂	⿰口着
𪢃	⿰口⿱亠㚇
𪢄	⿰口翌
𪢅	⿰口握
𪢆	⿰口𨔾
𪢇	⿰啉之
𪢈	⿰后娄
𪢉	⿰口筒
𪢊	⿰口衆
𪢋	⿲口亻贾
𪢌	⿰口阑
𪢍	⿰口結
𪢎	⿰口聖
𪢏	⿰唇池
𪢐	⿰口赖
𪢑	⿰口筨
𪢒	⿰口数
𪢓	⿰⿱永口𠀬
𪢔	⿰口廌
𪢕	⿰口赘
𪢖	⿰口稳
𪢗	⿰口蜜
𪢘	⿰口辣
𪢙	⿰口⿳一⿴⿰丨丨𠄠鬲
𪢚	⿰口撮
𪢛	⿰員爭
𪢜	⿰口鋪
𪢝	⿰口德
𪢞	⿱鄊向
𪢟	⿰嗃羊
𪢠	⿰口𬞕
𪢡	⿰告喬
𪢢	⿰喜宜
𪢣	⿰喜明
𪢤	⿰口矯
𪢥	⿰口邊
𪢦	⿰哥舞
𪢧	⿰口聽
𪢨	⿴囗文
𪢩	⿴囗丕
𪢪	⿴囗羊
𪢫	⿴囗車
𪢬	⿴囗昆
𪢭	⿴囗並
𪢮	⿴囗栾
𪢯	⿴囗莧
𪢰	⿰圓丸
𪢱	⿱土卜
𪢲	⿰土又
𪢳	⿱去𠃍
𪢴	⿰土土
𪢵	⿰土凡
𪢶	⿱夂土
𪢷	⿰土亡
𪢸	⿰土无
𪢹	⿰土冇
𪢺	⿰土攴
𪢻	⿰土月
𪢼	⿰土化
𪢽	⿰土丰
𪢾	⿱火土
𪢿	⿰土水
𪣀	⿰土巴
𪣁	⿰土允
𪣂	⿰土孔
𪣃	⿰土丙
𪣄	⿱土厈
𪣅	⿰土世
𪣆	⿰土东
𪣇	⿰土乏
𪣈	⿰土⿱𠘧口
𪣉	⿰土永
𪣊	⿰土必
𪣋	⿰土存
𪣌	⿰土耳
𪣍	⿰土⿱日乃
𪣎	⿰土朱
𪣏	⿰土州
𪣐	⿰土庄
𪣑	⿰土农
𪣒	⿰土军
𪣓	⿰土⿸尸乇
𪣔	⿰土吾
𪣕	⿰土克
𪣖	⿱𣏒土
𪣗	⿱辰土
𪣘	⿰土吳
𪣙	⿰土𣅋
𪣚	⿰土妟
𪣛	⿰土利
𪣜	⿰土秀
𪣝	⿰土皂
𪣞	⿰土𥤥
𪣟	⿰土罕
𪣠	⿰土吝
𪣡	⿱沃土
𪣢	⿰土汶
𪣣	⿰土君
𪣤	⿰土昔
𪣥	⿰土武
𪣦	⿰土明
𪣧	⿰土昌
𪣨	⿰土𤰠
𪣩	⿰土肯
𪣪	⿱⿰月升土
𪣫	⿰土刻
𪣬	⿰土官
𪣭	⿱波土
𪣮	⿰土泥
𪣯	⿰土宜
𪣰	⿰土𱺵
𪣱	⿰垃⿱⿰㇒㇖丨
𪣲	⿰土苗
𪣳	⿰土𱚠
𪣴	⿰土政
𪣵	⿰土背
𪣶	⿱叙土
𪣷	⿰土奐
𪣸	⿰叙土
𪣹	⿰土亭
𪣺	⿰土恰
𪣻	⿰土娄
𪣼	⿰土奕
𪣽	⿰圣孛
𪣾	⿰土能
𪣿	⿱⿰耳升土
𪤀	⿱⿰臣月土
𪤁	⿰土𭔰
𪤂	⿰土⿱目皿
𪤃	⿰土晏
𪤄	⿰土罢
𪤅	⿰土党
𪤆	⿰土扇
𪤇	⿰土倉
𪤈	⿱般土
𪤉	⿰土𬇦
𪤊	⿱浪土
𪤋	⿰土离
𪤌	⿰土桑
𪤍	⿰土展
𪤎	⿰土連
𪤏	⿰土基
𪤐	⿰⿱土干⿳彑𠂊巾
𪤑	⿰土國
𪤒	⿰土盒
𪤓	⿰土敏
𪤔	⿰土⿸戶甫
𪤕	⿰土產
𪤖	⿰土將
𪤗	⿰土翏
𪤘	⿰⿱厶土某
𪤙	⿰土𮦉
𪤚	⿰土联
𪤛	⿰土毳
𪤜	⿱訪圡
𪤝	⿱陽土
𪤞	⿰土⿺廴⿸尸⿱土㐄
𪤟	⿱⿰南方土
𪤠	⿰土雷
𪤡	⿰土豊
𪤢	⿰土喿
𪤣	⿰土愈
𪤤	⿰土禄
𪤥	⿰土意
𪤦	⿰土鿿
𪤧	⿰土與
𪤨	⿰土鼻
𪤩	⿰土夐
𪤪	⿰土齊
𪤫	⿰土⿳𱐍公又
𪤬	⿱磊土
𪤭	⿰土齒
𪤮	⿰土寮
𪤯	⿰土𦎫
𪤰	⿰土霖
𪤱	⿰𦰩壴
𪤲	⿰声⿱⿰㇒㇖丨
𪤳	⿳⿱士乛叿寸
𪤴	⿰壹益
𪤵	⿳夂⿻口氺⿶凵吞
𪤶	⿰正夌
𪤷	⿰夕巾
𪤸	⿰外⿱⿰㇒㇖丨
𪤹	⿰夕米
𪤺	⿱𡖇丐
𪤻	⿰多皮
𪤼	⿰夕郎
𪤽	⿰夌多
𪤾	⿱夕朝
𪤿	⿱𡖇埋
𪥀	⿰廩多
𪥁	⿱大乛
𪥂	⿰大刀
𪥃	⿱夫丁
𪥄	⿱木大
𪥅	⿰大戈
𪥆	⿳大八又
𪥇	⿱丙大
𪥈	⿱大平
𪥉	⿱天巴
𪥊	⿰未大
𪥋	⿱大未
𪥌	⿳㇒𠔿大
𪥍	⿳大一电
𪥎	⿱匡大
𪥏	⿰大㫃
𪥐	⿱𡗗市
𪥑	⿰奈乃
𪥒	⿱吹大
𪥓	⿳大丙土
𪥔	⿰⿱穴工大
𪥕	⿱大屈
𪥖	⿱昛大
𪥗	⿱前大
𪥘	⿰竒大
𪥙	⿰⿳𠂉⿻卄丨工天
𪥚	⿰𡘆兄
𪥛	⿺竜大
𪥜	⿱大𫪡
𪥝	⿱動大
𪥞	⿰盖大
𪥟	⿱堹大
𪥠	⿱赑大
𪥡	⿱隊大
𪥢	⿱⿲火言火大
𪥣	⿰奚荒
𪥤	⿱上女
𪥥	⿰女亇
𪥦	⿰女互
𪥧	⿰女止
𪥨	⿰女日
𪥩	⿰女攴
𪥪	⿰女⿱𠘧𠘧
𪥫	⿰女双
𪥬	⿰女允
𪥭	⿰女𫵲
𪥮	⿰女旧
𪥯	⿱亇奴
𪥰	⿰女宁
𪥱	⿰女朿
𪥲	⿰女⿱㇒⿺友丶
𪥳	⿰女吊
𪥴	⿱自女
𪥵	⿰女羽
𪥶	⿰女邦
𪥷	⿱伯女
𪥸	⿱勿好
𪥹	⿰女⿺亢彡
𪥺	⿳力功女
𪥻	⿰奸乏
𪥼	⿰女妻
𪥽	⿰女長
𪥾	⿰妬⿱⿰㇒㇖丨
𪥿	⿰女卖
𪦀	⿰女芳
𪦁	⿰女⿱甶丂
𪦂	⿰女⿳㇒冈大
𪦃	⿰女店
𪦄	⿰女𧈡
𪦅	⿰女⿱巛龱
𪦆	⿱妬之
𪦇	⿰女封
𪦈	⿰女匽
𪦉	⿰姯久
𪦊	⿰女咢
𪦋	⿰女段
𪦌	⿰女姿
𪦍	⿰妄光
𪦎	⿰女彥
𪦏	⿰女紀
𪦐	⿰妱攵
𪦑	⿱𣂜女
𪦒	⿰女虔
𪦓	⿰女眠
𪦔	⿰女倉
𪦕	⿰女爹
𪦖	⿰女⿱⿳亠丷冖木
𪦗	⿰女⿱？女
𪦘	⿰女⿱考禾
𪦙	⿰女莪
𪦚	⿰女敗
𪦛	⿰女⿳穴𠆢天
𪦜	⿰女渚
𪦝	⿰女⿰享丸
𪦞	⿰女習
𪦟	⿰好於
𪦠	⿱馭女
𪦡	⿰女棗
𪦢	⿰女⿱爫金
𪦣	⿲女亻⿱禾冉
𪦤	⿲女糸糸
𪦥	⿱絲女
𪦦	⿰女𩂜
𪦧	⿰女⿻⿳𤮺𠔽⺝丨
𪦨	⿰女蜀
𪦩	⿲女⿱山糸攵
𪦪	⿰女粵
𪦫	⿰女閣
𪦬	⿰女賢
𪦭	⿰姑烏
𪦮	⿰女畾
𪦯	⿰女瑩
𪦰	⿰女噩
𪦱	⿰女螢
𪦲	⿰始買
𪦳	⿰女⿱旦⿻丨⿱丷⿵冂㸚
𪦴	⿰女簡
𪦵	⿱⿰真真女
𪦶	⿰子支
𪦷	⿰子戈
𪦸	⿰子六
𪦹	⿰子文
𪦺	⿰子白
𪦻	⿱合子
𪦼	⿰子的
𪦽	⿱𫼉子
𪦾	⿱子⿰？八
𪦿	⿰子食
𪧀	⿰子婴
𪧁	⿰子置
𪧂	⿱𰯲子
𪧃	⿰享重
𪧄	⿰孤嵬
𪧅	⿱㝉山
𪧆	⿱宀尺
𪧇	⿱宀爿
𪧈	⿱宀田
𪧉	⿱宀㐱
𪧊	⿱宀扣
𪧋	⿱宀⿰夕女
𪧌	⿱宀𠫡
𪧍	⿱宀⿺元下
𪧎	⿱宀足
𪧏	⿱宀𡇂
𪧐	⿱宀伯
𪧑	⿳宀共⺀
𪧒	⿱宀佫
𪧓	⿱宀泊
𪧔	⿱𡨄力
𪧕	⿱宀𭎘
𪧖	⿱宀𤽈
𪧗	⿳穴𠆢田
𪧘	⿱宀娄
𪧙	⿳宀叒女
𪧚	⿰字守
𪧛	⿳⿱宀大日小
𪧜	⿱宀敖
𪧝	⿳宀⿰弋弋火
𪧞	⿱宀𫯎
𪧟	⿱宓用
𪧠	⿱宓且
𪧡	⿰⿺𠃊𥃭守
𪧢	⿱宀埶
𪧣	⿳⿱宀艹夂水
𪧤	⿱宀𨈡
𪧥	⿱宀𬒴
𪧦	⿱𡨄⿴⿰⿱丶㇀⿱㇒丶亅
𪧧	⿱宀臸
𪧨	⿱宀最
𪧩	⿰⿱宀几𡝌
𪧪	⿳宀⿸尹工罒
𪧫	⿱宀𩡱
𪧬	⿱宀⿰酉缶
𪧭	⿱宀新
𪧮	⿳宀敄戈
𪧯	⿱宀算
𪧰	⿰富有
𪧱	⿰寒吉
𪧲	⿳宀婪𠬞
𪧳	⿳宀來厘
𪧴	⿱宀翼
𪧵	⿱宀⿰⿳宀龶林女
𪧶	⿳宀柬間
𪧷	⿱夕寸
𪧸	⿰寺仕
𪧹	⿱冾寸
𪧺	⿺是寸
𪧻	⿰射半
𪧼	⿰⿱⿱宀儿長寸
𪧽	⿱不尌
𪧾	⿰寻崔
𪧿	⿰内小
𪨀	⿰小出
𪨁	⿰孚小
𪨂	⿳丶亚小
𪨃	⿱小捽
𪨄	⿰少貧
𪨅	⿱小雉
𪨆	⿱少煨
𪨇	⿺兀贵
𪨈	⿺尤虽
𪨉	⿸尸⿱一山
𪨊	⿸尸从
𪨋	⿸尸𡈼
𪨌	⿸尸⿱䒑⿻一乚
𪨍	⿸尸伇
𪨎	⿱尺加
𪨏	⿸尸步
𪨐	⿰尽太
𪨑	⿺尺車
𪨒	⿸尸⿱龷⿻口土
𪨓	⿸尸高
𪨔	⿸尸⿰子見
𪨕	⿺尾出
𪨖	⿰尾甲
𪨗	⿸尸⿰彳乔
𪨘	⿸尸⿱舛口
𪨙	⿺尾坐
𪨚	⿰屏主
𪨛	⿰屏至
𪨜	⿱尺術
𪨝	⿺尾香
𪨞	⿰屡匝
𪨟	⿺尾普
𪨠	⿰屡伴
𪨡	⿸尸⿱報足
𪨢	⿱山下
𪨣	⿱山乞
𪨤	⿱𡭔山
𪨥	⿰山也
𪨦	⿰山⿳𠂉一乙
𪨧	⿱山仑
𪨨	⿰山卞
𪨩	⿰山轧
𪨪	⿰山册
𪨫	⿰山卯
𪨬	⿰山玄
𪨭	⿰山弘
𪨮	⿱山弘
𪨯	⿱成山
𪨰	⿰山曲
𪨱	⿱山兆
𪨲	⿱山缶
𪨳	⿱山行
𪨴	⿰山朱
𪨵	⿱技山
𪨶	⿳山大车
𪨷	⿰山严
𪨸	⿱山吹
𪨹	⿰山呙
𪨺	⿱山冷
𪨻	⿱山𡘃
𪨼	⿰山奈
𪨽	⿱山㘳
𪨾	⿰山受
𪨿	⿱山⿸广电
𪩀	⿰山⿸尸乎
𪩁	⿰山阻
𪩂	⿰山南
𪩃	⿱山是
𪩄	⿰山峉
𪩅	⿱山皇
𪩆	⿰山卸
𪩇	⿱山娄
𪩈	⿱山⿻戊禾
𪩉	⿰山尃
𪩊	⿰山恩
𪩋	⿱山粉
𪩌	⿱山頃
𪩍	⿰山專
𪩎	⿰山婴
𪩏	⿱山鹿
𪩐	⿰山寉
𪩑	⿱山庵
𪩒	⿰山翌
𪩓	⿱山華
𪩔	⿰山𢧐
𪩕	⿰山發
𪩖	⿰山孱
𪩗	⿰⿱山革斤
𪩘	⿰山献
𪩙	⿲山⿳廿口土寸
𪩚	⿱山會
𪩛	⿰山𫜩
𪩜	⿱山⿰爻鬼
𪩝	⿳山𦍌取
𪩞	⿱山錢
𪩟	⿱山齕
𪩠	⿱山麗
𪩡	⿱巛巴
𪩢	⿰𦈢川
𪩣	⿱大工
𪩤	⿱巨列
𪩥	⿰巨吝
𪩦	⿱巨林
𪩧	⿰亭巨
𪩨	⿰⿱⿱⺈罒𠕸巨
𪩩	⿰巨⿺辶⿱八豕
𪩪	⿱巨歛
𪩫	⿱𡗗己
𪩬	⿰巴⿱⿰㇒㇖丨
𪩭	⿰巴來
𪩮	⿱巴夌
𪩯	⿺巳產
𪩰	⿰豊己
𪩱	⿱巴阑
𪩲	⿹巿㇒
𪩳	⿰巾吾
𪩴	⿰巾門
𪩵	⿱行市
𪩶	⿳⿱宀儿大巾
𪩷	⿰巾单
𪩸	⿰巾贲
𪩹	⿰巾拜
𪩺	⿰帚夬
𪩻	⿰巾宿
𪩼	⿰巾爲
𪩽	⿰巾虞
𪩾	⿰⿳业八巾甫
𪩿	⿰巾曇
𪪀	⿰師柴
𪪁	⿰干井
𪪂	⿰𠦝干
𪪃	⿰并丙
𪪄	⿰平忍
𪪅	⿰平奄
𪪆	⿰平念
𪪇	⿰平旁
𪪈	⿰悲年
𪪉	⿰幸敏
𪪊	⿰幺勺
𪪋	⿱𢆶才
𪪌	⿸广巿
𪪍	⿸广文
𪪎	⿸广正
𪪏	⿸广卢
𪪐	⿸虍文
𪪑	⿸广乔
𪪒	⿸广君
𪪓	⿸广否
𪪔	⿸广夿
𪪕	⿸广⿰去人
𪪖	⿸广𫹍
𪪗	⿸广即
𪪘	⿸广⿱一邑
𪪙	⿸广昊
𪪚	⿸广𦔻
𪪛	⿸广虐
𪪜	⿸广⿱𠆢𡕥
𪪝	⿸广邕
𪪞	⿸广啬
𪪟	⿸广患
𪪠	⿸府衣
𪪡	⿸广𮙺
𪪢	⿸广間
𪪣	⿸广⿳宀王罒
𪪤	⿸麻旦
𪪥	⿸广⿱龹貝
𪪦	⿸广⿲亻丨鳥
𪪧	⿸广疑
𪪨	⿸广𫡿
𪪩	⿰弄庶
𪪪	⿰度耻
𪪫	⿰𦰩庫
𪪬	⿺廴于
𪪭	⿺廴平
𪪮	⿺廴田
𪪯	⿺廴巠
𪪰	⿺廴⿱丷西
𪪱	⿺廴皇
𪪲	⿺廴𩂊
𪪳	⿱公廾
𪪴	⿱𠬤廾
𪪵	⿱求廾
𪪶	⿱帝廾
𪪷	⿱粉廾
𪪸	⿱䢅廾
𪪹	⿱𫤼廾
𪪺	⿰弓口
𪪻	⿰弓丙
𪪼	⿰弓毕
𪪽	⿰弓血
𪪾	⿰弓⿱口攴
𪪿	⿰弓取
𪫀	⿰弓韋
𪫁	⿰弓爯
𪫂	⿰弓寅
𪫃	⿰弟員
𪫄	⿰弓雙
𪫅	⿰弓𩺰
𪫆	⿰氵𫜹
𪫇	⿱彑頪
𪫈	⿱⿻十口㐱
𪫉	⿰⿳日亠早彡
𪫊	⿰形俸
𪫋	⿰彳文
𪫌	⿰彳龙
𪫍	⿰彳志
𪫎	⿰彳呚
𪫏	⿲彳中攵
𪫐	⿰彳兔
𪫑	⿰彳畏
𪫒	⿰彳𰙡
𪫓	⿰律⿱⿰㇒㇖丨
𪫔	⿰彳𩵋
𪫕	⿰彳𮈄
𪫖	⿰彳專
𪫗	⿰𢓥乍
𪫘	⿰彳⿳止口止
𪫙	⿰彳睪
𪫚	⿱法律
𪫛	⿰彳辳
𪫜	⿲彳⿱出糸攵
𪫝	⿰忄𠀁
𪫞	⿰忄土
𪫟	⿰忄木
𪫠	⿱比心
𪫡	⿰忄历
𪫢	⿰忄𪟽
𪫣	⿰忄止
𪫤	⿰忄允
𪫥	⿱弔心
𪫦	⿰忄左
𪫧	⿰忄可
𪫨	⿰忄匛
𪫩	⿱目心
𪫪	⿰忄冋
𪫫	⿱仞心
𪫬	⿰忄主
𪫭	⿰忄考
𪫮	⿰忄百
𪫯	⿰忄⿷匚火
𪫰	⿱吕心
𪫱	⿱份心
𪫲	⿰忄安
𪫳	⿱衣心
𪫴	⿱𡚱心
𪫵	⿰弄心
𪫶	⿰念⿱⿰㇒㇖丨
𪫷	⿱寿心
𪫸	⿰忄却
𪫹	⿰忄谷
𪫺	⿰忄佥
𪫻	⿰忄完
𪫼	⿱対心
𪫽	⿱阥心
𪫾	⿱𡛊心
𪫿	⿰忄芝
𪬀	⿰忄⿱甶𠀁
𪬁	⿰忄乖
𪬂	⿱祀心
𪬃	⿰忄宜
𪬄	⿱𠧦心
𪬅	⿱宕心
𪬆	⿱放心
𪬇	⿱⿰⿻三丨⿻三丨必
𪬈	⿱勅心
𪬉	⿰忄垔
𪬊	⿱䀛心
𪬋	⿱咼心
𪬌	⿰忄𪾋
𪬍	⿰怗心
𪬎	⿰急巴
𪬏	⿰忄香
𪬐	⿱首心
𪬑	⿰忄⿸尸幵
𪬒	⿱⿰？攵心
𪬓	⿱𭪂心
𪬔	⿰忄殊
𪬕	⿰忄晉
𪬖	⿰忄閃
𪬗	⿰忄埀
𪬘	⿰忄益
𪬙	⿰忄涓
𪬚	⿰忄宾
𪬛	⿱容心
𪬜	⿰忄⿱亦犬
𪬝	⿰忄恙
𪬞	⿰忄⿱羽止
𪬟	⿱彬心
𪬠	⿰忄莒
𪬡	⿰忄䝨
𪬢	⿰忄勖
𪬣	⿰忄⿹气吝
𪬤	⿰息必
𪬥	⿱商心
𪬦	⿰忄寅
𪬧	⿰忌京
𪬨	⿰忄量
𪬩	⿱勛心
𪬪	⿱个愈
𪬫	⿰意⿱⿰㇒㇖丨
𪬬	⿱浦𠇍
𪬭	⿰快爭
𪬮	⿰忄聖
𪬯	⿱赖心
𪬰	⿰忄觜
𪬱	⿰忄圓
𪬲	⿰忿恨
𪬳	⿰忘員
𪬴	⿱新心
𪬵	⿱肅心
𪬶	⿲忄糸每
𪬷	⿰忄塹
𪬸	⿰忄⿸产⿻⿳一⺕八⿰丨丨
𪬹	⿰忄𫢀
𪬺	⿰忄審
𪬻	⿰忄⿱笍戊
𪬼	⿰忿䝨
𪬽	⿰急倍
𪬾	⿰忄⿱米⿰舛阝
𪬿	⿱𫕻心
𪭀	⿱辨心
𪭁	⿱⿰壹尔心
𪭂	⿱⿰章有心
𪭃	⿰忄⿸⿻丅⿸⿰丿乛⿰二二𰤷
𪭄	⿰忄額
𪭅	⿱𩌌心
𪭆	⿰忄⿱丷⿱⿸⿹⿱百八止㔾夊
𪭇	⿰忄⿱𦍌誩
𪭈	⿰忄𬯵
𪭉	⿱戈一
𪭊	⿹戈力
𪭋	⿹𢦏子
𪭌	⿱戈皿
𪭍	⿰共戈
𪭎	⿹戈甶
𪭏	⿵戊⿱工女
𪭐	⿹戈孚
𪭑	⿹戈⿱⿵冂丨目
𪭒	⿹𢦏孚
𪭓	⿰⿱目皿戈
𪭔	⿱？戔
𪭕	⿰湛戈
𪭖	⿰貫戈
𪭗	⿱䜌我
𪭘	⿰户巨
𪭙	⿸户㕯
𪭚	⿸户𱑏
𪭛	⿳⿱𫼉亠吕早
𪭜	⿰扌夕
𪭝	⿰扌韦
𪭞	⿰扌⿱㇒幺
𪭟	⿰扌午
𪭠	⿰扌勽
𪭡	⿰扌什
𪭢	⿰扌从
𪭣	⿰扌⿱𫝀卜
𪭤	⿰扌正
𪭥	⿰扌左
𪭦	⿰扌⿱口勹
𪭧	⿰扌尔
𪭨	⿰扌矢
𪭩	⿰手代
𪭪	⿰扌册
𪭫	⿰打方
𪭬	⿰扌𫯜
𪭭	⿰扌⿸𠂆氏
𪭮	⿰扌众
𪭯	⿰扌会
𪭰	⿰扌羊
𪭱	⿰扌决
𪭲	⿰扌⿱又⿻三丨
𪭳	⿰手艮
𪭴	⿰扌走
𪭵	⿰扌两
𪭶	⿰扌串
𪭷	⿰扌呆
𪭸	⿰扌呌
𪭹	⿰扌⿺九包
𪭺	⿰扌⿱𱼀寸
𪭻	⿰扌⿱𠂉正
𪭼	⿰扌利
𪭽	⿰扌庒
𪭾	⿰扌𫔮
𪭿	⿰扌壯
𪮀	⿰手阮
𪮁	⿰扌刺
𪮂	⿰抨阝
𪮃	⿱斩手
𪮄	⿰扌⿳⺊⺕女
𪮅	⿰扌条
𪮆	⿰扌⿱白工
𪮇	⿰扌⿱⿹勹巳口
𪮈	⿰扌使
𪮉	⿰扌⿱文⿻三丨
𪮊	⿰扌𱑎
𪮋	⿰扌肃
𪮌	⿰扌𪟆
𪮍	⿰手某
𪮎	⿰扌𦬾
𪮏	⿰手思
𪮐	⿰扌品
𪮑	⿰扌看
𪮒	⿰手看
𪮓	⿰扌𢍃
𪮔	⿰扌洛
𪮕	⿰扌飛
𪮖	⿰扌绝
𪮗	⿰扌𫀄
𪮘	⿰扌峯
𪮙	⿰扌𦮎
𪮚	⿱剛手
𪮛	⿰扌時
𪮜	⿰扌埀
𪮝	⿰扌𬐚
𪮞	⿰扌秩
𪮟	⿰扌爹
𪮠	⿰扌恋
𪮡	⿰扌朗
𪮢	⿰扌原
𪮣	⿱技折
𪮤	⿰扌崩
𪮥	⿲扌舟⿱儿口
𪮦	⿰扌得
𪮧	⿰扌庸
𪮨	⿰扌深
𪮩	⿰手粗
𪮪	⿰扌屚
𪮫	⿰扌㪚
𪮬	⿰扌喜
𪮭	⿰扌趂
𪮮	⿰扌㦸
𪮯	⿰揖⿱⿰㇒㇖丨
𪮰	⿰扌悶
𪮱	⿰扌象
𪮲	⿰扌羡
𪮳	⿰扌蛮
𪮴	⿰扌屡
𪮵	⿰扌⿱𫠩共
𪮶	⿰扌赖
𪮷	⿰扌⿱合辛
𪮸	⿰扌⿺廴䙴
𪮹	⿰扌𬕏
𪮺	⿰扌盡
𪮻	⿰扌暫
𪮼	⿰扌勲
𪮽	⿰手質
𪮾	⿰扌䴢
𪮿	⿰扌慶
𪯀	⿰扌駕
𪯁	⿰扌⿸尸萬
𪯂	⿰扌應
𪯃	⿰扌𧁙
𪯄	⿰扌勸
𪯅	⿰𡗩支
𪯆	⿺支⿱十二
𪯇	⿰⿱罒至支
𪯈	⿰夫攵
𪯉	⿰生攴
𪯊	⿰收⿱⿰㇒㇖丨
𪯋	⿰夹攴
𪯌	⿰𠂤攵
𪯍	⿰更攵
𪯎	⿰幸攵
𪯏	⿰忽攵
𪯐	⿰帝攵
𪯑	⿰素攵
𪯒	⿰亳攵
𪯓	⿰曹攵
𪯔	⿰商攵
𪯕	⿰放作
𪯖	⿰翏攵
𪯗	⿰散分
𪯘	⿰朁攵
𪯙	⿰啻攵
𪯚	⿰⿸尾米攵
𪯛	⿱放素
𪯜	⿰𫡿攵
𪯝	⿰散洒
𪯞	⿰放碎
𪯟	⿰𫬲攵
𪯠	⿱文川
𪯡	⿱中文
𪯢	⿰文文
𪯣	⿱文四
𪯤	⿰文合
𪯥	⿱玨文
𪯦	⿰文典
𪯧	⿰文金
𪯨	⿳亠㐅⿸厂初
𪯩	⿰文隻
𪯪	⿱文高
𪯫	⿰斗丘
𪯬	⿰后斗
𪯭	⿰匪斗
𪯮	⿰啚斗
𪯯	⿰𱤽斜
𪯰	⿰斜隻
𪯱	⿰斤攵
𪯲	⿰方斤
𪯳	⿰方⿱𠂉又
𪯴	⿰方占
𪯵	⿰匡方
𪯶	⿰方⿱𠂉天
𪯷	⿰方羊
𪯸	⿰方⿱𠂉白
𪯹	⿰方長
𪯺	⿰方念
𪯻	⿰方定
𪯼	⿰方斉
𪯽	⿰方⿱𠂉𥃫
𪯾	⿰方員
𪯿	⿰方㒼
𪰀	⿰方⿳𠂉𰢴卄
𪰁	⿰方𩚇
𪰂	⿰方費
𪰃	⿰旗半
𪰄	⿰方⿱𠂉𬁅
𪰅	⿰方⿱𠂉𦖞
𪰆	⿰日工
𪰇	⿰日⿱⿰㇒㇖丨
𪰈	⿰日元
𪰉	⿰日井
𪰊	⿱日止
𪰋	⿰日攵
𪰌	⿰日毛
𪰍	⿰日斗
𪰎	⿱文日
𪰏	⿰日可
𪰐	⿰日本
𪰑	⿱日玉
𪰒	⿰日石
𪰓	⿰日平
𪰔	⿱日央
𪰕	⿰日矢
𪰖	⿱日矢
𪰗	⿰日必
𪰘	⿱日加
𪰙	⿰日吉
𪰚	⿱日老
𪰛	⿰寺日
𪰜	⿰日式
𪰝	⿰日𠚾
𪰞	⿱日⿻⿱⿰十十𠄟丨
𪰟	⿰日年
𪰠	⿰日夅
𪰡	⿰日全
𪰢	⿰日州
𪰣	⿰日羽
𪰤	⿰日汝
𪰥	⿰日亜
𪰦	⿱日坐
𪰧	⿰日宏
𪰨	⿱日𢗼
𪰩	⿱日⿰巨弓
𪰪	⿰日來
𪰫	⿰日奔
𪰬	⿱旦利
𪰭	⿰日爭
𪰮	⿱日制
𪰯	⿺是友
𪰰	⿰時⿱⿰㇒㇖丨
𪰱	⿰日政
𪰲	⿰日厚
𪰳	⿱日契
𪰴	⿰日段
𪰵	⿰日勇
𪰶	⿰日费
𪰷	⿰日建
𪰸	⿰日素
𪰹	⿱日埋
𪰺	⿰日畟
𪰻	⿰日倉
𪰼	⿰日唐
𪰽	⿰日庫
𪰾	⿺是旨
𪰿	⿺是字
𪱀	⿰日累
𪱁	⿰易里
𪱂	⿰日猪
𪱃	⿰日敏
𪱄	⿰日寅
𪱅	⿱日渚
𪱆	⿰日𱢒
𪱇	⿰日惠
𪱈	⿱晶日
𪱉	⿰日萊
𪱊	⿰星何
𪱋	⿰日善
𪱌	⿰日勞
𪱍	⿰日意
𪱎	⿰星俞
𪱏	⿰日夐
𪱐	⿰音省
𪱑	⿰日⿲⿸厂⿱日⺝犬土
𪱒	⿰日襄
𪱓	⿰日燮
𪱔	⿰日⿳⿴𦥑夊冖見
𪱕	⿰最⿱⿰㇒㇖丨
𪱖	⿰⿱日隹夬
𪱗	⿰曾今
𪱘	⿱曲腰
𪱙	⿰月又
𪱚	⿰月上
𪱛	⿸尹⺝
𪱜	⿰台月
𪱝	⿱氶⺝
𪱞	⿹戈⿱二⺝
𪱟	⿱班⺝
𪱠	⿰月⿱灭又
𪱡	⿰月佘
𪱢	⿰月𠛢
𪱣	⿰月罔
𪱤	⿰有我
𪱥	⿰月贲
𪱦	⿰月皇
𪱧	⿰月亮
𪱨	⿰月⿱立电
𪱩	⿰月离
𪱪	⿰月⿱龹火
𪱫	⿱𫧉⺝
𪱬	⿰月淫
𪱭	⿰月𬡗
𪱮	⿰⿱⿰亡月𡈼貢
𪱯	⿰⿱⿰亡月𡈼⿱立电
𪱰	⿰有𢋨
𪱱	⿱木下
𪱲	⿰木上
𪱳	⿰木口
𪱴	⿰木女
𪱵	⿱巛木
𪱶	⿴井木
𪱷	⿰木贝
𪱸	⿰木仒
𪱹	⿰木水
𪱺	⿰木左
𪱻	⿰木本
𪱼	⿰未今
𪱽	⿰木用
𪱾	⿰木⿱⿰㇒乛𡭔
𪱿	⿰木⿱𠂉子
𪲀	⿰木丘
𪲁	⿱⿰冫夕木
𪲂	⿰木⿹⺄日
𪲃	⿰木弎
𪲄	⿰木灰
𪲅	⿰未平
𪲆	⿰木⿷尤二
𪲇	⿰木曲
𪲈	⿲木丨目
𪲉	⿰木后
𪲊	⿰木𠘻
𪲋	⿰木𡕖
𪲌	⿰木⿱亠丹
𪲍	⿰木𱜢
𪲎	⿰木齐
𪲏	⿰木⿱幺夊
𪲐	⿰木𨚌
𪲑	⿱⿰𤣩阝木
𪲒	⿰木赤
𪲓	⿱木豆
𪲔	⿰木丽
𪲕	⿱朿令
𪲖	⿰木呆
𪲗	⿰木𡇂
𪲘	⿰木我
𪲙	⿰木𡉼
𪲚	⿰木㳉
𪲛	⿰木⿺𠃊米
𪲜	⿱冷木
𪲝	⿰木床
𪲞	⿰木羌
𪲟	⿰木幸
𪲠	⿱⿰𤣩刅木
𪲡	⿱林云
𪲢	⿰木祀
𪲣	⿰某⿱⿰㇒㇖丨
𪲤	⿰木𡶟
𪲥	⿱束令
𪲦	⿰木⿱少手
𪲧	⿰木⿱从龰
𪲨	⿰木忽
𪲩	⿰木⿱宀旦
𪲪	⿱㐭木
𪲫	⿱𪟄木
𪲬	⿰市来
𪲭	⿰朮阮
𪲮	⿰木废
𪲯	⿰木𬎾
𪲰	⿰木奐
𪲱	⿰木奕
𪲲	⿰木⿸厂邑
𪲳	⿱柿木
𪲴	⿲木右木
𪲵	⿱林出
𪲶	⿰木耉
𪲷	⿰木䍒
𪲸	⿰朿束
𪲹	⿱临木
𪲺	⿰木昴
𪲻	⿰木拜
𪲼	⿰木信
𪲽	⿰杀折
𪲾	⿰木𤔄
𪲿	⿰关束
𪳀	⿰木音
𪳁	⿰木度
𪳂	⿰木首
𪳃	⿰木⿱安凢
𪳄	⿰木亮
𪳅	⿰木洛
𪳆	⿰木勇
𪳇	⿰木迦
𪳈	⿱王𣑦
𪳉	⿰木𢙣
𪳊	⿰木⿱有木
𪳋	⿰朽念
𪳌	⿱杜助
𪳍	⿰木聂
𪳎	⿱耿木
𪳏	⿰木⿱吅方
𪳐	⿱䀠木
𪳑	⿰木㫧
𪳒	⿰木晁
𪳓	⿱啄木
𪳔	⿱朱侖
𪳕	⿰木乘
𪳖	⿰木逄
𪳗	⿰木爱
𪳘	⿰木冢
𪳙	⿱准木
𪳚	⿳木冖東
𪳛	⿰木書
𪳜	⿰木烝
𪳝	⿱梄灬
𪳞	⿰木教
𪳟	⿱林免
𪳠	⿰木𤽤
𪳡	⿰木⿱由此
𪳢	⿰木⿳山二⿱氺一
𪳣	⿰木卨
𪳤	⿰木造
𪳥	⿰木亀
𪳦	⿰𠂤𣐩
𪳧	⿰木⿱𭀡子
𪳨	⿰罕果
𪳩	⿰木𣁐
𪳪	⿰木婆
𪳫	⿰桑由
𪳬	⿰木屚
𪳭	⿱㚘東
𪳮	⿰木壹
𪳯	⿱林坣
𪳰	⿰木菓
𪳱	⿰木⿱中⿰中中
𪳲	⿰木智
𪳳	⿰木臰
𪳴	⿰机罢
𪳵	⿰木爲
𪳶	⿰木寒
𪳷	⿱湯木
𪳸	⿰木⿱㒸土
𪳹	⿰木隊
𪳺	⿰木賀
𪳻	⿰杼林
𪳼	⿱渚未
𪳽	⿱林厙
𪳾	⿰木載
𪳿	⿰果度
𪴀	⿰木豊
𪴁	⿰木跳
𪴂	⿰木㬅
𪴃	⿰木奧
𪴄	⿱朱都
𪴅	⿰木⿳𥫗一聿
𪴆	⿰木慈
𪴇	⿰木廌
𪴈	⿱楙木
𪴉	⿰木⿳幽八夊
𪴊	⿰木⿱⿻一曲豆
𪴋	⿰杏區
𪴌	⿰木管
𪴍	⿱熇木
𪴎	⿰木實
𪴏	⿰李曼
𪴐	⿰木⿺辶雪
𪴑	⿰木奭
𪴒	⿰木⿱瓜㼌
𪴓	⿲木䖝隹
𪴔	⿰木寮
𪴕	⿰木層
𪴖	⿰木霖
𪴗	⿰木冀
𪴘	⿰木曇
𪴙	⿰木赞
𪴚	⿰木勲
𪴛	⿰木隸
𪴜	⿰木霜
𪴝	⿰櫓刂
𪴞	⿰楽明
𪴟	⿰木⿱雨⿰予务
𪴠	⿰木⿺辶需
𪴡	⿲木⿱𠂉旲亰
𪴢	⿰木⿱⿵戊𡵩足
𪴣	⿰木𩔜
𪴤	⿰木覺
𪴥	⿰木寶
𪴦	⿳⿲木文木罒𡬠
𪴧	⿰木籣
𪴨	⿰業業
𪴩	⿰方欠
𪴪	⿰厈欠
𪴫	⿰𡰥欠
𪴬	⿰⿱匕生欠
𪴭	⿰⿱白又欠
𪴮	⿰昔欠
𪴯	⿰显欠
𪴰	⿰若欠
𪴱	⿰翁欠
𪴲	⿰⿳羽一井欠
𪴳	⿰⿳艹倠又欠
𪴴	⿰⿱羔鬯欠
𪴵	⿱勿止
𪴶	⿱止亘
𪴷	⿰止甬
𪴸	⿰𫭠必
𪴹	⿱正法
𪴺	⿰來正
𪴻	⿰歪召
𪴼	⿱止𮍏
𪴽	⿰歪妙
𪴾	⿰詈止
𪴿	⿱與止
𪵀	⿰歹包
𪵁	⿰歹𠬢
𪵂	⿰歹㐫
𪵃	⿰歹𡿪
𪵄	⿰歹見
𪵅	⿰歹侖
𪵆	⿰歹真
𪵇	⿰歹赖
𪵈	⿰夸殳
𪵉	⿰⿱口土殳
𪵊	⿰𠤕攵
𪵋	⿰孝殳
𪵌	⿰殳侈
𪵍	⿰命殳
𪵎	⿰⿱厶耳殳
𪵏	⿰彥殳
𪵐	⿰旉殳
𪵑	⿱殸乔
𪵒	⿰萬殳
𪵓	⿰⿸屋黑殳
𪵔	⿰每京
𪵕	⿰比島
𪵖	⿺毛乙
𪵗	⿱毛月
𪵘	⿺毛火
𪵙	⿺毛句
𪵚	⿺毛玄
𪵛	⿺毛耒
𪵜	⿺毛关
𪵝	⿱林毛
𪵞	⿺毛隶
𪵟	⿺毛眉
𪵠	⿺毛納
𪵡	⿺毛鹿
𪵢	⿺毛賓
𪵣	⿰云气
𪵤	⿹气可
𪵥	⿹气每
𪵦	⿰音气
𪵧	⿺⿳𠂉一乙⿰𫠤攵
𪵨	⿱厶水
𪵩	⿰氵下
𪵪	⿱大水
𪵫	⿰氵弋
𪵬	⿰氵凢
𪵭	⿰氵⿸厂丂
𪵮	⿱水斤
𪵯	⿰氵𫜵
𪵰	⿰氵引
𪵱	⿰氵厉
𪵲	⿰氵凹
𪵳	⿰氵矢
𪵴	⿰氵⿱𠂉巾
𪵵	⿰永月
𪵶	⿲氵己力
𪵷	⿰氵⿹戈二
𪵸	⿰氵地
𪵹	⿰氵邛
𪵺	⿰氵⿱止乂
𪵻	⿰氵⿱㇒囚
𪵼	⿱水色
𪵽	⿰氵叒
𪵾	⿰氵杏
𪵿	⿰丁泉
𪶀	⿰氵男
𪶁	⿰氵⿱山王
𪶂	⿱水見
𪶃	⿰氵别
𪶄	⿰氵时
𪶅	⿰氵佘
𪶆	⿰氵狄
𪶇	⿰沃土
𪶈	⿰氵⿺𠃊米
𪶉	⿰氵穷
𪶊	⿰氵対
𪶋	⿰氵妙
𪶌	⿰氵到
𪶍	⿰氵⿱天牛
𪶎	⿰氵招
𪶏	⿰法⿱⿰㇒㇖丨
𪶐	⿰氵岸
𪶑	⿰氵㘠
𪶒	⿰氵罗
𪶓	⿰氵𪥌
𪶔	⿰氵佳
𪶕	⿰氵𱐍
𪶖	⿰氵⿱子田
𪶗	⿰氵⿱𠦄干
𪶘	⿰氵耶
𪶙	⿰氵奎
𪶚	⿰沬心
𪶛	⿱相水
𪶜	⿰氵拼
𪶝	⿰氵珆
𪶞	⿲氵巾舌
𪶟	⿰没失
𪶠	⿰氵俊
𪶡	⿰氵𦏾
𪶢	⿰氵俆
𪶣	⿰氵𢍉
𪶤	⿲氵亻⿱䒑夫
𪶥	⿰氵恒
𪶦	⿰氵哀
𪶧	⿰氵孪
𪶨	⿰氵怒
𪶩	⿰氵怠
𪶪	⿰氵配
𪶫	⿰氵㕍
𪶬	⿰氵匪
𪶭	⿰氵烈
𪶮	⿰氵恶
𪶯	⿰氵栢
𪶰	⿱髟水
𪶱	⿰氵峷
𪶲	⿰氵茵
𪶳	⿰氵⿱⿱⺈𫩏仒
𪶴	⿰氵⿱爫𬽪
𪶵	⿰氵秩
𪶶	⿰氵座
𪶷	⿰氵⿱⿱宀儿𠫝
𪶸	⿰氵紊
𪶹	⿰氵庭
𪶺	⿰氵⿱亦文
𪶻	⿰氵𬁼
𪶼	⿰沙吉
𪶽	⿰氵桑
𪶾	⿰氵陋
𪶿	⿰氵欵
𪷀	⿰浗斤
𪷁	⿲氵⿱山王攵
𪷂	⿱莫水
𪷃	⿰氵⿱𰀡見
𪷄	⿰氵脫
𪷅	⿰氵𡨼
𪷆	⿰氵㝠
𪷇	⿰氵剪
𪷈	⿰氵貫
𪷉	⿰氵細
𪷊	⿰氵翌
𪷋	⿰氵⿱雨午
𪷌	⿰氵⿱𦓎灬
𪷍	⿰氵靓
𪷎	⿰氵⿹⿽𭠍丅貝
𪷏	⿰氵厨
𪷐	⿰氵雅
𪷑	⿰氵量
𪷒	⿰氵萄
𪷓	⿰氵虜
𪷔	⿰没侈
𪷕	⿰氵斐
𪷖	⿰氵然
𪷗	⿰氵脾
𪷘	⿰氵掣
𪷙	⿰氵⿱六金
𪷚	⿰氵窜
𪷛	⿰氵富
𪷜	⿲氵糸糸
𪷝	⿰氵⿸厂鹿
𪷞	⿰氵𱽷
𪷟	⿰氵䝉
𪷠	⿰氵萲
𪷡	⿰浊吻
𪷢	⿰氵號
𪷣	⿱⿰𠂤辛水
𪷤	⿰氵禀
𪷥	⿰泣夌
𪷦	⿰氵運
𪷧	⿰氵群
𪷨	⿰氵𢞍
𪷩	⿰氵𤾓
𪷪	⿰污貧
𪷫	⿰氵鿿
𪷬	⿰氵緊
𪷭	⿰氵閨
𪷮	⿺洗舍
𪷯	⿰氵粽
𪷰	⿰氵韶
𪷱	⿰氵赛
𪷲	⿰氵⿸广基
𪷳	⿰氵霈
𪷴	⿰氵熱
𪷵	⿰氵蔭
𪷶	⿰溪令
𪷷	⿰氵寮
𪷸	⿰氵慶
𪷹	⿰⿱立电河
𪷺	⿰氵蕙
𪷻	⿰氵錢
𪷼	⿰氵錡
𪷽	⿰氵赞
𪷾	⿰氵龜
𪷿	⿰氵頴
𪸀	⿰氵霞
𪸁	⿰渡坡
𪸂	⿰氵燮
𪸃	⿰清氣
𪸄	⿰濫⿱⿰㇒㇖丨
𪸅	⿰氵䌛
𪸆	⿰氵鎔
𪸇	⿰氵⿸麃土
𪸈	⿰氵疇
𪸉	⿰氵鯨
𪸊	⿰淨堯
𪸋	⿰氵騫
𪸌	⿰氵闢
𪸍	⿱乙火
𪸎	⿰火凢
𪸏	⿰火乞
𪸐	⿰火刃
𪸑	⿰火元
𪸒	⿰火互
𪸓	⿱无灬
𪸔	⿰火止
𪸕	⿰火气
𪸖	⿳火冖人
𪸗	⿰火允
𪸘	⿰火去
𪸙	⿰火未
𪸚	⿰火右
𪸛	⿰火玉
𪸜	⿰火囚
𪸝	⿰火另
𪸞	⿰火尔
𪸟	⿰火外
𪸠	⿰火永
𪸡	⿰火弘
𪸢	⿰火疋
𪸣	⿱早灬
𪸤	⿰火成
𪸥	⿰火耳
𪸦	⿱老灬
𪸧	⿰火吊
𪸨	⿰火朶
𪸩	⿰火军
𪸪	⿰火羽
𪸫	⿰火更
𪸬	⿰火戓
𪸭	⿰火貝
𪸮	⿰火旲
𪸯	⿰火妥
𪸰	⿰火⿱㇒回
𪸱	⿰火庒
𪸲	⿰𤆌召
𪸳	⿰火招
𪸴	⿰火奇
𪸵	⿰火武
𪸶	⿰火戔
𪸷	⿰火坴
𪸸	⿰火典
𪸹	⿰火䀐
𪸺	⿰火昂
𪸻	⿰火旻
𪸼	⿰火周
𪸽	⿰火侄
𪸾	⿰火爭
𪸿	⿱享灬
𪹀	⿰灾𠬤
𪹁	⿰火孟
𪹂	⿰灵圣
𪹃	⿱邵火
𪹄	⿰火⿱丙心
𪹅	⿰火耐
𪹆	⿲火左月
𪹇	⿰火炭
𪹈	⿰火昰
𪹉	⿱⿰⿱⺈⺕殳灬
𪹊	⿰火俞
𪹋	⿰火禹
𪹌	⿱⿱⺈罒灳
𪹍	⿰火侯
𪹎	⿰火⿺𠕻彡
𪹏	⿰火美
𪹐	⿱⿰火句灬
𪹑	⿰召炎
𪹒	⿰火⿸厂⿱廿日
𪹓	⿰火晋
𪹔	⿰火珦
𪹕	⿱㫬灬
𪹖	⿲火⿱山万攵
𪹗	⿰舀火
𪹘	⿰火徐
𪹙	⿰火般
𪹚	⿰火旁
𪹛	⿰火朔
𪹜	⿰火庫
𪹝	⿳炎𰀁火
𪹞	⿰火宰
𪹟	⿰火𧴲
𪹠	⿰火难
𪹡	⿰火彬
𪹢	⿰火⿱口𡕥
𪹣	⿰火虚
𪹤	⿲火𣏂殳
𪹥	⿰火祭
𪹦	⿱畨灬
𪹧	⿰火啇
𪹨	⿰火庸
𪹩	⿱⿰幺昆灬
𪹪	⿰火惡
𪹫	⿰火彭
𪹬	⿱吅𤇸
𪹭	⿱貼灬
𪹮	⿱毳灬
𪹯	⿰火集
𪹰	⿰炆隹
𪹱	⿱⿰享犬灬
𪹲	⿰焴攵
𪹳	⿰火属
𪹴	⿰火遀
𪹵	⿰火楚
𪹶	⿱⿰日⿻者丶火
𪹷	⿰火𱢒
𪹸	⿱鉢灬
𪹹	⿰火阘
𪹺	⿰火煩
𪹻	⿰火𣕡
𪹼	⿰火𭧂
𪹽	⿱𤇾奇
𪹾	⿰火察
𪹿	⿱賓灬
𪺀	⿰火翠
𪺁	⿰火賣
𪺂	⿱㯎火
𪺃	⿰炮堂
𪺄	⿰火𫨀
𪺅	⿰火憲
𪺆	⿰火⿳爫罒郎
𪺇	⿰火離
𪺈	⿰火夒
𪺉	⿰火獻
𪺊	⿰⿱火田遺
𪺋	⿱龝灬
𪺌	⿰火⿱黨土
𪺍	⿱爫⺕
𪺎	⿰爪兄
𪺏	⿱爫豕
𪺐	⿺爪取
𪺑	⿰爪長
𪺒	⿱爫𡕥
𪺓	⿰爭仃
𪺔	⿳爫冖角
𪺕	⿱爫⿲幺幺幺
𪺖	⿰爪𡨴
𪺗	⿰爭完
𪺘	⿰争貞
𪺙	⿰⿳爫幺夊⿺𤰔丶
𪺚	⿱爫⿲魚魚魚
𪺛	⿱父缶
𪺜	⿱父即
𪺝	⿱爻牛
𪺞	⿰爿言
𪺟	⿰爿甾
𪺠	⿰爿悤
𪺡	⿰爿⿱𬎿𬎿
𪺢	⿰片艮
𪺣	⿰片寿
𪺤	⿰片别
𪺥	⿰片念
𪺦	⿰片腊
𪺧	⿰牙夬
𪺨	⿰牙卒
𪺩	⿰牜乇
𪺪	⿰牜龙
𪺫	⿱奶牛
𪺬	⿰牜旭
𪺭	⿰牜乔
𪺮	⿳⿱亠厶冖牛
𪺯	⿰牜炎
𪺰	⿰牜盃
𪺱	⿰牜冓
𪺲	⿰牜⿱丗冉
𪺳	⿳𥝢𠆢牛
𪺴	⿰牜𰥞
𪺵	⿰牜悲
𪺶	⿱薛牛
𪺷	⿰犭仓
𪺸	⿰犭刍
𪺹	⿰犭奴
𪺺	⿰犭团
𪺻	⿰犭农
𪺼	⿰犭辰
𪺽	⿰来犬
𪺾	⿰犭厓
𪺿	⿰犭門
𪻀	⿰犭㦰
𪻁	⿰犭並
𪻂	⿰犭盾
𪻃	⿰犭律
𪻄	⿰犭美
𪻅	⿰犭貟
𪻆	⿰犭鬼
𪻇	⿰犭𥎵
𪻈	⿰犭強
𪻉	⿰犭𮥷
𪻊	⿰猪艮
𪻋	⿰犭廚
𪻌	⿰犭⿱異氺
𪻍	⿰𤣩又
𪻎	⿰𤣩勻
𪻏	⿰𤣩及
𪻐	⿰𤣩从
𪻑	⿰𤣩亢
𪻒	⿰𤣩心
𪻓	⿰𤣩火
𪻔	⿰𤣩冘
𪻕	⿰𤣩古
𪻖	⿰𤣩⿱𠆢亏
𪻗	⿰𤣩圶
𪻘	⿰𤣩亘
𪻙	⿰𤣩式
𪻚	⿰𤣩艾
𪻛	⿰𤣩同
𪻜	⿰𤣩休
𪻝	⿰𤣩宇
𪻞	⿰𤣩亥
𪻟	⿱王⿹𠃌布
𪻠	⿰𤣩弄
𪻡	⿰𤣩豆
𪻢	⿰𤣩折
𪻣	⿰𤣩冏
𪻤	⿰𤣩兵
𪻥	⿰𤣩亨
𪻦	⿰𤣩奈
𪻧	⿰𤣩坴
𪻨	⿰𤣩卖
𪻩	⿰𤣩析
𪻪	⿰𤣩明
𪻫	⿰𤣩罔
𪻬	⿰𤣩岳
𪻭	⿰𤣩𭁴
𪻮	⿰𤣩𤆦
𪻯	⿰𤣩放
𪻰	⿰玧攵
𪻱	⿰𤣩函
𪻲	⿰𤣩贯
𪻳	⿰𤣩南
𪻴	⿱玨㐱
𪻵	⿰𤣩厘
𪻶	⿰𤣩厚
𪻷	⿰𤣩若
𪻸	⿰𤣩苛
𪻹	⿰星玉
𪻺	⿰𤣩贵
𪻻	⿰𤣩省
𪻼	⿰𤣩𣐩
𪻽	⿰𤣩客
𪻾	⿰𤣩彥
𪻿	⿰𤣩度
𪼀	⿱王帝
𪼁	⿰𤣩奕
𪼂	⿰𤤔攵
𪼃	⿰𤣩泰
𪼄	⿰𤣩袁
𪼅	⿰𤣩⿺廴豕
𪼆	⿰𤣩原
𪼇	⿰𤣩峯
𪼈	⿱全玨
𪼉	⿱合玨
𪼊	⿰𤣩徒
𪼋	⿰𤣩笔
𪼌	⿰𤣩隻
𪼍	⿰𤣩⿱⿱宀儿旦
𪼎	⿰𤣩羗
𪼏	⿰𤣩桑
𪼐	⿰𤣩爽
𪼑	⿰𤣩堅
𪼒	⿰𤣩莞
𪼓	⿰𤣩國
𪼔	⿰𤣩⿱⿵𠆢一朋
𪼕	⿰𤣩族
𪼖	⿰𤣩⿱宀臾
𪼗	⿰𤣩雯
𪼘	⿰𤣩⿱𫇦亘
𪼙	⿰𤣩閏
𪼚	⿰𤣩冕
𪼛	⿰𤣩集
𪼜	⿰𤣩翕
𪼝	⿰𤣩就
𪼞	⿰𤣩戠
𪼟	⿰𤣩犀
𪼠	⿰𤣩發
𪼡	⿰𤣩畺
𪼢	⿰𤣩睪
𪼣	⿰𤣩奧
𪼤	⿰𤣩詹
𪼥	⿰𤣩廉
𪼦	⿰𤣩意
𪼧	⿰𤣩蒼
𪼨	⿰𤣩⿳⿱宀毌口𧘇
𪼩	⿰𤣩奭
𪼪	⿰𤣩磐
𪼫	⿲𤣩⿳䒑回大阝
𪼬	⿰𤣩霖
𪼭	⿰𤣩憲
𪼮	⿰𤣩寰
𪼯	⿰𤣩⿱𦍌⿻秀？
𪼰	⿰𤣩擧
𪼱	⿰𤣩贇
𪼲	⿰𤣩黨
𪼳	⿰瓜大
𪼴	⿰瓜长
𪼵	⿰⿱𡗜弓瓜
𪼶	⿺瓦巳
𪼷	⿺瓦王
𪼸	⿺瓦火
𪼹	⿺瓦本
𪼺	⿰⿱口𠕁瓦
𪼻	⿺瓦⿱⿴𠀃三八
𪼼	⿺瓦首
𪼽	⿱𠂹瓦
𪼾	⿱郤瓦
𪼿	⿺瓦嬰
𪽀	⿰告甘
𪽁	⿰生卜
𪽂	⿰麦生
𪽃	⿰生奉
𪽄	⿰生尚
𪽅	⿰底生
𪽆	⿱㇒𠂡
𪽇	⿰田九
𪽈	⿰田𠃓
𪽉	⿳由一？
𪽊	⿰田元
𪽋	⿱爫田
𪽌	⿰田文
𪽍	⿱田可
𪽎	⿰田可
𪽏	⿰田令
𪽐	⿱甶介
𪽑	⿰⿱田儿牛
𪽒	⿰田充
𪽓	⿱田𫯞
𪽔	⿰田見
𪽕	⿰包男
𪽖	⿱那田
𪽗	⿱尺画
𪽘	⿰田坴
𪽙	⿰田奉
𪽚	⿹㦰田
𪽛	⿰𡱒田
𪽜	⿰田段
𪽝	⿰罢由
𪽞	⿺竜田
𪽟	⿱田魚
𪽠	⿰𱏧由
𪽡	⿰巴番
𪽢	⿰田焦
𪽣	⿺𫳭田
𪽤	⿱畾且
𪽥	⿱毗登
𪽦	⿰田羲
𪽧	⿰⿱白豆疋
𪽨	⿸疒歹
𪽩	⿸疒仍
𪽪	⿸疒长
𪽫	⿸疒爪
𪽬	⿸疒未
𪽭	⿸疒戋
𪽮	⿸疒卢
𪽯	⿸疒⿰弔刂
𪽰	⿸疒足
𪽱	⿸疒穷
𪽲	⿸疒⿰丙大
𪽳	⿸疒要
𪽴	⿸疒贳
𪽵	⿸疒孤
𪽶	⿸疒鬲
𪽷	⿸疒𫺁
𪽸	⿸疒越
𪽹	⿸疒隅
𪽺	⿸疒⿱非気
𪽻	⿰白木
𪽼	⿰白文
𪽽	⿰白丘
𪽾	⿱白貝
𪽿	⿰白免
𪾀	⿰白或
𪾁	⿱白法
𪾂	⿰皇兄
𪾃	⿰白韋
𪾄	⿰白殷
𪾅	⿰白羲
𪾆	⿰皮⿱⿰㇒㇖丨
𪾇	⿰皮攵
𪾈	⿰皮要
𪾉	⿱皮耶
𪾊	⿱尤皿
𪾋	⿱𰀡皿
𪾌	⿱可皿
𪾍	⿱兄皿
𪾎	⿱⿰夕子皿
𪾏	⿱卣皿
𪾐	⿱免皿
𪾑	⿱抱皿
𪾒	⿱泈皿
𪾓	⿱城皿
𪾔	⿱须皿
𪾕	⿱𰮤皿
𪾖	⿱皿鳥
𪾗	⿱⿰𩙿反皿
𪾘	⿱鈚皿
𪾙	⿱⿴𦥑囟皿
𪾚	⿱𬖥皿
𪾛	⿳湄火皿
𪾜	⿱斁皿
𪾝	⿰盘𱘥
𪾞	⿱⿲弓⿱羽量弓皿
𪾟	⿰目与
𪾠	⿰目勺
𪾡	⿰目尤
𪾢	⿰目见
𪾣	⿰目㝉
𪾤	⿰目戊
𪾥	⿰目号
𪾦	⿰目卢
𪾧	⿰目令
𪾨	⿰目⿱口亐
𪾩	⿰目宇
𪾪	⿰目次
𪾫	⿱目助
𪾬	⿰目乱
𪾭	⿰目林
𪾮	⿰目㸒
𪾯	⿰目欣
𪾰	⿰目放
𪾱	⿰目省
𪾲	⿰目音
𪾳	⿰目韋
𪾴	⿰目屎
𪾵	⿰目素
𪾶	⿰目埀
𪾷	⿰目隽
𪾸	⿰目宾
𪾹	⿰目帶
𪾺	⿰密目
𪾻	⿱雀目
𪾼	⿰目壹
𪾽	⿰目閔
𪾾	⿰目答
𪾿	⿰目普
𪿀	⿰目寓
𪿁	⿰⿱立电看
𪿂	⿱徵目
𪿃	⿰看尋
𪿄	⿰目篭
𪿅	⿰目鷹
𪿆	⿰矛斤
𪿇	⿰矛肙
𪿈	⿰矢木
𪿉	⿰矢少
𪿊	⿰矢亚
𪿋	⿰矢其
𪿌	⿰矢柔
𪿍	⿰知别
𪿎	⿰矢射
𪿏	⿰短侖
𪿐	⿰矢輸
𪿑	⿰石元
𪿒	⿰石𪟽
𪿓	⿰石弖
𪿔	⿰石⿱工儿
𪿕	⿰石句
𪿖	⿰石玄
𪿗	⿰石尼
𪿘	⿰石台
𪿙	⿰石灰
𪿚	⿰石寺
𪿛	⿰石虫
𪿜	⿰石穵
𪿝	⿱兴石
𪿞	⿰石寿
𪿟	⿰石辰
𪿠	⿰石肙
𪿡	⿰石罕
𪿢	⿰石辛
𪿣	⿰石那
𪿤	⿰石⿱大包
𪿥	⿰石枚
𪿦	⿰石表
𪿧	⿰石⿱白小
𪿨	⿰石非
𪿩	⿰石居
𪿪	⿰石拜
𪿫	⿰石𱅐
𪿬	⿰石⿱𡗜⿻日乚
𪿭	⿰石家
𪿮	⿰石容
𪿯	⿰石逐
𪿰	⿰石⿰亻⿳十且八
𪿱	⿰石盘
𪿲	⿰石窑
𪿳	⿰石麻
𪿴	⿰石產
𪿵	⿰石辇
𪿶	⿰石絜
𪿷	⿰石𡩏
𪿸	⿰磊⿱⿰㇒㇖丨
𪿹	⿰𪿒禺
𪿺	⿰石𥭴
𪿻	⿰石𥪡
𪿼	⿰石聚
𪿽	⿱硃侖
𪿾	⿰石蕃
𪿿	⿰石⿱爫𠪚
𫀀	⿱𠫔示
𫀁	⿰示女
𫀂	⿳十入示
𫀃	⿰礻内
𫀄	⿵戊示
𫀅	⿰礻占
𫀆	⿰示包
𫀇	⿰礻耒
𫀈	⿰礻同
𫀉	⿰礻血
𫀊	⿰礻衣
𫀋	⿰礻夾
𫀌	⿰礻丽
𫀍	⿰礻曵
𫀎	⿰礻言
𫀏	⿰示完
𫀐	⿰礻武
𫀑	⿰礻卓
𫀒	⿰礻易
𫀓	⿰礻黾
𫀔	⿰礻⿱氏木
𫀕	⿰礻⿱臼丂
𫀖	⿰礻⿸𠂆⿱㇒兄
𫀗	⿰礻兒
𫀘	⿰礻隶
𫀙	⿲示允攵
𫀚	⿰礻昷
𫀛	⿰礻⿶凵⿻丂叹
𫀜	⿱秦示
𫀝	⿳日⿻目丨示
𫀞	⿰礻倉
𫀟	⿱⿰示巳余
𫀠	⿰礻常
𫀡	⿰礻⿳自幺又
𫀢	⿰礻嵬
𫀣	⿰礻箕
𫀤	⿰示嚴
𫀥	⿰离昔
𫀦	⿱㇒朮
𫀧	⿱禾工
𫀨	⿰禾见
𫀩	⿰禾午
𫀪	⿰禾田
𫀫	⿱⿵𰃦禾丂
𫀬	⿰禾刍
𫀭	⿰禾⿱刀㐄
𫀮	⿰禾当
𫀯	⿰禾旭
𫀰	⿱禾兆
𫀱	⿰禾后
𫀲	⿰禾克
𫀳	⿱⿸厂印禾
𫀴	⿰禾圼
𫀵	⿰禾𡧎
𫀶	⿰禾完
𫀷	⿰禾忍
𫀸	⿰禾局
𫀹	⿰禾明
𫀺	⿱𥝢禾
𫀻	⿰禾庚
𫀼	⿰禾思
𫀽	⿰禾禺
𫀾	⿰禾⿱白少
𫀿	⿰禾彖
𫁀	⿰禾建
𫁁	⿰禾⿱𠀐田
𫁂	⿰禾罢
𫁃	⿰禾⿱爫血
𫁄	⿰禾消
𫁅	⿰貞私
𫁆	⿰禾⿱赤皿
𫁇	⿱⿰禾⿱白𡭔㐱
𫁈	⿰禾意
𫁉	⿰禾⿱爫⿵冂⿲爻丨爻
𫁊	⿰穴方
𫁋	⿱⿱宀儿冋
𫁌	⿱⿱宀儿再
𫁍	⿱穴朱
𫁎	⿰⿱穴工孔
𫁏	⿱穴𪜱
𫁐	⿱穴妙
𫁑	⿱⿱宀儿忠
𫁒	⿱⿱宀儿隹
𫁓	⿱穴佴
𫁔	⿰⿱穴工匡
𫁕	⿱⿱宀儿勉
𫁖	⿱⿱宀儿鬼
𫁗	⿱⿱宀儿掘
𫁘	⿱穴⿱口⿰𰀄⿺乚⿰丨𫜹
𫁙	⿳⿱宀儿㸚女
𫁚	⿱⿱宀儿斛
𫁛	⿰穿侖
𫁜	⿰⿱穴犬⿱石⿰𠂊𠂊
𫁝	⿱⿱宀儿⿰釆⿳⺊𠔿冋
𫁞	⿰立⿱⿰㇒㇖丨
𫁟	⿰立专
𫁠	⿰立册
𫁡	⿰立鸟
𫁢	⿰立宇
𫁣	⿰立角
𫁤	⿲立刀立
𫁥	⿰立店
𫁦	⿰立居
𫁧	⿰立待
𫁨	⿰立韋
𫁩	⿰立𦐇
𫁪	⿱立竝
𫁫	⿱立降
𫁬	⿰立𬀷
𫁭	⿰立勞
𫁮	⿱爾立
𫁯	⿰章⿱夅⿴囗凵
𫁰	⿱𥫗卜
𫁱	⿱𥫗卫
𫁲	⿱𥫗无
𫁳	⿱𥫗韦
𫁴	⿱𥫗⿰冫人
𫁵	⿱𥫗斗
𫁶	⿱𥫗尺
𫁷	⿱𥫗双
𫁸	⿱𥫗戊
𫁹	⿱𥫗匝
𫁺	⿱𥫗业
𫁻	⿱𥫗仔
𫁼	⿱𥫗帆
𫁽	⿱𥫗⿺尺八
𫁾	⿱𥫗豕
𫁿	⿱𥫗車
𫂀	⿱𥫗孛
𫂁	⿱𥫗旲
𫂂	⿱𥫗每
𫂃	⿱𥫗闵
𫂄	⿱𥫗𰹈
𫂅	⿱𥫗拂
𫂆	⿱𥫗国
𫂇	⿱𥫗的
𫂈	⿱𥫗废
𫂉	⿱𥫗⿰？阝
𫂊	⿱𥫗柾
𫂋	⿱𥫗某
𫂌	⿳𥫗囚毛
𫂍	⿳𥫗口早
𫂎	⿱筍大
𫂏	⿱𥫗⿰米丸
𫂐	⿱𥫗泰
𫂑	⿱𥫗𡘤
𫂒	⿱𥫗珠
𫂓	⿱𥫗耆
𫂔	⿳𥫗田戊
𫂕	⿱𥫗倍
𫂖	⿱𥫗爱
𫂗	⿱𥫗迷
𫂘	⿱𥫗梄
𫂙	⿱𥫗敕
𫂚	⿱𥫗梅
𫂛	⿳𥫗回示
𫂜	⿱𥫗𢼾
𫂝	⿳𥫗⿱⿱⺈⿵冂人冖夕
𫂞	⿱𥫗康
𫂟	⿱𥫗麻
𫂠	⿱𥫗惠
𫂡	⿱𥫗棘
𫂢	⿳𥫗𡗗貝
𫂣	⿱𥫗期
𫂤	⿱𥫗象
𫂥	⿳𥫗一買
𫂦	⿱𥫗𥚎
𫂧	⿱𥫗𣗥
𫂨	⿰等畐
𫂩	⿱𥫗賦
𫂪	⿰笑雪
𫂫	⿱𥫗𱀵
𫂬	⿱𥫗衡
𫂭	⿱𥫗謄
𫂮	⿰箕記
𫂯	⿱𥫗蠃
𫂰	⿱𥫗⿹韯言
𫂱	⿲丿米丨
𫂲	⿱乃米
𫂳	⿱山米
𫂴	⿰米也
𫂵	⿱米日
𫂶	⿰米丰
𫂷	⿲米㐅十
𫂸	⿰米匝
𫂹	⿰米石
𫂺	⿰米田
𫂻	⿰米旧
𫂼	⿰米尔
𫂽	⿰米戎
𫂾	⿰米因
𫂿	⿱杀米
𫃀	⿰米安
𫃁	⿰米求
𫃂	⿰米取
𫃃	⿰米邱
𫃄	⿰米忩
𫃅	⿱米㐭
𫃆	⿺是米
𫃇	⿰米咠
𫃈	⿰米𦥚
𫃉	⿰粟屯
𫃊	⿰米荖
𫃋	⿰米針
𫃌	⿰米展
𫃍	⿰米庸
𫃎	⿰米麻
𫃏	⿰米景
𫃐	⿰米悶
𫃑	⿰米勞
𫃒	⿰米葚
𫃓	⿰米過
𫃔	⿰粘⿱𠔉㔾
𫃕	⿰米慈
𫃖	⿰米⿱𥫗⿰？卩
𫃗	⿰⿱米韦焦
𫃘	⿰糞半
𫃙	⿰⿱力米翟
𫃚	⿰糹卜
𫃛	⿲丿糹㇂
𫃜	⿰糹口
𫃝	⿰糹亿
𫃞	⿰糹中
𫃟	⿰糹未
𫃠	⿰糹包
𫃡	⿰糹立
𫃢	⿰糹休
𫃣	⿰糹字
𫃤	⿰糹汝
𫃥	⿰糸足
𫃦	⿰糹𫨶
𫃧	⿰糹龟
𫃨	⿰糹⿱丷⿻日乚
𫃩	⿰糹妞
𫃪	⿰糹⿱⿻大凵⺀
𫃫	⿰糹𥐧
𫃬	⿰糹叔
𫃭	⿰糹𤓻
𫃮	⿰糹往
𫃯	⿰糹𬎾
𫃰	⿰糹叁
𫃱	⿰糹⿱⺕𣱳
𫃲	⿰糸帚
𫃳	⿰糹虳
𫃴	⿰糹奐
𫃵	⿰糹娄
𫃶	⿰糹洛
𫃷	⿰糹眉
𫃸	⿰糹挼
𫃹	⿰糹逃
𫃺	⿰糹⿰⿷片一⿼爿一
𫃻	⿰糹容
𫃼	⿰糹料
𫃽	⿰糹雪
𫃾	⿰糹莆
𫃿	⿰糹⿱爫求
𫄀	⿰糹𫳐
𫄁	⿰糹萌
𫄂	⿰糹筆
𫄃	⿰糹敦
𫄄	⿰糹屡
𫄅	⿰糹感
𫄆	⿰糹碎
𫄇	⿰糹載
𫄈	⿰糹落
𫄉	⿰糹路
𫄊	⿰糸禀
𫄋	⿰糹詩
𫄌	⿰糹𨁡
𫄍	⿰糹鳳
𫄎	⿰糹屢
𫄏	⿰糹箴
𫄐	⿱紛排
𫄑	⿰糹餒
𫄒	⿰綝𪰋
𫄓	⿰糹默
𫄔	⿰糹𠔳
𫄕	⿰細紫
𫄖	⿰糸⿸厂𥂮
𫄗	⿰糸黨
𫄘	⿰糹籐
𫄙	⿰纟乚
𫄚	⿰纟互
𫄛	⿰纟今
𫄜	⿰纟毛
𫄝	⿰纟弔
𫄞	⿰纟丕
𫄟	⿰纟㐌
𫄠	⿰纟亘
𫄡	⿰纟同
𫄢	⿰纟伏
𫄣	⿰纟农
𫄤	⿰纟达
𫄥	⿰纟丽
𫄦	⿰纟劫
𫄧	⿰纟延
𫄨	⿰纟希
𫄩	⿰纟每
𫄪	⿰纟丧
𫄫	⿰纟戾
𫄬	⿰纟枼
𫄭	⿰纟复
𫄮	⿰纟盈
𫄯	⿰纟畟
𫄰	⿰纟旁
𫄱	⿰纟啬
𫄲	⿰纟莫
𫄳	⿰纟徙
𫄴	⿰纟率
𫄵	⿰纟彭
𫄶	⿰纟强
𫄷	⿰纟意
𫄸	⿰纟熏
𫄹	⿰纟巂
𫄺	⿰缶⿱口𡈼
𫄻	⿰缶隹
𫄼	⿰缶某
𫄽	⿱𭴘缶
𫄾	⿰缶⿱爫缶
𫄿	⿰敬缶
𫅀	⿱罒亏
𫅁	⿱罒化
𫅂	⿱罒石
𫅃	⿱㓁早
𫅄	⿱罒兆
𫅅	⿱罒齐
𫅆	⿱网妻
𫅇	⿱罒金
𫅈	⿱罒㢲
𫅉	⿱罒配
𫅊	⿱罒啚
𫅋	⿱罒會
𫅌	⿰睪寺
𫅍	⿱罒龍
𫅎	⿶凵羊
𫅏	⿱𦍌正
𫅐	⿰羊央
𫅑	⿰羊旦
𫅒	⿰羊民
𫅓	⿱羊羊
𫅔	⿰羊艮
𫅕	⿰羊𠨿
𫅖	⿰美扣
𫅗	⿰羊贲
𫅘	⿱吉茄
𫅙	⿰羊剛
𫅚	⿰美秉
𫅛	⿰羊崩
𫅜	⿰令⿱𦍌𦬅
𫅝	⿰美胆
𫅞	⿰⿱一？⿳羊䒑口
𫅟	⿰美寇
𫅠	⿰美葉
𫅡	⿰羞⿳羊䒑口
𫅢	⿱土羽
𫅣	⿺元⿰习习
𫅤	⿰羽令
𫅥	⿰岂羽
𫅦	⿰屰羽
𫅧	⿰羽羊
𫅨	⿱羽車
𫅩	⿰羽更
𫅪	⿱羽非
𫅫	⿰拜羽
𫅬	⿰音羽
𫅭	⿰宾羽
𫅮	⿰羽⿱立电
𫅯	⿱羽速
𫅰	⿰悲羽
𫅱	⿰⿱自羊羽
𫅲	⿰羽⿳𥫗立电
𫅳	⿱老𠮟
𫅴	⿰老奴
𫅵	⿰老放
𫅶	⿰老者
𫅷	⿰茶老
𫅸	⿰老嫌
𫅹	⿰耒田
𫅺	⿰耒而
𫅻	⿰耒曲
𫅼	⿰⿻㇒未连
𫅽	⿰耒春
𫅾	⿰耒留
𫅿	⿰耒費
𫆀	⿰耳卩
𫆁	⿰耳欠
𫆂	⿰耳全
𫆃	⿱收耳
𫆄	⿰耳⿱大丐
𫆅	⿰耳呈
𫆆	⿰耳矣
𫆇	⿰耳采
𫆈	⿱⿰戶攵耳
𫆉	⿱秋耳
𫆊	⿰耳⿱廿⿻冂从
𫆋	⿰耳鬲
𫆌	⿰耳益
𫆍	⿰耳朗
𫆎	⿱徙耳
𫆏	⿱渐耳
𫆐	⿰耳單
𫆑	⿰耳⿱⿵𠆢一𭥫
𫆒	⿰耳䆫
𫆓	⿰耳囊
𫆔	⿰𥘈聿
𫆕	⿰奈聿
𫆖	⿰⺼圡
𫆗	⿰⺼卬
𫆘	⿰月卞
𫆙	⿱龸⺼
𫆚	⿰月由
𫆛	⿰月代
𫆜	⿰肉尼
𫆝	⿰月闭
𫆞	⿰⺼⿱巛工
𫆟	⿰月⿱龸力
𫆠	⿰月判
𫆡	⿰育⿱⿰㇒㇖丨
𫆢	⿰夌月
𫆣	⿰月固
𫆤	⿰月金
𫆥	⿰肩⿱亠儿
𫆦	⿰⺼省
𫆧	⿰月律
𫆨	⿰月⿱䒑⿰⿵冂⺀刂
𫆩	⿰月⿺廴串
𫆪	⿰月畟
𫆫	⿰肉爱
𫆬	⿱浱月
𫆭	⿱肉迷
𫆮	⿰月孫
𫆯	⿰月⿳⿻丅从𠆢夊
𫆰	⿱⿰𫠤攵肉
𫆱	⿰月梔
𫆲	⿰月荸
𫆳	⿰⺼曼
𫆴	⿰密月
𫆵	⿰⺼惠
𫆶	⿰卓⿸户⺝
𫆷	⿰月⿱文⿰礻弓
𫆸	⿰肉尊
𫆹	⿰月𦴼
𫆺	⿰肉閙
𫆻	⿰脂阮
𫆼	⿰月蒡
𫆽	⿰育能
𫆾	⿰月⿱芙言
𫆿	⿰胃迷
𫇀	⿰月歷
𫇁	⿰腫⿱⿱土八夕
𫇂	⿰屋腦
𫇃	⿰月麗
𫇄	⿰育囊
𫇅	⿰臣勿
𫇆	⿱臣臣
𫇇	⿰臣我
𫇈	⿰臣卒
𫇉	⿱臥𠥶
𫇊	⿰自字
𫇋	⿰自泉
𫇌	⿰臭奄
𫇍	⿰臭審
𫇎	⿰至束
𫇏	⿱至來
𫇐	⿰至亟
𫇑	⿰至蓁
𫇒	⿱猌臼
𫇓	⿳⿴𦥑林冖酒
𫇔	⿰舌几
𫇕	⿰舍主
𫇖	⿰舌吝
𫇗	⿰舌兼
𫇘	⿰舌赖
𫇙	⿰舍蓋
𫇚	⿰舟千
𫇛	⿰舟虏
𫇜	⿰舟若
𫇝	⿰舟叚
𫇞	⿰舟曼
𫇟	⿰舟悲
𫇠	⿰舟壽
𫇡	⿰舟𬞕
𫇢	⿰舟羲
𫇣	⿰舟𦏁
𫇤	⿰盍色
𫇥	⿱艹卜
𫇦	⿱艹冖
𫇧	⿳艹𠆢乛
𫇨	⿱艹川
𫇩	⿱艹五
𫇪	⿱艹冈
𫇫	⿱艹父
𫇬	⿱艹⿹勹㐅
𫇭	⿱艹为
𫇮	⿱艹戉
𫇯	⿳艹口𠀁
𫇰	⿱艹旧
𫇱	⿱艹仔
𫇲	⿱艹𭍺
𫇳	⿱艹𠆳
𫇴	⿱艹刍
𫇵	⿱艹奶
𫇶	⿱艹再
𫇷	⿱艹考
𫇸	⿱艹竹
𫇹	⿱艹⿰化人
𫇺	⿱艹庄
𫇻	⿱艹池
𫇼	⿱艹汎
𫇽	⿱艹农
𫇾	⿱艹⿰小土
𫇿	⿱艹束
𫈀	⿱艹吹
𫈁	⿱艹囲
𫈂	⿱艹⿵冂禾
𫈃	⿱艹狂
𫈄	⿱艹似
𫈅	⿱艹谷
𫈆	⿱艹伽
𫈇	⿱艹皀
𫈈	⿱艹佑
𫈉	⿱艹间
𫈊	⿱艹汸
𫈋	⿱艹庇
𫈌	⿱艹𫲷
𫈍	⿱艹⿰丩冬
𫈎	⿱艹劲
𫈏	⿱艹甬
𫈐	⿱艹幸
𫈑	⿱艹玟
𫈒	⿱艹表
𫈓	⿱艹武
𫈔	⿱艹昀
𫈕	⿱艹⿰口氾
𫈖	⿱艹𠣜
𫈗	⿱艹㕿
𫈘	⿱艹侫
𫈙	⿱艹⿰彳玉
𫈚	⿱艹放
𫈛	⿱艹宙
𫈜	⿱艹油
𫈝	⿱艹𢗰
𫈞	⿱艹泫
𫈟	⿱艹陈
𫈠	⿳艹加土
𫈡	⿺辶苪
𫈢	⿱艹厚
𫈣	⿱艹𨊠
𫈤	⿱艹𮥴
𫈥	⿱艹柯
𫈦	⿳艹𠔿戊
𫈧	⿳艹日禸
𫈨	⿱艹界
𫈩	⿱艹⿰里卩
𫈪	⿰⿱艹⿰亻𠤎末
𫈫	⿱艹𥎯
𫈬	⿱艹𥥗
𫈭	⿱艹洋
𫈮	⿱艹哀
𫈯	⿱艹𦍑
𫈰	⿱艹洽
𫈱	⿱艹彥
𫈲	⿱艹⿰氾土
𫈳	⿱艹尛
𫈴	⿳艹癶开
𫈵	⿱艹绝
𫈶	⿱艹𧙏
𫈷	⿱艹桐
𫈸	⿱艹𡘤
𫈹	⿳艹大車
𫈺	⿱艹核
𫈻	⿱艹瓠
𫈼	⿳艹罒戊
𫈽	⿱艹⿴囗赤
𫈾	⿱艹⿰亻歨
𫈿	⿱艹⿰𠂤⿱？又
𫉀	⿱艹氣
𫉁	⿱艹爱
𫉂	⿱𫇦果
𫉃	⿱艹浰
𫉄	⿱艹诸
𫉅	⿱艹恕
𫉆	⿱艹脅
𫉇	⿱艹紦
𫉈	⿱艹⿰束斤
𫉉	⿱艹黄
𫉊	⿱艹堆
𫉋	⿱艹琍
𫉌	⿱艹匏
𫉍	⿱艹麥
𫉎	⿱艹梧
𫉏	⿱艹⿹戈邑
𫉐	⿳卝罒⿱冖方
𫉑	⿱艹閈
𫉒	⿱艹常
𫉓	⿰𱜢東
𫉔	⿱艹偉
𫉕	⿰茶加
𫉖	⿱艹脖
𫉗	⿱艹𣷌
𫉘	⿱艹庸
𫉙	⿱艹淗
𫉚	⿱艹𧦈
𫉛	⿱艹𱀚
𫉜	⿱艹貫
𫉝	⿱艹瑟
𫉞	⿳艹品于
𫉟	⿱艹鈞
𫉠	⿳艹𠔉耳
𫉡	⿱艹脺
𫉢	⿱艹⿰白吿
𫉣	⿱艹湖
𫉤	⿱艹陽
𫉥	⿱艹勢
𫉦	⿱艹⿰𤣩敂
𫉧	⿱葃灬
𫉨	⿱萬𠬞
𫉩	⿱艹嗚
𫉪	⿱艹𪫕
𫉫	⿳艹𭅑目
𫉬	⿱艹⿰犭隻
𫉭	⿱艹痲
𫉮	⿱艹歆
𫉯	⿱𦹏又
𫉰	⿱艹⿰氵⿱⿻廾⿰丨丨⿻廾⿰丨丨
𫉱	⿱艹粮
𫉲	⿱艹塞
𫉳	⿰苔肥
𫉴	⿱艹⿰局虫
𫉵	⿳艹⿰去丸衣
𫉶	⿳艹𠭃皿
𫉷	⿱艹墊
𫉸	⿱艹歌
𫉹	⿳艹覀卑
𫉺	⿱艹緊
𫉻	⿱菓耳
𫉼	⿰蔑⿱⿰㇒㇖丨
𫉽	⿱艹𨕵
𫉾	⿱艹廍
𫉿	⿳卝⿱亠囬示
𫊀	⿱艹⿳宀？且
𫊁	⿱艹漏
𫊂	⿱艹誩
𫊃	⿱艹綢
𫊄	⿱艹緇
𫊅	⿱艹⿰禺耒
𫊆	⿱艹⿰矢隻
𫊇	⿱艹⿰耒咼
𫊈	⿰蔡丮
𫊉	⿱艹澁
𫊊	⿱艹糊
𫊋	⿱艹潗
𫊌	⿱艹𭻨
𫊍	⿰葉岑
𫊎	⿱薛土
𫊏	⿱艹𪫙
𫊐	⿰苦堯
𫊑	⿱艹磻
𫊒	⿱艹鮭
𫊓	⿱艹鴻
𫊔	⿰著烈
𫊕	⿱艹⿰𦓤⿱西戍
𫊖	⿱艹臍
𫊗	⿱艹𥃆
𫊘	⿰草蓆
𫊙	⿱艹鏄
𫊚	⿰薬束
𫊛	⿱艹躑
𫊜	⿱艹疊
𫊝	⿸虍口
𫊞	⿸虍𫜹
𫊟	⿸虍壬
𫊠	⿺虎丰
𫊡	⿸虍自
𫊢	⿸虍斉
𫊣	⿸虍魚
𫊤	⿰虫匕
𫊥	⿰虫土
𫊦	⿰虫𬼸
𫊧	⿰虫切
𫊨	⿰虫气
𫊩	⿰虫及
𫊪	⿰虫长
𫊫	⿱⿻又丷虫
𫊬	⿰虫央
𫊭	⿱央虫
𫊮	⿰虫卢
𫊯	⿰虫乎
𫊰	⿰虫外
𫊱	⿱尔虫
𫊲	⿱厶𧈹
𫊳	⿰虫吏
𫊴	⿰虫托
𫊵	⿰虫寺
𫊶	⿰虫光
𫊷	⿰虫杀
𫊸	⿰虫乔
𫊹	⿰虫会
𫊺	⿰虫糸
𫊻	⿰虫寻
𫊼	⿱羽虫
𫊽	⿰虫別
𫊾	⿰虫身
𫊿	⿰虫𪪳
𫋀	⿰虫宋
𫋁	⿰虫辛
𫋂	⿰虫妻
𫋃	⿰虫雨
𫋄	⿰虫邱
𫋅	⿰虫近
𫋆	⿰虫金
𫋇	⿰虫枭
𫋈	⿰虫房
𫋉	⿱刻虫
𫋊	⿰⿱𠮛冋虫
𫋋	⿰虫盃
𫋌	⿰虫贷
𫋍	⿰虫客
𫋎	⿰虫首
𫋏	⿰虫唇
𫋐	⿰虫貢
𫋑	⿰虫班
𫋒	⿱友䖵
𫋓	⿰虫荅
𫋔	⿰虫⿳亠𢆶十
𫋕	⿰虫家
𫋖	⿰虫副
𫋗	⿰虫雀
𫋘	⿰虫細
𫋙	⿰虫強
𫋚	⿰虫尌
𫋛	⿰虫菁
𫋜	⿰虫𡬳
𫋝	⿰虫集
𫋞	⿰虫翕
𫋟	⿰虫⿱臤皿
𫋠	⿰虫豊
𫋡	⿸廌虫
𫋢	⿰虫遅
𫋣	⿰虫蜝
𫋤	⿰虫壽
𫋥	⿰虫膋
𫋦	⿰虫趣
𫋧	⿰虫廣
𫋨	⿰虫諫
𫋩	⿰蜆燕
𫋪	⿰血比
𫋫	⿱𡗗血
𫋬	⿰血章
𫋭	⿲彳⿵冂大亍
𫋮	⿲彳吉亍
𫋯	⿲彳皇亍
𫋰	⿲彳智亍
𫋱	⿲彳嬰亍
𫋲	⿰衤区
𫋳	⿰衤方
𫋴	⿱六衣
𫋵	⿰衤申
𫋶	⿰初⿱⿰㇒㇖丨
𫋷	⿰衤𠬤
𫋸	⿰衤有
𫋹	⿰衤尧
𫋺	⿰衤兆
𫋻	⿰衤会
𫋼	⿰衤糸
𫋽	⿰衤角
𫋾	⿰衤𡘆
𫋿	⿰衤枚
𫌀	⿰衤责
𫌁	⿰衤直
𫌂	⿰衤委
𫌃	⿰衤⿳㇒幺龰
𫌄	⿰衤叁
𫌅	⿰衤昜
𫌆	⿰衤叟
𫌇	⿰衤聂
𫌈	⿰衤島
𫌉	⿰衤羔
𫌊	⿰衤基
𫌋	⿰衤⿱𰀡豆
𫌌	⿰衤崇
𫌍	⿱⿰禾百衣
𫌎	⿱脱衣
𫌏	⿱將衣
𫌐	⿰衤越
𫌑	⿰衤普
𫌒	⿰衤統
𫌓	⿰衤豊
𫌔	⿰衤羣
𫌕	⿰衤歴
𫌖	⿰衤輦
𫌗	⿰衤謝
𫌘	⿰衤叢
𫌙	⿰衤簡
𫌚	⿰覀禾
𫌛	⿱覀峰
𫌜	⿺見女
𫌝	⿺見兄
𫌞	⿱覀見
𫌟	⿰形見
𫌠	⿰体見
𫌡	⿱㚘見
𫌢	⿺見南
𫌣	⿰見枼
𫌤	⿱殸見
𫌥	⿱奻覞
𫌦	⿳先兟見
𫌧	⿺見顏
𫌨	⿰尔见
𫌩	⿺见句
𫌪	⿰𠂢见
𫌫	⿰柬见
𫌬	⿰票见
𫌭	⿰见微
𫌮	⿰角夸
𫌯	⿰角乔
𫌰	⿰角昜
𫌱	⿰角韋
𫌲	⿱言廾
𫌳	⿰訁女
𫌴	⿰訁文
𫌵	⿱双言
𫌶	⿰訁丕
𫌷	⿺电言
𫌸	⿱代言
𫌹	⿰訁⿳又亠一
𫌺	⿱覀言
𫌻	⿰訁衣
𫌼	⿰訁車
𫌽	⿰訁妥
𫌾	⿰訁系
𫌿	⿰訁妻
𫍀	⿰訁金
𫍁	⿰訁⿷匚串
𫍂	⿰訁省
𫍃	⿰訁勇
𫍄	⿰訁飛
𫍅	⿰訁柔
𫍆	⿰訁⿳⿱𠂉一⺕心
𫍇	⿰訁容
𫍈	⿰訁⿱冘臼
𫍉	⿰訁梵
𫍊	⿰訁堅
𫍋	⿰訁問
𫍌	⿰訁通
𫍍	⿰謀勺
𫍎	⿰訁戢
𫍏	⿰訁属
𫍐	⿱频言
𫍑	⿰訁䧹
𫍒	⿰訁實
𫍓	⿰訁𠔳
𫍔	⿰訁戲
𫍕	⿰記箕
𫍖	⿰訁翼
𫍗	⿰訁辭
𫍘	⿰訁屬
𫍙	⿰讠也
𫍚	⿰讠夭
𫍛	⿰讠分
𫍜	⿰讠去
𫍝	⿰讠𫠣
𫍞	⿰讠乎
𫍟	⿰讠㐌
𫍠	⿰讠夗
𫍡	⿰讠它
𫍢	⿰讠尧
𫍣	⿰讠同
𫍤	⿰讠乔
𫍥	⿰讠兆
𫍦	⿰讠农
𫍧	⿰讠来
𫍨	⿰讠辰
𫍩	⿰讠呙
𫍪	⿰讠忌
𫍫	⿰讠奄
𫍬	⿰讠罔
𫍭	⿰讠妾
𫍮	⿰讠屈
𫍯	⿰讠咸
𫍰	⿰讠思
𫍱	⿰讠耑
𫍲	⿰讠叟
𫍳	⿰讠重
𫍴	⿰讠娄
𫍵	⿰讠敖
𫍶	⿰讠致
𫍷	⿰讠鬼
𫍸	⿰讠扇
𫍹	⿰讠虘
𫍺	⿰讠𡕩
𫍻	⿰讠喜
𫍼	⿰讠童
𫍽	⿰讠睘
𫍾	⿰讠寧
𫍿	⿰讠翦
𫎀	⿰谷人
𫎁	⿰井谷
𫎂	⿰委谷
𫎃	⿸府豆
𫎄	⿰豆寕
𫎅	⿱豕一
𫎆	⿰豕从
𫎇	⿳⿱⿻⿰丨丨丷冖一豕
𫎈	⿰豕𡗮
𫎉	⿰柰豕
𫎊	⿰豸弋
𫎋	⿰豸有
𫎌	⿰豸娄
𫎍	⿰豸⿱左包
𫎎	⿲丨貝丨
𫎏	⿰貝于
𫎐	⿰貝乞
𫎑	⿰貝⿱⿰㇒㇖丨
𫎒	⿰貝方
𫎓	⿰貝㝉
𫎔	⿱仕貝
𫎕	⿰貝市
𫎖	⿰貝合
𫎗	⿰貝否
𫎘	⿱折貝
𫎙	⿰貝兑
𫎚	⿰買⿱⿰㇒㇖丨
𫎛	⿱𬇊貝
𫎜	⿱⿰未攵貝
𫎝	⿰貝皆
𫎞	⿰貝韋
𫎟	⿰貝耆
𫎠	⿱⿰户臣貝
𫎡	⿱⿰臣古貝
𫎢	⿰貝就
𫎣	⿳𠫓罒⿲⺼貝⿻⿻㇈丿丶
𫎤	⿰貧䝨
𫎥	⿱𩒳貝
𫎦	⿰贝龙
𫎧	⿰贝句
𫎨	⿰贝佥
𫎩	⿰贝罙
𫎪	⿰贝亲
𫎫	⿰贝覃
𫎬	⿰章贡
𫎭	⿰赤𢀖
𫎮	⿰赤至
𫎯	⿰赤昔
𫎰	⿰赤細
𫎱	⿺走历
𫎲	⿺走示
𫎳	⿺走毕
𫎴	⿺走同
𫎵	⿺走克
𫎶	⿺走汞
𫎷	⿺走承
𫎸	⿺走斩
𫎹	⿺走㝵
𫎺	⿺走参
𫎻	⿺走星
𫎼	⿺起安
𫎽	⿺走盍
𫎾	⿺走䙴
𫎿	⿺走爽
𫏀	⿰𧾷寸
𫏁	⿰𧾷𰀆
𫏂	⿰𧾷攵
𫏃	⿰𧾷长
𫏄	⿰𧾷甘
𫏅	⿰𧾷央
𫏆	⿰𧾷发
𫏇	⿰𧾷共
𫏈	⿰𧾷光
𫏉	⿰𧾷名
𫏊	⿰𧾷任
𫏋	⿰𧾷乔
𫏌	⿰𧾷来
𫏍	⿰𧾷改
𫏎	⿰𧾷𣧄
𫏏	⿰𧾷靑
𫏐	⿱斩足
𫏑	⿰𧾷罗
𫏒	⿰𧾷爸
𫏓	⿰𧾷乖
𫏔	⿱面足
𫏕	⿱轻足
𫏖	⿰𧾷爰
𫏗	⿰𧾷段
𫏘	⿰𧾷泴
𫏙	⿰𧾷挼
𫏚	⿰𧾷倍
𫏛	⿰𧾷席
𫏜	⿰𧾷國
𫏝	⿰𧾷粗
𫏞	⿰𧾷断
𫏟	⿰𧾷⿱美力
𫏠	⿰𧾷⿱𰀢見
𫏡	⿰𧾷象
𫏢	⿰𧾷⿱血𧰨
𫏣	⿰𧾷畺
𫏤	⿰𧾷⿸广朔
𫏥	⿰𧾷誇
𫏦	⿰𧾷⿱巛⿵𠘨⿱亼𰀁
𫏧	⿰𧾷需
𫏨	⿰𧾷鲜
𫏩	⿰𧾷遺
𫏪	⿰身虫
𫏫	⿰身宅
𫏬	⿰身身
𫏭	⿰身𣁋
𫏮	⿰身逆
𫏯	⿰身𣪘
𫏰	⿰身短
𫏱	⿰身會
𫏲	⿰車亐
𫏳	⿰車戈
𫏴	⿰車白
𫏵	⿱氶車
𫏶	⿰車夾
𫏷	⿰車𫭠
𫏸	⿰車危
𫏹	⿲車⿱㇒𰀁⿱㇒𰀁
𫏺	⿰車爰
𫏻	⿰娄車
𫏼	⿱㚘軍
𫏽	⿺竜車
𫏾	⿰車畧
𫏿	⿲車午車
𫐀	⿰車渠
𫐁	⿱⿰𨊢殳車
𫐂	⿰寠車
𫐃	⿲⿱車田⿳爫幺又⿱車田
𫐄	⿰车兀
𫐅	⿰车山
𫐆	⿰车历
𫐇	⿰车内
𫐈	⿰车犮
𫐉	⿰车令
𫐊	⿳厶大车
𫐋	⿱执车
𫐌	⿰车并
𫐍	⿰车身
𫐎	⿰车奇
𫐏	⿰车周
𫐐	⿰车兒
𫐑	⿰车官
𫐒	⿰车訇
𫐓	⿰车柔
𫐔	⿰车盍
𫐕	⿰车彗
𫐖	⿰车翏
𫐗	⿰车菐
𫐘	⿰车感
𫐙	⿰车畾
𫐚	⿰辛𣎷
𫐛	⿰辛朿
𫐜	⿰辛𱝼
𫐝	⿰辛該
𫐞	⿺辶丨
𫐟	⿺辶弋
𫐠	⿺辶木
𫐡	⿺辶今
𫐢	⿺辶古
𫐣	⿺辶丙
𫐤	⿺辶庁
𫐥	⿺辶老
𫐦	⿺辶克
𫐧	⿺辶扶
𫐨	⿺辶赤
𫐩	⿺辶坐
𫐪	⿺辶⿰力尔
𫐫	⿺辶⿱圥夕
𫐬	⿺辶⿱艹壬
𫐭	⿺辶爭
𫐮	⿺辶侖
𫐯	⿺辶臾
𫐰	⿺辶兒
𫐱	⿺辶宗
𫐲	⿺辶定
𫐳	⿺辵𦍒
𫐴	⿺辶⿰豕八
𫐵	⿺辶秋
𫐶	⿺辶𪞁
𫐷	⿺辶娄
𫐸	⿺辶宦
𫐹	⿺辶眉
𫐺	⿺辶殷
𫐻	⿺辶芻
𫐼	⿺辶旁
𫐽	⿺辶粆
𫐾	⿺辶⿰豕不
𫐿	⿺辶𣭵
𫑀	⿺辶𱑏
𫑁	⿺辶猗
𫑂	⿺辶⿱匋女
𫑃	⿺辶⿸？木
𫑄	⿺辶𩂊
𫑅	⿺速令
𫑆	⿺辶⿰支变
𫑇	⿺辶⿰斤其
𫑈	⿺辶寓
𫑉	⿺辶⿰方⿱𠂉同
𫑊	⿺辶𠢋
𫑋	⿺速牟
𫑌	⿺過氷
𫑍	⿺辶⿰𠳋攵
𫑎	⿺辶筵
𫑏	⿱那逐
𫑐	⿺速戾
𫑑	⿺過年
𫑒	⿺速倍
𫑓	⿺辶⿰𠂤畧
𫑔	⿺辶營
𫑕	⿺辶⿰童㠯
𫑖	⿺辶⿱皕共
𫑗	⿰𠂎阝
𫑘	⿰专阝
𫑙	⿰𠂑阝
𫑚	⿰⿹丐一阝
𫑛	⿰戉阝
𫑜	⿰兆阝
𫑝	⿰医阝
𫑞	⿰⿱爫夨阝
𫑟	⿰訁阝
𫑠	⿰戔阝
𫑡	⿰黾阝
𫑢	⿱邦中
𫑣	⿰⿳口一由阝
𫑤	⿰胃阝
𫑥	⿰唇阝
𫑦	⿰晏阝
𫑧	⿰區阝
𫑨	⿰魚阝
𫑩	⿰羕阝
𫑪	⿰雷阝
𫑫	⿰資阝
𫑬	⿰⿱覀𢌿阝
𫑭	⿰慶阝
𫑮	⿰⿸厂⿱黒土阝
𫑯	⿰郎皋
𫑰	⿰龍阝
𫑱	⿰郎朝
𫑲	⿰爵𬪌
𫑳	⿰酉丸
𫑴	⿰酉存
𫑵	⿰酉因
𫑶	⿰酉豆
𫑷	⿰酉佥
𫑸	⿱配今
𫑹	⿰酉來
𫑺	⿰酉師
𫑻	⿰酉⿱𠂉品
𫑼	⿰酉尊
𫑽	⿰酉疎
𫑾	⿰酉禀
𫑿	⿰酉蕉
𫒀	⿱⿴⿱㇒囗釆㇉
𫒁	⿰里市
𫒂	⿱尔里
𫒃	⿰重尼
𫒄	⿱𥸩厘
𫒅	⿰重聂
𫒆	⿰釒上
𫒇	⿰釒乇
𫒈	⿱金女
𫒉	⿰釒阝
𫒊	⿰釒丰
𫒋	⿰釒攵
𫒌	⿰釒介
𫒍	⿰釒午
𫒎	⿰釒水
𫒏	⿰釒皿
𫒐	⿱金𠮟
𫒑	⿰釒⿱𠆢亏
𫒒	⿰釒丘
𫒓	⿰釒外
𫒔	⿰釒圣
𫒕	⿱金𪢴
𫒖	⿰釒覀
𫒗	⿰釒曳
𫒘	⿰釒缶
𫒙	⿰釒守
𫒚	⿰釒亦
𫒛	⿰釒字
𫒜	⿰釒⿷亡土
𫒝	⿰釒更
𫒞	⿰釒戒
𫒟	⿰釒余
𫒠	⿰釒系
𫒡	⿰釒𭻾
𫒢	⿰釒罕
𫒣	⿳丶亚金
𫒤	⿰釒斈
𫒥	⿰釒忘
𫒦	⿰釒直
𫒧	⿰釒雨
𫒨	⿰釒坤
𫒩	⿰釒奉
𫒪	⿰釒兒
𫒫	⿰釒的
𫒬	⿰釒侈
𫒭	⿰釒宝
𫒮	⿰釒宖
𫒯	⿰釒⿱厶⿱𫩏儿
𫒰	⿰釒⿱老㐄
𫒱	⿰釒𪰖
𫒲	⿰釒拜
𫒳	⿰釒禹
𫒴	⿰釒客
𫒵	⿰釒⿷兑厶
𫒶	⿰釒凾
𫒷	⿰釒屋
𫒸	⿰釒𡔧
𫒹	⿰釒⿱田包
𫒺	⿱𪯌金
𫒻	⿰釒𪺮
𫒼	⿰釒逆
𫒽	⿰釒𬊇
𫒾	⿰釒納
𫒿	⿰釒帶
𫓀	⿰釒勒
𫓁	⿰釒崇
𫓂	⿰釒⿱合𠕁
𫓃	⿰釒⿳𡧟一八
𫓄	⿰釒尌
𫓅	⿰釒𪿢
𫓆	⿰釒博
𫓇	⿰釒棗
𫓈	⿲釒玉𬍑
𫓉	⿰釒量
𫓊	⿰釒𭭧
𫓋	⿰釒歮
𫓌	⿰釒答
𫓍	⿰釒復
𫓎	⿰釒弼
𫓏	⿰釒感
𫓐	⿰釒豊
𫓑	⿰釒葱
𫓒	⿰釒農
𫓓	⿳⿴𦥑夊冖金
𫓔	⿰釒義
𫓕	⿰釒⿳亠⿴⿰丨丨𠄠⿴𠀃⿱𠄠⿰丨丨
𫓖	⿱皷金
𫓗	⿰釒⿸虍幸
𫓘	⿰釒腐
𫓙	⿰釒維
𫓚	⿰釒翠
𫓛	⿰釒奭
𫓜	⿰釒𦎫
𫓝	⿰釒𨨖
𫓞	⿰釒𬄜
𫓟	⿰釒駡
𫓠	⿰釒聲
𫓡	⿰釒斁
𫓢	⿰釒翼
𫓣	⿰釒⿱昍𢇁
𫓤	⿰釒⿹⿽戈𥫗韭
𫓥	⿰钅八
𫓦	⿰钅子
𫓧	⿰钅夫
𫓨	⿰钅戈
𫓩	⿰钅从
𫓪	⿰钅公
𫓫	⿰钅兮
𫓬	⿰钅匝
𫓭	⿰钅央
𫓮	⿰钅刍
𫓯	⿰钅圭
𫓰	⿰钅戌
𫓱	⿰钅乔
𫓲	⿰钅旬
𫓳	⿰钅礼
𫓴	⿰钅牟
𫓵	⿰钅辰
𫓶	⿰钅肙
𫓷	⿰钅𭻾
𫓸	⿰钅𡕢
𫓹	⿰钅其
𫓺	⿰钅虏
𫓻	⿰钅念
𫓼	⿰钅和
𫓽	⿰钅宗
𫓾	⿰钅育
𫓿	⿰钅炊
𫔀	⿰钅柬
𫔁	⿰钅贲
𫔂	⿰钅是
𫔃	⿰钅览
𫔄	⿰钅柔
𫔅	⿰钅索
𫔆	⿰钅罢
𫔇	⿰钅𣬉
𫔈	⿰钅朔
𫔉	⿰钅婴
𫔊	⿰钅宿
𫔋	⿰钅款
𫔌	⿰钅散
𫔍	⿰钅番
𫔎	⿰钅矞
𫔏	⿰钅孱
𫔐	⿰钅鼓
𫔑	⿰钅亶
𫔒	⿰钅熊
𫔓	⿰钅霍
𫔔	⿰钅巂
𫔕	⿰钅類
𫔖	⿰镸农
𫔗	⿰镸忝
𫔘	⿵門丨
𫔙	⿱工門
𫔚	⿵門中
𫔛	⿵門⿰亻𠤎
𫔜	⿵門古
𫔝	⿵門目
𫔞	⿵門由
𫔟	⿵門代
𫔠	⿵門冬
𫔡	⿵門豆
𫔢	⿵門串
𫔣	⿵門利
𫔤	⿰門㪯
𫔥	⿵門其
𫔦	⿰午開
𫔧	⿵門𠈌
𫔨	⿵門食
𫔩	⿵門莫
𫔪	⿵門意
𫔫	⿵門⿱豩大
𫔬	⿱万门
𫔭	⿵门开
𫔮	⿵门月
𫔯	⿵门斗
𫔰	⿵门弁
𫔱	⿵门亦
𫔲	⿵门孝
𫔳	⿵门㪯
𫔴	⿵门隹
𫔵	⿵门致
𫔶	⿵门臬
𫔷	⿰𫔭忌
𫔸	⿰𱑏门
𫔹	⿰闹昷
𫔺	⿰阝大
𫔻	⿰阝文
𫔼	⿰阝由
𫔽	⿰阝圣
𫔾	⿰阝耳
𫔿	⿰阳丁
𫕀	⿰阝关
𫕁	⿰阝吾
𫕂	⿰阝究
𫕃	⿰阝⿱予子
𫕄	⿰阝具
𫕅	⿰阝斉
𫕆	⿰阝𠀷
𫕇	⿰阝⿱夷土
𫕈	⿰阝曷
𫕉	⿰阝爰
𫕊	⿰阝⿳爫幺又
𫕋	⿰阝爯
𫕌	⿰阝扁
𫕍	⿰阝宣
𫕎	⿰阝翁
𫕏	⿰阝𥞓
𫕐	⿰阝爽
𫕑	⿰阝匐
𫕒	⿰阝啇
𫕓	⿰阝⿱叕口
𫕔	⿰阝尞
𫕕	⿰阝⿱⿵卄𠄠冏
𫕖	⿱阿吟
𫕗	⿰防⿱𠂉糸
𫕘	⿰阝彊
𫕙	⿰⿱匕禾隶
𫕚	⿰隹从
𫕛	⿰舌隹
𫕜	⿰烏隹
𫕝	⿱雨𰆊
𫕞	⿱雨土
𫕟	⿱雨⺝
𫕠	⿱雨巴
𫕡	⿱雨北
𫕢	⿱雨母
𫕣	⿱丸雪
𫕤	⿱雨任
𫕥	⿱雨员
𫕦	⿱雨汶
𫕧	⿱雨芬
𫕨	⿱雨参
𫕩	⿱雨虹
𫕪	⿱雨洌
𫕫	⿱雨振
𫕬	⿱雨勒
𫕭	⿱雨淖
𫕮	⿱雨⿰革阝
𫕯	⿱雨爲
𫕰	⿱雨䏾
𫕱	⿱雨集
𫕲	⿱雨逾
𫕳	⿱雨⿰革鸟
𫕴	⿱雨竭
𫕵	⿱雨澤
𫕶	⿱雨壁
𫕷	⿱雨灌
𫕸	⿰青⿱⿰㇒㇖丨
𫕹	⿰青生
𫕺	⿰青半
𫕻	⿰靑靑
𫕼	⿰青竟
𫕽	⿱合非
𫕾	⿰置非
𫕿	⿱鴹非
𫖀	⿰面末
𫖁	⿰面兆
𫖂	⿱那面
𫖃	⿰面贵
𫖄	⿰假面
𫖅	⿰革龙
𫖆	⿰⿳廿口十只
𫖇	⿰革华
𫖈	⿱羽革
𫖉	⿰革⿱龷⿹勹用
𫖊	⿰革覃
𫖋	⿰革殿
𫖌	⿱吾㐄
𫖍	⿰韋巿
𫖎	⿰京韋
𫖏	⿰韋曼
𫖐	⿰⿳𠦄本𧘇韋
𫖑	⿰韦今
𫖒	⿰韦毕
𫖓	⿰韦卑
𫖔	⿰韦𤰇
𫖕	⿰韦冓
𫖖	⿰韦登
𫖗	⿰音斗
𫖘	⿰音弁
𫖙	⿰音貞
𫖚	⿰音寅
𫖛	⿰音華
𫖜	⿰音穆
𫖝	⿰比頁
𫖞	⿰斥頁
𫖟	⿰⿱木女頁
𫖠	⿰⿱彡止頁
𫖡	⿰壳頁
𫖢	⿰⿱日示頁
𫖣	⿰貞頁
𫖤	⿰烏頁
𫖥	⿰⿱日豆頁
𫖦	⿰順尚
𫖧	⿰頁景
𫖨	⿰𧋠頁
𫖩	⿰巤頁
𫖪	⿰乞页
𫖫	⿰冘页
𫖬	⿰页㐱
𫖭	⿰台页
𫖮	⿰岂页
𫖯	⿰兆页
𫖰	⿰多页
𫖱	⿰艮页
𫖲	⿰员页
𫖳	⿰君页
𫖴	⿰责页
𫖵	⿰岳页
𫖶	⿰肩页
𫖷	⿰枼页
𫖸	⿰原页
𫖹	⿰戚页
𫖺	⿰樊页
𫖻	⿱公風
𫖼	⿺⿻几𠄠末
𫖽	⿱𲋄彼
𫖾	⿰俞𲋄
𫖿	⿺⿻几𠄠美
𫗀	⿺⿻几𠄠海
𫗁	⿰⿻几𠄠退
𫗂	⿱𲋄退
𫗃	⿰⿻几𠄠愈
𫗄	⿱𲋄愈
𫗅	⿰鼻風
𫗆	⿺風慧
𫗇	⿺风日
𫗈	⿺风孛
𫗉	⿺风奉
𫗊	⿺风音
𫗋	⿺风瑟
𫗌	⿰奔飞
𫗍	⿱耂食
𫗎	⿰𩙿巨
𫗏	⿰飠有
𫗐	⿰𩙿全
𫗑	⿰飠⿹勹殳
𫗒	⿰飠安
𫗓	⿰飠告
𫗔	⿰飠⿱西大
𫗕	⿰飠南
𫗖	⿰𩙿面
𫗗	⿰飠眉
𫗘	⿰飠𬐚
𫗙	⿰𩙿責
𫗚	⿱渐食
𫗛	⿰飠割
𫗜	⿰飠需
𫗝	⿰食監
𫗞	⿰饣干
𫗟	⿰饣元
𫗠	⿰饣长
𫗡	⿰饣古
𫗢	⿰饣乍
𫗣	⿰饣必
𫗤	⿰饣⿱大女
𫗥	⿰饣军
𫗦	⿰饣甫
𫗧	⿰饣束
𫗨	⿰饣良
𫗩	⿰饣罗
𫗪	⿰饣委
𫗫	⿰饣胡
𫗬	⿰饣耎
𫗭	⿰饣畏
𫗮	⿰饣皇
𫗯	⿰饣侯
𫗰	⿰饣追
𫗱	⿰饣兼
𫗲	⿰饣斯
𫗳	⿰饣强
𫗴	⿰饣亶
𫗵	⿰饣襄
𫗶	⿰首乎
𫗷	⿰首呆
𫗸	⿰首昔
𫗹	⿱首⿰木𡧄
𫗺	⿰首⿰𫠤攵
𫗻	⿰首廟
𫗼	⿰香圭
𫗽	⿰香全
𫗾	⿰香⿺𠃊𥃭
𫗿	⿰香飛
𫘀	⿰香敖
𫘁	⿰香責
𫘂	⿰香集
𫘃	⿰香歆
𫘄	⿰香寶
𫘅	⿰馬叉
𫘆	⿰馬夫
𫘇	⿰馬匹
𫘈	⿰馬殳
𫘉	⿰馬火
𫘊	⿰馬西
𫘋	⿰馬靑
𫘌	⿰馬虎
𫘍	⿰馬⿱口冋
𫘎	⿰牧馬
𫘏	⿰馬面
𫘐	⿰馬重
𫘑	⿰馬美
𫘒	⿰馬尃
𫘓	⿰馬畟
𫘔	⿰馬𧉊
𫘕	⿰馬兼
𫘖	⿱紙馬
𫘗	⿰馬萊
𫘘	⿱路馬
𫘙	⿰馬鳳
𫘚	⿰馬糞
𫘛	⿰马干
𫘜	⿰马文
𫘝	⿰马夬
𫘞	⿰马㐌
𫘟	⿰马皮
𫘠	⿰马至
𫘡	⿰马光
𫘢	⿰马杏
𫘣	⿰马旱
𫘤	⿰马矣
𫘥	⿰马昆
𫘦	⿰马匋
𫘧	⿰马录
𫘨	⿰马是
𫘩	⿰马皇
𫘪	⿰马原
𫘫	⿰马晏
𫘬	⿰马奚
𫘭	⿰马爽
𫘮	⿰马啇
𫘯	⿰马曾
𫘰	⿰马亶
𫘱	⿰马巂
𫘲	⿰骨旭
𫘳	⿰骨建
𫘴	⿰骨屋
𫘵	⿰高了
𫘶	⿰丘高
𫘷	⿰高早
𫘸	⿱髟乙
𫘹	⿱髟久
𫘺	⿱髟女
𫘻	⿱髟冗
𫘼	⿱髟由
𫘽	⿱髟会
𫘾	⿱髟辰
𫘿	⿱髟君
𫙀	⿰镸⿱彡者
𫙁	⿱髟⿱⿱⺈𫩏儿
𫙂	⿱髟娄
𫙃	⿱髟𭦗
𫙄	⿰鬲中
𫙅	⿰鬲用
𫙆	⿱⿲弓付弓鬲
𫙇	⿱⿲弓⿰准冫弓鬲
𫙈	⿺鬼八
𫙉	⿺鬼父
𫙊	⿰鬼羊
𫙋	⿱利鬼
𫙌	⿰卦鬼
𫙍	⿺鬼孟
𫙎	⿺鬼單
𫙏	⿰魚十
𫙐	⿱魚廾
𫙑	⿰魚𠕀
𫙒	⿰魚引
𫙓	⿰𩵋史
𫙔	⿰魚卢
𫙕	⿰魚穴
𫙖	⿰魚尼
𫙗	⿰魚民
𫙘	⿰魚西
𫙙	⿰魚色
𫙚	⿰魚行
𫙛	⿰魚耒
𫙜	⿰魚妄
𫙝	⿰魚⿻丷夫
𫙞	⿰魚⿱又友
𫙟	⿰魚聿
𫙠	⿰魚豕
𫙡	⿰魚扽
𫙢	⿰魚𣏋
𫙣	⿰里魚
𫙤	⿰魚杭
𫙥	⿰魚尙
𫙦	⿱物魚
𫙧	⿰魚近
𫙨	⿲魚？⿱？又
𫙩	⿰魚咨
𫙪	⿰魚⿳刀𠔿大
𫙫	⿰魚⿱𡗜⿹勹巳
𫙬	⿰魚盎
𫙭	⿰𩵋⿱⿱⺈𫩏仒
𫙮	⿰魚桀
𫙯	⿰魚修
𫙰	⿰魚𨋅
𫙱	⿰魚乾
𫙲	⿰魚常
𫙳	⿰魚符
𫙴	⿰魚⿸广⿱龷从
𫙵	⿰魚𮔀
𫙶	⿰魚細
𫙷	⿰魚貴
𫙸	⿰魚開
𫙹	⿰魚嵐
𫙺	⿰魚戢
𫙻	⿰魚富
𫙼	⿰魚登
𫙽	⿰魚萬
𫙾	⿰魚觜
𫙿	⿰魚⿳⿱⺈冃罒又
𫚀	⿰魚新
𫚁	⿰魚資
𫚂	⿰魚截
𫚃	⿳⿴𦥑爻⿱一八魚
𫚄	⿰魚輩
𫚅	⿰魚⿳巛冈珧
𫚆	⿰魚願
𫚇	⿰魚屬
𫚈	⿰鱼与
𫚉	⿰鱼工
𫚊	⿰鱼𠃓
𫚋	⿰鱼专
𫚌	⿰鱼少
𫚍	⿰鱼分
𫚎	⿰鱼丙
𫚏	⿰鱼本
𫚐	⿰鱼央
𫚑	⿰鱼必
𫚒	⿰鱼弗
𫚓	⿱列鱼
𫚔	⿰鱼回
𫚕	⿰鱼师
𫚖	⿱此鱼
𫚗	⿰鱼合
𫚘	⿰鱼华
𫚙	⿰鱼甫
𫚚	⿰鱼𦔮
𫚛	⿰鱼兑
𫚜	⿰鱼规
𫚝	⿰鱼果
𫚞	⿱𥝢鱼
𫚟	⿱牨鱼
𫚠	⿰鱼卷
𫚡	⿰鱼帚
𫚢	⿰鱼匽
𫚣	⿰鱼便
𫚤	⿰鱼兹
𫚥	⿰鱼叚
𫚦	⿰鱼容
𫚧	⿰鱼曹
𫚨	⿰鱼部
𫚩	⿰鱼彭
𫚪	⿰鱼矞
𫚫	⿰鱼喿
𫚬	⿰鱼寥
𫚭	⿰鱼巤
𫚮	⿰乙鳥
𫚯	⿰⿸厂几鳥
𫚰	⿰比鳥
𫚱	⿰鳥勾
𫚲	⿰⿱冖儿鳥
𫚳	⿰鳥占
𫚴	⿰禾鳥
𫚵	⿰卯鳥
𫚶	⿰乎鳥
𫚷	⿰册鳥
𫚸	⿰鳥有
𫚹	⿱邜鳥
𫚺	⿰𠂢鳥
𫚻	⿰好鳥
𫚼	⿰鳥肙
𫚽	⿰⿱山壬鳥
𫚾	⿰吴鳥
𫚿	⿱攸鳥
𫛀	⿰那鳥
𫛁	⿱武鳥
𫛂	⿰⿱日氏鳥
𫛃	⿰⿱山玉鳥
𫛄	⿰步鳥
𫛅	⿰𨐌鳥
𫛆	⿰𬎾鳥
𫛇	⿰弩鳥
𫛈	⿰鳥孤
𫛉	⿱耶鳥
𫛊	⿱飛鳥
𫛋	⿰怠鳥
𫛌	⿱哥鳥
𫛍	⿰𥘿鳥
𫛎	⿰笑鳥
𫛏	⿱隺鳥
𫛐	⿰國鳥
𫛑	⿰喪鳥
𫛒	⿰𫽚鳥
𫛓	⿰鳥華
𫛔	⿰爲鳥
𫛕	⿰窖鳥
𫛖	⿰𤠗鳥
𫛗	⿰嘆鳥
𫛘	⿰皛鳥
𫛙	⿳⿱宀儿𫀽鳥
𫛚	⿰开鸟
𫛛	⿰支鸟
𫛜	⿰不鸟
𫛝	⿰丹鸟
𫛞	⿰鸟夬
𫛟	⿱龙鸟
𫛠	⿱札鸟
𫛡	⿰乏鸟
𫛢	⿰宁鸟
𫛣	⿰鸟穴
𫛤	⿱加鸟
𫛥	⿰夹鸟
𫛦	⿰夸鸟
𫛧	⿰尗鸟
𫛨	⿰并鸟
𫛩	⿰安鸟
𫛪	⿱如鸟
𫛫	⿰员鸟
𫛬	⿰余鸟
𫛭	⿱狂鸟
𫛮	⿰㡀鸟
𫛯	⿱纺鸟
𫛰	⿰其鸟
𫛱	⿰卓鸟
𫛲	⿰周鸟
𫛳	⿰服鸟
𫛴	⿰单鸟
𫛵	⿰屈鸟
𫛶	⿰勅鸟
𫛷	⿱胡鸟
𫛸	⿺是鸟
𫛹	⿱眇鸟
𫛺	⿰鸟侯
𫛻	⿰度鸟
𫛼	⿰癸鸟
𫛽	⿰栗鸟
𫛾	⿰𬬺鸟
𫛿	⿱赦鸟
𫜀	⿰晨鸟
𫜁	⿱敝鸟
𫜂	⿰章鸟
𫜃	⿰覃鸟
𫜄	⿰尊鸟
𫜅	⿰鸟睘
𫜆	⿰廖鸟
𫜇	⿰鹵米
𫜈	⿰每鹵
𫜉	⿰鹵禺
𫜊	⿰卤昷
𫜋	⿰鹿力
𫜌	⿰鹿欠
𫜍	⿰鹿各
𫜎	⿸鹿㫖
𫜏	⿰粦鹿
𫜐	⿰麥虎
𫜑	⿰麦丰
𫜒	⿰麦它
𫜓	⿰麦肙
𫜔	⿰麦卑
𫜕	⿱𣪊麦
𫜖	⿸麻吉
𫜗	⿱麻例
𫜘	⿰巿黄
𫜙	⿰黑黾
𫜚	⿰黑忽
𫜛	⿰黑飛
𫜜	⿱兮⿱业⿻丨⿱八⿵冂⿰丨丨
𫜝	⿱吅黽
𫜞	⿱黑⿷⿹？𰀄𫜹
𫜟	⿰酋黾
𫜠	⿰鼎子
𫜡	⿰鼎旁
𫜢	⿺鼠一
𫜣	⿰鼠登
𫜤	⿰⿱自畀犬
𫜥	⿰齒𡵂
𫜦	⿰齒甫
𫜧	⿰齒寕
𫜨	⿰齿巴
𫜩	⿱㓞齿
𫜪	⿰齿交
𫜫	⿰齿甫
𫜬	⿰齿昔
𫜭	⿰齿所
𫜮	⿰齿彦
𫜯	⿰齿害
𫜰	⿱献齿
𫜱	⿰⿱廿巾龍
𫜲	⿰有龙
𫜳	⿰冉龟
𫜴	⿰焚龠
𫜵	⿴𰀪⺀
𫜶	⿰⺼敦
𫜷	⿰寿阝
𫜸	⿰口匕
𫜹	⿼？一
𫝀	㇯五一
𫝁	⿻丌口
𫝂	⿱一⿰⿲丶丶丿⿰丿丅
𫝃	⿻丅⿱丷⿵冂𠈌
𫝄	⿽人㇒
𫝅	⿻𠫓人
𫝆	⿱⿵𠆢一丆
𫝇	⿱⿵𠆢一⿸中丶
𫝈	⿰亻军
𫝉	⿱⿵𠆢一⿸⿻𫜹丿口
𫝊	⿰亻専
𫝋	⿰亻⿱𰀡豆
𫝌	⿳⿲丨丨朩一八
𫝍	⿵冂⿱䒑止
𫝎	⿰冫見
𫝏	⿰冫彥
𫝐	⿱䒑⿰日刂
𫝑	⿱執力
𫝒	⿱旧十
𫝓	⿰十⿱力⿰⿱丶㇀⿱㇒丶
𫝔	⿱⿳土⿰丨丨一兀
𫝕	⿸厂㇯艮一
𫝖	⿸⿱⿰丿𠃌厂⿻⿱？八⿰丨丨
𫝗	⿸厂⿱白子
𫝘	⿰口尢
𫝙	⿱向上
𫝚	⿰口転
𫝛	⿱相同
𫝜	⿰口雑
𫝝	⿱𫩏𠪚
𫝞	⿰口霧
𫝟	⿰土𫟯
𫝠	⿰土⿱覀且
𫝡	⿱随土
𫝢	⿰夕⿸十丶
𫝣	⿰夕𪢱
𫝤	⿱龹天
𫝥	⿰美良
𫝦	⿰女贝
𫝧	⿰女岂
𫝨	⿰女军
𫝩	⿰女寿
𫝪	⿰女贡
𫝫	⿰女来
𫝬	⿰女贵
𫝭	⿰女婴
𫝮	⿰女阑
𫝯	⿳⿴𦥑？冖子
𫝰	⿱宀亀
𫝱	⿱宓𦉬
𫝲	⿸尸⿺九丶
𫝳	⿰山弓
𫝴	⿰山后
𫝵	⿰山寿
𫝶	⿸广㘴
𫝷	⿸广𡊙
𫝸	⿸产𫝄
𫝹	⿱𠆢忈
𫝺	⿰扌甩
𫝻	⿰扌回
𫝼	⿰扌発
𫝽	⿰扌修
𫝾	⿰扌麥
𫝿	⿰撞亍
𫞀	⿰方矣
𫞁	⿰方美
𫞂	⿰日玉
𫞃	⿰日𠮦
𫞄	⿳一从𣄼
𫞅	⿰月寻
𫞆	⿰月⿱口矢
𫞇	⿰月鼡
𫞈	⿰木⿱刃一
𫞉	⿰木𫝁
𫞊	⿰木⿸𠂆方
𫞋	⿰木従
𫞌	⿰木𭮫
𫞍	⿰木⿱覀且
𫞎	⿰木⿱有冋
𫞏	⿰木⿱⿸𠂇⿴⿰丨丨𠄠冋
𫞐	⿰木⿱龷隹
𫞑	⿰木⿱水面
𫞒	⿰木暦
𫞓	⿸⿱止丿⿰示？
𫞔	⿰歹⿹𢦏业
𫞕	⿻氏丶
𫞖	⿻民丶
𫞗	⿰氵闵
𫞘	⿰氵⿲丿关丨
𫞙	⿰氵⿱共⿸卄丶
𫞚	⿰氵资
𫞛	⿰氵诸
𫞜	⿰氵⿱业𠕒
𫞝	⿰氵阙
𫞞	⿰氵⿳艹𫩏隹
𫞟	⿺為㇒
𫞠	⿰火灵
𫞡	⿰火荣
𫞢	⿱𰃮牛
𫞣	⿰犭戋
𫞤	⿰犭𡊮
𫞥	⿰𤣩贝
𫞦	⿰𤣩齐
𫞧	⿰𤣩劳
𫞨	⿰𤣩监
𫞩	⿰𤣩𬜯
𫞪	⿱？⿺𠃊㐅
𫞫	⿱田衣
𫞬	⿸疒圣
𫞭	⿸疒財
𫞮	⿰白句
𫞯	⿱⿻乃丶皿
𫞰	⿱⿵乃㐅皿
𫞱	⿱坮皿
𫞲	⿱匕𰥍
𫞳	⿰目夅
𫞴	⿱？示
𫞵	⿰礻冝
𫞶	⿰礻無
𫞷	⿰禾会
𫞸	⿰禾東
𫞹	⿱穴？
𫞺	⿱⿱宀儿⿰采咼
𫞻	⿰立丁
𫞼	⿰立在
𫞽	⿱𥫗⿱𠀎𧘇
𫞾	⿱𥫗毘
𫞿	⿱𥫗𭩮
𫟀	⿰米雪
𫟁	⿰糸𫨻
𫟂	⿰糹寒
𫟃	⿰纟任
𫟄	⿰纟宏
𫟅	⿰纟京
𫟆	⿰纟重
𫟇	⿰纟廖
𫟈	⿻兰⿻人丷
𫟉	⿰耳厶
𫟊	⿰⺼席
𫟋	⿳⿴𦥑与一八
𫟌	⿱艹外
𫟍	⿱艹𡖅
𫟎	⿳艹𰀄𫶧
𫟏	⿱艹兎
𫟐	⿱艹㝑
𫟑	⿱艹灵
𫟒	⿱艹⿻廿木
𫟓	⿱艹𭇥
𫟔	⿱艹欮
𫟕	⿱艹郸
𫟖	⿱艹⿰𠃊𮍏
𫟗	⿰虫察
𫟘	⿲彳𮧯亍
𫟙	⿲彳⿱吾帀亍
𫟚	⿱重𧘇
𫟛	⿱覀⿻甲一
𫟜	⿰⿳艹𫩏隹見
𫟝	⿰訁⿳亠𫩏⿱𠀎𧘇
𫟞	⿰讠止
𫟟	⿰讠半
𫟠	⿰讠单
𫟡	⿰讠宗
𫟢	⿰讠贾
𫟣	⿰𧾷喪
𫟤	⿰车它
𫟥	⿰车真
𫟦	⿰车遂
𫟧	⿺辶丁
𫟨	⿺辶⿱土衣
𫟩	⿺辶巻
𫟪	⿺辶⿳白穴口
𫟫	⿰厉阝
𫟬	⿰质阝
𫟭	⿰客阝
𫟮	⿰酉丟
𫟯	⿱亠里
𫟰	⿰釒当
𫟱	⿰釒⿱士⿻日寸
𫟲	⿰钅九
𫟳	⿰钅巳
𫟴	⿰钅分
𫟵	⿰钅允
𫟶	⿰钅册
𫟷	⿰钅立
𫟸	⿰钅式
𫟹	⿰钅共
𫟺	⿰钅亥
𫟻	⿰钅州
𫟼	⿰钅达
𫟽	⿰钅乖
𫟾	⿰钅㚅
𫟿	⿰钅差
𫠀	⿰钅厝
𫠁	⿰钅蓋
𫠂	⿵门令
𫠃	⿰阝显
𫠄	⿰韋亥
𫠅	⿰韦革
𫠆	⿰支页
𫠇	⿺风文
𫠈	⿺风必
𫠉	⿹？一
𫠊	⿰马玄
𫠋	⿰马鹿
𫠌	⿰马剽
𫠍	⿰魚針
𫠎	⿰魚賈
𫠏	⿰鱼木
𫠐	⿰鱼甘
𫠑	⿰鱼叟
𫠒	⿰鱼章
𫠓	⿹？一
𫠔	⿱𡖅鳥
𫠕	⿸㢈㇯烏一
𫠖	⿰厷鸟
𫠗	⿰卤㑒
𫠘	⿺鼡由
𫠙	⿰齒殳
𫠚	⿰歯句
𫠛	⿰齒星
𫠜	⿰齿兒
𫠝	⿱敞亀
𫠠	⿻一㇂
𫠡	⿱一个
𫠢	⿱上丁
𫠣	⿻⿻一𠃋⿻𠃌八
𫠤	⿱龶⿰丿𠃌
𫠥	⿺𠃊丙
𫠦	⿱一⿰⿲丨丶丿⿱𠂉亅
𫠧	⿰午下
𫠨	⿱𠂤一
𫠩	⿱一𢆶
𫠪	⿰以下
𫠫	⿱不元
𫠬	⿱不中
𫠭	⿰不不
𫠮	⿰至下
𫠯	⿰弄下
𫠰	⿰下我
𫠱	⿱𣄼正
𫠲	⿱不曲
𫠳	⿰下侖
𫠴	⿰丘会
𫠵	⿱𦣻冄
𫠶	⿱不肯
𫠷	⿱上俸
𫠸	⿱上消
𫠹	⿱上能
𫠺	⿱上恳
𫠻	⿱不信
𫠼	⿱上捉
𫠽	⿱上情
𫠾	⿱𰀉⿴囗貝
𫠿	⿱上登
𫡀	⿰並斉
𫡁	⿱兼並
𫡂	⿰兼並
𫡃	⿲丨一丨
𫡄	⿱乃丨
𫡅	⿰丩丩
𫡆	⿰丨𢑑
𫡇	⿰分中
𫡈	⿲丨幸丨
𫡉	⿰字中
𫡊	⿲丨𪯎丨
𫡋	⿰⿱⿱⿰⿰𠄟丨⿰丨𠄟一井丮
𫡌	⿰串⿱𠔉㔾
𫡍	⿰雉串
𫡎	⿰磊串
𫡏	⿱𠂉丿
𫡐	⿰乃亇
𫡑	⿱㇒⿻丨从
𫡒	⿱㇒⿴⿻冂一十
𫡓	⿻尔㇒
𫡔	⿰⿱⿰㇒㇖丨丐
𫡕	⿱㇒求
𫡖	⿰壬丮
𫡗	⿰丰丮
𫡘	⿰壬夬
𫡙	⿻乖一
𫡚	⿰𠂤于
𫡛	⿰夷之
𫡜	⿰𠂤𠂔
𫡝	⿰乃是
𫡞	⿰𠂤⿱亠𠔃
𫡟	⿱無亡
𫡠	⿰久買
𫡡	⿱喬豫
𫡢	⿺乙土
𫡣	⿰乙攵
𫡤	⿱九⿰九九
𫡥	⿺乙合
𫡦	⿰㐱九
𫡧	⿹⺄丢
𫡨	⿺乙求
𫡩	⿱也⿰也也
𫡪	⿹⺄某
𫡫	⿺乙南
𫡬	⿰丸呙
𫡭	⿹⺄埋
𫡮	⿹⺄迷
𫡯	⿹⺄朝
𫡰	⿱九⿲百十千
𫡱	⿱双二
𫡲	⿰五下
𫡳	⿰井丮
𫡴	⿳一⿰文目一
𫡵	⿰五南
𫡶	⿰云甚
𫡷	⿰亞百
𫡸	⿱二輕
𫡹	⿳一⿱隹臼一
𫡺	⿱亠𠙽
𫡻	⿰亡肙
𫡼	⿱亩目
𫡽	⿰交呂
𫡾	⿱亡悁
𫡿	⿱㐭米
𫢀	⿱㐭虫
𫢁	⿱⿳亠⿴⿰丨丨𠄠口京
𫢂	⿳京龸止
𫢃	⿱吂⿲月呈凡
𫢄	⿱吂⿲月畐凡
𫢅	⿰亻一
𫢆	⿰亻丂
𫢇	⿲亻丨丨
𫢈	⿰亻刀
𫢉	⿱𠆢干
𫢊	⿱丷个
𫢋	⿰亻天
𫢌	⿰亻丹
𫢍	⿰斤人
𫢎	⿰亻允
𫢏	⿰亻弖
𫢐	⿰亻丮
𫢑	⿰亻⿻大二
𫢒	⿰亻龙
𫢓	⿰亻史
𫢔	⿰亻归
𫢕	⿰亻⿱⿵𠆢一刀
𫢖	⿰仍⿱⿰㇒㇖丨
𫢗	⿰亻㐱
𫢘	⿰亻对
𫢙	⿰亻动
𫢚	⿳个一𧘇
𫢛	⿰亻𫾦
𫢜	⿰亻爷
𫢝	⿰亻宇
𫢞	⿰亻酉
𫢟	⿰亻贡
𫢠	⿰亻⿱艹尸
𫢡	⿰亻⿱少廾
𫢢	⿰亻𫭠
𫢣	⿰亻刢
𫢤	⿰亻⿳㇒𫩏儿
𫢥	⿰亻⿱爫夨
𫢦	⿰亻宏
𫢧	⿰亻吝
𫢨	⿰亻闷
𫢩	⿰尼今
𫢪	⿰亻连
𫢫	⿱代世
𫢬	⿰亻劳
𫢭	⿰亻𫇭
𫢮	⿰亻花
𫢯	⿰亻芽
𫢰	⿰亻昇
𫢱	⿰亻𱺵
𫢲	⿰亻贤
𫢳	⿰亻𫤘
𫢴	⿰亻⿱从龰
𫢵	⿱低下
𫢶	⿰亻店
𫢷	⿰亻享
𫢸	⿰亻单
𫢹	⿰亻宠
𫢺	⿰亻参
𫢻	⿰亻𬎾
𫢼	⿱台代
𫢽	⿲亻⿱一𫩏攵
𫢾	⿰亻柏
𫢿	⿱⿳𠆢丅万𠬞
𫣀	⿰亻歪
𫣁	⿰亻⿱口早
𫣂	⿰亻盈
𫣃	⿰令安
𫣄	⿰亻𧥢
𫣅	⿰亻豈
𫣆	⿰亻恩
𫣇	⿰侣攴
𫣈	⿰侣攵
𫣉	⿰亻监
𫣊	⿰亻爱
𫣋	⿰亻⿳白一友
𫣌	⿰亻羗
𫣍	⿱𠆢𦚾
𫣎	⿰亻⿳冖⿺𠃊目八
𫣏	⿰亻⿱立电
𫣐	⿰亻衰
𫣑	⿰亻軟
𫣒	⿰亻亀
𫣓	⿰亻得
𫣔	⿰亻⿱舛田
𫣕	⿰亻冨
𫣖	⿰亻張
𫣗	⿰亻覃
𫣘	⿱合⿰⿻三丨⿻三丨
𫣙	⿰来吏
𫣚	⿰吏来
𫣛	⿰佥佥
𫣜	⿰亻𢛳
𫣝	⿰侖全
𫣞	⿰亻虚
𫣟	⿰亻菊
𫣠	⿰亻智
𫣡	⿰亻富
𫣢	⿰亻蛮
𫣣	⿰亻碍
𫣤	⿰亻葦
𫣥	⿰亻蒂
𫣦	⿰亻葶
𫣧	⿰亻置
𫣨	⿰亻鼎
𫣩	⿰亻新
𫣪	⿰偏少
𫣫	⿰亻数
𫣬	⿰亻⿱享示
𫣭	⿱代異
𫣮	⿳余册𠬞
𫣯	⿱保利
𫣰	⿰伸爰
𫣱	⿱偏乏
𫣲	⿰亻賫
𫣳	⿰亻辳
𫣴	⿰亻賢
𫣵	⿰似眞
𫣶	⿰亻靠
𫣷	⿰亻寬
𫣸	⿰僧士
𫣹	⿰合喬
𫣺	⿰亻靜
𫣻	⿰亻賴
𫣼	⿰亻霖
𫣽	⿰盒𫔭
𫣾	⿰亻蕉
𫣿	⿰買𠇍
𫤀	⿰亻⿳山自貝
𫤁	⿰倘直
𫤂	⿰亻興
𫤃	⿰亻壁
𫤄	⿰使推
𫤅	⿱㑛孫
𫤆	⿰⿳⿵𠆢一米口𠬶
𫤇	⿰亻還
𫤈	⿱俗退
𫤉	⿰傾呂
𫤊	⿰畐偪
𫤋	⿱語仰
𫤌	⿰亻𫿞
𫤍	⿱全論
𫤎	⿱傾征
𫤏	⿰傾迎
𫤐	⿰亻簽
𫤑	⿰偏隻
𫤒	⿰傾荣
𫤓	⿰傾退
𫤔	⿰亻鶯
𫤕	⿰傾票
𫤖	⿰亻巖
𫤗	⿱⿺𠃊𠔼儿
𫤘	⿳㇒罒儿
𫤙	⿰元它
𫤚	⿰光令
𫤛	⿰兑丰
𫤜	⿺兄弟
𫤝	⿰甹兄
𫤞	⿺元首
𫤟	⿰兄皇
𫤠	⿺先昆
𫤡	⿰光累
𫤢	⿰先産
𫤣	⿺堯吉
𫤤	⿰光創
𫤥	⿺光⿱日隹
𫤦	⿰光堯
𫤧	⿰⿳丅酉凶兇
𫤨	⿰光曅
𫤩	⿰内⿱𫜹夕
𫤪	⿰全全
𫤫	⿱八丏
𫤬	⿻⿰丨丨⿰⿱丶㇀⿱㇒丶
𫤭	⿳⿱㇒冈一八
𫤮	⿱八⿻𦥑丨
𫤯	⿰参八
𫤰	⿳⿲⿰丨丨？⿹𠃍𠄠一八
𫤱	⿰其丮
𫤲	⿱八啚
𫤳	⿰？末
𫤴	⿰其章
𫤵	⿱𤕰𪦾
𫤶	⿱戠𬐧
𫤷	⿰岡去
𫤸	⿳冖一见
𫤹	⿱冖辰
𫤺	⿱冖含
𫤻	⿱冖睘
𫤼	⿱冖爵
𫤽	⿱冖𫎬
𫤾	⿰冫乙
𫤿	⿰冫于
𫥀	⿰冫巿
𫥁	⿰冫斤
𫥂	⿰冫月
𫥃	⿰冫尹
𫥄	⿰冫占
𫥅	⿰冫央
𫥆	⿰冫永
𫥇	⿰冫氷
𫥈	⿰冫召
𫥉	⿰冫旨
𫥊	⿰冫危
𫥋	⿰冫艮
𫥌	⿰冫弄
𫥍	⿰冫严
𫥎	⿱免⺀
𫥏	⿰冫枚
𫥐	⿰冫㝵
𫥑	⿰冫剌
𫥒	⿰冫⿱⿱⺊𦉫大
𫥓	⿰冫俞
𫥔	⿰冫亲
𫥕	⿰冷甘
𫥖	⿰冷外
𫥗	⿰冫欵
𫥘	⿰冷吉
𫥙	⿰冫尌
𫥚	⿰冫粲
𫥛	⿰冫喿
𫥜	⿰冷卒
𫥝	⿰冫親
𫥞	⿵𠘨帀
𫥟	⿵𠘨⿱一女
𫥠	⿺凢赤
𫥡	⿱⿲匕白匕几
𫥢	⿱⿲土白匕几
𫥣	⿰兼凢
𫥤	⿰出丙
𫥥	⿰㐫尽
𫥦	⿳乛酉凶
𫥧	⿰出𱺵
𫥨	⿱𦉼出
𫥩	⿰㐫吾
𫥪	⿰㐫𭁈
𫥫	⿰屋出
𫥬	⿰出草
𫥭	⿱滿出
𫥮	⿰㐫𱏵
𫥯	⿰𪽗尾
𫥰	⿰刀大
𫥱	⿰刀子
𫥲	⿱太刀
𫥳	⿰历刂
𫥴	⿺巴刀
𫥵	⿰厉刂
𫥶	⿰平刂
𫥷	⿰凸刂
𫥸	⿰刀占
𫥹	⿰⿲丨大丨刂
𫥺	⿰业刂
𫥻	⿰刂令
𫥼	⿰亚刂
𫥽	⿰乔刂
𫥾	⿰米刂
𫥿	⿰交刀
𫦀	⿰豕刂
𫦁	⿰𭕆刂
𫦂	⿰？刂
𫦃	⿰奔刂
𫦄	⿰宜刂
𫦅	⿰肃刂
𫦆	⿰俎刂
𫦇	⿲分氵丐
𫦈	⿰卒刄
𫦉	⿰娄刂
𫦊	⿰音刂
𫦋	⿱将刀
𫦌	⿱绝刀
𫦍	⿳𦣻大刀
𫦎	⿰索刂
𫦏	⿰拿刂
𫦐	⿰⿱⿱宀儿⿻日乚刂
𫦑	⿰羔刀
𫦒	⿰第刂
𫦓	⿱族刀
𫦔	⿱將刀
𫦕	⿰䓨刂
𫦖	⿰菐刂
𫦗	⿲多多刂
𫦘	⿰⿱⿳⺈⿴囗儿儿夕刀
𫦙	⿰喬刂
𫦚	⿰葍刂
𫦛	⿰⿱𠧪吕刂
𫦜	⿰𬄜刂
𫦝	⿰⿱䇤田刂
𫦞	⿰龍刂
𫦟	⿰韱刂
𫦠	⿰⿱㞢䶹剴
𫦡	⿰⿱晶俎刂
𫦢	⿱碎割
𫦣	⿰鼈刂
𫦤	⿱力一
𫦥	⿱加一
𫦦	⿰左力
𫦧	⿰力乏
𫦨	⿰米力
𫦩	⿰两力
𫦪	⿰肙力
𫦫	⿱⿰力田𠂇
𫦬	⿺九助
𫦭	⿰力良
𫦮	⿰其力
𫦯	⿱林力
𫦰	⿰劳力
𫦱	⿰⿱日⺼力
𫦲	⿰𱒒力
𫦳	⿱绝力
𫦴	⿺晃力
𫦵	⿱宁助
𫦶	⿰男老
𫦷	⿱䅆力
𫦸	⿰勞力
𫦹	⿱加⿰加加
𫦺	⿰⿳厶大佳力
𫦻	⿰男皆
𫦼	⿰翟力
𫦽	⿰勤生
𫦾	⿰學力
𫦿	⿱動⿰動動
𫧀	⿹勹土
𫧁	⿹勹⿲丨丨丨
𫧂	⿰告勺
𫧃	⿰勿会
𫧄	⿹勹朕
𫧅	⿹勹䋣
𫧆	⿹勹⿱庚糸
𫧇	⿱匕匕
𫧈	⿰甚匕
𫧉	⿰㲋匕
𫧊	⿰⿰⿱𱼀缶系匕
𫧋	⿷匚凵
𫧌	⿷匚夨
𫧍	⿷匚日
𫧎	⿷匚止
𫧏	⿷匚从
𫧐	⿷匚目
𫧑	⿷匚亘
𫧒	⿷匚冋
𫧓	⿷匚甫
𫧔	⿱丶匨
𫧕	⿰医兄
𫧖	⿷匚黄
𫧗	⿷匚⿱合吅
𫧘	⿷匚⿰⿱牛罒夭
𫧙	⿰⿷匚烏于
𫧚	⿷匚㝬
𫧛	⿷匚𫯺
𫧜	⿱區地
𫧝	⿷匚贑
𫧞	⿱奴十
𫧟	⿰半已
𫧠	⿱𢆶十
𫧡	⿰古丰
𫧢	⿱千𠦅
𫧣	⿰南⿱⿰㇒㇖丨
𫧤	⿰十專
𫧥	⿰十㒼
𫧦	⿰⿳亠⿲𰀪幺⿱丶丶十⿱𠂉丨
𫧧	⿰連升
𫧨	⿰𠦪允
𫧩	⿰𠦝昷
𫧪	⿱升農
𫧫	⿰索⿱丮口
𫧬	⿰午諸
𫧭	⿰𠦝喿
𫧮	⿺麦卜
𫧯	⿱⺊呙
𫧰	⿰卜虎
𫧱	⿰卡克
𫧲	⿰卡宏
𫧳	⿰卡或
𫧴	⿰占叕
𫧵	⿰卡耶
𫧶	⿰卡竟
𫧷	⿰𥻆产
𫧸	⿰貞登
𫧹	⿰丅卩
𫧺	⿰壬卩
𫧻	⿰𠂎𪠁
𫧼	⿱卵⿰⿰𠃊丨⿰丨𠃎
𫧽	⿰⿱𫠩止卩
𫧾	⿱卵壯
𫧿	⿰卵卖
𫨀	⿳爫罒即
𫨁	⿰蠃卩
𫨂	⿸厂巾
𫨃	⿸厂未
𫨄	⿸厂弁
𫨅	⿸厂百
𫨆	⿸厂夹
𫨇	⿸厂羊
𫨈	⿸厂𤆌
𫨉	⿸厂⿱日巾
𫨊	⿸厂谷
𫨋	⿸厂尚
𫨌	⿸厂頁
𫨍	⿸厂⿰田斤
𫨎	⿰仄我
𫨏	⿸厂音
𫨐	⿸厂炱
𫨑	⿸厂馬
𫨒	⿸厂⿰古𪠲
𫨓	⿸厂⿱吕巴
𫨔	⿸厂埀
𫨕	⿸厂般
𫨖	⿸厂⿰肴刂
𫨗	⿸厂𡥨
𫨘	⿸厂𫪡
𫨙	⿸厂⿰⿳爫幺又入
𫨚	⿸厂部
𫨛	⿸厂絅
𫨜	⿸厂飲
𫨝	⿸厂⿱哀巾
𫨞	⿸厂⿱𣥤止
𫨟	⿸厂孴
𫨠	⿸厂墉
𫨡	⿸厂雐
𫨢	⿸厂⿰⿱幺⺝？
𫨣	⿸厂𬴘
𫨤	⿸𠩵晋
𫨥	⿰厭氣
𫨦	⿰厶卜
𫨧	⿰⿱厶女⿹𠃌一
𫨨	⿺更厶
𫨩	⿰台𫧇
𫨪	⿰⿱厶女司
𫨫	⿰厶貞
𫨬	⿰去來
𫨭	⿰去易
𫨮	⿰去舍
𫨯	⿰去悲
𫨰	⿰悲去
𫨱	⿱⿰菐菐去
𫨲	⿰丂又
𫨳	⿰丹又
𫨴	⿰未又
𫨵	⿱戊又
𫨶	⿰且又
𫨷	⿰白又
𫨸	⿰矢又
𫨹	⿱双匹
𫨺	⿰志又
𫨻	⿰？殳
𫨼	⿰⿷匚⿱个个又
𫨽	⿰東又
𫨾	⿰厓又
𫨿	⿰享又
𫩀	⿰柰又
𫩁	⿰㣇又
𫩂	⿰亯又
𫩃	⿲𠂈皀又
𫩄	⿱？𠬞
𫩅	⿱双卒
𫩆	⿱理又
𫩇	⿰⿱隹子又
𫩈	⿰𢛳又
𫩉	⿺礼取
𫩊	⿰⿱尹⿻⿱吕𠆢丨又
𫩋	⿰𮮠犮
𫩌	⿱䣈又
𫩍	⿰反雷
𫩎	⿱論又
𫩏	⿴囗丨
𫩐	⿰口丂
𫩑	⿱丆囗
𫩒	⿰口巾
𫩓	⿰口凢
𫩔	⿰口亡
𫩕	⿰口广
𫩖	⿰口门
𫩗	⿰口叉
𫩘	⿰口中
𫩙	⿻吕乚
𫩚	⿰口冈
𫩛	⿰口从
𫩜	⿰口爪
𫩝	⿰口之
𫩞	⿰台⿹𠃌一
𫩟	⿰口巧
𫩠	⿱龸口
𫩡	⿰口北
𫩢	⿰口史
𫩣	⿱央口
𫩤	⿰口业
𫩥	⿰口旧
𫩦	⿰口𠕄
𫩧	⿱令口
𫩨	⿱夗口
𫩩	⿰口刍
𫩪	⿰口兰
𫩫	⿰口厌
𫩬	⿱㓞口
𫩭	⿰口早
𫩮	⿰口虫
𫩯	⿰口岂
𫩰	⿰口⿱𠂉斗
𫩱	⿰口先
𫩲	⿱口后
𫩳	⿰口伪
𫩴	⿰口朶
𫩵	⿱口礼
𫩶	⿱礼口
𫩷	⿰口㐫
𫩸	⿰口边
𫩹	⿰口糸
𫩺	⿰口尽
𫩻	⿱劦口
𫩼	⿱孖口
𫩽	⿰口抗
𫩾	⿰口扳
𫩿	⿰口⿱打入
𫪀	⿰口过
𫪁	⿰口来
𫪂	⿰口严
𫪃	⿰口丽
𫪄	⿰口坚
𫪅	⿰口时
𫪆	⿰口甹
𫪇	⿰口⿱山王
𫪈	⿰口系
𫪉	⿰只只
𫪊	⿱史史
𫪋	⿱我口
𫪌	⿰口沉
𫪍	⿰口沁
𫪎	⿰口快
𫪏	⿰口沕
𫪐	⿰口局
𫪑	⿲口子贝
𫪒	⿰口板
𫪓	⿰口靣
𫪔	⿰古死
𫪕	⿰号先
𫪖	⿰口𡘆
𫪗	⿰口武
𫪘	⿰口欧
𫪙	⿱⿰丰丰口
𫪚	⿰口斩
𫪛	⿰口長
𫪜	⿰口芩
𫪝	⿰口芬
𫪞	⿰口⿱甲口
𫪟	⿳吅㐅口
𫪠	⿳吅冖尸
𫪡	⿱吅𠕁
𫪢	⿰口佞
𫪣	⿰后仕
𫪤	⿰口券
𫪥	⿰口侈
𫪦	⿰口知
𫪧	⿰口枭
𫪨	⿰兄光
𫪩	⿱只有
𫪪	⿰口质
𫪫	⿰只有
𫪬	⿰口泠
𫪭	⿰口底
𫪮	⿱㐭口
𫪯	⿰口𬎾
𫪰	⿰口姆
𫪱	⿰口耍
𫪲	⿰口柄
𫪳	⿰口⿱左⺝
𫪴	⿰口泵
𫪵	⿰口拱
𫪶	⿰口挖
𫪷	⿰口𢬊
𫪸	⿰吾四
𫪹	⿰弄古
𫪺	⿰口带
𫪻	⿰口⿱山虫
𫪼	⿰口迫
𫪽	⿰口钦
𫪾	⿰口𦍑
𫪿	⿰口𣴓
𫫀	⿰口竒
𫫁	⿰口飛
𫫂	⿰口孩
𫫃	⿰口挨
𫫄	⿰口挾
𫫅	⿰口鬥
𫫆	⿰口𮩸
𫫇	⿰口恶
𫫈	⿰步合
𫫉	⿰口缼
𫫊	⿰口隻
𫫋	⿰口冧
𫫌	⿰咅召
𫫍	⿰口窅
𫫎	⿳炏㐅口
𫫏	⿰口烦
𫫐	⿱浪口
𫫑	⿰另卒
𫫒	⿰口書
𫫓	⿰口掂
𫫔	⿰口掛
𫫕	⿲口木𢌜
𫫖	⿰口悪
𫫗	⿰口覔
𫫘	⿰否否
𫫙	⿰口欵
𫫚	⿰口莟
𫫛	⿰口莤
𫫜	⿰口猜
𫫝	⿰口𥬝
𫫞	⿰舌念
𫫟	⿰口透
𫫠	⿰口宿
𫫡	⿰口庵
𫫢	⿰口被
𫫣	⿰口牽
𫫤	⿰口啟
𫫥	⿰口淙
𫫦	⿰口阎
𫫧	⿰口張
𫫨	⿰口斑
𫫩	⿰口琼
𫫪	⿱𪿟口
𫫫	⿰口⿳百冖夊
𫫬	⿰口款
𫫭	⿰口開
𫫮	⿰口掌
𫫯	⿰口猫
𫫰	⿰口舜
𫫱	⿰口⿱？虫
𫫲	⿰口鈍
𫫳	⿰口窙
𫫴	⿰口統
𫫵	⿰口屡
𫫶	⿰口㨨
𫫷	⿰口盞
𫫸	⿱靴口
𫫹	⿰吞彦
𫫺	⿰口聘
𫫻	⿰口萱
𫫼	⿰口罨
𫫽	⿰䜭圣
𫫾	⿰口频
𫫿	⿰口鈴
𫬀	⿰口躲
𫬁	⿱⿴𦥑？夻
𫬂	⿰口溜
𫬃	⿰口話
𫬄	⿰口㐮
𫬅	⿸廌口
𫬆	⿰口煩
𫬇	⿰口駁
𫬈	⿰口摷
𫬉	⿰口蒯
𫬊	⿰員局
𫬋	⿱吅⿳一⿴⿰丨丨𠄠⿵冂⿱丷丅
𫬌	⿳吅冖㲋
𫬍	⿰口裴
𫬎	⿰舌离
𫬏	⿰口廖
𫬐	⿰口赛
𫬑	⿰召爲
𫬒	⿰口撒
𫬓	⿰口撈
𫬔	⿱喆𦬅
𫬕	⿱呆猪
𫬖	⿰口賬
𫬗	⿰口蝦
𫬘	⿰口罷
𫬙	⿰员袞
𫬚	⿰鳴攵
𫬛	⿰口諄
𫬜	⿰口擒
𫬝	⿰口霎
𫬞	⿰口醒
𫬟	⿰口颠
𫬠	⿰口覧
𫬡	⿰員英
𫬢	⿰哭⿱𭁟冋
𫬣	⿰哭眇
𫬤	⿰口膩
𫬥	⿰口穌
𫬦	⿰口儔
𫬧	⿰口篩
𫬨	⿰口罃
𫬩	⿰商奔
𫬪	⿰吝粦
𫬫	⿱㣈口
𫬬	⿰口擠
𫬭	⿰口轄
𫬮	⿰吾碎
𫬯	⿳⿲⿺𠃊𠄠⿱古八⿹勹丿𠆢⿸𠂆⿻𫠠一
𫬰	⿳吅冖象
𫬱	⿰口邁
𫬲	⿳吅虎吅
𫬳	⿱⿰禾哀合
𫬴	⿳⿴𦥑林冖口
𫬵	⿰口濟
𫬶	⿰口擸
𫬷	⿰口騎
𫬸	⿰喜畐
𫬹	⿰口璽
𫬺	⿰口警
𫬻	⿰口矍
𫬼	⿰口觸
𫬽	⿲吕𤔔吕
𫬾	⿰口鐵
𫬿	⿰口鶯
𫭀	⿰口鑒
𫭁	⿰口靂
𫭂	⿴囗十
𫭃	⿴囗冘
𫭄	⿱龴⿴囗匕
𫭅	⿴囗払
𫭆	⿴囗未
𫭇	⿴囗存
𫭈	⿴囗旬
𫭉	⿴囗含
𫭊	⿴囗宏
𫭋	⿴囗𣥖
𫭌	⿴囗臾
𫭍	⿴囗昜
𫭎	⿴囗禹
𫭏	⿴囗音
𫭐	⿰回呂
𫭑	⿴囗麥
𫭒	⿴囗⿳䒑𡭔⿵⿵冂八冂
𫭓	⿴囗貈
𫭔	⿰国若
𫭕	⿰侖圓
𫭖	⿰土乙
𫭗	⿰土八
𫭘	⿰土卩
𫭙	⿰土口
𫭚	⿰土小
𫭛	⿰土天
𫭜	⿰土卅
𫭝	⿰土夫
𫭞	⿰土专
𫭟	⿰土区
𫭠	⿱止土
𫭡	⿰土片
𫭢	⿰土仑
𫭣	⿱⿻𰀪⺀土
𫭤	⿰土⿻⿻㇈丿二
𫭥	⿰土未
𫭦	⿰土另
𫭧	⿰土孕
𫭨	⿰土发
𫭩	⿱地土
𫭪	⿰土尧
𫭫	⿰土式
𫭬	⿻⺊⿱日二
𫭭	⿰土曲
𫭮	⿰土则
𫭯	⿰土寻
𫭰	⿰土志
𫭱	⿰土⿱而一
𫭲	⿰土严
𫭳	⿰圭丮
𫭴	⿱利土
𫭵	⿰土忸
𫭶	⿱冷土
𫭷	⿰土言
𫭸	⿰土亨
𫭹	⿱那土
𫭺	⿰土⿸尸圡
𫭻	⿱圮心
𫭼	⿰土劳
𫭽	⿰土罗
𫭾	⿰土金
𫭿	⿰坐𫧇
𫮀	⿰土周
𫮁	⿰土宗
𫮂	⿰土庙
𫮃	⿰土单
𫮄	⿱阿土
𫮅	⿰土参
𫮆	⿰土故
𫮇	⿰土⿱石从
𫮈	⿰土厘
𫮉	⿰土苹
𫮊	⿰土爰
𫮋	⿰外坐
𫮌	⿰土亮
𫮍	⿰土竒
𫮎	⿰土亰
𫮏	⿱派土
𫮐	⿰土首
𫮑	⿰土建
𫮒	⿰土破
𫮓	⿰土彧
𫮔	⿰土秦
𫮕	⿰土晟
𫮖	⿰土島
𫮗	⿰土朕
𫮘	⿱土⿰隹刂
𫮙	⿰土倗
𫮚	⿰土冧
𫮛	⿱埶土
𫮜	⿱𪺽土
𫮝	⿰土莆
𫮞	⿰土崑
𫮟	⿱欲土
𫮠	⿰土盘
𫮡	⿰土淡
𫮢	⿰土通
𫮣	⿱取坐
𫮤	⿱𮏝土
𫮥	⿰堆及
𫮦	⿰土悲
𫮧	⿰土象
𫮨	⿰土等
𫮩	⿱⿴𦥑⿻⺝丨土
𫮪	⿰土窝
𫮫	⿰土絭
𫮬	⿰土强
𫮭	⿰堇可
𫮮	⿰土萬
𫮯	⿱傳土
𫮰	⿰土⿱⿻土从囬
𫮱	⿰基年
𫮲	⿰土墓
𫮳	⿱䣈土
𫮴	⿰土榮
𫮵	⿰土⿸尸⿱氺舛
𫮶	⿰土⿱⿻土吅回
𫮷	⿰埋咅
𫮸	⿱緾土
𫮹	⿰土𦼔
𫮺	⿱⿰⿱𡧇口谷土
𫮻	⿱豫土
𫮼	⿰土遲
𫮽	⿰土薔
𫮾	⿰土𦾔
𫮿	⿰土𫶝
𫯀	⿱蟲土
𫯁	⿱⿳士冖一口
𫯂	⿱⿳士冖一子
𫯃	⿳⿱士冖田龰
𫯄	⿱⿰方方⿰士士
𫯅	⿰声弩
𫯆	⿰𱏵声
𫯇	⿰声逹
𫯈	⿰壹容
𫯉	⿰壺𠦪
𫯊	⿰某务
𫯋	⿱每夊
𫯌	⿳亠业夊
𫯍	⿰多丁
𫯎	⿰夊每
𫯏	⿰夷外
𫯐	⿰多本
𫯑	⿰甚夕
𫯒	⿰多农
𫯓	⿰來多
𫯔	⿰其多
𫯕	⿰辱外
𫯖	⿰多送
𫯗	⿱多涓
𫯘	⿰其⿱多夕
𫯙	⿰多𠔳
𫯚	⿰多囊
𫯛	⿱㇒大
𫯜	⿱大巾
𫯝	⿱上天
𫯞	⿱大中
𫯟	⿳大䒑丨
𫯠	⿱𡗗㐄
𫯡	⿰大平
𫯢	⿰大戉
𫯣	⿰夺于
𫯤	⿰夫古
𫯥	⿱大岁
𫯦	⿱大豕
𫯧	⿱大作
𫯨	⿺尾天
𫯩	⿰奔天
𫯪	⿳大𡗗夫
𫯫	⿰大畐
𫯬	⿰天昆
𫯭	⿱大昜
𫯮	⿱大顺
𫯯	⿰⿱𡗜丂包
𫯰	⿰夫重
𫯱	⿳⺊𭁨大
𫯲	⿱助夷
𫯳	⿰重夫
𫯴	⿰大圅
𫯵	⿱大部
𫯶	⿱大渊
𫯷	⿰屰𫯢
𫯸	⿱天窓
𫯹	⿱⿲木歹木大
𫯺	⿱聑大
𫯻	⿱大嵗
𫯼	⿲大糸糸
𫯽	⿰奇者
𫯾	⿰套合
𫯿	⿰夫開
𫰀	⿱⿲幺車幺大
𫰁	⿱旗大
𫰂	⿰奢单
𫰃	⿰夾業
𫰄	⿰奚哥
𫰅	⿱蘇大
𫰆	⿰女乙
𫰇	⿰女厶
𫰈	⿰女下
𫰉	⿰女凡
𫰊	⿱巛女
𫰋	⿰女犬
𫰌	⿰女五
𫰍	⿰女韦
𫰎	⿰女牙
𫰏	⿱女止
𫰐	⿱𰀡女
𫰑	⿰女欠
𫰒	⿰女月
𫰓	⿰女卆
𫰔	⿰女牛
𫰕	⿰女仍
𫰖	⿰女水
𫰗	⿱⿱一⿻冂⿰丨丨女
𫰘	⿰女刊
𫰙	⿰女仟
𫰚	⿰女𠮢
𫰛	⿰女𢀖
𫰜	⿰女㚐
𫰝	⿰女再
𫰞	⿰女列
𫰟	⿰女⿴互一
𫰠	⿰女当
𫰡	⿰女华
𫰢	⿰女会
𫰣	⿰女礼
𫰤	⿰女米
𫰥	⿱⿰文又女
𫰦	⿰女守
𫰧	⿰女羊
𫰨	⿰女买
𫰩	⿰女⿻凵木
𫰪	⿰女孝
𫰫	⿰女亜
𫰬	⿰女杠
𫰭	⿰女赤
𫰮	⿰女芦
𫰯	⿰女困
𫰰	⿰女佥
𫰱	⿱⿰仌口女
𫰲	⿺免女
𫰳	⿰女亨
𫰴	⿰女牢
𫰵	⿺尾女
𫰶	⿱𫩞女
𫰷	⿱披女
𫰸	⿰奸卯
𫰹	⿱规女
𫰺	⿰女雨
𫰻	⿰女罔
𫰼	⿰女芸
𫰽	⿰女⿱从龰
𫰾	⿰女金
𫰿	⿰女𫂱
𫱀	⿰女匋
𫱁	⿰女念
𫱂	⿰女函
𫱃	⿱𭘍女
𫱄	⿰女⿱右月
𫱅	⿰奸合
𫱆	⿰女畐
𫱇	⿰女⿱匕貝
𫱈	⿰女茇
𫱉	⿰女背
𫱊	⿰女曷
𫱋	⿰女拜
𫱌	⿰女冠
𫱍	⿰女亮
𫱎	⿰女𦍑
𫱏	⿰妄共
𫱐	⿰女羿
𫱑	⿰女砭
𫱒	⿱林𠕷
𫱓	⿰女配
𫱔	⿰女恭
𫱕	⿰女监
𫱖	⿱如何
𫱗	⿰女拿
𫱘	⿰女⿱爫糸
𫱙	⿰女𠲯
𫱚	⿰女紊
𫱛	⿰女恙
𫱜	⿰女宮
𫱝	⿰女恣
𫱞	⿰女难
𫱟	⿰女規
𫱠	⿰女𨳐
𫱡	⿰女莊
𫱢	⿰女𰿚
𫱣	⿰女國
𫱤	⿰秉妄
𫱥	⿱𣪘女
𫱦	⿰女𰚋
𫱧	⿰娧少
𫱨	⿰女商
𫱩	⿱奴度
𫱪	⿰好尚
𫱫	⿰女細
𫱬	⿰姑尾
𫱭	⿰女雯
𫱮	⿰女惠
𫱯	⿰女皕
𫱰	⿰女萄
𫱱	⿰女⿱业⿻丨⿱丷⿵冂⿰丨丨
𫱲	⿱𫤝女
𫱳	⿰女鈞
𫱴	⿱⿴𦥑目女
𫱵	⿰女尊
𫱶	⿱矟女
𫱷	⿰女肅
𫱸	⿰奸泰
𫱹	⿰女裘
𫱺	⿰女鼓
𫱻	⿰女敬
𫱼	⿰女粲
𫱽	⿰女萱
𫱾	⿰女圓
𫱿	⿱𮯙女
𫲀	⿱塍女
𫲁	⿰女祼
𫲂	⿰女⿱龹貝
𫲃	⿰女禀
𫲄	⿰女⿳⿱宀儿口禸
𫲅	⿱爾女
𫲆	⿰女疑
𫲇	⿰女蓉
𫲈	⿰女敳
𫲉	⿰女鳳
𫲊	⿰女熏
𫲋	⿰女廖
𫲌	⿱⿰㣇聿女
𫲍	⿰女暮
𫲎	⿰女慕
𫲏	⿰女蔓
𫲐	⿰女賞
𫲑	⿲女舟柔
𫲒	⿰女𬴘
𫲓	⿳亡罒⿲月女⿻⿻㇈丿丶
𫲔	⿰女蕉
𫲕	⿱⿰𡶫辛女
𫲖	⿱嶭女
𫲗	⿰女赞
𫲘	⿰女龍
𫲙	⿰女隨
𫲚	⿰女霝
𫲛	⿰女薇
𫲜	⿱𧰷娄
𫲝	⿰女藍
𫲞	⿰女曡
𫲟	⿰女龏
𫲠	⿰女𪠛
𫲡	⿰子又
𫲢	⿰子句
𫲣	⿱㓜子
𫲤	⿰召子
𫲥	⿰子曳
𫲦	⿰子兌
𫲧	⿰子金
𫲨	⿰妾子
𫲩	⿰若子
𫲪	⿱幽子
𫲫	⿱⿰隹又子
𫲬	⿰孕者
𫲭	⿰子竟
𫲮	⿰子冨
𫲯	⿱⿴𦥑⿱亠口子
𫲰	⿰召孫
𫲱	⿱嗣子
𫲲	⿱⿰𠂤辛子
𫲳	⿰存群
𫲴	⿰子蘭
𫲵	⿱宀土
𫲶	⿱宀刃
𫲷	⿱宀夫
𫲸	⿱宀丰
𫲹	⿱宀中
𫲺	⿱宀止
𫲻	⿱宀乌
𫲼	⿱宀及
𫲽	⿱宀心
𫲾	⿱宀𠮣
𫲿	⿱宀立
𫳀	⿱宀幼
𫳁	⿱宀㞭
𫳂	⿳宀一由
𫳃	⿱宀亚
𫳄	⿳宀宀巳
𫳅	⿱宀羊
𫳆	⿱宀弜
𫳇	⿱宀⿳丅口丄
𫳈	⿱宀𭎃
𫳉	⿱宀𫻨
𫳊	⿱宀𫭠
𫳋	⿱宀廷
𫳌	⿱宀佑
𫳍	⿳宀𭕄木
𫳎	⿱宀㳄
𫳏	⿱宀⿰䶹丮
𫳐	⿱宀幸
𫳑	⿱宀奄
𫳒	⿱宀東
𫳓	⿱宫又
𫳔	⿱宀虎
𫳕	⿱宀朋
𫳖	⿱宀㐭
𫳗	⿱宀甾
𫳘	⿰字宁
𫳙	⿱宀𡛼
𫳚	⿱宀珍
𫳛	⿱宀𦔻
𫳜	⿱宀頁
𫳝	⿱宀苗
𫳞	⿱宀昜
𫳟	⿱宀耑
𫳠	⿱宀𥘪
𫳡	⿱宓火
𫳢	⿱宩口
𫳣	⿱宀姦
𫳤	⿳㝉八⿱人目
𫳥	⿱宀⿳丅口⿻一止
𫳦	⿱宀𨛡
𫳧	⿱宀員
𫳨	⿱宀⿰皃阝
𫳩	⿱宀⿰彳告
𫳪	⿱宀殷
𫳫	⿱宀祜
𫳬	⿱𫲽再
𫳭	⿱宀竜
𫳮	⿱宀⿰女𠬶
𫳯	⿱宀彗
𫳰	⿱宀球
𫳱	⿱宀堇
𫳲	⿱宜糸
𫳳	⿱宀晨
𫳴	⿱宀𫾶
𫳵	⿰牢何
𫳶	⿰害丮
𫳷	⿱宀𣪘
𫳸	⿱宀⿰舌兄
𫳹	⿰密兀
𫳺	⿱宀淑
𫳻	⿱宀將
𫳼	⿱宀𨟻
𫳽	⿳宀王玨
𫳾	⿱寅心
𫳿	⿱宀⿰丰或
𫴀	⿱宀⿰車矛
𫴁	⿱宀⿰⿱米又元
𫴂	⿱宀⿳王罒夫
𫴃	⿱寅皿
𫴄	⿱宀⿰垔攵
𫴅	⿱宀𰢅
𫴆	⿱宀萬
𫴇	⿰寂永
𫴈	⿱宀𬆪
𫴉	⿳宀爫頁
𫴊	⿱宀⿰亻⿳宀王火
𫴋	⿺⿳宀立电下
𫴌	⿱宀義
𫴍	⿱宀煙
𫴎	⿱宀辟
𫴏	⿱宀⿰丞見
𫴐	⿰寒甘
𫴑	⿰賓彡
𫴒	⿱宀蒐
𫴓	⿰害𬉸
𫴔	⿱宀⿳臼火心
𫴕	⿱宀⿰㲋弁
𫴖	⿱宀禋
𫴗	⿱宀福
𫴘	⿱宀𤍾
𫴙	⿰害⿱巨夫
𫴚	⿰密岑
𫴛	⿱宀⿰爿舂
𫴜	⿱宀⿰豆𦘔
𫴝	⿱宀⿰⿱王貝宁
𫴞	⿰寧他
𫴟	⿳宀𢼄⿰耳乃
𫴠	⿱宀豳
𫴡	⿱宀⿰⿱王貝⿳丅口丄
𫴢	⿳宀貝⿰⿸𠂇龶𪠲
𫴣	⿱宀⿰盜⿱斗又
𫴤	⿱宀䨮
𫴥	⿱宀䜌
𫴦	⿱宀⿰⿱王貝畐
𫴧	⿳宀⿰阝⿳爫兔又土
𫴨	⿱宀𬮔
𫴩	⿱𫴗貝
𫴪	⿱宀譶
𫴫	⿱𡩧⿰畐貝
𫴬	⿰対⿱⿰㇒㇖丨
𫴭	⿰寻心
𫴮	⿰㝵仁
𫴯	⿰則寸
𫴰	⿰⿱龷𦍌寸
𫴱	⿰寻每
𫴲	⿰寻那
𫴳	⿰寻弄
𫴴	⿱満寸
𫴵	⿰寻拜
𫴶	⿱廚⿱士寸
𫴷	⿰寻磊
𫴸	⿰小日
𫴹	⿱内小
𫴺	⿺札小
𫴻	⿱少内
𫴼	⿰闭小
𫴽	⿱龸旡
𫴾	⿱小昆
𫴿	⿱的小
𫵀	⿱小㤕
𫵁	⿱𫩠上
𫵂	⿱龸𠮵
𫵃	⿰当皮
𫵄	⿰英小
𫵅	⿱𫩠𧘇
𫵆	⿰省司
𫵇	⿰眉尔
𫵈	⿰悶小
𫵉	⿰郎尖
𫵊	⿱少結
𫵋	⿰意小
𫵌	⿱𫩠垂
𫵍	⿰小頻
𫵎	⿷尢？
𫵏	⿺尢比
𫵐	⿱戉兀
𫵑	⿺尣卓
𫵒	⿺尣貴
𫵓	⿸尸内
𫵔	⿸尸⺝
𫵕	⿸尸爪
𫵖	⿸尸示
𫵗	⿰尺尹
𫵘	⿸尸必
𫵙	⿸尸㱏
𫵚	⿸尸𠦅
𫵛	⿰尽寸
𫵜	⿸尸⿰丩⿱亠又
𫵝	⿸尸𱝼
𫵞	⿺尾彡
𫵟	⿱尺托
𫵠	⿸尸⿱⿻丨⿰二二㐄
𫵡	⿰尾册
𫵢	⿰曲屈
𫵣	⿺尾求
𫵤	⿸尸⿱舛田
𫵥	⿰屏召
𫵦	⿰居於
𫵧	⿰尽泰
𫵨	⿰屏制
𫵩	⿸尸⿰彳⿳一⿴⿰丨丨𠄠⿵冂𢆉
𫵪	⿸尸興
𫵫	⿰屡批
𫵬	⿸尸䑂
𫵭	⿰屡⿱𭁟冋
𫵮	⿰𡴀𡴀
𫵯	⿳屮酉心
𫵰	⿰⿱䶹㠯光
𫵱	⿱山十
𫵲	⿱山丁
𫵳	⿱山几
𫵴	⿰山又
𫵵	⿰山𠃓
𫵶	⿰山韦
𫵷	⿰山历
𫵸	⿰山𢀖
𫵹	⿱山对
𫵺	⿰山色
𫵻	⿱山安
𫵼	⿱山更
𫵽	⿱山凬
𫵾	⿱每山
𫵿	⿰山秀
𫶀	⿰山宋
𫶁	⿰山易
𫶂	⿰山岸
𫶃	⿱山𢗭
𫶄	⿱山变
𫶅	⿰山参
𫶆	⿰山威
𫶇	⿰山带
𫶈	⿰山屏
𫶉	⿰山屋
𫶊	⿰山监
𫶋	⿱⿴𦥑丨冚
𫶌	⿱山留
𫶍	⿱山冥
𫶎	⿱山容
𫶏	⿱山娥
𫶐	⿰山桑
𫶑	⿳山王貝
𫶒	⿱山淋
𫶓	⿰山寄
𫶔	⿱敢山
𫶕	⿰山营
𫶖	⿱陽山
𫶗	⿱山碖
𫶘	⿱山雷
𫶙	⿱山葵
𫶚	⿱山⿰禾㓤
𫶛	⿱山𪫕
𫶜	⿰嵩⿱⿰㇒㇖丨
𫶝	⿱山𠪚
𫶞	⿱𩒨山
𫶟	⿸屵僕
𫶠	⿱山𫕻
𫶡	⿱山頻
𫶢	⿱山盧
𫶣	⿱山衡
𫶤	⿰山𰌱
𫶥	⿰山蘭
𫶦	⿱山變
𫶧	⿲丿丨乚
𫶨	⿰余川
𫶩	⿳巛𠔿⿵冂厶
𫶪	⿰𧥥竟
𫶫	⿰工公
𫶬	⿱工矢
𫶭	⿱任工
𫶮	⿱工芸
𫶯	⿰差女
𫶰	⿰差支
𫶱	⿰巧草
𫶲	⿱殸𢀖
𫶳	⿱工署
𫶴	⿰差呂
𫶵	⿱巴乃
𫶶	⿱巳克
𫶷	⿰呂巴
𫶸	⿱巴例
𫶹	⿱幽巳
𫶺	⿰𠒖危
𫶻	⿱巴⿱⿰臣⿱𠂉一皿
𫶼	⿱巴辣
𫶽	⿰巾卜
𫶾	⿰巾人
𫶿	⿰巾𭂫
𫷀	⿰巾毛
𫷁	⿱父巾
𫷂	⿰巾丮
𫷃	⿻巿从
𫷄	⿱㐀巾
𫷅	⿰巾军
𫷆	⿰巾岡
𫷇	⿱向市
𫷈	⿱须巾
𫷉	⿰巾宪
𫷊	⿰巾真
𫷋	⿰巾豈
𫷌	⿰巾监
𫷍	⿰帛尼
𫷎	⿰巾唐
𫷏	⿱紙巾
𫷐	⿰巾董
𫷑	⿰巾當
𫷒	⿰巾頭
𫷓	⿰常侖
𫷔	⿰干乞
𫷕	⿱干収
𫷖	⿰干丮
𫷗	⿰年奴
𫷘	⿰并甹
𫷙	⿰平斉
𫷚	⿱平朋
𫷛	⿱幵⿱？八
𫷜	⿰年南
𫷝	⿰平倩
𫷞	⿰年悲
𫷟	⿰幺考
𫷠	⿱曲𢆶
𫷡	⿳𢆶一⿰幺二
𫷢	⿱𦣻𢆶
𫷣	⿱𢆶⿹戈女
𫷤	⿰幼追
𫷥	⿸广九
𫷦	⿸广寸
𫷧	⿸广厷
𫷨	⿸广朱
𫷩	⿸广异
𫷪	⿸广邦
𫷫	⿸广攼
𫷬	⿸广来
𫷭	⿸广足
𫷮	⿸广阴
𫷯	⿸庚⺀
𫷰	⿰床反
𫷱	⿸广奔
𫷲	⿸广⿱少火
𫷳	⿸广延
𫷴	⿸广炒
𫷵	⿸庚凡
𫷶	⿸广𠱼
𫷷	⿸广钦
𫷸	⿸广食
𫷹	⿸广娄
𫷺	⿸广射
𫷻	⿸庚丙
𫷼	⿸广⿰幸丸
𫷽	⿸广虖
𫷾	⿸广婴
𫷿	⿸㢈⿻九丶
𫸀	⿸广⿱⿻⺕丨金
𫸁	⿸广睘
𫸂	⿸广艁
𫸃	⿸广墊
𫸄	⿸广蒐
𫸅	⿸𢊆火
𫸆	⿸广僕
𫸇	⿸广𬙸
𫸈	⿸广遴
𫸉	⿰序達
𫸊	⿰廣充
𫸋	⿰廣作
𫸌	⿰廣声
𫸍	⿰廣卓
𫸎	⿰⿸广黃青
𫸏	⿰廣冥
𫸐	⿰廣逐
𫸑	⿺廴士
𫸒	⿺廴坴
𫸓	⿺廴𦬰
𫸔	⿺廴𩑙
𫸕	⿰建差
𫸖	⿱⺕廾
𫸗	⿱戉廾
𫸘	⿱𡖅廾
𫸙	⿱司廾
𫸚	⿱辰廾
𫸛	⿱尾廾
𫸜	⿱？廾
𫸝	⿱非廾
𫸞	⿱𠣞廾
𫸟	⿱⿴𦥑弓廾
𫸠	⿱廌廾
𫸡	⿱⿰尾米廾
𫸢	⿱𬡤廾
𫸣	⿱臱廾
𫸤	⿱爵廾
𫸥	⿰弓大
𫸦	⿱弓廾
𫸧	⿹弓口
𫸨	⿰丁弗
𫸩	⿰弓区
𫸪	⿰弓⿾弓
𫸫	⿰弓右
𫸬	⿰冘引
𫸭	⿱龴⿴囗弓
𫸮	⿰弓朿
𫸯	⿰弓㕦
𫸰	⿰弓⿱爫刀
𫸱	⿰弓礼
𫸲	⿳亠㐅⿸厂弓
𫸳	⿰弓貝
𫸴	⿰弗且
𫸵	⿰弓𰆺
𫸶	⿰弓那
𫸷	⿰引弄
𫸸	⿰弓⿱日攴
𫸹	⿰弓⿱夷土
𫸺	⿰弜寺
𫸻	⿰弗要
𫸼	⿰烏⿹弓冫
𫸽	⿰弟奄
𫸾	⿰弓勢
𫸿	⿰弹乏
𫹀	⿰弓⿱自⿰幺𪠲
𫹁	⿰弓齒
𫹂	⿰弓⿱自魚
𫹃	⿰弓⿱且⿻丨⿱八⿵冂㸚
𫹄	⿰皮𫜹
𫹅	⿰帚夨
𫹆	⿱⿱？冖⿳一由八
𫹇	⿰㣇希
𫹈	⿳彑⿰米幺廾
𫹉	⿰酉彡
𫹊	⿰拜⿷𠕻彡
𫹋	⿲彳丨丨
𫹌	⿰彳女
𫹍	⿰彳支
𫹎	⿰彳木
𫹏	⿰彳攴
𫹐	⿰彳火
𫹑	⿰彳刊
𫹒	⿰彳吏
𫹓	⿰彳羽
𫹔	⿰彳⿱止口
𫹕	⿰彳羌
𫹖	⿰彳⿷匚羊
𫹗	⿰彳旻
𫹘	⿰彳牧
𫹙	⿰彳壴
𫹚	⿰彳封
𫹛	⿰彳斿
𫹜	⿰彳差
𫹝	⿰彳羗
𫹞	⿰彳馬
𫹟	⿰彳郢
𫹠	⿰彳笑
𫹡	⿰彳堇
𫹢	⿰彳啟
𫹣	⿰彳尞
𫹤	⿰彳⿱业⿻丨⿱八⿵冂⿰丨丨
𫹥	⿰彳𰨚
𫹦	⿱⿺𠃊𥃭待
𫹧	⿰彳頡
𫹨	⿰彳頝
𫹩	⿰彳雚
𫹪	⿰彳嚴
𫹫	⿰忄丂
𫹬	⿻尔丶
𫹭	⿱乃心
𫹮	⿰忄与
𫹯	⿱干心
𫹰	⿱心门
𫹱	⿱巛心
𫹲	⿱⿻匚儿心
𫹳	⿱戈心
𫹴	⿰忄韦
𫹵	⿱元心
𫹶	⿰忄少
𫹷	⿰忄双
𫹸	⿰𱝼⿹𠃌一
𫹹	⿱⿰厶⿹𠃌一心
𫹺	⿰忄石
𫹻	⿱未心
𫹼	⿰忄东
𫹽	⿰忄⿱𠂉𠃓
𫹾	⿱包心
𫹿	⿱宁心
𫺀	⿰忄⿺尢子
𫺁	⿱夹心
𫺂	⿰忄夹
𫺃	⿰忄𠯊
𫺄	⿱⿻旦𠃊心
𫺅	⿳八斗心
𫺆	⿰忄华
𫺇	⿱𪞘心
𫺈	⿰忄汝
𫺉	⿱龹心
𫺊	⿰忄齐
𫺋	⿱汝心
𫺌	⿰忄贡
𫺍	⿱妟心
𫺎	⿰忄邦
𫺏	⿰忄㒵
𫺐	⿱含心
𫺑	⿱𠇤心
𫺒	⿰忄间
𫺓	⿰忄闷
𫺔	⿱君心
𫺕	⿱卲心
𫺖	⿱𢫕心
𫺗	⿱⿰牙攵心
𫺘	⿰忄劳
𫺙	⿰忄⿳⿲丨丨？一八
𫺚	⿱⿰舟又心
𫺛	⿱侃心
𫺜	⿱兔心
𫺝	⿰忄庚
𫺞	⿱炏心
𫺟	⿰忄㣇
𫺠	⿱珀心
𫺡	⿱玲心
𫺢	⿰忄品
𫺣	⿰忄炭
𫺤	⿰忄貞
𫺥	⿰悍刂
𫺦	⿰忿甘
𫺧	⿰忄𭇥
𫺨	⿰忄拜
𫺩	⿱⿰冫甬心
𫺪	⿰忄养
𫺫	⿰忄郑
𫺬	⿰忄屏
𫺭	⿰忄怠
𫺮	⿱⿰臣攵心
𫺯	⿱恭心
𫺰	⿰忄荀
𫺱	⿰息𪟽
𫺲	⿱䏧心
𫺳	⿰忄差
𫺴	⿰忘肙
𫺵	⿱羔心
𫺶	⿰忄陣
𫺷	⿱难心
𫺸	⿱軟心
𫺹	⿰忄匮
𫺺	⿰忄常
𫺻	⿰忄眼
𫺼	⿰忄⿱爫⿰丨臼
𫺽	⿰息⿱⿵𠆢一卩
𫺾	⿰忿含
𫺿	⿰忄宿
𫻀	⿰忄寄
𫻁	⿰忄阋
𫻂	⿰怒艮
𫻃	⿰忄⿳左⺝土
𫻄	⿰忄菁
𫻅	⿰怕岌
𫻆	⿱猶心
𫻇	⿱⿰钅𠯑心
𫻈	⿰怒含
𫻉	⿰忍負
𫻊	⿰忄萱
𫻋	⿰怕事
𫻌	⿰忄慈
𫻍	⿱数心
𫻎	⿱歆心
𫻏	⿰忄辟
𫻐	⿰恐事
𫻑	⿰忄匱
𫻒	⿱圖心
𫻓	⿱㯎心
𫻔	⿰忄賤
𫻕	⿱罷心
𫻖	⿰忄膚
𫻗	⿰忄毅
𫻘	⿰忄⿳亠罒表
𫻙	⿱𭤊心
𫻚	⿱㱅心
𫻛	⿱心𫕻
𫻜	⿰忽然
𫻝	⿱霝心
𫻞	⿰忄𫉬
𫻟	⿰忄薏
𫻠	⿰悁朗
𫻡	⿰忄⿳⿱亠吅氺𧘇
𫻢	⿱⿰壹次心
𫻣	⿰愧卒
𫻤	⿰忄顏
𫻥	⿱羈心
𫻦	⿰丂戈
𫻧	⿰力戈
𫻨	⿰戈大
𫻩	⿹戈丰
𫻪	⿹戈心
𫻫	⿹戈示
𫻬	⿱罒戈
𫻭	⿹𢦏巿
𫻮	⿰圭戈
𫻯	⿹戈肉
𫻰	⿹⿽戈𠆢仌
𫻱	⿹戈交
𫻲	⿰求戈
𫻳	⿰𫻨中
𫻴	⿻肯？
𫻵	⿰告戈
𫻶	⿵？口
𫻷	⿰者戈
𫻸	⿱戎戎
𫻹	⿰尚戈
𫻺	⿰虎戈
𫻻	⿰兒戈
𫻼	⿹戈隹
𫻽	⿰成年
𫻾	⿹戈甾
𫻿	⿹戈壴
𫼀	⿰𥄎戈
𫼁	⿰尃戈
𫼂	⿰重伐
𫼃	⿹戈鳥
𫼄	⿰棗戈
𫼅	⿰喜戈
𫼆	⿰菐戈
𫼇	⿹戈買
𫼈	⿰𡬶戈
𫼉	⿰户戈
𫼊	⿸戶电
𫼋	⿸戶圭
𫼌	⿰户共
𫼍	⿸户孚
𫼎	⿸户忤
𫼏	⿸户者
𫼐	⿸户具
𫼑	⿱𫼉𫲡
𫼒	⿱⿸户𣿕去
𫼓	⿹𠃍手
𫼔	⿰手刀
𫼕	⿰扌凢
𫼖	⿰扌久
𫼗	⿰扌马
𫼘	⿰扌丹
𫼙	⿰手氏
𫼚	⿰扌六
𫼛	⿰扌弔
𫼜	⿰手占
𫼝	⿰扌刍
𫼞	⿰扌乎
𫼟	⿰扌⿱𠂉𠃓
𫼠	⿰手主
𫼡	⿰扌㓜
𫼢	⿰扌𱤽
𫼣	⿰扌毕
𫼤	⿰扌则
𫼥	⿰扌岂
𫼦	⿰扌⿵八友
𫼧	⿰扌华
𫼨	⿰扌负
𫼩	⿰扌𱜢
𫼪	⿰扌产
𫼫	⿰扌闭
𫼬	⿰扌亦
𫼭	⿰扌㐫
𫼮	⿰扌农
𫼯	⿰扌边
𫼰	⿰扌如
𫼱	⿰扌贡
𫼲	⿰扌来
𫼳	⿰扌芒
𫼴	⿰手呂
𫼵	⿰扌卤
𫼶	⿰扌𭕆
𫼷	⿰手邑
𫼸	⿰扌𠇚
𫼹	⿰扌含
𫼺	⿰扌狂
𫼻	⿰扌伯
𫼼	⿰扌⿺廴斗
𫼽	⿰扌闷
𫼾	⿰扌级
𫼿	⿰手改
𫽀	⿰扌纳
𫽁	⿰扌连
𫽂	⿰技分
𫽃	⿰扌⿹戈火
𫽄	⿰扌亟
𫽅	⿰扌⿰去⿻刀丶
𫽆	⿰扌匼
𫽇	⿰扌画
𫽈	⿰扌芙
𫽉	⿰扌歨
𫽊	⿰扌学
𫽋	⿰扌罗
𫽌	⿰投勿
𫽍	⿰扌𪠨
𫽎	⿰扌侈
𫽏	⿰扌⿱乍土
𫽐	⿰扌枭
𫽑	⿰殳抇
𫽒	⿰扌戽
𫽓	⿰扌⿸戶手
𫽔	⿰扌闹
𫽕	⿰扌变
𫽖	⿰扌阻
𫽗	⿰扌盃
𫽘	⿰扌勅
𫽙	⿰扌项
𫽚	⿰扌苟
𫽛	⿱⿳⿲丨丨⿻三丨一八𰀁
𫽜	⿰扌界
𫽝	⿰扌𪾋
𫽞	⿰扌哈
𫽟	⿰投召
𫽠	⿰扌𪽋
𫽡	⿰手盆
𫽢	⿰扌笃
𫽣	⿰扌将
𫽤	⿰扌𱪵
𫽥	⿰扌举
𫽦	⿰扌染
𫽧	⿰扌费
𫽨	⿰扌𡿺
𫽩	⿰扌𥘾
𫽪	⿰扌𡌥
𫽫	⿰扌顿
𫽬	⿱⿲扌生刀手
𫽭	⿰手員
𫽮	⿰扌党
𫽯	⿰虔手
𫽰	⿰拾日
𫽱	⿰扌⿱𠘧采
𫽲	⿰扌⿹？衣
𫽳	⿰扌笔
𫽴	⿰扌宸
𫽵	⿰扌窇
𫽶	⿰把光
𫽷	⿱𡘽手
𫽸	⿰扌欵
𫽹	⿰抽聿
𫽺	⿰手曼
𫽻	⿰扌𱑏
𫽼	⿰扌野
𫽽	⿰扌𡭽
𫽾	⿰扌透
𫽿	⿰扌皐
𫾀	⿰扌婆
𫾁	⿰扌阎
𫾂	⿰扌琴
𫾃	⿰扌萧
𫾄	⿰扌量
𫾅	⿰捔半
𫾆	⿰扌寓
𫾇	⿰扌𦋐
𫾈	⿰扌滑
𫾉	⿰扌翚
𫾊	⿰扌碗
𫾋	⿰扌想
𫾌	⿱⿰土刀⿰手宓
𫾍	⿰扌董
𫾎	⿰扌葡
𫾏	⿰扌筹
𫾐	⿰扌歴
𫾑	⿰扌箕
𫾒	⿰扌翠
𫾓	⿰扌㙯
𫾔	⿰扌遷
𫾕	⿰扌慕
𫾖	⿰拜員
𫾗	⿰扌論
𫾘	⿰扌潭
𫾙	⿰扌勳
𫾚	⿰扌磨
𫾛	⿰扌斂
𫾜	⿰扌⿳⿴𦥑爻⿱一八手
𫾝	⿰摩具
𫾞	⿰扌⿳宀瓜㼌
𫾟	⿰扌⿱𥫗睪
𫾠	⿰扌爕
𫾡	⿰扌籌
𫾢	⿰扌⿱艹獲
𫾣	⿰高支
𫾤	⿺堯支
𫾥	⿰支翟
𫾦	⿱𠂉攴
𫾧	⿰乇攵
𫾨	⿰文攵
𫾩	⿰乍攵
𫾪	⿰吉攵
𫾫	⿰吏攵
𫾬	⿰耳攵
𫾭	⿰朱攵
𫾮	⿰𫤫攵
𫾯	⿰𢇛攵
𫾰	⿲弓⿳丶丶丶攵
𫾱	⿰𦣞攵
𫾲	⿰丽攴
𫾳	⿰寿攵
𫾴	⿰見攵
𫾵	⿰含攵
𫾶	⿰釆攵
𫾷	⿰㳄攵
𫾸	⿱卲攴
𫾹	⿰虎攵
𫾺	⿰⿱⿻口⿰丨丨女攵
𫾻	⿰易攵
𫾼	⿰肴攵
𫾽	⿰命攵
𫾾	⿰⿱𫡑丂攵
𫾿	⿰念攴
𫿀	⿰京攵
𫿁	⿰苗攵
𫿂	⿰⿳⿱⺊冖一贝攵
𫿃	⿰皇攵
𫿄	⿰⿱合口攵
𫿅	⿱㲋攴
𫿆	⿰𣶒攵
𫿇	⿰放且
𫿈	⿰𠥶攵
𫿉	⿰巸攵
𫿊	⿱䀠攴
𫿋	⿰⿱𠂉虎攵
𫿌	⿰能攵
𫿍	⿰黄攵
𫿎	⿱𫻶攴
𫿏	⿰𭾱攵
𫿐	⿰改所
𫿑	⿰⿸虍𫠤攵
𫿒	⿰爲攵
𫿓	⿰番攵
𫿔	⿰⿱兔⺝攵
𫿕	⿰放⿱艹⿻几𠄠
𫿖	⿰⿱母貝攵
𫿗	⿰属攴
𫿘	⿰⿱臼豕攵
𫿙	⿰⿱𢆶酉攵
𫿚	⿰殿攵
𫿛	⿰𫵆攵
𫿜	⿰⿱告貝攵
𫿝	⿰𫃅攵
𫿞	⿸严敢
𫿟	⿱排𢼂
𫿠	⿰𬙸攵
𫿡	⿰麃攵
𫿢	⿰巤攵
𫿣	⿰𬄜攵
𫿤	⿰龍攵
𫿥	⿰炱敢
𫿦	⿰㣈攵
𫿧	⿰⿱㐭泉攵
𫿨	⿰放𫳭
𫿩	⿰豐攵
𫿪	⿰⿱𣆑貝⿱允攵
𫿫	⿰𬋝攵
𫿬	⿰𬁯攵
𫿭	⿱文二
𫿮	⿰正文
𫿯	⿱文𠕁
𫿰	⿰字文
𫿱	⿱林文
𫿲	⿰文燕
𫿳	⿱𰁜斗
𫿴	⿰斗孚
𫿵	⿰⿱八吕斗
𫿶	⿺⿷⿳⺈田儿厶斗
𫿷	⿰⿱臾月斗
𫿸	⿱企斜
𫿹	⿰𱜢斤
𫿺	⿰𫩞斤
𫿻	⿰⿱木𠔽斤
𫿼	⿰⿱刅木斤
𫿽	⿰喜斤
𫿾	⿰樂斤
𫿿	⿰斧尞
𬀀	⿰方⿱𠂉丩
𬀁	⿰夫㫃
𬀂	⿰方⿱𠂉帀
𬀃	⿰方⿱𠂉戈
𬀄	⿰方⿱𠂉爪
𬀅	⿰方⿱𠂉水
𬀆	⿰方⿱𠂉毌
𬀇	⿰方⿱𠂉古
𬀈	⿰方⿱𠂉史
𬀉	⿱方⿰方方
𬀊	⿳⿳亠丷冖儿方
𬀋	⿰方⿱𠂉𦣻
𬀌	⿰方⿱𠂉克
𬀍	⿰方⿱𠂉言
𬀎	⿰方配
𬀏	⿰方⿳𠂉尹火
𬀐	⿰方⿱𠂉𢼄
𬀑	⿰方𬀷
𬀒	⿰方⿱𠂉虹
𬀓	⿰方⿱𠂉𤇷
𬀔	⿰方⿱𠂉涉
𬀕	⿰方⿱𠂉𰫝
𬀖	⿰方⿱𠂉舀
𬀗	⿰方葉
𬀘	⿰方⿱𠂉壺
𬀙	⿰方⿱𠂉焝
𬀚	⿰方⿱𠂉單
𬀛	⿰方齊
𬀜	⿰方⿱𠂉⿰舟言
𬀝	⿰方⿱𠂉滔
𬀞	⿰方⿱𠂉𫢀
𬀟	⿰方⿱𠂉⿰單人
𬀠	⿰方⿱𠂉⿰昏舟
𬀡	⿰方⿳𠂉⿴𦥑田大
𬀢	⿰方⿱𠂉𮇷
𬀣	⿰方⿱𠂉輿
𬀤	⿰方⿱𠂉䲆
𬀥	⿰旡呙
𬀦	⿹𠀁日
𬀧	⿱日下
𬀨	⿰日久
𬀩	⿰日韦
𬀪	⿰日见
𬀫	⿺文日
𬀬	⿰日古
𬀭	⿱日卢
𬀮	⿰日对
𬀯	⿱日⿸厂火
𬀰	⿱日列
𬀱	⿰日岂
𬀲	⿰日⿱八天
𬀳	⿱日亦
𬀴	⿱龹日
𬀵	⿰早失
𬀶	⿰星刀
𬀷	⿱𠂉昜
𬀸	⿰日⿱文兀
𬀹	⿰日弟
𬀺	⿰已易
𬀻	⿰日坴
𬀼	⿱旦助
𬀽	⿱日？
𬀾	⿱日坤
𬀿	⿱日侖
𬁀	⿰昏少
𬁁	⿰日宜
𬁂	⿱珉日
𬁃	⿱日城
𬁄	⿱早坎
𬁅	⿰日虹
𬁆	⿰爰日
𬁇	⿰日重
𬁈	⿰日郎
𬁉	⿱𫢩日
𬁊	⿰日徐
𬁋	⿱日卿
𬁌	⿰昏芒
𬁍	⿰日羗
𬁎	⿰日容
𬁏	⿰対易
𬁐	⿱日⿰月余
𬁑	⿱日猪
𬁒	⿱日務
𬁓	⿰日⿱⿰⿻三丨⿻三丨日
𬁔	⿺是旱
𬁕	⿱日堯
𬁖	⿰星牢
𬁗	⿰日富
𬁘	⿰日阑
𬁙	⿰日萱
𬁚	⿰星⿻臼人
𬁛	⿰日廉
𬁜	⿰日夢
𬁝	⿳业⿸羊日日
𬁞	⿰日蕉
𬁟	⿱日寸
𬁠	⿱日乡
𬁡	⿱友日
𬁢	⿱𰁜日
𬁣	⿱⿰子丰日
𬁤	⿱卲日
𬁥	⿰考曲
𬁦	⿱⿰次刂日
𬁧	⿱日⿱？八
𬁨	⿱日朕
𬁩	⿱旂日
𬁪	⿱⿰子辛日
𬁫	⿰書且
𬁬	⿱晶卯
𬁭	⿰曾阿
𬁮	⿰曾忝
𬁯	⿱㣈日
𬁰	⿰月十
𬁱	⿰月才
𬁲	⿰月么
𬁳	⿰月马
𬁴	⿰月云
𬁵	⿰月区
𬁶	⿰五月
𬁷	⿰月夭
𬁸	⿰月仓
𬁹	⿱出⺝
𬁺	⿰月亚
𬁻	⿰月耒
𬁼	⿱次⺝
𬁽	⿰月员
𬁾	⿱𠇗⺝
𬁿	⿰月羌
𬂀	⿰月闰
𬂁	⿰月君
𬂂	⿰月罗
𬂃	⿱夜⺝
𬂄	⿹？月
𬂅	⿰月单
𬂆	⿰朗⿱⿰㇒㇖丨
𬂇	⿰月班
𬂈	⿱⿸厂者⺝
𬂉	⿰月⿱龹贝
𬂊	⿰月冥
𬂋	⿱𢆶⿱日⺝
𬂌	⿰月能
𬂍	⿰月𱑏
𬂎	⿰月⿱白𧰨
𬂏	⿱象⺝
𬂐	⿰月𧊒
𬂑	⿰有產
𬂒	⿰月聖
𬂓	⿰⺼⿳龸一豕
𬂔	⿰月䝉
𬂕	⿰肯氣
𬂖	⿱⿰象刂⺝
𬂗	⿰月皛
𬂘	⿱⿰⿱䶹㠯辛⺝
𬂙	⿰竜望
𬂚	⿱朔⿰朔朔
𬂛	⿻一丨
𬂜	⿰木一
𬂝	⿱木寸
𬂞	⿱上木
𬂟	⿰木⿹勹丿
𬂠	⿰木无
𬂡	⿰木五
𬂢	⿰木𭂫
𬂣	⿰木介
𬂤	⿰木丮
𬂥	⿰束七
𬂦	⿰木⿱屮㔾
𬂧	⿰未未
𬂨	⿰村⿱⿰㇒㇖丨
𬂩	⿰木夹
𬂪	⿰木𫑗
𬂫	⿱𠂤木
𬂬	⿰木仿
𬂭	⿰木向
𬂮	⿰木杀
𬂯	⿰木甶
𬂰	⿰木农
𬂱	⿱汤木
𬂲	⿰木亜
𬂳	⿰木巫
𬂴	⿰𡉣丮
𬂵	⿰木芆
𬂶	⿰木助
𬂷	⿰木⿱巾丏
𬂸	⿰枚少
𬂹	⿰木⿺廴手
𬂺	⿰木伯
𬂻	⿰木𫔭
𬂼	⿰木矣
𬂽	⿱林五
𬂾	⿱⿰木刅木
𬂿	⿰桎力
𬃀	⿰木规
𬃁	⿰木⿱耳又
𬃂	⿰林五
𬃃	⿰木⿱口⿻𠀃人
𬃄	⿳⺊𠕎木
𬃅	⿻束⿱口𠆢
𬃆	⿰木岳
𬃇	⿰木⿱⿹𠄎㐅皿
𬃈	⿰木𢼂
𬃉	⿰木舍
𬃊	⿰木质
𬃋	⿰木⿱宀台
𬃌	⿰木勆
𬃍	⿰木泊
𬃎	⿰木⿱亠糸
𬃏	⿰木宝
𬃐	⿰木戽
𬃑	⿰木⿱𦍌𫶧
𬃒	⿰木⿱刅木
𬃓	⿰木⿱皮口
𬃔	⿱朿束
𬃕	⿱林𠕵
𬃖	⿱⿱十冖䂞
𬃗	⿰木厘
𬃘	⿰木贰
𬃙	⿰桮刂
𬃚	⿱林去
𬃛	⿰木项
𬃜	⿰木⿱匕貝
𬃝	⿰木苗
𬃞	⿰木盺
𬃟	⿰木苹
𬃠	⿰木盆
𬃡	⿰木急
𬃢	⿰木𡬫
𬃣	⿰木爯
𬃤	⿰木𦥚
𬃥	⿱𫾩木
𬃦	⿰木𰠛
𬃧	⿰木冠
𬃨	⿱帝木
𬃩	⿰木𭩮
𬃪	⿰木竒
𬃫	⿰木宪
𬃬	⿰木亯
𬃭	⿳木冖束
𬃮	⿰木费
𬃯	⿰枼主
𬃰	⿰木恚
𬃱	⿰枯旦
𬃲	⿰林页
𬃳	⿰木盐
𬃴	⿰林百
𬃵	⿰木⿱艹𠇔
𬃶	⿰木䒺
𬃷	⿱束束
𬃸	⿰木草
𬃹	⿰木荔
𬃺	⿰木⿱⺊⿴囗㕣
𬃻	⿰果吏
𬃼	⿰木恩
𬃽	⿰木𰇩
𬃾	⿰木荿
𬃿	⿱特木
𬄀	⿱⿲木夕木大
𬄁	⿰木師
𬄂	⿰木𨛪
𬄃	⿰木矩
𬄄	⿲木𠂤木
𬄅	⿰木𣵀
𬄆	⿰木桊
𬄇	⿰木⿱酉火
𬄈	⿰木匾
𬄉	⿰木軝
𬄊	⿰木⿱者土
𬄋	⿰木荷
𬄌	⿰木𬜲
𬄍	⿰束侖
𬄎	⿰木敗
𬄏	⿰木第
𬄐	⿲木夕隹
𬄑	⿰木凰
𬄒	⿰木⿱𠂉⿷⿱田儿厶
𬄓	⿰木袞
𬄔	⿰木⿱宀忩
𬄕	⿱淮木
𬄖	⿰木⿱宀具
𬄗	⿰木組
𬄘	⿰木翌
𬄙	⿰木期
𬄚	⿰木惡
𬄛	⿰木㫷
𬄜	⿱林㐭
𬄝	⿰木項
𬄞	⿱未猪
𬄟	⿰木菲
𬄠	⿰木萘
𬄡	⿰木萠
𬄢	⿰木歮
𬄣	⿰木景
𬄤	⿰木萁
𬄥	⿰木𠷰
𬄦	⿰木⿱𰀢見
𬄧	⿱御木
𬄨	⿰木渠
𬄩	⿱隐木
𬄪	⿰木媒
𬄫	⿰木屠
𬄬	⿰木献
𬄭	⿰木遀
𬄮	⿰枯怛
𬄯	⿰木碁
𬄰	⿱林室
𬄱	⿰木𱽷
𬄲	⿰木葵
𬄳	⿰木𥂀
𬄴	⿰木𩶷
𬄵	⿰木舅
𬄶	⿰枋虽
𬄷	⿱林祘
𬄸	⿰木𣗥
𬄹	⿰木𠃅
𬄺	⿰木⿳⿱卝罒冖夕
𬄻	⿰木⿱艹𭤶
𬄼	⿰木䟽
𬄽	⿰木⿱⺈買
𬄾	⿱焱𣎾
𬄿	⿰木⿱𦍌取
𬅀	⿰木辣
𬅁	⿰木頡
𬅂	⿰枯悪
𬅃	⿱林⿰𠤕尤
𬅄	⿰未⿱成林
𬅅	⿰木⿳艹艹⿻丷未
𬅆	⿰木⿳业十⿸耳又
𬅇	⿰木⿱忠貝
𬅈	⿰木鄭
𬅉	⿰木𬞕
𬅊	⿰木興
𬅋	⿰木薪
𬅌	⿰象⿱？木
𬅍	⿳⿲木缶木大手
𬅎	⿰木甑
𬅏	⿳⿲木女木冖⿰？寸
𬅐	⿱林疑
𬅑	⿰木薰
𬅒	⿰木⿱曲⿸厂𰤷
𬅓	⿰束磊
𬅔	⿳⿲木缶木冖即
𬅕	⿳⿲木夕木罒𡬠
𬅖	⿳棥罒即
𬅗	⿰裏⿱木每
𬅘	⿳⿲木女木罒𡬠
𬅙	⿳棥罒郎
𬅚	⿰木籠
𬅛	⿱林麗
𬅜	⿳⿲木言朱罒⿰？寸
𬅝	⿱欠廾
𬅞	⿰于欠
𬅟	⿱欠心
𬅠	⿰叴欠
𬅡	⿰册欠
𬅢	⿰夹欠
𬅣	⿰舟欠
𬅤	⿰甫欠
𬅥	⿰呙欠
𬅦	⿰孚欠
𬅧	⿰次目
𬅨	⿰⿱㞢口欠
𬅩	⿰者欠
𬅪	⿰庚欠
𬅫	⿰贲欠
𬅬	⿰⿱𦍌口欠
𬅭	⿰⿱⿱士冖示欠
𬅮	⿰㫫欠
𬅯	⿰𣆪欠
𬅰	⿰斝欠
𬅱	⿰番欠
𬅲	⿰⿱⿱土八黾欠
𬅳	⿰欲闷
𬅴	⿰⿱棥示欠
𬅵	⿰⿱⿴𦥑䇂𠂤欠
𬅶	⿱冂止
𬅷	⿱刀止
𬅸	⿱上止
𬅹	⿱帀止
𬅺	⿱𣄼止
𬅻	⿱去止
𬅼	⿱朿止
𬅽	⿲冫𪟽止
𬅾	⿱辰止
𬅿	⿱此且
𬆀	⿱𣥖𠔼
𬆁	⿰𫭠兄
𬆂	⿱斩龰
𬆃	⿱正沛
𬆄	⿰正宜
𬆅	⿰尚正
𬆆	⿰歪卯
𬆇	⿰⿳止冖止夭
𬆈	⿰正倘
𬆉	⿱斬龰
𬆊	⿰束𰙡
𬆋	⿱𣥖⿰午午
𬆌	⿱止靴
𬆍	⿱殸企
𬆎	⿰歲奴
𬆏	⿱止⿰止趾
𬆐	⿱𫭋𣥖
𬆑	⿰歹世
𬆒	⿰列⿱⿰㇒㇖丨
𬆓	⿱列井
𬆔	⿰歹朶
𬆕	⿱𭮁廾
𬆖	⿰歺作
𬆗	⿱台死
𬆘	⿰死安
𬆙	⿰歺鱼
𬆚	⿰歹录
𬆛	⿰歹𡿺
𬆜	⿰死碎
𬆝	⿰歹餐
𬆞	⿰殳亡
𬆟	⿰旡殳
𬆠	⿰少殳
𬆡	⿰灭殳
𬆢	⿰乍殳
𬆣	⿰⿱㇒？殳
𬆤	⿰朱殳
𬆥	⿰束殳
𬆦	⿰𰹲殳
𬆧	⿰告殳
𬆨	⿰隹殳
𬆩	⿰南殳
𬆪	⿰禹殳
𬆫	⿰⿳亠丷𬺻殳
𬆬	⿰癸殳
𬆭	⿰⿱⿱士冖示殳
𬆮	⿰⿱⿳士冖一鸟殳
𬆯	⿰⿱⿱士冖多殳
𬆰	⿰⿳㐅丶者殳
𬆱	⿰⿱卯豆殳
𬆲	⿰⿱⿳亠丷冖豕殳
𬆳	⿰雍殳
𬆴	⿰⿱丰𠪩殳
𬆵	⿳㯤口殷
𬆶	⿸𠂇每
𬆷	⿰母叔
𬆸	⿰母禀
𬆹	⿰𠀬比
𬆺	⿰㲋比
𬆻	⿰𬴘比
𬆼	⿺毛千
𬆽	⿺毛云
𬆾	⿰毛见
𬆿	⿺毛勿
𬇀	⿺毛旦
𬇁	⿺毛岑
𬇂	⿺毛音
𬇃	⿱铍毛
𬇄	⿰宾毛
𬇅	⿺毛區
𬇆	⿺毛堯
𬇇	⿰叠毛
𬇈	⿺毛⿱𱐍𠂭
𬇉	⿰氐刀
𬇊	⿰氏氏
𬇋	⿸户氏
𬇌	⿱氏可
𬇍	⿱交氏
𬇎	⿰𠯑𠯑
𬇏	⿹气木
𬇐	⿹气电
𬇑	⿺⿳𠂉一乙朴
𬇒	⿺⿳𠂉一乙原
𬇓	⿹气達
𬇔	⿰水工
𬇕	⿰氵万
𬇖	⿰氵口
𬇗	⿰氵弓
𬇘	⿰氵专
𬇙	⿰氵贝
𬇚	⿰氵幻
𬇛	⿰氵𠀕
𬇜	⿱水冭
𬇝	⿰氵⿳一八⿰丨丨
𬇞	⿰氵丙
𬇟	⿰氵氷
𬇠	⿰氵成
𬇡	⿰氵⿱口𫶧
𬇢	⿰氵吁
𬇣	⿰氵𱜢
𬇤	⿰氵字
𬇥	⿰氵⿻丷夫
𬇦	⿱龹水
𬇧	⿰江中
𬇨	⿰氵志
𬇩	⿰氵杜
𬇪	⿲氵木亍
𬇫	⿰氵把
𬇬	⿰氵严
𬇭	⿰沙下
𬇮	⿰没亡
𬇯	⿰氵判
𬇰	⿰氵闷
𬇱	⿰氵呇
𬇲	⿰氵𣏉
𬇳	⿰氵⿸尸斤
𬇴	⿰氵局
𬇵	⿰氵⿱正与
𬇶	⿰求先
𬇷	⿰氵杳
𬇸	⿰污本
𬇹	⿰氵国
𬇺	⿰氵凮
𬇻	⿱⿰白子水
𬇼	⿰氵枭
𬇽	⿰氵肩
𬇾	⿰永克
𬇿	⿰氵𠧦
𬈀	⿰氵𦙟
𬈁	⿰氵单
𬈂	⿰氵孟
𬈃	⿰氵⿱⿻又丷⿻三丨
𬈄	⿱𭚫水
𬈅	⿰法中
𬈆	⿰氵勅
𬈇	⿰氵⿱丙木
𬈈	⿰汫正
𬈉	⿰氵垢
𬈊	⿰氵𣄰
𬈋	⿰氵𪾋
𬈌	⿰氵⿱日句
𬈍	⿰氵𦥚
𬈎	⿰氵科
𬈏	⿰氵笃
𬈐	⿰氵⿱⿱冖八目
𬈑	⿰氵⿳冖且八
𬈒	⿰氵冟
𬈓	⿰沈尼
𬈔	⿰氵畓
𬈕	⿰氵费
𬈖	⿲氵𫠩阝
𬈗	⿰氵挼
𬈘	⿰氵㳟
𬈙	⿰氵𥘿
𬈚	⿰清了
𬈛	⿰水原
𬈜	⿰氵荥
𬈝	⿰氵⿱⿵𠆢一𦘶
𬈞	⿺洗心
𬈟	⿰氵⿱⿱亠儿衣
𬈠	⿰氵畗
𬈡	⿱𡨄水
𬈢	⿰泣卯
𬈣	⿰氵竞
𬈤	⿰泥生
𬈥	⿰氵彬
𬈦	⿰氵厠
𬈧	⿰氵啬
𬈨	⿰氵圈
𬈩	⿰氵莆
𬈪	⿰氵⿱罒早
𬈫	⿰氵得
𬈬	⿰氵𢚩
𬈭	⿰氵動
𬈮	⿰氵堃
𬈯	⿰氵⿱㓁告
𬈰	⿱流止
𬈱	⿰氵颇
𬈲	⿰氵琪
𬈳	⿰氵雯
𬈴	⿰清中
𬈵	⿰氵菊
𬈶	⿰氵紫
𬈷	⿰氵棠
𬈸	⿰氵菩
𬈹	⿰氵⿱夭金
𬈺	⿰氵悲
𬈻	⿰浩白
𬈼	⿰氵傕
𬈽	⿰浮平
𬈾	⿰活页
𬈿	⿰氵寕
𬉀	⿰氵旑
𬉁	⿰氵蛮
𬉂	⿰氵粪
𬉃	⿰氵⿱䇂𠂤
𬉄	⿰氵⿳宀王罒
𬉅	⿰⿱䇂𠂤水
𬉆	⿰氵屡
𬉇	⿰氵𰭢
𬉈	⿰氵𬯻
𬉉	⿰氵盞
𬉊	⿰氵⿱𦔻𡈼
𬉋	⿰氵遗
𬉌	⿰氵嗔
𬉍	⿰氵⿱山㕍
𬉎	⿰氵腫
𬉏	⿰氵颓
𬉐	⿰没頁
𬉑	⿰氵⿱亡⿲⺼女⿻⿻㇈丿丶
𬉒	⿰氵煌
𬉓	⿰氵𧶐
𬉔	⿰氵蓁
𬉕	⿰氵毓
𬉖	⿱㲋泉
𬉗	⿰氵蜜
𬉘	⿰滂攵
𬉙	⿰泣苗
𬉚	⿰泥星
𬉛	⿰氵⿴囗萈
𬉜	⿰氵膚
𬉝	⿰溪外
𬉞	⿰氵⿱水㒼
𬉟	⿱橫水
𬉠	⿰氵𬞕
𬉡	⿰氵蕊
𬉢	⿰氵戰
𬉣	⿰氵⿰𩙿余
𬉤	⿰氵篤
𬉥	⿰氵𦒋
𬉦	⿰氵𪟺
𬉧	⿰氵韓
𬉨	⿱量泉
𬉩	⿰氵⿱吂⿲⺼爻⿻⿻㇈丿丶
𬉪	⿱溺対
𬉫	⿰氵⿳𠫓罒⿲⺼女⿻⿻㇈丿丶
𬉬	⿰氵竄
𬉭	⿰氵璧
𬉮	⿰氵霧
𬉯	⿱緐泉
𬉰	⿰淺農
𬉱	⿱𬪰泉
𬉲	⿰氵鑾
𬉳	⿰氵鸞
𬉴	⿰火寸
𬉵	⿱大灬
𬉶	⿱于火
𬉷	⿰火上
𬉸	⿱火口
𬉹	⿱夕火
𬉺	⿰火己
𬉻	⿹丐灬
𬉼	⿰火区
𬉽	⿰火𡴯
𬉾	⿰火丹
𬉿	⿱爫火
𬊀	⿰火方
𬊁	⿰火冉
𬊂	⿰火刍
𬊃	⿰火朿
𬊄	⿰火𫥞
𬊅	⿰火尕
𬊆	⿰火𫹭
𬊇	⿱炏乂
𬊈	⿰火寻
𬊉	⿰火达
𬊊	⿰火弄
𬊋	⿰火求
𬊌	⿰火志
𬊍	⿰火寿
𬊎	⿰火贡
𬊏	⿱旳灬
𬊐	⿰卢灰
𬊑	⿰火串
𬊒	⿰火呈
𬊓	⿵⿰𫜵⿳𠃍𠃍𠃌灬
𬊔	⿰火秀
𬊕	⿰火免
𬊖	⿰火闵
𬊗	⿰火斩
𬊘	⿱昍灬
𬊙	⿱易灬
𬊚	⿱明灬
𬊛	⿱易火
𬊜	⿰火罗
𬊝	⿰火金
𬊞	⿱侎灬
𬊟	⿱⿱⺈𫩏灳
𬊠	⿰火凭
𬊡	⿰火忽
𬊢	⿰火闹
𬊣	⿰火京
𬊤	⿰火单
𬊥	⿰火㐭
𬊦	⿰炎见
𬊧	⿱京灬
𬊨	⿰火弩
𬊩	⿰火查
𬊪	⿱頁火
𬊫	⿱𫦪灬
𬊬	⿰火点
𬊭	⿰火显
𬊮	⿰火盾
𬊯	⿰火笃
𬊰	⿰火彦
𬊱	⿰火帝
𬊲	⿱砧灬
𬊳	⿰火草
𬊴	⿰畑北
𬊵	⿰火党
𬊶	⿰火监
𬊷	⿰火𭮫
𬊸	⿰火⿱白立
𬊹	⿱⿰⿱⺈⺕失灬
𬊺	⿰火爱
𬊻	⿱㿟火
𬊼	⿰火衮
𬊽	⿰灵声
𬊾	⿱难灬
𬊿	⿰火連
𬋀	⿱⿰耳巨火
𬋁	⿰火⿱𣦼木
𬋂	⿰火得
𬋃	⿰火敛
𬋄	⿰火𢇇
𬋅	⿰火惠
𬋆	⿰煉⿱⿰㇒㇖丨
𬋇	⿱聑火
𬋈	⿱椎灬
𬋉	⿰火⿱业⿻丨⿱八⿵冂⿰丨丨
𬋊	⿰火舜
𬋋	⿰火富
𬋌	⿰火⿱𦍌𧰨
𬋍	⿰火赖
𬋎	⿳⿱艹宀死灬
𬋏	⿰火歇
𬋐	⿱歃灬
𬋑	⿱賏火
𬋒	⿱⿲亻㇯熏灬力灬
𬋓	⿰⿱𱼀臼炎
𬋔	⿰火辳
𬋕	⿱醀灬
𬋖	⿱蓻火
𬋗	⿰炮席
𬋘	⿰𬉹尞
𬋙	⿰火興
𬋚	⿰炮悉
𬋛	⿰火衡
𬋜	⿰火𮥿
𬋝	⿱㣈火
𬋞	⿰火麗
𬋟	⿰火⿳日冖𱔞
𬋠	⿱譶火
𬋡	⿱𡚣火
𬋢	⿱⿰禾⿱⺈⿷⿹？𰀄？火
𬋣	⿳霝⿷？？火
𬋤	⿺爪冗
𬋥	⿱爫𠬛
𬋦	⿰爪只
𬋧	⿱爫衣
𬋨	⿰爭丁
𬋩	⿳爫冖⿰丨⿱？？
𬋪	⿳爫冖⿱一友
𬋫	⿰爰⿱⿰㇒㇖丨
𬋬	⿺爪⿵⺆⿱𰀁口
𬋭	⿱爫看
𬋮	⿰受正
𬋯	⿳爫𠤻又
𬋰	⿺笔爪
𬋱	⿰爲⿱⿰㇒㇖丨
𬋲	⿺乳巫
𬋳	⿰爪報
𬋴	⿱⿳爫冖㐅⿰又虍
𬋵	⿱爫䖒
𬋶	⿰𤔔册
𬋷	⿱爫罸
𬋸	⿰⿳爫幺又寒
𬋹	⿰𤔔𥩮
𬋺	⿰爵昜
𬋻	⿱父大
𬋼	⿰父羕
𬋽	⿰廌爻
𬋾	⿰⿱业⿻丨⿱八⿵冂㸚⿺友丶
𬋿	⿰爿歺
𬌀	⿰爿付
𬌁	⿰爿立
𬌂	⿰爿圼
𬌃	⿰爿東
𬌄	⿰爿⿷匚羊
𬌅	⿰爿⿱土田
𬌆	⿰爿𣥜
𬌇	⿰爿𪜹
𬌈	⿰爿⿱爫巿
𬌉	⿰爿⿳爫巿又
𬌊	⿰爿⿱甾口
𬌋	⿱𤕰其
𬌌	⿰爿番
𬌍	⿰爿⿱兔⺝
𬌎	⿰⿱爿口眾
𬌏	⿰爿賣
𬌐	⿰爿興
𬌑	⿰爿⿳𠮛鬲廾
𬌒	⿱将且
𬌓	⿰片心
𬌔	⿱片心
𬌕	⿰片体
𬌖	⿰藥片
𬌗	⿰牙合
𬌘	⿰牙峩
𬌙	⿰牜八
𬌚	⿰牜大
𬌛	⿱𰀡牛
𬌜	⿰牜少
𬌝	⿰牜刍
𬌞	⿰牜吕
𬌟	⿱⿳亠丷冖牛
𬌠	⿰牜时
𬌡	⿰牜果
𬌢	⿱乳牛
𬌣	⿰特⿱⿰㇒㇖丨
𬌤	⿰牜昜
𬌥	⿰牜娄
𬌦	⿰牜時
𬌧	⿰牜剛
𬌨	⿰牜⿱角火
𬌩	⿰犭丶
𬌪	⿱犬廾
𬌫	⿰犭么
𬌬	⿰犭左
𬌭	⿰犭民
𬌮	⿰犭尧
𬌯	⿰犭耳
𬌰	⿰犬𠂢
𬌱	⿰犭闭
𬌲	⿰犭酉
𬌳	⿰⿱开土犬
𬌴	⿰犭灵
𬌵	⿰犭连
𬌶	⿰犭或
𬌷	⿰犭参
𬌸	⿰犭春
𬌹	⿰犭南
𬌺	⿰犭昜
𬌻	⿰犭負
𬌼	⿰犭⿱刀男
𬌽	⿰犭辱
𬌾	⿳⿱⺈⿵冂人比犬
𬌿	⿰犭旁
𬍀	⿰犭⿳亠龷𧘇
𬍁	⿰犭連
𬍂	⿰犭𦤎
𬍃	⿰犭着
𬍄	⿰犭麻
𬍅	⿰犭寅
𬍆	⿰猪文
𬍇	⿰犭無
𬍈	⿱丙⿰犬㹜
𬍉	⿰狗𢼂
𬍊	⿰⿱臼言犬
𬍋	⿱與犬
𬍌	⿰狗哭
𬍍	⿰猪南
𬍎	⿰猪農
𬍏	⿰率下
𬍐	⿰𤣩亍
𬍑	⿰𤣩山
𬍒	⿰𤣩云
𬍓	⿰𤣩木
𬍔	⿰𤣩切
𬍕	⿰𤣩化
𬍖	⿰𤣩水
𬍗	⿰𤣩𢦍
𬍘	⿰𤣩右
𬍙	⿰𤣩戋
𬍚	⿰𤣩乍
𬍛	⿰𤣩乐
𬍜	⿰𤣩宁
𬍝	⿰𤣩弘
𬍞	⿺麦玉
𬍟	⿰全玉
𬍠	⿰𤣩衣
𬍡	⿱汤玉
𬍢	⿱龹玉
𬍣	⿰𤣩如
𬍤	⿰𤣩寻
𬍥	⿰𤣩甫
𬍦	⿰𤣩伶
𬍧	⿰𤣩辛
𬍨	⿰𤣩卲
𬍩	⿰𤣩⿱龴疋
𬍪	⿰𤣩亟
𬍫	⿰𤣩疌
𬍬	⿰𤣩幸
𬍭	⿰𤣩靣
𬍮	⿰𤣩⿱山㐱
𬍯	⿰𤣩果
𬍰	⿰𤣩岩
𬍱	⿰𤣩命
𬍲	⿱王⿰壬壬
𬍳	⿰𤣩享
𬍴	⿰𤣩奏
𬍵	⿰𤣩面
𬍶	⿰𤣩昱
𬍷	⿰𤣩苹
𬍸	⿰𤣩盾
𬍹	⿰𤣩㲋
𬍺	⿰𤣩勇
𬍻	⿰𤣩⿺廴車
𬍼	⿱玉𤤴
𬍽	⿰𤣩員
𬍾	⿱珀必
𬍿	⿰𤣩⿻禹一
𬎀	⿰𤣩殷
𬎁	⿰𤣩扇
𬎂	⿰𤣩隺
𬎃	⿰𤣩益
𬎄	⿰𤣩孫
𬎅	⿰𤣩雪
𬎆	⿰𤣩莹
𬎇	⿰𤣩莫
𬎈	⿰𤣩𬜶
𬎉	⿰𤣩偉
𬎊	⿰𤣩⿱亠𧘗
𬎋	⿰𤣩琴
𬎌	⿰𤣩雲
𬎍	⿰𤣩逹
𬎎	⿰𤣩量
𬎏	⿰𤣩紫
𬎐	⿰𤣩答
𬎑	⿰𤣩阑
𬎒	⿰𤣩㝢
𬎓	⿰𤣩嗇
𬎔	⿰𤣩靳
𬎕	⿸𠩺⿱又玉
𬎖	⿰𤣩新
𬎗	⿰⿱王山章
𬎘	⿰𤣩⿱⺈買
𬎙	⿰𤣩𥠖
𬎚	⿰𤣩遷
𬎛	⿰𤣩靜
𬎜	⿰𤣩⿳⿱罒吅一𧘇
𬎝	⿰𤣩⿳⿱爫⿰丨冃罒又
𬎞	⿰𤣩寶
𬎟	⿰𤣩蘭
𬎠	⿰𤣩屬
𬎡	⿰𤣩籠
𬎢	⿺瓜兄
𬎣	⿺瓜乏
𬎤	⿺瓦厶
𬎥	⿱工瓦
𬎦	⿺瓦太
𬎧	⿱从瓦
𬎨	⿰朶瓦
𬎩	⿰𦈢瓦
𬎪	⿰合瓦
𬎫	⿰屰瓦
𬎬	⿰昙瓦
𬎭	⿰瓦制
𬎮	⿺瓦重
𬎯	⿺瓦高
𬎰	⿺瓦與
𬎱	⿰甘采
𬎲	⿰甚册
𬎳	⿰生木
𬎴	⿰生合
𬎵	⿰生闭
𬎶	⿰生灵
𬎷	⿰𱺵生
𬎸	⿺兒生
𬎹	⿰生周
𬎺	⿰生泉
𬎻	⿰產⿱⿰㇒㇖丨
𬎼	⿰㒸生
𬎽	⿰用⿱⿰㇒㇖丨
𬎾	⿻肀月
𬎿	⿱丷田
𬏀	⿰田勺
𬏁	⿱由及
𬏂	⿰田尔
𬏃	⿰田乎
𬏄	⿱刑田
𬏅	⿰甶史
𬏆	⿱⿰丰又田
𬏇	⿰田弄
𬏈	⿱田町
𬏉	⿰田完
𬏊	⿰田良
𬏋	⿳田龷𧘇
𬏌	⿰由起
𬏍	⿱申⿰申申
𬏎	⿰番干
𬏏	⿰⿱爫糸田
𬏐	⿰田高
𬏑	⿰田⿱立电
𬏒	⿱田娘
𬏓	⿰番巴
𬏔	⿰番分
𬏕	⿰由單
𬏖	⿰異弄
𬏗	⿰番次
𬏘	⿰異𦲿
𬏙	⿱炏疋
𬏚	⿸疒一
𬏛	⿸疒才
𬏜	⿸疒马
𬏝	⿸疒𪟽
𬏞	⿸疒户
𬏟	⿸疒计
𬏠	⿸疒幻
𬏡	⿸疒戊
𬏢	⿸疒左
𬏣	⿸疒仙
𬏤	⿸疒乐
𬏥	⿸疒印
𬏦	⿸疒发
𬏧	⿸疒执
𬏨	⿸疒吒
𬏩	⿸疒劣
𬏪	⿸疒安
𬏫	⿸疒军
𬏬	⿸疒羽
𬏭	⿸疒赤
𬏮	⿸疒呙
𬏯	⿸疒豸
𬏰	⿸疒⿱爫夨
𬏱	⿸疒没
𬏲	⿸疒岡
𬏳	⿸疒周
𬏴	⿸疒怪
𬏵	⿸疒⿱羽二
𬏶	⿸疒面
𬏷	⿸疒贲
𬏸	⿸疒冠
𬏹	⿸疒⿱𦥑巾
𬏺	⿸疒⿱皿𧰨
𬏻	⿸疒⿱⿱⺈⿵冂人戊
𬏼	⿸疒黑
𬏽	⿸疒買
𬏾	⿸疒盟
𬏿	⿸疒⿱林非
𬐀	⿸疒壁
𬐁	⿸疒闌
𬐂	⿰⿳癶一𪜀士
𬐃	⿱白一
𬐄	⿰白勻
𬐅	⿱白文
𬐆	⿱白乏
𬐇	⿱白矢
𬐈	⿰白考
𬐉	⿰当白
𬐊	⿰告白
𬐋	⿰厷皇
𬐌	⿱白披
𬐍	⿰皇元
𬐎	⿱白卒
𬐏	⿰⿱𫜵句白
𬐐	⿱白⿺𠕻彡
𬐑	⿰皇鳳
𬐒	⿺巴皮
𬐓	⿱龸皮
𬐔	⿰永皮
𬐕	⿰皮孚
𬐖	⿰皮屋
𬐗	⿱亾皿
𬐘	⿱心皿
𬐙	⿰皿丮
𬐚	⿱𠂉𠱄
𬐛	⿱㲹皿
𬐜	⿱⿹戈二皿
𬐝	⿱⿰工工皿
𬐞	⿱宇皿
𬐟	⿰盂公
𬐠	⿱杨皿
𬐡	⿱我皿
𬐢	⿱妻皿
𬐣	⿱奇皿
𬐤	⿱非皿
𬐥	⿱沱皿
𬐦	⿱𣲲皿
𬐧	⿱皿⿱？八
𬐨	⿱咸皿
𬐩	⿰盃司
𬐪	⿱𮊀皿
𬐫	⿱⿰舟子皿
𬐬	⿱臿皿
𬐭	⿰益丮
𬐮	⿱⿰氵龹皿
𬐯	⿱洀皿
𬐰	⿱旅皿
𬐱	⿱⿰臣⿱𠂉口皿
𬐲	⿱貴皿
𬐳	⿱無皿
𬐴	⿱減皿
𬐵	⿱⿲米⺝匕皿
𬐶	⿱⿰酉舟皿
𬐷	⿱雍皿
𬐸	⿰盧⿱⿰㇒㇖丨
𬐹	⿱𫒘皿
𬐺	⿱⿲米肉匕皿
𬐻	⿱滷皿
𬐼	⿰盗⿰去⿻刀丶
𬐽	⿱⿰鹿攵皿
𬐾	⿰甚盗
𬐿	⿱𩒳皿
𬑀	⿱器皿
𬑁	⿱戲皿
𬑂	⿱⿲弓米⿰兄弓皿
𬑃	⿱鐐皿
𬑄	⿱鐀皿
𬑅	⿰目⿱⿰㇒㇖丨
𬑆	⿰目仑
𬑇	⿰目长
𬑈	⿰目平
𬑉	⿰末目
𬑊	⿰目本
𬑋	⿰目囚
𬑌	⿰目⿱𠆢亐
𬑍	⿰目刍
𬑎	⿰目出
𬑏	⿰目𢀖
𬑐	⿰目有
𬑑	⿰目老
𬑒	⿰目尧
𬑓	⿰目华
𬑔	⿱罒𧰨
𬑕	⿰目军
𬑖	⿰目形
𬑗	⿰目间
𬑘	⿰目武
𬑙	⿰目卖
𬑚	⿰⿺𠃊𥃭匝
𬑛	⿰目念
𬑜	⿰目背
𬑝	⿱𥃫足
𬑞	⿰目敖
𬑟	⿰目候
𬑠	⿰目隻
𬑡	⿰目芻
𬑢	⿰目迹
𬑣	⿰目高
𬑤	⿱莫目
𬑥	⿰目雀
𬑦	⿰目旣
𬑧	⿰目绵
𬑨	⿰目𠁊
𬑩	⿰睡午
𬑪	⿱䀠癸
𬑫	⿰眜弹
𬑬	⿰目覺
𬑭	⿱矛山
𬑮	⿰矛卒
𬑯	⿰矛亭
𬑰	⿰矢半
𬑱	⿰矢宁
𬑲	⿰矢每
𬑳	⿰矢弟
𬑴	⿱矢來
𬑵	⿰半短
𬑶	⿱短艮
𬑷	⿰矢肇
𬑸	⿰短突
𬑹	⿰石厂
𬑺	⿰石寸
𬑻	⿰石千
𬑼	⿰石么
𬑽	⿴井石
𬑾	⿰石天
𬑿	⿰石攵
𬒀	⿰石氏
𬒁	⿰石夭
𬒂	⿰石方
𬒃	⿰石𫠣
𬒄	⿰石轧
𬒅	⿰石囘
𬒆	⿰石业
𬒇	⿰石兰
𬒈	⿱𰃮石
𬒉	⿰石⿸厂卬
𬒊	⿰石会
𬒋	⿰石朵
𬒌	⿱石羊
𬒍	⿰石员
𬒎	⿰石坚
𬒏	⿰石岜
𬒐	⿰石每
𬒑	⿰石完
𬒒	⿰石軋
𬒓	⿰石罗
𬒔	⿰石肯
𬒕	⿰石肃
𬒖	⿰石⿱𠮛皿
𬒗	⿰石览
𬒘	⿰石信
𬒙	⿰石美
𬒚	⿰石軍
𬒛	⿰石𢃄
𬒜	⿰𪿒見
𬒝	⿰石造
𬒞	⿰石寅
𬒟	⿱⿲木歹木石
𬒠	⿰石琴
𬒡	⿰石雁
𬒢	⿰石華
𬒣	⿱石䖵
𬒤	⿰石鼎
𬒥	⿰石睘
𬒦	⿰石蓉
𬒧	⿰破𬛸
𬒨	⿰石髪
𬒩	⿰硬旁
𬒪	⿰⿱石止萬
𬒫	⿰石簽
𬒬	⿰礻工
𬒭	⿰示帀
𬒮	⿰礻夬
𬒯	⿰礻丮
𬒰	⿰礻丑
𬒱	⿰礻甲
𬒲	⿰礻叐
𬒳	⿰礻皮
𬒴	⿰礻缶
𬒵	⿱𰁜示
𬒶	⿰礻束
𬒷	⿰礻否
𬒸	⿺礼共
𬒹	⿰礻貝
𬒺	⿰礻足
𬒻	⿰礻岑
𬒼	⿺礼多
𬒽	⿰礻君
𬒾	⿰礻表
𬒿	⿰礻典
𬓀	⿰礻岸
𬓁	⿰示⿱日斤
𬓂	⿱𫩠示
𬓃	⿰礻朋
𬓄	⿰示⿱𱼀牛
𬓅	⿰礻宛
𬓆	⿰礻定
𬓇	⿰礻宜
𬓈	⿰礻⿱⺕𣱳
𬓉	⿰礻春
𬓊	⿱⿰束又示
𬓋	⿰礻奐
𬓌	⿰礻郎
𬓍	⿰礻奕
𬓎	⿰礻晋
𬓏	⿰礻隻
𬓐	⿺礼怠
𬓑	⿰礻堇
𬓒	⿰礻⿱𠦄夲
𬓓	⿺礼根
𬓔	⿰礻悤
𬓕	⿰礻袞
𬓖	⿰示斎
𬓗	⿰禄⿱⿰㇒㇖丨
𬓘	⿰票𠂢
𬓙	⿰礻最
𬓚	⿰礻喬
𬓛	⿰礻禁
𬓜	⿰票沓
𬓝	⿰礻翼
𬓞	⿰离去
𬓟	⿰离移
𬓠	⿰禾几
𬓡	⿱㇒來
𬓢	⿰禾今
𬓣	⿰禾丮
𬓤	⿰禾尺
𬓥	⿰禾⿻干二
𬓦	⿰禾充
𬓧	⿱任禾
𬓨	⿰禾𬔖
𬓩	⿰禾𡿪
𬓪	⿱利㐱
𬓫	⿰禾龟
𬓬	⿰禾我
𬓭	⿰禾⿳一𠆢⿴⿻冂一十
𬓮	⿰禾尚
𬓯	⿰禾⿱次力
𬓰	⿰禾夜
𬓱	⿰禾贲
𬓲	⿰禾貞
𬓳	⿰禾界
𬓴	⿰禾⿱爫用
𬓵	⿰禾翁
𬓶	⿱秝甘
𬓷	⿱秝田
𬓸	⿰黍𠃓
𬓹	⿰禾屑
𬓺	⿱埶禾
𬓻	⿰禾⿱成母
𬓼	⿰秃贵
𬓽	⿰禾⿱㚖彡
𬓾	⿰禾量
𬓿	⿰禾單
𬔀	⿰禾進
𬔁	⿰禾募
𬔂	⿱稤合
𬔃	⿰禾賣
𬔄	⿰禾蕙
𬔅	⿱穴丩
𬔆	⿱穴毛
𬔇	⿱穴火
𬔈	⿰穴由
𬔉	⿱穴吕
𬔊	⿱穴𭆨
𬔋	⿰突下
𬔌	⿰穿千
𬔍	⿱穴𢍁
𬔎	⿱⿱宀儿倉
𬔏	⿱⿱宀儿臭
𬔐	⿱穴堇
𬔑	⿱⿱宀儿虖
𬔒	⿱⿱宀儿深
𬔓	⿱穴焅
𬔔	⿰⿱穴工竜
𬔕	⿰穿統
𬔖	⿳亠丷丂
𬔗	⿰下立
𬔘	⿰立斤
𬔙	⿰𭃂立
𬔚	⿰立刅
𬔛	⿱世立
𬔜	⿰立皮
𬔝	⿰立⿱屮巳
𬔞	⿰立妥
𬔟	⿱𫩞立
𬔠	⿰⿱台立⿹𠃌一
𬔡	⿰立長
𬔢	⿱𫩠立
𬔣	⿰立命
𬔤	⿰立胃
𬔥	⿰立重
𬔦	⿱立𱦊
𬔧	⿰章丮
𬔨	⿰立⿱一⿻⿱丷⿸厂⿱？八⿰丨丨
𬔩	⿱⿰䇂䇂⿵冂𠆢
𬔪	⿰立⿱付貝
𬔫	⿰亲買
𬔬	⿱𥫗乃
𬔭	⿱𥫗囗
𬔮	⿱𥫗夫
𬔯	⿱𥫗区
𬔰	⿱𥫗心
𬔱	⿱𥫗之
𬔲	⿱𥫗火
𬔳	⿱𥫗平
𬔴	⿱𥫗未
𬔵	⿱𥫗玉
𬔶	⿱𥫗北
𬔷	⿱𥫗外
𬔸	⿱𥫗⿰子几
𬔹	⿱𥫗发
𬔺	⿱𥫗𡉑
𬔻	⿱𥫗伩
𬔼	⿱𥫗𰁦
𬔽	⿱𥫗名
𬔾	⿱𥫗𠂢
𬔿	⿱𥫗汙
𬕀	⿱𥫗守
𬕁	⿱𥫗衣
𬕂	⿱𥫗贡
𬕃	⿱𥫗否
𬕄	⿱𥫗丽
𬕅	⿱𥫗位
𬕆	⿱𥫗我
𬕇	⿱𥫗䀏
𬕈	⿳𥫗𠆢𤴓
𬕉	⿱𥫗⿰册又
𬕊	⿱𥫗闷
𬕋	⿱𥫗沟
𬕌	⿱𥫗床
𬕍	⿱𥫗沙
𬕎	⿱𥫗玩
𬕏	⿱𥫗奉
𬕐	⿱𥫗昀
𬕑	⿱𥫗昌
𬕒	⿱𥫗尚
𬕓	⿰笑少
𬕔	⿱𥫗朋
𬕕	⿱𥫗𣂔
𬕖	⿱𥫗定
𬕗	⿱𥫗𪯲
𬕘	⿱𥫗泙
𬕙	⿱𥫗泍
𬕚	⿱𥫗威
𬕛	⿱𥫗轱
𬕜	⿱𥫗風
𬕝	⿱𥫗𣶒
𬕞	⿱𥫗哀
𬕟	⿱𥫗⿺辶市
𬕠	⿱𥫗洹
𬕡	⿱𥫗紅
𬕢	⿱𥫗⿰木𫠥
𬕣	⿱𥫗⿰木⿱一匝
𬕤	⿱𥫗根
𬕥	⿱𥫗倭
𬕦	⿱𥫗𫋲
𬕧	⿱𥫗海
𬕨	⿱𥫗朗
𬕩	⿱𥫗掉
𬕪	⿳𥫗吅戊
𬕫	⿰笛血
𬕬	⿱𥫗领
𬕭	⿳𥫗西戌
𬕮	⿱𥫗𣔋
𬕯	⿱𥫗援
𬕰	⿱𥫗𠸜
𬕱	⿱𥫗評
𬕲	⿱𥫗割
𬕳	⿰篤⿱⿰㇒㇖丨
𬕴	⿱𥫗聘
𬕵	⿱𥫗⿹戈韭
𬕶	⿱𥫗園
𬕷	⿱𥫗愈
𬕸	⿱𥫗鉗
𬕹	⿺⿳𥫗立电下
𬕺	⿺篭⿱⿰㇒㇖丨
𬕻	⿱𥫗𦖻
𬕼	⿰𥯌芒
𬕽	⿱𥫗耦
𬕾	⿺⿳𥫗立电目
𬕿	⿱𥫗頪
𬖀	⿱𥫗蹄
𬖁	⿱𥫗⿰耒⿱⿹勹丿𱥯
𬖂	⿱𥫗㬱
𬖃	⿱𥫗赞
𬖄	⿱𥫗𠔳
𬖅	⿰篭羽
𬖆	⿺篭弄
𬖇	⿱𥫗瞿
𬖈	⿳𥫗罒雔
𬖉	⿰篭望
𬖊	⿳𥫗⿱亠厶⿲⺼員⿻⿻㇈丿丶
𬖋	⿰米乙
𬖌	⿰米人
𬖍	⿰米八
𬖎	⿰米厶
𬖏	⿰米口
𬖐	⿰米夫
𬖑	⿰米见
𬖒	⿰米⿰亻𠤎
𬖓	⿰米本
𬖔	⿰米术
𬖕	⿰米匆
𬖖	⿰米刍
𬖗	⿰米奴
𬖘	⿰米𠬤
𬖙	⿰米后
𬖚	⿰米杂
𬖛	⿰米亦
𬖜	⿰⿺𠃊米令
𬖝	⿰米旱
𬖞	⿰米时
𬖟	⿰米闷
𬖠	⿰娄斗
𬖡	⿰米者
𬖢	⿰米固
𬖣	⿰米定
𬖤	⿰米叕
𬖥	⿰米帚
𬖦	⿰米厚
𬖧	⿳米口⿱⿴⿰丨丨𠄠丅
𬖨	⿱粦口
𬖩	⿰粦⿱⿰㇒㇖丨
𬖪	⿰米屏
𬖫	⿰粟殳
𬖬	⿰⿱米⿵冂𡭔⿺友丶
𬖭	⿰粘旦
𬖮	⿰米监
𬖯	⿱般米
𬖰	⿰米高
𬖱	⿰米羞
𬖲	⿰米⿱㞢虫
𬖳	⿰⿱今米𠬶
𬖴	⿰米祭
𬖵	⿰米密
𬖶	⿰米菊
𬖷	⿰粘间
𬖸	⿰米答
𬖹	⿰米稍
𬖺	⿰米阑
𬖻	⿰⿱𣆗土米
𬖼	⿰粗𬏝
𬖽	⿰米滿
𬖾	⿰米頗
𬖿	⿱粦品
𬗀	⿱粘頂
𬗁	⿰粟骨
𬗂	⿰米聶
𬗃	⿰糹亍
𬗄	⿰糹凡
𬗅	⿰糹夃
𬗆	⿰糹孔
𬗇	⿰糹戊
𬗈	⿰糹玉
𬗉	⿰糹印
𬗊	⿰糹永
𬗋	⿹⿻止？糸
𬗌	⿰糹虫
𬗍	⿱吒糸
𬗎	⿰⿱口糸久
𬗏	⿰糹吊
𬗐	⿳⿱亠厶冖糸
𬗑	⿰糹衣
𬗒	⿰糹宇
𬗓	⿰糹𱜢
𬗔	⿰糹対
𬗕	⿰糹戒
𬗖	⿰糸豆
𬗗	⿰糹折
𬗘	⿰糹枣
𬗙	⿰糹吳
𬗚	⿰糹甸
𬗛	⿰糹𡉼
𬗜	⿰糹⿻千龷
𬗝	⿰糹甬
𬗞	⿰糹卲
𬗟	⿰糹靣
𬗠	⿰糹表
𬗡	⿰糹昌
𬗢	⿰糹𱺵
𬗣	⿰糹⿱勿勿
𬗤	⿰糹肴
𬗥	⿰糹怛
𬗦	⿰糹宜
𬗧	⿰㣇糸
𬗨	⿰糹⿱匕貝
𬗩	⿰糹斫
𬗪	⿰素令
𬗫	⿰県糸
𬗬	⿰糸皇
𬗭	⿰糹兹
𬗮	⿰糹美
𬗯	⿰糹貢
𬗰	⿰糹殊
𬗱	⿰細末
𬗲	⿰糹修
𬗳	⿰糹敕
𬗴	⿰糹麥
𬗵	⿰糹執
𬗶	⿱冋絲
𬗷	⿰糹⿲丿⿻⺕米丨
𬗸	⿱絇糸
𬗹	⿰糹彩
𬗺	⿰糹笛
𬗻	⿰紅𪾋
𬗼	⿰糹焚
𬗽	⿱細村
𬗾	⿰素受
𬗿	⿰維殳
𬘀	⿰糹⿰氵𱼭
𬘁	⿰糹幾
𬘂	⿰糹預
𬘃	⿲糹亞糹
𬘄	⿲糹？糹
𬘅	⿰細美
𬘆	⿰糹⿻⿳𤮺𠔽⺝丨
𬘇	⿰糹⿱⿱⺈囚免
𬘈	⿰糸箏
𬘉	⿰糹⿸厂⿳？儿土
𬘊	⿰糹罷
𬘋	⿰糹質
𬘌	⿰糹瑩
𬘍	⿲糹軎糹
𬘎	⿰糹蕭
𬘏	⿰糹燒
𬘐	⿰糹霞
𬘑	⿰糹⿱黹田
𬘒	⿰糹闕
𬘓	⿰纟川
𬘔	⿰纟丏
𬘕	⿰纟尤
𬘖	⿰纟见
𬘗	⿰纟勾
𬘘	⿰纟冘
𬘙	⿰纟戉
𬘚	⿰纟末
𬘛	⿰纟去
𬘜	⿰纟旦
𬘝	⿰纟㐱
𬘞	⿰纟鸟
𬘟	⿰纟西
𬘠	⿰纟有
𬘡	⿰纟因
𬘢	⿰纟光
𬘣	⿰纟吊
𬘤	⿰纟吕
𬘥	⿰纟全
𬘦	⿰纟𠂢
𬘧	⿰纟齐
𬘨	⿰纟志
𬘩	⿰纟廷
𬘪	⿰纟佥
𬘫	⿰纟完
𬘬	⿰纟青
𬘭	⿰纟林
𬘮	⿰纟觅
𬘯	⿰纟享
𬘰	⿰纟耎
𬘱	⿰纟要
𬘲	⿰纟奓
𬘳	⿰纟须
𬘴	⿰纟秋
𬘵	⿰纟恒
𬘶	⿰纟酋
𬘷	⿰纟差
𬘸	⿰纟⿱尼木
𬘹	⿰纟载
𬘺	⿰纟舀
𬘻	⿰纟害
𬘼	⿰纟祟
𬘽	⿰纟屖
𬘾	⿰纟爽
𬘿	⿰纟曹
𬙀	⿰纟笛
𬙁	⿰纟阎
𬙂	⿰纟寅
𬙃	⿰纟⿱㚘心
𬙄	⿰纟超
𬙅	⿰纟著
𬙆	⿰纟番
𬙇	⿰纟然
𬙈	⿰纟粦
𬙉	⿰纟亶
𬙊	⿰纟墨
𬙋	⿰纟襄
𬙌	⿰缶比
𬙍	⿰缶井
𬙎	⿰缶卢
𬙏	⿰缶当
𬙐	⿰缶彔
𬙑	⿰缶巷
𬙒	⿰缶畏
𬙓	⿰缶⿸虍牛
𬙔	⿰缶當
𬙕	⿱罒丄
𬙖	⿱罒下
𬙗	⿱㓁于
𬙘	⿱罒于
𬙙	⿱罒方
𬙚	⿱罒世
𬙛	⿱罒冭
𬙜	⿱罒矢
𬙝	⿱罒毕
𬙞	⿰罢七
𬙟	⿱罒医
𬙠	⿰𦊁犬
𬙡	⿱网其
𬙢	⿱罒易
𬙣	⿱罒𫼉
𬙤	⿱罒捕
𬙥	⿱罒射
𬙦	⿱罒⿰沮又
𬙧	⿱罒象
𬙨	⿱罒⿲𠂈幸又
𬙩	⿱⿱罒六⿱罒六
𬙪	⿱罒缳
𬙫	⿱罒⿰纟瞏
𬙬	⿱𦍌廾
𬙭	⿰羊韦
𬙮	⿱羊牛
𬙯	⿰羊㝉
𬙰	⿱𦍌母
𬙱	⿰羊戍
𬙲	⿰羊幵
𬙳	⿱羊吒
𬙴	⿰美屯
𬙵	⿰美丙
𬙶	⿱羊朋
𬙷	⿰背羊
𬙸	⿱⿳亠⿴⿰丨丨𠄠口羊
𬙹	⿱𪣣羊
𬙺	⿰美𪪳
𬙻	⿰羊益
𬙼	⿰美卒
𬙽	⿰⿳羊䒑口令
𬙾	⿰美枼
𬙿	⿰⿳羊䒑口肙
𬚀	⿰群非
𬚁	⿰⿳羊䒑口舀
𬚂	⿰羞賤
𬚃	⿱羽足
𬚄	⿰肃羽
𬚅	⿱羽個
𬚆	⿱羽能
𬚇	⿰扇決
𬚈	⿰羽寅
𬚉	⿱耂九
𬚊	⿺老了
𬚋	⿱耂古
𬚌	⿰其老
𬚍	⿰者者
𬚎	⿱練老
𬚏	⿰而⿳爫幺又
𬚐	⿰耒色
𬚑	⿰耒萬
𬚒	⿰耳亐
𬚓	⿰耳大
𬚔	⿰耳⿱𠆢亐
𬚕	⿰耳孕
𬚖	⿰耳召
𬚗	⿰耳夸
𬚘	⿰耳至
𬚙	⿰耳尖
𬚚	⿰耳我
𬚛	⿰耳⿱䒑夫
𬚜	⿰耳兑
𬚝	⿰耳言
𬚞	⿱可耶
𬚟	⿰耳隹
𬚠	⿰耳𫤘
𬚡	⿰耳英
𬚢	⿱既耳
𬚣	⿱耻仰
𬚤	⿰耳倉
𬚥	⿰耳送
𬚦	⿰耳華
𬚧	⿰耳敦
𬚨	⿰耳爾
𬚩	⿳⿲岩岩岩⿲石石石聞
𬚪	⿱⿱𦘒一乂
𬚫	⿰启聿
𬚬	⿰先𦘔
𬚭	⿰烏聿
𬚮	⿰⿱夕𢁳聿
𬚯	⿰月士
𬚰	⿱冈⺼
𬚱	⿰肉毛
𬚲	⿰肉心
𬚳	⿸𠃜月
𬚴	⿰肉匝
𬚵	⿰⺼⿱𠆢亏
𬚶	⿰肉主
𬚷	⿰月⿱𠘧天
𬚸	⿰舌肉
𬚹	⿰月朶
𬚺	⿰肉次
𬚻	⿰⺼吞
𬚼	⿰月弄
𬚽	⿰冏月
𬚾	⿰月我
𬚿	⿰肉闲
𬛀	⿰肩工
𬛁	⿰⺼那
𬛂	⿰月⿳一巛帀
𬛃	⿰肉者
𬛄	⿰月𣥜
𬛅	⿰月周
𬛆	⿰月昏
𬛇	⿰月庚
𬛈	⿰肉南
𬛉	⿰背公
𬛊	⿰⺼㒸
𬛋	⿰⺼郎
𬛌	⿰肉秦
𬛍	⿰⺼泰
𬛎	⿰肉隺
𬛏	⿰背㐫
𬛐	⿰⺼悉
𬛑	⿰月旣
𬛒	⿰月渚
𬛓	⿰月參
𬛔	⿱𪿟⺼
𬛕	⿰來肩
𬛖	⿰月間
𬛗	⿰月悶
𬛘	⿰月尊
𬛙	⿰脹平
𬛚	⿰月葉
𬛛	⿰背其
𬛜	⿰月賔
𬛝	⿰胎彥
𬛞	⿰月蕫
𬛟	⿰脚骨
𬛠	⿰育餒
𬛡	⿰腸票
𬛢	⿰丑𦣞
𬛣	⿰𦣞丮
𬛤	⿱付臣
𬛥	⿰臣舌
𬛦	⿰卧立
𬛧	⿰𫇆子
𬛨	⿱㲋𦣞
𬛩	⿰卧南
𬛪	⿱⿰𦣞子曾
𬛫	⿰𫇆曾
𬛬	⿱自夰
𬛭	⿰𦣻𦣻
𬛮	⿱自⿲⺀束𰀪
𬛯	⿰臭音
𬛰	⿱自𣗥
𬛱	⿰至人
𬛲	⿰升至
𬛳	⿱至至
𬛴	⿰至泰
𬛵	⿰至𥘿
𬛶	⿱臸來
𬛷	⿱臸㯤
𬛸	⿱臼工
𬛹	⿰臼𠃓
𬛺	⿱⿴𦥑氏口
𬛻	⿳⿴𦥑丶冖成
𬛼	⿱與车
𬛽	⿱𦥯甲
𬛾	⿱媚臼
𬛿	⿱⿴𦥑目𤕰
𬜀	⿳⿻𦥑丨冖⿳穴𠆢夊
𬜁	⿳⿴𦥑召酉㘝
𬜂	⿱⿴𦥑林酒
𬜃	⿱⿱⿴𦥑同冖湏
𬜄	⿱⿱⿴𦥑林冖詋
𬜅	⿰舌占
𬜆	⿰舌乏
𬜇	⿰舌言
𬜈	⿰舌卒
𬜉	⿰舌思
𬜊	⿰舌則
𬜋	⿰舍君
𬜌	⿰舌施
𬜍	⿰舍炭
𬜎	⿰舌貶
𬜏	⿰舌禁
𬜐	⿰舌僉
𬜑	⿰舟力
𬜒	⿰舟已
𬜓	⿰𦨈予
𬜔	⿰舟达
𬜕	⿰船凢
𬜖	⿰舟空
𬜗	⿰舟苫
𬜘	⿰舟真
𬜙	⿰舟⿳止冖止
𬜚	⿰舟涉
𬜛	⿰舟𤿤
𬜜	⿰舟黎
𬜝	⿺色牟
𬜞	⿱色非
𬜟	⿰麗色
𬜠	⿱艹勹
𬜡	⿱艹山
𬜢	⿱艹久
𬜣	⿱艹井
𬜤	⿱艹𰀡
𬜥	⿱艹风
𬜦	⿱艹卉
𬜧	⿱艹发
𬜨	⿱艹岁
𬜩	⿳艹𠆢日
𬜪	⿱艹缶
𬜫	⿱艽心
𬜬	⿱艹问
𬜭	⿱艹宅
𬜮	⿱艹？
𬜯	⿱艹两
𬜰	⿱𦬅文
𬜱	⿱艹⿰矢刂
𬜲	⿱艹角
𬜳	⿱艹𠇤
𬜴	⿱艹快
𬜵	⿱艹吝
𬜶	⿱𫇦夗
𬜷	⿱艹冶
𬜸	⿱艹怀
𬜹	⿱艹妨
𬜺	⿱艹纽
𬜻	⿳艹一⿻从𰀁
𬜼	⿱苪万
𬜽	⿱艹𥐧
𬜾	⿱艹贤
𬜿	⿱艹国
𬝀	⿱艹⿰午午
𬝁	⿱艹鱼
𬝂	⿱𫇦⿱⿻丨口儿
𬝃	⿰劳少
𬝄	⿱艹宝
𬝅	⿱艹𪯲
𬝆	⿱艹羌
𬝇	⿱艹享
𬝈	⿱艹㛁
𬝉	⿱艹叕
𬝊	⿱艹⿰纟瓜
𬝋	⿱节虫
𬝌	⿱艹柏
𬝍	⿱艹珎
𬝎	⿱艹𭽼
𬝏	⿳艹日戊
𬝐	⿱艹点
𬝑	⿳艹𠆢镸
𬝒	⿱艹俐
𬝓	⿳艹𠆢吝
𬝔	⿳艹禾反
𬝕	⿱艹𢍉
𬝖	⿱艹恒
𬝗	⿱艹𢙇
𬝘	⿱艹兹
𬝙	⿱艹冟
𬝚	⿱艹素
𬝛	⿳艹一韭
𬝜	⿱艹𭭇
𬝝	⿱艹聁
𬝞	⿱艹𦕂
𬝟	⿱艹圃
𬝠	⿱艹贼
𬝡	⿰萌乃
𬝢	⿳艹？天
𬝣	⿱艹秧
𬝤	⿱艹朕
𬝥	⿱艹⿹勹㚘
𬝦	⿱艹⿰禾丙
𬝧	⿱艹⿳⿵𠆢一方廾
𬝨	⿱卝⿻𠈌十
𬝩	⿱茨手
𬝪	⿱艹庭
𬝫	⿱𫇦昊
𬝬	⿱𫇦具
𬝭	⿱𬜷廾
𬝮	⿱艹料
𬝯	⿱艹宾
𬝰	⿱艹⿰⿱刃壬阝
𬝱	⿰弗英
𬝲	⿱艹娳
𬝳	⿱艹展
𬝴	⿱艹𮥷
𬝵	⿱艹軟
𬝶	⿳艹巫日
𬝷	⿳艹雨亐
𬝸	⿱艹⿰正朿
𬝹	⿱艹雪
𬝺	⿱艹𣢾
𬝻	⿱艹𥑴
𬝼	⿱艹⿹戈⿱廿巾
𬝽	⿱艹琇
𬝾	⿱艹堂
𬝿	⿱艹䢙
𬞀	⿱艹晨
𬞁	⿰草兄
𬞂	⿳艹⿰𱼀？天
𬞃	⿱艹⿰夕非
𬞄	⿱萑土
𬞅	⿱艹逛
𬞆	⿱艹袍
𬞇	⿱艹淘
𬞈	⿱艹⿸广⿱龷从
𬞉	⿱艹淜
𬞊	⿱艹寕
𬞋	⿱艹渐
𬞌	⿱艹陶
𬞍	⿱艹𫃟
𬞎	⿱艹㝹
𬞏	⿳艹⿱田一⿱田一
𬞐	⿱艹跒
𬞑	⿱艹喃
𬞒	⿱萬口
𬞓	⿰萑尤
𬞔	⿱艹袴
𬞕	⿱艹阑
𬞖	⿱艹評
𬞗	⿱艹善
𬞘	⿱艹𬯎
𬞙	⿱艹𥿻
𬞚	⿱艹碎
𬞛	⿱艹𧧬
𬞜	⿱艹煦
𬞝	⿱艹睦
𬞞	⿱艹䟽
𬞟	⿱艹频
𬞠	⿰茶芍
𬞡	⿱艹幐
𬞢	⿱艹𰙔
𬞣	⿱艹䅟
𬞤	⿺辶萹
𬞥	⿱艹溪
𬞦	⿱艹𪪷
𬞧	⿱艹慈
𬞨	⿱艹㷔
𬞩	⿱艹㙜
𬞪	⿳艹首元
𬞫	⿱艹滥
𬞬	⿱艹嫆
𬞭	⿱艹熙
𬞮	⿰蓮⿱⿰㇒㇖丨
𬞯	⿳艹⿲止日匕攵
𬞰	⿰𫇰娄
𬞱	⿳艹罒⿹戈目
𬞲	⿱艹𧇊
𬞳	⿱卝⿰月𭜮
𬞴	⿱艹魁
𬞵	⿱艹銀
𬞶	⿱艹僡
𬞷	⿱艹誑
𬞸	⿱艹寛
𬞹	⿱艹⿳亠⿴⿰丨丨𠄠𭁨
𬞺	⿰娄𫇰
𬞻	⿱艹綿
𬞼	⿱艹維
𬞽	⿱艹嫚
𬞾	⿱艹⿰阝𡘷
𬞿	⿰𠀬莫
𬟀	⿱昔朕
𬟁	⿱艹鹝
𬟂	⿱艹髮
𬟃	⿱艹𫎇
𬟄	⿱艹𩒛
𬟅	⿱艹踷
𬟆	⿱艹億
𬟇	⿱艹⿰耒昷
𬟈	⿱艹𬥉
𬟉	⿱艹潓
𬟊	⿱艹㦄
𬟋	⿱艹緖
𬟌	⿱艹𱀵
𬟍	⿱艹𦂕
𬟎	⿱艹⿰弄昜
𬟏	⿱艹⿷⿹？？？
𬟐	⿱艹𨂠
𬟑	⿱艹䳆
𬟒	⿱艹頺
𬟓	⿱艹勲
𬟔	⿱艹憶
𬟕	⿱艹縝
𬟖	⿰尞苔
𬟗	⿰𫇰𪧘
𬟘	⿱艹穗
𬟙	⿱艹謄
𬟚	⿳艹⿲氵𠯂攵灬
𬟛	⿰𪧘𫇰
𬟜	⿰烈著
𬟝	⿱艹曛
𬟞	⿱艹馤
𬟟	⿱艹⿰柔骨
𬟠	⿰華曹
𬟡	⿳艹⿲止百己⿱八夊
𬟢	⿵菛唯
𬟣	⿱艹瀨
𬟤	⿱艹𰟳
𬟥	⿰束薬
𬟦	⿱艹鬘
𬟧	⿸虍大
𬟨	⿸虍夫
𬟩	⿸虍火
𬟪	⿰虎见
𬟫	⿸虍貝
𬟬	⿰冎虎
𬟭	⿺虎田
𬟮	⿸虍𡭴
𬟯	⿸虍乘
𬟰	⿰⿱幺本虎
𬟱	⿸虍黑
𬟲	⿰⿱幺幸虎
𬟳	⿰盧串
𬟴	⿰虫山
𬟵	⿰虫凢
𬟶	⿰虫圡
𬟷	⿰虫井
𬟸	⿰虫反
𬟹	⿰虫化
𬟺	⿱从虫
𬟻	⿰虫六
𬟼	⿰虫末
𬟽	⿰虫东
𬟾	⿰虫𫠣
𬟿	⿰虫正
𬠀	⿰虫白
𬠁	⿰虫头
𬠂	⿰虫西
𬠃	⿰虫毕
𬠄	⿰虫𡆫
𬠅	⿰虫当
𬠆	⿰⿱㐅弔虫
𬠇	⿰虫兴
𬠈	⿰虫贡
𬠉	⿱吻虫
𬠊	⿰虫似
𬠋	⿰虫沙
𬠌	⿰虫那
𬠍	⿰虫忍
𬠎	⿰虫卦
𬠏	⿰虫拉
𬠐	⿰虫岡
𬠑	⿰虫𫩧
𬠒	⿰虫帛
𬠓	⿰虫季
𬠔	⿰虫𫂱
𬠕	⿰虫乖
𬠖	⿰虫念
𬠗	⿰虫咅
𬠘	⿱泳虫
𬠙	⿰虫⿱䒑付
𬠚	⿰虫波
𬠛	⿰𥘈𧈡
𬠜	⿰虫查
𬠝	⿰虫⿱䒑⿰⿵冂⺀刂
𬠞	⿰虫飛
𬠟	⿰虫䓁
𬠠	⿱贼虫
𬠡	⿰虫修
𬠢	⿰虫祖
𬠣	⿰虫容
𬠤	⿱水䖵
𬠥	⿰虫𢚸
𬠦	⿰虫虖
𬠧	⿰虫竟
𬠨	⿰虫𥁞
𬠩	⿰虫都
𬠪	⿰虫⿱取壬
𬠫	⿰虫萌
𬠬	⿰虫𦲸
𬠭	⿰虫紫
𬠮	⿰虫傘
𬠯	⿰虫罪
𬠰	⿱𦥯虫
𬠱	⿰每蛮
𬠲	⿰虫碧
𬠳	⿰虫夢
𬠴	⿰虫舞
𬠵	⿰虫蜜
𬠶	⿰蛇毒
𬠷	⿱单䖵
𬠸	⿱𮙥䖵
𬠹	⿱㪉䖵
𬠺	⿰蟮宅
𬠻	⿰虫羅
𬠼	⿱列血
𬠽	⿲彳丶亍
𬠾	⿲彳戈亍
𬠿	⿲彳止亍
𬡀	⿲彳𭇥亍
𬡁	⿲彳嘼亍
𬡂	⿰衤入
𬡃	⿰衤土
𬡄	⿱六⿱𠂈？
𬡅	⿰衤阝
𬡆	⿰衤己
𬡇	⿳亠马𧘇
𬡈	⿰衤丰
𬡉	⿰衤厄
𬡊	⿰衤巴
𬡋	⿰衤匝
𬡌	⿱令衣
𬡍	⿰衤鸟
𬡎	⿰衤刍
𬡏	⿳亠立𧘇
𬡐	⿰弗衣
𬡑	⿳亠有𧘇
𬡒	⿰衤夹
𬡓	⿱执衣
𬡔	⿰衤师
𬡕	⿰衤杀
𬡖	⿰衤朵
𬡗	⿳亠米𧘇
𬡘	⿰衤羊
𬡙	⿰衤芊
𬡚	⿳亠芊𧘇
𬡛	⿱余衣
𬡜	⿰衤弟
𬡝	⿳亠君𧘇
𬡞	⿱艹𬡊
𬡟	⿰衤𬜥
𬡠	⿰衤罗
𬡡	⿳亠隹𧘇
𬡢	⿰衤𪥌
𬡣	⿰衤咅
𬡤	⿱炏衣
𬡥	⿰衤貞
𬡦	⿰衤笃
𬡧	⿰衤倉
𬡨	⿰衤朗
𬡩	⿱被本
𬡪	⿰衤𠦪
𬡫	⿳亠𫪡𧘇
𬡬	⿰衤動
𬡭	⿱亠𧛱
𬡮	⿰衤爲
𬡯	⿰衤蛮
𬡰	⿰衤照
𬡱	⿰衤简
𬡲	⿱𬄀衣
𬡳	⿰衤翠
𬡴	⿰衤綿
𬡵	⿰衤蓺
𬡶	⿰衤墨
𬡷	⿰衤赞
𬡸	⿺尤覀
𬡹	⿱西伯
𬡺	⿰要去
𬡻	⿰粟产
𬡼	⿰氏見
𬡽	⿺見世
𬡾	⿰尙見
𬡿	⿰⿱冃尹見
𬢀	⿱欣見
𬢁	⿺見⿰谷女
𬢂	⿰⿱日君見
𬢃	⿰⿱夫㚘見
𬢄	⿺見異
𬢅	⿰肇見
𬢆	⿱⿰虎⿿虎見
𬢇	⿱又见
𬢈	⿰东见
𬢉	⿰𪩲见
𬢊	⿰司见
𬢋	⿰兆见
𬢌	⿰志见
𬢍	⿰朿见
𬢎	⿰者见
𬢏	⿰甚见
𬢐	⿰契见
𬢑	⿰英见
𬢒	⿰冥见
𬢓	⿱敝见
𬢔	⿰登见
𬢕	⿰角戋
𬢖	⿰角兆
𬢗	⿰谷角
𬢘	⿰角⿱从龰
𬢙	⿱吂⿲月角凡
𬢚	⿸𠂇言
𬢛	⿰訁勹
𬢜	⿰訁弋
𬢝	⿳一八言
𬢞	⿰訁⿱⿰㇒㇖丨
𬢟	⿰訁攴
𬢠	⿰訁丮
𬢡	⿰訁示
𬢢	⿰訁弁
𬢣	⿰訁㦮
𬢤	⿱次言
𬢥	⿰訁𢦑
𬢦	⿰訁考
𬢧	⿱吅言
𬢨	⿰訁安
𬢩	⿰訁凼
𬢪	⿰訁寿
𬢫	⿰訁𬂝
𬢬	⿰訁厎
𬢭	⿰訁身
𬢮	⿰訁歨
𬢯	⿱𲂻言
𬢰	⿰訁房
𬢱	⿰訁𱻊
𬢲	⿰訁函
𬢳	⿰訁参
𬢴	⿰訁姿
𬢵	⿰訁貞
𬢶	⿰訁盆
𬢷	⿰訁便
𬢸	⿰訁⿱釆又
𬢹	⿰訁⿱厶辛
𬢺	⿰𠦝⿱𠂉言
𬢻	⿰訁⿳匕⿴目一八
𬢼	⿰訁⿳艹一早
𬢽	⿰訁䎡
𬢾	⿰訁⿸辰寸
𬢿	⿰訁荅
𬣀	⿱⿲彳韦亍言
𬣁	⿰訁害
𬣂	⿰訁𬙮
𬣃	⿱旂言
𬣄	⿰訁書
𬣅	⿰訁盛
𬣆	⿰訁逨
𬣇	⿰訁菊
𬣈	⿰訁⿰亻⿱卄⿸厂用
𬣉	⿰訁肅
𬣊	⿰訁萲
𬣋	⿰訁傳
𬣌	⿰謀卯
𬣍	⿰訁團
𬣎	⿰論全
𬣏	⿱⿴𦥑角言
𬣐	⿰訁⿱茲心
𬣑	⿰訁翟
𬣒	⿰訁暮
𬣓	⿰訁⿱進大
𬣔	⿰訁衛
𬣕	⿰訁橫
𬣖	⿰訁𨵩
𬣗	⿰訁彎
𬣘	⿰訁欒
𬣙	⿰讠于
𬣚	⿰讠口
𬣛	⿰讠支
𬣜	⿰讠毛
𬣝	⿰讠匀
𬣞	⿰讠㝉
𬣟	⿰讠斗
𬣠	⿰讠甘
𬣡	⿰讠戋
𬣢	⿰讠他
𬣣	⿰讠主
𬣤	⿰讠玄
𬣥	⿰讠𠬢
𬣦	⿰讠幼
𬣧	⿰讠弗
𬣨	⿰讠厊
𬣩	⿰讠有
𬣪	⿰讠岁
𬣫	⿰讠团
𬣬	⿰讠回
𬣭	⿰讠当
𬣮	⿰讠名
𬣯	⿰讠任
𬣰	⿰讠自
𬣱	⿰讠州
𬣲	⿰讠并
𬣳	⿰讠艮
𬣴	⿰讠迈
𬣵	⿰讠达
𬣶	⿰讠厏
𬣷	⿰讠束
𬣸	⿰讠旱
𬣹	⿰讠足
𬣺	⿰讠夅
𬣻	⿰讠廷
𬣼	⿰讠良
𬣽	⿰讠连
𬣾	⿰讠昔
𬣿	⿰讠劳
𬤀	⿰讠虎
𬤁	⿰讠匋
𬤂	⿰讠罙
𬤃	⿰讠卷
𬤄	⿰讠参
𬤅	⿰讠亟
𬤆	⿰讠贯
𬤇	⿰讠垔
𬤈	⿰讠带
𬤉	⿰讠贵
𬤊	⿰讠是
𬤋	⿰讠怱
𬤌	⿰讠臿
𬤍	⿰讠皇
𬤎	⿰讠宣
𬤏	⿰讠度
𬤐	⿰讠哥
𬤑	⿰讠鬲
𬤒	⿰讠盍
𬤓	⿰讠耆
𬤔	⿰讠盎
𬤕	⿰讠𦐇
𬤖	⿰讠⿺辶军
𬤗	⿰讠栾
𬤘	⿰讠桼
𬤙	⿰讠虖
𬤚	⿰讠婴
𬤛	⿰讠阎
𬤜	⿰讠屠
𬤝	⿰讠惠
𬤞	⿰讠壹
𬤟	⿰讠尞
𬤠	⿰讠嵒
𬤡	⿰讠奥
𬤢	⿰讠尊
𬤣	⿰讠敦
𬤤	⿰讠曾
𬤥	⿰讠巽
𬤦	⿰讠遗
𬤧	⿰讠𥈀
𬤨	⿰讠喿
𬤩	⿰讠疑
𬤪	⿰讠遝
𬤫	⿰讠豪
𬤬	⿰讠㡭
𬤭	⿰讠慧
𬤮	⿰讠赞
𬤯	⿰讠蹇
𬤰	⿰讠雚
𬤱	⿰讠魋
𬤲	⿰谷令
𬤳	⿰谷侖
𬤴	⿰谷頁
𬤵	⿰⿱⿱士冖禾谷
𬤶	⿺尺豆
𬤷	⿰豆毕
𬤸	⿰豆⿱爫帚
𬤹	⿰豈恣
𬤺	⿰豐包
𬤻	⿰豕乃
𬤼	⿱凶豕
𬤽	⿰豕丑
𬤾	⿰𡉣豕
𬤿	⿰豕吾
𬥀	⿰豕君
𬥁	⿱取豕
𬥂	⿰豕或
𬥃	⿱邵豕
𬥄	⿰豕聂
𬥅	⿱䀠豕
𬥆	⿰象奉
𬥇	⿰省𦊽
𬥈	⿰豸页
𬥉	⿰豸𫤘
𬥊	⿰豸𬜯
𬥋	⿰貍攵
𬥌	⿰豸象
𬥍	⿰豸毆
𬥎	⿱又貝
𬥏	⿰貝分
𬥐	⿱父貝
𬥑	⿱凶貝
𬥒	⿸尹貝
𬥓	⿰貝半
𬥔	⿰⿱斤貝七
𬥕	⿰貝𫤫
𬥖	⿰貝𫭠
𬥗	⿰貝坐
𬥘	⿰貝告
𬥙	⿱⿱冖八員
𬥚	⿱刜貝
𬥛	⿰貝奇
𬥜	⿰貝⿱央彡
𬥝	⿱帛貝
𬥞	⿰貝参
𬥟	⿱貝⿱？八
𬥠	⿰貳及
𬥡	⿱⿰歺斤貝
𬥢	⿰貝爰
𬥣	⿰貧危
𬥤	⿰貝𫳇
𬥥	⿰貝冢
𬥦	⿸𠩺貝
𬥧	⿰貝敏
𬥨	⿰貝殽
𬥩	⿰員隺
𬥪	⿰皷貝
𬥫	⿱對貝
𬥬	⿰貧𮥷
𬥭	⿱𧴧戠
𬥮	⿰𦰩貧
𬥯	⿰貧從
𬥰	⿰⿱氏貝⿱氏貝
𬥱	⿱⿰萑攵貝
𬥲	⿰貝囊
𬥳	⿰贝仓
𬥴	⿰贝甘
𬥵	⿰贝㐌
𬥶	⿰贝皮
𬥷	⿰贝争
𬥸	⿰贝串
𬥹	⿰贝舍
𬥺	⿰贝匽
𬥻	⿰贝耎
𬥼	⿰贝耑
𬥽	⿰贝侯
𬥾	⿰贝监
𬥿	⿰贝𠪨
𬦀	⿰贝囊
𬦁	⿰赤分
𬦂	⿰赤艮
𬦃	⿺𪜕赤
𬦄	⿰赤覩
𬦅	⿺走𠃓
𬦆	⿺走专
𬦇	⿱不走
𬦈	⿺走月
𬦉	⿺走古
𬦊	⿺走歺
𬦋	⿺走氷
𬦌	⿺走成
𬦍	⿺走𫡓
𬦎	⿺走𦣞
𬦏	⿺走𫡆
𬦐	⿺走𠯑
𬦑	⿺走矣
𬦒	⿺走朋
𬦓	⿺走宗
𬦔	⿺走𦍒
𬦕	⿺走胐
𬦖	⿺走軍
𬦗	⿺起耒
𬦘	⿺走巸
𬦙	⿺走𠦪
𬦚	⿺走𬙜
𬦛	⿺走⿰貝乇
𬦜	⿺走益
𬦝	⿺走𣇛
𬦞	⿺走將
𬦟	⿺走喪
𬦠	⿰𧾷乃
𬦡	⿰𧾷个
𬦢	⿰𧾷门
𬦣	⿰𧾷历
𬦤	⿰𧾷牙
𬦥	⿰𧾷贝
𬦦	⿰𧾷爪
𬦧	⿰𧾷仑
𬦨	⿰𧾷叩
𬦩	⿰𧾷刍
𬦪	⿰𧾷召
𬦫	⿰𧾷𠬤
𬦬	⿰𧾷圪
𬦭	⿱覀足
𬦮	⿰𧾷耳
𬦯	⿰𧾷夹
𬦰	⿰𧾷百
𬦱	⿰𧾷𠂢
𬦲	⿰𧾷車
𬦳	⿰𧾷豸
𬦴	⿰𧾷⿱冯几
𬦵	⿰𧾷张
𬦶	⿰𧾷到
𬦷	⿰𧾷⿱艹⿰亻𠤎
𬦸	⿰𧾷昆
𬦹	⿰𧾷条
𬦺	⿰𧾷⿸广⿱一巴
𬦻	⿰𧾷贯
𬦼	⿺𪜕足
𬦽	⿰𧾷要
𬦾	⿰𧾷览
𬦿	⿰𧾷信
𬧀	⿰𧾷将
𬧁	⿱派足
𬧂	⿰𧾷宣
𬧃	⿰𧾷𱅑
𬧄	⿰𧾷貢
𬧅	⿰𧾷尃
𬧆	⿰𧾷眠
𬧇	⿰𧾷浽
𬧈	⿱足竝
𬧉	⿰𧾷桑
𬧊	⿰𧾷勒
𬧋	⿰𧾷斬
𬧌	⿰𧾷彪
𬧍	⿰𧾷笛
𬧎	⿰𧾷竟
𬧏	⿰𧾷盖
𬧐	⿰𧾷細
𬧑	⿰𧾷辇
𬧒	⿰𧾷⿱品亏
𬧓	⿰𧾷舜
𬧔	⿰𧾷鲁
𬧕	⿰𧾷解
𬧖	⿰𧾷道
𬧗	⿰𧾷綏
𬧘	⿰𧾷榮
𬧙	⿰𧾷魯
𬧚	⿰𧾷颠
𬧛	⿰𧾷𬞕
𬧜	⿰𧾷⿺忒馬
𬧝	⿰𧾷罌
𬧞	⿰𧾷霸
𬧟	⿰𧾷囊
𬧠	⿰身乚
𬧡	⿰身六
𬧢	⿰身龙
𬧣	⿰身曲
𬧤	⿰身劳
𬧥	⿰身岩
𬧦	⿰身典
𬧧	⿰身⿱艹⿰亻𠤎
𬧨	⿰身昆
𬧩	⿰身国
𬧪	⿰身𣏉
𬧫	⿰身⿱刍心
𬧬	⿰身益
𬧭	⿰身衰
𬧮	⿰身納
𬧯	⿰身票
𬧰	⿰身菊
𬧱	⿰車比
𬧲	⿱可車
𬧳	⿰車电
𬧴	⿰車氹
𬧵	⿰車𫾦
𬧶	⿰車𢼂
𬧷	⿰車孟
𬧸	⿰車奐
𬧹	⿰車差
𬧺	⿰車芻
𬧻	⿰婁車
𬧼	⿰車⿱𠂤它
𬧽	⿰車商
𬧾	⿰雷車
𬧿	⿰車⿱商牛
𬨀	⿱⿰車丮⿰彳奔
𬨁	⿰车毛
𬨂	⿰车氏
𬨃	⿰车𠬝
𬨄	⿰车央
𬨅	⿰车㞋
𬨆	⿱巩车
𬨇	⿰车亥
𬨈	⿰车免
𬨉	⿰车甸
𬨊	⿺尾车
𬨋	⿱壯车
𬨌	⿰车卑
𬨍	⿰车曷
𬨎	⿰车酋
𬨏	⿰车胥
𬨐	⿰车鬼
𬨑	⿰车桑
𬨒	⿰车黄
𬨓	⿰车巢
𬨔	⿰车辟
𬨕	⿰车疐
𬨖	⿰辛乙
𬨗	⿰未辛
𬨘	⿰辛必
𬨙	⿰辛弗
𬨚	⿰⿱厶司辛
𬨛	⿰辛賴
𬨜	⿺辶二
𬨝	⿺辶夫
𬨞	⿺辶攴
𬨟	⿺辶分
𬨠	⿺辶升
𬨡	⿺辶册
𬨢	⿺辶立
𬨣	⿺辶永
𬨤	⿺辶亘
𬨥	⿺辶杀
𬨦	⿺辶吞
𬨧	⿺辶𫠩
𬨨	⿺辶呙
𬨩	⿺辶禿
𬨪	⿺辶⿱爫巾
𬨫	⿺辶𬋻
𬨬	⿺辶⿰力尼
𬨭	⿺辶⿷匚羊
𬨮	⿺辶東
𬨯	⿺辶狛
𬨰	⿺辶曶
𬨱	⿺辶阻
𬨲	⿺辶亟
𬨳	⿺辶⿰术幻
𬨴	⿺辶苔
𬨵	⿺辶⿰斤乏
𬨶	⿺辶⿱爫正
𬨷	⿺辶食
𬨸	⿺辶盈
𬨹	⿺辶⿰台牛
𬨺	⿺辶⿰車上
𬨻	⿺辶⿰束⿱⿰㇒㇖丨
𬨼	⿺辶𫦂
𬨽	⿺辶⿰亻？
𬨾	⿺辶乘
𬨿	⿺辶⿰米云
𬩀	⿺辶⿰不呂
𬩁	⿺辶⿰支别
𬩂	⿺辶𠦪
𬩃	⿺辶彪
𬩄	⿱乃遂
𬩅	⿺辶渚
𬩆	⿺辶淄
𬩇	⿺辶⿰力美
𬩈	⿺辶𫱀
𬩉	⿺辶⿰束弗
𬩊	⿺辶⿰林攵
𬩋	⿺辶⿰朮言
𬩌	⿺辶⿰光𡆫
𬩍	⿺辶⿱多米
𬩎	⿺辶祸
𬩏	⿱氷速
𬩐	⿺辶⿰甬出
𬩑	⿺辶靴
𬩒	⿺辶剸
𬩓	⿰𱤽速
𬩔	⿺辶⿰禺及
𬩕	⿺辶⿰咼午
𬩖	⿺辶當
𬩗	⿺辶⿰耑尤
𬩘	⿺辶傳
𬩙	⿺辶⿱告羊
𬩚	⿺辶䢅
𬩛	⿰対逐
𬩜	⿺辶疑
𬩝	⿺辶夢
𬩞	⿺辶𦷊
𬩟	⿺辶⿰咼外
𬩠	⿺辶⿰𠳋欠
𬩡	⿺辶𦞼
𬩢	⿺辶⿰扁立
𬩣	⿺辶齊
𬩤	⿺辶厲
𬩥	⿺辶⿰豕來
𬩦	⿺辶⿱艹庻
𬩧	⿺辶⿰咼耒
𬩨	⿺辶嘼
𬩩	⿺辶⿰及曼
𬩪	⿺辶寮
𬩫	⿺辶⿰𡶫貝
𬩬	⿺辶𮫴
𬩭	⿺辶⿰告差
𬩮	⿺辶壁
𬩯	⿺辶鵣
𬩰	⿺辶⿰車戜
𬩱	⿺辶⿰𠂤堯
𬩲	⿺辶⿰斤察
𬩳	⿰力阝
𬩴	⿰邑又
𬩵	⿰中阝
𬩶	⿰牜阝
𬩷	⿰占阝
𬩸	⿰申阝
𬩹	⿰仨阝
𬩺	⿰共邑
𬩻	⿰杀阝
𬩼	⿰𫥞阝
𬩽	⿰寻阝
𬩾	⿰来阝
𬩿	⿰𫭠阝
𬪀	⿰妟阝
𬪁	⿰卵邑
𬪂	⿰我阝
𬪃	⿰寽阝
𬪄	⿰那⿱⿰㇒㇖丨
𬪅	⿰奉阝
𬪆	⿰長阝
𬪇	⿰或阝
𬪈	⿰昆阝
𬪉	⿰易阝
𬪊	⿰𠰞阝
𬪋	⿰茆阝
𬪌	⿰昜阝
𬪍	⿰贸阝
𬪎	⿰𣐩阝
𬪏	⿰⿱⿵𠆢一米阝
𬪐	⿰⿱丷𣅆阝
𬪑	⿰⿱芯廾阝
𬪒	⿰𪡒阝
𬪓	⿰酓阝
𬪔	⿰梁阝
𬪕	⿰⿱龷⿱日⺝阝
𬪖	⿰萈阝
𬪗	⿰睘阝
𬪘	⿰雍阝
𬪙	⿰稟阝
𬪚	⿰䧹阝
𬪛	⿰⿱尾尘阝
𬪜	⿰齊阝
𬪝	⿰蔡阝
𬪞	⿰⿱𦤏火阝
𬪟	⿰臱阝
𬪠	⿰噩阝
𬪡	⿰𱢬阝
𬪢	⿰⿳爻食廾阝
𬪣	⿰𫊣阝
𬪤	⿰繁阝
𬪥	⿰⿳罒無日阝
𬪦	⿰酉井
𬪧	⿰酉区
𬪨	⿰酉戋
𬪩	⿰酉农
𬪪	⿰酉酉
𬪫	⿰酉间
𬪬	⿰酉辛
𬪭	⿰酉垔
𬪮	⿰酉研
𬪯	⿰酉览
𬪰	⿱㲋酉
𬪱	⿰酉屋
𬪲	⿰酉⿱充皿
𬪳	⿰酉𫹔
𬪴	⿰酉⿱舌火
𬪵	⿱浩酉
𬪶	⿰酉⿱⿰亡𱼀壬
𬪷	⿰酉⿱五泉
𬪸	⿰酉照
𬪹	⿳𭯍？酉
𬪺	⿰釆广
𬪻	⿰釆去
𬪼	⿰重夕
𬪽	⿰重⿱⿰㇒㇖丨
𬪾	⿰重厄
𬪿	⿰亞厘
𬫀	⿰野圭
𬫁	⿱赦厘
𬫂	⿰釒历
𬫃	⿰釒王
𬫄	⿰釒片
𬫅	⿱⿰亻卩金
𬫆	⿰釒⿱一友
𬫇	⿰釒弍
𬫈	⿱叩金
𬫉	⿰釒用
𬫊	⿰釒仟
𬫋	⿰釒⿱㇒反
𬫌	⿰釒氐
𬫍	⿰釒戎
𬫎	⿱⿰土刃金
𬫏	⿰釒旨
𬫐	⿰釒尗
𬫑	⿰釒行
𬫒	⿰釒⿻丷夫
𬫓	⿰釒好
𬫔	⿱圽金
𬫕	⿰釒杉
𬫖	⿰釒⿱二且
𬫗	⿰釒芆
𬫘	⿰釒⿱山欠
𬫙	⿰釒甹
𬫚	⿰釒呙
𬫛	⿰釒作
𬫜	⿱⿰亻叩金
𬫝	⿰釒庒
𬫞	⿰釒灷
𬫟	⿰釒灵
𬫠	⿰釒呇
𬫡	⿰釒亟
𬫢	⿰釒盂
𬫣	⿰釒𫻩
𬫤	⿰釒𱺵
𬫥	⿰釒季
𬫦	⿰釒命
𬫧	⿱⿰示⿹勹丿金
𬫨	⿱炎金
𬫩	⿰釒底
𬫪	⿰釒⿱玄巾
𬫫	⿰釒㐭
𬫬	⿰釒⿱孓皿
𬫭	⿰釒厘
𬫮	⿰釒⿱廿⿻月丨
𬫯	⿰釒茂
𬫰	⿰釒苻
𬫱	⿰釒瓮
𬫲	⿰釒斿
𬫳	⿰釒泰
𬫴	⿰釒⿳大日小
𬫵	⿰釒素
𬫶	⿰釒倝
𬫷	⿰釒唇
𬫸	⿰釒𬙜
𬫹	⿰釒𭯍
𬫺	⿰釒候
𬫻	⿰釒釜
𬫼	⿳亠厶⿲月金几
𬫽	⿰釒旅
𬫾	⿰釒𭆞
𬫿	⿰釒戛
𬬀	⿰釒崗
𬬁	⿰釒犁
𬬂	⿰釒笠
𬬃	⿰錦⿱⿰㇒㇖丨
𬬄	⿰釒寄
𬬅	⿰釒壹
𬬆	⿱軽金
𬬇	⿱⿱车⿰车车金
𬬈	⿰釒⿱芴木
𬬉	⿰釒𠷰
𬬊	⿰釒然
𬬋	⿰釒嗇
𬬌	⿰錢本
𬬍	⿰釒楊
𬬎	⿰釒園
𬬏	⿰釒睗
𬬐	⿰鍾方
𬬑	⿰釒雍
𬬒	⿰釒⿱取𧰨
𬬓	⿰釒碧
𬬔	⿰釒疑
𬬕	⿰釒⿱罒⿱𠀎𧘇
𬬖	⿰釒魁
𬬗	⿰釒盡
𬬘	⿳⿱亠厶罒⿲⺼金⿻⿻㇈丿丶
𬬙	⿰釒蔣
𬬚	⿰釒膚
𬬛	⿰釒盤
𬬜	⿱⿰歯殳金
𬬝	⿰釒⿳爫𥄲乂
𬬞	⿰釒𫂐
𬬟	⿰釒⿱㐭泉
𬬠	⿰釒彌
𬬡	⿰釒薰
𬬢	⿰釒⿱⿰㠯⿱？又⿰㠯帀
𬬣	⿰釒⿱被風
𬬤	⿰釒囂
𬬥	⿰釒囊
𬬦	⿰釒戀
𬬧	⿰钅干
𬬨	⿰钅亏
𬬩	⿰钅弋
𬬪	⿰钅口
𬬫	⿰钅比
𬬬	⿰钅韦
𬬭	⿰钅仑
𬬮	⿰钅长
𬬯	⿰钅壬
𬬰	⿰钅仓
𬬱	⿰钅斤
𬬲	⿰钅爪
𬬳	⿰钅𠂔
𬬴	⿰钅夭
𬬵	⿰钅冘
𬬶	⿰钅为
𬬷	⿰钅石
𬬸	⿰钅术
𬬹	⿰钅申
𬬺	⿰钅且
𬬻	⿰钅卢
𬬼	⿰钅业
𬬽	⿰钅乍
𬬾	⿰钅宁
𬬿	⿰钅召
𬭀	⿰钅台
𬭁	⿰钅母
𬭂	⿰钅弘
𬭃	⿰钅㔻
𬭄	⿰钅西
𬭅	⿰钅后
𬭆	⿰钅朵
𬭇	⿰钅会
𬭈	⿰钅宅
𬭉	⿰钅齐
𬭊	⿰钅杜
𬭋	⿰钅戒
𬭌	⿰钅吴
𬭍	⿰钅旱
𬭎	⿰钅宏
𬭏	⿰钅阳
𬭐	⿰钅矣
𬭑	⿰钅事
𬭒	⿰钅⿱艹冗
𬭓	⿰钅典
𬭔	⿰钅齿
𬭕	⿰钅周
𬭖	⿰钅朋
𬭗	⿰钅委
𬭘	⿰钅舍
𬭙	⿰钅单
𬭚	⿰钅享
𬭛	⿰钅波
𬭜	⿰钅戾
𬭝	⿰钅参
𬭞	⿰钅耷
𬭟	⿰钅奏
𬭠	⿰钅查
𬭡	⿰钅苕
𬭢	⿰钅贵
𬭣	⿰钅泉
𬭤	⿰钅侯
𬭥	⿰钅怱
𬭦	⿰钅⿸辰寸
𬭧	⿰钅眗
𬭨	⿰钅追
𬭩	⿰钅翁
𬭪	⿰钅害
𬭫	⿰钅展
𬭬	⿰钅彗
𬭭	⿰钅戚
𬭮	⿰钅𬜯
𬭯	⿰钅敝
𬭰	⿰钅寅
𬭱	⿰钅⿱𬉸心
𬭲	⿰钅巢
𬭳	⿰钅喜
𬭴	⿰钅絜
𬭵	⿰钅彭
𬭶	⿰钅黑
𬭷	⿰钅牚
𬭸	⿰钅粦
𬭹	⿰钅𰭢
𬭺	⿰钅剽
𬭻	⿰钅敫
𬭼	⿰钅遂
𬭽	⿰钅辟
𬭾	⿰钅算
𬭿	⿰钅⿱𮂱旨
𬮀	⿰钅興
𬮁	⿰钅薄
𬮂	⿰钅⿱⿱⿴𦥑同冖贝
𬮃	⿰钅纂
𬮄	⿰镸乔
𬮅	⿵門力
𬮆	⿵門也
𬮇	⿵門犬
𬮈	⿵門𱼀
𬮉	⿵門出
𬮊	⿵門夾
𬮋	⿵門⿰犭攵
𬮌	⿰㪯門
𬮍	⿵門洪
𬮎	⿰美門
𬮏	⿵門射
𬮐	⿵門旅
𬮑	⿵門書
𬮒	⿵門密
𬮓	⿵門棘
𬮔	⿱柬𬮈
𬮕	⿵門煙
𬮖	⿵門漣
𬮗	⿵門膚
𬮘	⿰门人
𬮙	⿵门万
𬮚	⿵门工
𬮛	⿵门上
𬮜	⿵门天
𬮝	⿵门犬
𬮞	⿵门今
𬮟	⿵门火
𬮠	⿵门可
𬮡	⿵门外
𬮢	⿵门共
𬮣	⿵门匡
𬮤	⿵门合
𬮥	⿵门众
𬮦	⿵门关
𬮧	⿵门汒
𬮨	⿵门赤
𬮩	⿵门系
𬮪	⿵门沙
𬮫	⿰𫔭午
𬮬	⿵门青
𬮭	⿵门规
𬮮	⿵门奇
𬮯	⿵门卦
𬮰	⿵门阿
𬮱	⿵门垔
𬮲	⿵门要
𬮳	⿵门品
𬮴	⿵门音
𬮵	⿵门限
𬮶	⿰𫔭希
𬮷	⿵门𱑏
𬮸	⿵门童
𬮹	⿵门登
𬮺	⿰阝马
𬮻	⿰阝乌
𬮼	⿰阝欠
𬮽	⿰阝⿻𠃔丶
𬮾	⿰阝丘
𬮿	⿰阝岂
𬯀	⿰阝齐
𬯁	⿰阝辛
𬯂	⿰阝言
𬯃	⿰阝㳄
𬯄	⿱⿰阝左土
𬯅	⿰阝⿷匚夹
𬯆	⿰阝易
𬯇	⿰阝𭎊
𬯈	⿰阜匋
𬯉	⿰阝金
𬯊	⿰阝参
𬯋	⿰阝甚
𬯌	⿰阝春
𬯍	⿰阝⿳𡭔𫜹小
𬯎	⿰阝贵
𬯏	⿰阝泉
𬯐	⿰阝荑
𬯑	⿰阝倍
𬯒	⿰阝䍃
𬯓	⿰阝𫩁
𬯔	⿰阝⿱東土
𬯕	⿰阝畢
𬯖	⿰阝酓
𬯗	⿰阝悤
𬯘	⿰阝參
𬯙	⿰阝𤔔
𬯚	⿰阝奠
𬯛	⿰阝⿸户⿰丏犬
𬯜	⿱阿芮
𬯝	⿰阝𢛲
𬯞	⿰阝⿳夕甾又
𬯟	⿲阝⿱聿口攵
𬯠	⿰阝察
𬯡	⿰阝蔡
𬯢	⿰阝⿱酉𰫝
𬯣	⿰阿曾
𬯤	⿰阝⿳𥫗兒山
𬯥	⿰阝⿱萬田
𬯦	⿰阝𬙩
𬯧	⿰阝彝
𬯨	⿰阝䜌
𬯩	⿱阿賴
𬯪	⿱隹止
𬯫	⿳隹冖土
𬯬	⿰光隹
𬯭	⿱隹𰅱
𬯮	⿰𪩡隹
𬯯	⿰者隹
𬯰	⿰隻礼
𬯱	⿰隺告
𬯲	⿰芻隺
𬯳	⿰隺眞
𬯴	⿲隹心隹
𬯵	⿱賏隹
𬯶	⿱⿴𦥑辛隹
𬯷	⿰差雐
𬯸	⿱雨丸
𬯹	⿱雨殳
𬯺	⿱雨予
𬯻	⿱雨市
𬯼	⿱雨利
𬯽	⿱雨𬇚
𬯾	⿱雨枝
𬯿	⿱雨明
𬰀	⿱雨泡
𬰁	⿱雨斉
𬰂	⿱雨法
𬰃	⿱雨沫
𬰄	⿱雨頁
𬰅	⿱雨俞
𬰆	⿱雨浄
𬰇	⿱雨⿰矛文
𬰈	⿱雨時
𬰉	⿰雷艮
𬰊	⿱雨這
𬰋	⿱雨琳
𬰌	⿱雨創
𬰍	⿱雨㜀
𬰎	⿰雲重
𬰏	⿱雨裔
𬰐	⿱雨𥺀
𬰑	⿱霝示
𬰒	⿱雨㝬
𬰓	⿱雨察
𬰔	⿱雨隠
𬰕	⿱雨䩻
𬰖	⿺霓夢
𬰗	⿰青巧
𬰘	⿰青丘
𬰙	⿱非𫜹
𬰚	⿱非立
𬰛	⿰召非
𬰜	⿱吾非
𬰝	⿱般非
𬰞	⿱非務
𬰟	⿸廌非
𬰠	⿱末面
𬰡	⿰面罗
𬰢	⿰密面
𬰣	⿱渐面
𬰤	⿰革纣
𬰥	⿰革两
𬰦	⿰革固
𬰧	⿰⿱廿⿻口十㒸
𬰨	⿰革雲
𬰩	⿰革菊
𬰪	⿰韋帀
𬰫	⿹𢦏韋
𬰬	⿰韋𠧗
𬰭	⿰韋吊
𬰮	⿰韋⿱爫皿
𬰯	⿰韋壽
𬰰	⿰韋襄
𬰱	⿰韦干
𬰲	⿰韦风
𬰳	⿰韦占
𬰴	⿰韦付
𬰵	⿰韦曷
𬰶	⿰韦惠
𬰷	⿰韦詹
𬰸	⿳⿲木缶木冖韦
𬰹	⿰音由
𬰺	⿰音业
𬰻	⿰音禾
𬰼	⿰音⿱刀日
𬰽	⿱攸音
𬰾	⿰音龠
𬰿	⿰刀頁
𬱀	⿰于頁
𬱁	⿰永頁
𬱂	⿰必頁
𬱃	⿰名頁
𬱄	⿰⿱匕永頁
𬱅	⿰𰀾頁
𬱆	⿰克頁
𬱇	⿰坌頁
𬱈	⿰⿱回又頁
𬱉	⿰⿱日尹頁
𬱊	⿰⿱甘水頁
𬱋	⿰⿱券一頁
𬱌	⿰⿱日君頁
𬱍	⿱順於
𬱎	⿰頂倍
𬱏	⿰⿱立隹頁
𬱐	⿰⿱正⿱罒⿴⿰⿱丶㇀⿱㇒丶丨頁
𬱑	⿰⿳吅宁吅頁
𬱒	⿰頁𠓗
𬱓	⿰九页
𬱔	⿰尤页
𬱕	⿰⿱⺈又页
𬱖	⿰由页
𬱗	⿰占页
𬱘	⿰斥页
𬱙	⿰半页
𬱚	⿰必页
𬱛	⿰页页
𬱜	⿰耒页
𬱝	⿰㫐页
𬱞	⿱吅页
𬱟	⿰危页
𬱠	⿰舌页
𬱡	⿰朶页
𬱢	⿰军页
𬱣	⿰岑页
𬱤	⿰𠯑页
𬱥	⿰甬页
𬱦	⿰其页
𬱧	⿰页𱣀
𬱨	⿰奄页
𬱩	⿰⿱回又页
𬱪	⿰阜页
𬱫	⿰定页
𬱬	⿰参页
𬱭	⿰革页
𬱮	⿰幽页
𬱯	⿰首页
𬱰	⿰⿱彡否页
𬱱	⿰善页
𬱲	⿰⿳白穴方页
𬱳	⿰龠页
𬱴	⿺風重
𬱵	⿺风韦
𬱶	⿺⿻几𠄠幻
𬱷	⿺风夬
𬱸	⿺风戉
𬱹	⿺⿻几𠄠北
𬱺	⿱夗风
𬱻	⿰立𲋄
𬱼	⿰岂风
𬱽	⿺风𭻾
𬱾	⿺风林
𬱿	⿺风或
𬲀	⿺风忽
𬲁	⿺⿻几𠄠南
𬲂	⿱𲋄俞
𬲃	⿺⿻几𠄠素
𬲄	⿰⿻几𠄠容
𬲅	⿺风尞
𬲆	⿺风矞
𬲇	⿰愈𲋄
𬲈	⿱𲋄興
𬲉	⿹飞白
𬲊	⿰悲𠃧
𬲋	⿰飠夫
𬲌	⿰飠帀
𬲍	⿰飠分
𬲎	⿰飠毛
𬲏	⿹𢦏食
𬲐	⿰飠成
𬲑	⿰飠旭
𬲒	⿰飠𠤕
𬲓	⿰飠攸
𬲔	⿰飠吝
𬲕	⿱斩食
𬲖	⿱食⿱？八
𬲗	⿰飠耍
𬲘	⿰飠要
𬲙	⿰飠𬙬
𬲚	⿰飠戛
𬲛	⿰飠斯
𬲜	⿰飠牚
𬲝	⿰𩙿⿱酋寸
𬲞	⿰飠媒
𬲟	⿱食𬐧
𬲠	⿰飠愈
𬲡	⿰飠⿳⿰𠃍𠃍𦊁心
𬲢	⿰飠𡗉
𬲣	⿰飠𣃍
𬲤	⿰⿳飠止土⿳山串又
𬲥	⿰饣卜
𬲦	⿰饣人
𬲧	⿰饣亏
𬲨	⿰饣于
𬲩	⿰饣厄
𬲪	⿰饣从
𬲫	⿰饣占
𬲬	⿰饣只
𬲭	⿰饣且
𬲮	⿰饣氐
𬲯	⿰饣句
𬲰	⿰饣⿱𠂉𠃓
𬲱	⿰饣它
𬲲	⿰饣宁
𬲳	⿰饣𠬤
𬲴	⿰饣⿱山口
𬲵	⿰饣⿹勹殳
𬲶	⿰饣齐
𬲷	⿰饣艮
𬲸	⿰饣过
𬲹	⿰饣芒
𬲺	⿰饣孚
𬲻	⿰饣弟
𬲼	⿰饣奄
𬲽	⿰饣其
𬲾	⿰饣固
𬲿	⿰饣岩
𬳀	⿰饣⿹勹吉
𬳁	⿰饣肴
𬳂	⿰饣叕
𬳃	⿰饣畐
𬳄	⿰饣南
𬳅	⿰饣⿱左⺝
𬳆	⿰饣衍
𬳇	⿰饣宣
𬳈	⿰饣𠳋
𬳉	⿰饣𦐇
𬳊	⿰饣舀
𬳋	⿰饣息
𬳌	⿰饣臭
𬳍	⿰饣唐
𬳎	⿰饣戛
𬳏	⿰饣𬜯
𬳐	⿰饣崇
𬳑	⿰饣景
𬳒	⿰饣登
𬳓	⿰饣雍
𬳔	⿰饣麽
𬳕	⿰首竹
𬳖	⿰首仰
𬳗	⿰甫首
𬳘	⿰首肖
𬳙	⿰首庙
𬳚	⿰首捉
𬳛	⿰首数
𬳜	⿰香歹
𬳝	⿰豖香
𬳞	⿰香宛
𬳟	⿰香贲
𬳠	⿱秋香
𬳡	⿰香𡘤
𬳢	⿱射香
𬳣	⿰香旁
𬳤	⿰香匿
𬳥	⿰香鳥
𬳦	⿰香貪
𬳧	⿱鄉香
𬳨	⿰馬𫜹
𬳩	⿰馬攴
𬳪	⿰尹馬
𬳫	⿰馬劦
𬳬	⿰馬更
𬳭	⿰岡馬
𬳮	⿰馬京
𬳯	⿰馬参
𬳰	⿰馬盗
𬳱	⿰馬貴
𬳲	⿰馬羼
𬳳	⿰马风
𬳴	⿰马平
𬳵	⿰马丕
𬳶	⿰马冋
𬳷	⿰马瓜
𬳸	⿱𰃮马
𬳹	⿰马夸
𬳺	⿰马吏
𬳻	⿰马匡
𬳼	⿰马有
𬳽	⿰马先
𬳾	⿰马多
𬳿	⿰马余
𬴀	⿰马良
𬴁	⿰马岸
𬴂	⿰马非
𬴃	⿰马砉
𬴄	⿰马星
𬴅	⿰马旁
𬴆	⿰马堇
𬴇	⿲马束夫
𬴈	⿰马戚
𬴉	⿰马尞
𬴊	⿰马粦
𬴋	⿰马𢧜
𬴌	⿰马蒙
𬴍	⿰马麃
𬴎	⿰马橐
𬴏	⿰马蹇
𬴐	⿰马雚
𬴑	⿰弄骨
𬴒	⿰骨谷
𬴓	⿰篤骨
𬴔	⿱⿳亠口冖兄
𬴕	⿰高𡴯
𬴖	⿱⿳亠⿴⿰丨丨𠄠冖老
𬴗	⿱髙考
𬴘	⿳⿱亠⿴⿰丨丨𠄠口⿱⿴⿰丨丨𠄠丅
𬴙	⿰昇高
𬴚	⿰高宗
𬴛	⿰⿱𠮛冋曻
𬴜	⿰𬴘不
𬴝	⿰高堯
𬴞	⿱高䟫
𬴟	⿰高筆
𬴠	⿰𬴘亘
𬴡	⿰𬴘成
𬴢	⿰𬴘者
𬴣	⿰𬴘禺
𬴤	⿰𬴘奠
𬴥	⿰𬴘⿱虫虫
𬴦	⿲𬴘方⿱𠂉呈
𬴧	⿱髟开
𬴨	⿱髟尧
𬴩	⿱髟农
𬴪	⿱髟宋
𬴫	⿱髟林
𬴬	⿰镸⿱彡尙
𬴭	⿱髟独
𬴮	⿱髟眉
𬴯	⿱髟廉
𬴰	⿵鬥岡
𬴱	⿵鬥蔑
𬴲	⿰鬲又
𬴳	⿳一吅⿵冂⿱丷丅
𬴴	⿰鬲司
𬴵	⿰⿱鬲火又
𬴶	⿰鬲辰
𬴷	⿱相鬲
𬴸	⿱⿲弓⿱土干弓鬲
𬴹	⿱⿲弓采弓鬲
𬴺	⿱⿲弓⿰米巳弓鬲
𬴻	⿱⿲弓⿰米享弓鬲
𬴼	⿱⿲弓⿰量匕弓鬲
𬴽	⿺鬼七
𬴾	⿺⿱甶儿上
𬴿	⿺鬼耳
𬵀	⿺⿱甶儿車
𬵁	⿰魚丂
𬵂	⿰魚卜
𬵃	⿰魚大
𬵄	⿱丸魚
𬵅	⿱日魚
𬵆	⿰魚水
𬵇	⿰魚戊
𬵈	⿰魚囙
𬵉	⿱魚皿
𬵊	⿰魚𡭗
𬵋	⿱汀魚
𬵌	⿰魚氷
𬵍	⿰魚地
𬵎	⿰魚𡆫
𬵏	⿰魚舌
𬵐	⿰魚庄
𬵑	⿰魚辺
𬵒	⿰魚車
𬵓	⿰魚串
𬵔	⿰魚足
𬵕	⿰魚侘
𬵖	⿰魚矣
𬵗	⿰魚雨
𬵘	⿰魚⿱艹⿻几𠄠
𬵙	⿺⿱甶儿魚
𬵚	⿰魚竺
𬵛	⿰魚庚
𬵜	⿰魚⿱襾女
𬵝	⿰魚毘
𬵞	⿰魚𣶒
𬵟	⿰魚度
𬵠	⿰魚索
𬵡	⿰魚素
𬵢	⿰魚烕
𬵣	⿰魚䓁
𬵤	⿰魚接
𬵥	⿰魚崑
𬵦	⿰魚莆
𬵧	⿰魚帷
𬵨	⿰魚密
𬵩	⿰魚翏
𬵪	⿰魚惠
𬵫	⿰魚異
𬵬	⿰魚閑
𬵭	⿰魚筓
𬵮	⿰魚達
𬵯	⿰魚⿺辶𮥴
𬵰	⿰魚跳
𬵱	⿰魚滋
𬵲	⿰魚⿱天鬼
𬵳	⿰魚夢
𬵴	⿰魚⿱卝烝
𬵵	⿰魚豪
𬵶	⿰魚敷
𬵷	⿰魚冀
𬵸	⿰魚蕚
𬵹	⿰魚褱
𬵺	⿰魚⿱旣耳
𬵻	⿰魚歸
𬵼	⿰⿱⿲？冈？卝⿱吕魚
𬵽	⿰魚顚
𬵾	⿰魚簳
𬵿	⿰魚蘭
𬶀	⿰鱼刂
𬶁	⿰鱼人
𬶂	⿰鱼土
𬶃	⿰鱼大
𬶄	⿰鱼勺
𬶅	⿰鱼牙
𬶆	⿰鱼丰
𬶇	⿰鱼介
𬶈	⿰鱼月
𬶉	⿰鱼午
𬶊	⿰鱼𠀕
𬶋	⿰鱼句
𬶌	⿰鱼代
𬶍	⿰鱼它
𬶎	⿰鱼节
𬶏	⿰鱼危
𬶐	⿰鱼兆
𬶑	⿰鱼达
𬶒	⿰鱼岑
𬶓	⿰鱼廷
𬶔	⿰鱼告
𬶕	⿰鱼弟
𬶖	⿰鱼奄
𬶗	⿰鱼劳
𬶘	⿰鱼昴
𬶙	⿰鱼受
𬶚	⿰鱼服
𬶛	⿰鱼单
𬶜	⿰鱼咅
𬶝	⿰鱼宛
𬶞	⿰鱼胡
𬶟	⿰鱼剌
𬶠	⿰鱼柬
𬶡	⿰鱼毒
𬶢	⿰鱼星
𬶣	⿰鱼差
𬶤	⿰鱼帝
𬶥	⿰鱼弯
𬶦	⿰鱼斿
𬶧	⿰鱼柔
𬶨	⿱既鱼
𬶩	⿰鱼晏
𬶪	⿰鱼逆
𬶫	⿰鱼黄
𬶬	⿰鱼虚
𬶭	⿰鱼祭
𬶮	⿰鱼喜
𬶯	⿰鱼菓
𬶰	⿰鱼掌
𬶱	⿰鱼景
𬶲	⿰鱼象
𬶳	⿰鱼鲁
𬶴	⿰鱼普
𬶵	⿰鱼睘
𬶶	⿰鱼廉
𬶷	⿰鱼𣣴
𬶸	⿰鱼韯
𬶹	⿰鱼耨
𬶺	⿰鱼雚
𬶻	⿰鱼霸
𬶼	⿰了鳥
𬶽	⿱鳥廾
𬶾	⿰鳥寸
𬶿	⿰弓鳥
𬷀	⿰鳥友
𬷁	⿱戈鳥
𬷂	⿰⿱㐅十鳥
𬷃	⿰片鳥
𬷄	⿰斗鳥
𬷅	⿰鳥央
𬷆	⿱鳥冉
𬷇	⿰冉鳥
𬷈	⿱代鳥
𬷉	⿰亻䲨
𬷊	⿰鳥瓜
𬷋	⿱鳥宁
𬷌	⿰宁鳥
𬷍	⿰鳥同
𬷎	⿰后鳥
𬷏	⿰企鳥
𬷐	⿰鳥衣
𬷑	⿰如鳥
𬷒	⿰叒鳥
𬷓	⿱鳥豕
𬷔	⿰镸鳥
𬷕	⿰甫鸟
𬷖	⿺免鳥
𬷗	⿱住鳥
𬷘	⿲彳壬鳥
𬷙	⿱沙鳥
𬷚	⿰宏鳥
𬷛	⿳亠业鳥
𬷜	⿰鳥武
𬷝	⿰奈鳥
𬷞	⿱林鳥
𬷟	⿰鳥戔
𬷠	⿰𰗕鳥
𬷡	⿰官鳥
𬷢	⿰頁鳥
𬷣	⿰鳥風
𬷤	⿰𤔄鳥
𬷥	⿰鳥⿱凡臼
𬷦	⿰亰鳥
𬷧	⿰⿱方皿鳥
𬷨	⿰辱鳥
𬷩	⿰隻鳥
𬷪	⿰鳥⿱⿲丿二丨臼
𬷫	⿱神鳥
𬷬	⿰家鳥
𬷭	⿱娥鳥
𬷮	⿱埶鳥
𬷯	⿱淮鳥
𬷰	⿰鳥巢
𬷱	⿱斑鳥
𬷲	⿰越鳥
𬷳	⿰⿱姄日鳥
𬷴	⿰愈鳥
𬷵	⿰新鳥
𬷶	⿰稟鳥
𬷷	⿰榮鳥
𬷸	⿰鳥餒
𬷹	⿰蕉鳥
𬷺	⿰角鷹
𬷻	⿰鸟乚
𬷼	⿰儿鸟
𬷽	⿰鸟了
𬷾	⿰工鸟
𬷿	⿰鸟从
𬸀	⿱文鸟
𬸁	⿰瓦鸟
𬸂	⿰可鸟
𬸃	⿰玉鸟
𬸄	⿰龙鸟
𬸅	⿰刍鸟
𬸆	⿰生鸟
𬸇	⿰加鸟
𬸈	⿰至鸟
𬸉	⿱巩鸟
𬸊	⿱任鸟
𬸋	⿱牝鸟
𬸌	⿱杀鸟
𬸍	⿰寿鸟
𬸎	⿱利鸟
𬸏	⿰良鸟
𬸐	⿰床鸟
𬸑	⿰兑鸟
𬸒	⿰鸟其
𬸓	⿱兓鸟
𬸔	⿱松鸟
𬸕	⿱𲂻鸟
𬸖	⿰炎鸟
𬸗	⿰隶鸟
𬸘	⿰匽鸟
𬸙	⿰眇鸟
𬸚	⿱狱鸟
𬸛	⿰皇鸟
𬸜	⿰扁鸟
𬸝	⿰音鸟
𬸞	⿰娄鸟
𬸟	⿰屋鸟
𬸠	⿰哥鸟
𬸡	⿰监鸟
𬸢	⿰皋鸟
𬸣	⿱𡨄鸟
𬸤	⿰票鸟
𬸥	⿰舂鸟
𬸦	⿱族鸟
𬸧	⿳廿⿴北口鸟
𬸨	⿰欺鸟
𬸩	⿰奥鸟
𬸪	⿰番鸟
𬸫	⿱敦鸟
𬸬	⿰⿱⿳士冖一卵鸟
𬸭	⿰葛鸟
𬸮	⿰葵鸟
𬸯	⿱辟鸟
𬸰	⿰霍鸟
𬸱	⿰瞿鸟
𬸲	⿰鹵比
𬸳	⿰鹵見
𬸴	⿰鹵稟
𬸵	⿰卤占
𬸶	⿰卤昌
𬸷	⿰卤奏
𬸸	⿰卤扁
𬸹	⿰卤敢
𬸺	⿸鹿乙
𬸻	⿰鹿斤
𬸼	⿱尼鹿
𬸽	⿱鹿耳
𬸾	⿸鹿齐
𬸿	⿸鹿⿱从木
𬹀	⿰鹿荒
𬹁	⿰鹿庸
𬹂	⿰麥共
𬹃	⿺麥靣
𬹄	⿰麥菊
𬹅	⿰麦才
𬹆	⿰麦共
𬹇	⿰麦孛
𬹈	⿰麦肖
𬹉	⿰麦完
𬹊	⿰麦其
𬹋	⿰麦昆
𬹌	⿰麦念
𬹍	⿰麦莫
𬹎	⿰麦善
𬹏	⿱麻吝
𬹐	⿰黃凡
𬹑	⿰黄𫭠
𬹒	⿱㿟黄
𬹓	⿰黄悪
𬹔	⿱𰀡黍
𬹕	⿰黑贞
𬹖	⿰黑农
𬹗	⿰黑来
𬹘	⿰黑𱅑
𬹙	⿰真黑
𬹚	⿰黑𧉘
𬹛	⿰黑蔑
𬹜	⿰⿱业⿻丨⿱八⿵冂⿰丨丨處
𬹝	⿱⺈黽
𬹞	⿱大⿷⿹？𰀄𫜹
𬹟	⿳宀七⿷⿹？𰀄𫜹
𬹠	⿱貝⿷⿹？𰀄𫜹
𬹡	⿱余⿷⿹？𰀄𫜹
𬹢	⿱？⿷⿹？𰀄𫜹
𬹣	⿱朱黾
𬹤	⿰单黾
𬹥	⿰鼎于
𬹦	⿰鼎升
𬹧	⿰鼎丮
𬹨	⿰鼎它
𬹩	⿱⿰束匕鼎
𬹪	⿱茲鼎
𬹫	⿰鼎𩁹
𬹬	⿰鼎繁
𬹭	⿺鼠𢀖
𬹮	⿺鼠果
𬹯	⿰鼻艾
𬹰	⿰鼻咅
𬹱	⿳亠⿲刀了氏⿲丿二丨
𬹲	⿱？田
𬹳	⿱文⿲丿贝丨
𬹴	⿰令歯
𬹵	⿰齒朶
𬹶	⿰齒衣
𬹷	⿰齒宇
𬹸	⿰齒粦
𬹹	⿰齒𦺈
𬹺	⿰齿牙
𬹻	⿰齿内
𬹼	⿰齿介
𬹽	⿰齿亢
𬹾	⿰齿甘
𬹿	⿰齿司
𬺀	⿱奴齿
𬺁	⿰齿至
𬺂	⿰齿页
𬺃	⿰齿岂
𬺄	⿰齿舌
𬺅	⿰齿产
𬺆	⿰齿肖
𬺇	⿱佐齿
𬺈	⿰齿奇
𬺉	⿰齿责
𬺊	⿰齿囷
𬺋	⿰齿卒
𬺌	⿰齿宜
𬺍	⿰齿咸
𬺎	⿱差齿
𬺏	⿰齿尃
𬺐	⿰齿展
𬺑	⿰齿屑
𬺒	⿱𪺽齿
𬺓	⿰齿楚
𬺔	⿰齿禁
𬺕	⿰齿截
𬺖	⿰齿爵
𬺗	⿺竜下
𬺘	⿺竜山
𬺙	⿰竜低
𬺚	⿺竜青
𬺛	⿱龙大
𬺜	⿱龙木
𬺝	⿱殸龙
𬺞	⿱𠮥⿻日乚
𬺟	⿰龠见
𬺠	⿰彔龠
𬺡	⿰惠龠
𬺰	⿻一亅
𬺱	⿹十㇒
𬺲	⿱几一
𬺳	⿱一刀
𬺴	⿱刁一
𬺵	⿻亐一
𬺶	⿱丅⿰𠃊亅
𬺷	㇯𬺻㇒
𬺸	⿻𠀁丷
𬺹	⿼？𠄠
𬺺	⿻口𠀁
𬺻	㇯豕？
𬺼	⿰丁也
𬺽	⿱七廾
𬺾	⿺⿻口乚一
𬺿	⿸𰀉丶
𬻀	⿱⿻一⿰丨丿⿻一⿰丨丿
𬻁	⿱下土
𬻂	⿻⿲丿凵丨一
𬻃	⿱丆⿵𠘨⿰丨丨
𬻄	⿱丁⿰丁丁
𬻅	⿰丁六
𬻆	⿱⿰㇇二⿹⿺㇉一一
𬻇	⿻𠮛⿰丨丨
𬻈	⿱㇯丑一㇯丑一
𬻉	⿱一⿻尸十
𬻊	⿱天下
𬻋	⿸𬻀丶
𬻌	⿰⿻十日乀
𬻍	⿻⿻一申㇒
𬻎	⿱七加
𬻏	⿱引上
𬻐	⿱一𭥌
𬻑	⿱𠚤⿼？⿻丨丶
𬻒	⿹⿻𫠠⿱？冖𠃌
𬻓	⿱龙下
𬻔	⿱一⿰？⿱𠂉丶
𬻕	⿳一丷𡆤
𬻖	⿰丁色
𬻗	⿰丁争
𬻘	⿱⿼？⿻丨丶⿼？⿻丨丶
𬻙	⿱托下
𬻚	⿱足丁
𬻛	⿰不去
𬻜	⿳一⿳一卌一一
𬻝	⿱？一
𬻞	⿱？一
𬻟	⿻⿳一一一⿲⿰丨⿱丶丶⿰丨⿱丶丶丨
𬻠	⿳一吅大
𬻡	⿱拉下
𬻢	⿰来斗
𬻣	⿰丁穿
𬻤	⿱紅丁
𬻥	⿱⿰龶龶？
𬻦	⿰开卖
𬻧	⿱⿱𰀉冖且
𬻨	⿱独下
𬻩	⿱根下
𬻪	⿰㱏我
𬻫	⿱⿱𰀉冖⿱⿻口⿰丨丨一
𬻬	⿱𫩠⿻口丄
𬻭	⿰丢弃
𬻮	⿰来多
𬻯	⿰丢往
𬻰	⿰下覃
𬻱	⿱⿰⿵冂丨田⿳山⿰亻斦一
𬻲	⿰丩刄
𬻳	⿰中丁
𬻴	⿰𠁣令
𬻵	⿱𠚤⿻⿱𫜹八⿰丨丨
𬻶	⿱江中
𬻷	⿰？⿱？⿻丶𬼂
𬻸	⿰中昜
𬻹	⿰个恩
𬻺	⿱丶了
𬻻	⿺𠃊主
𬻼	⿰㇯？一㇯艮一
𬻽	⿰主买
𬻾	⿰主追
𬻿	⿱丶㇝
𬼀	⿱丶㇒
𬼁	？
𬼂	？
𬼃	⿱㇒九
𬼄	？
𬼅	⿰乃乃
𬼆	⿱乄乄
𬼇	⿺乇人
𬼈	⿱千凵
𬼉	⿱㇒⿻一⿺𠃊⺊
𬼊	⿱𠂉⿻几⿳丶一丶
𬼋	⿰𭃂尹
𬼌	⿱㇒⿻⿱一𫜹水
𬼍	⿰⿸𠂆𰀁⿹勹𰀁
𬼎	⿱⿻乃丶囱
𬼏	⿰乐外
𬼐	⿻⿱㇒丨拜
𬼑	⿰㐅等
𬼒	⿰乘失
𬼓	⿰垂長
𬼔	⿰乎船
𬼕	⿰𱼧賣
𬼖	⿷匸一
𬼗	⿸？乚
𬼘	？
𬼙	⿻⿰七七乚
𬼚	⿰匕𪟨
𬼛	⿱之乙
𬼜	⿱⺈也
𬼝	⿱去乙
𬼞	⿻𭠍⺕
𬼟	⿳𠂉口乙
𬼠	⿰乞乞
𬼡	⿱乎乚
𬼢	⿺乙民
𬼣	⿺九头
𬼤	⿱如乙
𬼥	⿱束乙
𬼦	⿱杜乙
𬼧	⿱身乚
𬼨	⿰名也
𬼩	⿰并也
𬼪	⿰牟乞
𬼫	⿱⿺乚⺀⿰⿺乚⺀⿺乚⺀
𬼬	⿺乙品
𬼭	⿰亨也
𬼮	⿰𢌿也
𬼯	⿰臬乙
𬼰	⿰底也
𬼱	⿱浦乙
𬼲	⿺是乞
𬼳	⿸麻乙
𬼴	⿲乡共亍
𬼵	⿺𠃊𡙗
𬼶	⿱了一
𬼷	⿰了丶
𬼸	⿱丷亅
𬼹	⿱了灬
𬼺	⿳丷？⿹⿻冖亅㇒
𬼻	⿰予⿱一者
𬼼	⿰予賛
𬼽	⿱一丅
𬼾	⿱云⿻𠄠⿰丨丨
𬼿	⿳一⿰句？一
𬽀	⿱弗云
𬽁	⿰云此
𬽂	⿱府云
𬽃	⿱亠⿰𰛄乚
𬽄	⿱亠火
𬽅	⿱卞口
𬽆	⿱亠⿰夕？
𬽇	⿱亠𡖅
𬽈	⿱亠⿴𠀃三
𬽉	⿱𣅀了
𬽊	⿱亠㫗
𬽋	⿱亠⿻山从
𬽌	⿱亠⿻卄木
𬽍	⿳亠⿰十十⿻一山
𬽎	⿱⿳亠口冖戈
𬽏	⿳亠央𧘇
𬽐	⿱亠𱒛
𬽑	⿱亠⿻𦥑人
𬽒	⿳亠⿲刀了𱍸二
𬽓	⿰亭也
𬽔	⿰𣅀𥎽
𬽕	⿳亠罒乑
𬽖	⿰市來
𬽗	⿰亭巴
𬽘	⿳亠⿶凵儿冏
𬽙	⿰京甫
𬽚	⿳亠朋㐱
𬽛	⿰亭曵
𬽜	⿱亠維
𬽝	⿳亠䀠㐱
𬽞	⿰亭近
𬽟	⿰交質
𬽠	⿱亠𠮓
𬽡	⿰⿰㇇丶⿰㇇丶
𬽢	⿰亻㔾
𬽣	⿰亻亍
𬽤	⿼𰀁人
𬽥	⿰亻下
𬽦	⿰亻丸
𬽧	⿰亻久
𬽨	⿰亻个
𬽩	⿰亻㔫
𬽪	⿰亻日
𬽫	⿰亻斗
𬽬	⿰亻户
𬽭	⿰亻夬
𬽮	⿰亻⿱一巿
𬽯	⿰亻叵
𬽰	⿰亻刊
𬽱	⿰亻号
𬽲	⿰亻㐌
𬽳	⿰亻凧
𬽴	⿰亻叐
𬽵	⿰亻付
𬽶	⿰亻⿱宀几
𬽷	⿰亻広
𬽸	⿰亻⿱宀卜
𬽹	⿰亻𪠲
𬽺	⿰亻⿱夂刀
𬽻	⿰亻⿸厂火
𬽼	⿰亻⿱术一
𬽽	⿱𠆢同
𬽾	⿰亻企
𬽿	⿰亻𠇍
𬾀	⿰亻众
𬾁	⿰亻充
𬾂	⿰令下
𬾃	⿰亻⿱亡大
𬾄	⿰亻⿱厶文
𬾅	⿰亻克
𬾆	⿰亻劫
𬾇	⿱𠆢两
𬾈	⿰亻邪
𬾉	⿰亻走
𬾊	⿱⿵𠆢一⿰日刂
𬾋	⿰亻别
𬾌	⿰亻⿱山比
𬾍	⿰企也
𬾎	⿰亻𰎋
𬾏	⿰亻⿰⿱㇒⿻二丿阝
𬾐	⿰亻皃
𬾑	⿲亻⿱𠂉巾刂
𬾒	⿰亻秃
𬾓	⿰亻䖝
𬾔	⿰亻宎
𬾕	⿱𠆢言
𬾖	⿰亻应
𬾗	⿰亻⿱亠矢
𬾘	⿰亻⿻𠃧丿
𬾙	⿰亻⿱𫜹帀
𬾚	⿱代出
𬾛	⿰亻杲
𬾜	⿰亻⿱止及
𬾝	⿰亻⿱爻⺝
𬾞	⿰亻近
𬾟	⿰亻所
𬾠	⿰亻忽
𬾡	⿱伱也
𬾢	⿰亻波
𬾣	⿰亻学
𬾤	⿰亻⿱⿲口了？一
𬾥	⿱⿰亻厼也
𬾦	⿰亻⿱加寸
𬾧	⿰亻叕
𬾨	⿰亻𤰅
𬾩	⿰亻⿱⿹㇈十且
𬾪	⿰伝另
𬾫	⿲亻⿱工幺⿱𠂉亅
𬾬	⿰亻述
𬾭	⿰亻耇
𬾮	⿱仝⿰日刂
𬾯	⿰亻苻
𬾰	⿰亻星
𬾱	⿲亻丨⿸𠂋目
𬾲	⿰亻勉
𬾳	⿰亻拜
𬾴	⿰亻俟
𬾵	⿻𠈌⿻一𠀁
𬾶	⿰亻𡋛
𬾷	⿰亻⿱八豕
𬾸	⿰亻恃
𬾹	⿰亻⿱丷⿻⿱⺕八⿰丨丨
𬾺	⿰并令
𬾻	⿰亻亮
𬾼	⿰亻客
𬾽	⿱𠆢恵
𬾾	⿱𠆢盍
𬾿	⿰亻𠳮
𬿀	⿰亻荅
𬿁	⿰亻荒
𬿂	⿰亻閃
𬿃	⿲亻丨枼
𬿄	⿰亻⿱罒⿻日乚
𬿅	⿰亻豹
𬿆	⿰亻般
𬿇	⿰亻爹
𬿈	⿰亻隻
𬿉	⿰亻𥫠
𬿊	⿰𬾐也
𬿋	⿰介卖
𬿌	⿰亻⿱𠚍又
𬿍	⿰亻𫼋
𬿎	⿱於仁
𬿏	⿰亻𧥥
𬿐	⿰付武
𬿑	⿰亻𮖿
𬿒	⿰亻𪯍
𬿓	⿰亻國
𬿔	⿲亻丨殺
𬿕	⿰亻崖
𬿖	⿰亻虗
𬿗	⿲亻丨冓
𬿘	⿰亻梨
𬿙	⿰亻⿱攵里
𬿚	⿰亻鹿
𬿛	⿰亻康
𬿜	⿰亻着
𬿝	⿰亻𭓶
𬿞	⿰亻商
𬿟	⿰亻寂
𬿠	⿰以宜
𬿡	⿰亻⿱龷隹
𬿢	⿰亻裁
𬿣	⿰倩攵
𬿤	⿰亻⿷匚⿱日𢆶
𬿥	⿰亻⿱⿰⿱一𠔼⿱一𠔼木
𬿦	⿰亻項
𬿧	⿲亻丨⿱攵里
𬿨	⿰亻歮
𬿩	⿲亻丨⿱攵貝
𬿪	⿰亻奥
𬿫	⿰亻進
𬿬	⿲亻？⿱龴疋
𬿭	⿲亻韋亍
𬿮	⿰亻𰕎
𬿯	⿰亻感
𬿰	⿰亻頊
𬿱	⿰亻⿱枼灬
𬿲	⿰亻⿱？犮
𬿳	⿰亻歳
𬿴	⿰亻𡻕
𬿵	⿲亻丨菐
𬿶	⿰亻⿳隹一勿
𬿷	⿰介蛋
𬿸	⿰亻𭔺
𬿹	⿰亻𤾇
𬿺	⿰亻察
𬿻	⿰亻⿱⿷⿻𠄟𠀐丶吋
𬿼	⿰亻𭫒
𬿽	⿰亻⿱⿻一曲冝
𬿾	⿲亻丨葉
𬿿	⿰亻熏
𭀀	⿰亻賔
𭀁	⿰亻韯
𭀂	⿰亻頡
𭀃	⿰𦰩？
𭀄	⿰亻寫
𭀅	⿰亻樂
𭀆	⿰亻頭
𭀇	⿰亻⿱吉馬
𭀈	⿰亻鴫
𭀉	⿰亻⿱攵黑
𭀊	⿰亻䳆
𭀋	⿰亻羲
𭀌	⿰亻暹
𭀍	⿰儞也
𭀎	⿱儞也
𭀏	⿰亻𭼩
𭀐	⿰介蕉
𭀑	⿰亻謹
𭀒	⿰亻譱
𭀓	⿰亻覽
𭀔	⿰亻屬
𭀕	⿰僉常
𭀖	⿷兀丶
𭀗	⿻𠃔丶
𭀘	⿰𡿨𠃔
𭀙	⿱𠂉𠃔
𭀚	⿱亠𠃔
𭀛	⿹⺄允
𭀜	⿻𭀘丶
𭀝	⿵兀⺀
𭀞	⿺元夕
𭀟	⿱⿸？人兀
𭀠	⿱𠂉⿸⿻口丿乚
𭀡	⿰⿽丿三⿺乚三
𭀢	⿱大兄
𭀣	⿷⿸⿱𠂉⿻口丿乚丶
𭀤	⿱䒑⿻䒑儿
𭀥	⿷⿸⿱𠂉⿻口丿乚厶
𭀦	⿰光夭
𭀧	⿺兑干
𭀨	⿰光広
𭀩	⿺元㸒
𭀪	⿺元虎
𭀫	⿺元長
𭀬	⿺光光
𭀭	⿱登儿
𭀮	⿺光弄
𭀯	⿺⿱甶儿弗
𭀰	⿱⿱⺈⿸⿻口丿乚⿱⺈⿸⿻口丿乚
𭀱	⿱⿸⿱𠂉⿻口丿乚⿸⿱𠂉⿻口丿乚
𭀲	⿺先官
𭀳	⿰先贯
𭀴	⿰光亮
𭀵	⿰先扇
𭀶	⿰光通
𭀷	⿰先貫
𭀸	⿺⿱甶儿𱕻
𭀹	⿺兒奚
𭀺	⿰先善
𭀻	⿱內𠃍
𭀼	⿰入去
𭀽	⿱石入
𭀾	⿱叩入
𭀿	⿱入好
𭁀	⿱作入
𭁁	⿳𠓛俐木
𭁂	⿱𠓛𭔽
𭁃	⿳𠓛⿰阝倶⿲木歹木
𭁄	⿱丷𡕒
𭁅	⿰公卜
𭁆	⿱𠂒八
𭁇	⿳⿲丨丨？一八
𭁈	⿱⿲丨丨𠀆⿱一八
𭁉	⿳⿲丨丨与一八
𭁊	⿱次八
𭁋	⿱分内
𭁌	⿰半方
𭁍	⿰公布
𭁎	⿰公且
𭁏	⿱八⿱田⿻㇒十
𭁐	⿱𠂉⿱一⿻⿱𫜹八⿰丨丨
𭁑	⿰半江
𭁒	⿱則八
𭁓	⿰公甫
𭁔	⿱廿⿳甲一八
𭁕	⿳⿲⿰亻丨⿹⿺㇉一一⿹𠃍𠄠一八
𭁖	⿰六彔
𭁗	⿳⿱八一罒⿻天㇒
𭁘	⿱独六
𭁙	⿰半亭
𭁚	⿰共背
𭁛	⿰六逢
𭁜	⿰公断
𭁝	⿱群共
𭁞	⿰其葛
𭁟	⿵冂？
𭁠	⿻⿵冂丨𠄠
𭁡	⿱丆冄
𭁢	⿻十⿵冂⿰一一
𭁣	⿱一⿻⿱丷冄丨
𭁤	⿰冇冇
𭁥	⿰再又
𭁦	⿵冂舌
𭁧	⿰内少
𭁨	⿵冂米
𭁩	⿳亠厶冄
𭁪	⿱云𭁠
𭁫	⿱世冄
𭁬	⿰冇有
𭁭	⿱⺌⿵冂⿴⿰⿱丶㇀⿱㇒丶亅
𭁮	⿱好内
𭁯	⿱世𭁠
𭁰	⿰同多
𭁱	⿵冂⿳土灬土
𭁲	⿱㚘⿻⿵冂丨𠈌
𭁳	⿱冖巳
𭁴	⿱冖亘
𭁵	⿱冖⿺元攵
𭁶	⿳冖一㫕
𭁷	⿱冖具
𭁸	⿱冖卓
𭁹	⿱⿱冖八圭
𭁺	⿱冖𥘑
𭁻	⿱冖屇
𭁼	⿱冖是
𭁽	⿳冖中⿹𠃌灬
𭁾	⿱冖侵
𭁿	⿱冖祋
𭂀	⿳冖罒⿱一𧘇
𭂁	⿱冖𭴷
𭂂	⿱㓁𭺾
𭂃	⿱冖禁
𭂄	⿰冥以
𭂅	⿳⿱冖丰罒心
𭂆	⿰冫丂
𭂇	⿰冫力
𭂈	⿰冫山
𭂉	⿰冫匆
𭂊	⿰冫尼
𭂋	⿰冫吉
𭂌	⿰冫虫
𭂍	⿰冫此
𭂎	⿰冫羊
𭂏	⿰冫位
𭂐	⿰冫𠯳
𭂑	⿰冫叔
𭂒	⿰冫凮
𭂓	⿰冫享
𭂔	⿰冫於
𭂕	⿰冫录
𭂖	⿰冫風
𭂗	⿰冫斿
𭂘	⿰冫胥
𭂙	⿰冫隻
𭂚	⿰冫益
𭂛	⿰冫烏
𭂜	⿰冫桼
𭂝	⿰冫常
𭂞	⿰冫啇
𭂟	⿰冫貴
𭂠	⿰冫間
𭂡	⿰冫曾
𭂢	⿰冫感
𭂣	⿰冫閠
𭂤	⿰冷亟
𭂥	⿰冫墓
𭂦	⿰冫⿱⿳冖王罒心
𭂧	⿰冫融
𭂨	⿲冫虫𮫙
𭂩	⿵𠘨十
𭂪	⿰？几
𭂫	⿵凢丶
𭂬	⿵几⺀
𭂭	⿱分几
𭂮	⿺凡刄
𭂯	⿱𠂉⿻几十
𭂰	⿱央几
𭂱	⿵𠘨有
𭂲	⿰𡵂几
𭂳	⿱下夙
𭂴	⿵𠘨呂
𭂵	⿱⿵𠘨水𠘳
𭂶	⿱龴⿵𠘨⿱王口
𭂷	⿱䀠几
𭂸	⿰⿸虍𬺻几
𭂹	⿵几⿳巛一⿳巛一山
𭂺	⿵𠘨熏
𭂻	⿶凵𬼈
𭂼	⿶凵⿱⿰巛𡿨⿰巛𡿨
𭂽	⿰出杀
𭂾	⿳𣄼八⿶凵女
𭂿	⿰凶恶
𭃀	⿰出恶
𭃁	⿰出惡
𭃂	⿻刀二
𭃃	⿰刀七
𭃄	⿰十刀
𭃅	⿰刄刂
𭃆	⿺叉刂
𭃇	⿰刀叉
𭃈	⿰刀兮
𭃉	⿰刀文
𭃊	⿱刁⿰刁刁
𭃋	⿰刀巴
𭃌	⿰龶刀
𭃍	⿻𰀁𠚪
𭃎	⿰刃井
𭃏	⿰卡刂
𭃐	⿰卡刀
𭃑	⿰刀卡
𭃒	⿰𪠲刂
𭃓	⿱分凡
𭃔	⿰⿻㇒䶹刄
𭃕	⿰刀吉
𭃖	⿱列刀
𭃗	⿰曲刂
𭃘	⿱刀肉
𭃙	⿱刀自
𭃚	⿰生刃
𭃛	⿰刀杀
𭃜	⿱伏刀
𭃝	⿰刀伐
𭃞	⿰名刂
𭃟	⿱合刀
𭃠	⿰刀交
𭃡	⿰礻⿹勹丿
𭃢	⿰刀达
𭃣	⿰谷刂
𭃤	⿰豸刂
𭃥	⿰⿻⿱𠂉一内刂
𭃦	⿰刀弟
𭃧	⿰⿱允夕刂
𭃨	⿰衤⿹勹丿
𭃩	⿱林刀
𭃪	⿰劳刂
𭃫	⿰刀昆
𭃬	⿰⿱口𠕁刂
𭃭	⿰⿻⿱𠂉一禸刂
𭃮	⿰刀念
𭃯	⿰⿱攵木刂
𭃰	⿰𭓩刂
𭃱	⿱⿻𦍌㇒刄
𭃲	⿰⿱双⿰⿱丶㇀⿱㇒丶刂
𭃳	⿰𧈧刂
𭃴	⿰𠀷刂
𭃵	⿰苔刂
𭃶	⿰昜刂
𭃷	⿱刃𣥖
𭃸	⿰室刂
𭃹	⿱沙分
𭃺	⿰客刂
𭃻	⿰养刂
𭃼	⿰刀架
𭃽	⿰刀眉
𭃾	⿰茀刂
𭃿	⿰𠦝分
𭄀	⿰並刃
𭄁	⿰留刂
𭄂	⿱徒刀
𭄃	⿰分⿶凵⿻丂⿰⿱丶㇀⿱㇒丶
𭄄	⿱剝刀
𭄅	⿰桑刂
𭄆	⿰⿱雨亐刂
𭄇	⿱斬刀
𭄈	⿰⿱业𦍌刂
𭄉	⿰⿸广⿱龷从刂
𭄊	⿰庸刂
𭄋	⿰密刂
𭄌	⿰密刀
𭄍	⿱⿰弟攵刀
𭄎	⿰刀屠
𭄏	⿰⿸？匆刂
𭄐	⿱⿰⿻禾丶攵⿸厂刀
𭄑	⿰寕刂
𭄒	⿰⿱⿰𠂎刀隹刂
𭄓	⿰碭刂
𭄔	⿰⿱𥝤尒刂
𭄕	⿰䈁刂
𭄖	⿰寡刂
𭄗	⿰賔刂
𭄘	⿰⿱丣金刂
𭄙	⿰篇刂
𭄚	⿰蕇刂
𭄛	⿰赞刂
𭄜	⿰龠刂
𭄝	⿰刀歡
𭄞	⿱𠆢力
𭄟	⿱工力
𭄠	⿰𠂎力
𭄡	⿱⿻十⿲丨𠄠丨力
𭄢	⿱加么
𭄣	⿱⿰犭丸力
𭄤	⿲彳力亍
𭄥	⿱如力
𭄦	⿰⿱土方力
𭄧	⿹⿻𫠠⿱口冖力
𭄨	⿰身力
𭄩	⿹？力
𭄪	⿰⿱台十力
𭄫	⿱𬎿力
𭄬	⿰幸力
𭄭	⿱其力
𭄮	⿱⿰牙又历
𭄯	⿱⿰牙攵力
𭄰	⿰果力
𭄱	⿰加瓜
𭄲	⿰空力
𭄳	⿰苴力
𭄴	⿰𫟯力
𭄵	⿰韋力
𭄶	⿱敄力
𭄷	⿰力益
𭄸	⿱旅力
𭄹	⿱幼男
𭄺	⿱敕力
𭄻	⿱加拉
𭄼	⿱敏力
𭄽	⿱⿰弟攵力
𭄾	⿰䖏力
𭄿	⿰⿱龷隹力
𭅀	⿰雲力
𭅁	⿰貴力
𭅂	⿰異力
𭅃	⿰𮥹力
𭅄	⿹勹又
𭅅	⿹勹⿺𠃊又
𭅆	⿹勹井
𭅇	⿹勹占
𭅈	⿹勹市
𭅉	⿰勿斤
𭅊	⿹勹⿱䒑⿺𠃊⺊
𭅋	⿹勹豆
𭅌	⿰其勺
𭅍	⿸？⿻勿㐅
𭅎	⿰𠦝包
𭅏	⿰奉包
𭅐	⿸⿱丷厂匕
𭅑	⿱龹匕
𭅒	⿱⿻𦍌㇒匕
𭅓	⿰𠦝匕
𭅔	⿷匚匕
𭅕	⿷匚于
𭅖	⿸⿾𠃍王
𭅗	⿷匚田
𭅘	⿷匚主
𭅙	⿷匚至
𭅚	⿷匚多
𭅛	⿷匚泠
𭅜	⿷匚𣢟
𭅝	⿷匚⿻妟丷
𭅞	⿷匚敢
𭅟	⿳䒑⿺𠃊㐅𫶧
𭅠	⿱十几
𭅡	⿱甶千
𭅢	⿰半中
𭅣	⿰毕巴
𭅤	⿰⿱⿱㇒⿻日丿十也
𭅥	⿰南久
𭅦	⿱午⿰午午
𭅧	⿰甚升
𭅨	⿰直坐
𭅩	⿱⿲幺言幺十
𭅪	⿰𠦝𡘆
𭅫	⿻卐㗊
𭅬	⿰直索
𭅭	⿰卓𦓔
𭅮	⿰壹⿱皮⿱⿱㇒⿻日丿十
𭅯	⿱⺊⿻尸一
𭅰	⿻⺊⿻尸一
𭅱	⿰卡杀
𭅲	⿴㔾丶
𭅳	⿱丶⿸𰆊丶
𭅴	⿱⿺㇉一卜
𭅵	⿰歹卩
𭅶	⿰圭卩
𭅷	⿱老𰆊
𭅸	⿱早𰆊
𭅹	⿰多㔾
𭅺	⿰？卩
𭅻	⿰危厄
𭅼	⿰乡即
𭅽	⿰多即
𭅾	⿱訥𰆊
𭅿	⿱愁𰆊
𭆀	⿸厂乞
𭆁	⿸厂⿱口乙
𭆂	⿸厂⿱日乙
𭆃	⿸厂民
𭆄	⿸厂⿱⿻𫜹丨几
𭆅	⿸厂皃
𭆆	⿱⿰牙攵厂
𭆇	⿸厂⿰丰欠
𭆈	⿸厂⿰亻糸
𭆉	⿱𠡠厂
𭆊	⿸厂耶
𭆋	⿸厂若
𭆌	⿸厂⿱⿰丰刃大
𭆍	⿸厂草
𭆎	⿸厂𧴫
𭆏	⿸厂𭭋
𭆐	⿸厂⿰⿱丅耳又
𭆑	⿸𭆆万
𭆒	⿱曲𫝕
𭆓	⿸𠩺万
𭆔	⿸厂⿳日処口
𭆕	⿸厂𢽵
𭆖	⿸厂煩
𭆗	⿱那厚
𭆘	⿸鴈⿱⿺𠃊𥃭八
𭆙	⿱厶友
𭆚	⿱厶开
𭆛	⿱比去
𭆜	⿱夾厶
𭆝	⿱厶⿲夕厶厶
𭆞	⿳厶大氺
𭆟	⿱林厶
𭆠	⿰𠫤厷
𭆡	⿱⿰厶刀⿻甲一
𭆢	⿱𠂉？
𭆣	⿱⿰厼欠⿰丿丨
𭆤	⿱厽𱥯
𭆥	⿰㇇又
𭆦	⿱又上
𭆧	⿰戈又
𭆨	⿱又止
𭆩	⿱又在
𭆪	⿱⿰丨申又
𭆫	⿱⿶凵又友
𭆬	⿰𮍌⿱？又
𭆭	⿱又曵
𭆮	⿱谷又
𭆯	⿰屰反
𭆰	⿰𠬶也
𭆱	⿰⿱正⿺㇉一及
𭆲	⿳爫罒又
𭆳	⿱臤云
𭆴	⿰百⿳十？又
𭆵	⿰𡸁⿱𫝀又
𭆶	⿱𠂉⿳罒目又
𭆷	⿰⿱⿳宀一少目又
𭆸	⿱口九
𭆹	⿱入口
𭆺	⿰口干
𭆻	⿰口三
𭆼	⿱口下
𭆽	⿱口上
𭆾	⿱史𠃍
𭆿	⿱口乇
𭇀	⿰口义
𭇁	⿱𫝀口
𭇂	⿰口弓
𭇃	⿰口𡗓
𭇄	⿰可丁
𭇅	⿰口攴
𭇆	⿱口𠂒
𭇇	⿰口氏
𭇈	⿱丯口
𭇉	⿰口长
𭇊	⿱口六
𭇋	⿱巴口
𭇌	⿱刀𠮟
𭇍	⿱九𠮟
𭇎	⿱口可
𭇏	⿰丁各
𭇐	⿱口甘
𭇑	⿱北口
𭇒	⿰口冊
𭇓	⿰口斥
𭇔	⿰口仚
𭇕	⿰句勺
𭇖	⿳口冖干
𭇗	⿰口広
𭇘	⿰口𭙏
𭇙	⿰口汉
𭇚	⿰口头
𭇛	⿰口氷
𭇜	⿰口发
𭇝	⿱山𠮟
𭇞	⿰口划
𭇟	⿰口死
𭇠	⿰吉也
𭇡	⿰口夺
𭇢	⿸？口
𭇣	⿰口旨
𭇤	⿱牛𠮟
𭇥	⿳𠆢爫口
𭇦	⿱臼口
𭇧	⿰口𠇍
𭇨	⿱⿰口𰀪不
𭇩	⿰口？
𭇪	⿱⿰戸又口
𭇫	⿱口州
𭇬	⿰口字
𭇭	⿰口妄
𭇮	⿰口江
𭇯	⿰口刘
𭇰	⿰口⿱⿸尸⿹𠃌丶一
𭇱	⿰召分
𭇲	⿱口欢
𭇳	⿰口欢
𭇴	⿰口并
𭇵	⿰口圻
𭇶	⿰口李
𭇷	⿱可𠮟
𭇸	⿱坂口
𭇹	⿰口巫
𭇺	⿱吹口
𭇻	⿰口芋
𭇼	⿰口𦬊
𭇽	⿰口⿱日巾
𭇾	⿱吅今
𭇿	⿰口伽
𭈀	⿰口私
𭈁	⿰口伸
𭈂	⿰口但
𭈃	⿱处𠮟
𭈄	⿰口体
𭈅	⿰口乱
𭈆	⿱𠂉⿳口一𧘇
𭈇	⿰口𭤔
𭈈	⿰口亩
𭈉	⿰口应
𭈊	⿰口𪩡
𭈋	⿰口⿱刀白
𭈌	⿰口臥
𭈍	⿰叶艮
𭈎	⿰口芺
𭈏	⿰口芙
𭈐	⿰口些
𭈑	⿱吅可
𭈒	⿰口朋
𭈓	⿰口使
𭈔	⿰吹五
𭈕	⿱口往
𭈖	⿰口例
𭈗	⿰口刹
𭈘	⿰口物
𭈙	⿰口肥
𭈚	⿰口𠈗
𭈛	⿰口季
𭈜	⿰口备
𭈝	⿱所口
𭈞	⿰口肩
𭈟	⿰口浅
𭈠	⿰口泛
𭈡	⿰口沮
𭈢	⿰口祁
𭈣	⿰口沬
𭈤	⿰口⿺亢欠
𭈥	⿰口闹
𭈦	⿰口孤
𭈧	⿰口叁
𭈨	⿰叩多
𭈩	⿰口⿸尸⿺友丶
𭈪	⿰口陀
𭈫	⿰口亟
𭈬	⿱⿻土㕥？
𭈭	⿰口⿱日⺝
𭈮	⿰口还
𭈯	⿱吐亥
𭈰	⿱⿻⿳𠮛冖口⿰丨丨一
𭈱	⿰吉老
𭈲	⿰口垣
𭈳	⿲口耳巳
𭈴	⿰口柱
𭈵	⿰口拶
𭈶	⿰⿱口𠀁甫
𭈷	⿰口垠
𭈸	⿱右冝
𭈹	⿰号乕
𭈺	⿰口苾
𭈻	⿰口星
𭈼	⿱吅早
𭈽	⿰口虵
𭈾	⿰口昴
𭈿	⿰口沗
𭉀	⿰含甘
𭉁	⿰合交
𭉂	⿰口很
𭉃	⿰口㿽
𭉄	⿲口舟巳
𭉅	⿱肠史
𭉆	⿰口恨
𭉇	⿰口⿱冖豕
𭉈	⿰口⿱䒑老
𭉉	⿰口活
𭉊	⿰口咨
𭉋	⿰口𫟈
𭉌	⿲口示氏
𭉍	⿰口⿻庚𠃊
𭉎	⿰口弯
𭉏	⿰口怒
𭉐	⿰口姪
𭉑	⿰口限
𭉒	⿱那可
𭉓	⿰口降
𭉔	⿱那𫩑
𭉕	⿰口⿳厶一虫
𭉖	⿱尾𠮟
𭉗	⿰口结
𭉘	⿱𠂉⿺𠃊品
𭉙	⿰口⿱䒑合
𭉚	⿰口埃
𭉛	⿲口扌𭥐
𭉜	⿰口捚
𭉝	⿰口殊
𭉞	⿰口郝
𭉟	⿰口晋
𭉠	⿱⿳丰丷一吋
𭉡	⿰口荏
𭉢	⿰尙司
𭉣	⿰口𡌓
𭉤	⿰口𧉘
𭉥	⿰咼亢
𭉦	⿱具𠮟
𭉧	⿰口党
𭉨	⿰口隽
𭉩	⿰口倍
𭉪	⿰口特
𭉫	⿰口修
𭉬	⿰口𥞊
𭉭	⿰口狸
𭉮	⿰口扇
𭉯	⿰口𭭉
𭉰	⿰口悟
𭉱	⿰口悖
𭉲	⿰口效
𭉳	⿰口冥
𭉴	⿰口𣵀
𭉵	⿱丷⿸厂⿳比？口
𭉶	⿰口𭙜
𭉷	⿰口祖
𭉸	⿰口祗
𭉹	⿲口弓䖝
𭉺	⿰口娜
𭉻	⿰口娘
𭉼	⿰口难
𭉽	⿰⿱𣁁口公
𭉾	⿰口專
𭉿	⿰口⿱？夕
𭊀	⿱呵衣
𭊁	⿰口捺
𭊂	⿰口梩
𭊃	⿰口梵
𭊄	⿰口𭸋
𭊅	⿰口逝
𭊆	⿱赦口
𭊇	⿰口𭻍
𭊈	⿰口異
𭊉	⿰品司
𭊊	⿰口莑
𭊋	⿰口⿱艹𦒳
𭊌	⿰口虗
𭊍	⿰口患
𭊎	⿱吅阿
𭊏	⿰口⿱⿵𠆢一朋
𭊐	⿰周合
𭊑	⿰口彩
𭊒	⿰口欲
𭊓	⿰口𰓶
𭊔	⿰口𥬒
𭊕	⿰口脫
𭊖	⿱欲口
𭊗	⿰口第
𭊘	⿰口部
𭊙	⿰口庾
𭊚	⿰口𢈻
𭊛	⿰口鹿
𭊜	⿰口断
𭊝	⿰君吞
𭊞	⿰口𭄶
𭊟	⿰口將
𭊠	⿰口絁
𭊡	⿰吉若
𭊢	⿱馬𠮟
𭊣	⿰哥皮
𭊤	⿰口雲
𭊥	⿰口𧹞
𭊦	⿰口焚
𭊧	⿲𠯪王歹
𭊨	⿰口⿱夻羽
𭊩	⿰口⿱面土
𭊪	⿰口揭
𭊫	⿰口期
𭊬	⿱䓁𠮟
𭊭	⿰口菴
𭊮	⿰口⿳艹一坐
𭊯	⿰口⿱品亐
𭊰	⿰口⿸虍⿹⿺㇉一灬
𭊱	⿰口跛
𭊲	⿱𠱠⿲𠂈丩丩
𭊳	⿰口悶
𭊴	⿰口臰
𭊵	⿰口⿱利尒
𭊶	⿲口多多
𭊷	⿰口御
𭊸	⿰口腊
𭊹	⿰口𮞨
𭊺	⿰口𢉆
𭊻	⿰口寒
𭊼	⿱洒吒
𭊽	⿰口絡
𭊾	⿰口絰
𭊿	⿰口絙
𭋀	⿲口糸䏍
𭋁	⿰口叅
𭋂	⿰⿱口十責
𭋃	⿰口𭝤
𭋄	⿰口⿱⿱士冖疌
𭋅	⿰口⿰𠤕⿱𠆢木
𭋆	⿱敬口
𭋇	⿰口⿱艹⿸厂𢎿
𭋈	⿰口罪
𭋉	⿰單丹
𭋊	⿰口⿳罒口田
𭋋	⿰口圓
𭋌	⿰口甞
𭋍	⿰咢⿱𠂉𫨂
𭋎	⿰口暗
𭋏	⿰口置
𭋐	⿰口脾
𭋑	⿰口犍
𭋒	⿰口鄔
𭋓	⿰口稜
𭋔	⿰口⿱白幸
𭋕	⿲口亻⿱亡隹
𭋖	⿰口⿱斦田
𭋗	⿰口運
𭋘	⿰⿱䒑句⿱䒑句
𭋙	⿰口祿
𭋚	⿱訥𠮟
𭋛	⿳古冖⿱𠀎𧘇
𭋜	⿰口遠
𭋝	⿰口𢾾
𭋞	⿰口榜
𭋟	⿰口酸
𭋠	⿰吉常
𭋡	⿰口甄
𭋢	⿰口𮧊
𭋣	⿰口熬
𭋤	⿲口𠤕余
𭋥	⿰口夢
𭋦	⿰口蓍
𭋧	⿱吅⿰阝⿳目一八
𭋨	⿲口亻⿱？友
𭋩	⿰口舞
𭋪	⿰口慱
𭋫	⿰口漠
𭋬	⿰口端
𭋭	⿰口誦
𭋮	⿰口網
𭋯	⿰口嫰
𭋰	⿰口璃
𭋱	⿰口𭐘
𭋲	⿰口韯
𭋳	⿰口輪
𭋴	⿰口頡
𭋵	⿰吉掌
𭋶	⿰口樓
𭋷	⿰咠咠
𭋸	⿲口𠤕⿱𠆢米
𭋹	⿲口𥘈籴
𭋺	⿰口𨽻
𭋻	⿰口⿰⿱上示余
𭋼	⿰口慕
𭋽	⿰口蔓
𭋾	⿳吅耳吅
𭋿	⿰口𢀩
𭌀	⿱倶⿻十吅
𭌁	⿰口⿱俞羽
𭌂	⿰口諂
𭌃	⿰口⿸广𢛧
𭌄	⿰口調
𭌅	⿰口羯
𭌆	⿰口履
𭌇	⿰口隣
𭌈	⿰口練
𭌉	⿱⿰尹阝𠵨
𭌊	⿰喜見
𭌋	⿰口輸
𭌌	⿳⿱十吅冖⿱𠀎𧘇
𭌍	⿰口頳
𭌎	⿰口覩
𭌏	⿰口𣫆
𭌐	⿱瑟吒
𭌑	⿰口頴
𭌒	⿰口穎
𭌓	⿱戰口
𭌔	⿱⿲口丨人𠪚
𭌕	⿰口蕫
𭌖	⿰口⿱艹𣓏
𭌗	⿰噓予
𭌘	⿰口黔
𭌙	⿲口貝⿻者丶
𭌚	⿰口𨽾
𭌛	⿱倶⿱艹吅
𭌜	⿰口儗
𭌝	⿰口劔
𭌞	⿰口儞
𭌟	⿰口⿱𦍌⿻秀？
𭌠	⿰善走
𭌡	⿰口彊
𭌢	⿰口鞞
𭌣	⿰口翳
𭌤	⿰口螫
𭌥	⿰口曖
𭌦	⿰口鴜
𭌧	⿰口薫
𭌨	⿱嗚吽
𭌩	⿰口闇
𭌪	⿳𠱯目吅
𭌫	⿰口臈
𭌬	⿰口⿱𥫗髙
𭌭	⿰口儨
𭌮	⿰口嬭
𭌯	⿰口縳
𭌰	⿰口𪘂
𭌱	⿰口𧫦
𭌲	⿰口雞
𭌳	⿱告𠼑
𭌴	⿰⿱口䀠⿱𢩭厶
𭌵	⿰口𮒛
𭌶	⿰口穫
𭌷	⿱倶⿰吅吅
𭌸	⿰哈達
𭌹	⿰口禰
𭌺	⿱嚩日
𭌻	⿰口⿰⿱刀臼鳥
𭌼	⿰口⿱欼酉
𭌽	⿰口嬾
𭌾	⿰口藺
𭌿	⿰口齡
𭍀	⿰口黨
𭍁	⿰告磨
𭍂	⿰口騰
𭍃	⿰口懺
𭍄	⿰口嚲
𭍅	⿰口譬
𭍆	⿰口露
𭍇	⿰口驃
𭍈	⿰口曩
𭍉	⿰㗖鳥
𭍊	⿰口鑁
𭍋	⿰口纈
𭍌	⿰口籠
𭍍	⿰口儼
𭍎	⿰口聾
𭍏	⿰口讀
𭍐	⿰口𪘨
𭍑	⿰口體
𭍒	⿰口𭨒
𭍓	⿲⿳口正寸木𪧺
𭍔	⿱嚬卑
𭍕	⿱⿰口賏鳥
𭍖	⿰⿳吅正共⿳太日寸
𭍗	⿰口爤
𭍘	⿰口纜
𭍙	⿱⿰吅吅⿰阝⿱賏𢩭
𭍚	⿴囗几
𭍛	⿴囗⿱儿厶
𭍜	⿴囗仓
𭍝	⿴囗去
𭍞	⿴囗⿱𠆢日
𭍟	⿴囗江
𭍠	⿱龶回
𭍡	⿰回戈
𭍢	⿴囗狂
𭍣	⿴囗⿱夕方
𭍤	⿴囗辛
𭍥	⿱龶囬
𭍦	⿴囗芳
𭍧	⿴囗肯
𭍨	⿰回出
𭍩	⿴囗咸
𭍪	⿴囗咠
𭍫	⿴囗祘
𭍬	⿴囗責
𭍭	⿴囗異
𭍮	⿰回或
𭍯	⿴囗魚
𭍰	⿴囗淮
𭍱	⿴囗⿱王玨
𭍲	⿰國介
𭍳	⿴囗曾
𭍴	⿴囗僉
𭍵	⿴囗算
𭍶	⿱⿰𠤕圣回
𭍷	⿰國或
𭍸	⿴囗舊
𭍹	⿱圓⿰阝⿰⿱禾木刂
𭍺	⿱入土
𭍻	⿱⿰⿰丿丨？土
𭍼	⿰丩圡
𭍽	⿱土也
𭍾	⿰土支
𭍿	⿰土开
𭎀	⿰土匂
𭎁	⿱氏土
𭎂	⿰土从
𭎃	⿰土冘
𭎄	⿰土切
𭎅	⿰土厉
𭎆	⿳一厸土
𭎇	⿱少𡈽
𭎈	⿵冂⿱土子
𭎉	⿰土外
𭎊	⿱白土
𭎋	⿰土𭤟
𭎌	⿰土乍
𭎍	⿱幼土
𭎎	⿱⿱土八干
𭎏	⿰土臣
𭎐	⿱圯土
𭎑	⿰土⿸厂火
𭎒	⿰土寺
𭎓	⿰土早
𭎔	⿰土此
𭎕	⿱土？
𭎖	⿰土𫥞
𭎗	⿱自土
𭎘	⿰土缶
𭎙	⿳䒑口土
𭎚	⿰土汗
𭎛	⿰土羽
𭎜	⿰土寿
𭎝	⿰土吞
𭎞	⿰土豆
𭎟	⿰土否
𭎠	⿰土𡉤
𭎡	⿰土㫖
𭎢	⿱𤰜土
𭎣	⿰土足
𭎤	⿰土⿱𠂉旦
𭎥	⿰土宋
𭎦	⿱沐土
𭎧	⿰土甸
𭎨	⿰土沃
𭎩	⿰土坴
𭎪	⿰土𪠆
𭎫	⿰土表
𭎬	⿰土幸
𭎭	⿸虎土
𭎮	⿱明土
𭎯	⿰土⿱日⺝
𭎰	⿰土季
𭎱	⿰土近
𭎲	⿺夜土
𭎳	⿰土⿳亠口？
𭎴	⿱陃土
𭎵	⿱抳土
𭎶	⿰土哉
𭎷	⿰土⿱丰皿
𭎸	⿰土頁
𭎹	⿰土面
𭎺	⿰土郁
𭎻	⿰土匧
𭎼	⿰土哏
𭎽	⿱⿰巾有土
𭎾	⿰土⿱⿻𦥑丨又
𭎿	⿰土䑣
𭏀	⿰垂天
𭏁	⿰土𤔆
𭏂	⿱恨土
𭏃	⿱恒土
𭏄	⿱洽土
𭏅	⿰土帝
𭏆	⿰土宨
𭏇	⿱郊土
𭏈	⿱洎土
𭏉	⿰土畓
𭏊	⿰土𡱝
𭏋	⿰土柔
𭏌	⿰土𥘿
𭏍	⿰土⿱？勿
𭏎	⿰土耆
𭏏	⿱⿰日后土
𭏐	⿰土⿱山完
𭏑	⿱候土
𭏒	⿰土候
𭏓	⿱俊𡈽
𭏔	⿰土爹
𭏕	⿰土⿳冖二羽
𭏖	⿰土席
𭏗	⿰土衰
𭏘	⿰土⿺辶⿱丷天
𭏙	⿱能土
𭏚	⿱除土
𭏛	⿰土⿱冖𠱄
𭏜	⿰土般
𭏝	⿱⿲木夕木土
𭏞	⿱巫坐
𭏟	⿰土虗
𭏠	⿰土堂
𭏡	⿰土崖
𭏢	⿱得土
𭏣	⿰土𰲝
𭏤	⿰土造
𭏥	⿰土祭
𭏦	⿰土盖
𭏧	⿰土寀
𭏨	⿰土冨
𭏩	⿰土⿱⿲二人二目
𭏪	⿱厥土
𭏫	⿰土莾
𭏬	⿰土畢
𭏭	⿱敞土
𭏮	⿰埀央
𭏯	⿰坐委
𭏰	⿱淵土
𭏱	⿰土廊
𭏲	⿱執𧘇
𭏳	⿱𪠮土
𭏴	⿰土屠
𭏵	⿰土⿱羽向
𭏶	⿱勤土
𭏷	⿱椽土
𭏸	⿰土遗
𭏹	⿰土⿳𠂉吅⿵𠘨土
𭏺	⿱溯土
𭏻	⿱新土
𭏼	⿱⿰畗丸土
𭏽	⿰土﨎
𭏾	⿰土聞
𭏿	⿱能坐
𭐀	⿰土⿱面旦
𭐁	⿰土慮
𭐂	⿱滕土
𭐃	⿱範土
𭐄	⿰土墮
𭐅	⿰堇免
𭐆	⿺堯見
𭐇	⿰土穆
𭐈	⿰土徽
𭐉	⿱𣿕土
𭐊	⿰度基
𭐋	⿱豁土
𭐌	⿰土藍
𭐍	⿳畾冖圡
𭐎	⿰土⿳䒑⿲止自匕夊
𭐏	⿰土覇
𭐐	⿰土顥
𭐑	⿰墨敢
𭐒	⿱士加
𭐓	⿰𫯂丸
𭐔	⿳⿱士冖加力
𭐕	⿰壴久
𭐖	⿳吉一吋
𭐗	⿱𠶮小
𭐘	⿰𰧭余
𭐙	⿳⿳吉乛工一吋
𭐚	⿰壹否
𭐛	⿰壹枽
𭐜	⿰⿱士絲⿱而口
𭐝	⿻夂𰀪
𭐞	⿺夂豆
𭐟	⿱乡又
𭐠	⿱正夊
𭐡	⿱必夊
𭐢	⿱？夊
𭐣	⿱？夊
𭐤	⿱充夊
𭐥	⿱⿳𠂉⿴⿰丨丨𠄠一夊
𭐦	⿳亦一夊
𭐧	⿱林夊
𭐨	⿺夌主
𭐩	⿰夋牟
𭐪	⿰夋夋
𭐫	⿳⿱爫冖必夊
𭐬	⿳⿱⺈罒旧夊
𭐭	⿺夌咅
𭐮	⿰𣅌⿱一𡕥
𭐯	⿱賏夊
𭐰	⿰千憂
𭐱	⿳䒑⿲止自巳夊
𭐲	⿰夏番
𭐳	⿵⿻⿰𠂊卜一丶
𭐴	⿱𠚤夕
𭐵	⿰夕尹
𭐶	⿰多又
𭐷	⿱夕周
𭐸	⿰夕⿱⿻丿飞⿻丿飞
𭐹	⿰多托
𭐺	⿺夜壬
𭐻	⿺夜云
𭐼	⿰岁卑
𭐽	⿰多來
𭐾	⿰多架
𭐿	⿺夜含
𭑀	⿰多崬
𭑁	⿺夜舀
𭑂	⿱九大
𭑃	⿱大于
𭑄	⿱凶大
𭑅	⿻大⿱？冂
𭑆	⿱天云
𭑇	⿰天云
𭑈	⿰天天
𭑉	⿱㕣大
𭑊	⿱龹⺀
𭑋	⿱⿰冫士大
𭑌	⿰夫巨
𭑍	⿱吕大
𭑎	⿰头斗
𭑏	⿱⺈𦉼
𭑐	⿱失母
𭑑	⿳爫𠫔大
𭑒	⿱𠂉𦉼
𭑓	⿰孛太
𭑔	⿱列失
𭑕	⿱𭃚大
𭑖	⿱龹市
𭑗	⿱大⿱覀土
𭑘	⿻夫叕
𭑙	⿱天門
𭑚	⿱夭朋
𭑛	⿰头否
𭑜	⿱一𦤑
𭑝	⿱夾圭
𭑞	⿱⿰氵⿱⺈田大
𭑟	⿱𮠚大
𭑠	⿰大貫
𭑡	⿰⿱⿻千𠈌一夬
𭑢	⿰奠丈
𭑣	⿱奞旧
𭑤	⿱𠪚大
𭑥	⿰奢多
𭑦	⿰票⿱𡗜亐
𭑧	⿰女卜
𭑨	⿱八女
𭑩	⿱乃女
𭑪	⿰女刀
𭑫	⿰女乜
𭑬	⿰女亡
𭑭	⿱巳女
𭑮	⿰女㐄
𭑯	⿰女⿹勹㐅
𭑰	⿰女目
𭑱	⿰女甲
𭑲	⿱𠀐女
𭑳	⿰女冋
𭑴	⿰女矛
𭑵	⿱幼女
𭑶	⿱肉女
𭑷	⿰女早
𭑸	⿰女农
𭑹	⿰女关
𭑺	⿰女戒
𭑻	⿰女匣
𭑼	⿰女呆
𭑽	⿰女闷
𭑾	⿱女形
𭑿	⿵戊⿱丷女
𭒀	⿱⿰牙攵女
𭒁	⿱玨女
𭒂	⿱𠱀女
𭒃	⿰女臽
𭒄	⿰女忿
𭒅	⿰女耶
𭒆	⿰女⿰臣巳
𭒇	⿰女毘
𭒈	⿰女眇
𭒉	⿰女泉
𭒊	⿱好安
𭒋	⿰姦干
𭒌	⿰女拏
𭒍	⿰要夭
𭒎	⿰女⿱𡗗电
𭒏	⿰女羙
𭒐	⿱流女
𭒑	⿰女⿳亠口⿱冖巾
𭒒	⿱⿸耳又奻
𭒓	⿱⿲木夕木女
𭒔	⿰女⿳艹⿱一艹口
𭒕	⿱啵女
𭒖	⿰女𭭎
𭒗	⿰女亀
𭒘	⿱敏女
𭒙	⿰女⿱今⿵冂𢆉
𭒚	⿰女⿱合𠕁
𭒛	⿰女密
𭒜	⿰女陳
𭒝	⿱將女
𭒞	⿱減女
𭒟	⿰女絰
𭒠	⿰女矞
𭒡	⿰女𠔥
𭒢	⿰女雽
𭒣	⿰女⿱𫇦豕
𭒤	⿰女⿱呑⿵𦉪丅
𭒥	⿰女舅
𭒦	⿰女厭
𭒧	⿰女徵
𭒨	⿰女窩
𭒩	⿰女憂
𭒪	⿰女䝾
𭒫	⿰女數
𭒬	⿰女⿱合南
𭒭	⿰女䴡
𭒮	⿰女蕳
𭒯	⿱艹嬖
𭒰	⿰婁姿
𭒱	⿱賏安
𭒲	⿱宀嬰
𭒳	⿰女𪪧
𭒴	⿰女曩
𭒵	⿰女孌
𭒶	⿰子丁
𭒷	⿰子儿
𭒸	⿰子厶
𭒹	⿰子力
𭒺	⿰子凡
𭒻	⿰子义
𭒼	⿰子己
𭒽	⿰子且
𭒾	⿰子甲
𭒿	⿰子生
𭓀	⿰子兰
𭓁	⿰子在
𭓂	⿰子糸
𭓃	⿰子克
𭓄	⿰子报
𭓅	⿰子孚
𭓆	⿰字之
𭓇	⿳⿲丨丨⿻丨𰀪冖子
𭓈	⿰子武
𭓉	⿰子青
𭓊	⿰子奇
𭓋	⿱𫩠子
𭓌	⿰子侖
𭓍	⿰子宜
𭓎	⿰子⿵门东
𭓏	⿰子畐
𭓐	⿰子英
𭓑	⿰子思
𭓒	⿰子是
𭓓	⿰学丑
𭓔	⿰𬽊⿵九丶
𭓕	⿳⿲⿰丨丨？⿹𠃍𠄠冖子
𭓖	⿰字助
𭓗	⿳⿲刂歹𫜹冖子
𭓘	⿳⿲⿰丨丨爻⿹𠃍𠄠冖子
𭓙	⿰字書
𭓚	⿰学官
𭓛	⿰子⿳𠮥八免
𭓜	⿰孚童
𭓝	⿱䜌𡥦
𭓞	⿱宀山
𭓟	⿱宀牙
𭓠	⿱宀午
𭓡	⿱宀巴
𭓢	⿱宀⿻一水
𭓣	⿱宀甘
𭓤	⿱宀布
𭓥	⿱宀占
𭓦	⿱宀禾
𭓧	⿱宀叐
𭓨	⿱宀兰
𭓩	⿱宀𡖅
𭓪	⿱宀光
𭓫	⿱宀自
𭓬	⿱宀舛
𭓭	⿱宀休
𭓮	⿱宀老
𭓯	⿱宀舌
𭓰	⿱宀⿸𠂇用
𭓱	㇯寓冂
𭓲	⿱宀角
𭓳	⿳宀立丁
𭓴	⿱宀到
𭓵	⿱宀𣏼
𭓶	⿱宀卓
𭓷	⿱宀歩
𭓸	⿳宀𠔼冋
𭓹	⿱宀⿰爪爪
𭓺	⿱宀怽
𭓻	⿱宀泌
𭓼	⿱宀法
𭓽	⿳宀癶山
𭓾	⿱宀⿺元文
𭓿	⿱宀⿳旧一八
𭔀	⿳宀𭼽山
𭔁	⿱宀⿰亻旲
𭔂	⿱宀彦
𭔃	⿱宀竒
𭔄	⿳宀尸⿱皿亅
𭔅	⿱宀𰋿
𭔆	⿱宀夏
𭔇	⿰宜尼
𭔈	⿰宜以
𭔉	⿱宀⿷⿱甶儿厶
𭔊	⿱穴⿷⿱日儿厶
𭔋	⿱宀悎
𭔌	⿱宀⿱一⿰？⿺乚日
𭔍	⿱宀敏
𭔎	⿱宀悉
𭔏	⿱宀⿰爿告
𭔐	⿱宀巢
𭔑	⿳宀北免
𭔒	⿰宜我
𭔓	⿱宀焦
𭔔	⿱宀𧙿
𭔕	⿱宀奠
𭔖	⿱宀⿰女厘
𭔗	⿱宀⿱艹𪫩
𭔘	⿱宀⿰爿星
𭔙	⿱宀詧
𭔚	⿱宀遠
𭔛	⿰⿳宀⿻㇒土口巠
𭔜	⿱宀⿰牜臬
𭔝	⿱𫲽冓
𭔞	⿰寧也
𭔟	⿳宀玨貝
𭔠	⿰⿳宀龶口空
𭔡	⿱宀⿰丿𮧇
𭔢	⿱宀⿰柰見
𭔣	⿱宀蕎
𭔤	⿰寧孕
𭔥	⿰寧⿹⿺㇉一灬
𭔦	⿰寧各
𭔧	⿰寧夜
𭔨	⿰寧委
𭔩	⿱万寸
𭔪	⿰匹寸
𭔫	⿱⿰工几寸
𭔬	⿰丩𪧷
𭔭	⿱地寸
𭔮	⿰𠧗寸
𭔯	⿱多寸
𭔰	⿰豆寸
𭔱	⿸𫝕寸
𭔲	⿱忌寸
𭔳	⿰㝵也
𭔴	⿱陀寸
𭔵	⿰⿱卉土寸
𭔶	⿰甚寸
𭔷	⿺⿳⺈田儿寸
𭔸	⿰𭎙寸
𭔹	⿰荎寸
𭔺	⿱倶寸
𭔻	⿱浪寸
𭔼	⿱⿰阝良寸
𭔽	⿱⿰阝⿳目一八寸
𭔾	⿰⿳业口土寸
𭔿	⿳八？寸
𭕀	⿰壹寸
𭕁	⿱最寸
𭕂	⿱圓寸
𭕃	⿰專厓
𭕄	⿲丶丶㇒
𭕅	⿰小及
𭕆	⿱⺌贝
𭕇	⿱天小
𭕈	⿰当丁
𭕉	⿱立小
𭕊	⿰小衣
𭕋	⿱𭃡尒
𭕌	⿰小意
𭕍	⿺尣干
𭕎	⿺兀田
𭕏	⿺兀易
𭕐	⿰⿱亠旦尤
𭕑	⿺兀⿳田一𧘇
𭕒	⿰亰尤
𭕓	⿰畗尤
𭕔	⿸尸冂
𭕕	⿸尸本
𭕖	⿸尸⿺友丶
𭕗	⿰尼也
𭕘	⿸尸目
𭕙	⿸尸⿰扌𰀁
𭕚	⿸尸地
𭕛	⿸尸虫
𭕜	⿸尸向
𭕝	⿸尸⿻⿰二二十
𭕞	⿸尸𫹏
𭕟	⿰尾也
𭕠	⿸尸垂
𭕡	⿸尸⿱⿰冫人㐄
𭕢	⿺尺赤
𭕣	⿸尸拘
𭕤	⿸尸則
𭕥	⿸尸夏
𭕦	⿺是尺
𭕧	⿺尾衣
𭕨	⿺尾各
𭕩	⿸尸⿷⿱甶儿厶
𭕪	⿸尸師
𭕫	⿸尸徒
𭕬	⿸尸⿱文羊
𭕭	⿸尸⿳土中禸
𭕮	⿰居老
𭕯	⿸尸⿱⿻儿⿰二二⿻八𰀁
𭕰	⿸尸𮫙
𭕱	⿰尼奚
𭕲	⿱⿰牙攵尾
𭕳	⿰尾臽
𭕴	⿰⿸尸言⿱⿵𠆢丶龴
𭕵	⿸尸湮
𭕶	⿰𡰶尃
𭕷	⿸尸撟
𭕸	⿸尸⿱林呂
𭕹	⿰居捨
𭕺	⿲尾火㸓
𭕻	⿰居僉
𭕼	⿸尸⿱䀠⿷⿱甶儿厶
𭕽	⿰居撿
𭕾	⿱㇒㞢
𭕿	⿳㇒⿻凵丨⿰㇀丶
𭖀	⿰山⿰㇇丶
𭖁	⿰山三
𭖂	⿰山于
𭖃	⿱山久
𭖄	⿰山下
𭖅	⿰山⿸厂厶
𭖆	⿱山厄
𭖇	⿰山止
𭖈	⿻山⿰⿰丨丨⿰丨丨
𭖉	⿰山冘
𭖊	⿱㓁山
𭖋	⿱山瓦
𭖌	⿰山旦
𭖍	⿱山且
𭖎	⿰山片
𭖏	⿳山𠆢土
𭖐	⿱山市
𭖑	⿱山必
𭖒	⿱山龶
𭖓	⿰山𢆉
𭖔	⿱加山
𭖕	⿱山匡
𭖖	⿰山百
𭖗	⿱山⿰支力
𭖘	⿰山在
𭖙	⿰山光
𭖚	⿱山多
𭖛	⿱汖凵
𭖜	⿱水仚
𭖝	⿰山好
𭖞	⿰山𢆶
𭖟	⿰山达
𭖠	⿱山均
𭖡	⿱山克
𭖢	⿱山甫
𭖣	⿱山冏
𭖤	⿰山乕
𭖥	⿱山𡕙
𭖦	⿱山谷
𭖧	⿰山汪
𭖨	⿱山夋
𭖩	⿰山幸
𭖪	⿰山毒
𭖫	⿱山𭇎
𭖬	⿰山昇
𭖭	⿰山卓
𭖮	⿰山⿺辶⿱㇒⿺𠃊⺊
𭖯	⿰岳大
𭖰	⿱山陀
𭖱	⿱山居
𭖲	⿱？山
𭖳	⿰山𣢟
𭖴	⿰山𬙙
𭖵	⿱山毘
𭖶	⿰山省
𭖷	⿰山⿱刍心
𭖸	⿱山敀
𭖹	⿰山盾
𭖺	⿰山𦏾
𭖻	⿰山⿰？卩
𭖼	⿰山⿻千⿱比二
𭖽	⿱秋山
𭖾	⿱山𦍑
𭖿	⿱山恒
𭗀	⿱山哲
𭗁	⿱山桓
𭗂	⿰岗光
𭗃	⿱山島
𭗄	⿰山⿳爫幺夊
𭗅	⿱山孫
𭗆	⿱山益
𭗇	⿰山⿳士⿱乛一吋
𭗈	⿰山𦒿
𭗉	⿱山𮍏
𭗊	⿱山⿰𫯝欠
𭗋	⿰山雀
𭗌	⿱山甜
𭗍	⿱山章
𭗎	⿸鹿山
𭗏	⿱山密
𭗐	⿱山敢
𭗑	⿰山屚
𭗒	⿱山⿲彳歹攵
𭗓	⿱山⿲彳王攵
𭗔	⿱山椎
𭗕	⿱山𭆐
𭗖	⿱山喜
𭗗	⿰山萦
𭗘	⿱山菐
𭗙	⿱山睂
𭗚	⿱山傅
𭗛	⿰山爲
𭗜	⿱山絶
𭗝	⿰山進
𭗞	⿰山⿸广胃
𭗟	⿺𫵼交
𭗠	⿱山幹
𭗡	⿰山蓋
𭗢	⿰山獄
𭗣	⿰山頗
𭗤	⿱山遠
𭗥	⿰山⿺辶⿳襾大㔾
𭗦	⿱山⿰扌棄
𭗧	⿰岸舀
𭗨	⿰山⿹𢦏⿱非一
𭗩	⿲山虗兮
𭗪	⿱山𥡂
𭗫	⿰山履
𭗬	⿰山燕
𭗭	⿳山吅⿸耳攵
𭗮	⿰山曇
𭗯	⿰山衡
𭗰	⿱山凝
𭗱	⿱隨山
𭗲	⿱山戲
𭗳	⿰山薜
𭗴	⿱山鮮
𭗵	⿰山聶
𭗶	⿱山藏
𭗷	⿰山⿳山十𠪚
𭗸	⿱山⿰真真
𭗹	⿰山⿱免⿰免免
𭗺	⿱巛七
𭗻	⿳一𫶧？
𭗼	⿱巛山
𭗽	⿱巛天
𭗾	⿱巛凶
𭗿	⿱巛歺
𭘀	⿲⿰冫丿丬丬
𭘁	⿰夋巛
𭘂	⿹⺄工
𭘃	⿱工下
𭘄	⿰工兀
𭘅	⿰工⿹勹丶
𭘆	⿻王从
𭘇	⿰工各
𭘈	⿰巨今
𭘉	⿰左兒
𭘊	⿸⿱丷厂巳
𭘋	⿱由巳
𭘌	⿰由巳
𭘍	⿰臣己
𭘎	⿱工巷
𭘏	⿱巴拉
𭘐	⿰𦚏⿱巳共
𭘑	⿸𠂋巾
𭘒	⿱𫜹巾
𭘓	⿰巾无
𭘔	⿰巾午
𭘕	⿰巾未
𭘖	⿰巾古
𭘗	⿰巾㘝
𭘘	⿰巾令
𭘙	⿰巾它
𭘚	⿰巾台
𭘛	⿰巾⿸厂火
𭘜	⿰巾光
𭘝	⿰巾宅
𭘞	⿰巾各
𭘟	⿰布发
𭘠	⿰巾見
𭘡	⿰巾呈
𭘢	⿱利巾
𭘣	⿱五吊
𭘤	⿰巾⿱𦍌几
𭘥	⿰巾⿱巛龱
𭘦	⿰巾甾
𭘧	⿳𠦜冖巾
𭘨	⿰布弟
𭘩	⿰巾昜
𭘪	⿰巾胃
𭘫	⿰巾⿱白勿
𭘬	⿰帝也
𭘭	⿰巾亭
𭘮	⿰巾𮧯
𭘯	⿰布朋
𭘰	⿰巾尃
𭘱	⿰巾骨
𭘲	⿰巾華
𭘳	⿳帝一𧘇
𭘴	⿰巾被
𭘵	⿰巾貴
𭘶	⿰巾豦
𭘷	⿱敬巾
𭘸	⿰帛帛
𭘹	⿰布落
𭘺	⿰益帚
𭘻	⿰巾𡪺
𭘼	⿰巾⿱𠔿登
𭘽	⿰帝爾
𭘾	⿻午二
𭘿	⿰干去
𭙀	⿰干占
𭙁	⿰平文
𭙂	⿰年比
𭙃	⿰干良
𭙄	⿰年咅
𭙅	⿰年卑
𭙆	⿰卑年
𭙇	⿰并曾
𭙈	⿱幺𠃌
𭙉	⿹⺄幺
𭙊	⿰幺丁
𭙋	⿰幺匀
𭙌	⿹⿻⿱𢆶一㇂㇉
𭙍	⿸广几
𭙎	⿸广又
𭙏	⿸广了
𭙐	⿸广乞
𭙑	⿰丶⿸广⿰丶丶
𭙒	⿸广子
𭙓	⿸广尤
𭙔	⿸广殳
𭙕	⿸广手
𭙖	⿸广夭
𭙗	⿸广弖
𭙘	⿸广央
𭙙	⿸广⿻⺕⿻㇂㇒
𭙚	⿸广夷
𭙛	⿸广光
𭙜	⿸广更
𭙝	⿸广每
𭙞	⿸广含
𭙟	⿸广⿻从大
𭙠	⿸广役
𭙡	⿸广甬
𭙢	⿸广兒
𭙣	⿸广垂
𭙤	⿸广壴
𭙥	⿸广専
𭙦	⿸广复
𭙧	⿸广⿱⿻⺕丨匆
𭙨	⿸广⿺辶⿸⿻一肀一
𭙩	⿸广般
𭙪	⿰底以
𭙫	⿸广⿰𢆉艮
𭙬	⿸广羗
𭙭	⿸广差
𭙮	⿸广⿱比言
𭙯	⿸广𧴹
𭙰	⿸广⿳大士业
𭙱	⿸广𢽐
𭙲	⿸广售
𭙳	⿸㢈土
𭙴	⿸广單
𭙵	⿸广猒
𭙶	⿸㢈⺝
𭙷	⿸广復
𭙸	⿸广粦
𭙹	⿸广隆
𭙺	⿸广𭘧
𭙻	⿸广裂
𭙼	⿸广熙
𭙽	⿸麻去
𭙾	⿸广⿱十𭾱
𭙿	⿸广萬
𭚀	⿸广⿱北⿰⿱又𠄌㕛
𭚁	⿱广𫟚
𭚂	⿸广⿰𦚏𫧇
𭚃	⿸广⿱⿰尸𠇊日
𭚄	⿸𢊆心
𭚅	⿸广𡡴
𭚆	⿸广⿰黑阝
𭚇	⿸𢊆石
𭚈	⿸广奭
𭚉	⿸麻⿱𠔿⺝
𭚊	⿸广⿱北鳥
𭚋	⿱𭙵手
𭚌	⿸广⿱⿰黒阝土
𭚍	⿸广贅
𭚎	⿸广羴
𭚏	⿸广⿱車䖵
𭚐	⿸广⿰⿱日⺝⿱犬里
𭚑	⿸䧹髙
𭚒	⿺廴⿱一⿺乚⺀
𭚓	⿺廴⿻𱍸㇒
𭚔	⿺廴丰
𭚕	⿺廴生
𭚖	⿱𠂤廾
𭚗	⿱𭸵⿸廾丶
𭚘	⿱⿰生刀廾
𭚙	⿰弄光
𭚚	⿱符廾
𭚛	⿰弄泉
𭚜	⿱嗎廾
𭚝	⿱⿰𧾷自卄
𭚞	⿰弁爵
𭚟	⿻二弋
𭚠	⿵⿰丿弋丶
𭚡	⿹弋？
𭚢	⿺夌弋
𭚣	⿹弋晋
𭚤	⿰⿱与小式
𭚥	⿱丶𠄎
𭚦	⿰弓广
𭚧	⿰弓殳
𭚨	⿹⿻⿱一弓㇂力
𭚩	⿰弓甘
𭚪	⿰弓斥
𭚫	⿰弓㐱
𭚬	⿰弓吉
𭚭	⿰引尼
𭚮	⿰弓名
𭚯	⿱如弓
𭚰	⿰弓羽
𭚱	⿰弓㞵
𭚲	⿰弓困
𭚳	⿰弓⿱𠂉冉
𭚴	⿰弓宏
𭚵	⿰弓妙
𭚶	⿰弓⿱一⿻⿱丷⺝丨
𭚷	⿰弓⿱口⿻日乚
𭚸	⿰弓⿱𠂉虫
𭚹	⿰弓⿱𠂉⿻口山
𭚺	⿰弓勃
𭚻	⿰弓頁
𭚼	⿰弓⿱口⿻口山
𭚽	⿰弓⿱甶⿻㇒十
𭚾	⿰弟令
𭚿	⿰弓⿱䒑⿰⿵冂⺀刂
𭛀	⿰弓屋
𭛁	⿱业𢎿
𭛂	⿲弓孛弓
𭛃	⿰弓益
𭛄	⿰弓⿸⿸⿰丿⿱⺊⺂七⿱⿻又㇒⺝
𭛅	⿰弓⿻丅⿵冂㸚
𭛆	⿰弓替
𭛇	⿰弱用
𭛈	⿰弓亶
𭛉	⿰弓遂
𭛊	⿰弟家
𭛋	⿱賏弓
𭛌	⿰⿹弓冫畺
𭛍	⿱𫜹卯
𭛎	⿰𫜹尼
𭛏	⿳彑口䒑
𭛐	⿱𫜹卒
𭛑	⿱彑界
𭛒	⿱𫜹軍
𭛓	⿰用彡
𭛔	⿰原彡
𭛕	⿱⿲彡丨⿳乀乀乀⿵冂⿰⿰丨丨⿰丨丨
𭛖	⿱⿰⿰彡丨⿰丨三⿵冂⿰⿰丨丨⿰丨丨
𭛗	⿱⿰彡彡林
𭛘	⿰巢彡
𭛙	⿰菓彡
𭛚	⿰虚彡
𭛛	⿰彦𭥍
𭛜	⿰彳千
𭛝	⿰彳𠀄
𭛞	⿰彳予
𭛟	⿰彳去
𭛠	⿰彳𪠲
𭛡	⿰彳冋
𭛢	⿰彳囚
𭛣	⿰彳𰰝
𭛤	⿰彳召
𭛥	⿰彳加
𭛦	⿰彳乏
𭛧	⿰彳耒
𭛨	⿰彳次
𭛩	⿰彳⿱平一
𭛪	⿰彳⿸厂目
𭛫	⿰彳孛
𭛬	⿰彳足
𭛭	⿰彳系
𭛮	⿰彳㝎
𭛯	⿰彳青
𭛰	⿲彳去亍
𭛱	⿰彳靣
𭛲	⿰彳𭥒
𭛳	⿰彳⿱爫夫
𭛴	⿰彳侖
𭛵	⿰彳京
𭛶	⿰彳叕
𭛷	⿰彳畐
𭛸	⿰彳契
𭛹	⿲彳丨条
𭛺	⿰彳𧆞
𭛻	⿰彳秋
𭛼	⿰彳首
𭛽	⿰彳益
𭛾	⿰彳救
𭛿	⿰彳敏
𭜀	⿰彳動
𭜁	⿰彳㪚
𭜂	⿰彳敞
𭜃	⿰彳勞
𭜄	⿰彳發
𭜅	⿱從中
𭜆	⿰彳葉
𭜇	⿲彳𦈢名
𭜈	⿲彳𦚏攵
𭜉	⿰彳廣
𭜊	⿰彳頶
𭜋	⿱亏心
𭜌	⿰忄万
𭜍	⿱么心
𭜎	⿱⿺𠃊二心
𭜏	⿰忄㔫
𭜐	⿰忄五
𭜑	⿱龷心
𭜒	⿰忄厄
𭜓	⿱𠮛心
𭜔	⿰忄仄
𭜕	⿰忄开
𭜖	⿰忄𠂔
𭜗	⿰忄丹
𭜘	⿱𠫓心
𭜙	⿱⿱土八⺗
𭜚	⿰忄弍
𭜛	⿰忄皿
𭜜	⿰忄目
𭜝	⿱业心
𭜞	⿰忄叐
𭜟	⿰忄矢
𭜠	⿰忄㐲
𭜡	⿰忄広
𭜢	⿰忄弁
𭜣	⿳𠂉𫜹心
𭜤	⿳𠂉⿼？丨心
𭜥	⿱𡖅心
𭜦	⿱𱏿心
𭜧	⿱𰉗心
𭜨	⿱死心
𭜩	⿱亘心
𭜪	⿱⿴囗夊心
𭜫	⿱虫心
𭜬	⿰忄早
𭜭	⿰忄⿹勹文
𭜮	⿱龹⺗
𭜯	⿱冰心
𭜰	⿳宀夂心
𭜱	⿰忄⿺𠃊矢
𭜲	⿰忄⿱⿱十冖力
𭜳	⿱⿳一⿰丨⺊𫜹心
𭜴	⿰忄刕
𭜵	⿱𢑑心
𭜶	⿳𠮷一心
𭜷	⿱𣏌心
𭜸	⿰忄孝
𭜹	⿱⿰工勿心
𭜺	⿱邪心
𭜻	⿰忄折
𭜼	⿰忄貝
𭜽	⿰忄男
𭜾	⿰忄兵
𭜿	⿰忄⿱白𠀁
𭝀	⿰忄帋
𭝁	⿱彷心
𭝂	⿰忄孚
𭝃	⿰忄罕
𭝄	⿰忄究
𭝅	⿰忄辛
𭝆	⿱𫰑心
𭝇	⿱妢心
𭝈	⿰忄君
𭝉	⿱纯心
𭝊	⿱灵心
𭝋	⿰忄灵
𭝌	⿰夫念
𭝍	⿱奈心
𭝎	⿰忄奈
𭝏	⿰忄兩
𭝐	⿰忄⿷匚舟
𭝑	⿰忄杲
𭝒	⿱尚心
𭝓	⿱昒心
𭝔	⿰怚也
𭝕	⿰忄命
𭝖	⿱彿心
𭝗	⿰忄忿
𭝘	⿱初心
𭝙	⿱波心
𭝚	⿰忄斉
𭝛	⿱宗心
𭝜	⿱宀𢘤
𭝝	⿰司志
𭝞	⿰快戈
𭝟	⿰忄居
𭝠	⿱來⺗
𭝡	⿸厚心
𭝢	⿱⿲丰丿丰心
𭝣	⿰忄郁
𭝤	⿱耶心
𭝥	⿱剌心
𭝦	⿱柱心
𭝧	⿰忄垣
𭝨	⿱⿰臣巳心
𭝩	⿰忄苦
𭝪	⿰忄苑
𭝫	⿱哏心
𭝬	⿰忄虐
𭝭	⿰忄怨
𭝮	⿱很心
𭝯	⿰念本
𭝰	⿰忄⿳㇒𠔿比
𭝱	⿱保心
𭝲	⿲亻丨𢘻
𭝳	⿰忄𫞰
𭝴	⿱活心
𭝵	⿰亭心
𭝶	⿱𠊅心
𭝷	⿰忄⿳大日小
𭝸	⿱𭮩心
𭝹	⿰忄⿺尢⿱𱼀寸
𭝺	⿰忄𥘿
𭝻	⿰忄索
𭝼	⿰忄恧
𭝽	⿰忄迴
𭝾	⿱𥁕心
𭝿	⿰忄時
𭞀	⿱爫恳
𭞁	⿱従心
𭞂	⿱攸忍
𭞃	⿱徐心
𭞄	⿰忄爱
𭞅	⿰忄⿺辶⿱八天
𭞆	⿰忄效
𭞇	⿰亭必
𭞈	⿱韋心
𭞉	⿱𡚺𢗦
𭞊	⿱⿰⿸尸灭又心
𭞋	⿰忄𢙣
𭞌	⿳冖尸⿱罒心
𭞍	⿱甛心
𭞎	⿰忄貮
𭞏	⿱⿰臣台心
𭞐	⿸？思
𭞑	⿱𢽊心
𭞒	⿰忄𠪂
𭞓	⿱推心
𭞔	⿰恶出
𭞕	⿱勗心
𭞖	⿰忄⿱艹即
𭞗	⿱⿰𫯝欠心
𭞘	⿱⿰昌大心
𭞙	⿰忄⿳日皿力
𭞚	⿰忄處
𭞛	⿰忄勗
𭞜	⿰忄𡭽
𭞝	⿱條心
𭞞	⿰忄𮥶
𭞟	⿰忄第
𭞠	⿱⿰每殳心
𭞡	⿰忄商
𭞢	⿱凃𠇍
𭞣	⿰忄啇
𭞤	⿱務心
𭞥	⿰忄⿸？匆
𭞦	⿱⿰⿱𣄼口旡心
𭞧	⿱棘心
𭞨	⿱⿸厂朔心
𭞩	⿰忄⿱⿱⿻𠮛⿰丨丨冖⺝
𭞪	⿰忄惡
𭞫	⿱𪯎心
𭞬	⿰忄𤲢
𭞭	⿰忄厨
𭞮	⿱最心
𭞯	⿰忄距
𭞰	⿰忄𦱋
𭞱	⿰惹也
𭞲	⿱⿰尙殳心
𭞳	⿱景心
𭞴	⿰忄菐
𭞵	⿰忄尊
𭞶	⿰忄創
𭞷	⿰忄進
𭞸	⿱渧心
𭞹	⿰忄⿱龷隹
𭞺	⿰忄⿱⿰臣㔾灬
𭞻	⿰忄遀
𭞼	⿰忄賈
𭞽	⿰忄⿳日罒心
𭞾	⿰忄䝉
𭞿	⿰忽复
𭟀	⿱粘𠇍
𭟁	⿰忄⿳文冖見
𭟂	⿱猷心
𭟃	⿰忄𫁒
𭟄	⿱⿲幺言幺心
𭟅	⿰忄𡬽
𭟆	⿰忄⿳⿻一曲冖目
𭟇	⿰忄蒼
𭟈	⿰忄⿳艹𠔿戍
𭟉	⿰忄閣
𭟊	⿰忄⿸户邕
𭟋	⿰寧心
𭟌	⿱漸心
𭟍	⿰忄慼
𭟎	⿰忄賛
𭟏	⿱頣心
𭟐	⿰忄賣
𭟑	⿰忄⿱覀⿰⿱㇒⿻二丿目
𭟒	⿰忄暮
𭟓	⿰忄墨
𭟔	⿱𭭔心
𭟕	⿱澄心
𭟖	⿰忄豪
𭟗	⿰忄敵
𭟘	⿰忄⿱雨𦙚
𭟙	⿰忄霍
𭟚	⿳𫩠？心
𭟛	⿱𰼝心
𭟜	⿰思患
𭟝	⿱心靜
𭟞	⿰忄⿱𠶷心
𭟟	⿱斁心
𭟠	⿱斂心
𭟡	⿱燥心
𭟢	⿱𭼩心
𭟣	⿰忄蹙
𭟤	⿰忄⿳⿱艹罒㓁目
𭟥	⿰忄闓
𭟦	⿱雜心
𭟧	⿰忄覇
𭟨	⿰懼亍
𭟩	⿰忄⿱雔？
𭟪	⿱⿰章眞心
𭟫	⿰忄鷒
𭟬	⿰忄籠
𭟭	⿰忄𧄼
𭟮	⿹戈一
𭟯	⿱土戈
𭟰	⿱戈止
𭟱	⿱丷⿸厂戈
𭟲	⿱从戈
𭟳	⿰冋戈
𭟴	⿹戈㫖
𭟵	⿹戈角
𭟶	⿰𦙃？
𭟷	⿰⿱？示戈
𭟸	⿰⿱与小⿵戊人
𭟹	⿰冫⿱丷⿵戊㠯
𭟺	⿹⿽戈𫠩日
𭟻	⿹或⿱口𡈼
𭟼	⿰虗戈
𭟽	⿰善戈
𭟾	⿰⿸？豆戈
𭟿	⿸戶𠃌
𭠀	⿸戶工
𭠁	⿸户六
𭠂	⿸戶⿹𠃌口
𭠃	⿸戶⿺友丶
𭠄	⿸戶古
𭠅	⿸户叐
𭠆	⿸戶⿹勹巳
𭠇	⿸戶⿱口田
𭠈	⿰房方
𭠉	⿸戶⿱令山
𭠊	⿰扇皮
𭠋	⿰扇杀
𭠌	⿰扁遷
𭠍	⿻𫠠㇒
𭠎	⿰扌又
𭠏	⿰手下
𭠐	⿰扌𠃔
𭠑	⿰扌𡗓
𭠒	⿰扌𠂔
𭠓	⿰手分
𭠔	⿰手今
𭠕	⿰手午
𭠖	⿰手丑
𭠗	⿰扌右
𭠘	⿰扌𪠲
𭠙	⿰扌业
𭠚	⿱投𠃍
𭠛	⿰扌𫢉
𭠜	⿰扌𱎛
𭠝	⿰扌匃
𭠞	⿰手幼
𭠟	⿰扌司
𭠠	⿰？⿱干下
𭠡	⿰扌𠮦
𭠢	⿰打云
𭠣	⿰扌再
𭠤	⿰扌划
𭠥	⿰扌有
𭠦	⿰扌⿱大干
𭠧	⿱列手
𭠨	⿰扌圶
𭠩	⿰扌刑
𭠪	⿰扌自
𭠫	⿰手合
𭠬	⿰扌名
𭠭	⿰扌⿱𠂉⿻⿵冂丨一
𭠮	⿰扌⿱㐅友
𭠯	⿲扌阝寸
𭠰	⿰手收
𭠱	⿰扌刕
𭠲	⿰手红
𭠳	⿰手克
𭠴	⿰手弄
𭠵	⿰扌𢦙
𭠶	⿰扌志
𭠷	⿰扌坒
𭠸	⿰手寿
𭠹	⿰扌⿺廴帀
𭠺	⿰手見
𭠻	⿰手别
𭠼	⿰扌岜
𭠽	⿰扌岗
𭠾	⿰扌肚
𭠿	⿰扌位
𭡀	⿰扌䖝
𭡁	⿰扌⿳⺈冖巾
𭡂	⿱扸夕
𭡃	⿰扌乱
𭡄	⿰扌辛
𭡅	⿰扌穷
𭡆	⿰扌应
𭡇	⿰手那
𭡈	⿰扌⿻⺕龰
𭡉	⿰扌⿱土⿰㇒𧘇
𭡊	⿰扌𨚫
𭡋	⿱枚手
𭡌	⿰扌⿱一甹
𭡍	⿱拜下
𭡎	⿰手昆
𭡏	⿰扌⿷⿱田儿丶
𭡐	⿰扌罔
𭡑	⿰扌⿱⿺𠃊口日
𭡒	⿰扌咒
𭡓	⿰扌𪯱
𭡔	⿰扌⿸厃巴
𭡕	⿰扌近
𭡖	⿰扌𲀥
𭡗	⿰扌咎
𭡘	⿰扌贫
𭡙	⿰手肩
𭡚	⿰扌法
𭡛	⿰扌𠒋
𭡜	⿰扌审
𭡝	⿰扌⿶凵⿻了⿰⿱丶㇀⿱㇒丶
𭡞	⿰扌封
𭡟	⿰扌𡋡
𭡠	⿰扌柰
𭡡	⿰扌毒
𭡢	⿰扌⿳大口廾
𭡣	⿰⿱日目手
𭡤	⿰手則
𭡥	⿰扌𬙙
𭡦	⿰扌星
𭡧	⿰扌昴
𭡨	⿰扌毘
𭡩	⿰扌信
𭡪	⿰扌复
𭡫	⿰扌独
𭡬	⿰扌奕
𭡭	⿰扌活
𭡮	⿰抖申
𭡯	⿰𢪫冬
𭡰	⿰手既
𭡱	⿰扌𡱝
𭡲	⿰扌夏
𭡳	⿰扌起
𭡴	⿰扌⿱⿻𭠍二皿
𭡵	⿰扌恶
𭡶	⿰扌草
𭡷	⿰扌荗
𭡸	⿰扌⿳⺊日龰
𭡹	⿰担甲
𭡺	⿰扌剛
𭡻	⿰手笑
𭡼	⿰手留
𭡽	⿰扌乘
𭡾	⿰扌氣
𭡿	⿰扌⿱舌𧘇
𭢀	⿰扌案
𭢁	⿰扌迷
𭢂	⿰扌座
𭢃	⿰扌娑
𭢄	⿰扌脋
𭢅	⿱𫤰手
𭢆	⿰扌⿳𠂉口⿱一𧘇
𭢇	⿰手乾
𭢈	⿰扌⿱老且
𭢉	⿰扌虗
𭢊	⿰手逢
𭢋	⿰扌盘
𭢌	⿰扌條
𭢍	⿰扌梨
𭢎	⿰扌⿲亻丨⿱攵⺝
𭢏	⿰扌䄅
𭢐	⿰扌⿱⿻𡗗丷手
𭢑	⿰手着
𭢒	⿰扌許
𭢓	⿰扌章
𭢔	⿰扌𧙃
𭢕	⿰扌盖
𭢖	⿰扌䚺
𭢗	⿰扌替
𭢘	⿰扌期
𭢙	⿰扌𢛳
𭢚	⿰扌裁
𭢛	⿰扌𦓔
𭢜	⿰扌進
𭢝	⿰扌腊
𭢞	⿰扌普
𭢟	⿰扌袲
𭢠	⿰扌⿳亠⿰𠔼𠔼木
𭢡	⿰扌逮
𭢢	⿰扌𮊿
𭢣	⿲扌歹盾
𭢤	⿰扌賈
𭢥	⿰扌落
𭢦	⿰扌葵
𭢧	⿰扌⿱艹厘
𭢨	⿰扌備
𭢩	⿱貇手
𭢪	⿰扌䇾
𭢫	⿰扌楽
𭢬	⿰扌遍
𭢭	⿰扌新
𭢮	⿰扌⿸广𭆟
𭢯	⿰扌㐮
𭢰	⿰扌⿱⿻丂叹虫
𭢱	⿰拏奄
𭢲	⿰扌嗇
𭢳	⿰扌⿱𤘆米
𭢴	⿰扌歲
𭢵	⿰扌遣
𭢶	⿰扌閰
𭢷	⿰手鼻
𭢸	⿰扌種
𭢹	⿰扌麽
𭢺	⿰扌端
𭢻	⿰扌塵
𭢼	⿰扌蜜
𭢽	⿰摩也
𭢾	⿰扌⿺辶𠁅
𭢿	⿰扌𨽻
𭣀	⿰手墨
𭣁	⿰扌賞
𭣂	⿰告掌
𭣃	⿰扌層
𭣄	⿰扌覧
𭣅	⿰扌燕
𭣆	⿱𰟚手
𭣇	⿰扌颠
𭣈	⿱𠿊手
𭣉	⿰扌閵
𭣊	⿰扌築
𭣋	⿰扌親
𭣌	⿰扌還
𭣍	⿰扌薛
𭣎	⿰扌⿱莫糸
𭣏	⿰扌⿳釆甲⿲干丨干
𭣐	⿰扌彌
𭣑	⿱瑟抳
𭣒	⿰摩余
𭣓	⿰扌𱬲
𭣔	⿺支丶
𭣕	⿺⿱⿻丅乛又㇒
𭣖	⿰丬支
𭣗	⿺支只
𭣘	⿺支⿹勹巳
𭣙	⿰亭支
𭣚	⿰昔𭣔
𭣛	⿱執支
𭣜	⿰棠支
𭣝	⿰牚支
𭣞	⿰⿳十罒？支
𭣟	⿰翟支
𭣠	⿰簽支
𭣡	⿰了攵
𭣢	⿲亻丨攴
𭣣	⿰丬攵
𭣤	⿰歹攵
𭣥	⿰史攵
𭣦	⿰⿱⺈⺕攵
𭣧	⿰𠬤攵
𭣨	⿰斥攵
𭣩	⿰出攵
𭣪	⿰⿸厂㇯？一攵
𭣫	⿰⿱⿱⺊⺕一攵
𭣬	⿰尗攵
𭣭	⿰兊攴
𭣮	⿰⿻牛冂攵
𭣯	⿰朿攴
𭣰	⿰⿱刍一攵
𭣱	⿰杀攵
𭣲	⿰⿱𱼀子攵
𭣳	⿰兑攴
𭣴	⿰束攴
𭣵	⿱龷𢎿
𭣶	⿰周攵
𭣷	⿰⿱爻⺝攴
𭣸	⿰享攴
𭣹	⿰⿱龷⺝攴
𭣺	⿱龷放
𭣻	⿱非攵
𭣼	⿱⿰牙攵正
𭣽	⿰盾攴
𭣾	⿰𬽊攵
𭣿	⿰竒攴
𭤀	⿰皆攵
𭤁	⿰⿱白方攴
𭤂	⿰⿱白⿱一夂攵
𭤃	⿰哥攵
𭤄	⿰⿱⿱士冖禾攵
𭤅	⿰専攴
𭤆	⿰⿱止米攵
𭤇	⿱敄⿸厂女
𭤈	⿰⿱叀寸攵
𭤉	⿰昏⿱攴山
𭤊	⿰章攵
𭤋	⿰⿱⿻口木女𭣔
𭤌	⿰睘攵
𭤍	⿳百冖政
𭤎	⿸𠩺来
𭤏	⿻⿰⿰丨丨人⿸广敢
𭤐	⿰𫊣攴
𭤑	⿰襄攵
𭤒	⿰瞿攴
𭤓	⿰𪋘攵
𭤔	⿱文巾
𭤕	⿱文示
𭤖	⿱正文
𭤗	⿰文正
𭤘	⿱文旦
𭤙	⿰民文
𭤚	⿰文感
𭤛	⿱⿲幺言幺文
𭤜	⿰⿸虍处斗
𭤝	⿳吅斗吅
𭤞	⿰魔斗
𭤟	⿸𠂋丅
𭤠	⿰欠斤
𭤡	⿱⿰工几斤
𭤢	⿰斤失
𭤣	⿰県斤
𭤤	⿰⿳日𠆢口斤
𭤥	⿰⿱旧匂𭤟
𭤦	⿰蜀斤
𭤧	⿻一力
𭤨	⿰方𠂉
𭤩	⿰方厶
𭤪	⿰？方
𭤫	⿰方中
𭤬	⿰方片
𭤭	⿰方甘
𭤮	⿰方⿱⿰㇒㇒也
𭤯	⿰方生
𭤰	⿰方⿱𠂉与
𭤱	⿰方乏
𭤲	⿰方半
𭤳	⿰方立
𭤴	⿰方⿸尸七
𭤵	⿱地方
𭤶	⿰方耳
𭤷	⿰方行
𭤸	⿰方𮎜
𭤹	⿱於人
𭤺	⿰方⿱⿰㇒乛布
𭤻	⿰方⿱𠂉⿻正一
𭤼	⿰方京
𭤽	⿰方𧈧
𭤾	⿰方屈
𭤿	⿰方爰
𭥀	⿰方屏
𭥁	⿰方旁
𭥂	⿱軗方
𭥃	⿰方⿱𠂉竒
𭥄	⿰方旋
𭥅	⿰方葛
𭥆	⿰方亶
𭥇	⿰方爾
𭥈	⿰旁岸
𭥉	⿰方養
𭥊	⿰既逢
𭥋	⿱日𠃍
𭥌	⿰日丁
𭥍	⿱𠂉日
𭥎	⿱厶日
𭥏	⿰日大
𭥐	⿱日工
𭥑	⿰日夕
𭥒	⿱日反
𭥓	⿰日云
𭥔	⿰日天
𭥕	⿱日王
𭥖	⿱日元
𭥗	⿱日日
𭥘	⿱⿹勹㐅日
𭥙	⿰日亢
𭥚	⿱日水
𭥛	⿰日孔
𭥜	⿱尺日
𭥝	⿱⿺𠃊凵日
𭥞	⿰日尹
𭥟	⿲？𭥎？
𭥠	⿱日允
𭥡	⿰早乞
𭥢	⿱日⿻一水
𭥣	⿱北日
𭥤	⿰日冋
𭥥	⿰日⿱彡几
𭥦	⿱日夘
𭥧	⿱日㚈
𭥨	⿳日儿夊
𭥩	⿰日立
𭥪	⿰日兰
𭥫	⿱田日
𭥬	⿱㇒者
𭥭	⿱日𠣏
𭥮	⿰日托
𭥯	⿱日有
𭥰	⿰日匡
𭥱	⿰日夺
𭥲	⿰日旨
𭥳	⿰日早
𭥴	⿱⿻𫩏丷日
𭥵	⿰日各
𭥶	⿰日休
𭥷	⿰日𭥍
𭥸	⿱日⿰夕寸
𭥹	⿰日舌
𭥺	⿰日江
𭥻	⿰日米
𭥼	⿰日亦
𭥽	⿰日兴
𭥾	⿰日衣
𭥿	⿰日⿱厶㐄
𭦀	⿰日劦
𭦁	⿱日⿸⿰丿乛⿱七几
𭦂	⿰日艮
𭦃	⿱⿻人⿰二二日
𭦄	⿰日弄
𭦅	⿰日坒
𭦆	⿰日达
𭦇	⿰日芒
𭦈	⿰日⿱且八
𭦉	⿰日男
𭦊	⿰日孚
𭦋	⿱日延
𭦌	⿱⺈𭥫
𭦍	⿰日𥃦
𭦎	⿰日作
𭦏	⿰日利
𭦐	⿱日邦
𭦑	⿰日⿳亠儿夊
𭦒	⿰日究
𭦓	⿰日㐬
𭦔	⿰日改
𭦕	⿱日夋
𭦖	⿱攺日
𭦗	⿳日皿⿰丿𠃌
𭦘	⿰申并
𭦙	⿱𠄮日
𭦚	⿳百八日
𭦛	⿰日奈
𭦜	⿰旱𫢉
𭦝	⿰旱令
𭦞	⿰早先
𭦟	⿳日罒万
𭦠	⿰日昇
𭦡	⿰日欣
𭦢	⿱日⿰㇯𬺻一斤
𭦣	⿰日卷
𭦤	⿰日定
𭦥	⿰日府
𭦦	⿰日𬎾
𭦧	⿱日录
𭦨	⿰⿱元日召
𭦩	⿰日⿱圥元
𭦪	⿱覀㫖
𭦫	⿱要日
𭦬	⿰日⿳十且八
𭦭	⿰日奎
𭦮	⿳日⿰丰丰一
𭦯	⿺是氏
𭦰	⿰旨甫
𭦱	⿰日咠
𭦲	⿰日若
𭦳	⿱𮓷日
𭦴	⿰日勉
𭦵	⿰日垕
𭦶	⿰日很
𭦷	⿰星内
𭦸	⿰日𪽼
𭦹	⿰⿱日匂斥
𭦺	⿱日⿻𦥑人
𭦻	⿰日盈
𭦼	⿰日恨
𭦽	⿰日帝
𭦾	⿰日亮
𭦿	⿰日⿱⿱宀儿友
𭧀	⿳𠔿罒日
𭧁	⿰申臽
𭧂	⿱日恭
𭧃	⿰早受
𭧄	⿰旱良
𭧅	⿰日栗
𭧆	⿱覀𪰎
𭧇	⿰日致
𭧈	⿰日热
𭧉	⿰日⿱𠀗用
𭧊	⿰日𢼸
𭧋	⿰日党
𭧌	⿰日晃
𭧍	⿱日哩
𭧎	⿰日奚
𭧏	⿰日舀
𭧐	⿰日𡕚
𭧑	⿰曷去
𭧒	⿰日連
𭧓	⿰早亮
𭧔	⿱⿰日木𱥯
𭧕	⿰日𬜶
𭧖	⿰日婁
𭧗	⿰显守
𭧘	⿰日鳥
𭧙	⿰日造
𭧚	⿰易快
𭧛	⿰日亀
𭧜	⿰日梨
𭧝	⿰智亐
𭧞	⿰日第
𭧟	⿰景久
𭧠	⿰日康
𭧡	⿱⿲幺白幺日
𭧢	⿱⿱𰀉冖是
𭧣	⿱𭑈⿱灬日
𭧤	⿰日奢
𭧥	⿰日賁
𭧦	⿺是我
𭧧	⿰日博
𭧨	⿰日敞
𭧩	⿰日萃
𭧪	⿰日黑
𭧫	⿰日貴
𭧬	⿱日⿸厃⿱儿𢀛
𭧭	⿰日焦
𭧮	⿰日⿳㇒𠈌亐
𭧯	⿱晌衣
𭧰	⿰星里
𭧱	⿰日普
𭧲	⿰日焱
𭧳	⿱𡎐日
𭧴	⿰日閑
𭧵	⿰日⿱十𭾱
𭧶	⿱日煮
𭧷	⿰日⿸虍⿱毌力
𭧸	⿰日歇
𭧹	⿰𪰊昝
𭧺	⿰易屎
𭧻	⿰星劳
𭧼	⿰星闹
𭧽	⿱日㐮
𭧾	⿰日𤋮
𭧿	⿰日監
𭨀	⿰春穿
𭨁	⿰日爾
𭨂	⿰昔眞
𭨃	⿰日𭧂
𭨄	⿰日㥯
𭨅	⿰星帝
𭨆	⿰日銀
𭨇	⿰日精
𭨈	⿰日睿
𭨉	⿰日臺
𭨊	⿰日暮
𭨋	⿰日曅
𭨌	⿰日勲
𭨍	⿰日⿱垚貝
𭨎	⿰量或
𭨏	⿰显黄
𭨐	⿳⿰⿱厶𱐔五灬日
𭨑	⿰日龠
𭨒	⿱日羅
𭨓	⿰日獻
𭨔	⿰智善
𭨕	⿰日覽
𭨖	⿰日顥
𭨗	⿰景⿴囗⿳口丄囬
𭨘	⿺⿻日㇂丶
𭨙	⿰曲亏
𭨚	⿱外日
𭨛	⿰曲今
𭨜	⿰曲戈
𭨝	⿱曰𭅉
𭨞	⿱班日
𭨟	⿰曾才
𭨠	⿱啟日
𭨡	⿰書史
𭨢	⿳日出𠇍
𭨣	⿱日龠
𭨤	⿰月卩
𭨥	⿰月了
𭨦	⿰月个
𭨧	⿰月弓
𭨨	⿰云月
𭨩	⿰月开
𭨪	⿰月止
𭨫	⿰月介
𭨬	⿰月火
𭨭	⿰月尹
𭨮	⿰月史
𭨯	⿰月⿱八亐
𭨰	⿰月𰰝
𭨱	⿲月弓刂
𭨲	⿲月日了
𭨳	⿰月衣
𭨴	⿰月⿹戈弓
𭨵	⿰月⿹戈工
𭨶	⿰月坚
𭨷	⿰月𠯓
𭨸	⿰月何
𭨹	⿰月武
𭨺	⿰月⿹戈𠮛
𭨻	⿰月舍
𭨼	⿰肩巴
𭨽	⿱月明
𭨾	⿰𣍝⿱殳木
𭨿	⿰扁月
𭩀	⿰古朋
𭩁	⿰月哲
𭩂	⿰月⿱山䖝
𭩃	⿰月⿱龹夊
𭩄	⿰月⿳⺈囚比
𭩅	⿰月䄅
𭩆	⿰月項
𭩇	⿱朋空
𭩈	⿰月𧰼
𭩉	⿰月𨚡
𭩊	⿰月愛
𭩋	⿰月⿳宀一⿻𦥑人
𭩌	⿰望网
𭩍	⿲月首月
𭩎	⿰月⿱羽𱥯
𭩏	⿰月厭
𭩐	⿰月舞
𭩑	⿰月㥯
𭩒	⿰月震
𭩓	⿰月罷
𭩔	⿰望孟
𭩕	⿰望宜
𭩖	⿰月⿱賏𠕷
𭩗	⿰月⿳雨罒巫
𭩘	⿱木𠃍
𭩙	⿰木下
𭩚	⿰木义
𭩛	⿰木门
𭩜	⿱木王
𭩝	⿰木㔫
𭩞	⿱双木
𭩟	⿱木⿽人𠄌
𭩠	⿱𠀍木
𭩡	⿰木𢆯
𭩢	⿱巨木
𭩣	⿰木巧
𭩤	⿰木戊
𭩥	⿱⿰土几木
𭩦	⿰木卡
𭩧	⿰木𫢉
𭩨	⿰木务
𭩩	⿰木⿻？⿹⿻乛亅㇒
𭩪	⿱木夘
𭩫	⿰木仝
𭩬	⿰木他
𭩭	⿰杀个
𭩮	⿱⿰冫刃木
𭩯	⿰木奴
𭩰	⿰木发
𭩱	⿱𤮺木
𭩲	⿱⿻弓𰍧木
𭩳	⿰木㐂
𭩴	⿰木成
𭩵	⿰木⿹丁日
𭩶	⿱列木
𭩷	⿰木㫐
𭩸	⿱吅木
𭩹	⿰木名
𭩺	⿰木⿱八冄
𭩻	⿲木氵丈
𭩼	⿰米木
𭩽	⿰木米
𭩾	⿰木⿱厶巴
𭩿	⿱⿰巳巳木
𭪀	⿻来䒑
𭪁	⿰木刕
𭪂	⿰木𣲇
𭪃	⿱坟木
𭪄	⿰木麦
𭪅	⿰木⿱大𠮛
𭪆	⿰木过
𭪇	⿰木吞
𭪈	⿰束区
𭪉	⿰木⿱𠂉正
𭪊	⿰木㣊
𭪋	⿰朵可
𭪌	⿰木作
𭪍	⿰杀卡
𭪎	⿰杀右
𭪏	⿰木呄
𭪐	⿰木言
𭪑	⿱亡林
𭪒	⿰木⿱䒑龰
𭪓	⿰木闷
𭪔	⿰木孜
𭪕	⿱⿰歹𰀁木
𭪖	⿱𫝣木
𭪗	⿱丷𭩲
𭪘	⿰木枝
𭪙	⿱龷𦍎
𭪚	⿰木⿱一⿻⿱口八⿰丨丨
𭪛	⿱𭃌𠫡
𭪜	⿰木⿷匚兆
𭪝	⿰林犬
𭪞	⿰木杰
𭪟	⿰木旻
𭪠	⿱止条
𭪡	⿰木芶
𭪢	⿳⺊𠕎木
𭪣	⿰木⿱内比
𭪤	⿰木岸
𭪥	⿰果今
𭪦	⿰木岩
𭪧	⿰木迎
𭪨	⿱制木
𭪩	⿰木制
𭪪	⿱例木
𭪫	⿱风林
𭪬	⿰杀光
𭪭	⿱亡枼
𭪮	⿰木𭓩
𭪯	⿰木⿱丷覀
𭪰	⿱波木
𭪱	⿰木𣏋
𭪲	⿰木⿱𦍌几
𭪳	⿱水林
𭪴	⿱㱛木
𭪵	⿰木⿱口矢
𭪶	⿰木⿳甘一夊
𭪷	⿰木桒
𭪸	⿰木郅
𭪹	⿰果句
𭪺	⿰木苐
𭪻	⿰果㐱
𭪼	⿱山⿳㇒罒木
𭪽	⿰木⿱⿺𠃊口目
𭪾	⿰木韭
𭪿	⿱此束
𭫀	⿰木贵
𭫁	⿱昭木
𭫂	⿰木𧈸
𭫃	⿰木弇
𭫄	⿱保木
𭫅	⿱独木
𭫆	⿰木独
𭫇	⿰杀作
𭫈	⿻未𠈌
𭫉	⿰木⿱㐫夊
𭫊	⿰木哀
𭫋	⿱𠅔木
𭫌	⿰桑上
𭫍	⿲木？反
𭫎	⿰木廻
𭫏	⿰木枽
𭫐	⿰木⿻廿冉
𭫑	⿱𥑭木
𭫒	⿱𰀕木
𭫓	⿰木⿳百⺌一
𭫔	⿱殊木
𭫕	⿰木⿱⺊具
𭫖	⿰木𧴪
𭫗	⿰木⿱㇒𮥴
𭫘	⿻耒𠈌
𭫙	⿰木适
𭫚	⿰木倅
𭫛	⿲木方⿱𠂉冄
𭫜	⿰木𭿷
𭫝	⿱来来
𭫞	⿲木臣犬
𭫟	⿰木⿱白母
𭫠	⿰木奢
𭫡	⿰木⿱耳𧘇
𭫢	⿱⿰𤣩囱木
𭫣	⿰木救
𭫤	⿰木勒
𭫥	⿰木⿳𠂇𠔿冋
𭫦	⿰木⿱𡗗糸
𭫧	⿰東余
𭫨	⿰木莊
𭫩	⿰木𫈏
𭫪	⿱鹵木
𭫫	⿰采男
𭫬	⿱⿲木夕木火
𭫭	⿰⿱夂条⿺友丶
𭫮	⿱米枼
𭫯	⿰木䄅
𭫰	⿰木䅈
𭫱	⿰木⿱玄衣
𭫲	⿰木𮕱
𭫳	⿰木⿱亠枼
𭫴	⿰木⿱弟木
𭫵	⿰木⿱𣱼虫
𭫶	⿰木商
𭫷	⿰木𤼭
𭫸	⿰木焏
𭫹	⿰架各
𭫺	⿰木𨾏
𭫻	⿰木⿱而百
𭫼	⿰木棗
𭫽	⿱棥木
𭫾	⿰木⿱⿰⿱一⿵冂丶⿱一⿵冂丶木
𭫿	⿰木𬜻
𭬀	⿰杲杲
𭬁	⿰木⿱⿰午午心
𭬂	⿰木策
𭬃	⿰木𬻨
𭬄	⿰木腊
𭬅	⿱⿰⿱𡭔⿵冂𡭔攵木
𭬆	⿰木⿱羽向
𭬇	⿰木隆
𭬈	⿰木萑
𭬉	⿰木䂓
𭬊	⿱林⿰耳巳
𭬋	⿰木⿱雨⿻日乚
𭬌	⿰木⿷⿹？？𫜹
𭬍	⿰木⿸⿸⿸⿰丿⿱⺊⺂七儿言
𭬎	⿰木雍
𭬏	⿱䋠木
𭬐	⿰楷戈
𭬑	⿱⿲木夊木⿱大𰀁
𭬒	⿰木歴
𭬓	⿰木𭫒
𭬔	⿰木⿱去韭
𭬕	⿰木榦
𭬖	⿰木鳴
𭬗	⿰木⿳艹𠔿戌
𭬘	⿰木⿱隹？
𭬙	⿰木腐
𭬚	⿱隠木
𭬛	⿰木⿱亟虫
𭬜	⿰木𨕞
𭬝	⿰木蒼
𭬞	⿰木⿱覀⿱甶⿻㇒十
𭬟	⿳⿱⿻𠮛⿰丨丨冖⿰𫜹𰀄木
𭬠	⿰木𨽹
𭬡	⿲木⿻丨⿵冂𠈌攵
𭬢	⿱⿰⿱业⿺𠃊矢殳木
𭬣	⿰木範
𭬤	⿰木⿳𥫗夫氺
𭬥	⿰木𮥼
𭬦	⿰木𭵼
𭬧	⿰木䗍
𭬨	⿰木⿰𥞤殳
𭬩	⿰木蕇
𭬪	⿰木戰
𭬫	⿱吅⿱倶木
𭬬	⿰木築
𭬭	⿰木⿳八𫩏夏
𭬮	⿰木𦏁
𭬯	⿰木⿱立黒
𭬰	⿰木彊
𭬱	⿰木遲
𭬲	⿱物集
𭬳	⿰木𮥿
𭬴	⿱林⿸广⿻⿳一⺕八⿰亻亻
𭬵	⿰木霛
𭬶	⿰木膺
𭬷	⿱⿰矢萑木
𭬸	⿰木闕
𭬹	⿰木⿱⿱亠⿲刀了𱍸韭
𭬺	⿱一⿰巢⿳冈冖夫
𭬻	⿰木願
𭬼	⿰木藪
𭬽	⿳艹罒⿱冖棐
𭬾	⿰木簿
𭬿	⿰木爕
𭭀	⿰木麕
𭭁	⿰木𩱕
𭭂	⿰木覊
𭭃	⿰木⿱𥃭㒹
𭭄	⿰卜欠
𭭅	⿰元欠
𭭆	⿰冗欠
𭭇	⿰朿欠
𭭈	⿰亚欠
𭭉	⿰交欠
𭭊	⿰名欠
𭭋	⿰羊欠
𭭌	⿰兌欠
𭭍	⿰㞺欠
𭭎	⿰⿱上矢欠
𭭏	⿰𠤻欠
𭭐	⿰昜欠
𭭑	⿰昷欠
𭭒	⿰晋欠
𭭓	⿰⿱？夂欠
𭭔	⿰虗欠
𭭕	⿰⿱龷隹欠
𭭖	⿰㢏欠
𭭗	⿰學欠
𭭘	⿱正㇉
𭭙	⿰止几
𭭚	⿱止⺀
𭭛	⿰止攴
𭭜	⿰止斤
𭭝	⿱止火
𭭞	⿰止且
𭭟	⿱止司
𭭠	⿱幼止
𭭡	⿱？止
𭭢	⿰止吾
𭭣	⿰⿻一止伐
𭭤	⿰止足
𭭥	⿱止⿱𦍌人
𭭦	⿰止靑
𭭧	⿰⿱止天⿱？又
𭭨	⿰止奇
𭭩	⿱勿𣥖
𭭪	⿰歪𠁣
𭭫	⿰武可
𭭬	⿰⿱止石圣
𭭭	⿰𭭟⿱⿵𠆢丶龴
𭭮	⿰武⿸戶巾
𭭯	⿰武我
𭭰	⿱止⿰沙攵
𭭱	⿱𤇾正
𭭲	⿰⿱止石谷
𭭳	⿰𥘣余
𭭴	⿱𣥖𣥖
𭭵	⿰止禁
𭭶	⿰止僉
𭭷	⿱止疑
𭭸	⿰武葛
𭭹	⿰武感
𭭺	⿰此敷
𭭻	⿰⿱𠂤止責
𭭼	⿰止⿱⿷免丶⿰免⿷免丶
𭭽	⿰歹匕
𭭾	⿰歺匕
𭭿	⿰歺丂
𭮀	⿸歹巳
𭮁	⿰歹巳
𭮂	⿰歹支
𭮃	⿰歹斗
𭮄	⿰歹厸
𭮅	⿰歹尹
𭮆	⿰歹占
𭮇	⿰歹申
𭮈	⿰歹𪠲
𭮉	⿰歹⿹⿻𠀁口一
𭮊	⿰歹⿸厂厸
𭮋	⿰歹光
𭮌	⿰歹匈
𭮍	⿰歹⿻叐丶
𭮎	⿰歹并
𭮏	⿰歹宅
𭮐	⿰歹⿱亠厸
𭮑	⿰歹糸
𭮒	⿰歹赤
𭮓	⿱死皿
𭮔	⿰歹里
𭮕	⿰歹含
𭮖	⿰歹⿻𠃧丿
𭮗	⿰歹武
𭮘	⿰歹⿳𠂉中⿹𠃌一
𭮙	⿱欣⿰歹丨
𭮚	⿱⿰歹𫜹乑
𭮛	⿰歹勇
𭮜	⿱林死
𭮝	⿰殞乚
𭮞	⿰歹⿱又韭
𭮟	⿰歹⿱𤰔⿹⿺㇉一灬
𭮠	⿰歹覃
𭮡	⿰歹喬
𭮢	⿰歹⿱𪯢日
𭮣	⿰歹間
𭮤	⿰歹爾
𭮥	⿰歹需
𭮦	⿰歹⿱艹⿱日？
𭮧	⿲辛歹辛
𭮨	⿰厄殳
𭮩	⿰百殳
𭮪	⿰吉殳
𭮫	⿰𠂤殳
𭮬	⿰毎殳
𭮭	⿰𡰥𪠲
𭮮	⿰𦣻殳
𭮯	⿰甹殳
𭮰	⿰⿱士𠔼𪠲
𭮱	⿰㐆𪠲
𭮲	⿰果殳
𭮳	⿰⿱旧土殳
𭮴	⿰⿸⿸𠂆𫜹万殳
𭮵	⿰𭎊殳
𭮶	⿰声𪠲
𭮷	⿰頁殳
𭮸	⿰亲殳
𭮹	⿰索殳
𭮺	⿰展𪠲
𭮻	⿰𨊢𪠲
𭮼	⿰軎𪠲
𭮽	⿰⿱⿱士冖舛殳
𭮾	⿱殸加
𭮿	⿰⿳止火⺝殳
𭯀	⿱殺未
𭯁	⿰𤔔殳
𭯂	⿱殺采
𭯃	⿱殸果
𭯄	⿰學殳
𭯅	⿱殸會
𭯆	⿰僉發
𭯇	⿱厶母
𭯈	⿱不母
𭯉	⿰每⿱𠂉㐬
𭯊	⿱比兄
𭯋	⿱亚比
𭯌	⿰比年
𭯍	⿱⿱⺈𫩏比
𭯎	⿱次比
𭯏	⿰孚比
𭯐	⿰昆斤
𭯑	⿺夜比
𭯒	⿱不毛
𭯓	⿺毛本
𭯔	⿺毛卉
𭯕	⿺毛用
𭯖	⿺毛白
𭯗	⿺毛弗
𭯘	⿰合毛
𭯙	⿺毛良
𭯚	⿺毛夋
𭯛	⿺夌毛
𭯜	⿰昔毛
𭯝	⿰尙毛
𭯞	⿺毛品
𭯟	⿺毛⿳⺈𦉪夊
𭯠	⿱⿰牙攴⿸厂毛
𭯡	⿱牧⿸厂毛
𭯢	⿺尾良
𭯣	⿰奥毛
𭯤	⿺毛童
𭯥	⿰⿱羽羽毛
𭯦	⿰賈毛
𭯧	⿺毛裘
𭯨	⿺毛禀
𭯩	⿰⿱羽角毛
𭯪	⿰翟毛
𭯫	⿺毛數
𭯬	⿰⿱亠賏毛
𭯭	⿺毛壘
𭯮	⿱䜌毛
𭯯	⿺毛亹
𭯰	⿰亾民
𭯱	⿰并氐
𭯲	⿹气牙
𭯳	⿹气⿱因皿
𭯴	⿺氣有
𭯵	⿺氣穹
𭯶	⿱口水
𭯷	⿰氵么
𭯸	⿰氵𠁣
𭯹	⿰氵卬
𭯺	⿰氵壬
𭯻	⿰氵匂
𭯼	⿱永土
𭯽	⿰氵瓦
𭯾	⿰氵打
𭯿	⿰氵刊
𭰀	⿰氵功
𭰁	⿰氵囘
𭰂	⿰氵⿸𠂋丁
𭰃	⿰氵他
𭰄	⿰氵务
𭰅	⿰氵⿱𠆢𠫓
𭰆	⿰氵⿱几工
𭰇	⿰尿又
𭰈	⿰氵𠫝
𭰉	⿰氵𠥽
𭰊	⿰氵囙
𭰋	⿱矢水
𭰌	⿰氵𬻄
𭰍	⿰氵臣
𭰎	⿰氵当
𭰏	⿰氵杂
𭰐	⿲氵仌刂
𭰑	⿰氵気
𭰒	⿰氵杀
𭰓	⿰氵宅
𭰔	⿰氵㐫
𭰕	⿰氵好
𭰖	⿰氵𡰱
𭰗	⿰氵麦
𭰘	⿰氵巫
𭰙	⿰氵匣
𭰚	⿰氵却
𭰛	⿰氵劯
𭰜	⿰氵芑
𭰝	⿰氵𱼧
𭰞	⿰氵𠯳
𭰟	⿰氵体
𭰠	⿰氵住
𭰡	⿰氵⿱夭廾
𭰢	⿰氵⿸广戶
𭰣	⿳丷𡗗氺
𭰤	⿰氵防
𭰥	⿰氵鸡
𭰦	⿰氵𭟯
𭰧	⿰氵𡕙
𭰨	⿲氵巨巳
𭰩	⿰氵刺
𭰪	⿰氵拉
𭰫	⿰氵靣
𭰬	⿰氵抳
𭰭	⿱其氺
𭰮	⿰氵取
𭰯	⿰氵⿱艹⿵冂厶
𭰰	⿰氵岺
𭰱	⿰氵⿱止比
𭰲	⿰氵⿵冂并
𭰳	⿰氵芫
𭰴	⿰氵𦙑
𭰵	⿰氵徃
𭰶	⿱沃壬
𭰷	⿰氵命
𭰸	⿰氵⿱夂正
𭰹	⿰氵冞
𭰺	⿰氵𱑎
𭰻	⿰氵𥁃
𭰼	⿰氵⿱关力
𭰽	⿰氵𢗨
𭰾	⿰氵⿱⿹𠄎㐅皿
𭰿	⿰波也
𭱀	⿰氵贯
𭱁	⿱來氺
𭱂	⿰氵⿱龷牛
𭱃	⿰氵𮩴
𭱄	⿰氵⿱共廾
𭱅	⿲氵⿱士冗力
𭱆	⿰氵𠜒
𭱇	⿰法天
𭱈	⿰氵耐
𭱉	⿰求更
𭱊	⿰氵项
𭱋	⿰氵⿱云冉
𭱌	⿲氵耳干
𭱍	⿰氵研
𭱎	⿰氵⿱⿻⿰丨丨丷⿵冂山
𭱏	⿰氵⿱田天
𭱐	⿲氵⿸⿸⿰丿⿱⺊⺂七廾刂
𭱑	⿰氵眀
𭱒	⿰氵幽
𭱓	⿰氵䀜
𭱔	⿰氵⿱合寸
𭱕	⿰氵迮
𭱖	⿰氵⿱匇心
𭱗	⿰氵⿱𱼀立
𭱘	⿰氵負
𭱙	⿰氵席
𭱚	⿰氵栄
𭱛	⿰流力
𭱜	⿰氵⿱𠔉土
𭱝	⿰氵変
𭱞	⿰氵炯
𭱟	⿰氵⿱刃𱐔
𭱠	⿰氵枲
𭱡	⿱咸水
𭱢	⿲氵⿱⿱十冖方力
𭱣	⿰氵夏
𭱤	⿰氵𨊫
𭱥	⿰氵𥑟
𭱦	⿰氵⿱古皿
𭱧	⿰氵荆
𭱨	⿰氵柴
𭱩	⿰氵⿱⿻⿰丨丨丷両
𭱪	⿰氵⿱⿻⿰丨丨丷⿵冂水
𭱫	⿰氵迴
𭱬	⿰氵𡕦
𭱭	⿰氵䙷
𭱮	⿱物𱥯
𭱯	⿰氵豹
𭱰	⿰氵𠅝
𭱱	⿰氵⿱龹夭
𭱲	⿰氵㓒
𭱳	⿲氵礻㐲
𭱴	⿰氵純
𭱵	⿰氵爱
𭱶	⿰氵匿
𭱷	⿱五𪶀
𭱸	⿰𣶃亍
𭱹	⿰氵𮋛
𭱺	⿰氵莗
𭱻	⿰氵荼
𭱼	⿰氵⿸虍目
𭱽	⿰氵⿱⿻⿰丨丨丷⿻⿵冂丨从
𭱾	⿲氵⿱山歹攵
𭱿	⿰氵圊
𭲀	⿰氵冕
𭲁	⿰氵莁
𭲂	⿰氵圇
𭲃	⿰氵盒
𭲄	⿰氵⿱白光
𭲅	⿰氵敏
𭲆	⿰氵徛
𭲇	⿰氵㣎
𭲈	⿰氵䅈
𭲉	⿰氵⿱䒑狗
𭲊	⿰氵䄅
𭲋	⿲氵肓攵
𭲌	⿰氵𥏇
𭲍	⿰氵斎
𭲎	⿰氵將
𭲏	⿰氵陶
𭲐	⿱尉水
𭲑	⿰氵⿳龷𠀐八
𭲒	⿰氵⿱⿰𠫔𠫔百
𭲓	⿰氵⿳士罒心
𭲔	⿰氵⿱𰢴𰢴
𭲕	⿰淸攵
𭲖	⿰氵𢛳
𭲗	⿰氵逵
𭲘	⿰氵貳
𭲙	⿰氵琮
𭲚	⿰氵悳
𭲛	⿰氵⿱夾日
𭲜	⿰氵𮙺
𭲝	⿰氵⿱艹⿰？卩
𭲞	⿰氵⿱业⿻丨⿵冂𠓜
𭲟	⿰氵晶
𭲠	⿰氵㪘
𭲡	⿰氵𦝃
𭲢	⿰氵腊
𭲣	⿰氵⿲亻丨匽
𭲤	⿲氵彳𠃴
𭲥	⿰氵畬
𭲦	⿰氵⿳爫旧夊
𭲧	⿰氵⿳冖臼勿
𭲨	⿰氵𡩖
𭲩	⿰氵䆥
𭲪	⿰氵隂
𭲫	⿰氵属
𭲬	⿰氵⿱雨⿻工丷
𭲭	⿲氵𧾷⿱𠫔𫶧
𭲮	⿰氵晸
𭲯	⿰氵⿳八北𠮷
𭲰	⿰氵裊
𭲱	⿰氵䇿
𭲲	⿱粘𱥯
𭲳	⿰氵⿱㐭皿
𭲴	⿰氵𲊦
𭲵	⿰氵𭵝
𭲶	⿰氵𫁒
𭲷	⿰氵⿱𠔉貝
𭲸	⿲氵𮧮亍
𭲹	⿰氵⿱比奎
𭲺	⿰氵筞
𭲻	⿰氵閚
𭲼	⿰氵戫
𭲽	⿰氵輔
𭲾	⿰氵⿱止⿱冖⿱⿰⿱丶㇀⿱㇒丶日
𭲿	⿰氵夢
𭳀	⿰氵蓄
𭳁	⿰氵⿸虍⿱夂目
𭳂	⿰油娄
𭳃	⿰氵⿱日𡨋
𭳄	⿰浮𢁺
𭳅	⿰氵⿱自𦉼
𭳆	⿰氵綮
𭳇	⿰氵膏
𭳈	⿰氵寛
𭳉	⿰氵寞
𭳊	⿲氵关隹
𭳋	⿰氵際
𭳌	⿰氵緒
𭳍	⿰氵⿱⿷⿻𠄟𠀐丶吋
𭳎	⿰氵⿱艹⿵戊占
𭳏	⿰氵愬
𭳐	⿰氵播
𭳑	⿰氵𡙸
𭳒	⿰酒或
𭳓	⿰氵⿱艹𮦆
𭳔	⿰氵𨽹
𭳕	⿰氵潁
𭳖	⿰氵⿳业丷⿸耳又
𭳗	⿰氵⿱罒𢇁
𭳘	⿰氵⿳亡罒⿲⿺𠄌⺀⿺𠄌⺀㇂
𭳙	⿰氵⿸尸⿱此𠮷
𭳚	⿰氵蓴
𭳛	⿰氵⿱？⿳宀一臾
𭳜	⿲氵⿱⿱士冖釆殳
𭳝	⿰氵聮
𭳞	⿰氵⿻奭一
𭳟	⿰氵⿱大𡻕
𭳠	⿰氵鴨
𭳡	⿰氵甍
𭳢	⿰氵興
𭳣	⿰氵𥱋
𭳤	⿰氵劔
𭳥	⿰氵頶
𭳦	⿰氵⿳𦍌𦬅灬
𭳧	⿰氵⿳亠囬冝
𭳨	⿰氵𡕸
𭳩	⿰氵⿸⿱亠⿰丿？思
𭳪	⿰氵⿱宀業
𭳫	⿰氵⿱羔舛
𭳬	⿰氵隸
𭳭	⿰氵⿳艹浦寸
𭳮	⿰氵𣫍
𭳯	⿰氵齋
𭳰	⿲氵𮫙虫
𭳱	⿰氵覆
𭳲	⿰氵⿳艹日恭
𭳳	⿰氵虩
𭳴	⿰氵⿱賏勿
𭳵	⿰氵薰
𭳶	⿰氵歸
𭳷	⿰氵⿱艹⿰糸韭
𭳸	⿰氵𤣂
𭳹	⿰氵⿱⿲幺言幺虫
𭳺	⿰氵𪋘
𭳻	⿰氵⿰⿱廿⿻口土鳥
𭳼	⿰江雚
𭳽	⿰氵闥
𭳾	⿱雥泉
𭳿	⿰火乚
𭴀	⿱丁灬
𭴁	⿱匕火
𭴂	⿰火乜
𭴃	⿱工火
𭴄	⿱火凡
𭴅	⿱火夊
𭴆	⿱亡火
𭴇	⿱女灬
𭴈	⿰火云
𭴉	⿱云灬
𭴊	⿰火无
𭴋	⿱日灬
𭴌	⿰火日
𭴍	⿰火仇
𭴎	⿰火毛
𭴏	⿰火尹
𭴐	⿰火尺
𭴑	⿱火⿰⿱丶㇀⿱㇒丶
𭴒	⿰火号
𭴓	⿰火失
𭴔	⿱句灬
𭴕	⿱夘灬
𭴖	⿱加灬
𭴗	⿰火皮
𭴘	⿱⺻灬
𭴙	⿱占火
𭴚	⿱⿰㇇二⿹⿺㇉一灬
𭴛	⿰火旨
𭴜	⿱火因
𭴝	⿱舛灬
𭴞	⿰火任
𭴟	⿰火宇
𭴠	⿱宀災
𭴡	⿰火并
𭴢	⿱亦火
𭴣	⿱安火
𭴤	⿰火充
𭴥	⿰火⿱龴⿱⿹𠃌㐅一
𭴦	⿰火却
𭴧	⿰火豆
𭴨	⿰火克
𭴩	⿱赤火
𭴪	⿸严火
𭴫	⿱⿰日巳灬
𭴬	⿱里火
𭴭	⿰火卣
𭴮	⿱孚灬
𭴯	⿱余灬
𭴰	⿱灼灬
𭴱	⿰火没
𭴲	⿰火沙
𭴳	⿰火间
𭴴	⿰火那
𭴵	⿰火𠬶
𭴶	⿰火⿱龴田
𭴷	⿱旧？
𭴸	⿱臤灬
𭴹	⿰火⿱龷灬
𭴺	⿱⿹㇯豕𰀪口灬
𭴻	⿰火⿸耳又
𭴼	⿰火青
𭴽	⿰火炅
𭴾	⿳⺈⿱卌一灬
𭴿	⿱？火
𭵀	⿱肥火
𭵁	⿰火肥
𭵂	⿰火㸒
𭵃	⿰火肰
𭵄	⿳𠂉⿱一⿻𫜹⿰丨丨灬
𭵅	⿰火肩
𭵆	⿱泃灬
𭵇	⿱⿹勹⿱屮屮灬
𭵈	⿳𠚤⿼？卄灬
𭵉	⿱勃灬
𭵊	⿰火郁
𭵋	⿰火苙
𭵌	⿰苦火
𭵍	⿰火迪
𭵎	⿰火則
𭵏	⿰火⿳⺌口土
𭵐	⿱貞灬
𭵑	⿰火𪰑
𭵒	⿰火⿳日䒑八
𭵓	⿰火咠
𭵔	⿰火⿱夭氺
𭵕	⿰火叟
𭵖	⿰火⿹勹𦈢
𭵗	⿰火衍
𭵘	⿰火俊
𭵙	⿱俞灬
𭵚	⿰火扃
𭵛	⿱恠灬
𭵜	⿱亠黒
𭵝	⿱兹灬
𭵞	⿰炎且
𭵟	⿰火怠
𭵠	⿱⿻兰水灬
𭵡	⿰火㢲
𭵢	⿱耿火
𭵣	⿱桂灬
𭵤	⿰火破
𭵥	⿰火⿱𠀗用
𭵦	⿳林冖火
𭵧	⿱⿰臣⿱𠂉二火
𭵨	⿰火茟
𭵩	⿰火臭
𭵪	⿰火射
𭵫	⿰𬉹束
𭵬	⿰火庭
𭵭	⿰火差
𭵮	⿱記灬
𭵯	⿰火⿱⿰己己火
𭵰	⿰火邕
𭵱	⿰火烝
𭵲	⿰火将
𭵳	⿱⿰臣召灬
𭵴	⿱執火
𭵵	⿰火盛
𭵶	⿰火敖
𭵷	⿱𨟽灬
𭵸	⿰火葡
𭵹	⿰火勗
𭵺	⿱⿰氵臤灬
𭵻	⿰火尉
𭵼	⿱惟灬
𭵽	⿰火煮
𭵾	⿱㮈灬
𭵿	⿰火朝
𭶀	⿰火雲
𭶁	⿰火悳
𭶂	⿰火𬜻
𭶃	⿱⿰⿱口女艮灬
𭶄	⿰火莾
𭶅	⿰火菐
𭶆	⿰火象
𭶇	⿰火棨
𭶈	⿰卒炎
𭶉	⿱⿰氵𠭃灬
𭶊	⿱⿰土⿱䒑⿰⿵冂⺀刂灬
𭶋	⿱炏宓
𭶌	⿰元𤋮
𭶍	⿱敬灬
𭶎	⿰火葛
𭶏	⿰火過
𭶐	⿱⿰妟艮灬
𭶑	⿱⿰里吉灬
𭶒	⿰火楽
𭶓	⿱微火
𭶔	⿰㷐攵
𭶕	⿱⿲犭⿱車一力灬
𭶖	⿰火愈
𭶗	⿱碓灬
𭶘	⿰火⿱㐫貝
𭶙	⿰火當
𭶚	⿱𣗥火
𭶛	⿰火夐
𭶜	⿱⿲彳丨晏灬
𭶝	⿱⿰角豕灬
𭶞	⿱賔灬
𭶟	⿰高炎
𭶠	⿱⿲亻丨堇灬
𭶡	⿱⿲弓匊弓火
𭶢	⿱蓻灬
𭶣	⿰火劉
𭶤	⿰火暹
𭶥	⿱亠⿱⿲火羊火火
𭶦	⿰火褱
𭶧	⿱薛火
𭶨	⿰火蘆
𭶩	⿰火⿻羊誩
𭶪	⿱爫冄
𭶫	⿺爪甲
𭶬	⿰⿱爫王卜
𭶭	⿱爫再
𭶮	⿱爫𧰨
𭶯	⿱爫𢆶
𭶰	⿱爫貝
𭶱	⿰爪易
𭶲	⿰爪⿱甶⿻㇒十
𭶳	⿰扁爪
𭶴	⿰𥄃且
𭶵	⿰尼爰
𭶶	⿰票爪
𭶷	⿰⿱爫正㐬
𭶸	⿸厤爪
𭶹	⿰爪蒦
𭶺	⿱父卜
𭶻	⿱父口
𭶼	⿱父車
𭶽	⿰爹基
𭶾	⿰爿丈
𭶿	⿰丬亡
𭷀	⿰丬夫
𭷁	⿰爿攵
𭷂	⿰爿戊
𭷃	⿰丬古
𭷄	⿰爿共
𭷅	⿰爿寺
𭷆	⿰爿𠬶
𭷇	⿰爿意
𭷈	⿰爿壽
𭷉	⿰片木
𭷊	⿰片令
𭷋	⿰片民
𭷌	⿰片⿱𠂉由
𭷍	⿰蜀片
𭷎	⿰片箋
𭷏	⿰牙文
𭷐	⿰牙号
𭷑	⿰牙交
𭷒	⿰牙飠
𭷓	⿰牜乚
𭷔	⿱刀牛
𭷕	⿱父牛
𭷖	⿰牜勾
𭷗	⿰牜壬
𭷘	⿱収牛
𭷙	⿰牜允
𭷚	⿰牜且
𭷛	⿰牜白
𭷜	⿰牜外
𭷝	⿰牜⿹勹巳
𭷞	⿰牜血
𭷟	⿰牜夅
𭷠	⿱刧牛
𭷡	⿰牜牢
𭷢	⿰牟古
𭷣	⿱去⿱冖牛
𭷤	⿱⿳士巛冖牛
𭷥	⿱⿰牙攵牛
𭷦	⿰牜奔
𭷧	⿱牧牛
𭷨	⿰牜忩
𭷩	⿰牜宓
𭷪	⿰牟合
𭷫	⿰牜⿱⺕句
𭷬	⿰牟吉
𭷭	⿰牜者
𭷮	⿱𭮪牛
𭷯	⿱牧⿸厂牛
𭷰	⿰牜專
𭷱	⿰牜莫
𭷲	⿰牟咸
𭷳	⿱敄⿸厂牛
𭷴	⿰牜閔
𭷵	⿱𥝢⿰水牛
𭷶	⿱畾牛
𭷷	⿰牜羅
𭷸	⿰犭丁
𭷹	⿰犭丈
𭷺	⿰犭⿱上乚
𭷻	⿰犭冗
𭷼	⿰犭介
𭷽	⿰犭牛
𭷾	⿰犭斗
𭷿	⿱犬司
𭸀	⿰犭戊
𭸁	⿰申犬
𭸂	⿰犭⿶凵夕
𭸃	⿰犭头
𭸄	⿰犭而
𭸅	⿰犭吅
𭸆	⿰犭肉
𭸇	⿰犭字
𭸈	⿰犭衣
𭸉	⿰犭⿱厶夫
𭸊	⿰犭巫
𭸋	⿰束犬
𭸌	⿰犭麦
𭸍	⿰犭児
𭸎	⿰犭皀
𭸏	⿰犭𣍟
𭸐	⿰犭那
𭸑	⿰犭忍
𭸒	⿱𤜭皿
𭸓	⿰犭林
𭸔	⿰犭厖
𭸕	⿰犭夜
𭸖	⿰犭甾
𭸗	⿰犭枼
𭸘	⿰犭某
𭸙	⿰犭茂
𭸚	⿰犭显
𭸛	⿰犭冒
𭸜	⿰犭𮙥
𭸝	⿰犭便
𭸞	⿰犭段
𭸟	⿰犭竒
𭸠	⿰犭建
𭸡	⿰犭⿳大日小
𭸢	⿰犭匿
𭸣	⿰⿸？用犬
𭸤	⿰独包
𭸥	⿰犭𡭽
𭸦	⿰犭𥁠
𭸧	⿰犭⿱弟木
𭸨	⿰犭斯
𭸩	⿰犭越
𭸪	⿰黹犬
𭸫	⿰臭后
𭸬	⿰犭復
𭸭	⿰犭署
𭸮	⿰⿸？⿱口用犬
𭸯	⿰犭嶌
𭸰	⿰犭罷
𭸱	⿰犭罵
𭸲	⿰猪某
𭸳	⿰犭薰
𭸴	⿰犭⿱賏隻
𭸵	⿰𤣩刀
𭸶	⿰𤣩毛
𭸷	⿰𤣩支
𭸸	⿰𤣩反
𭸹	⿰𤣩仁
𭸺	⿰𤣩夭
𭸻	⿰𤣩氏
𭸼	⿱𰃮玉
𭸽	⿳一夫王
𭸾	⿰𤣩巨
𭸿	⿰𤣩戊
𭹀	⿰𤣩尒
𭹁	⿰𤣩氐
𭹂	⿰𤣩它
𭹃	⿰𤣩母
𭹄	⿰𤣩而
𭹅	⿰𤣩⿻？一
𭹆	⿰𤣩任
𭹇	⿰𤣩夅
𭹈	⿰𤣩尖
𭹉	⿰𤣩臼
𭹊	⿲彳玉亍
𭹋	⿰𤣩宅
𭹌	⿰𤣩却
𭹍	⿰𤣩赤
𭹎	⿱夾玉
𭹏	⿰𤣩釆
𭹐	⿰𤣩佑
𭹑	⿰𤣩寽
𭹒	⿰𤣩⿱欠口
𭹓	⿰𤣩汶
𭹔	⿰𤣩𠬶
𭹕	⿰𤣩𭥗
𭹖	⿱知王
𭹗	⿰𤣩畄
𭹘	⿰𤣩冞
𭹙	⿰𤣩表
𭹚	⿲𤣩歹王
𭹛	⿰𤣩芳
𭹜	⿰𤣩罗
𭹝	⿰⿰𤣩𠕁寸
𭹞	⿲𤣩攵王
𭹟	⿰𤣩匋
𭹠	⿰𤣩㸒
𭹡	⿰𤣩⿱文火
𭹢	⿰𤣩波
𭹣	⿰𤣩⿱冖豕
𭹤	⿰𤣩革
𭹥	⿱玨⿰工几
𭹦	⿰𤣩虐
𭹧	⿰𤣩峉
𭹨	⿰𤣩曷
𭹩	⿰𤣩垕
𭹪	⿰𤣩迮
𭹫	⿰𤣩貢
𭹬	⿱范王
𭹭	⿰𤣩畟
𭹮	⿰𤣩祐
𭹯	⿱⿰未攵⿵𠘨王
𭹰	⿰𤣩處
𭹱	⿰𤣩造
𭹲	⿰𤣩粛
𭹳	⿰𤣩梨
𭹴	⿰𤣩羕
𭹵	⿰𤣩𭽀
𭹶	⿰𤣩喆
𭹷	⿰𤣩⿱𣦺米
𭹸	⿱玨空
𭹹	⿰𤣩⿳十罒⿱一𧘇
𭹺	⿰𤣩閔
𭹻	⿰𤣩⿳㇒罒？
𭹼	⿰𤣩尊
𭹽	⿰𤣩⿳⿱宀儿日小
𭹾	⿰𤣩⿱六隹
𭹿	⿰𤣩⿱畄灬
𭺀	⿰𤣩⿱雨⿻日乚
𭺁	⿰𤣩葦
𭺂	⿰𤣩嗣
𭺃	⿰𤣩葺
𭺄	⿰𤣩㬅
𭺅	⿰𤣩觧
𭺆	⿰𤣩𭐫
𭺇	⿰𤣩𥟦
𭺈	⿰𤣩⿳⿵𠆢一吅灬
𭺉	⿰𤣩徴
𭺊	⿰𤣩𪏭
𭺋	⿰𤣩蜜
𭺌	⿰𤣩頗
𭺍	⿰𤣩⿰黒犬
𭺎	⿰𤣩衛
𭺏	⿱⿳亠⿴𦥑冃冖玉
𭺐	⿰𤣩䝺
𭺑	⿰𤣩霍
𭺒	⿳玨冖⿻𢆶木
𭺓	⿰𤣩應
𭺔	⿰⿱王王⿰旵旵
𭺕	⿱玨覞
𭺖	⿰𤣩⿳卝⿲止白匕夊
𭺗	⿺瓜巴
𭺘	⿺瓜⿺友丶
𭺙	⿰國瓜
𭺚	⿰瓜過
𭺛	⿱一⿵𰀫⺀
𭺜	⿱一⿻九𠄠
𭺝	⿺瓦介
𭺞	⿺瓦吉
𭺟	⿺瓦虫
𭺠	⿰危瓦
𭺡	⿰交瓦
𭺢	⿰瓦甬
𭺣	⿺瓦卒
𭺤	⿰豈瓦
𭺥	⿺瓦豦
𭺦	⿱新瓦
𭺧	⿱鞍瓦
𭺨	⿰魯瓦
𭺩	⿰嬰瓦
𭺪	㇯耳㇀
𭺫	㇯耳一
𭺬	⿰甘旨
𭺭	⿳甘冖羊
𭺮	⿳龸⿺㇄口甘
𭺯	⿰甘弯
𭺰	⿱般甘
𭺱	⿱山生
𭺲	⿱口生
𭺳	⿰生丸
𭺴	⿰生立
𭺵	⿰生更
𭺶	⿰葳生
𭺷	⿰生僉
𭺸	⿱尸用
𭺹	⿱甬乃
𭺺	⿱？用
𭺻	⿰甬东
𭺼	⿰甫尃
𭺽	⿹⿻日亅㇒
𭺾	⿻甲龷
𭺿	⿱田友
𭻀	⿰田戈
𭻁	⿰田支
𭻂	⿱少田
𭻃	⿱田分
𭻄	⿰申冘
𭻅	⿱田水
𭻆	⿱田巴
𭻇	⿰田古
𭻈	⿱去甲
𭻉	⿳𠂉口田
𭻊	⿱田㇯𧰧一
𭻋	⿰𬺹𭺽
𭻌	⿱覀田
𭻍	⿱亚田
𭻎	⿰甲列
𭻏	⿱死田
𭻐	⿰田朶
𭻑	⿱永田
𭻒	⿰田𭆙
𭻓	⿱艮田
𭻔	⿰田来
𭻕	⿰田里
𭻖	⿰田系
𭻗	⿰田谷
𭻘	⿰田弟
𭻙	⿰主男
𭻚	⿰男包
𭻛	⿱担甲
𭻜	⿰田林
𭻝	⿰甲⿱日⺝
𭻞	⿱田炎
𭻟	⿰男在
𭻠	⿰畢也
𭻡	⿻甲⿺⿱一夫壬
𭻢	⿰畐司
𭻣	⿰番卜
𭻤	⿰男那
𭻥	⿱田恭
𭻦	⿰㽞比
𭻧	⿰畐甫
𭻨	⿳𰢴𰢴灬
𭻩	⿳𰢴灬⿱田一
𭻪	⿰田𮋛
𭻫	⿰番反
𭻬	⿰番及
𭻭	⿱被田
𭻮	⿰男哉
𭻯	⿳𠂉⿱田一⿱田灬
𭻰	⿳田从宜
𭻱	⿰田番
𭻲	⿱毗耶
𭻳	⿰田義
𭻴	⿳𰢴灬⿱田灬
𭻵	⿳田吅宜
𭻶	⿰田暴
𭻷	⿰留舀
𭻸	⿳畾冖⿱口一
𭻹	⿻十⿰畕畕
𭻺	⿰當眞
𭻻	⿰番塊
𭻼	⿰⿳田止天⿳田大多
𭻽	⿱毗藥
𭻾	⿱𠂉疋
𭻿	⿻𣄼龰
𭼀	⿰𤴔皮
𭼁	⿱⿰工口疋
𭼂	⿳⿵𠆢一罒疋
𭼃	⿰⿱⿺𠃊⺊天⿱？疋
𭼄	⿰𤴔俞
𭼅	⿰⿱上矢⿱䒑龰
𭼆	⿸疒王
𭼇	⿸疒化
𭼈	⿸疒白
𭼉	⿸疒夗
𭼊	⿸疒共
𭼋	⿸疒𭁆
𭼌	⿸疒仲
𭼍	⿸疒災
𭼎	⿸疒労
𭼏	⿸疒辰
𭼐	⿸疒困
𭼑	⿸疒兵
𭼒	⿸疒含
𭼓	⿸疒靑
𭼔	⿸疒直
𭼕	⿸疒放
𭼖	⿸疒沓
𭼗	⿸疒⿱西土
𭼘	⿸疒𬾐
𭼙	⿸疒怱
𭼚	⿸疒⿱匇心
𭼛	⿸疒独
𭼜	⿸疒乗
𭼝	⿸疒竒
𭼞	⿸疒恙
𭼟	⿸疒匿
𭼠	⿸疒𩁿
𭼡	⿸疒曼
𭼢	⿸疒患
𭼣	⿸疒逢
𭼤	⿸疒被
𭼥	⿸疒淺
𭼦	⿸疒𤼭
𭼧	⿸疒⿹⿻弋𢆶㇉
𭼨	⿸疒殘
𭼩	⿸疒猒
𭼪	⿸疒⿰⿱日⺝戈
𭼫	⿸疒集
𭼬	⿸疒⿳爫旧夊
𭼭	⿸疒隂
𭼮	⿸疒睒
𭼯	⿸疒雉
𭼰	⿸疒歴
𭼱	⿸疒𡬽
𭼲	⿸疒⿸虎隹
𭼳	⿸疒舞
𭼴	⿸疒漏
𭼵	⿸疒憂
𭼶	⿸疒𡑅
𭼷	⿸疒澁
𭼸	⿸疒𩛬
𭼹	⿸疒甖
𭼺	⿸疒𩔪
𭼻	⿸疒𬯵
𭼼	⿸疒黴
𭼽	？
𭼾	⿱𭼽天
𭼿	⿱？日
𭽀	⿱癶米
𭽁	⿱𭼽豆
𭽂	⿱𭐝放
𭽃	⿱登乂
𭽄	⿳癶𠮛光
𭽅	⿱癶強
𭽆	⿰白丁
𭽇	⿱白⿺乚𠄠
𭽈	⿱百丄
𭽉	⿰白乇
𭽊	⿱白巳
𭽋	⿰白元
𭽌	⿰白片
𭽍	⿰白方
𭽎	⿰百升
𭽏	⿱白平
𭽐	⿰白左
𭽑	⿰白号
𭽒	⿳白日丨
𭽓	⿰白⿸升丶
𭽔	⿰白灰
𭽕	⿰白旬
𭽖	⿱白乑
𭽗	⿱白羊
𭽘	⿰白⿱一曳
𭽙	⿰白尭
𭽚	⿰皇尤
𭽛	⿰白易
𭽜	⿱白非
𭽝	⿰百果
𭽞	⿱敃白
𭽟	⿰白浩
𭽠	⿰白敖
𭽡	⿰皇皇
𭽢	⿰白粲
𭽣	⿰皮氐
𭽤	⿰皮㐌
𭽥	⿰皮共
𭽦	⿺兊皮
𭽧	⿰皮先
𭽨	⿰皮年
𭽩	⿰皮危
𭽪	⿰𢑑皮
𭽫	⿰皮夋
𭽬	⿰⿱龷⺝皮
𭽭	⿰皮叔
𭽮	⿰皮肥
𭽯	⿰⿱士耳皮
𭽰	⿰皮重
𭽱	⿰皮留
𭽲	⿰皮芻
𭽳	⿰皮能
𭽴	⿰責皮
𭽵	⿰崙皮
𭽶	⿱丷⿸厂⿰？皮
𭽷	⿰䖒皮
𭽸	⿱皷冬
𭽹	⿰爾皮
𭽺	⿰聶皮
𭽻	⿰蠒皮
𭽼	⿱内皿
𭽽	⿱叐皿
𭽾	⿱白皿
𭽿	⿱加皿
𭾀	⿱老皿
𭾁	⿱艮皿
𭾂	⿳䒑夫皿
𭾃	⿱招皿
𭾄	⿱拈皿
𭾅	⿱宛皿
𭾆	⿱⿰𮍌𫡏皿
𭾇	⿱春皿
𭾈	⿱㰦皿
𭾉	⿳由⿰⿱丶㇀⿱㇒丶皿
𭾊	⿸⿻⿻尸一由皿
𭾋	⿱⿰𮍌⿱𠂉二皿
𭾌	⿱⿰土⿱𠂉古皿
𭾍	⿹气⿱米皿
𭾎	⿱紋皿
𭾏	⿱⿰𮍌古皿
𭾐	⿸？𰤷
𭾑	⿱𬛥皿
𭾒	⿱貇皿
𭾓	⿰⿱⿳八一八皿曷
𭾔	⿱漮皿
𭾕	⿱𬹥皿
𭾖	⿰盍豊
𭾗	⿰目十
𭾘	⿰目八
𭾙	⿰目了
𭾚	⿰目大
𭾛	⿳⺊目㇒
𭾜	⿱⿻⿱㇒一丿目
𭾝	⿰目子
𭾞	⿱目井
𭾟	⿰目不
𭾠	⿰目井
𭾡	⿳目一巛
𭾢	⿰目攵
𭾣	⿰目之
𭾤	⿰目弖
𭾥	⿰目尹
𭾦	⿰目広
𭾧	⿰目甘
𭾨	⿰目可
𭾩	⿱⿻𡈼㇒目
𭾪	⿱罒⿰𠂈？
𭾫	⿰目曳
𭾬	⿱罒伐
𭾭	⿰看九
𭾮	⿰目年
𭾯	⿰目危
𭾰	⿰目妄
𭾱	⿱罒衣
𭾲	⿰目羽
𭾳	⿰目⿱𡗗⺀
𭾴	⿱上眉
𭾵	⿰目吿
𭾶	⿰目究
𭾷	⿰目㝎
𭾸	⿰目甬
𭾹	⿱⿰牙攵目
𭾺	⿰目拉
𭾻	⿰目杲
𭾼	⿰目舎
𭾽	⿱⿰𱼀？𥃰
𭾾	⿰目所
𭾿	⿰目庚
𭿀	⿱⿰冫衣目
𭿁	⿰目叕
𭿂	⿰目𧈧
𭿃	⿱⿱⿻𠮛⿰丨丨冖目
𭿄	⿰目甚
𭿅	⿰目奏
𭿆	⿰目⿱艹⿱⿺𠃊㐅儿
𭿇	⿰目⿱山虫
𭿈	⿰目訇
𭿉	⿰目很
𭿊	⿰看主
𭿋	⿰看可
𭿌	⿰𥘈⿱又目
𭿍	⿰目重
𭿎	⿰目类
𭿏	⿰目亮
𭿐	⿱𰯯目
𭿑	⿰目𭺾
𭿒	⿰目針
𭿓	⿳㇒罒⿻土羊
𭿔	⿰目羔
𭿕	⿰目曹
𭿖	⿰目⿱正？
𭿗	⿱𥈀廾
𭿘	⿰目莖
𭿙	⿰目𮍖
𭿚	⿰目啓
𭿛	⿰目⿸戶甫
𭿜	⿰目⿱宀⿱⿴𠀃三八
𭿝	⿰目量
𭿞	⿰目單
𭿟	⿰目臯
𭿠	⿰看岩
𭿡	⿰看所
𭿢	⿰目鼓
𭿣	⿰目⿱⿱⿻𠮛⿰丨丨冖且
𭿤	⿰目𣷚
𭿥	⿱䀠？
𭿦	⿰目暑
𭿧	⿰看亮
𭿨	⿰目遂
𭿩	⿱殸⿸𠂋目
𭿪	⿱䀠⿰亻⿳亠𰀁又
𭿫	⿰目蓋
𭿬	⿰目賔
𭿭	⿰目豪
𭿮	⿰目冀
𭿯	⿰目褱
𭿰	⿰眉菌
𭿱	⿰眠鳥
𭿲	⿱皼目
𭿳	⿰目羅
𭿴	⿰瞐⿱村厶
𭿵	⿱？⿹𠄐㇒
𭿶	⿱夕⿹𠄐㇒
𭿷	⿱矛冋
𭿸	⿰矛本
𭿹	⿰矛合
𭿺	⿰矛牟
𭿻	⿰矛𧴪
𭿼	⿰矛鳥
𭿽	⿰矢丁
𭿾	⿱矢𧘇
𭿿	⿱火矢
𮀀	⿰矢且
𮀁	⿰矢臣
𮀂	⿰矢亘
𮀃	⿰矢武
𮀄	⿰矢阿
𮀅	⿰矢耑
𮀆	⿰矢⿱廿⿻口土
𮀇	⿱桝矢
𮀈	⿰矣舍
𮀉	⿰𥎩余
𮀊	⿰矢魯
𮀋	⿰石大
𮀌	⿰石乆
𮀍	⿰石王
𮀎	⿱分石
𮀏	⿰石叵
𮀐	⿰石卯
𮀑	⿰石丱
𮀒	⿱主石
𮀓	⿰石宁
𮀔	⿰石示
𮀕	⿰石⿹弋口
𮀖	⿰石行
𮀗	⿰石⿻一止
𮀘	⿱㓙石
𮀙	⿰石吞
𮀚	⿰石克
𮀛	⿰石呆
𮀜	⿱𣦼石
𮀝	⿰石身
𮀞	⿰石秀
𮀟	⿰石作
𮀠	⿰石兵
𮀡	⿰石灵
𮀢	⿰石招
𮀣	⿰石叔
𮀤	⿰石劳
𮀥	⿰石芮
𮀦	⿱非石
𮀧	⿰石贫
𮀨	⿰石妾
𮀩	⿰石官
𮀪	⿰石贯
𮀫	⿰石阿
𮀬	⿰石歪
𮀭	⿰石品
𮀮	⿰石保
𮀯	⿱敀石
𮀰	⿱斫石
𮀱	⿱⿰白王石
𮀲	⿰石恒
𮀳	⿰石⿱宀匡
𮀴	⿰石建
𮀵	⿰石⿳厶大木
𮀶	⿰石⿱幵手
𮀷	⿰石峯
𮀸	⿰石䖍
𮀹	⿰石臭
𮀺	⿰石隻
𮀻	⿰石匿
𮀼	⿰石速
𮀽	⿰石𩂀
𮀾	⿰石⿱夾⺝
𮀿	⿰石雀
𮁀	⿰石毫
𮁁	⿰石𧴲
𮁂	⿰石陳
𮁃	⿰石⿱収貝
𮁄	⿰石⿱⿰⿱一⿵冂丨⿱一⿵冂丨木
𮁅	⿰石𮏖
𮁆	⿰石⿱卝⿱一𠕒
𮁇	⿰石答
𮁈	⿰石翕
𮁉	⿰石隐
𮁊	⿰石𤦲
𮁋	⿰石電
𮁌	⿰石葢
𮁍	⿰石準
𮁎	⿰石𫁒
𮁏	⿰石⿱⿲幺白幺十
𮁐	⿰石𭫒
𮁑	⿱厭石
𮁒	⿰石墓
𮁓	⿰石疂
𮁔	⿰石蔵
𮁕	⿰石興
𮁖	⿰石聶
𮁗	⿰石轉
𮁘	⿰石䮕
𮁙	⿰石難
𮁚	⿰石藥
𮁛	⿰石蘖
𮁜	⿰示刂
𮁝	⿺九示
𮁞	⿰示上
𮁟	⿰礻厷
𮁠	⿰示毛
𮁡	⿰示冘
𮁢	⿰礻生
𮁣	⿰礻令
𮁤	⿱未示
𮁥	⿰示戊
𮁦	⿰示只
𮁧	⿰示册
𮁨	⿱𭼽示
𮁩	⿰示⿸𠂆口
𮁪	⿰示斥
𮁫	⿰示宁
𮁬	⿰示加
𮁭	⿰示亘
𮁮	⿰示而
𮁯	⿰礻夸
𮁰	⿰示有
𮁱	⿰示戎
𮁲	⿰示早
𮁳	⿰示朶
𮁴	⿰礻行
𮁵	⿰示全
𮁶	⿱六⿲丿示丨
𮁷	⿰示亥
𮁸	⿱⿱𰀉冖示
𮁹	⿱𣦼示
𮁺	⿰示延
𮁻	⿰示希
𮁼	⿰示⿱𠂉⿵⿻⿻几一丶丨
𮁽	⿰示矣
𮁾	⿰示甬
𮁿	⿰示奈
𮂀	⿰示具
𮂁	⿰示⿵乃𠮷
𮂂	⿰示⿺廴㠯
𮂃	⿱奴奈
𮂄	⿰𥘈𪜱
𮂅	⿰示咸
𮂆	⿰礻厚
𮂇	⿰礻星
𮂈	⿰示𬛸
𮂉	⿰示彥
𮂊	⿰示𭻉
𮂋	⿰示原
𮂌	⿰示栗
𮂍	⿰示⿱田央
𮂎	⿰示殺
𮂏	⿰礻強
𮂐	⿱殸示
𮂑	⿱執示
𮂒	⿰示責
𮂓	⿰示莫
𮂔	⿰示⿳亠⿴⿰丨丨𠄠田
𮂕	⿰示盖
𮂖	⿰礻⿰弓爾
𮂗	⿰礻⿳襾大巳
𮂘	⿰示猒
𮂙	⿰示景
𮂚	⿰礻象
𮂛	⿰示發
𮂜	⿰礻㐮
𮂝	⿰礻遍
𮂞	⿰礻⿳𡈽⿱口一吋
𮂟	⿰示𮧊
𮂠	⿰礻賛
𮂡	⿰礻暴
𮂢	⿰示⿱爫⿵冂⿲爻丨爻
𮂣	⿰礻薄
𮂤	⿰祭排
𮂥	⿰示擧
𮂦	⿰示糜
𮂧	⿰礻齋
𮂨	⿰示聶
𮂩	⿰礻羅
𮂪	⿰礻⿱⺈⿷⿹？⿱𰀄匚⿱目丶
𮂫	⿰示𮆘
𮂬	⿳山凶禸
𮂭	⿰禺無
𮂮	⿱𦥯禺
𮂯	⿱禾十
𮂰	⿰禾阝
𮂱	⿰禾尤
𮂲	⿰禾太
𮂳	⿱禾云
𮂴	⿰禾王
𮂵	⿰禾匂
𮂶	⿰禾升
𮂷	⿱禾⿵几冫
𮂸	⿰禾欠
𮂹	⿰禾文
𮂺	⿰禾叐
𮂻	⿱禾𫜸
𮂼	⿰秀丸
𮂽	⿰禾冬
𮂾	⿰禾穴
𮂿	⿰禾主
𮃀	⿰禾玄
𮃁	⿰禾羊
𮃂	⿰禾吏
𮃃	⿰禾⿸厂火
𮃄	⿰禾朶
𮃅	⿰禾䖝
𮃆	⿰禾𠬶
𮃇	⿰禾靑
𮃈	⿰禾⿱𡗜亐
𮃉	⿰禾奉
𮃊	⿰禾歩
𮃋	⿰禾𡶤
𮃌	⿰禾匊
𮃍	⿰禾⿱⿵𠆢一央
𮃎	⿰禾𭶪
𮃏	⿰禾𤰅
𮃐	⿰禾忩
𮃑	⿰禾孟
𮃒	⿰禾𬎾
𮃓	⿰禾垔
𮃔	⿰禾者
𮃕	⿰禾𬙙
𮃖	⿰禾⿱夕⿵𠘨王
𮃗	⿰禾⿱臼彡
𮃘	⿰禾⿶凵⿻千⿰㐅㐅
𮃙	⿰禾𡸁
𮃚	⿰禾秋
𮃛	⿱𮂱𣅀
𮃜	⿰禾晃
𮃝	⿰禾般
𮃞	⿰禾⿱夂⿲⿺𠄌⺀⿺𠄌⺀㇂
𮃟	⿰禾宰
𮃠	⿰禾冥
𮃡	⿰禾鿄
𮃢	⿱秋𣅀
𮃣	⿰禾魚
𮃤	⿰禾基
𮃥	⿰禾卨
𮃦	⿰禾冕
𮃧	⿰禾商
𮃨	⿰禾鹿
𮃩	⿰禾逢
𮃪	⿰禾畨
𮃫	⿰禾通
𮃬	⿰禾善
𮃭	⿰禾喆
𮃮	⿰禾⿱吉𠇍
𮃯	⿰禾象
𮃰	⿰⿳⿵𠆢一𫩏𠕁禾
𮃱	⿱𥝢厘
𮃲	⿰種今
𮃳	⿰禾豪
𮃴	⿰禾興
𮃵	⿰⿱禾占离
𮃶	⿰禾麕
𮃷	⿰禾靡
𮃸	⿱⿱宀儿乇
𮃹	⿱⿱宀儿爪
𮃺	⿱⿱宀儿𠕅
𮃻	⿱⿱宀儿㠯
𮃼	⿱⿱宀儿臼
𮃽	⿱⿱宀儿呀
𮃾	⿱⿱宀儿延
𮃿	⿱⿱宀儿但
𮄀	⿱穴𠬶
𮄁	⿱𥤧⿻日乚
𮄂	⿱⿱宀儿佳
𮄃	⿰空半
𮄄	⿱⿱宀儿青
𮄅	⿱⿱宀儿黾
𮄆	⿱⿱宀儿怽
𮄇	⿱⿱宀儿沫
𮄈	⿱⿱宀儿𣢟
𮄉	⿱⿱宀儿⿰𧾷刂
𮄊	⿱⿱宀儿侵
𮄋	⿱⿱宀儿𪽋
𮄌	⿱⿱宀儿珠
𮄍	⿱⿱宀儿晁
𮄎	⿱⿱宀儿𢔀
𮄏	⿰空表
𮄐	⿰穿吞
𮄑	⿱穴卨
𮄒	⿳⿱宀儿⿱㇒罒𠂡
𮄓	⿱⿱宀儿率
𮄔	⿱穴⿰爿告
𮄕	⿱⿱宀儿⿰爿身
𮄖	⿱⿱宀儿悳
𮄗	⿱⿱宀儿覘
𮄘	⿱⿱宀儿⿰彳禺
𮄙	⿱⿱宀儿⿰丬娄
𮄚	⿱⿱宀儿視
𮄛	⿱𮄉灬
𮄜	⿱⿱宀儿遂
𮄝	⿱穴𣺎
𮄞	⿱⿱宀儿爾
𮄟	⿱⿱宀儿𨁍
𮄠	⿱⿱宀儿漏
𮄡	⿱⿱宀儿⿰爿桌
𮄢	⿳⿱宀儿⿲口𧾷刂灬
𮄣	⿳⿱宀儿龶⿱罒𭀡
𮄤	⿱⿱宀儿⿰革竒
𮄥	⿱⿱宀儿⿰爿夢
𮄦	⿱⿱宀儿⿰丬瞢
𮄧	⿱立寸
𮄨	⿰立爪
𮄩	⿰立左
𮄪	⿰立平
𮄫	⿰立生
𮄬	⿰立出
𮄭	⿰立圭
𮄮	⿰立旬
𮄯	⿰立甬
𮄰	⿰立呈
𮄱	⿰立明
𮄲	⿰立奇
𮄳	⿰立夜
𮄴	⿰章久
𮄵	⿰立春
𮄶	⿰立俞
𮄷	⿰立益
𮄸	⿰立曼
𮄹	⿰立竟
𮄺	⿰立翌
𮄻	⿰立黑
𮄼	⿰立𡩖
𮄽	⿰寧立
𮄾	⿰亲莫
𮄿	⿱竜⿰竜竜
𮅀	⿱𥫗切
𮅁	⿱𥫗不
𮅂	⿳𥫗丶兀
𮅃	⿱𥫗夬
𮅄	⿱𥫗仞
𮅅	⿱𥫗他
𮅆	⿱𥫗必
𮅇	⿱𥫗戍
𮅈	⿱𥫗托
𮅉	⿱𥫗卋
𮅊	⿱𥫗回
𮅋	⿱𥫗竹
𮅌	⿱𥫗𠇍
𮅍	⿱𥫗礼
𮅎	⿱𥫗农
𮅏	⿱𥫗⿻？⿹⿻冖亅㇒
𮅐	⿱𥫗艮
𮅑	⿱𥫗抗
𮅒	⿱𥫗⿱𡗗㔾
𮅓	⿱𥫗伯
𮅔	⿱𥫗沄
𮅕	⿱𥫗𰥍
𮅖	⿱𥫗拃
𮅗	⿰筒七
𮅘	⿱𥫗門
𮅙	⿱𥫗兒
𮅚	⿱𥫗𨑲
𮅛	⿱𥫗⿰亻⿱𠫔𫶧
𮅜	⿱𥫗狐
𮅝	⿱𥫗房
𮅞	⿱𥫗宜
𮅟	⿱𥫗府
𮅠	⿱𥫗帖
𮅡	⿱𥫗保
𮅢	⿱𥫗珍
𮅣	⿱𥫗垫
𮅤	⿰竹查
𮅥	⿱𥫗面
𮅦	⿱𥫗柺
𮅧	⿱𥫗柛
𮅨	⿱𥫗⿺辶夲
𮅩	⿱𥫗珀
𮅪	⿱𥫗急
𮅫	⿱𥫗弇
𮅬	⿱𥫗宦
𮅭	⿱𥫗架
𮅮	⿱𥫗凾
𮅯	⿱𥫗𨊰
𮅰	⿱𥫗耕
𮅱	⿱𥫗恐
𮅲	⿱𥫗⿰飠力
𮅳	⿱𥫗契
𮅴	⿱𥫗𬾨
𮅵	⿱答巴
𮅶	⿱𥫗⿻表口
𮅷	⿳𥫗⿲匕白匕儿
𮅸	⿱𥫗桶
𮅹	⿰笨灰
𮅺	⿱𥫗梫
𮅻	⿱𥫗敖
𮅼	⿱𥫗斬
𮅽	⿱𥫗虗
𮅾	⿱𫂁日
𮅿	⿱𥫗健
𮆀	⿱𥫗脩
𮆁	⿱𥫗脚
𮆂	⿰笑肖
𮆃	⿱𥫗⿰舌失
𮆄	⿱𥫗惟
𮆅	⿱𥫗旈
𮆆	⿱𥫗⿰氵⿱龶⿵⺆丄
𮆇	⿱𥫗𭡥
𮆈	⿱𥫗煮
𮆉	⿱𥫗揭
𮆊	⿱𥭛皿
𮆋	⿳𥫗罒⿱冖代
𮆌	⿱𥫗𧆾
𮆍	⿳𥫗囚⿱八𢎨
𮆎	⿱𥫗跛
𮆏	⿱𥫗阑
𮆐	⿱𥫗湟
𮆑	⿱𥫗渚
𮆒	⿱𥫗渠
𮆓	⿱𥫗賀
𮆔	⿱𥫗⿸？兵
𮆕	⿳𥫗？⿻甲一
𮆖	⿱𥫗⿰面攵
𮆗	⿰竹落
𮆘	⿳𥫗罒⿱冖伐
𮆙	⿱𥫗睘
𮆚	⿱𥫗⿰缶⿱一糸
𮆛	⿱𥫗稗
𮆜	⿱𥫗⿱𢆉⿸耳又
𮆝	⿳𥫗亡⿲月女卂
𮆞	⿱𥫗⿰𠂤辛
𮆟	⿱𥫗皷
𮆠	⿰等社
𮆡	⿱𥫗遠
𮆢	⿱𥫗⿰扌⿱共⿻三人
𮆣	⿱𥫗⿱日𧥢
𮆤	⿱𥫗閤
𮆥	⿱𥫗槀
𮆦	⿱𥫗⿰弓⿱土隹
𮆧	⿱𥫗屣
𮆨	⿱𥫗潭
𮆩	⿰等枼
𮆪	⿱𥫗𮚋
𮆫	⿱𥫗賛
𮆬	⿱𥫗閱
𮆭	⿱𥫗暴
𮆮	⿱𥫗盤
𮆯	⿱𥫗慶
𮆰	⿱𥫗裨
𮆱	⿱𥫗憎
𮆲	⿱𥫗𢅛
𮆳	⿱𥫗審
𮆴	⿱𥫗𤎉
𮆵	⿱箭衣
𮆶	⿱𥫗𩿳
𮆷	⿱𥫗𦃙
𮆸	⿱𥫗錚
𮆹	⿱𥫗⿰禾㽞
𮆺	⿱𥫗⿲亻丨喿
𮆻	⿱𥫗謁
𮆼	⿱𥫗澡
𮆽	⿱𥫗⿰辛訇
𮆾	⿱𥫗鞫
𮆿	⿱𥫗廬
𮇀	⿱𥫗⿰蚕蚕
𮇁	⿱𥫗鐸
𮇂	⿱𥫗纖
𮇃	⿰米九
𮇄	⿰米卩
𮇅	⿰米三
𮇆	⿰米尤
𮇇	⿺米日
𮇈	⿰米仇
𮇉	⿰米方
𮇊	⿰⿺𠃊米下
𮇋	⿰米広
𮇌	⿰米央
𮇍	⿰米叩
𮇎	⿱米𫜸
𮇏	⿰米㐱
𮇐	⿰米主
𮇑	⿰米出
𮇒	⿰米加
𮇓	⿱𭐝米
𮇔	⿰米亚
𮇕	⿰米吉
𮇖	⿰米旨
𮇗	⿰米艾
𮇘	⿰米早
𮇙	⿰米危
𮇚	⿰米⿱㇒⿺友丶
𮇛	⿰米并
𮇜	⿰米艮
𮇝	⿰米羽
𮇞	⿰米辛
𮇟	⿰米足
𮇠	⿰米呆
𮇡	⿰米兵
𮇢	⿰米角
𮇣	⿱米⿰夕卡
𮇤	⿰米灵
𮇥	⿰米林
𮇦	⿰⿱止凶米
𮇧	⿰米朋
𮇨	⿰米受
𮇩	⿰米⿱凶殳
𮇪	⿰米京
𮇫	⿰米房
𮇬	⿰⿱⿺𠃊⺊天⿱𠆢米
𮇭	⿰米段
𮇮	⿰米⿱刍心
𮇯	⿰米食
𮇰	⿰米⿱䒑合
𮇱	⿰米帝
𮇲	⿰米⿱癶⺗
𮇳	⿰米爱
𮇴	⿰米借
𮇵	⿱𥝢⿱𠆢米
𮇶	⿰米留
𮇷	⿰米舀
𮇸	⿰米⿱白𫢉
𮇹	⿰米梁
𮇺	⿰米𣇃
𮇻	⿰米閒
𮇼	⿰米復
𮇽	⿳艹⿰臣⿱𠂉一米
𮇾	⿰夋粦
𮇿	⿰米⿱品𠇍
𮈀	⿱𫠙米
𮈁	⿰糹山
𮈂	⿰糸阝
𮈃	⿰糸井
𮈄	⿰糸攵
𮈅	⿰糸匁
𮈆	⿰糸右
𮈇	⿰糸左
𮈈	⿰糸平
𮈉	⿰糹用
𮈊	⿰糸必
𮈋	⿰夸糸
𮈌	⿲糸丈丈
𮈍	⿱共糸
𮈎	⿰糸早
𮈏	⿱？糸
𮈐	⿰糸𭆙
𮈑	⿱⿰龶刃糸
𮈒	⿰糸克
𮈓	⿳右冖糸
𮈔	⿰糸系
𮈕	⿰糸⿱䒑龰
𮈖	⿳⿻十厸冖糸
𮈗	⿰糸固
𮈘	⿰糸𦉾
𮈙	⿰糸𦬪
𮈚	⿰糸知
𮈛	⿱⿰生刄糸
𮈜	⿰糸匊
𮈝	⿰糸並
𮈞	⿰糸𪪎
𮈟	⿰糸𱐍
𮈠	⿰糸穸
𮈡	⿰糸隶
𮈢	⿰糸㢱
𮈣	⿰糸𦊆
𮈤	⿰糸政
𮈥	⿰糹歪
𮈦	⿰糸⿳卉一夊
𮈧	⿰糸匽
𮈨	⿰糸⿱𠀐月
𮈩	⿰糹𧈧
𮈪	⿰糸耑
𮈫	⿰糸𬙙
𮈬	⿰糸昜
𮈭	⿰糸⿱彡耳
𮈮	⿰糸⿱⿱⺈⺕心
𮈯	⿰糸⿱卯心
𮈰	⿰糸栄
𮈱	⿰糸⿳⺊日⿱冖丁
𮈲	⿰糸𧴪
𮈳	⿰糸隻
𮈴	⿰糸迸
𮈵	⿰糸迷
𮈶	⿰糸㝚
𮈷	⿰糸⿳丶𠀚口
𮈸	⿰糸𧴲
𮈹	⿰糸逑
𮈺	⿰糸⿸？乎
𮈻	⿰糸啚
𮈼	⿰糸常
𮈽	⿰糸寄
𮈾	⿰糸窓
𮈿	⿰糸眷
𮉀	⿰糸商
𮉁	⿰糸寀
𮉂	⿰糸晝
𮉃	⿰糸𢇇
𮉄	⿰糸絜
𮉅	⿰糸逸
𮉆	⿰糸⿳爫旧夊
𮉇	⿰糸営
𮉈	⿰糸⿳䒑⿻⺕⿰丨丨从
𮉉	⿰糸逮
𮉊	⿰糸⿳艹叵日
𮉋	⿰糸⿰咠戈
𮉌	⿰糸筵
𮉍	⿰糸⿱⺈寅
𮉎	⿰糸絛
𮉏	⿰糸違
𮉐	⿰糸𠪩
𮉑	⿰糸𮖐
𮉒	⿰糸蜜
𮉓	⿰糸⿺辶⿳襾大㔾
𮉔	⿱若⿰糸糸
𮉕	⿰糸齒
𮉖	⿰糹𮥼
𮉗	⿰糸𭾐
𮉘	⿰糸諸
𮉙	⿰糸遲
𮉚	⿰糸闌
𮉛	⿰糸瞿
𮉜	⿰糸爵
𮉝	⿰糸邊
𮉞	⿰糹離
𮉟	⿰糸𪋘
𮉠	⿰纟九
𮉡	⿰纟卢
𮉢	⿰纟失
𮉣	⿰纟乍
𮉤	⿰纟圭
𮉥	⿰纟列
𮉦	⿰纟网
𮉧	⿰纟两
𮉨	⿰纟呙
𮉩	⿰纟足
𮉪	⿰纟取
𮉫	⿰纟委
𮉬	⿰纟卒
𮉭	⿰纟眉
𮉮	⿰纟崔
𮉯	⿰纟祭
𮉰	⿻缶卄
𮉱	⿰缶夫
𮉲	⿰缶皮
𮉳	⿰缶更
𮉴	⿰缶坐
𮉵	⿰缶㕻
𮉶	⿱酋缶
𮉷	⿰缶𤰇
𮉸	⿰缶𮥶
𮉹	⿰缶備
𮉺	⿳⿴𦥑？冖缶
𮉻	⿰缺𮨶
𮉼	⿱㇒𭁠
𮉽	⿱罒弋
𮉾	⿱㓁⿻丅𠃊
𮉿	⿰罒犬
𮊀	⿱今罒
𮊁	⿱𠔿古
𮊂	⿱罒罒
𮊃	⿱罒㐱
𮊄	⿱罓民
𮊅	⿱罒成
𮊆	⿳𠂉罒犮
𮊇	⿱𠔿沓
𮊈	⿱罒注
𮊉	⿱罒𬚳
𮊊	⿱⿵冂𠆢帝
𮊋	⿱罒軍
𮊌	⿵网𰫘
𮊍	⿱罒⿱直八
𮊎	⿳罓旲巾
𮊏	⿱㓁㼌
𮊐	⿱罒⿰羊毛
𮊑	⿱罒浮
𮊒	⿱罒⿰䏍⿻厶二
𮊓	⿱罓能
𮊔	⿱罓惟
𮊕	⿳罒羽𣄼
𮊖	⿳网⿰？又火
𮊗	⿱⿱冖八巢
𮊘	⿱网尉
𮊙	⿱罒習
𮊚	⿱罒畱
𮊛	⿱罒㲜
𮊜	⿱⿱𠔿冖⿻⿱十且⿱八力
𮊝	⿱罒⿸厂㲜
𮊞	⿱𠔿齊
𮊟	⿱罒縜
𮊠	⿱罒騎
𮊡	⿱罒䳬
𮊢	⿱𦍌夊
𮊣	⿰羊久
𮊤	⿰亡羊
𮊥	⿰羊戊
𮊦	⿱羊⿷兀厶
𮊧	⿰羊⿹勹互
𮊨	⿰养丈
𮊩	⿰声羊
𮊪	⿰𠦝羊
𮊫	⿱𦍌⿰禾？
𮊬	⿰羊侖
𮊭	⿰羊底
𮊮	⿰美光
𮊯	⿰亭羊
𮊰	⿱羔次
𮊱	⿱羔羊
𮊲	⿰羔羊
𮊳	⿰羊⿱自⿻⿰二二十
𮊴	⿰羊𣮿
𮊵	⿳亡罒⿲月羊凡
𮊶	⿰各養
𮊷	⿳⿺𠃊𠄠罒⿲月羊⿻⿻⿻㇈丿丶丶
𮊸	⿱⿰𫜹𫜹日
𮊹	⿰中羽
𮊺	⿰分羽
𮊻	⿰羽攵
𮊼	⿰民羽
𮊽	⿰羽成
𮊾	⿱羽共
𮊿	⿱⿰𫜹𫜹𠇍
𮋀	⿱⿰𫜹𫜹⿱𠆢𣱱
𮋁	⿱羽合
𮋂	⿱羽交
𮋃	⿺克羽
𮋄	⿰夾羽
𮋅	⿱臤羽
𮋆	⿱杳羽
𮋇	⿰戔羽
𮋈	⿰享羽
𮋉	⿰⿱白丰羽
𮋊	⿰矦羽
𮋋	⿰皇羽
𮋌	⿰羽宣
𮋍	⿰惠羽
𮋎	⿱羽鬲
𮋏	⿰⿱罒𣱳羽
𮋐	⿱𡨄羽
𮋑	⿰⿱𢆶匹羽
𮋒	⿰畨⿰⿹𠃌𠄠⿹𠃌𠄠
𮋓	⿰羽𢇇
𮋔	⿰零羽
𮋕	⿰羽肅
𮋖	⿰𠦝翕
𮋗	⿱䟽羽
𮋘	⿰賛羽
𮋙	⿰𠦝⿳大𠮛羽
𮋚	⿰⿱出光翟
𮋛	⿱老可
𮋜	⿰老吉
𮋝	⿱⿱耂上日
𮋞	⿰老味
𮋟	⿰耑叐
𮋠	⿱流而
𮋡	⿱？而
𮋢	⿰𦓔⿱少⿱⺈兄
𮋣	⿰耒乃
𮋤	⿰耒分
𮋥	⿰耒末
𮋦	⿰耒目
𮋧	⿰耒𠮦
𮋨	⿰耒老
𮋩	⿰耒字
𮋪	⿰耒妥
𮋫	⿰耕劳
𮋬	⿰耳义
𮋭	⿰耳也
𮋮	⿰耳太
𮋯	⿰耳尼
𮋰	⿰耳夋
𮋱	⿰耳𠯳
𮋲	⿰耳完
𮋳	⿰耳來
𮋴	⿲耳目弓
𮋵	⿰耳妾
𮋶	⿰耳枼
𮋷	⿰耳独
𮋸	⿲耳玄斗
𮋹	⿱従耳
𮋺	⿱殹耳
𮋻	⿱𭮶耳
𮋼	⿰耳聚
𮋽	⿱𠼗耳
𮋾	⿱⿰壴⿱山夂耳
𮋿	⿰耳𧶠
𮌀	⿰耳聶
𮌁	⿻⿳乛一三⿸丨丶
𮌂	⿻聿儿
𮌃	⿱⿱𦘒一𠀃
𮌄	⿻肀⿵冂⿰𬼽𬼽
𮌅	⿰甚聿
𮌆	⿻𦘒⿵冂⿰⿱丄丅⿱丄丅
𮌇	⿵⿻冂丨⿰㇇丶
𮌈	⿱上⺝
𮌉	⿱夕肉
𮌊	⿰肉也
𮌋	⿰月㕚
𮌌	⿰月业
𮌍	⿰月匃
𮌎	⿱匃⺝
𮌏	⿰月⿱丷弓
𮌐	⿱𠔉⺝
𮌑	⿰肉亥
𮌒	⿰月𣎽
𮌓	⿰月⿻未丨
𮌔	⿱⿳亠口冖⺝
𮌕	⿰肉麦
𮌖	⿰月㫖
𮌗	⿰月⿱山比
𮌘	⿰月足
𮌙	⿰肩大
𮌚	⿰月⿹勹𦈢
𮌛	⿰䏍⿱土山
𮌜	⿰肉夌
𮌝	⿰月易
𮌞	⿰月肴
𮌟	⿰月妾
𮌠	⿰月於
𮌡	⿰月背
𮌢	⿰月⿱匇心
𮌣	⿰月⿸广帇
𮌤	⿰月𠫵
𮌥	⿰⺼柬
𮌦	⿰月⿱巠巾
𮌧	⿰月候
𮌨	⿰月逄
𮌩	⿳亾口⿰月丮
𮌪	⿰月桀
𮌫	⿰育⿱𠫔𫶧
𮌬	⿰弟肙
𮌭	⿱羔⺝
𮌮	⿰月⿻兰氺
𮌯	⿰月脅
𮌰	⿰月𥙊
𮌱	⿰背共
𮌲	⿰月堅
𮌳	⿱⿰𫠤攵⺝
𮌴	⿰月崑
𮌵	⿰月⿳艹𠆢⿱一木
𮌶	⿰月處
𮌷	⿰月⿱𠂉𰥓
𮌸	⿰月⿸戶甫
𮌹	⿰月梁
𮌺	⿰月喜
𮌻	⿰月雲
𮌼	⿰月㪚
𮌽	⿰背告
𮌾	⿰腐丑
𮌿	⿱粥肉
𮍀	⿰月⿱⺈寅
𮍁	⿰月⿱亠𭾱
𮍂	⿰胡是
𮍃	⿰月甄
𮍄	⿰月臧
𮍅	⿰莫肙
𮍆	⿰月⿱艹⿱𦉪戍
𮍇	⿰月䴡
𮍈	⿱鋠⺝
𮍉	⿰肉⿱⿰幺助⿺凢力
𮍊	⿰月親
𮍋	⿰慕胃
𮍌	？
𮍍	⿰𮍌又
𮍎	⿸𤕫臣
𮍏	⿵戊臣
𮍐	⿵？𮍌
𮍑	⿰臣知
𮍒	⿱丶⿰冫𮍏
𮍓	⿰臣⿱日羽
𮍔	⿱自分
𮍕	⿱自爪
𮍖	⿱自⿸厂彡
𮍗	⿰自左
𮍘	⿰自句
𮍙	⿱自⿰亻𧘇
𮍚	⿰自曵
𮍛	⿳自冖㕣
𮍜	⿱自兒
𮍝	⿰臬⿱臼王
𮍞	⿳自⿰自自十
𮍟	⿰自爵
𮍠	⿰至𭣔
𮍡	⿰至反
𮍢	⿱龹至
𮍣	⿰至奉
𮍤	⿱⿱⿴𦥑同冖至
𮍥	⿱𠂉𦥑
𮍦	⿱臼𧘇
𮍧	⿱𦥑文
𮍨	⿱龹臼
𮍩	⿰开兒
𮍪	⿳臼八王
𮍫	⿳⿴𦥑夕一八
𮍬	⿳⿴𦥑𰃦一八
𮍭	⿳⿴𦥑歹一八
𮍮	⿳⿴𦥑水一八
𮍯	⿱臼𧠆
𮍰	⿳⿴𦥑臼一八
𮍱	⿳⿴𦥑米一八
𮍲	⿳⿱⿴𦥑同冖𦣻分
𮍳	⿳𦥯女⿰安安
𮍴	⿰舌万
𮍵	⿰舌乞
𮍶	⿰舌令
𮍷	⿰舌司
𮍸	⿰舍史
𮍹	⿱丷⿸厂⿱比舌
𮍺	⿰舌甚
𮍻	⿰曷舌
𮍼	⿰舌复
𮍽	⿰舌弯
𮍾	⿰舌畓
𮍿	⿰𠦝舍
𮎀	⿰舌轉
𮎁	⿱旡舛
𮎂	⿱䜌舛
𮎃	⿰舟冗
𮎄	⿰舟六
𮎅	⿰舟⿷尢厶
𮎆	⿰舟𪠲
𮎇	⿰舟乎
𮎈	⿰舟丘
𮎉	⿰舟世
𮎊	⿰舟乏
𮎋	⿰舟百
𮎌	⿰舟自
𮎍	⿰舟寿
𮎎	⿰舟呂
𮎏	⿰舟呈
𮎐	⿰舟谷
𮎑	⿰舟㝎
𮎒	⿰舟典
𮎓	⿰舟宝
𮎔	⿰舟⿱羊皿
𮎕	⿰舟賓
𮎖	⿰舟⿻奭一
𮎗	⿰舟𭾐
𮎘	⿰？伞
𮎙	⿰幸艮
𮎚	⿰𠶮艮
𮎛	⿱⺈巳
𮎜	⿱𠂉巴
𮎝	⿺色亮
𮎞	⿰奭色
𮎟	⿱艹⺝
𮎠	⿱艹匂
𮎡	⿱艹仃
𮎢	⿱艹収
𮎣	⿱艹⿱日乚
𮎤	⿱艹禸
𮎥	⿱艹仝
𮎦	⿱艹⿻丷大
𮎧	⿱䒑央
𮎨	⿳艹大巳
𮎩	⿱艹百
𮎪	⿻芙丷
𮎫	⿱艹吏
𮎬	⿱艹𠂢
𮎭	⿱艹𪱙
𮎮	⿱艹兆
𮎯	⿱艹⿹勹仌
𮎰	⿱艹㠩
𮎱	⿱艹𠇊
𮎲	⿱艹癿
𮎳	？
𮎴	⿱艹旭
𮎵	⿱艹𬻻
𮎶	⿱艹⿸广千
𮎷	⿱艹⿰氵⿺𠃊二
𮎸	⿳艹宀千
𮎹	⿳龷口土
𮎺	⿱艹⿱口王
𮎻	⿳艹区𫶧
𮎼	⿱艹⿷匚⿰丨⿳丨？丨
𮎽	⿱艹⿺𠃊臣
𮎾	⿳艹𠫔天
𮎿	⿱艹⿺𠃊⿻天丷
𮏀	⿱艹麦
𮏁	⿱艹𭆃
𮏂	⿱艹形
𮏃	⿱龷艮
𮏄	⿱艹困
𮏅	⿱艹灸
𮏆	⿰苟九
𮏇	⿳艹凶𫶧
𮏈	⿱艹但
𮏉	⿳艹公夊
𮏊	⿱艹兵
𮏋	⿱艹⿱⿱宀儿又
𮏌	⿳艹𠫓大
𮏍	⿱艹𣲩
𮏎	⿳艹宀戈
𮏏	⿳䒔人土
𮏐	⿱艹⿹勹共
𮏑	⿱艹𭓩
𮏒	⿱艹𬎾
𮏓	⿱𫇩五
𮏔	⿱艹尭
𮏕	⿱艹⿷匚吊
𮏖	⿱龷⿱䒑夫
𮏗	⿱艹㘠
𮏘	⿱艹⿸厃巴
𮏙	⿱艹⿺辶壬
𮏚	⿱艹昏
𮏛	⿱艹狗
𮏜	⿱艹狍
𮏝	⿱艹沾
𮏞	⿱⿷芒㐅𫶧
𮏟	⿱艹⿰氵叐
𮏠	⿱艹⿰氵代
𮏡	⿰苾也
𮏢	⿱艹𭒽
𮏣	⿱艹⿱𠀎𧘇
𮏤	⿱茴土
𮏥	⿱苗日
𮏦	⿱艹𣐩
𮏧	⿱艹室
𮏨	⿱艹⿱叵⺝
𮏩	⿱艹⿻⿻凵一未
𮏪	⿳艹⿴亡口日
𮏫	⿰苦兮
𮏬	⿱艹⿰牙由
𮏭	⿱艹殂
𮏮	⿱艹巷
𮏯	⿱艹㓨
𮏰	⿱艹䀝
𮏱	⿰草下
𮏲	⿱艹虽
𮏳	⿳艹⿻口十从
𮏴	⿱艹觔
𮏵	⿱艹𬾕
𮏶	⿱艹⿰犭⿻夫八
𮏷	⿱艹𥝻
𮏸	⿳艹𠆢⿷⿱㇒⿸⿻口丿乚丶
𮏹	⿱艹訇
𮏺	⿱艹独
𮏻	⿱艹⿰亻⿱亠𡗗
𮏼	⿱艹⿰亻⿱主又
𮏽	⿱艹叙
𮏾	⿱艹旀
𮏿	⿳艹𣱼木
𮐀	⿳艹⿱亠儿⿱𠂈？
𮐁	⿱艹⿰礻欠
𮐂	⿱艹屋
𮐃	⿱艹家
𮐄	⿱艹挺
𮐅	⿱艹栽
𮐆	⿰芋别
𮐇	⿳艹𰢴𠮛
𮐈	⿱艹𢦷
𮐉	⿱艹挨
𮐊	⿱艹眠
𮐋	⿱莫么
𮐌	⿰草五
𮐍	⿰草牙
𮐎	⿱艹𥅌
𮐏	⿰苽失
𮐐	⿱艹𦚣
𮐑	⿱艹狶
𮐒	⿱艹𢓭
𮐓	⿱艸徒
𮐔	⿳𫇦心夭
𮐕	⿱艹追
𮐖	⿱艹𡨋
𮐗	⿳艹宀⿱火山
𮐘	⿱芝耳
𮐙	⿱艹窅
𮐚	⿱艹烦
𮐛	⿳艹⿷亡口⺝
𮐜	⿳艹必必
𮐝	⿱艹能
𮐞	⿱艹邕
𮐟	⿱艹𠡷
𮐠	⿱艹⿰禾⿹勹巳
𮐡	⿱艹㭪
𮐢	⿱艹𬍥
𮐣	⿱艹⿸⿻厂王处
𮐤	⿰⿱廿古可
𮐥	⿳艹玨⿰亅丁
𮐦	⿱艹⿰坴寸
𮐧	⿱艹⿰貝比
𮐨	⿱艹婴
𮐩	⿱艹⿴囗隹
𮐪	⿱艹⿳口⿰⿱丶㇀⿱㇒丶木
𮐫	⿱艹猖
𮐬	⿱茖𠕁
𮐭	⿳艹𠚍夊
𮐮	⿱艹敍
𮐯	⿳艹合𠕁
𮐰	⿱艹⿱⿲匕白匕儿
𮐱	⿱𫇦𥝻
𮐲	⿱艹偒
𮐳	⿱艹𤙭
𮐴	⿱艹猚
𮐵	⿱艹寃
𮐶	⿱艹䧔
𮐷	⿱艹𬯆
𮐸	⿱艹紵
𮐹	⿱艹𤊅
𮐺	⿱艹⿵戊𰤳
𮐻	⿱艹⿰冫⿵戊㠯
𮐼	⿱艹𠗱
𮐽	⿰苦含
𮐾	⿱艹⿱死⿱口䒑
𮐿	⿱艹棗
𮑀	⿱艹博
𮑁	⿱艹欺
𮑂	⿱艹奢
𮑃	⿱艹琹
𮑄	⿱艹䣱
𮑅	⿰草曲
𮑆	⿱艹𡈉
𮑇	⿱艹敞
𮑈	⿱艹⿱冖𢔀
𮑉	⿱艹稈
𮑊	⿱艹⿰𮫮刂
𮑋	⿱艹𨓿
𮑌	⿱艹逶
𮑍	⿱艹鈔
𮑎	⿱艹脾
𮑏	⿱艹稅
𮑐	⿳艹𡧟六
𮑑	⿱艹𥙷
𮑒	⿱艹棄
𮑓	⿱艹𣸸
𮑔	⿱艹湅
𮑕	⿱艹竦
𮑖	⿱艹視
𮑗	⿱艹絡
𮑘	⿱艹媛
𮑙	⿱艹絫
𮑚	⿱艹⿰月㤗
𮑛	⿱艹⿰？邑
𮑜	⿱艹𭵜
𮑝	⿱艹𦀓
𮑞	⿱卝聖
𮑟	⿰⿱廿古弟
𮑠	⿱艹⿰臣辛
𮑡	⿳艹一欺
𮑢	⿱艹䑓
𮑣	⿱艹𤿺
𮑤	⿰草⿱日巾
𮑥	⿱艹⿰目⿱日匂
𮑦	⿳艹罒匊
𮑧	⿱艹⿰釆耒
𮑨	⿱艹⿰禾⿱日⺝
𮑩	⿳艹⿱⿻⿱㇒口丨儿⿸⿻⿱㇒口丿乚
𮑪	⿱艹𡕰
𮑫	⿱艹債
𮑬	⿱𫇦𣪌
𮑭	⿱艹稓
𮑮	⿱艹𣺦
𮑯	⿱艹⿸广⿱比𠮷
𮑰	⿱艹㴱
𮑱	⿱艹補
𮑲	⿱艹⿰氵⿻兰氺
𮑳	⿱艹詳
𮑴	⿱艹煥
𮑵	⿱艹𣺎
𮑶	⿱艹𭵠
𮑷	⿱艹⿸广⿱比舌
𮑸	⿱艹⿰方韭
𮑹	⿳艹羽𱥯
𮑺	⿱艹愽
𮑻	⿱艹⿰爿畐
𮑼	⿱艹⿰禾専
𮑽	⿳⿱艹一从⿱𠀎𧘇
𮑾	⿱艹𣗥
𮑿	⿳艹⿻⿳一八冃丨虫
𮒀	⿰苦咸
𮒁	⿱艹摳
𮒂	⿱艹⿺⿱⿻十从夂生
𮒃	⿱艹歴
𮒄	⿱艹踈
𮒅	⿰甲葉
𮒆	⿱艹⿳罓冖政
𮒇	⿰草侖
𮒈	⿳艹𱕻⿱儿夊
𮒉	⿱艹𭀰
𮒊	⿱艹𬿫
𮒋	⿱艹⿰禾⿱自寸
𮒌	⿱艹滲
𮒍	⿱艹竭
𮒎	⿱艹𪷁
𮒏	⿰落乍
𮒐	⿱艹⿰氵覔
𮒑	⿱艹豪
𮒒	⿱艹𩾯
𮒓	⿱艹禍
𮒔	⿱艹綱
𮒕	⿱艹𦁉
𮒖	⿱艹𦁎
𮒗	⿱艹⿰禾隻
𮒘	⿳艹⿰戸攵言
𮒙	⿱艹𠾂
𮒚	⿱艹⿰⿻夫从系
𮒛	⿱艹𠅀
𮒜	⿱艹輪
𮒝	⿱艹撨
𮒞	⿱艹槱
𮒟	⿱艹賛
𮒠	⿰草苛
𮒡	⿳苗𰢴灬
𮒢	⿱艹⿰婁爪
𮒣	⿱艹𮥼
𮒤	⿱艹稺
𮒥	⿱艹𡚁
𮒦	⿱蕊亐
𮒧	⿱艹隣
𮒨	⿱艹𦂺
𮒩	⿱艹𪌜
𮒪	⿱艹豍
𮒫	⿱艹𤎮
𮒬	⿱艹橘
𮒭	⿱艹罹
𮒮	⿱艹⿷⿹？⿱𫜹冫貝
𮒯	⿱艹儒
𮒰	⿱艹墾
𮒱	⿱艹𧳯
𮒲	⿱艹諹
𮒳	⿱艹旙
𮒴	⿱艹縛
𮒵	⿱𦵮衣
𮒶	⿱艹孹
𮒷	⿱𦵮米
𮒸	⿳艹⿰幸丸衣
𮒹	⿻𦍋誩
𮒺	⿱艹䩭
𮒻	⿱艹⿺麥至
𮒼	⿱艹闍
𮒽	⿳⿱艹罒冖悟
𮒾	⿱艹擧
𮒿	⿳艹？魚
𮓀	⿱艹⿰秃鬼
𮓁	⿱艹縳
𮓂	⿱艹擘
𮓃	⿱薩女
𮓄	⿰苦禽
𮓅	⿰⿳卝罒戍⿱丆罒
𮓆	⿰草曾
𮓇	⿰菜爱
𮓈	⿱艹⿰釒隻
𮓉	⿺荒無
𮓊	⿱艹爀
𮓋	⿱艹𭮧
𮓌	⿱薩木
𮓍	⿱艹⿸尸樓
𮓎	⿰葉書
𮓏	⿳⿱艹罒冖惺
𮓐	⿱艹⿰黑告
𮓑	⿱艹辭
𮓒	⿱艹糪
𮓓	⿱艹⿰爾⿰氵⿻叐丶
𮓔	⿱艹覽
𮓕	⿱艹⿰爾甫
𮓖	⿱艹⿰魚虘
𮓗	⿸⿸⿰丿⿱⺊⺂七土
𮓘	⿸？匕
𮓙	⿸？几
𮓚	⿸𭅰又
𮓛	⿸虍土
𮓜	⿸？巾
𮓝	⿸⿸⿰丿⿱⺊⺂七⿱匕龰
𮓞	⿻丅⿸⿻尸一⺝
𮓟	⿺⿸？几几
𮓠	⿻丅⿸⿻尸一⿻䒑？
𮓡	⿸？业
𮓢	⿸⿸⿰丿⿱⺊⺂七䏌
𮓣	⿸虍𤓳
𮓤	⿰虎牛
𮓥	⿸？吴
𮓦	⿰乎虎
𮓧	⿺虎谷
𮓨	⿰虎⿱口旡
𮓩	⿰⿸？？𠔃
𮓪	⿰虛予
𮓫	⿰⿱𡭔早虎
𮓬	⿰䖒兮
𮓭	⿰⿳⺌日𡭔⿸虍冂
𮓮	⿰虎𡭽
𮓯	⿰虎粦
𮓰	⿷𠀐丶
𮓱	⿱㇒𠀐
𮓲	⿰虫乜
𮓳	⿰虫门
𮓴	⿰虫尸
𮓵	⿱刄虫
𮓶	⿰虫弓
𮓷	⿰虫巳
𮓸	⿺元虫
𮓹	⿰虫区
𮓺	⿰虫⿸厂丂
𮓻	⿰虫冘
𮓼	⿱虫⿰⿱丶㇀⿱㇒丶
𮓽	⿰虫世
𮓾	⿱功虫
𮓿	⿰虫田
𮔀	⿱必虫
𮔁	⿰虫考
𮔂	⿰虫节
𮔃	⿰䖝⿻冘丶
𮔄	⿰虫休
𮔅	⿰虫负
𮔆	⿰虫血
𮔇	⿱𭐝虫
𮔈	⿰虫⿱𠆢⿱㇒𡳾
𮔉	⿱宀𫊫
𮔊	⿰虫两
𮔋	⿰虫扸
𮔌	⿰虫岜
𮔍	⿰虫㫖
𮔎	⿰虫冝
𮔏	⿰䖝休
𮔐	⿰虫兵
𮔑	⿰虫乱
𮔒	⿰䖝在
𮔓	⿱没虫
𮔔	⿰虫⿱刀⿸⿻口丿乚
𮔕	⿱即虫
𮔖	⿰虫夋
𮔗	⿰虫刺
𮔘	⿰虫表
𮔙	⿰虫⿱日月
𮔚	⿰虫劳
𮔛	⿰虫兔
𮔜	⿰虫𮞅
𮔝	⿰虫𨐌
𮔞	⿱𣧢虫
𮔟	⿰虫𭩢
𮔠	⿰虫厘
𮔡	⿰虫盇
𮔢	⿰虫毘
𮔣	⿰虫食
𮔤	⿰虫急
𮔥	⿰虫亰
𮔦	⿰虫度
𮔧	⿱敃虫
𮔨	⿰虫𭔰
𮔩	⿰虫致
𮔪	⿰虫眞
𮔫	⿰虫晃
𮔬	⿰虫将
𮔭	⿰䖝畓
𮔮	⿰虫⿱㐫月
𮔯	⿱高虫
𮔰	⿱？虫
𮔱	⿰虫屑
𮔲	⿰虫除
𮔳	⿱敕虫
𮔴	⿰虫莆
𮔵	⿰虫⿱品𠀁
𮔶	⿰虫鹵
𮔷	⿰虫彗
𮔸	⿰䖝起
𮔹	⿰虫得
𮔺	⿰䖝隻
𮔻	⿰虫雲
𮔼	⿱極虫
𮔽	⿰䖝陳
𮔾	⿰虫寕
𮔿	⿰虫曾
𮕀	⿱就虫
𮕁	⿱敦虫
𮕂	⿰虫逼
𮕃	⿰虫歲
𮕄	⿰䖝⿱並心
𮕅	⿰䖝屡
𮕆	⿰虫遂
𮕇	⿰虫⿸尸氣
𮕈	⿰虫⿳𦣻冖叐
𮕉	⿱⿸耳又䖵
𮕊	⿰虽蛋
𮕋	⿰虫⿱罒⿰⿰⿱𠄟㇀丿⿺乚⿸⿰𠄌？乀
𮕌	⿰虫賛
𮕍	⿰虫數
𮕎	⿳爫蛔虫
𮕏	⿰虫德
𮕐	⿰虫𮥼
𮕑	⿱𤱊䖵
𮕒	⿰虫錢
𮕓	⿰虫薄
𮕔	⿱㸃虫
𮕕	⿹⿰㇒⺄⿱䖝⿰䖝䖝
𮕖	⿰虫彌
𮕗	⿰虫⿳亡罒⿲月女卂
𮕘	⿰虫𮒣
𮕙	⿰虫邊
𮕚	⿰虫⿱⿱𰀉冖黽
𮕛	⿱橐䖵
𮕜	⿱一血
𮕝	⿰血刀
𮕞	⿰歺血
𮕟	⿰血瓜
𮕠	⿰血列
𮕡	⿱⿰⿱幺幸攴血
𮕢	⿰𢓁亍
𮕣	⿲彳含亍
𮕤	⿰衤乚
𮕥	⿰衤刂
𮕦	⿱𠂉衣
𮕧	⿰衤又
𮕨	⿰衤大
𮕩	⿳亠丑𧘇
𮕪	⿱中衣
𮕫	⿳亠冄𧘇
𮕬	⿰衤化
𮕭	⿰衤升
𮕮	⿱分衣
𮕯	⿰衤允
𮕰	⿰衤瓦
𮕱	⿳亠𠀎𧘇
𮕲	⿰衤目
𮕳	⿰衤四
𮕴	⿰衤他
𮕵	⿱⿻⿱㇒口丨衣
𮕶	⿰衤⿱𠂉巾
𮕷	⿱𠂉𧘗
𮕸	⿰衤民
𮕹	⿱？衣
𮕺	⿱衣同
𮕻	⿳亠𬽪𧘇
𮕼	⿰衤自
𮕽	⿰衤华
𮕾	⿰衤⿱𠂉⿻⿵⺆丨一
𮕿	⿰衤名
𮖀	⿰衤亥
𮖁	⿰衤两
𮖂	⿰衤吞
𮖃	⿰衤坚
𮖄	⿱邑衣
𮖅	⿰衤吳
𮖆	⿰衤希
𮖇	⿱利衣
𮖈	⿱釆衣
𮖉	⿰衤坐
𮖊	⿱𭓟衣
𮖋	⿳六⿱土八𧘇
𮖌	⿰衤𫔭
𮖍	⿰衤那
𮖎	⿱尿衣
𮖏	⿰衤花
𮖐	⿱果衣
𮖑	⿱知衣
𮖒	⿸庚衣
𮖓	⿰衤甾
𮖔	⿱括衣
𮖕	⿰衤查
𮖖	⿱𢬇衣
𮖗	⿰衤頁
𮖘	⿰衤毘
𮖙	⿰衤𥝻
𮖚	⿳𠅃𠀎𧘇
𮖛	⿱食衣
𮖜	⿰衤⿻𦥑人
𮖝	⿰衤秋
𮖞	⿰衤亮
𮖟	⿱⿳亠丷冋衣
𮖠	⿱亠⿳厸𠀎𧘇
𮖡	⿰衤茵
𮖢	⿱荘衣
𮖣	⿰衤胷
𮖤	⿰衤隻
𮖥	⿳亠⿰？𣎼𧘇
𮖦	⿰衤追
𮖧	⿰衤旁
𮖨	⿰衤兼
𮖩	⿰衤唐
𮖪	⿰衤莫
𮖫	⿰衤常
𮖬	⿳亠𦛱𧘇
𮖭	⿱啇衣
𮖮	⿰衤翏
𮖯	⿰衤善
𮖰	⿰衤⿱吾叩
𮖱	⿰衤颉
𮖲	⿰衤𦓔
𮖳	⿰衤厨
𮖴	⿰衤等
𮖵	⿰衤復
𮖶	⿱須衣
𮖷	⿰衤業
𮖸	⿰衤⿱吅⿰𤣩寸
𮖹	⿰衤⿰咠戈
𮖺	⿰衤著
𮖻	⿰衤壽
𮖼	⿰衤睿
𮖽	⿰衤⿺辶⿳襾大㔾
𮖾	⿰衤⿴囗⿳口丄囬
𮖿	⿱覀⿱⿵𠆢一龴
𮗀	⿱覀冬
𮗁	⿱䙲⿱一龴
𮗂	⿱覀⿻甲𠃊
𮗃	⿱覀𫝢
𮗄	⿱覀放
𮗅	⿰要血
𮗆	⿱西⿱甶⿻㇒十
𮗇	⿱覀⿰？艮
𮗈	⿱覀維
𮗉	⿰要⿰安安
𮗊	⿱覀徼
𮗋	⿱襾𮧡
𮗌	⿱覀𮪍
𮗍	⿰牙見
𮗎	⿰古見
𮗏	⿳⺈㓁見
𮗐	⿰年見
𮗑	⿰見艮
𮗒	⿰巠見
𮗓	⿳⿲丨丨𰀁冖見
𮗔	⿰呂見
𮗕	⿺見取
𮗖	⿳⿲丨丨⿻十丷冖見
𮗗	⿰宜見
𮗘	⿱⿰𮍌⿱𠂉二見
𮗙	⿺見⿿⿷⿱甶儿厶
𮗚	⿰⿱龷隹見
𮗛	⿰⿱艹⿻⿱⺕⺝丨見
𮗜	⿳⿴𦥑与冖見
𮗝	⿰焱見
𮗞	⿰亶見
𮗟	⿳𠂉一用
𮗠	⿱𠚤用
𮗡	⿰角夂
𮗢	⿰角彡
𮗣	⿰角勾
𮗤	⿰角升
𮗥	⿰角毛
𮗦	⿰角欠
𮗧	⿰角之
𮗨	⿰⿱⺈用⿱㔾十
𮗩	⿰角瓦
𮗪	⿰角央
𮗫	⿱式角
𮗬	⿰角旨
𮗭	⿰角⿱日又
𮗮	⿰⿳𠂉一用⿱𠂉𰀁
𮗯	⿰角𠂢
𮗰	⿰角吾
𮗱	⿰角弃
𮗲	⿰角㐬
𮗳	⿰角曷
𮗴	⿰角茟
𮗵	⿱𤇾角
𮗶	⿰角斝
𮗷	⿰訁卩
𮗸	⿰訁几
𮗹	⿰訁大
𮗺	⿱夂言
𮗻	⿰訁井
𮗼	⿰訁木
𮗽	⿰訁匂
𮗾	⿰訁卞
𮗿	⿱㓛言
𮘀	⿰訁末
𮘁	⿰訁电
𮘂	⿰訁𪠲
𮘃	⿱卯言
𮘄	⿰訁用
𮘅	⿰訁𫢉
𮘆	⿱弘言
𮘇	⿰訁疋
𮘈	⿰訁㐪
𮘉	⿰訁刑
𮘊	⿰訁⿱大与
𮘋	⿲訁犭巳
𮘌	⿰訁𠂢
𮘍	⿰訁⿱𠂉⿻⿵冂丨一
𮘎	⿱亠⿲幺⿱二口幺
𮘏	⿰訁却
𮘐	⿱八𢉲
𮘑	⿰訁助
𮘒	⿰訁呆
𮘓	⿰訁伯
𮘔	⿰訁迄
𮘕	⿰訁尾
𮘖	⿰訁那
𮘗	⿰訁奉
𮘘	⿰訁歩
𮘙	⿰訁𭁴
𮘚	⿰訁朋
𮘛	⿰訁⿱⿱宀儿亏
𮘜	⿰訁空
𮘝	⿱𪯢言
𮘞	⿰訁券
𮘟	⿰訁咅
𮘠	⿱炏言
𮘡	⿰訁英
𮘢	⿰訁相
𮘣	⿰訁述
𮘤	⿱⿳⿲丨丨⿻十丷一八言
𮘥	⿰訁⿱山存
𮘦	⿰訁𱬹
𮘧	⿱保言
𮘨	⿰訁客
𮘩	⿰訁竒
𮘪	⿰訁𮧯
𮘫	⿰訁恭
𮘬	⿰訁𦊥
𮘭	⿰訁虔
𮘮	⿰訁⿱白去
𮘯	⿰訁⿱亠⿻坐一
𮘰	⿰訁執
𮘱	⿱推言
𮘲	⿰訁⿱品方
𮘳	⿱𰶷言
𮘴	⿰訁𨈡
𮘵	⿰訁寅
𮘶	⿰訁庸
𮘷	⿰訁産
𮘸	⿰訁⿱⿰𫜹𫜹尒
𮘹	⿰訁⿳䒑⿻⺕⿰丨丨从
𮘺	⿰訁黃
𮘻	⿱雁言
𮘼	⿰訁暑
𮘽	⿱⿲火言火攴
𮘾	⿰訁献
𮘿	⿰訁零
𮙀	⿰訁愛
𮙁	⿰訁解
𮙂	⿰訁𣓪
𮙃	⿰訁⿱少馬
𮙄	⿰訁⿱余志
𮙅	⿰訁戯
𮙆	⿰訁⿳亠共言
𮙇	⿰訁龍
𮙈	⿰訁𬞼
𮙉	⿰讨化
𮙊	⿰讠隐
𮙋	⿰读言
𮙌	⿰谷冘
𮙍	⿰谷危
𮙎	⿰谷宏
𮙏	⿵戊⿱上谷
𮙐	⿰客谷
𮙑	⿰翕谷
𮙒	⿰豆⿱⿵𠆢一龴
𮙓	⿰豆克
𮙔	⿰豆夆
𮙕	⿰豊彡
𮙖	⿱戚豆
𮙗	⿰多豊
𮙘	⿱⿰⿶凵主⿶凵主豆
𮙙	⿰壹⿱支早
𮙚	⿶凵豕
𮙛	⿳一⺌豕
𮙜	⿰申豕
𮙝	⿳𠂉𫩏𧰨
𮙞	⿳丷𫩏𧰨
𮙟	⿸？豕
𮙠	⿱𠂉𬑔
𮙡	⿰軍豕
𮙢	⿹⿰冫？豖
𮙣	⿰豕眉
𮙤	⿰豕覔
𮙥	⿰豸？
𮙦	⿰豸戈
𮙧	⿰豸冗
𮙨	⿰豸付
𮙩	⿰豸⿱宀儿
𮙪	⿰豸皀
𮙫	⿰豸帝
𮙬	⿰豸童
𮙭	⿱𠂉貝
𮙮	⿱貝寸
𮙯	⿰貝⿱丿人
𮙰	⿰貝川
𮙱	⿱貝⺕
𮙲	⿳⺌一貝
𮙳	⿰貝夫
𮙴	⿰貝丐
𮙵	⿰貝旡
𮙶	⿱升貝
𮙷	⿱少貝
𮙸	⿸𠃜貝
𮙹	⿱⿱土八貝
𮙺	⿱𡗜貝
𮙻	⿰貝旦
𮙼	⿰貝付
𮙽	⿰貝务
𮙾	⿰貝尒
𮙿	⿱⿱⿵𠆢一龴貝
𮚀	⿰貝民
𮚁	⿵齐貝
𮚂	⿹𢦏貝
𮚃	⿱𠆢𭶰
𮚄	⿰貝糸
𮚅	⿱来貝
𮚆	⿰貝戒
𮚇	⿰貝系
𮚈	⿰貝作
𮚉	⿰貝完
𮚊	⿸？貝
𮚋	⿱兓貝
𮚌	⿱𭑈貝
𮚍	⿰古員
𮚎	⿰貝奈
𮚏	⿱龷⿱灬貝
𮚐	⿰貝⿱日月
𮚑	⿱龸屓
𮚒	⿰貝⿱𠆢米
𮚓	⿰貝彔
𮚔	⿳丑双貝
𮚕	⿱⿰臣𫡏貝
𮚖	⿰貝𭥫
𮚗	⿰貝𪫩
𮚘	⿱⿳亠丷冋貝
𮚙	⿰貫古
𮚚	⿱⿰臣攵貝
𮚛	⿰貝荘
𮚜	⿰買主
𮚝	⿱賏凡
𮚞	⿰貝貮
𮚟	⿰貝匿
𮚠	⿰𠂤貴
𮚡	⿰夫賛
𮚢	⿰貝壹
𮚣	⿰買志
𮚤	⿰貝番
𮚥	⿸广䝿
𮚦	⿱就貝
𮚧	⿰卯𧶠
𮚨	⿳亡罒⿲月貝乚
𮚩	⿰貝蒙
𮚪	⿰貝賓
𮚫	⿰貝寧
𮚬	⿰賣𫔭
𮚭	⿳䀠八⿱隹乂
𮚮	⿳賏冖⿱隹乂
𮚯	⿱眉⿰貞貞
𮚰	⿱⿱刀貝⿰⿱刀貝⿱刀貝
𮚱	⿰赤⿱刀貝
𮚲	⿺走乙
𮚳	⿺走彡
𮚴	⿺走夫
𮚵	⿺走引
𮚶	⿺走尒
𮚷	⿺走头
𮚸	⿺走共
𮚹	⿺走向
𮚺	⿺走⿸厂𢆉
𮚻	⿺走免
𮚼	⿺走促
𮚽	⿺走班
𮚾	⿺走𠳋
𮚿	⿺走喜
𮛀	⿺走廣
𮛁	⿰𧾷乙
𮛂	⿰𧾷九
𮛃	⿰𧾷下
𮛄	⿰𧾷土
𮛅	⿱上足
𮛆	⿰𧾷巾
𮛇	⿰𧾷亡
𮛈	⿰𧾷阝
𮛉	⿰𧾷五
𮛊	⿰𧾷厄
𮛋	⿰𧾷手
𮛌	⿰𧾷公
𮛍	⿱分足
𮛎	⿱足⿰⿱丶㇀⿱㇒丶
𮛏	⿰𧾷左
𮛐	⿰𧾷正
𮛑	⿰𧾷卡
𮛒	⿰𧾷外
𮛓	⿰𧾷头
𮛔	⿰𧾷兰
𮛕	⿰𧾷永
𮛖	⿱奴足
𮛗	⿰𧾷当
𮛘	⿰𧾷因
𮛙	⿰𧾷⿱䒑龰
𮛚	⿰𧾷坒
𮛛	⿰𧾷乱
𮛜	⿰𧾷含
𮛝	⿰𧾷利
𮛞	⿰𧾷快
𮛟	⿰𧾷𠬶
𮛠	⿰𧾷拐
𮛡	⿰𧾷尭
𮛢	⿰𧾷奈
𮛣	⿱叔足
𮛤	⿰𧾷昌
𮛥	⿰𧾷⿱冃⺝
𮛦	⿰𧾷学
𮛧	⿰𧾷欣
𮛨	⿰𧾷昏
𮛩	⿰𧾷⿵⺆⿱亠𠮛
𮛪	⿰𧾷⿱爫夫
𮛫	⿰𧾷臽
𮛬	⿰𧾷宕
𮛭	⿰𧾷庚
𮛮	⿰𧾷⿱加寸
𮛯	⿰𧾷哉
𮛰	⿰𧾷奓
𮛱	⿰𧾷勃
𮛲	⿰𧾷星
𮛳	⿰𧾷⿱田太
𮛴	⿰𧾷昷
𮛵	⿰𧾷禺
𮛶	⿰𧾷貞
𮛷	⿰𧾷𱱴
𮛸	⿰𧾷⿱垂山
𮛹	⿰𧾷独
𮛺	⿰𧾷⿻垂一
𮛻	⿰𧾷匍
𮛼	⿰𧾷昝
𮛽	⿰𧾷亮
𮛾	⿰𧾷音
𮛿	⿰屋足
𮜀	⿰𧾷従
𮜁	⿰𧾷鬲
𮜂	⿰𧾷冓
𮜃	⿰𧾷馬
𮜄	⿰𧾷爹
𮜅	⿰𧾷倶
𮜆	⿰𧾷疾
𮜇	⿰𧾷庫
𮜈	⿱加跛
𮜉	⿰𧾷⿱从⿰亻疋
𮜊	⿰𧾷⿳大田寸
𮜋	⿱軗足
𮜌	⿰𧾷荼
𮜍	⿰𧾷⿱罒羽
𮜎	⿰𧾷彩
𮜏	⿰𧾷梨
𮜐	⿰𧾷离
𮜑	⿰𧾷庸
𮜒	⿰𧾷參
𮜓	⿰𧾷強
𮜔	⿰𧾷⿱田⿰歹寸
𮜕	⿲𧾷彳⿱从疋
𮜖	⿰𧾷善
𮜗	⿰𧾷賀
𮜘	⿰𧾷絡
𮜙	⿰𧾷業
𮜚	⿰𧾷𭔺
𮜛	⿰𧾷⿱⿻人⿰二二貝
𮜜	⿰𧾷赫
𮜝	⿰𧾷蓋
𮜞	⿰𧾷賓
𮜟	⿸广⿱⿰耒㇯艮一足
𮜠	⿰𧾷層
𮜡	⿰𧾷熬
𮜢	⿰𧾷⿺提寸
𮜣	⿱蔽足
𮜤	⿰𧾷蔑
𮜥	⿰𧾷⿸广⿱囬示
𮜦	⿰𧾷⿱戚且
𮜧	⿰𧾷⿰𡶫辛
𮜨	⿰𧾷蔡
𮜩	⿰𧾷霍
𮜪	⿰𧾷親
𮜫	⿱頻足
𮜬	⿰𧾷⿱⿲幺言幺攵
𮜭	⿱䜌足
𮜮	⿰身也
𮜯	⿰身厄
𮜰	⿰身左
𮜱	⿰身⿱𠫔𫶧
𮜲	⿰身共
𮜳	⿰身匡
𮜴	⿰身当
𮜵	⿰身年
𮜶	⿰身寿
𮜷	⿰身甹
𮜸	⿰身曵
𮜹	⿰身含
𮜺	⿰身勤
𮜻	⿰身農
𮜼	⿰身僉
𮜽	⿰身親
𮜾	⿰身雚
𮜿	⿰車丸
𮝀	⿰車区
𮝁	⿰月車
𮝂	⿰車𠓝
𮝃	⿱火車
𮝄	⿰車六
𮝅	⿰車引
𮝆	⿰車正
𮝇	⿰車𪠲
𮝈	⿱央車
𮝉	⿱⿰⿰？丶刀車
𮝊	⿰車永
𮝋	⿱加車
𮝌	⿰車皮
𮝍	⿰車成
𮝎	⿰車⿱大亐
𮝏	⿱此車
𮝐	⿰車舌
𮝑	⿰車𠇍
𮝒	⿰車豆
𮝓	⿰車更
𮝔	⿰車奔
𮝕	⿱⿰戸攵車
𮝖	⿰車昔
𮝗	⿰車𣧋
𮝘	⿳⿱士冖巛車
𮝙	⿰車長
𮝚	⿰車岡
𮝛	⿰車𦙃
𮝜	⿰車囷
𮝝	⿰車匩
𮝞	⿰車⿱口羽
𮝟	⿰車⿱巛㐫
𮝠	⿰車⿱𡗗田
𮝡	⿰車恥
𮝢	⿰車𧉎
𮝣	⿰車⿱𠮛冏
𮝤	⿰車處
𮝥	⿱軗肖
𮝦	⿰元輙
𮝧	⿰車閏
𮝨	⿰車集
𮝩	⿰車楽
𮝪	⿱鼓車
𮝫	⿰車過
𮝬	⿰車歴
𮝭	⿰車爾
𮝮	⿰車⿱艹眞
𮝯	⿰車⿱黒土
𮝰	⿰車賛
𮝱	⿰車齒
𮝲	⿱𦆕亡
𮝳	⿰车六
𮝴	⿰车瓜
𮝵	⿰车而
𮝶	⿰车兵
𮝷	⿰车贲
𮝸	⿰车盾
𮝹	⿰车睘
𮝺	⿰车葛
𮝻	⿰𡰪𨐌
𮝼	⿰咅辛
𮝽	⿰辛曼
𮝾	⿸厂⿱工？
𮝿	⿰𡱒辰
𮞀	⿰乡農
𮞁	⿺辶三
𮞂	⿺辶𠧒
𮞃	⿺辶⿽人丶
𮞄	⿺辶𠮛
𮞅	⿺辶⿻𱍸㇒
𮞆	⿺辶⿱一斤
𮞇	⿺辶龙
𮞈	⿺辶兄
𮞉	⿺辶囘
𮞊	⿺辶令
𮞋	⿺辶𭍺
𮞌	⿱近𠃍
𮞍	⿺辶⿱丷万
𮞎	⿺辶奴
𮞏	⿺辶𭘑
𮞐	⿺辶𠮲
𮞑	⿺辶各
𮞒	⿺辶麦
𮞓	⿺辶条
𮞔	⿺辶𢇦
𮞕	⿺辶⿹⺄衣
𮞖	⿺过瓜
𮞗	⿺辶弆
𮞘	⿺辶⿻丅⿱八⺝
𮞙	⿺辶⿳一八冉
𮞚	⿺辶尭
𮞛	⿺辶雨
𮞜	⿺辶⿱大冋
𮞝	⿺辶析
𮞞	⿺辶⿱艹手
𮞟	⿺辶芷
𮞠	⿺辶⿱艹𧘇
𮞡	⿺辶𭥒
𮞢	⿺辶尙
𮞣	⿺辶⿱𠂉虫
𮞤	⿺辶念
𮞥	⿺辶⿱勿勿
𮞦	⿺辶⿱夂未
𮞧	⿺辶⿱丷𡰯
𮞨	⿺辶庚
𮞩	⿺辶威
𮞪	⿺辶𣅻
𮞫	⿺辶苑
𮞬	⿺辶品
𮞭	⿺辶⿳⺌一㠯
𮞮	⿺辶⿱吅㐄
𮞯	⿺辶⿱由日
𮞰	⿺辶泉
𮞱	⿺辶⿱甶⿻㇒十
𮞲	⿺辶⿰？卩
𮞳	⿺辶⿸广㬰
𮞴	⿺辶𱼭
𮞵	⿺辶⿱又言
𮞶	⿺辶栗
𮞷	⿺辶⿱𠮛吅
𮞸	⿺辶曺
𮞹	⿺辶𡷾
𮞺	⿺辶𥬄
𮞻	⿺辶唐
𮞼	⿺辶家
𮞽	⿺辶⿹？方
𮞾	⿺辶⿳白冖方
𮞿	⿺辶勒
𮟀	⿺辶𮖿
𮟁	⿺辶奞
𮟂	⿺辶頃
𮟃	⿺辶𦊷
𮟄	⿺辶⿰𠂤本
𮟅	⿺辶⿰豸攵
𮟆	⿺辶䇥
𮟇	⿺辶䆠
𮟈	⿺辶𨾈
𮟉	⿰達也
𮟊	⿺辶彭
𮟋	⿺辶萎
𮟌	⿺辶㫿
𮟍	⿺辶啼
𮟎	⿺辶智
𮟏	⿺辶𡩙
𮟐	⿺辶筶
𮟑	⿺辶⿱甚𡈼
𮟒	⿺辶⿱䀠廾
𮟓	⿺辶⿰𧾷自
𮟔	⿺辶蒙
𮟕	⿺辶暑
𮟖	⿺辶⿰手頁
𮟗	⿺辶𦤔
𮟘	⿺辶⿱林聿
𮟙	⿺辶截
𮟚	⿺辶⿳？八方
𮟛	⿺辶嗻
𮟜	⿺辶廓
𮟝	⿺辶⿱林車
𮟞	⿺辶𤕨
𮟟	⿺辶𥻡
𮟠	⿺辶隣
𮟡	⿺辶⿱宀尊
𮟢	⿺辶擇
𮟣	⿺辶⿱自容
𮟤	⿺辶臨
𮟥	⿺辶⿵門𦍒
𮟦	⿺辶⿱备⿱八豕
𮟧	⿺辶⿰袁斉
𮟨	⿺辶羼
𮟩	⿺辶囉
𮟪	⿰弋阝
𮟫	⿰彡阝
𮟬	⿰反阝
𮟭	⿰公阝
𮟮	⿰六阝
𮟯	⿰𭁠阝
𮟰	⿰冊阝
𮟱	⿰冋阝
𮟲	⿰㕣阝
𮟳	⿰用阝
𮟴	⿰玄阝
𮟵	⿰⿻八𰀁阝
𮟶	⿱加邑
𮟷	⿰亘阝
𮟸	⿰再阝
𮟹	⿱吅邑
𮟺	⿰合邑
𮟻	⿰𭥐阝
𮟼	⿰吝阝
𮟽	⿰東阝
𮟾	⿰⿱𠂒从邑
𮟿	⿰𭕘阝
𮠀	⿰幽阝
𮠁	⿰𢍉阝
𮠂	⿰⿱刀貝阝
𮠃	⿰臬邑
𮠄	⿰畗阝
𮠅	⿰邕邑
𮠆	⿰⿱龷里阝
𮠇	⿰⿱取氏阝
𮠈	⿰寓阝
𮠉	⿰⿱癶貝阝
𮠊	⿰⿳？冖言阝
𮠋	⿰𠨣阝
𮠌	⿰麁阝
𮠍	⿰㐮阝
𮠎	⿰尾耶
𮠏	⿱⿲木幺木⿱大邑
𮠐	⿰⿱旬胡阝
𮠑	⿰䴡阝
𮠒	⿰⿸广黑阝
𮠓	⿰豳阝
𮠔	⿰𢋨阝
𮠕	？
𮠖	⿱𠂉酉
𮠗	⿰酉刁
𮠘	⿰酉久
𮠙	⿱亡酉
𮠚	⿱𠂉？
𮠛	⿰酉木
𮠜	⿰酉爪
𮠝	⿰酉夭
𮠞	⿰酉仓
𮠟	⿰酉巴
𮠠	⿰酉允
𮠡	⿱𡗜酉
𮠢	⿰酉末
𮠣	⿰酉夘
𮠤	⿰酉匃
𮠥	⿰酉吉
𮠦	⿰酉尖
𮠧	⿰酉行
𮠨	⿰酉多
𮠩	⿰酉米
𮠪	⿰酉羽
𮠫	⿰酉孛
𮠬	⿰酉吾
𮠭	⿰告酉
𮠮	⿰酉⿱一坐
𮠯	⿱𣦼酉
𮠰	⿰酉昌
𮠱	⿰酉和
𮠲	⿰酉劵
𮠳	⿰酉参
𮠴	⿰酉孟
𮠵	⿰酉重
𮠶	⿰酉咼
𮠷	⿰酉香
𮠸	⿰酉复
𮠹	⿰酉爰
𮠺	⿰酉帝
𮠻	⿰酉美
𮠼	⿰酉氣
𮠽	⿰酉𠙚
𮠾	⿰酉鹵
𮠿	⿰酉將
𮡀	⿰酉造
𮡁	⿰酉⿵央貝
𮡂	⿰酋咸
𮡃	⿰酋彧
𮡄	⿰酉𮊿
𮡅	⿰酉業
𮡆	⿱殿酉
𮡇	⿰酉疑
𮡈	⿰酉蓋
𮡉	⿳𠆢悲酉
𮡊	⿰酉翠
𮡋	⿰酉粲
𮡌	⿰酉𮖚
𮡍	⿰酉薫
𮡎	⿱釆女
𮡏	⿰釆支
𮡐	⿱⿰釆占灬
𮡑	⿱殸釆
𮡒	⿱里云
𮡓	⿱里⿱口𠀁
𮡔	⿰里𠮲
𮡕	⿰重引
𮡖	⿱伊里
𮡗	⿱利里
𮡘	⿱⿰牙⿹勹丿里
𮡙	⿰里長
𮡚	⿱𮂱里
𮡛	⿰量托
𮡜	⿰里敢
𮡝	⿱咿哩
𮡞	⿱殸重
𮡟	⿱⿰医攵厘
𮡠	⿱殹厘
𮡡	⿰重匿
𮡢	⿰亭野
𮡣	⿱霜里
𮡤	⿰釒与
𮡥	⿰釒巾
𮡦	⿰釒习
𮡧	⿰釒犬
𮡨	⿰釒五
𮡩	⿰釒𫵱
𮡪	⿰釒⿽⿹⿻乛亅㇒㇒
𮡫	⿰釒仏
𮡬	⿰釒卞
𮡭	⿰釒⿱？又
𮡮	⿰釒未
𮡯	⿰釒夘
𮡰	⿰釒⿱仝丨
𮡱	⿰釒⿻𦉫𠄠
𮡲	⿰釒早
𮡳	⿰釒印
𮡴	⿰釒⿱𠂉友
𮡵	⿰釒旭
𮡶	⿰釒伊
𮡷	⿰釒劦
𮡸	⿰釒坚
𮡹	⿰釒図
𮡺	⿰釒⿷⿸⿻⿱㇒口丿乚丶
𮡻	⿰釒⿺廴手
𮡼	⿲釒尔刂
𮡽	⿰釒⿱𠂉矢
𮡾	⿰釒汲
𮡿	⿰釒⿱厶疋
𮢀	⿰釒𤼦
𮢁	⿰釒忌
𮢂	⿰釒⿱⿻丅从又
𮢃	⿰釒⿱与古
𮢄	⿰釒𫆀
𮢅	⿰釒林
𮢆	⿰釒昇
𮢇	⿰釒⿺⿱𠃑木口
𮢈	⿰釒苏
𮢉	⿰釒⿴囗主
𮢊	⿰釒岺
𮢋	⿰釒𢍁
𮢌	⿰釒阜
𮢍	⿰釒佸
𮢎	⿰釒刹
𮢏	⿰釒刮
𮢐	⿰釒𨑲
𮢑	⿰釒𭠂
𮢒	⿱牧金
𮢓	⿰釒放
𮢔	⿰釒⿸广主
𮢕	⿰釒斉
𮢖	⿰釒実
𮢗	⿱沷金
𮢘	⿰釒庚
𮢙	⿰釒政
𮢚	⿰釒栄
𮢛	⿰釒勇
𮢜	⿰釒哉
𮢝	⿱珍金
𮢞	⿰釒𣢟
𮢟	⿰釒𦊆
𮢠	⿰釒毘
𮢡	⿰釒⿱白日
𮢢	⿰釒⿱夂聿
𮢣	⿰釒音
𮢤	⿱金洛
𮢥	⿰釒⿱㐫夊
𮢦	⿰釒胥
𮢧	⿰釒𬥎
𮢨	⿰釒⿹𢦏王
𮢩	⿰釒夏
𮢪	⿰釒剛
𮢫	⿰釒𤰇
𮢬	⿰釒悟
𮢭	⿰釒迸
𮢮	⿰釒𦍤
𮢯	⿰釒恣
𮢰	⿰釒𥥛
𮢱	⿰釒䢖
𮢲	⿰釒𡘞
𮢳	⿱⿰阝良金
𮢴	⿰釒𫈅
𮢵	⿰釒赥
𮢶	⿱殹金
𮢷	⿰釒𮋛
𮢸	⿱⿰步攵金
𮢹	⿰釒處
𮢺	⿰釒猉
𮢻	⿰釒祭
𮢼	⿰釒⿱八盆
𮢽	⿰釒莹
𮢾	⿰釒⿹哉工
𮢿	⿰釒戠
𮣀	⿰釒⿸戸雨
𮣁	⿰釒歯
𮣂	⿱散金
𮣃	⿰釒㦸
𮣄	⿱兟金
𮣅	⿰釒⿱？貝
𮣆	⿰釒備
𮣇	⿰釒揖
𮣈	⿰釒⿳爫旧夊
𮣉	⿰釒⿱宀⿳十且八
𮣊	⿰釒⿱立貝
𮣋	⿱湯金
𮣌	⿰釒屡
𮣍	⿰釒⿱巛頁
𮣎	⿰釒𮊿
𮣏	⿰釒楽
𮣐	⿰釒㐮
𮣑	⿰釒𭐖
𮣒	⿰釒𡬺
𮣓	⿰釒⿱罒⿰正寸
𮣔	⿰鏌刂
𮣕	⿰釒⿱𮂱日
𮣖	⿰釒誊
𮣗	⿰釒奨
𮣘	⿰釒廌
𮣙	⿰釒歴
𮣚	⿰釒徵
𮣛	⿰釒⿱隹向
𮣜	⿰釒䈁
𮣝	⿰釒⿱丷𭴺
𮣞	⿰釒確
𮣟	⿰釒⿱正𰙤
𮣠	⿰釒賚
𮣡	⿱艹𮢶
𮣢	⿰釒⿱荅𠕁
𮣣	⿱輪金
𮣤	⿰釒⿳次田灬
𮣥	⿰釒⿰𧾷⿱廿右
𮣦	⿰釒器
𮣧	⿰釒⿰𩙿余
𮣨	⿰釒⿳⿱宀儿𠔿⿲⿺𠄌⺀⿺𠄌⺀㇂
𮣩	⿱⿲糸木糸金
𮣪	⿰釒冀
𮣫	⿰釒謇
𮣬	⿰釒簛
𮣭	⿰釒⿳亡罒⿰月奼
𮣮	⿰釒離
𮣯	⿰釒䫫
𮣰	⿰釒⿱賏隻
𮣱	⿰釒麤
𮣲	⿰钅工
𮣳	⿰钅厷
𮣴	⿰钅延
𮣵	⿰钅叕
𮣶	⿰钅虑
𮣷	⿰钅豦
𮣸	⿰镸叉
𮣹	⿰镸友
𮣺	⿰镸犬
𮣻	⿰申長
𮣼	⿰镸夸
𮣽	⿰镸兊
𮣾	⿰镸角
𮣿	⿰镸⿱𠂉⿻⺆土
𮤀	⿰镸芳
𮤁	⿰镸非
𮤂	⿰镸旁
𮤃	⿰镸票
𮤄	⿰镸累
𮤅	⿰镸葛
𮤆	⿰镸𡕰
𮤇	⿱土門
𮤈	⿵門旡
𮤉	⿵門欠
𮤊	⿵門⿻⿰冂冂一
𮤋	⿵門央
𮤌	⿵門𤓰
𮤍	⿵門台
𮤎	⿵門光
𮤏	⿵門江
𮤐	⿵門⿰丰及
𮤑	⿵門⿰丰𠬝
𮤒	⿵門靑
𮤓	⿰步門
𮤔	⿵門⿱日⿰⿱丶㇀⿱㇒丶
𮤕	⿵門芭
𮤖	⿵門放
𮤗	⿵門厘
𮤘	⿵門甚
𮤙	⿵門苦
𮤚	⿵門⿱𢆶大
𮤛	⿵門廼
𮤜	⿵門⿰⿱丅耳又
𮤝	⿵門⿰圭𠬝
𮤞	⿵門祚
𮤟	⿵門𧯞
𮤠	⿵門梨
𮤡	⿵門習
𮤢	⿵門⿰圭艮
𮤣	⿵門集
𮤤	⿵門臯
𮤥	⿵門㴞
𮤦	⿵門奧
𮤧	⿵門鈴
𮤨	⿵門⿺辶⿱大⿱卝干
𮤩	⿵門⿱⿻兀一貴
𮤪	⿵門㕓
𮤫	⿵门丁
𮤬	⿵门土
𮤭	⿵门小
𮤮	⿱天门
𮤯	⿵门内
𮤰	⿵门少
𮤱	⿵门北
𮤲	⿵门必
𮤳	⿵门江
𮤴	⿰𫔭五
𮤵	⿵门往
𮤶	⿵门空
𮤷	⿵门洪
𮤸	⿵门黑
𮤹	⿰阝乇
𮤺	⿰阝切
𮤻	⿰阝少
𮤼	⿰阝匝
𮤽	⿰阝立
𮤾	⿰阝広
𮤿	⿰阝加
𮥀	⿰阝⿹丁日
𮥁	⿰阝吉
𮥂	⿰阝寺
𮥃	⿰𨸏夅
𮥄	⿰阝旬
𮥅	⿰阝㐫
𮥆	⿰阝豕
𮥇	⿰阝匣
𮥈	⿰阝旱
𮥉	⿰阝利
𮥊	⿰阝免
𮥋	⿰阝延
𮥌	⿱阿下
𮥍	⿰阝昆
𮥎	⿰阝𥃷
𮥏	⿰阝⿱乍𠫔
𮥐	⿰阝炎
𮥑	⿰阝⿱火⺗
𮥒	⿰阝軍
𮥓	⿰阝⿱癶生
𮥔	⿰阝晋
𮥕	⿰阝尃
𮥖	⿰阝⿻⿻口电𰀪
𮥗	⿰阝茶
𮥘	⿰阝𭖨
𮥙	⿰阝⿱𮓱𧘇
𮥚	⿰阝𭜵
𮥛	⿰阝匿
𮥜	⿰阜責
𮥝	⿰阝曼
𮥞	⿰阝貪
𮥟	⿰阝梨
𮥠	⿱陏𠇍
𮥡	⿰阝雲
𮥢	⿰阝集
𮥣	⿰阝善
𮥤	⿰阝童
𮥥	⿰阝睘
𮥦	⿰阝蜀
𮥧	⿰阝㬅
𮥨	⿰𮥟刂
𮥩	⿰阝𭔺
𮥪	⿰阝𣗥
𮥫	⿰阝𭫒
𮥬	⿰阝⿱倶木
𮥭	⿰阝⿱自畀
𮥮	⿰阝夐
𮥯	⿰阝𠾳
𮥰	⿰阝親
𮥱	⿰阝齋
𮥲	⿰阝獻
𮥳	⿰阝⿱賏村
𮥴	⿻一隶
𮥵	⿰𥘣隶
𮥶	⿱𠂉⿻一隹
𮥷	⿰文隹
𮥸	⿱倠乃
𮥹	⿳亠？隹
𮥺	⿱隹尺
𮥻	⿰尼隹
𮥼	⿱隹冏
𮥽	⿰奄隹
𮥾	⿱朋隹
𮥿	⿱亠𨾴
𮦀	⿰亲隹
𮦁	⿰⿱一𨾴亐
𮦂	⿰集集
𮦃	⿰雚隹
𮦄	⿻丅⿵冂八
𮦅	⿱雨门
𮦆	⿻丅⿵冂𠈌
𮦇	⿱天雨
𮦈	⿱雨内
𮦉	⿱雨火
𮦊	⿳雨二口
𮦋	⿱雨目
𮦌	⿱雨占
𮦍	⿱雨夘
𮦎	⿱雨伞
𮦏	⿱雨汒
𮦐	⿱雨𡉿
𮦑	⿱雨肙
𮦒	⿱雨貝
𮦓	⿱雨𥃦
𮦔	⿱雨武
𮦕	⿱雨來
𮦖	⿱雨⿰云云
𮦗	⿱雨門
𮦘	⿱雨昏
𮦙	⿱雨使
𮦚	⿱雨宝
𮦛	⿱雨泳
𮦜	⿱雨玲
𮦝	⿱雨若
𮦞	⿰雷巴
𮦟	⿱雷火
𮦠	⿱雨昧
𮦡	⿱雨⿱爫𠙻
𮦢	⿳雨立文
𮦣	⿱雨洛
𮦤	⿱雨𤤯
𮦥	⿱雨庭
𮦦	⿱雨狸
𮦧	⿱雨涏
𮦨	⿱雨浹
𮦩	⿱雨浱
𮦪	⿱雨涄
𮦫	⿱雨浦
𮦬	⿱雨渂
𮦭	⿱雨買
𮦮	⿱敝雨
𮦯	⿰雷岜
𮦰	⿰雷串
𮦱	⿰霍𠔃
𮦲	⿱雨渙
𮦳	⿰雷長
𮦴	⿱雨⿰氵⿻兰氺
𮦵	⿱雨㴻
𮦶	⿱雨滉
𮦷	⿱雨歴
𮦸	⿰爱雲
𮦹	⿱雨潢
𮦺	⿱雨𬈥
𮦻	⿰𡰪霍
𮦼	⿱雨⿰氵𠔥
𮦽	⿱雨濃
𮦾	⿱雨臂
𮦿	⿱雨⿰氵墪
𮧀	⿰雲⿺辶⿱䙲㔾
𮧁	⿱雨瀧
𮧂	⿱雨⿰氵⿱⺈⿷⿹？𢑑⿱日小
𮧃	⿰青号
𮧄	⿱非云
𮧅	⿱非田
𮧆	⿱非央
𮧇	⿹𢦏非
𮧈	⿰靠英
𮧉	⿰面下
𮧊	⿱面且
𮧋	⿰出面
𮧌	⿱⿻十从面
𮧍	⿱面那
𮧎	⿰爾面
𮧏	⿺是靣
𮧐	⿰面責
𮧑	⿰面壹
𮧒	⿱⿰𠤕𤴓面
𮧓	⿳艹口十
𮧔	⿰⿱龷⿻口十夭
𮧕	⿰革失
𮧖	⿰革付
𮧗	⿱𪞖革
𮧘	⿰革巩
𮧙	⿰革亥
𮧚	⿰革⿱罒力
𮧛	⿰革𫔭
𮧜	⿰革弃
𮧝	⿰革辛
𮧞	⿰革靑
𮧟	⿰⿱龷⿻中一⿱攵用
𮧠	⿰革昴
𮧡	⿰革音
𮧢	⿰革怠
𮧣	⿰革般
𮧤	⿱兆𩉨
𮧥	⿰革展
𮧦	⿰革𠶮
𮧧	⿰革𦰌
𮧨	⿰革健
𮧩	⿰革离
𮧪	⿰革⿱品亐
𮧫	⿰革備
𮧬	⿰革𫈦
𮧭	⿰革⿳⿵𠆢一吅灬
𮧮	⿱𭇁帀
𮧯	⿱𫝀吊
𮧰	⿳⿻？丨口⿻⿱一𠃋丨
𮧱	⿰韋朱
𮧲	⿰韋𱬹
𮧳	⿰韋備
𮧴	⿰韦长
𮧵	⿰韦华
𮧶	⿱于音
𮧷	⿰音己
𮧸	⿰音皮
𮧹	⿱老音
𮧺	⿰舌音
𮧻	⿰音⿺尤三
𮧼	⿱⿳十且八音
𮧽	⿰音隻
𮧾	⿰音黃
𮧿	⿱愁音
𮨀	⿰云頁
𮨁	⿰⿱上𠃊頁
𮨂	⿰文頁
𮨃	⿰囚頁
𮨄	⿰𪠲頁
𮨅	⿰⿱几夕頁
𮨆	⿰丘頁
𮨇	⿰⿸厂㇯？一頁
𮨈	⿲丿𮍌頁
𮨉	⿰⿱亡土頁
𮨊	⿰⿱𫝀夕頁
𮨋	⿰⿱山王頁
𮨌	⿰⿱⺈旧頁
𮨍	⿰⿱匕耒頁
𮨎	⿰⿱𡗜夕頁
𮨏	⿰尚頁
𮨐	⿰𤿌頁
𮨑	⿰⿱且巛頁
𮨒	⿰周頁
𮨓	⿰籴頁
𮨔	⿰⿱米几頁
𮨕	⿰柰頁
𮨖	⿰哀頁
𮨗	⿰⿱𤰔方頁
𮨘	⿲㠯頁㠯
𮨙	⿰⿱山⿱一糸頁
𮨚	⿰舀頁
𮨛	⿰⿱亠⿳口一𧘇頁
𮨜	⿰⿱止豆頁
𮨝	⿰⿱又韭頁
𮨞	⿰⿱⺈𭜪頁
𮨟	⿰絭頁
𮨠	⿰與頁
𮨡	⿰⿱水面頁
𮨢	⿰𧶠頁
𮨣	⿰篇頁
𮨤	⿰燕頁
𮨥	⿰憲頁
𮨦	⿺風入
𮨧	⿺風王
𮨨	⿰⿱⿵𠆢一龴風
𮨩	⿺風虫
𮨪	⿺風安
𮨫	⿺風亥
𮨬	⿺風辛
𮨭	⿺風林
𮨮	⿺風昌
𮨯	⿺風宛
𮨰	⿺風眞
𮨱	⿺風𤼭
𮨲	⿺風鼓
𮨳	⿺風簫
𮨴	⿱林风
𮨵	⿺风翏
𮨶	⿹飞去
𮨷	⿰𩙿工
𮨸	⿰飠丫
𮨹	⿰𩙿戊
𮨺	⿰飠囘
𮨻	⿰飠它
𮨼	⿰飠兇
𮨽	⿳业土⿱八良
𮨾	⿰𩙿⿳十龷又
𮨿	⿰𩙿並
𮩀	⿰𩙿放
𮩁	⿰飠𱬹
𮩂	⿰飠⿱豆八
𮩃	⿰飠𭴔
𮩄	⿱衎食
𮩅	⿰飠便
𮩆	⿰飠𬮦
𮩇	⿰𩙿亲
𮩈	⿰𩙿䒱
𮩉	⿰飠員
𮩊	⿰𩙿⿱𦍌⿹勹㐅
𮩋	⿰𩙿⿱宀夋
𮩌	⿰飠堅
𮩍	⿰𩙿麥
𮩎	⿰飠𠁅
𮩏	⿰𩙿𡨼
𮩐	⿰飠覃
𮩑	⿱鼓食
𮩒	⿰飠𥂁
𮩓	⿰飠畺
𮩔	⿰飠𮮰
𮩕	⿱䧹食
𮩖	⿰飠厲
𮩗	⿰飠賞
𮩘	⿰飠燕
𮩙	⿰𩙿𮐹
𮩚	⿱彌食
𮩛	⿰饣毕
𮩜	⿰饣艾
𮩝	⿰饣曷
𮩞	⿰饣壹
𮩟	⿰首丈
𮩠	⿰首头
𮩡	⿰首旨
𮩢	⿰首求
𮩣	⿱首岐
𮩤	⿱臤首
𮩥	⿰首星
𮩦	⿱秋首
𮩧	⿰香式
𮩨	⿰香夅
𮩩	⿰香來
𮩪	⿰香定
𮩫	⿰香彧
𮩬	⿰香畟
𮩭	⿰香勗
𮩮	⿰香逮
𮩯	⿰香𤋱
𮩰	⿰香肅
𮩱	⿰香實
𮩲	⿰馬匕
𮩳	⿰馬丸
𮩴	⿹？廾
𮩵	⿹？巾
𮩶	⿰馬乆
𮩷	⿰馬旡
𮩸	⿹？中
𮩹	⿰馬欠
𮩺	⿰馬丙
𮩻	⿱台馬
𮩼	⿰馬奴
𮩽	⿰馬弗
𮩾	⿰馬叒
𮩿	⿰馬虫
𮪀	⿰馬色
𮪁	⿱合馬
𮪂	⿰安馬
𮪃	⿰馬字
𮪄	⿰馬羽
𮪅	⿰馬求
𮪆	⿰馬秀
𮪇	⿰馬𠃬
𮪈	⿰馬尭
𮪉	⿰馬長
𮪊	⿰馬⿸耳又
𮪋	⿰馬炎
𮪌	⿰馬甾
𮪍	⿰馬竒
𮪎	⿰馬𡘒
𮪏	⿰馬革
𮪐	⿰馬⿱𡗜手
𮪑	⿰馬⿱八豕
𮪒	⿰馬英
𮪓	⿰馬弇
𮪔	⿰馬凾
𮪕	⿰馬栗
𮪖	⿰馬⿱大典
𮪗	⿰馬⿱𠂉品
𮪘	⿱⿰矛各馬
𮪙	⿰馬翏
𮪚	⿰馬喿
𮪛	⿰馬⿳亡罒肌
𮪜	⿰馬䴡
𮪝	⿰馬⿸厂𡬽
𮪞	⿰馬⿳右冖䂞
𮪟	⿰馬龠
𮪠	⿰馬竄
𮪡	⿰马尨
𮪢	⿰马戒
𮪣	⿰马㚇
𮪤	⿰马草
𮪥	⿰马敦
𮪦	⿰骨十
𮪧	⿰骨央
𮪨	⿰骨生
𮪩	⿰骨衣
𮪪	⿰骨夾
𮪫	⿰骨㫖
𮪬	⿰骨⿱丶死
𮪭	⿰骨委
𮪮	⿰骨侖
𮪯	⿰骨夜
𮪰	⿰骨若
𮪱	⿰骨𡿺
𮪲	⿰骨退
𮪳	⿰骨匿
𮪴	⿰骨專
𮪵	⿰骨塞
𮪶	⿰慕骨
𮪷	⿰⿱莫⿴⿰⿱丶㇀⿱㇒丶亅骨
𮪸	⿱高𧘇
𮪹	⿰高⿺友丶
𮪺	⿱松高
𮪻	⿰髙曻
𮪼	⿰高桑
𮪽	⿱髟夭
𮪾	⿱髟心
𮪿	⿱髟斗
𮫀	⿰镸⿱彡古
𮫁	⿱髟石
𮫂	⿱髟宁
𮫃	⿱髟老
𮫄	⿱髟朶
𮫅	⿱髟糸
𮫆	⿰镸⿱彡𥃭
𮫇	⿱髟㝴
𮫈	⿱髟⿲⿺𠄌⺀⿺𠄌⺀㇂
𮫉	⿳髟罒万
𮫊	⿱髟非
𮫋	⿱髟鼡
𮫌	⿱髟⿳⺕冖巾
𮫍	⿱髟封
𮫎	⿱髟⿺元犮
𮫏	⿱髟⿱罒⿱一𧘇
𮫐	⿱髟閑
𮫑	⿱髟黍
𮫒	⿱髟當
𮫓	⿱髟霍
𮫔	⿵鬥卷
𮫕	⿵鬥馬
𮫖	⿱⿶凵又⿺㇄𠄟
𮫗	⿱木⿸⿰丿？⿰鬯又
𮫘	⿰⿱⿴𦥑？冖⿰鬯彡
𮫙	⿱⿵卄𠄠⿵冂𢆉
𮫚	⿱㣃𮫙
𮫛	⿲弓⿳𦬬灬⿱口⿵冂⿱𠆢丅弓
𮫜	⿺⿱甶儿夭
𮫝	⿱⿱小㇒⿷⿱甶儿厶
𮫞	⿺鬼旬
𮫟	⿱鬼衣
𮫠	⿱邦鬼
𮫡	⿰其鬼
𮫢	⿺⿱田儿委
𮫣	⿺⿷⿱甶儿厶炎
𮫤	⿺鬼首
𮫥	⿺⿱甶儿盍
𮫦	⿺⿷⿱甶儿厶栗
𮫧	⿰离鬼
𮫨	⿺⿷⿱甶儿厶會
𮫩	⿺⿸麻⿷⿱甶儿厶未
𮫪	⿺⿷⿱甶儿厶應
𮫫	⿺⿷⿱甶儿厶屬
𮫬	⿳⺈田火
𮫭	⿱𬎿大
𮫮	⿱𤰗大
𮫯	⿱𤰗灬
𮫰	⿰魚丸
𮫱	⿰魚攴
𮫲	⿳𬎿灬日
𮫳	⿰魚⿸升丶
𮫴	⿰魚司
𮫵	⿰魚⿴互⺀
𮫶	⿰魚𠫤
𮫷	⿰魚艮
𮫸	⿰魚耳
𮫹	⿰𩵋坚
𮫺	⿰魚坒
𮫻	⿰魚岜
𮫼	⿰魚助
𮫽	⿰魚兵
𮫾	⿰魚杯
𮫿	⿰魚臾
𮬀	⿰魚香
𮬁	⿰魚？
𮬂	⿰魚苗
𮬃	⿰魚𧈸
𮬄	⿰魚韋
𮬅	⿰魚首
𮬆	⿰魚夏
𮬇	⿰魚⿵戌少
𮬈	⿱𢼴魚
𮬉	⿰魚茖
𮬊	⿰魚奚
𮬋	⿰𠵛魚
𮬌	⿰魚患
𮬍	⿰魚着
𮬎	⿰魚猶
𮬏	⿰魚集
𮬐	⿰魚卿
𮬑	⿰魚復
𮬒	⿰魚紫
𮬓	⿲魚⿱罒水攵
𮬔	⿰魚閙
𮬕	⿱蒿魚
𮬖	⿰魚賛
𮬗	⿰魚𭾐
𮬘	⿰魚㢣
𮬙	⿰魚⿱雨段
𮬚	⿰魚彌
𮬛	⿰鱼予
𮬜	⿰鱼旨
𮬝	⿰鱼岁
𮬞	⿱𣦼鱼
𮬟	⿰鱼或
𮬠	⿰鱼录
𮬡	⿰鱼骨
𮬢	⿰鱼翁
𮬣	⿰鱼衔
𮬤	⿰鱼箴
𮬥	⿰鳥几
𮬦	⿰鳥兀
𮬧	⿰⿱㇒𠀁鳥
𮬨	⿰丫鳥
𮬩	⿰忄鳥
𮬪	⿰子鳥
𮬫	⿱无鳥
𮬬	⿰丰鳥
𮬭	⿰六鳥
𮬮	⿰鳥冘
𮬯	⿰允鳥
𮬰	⿰⿱匕干鳥
𮬱	⿰申鳥
𮬲	⿰它鳥
𮬳	⿰鳥死
𮬴	⿰因鳥
𮬵	⿰⿱山尸鳥
𮬶	⿰名鳥
𮬷	⿰鳥行
𮬸	⿰鳥宅
𮬹	⿰口𩿊
𮬺	⿰卵鳥
𮬻	⿰鳥孚
𮬼	⿱知鳥
𮬽	⿰罗鳥
𮬾	⿱牧鳥
𮬿	⿰𮉰鳥
𮭀	⿰鳥匊
𮭁	⿰牧鳥
𮭂	⿰鳥戻
𮭃	⿰況鳥
𮭄	⿰鳥咸
𮭅	⿰昴鳥
𮭆	⿰⿱爫古鳥
𮭇	⿰𱼭鳥
𮭈	⿰索鳥
𮭉	⿱脊鳥
𮭊	⿰鿄鳥
𮭋	⿳𭕄𫠩鳥
𮭌	⿱訓鳥
𮭍	⿰宴鳥
𮭎	⿰𬀴鳥
𮭏	⿰𨹧鳥
𮭐	⿰⿳亠口羽鳥
𮭑	⿱殸鳥
𮭒	⿰累鳥
𮭓	⿰混鳥
𮭔	⿰康鳥
𮭕	⿰雀鳥
𮭖	⿰勞鳥
𮭗	⿰感鳥
𮭘	⿰歲鳥
𮭙	⿰𮧊鳥
𮭚	⿰翠鳥
𮭛	⿰鶯皮
𮭜	⿱𢧵鳥
𮭝	⿰𥰬鳥
𮭞	⿰獨鳥
𮭟	⿰𢐴鳥
𮭠	⿰𬯵鳥
𮭡	⿰介鸟
𮭢	⿰夭鸟
𮭣	⿰六鸟
𮭤	⿰必鸟
𮭥	⿰共鸟
𮭦	⿰岑鸟
𮭧	⿰里鸟
𮭨	⿰晏鸟
𮭩	⿺笔鸟
𮭪	⿰爽鸟
𮭫	⿰鹵古
𮭬	⿰鹵夋
𮭭	⿰土𪉟
𮭮	⿰鹵來
𮭯	⿰鹵咢
𮭰	⿰卤亢
𮭱	⿸？灬
𮭲	⿸鹿口
𮭳	⿸鹿玉
𮭴	⿸广⿱⿳亠？比𧘇
𮭵	⿰鹿免
𮭶	⿱⿰⿱一⿵冂丶⿱一⿵冂丶⿸？厸
𮭷	⿱⿰⿱一⿵冂丶⿱一⿵冂丶⿸？灬
𮭸	⿸鹿美
𮭹	⿱𰀕⿸厂⿻⿱？八⿰丨丨
𮭺	⿸鹿鬼
𮭻	⿻⿱一从麥
𮭼	⿺⿳⿻十从𠆢夊𭓩
𮭽	⿺麥炎
𮭾	⿺⿳⿻十从𠆢夊𱬹
𮭿	⿺⿳⿻十从𠆢夊芻
𮮀	⿺麥𤰇
𮮁	⿺麥曹
𮮂	⿰麥薛
𮮃	⿺麦又
𮮄	⿺麦丏
𮮅	⿺麦欠
𮮆	⿺麦包
𮮇	⿰麦牟
𮮈	⿸麻木
𮮉	⿸麻𧘇
𮮊	⿸麻公
𮮋	⿸麻沙
𮮌	⿳麻立貝
𮮍	⿸麻⿱路糸
𮮎	⿸麽藥
𮮏	⿰主黄
𮮐	⿱禾𠇍
𮮑	⿱禾尒
𮮒	⿰黍米
𮮓	⿰黍禽
𮮔	⿰黑分
𮮕	⿱父黒
𮮖	⿰黑立
𮮗	⿱⿰里向灬
𮮘	⿱⿰里米灬
𮮙	⿰黑林
𮮚	⿰黑咅
𮮛	⿰黑官
𮮜	⿱⿰音里灬
𮮝	⿱啟黑
𮮞	⿱⿰身里黑
𮮟	⿰賣黒
𮮠	⿱龷⿻丨⿱丷⿵冂八
𮮡	⿱黽又
𮮢	⿱勾黽
𮮣	⿺黾旬
𮮤	⿱央𬹝
𮮥	⿱鼎才
𮮦	⿰壴攵
𮮧	⿱处鼓
𮮨	⿱北皷
𮮩	⿱⿶凵⿴⿰⿱丶㇀⿱㇒丶亅鼓
𮮪	⿱賁鼓
𮮫	⿱皷堂
𮮬	⿺鼠丑
𮮭	⿰鼠且
𮮮	⿺鼠咅
𮮯	⿺鼠單
𮮰	⿱畠大
𮮱	⿱𦤏大
𮮲	⿱自⿻甲一
𮮳	⿱白⿻甲一
𮮴	⿱𦤏⿰㇒十
𮮵	⿱畠⿰㇒十
𮮶	⿰鼻也
𮮷	⿰鼻糸
𮮸	⿰鼻登
𮮹	⿰⿱自畀⿳⿱士冖⿱田厶疋
𮮺	⿳亠⿰尸𠇊𠔼
𮮻	⿳亠⿲刀弓𱍸⿲丿二丨
𮮼	⿳亠⿲尸丫𱍸日
𮮽	⿱止⿺𠃊𠈌
𮮾	⿰歯匕
𮮿	⿰齒寸
𮯀	⿰齒欠
𮯁	⿰齒斗
𮯂	⿰齒石
𮯃	⿰歯召
𮯄	⿰齒向
𮯅	⿰歯艮
𮯆	⿰齒⿻⿱⺕𠆢亅
𮯇	⿰歯足
𮯈	⿰歯㑒
𮯉	⿰齒⿱𠆢米
𮯊	⿰齒隶
𮯋	⿰歯咢
𮯌	⿰歯禹
𮯍	⿰齒度
𮯎	⿰歯屋
𮯏	⿱狼齒
𮯐	⿰齒衰
𮯑	⿰齒⿸虍目
𮯒	⿰齒崖
𮯓	⿰齒虗
𮯔	⿰齒𦓔
𮯕	⿰齒⿱大畏
𮯖	⿰齒菁
𮯗	⿰齒虞
𮯘	⿰齒龠
𮯙	⿰齿可
𮯚	⿱龍合
𮯛	⿳⺈冖⿰𢑑⿱𱕻乚
𮯜	⿱⿱丷𠔿⿰𢑑⿺乚𱕻
𮯝	⿳𠂉罒⿰𢑑⿺乚刃
𮯞	⿱⿱⺈𠔼⿰𢑑⿺乚目
𮯟	⿱⺈⿷⿹？目目
𮯠	⿰龠昔
𮯰	⿳一⿰丨丨一
𮯱	⿵丹丶
𮯲	⿰丿⿻二乚
𮯳	⿱亠⿱炏火
𮯴	⿰亻儿
𮯵	⿰亻万
𮯶	⿰亻己
𮯷	⿰亻叉
𮯸	⿰亻历
𮯹	⿰亻凤
𮯺	⿰亻巧
𮯻	⿰亻圣
𮯼	⿰亻杰
𮯽	⿰亻昊
𮯾	⿰亻函
𮯿	⿱⿵𠆢一⿰⺝⺝
𮰀	⿰亻奎
𮰁	⿰亻复
𮰂	⿱合承
𮰃	⿱入地
𮰄	⿱冖龙
𮰅	⿱㓁林
𮰆	⿰冫弓
𮰇	⿰冫捷
𮰈	⿰冫菱
𮰉	⿱冯几
𮰊	⿰赤几
𮰋	⿱⿲幺白幺几
𮰌	⿰有刂
𮰍	⿰耒力
𮰎	⿰力虎
𮰏	⿱十兒
𮰐	⿰十鈭
𮰑	⿸厂当
𮰒	⿸厂𡠓
𮰓	⿰又夬
𮰔	⿰口韦
𮰕	⿰告予
𮰖	⿰口闽
𮰗	⿰口颢
𮰘	⿴囗各
𮰙	⿺𠃊土
𮰚	⿰土叉
𮰛	⿰土仁
𮰜	⿰土⿱丷了
𮰝	⿱朹土
𮰞	⿰土名
𮰟	⿱亦土
𮰠	⿱汤土
𮰡	⿱兴土
𮰢	⿰土麦
𮰣	⿱坊土
𮰤	⿰土𰥍
𮰥	⿰土奂
𮰦	⿰土奏
𮰧	⿰土昱
𮰨	⿰土桌
𮰩	⿰土匾
𮰪	⿰土兜
𮰫	⿰土庵
𮰬	⿰土𧰮
𮰭	⿰土菴
𮰮	⿰土農
𮰯	⿰土蒀
𮰰	⿱士廾
𮰱	⿰吉才
𮰲	⿱士兆
𮰳	⿰晋夋
𮰴	⿱𭕄天
𮰵	⿱大吉
𮰶	⿱並大
𮰷	⿰女丂
𮰸	⿰女义
𮰹	⿰女屯
𮰺	⿰女卬
𮰻	⿰女凤
𮰼	⿱不女
𮰽	⿰女乐
𮰾	⿰女兰
𮰿	⿰女夹
𮱀	⿰女行
𮱁	⿰女尽
𮱂	⿱羽女
𮱃	⿰女回
𮱄	⿰女园
𮱅	⿱𦥑女
𮱆	⿰女闵
𮱇	⿰女连
𮱈	⿰女𱞂
𮱉	⿰女态
𮱊	⿰女罗
𮱋	⿰女肴
𮱌	⿱炏女
𮱍	⿰女即
𮱎	⿰女厚
𮱏	⿰女急
𮱐	⿰女弯
𮱑	⿱艳女
𮱒	⿰女袅
𮱓	⿰女离
𮱔	⿰女𬜯
𮱕	⿰女莹
𮱖	⿰女梦
𮱗	⿰女晨
𮱘	⿰女童
𮱙	⿰女静
𮱚	⿰女盧
𮱛	⿰女露
𮱜	⿱丶李
𮱝	⿰子息
𮱞	⿱宀尢
𮱟	⿱宀文
𮱠	⿱宀𮥼
𮱡	⿱小子
𮱢	⿱𡭔石
𮱣	⿺兀貴
𮱤	⿱山仓
𮱥	⿱山𭃂
𮱦	⿱山凤
𮱧	⿱山代
𮱨	⿱山耳
𮱩	⿱山军
𮱪	⿱山㑈
𮱫	⿱山兵
𮱬	⿱山犾
𮱭	⿱山岭
𮱮	⿱山命
𮱯	⿰山单
𮱰	⿰山楚
𮱱	⿱山鳳
𮱲	⿱山齊
𮱳	⿱化巾
𮱴	⿰弓勾
𮱵	⿰弓乔
𮱶	⿰弓全
𮱷	⿰弓安
𮱸	⿰弜文
𮱹	⿰册彡
𮱺	⿰彳㐌
𮱻	⿰彳圣
𮱼	⿰彳𫥞
𮱽	⿰彳思
𮱾	⿰彳琴
𮱿	⿰忄久
𮲀	⿰忄贝
𮲁	⿰忄见
𮲂	⿰忄风
𮲃	⿰忄乐
𮲄	⿱动心
𮲅	⿰忄贞
𮲆	⿱甫心
𮲇	⿰忄国
𮲈	⿰忄郎
𮲉	⿰忄眉
𮲊	⿰忄袁
𮲋	⿰忄隽
𮲌	⿰厘戈
𮲍	⿹⿽戈大⿱口土
𮲎	⿵戊面
𮲏	⿰扌开
𮲐	⿱执云
𮲑	⿰扌⿱⺈黾
𮲒	⿱啟手
𮲓	⿰由攵
𮲔	⿰岂攵
𮲕	⿰亩攵
𮲖	⿱罒文
𮲗	⿱昍文
𮲘	⿰方昕
𮲙	⿰方金
𮲚	⿰日万
𮲛	⿰日义
𮲜	⿰日戈
𮲝	⿰日夭
𮲞	⿱日本
𮲟	⿰日页
𮲠	⿰日宇
𮲡	⿱日共
𮲢	⿱日衣
𮲣	⿰日㞵
𮲤	⿱日金
𮲥	⿰日亭
𮲦	⿰日叟
𮲧	⿰日峯
𮲨	⿰日宾
𮲩	⿰日莹
𮲪	⿰月𫢉
𮲫	⿰月先
𮲬	⿰木太
𮲭	⿱木从
𮲮	⿰木双
𮲯	⿰木以
𮲰	⿰木毕
𮲱	⿳㐅⿰㐅㐅朩
𮲲	⿰木庆
𮲳	⿰木步
𮲴	⿰木⿱分支
𮲵	⿰木鱼
𮲶	⿰木贱
𮲷	⿰木闻
𮲸	⿰木养
𮲹	⿰木⿱罒羽
𮲺	⿰木颉
𮲻	⿰木窜
𮲼	⿰木磐
𮲽	⿰木𦾈
𮲾	⿰章欠
𮲿	⿱正𰙤
𮳀	⿰殳攵
𮳁	⿺毛全
𮳂	⿺毛我
𮳃	⿰氵义
𮳄	⿰氵双
𮳅	⿰氵亚
𮳆	⿰氵华
𮳇	⿰氵灾
𮳈	⿰氵陈
𮳉	⿰氵杰
𮳊	⿰氵怡
𮳋	⿰氵𭕛
𮳌	⿰氵珂
𮳍	⿰氵阁
𮳎	⿰氵⿵门米
𮳏	⿰氵宪
𮳐	⿰氵晨
𮳑	⿰氵𤽤
𮳒	⿰氵𢽍
𮳓	⿱啟水
𮳔	⿰氵雁
𮳕	⿱埔𱥯
𮳖	⿰氵献
𮳗	⿰氵输
𮳘	⿰氵萮
𮳙	⿰氵蔺
𮳚	⿰火于
𮳛	⿰火飞
𮳜	⿰火习
𮳝	⿰火巿
𮳞	⿰火厅
𮳟	⿰火月
𮳠	⿰火风
𮳡	⿰火凤
𮳢	⿰火㝉
𮳣	⿰火东
𮳤	⿰火句
𮳥	⿰火老
𮳦	⿰火回
𮳧	⿰火乔
𮳨	⿰火艮
𮳩	⿰火麦
𮳪	⿺免火
𮳫	⿰火芙
𮳬	⿰火连
𮳭	⿰火责
𮳮	⿰火杰
𮳯	⿱勋灬
𮳰	⿰火苹
𮳱	⿰火贵
𮳲	⿰火泉
𮳳	⿰火总
𮳴	⿰火⿱日华
𮳵	⿰火家
𮳶	⿰火莹
𮳷	⿰火雪
𮳸	⿰火营
𮳹	⿰火萮
𮳺	⿰牜马
𮳻	⿰牜历
𮳼	⿰牜居
𮳽	⿰犭后
𮳾	⿰犭启
𮳿	⿱㹜㹜
𮴀	⿰𤣩兀
𮴁	⿰𤣩小
𮴂	⿰𤣩义
𮴃	⿰𤣩也
𮴄	⿰𤣩中
𮴅	⿰𤣩仑
𮴆	⿰𤣩风
𮴇	⿰𤣩凤
𮴈	⿰𤣩尺
𮴉	⿰𤣩只
𮴊	⿰𤣩处
𮴋	⿰𤣩市
𮴌	⿰𤣩兰
𮴍	⿰𤣩出
𮴎	⿰𤣩圣
𮴏	⿰𤣩亚
𮴐	⿰𤣩臣
𮴑	⿰𤣩夹
𮴒	⿰𤣩岂
𮴓	⿰𤣩乔
𮴔	⿰𤣩华
𮴕	⿰𤣩庆
𮴖	⿰𤣩问
𮴗	⿰𤣩尧
𮴘	⿰𤣩达
𮴙	⿰𤣩走
𮴚	⿰𤣩坚
𮴛	⿰𤣩何
𮴜	⿰𤣩皂
𮴝	⿰𤣩甸
𮴞	⿰𤣩尾
𮴟	⿰𤣩岺
𮴠	⿰𤣩丽
𮴡	⿱王玨
𮴢	⿰𤣩昇
𮴣	⿰𤣩受
𮴤	⿰𤣩承
𮴥	⿰𤣩凯
𮴦	⿰𤣩复
𮴧	⿰𤣩食
𮴨	⿰𤣩总
𮴩	⿰𤣩息
𮴪	⿰𤣩臭
𮴫	⿰𤣩翁
𮴬	⿰𤣩梦
𮴭	⿰𤣩晨
𮴮	⿰𤣩尉
𮴯	⿰𤣩𧰮
𮴰	⿰𤣩密
𮴱	⿰𤣩菊
𮴲	⿰𤣩期
𮴳	⿰𤣩雬
𮴴	⿰𤣩掌
𮴵	⿰𤣩强
𮴶	⿰𤣩营
𮴷	⿰𤣩維
𮴸	⿰𤣩蔡
𮴹	⿰𤣩𬞕
𮴺	⿰𤣩嬴
𮴻	⿺瓜白
𮴼	⿰南瓦
𮴽	⿺𠃊田
𮴾	⿰田未
𮴿	⿰田鸟
𮵀	⿰田华
𮵁	⿱田华
𮵂	⿱田狂
𮵃	⿰田敦
𮵄	⿰白今
𮵅	⿰目义
𮵆	⿰目韦
𮵇	⿰目東
𮵈	⿰目罙
𮵉	⿰石久
𮵊	⿰石韦
𮵋	⿰石升
𮵌	⿰石孔
𮵍	⿰石舌
𮵎	⿱石𪢴
𮵏	⿰石再
𮵐	⿱石兆
𮵑	⿰石㐫
𮵒	⿱羽石
𮵓	⿰石岩
𮵔	⿰石奂
𮵕	⿰石茂
𮵖	⿰石禹
𮵗	⿰石施
𮵘	⿰礻仁
𮵙	⿰礻仑
𮵚	⿰礻圣
𮵛	⿰礻则
𮵜	⿰礻伟
𮵝	⿰礻苗
𮵞	⿰礻室
𮵟	⿰礻新
𮵠	⿰禾韦
𮵡	⿰禾名
𮵢	⿰禾县
𮵣	⿱美禾
𮵤	⿰禾甚
𮵥	⿰立尤
𮵦	⿰立冬
𮵧	⿰立寿
𮵨	⿰立武
𮵩	⿰立爽
𮵪	⿰立習
𮵫	⿱𥫗了
𮵬	⿱𥫗王
𮵭	⿱𥫗风
𮵮	⿱𥫗鸟
𮵯	⿱𥫗夗
𮵰	⿱𥫗州
𮵱	⿱𥫗来
𮵲	⿱𥫗妥
𮵳	⿳𥫗冖玉
𮵴	⿱𥫗枝
𮵵	⿱𥫗奋
𮵶	⿱𥫗宝
𮵷	⿱𥫗津
𮵸	⿱𥫗晶
𮵹	⿱𥫗魏
𮵺	⿱𢼄米
𮵻	⿰米並
𮵼	⿲米田米
𮵽	⿰米章
𮵾	⿱𰯯糸
𮵿	⿰纟叉
𮶀	⿰纟玉
𮶁	⿰纟册
𮶂	⿰纟夆
𮶃	⿰纟條
𮶄	⿰纟乘
𮶅	⿰纟容
𮶆	⿰纟⿱匆匆
𮶇	⿱㓁廾
𮶈	⿺九羽
𮶉	⿰羽半
𮶊	⿱羽必
𮶋	⿰羽虫
𮶌	⿺先羽
𮶍	⿰冲羽
𮶎	⿰景羽
𮶏	⿰耳匀
𮶐	⿰耳由
𮶑	⿰耳玉
𮶒	⿰耳圭
𮶓	⿰耳尧
𮶔	⿰月韦
𮶕	⿰月⿱㐅十
𮶖	⿱自夊
𮶗	⿰舟干
𮶘	⿰舟云
𮶙	⿰舟监
𮶚	⿰舟戠
𮶛	⿱艹七
𮶜	⿱艹三
𮶝	⿱艹义
𮶞	⿱艹飞
𮶟	⿱艹兰
𮶠	⿱艹布
𮶡	⿱艹叶
𮶢	⿱艹床
𮶣	⿱艹冷
𮶤	⿱艹沄
𮶥	⿱艹沪
𮶦	⿱艹玫
𮶧	⿱艹佩
𮶨	⿱艹⿵门禾
𮶩	⿱艹狱
𮶪	⿱艹⿰立匀
𮶫	⿱艹浊
𮶬	⿱艹钱
𮶭	⿱艹⿺永生
𮶮	⿱艹被
𮶯	⿱艹現
𮶰	⿱艹𭎮
𮶱	⿱艹淳
𮶲	⿱艹惜
𮶳	⿱艹维
𮶴	⿱艹𢛧
𮶵	⿱艹渲
𮶶	⿱艹溓
𮶷	⿱艹满
𮶸	⿱艹瑾
𮶹	⿱艹澜
𮶺	⿸虍目
𮶻	⿹飞虫
𮶼	⿰虫示
𮶽	⿰虫永
𮶾	⿰虫孝
𮶿	⿱衣内
𮷀	⿰衤玉
𮷁	⿰衤员
𮷂	⿰衤室
𮷃	⿰衤翼
𮷄	⿳爫冖见
𮷅	⿰讠东
𮷆	⿰讠田
𮷇	⿰讠乐
𮷈	⿰讠奇
𮷉	⿰讠易
𮷊	⿰讠番
𮷋	⿰豆力
𮷌	⿰贝亅
𮷍	⿰贝宁
𮷎	⿰云员
𮷏	⿰员匀
𮷐	⿰君员
𮷑	⿰赤员
𮷒	⿰𧾷尖
𮷓	⿰身为
𮷔	⿰身未
𮷕	⿰半身
𮷖	⿰车几
𮷗	⿰车太
𮷘	⿰车气
𮷙	⿰车鸟
𮷚	⿱壮车
𮷛	⿱车⿰车车
𮷜	⿰车前
𮷝	⿰车舀
𮷞	⿺辶⿻干一
𮷟	⿺辶禾
𮷠	⿺辶圣
𮷡	⿺辶犾
𮷢	⿺辶金
𮷣	⿺辶芫
𮷤	⿺辶段
𮷥	⿺辶顼
𮷦	⿺辶预
𮷧	⿺辶商
𮷨	⿰历阝
𮷩	⿰月阝
𮷪	⿰佥阝
𮷫	⿰孟阝
𮷬	⿰显阝
𮷭	⿰香阝
𮷮	⿱相里
𮷯	⿱尔金
𮷰	⿰釒呆
𮷱	⿰釒初
𮷲	⿰釒⿱从龰
𮷳	⿱冼金
𮷴	⿰釒𢛳
𮷵	⿰钅己
𮷶	⿰钅义
𮷷	⿰钅丰
𮷸	⿰钅元
𮷹	⿰钅云
𮷺	⿰钅攵
𮷻	⿰钅风
𮷼	⿰钅丹
𮷽	⿰钅予
𮷾	⿰钅艺
𮷿	⿰钅示
𮸀	⿰钅𫠣
𮸁	⿰钅仛
𮸂	⿰钅用
𮸃	⿰钅永
𮸄	⿰钅戎
𮸅	⿰钅臣
𮸆	⿰钅庆
𮸇	⿰钅𣲇
𮸈	⿰钅军
𮸉	⿰钅贡
𮸊	⿰钅利
𮸋	⿰钅余
𮸌	⿰钅希
𮸍	⿰钅应
𮸎	⿰钅闷
𮸏	⿰钅夋
𮸐	⿰钅芳
𮸑	⿰钅林
𮸒	⿰钅昇
𮸓	⿰钅⿱刅木
𮸔	⿰钅春
𮸕	⿰钅畐
𮸖	⿰钅𪾋
𮸗	⿰钅显
𮸘	⿰钅亮
𮸙	⿰钅秦
𮸚	⿰钅恩
𮸛	⿰钅豈
𮸜	⿰钅𧯜
𮸝	⿰钅莹
𮸞	⿰钅基
𮸟	⿰钅常
𮸠	⿰钅宽
𮸡	⿰钅焱
𮸢	⿰钅凱
𮸣	⿰钅震
𮸤	⿰镸天
𮸥	⿵门吉
𮸦	⿵门咅
𮸧	⿵门朔
𮸨	⿰阝青
𮸩	⿰阝星
𮸪	⿰阝猗
𮸫	⿱雨凡
𮸬	⿱雨玉
𮸭	⿰青华
𮸮	⿰革见
𮸯	⿰𠂤韦
𮸰	⿰畐韦
𮸱	⿰音乞
𮸲	⿰音尤
𮸳	⿰音殳
𮸴	⿰页凡
𮸵	⿰㞺页
𮸶	⿰昱页
𮸷	⿰音页
𮸸	⿰扁页
𮸹	⿰雇页
𮸺	⿱频平
𮸻	⿺风易
𮸼	⿰焱风
𮸽	⿱飞⿰飞飞
𮸾	⿰飠文
𮸿	⿰饣豕
𮹀	⿰香宾
𮹁	⿰馬匀
𮹂	⿰马飞
𮹃	⿰马双
𮹄	⿰马屯
𮹅	⿰马末
𮹆	⿰马异
𮹇	⿰马𡉼
𮹈	⿰马宏
𮹉	⿰马青
𮹊	⿰马朋
𮹋	⿰马周
𮹌	⿰马昷
𮹍	⿰马息
𮹎	⿰马曼
𮹏	⿰马壹
𮹐	⿰马晶
𮹑	⿰鬲同
𮹒	⿺鬼大
𮹓	⿱文鱼
𮹔	⿹？水
𮹕	⿱代鸟
𮹖	⿰咀鸟
𮹗	⿰岺鸟
𮹘	⿱𤇾鸟
𮹙	⿰崔鸟
𮹚	⿰崟鸟
𮹛	⿰澋鸟
𮹜	⿰燕鸟
𮹝	⿱龙𱍂
𰀀	⿱一𠄌
𰀁	⿻二丨
𰀂	⿻匚一
𰀃	⿱一冂
𰀄	⿷匚一
𰀅	⿱丸一
𰀆	⿱一䒑
𰀇	⿰丂丂
𰀈	⿱𰀁龴
𰀉	⿻一中
𰀊	⿱⿻𠀃丨㇉
𰀋	⿺⿻一乚⿰川丨
𰀌	⿱一吊
𰀍	⿰不牙
𰀎	⿱上⿰上上
𰀏	⿰上艮
𰀐	⿱一⿺先厶
𰀑	⿰丢才
𰀒	⿱丙丙
𰀓	⿱一⿰里几
𰀔	⿱𣄼⿵𠘨土
𰀕	⿰丙丙
𰀖	⿱一國
𰀗	⿱𰀎上
𰀘	⿱不⿰安人
𰀙	⿰天扁
𰀚	⿱不政
𰀛	⿳一昍⿵𠘨土
𰀜	⿰歪必
𰀝	⿱且⿰且且
𰀞	⿰雷丑
𰀟	⿱不⿰束⿱攵正
𰀠	⿰丨？
𰀡	⿲丨丨又
𰀢	⿲丨丨⿱𠂉丶
𰀣	⿰丩夫
𰀤	⿰𠁣王
𰀥	⿰㠯予
𰀦	⿰㠯㠯
𰀧	⿰丩周
𰀨	⿰累串
𰀩	⿰主主
𰀪	⿱㇒㇒
𰀫	⿰丿㇈
𰀬	⿱乃乆
𰀭	⿰乘力
𰀮	⿰𠂤朿
𰀯	⿱乃浪
𰀰	⿳⺄⺄⺄
𰀱	⿱巜巜
𰀲	⿱不乙
𰀳	⿹⺄尤
𰀴	⿱毛乙
𰀵	⿺𠃊屲
𰀶	⿱龸乙
𰀷	⿰𫵳乚
𰀸	⿱也也
𰀹	⿱禾乙
𰀺	⿰永乚
𰀻	⿰召乚
𰀼	⿹⺄台
𰀽	⿱覀乙
𰀾	⿺𠃊西
𰀿	⿱伐乙
𰁀	⿹⺄并
𰁁	⿱走乙
𰁂	⿱助乙
𰁃	⿱兵乙
𰁄	⿱具乙
𰁅	⿱味乙
𰁆	⿱知乙
𰁇	⿺九求
𰁈	⿰书史
𰁉	⿱是乙
𰁊	⿱則乙
𰁋	⿹⺄品
𰁌	⿹⺄竝
𰁍	⿱野乙
𰁎	⿱鉅乙
𰁏	⿹⺄辡
𰁐	⿺𠃊⿳⺊日𱕻
𰁑	⿰𡦢乚
𰁒	⿰了了
𰁓	⿰𰀈争
𰁔	⿰正争
𰁕	⿱七二
𰁖	⿱二⿰亻丨
𰁗	⿱二尺
𰁘	⿳一⿰土勽一
𰁙	⿱一𮦆
𰁚	⿰亞伐
𰁛	⿱云曼
𰁜	⿱亠⿻⿰丨丨八
𰁝	⿱亡朋
𰁞	⿱亠⿱罒⿻丨⿰二二
𰁟	⿰亡洛
𰁠	⿺亮动
𰁡	⿰亻入
𰁢	⿰亻尸
𰁣	⿰亻弓
𰁤	⿺元人
𰁥	⿰亻𠕀
𰁦	⿰亻攵
𰁧	⿰亻从
𰁨	⿰亻片
𰁩	⿺人斗
𰁪	⿰亻双
𰁫	⿰亻打
𰁬	⿰亻𰋙
𰁭	⿰亻㐍
𰁮	⿰白人
𰁯	⿱𠆢永
𰁰	⿱弗人
𰁱	⿰亻⿱大巳
𰁲	⿰亻𰅰
𰁳	⿰亻匠
𰁴	⿰亻圩
𰁵	⿰亻⿱士子
𰁶	⿰亻⿹弋山
𰁷	⿱伸乙
𰁸	⿰亻当
𰁹	⿰亻早
𰁺	⿳𠆢⺊冈
𰁻	⿱𠆢吊
𰁼	⿰亻向
𰁽	⿰介介
𰁾	⿰亻负
𰁿	⿱𠆢回
𰂀	⿰亻后
𰂁	⿰亻刘
𰂂	⿰亻江
𰂃	⿰亻寻
𰂄	⿰亻⿱⿹弓人一
𰂅	⿱合山
𰂆	⿰亻𡉵
𰂇	⿰亻貝
𰂈	⿲亻丨汝
𰂉	⿰亻⿱𠂉⿵丹丶
𰂊	⿰亻𠯌
𰂋	⿰亻间
𰂌	⿰亻启
𰂍	⿰亻⿱厼又
𰂎	⿰亻𫔮
𰂏	⿰亻卖
𰂐	⿰伏分
𰂑	⿱𠆢兩
𰂒	⿰亻岡
𰂓	⿰亻乖
𰂔	⿰亻於
𰂕	⿱𤆋⺝
𰂖	⿱佛下
𰂗	⿰亻带
𰂘	⿰亻羍
𰂙	⿱⿵𠆢一𦨉
𰂚	⿱⿵𠆢一明
𰂛	⿰亻峙
𰂜	⿰亻贵
𰂝	⿱企平
𰂞	⿰亻𢨿
𰂟	⿰亻亟
𰂠	⿰亻紂
𰂡	⿰亻⿱叒土
𰂢	⿰亻𢙣
𰂣	⿰亻⿱覀方
𰂤	⿰來斗
𰂥	⿰休血
𰂦	⿰亻虑
𰂧	⿳𠆢口𪢾
𰂨	⿰亻追
𰂩	⿰亻祖
𰂪	⿰亻敗
𰂫	⿰亻⿱小物
𰂬	⿰亻𭦌
𰂭	⿰亻赐
𰂮	⿰亻⿳止⿰二二⿱一𣥂
𰂯	⿰亻筆
𰂰	⿰亻普
𰂱	⿰亻掌
𰂲	⿰亻覚
𰂳	⿰亻運
𰂴	⿰亻爺
𰂵	⿱𠆢愁
𰂶	⿰亻裏
𰂷	⿰亻資
𰂸	⿰亻⿱丷𬑔
𰂹	⿰亻弿
𰂺	⿰倒吉
𰂻	⿰亻𬂉
𰂼	⿰亻⿳兑⺈兄
𰂽	⿱佛界
𰂾	⿰亻奭
𰂿	⿰來廻
𰃀	⿰亻審
𰃁	⿰亻熟
𰃂	⿰亻熹
𰃃	⿱勒余
𰃄	⿰來倒
𰃅	⿰亻穎
𰃆	⿰亻赞
𰃇	⿰亻翼
𰃈	⿱佛衆
𰃉	⿰亻顥
𰃊	⿺儿上
𰃋	⿱乃兄
𰃌	⿺光力
𰃍	⿱古光
𰃎	⿱白児
𰃏	⿺元重
𰃐	⿰光尨
𰃑	⿰光油
𰃒	⿰光忽
𰃓	⿰宜兒
𰃔	⿰光党
𰃕	⿰光電
𰃖	⿱入井
𰃗	⿱𠓝⺝
𰃘	⿱入尖
𰃙	⿱后入
𰃚	⿱入車
𰃛	⿰豆入
𰃜	⿰入枼
𰃝	⿱䒑⿱𠀁丶
𰃞	⿱𠂉六
𰃟	⿺巴八
𰃠	⿰公内
𰃡	⿱别八
𰃢	⿰兮旬
𰃣	⿰六合
𰃤	⿱⿻𡗗丷丑
𰃥	⿰六要
𰃦	⿱㇒冂
𰃧	⿵冂壬
𰃨	⿵冂⿰冫又
𰃩	⿵冂昔
𰃪	⿵冂⿱巛正
𰃫	⿰害冂
𰃬	⿰㒼今
𰃭	⿱⿵冂乆⿰⿵冂乆⿵冂乆
𰃮	⿱𭕄冖
𰃯	⿱冖平
𰃰	⿱冖由
𰃱	⿱冖甾
𰃲	⿱冖淋
𰃳	⿱冖赣
𰃴	⿱冖贛
𰃵	⿰冫十
𰃶	⿰冫风
𰃷	⿰冫仓
𰃸	⿰冫户
𰃹	⿰冫立
𰃺	⿰冫皮
𰃻	⿰冫毕
𰃼	⿰冫夷
𰃽	⿰冫旬
𰃾	⿰冫良
𰃿	⿰冫卖
𰄀	⿰冫拉
𰄁	⿰冫参
𰄂	⿰冫哉
𰄃	⿰冫厘
𰄄	⿰冫前
𰄅	⿰冫索
𰄆	⿰冫党
𰄇	⿱冷尼
𰄈	⿰冫雪
𰄉	⿰冲甬
𰄊	⿰冫習
𰄋	⿱冲東
𰄌	⿰冫腊
𰄍	⿰冫達
𰄎	⿰净肖
𰄏	⿰冫魯
𰄐	⿵𠘨侖
𰄑	⿰入凹
𰄒	⿱凹与
𰄓	⿰凸冬
𰄔	⿰出出
𰄕	⿰出存
𰄖	⿱独凸
𰄗	⿰凸恶
𰄘	⿰出斊
𰄙	⿰八刂
𰄚	⿰刁刂
𰄛	⿰刀勺
𰄜	⿰忄刂
𰄝	⿰𠃓刂
𰄞	⿰专刂
𰄟	⿰不刂
𰄠	⿰云刀
𰄡	⿰刀勿
𰄢	⿰文刀
𰄣	⿱北刀
𰄤	⿰刀包
𰄥	⿰刃文
𰄦	⿱立刀
𰄧	⿰刀列
𰄨	⿰𡗢刂
𰄩	⿰自刂
𰄪	⿰杀刀
𰄫	⿰刀向
𰄬	⿰达刂
𰄭	⿰丽刂
𰄮	⿰刀求
𰄯	⿰来刂
𰄰	⿰廷刂
𰄱	⿰分本
𰄲	⿰刍少
𰄳	⿱坦刀
𰄴	⿰奄刀
𰄵	⿱刹刀
𰄶	⿰刀参
𰄷	⿰刀括
𰄸	⿰刀則
𰄹	⿰則刀
𰄺	⿰帝刂
𰄻	⿰連刂
𰄼	⿱刹旦
𰄽	⿱断刀
𰄾	⿰𠁊刂
𰄿	⿰壹刀
𰅀	⿰刀森
𰅁	⿰刀割
𰅂	⿰屠刂
𰅃	⿱⿲木夕木分
𰅄	⿰察刂
𰅅	⿱勒列
𰅆	⿱刺南
𰅇	⿱敵刀
𰅈	⿰𠓗刂
𰅉	⿰井力
𰅊	⿱旦力
𰅋	⿰北力
𰅌	⿰力民
𰅍	⿰夹力
𰅎	⿰力行
𰅏	⿱加卢
𰅐	⿱𭒹皿
𰅑	⿰⿱井田力
𰅒	⿱狠力
𰅓	⿱既力
𰅔	⿰虑力
𰅕	⿰曹力
𰅖	⿰裂力
𰅗	⿰力犂
𰅘	⿱助宗
𰅙	⿰弄動
𰅚	⿱加應
𰅛	⿹勹八
𰅜	⿱勿囙
𰅝	⿺色勺
𰅞	⿱伏包
𰅟	⿺包共
𰅠	⿱独包
𰅡	⿰才匕
𰅢	⿱比欠
𰅣	⿺克北
𰅤	⿷匚禾
𰅥	⿷匚卖
𰅦	⿷匚单
𰅧	⿷匚相
𰅨	⿷匚斬
𰅩	⿷匚䝿
𰅪	⿷匚支
𰅫	⿷匚夘
𰅬	⿷匚𠱀
𰅭	⿱八十
𰅮	⿱乃十
𰅯	⿱𰀰十
𰅰	⿱十⿴𠀃丨
𰅱	⿱凶十
𰅲	⿱世十
𰅳	⿱𡗜十
𰅴	⿱十𰋙
𰅵	⿱匕𰅱
𰅶	⿱古巴
𰅷	⿰十⿱巛止
𰅸	⿰十長
𰅹	⿱𰅰双
𰅺	⿰贯千
𰅻	⿰华甲
𰅼	⿰半杰
𰅽	⿰甚⿸⿽廾丶丶
𰅾	⿰旁升
𰅿	⿰半彭
𰆀	⿱南南
𰆁	⿰升墓
𰆂	⿱南⿰南南
𰆃	⿱⺊因
𰆄	⿱⿰⿱⺊日丨厂
𰆅	⿴占𠮛
𰆆	⿱⺊⿵𠘨⿱一巿
𰆇	⿳⺊𠕀⿱⺊𠕀
𰆈	⿱⺊⿵𠘨⿱公天
𰆉	⿰⿱⺊𠕁⿱又耳
𰆊	⿹𠃌丨
𰆋	⿰卩卩
𰆌	⿱日𰆊
𰆍	⿰午卩
𰆎	⿰月卪
𰆏	⿱自𰆊
𰆐	⿱里𰆊
𰆑	⿱者𰆊
𰆒	⿱秋𰆊
𰆓	⿰𣷚卪
𰆔	⿰韋卵
𰆕	⿸厂义
𰆖	⿸厂元
𰆗	⿸厂文
𰆘	⿸厂生
𰆙	⿸厂来
𰆚	⿸厂佥
𰆛	⿰压屯
𰆜	⿸厂叔
𰆝	⿸厂昘
𰆞	⿸厂⿱臼九
𰆟	⿸厂𦙊
𰆠	⿰压艮
𰆡	⿸厂㰪
𰆢	⿸厂⿰圭殳
𰆣	⿸厂⿰圭𠬝
𰆤	⿸厂殷
𰆥	⿸厂⿱立电
𰆦	⿸厂⿰𫧠刀
𰆧	⿰𠩓句
𰆨	⿸厂⿱共⿻王丷
𰆩	⿸厂⿰⿱㇒⿻二丿長
𰆪	⿸厂𤡜
𰆫	⿰压盖
𰆬	⿰原原
𰆭	⿱厶凡
𰆮	⿳厶大元
𰆯	⿰去里
𰆰	⿱𫡏又
𰆱	⿰不又
𰆲	⿰㞢又
𰆳	⿰又化
𰆴	⿱卞又
𰆵	⿺及十
𰆶	⿰又𠁣
𰆷	⿱又𡯇
𰆸	⿱目又
𰆹	⿰由又
𰆺	⿱乍又
𰆻	⿰又圭
𰆼	⿰𠬝𠬝
𰆽	⿱双勾
𰆾	⿺及立
𰆿	⿱从㞋
𰇀	⿰⿳⿱⺊冖一贝又
𰇁	⿰叉参
𰇂	⿳爫耳又
𰇃	⿱叒兆
𰇄	⿰复反
𰇅	⿱双⿰布布
𰇆	⿰叠𠬶
𰇇	⿰口二
𰇈	⿱𠮦𠃍
𰇉	⿱弓口
𰇊	⿰口专
𰇋	⿱丹口
𰇌	⿱升口
𰇍	⿱双口
𰇎	⿰口东
𰇏	⿰口目
𰇐	⿰口田
𰇑	⿱册口
𰇒	⿰口仡
𰇓	⿰口市
𰇔	⿱夫𠮟
𰇕	⿰口夹
𰇖	⿰口动
𰇗	⿰口扣
𰇘	⿰口则
𰇙	⿱丹𠮟
𰇚	⿰吹卜
𰇛	⿰口伏
𰇜	⿰口気
𰇝	⿱之叹
𰇞	⿱口刘
𰇟	⿱丶⿵冂⿱⺌口
𰇠	⿱加仑
𰇡	⿰口纥
𰇢	⿰口𰗑
𰇣	⿰口戏
𰇤	⿱石𠮟
𰇥	⿰口迈
𰇦	⿱吐屯
𰇧	⿰口块
𰇨	⿱只𠮟
𰇩	⿱貝口
𰇪	⿱吅中
𰇫	⿱吅巴
𰇬	⿰口卵
𰇭	⿳宀𰋵口
𰇮	⿰及合
𰇯	⿱那口
𰇰	⿰口𰍱
𰇱	⿰号后
𰇲	⿰口贪
𰇳	⿰口兔
𰇴	⿰合立
𰇵	⿰口所
𰇶	⿱口㚔
𰇷	⿰口放
𰇸	⿰口盲
𰇹	⿱口法
𰇺	⿱庚口
𰇻	⿰口承
𰇼	⿰口参
𰇽	⿰口虱
𰇾	⿱司同
𰇿	⿱豆𠮟
𰈀	⿱走𠮟
𰈁	⿰口挑
𰈂	⿰口致
𰈃	⿰口指
𰈄	⿰口拾
𰈅	⿱囬𠮟
𰈆	⿰口览
𰈇	⿰口尝
𰈈	⿰口𧆞
𰈉	⿰口背
𰈊	⿰口点
𰈋	⿰口独
𰈌	⿱沙𠮟
𰈍	⿰口亲
𰈎	⿰口𡧯
𰈏	⿰口盈
𰈐	⿰口⿱巛㐫
𰈑	⿱其𠮟
𰈒	⿰口恧
𰈓	⿰口监
𰈔	⿰口圂
𰈕	⿱所𠮟
𰈖	⿱非𠮟
𰈗	⿱知𠮟
𰈘	⿰口徐
𰈙	⿰口航
𰈚	⿰口宾
𰈛	⿺良后
𰈜	⿱初向
𰈝	⿰口孭
𰈞	⿰叫争
𰈟	⿰吞吞
𰈠	⿱恠𠮟
𰈡	⿰口敝
𰈢	⿰口笪
𰈣	⿰口⿲亻丨⿱夂⺝
𰈤	⿰口笠
𰈥	⿰口脱
𰈦	⿰口盒
𰈧	⿱船口
𰈨	⿰口逢
𰈩	⿰吞咒
𰈪	⿰口惑
𰈫	⿰⿳一巛⿱口土古
𰈬	⿰口㖾
𰈭	⿰口𤊙
𰈮	⿰口缂
𰈯	⿰口献
𰈰	⿰口暖
𰈱	⿰口歃
𰈲	⿰口鉄
𰈳	⿱⿰⿱𠂉方古冋
𰈴	⿱麻𠮟
𰈵	⿱冨𠮟
𰈶	⿰口缚
𰈷	⿱都𠮟
𰈸	⿰口聚
𰈹	⿰口辢
𰈺	⿱皷口
𰈻	⿰單包
𰈼	⿰口領
𰈽	⿰吝桀
𰈾	⿰口𩾵
𰈿	⿰口⿱𣦼卑
𰉀	⿰口價
𰉁	⿰口颜
𰉂	⿰口敵
𰉃	⿲口氵蒪
𰉄	⿰口赞
𰉅	⿰口鋼
𰉆	⿰口擰
𰉇	⿰喜肯
𰉈	⿰魯古
𰉉	⿰口鮮
𰉊	⿰口罈
𰉋	⿰口麌
𰉌	⿰口⿱龍下
𰉍	⿴囗今
𰉎	⿴囗爿
𰉏	⿴囗占
𰉐	⿱四三
𰉑	⿴囗㚔
𰉒	⿱夾回
𰉓	⿴囗𰇶
𰉔	⿴囗項
𰉕	⿱土𠃍
𰉖	⿰土匚
𰉗	⿻丷土
𰉘	⿰土韦
𰉙	⿰土冈
𰉚	⿰土见
𰉛	⿱夭土
𰉜	⿱土今
𰉝	⿱土毛
𰉞	⿰土引
𰉟	⿰土北
𰉠	⿰土叐
𰉡	⿰土冬
𰉢	⿱立土
𰉣	⿰土𠬤
𰉤	⿱皮土
𰉥	⿰土夹
𰉦	⿰土有
𰉧	⿸厌土
𰉨	⿰土𡴀
𰉩	⿰土乔
𰉪	⿰土华
𰉫	⿰土仰
𰉬	⿰土夙
𰉭	⿱土旬
𰉮	⿰土束
𰉯	⿱成土
𰉰	⿰土𰅴
𰉱	⿰土佥
𰉲	⿰土免
𰉳	⿰土⿸𠂆⿱一巿
𰉴	⿰土穷
𰉵	⿰土尾
𰉶	⿰土呇
𰉷	⿰⿱土古土
𰉸	⿱兓土
𰉹	⿱松土
𰉺	⿰土匊
𰉻	⿰土受
𰉼	⿱朋土
𰉽	⿰土学
𰉾	⿰土夜
𰉿	⿱允𪢾
𰊀	⿱始土
𰊁	⿰土柝
𰊂	⿰土带
𰊃	⿰土⿱王皿
𰊄	⿰土省
𰊅	⿰土𫥎
𰊆	⿰土沗
𰊇	⿱洉土
𰊈	⿱将土
𰊉	⿱𠗒土
𰊊	⿰土兹
𰊋	⿰土𡱞
𰊌	⿱⿰土𡰱土
𰊍	⿰土袁
𰊎	⿰在吾
𰊏	⿰土⿱⿰万口木
𰊐	⿰土畟
𰊑	⿰土监
𰊒	⿰土⿱艹𡰱
𰊓	⿰土⿱罒电
𰊔	⿰土息
𰊕	⿰灻同
𰊖	⿱㳭土
𰊗	⿳⿱士冖癶土
𰊘	⿰土孫
𰊙	⿱殻土
𰊚	⿰土𦰩
𰊛	⿰土匮
𰊜	⿰土責
𰊝	⿰土⿱𥃭木
𰊞	⿰土卨
𰊟	⿰土𬜯
𰊠	⿰土常
𰊡	⿰土阎
𰊢	⿱渐土
𰊣	⿱淡土
𰊤	⿸庶土
𰊥	⿰土問
𰊦	⿰土喜
𰊧	⿰土⿱直木
𰊨	⿰土閑
𰊩	⿱⿰𠱸口土
𰊪	⿳吅臣土
𰊫	⿰土筆
𰊬	⿰土翕
𰊭	⿺辶⿰斤坚
𰊮	⿰土畬
𰊯	⿱復土
𰊰	⿱𭎌豆
𰊱	⿰土就
𰊲	⿱⿰⿱由方攵土
𰊳	⿺堯夭
𰊴	⿰雷土
𰊵	⿱堆立
𰊶	⿱萬土
𰊷	⿰土黽
𰊸	⿰土廈
𰊹	⿰土碩
𰊺	⿰土嘗
𰊻	⿰土賣
𰊼	⿰土膚
𰊽	⿱𱿒土
𰊾	⿰土𡼡
𰊿	⿱𢿐土
𰋀	⿰土畿
𰋁	⿱⿰戞斗土
𰋂	⿰土⿳艹⿱丶𠫔⿱王収
𰋃	⿰土燮
𰋄	⿰土翼
𰋅	⿰土簿
𰋆	⿰土黨
𰋇	⿺堯榮
𰋈	⿱士㓀
𰋉	⿱壵一
𰋊	⿰百壳
𰋋	⿰壴冬
𰋌	⿰声巠
𰋍	⿰⿱⿱士冖几聖
𰋎	⿱夂豕
𰋏	⿱⿹勹⿱一吕夊
𰋐	⿰多九
𰋑	⿰多共
𰋒	⿰多𪵩
𰋓	⿰多足
𰋔	⿰多⿱圥土
𰋕	⿰多宗
𰋖	⿰娄多
𰋗	⿰梦乐
𰋘	⿰密多
𰋙	⿻𠀃人
𰋚	⿰工大
𰋛	⿱大长
𰋜	⿻大⿰㐅㐅
𰋝	⿱巨大
𰋞	⿱大正
𰋟	⿱天天
𰋠	⿱𡗗屯
𰋡	⿱天犯
𰋢	⿰大男
𰋣	⿰失失
𰋤	⿺𡗱攴
𰋥	⿱𥝢大
𰋦	⿰夾及
𰋧	⿱炏大
𰋨	⿱珀大
𰋩	⿱𭑈天
𰋪	⿱天拉
𰋫	⿱独大
𰋬	⿰谷头
𰋭	⿱天星
𰋮	⿱天乹
𰋯	⿱天旁
𰋰	⿰头則
𰋱	⿰荅头
𰋲	⿺𡗱屏
𰋳	⿱大叠
𰋴	⿰奚奚
𰋵	⿺女丶
𰋶	⿰女力
𰋷	⿱𭕄女
𰋸	⿰女𠃓
𰋹	⿰女专
𰋺	⿰女火
𰋻	⿰女𠃜
𰋼	⿰女叐
𰋽	⿸厌女
𰋾	⿰女毕
𰋿	⿰女百
𰌀	⿱𫇦女
𰌁	⿰女𡵂
𰌂	⿰女贞
𰌃	⿰女企
𰌄	⿰女达
𰌅	⿱把女
𰌆	⿱斩女
𰌇	⿰女责
𰌈	⿰女直
𰌉	⿰女黾
𰌊	⿰女兓
𰌋	⿰女門
𰌌	⿰壴女
𰌍	⿰女羍
𰌎	⿰女胎
𰌏	⿰女骨
𰌐	⿰女草
𰌑	⿱哺女
𰌒	⿰女恖
𰌓	⿱奶闹
𰌔	⿰女料
𰌕	⿰娄巨
𰌖	⿰女寍
𰌗	⿰好美
𰌘	⿱鼓女
𰌙	⿰女赖
𰌚	⿱𢾕女
𰌛	⿰女鼄
𰌜	⿰子才
𰌝	⿰子乇
𰌞	⿳二八子
𰌟	⿰子云
𰌠	⿱子止
𰌡	⿰子攴
𰌢	⿰子丑
𰌣	⿰子矢
𰌤	⿰子令
𰌥	⿰子宁
𰌦	⿰子亚
𰌧	⿰子而
𰌨	⿰子肖
𰌩	⿱來子
𰌪	⿰子其
𰌫	⿰子奈
𰌬	⿰子冒
𰌭	⿰子彦
𰌮	⿰山孫
𰌯	⿰子累
𰌰	⿰官学
𰌱	⿱㞌𡥷
𰌲	⿰孝道
𰌳	⿱宀巜
𰌴	⿱宀三
𰌵	⿱宀叉
𰌶	⿱宀不
𰌷	⿱宀为
𰌸	⿱宀尹
𰌹	⿱宀卉
𰌺	⿱宀叩
𰌻	⿱宀在
𰌼	⿱宀百
𰌽	⿱宀如
𰌾	⿱𡧊止
𰌿	⿱宀巠
𰍀	⿱宀住
𰍁	⿺完牛
𰍂	⿱宀杸
𰍃	⿱宀卹
𰍄	⿱宀阜
𰍅	⿱宀屈
𰍆	⿳宀⿱一𡭔⿻冄丨
𰍇	⿱宀某
𰍈	⿱宀祋
𰍉	⿱𡨄了
𰍊	⿱宀若
𰍋	⿱宀怱
𰍌	⿱宀洪
𰍍	⿱宀恰
𰍎	⿰𰀈定
𰍏	⿱宀原
𰍐	⿱𡨄彡
𰍑	⿺完杀
𰍒	⿱𰌼木
𰍓	⿱宀眔
𰍔	⿱宀羔
𰍕	⿱宀⿰衤攴
𰍖	⿱宀𢚘
𰍗	⿳宀羽木
𰍘	⿱宀𣶃
𰍙	⿱宀⿰衤𪠲
𰍚	⿰安罗
𰍛	⿺克官
𰍜	⿱宀集
𰍝	⿰𡧱孝
𰍞	⿱宀⿰禹攵
𰍟	⿱宀艁
𰍠	⿱安淸
𰍡	⿰寧六
𰍢	⿰容容
𰍣	⿰臂宅
𰍤	⿰𦚏寬
𰍥	⿰𧈧寺
𰍦	⿰寻某
𰍧	⿰㇒亅
𰍨	⿰亅丶
𰍩	⿱𡭔人
𰍪	⿱止小
𰍫	⿱𡭔衣
𰍬	⿰意少
𰍭	⿰兀生
𰍮	⿺尢安
𰍯	⿰早尤
𰍰	⿸尸一
𰍱	⿸尸专
𰍲	⿸尸六
𰍳	⿸尸⿹𠃌火
𰍴	⿰尿乙
𰍵	⿰只尺
𰍶	⿸尸行
𰍷	⿸尸㐫
𰍸	⿸尸技
𰍹	⿸尸車
𰍺	⿺尾大
𰍻	⿸尸坔
𰍼	⿺尼夺
𰍽	⿸尸抦
𰍾	⿸尸㟀
𰍿	⿸尸𠚏
𰎀	⿰尺审
𰎁	⿸尸粍
𰎂	⿰尿尾
𰎃	⿰屋多
𰎄	⿺尾來
𰎅	⿺尾昌
𰎆	⿸尸微
𰎇	⿰善尾
𰎈	⿳屮⿻双人个
𰎉	⿱山弓
𰎊	⿱切山
𰎋	⿱山⺝
𰎌	⿰山从
𰎍	⿰山允
𰎎	⿱山龙
𰎏	⿰山东
𰎐	⿰山卢
𰎑	⿱山业
𰎒	⿱山白
𰎓	⿱山幼
𰎔	⿱山尧
𰎕	⿰丁岜
𰎖	⿱山则
𰎗	⿱山刖
𰎘	⿱山⿷⿸⿻口丿乚丶
𰎙	⿱山伋
𰎚	⿰后山
𰎛	⿰山会
𰎜	⿱山交
𰎝	⿰山军
𰎞	⿰山农
𰎟	⿱山夾
𰎠	⿱山严
𰎡	⿱山㺯
𰎢	⿰山围
𰎣	⿱⿰戶弋山
𰎤	⿱山𢗑
𰎥	⿰山坴
𰎦	⿱山欧
𰎧	⿱阜山
𰎨	⿱⿰禾丸山
𰎩	⿱山厚
𰎪	⿰山⿱支目
𰎫	⿱山狱
𰎬	⿱拜山
𰎭	⿱山亮
𰎮	⿱山𢙣
𰎯	⿱𡹐乃
𰎰	⿰山屑
𰎱	⿰山崩
𰎲	⿰山將
𰎳	⿰山堂
𰎴	⿰⿱山尸麦
𰎵	⿰山㖾
𰎶	⿱山㖾
𰎷	⿱山𱂥
𰎸	⿰山善
𰎹	⿱山献
𰎺	⿰山感
𰎻	⿳山一⿵戊⿱土正
𰎼	⿱山歐
𰎽	⿱屾愕
𰎾	⿰山徵
𰎿	⿱屾嗟
𰏀	⿰山餐
𰏁	⿰山赞
𰏂	⿰山巖
𰏃	⿰川亘
𰏄	⿱巛早
𰏅	⿰巠孚
𰏆	⿳甾冖用
𰏇	⿰左乙
𰏈	⿰工戈
𰏉	⿱巧九
𰏊	⿰工厷
𰏋	⿰工右
𰏌	⿰左西
𰏍	⿰左崖
𰏎	⿰差争
𰏏	⿰君巳
𰏐	⿱林己
𰏑	⿰刀巾
𰏒	⿰巾巾
𰏓	⿰巾乌
𰏔	⿰巾亢
𰏕	⿰巾戋
𰏖	⿰巾乏
𰏗	⿱巾𰏒
𰏘	⿱八⿻⿵冂⿰𰀪⿱㇏㇏丨
𰏙	⿰𠂤巿
𰏚	⿰带才
𰏛	⿰帀甾
𰏜	⿰巾娄
𰏝	⿰帛外
𰏞	⿱⿰幸丸巾
𰏟	⿰巾阑
𰏠	⿰巾楚
𰏡	⿰布憑
𰏢	⿰干山
𰏣	⿰丁平
𰏤	⿱从开
𰏥	⿰介年
𰏦	⿰平平
𰏧	⿰卢年
𰏨	⿰平乒
𰏩	⿰壴干
𰏪	⿱枯干
𰏫	⿰年合
𰏬	⿱品平
𰏭	⿰虚干
𰏮	⿰幸匊
𰏯	⿱幺儿
𰏰	⿰幺⿹𠃌一
𰏱	⿰𠂈⿱幺王
𰏲	⿸广马
𰏳	⿸广申
𰏴	⿸广𢆉
𰏵	⿰光广
𰏶	⿸广会
𰏷	⿸广𣏈
𰏸	⿸广囬
𰏹	⿸广奉
𰏺	⿸广知
𰏻	⿸广波
𰏼	⿸广带
𰏽	⿸广⿱夹土
𰏾	⿸广殷
𰏿	⿸广連
𰐀	⿸广𧙍
𰐁	⿸广朗
𰐂	⿰度多
𰐃	⿸广⿱⿻土从皿
𰐄	⿰度近
𰐅	⿰廋本
𰐆	⿸廌癸
𰐇	⿱上廾
𰐈	⿱女廾
𰐉	⿱比廾
𰐊	⿱列开
𰐋	⿰回开
𰐌	⿱棥廾
𰐍	⿰甲弋
𰐎	⿹弋旱
𰐏	⿹弋角
𰐐	⿹弋言
𰐑	⿹弋習
𰐒	⿹弋㫺
𰐓	⿰弓𠮡
𰐔	⿰弓旦
𰐕	⿱比弗
𰐖	⿱弗牙
𰐗	⿰弓甫
𰐘	⿰弓⿱𠮡力
𰐙	⿰弓武
𰐚	⿰弓鱼
𰐛	⿰弓𦍑
𰐜	⿰弓耑
𰐝	⿰弗甫
𰐞	⿰弓亰
𰐟	⿰弓莫
𰐠	⿺元弹
𰐡	⿰弯貨
𰐢	⿺逵弯
𰐣	⿱𫜹拉
𰐤	⿱甡⺕
𰐥	⿱彐粉
𰐦	⿰牜彡
𰐧	⿰立彡
𰐨	⿰并彡
𰐩	⿰豸彡
𰐪	⿰吝彡
𰐫	⿰娄彡
𰐬	⿰彳川
𰐭	⿰彳白
𰐮	⿰彳𥃭
𰐯	⿰彳呆
𰐰	⿰彳？
𰐱	⿰彳叔
𰐲	⿰彳昏
𰐳	⿰彳⿱刀羊
𰐴	⿰彳致
𰐵	⿰彳咼
𰐶	⿰彳⿳幺夊止
𰐷	⿰彳曼
𰐸	⿰彳⿳日𢆶土
𰐹	⿰彳⿳尗田壬
𰐺	⿱乙心
𰐻	⿱几心
𰐼	⿱人心
𰐽	⿱凡心
𰐾	⿰忄广
𰐿	⿰忄𠃓
𰑀	⿳又亅心
𰑁	⿰忄专
𰑂	⿰忄冈
𰑃	⿰忄日
𰑄	⿰忄仑
𰑅	⿰忄从
𰑆	⿱牛心
𰑇	⿰必于
𰑈	⿱巴心
𰑉	⿱⿶凵又心
𰑊	⿰忄𰀈
𰑋	⿱巨心
𰑌	⿰忄𰋙
𰑍	⿰忄另
𰑎	⿱入志
𰑏	⿰忄它
𰑐	⿰忄兰
𰑑	⿳丷𫜹心
𰑒	⿱必心
𰑓	⿱𣫬心
𰑔	⿱执心
𰑕	⿸厌心
𰑖	⿰忄年
𰑗	⿰必史
𰑘	⿰忄羊
𰑙	⿰忄刘
𰑚	⿰忄守
𰑛	⿰忄㡯
𰑜	⿱成心
𰑝	⿰忄𰅴
𰑞	⿰忄𫹯
𰑟	⿱贡心
𰑠	⿰忄呆
𰑡	⿱坚心
𰑢	⿱身心
𰑣	⿱告心
𰑤	⿰忄宏
𰑥	⿰忄𫔮
𰑦	⿰忄应
𰑧	⿱斩心
𰑨	⿱玩心
𰑩	⿱松心
𰑪	⿰忄黾
𰑫	⿰忄罗
𰑬	⿰忄质
𰑭	⿱⿰氏攵心
𰑮	⿰忄放
𰑯	⿰忄⿱厶𠇍
𰑰	⿰忄勃
𰑱	⿰忄厚
𰑲	⿱𱖤心
𰑳	⿰忄南
𰑴	⿱⿰亓亓必
𰑵	⿱带心
𰑶	⿱星心
𰑷	⿱勉心
𰑸	⿸广𫺁
𰑹	⿰忄前
𰑺	⿰忄活
𰑻	⿱立忠
𰑼	⿱不𢙣
𰑽	⿰忄⿱𡭔貝
𰑾	⿰忄荔
𰑿	⿰忄党
𰒀	⿰忄馬
𰒁	⿱愁𠃍
𰒂	⿰忄𢘿
𰒃	⿱旂心
𰒄	⿱料心
𰒅	⿰忄雪
𰒆	⿰忄𬜯
𰒇	⿲忄亻⿱左⺝
𰒈	⿰忄郭
𰒉	⿰忄㝡
𰒊	⿱許心
𰒋	⿰忄硬
𰒌	⿱⿰耳兇心
𰒍	⿱⿰⿱⿱士冖口殳心
𰒎	⿰忄集
𰒏	⿰忄欽
𰒐	⿰忄着
𰒑	⿰忄𠔥
𰒒	⿱滞心
𰒓	⿰忄疏
𰒔	⿰忄勣
𰒕	⿰愄戈
𰒖	⿱𬥈心
𰒗	⿰忄兢
𰒘	⿱殸志
𰒙	⿰忄滿
𰒚	⿰意可
𰒛	⿱⿰木殻心
𰒜	⿰恶泉
𰒝	⿱𣗥必
𰒞	⿰忄巤
𰒟	⿰忄𲁌
𰒠	⿰谷愚
𰒡	⿰忄霝
𰒢	⿰忄篾
𰒣	⿳宀𨾴心
𰒤	⿰不戈
𰒥	⿱⿿戈戈
𰒦	⿹戈冬
𰒧	⿹戈⿰夕又
𰒨	⿹⿽戈幺人
𰒩	⿹戈早
𰒪	⿰豆戈
𰒫	⿹戈旾
𰒬	⿰占𭟲
𰒭	⿹戈則
𰒮	⿰戍束
𰒯	⿰⿷匚炎戈
𰒰	⿰啇戈
𰒱	⿰巢戈
𰒲	⿱或或
𰒳	⿰戍奚
𰒴	⿰房风
𰒵	⿰户商
𰒶	⿰房房
𰒷	⿰扌七
𰒸	⿰扌卩
𰒹	⿰扌乜
𰒺	⿰扌刁
𰒻	⿰手了
𰒼	⿰扌三
𰒽	⿰扌万
𰒾	⿱打丁
𰒿	⿰扌匹
𰓀	⿰扌𢆰
𰓁	⿰手比
𰓂	⿰手戈
𰓃	⿰手友
𰓄	⿰扌长
𰓅	⿱氏手
𰓆	⿰扌乌
𰓇	⿰手之
𰓈	⿰手户
𰓉	⿱文手
𰓊	⿰扌办
𰓋	⿰扌𠁣
𰓌	⿰扌𰀉
𰓍	⿰手甘
𰓎	⿰手可
𰓏	⿰手右
𰓐	⿰扌史
𰓑	⿰手甲
𰓒	⿰手电
𰓓	⿰扌屳
𰓔	⿰扌闪
𰓕	⿰扌头
𰓖	⿰手弗
𰓗	⿰扌压
𰓘	⿰扌巩
𰓙	⿸厌手
𰓚	⿰手存
𰓛	⿱划手
𰓜	⿰扌节
𰓝	⿰扌师
𰓞	⿰扌舟
𰓟	⿰扌杂
𰓠	⿰扌伝
𰓡	⿰扌伊
𰓢	⿰扌𰃝
𰓣	⿰扌𰌵
𰓤	⿰扌许
𰓥	⿰扌庅
𰓦	⿰手穵
𰓧	⿰扌孙
𰓨	⿰扌𰗑
𰓩	⿰扌弛
𰓪	⿰手聿
𰓫	⿰扌匣
𰓬	⿰扌丽
𰓭	⿰扌𫹯
𰓮	⿱打末
𰓯	⿰手束
𰓰	⿰手夾
𰓱	⿰扌坚
𰓲	⿱别手
𰓳	⿰扌⿸𠂋帀
𰓴	⿰扌⿹勹玉
𰓵	⿰手夆
𰓶	⿱利手
𰓷	⿰扌闰
𰓸	⿰扌启
𰓹	⿰扌𠦑
𰓺	⿰扌卧
𰓻	⿰扌规
𰓼	⿰扌斩
𰓽	⿰手昔
𰓾	⿰扌𡶩
𰓿	⿰扌些
𰔀	⿰手花
𰔁	⿰扌⿸𠂆尗
𰔂	⿰𢬈刂
𰔃	⿰手法
𰔄	⿱承手
𰔅	⿰手亟
𰔆	⿰扌面
𰔇	⿰扌带
𰔈	⿰扌哉
𰔉	⿰扌⿱龶皿
𰔊	⿰手枼
𰔋	⿰扌贵
𰔌	⿰手若
𰔍	⿺抓占
𰔎	⿰扌⿱夭氺
𰔏	⿰扌⿱穴㕛
𰔐	⿰手為
𰔑	⿰手建
𰔒	⿰扌匪
𰔓	⿰扌破
𰔔	⿰扌烈
𰔕	⿱𣪊手
𰔖	⿰扌适
𰔗	⿰折尖
𰔘	⿰抈羽
𰔙	⿰手般
𰔚	⿰扌冤
𰔛	⿰扌料
𰔜	⿰扌衰
𰔝	⿰扌𭆞
𰔞	⿰扌⿱厶麦
𰔟	⿰手執
𰔠	⿰扌崗
𰔡	⿰扌略
𰔢	⿰扌貧
𰔣	⿰扌貪
𰔤	⿰扌斍
𰔥	⿱独打
𰔦	⿰扌舜
𰔧	⿰扌筑
𰔨	⿰扌𥥽
𰔩	⿰扌⿸广⿱龶皿
𰔪	⿰扌楚
𰔫	⿰扌頓
𰔬	⿰扌𤊽
𰔭	⿰扌勤
𰔮	⿰扌腮
𰔯	⿰扌⿱⿰夕目𡗜
𰔰	⿰手楽
𰔱	⿰扌道
𰔲	⿰扌骞
𰔳	⿰扌奪
𰔴	⿰扌関
𰔵	⿱摇云
𰔶	⿱舆手
𰔷	⿰扌⿸广畢
𰔸	⿰扌慝
𰔹	⿰扌德
𰔺	⿰扌篤
𰔻	⿰扌⿱爫⿵冂⿲幺丨䖝
𰔼	⿰扌⿸𢉖糸
𰔽	⿰手雚
𰔾	⿰拿提
𰔿	⿰手羅
𰕀	⿺支巛
𰕁	⿺支寻
𰕂	⿰支竒
𰕃	⿰丂攴
𰕄	⿰犬攵
𰕅	⿰区攴
𰕆	⿰方攴
𰕇	⿰弁攵
𰕈	⿰乔攵
𰕉	⿰医攴
𰕊	⿰孚攵
𰕋	⿰尙攴
𰕌	⿰隹攵
𰕍	⿱放中
𰕎	⿰育攵
𰕏	⿰𰙠攵
𰕐	⿰⿳⿱⺊冖一贝攴
𰕑	⿰𱒱攵
𰕒	⿰堂攴
𰕓	⿰㣎攵
𰕔	⿰⿱从𡊦攵
𰕕	⿰童攵
𰕖	⿰⿱𦔻壬攵
𰕗	⿰鼎攵
𰕘	⿰膚攴
𰕙	⿰龜攵
𰕚	⿰生文
𰕛	⿱弱文
𰕜	⿰算文
𰕝	⿰午斤
𰕞	⿰斤卞
𰕟	⿰⿸尸市斤
𰕠	⿰𰆄斤
𰕡	⿰⿱幺言斤
𰕢	⿰荳斤
𰕣	⿰單斤
𰕤	⿰⿱𣥜止斤
𰕥	⿰單⿱𠂉斤
𰕦	⿰暮新
𰕧	⿰方弗
𰕨	⿰方兆
𰕩	⿰方肖
𰕪	⿰方孚
𰕫	⿰方良
𰕬	⿰方⿱𠂉早
𰕭	⿰方⿱𠂉会
𰕮	⿰方⿱𠂉𠇦
𰕯	⿱旋小
𰕰	⿰⿰丨丿无
𰕱	⿰日丂
𰕲	⿰⿰丶丿日
𰕳	⿰日孑
𰕴	⿰早七
𰕵	⿰日历
𰕶	⿰日殳
𰕷	⿰日介
𰕸	⿰日正
𰕹	⿰旱力
𰕺	⿰日𰀈
𰕻	⿰日甲
𰕼	⿰日申
𰕽	⿱母日
𰕾	⿱凥日
𰕿	⿱日西
𰖀	⿰早丑
𰖁	⿰日朿
𰖂	⿰日当
𰖃	⿱⿻从人日
𰖄	⿱日印
𰖅	⿰日先
𰖆	⿱丞日
𰖇	⿰日克
𰖈	⿰日严
𰖉	⿰日豆
𰖊	⿰昌丈
𰖋	⿳日夂仌
𰖌	⿰日狂
𰖍	⿰日東
𰖎	⿰日長
𰖏	⿰日连
𰖐	⿰日亞
𰖑	⿰日近
𰖒	⿰日昋
𰖓	⿰日实
𰖔	⿰日沓
𰖕	⿰日孟
𰖖	⿰日㪅
𰖗	⿱⿵𠆢一𫂵
𰖘	⿱⿰氏古日
𰖙	⿰日彥
𰖚	⿰日娄
𰖛	⿰日馬
𰖜	⿰日栽
𰖝	⿰日留
𰖞	⿰星对
𰖟	⿰日浪
𰖠	⿱日难
𰖡	⿰日貮
𰖢	⿰日敖
𰖣	⿰日𦲸
𰖤	⿰日常
𰖥	⿱眼日
𰖦	⿳昍冖号
𰖧	⿰日逢
𰖨	⿰智于
𰖩	⿱日离
𰖪	⿰日啇
𰖫	⿱奉明
𰖬	⿱日敦
𰖭	⿰日着
𰖮	⿰日巽
𰖯	⿰日遀
𰖰	⿺是取
𰖱	⿰日遂
𰖲	⿱僉日
𰖳	⿰星恼
𰖴	⿱慚日
𰖵	⿰日盡
𰖶	⿰日盤
𰖷	⿰暗安
𰖸	⿰日審
𰖹	⿰暑幸
𰖺	⿰日戴
𰖻	⿰日闌
𰖼	⿰日薯
𰖽	⿰日贊
𰖾	⿰日蠢
𰖿	⿱日往
𰗀	⿱𬎿𣄼
𰗁	⿱曲直
𰗂	⿰書青
𰗃	⿰曾魯
𰗄	⿱六⺝
𰗅	⿰月电
𰗆	⿰岁月
𰗇	⿰月⿱夭丁
𰗈	⿰有有
𰗉	⿰月京
𰗊	⿰月𨒙
𰗋	⿰月舀
𰗌	⿰月𠁅
𰗍	⿰月章
𰗎	⿰月莾
𰗏	⿰有堯
𰗐	⿻㐄𠆢
𰗑	⿱又木
𰗒	⿱木又
𰗓	⿰木广
𰗔	⿱牙木
𰗕	⿱𱼀木
𰗖	⿰木仑
𰗗	⿰木仍
𰗘	⿱𰀢木
𰗙	⿰木刍
𰗚	⿰木写
𰗛	⿰木𠬤
𰗜	⿸厌木
𰗝	⿰木𰅰
𰗞	⿱当木
𰗟	⿰木兇
𰗠	⿰木𢁙
𰗡	⿰木产
𰗢	⿰木军
𰗣	⿱𠅃木
𰗤	⿰木宇
𰗥	⿰木边
𰗦	⿰木尽
𰗧	⿱卣木
𰗨	⿰木时
𰗩	⿰果么
𰗪	⿱𠯫木
𰗫	⿰木⿱口丑
𰗬	⿰木迁
𰗭	⿳亠矛木
𰗮	⿰木宋
𰗯	⿰木罕
𰗰	⿲木己木
𰗱	⿰木迏
𰗲	⿰木𠧧
𰗳	⿰果王
𰗴	⿰木往
𰗵	⿰木审
𰗶	⿰木畄
𰗷	⿱穴呆
𰗸	⿰木承
𰗹	⿰木肃
𰗺	⿰木贲
𰗻	⿰木𱙎
𰗼	⿰木星
𰗽	⿰木昱
𰗾	⿰木𪿈
𰗿	⿱衍木
𰘀	⿰木带
𰘁	⿰木洗
𰘂	⿰木类
𰘃	⿲木矛予
𰘄	⿰木陋
𰘅	⿰木络
𰘆	⿰木⿱𪜌子
𰘇	⿱木鬲
𰘈	⿰木𰺅
𰘉	⿰未畏
𰘊	⿰果𠨿
𰘋	⿰果𠂬
𰘌	⿰木釡
𰘍	⿰木倩
𰘎	⿱杵色
𰘏	⿰木𣑱
𰘐	⿰柴文
𰘑	⿱料木
𰘒	⿱欮木
𰘓	⿱𫇦林
𰘔	⿰木祥
𰘕	⿳木𫜹⿹勹⿰䶹又
𰘖	⿰木⿱？氺
𰘗	⿰木敖
𰘘	⿰林忘
𰘙	⿱朽独
𰘚	⿱林来
𰘛	⿰木戝
𰘜	⿰木畧
𰘝	⿰木貧
𰘞	⿰杀查
𰘟	⿰木㣎
𰘠	⿰木阎
𰘡	⿱旋木
𰘢	⿰木㝡
𰘣	⿰木绵
𰘤	⿱尉木
𰘥	⿰木棘
𰘦	⿰未許
𰘧	⿰木喪
𰘨	⿺堯木
𰘩	⿰木萧
𰘪	⿰果房
𰘫	⿰木晴
𰘬	⿰果念
𰘭	⿱歮木
𰘮	⿰木棨
𰘯	⿰木絡
𰘰	⿰木弼
𰘱	⿱弼木
𰘲	⿰木陽
𰘳	⿰木赖
𰘴	⿰木𤊽
𰘵	⿰木⿱⿰土右皿
𰘶	⿰木稣
𰘷	⿰木塞
𰘸	⿰木数
𰘹	⿰木資
𰘺	⿱柱東
𰘻	⿱槽大
𰘼	⿱独条
𰘽	⿰木㬎
𰘾	⿱磊木
𰘿	⿰木曅
𰙀	⿰木閫
𰙁	⿰果莫
𰙂	⿰樂元
𰙃	⿱得果
𰙄	⿱？⿲木夕木
𰙅	⿱臨木
𰙆	⿱林⿴囗𥙊
𰙇	⿲束克束
𰙈	⿱？⿲木古木
𰙉	⿱𣘐𣘐
𰙊	⿰卆欠
𰙋	⿰乌欠
𰙌	⿰囙欠
𰙍	⿰⿱⿱士冖厶欠
𰙎	⿰佥欠
𰙏	⿰炅欠
𰙐	⿰⿳⺊目一欠
𰙑	⿰肃欠
𰙒	⿰⿱上米欠
𰙓	⿰⿱人镸欠
𰙔	⿰𤔄欠
𰙕	⿰娄欠
𰙖	⿰𭍠欠
𰙗	⿰舀欠
𰙘	⿰⿱合𠕁欠
𰙙	⿰⿳𣱵一回欠
𰙚	⿰丁止
𰙛	⿰正丁
𰙜	⿱刃止
𰙝	⿱止王
𰙞	⿱止𡈼
𰙟	⿱及止
𰙠	⿱丙止
𰙡	⿱止它
𰙢	⿱皮止
𰙣	⿰止民
𰙤	⿰正正
𰙥	⿱此反
𰙦	⿹𢦏止
𰙧	⿱吅止
𰙨	⿱⿱𦘒一止
𰙩	⿱𱐔止
𰙪	⿱⿳亠丷冖正
𰙫	⿱止幸
𰙬	⿱來止
𰙭	⿱止隹
𰙮	⿱卑止
𰙯	⿰𣥕戉
𰙰	⿰止食
𰙱	⿱止室
𰙲	⿱帝止
𰙳	⿱降止
𰙴	⿱鬲止
𰙵	⿱止高
𰙶	⿱𡨄正
𰙷	⿱啇止
𰙸	⿰正章
𰙹	⿱止絲
𰙺	⿱⿰舟頁止
𰙻	⿰里歴
𰙼	⿰歹三
𰙽	⿰歹𰅰
𰙾	⿰歹全
𰙿	⿰歹步
𰚀	⿰歹辛
𰚁	⿰歹章
𰚂	⿰歹賴
𰚃	⿰壴殳
𰚄	⿰⿱交小殳
𰚅	⿰軍殳
𰚆	⿰婁殳
𰚇	⿰啇殳
𰚈	⿰壺殳
𰚉	⿰⿳⿱士冖口𠕁殳
𰚊	⿰⿳业䒑𠔍殳
𰚋	⿱㲋丂
𰚌	⿰比度
𰚍	⿺毛门
𰚎	⿺毛比
𰚏	⿰不毛
𰚐	⿺毛厷
𰚑	⿺毛分
𰚒	⿺毛申
𰚓	⿺毛由
𰚔	⿰宁毛
𰚕	⿺毛召
𰚖	⿱共毛
𰚗	⿰并毛
𰚘	⿺毛孛
𰚙	⿺毛来
𰚚	⿺毛何
𰚛	⿺毛寽
𰚜	⿺毛孚
𰚝	⿺毛言
𰚞	⿰靑毛
𰚟	⿺毛㝵
𰚠	⿰宗毛
𰚡	⿺毛卒
𰚢	⿰咅毛
𰚣	⿺毛門
𰚤	⿰垔毛
𰚥	⿱𰨛⿸厂毛
𰚦	⿰娄毛
𰚧	⿺毛馬
𰚨	⿱勑毛
𰚩	⿰⿸辰寸毛
𰚪	⿰监毛
𰚫	⿱高毛
𰚬	⿺毛宾
𰚭	⿰⿱羽夬毛
𰚮	⿰𱳛毛
𰚯	⿰票毛
𰚰	⿱𱡘毛
𰚱	⿰盖毛
𰚲	⿺毛粪
𰚳	⿱𰁜毳
𰚴	⿺毛寧
𰚵	⿰韯毛
𰚶	⿰聶毛
𰚷	⿻己土
𰚸	⿰云民
𰚹	⿱央民
𰚺	⿱䡔氏
𰚻	⿹气匕
𰚼	⿹气云
𰚽	⿹气勿
𰚾	⿹气未
𰚿	⿹气目
𰛀	⿹气吉
𰛁	⿹气𡆬
𰛂	⿹气免
𰛃	⿹氛日
𰛄	⿰㇇亅
𰛅	⿰亅？
𰛆	⿱㇒⿴⿰⿱丶㇀⿱㇒丶亅
𰛇	⿰氵寸
𰛈	⿰氵上
𰛉	⿰氵门
𰛊	⿰氵马
𰛋	⿱水寸
𰛌	⿰氵耂
𰛍	⿰氵友
𰛎	⿰氵夫
𰛏	⿰氵从
𰛐	⿰水欠
𰛑	⿰氵㝉
𰛒	⿰氵东
𰛓	⿰氵𰀈
𰛔	⿰氵冭
𰛕	⿻𣄼水
𰛖	⿱𡗜⿴⿰⿱丶㇀⿱㇒丶亅
𰛗	⿰氵北
𰛘	⿰水史
𰛙	⿰目水
𰛚	⿰氵册
𰛛	⿰氵闪
𰛜	⿰氵⿰丨⿱？？
𰛝	⿰氵奴
𰛞	⿰汪力
𰛟	⿰氵⿻王八
𰛠	⿰氵死
𰛡	⿰氵毕
𰛢	⿰氵在
𰛣	⿱执水
𰛤	⿰氵节
𰛥	⿰氵岂
𰛦	⿰氵岁
𰛧	⿰氵尗
𰛨	⿰氵负
𰛩	⿰氵闯
𰛪	⿱𰁜水
𰛫	⿰氵扸
𰛬	⿰氵𰅴
𰛭	⿰氵坒
𰛮	⿰氵卤
𰛯	⿰氵禿
𰛰	⿰氵佐
𰛱	⿰氵迁
𰛲	⿰氵佥
𰛳	⿱㳄丈
𰛴	⿰氵皂
𰛵	⿰氵闲
𰛶	⿰汸子
𰛷	⿰氵㡀
𰛸	⿰氵㝎
𰛹	⿰氵忘
𰛺	⿰氵阴
𰛻	⿰氵灵
𰛼	⿰水甬
𰛽	⿰氵顶
𰛾	⿰來水
𰛿	⿰氵⿳⺊日又
𰜀	⿰氵肯
𰜁	⿰水昆
𰜂	⿺延水
𰜃	⿰氵𰇑
𰜄	⿰氵𥝞
𰜅	⿱侃水
𰜆	⿱水朋
𰜇	⿰水使
𰜈	⿰氵畄
𰜉	⿱炏水
𰜊	⿱㐭水
𰜋	⿰氵⿸尸永
𰜌	⿰氵𠜥
𰜍	⿰氵壴
𰜎	⿰𣵎力
𰜏	⿰水頁
𰜐	⿰氵览
𰜑	⿰氵𦭞
𰜒	⿰氵盅
𰜓	⿰氵𡬧
𰜔	⿰氵𣆊
𰜕	⿱汩皿
𰜖	⿱汭皿
𰜗	⿰氵品
𰜘	⿰氵⿱乍木
𰜙	⿰氵㔜
𰜚	⿱淮一
𰜛	⿻淮一
𰜜	⿰氵亲
𰜝	⿰氵养
𰜞	⿰氵穾
𰜟	⿰氵竒
𰜠	⿰氵恨
𰜡	⿰氵降
𰜢	⿰氵贺
𰜣	⿰氵𡱝
𰜤	⿰氵峑
𰜥	⿰氵⿱亓⿰丌丌
𰜦	⿰氵𤯅
𰜧	⿰汨吉
𰜨	⿰氵荐
𰜩	⿰氵恩
𰜪	⿰氵𥅌
𰜫	⿰氵逅
𰜬	⿰氵島
𰜭	⿰氵𱒱
𰜮	⿰氵斊
𰜯	⿱深力
𰜰	⿰氵⿱水聿
𰜱	⿰氵晢
𰜲	⿰氵𭍥
𰜳	⿰氵婴
𰜴	⿰氵莑
𰜵	⿰氵㽞
𰜶	⿰氵啓
𰜷	⿰氵第
𰜸	⿰氵𠋣
𰜹	⿰氵𨈡
𰜺	⿰氵笠
𰜻	⿰氵猎
𰜼	⿰氵㝡
𰜽	⿰氵盗
𰜾	⿱䒑𣷌
𰜿	⿰氵𥥪
𰝀	⿰氵⿳丷罒支
𰝁	⿰氵閉
𰝂	⿰氵㕘
𰝃	⿰氵雱
𰝄	⿱溤乃
𰝅	⿰氵⿱𫇦呂
𰝆	⿰氵⿱虫虫
𰝇	⿰氵𡍮
𰝈	⿰氵𥦕
𰝉	⿰曾水
𰝊	⿱涕目
𰝋	⿰氵隐
𰝌	⿱沸孚
𰝍	⿰氵翚
𰝎	⿰氵𦀎
𰝏	⿰氵𨳞
𰝐	⿰氵𡬶
𰝑	⿰氵載
𰝒	⿰氵楫
𰝓	⿰清史
𰝔	⿰氵搶
𰝕	⿰氵嗢
𰝖	⿰氵愚
𰝗	⿰氵简
𰝘	⿱淡出
𰝙	⿱邦清
𰝚	⿰氵𧟶
𰝛	⿰氵塹
𰝜	⿰氵厭
𰝝	⿰氵⿳万⿰万万皿
𰝞	⿰氵箫
𰝟	⿰氵鲜
𰝠	⿰氵寢
𰝡	⿰氵⿱安青
𰝢	⿰氵遷
𰝣	⿰淶告
𰝤	⿰湿页
𰝥	⿰沙莫
𰝦	⿰泊容
𰝧	⿰氵槩
𰝨	⿰氵翦
𰝩	⿰氵㢘
𰝪	⿱津𦙃
𰝫	⿰氵⿸尸焚
𰝬	⿰氵䨜
𰝭	⿰氵𪷂
𰝮	⿰氵磨
𰝯	⿰氵謁
𰝰	⿰氵⿱雨面
𰝱	⿰流校
𰝲	⿰氵⿱覀翔
𰝳	⿰氵𠖥
𰝴	⿰氵⿱宀翰
𰝵	⿰淦⿱雚又
𰝶	⿰火了
𰝷	⿱火工
𰝸	⿱才火
𰝹	⿱火𠚤
𰝺	⿰火久
𰝻	⿱千灬
𰝼	⿰火子
𰝽	⿱尤灬
𰝾	⿱火长
𰝿	⿰火午
𰞀	⿱之灬
𰞁	⿱丙灬
𰞂	⿱囘火
𰞃	⿰火北
𰞄	⿱央火
𰞅	⿱由灬
𰞆	⿱北乆
𰞇	⿰火𠬤
𰞈	⿰灰斗
𰞉	⿰火动
𰞊	⿰圭火
𰞋	⿰火夹
𰞌	⿰火托
𰞍	⿰火节
𰞎	⿱肉火
𰞏	⿰火团
𰞐	⿱朱火
𰞑	⿰火色
𰞒	⿰火危
𰞓	⿱𪢶火
𰞔	⿰火名
𰞕	⿱⿰犭丸火
𰞖	⿱⿰犭丸灬
𰞗	⿰火杂
𰞘	⿱行火
𰞙	⿱交火
𰞚	⿸产火
𰞛	⿰火𢇛
𰞜	⿱丞火
𰞝	⿰火𢑑
𰞞	⿱𢑑火
𰞟	⿱𤆎灬
𰞠	⿱抗灬
𰞡	⿱束灬
𰞢	⿰火均
𰞣	⿰火岑
𰞤	⿰火坚
𰞥	⿰火𡇂
𰞦	⿰火㣊
𰞧	⿱肘火
𰞨	⿱劬灬
𰞩	⿰火余
𰞪	⿱炏万
𰞫	⿱尾火
𰞬	⿰火⿱刀田
𰞭	⿰火⿱⺊⿴囗⿻㇒⺀
𰞮	⿰火昊
𰞯	⿱花灬
𰞰	⿰回灰
𰞱	⿰火虎
𰞲	⿱备灬
𰞳	⿰火鱼
𰞴	⿱非灬
𰞵	⿱炏反
𰞶	⿱宜灬
𰞷	⿰火参
𰞸	⿰火邵
𰞹	⿱波火
𰞺	⿰火政
𰞻	⿰火贲
𰞼	⿱拯灬
𰞽	⿱木𤇏
𰞾	⿰火若
𰞿	⿱战灬
𰟀	⿱冒灬
𰟁	⿰火信
𰟂	⿱炮灬
𰟃	⿰火宥
𰟄	⿰火阁
𰟅	⿱既火
𰟆	⿱𭚬灬
𰟇	⿱𢭳火
𰟈	⿱㫥灬
𰟉	⿱眧灬
𰟊	⿱党灬
𰟋	⿱烟云
𰟌	⿳田母灬
𰟍	⿰火爹
𰟎	⿱炎共
𰟏	⿰火益
𰟐	⿰火堇
𰟑	⿱共⿹⿺㇉三灬
𰟒	⿰火𧟪
𰟓	⿰火㒼
𰟔	⿰火造
𰟕	⿰火從
𰟖	⿰火欵
𰟗	⿱⿵𠆢一焸
𰟘	⿰火阎
𰟙	⿰火棊
𰟚	⿰幸炎
𰟛	⿱棥灬
𰟜	⿰火䙵
𰟝	⿱勒灭
𰟞	⿺堯火
𰟟	⿰火閏
𰟠	⿱㓕灬
𰟡	⿰火湯
𰟢	⿰火覚
𰟣	⿱楊火
𰟤	⿰火𤋯
𰟥	⿰⿱𡗜手炎
𰟦	⿰火愚
𰟧	⿰火⿰咠戈
𰟨	⿰火鼠
𰟩	⿱僉灬
𰟪	⿰火聚
𰟫	⿰火閣
𰟬	⿰火𥺤
𰟭	⿰火熒
𰟮	⿱滿灬
𰟯	⿱炏𠖐
𰟰	⿰火奭
𰟱	⿱歐灬
𰟲	⿰火寬
𰟳	⿱誰灬
𰟴	⿰煮東
𰟵	⿰火默
𰟶	⿰灰蒙
𰟷	⿱⿰并馬火
𰟸	⿰火險
𰟹	⿱隊炏
𰟺	⿰火⿱𤇾呆
𰟻	⿰火嚴
𰟼	⿺爪𢆰
𰟽	⿺爪台
𰟾	⿳爫内又
𰟿	⿱爫⿱冖月
𰠀	⿱爫呆
𰠁	⿰來爪
𰠂	⿳爫井手
𰠃	⿰固爪
𰠄	⿱爫卒
𰠅	⿺爪峦
𰠆	⿳爫龴⿵⿵冂八廾
𰠇	⿰初受
𰠈	⿰⿱爫幸夬
𰠉	⿳爫⿲吕糹吕十
𰠊	⿳爫⿲糹糹糹十
𰠋	⿱父龙
𰠌	⿰父戍
𰠍	⿱父叔
𰠎	⿰爿殳
𰠏	⿰爿㕛
𰠐	⿰爿勿
𰠑	⿰爿生
𰠒	⿰爿向
𰠓	⿰爿𦣻
𰠔	⿰爿⿱口王
𰠕	⿰爿𢇻
𰠖	⿰爿髙
𰠗	⿰丬子
𰠘	⿰丬𨒣
𰠙	⿰片爪
𰠚	⿰片方
𰠛	⿰片戋
𰠜	⿰片必
𰠝	⿰片发
𰠞	⿰片更
𰠟	⿰片靑
𰠠	⿰牙下
𰠡	⿰牙失
𰠢	⿰牙吉
𰠣	⿰好牙
𰠤	⿰牙告
𰠥	⿰牙賣
𰠦	⿰牜又
𰠧	⿱口牛
𰠨	⿸尸牛
𰠩	⿰牜支
𰠪	⿰牜厄
𰠫	⿰牜冈
𰠬	⿰牜孔
𰠭	⿰牜未
𰠮	⿰牜犮
𰠯	⿰牜左
𰠰	⿰牜灭
𰠱	⿰牜𰋙
𰠲	⿰牜𢀖
𰠳	⿰牜主
𰠴	⿰牜尧
𰠵	⿰牜良
𰠶	⿰牜⿱匇寸
𰠷	⿰牜隶
𰠸	⿰牜竒
𰠹	⿰牜罢
𰠺	⿱𥾸牛
𰠻	⿰牜畨
𰠼	⿰牜貴
𰠽	⿰子犬
𰠾	⿰犭千
𰠿	⿰犭分
𰡀	⿰匀犬
𰡁	⿰犭六
𰡂	⿰犭𰀈
𰡃	⿰犭未
𰡄	⿰犭卢
𰡅	⿰犭厺
𰡆	⿰犭用
𰡇	⿰犭外
𰡈	⿰犬且
𰡉	⿰犭亚
𰡊	⿰犭乔
𰡋	⿰犭军
𰡌	⿰犭舟
𰡍	⿰犭㚐
𰡎	⿰犭来
𰡏	⿰犭呙
𰡐	⿰犭员
𰡑	⿰犭亩
𰡒	⿰犭辛
𰡓	⿰犭亞
𰡔	⿰犭斩
𰡕	⿰犭析
𰡖	⿰犭𠱄
𰡗	⿰犭具
𰡘	⿰犭贪
𰡙	⿰犭昏
𰡚	⿰犭欣
𰡛	⿰犭侖
𰡜	⿰犭表
𰡝	⿰犭苜
𰡞	⿰犭贲
𰡟	⿰犭則
𰡠	⿰犭度
𰡡	⿰犭𦊒
𰡢	⿰犭婴
𰡣	⿰狺攵
𰡤	⿰狺火
𰡥	⿰犭習
𰡦	⿰啇犮
𰡧	⿰單犬
𰡨	⿰犭瞏
𰡩	⿲犭⿱艹单斤
𰡪	⿱麻狗
𰡫	⿰犭駦
𰡬	⿰犭⿱米覃
𰡭	⿰𤣩九
𰡮	⿻王丷
𰡯	⿰𤣩戈
𰡰	⿰𤣩车
𰡱	⿰𤣩内
𰡲	⿱文玉
𰡳	⿰玉仒
𰡴	⿰𤣩正
𰡵	⿰𤣩卢
𰡶	⿰𤣩卡
𰡷	⿱玨儿
𰡸	⿱甶王
𰡹	⿰𤣩囟
𰡺	⿰𤣩耒
𰡻	⿰𤣩㐫
𰡼	⿰𤣩朶
𰡽	⿰𤣩寿
𰡾	⿰𤣩妥
𰡿	⿰玉⿵𠘨市
𰢀	⿲𤣩夕王
𰢁	⿲𤣩仌王
𰢂	⿰𤣩𭁨
𰢃	⿱𫩠玉
𰢄	⿰𤣩肃
𰢅	⿰𤣩畐
𰢆	⿱珡下
𰢇	⿱玨尒
𰢈	⿰𤣩重
𰢉	⿰𤣩虔
𰢊	⿰玉𤤴
𰢋	⿰𤣩區
𰢌	⿱玨佘
𰢍	⿸麻玉
𰢎	⿰𤣩棃
𰢏	⿰𤣩𦓔
𰢐	⿰𤣩歮
𰢑	⿰𤣩鲁
𰢒	⿱陽玉
𰢓	⿰𤣩豊
𰢔	⿰𤣩𥭷
𰢕	⿰𤣩𭫪
𰢖	⿲𤣩号⿱⿱㇒巿⿱㇒巿
𰢗	⿰𤣩曅
𰢘	⿰𤣩磨
𰢙	⿰𤣩龠
𰢚	⿰𤣩聶
𰢛	⿻爪𠄌
𰢜	⿱瓜包
𰢝	⿺瓜良
𰢞	⿺瓜金
𰢟	⿰委瓜
𰢠	⿺瓜蒂
𰢡	⿰⿱𦥷亏瓜
𰢢	⿰无瓦
𰢣	⿺瓦奔
𰢤	⿱𲂻瓦
𰢥	⿰要瓦
𰢦	⿰娄瓦
𰢧	⿱甘心
𰢨	⿰甘月
𰢩	⿰甘老
𰢪	⿱其之
𰢫	⿱少生
𰢬	⿰生号
𰢭	⿰生吉
𰢮	⿰里生
𰢯	⿰生柬
𰢰	⿰勿用
𰢱	⿰用用
𰢲	⿱必用
𰢳	⿰甬𭂫
𰢴	⿱一田
𰢵	⿶凵田
𰢶	⿰田丂
𰢷	⿻由丷
𰢸	⿱川田
𰢹	⿰田开
𰢺	⿰田化
𰢻	⿱由勿
𰢼	⿱田𧘇
𰢽	⿱田勿
𰢾	⿱亠㽗
𰢿	⿰田右
𰣀	⿱田生
𰣁	⿱田右
𰣂	⿰甲冉
𰣃	⿱𡖅田
𰣄	⿰立甲
𰣅	⿱母田
𰣆	⿰甲各
𰣇	⿱凡甾
𰣈	⿱龸甶
𰣉	⿰男王
𰣊	⿰男友
𰣋	⿱⿻土从田
𰣌	⿰男关
𰣍	⿰田竒
𰣎	⿱異小
𰣏	⿰田泰
𰣐	⿰申晃
𰣑	⿰田𱳛
𰣒	⿰丢留
𰣓	⿰番勿
𰣔	⿰畏劳
𰣕	⿰畐昌
𰣖	⿱⿰田田冝
𰣗	⿱奥田
𰣘	⿱𥹫田
𰣙	⿰田發
𰣚	⿰田𠷎
𰣛	⿰男曾
𰣜	⿰㽞建
𰣝	⿰畐曾
𰣞	⿱⿰田田𩄣
𰣟	⿰⿳田木田⿳回回田
𰣠	⿱百疋
𰣡	⿳亡罒疋
𰣢	⿸疒冈
𰣣	⿸疒中
𰣤	⿸疒丹
𰣥	⿸疒仇
𰣦	⿸疒为
𰣧	⿸疒办
𰣨	⿸疒双
𰣩	⿸疒宁
𰣪	⿸疒奴
𰣫	⿸疒兴
𰣬	⿸疒齐
𰣭	⿸疒妟
𰣮	⿸疒角
𰣯	⿸疒间
𰣰	⿸疒𦙊
𰣱	⿸𤕫非
𰣲	⿸疒畄
𰣳	⿸痛一
𰣴	⿸疒妾
𰣵	⿸疒耑
𰣶	⿸疒贵
𰣷	⿸疒則
𰣸	⿸疒怨
𰣹	⿸疒胆
𰣺	⿸疒𰀒
𰣻	⿸疒哥
𰣼	⿸疒积
𰣽	⿸疒挛
𰣾	⿸疒㽞
𰣿	⿸疒蛇
𰤀	⿸疒脱
𰤁	⿸𤕫畱
𰤂	⿸疒朝
𰤃	⿸疒𤊙
𰤄	⿸疒㫺
𰤅	⿸𤕫萬
𰤆	⿸疒𤲢
𰤇	⿸疒觧
𰤈	⿰痣里
𰤉	⿸疒標
𰤊	⿸𤕫鮮
𰤋	⿸疒⿰禾⿳艹黽火
𰤌	⿱癶大
𰤍	⿱癶弓
𰤎	⿱癶引
𰤏	⿱癶⿻日乚
𰤐	⿱癶亜
𰤑	⿱癶放
𰤒	⿱白𠃍
𰤓	⿰白𠃓
𰤔	⿱白巛
𰤕	⿰白乐
𰤖	⿰白早
𰤗	⿰白亥
𰤘	⿱好白
𰤙	⿱折白
𰤚	⿱㚘白
𰤛	⿱知白
𰤜	⿱朋白
𰤝	⿰白𭪙
𰤞	⿰皮丩
𰤟	⿰皮去
𰤠	⿰⿰丨⿱？？皮
𰤡	⿰包皮
𰤢	⿰皮生
𰤣	⿰至皮
𰤤	⿰𠕎皮
𰤥	⿰各皮
𰤦	⿰皮米
𰤧	⿰皮𢑑
𰤨	⿰皮达
𰤩	⿰皮利
𰤪	⿰完皮
𰤫	⿰皮卖
𰤬	⿰卖皮
𰤭	⿰㚔皮
𰤮	⿰昌皮
𰤯	⿰甚皮
𰤰	⿰𡘤皮
𰤱	⿰皮骨
𰤲	⿱皿丁
𰤳	⿱龴皿
𰤴	⿱几皿
𰤵	⿱千皿
𰤶	⿱𡗜皿
𰤷	⿱田皿
𰤸	⿱𡖅皿
𰤹	⿱汄皿
𰤺	⿳罒儿皿
𰤻	⿱串皿
𰤼	⿱昍皿
𰤽	⿱残皿
𰤾	⿱眀皿
𰤿	⿱⿰片目皿
𰥀	⿱䀠皿
𰥁	⿰盖不
𰥂	⿰盖今
𰥃	⿱殸皿
𰥄	⿰盖司
𰥅	⿰益先
𰥆	⿱⿲乡釆阝皿
𰥇	⿱與皿
𰥈	⿰盐都
𰥉	⿱⿰鹵有皿
𰥊	⿱赣皿
𰥋	⿰目刁
𰥌	⿰目下
𰥍	⿱目大
𰥎	⿱大目
𰥏	⿱目口
𰥐	⿱𥃰一
𰥑	⿱𥃭丄
𰥒	⿰目从
𰥓	⿱目勿
𰥔	⿰目夭
𰥕	⿰目𰀈
𰥖	⿱𡗗目
𰥗	⿰目打
𰥘	⿱央目
𰥙	⿱亗目
𰥚	⿰禾目
𰥛	⿰目训
𰥜	⿰出目
𰥝	⿰目灰
𰥞	⿱𫇦目
𰥟	⿰省乜
𰥠	⿱𰁜目
𰥡	⿱守目
𰥢	⿰目丽
𰥣	⿰目坚
𰥤	⿰目妟
𰥥	⿱𥝐目
𰥦	⿰目役
𰥧	⿰目𭣣
𰥨	⿰目𫔮
𰥩	⿰目𰍱
𰥪	⿰目规
𰥫	⿰目取
𰥬	⿰目芥
𰥭	⿰目黾
𰥮	⿰目岸
𰥯	⿰目忩
𰥰	⿰看勾
𰥱	⿲目亻⿱亠夫
𰥲	⿱亡䀠
𰥳	⿰目店
𰥴	⿰目泣
𰥵	⿰目革
𰥶	⿰看史
𰥷	⿰目𡧱
𰥸	⿰目茶
𰥹	⿰目党
𰥺	⿰直作
𰥻	⿰目宰
𰥼	⿱敉目
𰥽	⿰目𥄱
𰥾	⿱赦目
𰥿	⿰目𤲅
𰦀	⿰目眷
𰦁	⿰目𡨼
𰦂	⿱⿰声皮目
𰦃	⿰目棃
𰦄	⿰目當
𰦅	⿰目運
𰦆	⿰目⿱炎电
𰦇	⿰目聞
𰦈	⿰看針
𰦉	⿰目𠒶
𰦊	⿰目篗
𰦋	⿰目篾
𰦌	⿱真㒹
𰦍	⿻矛丶
𰦎	⿱戈矛
𰦏	⿰矛𢦍
𰦐	⿰矛此
𰦑	⿰矛金
𰦒	⿱𠂉夫
𰦓	⿰矢卜
𰦔	⿰矢见
𰦕	⿰矢夬
𰦖	⿰矢矢
𰦗	⿰矢𡉵
𰦘	⿱知可
𰦙	⿱知司
𰦚	⿰矢𥎩
𰦛	⿰短乞
𰦜	⿰矢罢
𰦝	⿰矢𠳮
𰦞	⿰矢莫
𰦟	⿰矢堊
𰦠	⿰𠤕負
𰦡	⿱短天
𰦢	⿰矢𭦌
𰦣	⿱𰦖來
𰦤	⿰石卪
𰦥	⿰石反
𰦦	⿰石历
𰦧	⿰石互
𰦨	⿰石为
𰦩	⿰石户
𰦪	⿰石𰍰
𰦫	⿱石双
𰦬	⿰石㕛
𰦭	⿰石龙
𰦮	⿰石𡯄
𰦯	⿰石卡
𰦰	⿰石𠬤
𰦱	⿱民石
𰦲	⿰石对
𰦳	⿰石耳
𰦴	⿰石亚
𰦵	⿰石夺
𰦶	⿰石亘
𰦷	⿱𫇦石
𰦸	⿰石早
𰦹	⿰石臼
𰦺	⿰石庅
𰦻	⿰后皮
𰦼	⿰石孛
𰦽	⿰石麦
𰦾	⿰石严
𰦿	⿰石呙
𰧀	⿰石㫒
𰧁	⿰石串
𰧂	⿰含石
𰧃	⿰石间
𰧄	⿰石吝
𰧅	⿰破卜
𰧆	⿰石奔
𰧇	⿰石贤
𰧈	⿰石苏
𰧉	⿰石质
𰧊	⿰石审
𰧋	⿰𥑟攵
𰧌	⿱石則
𰧍	⿱石⿰牜末
𰧎	⿰石钦
𰧏	⿰石前
𰧐	⿰石亟
𰧑	⿱敖石
𰧒	⿰石𦐇
𰧓	⿰石荣
𰧔	⿰石监
𰧕	⿰石倉
𰧖	⿰石殺
𰧗	⿰石埀
𰧘	⿰石诸
𰧙	⿰石堂
𰧚	⿰石圈
𰧛	⿰石崖
𰧜	⿲石⿱山方攵
𰧝	⿰石貧
𰧞	⿰石𭦌
𰧟	⿰石這
𰧠	⿱尉石
𰧡	⿰石畱
𰧢	⿰石替
𰧣	⿱斯石
𰧤	⿰石筆
𰧥	⿰石等
𰧦	⿰石㫺
𰧧	⿰石𠔥
𰧨	⿰石⿱又桒
𰧩	⿰石赫
𰧪	⿰石賛
𰧫	⿰石毚
𰧬	⿲石⿱𠂤大帚
𰧭	⿱士示
𰧮	⿰礻丌
𰧯	⿰礻𠫔
𰧰	⿰礻𠃓
𰧱	⿰示冄
𰧲	⿱化示
𰧳	⿰示𣄼
𰧴	⿰礻匛
𰧵	⿰礻𢆉
𰧶	⿰示式
𰧷	⿰示夷
𰧸	⿹𢦏示
𰧹	⿰示如
𰧺	⿰示多
𰧻	⿰礻会
𰧼	⿰礻𠮮
𰧽	⿰礻向
𰧾	⿰礻农
𰧿	⿱𣅀示
𰨀	⿰礻弄
𰨁	⿰礻𡉵
𰨂	⿰礻余
𰨃	⿰示坐
𰨄	⿰礻㚻
𰨅	⿰示非
𰨆	⿰示𢆻
𰨇	⿱⿿隹示
𰨈	⿰示府
𰨉	⿰礻官
𰨊	⿰礻𨒣
𰨋	⿰礻⿱爫⿻冄丨
𰨌	⿰礻竒
𰨍	⿰示建
𰨎	⿰示畠
𰨏	⿰礻㽜
𰨐	⿰示鬲
𰨑	⿰礻⿱一⿻㕥由
𰨒	⿰示寅
𰨓	⿰示巽
𰨔	⿰𥘣頁
𰨕	⿰示暠
𰨖	⿰礻题
𰨗	⿱示熹
𰨘	⿰票⿱夂隹
𰨙	⿰礻蘥
𰨚	⿱𫝀禹
𰨛	⿰禾刀
𰨜	⿰禾广
𰨝	⿱禾丰
𰨞	⿰禾卆
𰨟	⿰禾𠕅
𰨠	⿰禾史
𰨡	⿰禾甲
𰨢	⿰禾他
𰨣	⿰禾乎
𰨤	⿰禾司
𰨥	⿰禾先
𰨦	⿰禾齐
𰨧	⿰禾巟
𰨨	⿰禾𢑑
𰨩	⿰𦣻禾
𰨪	⿰禾𡉵
𰨫	⿰禾岜
𰨬	⿰禾⿱⺈旧
𰨭	⿰禾㚻
𰨮	⿱秋日
𰨯	⿰禾房
𰨰	⿰禾禹
𰨱	⿰禾𠳮
𰨲	⿰臬禾
𰨳	⿰禾资
𰨴	⿰𥞫殳
𰨵	⿰南秃
𰨶	⿰禾⿱占米
𰨷	⿰禾密
𰨸	⿰禾替
𰨹	⿱稚？
𰨺	⿰禾㝢
𰨻	⿰禾肅
𰨼	⿰禾路
𰨽	⿰禾叠
𰨾	⿰禾奭
𰨿	⿰禾㢘
𰩀	⿰禾憲
𰩁	⿰禾羲
𰩂	⿰秤等
𰩃	⿰禾瞿
𰩄	⿱穴双
𰩅	⿱穴龙
𰩆	⿱穴叵
𰩇	⿱穴夘
𰩈	⿱穴乐
𰩉	⿱⿱宀儿𢆲
𰩊	⿱⿱宀儿尗
𰩋	⿱⿱宀儿𡉵
𰩌	⿰去穷
𰩍	⿱空心
𰩎	⿱⿱宀儿邑
𰩏	⿱穴条
𰩐	⿱⿱宀儿㚗
𰩑	⿱⿱宀儿⿱⿴𠀃三八
𰩒	⿱穴叔
𰩓	⿱穴⿰正见
𰩔	⿱穴𡋣
𰩕	⿰及窄
𰩖	⿱⿱宀儿晏
𰩗	⿱穴草
𰩘	⿱⿱宀儿⿰忄𭥕
𰩙	⿱⿱宀儿莫
𰩚	⿰空要
𰩛	⿱⿱宀儿舄
𰩜	⿱⿱宀儿𤋯
𰩝	⿱⿱宀儿𣪧
𰩞	⿱究敗
𰩟	⿰穿等
𰩠	⿱止立
𰩡	⿱立仁
𰩢	⿰立𰀈
𰩣	⿰立休
𰩤	⿰立交
𰩥	⿰立耎
𰩦	⿰立⿱日目
𰩧	⿱须立
𰩨	⿱立重
𰩩	⿱殸立
𰩪	⿰立畧
𰩫	⿰⿱立見⿱立見
𰩬	⿱𥫗大
𰩭	⿱𥫗山
𰩮	⿱𥫗专
𰩯	⿱𥫗帀
𰩰	⿱𥫗匹
𰩱	⿱𥫗冄
𰩲	⿱𥫗卢
𰩳	⿱𥫗电
𰩴	⿱𥫗兄
𰩵	⿱𥫗用
𰩶	⿱𥫗叐
𰩷	⿱𥫗𡰥
𰩸	⿱𥫗乔
𰩹	⿱𥫗汤
𰩺	⿱𥫗约
𰩻	⿱𥫗过
𰩼	⿱𥫗巠
𰩽	⿰竺瓜
𰩾	⿱𥫗吠
𰩿	⿱𥫗坸
𰪀	⿱𥫗東
𰪁	⿱𥫗帕
𰪂	⿱𥫗非
𰪃	⿱𥫗初
𰪄	⿱𥫗斉
𰪅	⿳𥫗王皿
𰪆	⿱𥫗括
𰪇	⿰笨分
𰪈	⿱𥫗查
𰪉	⿱𥫗点
𰪊	⿱𥫗钟
𰪋	⿱𥫗独
𰪌	⿱𥫗脉
𰪍	⿱𥫗音
𰪎	⿱𥫗亮
𰪏	⿱𥫗辂
𰪐	⿱𥫗釛
𰪑	⿱筏冈
𰪒	⿰立笼
𰪓	⿱𥫗冡
𰪔	⿱𥫗救
𰪕	⿱𥫗頃
𰪖	⿱𥫗雀
𰪗	⿱𥫗森
𰪘	⿱筷示
𰪙	⿱𥫗韌
𰪚	⿱𥫗睡
𰪛	⿱𥫗蜓
𰪜	⿱𥫗𠢧
𰪝	⿱𥫗閧
𰪞	⿱𥫗模
𰪟	⿱𥫗𪮫
𰪠	⿱𥫗膚
𰪡	⿱𥫗𥠷
𰪢	⿱𥫗編
𰪣	⿱𥫗赢
𰪤	⿱𥫗釋
𰪥	⿱𥫗鐻
𰪦	⿰米乂
𰪧	⿰米廾
𰪨	⿺𠃊匊
𰪩	⿰米广
𰪪	⿰米马
𰪫	⿰米专
𰪬	⿰米王
𰪭	⿰米长
𰪮	⿰米升
𰪯	⿰米壬
𰪰	⿸𠃜米
𰪱	⿰米𰀈
𰪲	⿰米可
𰪳	⿰米灭
𰪴	⿰米甲
𰪵	⿰米失
𰪶	⿰米团
𰪷	⿰米尖
𰪸	⿰米旭
𰪹	⿰米年
𰪺	⿰米行
𰪻	⿰米杀
𰪼	⿰米产
𰪽	⿰米利
𰪾	⿰米奉
𰪿	⿰米劳
𰫀	⿰米㝵
𰫁	⿰米㽵
𰫂	⿰米背
𰫃	⿰米軍
𰫄	⿰米𱼭
𰫅	⿰米洛
𰫆	⿰米馬
𰫇	⿰米荅
𰫈	⿰米埀
𰫉	⿰米宾
𰫊	⿰米浆
𰫋	⿰米𬜯
𰫌	⿰粉免
𰫍	⿰米動
𰫎	⿰米這
𰫏	⿰米産
𰫐	⿰米舂
𰫑	⿰米敦
𰫒	⿰米寔
𰫓	⿰米曾
𰫔	⿰米酸
𰫕	⿰米齊
𰫖	⿰米𬞕
𰫗	⿰糹入
𰫘	⿰糹亡
𰫙	⿰糹子
𰫚	⿰糸帀
𰫛	⿰糹勾
𰫜	⿰糹仇
𰫝	⿰糹尹
𰫞	⿰糹龙
𰫟	⿰糹号
𰫠	⿰糹甲
𰫡	⿰糹生
𰫢	⿰糹杀
𰫣	⿰糹𠮯
𰫤	⿰糹艮
𰫥	⿰累乜
𰫦	⿰糹作
𰫧	⿰糹宋
𰫨	⿰糹𫩞
𰫩	⿰糹花
𰫪	⿰糸𡶩
𰫫	⿰糹图
𰫬	⿰糸制
𰫭	⿰糹⿱火𠬞
𰫮	⿰糸彥
𰫯	⿰糹亮
𰫰	⿰糹笋
𰫱	⿰緊乞
𰫲	⿰糹這
𰫳	⿰糹超
𰫴	⿰綑立
𰫵	⿰糸奭
𰫶	⿱儇糸
𰫷	⿰糹魯
𰫸	⿰糸憲
𰫹	⿱䜌于
𰫺	⿱縮糸
𰫻	⿱歡糸
𰫼	⿰纟丁
𰫽	⿰纟不
𰫾	⿰纟元
𰫿	⿰纟中
𰬀	⿰纟介
𰬁	⿰纟户
𰬂	⿰纟可
𰬃	⿰纟丙
𰬄	⿰纟𫩑
𰬅	⿰纟付
𰬆	⿰纟句
𰬇	⿰纟主
𰬈	⿰纟玄
𰬉	⿰纟它
𰬊	⿰纟兰
𰬋	⿰纟弘
𰬌	⿰纟亙
𰬍	⿰纟夹
𰬎	⿰纟毕
𰬏	⿰纟朱
𰬐	⿰纟乔
𰬑	⿰纟争
𰬒	⿰纟次
𰬓	⿰纟亥
𰬔	⿰纟并
𰬕	⿰纟𰋷
𰬖	⿰纟成
𰬗	⿰纟求
𰬘	⿰纟孛
𰬙	⿰纟辰
𰬚	⿰纟员
𰬛	⿰纟豸
𰬜	⿰纟免
𰬝	⿰纟间
𰬞	⿰纟𠬶
𰬟	⿰纟或
𰬠	⿰纟画
𰬡	⿰纟疌
𰬢	⿰纟妻
𰬣	⿰纟易
𰬤	⿰纟卑
𰬥	⿰纟忩
𰬦	⿰纟忽
𰬧	⿰纟炎
𰬨	⿰纟孟
𰬩	⿰纟肃
𰬪	⿰纟参
𰬫	⿰纟致
𰬬	⿰纟苗
𰬭	⿰纟封
𰬮	⿰纟牵
𰬯	⿰纟㚇
𰬰	⿰纟怱
𰬱	⿰纟索
𰬲	⿰纟原
𰬳	⿰纟逆
𰬴	⿰纟宰
𰬵	⿰纟旋
𰬶	⿰纟習
𰬷	⿰纟散
𰬸	⿰纟惠
𰬹	⿰纟雋
𰬺	⿰纟尊
𰬻	⿰纟矞
𰬼	⿰纟赖
𰬽	⿰纟解
𰬾	⿰纟廉
𰬿	⿰纟僕
𰭀	⿰纟憂
𰭁	⿰纟蔥
𰭂	⿰缶八
𰭃	⿰缶又
𰭄	⿰缶贯
𰭅	⿰缶康
𰭆	⿰缶⿱龷隹
𰭇	⿰缶畾
𰭈	⿱罒攴
𰭉	⿱冖兌
𰭊	⿱𠔿𣏀
𰭋	⿱罒𰅰
𰭌	⿱罒羊
𰭍	⿱𠔿免
𰭎	⿱罒辛
𰭏	⿱𠔿或
𰭐	⿱⿱冖八具
𰭑	⿱罒法
𰭒	⿱罓冡
𰭓	⿱罓紙
𰭔	⿱罒绢
𰭕	⿱𠔿組
𰭖	⿱网䜌
𰭗	⿰羊几
𰭘	⿱𦍌𠔿
𰭙	⿰羊并
𰭚	⿰羊娄
𰭛	⿰美求
𰭜	⿻羊䀠
𰭝	⿱羽一
𰭞	⿱羽亓
𰭟	⿰及羽
𰭠	⿰羽尺
𰭡	⿱羽发
𰭢	⿱羽夹
𰭣	⿰寿羽
𰭤	⿰易羽
𰭥	⿰羽彧
𰭦	⿱翻本
𰭧	⿱耂乚
𰭨	⿱耂于
𰭩	⿱大老
𰭪	⿰母老
𰭫	⿰老咬
𰭬	⿱士而
𰭭	⿰耑乍
𰭮	⿰耑且
𰭯	⿱既而
𰭰	⿰𦓤升
𰭱	⿰耒介
𰭲	⿰耒𥇡
𰭳	⿰耳么
𰭴	⿰耳尤
𰭵	⿰耳丐
𰭶	⿱父耳
𰭷	⿰耳午
𰭸	⿱卭耳
𰭹	⿰耳龙
𰭺	⿱奴耳
𰭻	⿰耳𦓔
𰭼	⿺𠃊聿
𰭽	⿻⺕者
𰭾	⿰肉乚
𰭿	⿸𠂇⿵⺆仌
𰮀	⿱八肉
𰮁	⿰月刀
𰮂	⿰肉力
𰮃	⿰月小
𰮄	⿱口肉
𰮅	⿰月乡
𰮆	⿰肉巳
𰮇	⿰月无
𰮈	⿰肉巿
𰮉	⿰肉不
𰮊	⿰月牛
𰮋	⿰月𡯂
𰮌	⿱𭅄⺝
𰮍	⿱爻肉
𰮎	⿱凶肉
𰮏	⿰肉殳
𰮐	⿰月冗
𰮑	⿱𠫓肉
𰮒	⿰⺼巨
𰮓	⿰月弍
𰮔	⿱北肉
𰮕	⿱甘肉
𰮖	⿰肉正
𰮗	⿱占⺝
𰮘	⿰肉且
𰮙	⿰月刍
𰮚	⿰月尕
𰮛	⿰肉生
𰮜	⿰肉台
𰮝	⿰月尧
𰮞	⿰肉𡗢
𰮟	⿰月𡗢
𰮠	⿰月𠫤
𰮡	⿱肺八
𰮢	⿱匈肉
𰮣	⿰肉色
𰮤	⿰月⿻丷夫
𰮥	⿰月𡉵
𰮦	⿰月𭟯
𰮧	⿰⿵⺆仌吾
𰮨	⿳小⿶凵又肉
𰮩	⿰月犾
𰮪	⿰肉孚
𰮫	⿱林肉
𰮬	⿰月具
𰮭	⿰月黾
𰮮	⿰肉劳
𰮯	⿰月房
𰮰	⿰月近
𰮱	⿰⺼⿱勿⺝
𰮲	⿰月肃
𰮳	⿰月孟
𰮴	⿰弓背
𰮵	⿱肚亥
𰮶	⿰南肉
𰮷	⿰月若
𰮸	⿰月則
𰮹	⿱肿半
𰮺	⿰月⿱𠀐⺝
𰮻	⿰肉⿻臼人
𰮼	⿰月㲋
𰮽	⿰月香
𰮾	⿰月叜
𰮿	⿱肥皮
𰯀	⿰月凾
𰯁	⿰月蚕
𰯂	⿰月监
𰯃	⿰月峯
𰯄	⿰月𢃋
𰯅	⿰月荀
𰯆	⿰肉𢃋
𰯇	⿰冬胃
𰯈	⿰月拳
𰯉	⿰月斊
𰯊	⿰月𱳛
𰯋	⿱难肉
𰯌	⿰月⿱夾⺗
𰯍	⿰月⿱雨巳
𰯎	⿰月𬜯
𰯏	⿰月𦰧
𰯐	⿰月𭦌
𰯑	⿰月康
𰯒	⿰月⿱彐⿺𠃊豕
𰯓	⿰月⿱彐⿰𢁟又
𰯔	⿰月敢
𰯕	⿰月𢛳
𰯖	⿸厥肉
𰯗	⿰月掌
𰯘	⿰月⿱⿱⺈罒犮
𰯙	⿰月⿱龹圭
𰯚	⿰月焱
𰯛	⿰月蛮
𰯜	⿰肩怕
𰯝	⿰月⿱𠚪𣥖
𰯞	⿰月𥇡
𰯟	⿰月随
𰯠	⿱𨾱肉
𰯡	⿰月蒲
𰯢	⿱脱吝
𰯣	⿰肉賔
𰯤	⿰月⿵門⿱⺈旧
𰯥	⿱儉肉
𰯦	⿰肉寛
𰯧	⿰月㢘
𰯨	⿰月褱
𰯩	⿰月𮥿
𰯪	⿰月⿱羽隻
𰯫	⿰月⿸戚足
𰯬	⿰月纍
𰯭	⿱𠓗⺝
𰯮	⿱卧𠃍
𰯯	⿰臣殳
𰯰	⿰臣𪠲
𰯱	⿱臤斤
𰯲	⿰臣⿳𠂉丶罒
𰯳	⿰臣⿳𫜹冖巾
𰯴	⿱自巾
𰯵	⿰自弗
𰯶	⿰𢍂干
𰯷	⿰臭星
𰯸	⿱臼林
𰯹	⿱臼果
𰯺	⿰舅九
𰯻	⿰臿建
𰯼	⿱⿱⿴𦥑同冖昔
𰯽	⿰舌卡
𰯾	⿰舌必
𰯿	⿰舌皮
𰰀	⿰舌因
𰰁	⿰舌吕
𰰂	⿰乍舍
𰰃	⿰舌免
𰰄	⿰舌灵
𰰅	⿰舌忍
𰰆	⿰舌单
𰰇	⿰舌厘
𰰈	⿰舌𪺏
𰰉	⿰舌翕
𰰊	⿱⿷匚小舛
𰰋	⿰舟双
𰰌	⿰舟刍
𰰍	⿰舟⿳八一𠬞
𰰎	⿰𠦝舟
𰰏	⿰舟带
𰰐	⿰舟苻
𰰑	⿰舟娄
𰰒	⿰舟班
𰰓	⿰舟進
𰰔	⿰⺆⿱一艮
𰰕	⿸𠂆色
𰰖	⿺色立
𰰗	⿺色宁
𰰘	⿰含色
𰰙	⿰重色
𰰚	⿺色恋
𰰛	⿺色黑
𰰜	⿱艹十
𰰝	⿱䒑乂
𰰞	⿱艸乂
𰰟	⿱艹乜
𰰠	⿱艹与
𰰡	⿱𫇦一
𰰢	⿱艹𠃓
𰰣	⿱䒑弔
𰰤	⿱艹区
𰰥	⿱龷艸
𰰦	⿱䒑少
𰰧	⿱卝𧘇
𰰨	⿱艹仑
𰰩	⿱艹斗
𰰪	⿱艹丑
𰰫	⿱艹𰀈
𰰬	⿱艹灭
𰰭	⿱艹𪠲
𰰮	⿱艹归
𰰯	⿱芿𠃍
𰰰	⿱艹犯
𰰱	⿱艹对
𰰲	⿱艹划
𰰳	⿱艹师
𰰴	⿱艹岂
𰰵	⿱艹杀
𰰶	⿱艹杂
𰰷	⿱艹负
𰰸	⿱艹𬇗
𰰹	⿱艹刘
𰰺	⿱艹设
𰰻	⿱艹𪫆
𰰼	⿱艹𪵩
𰰽	⿱艹⿱冖⿰亻𠤎
𰰾	⿱艹过
𰰿	⿳艹大车
𰱀	⿱艹贡
𰱁	⿱艹克
𰱂	⿱艹弄
𰱃	⿱艹医
𰱄	⿱艹⿰爿亡
𰱅	⿱艹呆
𰱆	⿱艹牡
𰱇	⿱艹𫔮
𰱈	⿱艹𠖀
𰱉	⿱艹闷
𰱊	⿱艹应
𰱋	⿱䒑𢎿
𰱌	⿱艹纳
𰱍	⿱艹纷
𰱎	⿱艹孜
𰱏	⿱艹昔
𰱐	⿱艹卖
𰱑	⿱艹斩
𰱒	⿱艹𣏼
𰱓	⿱艹杭
𰱔	⿱艹肯
𰱕	⿰白芋
𰱖	⿱艹往
𰱗	⿱艹初
𰱘	⿱艹炘
𰱙	⿱艹𱪮
𰱚	⿱艹学
𰱛	⿱艹终
𰱜	⿱艹矤
𰱝	⿱艹项
𰱞	⿱艹政
𰱟	⿱艹贲
𰱠	⿰芏𡰱
𰱡	⿱艹𣢟
𰱢	⿱艹𣆊
𰱣	⿱艹响
𰱤	⿱芮失
𰱥	⿱艹怠
𰱦	⿱艹复
𰱧	⿱艹秔
𰱨	⿱艹炡
𰱩	⿱艹闾
𰱪	⿱艹𮕩
𰱫	⿱莤寸
𰱬	⿱艹捎
𰱭	⿱艹悅
𰱮	⿱艹虑
𰱯	⿱艹罢
𰱰	⿰草少
𰱱	⿱艹资
𰱲	⿱艹职
𰱳	⿱艹措
𰱴	⿰夫莫
𰱵	⿱艹㝛
𰱶	⿱菆心
𰱷	⿰來花
𰱸	⿱艹㷅
𰱹	⿱艹㖾
𰱺	⿱艹翕
𰱻	⿱艹稂
𰱼	⿱艹啻
𰱽	⿱艹楢
𰱾	⿱艹赖
𰱿	⿱艹逼
𰲀	⿱莫圭
𰲁	⿱艹颓
𰲂	⿱艹腾
𰲃	⿱雈皿
𰲄	⿱莘臣
𰲅	⿱芠韭
𰲆	⿱艹溶
𰲇	⿱茹豆
𰲈	⿱艹㪣
𰲉	⿱艹漚
𰲊	⿱艹歐
𰲋	⿰蓋发
𰲌	⿱艹槾
𰲍	⿰草春
𰲎	⿰菜求
𰲏	⿱艹𦎫
𰲐	⿰日蔴
𰲑	⿰蕉介
𰲒	⿱艹⿰⿱米犬页
𰲓	⿱薛亐
𰲔	⿱艹𫏛
𰲕	⿱艹𣽨
𰲖	⿱艹嚣
𰲗	⿱艹⿰束⿱次韭
𰲘	⿺虎匕
𰲙	⿸虍介
𰲚	⿸𠂆⿸虍人
𰲛	⿸虎口
𰲜	⿺虎兀
𰲝	⿸𠂆𧆞
𰲞	⿰虎⿿戈
𰲟	⿰虎乌
𰲠	⿰戋虎
𰲡	⿸虍𱑲
𰲢	⿸虍含
𰲣	⿸虍君
𰲤	⿸虍㚔
𰲥	⿰曲虎
𰲦	⿺虎虫
𰲧	⿸虍皆
𰲨	⿰喿虎
𰲩	⿰虫九
𰲪	⿰虫么
𰲫	⿰虫无
𰲬	⿰虫车
𰲭	⿱日虫
𰲮	⿱𰀡虫
𰲯	⿰虫从
𰲰	⿰虫仑
𰲱	⿱方虫
𰲲	⿰虫为
𰲳	⿰虫戋
𰲴	⿱龙虫
𰲵	⿰虫𠬤
𰲶	⿰虫𢀖
𰲷	⿰虫疋
𰲸	⿱亚虫
𰲹	⿰虫岂
𰲺	⿰虫过
𰲻	⿰虫达
𰲼	⿰虫旱
𰲽	⿰虫𰰡
𰲾	⿰虫角
𰲿	⿰虫还
𰳀	⿱？虫
𰳁	⿰虫责
𰳂	⿰虫斩
𰳃	⿰虫杰
𰳄	⿱陈虫
𰳅	⿰虫肯
𰳆	⿰虫齿
𰳇	⿰虫坣
𰳈	⿰虫宜
𰳉	⿰虫⿰弓尓
𰳊	⿰虫贲
𰳋	⿱殄虫
𰳌	⿰虫迪
𰳍	⿰虫类
𰳎	⿱埋虫
𰳏	⿰虫党
𰳐	⿱止䖵
𰳑	⿱修虫
𰳒	⿱鬼虫
𰳓	⿰虫祝
𰳔	⿰虫能
𰳕	⿰虫娘
𰳖	⿱可䖵
𰳗	⿰虫婴
𰳘	⿰虫崖
𰳙	⿰虫盖
𰳚	⿱维虫
𰳛	⿰蛛交
𰳜	⿰虫堕
𰳝	⿱㡀䖵
𰳞	⿰虫䝉
𰳟	⿰虫鳩
𰳠	⿰虫煞
𰳡	⿰虫辣
𰳢	⿰蛋虽
𰳣	⿱嫩虫
𰳤	⿺堯虾
𰳥	⿰虫蕊
𰳦	⿰虫額
𰳧	⿵戊血
𰳨	⿱血列
𰳩	⿰血麥
𰳪	⿲彳糸亍
𰳫	⿲彳貝亍
𰳬	⿲彳步亍
𰳭	⿲彳⿱幺止亍
𰳮	⿲彳⿱止方亍
𰳯	⿲彳𰙫亍
𰳰	⿰衤匕
𰳱	⿰衤六
𰳲	⿰衤龙
𰳳	⿰布衣
𰳴	⿰衤代
𰳵	⿰衤艺
𰳶	⿰衤永
𰳷	⿰衤加
𰳸	⿰衤对
𰳹	⿰衤厌
𰳺	⿰衤农
𰳻	⿰衤达
𰳼	⿰衤丽
𰳽	⿰衤孝
𰳾	⿰衤助
𰳿	⿰衤妥
𰴀	⿰衤兵
𰴁	⿰衤芺
𰴂	⿰衤参
𰴃	⿰衤畗
𰴄	⿰衤⿻兰氺
𰴅	⿰被田
𰴆	⿱𬂴衣
𰴇	⿰衤堂
𰴈	⿰衤敏
𰴉	⿰衤憲
𰴊	⿰衤⿱䀠弇
𰴋	⿰䙵九
𰴌	⿰要快
𰴍	⿰要業
𰴎	⿱央見
𰴏	⿺見句
𰴐	⿰失見
𰴑	⿺見吞
𰴒	⿰⿱一𠕒見
𰴓	⿰真見
𰴔	⿰⿱业隹見
𰴕	⿰必见
𰴖	⿰召见
𰴗	⿰丽见
𰴘	⿰间见
𰴙	⿰君见
𰴚	⿰娄见
𰴛	⿰𠁁见
𰴜	⿰虘见
𰴝	⿰𤔔见
𰴞	⿰䖒见
𰴟	⿱刀月
𰴠	⿰⿱⺈⿵⺆土又
𰴡	⿱⿱⺈⿵⺆土廾
𰴢	⿰角乐
𰴣	⿱𰃮角
𰴤	⿰角来
𰴥	⿰角间
𰴦	⿰角間
𰴧	⿹⺄言
𰴨	⿱厶言
𰴩	⿰訁刀
𰴪	⿱不言
𰴫	⿰訁未
𰴬	⿰歺言
𰴭	⿰㐁言
𰴮	⿰訁亘
𰴯	⿱𫇦言
𰴰	⿰訁吕
𰴱	⿰𧦗又
𰴲	⿰訁屰
𰴳	⿰訁𡦾
𰴴	⿱安言
𰴵	⿰訁产
𰴶	⿰訁丞
𰴷	⿰訁⿱幺夊
𰴸	⿱欢言
𰴹	⿰訁坚
𰴺	⿰訁宋
𰴻	⿰訁闷
𰴼	⿰訁具
𰴽	⿰訁卷
𰴾	⿰訁厖
𰴿	⿰⿴囗⿳𠆢𠆢𠆢言
𰵀	⿰訁訇
𰵁	⿰訁狠
𰵂	⿰訁娄
𰵃	⿰訁竞
𰵄	⿰訁难
𰵅	⿰訁𡨼
𰵆	⿰訁㖾
𰵇	⿰訁雋
𰵈	⿰訁等
𰵉	⿰訁夢
𰵊	⿰讠丩
𰵋	⿰讠千
𰵌	⿰讠𠃓
𰵍	⿰讠屯
𰵎	⿰讠尤
𰵏	⿰讠少
𰵐	⿰讠反
𰵑	⿰讠为
𰵒	⿰讠冘
𰵓	⿰讠术
𰵔	⿰讠世
𰵕	⿰讠𰀈
𰵖	⿰讠艺
𰵗	⿰讠央
𰵘	⿰讠冉
𰵙	⿰讠失
𰵚	⿰讠令
𰵛	⿰讠句
𰵜	⿰讠⿹勹巳
𰵝	⿰讠禾
𰵞	⿰讠永
𰵟	⿰讠兰
𰵠	⿰讠奴
𰵡	⿰讠𢀖
𰵢	⿰讠夹
𰵣	⿰讠合
𰵤	⿰讠各
𰵥	⿰讠多
𰵦	⿰讠交
𰵧	⿰讠志
𰵨	⿰讠严
𰵩	⿰讠甫
𰵪	⿰讠冏
𰵫	⿰讠豆
𰵬	⿰讠别
𰵭	⿰讠利
𰵮	⿰讠我
𰵯	⿰讠夋
𰵰	⿰讠幸
𰵱	⿰讠林
𰵲	⿰讠其
𰵳	⿰讠卓
𰵴	⿰讠叔
𰵵	⿰讠兒
𰵶	⿰讠垂
𰵷	⿰讠叕
𰵸	⿰讠沓
𰵹	⿰讠聂
𰵺	⿰讠原
𰵻	⿰讠荂
𰵼	⿰讠桀
𰵽	⿰讠舀
𰵾	⿰讠奚
𰵿	⿰讠高
𰶀	⿰讠雩
𰶁	⿰讠移
𰶂	⿰讠悤
𰶃	⿰讠習
𰶄	⿰讠奢
𰶅	⿰讠⿱自𠦂
𰶆	⿰讠敢
𰶇	⿰讠隋
𰶈	⿰讠犀
𰶉	⿰讠亶
𰶊	⿰讠意
𰶋	⿰讠⿱𡨄巳
𰶌	⿰讠需
𰶍	⿰讠夐
𰶎	⿰讠歰
𰶏	⿰讠龠
𰶐	⿱𠆢谷
𰶑	⿰谷龙
𰶒	⿺包谷
𰶓	⿰谷列
𰶔	⿰谷卖
𰶕	⿲谷亻⿱亡天
𰶖	⿰𡧱谷
𰶗	⿱豆𠃍
𰶘	⿰夫豆
𰶙	⿰豆灭
𰶚	⿰𠂕豆
𰶛	⿰伏豆
𰶜	⿰豆完
𰶝	⿱非豆
𰶞	⿰豆栽
𰶟	⿱殸豆
𰶠	⿰豆都
𰶡	⿰豆畱
𰶢	⿰豆想
𰶣	⿰豊邕
𰶤	⿰豕匕
𰶥	⿰豕卩
𰶦	⿰豕矢
𰶧	⿱豕取
𰶨	⿰豕觅
𰶩	⿱龹⿱彐𧰨
𰶪	⿰豕查
𰶫	⿰豕苓
𰶬	⿰豕娄
𰶭	⿰豕陏
𰶮	⿰豕⿰彳⿱䒑之
𰶯	⿰象林
𰶰	⿰豕靈
𰶱	⿱十貝
𰶲	⿱亡貝
𰶳	⿱比貝
𰶴	⿰貝圡
𰶵	⿱止貝
𰶶	⿱勿貝
𰶷	⿰貝欠
𰶸	⿱之貝
𰶹	⿰貝文
𰶺	⿰貟⿹𠃌一
𰶻	⿰貝引
𰶼	⿰貝田
𰶽	⿰貝史
𰶾	⿰貝令
𰶿	⿰貝它
𰷀	⿰貝耳
𰷁	⿰貝当
𰷂	⿰貝多
𰷃	⿱𡵆貝
𰷄	⿱全貝
𰷅	⿰貝⿸厂㠯
𰷆	⿱玫貝
𰷇	⿰貝岳
𰷈	⿰貝匊
𰷉	⿰貝面
𰷊	⿰貝栽
𰷋	⿰貝⿱共开
𰷌	⿱卉貴
𰷍	⿱𫻶貝
𰷎	⿱殸貝
𰷏	⿲貝至⿱上又
𰷐	⿰𭦌貝
𰷑	⿰貝䘮
𰷒	⿰貴兵
𰷓	⿰貴体
𰷔	⿰介賣
𰷕	⿰空貧
𰷖	⿰貝𠔥
𰷗	⿰貝𠭥
𰷘	⿰貝赫
𰷙	⿰暑負
𰷚	⿰貝賔
𰷛	⿰貝㢘
𰷜	⿰貝⿸厃⿱𦬅言
𰷝	⿱⿰章㣊貝
𰷞	⿱弋贝
𰷟	⿰贝𠃓
𰷠	⿰贝也
𰷡	⿰贝元
𰷢	⿰贝氐
𰷣	⿱㚘贝
𰷤	⿰贝卒
𰷥	⿱宗贝
𰷦	⿰云费
𰷧	⿱𭴘贝
𰷨	⿰贝鬼
𰷩	⿰贝⿱龹贝
𰷪	⿰贝益
𰷫	⿰贝猋
𰷬	⿰贝廉
𰷭	⿰贝臧
𰷮	⿱虤贝
𰷯	⿱同赤
𰷰	⿰赤營
𰷱	⿺走与
𰷲	⿺走片
𰷳	⿺𧺆且
𰷴	⿺走乐
𰷵	⿺走尧
𰷶	⿺走乔
𰷷	⿺走𧰨
𰷸	⿺走卖
𰷹	⿺走林
𰷺	⿺走貞
𰷻	⿺𧺆眞
𰷼	⿺走𠳮
𰷽	⿺走㽜
𰷾	⿺走𠁅
𰷿	⿺𧺆喬
𰸀	⿺走零
𰸁	⿰𧾷刀
𰸂	⿰𧾷大
𰸃	⿰𧾷久
𰸄	⿰𧾷𠃓
𰸅	⿰𧾷攴
𰸆	⿰𧾷六
𰸇	⿰𧾷双
𰸈	⿱⿰扌丸足
𰸉	⿰𧾷𭑃
𰸊	⿰𧾷岁
𰸋	⿰𧾷后
𰸌	⿰𧾷刖
𰸍	⿱企足
𰸎	⿰𧾷产
𰸏	⿱次足
𰸐	⿰𧾷丽
𰸑	⿰𧾷克
𰸒	⿰𧾷⿱⺈旧
𰸓	⿰𧾷⿱厼又
𰸔	⿰𧾷连
𰸕	⿰𧾷肯
𰸖	⿰𧾷昂
𰸗	⿰𧾷𭁨
𰸘	⿰𧾷怪
𰸙	⿰𧾷参
𰸚	⿰𧾷带
𰸛	⿱带足
𰸜	⿰𧾷某
𰸝	⿰𧾷⿱共亐
𰸞	⿰𧾷贵
𰸟	⿰𧾷畓
𰸠	⿰𧾷則
𰸡	⿰𧾷弇
𰸢	⿰𧾷沗
𰸣	⿰𧾷急
𰸤	⿰𧾷𫥎
𰸥	⿰𧾷亭
𰸦	⿰𧾷贺
𰸧	⿰𧾷⿱承一
𰸨	⿰𧾷⿱龷米
𰸩	⿰𧾷逃
𰸪	⿰𧾷得
𰸫	⿰𧾷彭
𰸬	⿰𧾷提
𰸭	⿰𧾷貼
𰸮	⿰𧾷量
𰸯	⿰𧾷⿷⿹？？𫜹
𰸰	⿰𧾷頉
𰸱	⿰𧾷豋
𰸲	⿰𧾷節
𰸳	⿰𧾷蒦
𰸴	⿰𧾷疑
𰸵	⿰𧾷領
𰸶	⿰𧾷儉
𰸷	⿱⿰⿱䶹㠯辛足
𰸸	⿰𧾷𡚖
𰸹	⿰𧾷孽
𰸺	⿰身反
𰸻	⿰身⿹勹弓
𰸼	⿰身𠂕
𰸽	⿰身必
𰸾	⿰身㝵
𰸿	⿰身罗
𰹀	⿰身单
𰹁	⿰身歪
𰹂	⿰身苟
𰹃	⿰身若
𰹄	⿰身耑
𰹅	⿰身拜
𰹆	⿰身爱
𰹇	⿰身萎
𰹈	⿰車乙
𰹉	⿱車𠃌
𰹊	⿰車乇
𰹋	⿰車勺
𰹌	⿰六車
𰹍	⿰車本
𰹎	⿰車⿱㇒𠔿
𰹏	⿰車夘
𰹐	⿰車加
𰹑	⿰車𣅀
𰹒	⿰車尿
𰹓	⿰車或
𰹔	⿰車杲
𰹕	⿰車⿱口𠮢
𰹖	⿰車秉
𰹗	⿰車⿳爫一寸
𰹘	⿰車受
𰹙	⿰車⿹勹㱏
𰹚	⿰𨊿欠
𰹛	⿰車乗
𰹜	⿰車⿳凶𡭔又
𰹝	⿰車竒
𰹞	⿳厽大車
𰹟	⿰車⿱𠀐田
𰹠	⿰車隽
𰹡	⿰車剝
𰹢	⿰車𱳛
𰹣	⿰車⿳⺈旧心
𰹤	⿰車畱
𰹥	⿰車𭦟
𰹦	⿰車貿
𰹧	⿰車肅
𰹨	⿰車遄
𰹩	⿰車賓
𰹪	⿰車㢘
𰹫	⿱𦆕山
𰹬	⿰車藏
𰹭	⿰車⿱𥫗⿰⿱去⺝攵
𰹮	⿰車⿱艹𨶲
𰹯	⿰车乙
𰹰	⿰车入
𰹱	⿰车㔾
𰹲	⿱车口
𰹳	⿰车川
𰹴	⿰车凡
𰹵	⿰车义
𰹶	⿰车王
𰹷	⿰车元
𰹸	⿰车屯
𰹹	⿰车切
𰹺	⿰车反
𰹻	⿰车巴
𰹼	⿰车戋
𰹽	⿰车平
𰹾	⿱𰀢车
𰹿	⿰车付
𰺀	⿰车氐
𰺁	⿰车句
𰺂	⿰车⿹勹巳
𰺃	⿰车对
𰺄	⿰车共
𰺅	⿱共车
𰺆	⿰车旬
𰺇	⿰车完
𰺈	⿰车君
𰺉	⿰车青
𰺊	⿰车夌
𰺋	⿰车取
𰺌	⿰车卖
𰺍	⿰车果
𰺎	⿰车非
𰺏	⿰车朋
𰺐	⿰车臽
𰺑	⿰车宛
𰺒	⿰车耑
𰺓	⿰车复
𰺔	⿰车㚇
𰺕	⿰车度
𰺖	⿰车秦
𰺗	⿰车监
𰺘	⿱殸车
𰺙	⿰车啬
𰺚	⿰车𦓔
𰺛	⿰车尞
𰺜	⿰车番
𰺝	⿰车童
𰺞	⿰车孱
𰺟	⿱𣪠车
𰺠	⿰车献
𰺡	⿰车蓋
𰺢	⿰车磊
𰺣	⿰车蔺
𰺤	⿰车臱
𰺥	⿰辛丸
𰺦	⿰⿳一𰀆十⿸卩？
𰺧	⿺先辛
𰺨	⿰辛画
𰺩	⿰辛咸
𰺪	⿱辡𠔿
𰺫	⿰辛𠔥
𰺬	⿰爾辛
𰺭	⿸辰会
𰺮	⿺辵卜
𰺯	⿺辶卄
𰺰	⿺辶兀
𰺱	⿺辶巾
𰺲	⿺辶𠃓
𰺳	⿺辶弓
𰺴	⿺辶匹
𰺵	⿺辵止
𰺶	⿺辶瓜
𰺷	⿺辶尧
𰺸	⿺辶托
𰺹	⿺辶团
𰺺	⿺辶𠂢
𰺻	⿺辶志
𰺼	⿰⿱彡止豕
𰺽	⿺辶良
𰺾	⿺辶奄
𰺿	⿺辶？
𰻀	⿺辶卦
𰻁	⿺辶典
𰻂	⿺辶炅
𰻃	⿺辶受
𰻄	⿺辶𦙚
𰻅	⿺辶咅
𰻆	⿺辶带
𰻇	⿺辶复
𰻈	⿺辵重
𰻉	⿺辶𢙅
𰻊	⿺辶高
𰻋	⿺辶䉼
𰻌	⿺辶⿻⿱⺕二⿴⿰⿱丶㇀⿱㇒丶亅
𰻍	⿺辶茟
𰻎	⿺辶⿱來土
𰻏	⿺辶崙
𰻐	⿺辶畢
𰻑	⿺辶偘
𰻒	⿺辶𡙗
𰻓	⿰立逢
𰻔	⿺辶⿰方⿱𠂉羊
𰻕	⿺辶肅
𰻖	⿰弄迷
𰻗	⿺辶⿱艹𦍒
𰻘	⿺辶奥
𰻙	⿰近枼
𰻚	⿺辶羣
𰻛	⿺辶豬
𰻜	⿺辶⿱⿳亠⿴⿰丨丨𠄠日京
𰻝	⿺辶⿳穴⿲月⿱⿲幺言幺⿲长马长刂心
𰻞	⿺辶⿳穴⿲月⿱⿲幺言幺⿲長馬長刂心
𰻟	⿰⿰？丶阝
𰻠	⿰巳阝
𰻡	⿰无阝
𰻢	⿰丐阝
𰻣	⿰⿻㇒𡳾邑
𰻤	⿰止阝
𰻥	⿰化阝
𰻦	⿰为阝
𰻧	⿱古邑
𰻨	⿰东阝
𰻩	⿱屾邑
𰻪	⿰㠻阝
𰻫	⿰甸阝
𰻬	⿰完阝
𰻭	⿰季阝
𰻮	⿰枭阝
𰻯	⿰京阝
𰻰	⿰𡱅阝
𰻱	⿱⿰弓石邑
𰻲	⿰𠥆阝
𰻳	⿰费阝
𰻴	⿰⿱王回阝
𰻵	⿰⿱罒电阝
𰻶	⿰⿳山⺊𠕁阝
𰻷	⿱殷邑
𰻸	⿱那艮
𰻹	⿰𭦌阝
𰻺	⿰密阝
𰻻	⿰𡨼阝
𰻼	⿰𣈅阝
𰻽	⿰⿸广⿱田用阝
𰻾	⿰⿱罒⿺𠃊非阝
𰻿	⿱𪏯邑
𰼀	⿰㬱阝
𰼁	⿰享𨜞
𰼂	⿰⿳霝工𠱠阝
𰼃	⿰酉上
𰼄	⿰酉升
𰼅	⿰酉𠬤
𰼆	⿱奴酉
𰼇	⿰酉𥤦
𰼈	⿰酉那
𰼉	⿰酉⿱厼又
𰼊	⿰酉或
𰼋	⿰酉劳
𰼌	⿰酉非
𰼍	⿰酋𢦙
𰼎	⿰酉⿳厶八⿱⺌又
𰼏	⿰酉监
𰼐	⿰酉䀁
𰼑	⿰酉𬜯
𰼒	⿰酉⿱非于
𰼓	⿰酉替
𰼔	⿰酉結
𰼕	⿰酉⿱覀𡬠
𰼖	⿰酉審
𰼗	⿰釆井
𰼘	⿱里𠃍
𰼙	⿰里匀
𰼚	⿱𢪛厘
𰼛	⿱𠡠里
𰼜	⿰重𠬶
𰼝	⿰里音
𰼞	⿰重金
𰼟	⿱金口
𰼠	⿰釒飞
𰼡	⿱分金
𰼢	⿰釒父
𰼣	⿰釒㝉
𰼤	⿰釒末
𰼥	⿰釒卢
𰼦	⿰釒发
𰼧	⿰釒亘
𰼨	⿰釒尖
𰼩	⿱⿰夕弋金
𰼪	⿰牟金
𰼫	⿱厽金
𰼬	⿰釒丞
𰼭	⿰釒过
𰼮	⿰釒困
𰼯	⿰釒⿱𠂉正
𰼰	⿰釒角
𰼱	⿰釒皁
𰼲	⿰釒甸
𰼳	⿰釒佥
𰼴	⿰釒那
𰼵	⿱𣧌金
𰼶	⿱刺金
𰼷	⿱拉金
𰼸	⿰釒旻
𰼹	⿰釒图
𰼺	⿰釒𢌿
𰼻	⿱轻金
𰼼	⿱鈍末
𰼽	⿱相金
𰼾	⿰釒胄
𰼿	⿰釒垕
𰽀	⿰釒㓧
𰽁	⿰釒故
𰽂	⿰釒逄
𰽃	⿰釒脊
𰽄	⿰釒𡭽
𰽅	⿰釒离
𰽆	⿰釒悳
𰽇	⿰釒提
𰽈	⿱項金
𰽉	⿱錯六
𰽊	⿰釒裂
𰽋	⿰釒寔
𰽌	⿰釒就
𰽍	⿰釒遇
𰽎	⿰釒𩢃
𰽏	⿰釒蒲
𰽐	⿰釒嘗
𰽑	⿲辛金辛
𰽒	⿰釒夐
𰽓	⿰釒⿱⿱⿴𦥑同冖見
𰽔	⿱⿰鏡鏡⿰鏡鏡
𰽕	⿰钅几
𰽖	⿰钅力
𰽗	⿰钅于
𰽘	⿰钅大
𰽙	⿰钅上
𰽚	⿰钅广
𰽛	⿰钅小
𰽜	⿰钅区
𰽝	⿰钅历
𰽞	⿰钅厄
𰽟	⿰钅井
𰽠	⿰钅止
𰽡	⿰钅日
𰽢	⿰钅见
𰽣	⿰钅引
𰽤	⿰钅夬
𰽥	⿰钅丙
𰽦	⿰钅龙
𰽧	⿰钅丕
𰽨	⿰钅只
𰽩	⿰钅卡
𰽪	⿰钅仝
𰽫	⿰钅生
𰽬	⿰钅禾
𰽭	⿰钅句
𰽮	⿰钅付
𰽯	⿰钅主
𰽰	⿰钅半
𰽱	⿰钅弗
𰽲	⿰钅吉
𰽳	⿰钅页
𰽴	⿰钅夸
𰽵	⿰钅光
𰽶	⿰钅虫
𰽷	⿰钅岁
𰽸	⿰钅𠂢
𰽹	⿰钅多
𰽺	⿰钅危
𰽻	⿰钅任
𰽼	⿰钅并
𰽽	⿰钅羊
𰽾	⿰钅过
𰽿	⿰钅𦔮
𰾀	⿰钅孛
𰾁	⿰钅汞
𰾂	⿰钅𰅴
𰾃	⿰钅足
𰾄	⿰钅每
𰾅	⿰钅含
𰾆	⿰钅谷
𰾇	⿰钅吞
𰾈	⿰钅沙
𰾉	⿰钅罕
𰾊	⿰钅囱
𰾋	⿰钅库
𰾌	⿰钅斩
𰾍	⿰钅表
𰾎	⿰钅卑
𰾏	⿰钅匋
𰾐	⿰钅非
𰾑	⿰钅金
𰾒	⿰钅官
𰾓	⿰钅沓
𰾔	⿰钅𰉯
𰾕	⿰钅枼
𰾖	⿰钅⿱左⺝
𰾗	⿰钅咸
𰾘	⿰钅甚
𰾙	⿰钅禺
𰾚	⿰钅畏
𰾛	⿰钅界
𰾜	⿰钅耑
𰾝	⿰钅星
𰾞	⿰钅㚇
𰾟	⿰钅复
𰾠	⿰钅𫥎
𰾡	⿰钅訇
𰾢	⿰钅施
𰾣	⿰钅屋
𰾤	⿰钅叚
𰾥	⿰钅癸
𰾦	⿰钅彖
𰾧	⿰钅敖
𰾨	⿰钅冓
𰾩	⿰钅盍
𰾪	⿰钅恶
𰾫	⿰钅监
𰾬	⿰钅𦐇
𰾭	⿰钅爱
𰾮	⿰钅兼
𰾯	⿰钅唐
𰾰	⿰钅崔
𰾱	⿰钅悤
𰾲	⿰钅鹿
𰾳	⿰钅敢
𰾴	⿰钅斯
𰾵	⿰钅辜
𰾶	⿰钅惠
𰾷	⿰钅朁
𰾸	⿰钅鼎
𰾹	⿰钅雋
𰾺	⿰钅粤
𰾻	⿰钅奠
𰾼	⿰钅巽
𰾽	⿰钅属
𰾾	⿰钅献
𰾿	⿰钅葛
𰿀	⿰钅鉴
𰿁	⿰钅麀
𰿂	⿰钅需
𰿃	⿰钅蔑
𰿄	⿰钅畾
𰿅	⿰钅嶲
𰿆	⿰钅赞
𰿇	⿰钅㔍
𰿈	⿰钅韱
𰿉	⿰钅壘
𰿊	⿰钅羸
𰿋	⿰么長
𰿌	⿰镸分
𰿍	⿰农長
𰿎	⿰镸⿱大日
𰿏	⿺長里
𰿐	⿰镸㐬
𰿑	⿰镸⿱⿰㇒乛吉
𰿒	⿰镸⿱夂缶
𰿓	⿰镸⿱正主
𰿔	⿺長康
𰿕	⿰镸參
𰿖	⿱不长
𰿗	⿵門卜
𰿘	⿵門万
𰿙	⿵門久
𰿚	⿵門夕
𰿛	⿵門丫
𰿜	⿵門勿
𰿝	⿵門六
𰿞	⿵門⿰夕刂
𰿟	⿵門在
𰿠	⿰開天
𰿡	⿵門侖
𰿢	⿵門空
𰿣	⿵門封
𰿤	⿵門滿
𰿥	⿵门丨
𰿦	⿱𠄟门
𰿧	⿵门女
𰿨	⿵门元
𰿩	⿵门牙
𰿪	⿵门分
𰿫	⿵门为
𰿬	⿵门平
𰿭	⿵门田
𰿮	⿵门自
𰿯	⿵门豆
𰿰	⿵门身
𰿱	⿵门朋
𰿲	⿵门昆
𰿳	⿰杀闪
𰿴	⿵门曷
𰿵	⿵门俞
𰿶	⿵门穿
𰿷	⿵门祘
𰿸	⿵门臭
𰿹	⿵门黄
𰿺	⿵门堂
𰿻	⿵门翕
𰿼	⿵门曾
𰿽	⿵门𪳄
𰿾	⿵门辟
𰿿	⿰𫔭害
𱀀	⿵门酸
𱀁	⿰阜千
𱀂	⿰阜子
𱀃	⿰阝帀
𱀄	⿰阝公
𱀅	⿰阜夬
𱀆	⿰阝古
𱀇	⿰阝禾
𱀈	⿰阜乍
𱀉	⿰𨸏句
𱀊	⿰阝宄
𱀋	⿰阝圭
𱀌	⿰阝㱏
𱀍	⿰阝𭑃
𱀎	⿰阝𰆗
𱀏	⿰阝企
𱀐	⿰阝⿱夕巳
𱀑	⿰阝⿱少马
𱀒	⿰阝𡵯
𱀓	⿰𨸏肖
𱀔	⿰阝㝎
𱀕	⿰阝⿱厼又
𱀖	⿰阜夋
𱀗	⿰阝昔
𱀘	⿰𨸏夌
𱀙	⿰阝𡶤
𱀚	⿰阝委
𱀛	⿰阝舍
𱀜	⿰阜隹
𱀝	⿰阜阜
𱀞	⿰阝空
𱀟	⿰阜享
𱀠	⿰⿰丨⿱？？⿳𫜹冖巾
𱀡	⿰阝贲
𱀢	⿰阝郁
𱀣	⿰阝昰
𱀤	⿰阝⿱日𭑨
𱀥	⿰阝叟
𱀦	⿰阝⿱白止
𱀧	⿰阝㘶
𱀨	⿰阝𥸭
𱀩	⿰阝凾
𱀪	⿰阝冓
𱀫	⿰阝⿳厼又山
𱀬	⿰阝⿱來土
𱀭	⿰阝⿸？丘
𱀮	⿰阜祭
𱀯	⿰阝寅
𱀰	⿰阝⿱亠畏
𱀱	⿰阝替
𱀲	⿰阝⿱兂⿰兂兂
𱀳	⿰𨸏賁
𱀴	⿰阝⿱央貝
𱀵	⿰阝尊
𱀶	⿰阝𠔥
𱀷	⿰阝達
𱀸	⿰阝雽
𱀹	⿰阝⿱耳⿰耳𡿨
𱀺	⿰阝路
𱀻	⿰阝蒦
𱀼	⿰阝戯
𱀽	⿰阝𭟼
𱀾	⿰阝𤕨
𱀿	⿰阝適
𱁀	⿱随𠇍
𱁁	⿰阝⿱⿸耳又⿸耳又
𱁂	⿱隊𱥯
𱁃	⿲𨸏益阜
𱁄	⿴𨺅益
𱁅	⿱八隹
𱁆	⿱隹𠫔
𱁇	⿱𠔼隹
𱁈	⿰乡隹
𱁉	⿰斗隹
𱁊	⿰竒隹
𱁋	⿰隹従
𱁌	⿰⿱羽尒隹
𱁍	⿸雁直
𱁎	⿰⿱含酉隹
𱁏	⿰賔隹
𱁐	⿰⿱出隹翟
𱁑	⿱雨匕
𱁒	⿱雨对
𱁓	⿱雨㓜
𱁔	⿱雨坊
𱁕	⿱雨𡉵
𱁖	⿱雨坚
𱁗	⿱雷八
𱁘	⿱雨男
𱁙	⿱雨沃
𱁚	⿱雨防
𱁛	⿱雨東
𱁜	⿱雨⿰耳几
𱁝	⿱雨取
𱁞	⿱雨单
𱁟	⿱雨育
𱁠	⿺電巴
𱁡	⿱雨𢓤
𱁢	⿱雨㳝
𱁣	⿰雪宜
𱁤	⿰雷眉
𱁥	⿰雲帶
𱁦	⿱雨賜
𱁧	⿱雨鋂
𱁨	⿱雨審
𱁩	⿱雨澧
𱁪	⿱雨壨
𱁫	⿱雨雥
𱁬	⿳雲⿲雲龍雲龖
𱁭	⿰青㝎
𱁮	⿰青𠬶
𱁯	⿱毳非
𱁰	⿰面拿
𱁱	⿰革𠃓
𱁲	⿰革冗
𱁳	⿰革𠬤
𱁴	⿰革毕
𱁵	⿰革边
𱁶	⿰革迁
𱁷	⿰革卖
𱁸	⿰革苟
𱁹	⿰革贵
𱁺	⿰革娄
𱁻	⿰革𦮠
𱁼	⿰革⿳宀龶口
𱁽	⿰革阑
𱁾	⿰革𬞕
𱁿	⿰韋叉
𱂀	⿰韋水
𱂁	⿰韋皮
𱂂	⿰韋利
𱂃	⿰韦及
𱂄	⿰韦未
𱂅	⿰韦必
𱂆	⿰韦合
𱂇	⿱龹韦
𱂈	⿰韦军
𱂉	⿰韦肖
𱂊	⿰韦枼
𱂋	⿰韦蜀
𱂌	⿰韦蒦
𱂍	⿱队韭
𱂎	⿰⿳⿱⺊冖一贝⿱又韭
𱂏	⿱也音
𱂐	⿰音员
𱂑	⿰音⿱爫工
𱂒	⿰音禺
𱂓	⿰音⿳⿵𠆢一𭕄口
𱂔	⿰戸頁
𱂕	⿰卆頁
𱂖	⿰⿱火丁頁
𱂗	⿰𦍌頁
𱂘	⿰㚓頁
𱂙	⿰妟頁
𱂚	⿰鬲頁
𱂛	⿰⿱舟止頁
𱂜	⿰旁頁
𱂝	⿰𤊙頁
𱂞	⿰⿳自穴口頁
𱂟	⿰⿱答𠕁頁
𱂠	⿰乇页
𱂡	⿰气页
𱂢	⿰出页
𱂣	⿰尧页
𱂤	⿰岁页
𱂥	⿰各页
𱂦	⿰并页
𱂧	⿰米页
𱂨	⿰安页
𱂩	⿰甫页
𱂪	⿰𰅴页
𱂫	⿰佥页
𱂬	⿰𢌳页
𱂭	⿰隹页
𱂮	⿰卑页
𱂯	⿰卒页
𱂰	⿰函页
𱂱	⿰咸页
𱂲	⿰思页
𱂳	⿰皇页
𱂴	⿰冓页
𱂵	⿰骨页
𱂶	⿰恖页
𱂷	⿰旃页
𱂸	⿰宾页
𱂹	⿰⿸户米页
𱂺	⿰票页
𱂻	⿰焦页
𱂼	⿱比風
𱂽	⿰占風
𱂾	⿺風夘
𱂿	⿰包風
𱃀	⿺風狄
𱃁	⿺風身
𱃂	⿺風防
𱃃	⿰夌風
𱃄	⿺風虎
𱃅	⿺風朋
𱃆	⿰咅風
𱃇	⿰枼風
𱃈	⿺風⿱穴㕛
𱃉	⿰叜風
𱃊	⿺風㽜
𱃋	⿺風敖
𱃌	⿰⿳⺈回夕風
𱃍	⿺風⿱羽尒
𱃎	⿺風禽
𱃏	⿰詹風
𱃐	⿺風麃
𱃑	⿺風燮
𱃒	⿺風聶
𱃓	⿺風蟲
𱃔	⿺风彡
𱃕	⿺风牙
𱃖	⿺风幼
𱃗	⿺风台
𱃘	⿺风列
𱃙	⿺风刘
𱃚	⿺风劦
𱃛	⿺风豕
𱃜	⿺风委
𱃝	⿱风⿰风风
𱃞	⿺风俞
𱃟	⿰習风
𱃠	⿺风猋
𱃡	⿰飠于
𱃢	⿰飠亏
𱃣	⿰飠下
𱃤	⿱食心
𱃥	⿰𩙿刑
𱃦	⿰𩙿而
𱃧	⿰飠光
𱃨	⿰飠足
𱃩	⿰飠间
𱃪	⿰飠其
𱃫	⿰飠朋
𱃬	⿰飠哥
𱃭	⿰飠校
𱃮	⿰養𠀋
𱃯	⿰飠盘
𱃰	⿰飠短
𱃱	⿰饣乞
𱃲	⿰饣区
𱃳	⿰饣不
𱃴	⿰饣卞
𱃵	⿰饣央
𱃶	⿰饣囚
𱃷	⿰饣半
𱃸	⿰饣至
𱃹	⿰饣岂
𱃺	⿰饣舌
𱃻	⿰饣约
𱃼	⿰饣奔
𱃽	⿰饣⿱𠆢亥
𱃾	⿰饣咅
𱃿	⿰饣炎
𱄀	⿰饣贲
𱄁	⿰饣俞
𱄂	⿰饣叜
𱄃	⿰饣建
𱄄	⿰饣彖
𱄅	⿰饣修
𱄆	⿰饣喜
𱄇	⿰饣象
𱄈	⿰饣蒙
𱄉	⿰饣㥯
𱄊	⿰饣赞
𱄋	⿰首斗
𱄌	⿹⿽戈一首
𱄍	⿰𩠐或
𱄎	⿰香云
𱄏	⿰香良
𱄐	⿰香逢
𱄑	⿱厶馬
𱄒	⿰馬手
𱄓	⿰馬艺
𱄔	⿰馬囙
𱄕	⿰馬他
𱄖	⿰馬夘
𱄗	⿰馬宂
𱄘	⿰馬⿱口土
𱄙	⿰馬丠
𱄚	⿰馬⿱⺊日
𱄛	⿰馬耒
𱄜	⿰馬⿱又丑
𱄝	⿰馬克
𱄞	⿰馬𡉵
𱄟	⿰馬𦬊
𱄠	⿰馬系
𱄡	⿰馬𬽵
𱄢	⿰馬⿱厼又
𱄣	⿰馬⿹勹㱏
𱄤	⿰馬臾
𱄥	⿰馬乗
𱄦	⿰馬⿳凶𡭔又
𱄧	⿰馬音
𱄨	⿰馬宣
𱄩	⿰馬素
𱄪	⿰馬𢙣
𱄫	⿰馬𠳮
𱄬	⿰馬殷
𱄭	⿰馬㽜
𱄮	⿰馬⿱止豆
𱄯	⿰馬⿱山昌
𱄰	⿰馬⿱彡忩
𱄱	⿰馬𭦌
𱄲	⿰馬惡
𱄳	⿰馬𠁊
𱄴	⿱𠗲馬
𱄵	⿰馬肆
𱄶	⿰馬⿱⺈𧠓
𱄷	⿰馬𭧂
𱄸	⿰馬𥠖
𱄹	⿰馬趠
𱄺	⿰馬⿻𠂹日
𱄻	⿰馬⿱凶鳥
𱄼	⿱马廾
𱄽	⿰马乇
𱄾	⿰马广
𱄿	⿰马马
𱅀	⿰𠤏马
𱅁	⿱马中
𱅂	⿰马及
𱅃	⿰马巨
𱅄	⿰马犮
𱅅	⿱龙马
𱅆	⿰马右
𱅇	⿰马㐱
𱅈	⿰马必
𱅉	⿰马戎
𱅊	⿱执马
𱅋	⿰马耳
𱅌	⿰马丠
𱅍	⿰马戍
𱅎	⿰马伏
𱅏	⿰马兆
𱅐	⿰马交
𱅑	⿱龹马
𱅒	⿲马马马
𱅓	⿰马孛
𱅔	⿰马束
𱅕	⿰马来
𱅖	⿰马肙
𱅗	⿰马我
𱅘	⿰马闲
𱅙	⿰马兑
𱅚	⿰马舍
𱅛	⿰马单
𱅜	⿰马要
𱅝	⿰扁马
𱅞	⿰马叚
𱅟	⿰马柔
𱅠	⿰𠦝⿱𠆢马
𱅡	⿰马鬼
𱅢	⿰马乘
𱅣	⿰马舀
𱅤	⿰马宾
𱅥	⿰马冡
𱅦	⿰马黄
𱅧	⿰马虚
𱅨	⿰马務
𱅩	⿰马習
𱅪	⿰马覃
𱅫	⿰马矞
𱅬	⿰马燕
𱅭	⿰骨而
𱅮	⿰骨尧
𱅯	⿰骨𡗢
𱅰	⿰骨奄
𱅱	⿰骨其
𱅲	⿰骨肯
𱅳	⿰骨惡
𱅴	⿱高丁
𱅵	⿱高几
𱅶	⿱高入
𱅷	⿰高上
𱅸	⿱正髙
𱅹	⿰高申
𱅺	⿰高㞋
𱅻	⿰高亘
𱅼	⿰高圶
𱅽	⿱敬高
𱅾	⿰⿱高⿱卝干亘
𱅿	⿱髟加
𱆀	⿱髟间
𱆁	⿱髟𫔮
𱆂	⿱髟星
𱆃	⿱髟贵
𱆄	⿱髟费
𱆅	⿱髟监
𱆆	⿱髟𬜯
𱆇	⿱髟𣷚
𱆈	⿱髟赞
𱆉	⿵鬥賔
𱆊	⿱匕鬯
𱆋	⿱可鬲
𱆌	⿰鬲⿱𠂉𠃓
𱆍	⿰鬲刍
𱆎	⿱𦥑鬲
𱆏	⿰鬲魚
𱆐	⿱⿲弓去弓鬲
𱆑	⿱⿲弓𭑈弓鬲
𱆒	⿱⿲弓咸弓鬲
𱆓	⿳羔𦍌鬲
𱆔	⿱⿲弓𰋣弓鬲
𱆕	⿱⿲弓⿳⿱艹罒冖戊弓鬲
𱆖	⿱几鬼
𱆗	⿺鬼升
𱆘	⿱勿鬼
𱆙	⿺鬼尧
𱆚	⿺鬼页
𱆛	⿰寿鬼
𱆜	⿱罔鬼
𱆝	⿰房鬼
𱆞	⿺鬼拜
𱆟	⿺鬼竒
𱆠	⿺鬼𡬽
𱆡	⿰賔鬼
𱆢	⿰⿳霝大王鬼
𱆣	⿱八魚
𱆤	⿰魚万
𱆥	⿰魚丹
𱆦	⿺巴魚
𱆧	⿰魚丑
𱆨	⿰魚𠘭
𱆩	⿰魚号
𱆪	⿱夗魚
𱆫	⿱对魚
𱆬	⿰魚毕
𱆭	⿰魚戒
𱆮	⿰魚芉
𱆯	⿰魚秀
𱆰	⿰魚龟
𱆱	⿰魚⿱火干
𱆲	⿰魚灵
𱆳	⿰魚松
𱆴	⿰魚林
𱆵	⿰魚𢍆
𱆶	⿰魚⿱日𭑨
𱆷	⿰魚侵
𱆸	⿰魚⿱亡⿹勹方
𱆹	⿰魚娄
𱆺	⿰魚羔
𱆻	⿰魚𥥗
𱆼	⿰魚烝
𱆽	⿰魚戝
𱆾	⿰魚䍘
𱆿	⿰魚戞
𱇀	⿰魚𣷚
𱇁	⿰魚量
𱇂	⿰魚㐮
𱇃	⿰魚𮧊
𱇄	⿰魚畾
𱇅	⿰魚墨
𱇆	⿰魚盤
𱇇	⿰魚摩
𱇈	⿰魚龍
𱇉	⿰魚霝
𱇊	⿰魚蟸
𱇋	⿰魚彎
𱇌	⿰魚蘖
𱇍	⿰鱼乚
𱇎	⿰鱼卜
𱇏	⿰鱼乇
𱇐	⿰鱼元
𱇑	⿰鱼巿
𱇒	⿰鱼比
𱇓	⿰鱼互
𱇔	⿰鱼内
𱇕	⿰鱼攵
𱇖	⿰鱼反
𱇗	⿰鱼仑
𱇘	⿰鱼亢
𱇙	⿰鱼冘
𱇚	⿰鱼末
𱇛	⿰鱼未
𱇜	⿰鱼去
𱇝	⿰鱼丕
𱇞	⿰鱼旦
𱇟	⿰鱼甲
𱇠	⿰鱼囚
𱇡	⿰鱼生
𱇢	⿰鱼玄
𱇣	⿰鱼发
𱇤	⿰鱼幼
𱇥	⿰鱼亘
𱇦	⿰鱼夸
𱇧	⿰鱼夷
𱇨	⿰鱼尗
𱇩	⿰鱼乔
𱇪	⿰鱼各
𱇫	⿱如鱼
𱇬	⿰鱼𦣞
𱇭	⿰鱼来
𱇮	⿰鱼芒
𱇯	⿰鱼肖
𱇰	⿰鱼邑
𱇱	⿲亻丨⿱夂鱼
𱇲	⿰鱼孚
𱇳	⿰鱼夋
𱇴	⿰鱼纳
𱇵	⿰鱼责
𱇶	⿰鱼坴
𱇷	⿰鱼昔
𱇸	⿰鱼黾
𱇹	⿱制鱼
𱇺	⿰鱼季
𱇻	⿰鱼臽
𱇼	⿰鱼咎
𱇽	⿰鱼匊
𱇾	⿰鱼宗
𱇿	⿰鱼肃
𱈀	⿰鱼居
𱈁	⿰鱼延
𱈂	⿰鱼禺
𱈃	⿰鱼胃
𱈄	⿰鱼侯
𱈅	⿰鱼㚇
𱈆	⿰鱼娄
𱈇	⿰鱼恆
𱈈	⿰鱼恒
𱈉	⿰鱼虔
𱈊	⿰鱼留
𱈋	⿰鱼高
𱈌	⿰鱼羞
𱈍	⿰鱼弱
𱈎	⿰鱼桑
𱈏	⿰鱼逐
𱈐	⿰鱼專
𱈑	⿲彳⿳山一鱼攵
𱈒	⿰鱼斯
𱈓	⿰鱼覃
𱈔	⿰鱼朁
𱈕	⿰鱼番
𱈖	⿰鱼赖
𱈗	⿰鱼需
𱈘	⿰鱼嘗
𱈙	⿰鱼蔑
𱈚	⿰鱼噩
𱈛	⿰鱼瞢
𱈜	⿱鱼⿰鱼鱼
𱈝	⿰鳥丂
𱈞	⿰斤鳥
𱈟	⿰尺鳥
𱈠	⿰叫鳥
𱈡	⿰卡鳥
𱈢	⿱凹鳥
𱈣	⿰鳥旦
𱈤	⿰汉鳥
𱈥	⿰台鳥
𱈦	⿰曲鳥
𱈧	⿰⿱亠氏鳥
𱈨	⿰鳥成
𱈩	⿰孝鳥
𱈪	⿰鳥妟
𱈫	⿰鳥旱
𱈬	⿰⿳亠丷子鳥
𱈭	⿰表鳥
𱈮	⿰林鳥
𱈯	⿰⿱日⺝鳥
𱈰	⿰鳥咎
𱈱	⿰計鳥
𱈲	⿰娄鳥
𱈳	⿰穾鳥
𱈴	⿱根鳥
𱈵	⿰𢙣鳥
𱈶	⿱鴨必
𱈷	⿰叟鳥
𱈸	⿰笄鳥
𱈹	⿰⿱羽尒鳥
𱈺	⿰𣷚鳥
𱈻	⿰替鳥
𱈼	⿰⿱⿳士冖一𡖉鳥
𱈽	⿰㖾鳥
𱈾	⿰楊鳥
𱈿	⿱㲄鳥
𱉀	⿰⿳艹罒心鳥
𱉁	⿰鳥歲
𱉂	⿰⿱𡧇𰤲鳥
𱉃	⿰⿱山黒鳥
𱉄	⿰劉鳥
𱉅	⿱𨿣鳥
𱉆	⿰鳥⿳𣅽八氺
𱉇	⿰鸟乙
𱉈	⿰刀鸟
𱉉	⿰了鸟
𱉊	⿰干鸟
𱉋	⿰鸟干
𱉌	⿰鸟义
𱉍	⿰𤣩鸟
𱉎	⿰夫鸟
𱉏	⿰专鸟
𱉐	⿰贝鸟
𱉑	⿰分鸟
𱉒	⿰月鸟
𱉓	⿸户鸟
𱉔	⿰夬鸟
𱉕	⿰鸟可
𱉖	⿰丕鸟
𱉗	⿰旦鸟
𱉘	⿰且鸟
𱉙	⿰鸟只
𱉚	⿰失鸟
𱉛	⿰矢鸟
𱉜	⿰付鸟
𱉝	⿰？鸟
𱉞	⿰母鸟
𱉟	⿰𠬤鸟
𱉠	⿰𢀖鸟
𱉡	⿰弁鸟
𱉢	⿰幼鸟
𱉣	⿰鸟戎
𱉤	⿰圭鸟
𱉥	⿰吉鸟
𱉦	⿰老鸟
𱉧	⿹𢦏鸟
𱉨	⿰亚鸟
𱉩	⿰夷鸟
𱉪	⿰艾鸟
𱉫	⿰朱鸟
𱉬	⿰乔鸟
𱉭	⿰危鸟
𱉮	⿰各鸟
𱉯	⿰羊鸟
𱉰	⿱兴鸟
𱉱	⿰军鸟
𱉲	⿰牟鸟
𱉳	⿰买鸟
𱉴	⿱杨鸟
𱉵	⿰来鸟
𱉶	⿰旱鸟
𱉷	⿰役鸟
𱉸	⿰鸟余
𱉹	⿰希鸟
𱉺	⿰孚鸟
𱉻	⿰妥鸟
𱉼	⿰即鸟
𱉽	⿰忌鸟
𱉾	⿰夋鸟
𱉿	⿰鸟夋
𱊀	⿰坴鸟
𱊁	⿰奇鸟
𱊂	⿰明鸟
𱊃	⿱𥝢鸟
𱊄	⿰鸟兒
𱊅	⿰鸟隹
𱊆	⿰兔鸟
𱊇	⿰匊鸟
𱊈	⿰兒鸟
𱊉	⿰学鸟
𱊊	⿰空鸟
𱊋	⿰肩鸟
𱊌	⿰居鸟
𱊍	⿰叕鸟
𱊎	⿰甾鸟
𱊏	⿰畐鸟
𱊐	⿰皆鸟
𱊑	⿰盾鸟
𱊒	⿰爰鸟
𱊓	⿱脉鸟
𱊔	⿰复鸟
𱊕	⿰帝鸟
𱊖	⿰突鸟
𱊗	⿰柔鸟
𱊘	⿰彖鸟
𱊙	⿱振鸟
𱊚	⿰真鸟
𱊛	⿰隼鸟
𱊜	⿱鸟⿰鸟鸟
𱊝	⿰唐鸟
𱊞	⿰涑鸟
𱊟	⿰害鸟
𱊠	⿰荼鸟
𱊡	⿱唯鸟
𱊢	⿰笠鸟
𱊣	⿰酓鸟
𱊤	⿰庸鸟
𱊥	⿰商鸟
𱊦	⿰壹鸟
𱊧	⿸厥鸟
𱊨	⿰鸟渠
𱊩	⿰屠鸟
𱊪	⿰零鸟
𱊫	⿰虞鸟
𱊬	⿰蜀鸟
𱊭	⿱與鸟
𱊮	⿱吂⿲月鸟凡
𱊯	⿱敫鸟
𱊰	⿰意鸟
𱊱	⿰翟鸟
𱊲	⿰暴鸟
𱊳	⿰畾鸟
𱊴	⿱燕鸟
𱊵	⿰龠鸟
𱊶	⿰鹵仐
𱊷	⿰鹵宁
𱊸	⿰鹵⿱八今
𱊹	⿰鹵⿱⺈旧
𱊺	⿱卤土
𱊻	⿱卤豆
𱊼	⿰卤最
𱊽	⿰卤褱
𱊾	⿸麆又
𱊿	⿸鹿⿱厼又
𱋀	⿸鹿⿺辶来
𱋁	⿰鹿鹿
𱋂	⿸鹿彌
𱋃	⿰麥昔
𱋄	⿰麦丂
𱋅	⿰麦匕
𱋆	⿰麦山
𱋇	⿰麦乞
𱋈	⿰麦广
𱋉	⿰麦手
𱋊	⿰麦末
𱋋	⿰麦去
𱋌	⿰麦禾
𱋍	⿰麦主
𱋎	⿰麦穴
𱋏	⿰麦𠮦
𱋐	⿰麦曲
𱋑	⿰麦乔
𱋒	⿰麦自
𱋓	⿰麦各
𱋔	⿰麦并
𱋕	⿰麦米
𱋖	⿰麦甫
𱋗	⿰麦孚
𱋘	⿰麦沙
𱋙	⿰麦果
𱋚	⿰麦备
𱋛	⿰麦季
𱋜	⿰麦隹
𱋝	⿰麦咅
𱋞	⿰⿱⿱士冖麦殳
𱋟	⿰麦胡
𱋠	⿰麦俞
𱋡	⿰麦娄
𱋢	⿰麦酋
𱋣	⿰麦柔
𱋤	⿰麦敄
𱋥	⿱敄麦
𱋦	⿰麦俻
𱋧	⿰麦⿱⿻𦍌㇒工
𱋨	⿰麦莎
𱋩	⿰麦⿻千𠈌
𱋪	⿰麦啇
𱋫	⿰麦黄
𱋬	⿰麦粦
𱋭	⿰麦𣘐
𱋮	⿰麦蒙
𱋯	⿰麻告
𱋰	⿰麻來
𱋱	⿸麻贲
𱋲	⿰黄生
𱋳	⿰黃㐬
𱋴	⿰黄单
𱋵	⿰黍⿱⿹勹丿尒
𱋶	⿰黑卢
𱋷	⿰黑𢦙
𱋸	⿰黑夆
𱋹	⿰黑𭦌
𱋺	⿰黑等
𱋻	⿰去𬹝
𱋼	⿱甸黽
𱋽	⿺𬹝甸
𱋾	⿱⿱土八黾
𱋿	⿱去黾
𱌀	⿱央黾
𱌁	⿰句黾
𱌂	⿺黾冬
𱌃	⿰圭黾
𱌄	⿱知黾
𱌅	⿱兒黾
𱌆	⿰冥黾
𱌇	⿱敝黾
𱌈	⿸麻黾
𱌉	⿱辟黾
𱌊	⿱鼓长
𱌋	⿱鼓可
𱌌	⿱𡔷⿲丬关刂
𱌍	⿰鼠夕
𱌎	⿰鼠亥
𱌏	⿰鼠军
𱌐	⿰鼠𠔥
𱌑	⿰鼻卜
𱌒	⿰鼻入
𱌓	⿰鼻斤
𱌔	⿰鼻生
𱌕	⿰鼻夹
𱌖	⿰鼻农
𱌗	⿵齐火
𱌘	⿱齐皿
𱌙	⿵齐衣
𱌚	⿰齒犬
𱌛	⿰齒攵
𱌜	⿰齒分
𱌝	⿰齒他
𱌞	⿰齒⿱厼又
𱌟	⿱封齒
𱌠	⿱𠡠齒
𱌡	⿰齒竒
𱌢	⿰齒宵
𱌣	⿰齒⿱宀⿰耳𡿨
𱌤	⿰齒逢
𱌥	⿱𢽟齒
𱌦	⿱貇齒
𱌧	⿰齒⿱面旦
𱌨	⿰齒聮
𱌩	⿰齿工
𱌪	⿰齿文
𱌫	⿰齿只
𱌬	⿰齿乍
𱌭	⿰齿刍
𱌮	⿰⿱止凶句
𱌯	⿰齿台
𱌰	⿰齿尧
𱌱	⿰齿曳
𱌲	⿱龹齿
𱌳	⿰齿军
𱌴	⿰齿来
𱌵	⿰齿佥
𱌶	⿰齿取
𱌷	⿰齿厓
𱌸	⿱制齿
𱌹	⿰齿禺
𱌺	⿰齿真
𱌻	⿰齿盍
𱌼	⿰齿差
𱌽	⿰齿益
𱌾	⿱龍丙
𱌿	⿰开龍
𱍀	⿱垥龍
𱍁	⿱龙廾
𱍂	⿰龙龙
𱍃	⿱大龟
𱍄	⿰冄龟
𱍅	⿺龟勾
𱍆	⿱龟灬
𱍇	⿰冬龟
𱍈	⿱敝龟
𱍉	⿰龠龟
𱍊	⿰𠎤昌
𱍐	⿱一⿻丅儿
𱍑	⿱去一
𱍒	⿰丁央
𱍓	⿺𠃊⿸𠂇⿱㇒𰀁
𱍔	⿰下龙
𱍕	⿻𣎴从
𱍖	⿰兰下
𱍗	⿱一𱥺
𱍘	⿰丢勿
𱍙	⿰尚丁
𱍚	⿱不多
𱍛	⿱不合
𱍜	⿰谷下
𱍝	⿰完下
𱍞	⿱业次
𱍟	⿰与念
𱍠	⿱品下
𱍡	⿰不闹
𱍢	⿰𥒥丁
𱍣	⿱狂丢
𱍤	⿱不是
𱍥	⿳卝⿴北𠮛一
𱍦	⿰世旁
𱍧	⿰尋下
𱍨	⿰𦰩丕
𱍩	⿰上需
𱍪	⿱丽⿸？殷
𱍫	⿱⿰丨㇎一
𱍬	⿰⿰丨丿夬
𱍭	⿰⿰丨丿艮
𱍮	⿰⿰丨丿充
𱍯	⿰⿰丨丿同
𱍰	⿰⿰丨丿亚
𱍱	⿰⿰丨丿岡
𱍲	⿰⿰丨丿帛
𱍳	⿰⿰丨丿昔
𱍴	⿰⿰丨丿姜
𱍵	⿰⿰丨丿兼
𱍶	⿰⿰丨丿⿱鹿灬
𱍷	⿰⿰丶丿又
𱍸	⿸⿱㇒𠄌乀
𱍹	⿵乃丶
𱍺	⿱𠂉⿻一⿰丿㇉
𱍻	⿺之二
𱍼	⿰个乌
𱍽	⿰而之
𱍾	⿰难久
𱍿	⿰婁久
𱎀	⿹⺄𫜹
𱎁	⿺𠃊不
𱎂	⿺九六
𱎃	⿹⺄𣱽
𱎄	⿺乙当
𱎅	⿺乙各
𱎆	⿺乙角
𱎇	⿹⺄非
𱎈	⿹⺄相
𱎉	⿹⺄耶
𱎊	⿱秋乙
𱎋	⿹⺄郎
𱎌	⿹⺄速
𱎍	⿹⺄淫
𱎎	⿱⿰氵茄乙
𱎏	⿱敝也
𱎐	⿱謁乙
𱎑	⿰事役
𱎒	⿱再二
𱎓	⿱二𢼂
𱎔	⿰台弍
𱎕	⿱二堆
𱎖	⿱五南
𱎗	⿰為弍
𱎘	⿱𠫓⿻廿丄
𱎙	⿺亮光
𱎚	⿻人𰀪
𱎛	⿱𠆢土
𱎜	⿱𠆢下
𱎝	⿰亻亡
𱎞	⿰亻卫
𱎟	⿰亻𠃓
𱎠	⿴井人
𱎡	⿰亻贝
𱎢	⿰亻𪟽
𱎣	⿺仌人
𱎤	⿰亻𲋄
𱎥	⿱𠆢斤
𱎦	⿰亻⿱丄丅
𱎧	⿰亻孔
𱎨	⿰亻仝
𱎩	⿰亻𱍺
𱎪	⿰亻𠬤
𱎫	⿰亻亚
𱎬	⿰亻缶
𱎭	⿰亻好
𱎮	⿷仁申
𱎯	⿰亻员
𱎰	⿰亻圼
𱎱	⿰亻忘
𱎲	⿰仓皮
𱎳	⿰亻肯
𱎴	⿰亻罔
𱎵	⿰亻⿱日壬
𱎶	⿰亻岽
𱎷	⿱此从
𱎸	⿰亻迎
𱎹	⿰亻𱻊
𱎺	⿰亻孟
𱎻	⿰余予
𱎼	⿰亻革
𱎽	⿰亻泉
𱎾	⿰亻𱅑
𱎿	⿰亻晋
𱏀	⿰亻恶
𱏁	⿰亻荟
𱏂	⿰亻养
𱏃	⿰亻朗
𱏄	⿰亻𠖏
𱏅	⿰亻⿱吉鸟
𱏆	⿰亻婴
𱏇	⿰亻⿱呆爻
𱏈	⿰亻笨
𱏉	⿱俎切
𱏊	⿰亻産
𱏋	⿰亻庵
𱏌	⿰亻⿱廿𠣜
𱏍	⿰亻髠
𱏎	⿰孛佛
𱏏	⿰里余
𱏐	⿰亻赏
𱏑	⿰亻紫
𱏒	⿰亻欽
𱏓	⿰亻阑
𱏔	⿰亻赖
𱏕	⿰亻⿱？衣
𱏖	⿰亻舅
𱏗	⿰倉皮
𱏘	⿰保車
𱏙	⿰保系
𱏚	⿰亻⿱桀心
𱏛	⿰保贤
𱏜	⿰亻龜
𱏝	⿰亻⿱氏森
𱏞	⿰亻⿳止𠂤貝
𱏟	⿰保䝨
𱏠	⿰亻⿱菐臣
𱏡	⿰亻犢
𱏢	⿰亻⿹韱心
𱏣	⿰亻蠻
𱏤	⿱不光
𱏥	⿰底儿
𱏦	⿰光立
𱏧	⿱⿴⿰⿱丶㇀⿱㇒丶白儿
𱏨	⿱亦兄
𱏩	⿰光华
𱏪	⿰其兇
𱏫	⿱⿴北白冗
𱏬	⿰𦚏兄
𱏭	⿰昜光
𱏮	⿱光朗
𱏯	⿰畧先
𱏰	⿰光雷
𱏱	⿱入门
𱏲	⿱入邑
𱏳	⿰六卜
𱏴	⿱䒑共
𱏵	⿳⿴⿰⿱丶㇀⿱㇒丶同一八
𱏶	⿰具古
𱏷	⿱共⿰共共
𱏸	⿰公端
𱏹	⿻冃丨
𱏺	⿻冂⿱卄一
𱏻	⿵冂⿱厶又
𱏼	⿱咸冉
𱏽	⿱冖⿺元殳
𱏾	⿱冖棟
𱏿	⿰冫口
𱐀	⿰冫贝
𱐁	⿰冫𪟽
𱐂	⿰冫外
𱐃	⿰冫兆
𱐄	⿰冫员
𱐅	⿰冫貝
𱐆	⿰冫告
𱐇	⿰冫頁
𱐈	⿰冫蚕
𱐉	⿰冫拳
𱐊	⿰冫竜
𱐋	⿰冫焉
𱐌	⿰冫喜
𱐍	⿶凵米
𱐎	⿶凵呙
𱐏	⿱𠆢⿶凵⿱干丷
𱐐	⿱凹别
𱐑	⿰出屈
𱐒	⿰丐刂
𱐓	⿰刀分
𱐔	⿰刃刃
𱐕	⿲刀刀刀
𱐖	⿰刀旦
𱐗	⿰刀乍
𱐘	⿰⿱二从刂
𱐙	⿰产刂
𱐚	⿰甹刂
𱐛	⿰妥刂
𱐜	⿰连刂
𱐝	⿰𠩋刂
𱐞	⿰⿱⺊？刀
𱐟	⿰卒刂
𱐠	⿰参刂
𱐡	⿰差刀
𱐢	⿰祭刂
𱐣	⿰⿱⺈韭刂
𱐤	⿰華刂
𱐥	⿰⿱來⿸厂爻刂
𱐦	⿰磨刂
𱐧	⿱劍占
𱐨	⿰前畧
𱐩	⿱𠂉力
𱐪	⿵门力
𱐫	⿰力石
𱐬	⿰世力
𱐭	⿱世力
𱐮	⿰用力
𱐯	⿰力它
𱐰	⿰力克
𱐱	⿰直力
𱐲	⿰争力
𱐳	⿰审力
𱐴	⿱加有
𱐵	⿰⿳𠦄田厶力
𱐶	⿰力罧
𱐷	⿰戊務
𱐸	⿺包仆
𱐹	⿱勿会
𱐺	⿱勿坏
𱐻	⿺包甪
𱐼	⿰勿畏
𱐽	⿰曹勺
𱐾	⿰馬勿
𱐿	⿰勿爱
𱑀	⿱勿顽
𱑁	⿹勹熏
𱑂	⿱勿頑
𱑃	⿰包會
𱑄	⿰匕𭗼
𱑅	⿰𠤕余
𱑆	⿱匡央
𱑇	⿰匡光
𱑈	⿰署匠
𱑉	⿷匚赣
𱑊	⿷匸冷
𱑋	⿷匚浛
𱑌	⿷匚惹
𱑍	⿰區⿱⿻土吅回
𱑎	⿱亦十
𱑏	⿱𭁈𰀁
𱑐	⿺逐什
𱑑	⿰改卖
𱑒	⿱午猪
𱑓	⿱古畢
𱑔	⿱辟午
𱑕	⿺辶⿰萬十
𱑖	⿱⿱⺊冖㠯
𱑗	⿰唄卜
𱑘	⿰弋卩
𱑙	⿰卩曷
𱑚	⿰卵弗
𱑛	⿱壯卵
𱑜	⿸厂支
𱑝	⿸厂西
𱑞	⿸厂带
𱑟	⿸厂查
𱑠	⿸厂咱
𱑡	⿰原危
𱑢	⿱厶乙
𱑣	⿰去丫
𱑤	⿰去止
𱑥	⿰贝去
𱑦	⿰去曳
𱑧	⿱厶洛
𱑨	⿰厶埃
𱑩	⿰去吹
𱑪	⿰去対
𱑫	⿰去客
𱑬	⿰去移
𱑭	⿰去尋
𱑮	⿱補去
𱑯	⿰參兎
𱑰	⿰去⿱⿻土吅回
𱑱	⿱又工
𱑲	⿱且又
𱑳	⿱又主
𱑴	⿰𠂤又
𱑵	⿱又⿰𫜹口
𱑶	⿰双及
𱑷	⿱余又
𱑸	⿰尙又
𱑹	⿱𬇊又
𱑺	⿱炏又
𱑻	⿰反呂
𱑼	⿰⿰丶丿⿱㐫⿱冖又
𱑽	⿳自罒又
𱑾	⿳龸⿰氵𨾴又
𱑿	⿰口乜
𱒀	⿰口万
𱒁	⿰口𪜀
𱒂	⿰口𠃓
𱒃	⿱口小
𱒄	⿰口巳
𱒅	⿱口屮
𱒆	⿰口天
𱒇	⿰口𪟽
𱒈	⿰口曰
𱒉	⿰口𡴯
𱒊	⿰口仁
𱒋	⿱爻口
𱒌	⿰口卬
𱒍	⿱㐅古
𱒎	⿰口双
𱒏	⿱巨口
𱒐	⿰口戊
𱒑	⿱丙口
𱒒	⿱口目
𱒓	⿰口汀
𱒔	⿰口压
𱒕	⿰否又
𱒖	⿰口朴
𱒗	⿰口巩
𱒘	⿰口玎
𱒙	⿰口⿱大干
𱒚	⿰口吏
𱒛	⿱吅亡
𱒜	⿰口尖
𱒝	⿰口务
𱒞	⿰口杀
𱒟	⿰口仰
𱒠	⿰口肋
𱒡	⿰口𱜢
𱒢	⿱亦口
𱒣	⿰口𠠼
𱒤	⿰口𡿪
𱒥	⿰口如
𱒦	⿰口寿
𱒧	⿰口报
𱒨	⿰口医
𱒩	⿰口杉
𱒪	⿰口𡗢
𱒫	⿰口抉
𱒬	⿰口扵
𱒭	⿱亚⿰口亅
𱒮	⿰末台
𱒯	⿰口卣
𱒰	⿰口⿱艹寸
𱒱	⿱余口
𱒲	⿰口𪜭
𱒳	⿰口狂
𱒴	⿰口估
𱒵	⿰口役
𱒶	⿰口闷
𱒷	⿱⿱亠土𠮟
𱒸	⿰口𰿩
𱒹	⿰口汲
𱒺	⿰口沚
𱒻	⿰口张
𱒼	⿰口⿱乃田
𱒽	⿰口杯
𱒾	⿰口杰
𱒿	⿰口𣏚
𱓀	⿰口⿱三皿
𱓁	⿰口苏
𱓂	⿰品丁
𱓃	⿰甲合
𱓄	⿰口⿱艹⿻几𠄠
𱓅	⿰口乖
𱓆	⿰口廹
𱓇	⿰口肫
𱓈	⿰口㸒
𱓉	⿰口⿹勹百
𱓊	⿰口佳
𱓋	⿰口供
𱓌	⿰口迭
𱓍	⿰口⿱氏月
𱓎	⿱㐅⿳口䒑口
𱓏	⿰口初
𱓐	⿰口实
𱓑	⿱初口
𱓒	⿰口庚
𱓓	⿰口⿰忄⿻冖⿻九丶
𱓔	⿰口贯
𱓕	⿰口弩
𱓖	⿰口柿
𱓗	⿰口耐
𱓘	⿰口𰦫
𱓙	⿰口持
𱓚	⿰口骂
𱓛	⿰口显
𱓜	⿰口苳
𱓝	⿰口顺
𱓞	⿰口信
𱓟	⿰口胖
𱓠	⿰口促
𱓡	⿰口𤽗
𱓢	⿰口胜
𱓣	⿰口郑
𱓤	⿰口说
𱓥	⿰口𬮦
𱓦	⿰口洽
𱓧	⿰口养
𱓨	⿰口孨
𱓩	⿰口癸
𱓪	⿰号青
𱓫	⿰口样
𱓬	⿰口迶
𱓭	⿰口桍
𱓮	⿰口帮
𱓯	⿰口核
𱓰	⿰口热
𱓱	⿱古初
𱓲	⿰口荣
𱓳	⿰口罡
𱓴	⿰口𦮎
𱓵	⿰唫卩
𱓶	⿰口恁
𱓷	⿰口秘
𱓸	⿰口釘
𱓹	⿰口倮
𱓺	⿰口倚
𱓻	⿰口師
𱓼	⿰口針
𱓽	⿰口恋
𱓾	⿰口凍
𱓿	⿰口浡
𱔀	⿰口𢈱
𱔁	⿰口悔
𱔂	⿰口𠅜
𱔃	⿰口娣
𱔄	⿰口捨
𱔅	⿰口掩
𱔆	⿳吅冖各
𱔇	⿰口晡
𱔈	⿱𠶬廾
𱔉	⿰口逴
𱔊	⿰口䝨
𱔋	⿰合岩
𱔌	⿰口笼
𱔍	⿰口兜
𱔎	⿰口偎
𱔏	⿰口⿰禾⿱𫜹夕
𱔐	⿱啟口
𱔑	⿰口惨
𱔒	⿰口設
𱔓	⿰口寄
𱔔	⿰口貫
𱔕	⿰口細
𱔖	⿱台哉
𱔗	⿰口裂
𱔘	⿲口木彔
𱔙	⿰味每
𱔚	⿰口菊
𱔛	⿺光⿺光口
𱔜	⿰口鄂
𱔝	⿰口蛤
𱔞	⿳吅𠀎𧘇
𱔟	⿰口勝
𱔠	⿰口象
𱔡	⿰口街
𱔢	⿰口猪
𱔣	⿰口割
𱔤	⿰口窜
𱔥	⿰口奠
𱔦	⿰口測
𱔧	⿰口詐
𱔨	⿰口裒
𱔩	⿰口𢧐
𱔪	⿰口𮥷
𱔫	⿰口窖
𱔬	⿰口𬈋
𱔭	⿰口蛮
𱔮	⿰口⿱𦍌𧰨
𱔯	⿰口孱
𱔰	⿰口疏
𱔱	⿳𠙼田𠂡
𱔲	⿰口給
𱔳	⿰喜分
𱔴	⿰口零
𱔵	⿰口想
𱔶	⿰口極
𱔷	⿰啄央
𱔸	⿰口搵
𱔹	⿰口楼
𱔺	⿰口𩂕
𱔻	⿰口敬
𱔼	⿰口跡
𱔽	⿰口督
𱔾	⿰口睡
𱔿	⿰口触
𱕀	⿰口窠
𱕁	⿰口溪
𱕂	⿱陶𠮟
𱕃	⿰口遐
𱕄	⿰口剿
𱕅	⿰口暦
𱕆	⿰口酷
𱕇	⿰口⿰木𣴎
𱕈	⿰口墓
𱕉	⿰口𮖐
𱕊	⿰口遣
𱕋	⿰口算
𱕌	⿰口箩
𱕍	⿰口箕
𱕎	⿰后婁
𱕏	⿰每唇
𱕐	⿰口寥
𱕑	⿰口韶
𱕒	⿰口誨
𱕓	⿱唇枚
𱕔	⿰口慝
𱕕	⿰口撥
𱕖	⿰口樁
𱕗	⿰口輦
𱕘	⿰口𤍳
𱕙	⿰口踪
𱕚	⿰口儉
𱕛	⿰口潭
𱕜	⿰口廟
𱕝	⿰口橧
𱕞	⿱殸咎
𱕟	⿰口横
𱕠	⿰口整
𱕡	⿰坦售
𱕢	⿰口𥡝
𱕣	⿰口諸
𱕤	⿰口險
𱕥	⿰口騀
𱕦	⿰口𩋘
𱕧	⿰口繄
𱕨	⿰口擎
𱕩	⿱鋤𠮟
𱕪	⿰口擺
𱕫	⿰口甕
𱕬	⿰口謨
𱕭	⿰𦰩𦰩
𱕮	⿰口攀
𱕯	⿰口鵪
𱕰	⿰口羸
𱕱	⿰口聼
𱕲	⿰口藴
𱕳	⿰口競
𱕴	⿰𠳄⿱余吕
𱕵	⿰單厥
𱕶	⿰噐重
𱕷	⿰口⿱免⿰免免
𱕸	⿴囗书
𱕹	⿴囗包
𱕺	⿴囗虫
𱕻	⿴囗𠂭
𱕼	⿴囗关
𱕽	⿴囗农
𱕾	⿱比回
𱕿	⿴囗谷
𱖀	⿴囗昏
𱖁	⿴囗⿰爿歹
𱖂	⿴囗录
𱖃	⿴囗巷
𱖄	⿴囗扁
𱖅	⿱不圆
𱖆	⿵⺆土
𱖇	⿰土干
𱖈	⿰土兀
𱖉	⿱巛土
𱖊	⿰土少
𱖋	⿱化土
𱖌	⿱仍土
𱖍	⿰土公
𱖎	⿰土夭
𱖏	⿰土仓
𱖐	⿱文土
𱖑	⿰土巨
𱖒	⿰土戋
𱖓	⿱玉土
𱖔	⿳山一王
𱖕	⿰土只
𱖖	⿰土凸
𱖗	⿱外土
𱖘	⿰土处
𱖙	⿰土仚
𱖚	⿱尔土
𱖛	⿰土𠆳
𱖜	⿰土圣
𱖝	⿰土再
𱖞	⿰土在
𱖟	⿰土匡
𱖠	⿱老土
𱖡	⿰土夺
𱖢	⿰土劣
𱖣	⿰⿰丨丿坚
𱖤	⿰土任
𱖥	⿰土色
𱖦	⿱⿲人人人土
𱖧	⿰土冲
𱖨	⿰土衣
𱖩	⿰土边
𱖪	⿱夾土
𱖫	⿰土巫
𱖬	⿰土来
𱖭	⿰土贡
𱖮	⿰土困
𱖯	⿱土囧
𱖰	⿰土妥
𱖱	⿰土希
𱖲	⿰土间
𱖳	⿰土⿱⿱冖八工
𱖴	⿰土冝
𱖵	⿱卲土
𱖶	⿲土水土
𱖷	⿰土层
𱖸	⿱奔土
𱖹	⿰土來
𱖺	⿰土国
𱖻	⿳⺊日𡉀
𱖼	⿰土败
𱖽	⿰土忠
𱖾	⿰土非
𱖿	⿰坚卞
𱗀	⿰土岳
𱗁	⿱侃土
𱗂	⿰土舍
𱗃	⿰土昏
𱗄	⿱𢪒土
𱗅	⿰土肴
𱗆	⿰土使
𱗇	⿱社土
𱗈	⿱幷土
𱗉	⿰土⿱六𧘇
𱗊	⿰土阿
𱗋	⿰土革
𱗌	⿰土剌
𱗍	⿰土𢆓
𱗎	⿰土幽
𱗏	⿰土览
𱗐	⿱里𡉀
𱗑	⿰土昨
𱗒	⿰土虐
𱗓	⿰坚永
𱗔	⿰土急
𱗕	⿱秋土
𱗖	⿰土总
𱗗	⿰土庠
𱗘	⿱降土
𱗙	⿰土叚
𱗚	⿰土勇
𱗛	⿰土套
𱗜	⿰土唇
𱗝	⿰土聂
𱗞	⿰土骨
𱗟	⿰土𱰮
𱗠	⿰土虑
𱗡	⿰土虔
𱗢	⿰土晃
𱗣	⿱翁土
𱗤	⿰土皋
𱗥	⿰土⿹？衣
𱗦	⿰土脈
𱗧	⿱洍土
𱗨	⿰土恋
𱗩	⿰土退
𱗪	⿱規土
𱗫	⿰土⿱雨亐
𱗬	⿱在於
𱗭	⿰土⿳业䒑川
𱗮	⿰土處
𱗯	⿰土斜
𱗰	⿰土躭
𱗱	⿰土彫
𱗲	⿰土笘
𱗳	⿱郭土
𱗴	⿱坏厓
𱗵	⿱⿰石豕土
𱗶	⿰土替
𱗷	⿱晶土
𱗸	⿰土最
𱗹	⿰土悶
𱗺	⿰土紫
𱗻	⿰土黑
𱗼	⿰垂弄
𱗽	⿰土進
𱗾	⿰坐卧
𱗿	⿰土寔
𱘀	⿰土𰕎
𱘁	⿱就土
𱘂	⿱媠土
𱘃	⿰土費
𱘄	⿱敬土
𱘅	⿰土路
𱘆	⿰土解
𱘇	⿰土遁
𱘈	⿱⿰氵⿳宀龶口土
𱘉	⿰土廉
𱘊	⿰土数
𱘋	⿰土兢
𱘌	⿰坚秩
𱘍	⿰土裴
𱘎	⿰土銀
𱘏	⿰土實
𱘐	⿰土⿸产隹
𱘑	⿰土察
𱘒	⿰土遟
𱘓	⿰土𨤮
𱘔	⿰土隣
𱘕	⿰土靜
𱘖	⿰呂報
𱘗	⿰土篭
𱘘	⿰土闌
𱘙	⿱⿰氵⿸产隹土
𱘚	⿱斷土
𱘛	⿰土爕
𱘜	⿱勸土
𱘝	⿰土灌
𱘞	⿰土欒
𱘟	⿰土靈
𱘠	⿰声卒
𱘡	⿰壹丕
𱘢	⿰声察
𱘣	⿺夂令
𱘤	⿱？夊
𱘥	⿳𱐍八夊
𱘦	⿰夕刀
𱘧	⿰余多
𱘨	⿰宜多
𱘩	⿰夜店
𱘪	⿰覓多
𱘫	⿲⿰丨丿堯多
𱘬	⿸厭夢
𱘭	⿱大⿰𰍧⺀
𱘮	⿱大方
𱘯	⿰可大
𱘰	⿱大尖
𱘱	⿰弄大
𱘲	⿱大男
𱘳	⿱⿲亻丨支大
𱘴	⿰夹及
𱘵	⿱大吝
𱘶	⿱天怕
𱘷	⿱天例
𱘸	⿱大郎
𱘹	⿰𠦝𡗢
𱘺	⿰夾劫
𱘻	⿱旣大
𱘼	⿰夸晏
𱘽	⿰蓋大
𱘾	⿱大穌
𱘿	⿱𦆕大
𱙀	⿱大懶
𱙁	⿱女一
𱙂	⿰女儿
𱙃	⿱女巜
𱙄	⿰女与
𱙅	⿰女门
𱙆	⿰女飞
𱙇	⿰女仑
𱙈	⿰女午
𱙉	⿱仍女
𱙊	⿰𭃂女
𱙋	⿰女卢
𱙌	⿰女四
𱙍	⿰女圣
𱙎	⿱亚女
𱙏	⿰女囡
𱙐	⿰女臼
𱙑	⿰女齐
𱙒	⿰女𨸀
𱙓	⿰女宇
𱙔	⿰女严
𱙕	⿰女圼
𱙖	⿰女谷
𱙗	⿰女𫔮
𱙘	⿱𣲩女
𱙙	⿰女灵
𱙚	⿰女臾
𱙛	⿰女享
𱙜	⿺尼好
𱙝	⿰女咠
𱙞	⿰女虐
𱙟	⿰女养
𱙠	⿰女尃
𱙡	⿰女𤰇
𱙢	⿰女挼
𱙣	⿰女峯
𱙤	⿰女茶
𱙥	⿰女恋
𱙦	⿰女能
𱙧	⿰女虚
𱙨	⿰女𤰈
𱙩	⿰女𡕩
𱙪	⿰女寄
𱙫	⿰女寅
𱙬	⿱奴南
𱙭	⿰女雁
𱙮	⿰女菜
𱙯	⿰女厲
𱙰	⿰女豪
𱙱	⿰女聯
𱙲	⿰⿱韭井⿱丮女
𱙳	⿰妻葡
𱙴	⿰女歡
𱙵	⿰子山
𱙶	⿱太子
𱙷	⿰子贝
𱙸	⿰子内
𱙹	⿰子出
𱙺	⿰孕仑
𱙻	⿰来子
𱙼	⿳⿻十从冖子
𱙽	⿰子芮
𱙾	⿰孝号
𱙿	⿰子家
𱚀	⿰子雷
𱚁	⿰子意
𱚂	⿱字渚
𱚃	⿱宀下
𱚄	⿱宀孔
𱚅	⿱宀加
𱚆	⿱宀⿰不匕
𱚇	⿱宀貝
𱚈	⿱宀⿻凵龶
𱚉	⿱宀果
𱚊	⿱宀周
𱚋	⿱宀卑
𱚌	⿱宀彔
𱚍	⿱宮九
𱚎	⿱宀⿰辛刂
𱚏	⿱宀馬
𱚐	⿱宀隻
𱚑	⿰年宜
𱚒	⿱宀博
𱚓	⿰密日
𱚔	⿱宀鼠
𱚕	⿱宀肅
𱚖	⿰寂糸
𱚗	⿱宀熏
𱚘	⿱宀𦖞
𱚙	⿳宀⿰必必日
𱚚	⿱宀牄
𱚛	⿰翏宽
𱚜	⿳宀𥫗⿱鼎廾
𱚝	⿱分寸
𱚞	⿱白寸
𱚟	⿰皮寸
𱚠	⿱而寸
𱚡	⿱雈寸
𱚢	⿰𤔔寸
𱚣	⿰少勺
𱚤	⿱小出
𱚥	⿰小闭
𱚦	⿱𡭔面
𱚧	⿺辶⿰万尔
𱚨	⿰尖审
𱚩	⿱渚小
𱚪	⿱少稚
𱚫	⿱少雉
𱚬	⿱尖鋭
𱚭	⿰帝⿷尢丶
𱚮	⿸𭆆尨
𱚯	⿺兀貌
𱚰	⿸尸十
𱚱	⿸尸寸
𱚲	⿸尸下
𱚳	⿸尸少
𱚴	⿸尸丑
𱚵	⿸尸失
𱚶	⿸尸加
𱚷	⿸尸𠂤
𱚸	⿸尸衣
𱚹	⿱尺且
𱚺	⿸尸妥
𱚻	⿸尸⿰彳禾
𱚼	⿸尸查
𱚽	⿸尸𢚛
𱚾	⿰屈曲
𱚿	⿰屑甲
𱛀	⿰尽曷
𱛁	⿺尾堂
𱛂	⿺尾康
𱛃	⿱𡱝⿰𡱝𡱝
𱛄	⿺屯存
𱛅	⿰⿰丨丿山
𱛆	⿱山了
𱛇	⿱山与
𱛈	⿱云山
𱛉	⿰山厄
𱛊	⿱山见
𱛋	⿰山内
𱛌	⿱山仍
𱛍	⿰山仑
𱛎	⿱山勿
𱛏	⿱山长
𱛐	⿱山引
𱛑	⿰山夬
𱛒	⿱山孔
𱛓	⿰山龙
𱛔	⿱山去
𱛕	⿰山布
𱛖	⿱山甲
𱛗	⿰山凹
𱛘	⿱山瓜
𱛙	⿰山乐
𱛚	⿰山务
𱛛	⿰丘山
𱛜	⿱山在
𱛝	⿰山亚
𱛞	⿱山巩
𱛟	⿱山厌
𱛠	⿰山灰
𱛡	⿰山夸
𱛢	⿱山吅
𱛣	⿱山尘
𱛤	⿱山因
𱛥	⿰山先
𱛦	⿱山许
𱛧	⿱山好
𱛨	⿰山贡
𱛩	⿱山束
𱛪	⿱出少
𱛫	⿰山貝
𱛬	⿱山时
𱛭	⿰山寽
𱛮	⿱山角
𱛯	⿱山兑
𱛰	⿰山灵
𱛱	⿱山幸
𱛲	⿱山玫
𱛳	⿰山岩
𱛴	⿰山鱼
𱛵	⿰山匋
𱛶	⿱山往
𱛷	⿱山项
𱛸	⿰山春
𱛹	⿰山耶
𱛺	⿻𱛩⿰㇒⺀
𱛻	⿰山英
𱛼	⿰山律
𱛽	⿰山段
𱛾	⿰山弯
𱛿	⿱山洼
𱜀	⿰山勇
𱜁	⿰⿱山示戊
𱜂	⿰𱺵⿱山又
𱜃	⿰山芻
𱜄	⿰山釜
𱜅	⿱山曹
𱜆	⿰山𰲛
𱜇	⿱山领
𱜈	⿱山悉
𱜉	⿱山逢
𱜊	⿰山魚
𱜋	⿰山毫
𱜌	⿰崇上
𱜍	⿱山畬
𱜎	⿱山猫
𱜏	⿰山筆
𱜐	⿱敫山
𱜑	⿱山𤋱
𱜒	⿱解山
𱜓	⿰山嶴
𱜔	⿰山歸
𱜕	⿱山⿱毒⿰毒毒
𱜖	⿰巢床
𱜗	⿰呂巨
𱜘	⿰侖巨
𱜙	⿱巨侖
𱜚	⿰巫男
𱜛	⿱巨眼
𱜜	⿰僚巨
𱜝	⿱巨懶
𱜞	⿰巴夌
𱜟	⿰巷⿵冂⿻𰀪丶
𱜠	⿱巴欲
𱜡	⿰布𠃌
𱜢	⿱丷帀
𱜣	⿻𱜢八
𱜤	⿰巾夹
𱜥	⿰巾舟
𱜦	⿱⺊𢂇
𱜧	⿱此帀
𱜨	⿰乐布
𱜩	⿰巾判
𱜪	⿰巾帛
𱜫	⿲彳市亍
𱜬	⿰巾京
𱜭	⿰巾屈
𱜮	⿰布甫
𱜯	⿰巾扁
𱜰	⿰巾看
𱜱	⿰巾奕
𱜲	⿱䢸市
𱜳	⿰巾冕
𱜴	⿰巾离
𱜵	⿰巾惠
𱜶	⿱此帝
𱜷	⿱般布
𱜸	⿰巾豪
𱜹	⿺⿳𣄼艹𬼂帚
𱜺	⿰巾賛
𱜻	⿰巾⿱單口
𱜼	⿰巾龍
𱜽	⿰干别
𱜾	⿰干哀
𱜿	⿰幸枚
𱝀	⿰并兼
𱝁	⿰幸埋
𱝂	⿰年最
𱝃	⿸广西
𱝄	⿸广𤆌
𱝅	⿸广⿱龷小
𱝆	⿸广盇
𱝇	⿸广速
𱝈	⿸广⿱龷⿹勹用
𱝉	⿸广恿
𱝊	⿸广尞
𱝋	⿸广掌
𱝌	⿰应其
𱝍	⿸广隂
𱝎	⿰去廌
𱝏	⿰应粦
𱝐	⿰盍廌
𱝑	⿺廴彳
𱝒	⿺廴曲
𱝓	⿺廴歪
𱝔	⿱𡗗廾
𱝕	⿱馮廾
𱝖	⿰弄差
𱝗	⿱𱏬廾
𱝘	⿳分⿰米糸廾
𱝙	⿰弓中
𱝚	⿰弓公
𱝛	⿱公弓
𱝜	⿰弓卢
𱝝	⿰弓里
𱝞	⿰弓国
𱝟	⿱彐𣱲
𱝠	⿱彐𪤷
𱝡	⿱彑⿲匕矢凡
𱝢	⿰坴彡
𱝣	⿰朋彡
𱝤	⿰罢彡
𱝥	⿺速彡
𱝦	⿰參彡
𱝧	⿰𢒎拜
𱝨	⿰悲𢒎
𱝩	⿰𢒎悲
𱝪	⿸彳㇏
𱝫	⿰彳上
𱝬	⿰彳凡
𱝭	⿰彳巿
𱝮	⿰彳𱐩
𱝯	⿰彳𠂢
𱝰	⿰彳兩
𱝱	⿰彳制
𱝲	⿰彳⿸戶犬
𱝳	⿰彳参
𱝴	⿰彳胡
𱝵	⿰彳品
𱝶	⿰彳峙
𱝷	⿰彳倉
𱝸	⿱待余
𱝹	⿰彳豦
𱝺	⿰彳歸
𱝻	⿰箕彼
𱝼	⿱厶心
𱝽	⿰忄又
𱝾	⿱乇心
𱝿	⿱义心
𱞀	⿰忄子
𱞁	⿰忄已
𱞂	⿱王心
𱞃	⿱化心
𱞄	⿱𫧇心
𱞅	⿰忄为
𱞆	⿱丑心
𱞇	⿰忄幻
𱞈	⿰忄瓦
𱞉	⿱世心
𱞊	⿰忄卡
𱞋	⿰忄卢
𱞌	⿰忄瓜
𱞍	⿱用心
𱞎	⿱冯心
𱞏	⿰忄加
𱞐	⿰忄⿱巛凵
𱞑	⿳必冖𰀄
𱞒	⿰忄务
𱞓	⿱欢心
𱞔	⿰忄约
𱞕	⿰忄寻
𱞖	⿱奸心
𱞗	⿰忄辰
𱞘	⿰忄𰌞
𱞙	⿰忄酉
𱞚	⿰忄系
𱞛	⿰忄我
𱞜	⿱⿱㇒𡆪心
𱞝	⿱⿷匚夹心
𱞞	⿰忄昂
𱞟	⿰忄𭁈
𱞠	⿰忄贤
𱞡	⿱的心
𱞢	⿰忄匋
𱞣	⿰忄依
𱞤	⿰忄刻
𱞥	⿰义思
𱞦	⿰忄𱻊
𱞧	⿰忄底
𱞨	⿰忄帚
𱞩	⿰忄录
𱞪	⿰忄威
𱞫	⿰忄柬
𱞬	⿰忄查
𱞭	⿰忄苗
𱞮	⿰忄昱
𱞯	⿰忄显
𱞰	⿰忄战
𱞱	⿱㑞心
𱞲	⿱钧心
𱞳	⿰忄胤
𱞴	⿰忄狠
𱞵	⿱亇恒
𱞶	⿰忄觉
𱞷	⿰忄帝
𱞸	⿰忄美
𱞹	⿰闷多
𱞺	⿰忄約
𱞻	⿰忄建
𱞼	⿱格心
𱞽	⿰忄𠳮
𱞾	⿰忄振
𱞿	⿰忄冡
𱟀	⿰忄旂
𱟁	⿰忄條
𱟂	⿰忄㷀
𱟃	⿰忄深
𱟄	⿰忄訥
𱟅	⿱礼怠
𱟆	⿰忄耋
𱟇	⿰忄悳
𱟈	⿰忄歮
𱟉	⿰忄⿱艹𤰅
𱟊	⿰忄⿱品亏
𱟋	⿰忄斐
𱟌	⿰忄覚
𱟍	⿱竦心
𱟎	⿰忄𢧐
𱟏	⿰忄渠
𱟐	⿰快易
𱟑	⿰忄疎
𱟒	⿰忄塢
𱟓	⿰忄愁
𱟔	⿰重念
𱟕	⿰忄筭
𱟖	⿰⿱刍心客
𱟗	⿰忄⿸广⿱回禾
𱟘	⿱惰𠇍
𱟙	⿰⿱刍心鹿
𱟚	⿰忄讐
𱟛	⿳⿲日䜌干⿲月⿲長馬長戈心
𱟜	⿰⿳𫜹冖巾戈
𱟝	⿰𠦪戈
𱟞	⿹⿻止？𦣻
𱟟	⿰區戈
𱟠	⿰崔戈
𱟡	⿰龍戈
𱟢	⿰房匹
𱟣	⿰扁必
𱟤	⿰𱽐房
𱟥	⿰戽昆
𱟦	⿰逢房
𱟧	⿰房逢
𱟨	⿰蓬房
𱟩	⿰扌与
𱟪	⿰扌小
𱟫	⿰扌彡
𱟬	⿰扌习
𱟭	⿰扌灭
𱟮	⿰扌电
𱟯	⿰扌帅
𱟰	⿰扌叏
𱟱	⿰扌田
𱟲	⿰手𱍺
𱟳	⿰扌𱍺
𱟴	⿰手⿻冖⿻九丶
𱟵	⿰扌牟
𱟶	⿰扌尥
𱟷	⿱西手
𱟸	⿰扌贞
𱟹	⿰扌麦
𱟺	⿰扌听
𱟻	⿰手足
𱟼	⿰扌甹
𱟽	⿰扌呙
𱟾	⿰扌㣊
𱟿	⿰扌𬷽
𱠀	⿰扌⿱⿸𠂉丶𫩏
𱠁	⿰扌⿱爫巳
𱠂	⿰扌𱥯
𱠃	⿰扌冷
𱠄	⿰扌罕
𱠅	⿰手言
𱠆	⿰扌㪯
𱠇	⿰扌枚
𱠈	⿰扌杯
𱠉	⿰扌事
𱠊	⿰扌图
𱠋	⿰昆才
𱠌	⿰手罗
𱠍	⿰扌⿱艹⿻几𠄠
𱠎	⿰扌𭁈
𱠏	⿰扌⿱穴兀
𱠐	⿰扌𰏤
𱠑	⿰手念
𱠒	⿰扌房
𱠓	⿰扌放
𱠔	⿰手卷
𱠕	⿰扌耍
𱠖	⿰扌⿱百夊
𱠗	⿰扌𰦫
𱠘	⿱打更
𱠙	⿰扌𱺸
𱠚	⿰扌显
𱠛	⿰扌种
𱠜	⿰扌亮
𱠝	⿰扌⿱立天
𱠞	⿰手音
𱠟	⿱拂厄
𱠠	⿰扌恧
𱠡	⿰手盎
𱠢	⿰扌息
𱠣	⿰扌釘
𱠤	⿱汤找
𱠥	⿰手送
𱠦	⿰扌谈
𱠧	⿰扌栾
𱠨	⿰扌宵
𱠩	⿰扌培
𱠪	⿰扌匙
𱠫	⿰扌⿱𠂉品
𱠬	⿰扌笨
𱠭	⿰扌笠
𱠮	⿰扌𡕩
𱠯	⿰扌陶
𱠰	⿰扌绳
𱠱	⿰手賁
𱠲	⿰扌博
𱠳	⿰扌𱗐
𱠴	⿰扌㝹
𱠵	⿰扌逸
𱠶	⿰扌甯
𱠷	⿰扌𮥷
𱠸	⿰扌缘
𱠹	⿰扌⿱𡷈今
𱠺	⿰扌惹
𱠻	⿰扌𱢒
𱠼	⿰扌該
𱠽	⿰扌預
𱠾	⿰扌厮
𱠿	⿰扌蒲
𱡀	⿰扌𢊬
𱡁	⿰扌韶
𱡂	⿰扌綽
𱡃	⿰扌屢
𱡄	⿰扌奭
𱡅	⿰扌墨
𱡆	⿰手慮
𱡇	⿰扌靠
𱡈	⿰扌⿱辛林
𱡉	⿰手審
𱡊	⿰扌彈
𱡋	⿰扌履
𱡌	⿰扌曆
𱡍	⿰扌壅
𱡎	⿰扌篾
𱡏	⿰扌擥
𱡐	⿰扌闔
𱡑	⿰扌⿸庶君
𱡒	⿰𢸦大
𱡓	⿱把磊
𱡔	⿰扌⿱亠⿱⿱⿴𦥑冃冖且
𱡕	⿰扌鱉
𱡖	⿰扌欒
𱡗	⿰夸支
𱡘	⿰来攵
𱡙	⿰亞攴
𱡚	⿰坨攵
𱡛	⿰坴攵
𱡜	⿰畀攵
𱡝	⿰𱡻攵
𱡞	⿰厚攵
𱡟	⿰爰攵
𱡠	⿰售攵
𱡡	⿰米𢿝
𱡢	⿰文巾
𱡣	⿺文⿱巾日
𱡤	⿰文直
𱡥	⿰文所
𱡦	⿰文屈
𱡧	⿳文⿱⿴𦥑同冖⿱酉灬
𱡨	⿰庾斗
𱡩	⿰呈斤
𱡪	⿰皀斤
𱡫	⿰⿱止心斤
𱡬	⿰斧布
𱡭	⿰臭斤
𱡮	⿰⿺𠃊𰶵斤
𱡯	⿰厲斤
𱡰	⿱斫⿱𥫗𡖈
𱡱	⿰方少
𱡲	⿰方缶
𱡳	⿰方⿱𠂉中
𱡴	⿰方⿱艹⿻几𠄠
𱡵	⿺⿱艹⿻几𠄠方
𱡶	⿰方⿱𠂉圭
𱡷	⿰方曾
𱡸	⿰方⿱𠂉參
𱡹	⿲丨日丨
𱡺	⿰日支
𱡻	⿱日今
𱡼	⿰日为
𱡽	⿰日主
𱡾	⿰日民
𱡿	⿰日百
𱢀	⿱旦𢖱
𱢁	⿰日岁
𱢂	⿰日羊
𱢃	⿱日狄
𱢄	⿰日兵
𱢅	⿰易已
𱢆	⿱日余
𱢇	⿰日𬻏
𱢈	⿰日矣
𱢉	⿱日表
𱢊	⿰日卧
𱢋	⿱日季
𱢌	⿰日念
𱢍	⿰日官
𱢎	⿱日初
𱢏	⿱日威
𱢐	⿰时自
𱢑	⿱土時
𱢒	⿳日𠀎𧘇
𱢓	⿱日⿰扌⿻冘二
𱢔	⿰日思
𱢕	⿰日冒
𱢖	⿰日盆
𱢗	⿱日飛
𱢘	⿰日急
𱢙	⿰日聂
𱢚	⿰日閃
𱢛	⿰星尼
𱢜	⿰日⿳宀⿻㇒土口
𱢝	⿱日𠅜
𱢞	⿰日朗
𱢟	⿱日𢈱
𱢠	⿱日除
𱢡	⿰昜亘
𱢢	⿰日莊
𱢣	⿰日𱑏
𱢤	⿰日閉
𱢥	⿰時自
𱢦	⿱日棗
𱢧	⿰昃迎
𱢨	⿰日𢽠
𱢩	⿰日答
𱢪	⿱日集
𱢫	⿱日雋
𱢬	⿱無日
𱢭	⿱旦欽
𱢮	⿰日豦
𱢯	⿰葉日
𱢰	⿰日𡼡
𱢱	⿱日𧇊
𱢲	⿱日龜
𱢳	⿱𧎪日
𱢴	⿱早歛
𱢵	⿰曲苦
𱢶	⿰曼台
𱢷	⿰會冉
𱢸	⿰令月
𱢹	⿰月圭
𱢺	⿰有米
𱢻	⿰月愈
𱢼	⿰月蘆
𱢽	⿰⿳宀立电望
𱢾	⿰木七
𱢿	⿰木飞
𱣀	⿱支木
𱣁	⿰木歹
𱣂	⿰木乌
𱣃	⿰木𲋄
𱣄	⿰木为
𱣅	⿱文木
𱣆	⿱木石
𱣇	⿰木业
𱣈	⿰木⿵⿻冂丨又
𱣉	⿰木丛
𱣊	⿱木卯
𱣋	⿰木邓
𱣌	⿰木孕
𱣍	⿱耳木
𱣎	⿱⿰㐄㐄木
𱣏	⿰木艾
𱣐	⿰木则
𱣑	⿰木肉
𱣒	⿱行木
𱣓	⿰木乒
𱣔	⿰木⿱𠂉丮
𱣕	⿰木企
𱣖	⿰木兴
𱣗	⿰木亦
𱣘	⿰木戏
𱣙	⿰木走
𱣚	⿰木贡
𱣛	⿰木𡉵
𱣜	⿰木扼
𱣝	⿰木邑
𱣞	⿰木员
𱣟	⿻木𦥑
𱣠	⿰木⿹？一
𱣡	⿰木闲
𱣢	⿰木宏
𱣣	⿰木杗
𱣤	⿰木间
𱣥	⿰木奔
𱣦	⿰布束
𱣧	⿰木卦
𱣨	⿱林𲋄
𱣩	⿰木⿱艹⿻几𠄠
𱣪	⿰木芭
𱣫	⿰木𰏤
𱣬	⿱放木
𱣭	⿲木方木
𱣮	⿰木泡
𱣯	⿰木宙
𱣰	⿰木法
𱣱	⿰木贯
𱣲	⿰木阿
𱣳	⿰木弩
𱣴	⿰木残
𱣵	⿱木亟
𱣶	⿰木𱕻
𱣷	⿰木虽
𱣸	⿰木𱽗
𱣹	⿰木昝
𱣺	⿰木䆔
𱣻	⿰木贺
𱣼	⿰木矜
𱣽	⿰木烈
𱣾	⿱木𭔰
𱣿	⿰木茖
𱤀	⿰木䒹
𱤁	⿰木⿱艹色
𱤂	⿰木⿱艹⿻丷内
𱤃	⿱殺木
𱤄	⿰木倚
𱤅	⿰杀易
𱤆	⿰木倍
𱤇	⿰木娑
𱤈	⿱林⿹勹玉
𱤉	⿱⿰牙攵束
𱤊	⿱𥅥木
𱤋	⿰木晟
𱤌	⿰木崩
𱤍	⿰木畣
𱤎	⿰木終
𱤏	⿱林林
𱤐	⿰木⿹𢦏⿱口䒑
𱤑	⿰来廻
𱤒	⿰末莫
𱤓	⿰木硯
𱤔	⿰木𬝉
𱤕	⿰木莾
𱤖	⿰木⿱臼戍
𱤗	⿱格次
𱤘	⿰木⿱血𧰨
𱤙	⿰木焱
𱤚	⿰木阑
𱤛	⿰木⿱幺首
𱤜	⿰未曾
𱤝	⿰木粲
𱤞	⿰木⿸虍冏
𱤟	⿰木葛
𱤠	⿱杏耗
𱤡	⿰木跱
𱤢	⿱崙朱
𱤣	⿰木債
𱤤	⿰木滛
𱤥	⿰木遅
𱤦	⿳⿱𰀉冖卵木
𱤧	⿱堵朱
𱤨	⿰木筵
𱤩	⿰木䈇
𱤪	⿰木⿱⿱㇒罒依
𱤫	⿰木屢
𱤬	⿰木賢
𱤭	⿰木⿱成林
𱤮	⿰木熱
𱤯	⿰木噐
𱤰	⿰木德
𱤱	⿰木器
𱤲	⿰木頺
𱤳	⿰木薑
𱤴	⿰朱審
𱤵	⿰木龕
𱤶	⿰木⿳⿴𦥑同冖㷊
𱤷	⿰耶欠
𱤸	⿰禺欠
𱤹	⿰弱欠
𱤺	⿱次⿰次次
𱤻	⿾止
𱤼	⿰止丁
𱤽	⿸厂止
𱤾	⿰止乞
𱤿	⿱之止
𱥀	⿰止𰆰
𱥁	⿰止召
𱥂	⿱正正
𱥃	⿰㱑㐱
𱥄	⿰止亭
𱥅	⿱首止
𱥆	⿳尾少止
𱥇	⿱⿱䙲巳止
𱥈	⿱豚⿰止又
𱥉	⿱此意
𱥊	⿱衛止
𱥋	⿱歹凡
𱥌	⿰𣦵攴
𱥍	⿰㱑丂
𱥎	⿱死台
𱥏	⿰歹卓
𱥐	⿰歹命
𱥑	⿰歹周
𱥒	⿰歹胡
𱥓	⿰歹韋
𱥔	⿰歹葬
𱥕	⿱莫死
𱥖	⿰⿱士几殳
𱥗	⿰孛殳
𱥘	⿱折殺
𱥙	⿰雚殳
𱥚	⿰⿳艹罒𠪩殳
𱥛	⿱未母
𱥜	⿺先母
𱥝	⿰毒敏
𱥞	⿺毛丙
𱥟	⿺毛戉
𱥠	⿰夹毛
𱥡	⿰农毛
𱥢	⿺毛春
𱥣	⿺毛若
𱥤	⿺毛竜
𱥥	⿰鹿毛
𱥦	⿰睪毛
𱥧	⿰毛農
𱥨	⿻⿸⿰𠄌？⿻㇂彡丶
𱥩	⿰己民
𱥪	⿹气希
𱥫	⿹气咅
𱥬	⿰蛮气
𱥭	⿺氣青
𱥮	⿱㇒⿻一水
𱥯	⿱𠆢⿴⿰⿱丶㇀⿱㇒丶亅
𱥰	⿰氵丫
𱥱	⿰氵尸
𱥲	⿰氵冇
𱥳	⿰氵亓
𱥴	⿰氵𪢱
𱥵	⿰氵冈
𱥶	⿰氵𪟽
𱥷	⿱分水
𱥸	⿰氵仆
𱥹	⿰氵⿻几𠄠
𱥺	⿰氵𠬠
𱥻	⿰氵刅
𱥼	⿰氵玉
𱥽	⿻⿰丿乛⿱一⿻二水
𱥾	⿰氵⿱一⿺𠃊𠔼
𱥿	⿰氵⿱上丄
𱦀	⿰氵另
𱦁	⿰氵仕
𱦂	⿰氵⿱亠子
𱦃	⿰氵𢎨
𱦄	⿱出水
𱦅	⿰氵动
𱦆	⿴西水
𱦇	⿰氵⿱大亡
𱦈	⿰氵轨
𱦉	⿰氵𱤽
𱦊	⿰氵执
𱦋	⿱水回
𱦌	⿰氵⿱⺊太
𱦍	⿰氵⿱口？
𱦎	⿲氵丨⿳儿一儿
𱦏	⿰氵众
𱦐	⿰氵印
𱦑	⿰氵⿱入圡
𱦒	⿰氵⿱爫丁
𱦓	⿰氵⿱爫了
𱦔	⿰氵汆
𱦕	⿱合水
𱦖	⿰氵⿱壬几
𱦗	⿰氵⿰氵⿻叐丶
𱦘	⿰氵⿱厶⿸𠂇㐅
𱦙	⿰氵⿱尢木
𱦚	⿰氵⿱大月
𱦛	⿰氵⿱二⿻卅丶
𱦜	⿰氵园
𱦝	⿰氵串
𱦞	⿰氵⿱旧又
𱦟	⿰氵⿸⿰丿上八
𱦠	⿰氵⿱口父
𱦡	⿰氵芒
𱦢	⿰氵⿱欠女
𱦣	⿰氵𭶻
𱦤	⿰氵⿱儿⿲丿𰀃丨
𱦥	⿰氵⿲𠂆水𠃌
𱦦	⿰氵⿱𠂊田
𱦧	⿰氵佊
𱦨	⿰氵角
𱦩	⿰氵⿸广⿻𱍸㇒
𱦪	⿰氵⿱六夊
𱦫	⿰氵⿱火小
𱦬	⿰氵𫲺
𱦭	⿰氵𫔭
𱦮	⿰氵迅
𱦯	⿰氵⿱𫜹攵
𱦰	⿰氵⿱龷夫
𱦱	⿰氵⿱𡗜巛
𱦲	⿰氵枚
𱦳	⿰氵囷
𱦴	⿰氵⿱㓁水
𱦵	⿰氵具
𱦶	⿰氵𱺵
𱦷	⿰氵欣
𱦸	⿰氵⿱白小
𱦹	⿲氵⿱夕⺀寸
𱦺	⿰氵⿱儿⿲丿开丨
𱦻	⿰⿻⿱⿰丨丨⿰丨丨丨⿱从⿻凢一
𱦼	⿰氵盲
𱦽	⿰氵宖
𱦾	⿰氵⿸户火
𱦿	⿰氵⿱宀𭒹
𱧀	⿰氵府
𱧁	⿰氵妹
𱧂	⿰氵⿱丑木
𱧃	⿰氵⿻⺕本
𱧄	⿰氵⿱⿺𠃊大⿺𠃊大
𱧅	⿰氵⿳山人巳
𱧆	⿰⿱水水欠
𱧇	⿺尾永
𱧈	⿰氵専
𱧉	⿰氵⿱⿱十冖𭒹
𱧊	⿰氵⿳一白小
𱧋	⿰氵⿱世⿻二⿰丨丨
𱧌	⿰氵⿻未龷
𱧍	⿰氵𢍆
𱧎	⿰氵𰦫
𱧏	⿰氵𬜦
𱧐	⿰氵⿱㓁未
𱧑	⿰氵⿱㓁灭
𱧒	⿰氵⿱艹⿵冂𰀁
𱧓	⿰氵⿱罒⿻三丨
𱧔	⿰氵苓
𱧕	⿰氵⿱𠆢⿻⿱二丷土
𱧖	⿱⿰氵⿹勹巳灬
𱧗	⿲氵⿱八⿱一朩刂
𱧘	⿰氵⿱𠂊条
𱧙	⿰⿻⿱⿰丨丨⿰丨丨丨⿱从⿰⿰㇒丿⿺乚𡿨
𱧚	⿰氵钦
𱧛	⿰氵郑
𱧜	⿰氵闽
𱧝	⿰氵𥸲
𱧞	⿰氵昶
𱧟	⿰氵䆖
𱧠	⿰氵客
𱧡	⿰氵宩
𱧢	⿰氵姿
𱧣	⿰氵⿸？又
𱧤	⿰氵⿱䒑血
𱧥	⿰氵⿳亠丷冋
𱧦	⿰氵粀
𱧧	⿰氵郎
𱧨	⿰氵⿱𱐔山
𱧩	⿰氵⿸尸⿱？圡
𱧪	⿰氵⿳𫜹冖火
𱧫	⿰氵⿳厶⿰夕又二
𱧬	⿰氵⿱刕山
𱧭	⿰氵限
𱧮	⿰氵埋
𱧯	⿰氵挈
𱧰	⿰氵⿳⿻土丷八小
𱧱	⿰氵⿳一⿱⺈日⿲丶丶丶
𱧲	⿰𰧭⿱又⿴⿰⿱丶㇀⿱㇒丶亅
𱧳	⿰氵振
𱧴	⿰氵⿱目皿
𱧵	⿰氵荀
𱧶	⿰氵峻
𱧷	⿰氵⿱艹色
𱧸	⿲氵𡭝寸
𱧹	⿰氵⿱𠀐田
𱧺	⿰氵⿳业八巳
𱧻	⿰氵⿱卝㕦
𱧼	⿰氵⿱卝⿻⿵冂丨⿰丨𡿨
𱧽	⿰氵⿱业⿻冂小
𱧾	⿰氵⿳北𠮛一
𱧿	⿰氵⿱冖⿹⿰丨⿺⿹⿺㇉一灬𫜹一
𱨀	⿰氵⿱𠮰木
𱨁	⿰氵眔
𱨂	⿰氵⿱日糸
𱨃	⿰氵⿱止刖
𱨄	⿰氵⿱⿻人⿰⿱丶㇀⿱㇒丶月
𱨅	⿰氵倦
𱨆	⿰氵⿸广⿱日小
𱨇	⿰氵⿳亠尺月
𱨈	⿲氵礻⿱𠂉子
𱨉	⿲氵𱜢月
𱨊	⿰氵⿱⿻了叹山
𱨋	⿲氵䙲刂
𱨌	⿰氵⿱⿻⿱𠮛𫜹丨女
𱨍	⿰氵⿵戊舟
𱨎	⿰氵⿳一⿻⿱冖一由八
𱨏	⿰氵⿱⿰大木月
𱨐	⿰減八
𱨑	⿰氵𰭌
𱨒	⿰氵⿱囦月
𱨓	⿰氵⿱艹⿻日大
𱨔	⿰氵⿱罒𠦂
𱨕	⿰氵倐
𱨖	⿰氵𱫌
𱨗	⿰氵⿱⿰夕巳田
𱨘	⿰氵⿳⺈冖豕
𱨙	⿰氵笮
𱨚	⿰氵盖
𱨛	⿰氵⿳亠吕子
𱨜	⿰氵⿳亠灬电
𱨝	⿰氵⿸广⿱龷攵
𱨞	⿰氵⿱关皿
𱨟	⿰氵⿱亠⿲丿⿱上方丨
𱨠	⿰氵⿳亠？月
𱨡	⿰氵⿱吂⿵几𰀁
𱨢	⿰氵⿱龴⿴囗圭
𱨣	⿲氵？先
𱨤	⿰氵⿳厶⿰⿱丶㇀⿱㇒丶尒
𱨥	⿰氵⿳厶？三
𱨦	⿰氵雄
𱨧	⿰氵欹
𱨨	⿰氵⿳一⿻⿱冖八由八
𱨩	⿱⿰氵𠙉皿
𱨪	⿰氵⿸？⿱田一
𱨫	⿰氵⿱覀⿻二火
𱨬	⿰氵敞
𱨭	⿰氵⿳口十囬
𱨮	⿰氵⿳冃罒寸
𱨯	⿰氵⿱曲早
𱨰	⿰氵⿱𦉼⿱一𰀁
𱨱	⿲氵⿱日⿹勹丿⿱𠂉又
𱨲	⿰氵⿱日幸
𱨳	⿰氵𭄁
𱨴	⿰氵猶
𱨵	⿰氵⿱⿹勹八⿱丶𥐘
𱨶	⿲氵⿰亻丨⿱支示
𱨷	⿰氵⿵𨳇生
𱨸	⿰氵阔
𱨹	⿰氵⿱⿻龹丷天
𱨺	⿰氵⿳宀丆貝
𱨻	⿰氵⿱六隹
𱨼	⿰氵⿱亠⿻隹⺀
𱨽	⿰氵⿳宀土⿱日八
𱨾	⿰氵⿳⿱宀？皿⿰丿𠃌
𱨿	⿰氵𬮴
𱩀	⿰氵⿱𦘒豕
𱩁	⿰氵⿱⿰乡又豆
𱩂	⿰氵颖
𱩃	⿰氵⿱木𥄧
𱩄	⿰氵⿱林目
𱩅	⿰氵⿱⿱十可⿱一⿰口𬺰
𱩆	⿲氵𪟩𭻾
𱩇	⿰溸刃
𱩈	⿰氵⿱⿰龶丸糸
𱩉	⿰氵雾
𱩊	⿰氵⿱甫𠇍
𱩋	⿰氵摇
𱩌	⿰氵碎
𱩍	⿰氵⿱品水
𱩎	⿰氵⿱罒𨐌
𱩏	⿰氵⿱旲米
𱩐	⿰氵⿵門示
𱩑	⿰氵⿱卝𣆊
𱩒	⿰氵𦞅
𱩓	⿰氵𲈩
𱩔	⿰氵鉴
𱩕	⿰氵⿱止⿱八𥃦
𱩖	⿰氵鉉
𱩗	⿰氵⿳𠚍儿夊
𱩘	⿱洗呂
𱩙	⿰氵⿱亠⿰⿸⿻尸一口不
𱩚	⿰氵⿳亠𠀎⿻口㐄
𱩛	⿰氵⿱⿰半刀糸
𱩜	⿰氵⿳亠⿲尸了⿱㇒𡿨日
𱩝	⿰氵⿱⿳亠丷⿱乛氺日
𱩞	⿰氵⿱水𣶒
𱩟	⿰氵⿱山家
𱩠	⿲氵⿱去月𪠲
𱩡	⿲氵𠦝夸
𱩢	⿲氵⿳⿰丨⿱一一一夫足
𱩣	⿰氵𭫝
𱩤	⿰⿱正⿴⿰⿱丶㇀⿱㇒丶亅頁
𱩥	⿰氵⿳日𢆶圡
𱩦	⿰氵⿸⿸⿰丿⿱⺊⺂七眘
𱩧	⿰氵𭧂
𱩨	⿲氵⿱上禾⿳龴一？
𱩩	⿰氵⿳卝吅天
𱩪	⿰氵蓝
𱩫	⿱⿴𦥑同𠕽
𱩬	⿰氵⿸？⿹⿺㇉一厺
𱩭	⿰氵⿳䒑⿻口龶灬
𱩮	⿰氵⿸？⿹⿺㇉一去
𱩯	⿰氵敲
𱩰	⿰氵⿳⿱十冖火貝
𱩱	⿰氵𦂌
𱩲	⿰氵⿱丽⿸广厸
𱩳	⿰氵⿸虍⿱火目
𱩴	⿰氵⿳业八隹
𱩵	⿰氵數
𱩶	⿰氵閲
𱩷	⿰氵⿸厃⿱北𢀛
𱩸	⿰氵⿱𥫗胃
𱩹	⿰氵䈟
𱩺	⿰氵箴
𱩻	⿰湖狂
𱩼	⿰氵⿱吉𠳬
𱩽	⿰氵噩
𱩾	⿰氵𱹖
𱩿	⿰氵冀
𱪀	⿰氵⿳日出⿱大丰
𱪁	⿰氵𦼔
𱪂	⿰氵⿸厃⿱北言
𱪃	⿰氵⿱⺈⿸尸⿱北𠮷
𱪄	⿰氵⿸鹿去
𱪅	⿰氵⿳亡罒⿰用凡
𱪆	⿰氵⿱⿲幺言幺弓
𱪇	⿰氵⿱㐬咸
𱪈	⿰氵檜
𱪉	⿰氵⿸广⿳⿻？⿰丨丨⿹𠃌灬𬼈
𱪊	⿰氵⿳亡罒⿲月夕几
𱪋	⿰氵⿳亡罒⿰朋乚
𱪌	⿲氵畨米
𱪍	⿰氵⿱𮘎木
𱪎	⿰氵賽
𱪏	⿰氵薺
𱪐	⿰濬攵
𱪑	⿰氵⿰苟苟
𱪒	⿰氵⿸厃⿳土北𠮷
𱪓	⿲氵芳畨
𱪔	⿰氵⿱昍⿸？比
𱪕	⿰氵⿳⿱亠吅⿴囗𫡃示
𱪖	⿲氵𠦝⿱夻羽
𱪗	⿰氵𮋖
𱪘	⿰氵矍
𱪙	⿰氵⿳亡罒⿰羊𫰉
𱪚	⿲氵丢⿱⿻土吅回
𱪛	⿰氵⿳⿱亠一罒⿲貝女⿻九丶
𱪜	⿰氵⿳亡罒⿰羊䏎
𱪝	⿰氵贑
𱪞	⿰氵⿳⿱亠一罒⿲月貝凡
𱪟	⿰氵⿳⿱亠一罒⿲貝羊⿻九丶
𱪠	⿰氵⿳亡罒⿲羊貝凡
𱪡	⿰火入
𱪢	⿰火力
𱪣	⿰火㔾
𱪤	⿰火兀
𱪥	⿱下灬
𱪦	⿰火千
𱪧	⿰火个
𱪨	⿰火𠀆
𱪩	⿰火开
𱪪	⿰火历
𱪫	⿰火支
𱪬	⿱犬灬
𱪭	⿰火夭
𱪮	⿰火勾
𱪯	⿰火为
𱪰	⿳刀刀灬
𱪱	⿰火左
𱪲	⿱正灬
𱪳	⿰火由
𱪴	⿰火目
𱪵	⿰火卢
𱪶	⿱⿱𠂊灬⿱一𠂈
𱪷	⿱𠆢⿱一⿹⿺㇉一灬
𱪸	⿱⿹勹屮灬
𱪹	⿰火孕
𱪺	⿱⿲丶丶丶⿲⺀人⺀
𱪻	⿱⿸⿽廾丶丶灬
𱪼	⿱⿰弓刂灬
𱪽	⿱万⿱一⿹⿺㇉一灬
𱪾	⿰火夸
𱪿	⿱动灬
𱫀	⿱𤆍土
𱫁	⿰火早
𱫂	⿱当灬
𱫃	⿱爫⿹⿺㇉一灬
𱫄	⿰火兴
𱫅	⿰火齐
𱫆	⿱⿰⿱一⿺𠃊⺊已灬
𱫇	⿱丕⿹⿺㇉一灬
𱫈	⿰火壳
𱫉	⿰火足
𱫊	⿰火劳
𱫋	⿰火皂
𱫌	⿱⿱⺈罒火
𱫍	⿰火身
𱫎	⿰火⿱千火
𱫏	⿰火⿸⿻丶𠂇㐄
𱫐	⿰火𲂺
𱫑	⿰火表
𱫒	⿱天𭴉
𱫓	⿱欧灬
𱫔	⿳西二灬
𱫕	⿳日丑灬
𱫖	⿰火⿱艹⿻几𠄠
𱫗	⿰火肯
𱫘	⿰火垂
𱫙	⿱⿰𱼀火灬
𱫚	⿱𭺳火
𱫛	⿰火店
𱫜	⿰火贯
𱫝	⿱𠜊火
𱫞	⿱⿰尼寸火
𱫟	⿰⿱彐火生
𱫠	⿱南灬
𱫡	⿱⿰⿱龶厶丸火
𱫢	⿵咸灬
𱫣	⿰火⿱覀⿻乚⿰丶丶
𱫤	⿱⿰男力灬
𱫥	⿱⿰日𮎛灬
𱫦	⿰火⿱夂羊
𱫧	⿱⿰匀犮灬
𱫨	⿰火看
𱫩	⿰火觉
𱫪	⿰火度
𱫫	⿱⿰冫𫠉灬
𱫬	⿰火𬏝
𱫭	⿱⿰爿术灬
𱫮	⿱𭴘火
𱫯	⿰火恶
𱫰	⿱⿰扌⿻𠄎叹灬
𱫱	⿳吉𠮛灬
𱫲	⿰火⿱犬𱒃
𱫳	⿰戈烏
𱫴	⿰火⿱罒𫧀
𱫵	⿳㇒𡇒灬
𱫶	⿰火⿱⿱㇒罒⿸𠂇乂
𱫷	⿰火俸
𱫸	⿱浪灬
𱫹	⿱⿰⿱亠旦丸灬
𱫺	⿰火畜
𱫻	⿰火展
𱫼	⿱𰄔灬
𱫽	⿰火⿱杳小
𱫾	⿰𪸥夘
𱫿	⿱⿰赤日灬
𱬀	⿰火勒
𱬁	⿰⿱⿱土八土𬉹
𱬂	⿰火彪
𱬃	⿰火晟
𱬄	⿹⿽戈⺌炅
𱬅	⿰火問
𱬆	⿱⿰𤰗攵灬
𱬇	⿰火𱫌
𱬈	⿰火⿳⺈回大
𱬉	⿰火⿸广享
𱬊	⿰火旋
𱬋	⿰火⿳丷罒支
𱬌	⿰火⿳丷罒犬
𱬍	⿰火阉
𱬎	⿰火率
𱬏	⿰火联
𱬐	⿱揂火
𱬑	⿱酥灬
𱬒	⿰火紫
𱬓	⿰火菉
𱬔	⿳𠆢二焸
𱬕	⿰火腊
𱬖	⿱辝火
𱬗	⿱⿲木击木火
𱬘	⿰焇尧
𱬙	⿰火微
𱬚	⿰火⿱⿱⺈罒⿸歹⿻㇂㇒
𱬛	⿹⿽戈⿱丫丷炅
𱬜	⿰火誅
𱬝	⿰煮东
𱬞	⿰火𡬽
𱬟	⿰火雐
𱬠	⿱⿰罒罒炏
𱬡	⿰火蓝
𱬢	⿲火⿱彡⿺𠃊⺊夆
𱬣	⿱𰄔𭴎
𱬤	⿱⿲木𦈢木火
𱬥	⿲釒点十
𱬦	⿰火蔑
𱬧	⿱⿴𦥑囟灰
𱬨	⿱㱅灬
𱬩	⿳⿱亠⿿灬冖㷊
𱬪	⿰熟㐱
𱬫	⿰火薄
𱬬	⿰火歛
𱬭	⿰火⿱艹㷠
𱬮	⿺燒𠬶
𱬯	⿰⿳龷由灬能
𱬰	⿳⿴𦥑冃冖⿱炏灬
𱬱	⿱⿲𠂤㒸⿾𠂤火
𱬲	⿳⿴𦥑⿵冂⿱一？冖焱
𱬳	⿱焦⿰焦焦
𱬴	⿱㇒灬
𱬵	⿱爫𱍸
𱬶	⿺爪也
𱬷	⿱爫巴
𱬸	⿰爪电
𱬹	⿱爫旧
𱬺	⿰爪甫
𱬻	⿳爫工木
𱬼	⿳爫王夊
𱬽	⿰𭤔爪
𱬾	⿰𥄃寸
𱬿	⿺爪罗
𱭀	⿺爪昜
𱭁	⿺爪竿
𱭂	⿳爫冖⿰目刂
𱭃	⿳爫冖𢪛
𱭄	⿰马爱
𱭅	⿺⿸𠂆⿰丨乚⿱一畕
𱭆	⿳一𡭔⿸⿻尸⿰丨丨⿰㇯艮？寸
𱭇	⿳爫罒⿰目寸
𱭈	⿰肯爱
𱭉	⿰爱界
𱭊	⿱父甫
𱭋	⿱佘⿻⿵冂丨㸚
𱭌	⿰爾婁
𱭍	⿰爿止
𱭎	⿰爿心
𱭏	⿰爿未
𱭐	⿰爿巠
𱭑	⿰爿𨑲
𱭒	⿰爿兔
𱭓	⿰爿侖
𱭔	⿰爿𭍥
𱭕	⿰⿹𠂈㇀⿳𦍌一⿶凵日
𱭖	⿲爿⿱上矢足
𱭗	⿰丬𬉹
𱭘	⿲丬关卜
𱭙	⿰片飞
𱭚	⿰片乏
𱭛	⿰片安
𱭜	⿰片责
𱭝	⿰片变
𱭞	⿰片参
𱭟	⿰片倉
𱭠	⿰片章
𱭡	⿰片厥
𱭢	⿰牙丂
𱭣	⿰牙厄
𱭤	⿰牙岂
𱭥	⿰牙任
𱭦	⿰牙吕
𱭧	⿰牙曼
𱭨	⿰牙㬎
𱭩	⿰牜文
𱭪	⿰牜匝
𱭫	⿰牜用
𱭬	⿰牜丘
𱭭	⿱刚牛
𱭮	⿰牜衣
𱭯	⿰犂支
𱭰	⿰牜营
𱭱	⿰牜疑
𱭲	⿰牜賞
𱭳	⿰犭𫧇
𱭴	⿰犭支
𱭵	⿰犭瓦
𱭶	⿰犭卡
𱭷	⿰犭务
𱭸	⿰犭⿱⺊己
𱭹	⿰犭印
𱭺	⿰犭亥
𱭻	⿰犭⿻失一
𱭼	⿰犭呈
𱭽	⿰犭⿱口攵
𱭾	⿰犭⿱艹寸
𱭿	⿱？犬
𱮀	⿰犭卖
𱮁	⿰⿱䒑目犬
𱮂	⿰犭岡
𱮃	⿰犭𠒃
𱮄	⿰犭朋
𱮅	⿰犭周
𱮆	⿰犭初
𱮇	⿰犭𧈧
𱮈	⿰犭⿱口⿻丨冋
𱮉	⿰犭⿱木左
𱮊	⿰犭畐
𱮋	⿰犭昷
𱮌	⿰犭竿
𱮍	⿰犭臾
𱮎	⿰犭⿳䒑一皿
𱮏	⿰犭活
𱮐	⿰犭怒
𱮑	⿰犭羿
𱮒	⿰犭茶
𱮓	⿰犭⿱㐀目
𱮔	⿰犭茟
𱮕	⿰犭倚
𱮖	⿰犭⿱𠚤𮕜
𱮗	⿰犭朔
𱮘	⿰犭难
𱮙	⿲犭言戈
𱮚	⿰犭⿱田⿱冖月
𱮛	⿰犭逢
𱮜	⿰犭貪
𱮝	⿰犭康
𱮞	⿰犭⿳？灬皿
𱮟	⿰犭⿱关皿
𱮠	⿰犭⿱𠆢禹
𱮡	⿰⿸⿱一⿻尸一业犮
𱮢	⿰犭腊
𱮣	⿰犭進
𱮤	⿰⿱畄𠫔犮
𱮥	⿰犭𭆏
𱮦	⿰犭⿰蜀𡿨
𱮧	⿰犭⿱业侠
𱮨	⿰犭⿱崔乂
𱮩	⿰⿱厸⿻日巿犮
𱮪	⿰⿸⿻丅⿻尸一⿱一⿻冂𢆉𠀋
𱮫	⿰⿸？⿱丷⿵冂𰀁犮
𱮬	⿱𭸢心
𱮭	⿰犭⿱卝⿳厸⿻匚十乂
𱮮	⿰犭戴
𱮯	⿱䌛犬
𱮰	⿰犭𨷈
𱮱	⿰犭曩
𱮲	⿰⿰丨丿玄
𱮳	⿰𤣩日
𱮴	⿰𤣩冈
𱮵	⿰𤣩书
𱮶	⿰𤣩𠁣
𱮷	⿰𤣩示
𱮸	⿰𤣩兄
𱮹	⿰𤣩⿳𠆢一八
𱮺	⿰𤣩贞
𱮻	⿱⿰⿺𠃊⺊夕王
𱮼	⿱⿰氵𠚤王
𱮽	⿰𤣩牟
𱮾	⿰𤣩来
𱮿	⿰𤣩邦
𱯀	⿱⿰云口王
𱯁	⿰⿱亠厶⿱𠚤王
𱯂	⿰𤣩𫂱
𱯃	⿰玉⿱𠚤⿻王一
𱯄	⿰𤣩宝
𱯅	⿰𤣩⿱𠫓内
𱯆	⿰𤣩参
𱯇	⿰𤣩叕
𱯈	⿰𤣩⿱巛𠙻
𱯉	⿰玉⿱龴𧰧
𱯊	⿰𤣩⿸？巾
𱯋	⿰𤣩胃
𱯌	⿰𤣩𪽋
𱯍	⿰𤣩哥
𱯎	⿰𤣩彧
𱯏	⿱㱿玉
𱯐	⿱玨⿻中𠆢
𱯑	⿰栗玉
𱯒	⿰𤣩⿳罒一心
𱯓	⿰𤣩⿳𫡃日亾
𱯔	⿰𤣩⿱旦⿱𠂈𰀠
𱯕	⿰𤣩⿱罒𠙻
𱯖	⿰𤣩⿱𱼀⿻𠙻一
𱯗	⿰𤣩⿱⿻⿹勹丿丶⿻𠙻一
𱯘	⿰玉⿱𢆶戈
𱯙	⿰𤣩宰
𱯚	⿰𤣩竜
𱯛	⿰𤣩⿱巛⿱日小
𱯜	⿰𤣩啬
𱯝	⿰𤣩責
𱯞	⿰𤣩曹
𱯟	⿰𤣩𰗧
𱯠	⿰𤣩⿻𢆶⿹弋𠂈
𱯡	⿰玉⿻𢆶⿹𫠠夕
𱯢	⿰⿸尸玉𨐌
𱯣	⿲𤣩镸⿱己乂
𱯤	⿰𤣩逸
𱯥	⿰𤣩羡
𱯦	⿰𤣩棨
𱯧	⿰𤣩富
𱯨	⿰𤣩敢
𱯩	⿰𤣩雷
𱯪	⿰𤣩毀
𱯫	⿰𤣩⿳⿱㇒罒日𠆥
𱯬	⿰𤣩⿳⿱㇒𠔿口央
𱯭	⿳爫⿻⿵冂丨𢆶玉
𱯮	⿰𤣩塋
𱯯	⿰𤣩⿳亠罒衣
𱯰	⿰𤣩⿱宀眞
𱯱	⿰玉⿱宀貢
𱯲	⿰𤣩彙
𱯳	⿰⿱𡰪王辛
𱯴	⿰𤣩漸
𱯵	⿰𤣩嘏
𱯶	⿰玉⿳⿱⺊冖⿱八日夬
𱯷	⿰𤣩⿱⿱⺈罒⿹戈夕
𱯸	⿰𤣩⿳八⿻口⿰丨丨貝
𱯹	⿰𤣩𠎳
𱯺	⿰𤣩⿳穴⿱丆且八
𱯻	⿱⿰𡰪幸玉
𱯼	⿰𤣩賢
𱯽	⿰𤣩⿱𥫗卽
𱯾	⿰𤣩⿳⺈畕夊
𱯿	⿰𤣩⿳⿱⺈日罒攵
𱰀	⿰𤣩⿱⿻丅⿱冖丷⿱隹乂
𱰁	⿰𤣩學
𱰂	⿰玉⿳⿱⺈罒目夬
𱰃	⿰玉⿳⿱⺈罒㇯？丆天
𱰄	⿱⿰⿸尸言𨐌玉
𱰅	⿰⿱大天𤓰
𱰆	⿰娄瓜
𱰇	⿱⿴𦥑囟⿸厂⿰⿱大亐𤓰
𱰈	⿰生瓦
𱰉	⿰𠫤瓦
𱰊	⿱合瓦
𱰋	⿰米瓦
𱰌	⿱折瓦
𱰍	⿱站瓦
𱰎	⿱殸瓦
𱰏	⿰崩瓦
𱰐	⿱皕瓦
𱰑	⿰瓦嵬
𱰒	⿰瓦詹
𱰓	⿰龠瓦
𱰔	⿰瞿瓦
𱰕	⿱獻瓦
𱰖	⿱合甘
𱰗	⿱生𡖅
𱰘	⿰生㽖
𱰙	⿱朋生
𱰚	⿰生孟
𱰛	⿲男生男
𱰜	⿵⺆⿻二⿾乚
𱰝	⿰用吏
𱰞	⿱共⿻⺝丨
𱰟	⿰弄用
𱰠	⿱莫用
𱰡	⿰庸用
𱰢	⿳右冏用
𱰣	⿰買甫
𱰤	⿹⺄田
𱰥	⿱𰢴一
𱰦	⿰云申
𱰧	⿰田屯
𱰨	⿱由⿵冂匕
𱰩	⿱𠂒田
𱰪	⿱田仒
𱰫	⿰田方
𱰬	⿲田冫匕
𱰭	⿱𡿧田
𱰮	⿱田令
𱰯	⿱𱏿田
𱰰	⿻甲⿱一丛
𱰱	⿰甲夹
𱰲	⿱龸𰢴
𱰳	⿱山奋
𱰴	⿱⿰⿰？丶口田
𱰵	⿱⿰斤刀田
𱰶	⿳田一兴
𱰷	⿱𣲙田
𱰸	⿱不畏
𱰹	⿰田叔
𱰺	⿰来男
𱰻	⿰畏乍
𱰼	⿰男来
𱰽	⿰⿱田山夋
𱰾	⿰男卑
𱰿	⿰田⿳士⿻⿱乛？丨𠮛
𱱀	⿰番本
𱱁	⿱⿰來耒田
𱱂	⿰異𱺵
𱱃	⿰𪽗釆
𱱄	⿱⿰田田？
𱱅	⿰⿰氵⿱白工畫
𱱆	⿲⿱⿻凵由⿻凵由⿳爫幺又⿱⿻凵由⿻凵由
𱱇	⿰𤴔吏
𱱈	⿰𤴔昔
𱱉	⿸疒⿱一力
𱱊	⿸疒门
𱱋	⿸疒壬
𱱌	⿸疒攵
𱱍	⿸疒北
𱱎	⿸疒兄
𱱏	⿸疒𢆉
𱱐	⿸疒立
𱱑	⿸疒㓜
𱱒	⿸疒⿰𤓰卩
𱱓	⿸疒各
𱱔	⿸疒宇
𱱕	⿸疒财
𱱖	⿸疒何
𱱗	⿸疒征
𱱘	⿸疒耐
𱱙	⿸疒⿱龶𠙼
𱱚	⿸疒⿸虍也
𱱛	⿸疒宦
𱱜	⿸疒⿱龹土
𱱝	⿸疒荒
𱱞	⿸疒监
𱱟	⿸疒豹
𱱠	⿸疒芻
𱱡	⿸疒𰲛
𱱢	⿸疒⿰䏍⿺友丶
𱱣	⿸疒滞
𱱤	⿸疒敦
𱱥	⿸疒粦
𱱦	⿰痛乐
𱱧	⿸疒塢
𱱨	⿸疒⿰冐犮
𱱩	⿸疒稣
𱱪	⿸疒嫌
𱱫	⿸疒䜹
𱱬	⿸疒嫩
𱱭	⿸疒𢵤
𱱮	⿸疒⿱吹來
𱱯	⿸疒䗍
𱱰	⿸疒龠
𱱱	⿸疒⿱欮足
𱱲	⿸疒⿱雷皿
𱱳	⿸疒鐵
𱱴	⿱癶丁
𱱵	⿳癶口一
𱱶	⿱癶⿰𰀪又
𱱷	⿱癶⿰弓文
𱱸	⿱？𢎿
𱱹	⿰上登
𱱺	⿰白卜
𱱻	⿰白叉
𱱼	⿰白旁
𱱽	⿱白朗
𱱾	⿰白儀
𱱿	⿰皮卜
𱲀	⿺皮丫
𱲁	⿰皮央
𱲂	⿺皮𭑧
𱲃	⿰皮肉
𱲄	⿰皮兆
𱲅	⿺皮曷
𱲆	⿰⿱土非皮
𱲇	⿰皮葉
𱲈	⿱兆皷
𱲉	⿰皮聶
𱲊	⿰皮罌
𱲋	⿱犬皿
𱲌	⿳口一皿
𱲍	⿱孔皿
𱲎	⿱𡉁皿
𱲏	⿳𱼀一皿
𱲐	⿱⿵乃夫皿
𱲑	⿱⿵乃王皿
𱲒	⿱汤皿
𱲓	⿱赦皿
𱲔	⿱⿰里尤皿
𱲕	⿱⿱⺈灬⿹⺄盆
𱲖	⿱⿱⺈灬⿹⺄昷
𱲗	⿱𰁜⿹⺄盆
𱲘	⿱𧺷皿
𱲙	⿱𰁜⿹⺄𥁕
𱲚	⿱⿰臣⿱亠罒皿
𱲛	⿱⿴𦥑米皿
𱲜	⿰盖夾
𱲝	⿱𰁜⿹⺄⿱𡆪皿
𱲞	⿳鼎廾皿
𱲟	⿱⿰升須皿
𱲠	⿱𮠾皿
𱲡	⿱⿰𦎫升皿
𱲢	⿰𱘥盘
𱲣	⿱𬼀目
𱲤	⿰力目
𱲥	⿰目𠃓
𱲦	⿰目无
𱲧	⿳口一目
𱲨	⿱⿱㇒罒小
𱲩	⿱目⿻⿰丶丶𬼂
𱲪	⿰目六
𱲫	⿰目巴
𱲬	⿱罒他
𱲭	⿰目⿱丷于
𱲮	⿰目𠬤
𱲯	⿸尸⿱八目
𱲰	⿰目奴
𱲱	⿰目尖
𱲲	⿳⿱⺊冖八目
𱲳	⿰目伙
𱲴	⿰目𠑹
𱲵	⿰目⿱丶平
𱲶	⿺礼目
𱲷	⿰目找
𱲸	⿱⿰礻又目
𱲹	⿰目足
𱲺	⿰目体
𱲻	⿱⿱㇒罒⿰夕𰀠
𱲼	⿰亡眉
𱲽	⿰目松
𱲾	⿰目妻
𱲿	⿰直正
𱳀	⿰目匋
𱳁	⿱爫⿱耂目
𱳂	⿰目征
𱳃	⿰目契
𱳄	⿰目拜
𱳅	⿰目聂
𱳆	⿺鬼目
𱳇	⿰目斜
𱳈	⿰看孝
𱳉	⿰目⿳土北圡
𱳊	⿰壴⿱文目
𱳋	⿰目楚
𱳌	⿳䀠宂口
𱳍	⿰目路
𱳎	⿰目⿱⺈⿸厃言
𱳏	⿰目⿳⺈北𠮷
𱳐	⿰目⿸厃⿱儿咅
𱳑	⿰目⿳⺈卝⿸厂𠮷
𱳒	⿰目廓
𱳓	⿱戠𦣻
𱳔	⿰目⿸尸⿻吕禸
𱳕	⿰⿱⿻厸丨⿸厂⿱一目⿱丘乂
𱳖	⿰目⿱⺈⿸尸⿱从𠮷
𱳗	⿰目審
𱳘	⿰目覧
𱳙	⿰目⿸厃⿱韭口
𱳚	⿰目謨
𱳛	⿱矛示
𱳜	⿰矛⿱攵口
𱳝	⿰矢而
𱳞	⿰矢次
𱳟	⿱矢⿱一刖
𱳠	⿰⿱矢止巳
𱳡	⿰矢⿱口白
𱳢	⿰矢面
𱳣	⿰矢哥
𱳤	⿲矢⿱口𠀜亏
𱳥	⿰矢無
𱳦	⿰矢渠
𱳧	⿰矢過
𱳨	⿰石门
𱳩	⿰石丐
𱳪	⿰石太
𱳫	⿱石𭃄
𱳬	⿱车石
𱳭	⿱石井
𱳮	⿰石月
𱳯	⿰石仑
𱳰	⿰石手
𱳱	⿰石长
𱳲	⿱卬石
𱳳	⿰石乌
𱳴	⿰石丙
𱳵	⿰石叶
𱳶	⿰石⿱亡十
𱳷	⿰石⿱乛𰀆
𱳸	⿰石⿱乆十
𱳹	⿰石当
𱳺	⿰石廵
𱳻	⿱吊石
𱳼	⿰石杂
𱳽	⿰石⿱文十
𱳾	⿰石寻
𱳿	⿰石⿸己工
𱴀	⿰石导
𱴁	⿰石否
𱴂	⿰石束
𱴃	⿰石把
𱴄	⿰石来
𱴅	⿰⿱⺊石𠮢
𱴆	⿰石囦
𱴇	⿰石⿱口王
𱴈	⿰石皂
𱴉	⿰石应
𱴊	⿰石𭗾
𱴋	⿰石忍
𱴌	⿱石𣏟
𱴍	⿰石迏
𱴎	⿱石非
𱴏	⿰石国
𱴐	⿰石齿
𱴑	⿰石罙
𱴒	⿰石兔
𱴓	⿰石𰏤
𱴔	⿰石法
𱴕	⿱石⿱冖⿱⿻口⿰丨丨一
𱴖	⿰石⿱玄𫶧
𱴗	⿰石店
𱴘	⿰石巷
𱴙	⿰石带
𱴚	⿰石胃
𱴛	⿱秋石
𱴜	⿰石皇
𱴝	⿱⿰丹𠮡石
𱴞	⿰石侯
𱴟	⿰石娄
𱴠	⿰石养
𱴡	⿰石㡿
𱴢	⿰石⿱米巛
𱴣	⿰石⿱宀死
𱴤	⿰石盐
𱴥	⿰石索
𱴦	⿰石𠳮
𱴧	⿰𥑟𪠲
𱴨	⿰石恩
𱴩	⿰石罢
𱴪	⿰石晏
𱴫	⿱⿰丹𪠲石
𱴬	⿱石𡥨
𱴭	⿰石⿱雨亐
𱴮	⿰石⿱卝豕
𱴯	⿰石梟
𱴰	⿰石庶
𱴱	⿰石𢛳
𱴲	⿱⿰⿱山⿻尸一𪠲石
𱴳	⿰石莾
𱴴	⿰石猪
𱴵	⿰石畫
𱴶	⿰石隆
𱴷	⿰石罪
𱴸	⿰石𱢒
𱴹	⿰石魂
𱴺	⿰石⿳日𢆶木
𱴻	⿰石𭀰
𱴼	⿰石犖
𱴽	⿰石豪
𱴾	⿰石寡
𱴿	⿰石輟
𱵀	⿰牜磨
𱵁	⿰石審
𱵂	⿲石⿻⿱二口大⿱丷𤴓
𱵃	⿰石曆
𱵄	⿰石矍
𱵅	⿰石屬
𱵆	⿰礻⿱㇒口
𱵇	⿰示⿱丶𰀄
𱵈	⿰示⿱口夕
𱵉	⿰礻⿱𠂉夫
𱵊	⿳𠂉⿲丶丶丶⿹⺄示
𱵋	⿱血示
𱵌	⿰礻⿱厶天
𱵍	⿰示⿱土𡈽
𱵎	⿰示走
𱵏	⿰示⿷电二
𱵐	⿰示⿻申八
𱵑	⿰礻𭻾
𱵒	⿰礻良
𱵓	⿰示㐬
𱵔	⿰礻局
𱵕	⿰礻⿱尤日
𱵖	⿰示歨
𱵗	⿱明示
𱵘	⿰礻⿱𬐃⺀
𱵙	⿰礻乳
𱵚	⿰礻⿺⿺乚𫜹⿰𠃍𫜹
𱵛	⿰礻⿱⿸己𫠠土
𱵜	⿰𫯝佘
𱵝	⿰礻𤓾
𱵞	⿰礻⿳𠂉土圡
𱵟	⿰礻类
𱵠	⿰示⿱水𡉀
𱵡	⿰示夏
𱵢	⿰礻𭍠
𱵣	⿰示⿱口㕯
𱵤	⿰礻⿱田冋
𱵥	⿰礻监
𱵦	⿰礻⿱𠮥田
𱵧	⿰礻⿱⿻土丷吋
𱵨	⿰礻章
𱵩	⿰示⿱六隹
𱵪	⿰示𠷎
𱵫	⿱登示
𱵬	⿰示業
𱵭	⿰示聖
𱵮	⿱⿺辶⿱⿻丄丷目𡭕
𱵯	⿱道示
𱵰	⿰祟⿱又米
𱵱	⿰礻⿱⿻臼丨豆
𱵲	⿰示⿳⿱丷⿻甲⿰十十一八
𱵳	⿰祟⿳匕⿰丨且又
𱵴	⿰礻⿱面⿱口䒑
𱵵	⿰礻⿳士⿻己⿱工⿷匚丨口
𱵶	⿰示瑩
𱵷	⿰礻⿱⿴𦥑⿰丨丨豆
𱵸	⿰⿱日宗⿱巛昊
𱵹	⿱⿱⿵𠆢丶龴⿵冂厶
𱵺	⿳𠆳𠚍禸
𱵻	⿱𠈌萬
𱵼	⿰禾久
𱵽	⿰禾⿱㇒口
𱵾	⿰禾户
𱵿	⿰禾右
𱶀	⿰禾乏
𱶁	⿰禾斥
𱶂	⿰禾厌
𱶃	⿰禾⿱口夕
𱶄	⿰禾⿴囗也
𱶅	⿰禾色
𱶆	⿰禾耒
𱶇	⿳大夭禾
𱶈	⿰禾⿱二𭁠
𱶉	⿹？禾
𱶊	⿰禾㐬
𱶋	⿱⿰禾九𣄼
𱶌	⿰禾责
𱶍	⿰禾⿱⿱一⺌井
𱶎	⿰禾虎
𱶏	⿰禾𭺲
𱶐	⿰禾劳
𱶑	⿰禾臽
𱶒	⿰禾阜
𱶓	⿰禾⿱尤目
𱶔	⿱⿰禾犬𣄼
𱶕	⿰禾⿱⿻土八⺝
𱶖	⿰禾𭺿
𱶗	⿰禾宥
𱶘	⿰禾⿵𠦑⺀
𱶙	⿰禾⿱文𠂡
𱶚	⿰禾总
𱶛	⿰禾⿳⿱一八𠆢⿻井丨
𱶜	⿰禾臭
𱶝	⿰禾⿱攵𫥞
𱶞	⿰禾郞
𱶟	⿱⿰与与秝
𱶠	⿰禾寄
𱶡	⿰𠦝⿱𠂉秃
𱶢	⿰⿱⿻十丷⿵冂禾⿱⺈攵
𱶣	⿳𰁜回禾
𱶤	⿰禾⿱立貝
𱶥	⿰⿱亡禾頁
𱶦	⿰禾葉
𱶧	⿰禾𡻕
𱶨	⿱㐭秝
𱶩	⿰禾⿳山四⿰夕⿺乚刀
𱶪	⿰𤇫⿱𠮥电
𱶫	⿳亠⿱吅回禾
𱶬	⿰禾罵
𱶭	⿰禾藍
𱶮	⿰⿳禾丑毋⿱出⿰丿⿴㔾𬼆
𱶯	⿰禾鷄
𱶰	⿱穴？
𱶱	⿱⿱宀儿介
𱶲	⿱⿱宀儿斗
𱶳	⿱穴兰
𱶴	⿱穴⿰⿰丶丿⿺乚？
𱶵	⿱穴弗
𱶶	⿱穴地
𱶷	⿱⿱宀儿⿰井又
𱶸	⿱⿱宀儿此
𱶹	⿳穴皿亅
𱶺	⿳⿱宀儿日八
𱶻	⿱穴多
𱶼	⿱⿱宀儿⿰亻⿱冖又
𱶽	⿱穴⿰十未
𱶾	⿱穴⿲㇒兄丶
𱶿	⿰氵穿
𱷀	⿱⿱宀儿辛
𱷁	⿱穴⿰⿰丨丿未
𱷂	⿱穴局
𱷃	⿰空包
𱷄	⿱⿱宀儿坩
𱷅	⿱穴來
𱷆	⿱穴坬
𱷇	⿱⿱宀儿禹
𱷈	⿱穴卑
𱷉	⿱⿱宀儿糾
𱷊	⿱穴⿰⿹丩一⿱𫜹又
𱷋	⿰⿱穴工充
𱷌	⿱⿱宀儿𣆎
𱷍	⿱⿱宀儿𰠭
𱷎	⿱⿱宀儿𱀋
𱷏	⿱⿱宀儿𫾬
𱷐	⿱⿱宀儿⿰十录
𱷑	⿰窄未
𱷒	⿱⿱宀儿俱
𱷓	⿱⿱宀儿⿰扌⿳𫜹冖丈
𱷔	⿱⿱宀儿⿰亻⿳𫜹冖支
𱷕	⿱⿱宀儿⿰丬帚
𱷖	⿱⿱宀儿⿰⿻⿻𠃋亅㇀⿳𫜹冖丈
𱷗	⿰宂補
𱷘	⿱⿱宀儿⿰⿹𠄍㇒侵
𱷙	⿱⿱宀儿歉
𱷚	⿱⿱宀儿⿰丩登
𱷛	⿱⿱宀儿𥻑
𱷜	⿱穴縣
𱷝	⿱⿱宀儿⿰米⿱⺊禺
𱷞	⿱⿱宀儿⿰米⿳⺊𠔿⿵冂厶
𱷟	⿱⿱宀儿⿰耒⿳⺊𠔿冋
𱷠	⿱⿱宀儿𥻿
𱷡	⿱⿱宀儿䊪
𱷢	⿱⿱宀儿⿰釆⿱廿禺
𱷣	⿱不立
𱷤	⿱⿰冫夕立
𱷥	⿱立兆
𱷦	⿰立⿱厶⿸𠂇乂
𱷧	⿰立⿱日⿹勹一
𱷨	⿰立序
𱷩	⿰立⿳山冖巾
𱷪	⿰立⿱山⿻𠄠巾
𱷫	⿱⿰矢亐立
𱷬	⿰立𤼧
𱷭	⿳立𦥔禸
𱷮	⿱𥫗八
𱷯	⿱𥫗才
𱷰	⿱𥫗历
𱷱	⿱𥫗⿻一山
𱷲	⿱𥫗支
𱷳	⿱𥫗日
𱷴	⿱𥫗牛
𱷵	⿱𥫗叫
𱷶	⿱𥫗𫧏
𱷷	⿱𥫗执
𱷸	⿱𥫗则
𱷹	⿱𥫗吊
𱷺	⿱𥫗龹
𱷻	⿰了笑
𱷼	⿱𥫗𭘒
𱷽	⿱𥫗寻
𱷾	⿱𥫗报
𱷿	⿱𥫗杖
𱸀	⿱𥫗妻
𱸁	⿱𥫗𨚫
𱸂	⿱𥫗枢
𱸃	⿱𥫗昔
𱸄	⿱𥫗抯
𱸅	⿱𥫗坡
𱸆	⿱𥫗𡊨
𱸇	⿱𥫗劳
𱸈	⿱𥫗些
𱸉	⿳𥫗亠兆
𱸊	⿱𥫗油
𱸋	⿱𥫗孟
𱸌	⿱𥫗附
𱸍	⿱𥫗要
𱸎	⿰等叉
𱸏	⿰笨凶
𱸐	⿱𥫗残
𱸑	⿱𥫗厘
𱸒	⿱𥫗怎
𱸓	⿱𥫗祖
𱸔	⿱𥫗统
𱸕	⿱𥫗垒
𱸖	⿱𥫗样
𱸗	⿱𥫗聂
𱸘	⿱𥫗斋
𱸙	⿱𥫗涑
𱸚	⿱𥫗料
𱸛	⿱𥫗畚
𱸜	⿱𥫗埜
𱸝	⿱𥫗培
𱸞	⿱𥫗排
𱸟	⿱𥫗梞
𱸠	⿱𥫗偎
𱸡	⿱𥫗毫
𱸢	⿱𥫗𱷥
𱸣	⿱𥫗𡞕
𱸤	⿱𥫗绳
𱸥	⿱𥫗䑬
𱸦	⿱𥫗腊
𱸧	⿱𥫗鲁
𱸨	⿱𥫗强
𱸩	⿱𥫗⿸广⿳⿻卄⿰丨丨冖巾
𱸪	⿱𥫗愽
𱸫	⿱𥫗榦
𱸬	⿱𥫗摸
𱸭	⿱𥫗滬
𱸮	⿱𥫗奬
𱸯	⿰等待
𱸰	⿱𥫗覩
𱸱	⿱𥫗𦪝
𱸲	⿱𥫗顚
𱸳	⿻米丷
𱸴	⿰米凡
𱸵	⿰米车
𱸶	⿰米月
𱸷	⿰米目
𱸸	⿱𱐍⿻𫠠一
𱸹	⿰米包
𱸺	⿱奴米
𱸻	⿰米列
𱸼	⿰米尧
𱸽	⿰米⿴囗夕
𱸾	⿰米会
𱸿	⿳⺈⿲丶丶丶𥸦
𱹀	⿰米臼
𱹁	⿰米齐
𱹂	⿳丶⿹⺄⿲丶丶丶⿱一米
𱹃	⿱𰁜米
𱹄	⿰米車
𱹅	⿳一西米
𱹆	⿰米𭎇
𱹇	⿱灸米
𱹈	⿳亠灬𥸦
𱹉	⿰米妙
𱹊	⿰米妻
𱹋	⿰米芣
𱹌	⿱⿱亠𡆪米
𱹍	⿰米某
𱹎	⿰米骂
𱹏	⿰米星
𱹐	⿰米茄
𱹑	⿰米待
𱹒	⿰米奐
𱹓	⿱⿳亠丷田米
𱹔	⿰米聂
𱹕	⿰米圆
𱹖	⿳日共米
𱹗	⿰米氣
𱹘	⿰米恙
𱹙	⿳亠灬⿻日米
𱹚	⿰米逢
𱹛	⿱米黒
𱹜	⿸康米
𱹝	⿳⿱亠灬罒米
𱹞	⿰米堯
𱹟	⿳⿱亠⿲丶丶丶囬米
𱹠	⿱𰁜粟
𱹡	⿳⿱亠灬𡆪米
𱹢	⿰米畺
𱹣	⿱⿰𡔜⿱口攵米
𱹤	⿰米意
𱹥	⿰粟叔
𱹦	⿰米蒙
𱹧	⿰米𢊪
𱹨	⿳⿱亠吅囬米
𱹩	⿰糞亟
𱹪	⿰糸丿
𱹫	⿰糸𠄏
𱹬	⿱夭糸
𱹭	⿱父糸
𱹮	⿰糹代
𱹯	⿰糸示
𱹰	⿰糹扣
𱹱	⿰糹考
𱹲	⿰糹存
𱹳	⿰糹寻
𱹴	⿰糹来
𱹵	⿰糹闷
𱹶	⿰糹坦
𱹷	⿰糹芮
𱹸	⿰糸⿱勿牛
𱹹	⿰糸𰏤
𱹺	⿰糹𨊥
𱹻	⿰糹𰦫
𱹼	⿰糹𱰭
𱹽	⿱馬糸
𱹾	⿳𠚤一⿰米糸
𱹿	⿰糸斬
𱺀	⿰糸莊
𱺁	⿰糸⿱大奇
𱺂	⿰糸⿱日免
𱺃	⿰糹堂
𱺄	⿱敓糸
𱺅	⿱紙曵
𱺆	⿰糸筍
𱺇	⿰糹衆
𱺈	⿰糹詔
𱺉	⿰糹⿱東田
𱺊	⿰糸𧵩
𱺋	⿱㠪⿰𥸭系
𱺌	⿱⿱𠚤一⿰类系
𱺍	⿲糸𨊥糸
𱺎	⿰糹辨
𱺏	⿰纟卜
𱺐	⿰纟入
𱺑	⿰纟了
𱺒	⿰纟巾
𱺓	⿰纟斤
𱺔	⿰纟布
𱺕	⿰纟龙
𱺖	⿰纟宁
𱺗	⿱红丁
𱺘	⿰纟民
𱺙	⿰纟尼
𱺚	⿰纟扣
𱺛	⿰纟耒
𱺜	⿰纟来
𱺝	⿰纟赤
𱺞	⿰纟告
𱺟	⿰纟岛
𱺠	⿰纟作
𱺡	⿰纟良
𱺢	⿰纟那
𱺣	⿰纟劳
𱺤	⿰纟些
𱺥	⿰纟坠
𱺦	⿰纟厘
𱺧	⿰纟柬
𱺨	⿰纟勉
𱺩	⿰纟美
𱺪	⿰纟堂
𱺫	⿰纟密
𱺬	⿰纟等
𱺭	⿰纟雷
𱺮	⿰纟豪
𱺯	⿰纟蔡
𱺰	⿰纟囊
𱺱	⿰缶云
𱺲	⿰缶並
𱺳	⿰缶晏
𱺴	⿱网弋
𱺵	⿱罒𪜀
𱺶	⿱亡网
𱺷	⿱罒尤
𱺸	⿱罒𫧇
𱺹	⿱罒刈
𱺺	⿱罒分
𱺻	⿱罒之
𱺼	⿱㓁⿺元刂
𱺽	⿱冈⿺元刂
𱺾	⿱罒⿸⿻⿱㇒口丿乚
𱺿	⿱𦉪㝴
𱻀	⿳冈皿⿰丿𠃌
𱻁	⿳⿱冖八⺈兄
𱻂	⿱罒⿸耳𡿨
𱻃	⿱罒徃
𱻄	⿱𠔿卷
𱻅	⿱罒宜
𱻆	⿱罒⿰糸匕
𱻇	⿱罒時
𱻈	⿱网⿰中馬
𱻉	⿰⿰丨丿羊
𱻊	⿱𦍌又
𱻋	⿺毛羊
𱻌	⿱𦍌豕
𱻍	⿰羊低
𱻎	⿺羌糸
𱻏	⿰美丘
𱻐	⿰美巨
𱻑	⿰⿱合羊⿱乛⿰丿？
𱻒	⿰盖更
𱻓	⿱六⿰羘⿵几二
𱻔	⿰美叠
𱻕	⿳亡罒⿰𦍤⿵凢二
𱻖	⿱群排
𱻗	⿱⿰𫜹𫜹𠘲
𱻘	⿰羽民
𱻙	⿰𠕻羽
𱻚	⿳⿰𫜹𫜹𡗓山
𱻛	⿰其羽
𱻜	⿱芬羽
𱻝	⿳⿰𫜹𫜹一朋
𱻞	⿰贲羽
𱻟	⿰某⿰习习
𱻠	⿱羽珀
𱻡	⿰貢羽
𱻢	⿰竜羽
𱻣	⿰參羽
𱻤	⿰圍羽
𱻥	⿰扇厥
𱻦	⿰霜羽
𱻧	⿺几老
𱻨	⿰老几
𱻩	⿳老⺌一
𱻪	⿱老巴
𱻫	⿱耂⿺𠃊⿻口人
𱻬	⿱耂⿻己⿱工儿
𱻭	⿱耂者
𱻮	⿱⿱耂⿱𫜹𰀄口
𱻯	⿱者渚
𱻰	⿱而二
𱻱	⿱⿱㇒⿸⿰丨？一而
𱻲	⿰耒女
𱻳	⿰耒吾
𱻴	⿰耒责
𱻵	⿰耒國
𱻶	⿰𦓤⿱⿻十从回
𱻷	⿰耳与
𱻸	⿰耳户
𱻹	⿱𫭙耳
𱻺	⿰耳⿱𠂉戸
𱻻	⿰耳念
𱻼	⿰耳並
𱻽	⿱聑𠔼
𱻾	⿰耳𰑓
𱻿	⿱⿰石又聿
𱼀	⿻夕丶
𱼁	⿰月乃
𱼂	⿰月下
𱼃	⿰⿵⺆仌⿸卩𡿨
𱼄	⿱罒肉
𱼅	⿰月吏
𱼆	⿰月地
𱼇	⿰月华
𱼈	⿰月𭥍
𱼉	⿰月貝
𱼊	⿱九𦊈
𱼋	⿰月良
𱼌	⿰月沉
𱼍	⿰月查
𱼎	⿰月显
𱼏	⿰月贵
𱼐	⿰月盆
𱼑	⿱能⿲丶丶丶
𱼒	⿰月姪
𱼓	⿰月徒
𱼔	⿰月𮍏
𱼕	⿰月戛
𱼖	⿰月頃
𱼗	⿰月断
𱼘	⿰肩巵
𱼙	⿰月望
𱼚	⿰未⿱成肉
𱼛	⿰肉㖾
𱼜	⿰月𨐓
𱼝	⿰月葬
𱼞	⿰月感
𱼟	⿰背定
𱼠	⿰背𬙙
𱼡	⿰月⿱寉口
𱼢	⿰月蔑
𱼣	⿰月篆
𱼤	⿰月壅
𱼥	⿰⿱⿳亠口冖月馬
𱼦	⿱獻肉
𱼧	⿰丿臣
𱼨	⿱自⿻𦥑乚
𱼩	⿱𠫔⿻⿱二一亅
𱼪	⿰至田
𱼫	⿳日冖至
𱼬	⿰至余
𱼭	⿱臼土
𱼮	⿰𱼭兀
𱼯	⿱米臼
𱼰	⿱⿻𦥔⿻冂一⿲丨女亅
𱼱	⿱⿱⿴𦥑？一⿰彡⿱⿺人丶⿻口土
𱼲	⿳⿲土𤮺土⿲⿶凵⿰𠄠𠄠开⿶凵⿰𠄠𠄠⿰开开
𱼳	⿰舌含
𱼴	⿰舌輦
𱼵	⿰舞某
𱼶	⿰舟巳
𱼷	⿰舟止
𱼸	⿰舟风
𱼹	⿰舟夹
𱼺	⿰舟华
𱼻	⿰舟叕
𱼼	⿰舟埋
𱼽	⿰舟晃
𱼾	⿰舟⿱龹仌
𱼿	⿰⿱木早⿱𠂉⿵丹丶
𱽀	⿰⿱㞱丂⿱入舟
𱽁	⿱⿰爿寽⿻𠔾丨
𱽂	⿰舟𦲸
𱽃	⿱⿰舟豕虫
𱽄	⿰舟⿱⿰𫜹𫜹隹
𱽅	⿰⿱舟𧾷夏
𱽆	⿰舟彝
𱽇	⿰⿱一又艮
𱽈	⿰？艮
𱽉	⿺色米
𱽊	⿰色譖
𱽋	⿱艹丫
𱽌	⿱艹⿵廾丶
𱽍	⿱龷寸
𱽎	⿱艹贝
𱽏	⿱艹匀
𱽐	⿱艹𲋄
𱽑	⿱艹玉
𱽒	⿱艹巧
𱽓	⿱龷⿲㇒丨人
𱽔	⿱艹⿸⿻口丿乚
𱽕	⿱艹叨
𱽖	⿱艹申
𱽗	⿱艹卢
𱽘	⿱艹丛
𱽙	⿱艹𢌯
𱽚	⿱艹乐
𱽛	⿱艹亚
𱽜	⿱艹⿰扌丸
𱽝	⿱艹丟
𱽞	⿱艸𡗡
𱽟	⿱艹机
𱽠	⿱艹肉
𱽡	⿻芮八
𱽢	⿱艹夙
𱽣	⿱艹华
𱽤	⿱艹产
𱽥	⿱艹米
𱽦	⿱艹守
𱽧	⿱艹⿳刀𬺳一
𱽨	⿱艹邦
𱽩	⿱艹把
𱽪	⿱艹园
𱽫	⿱艹沛
𱽬	⿱艹沟
𱽭	⿳艹⿱一八丱
𱽮	⿱艹径
𱽯	⿱艹匌
𱽰	⿱艹氛
𱽱	⿱艹废
𱽲	⿱艹㐭
𱽳	⿰苦今
𱽴	⿳卝一𠛧
𱽵	⿱艹盃
𱽶	⿱艹哈
𱽷	⿱艹𪾋
𱽸	⿱艹㝁
𱽹	⿱艹㣞
𱽺	⿱艹俄
𱽻	⿱艹𪽋
𱽼	⿱艹浐
𱽽	⿱艹洗
𱽾	⿱艹绚
𱽿	⿱艹降
𱾀	⿱艹栝
𱾁	⿳艹廿米
𱾂	⿱艹袁
𱾃	⿱艹𥅘
𱾄	⿱艹盎
𱾅	⿱艹⿰犭𫢑
𱾆	⿱艹⿺九隹
𱾇	⿺花再
𱾈	⿱艹𣵡
𱾉	⿱艹⿰𨐌刂
𱾊	⿱艹旅
𱾋	⿱艹祝
𱾌	⿱艹⿳乃廾皿
𱾍	⿱艹⿱⿻⿱尸尸丨廾
𱾎	⿱艹𱉥
𱾏	⿱艹镺
𱾐	⿱艹勒
𱾑	⿰草皮
𱾒	⿱艹⿴囗坴
𱾓	⿱卝⿴囗⿱去⿲丶丶丶
𱾔	⿱卝𡈂
𱾕	⿳艸日⿱？彡
𱾖	⿱艹售
𱾗	⿱艹敏
𱾘	⿱艹⿰犭奄
𱾙	⿱艹⿳一八𥃦
𱾚	⿱艹袈
𱾛	⿰苦岑
𱾜	⿱艹⿱⿸耳𡿨从
𱾝	⿱艹椎
𱾞	⿱艹蛰
𱾟	⿳䒤罒寸
𱾠	⿱艹逸
𱾡	⿱艹貃
𱾢	⿱艹鲁
𱾣	⿵门萬
𱾤	⿱蓐廾
𱾥	⿱艹𢲛
𱾦	⿰北菜
𱾧	⿱艹豊
𱾨	⿱艹遏
𱾩	⿱𦵯廾
𱾪	⿰娄芙
𱾫	⿱艹準
𱾬	⿳艹圶取
𱾭	⿱艹⿳一⿱𰀉冖⿱口土
𱾮	⿰苦曷
𱾯	⿳艹罒侵
𱾰	⿱艹稭
𱾱	⿳艹⿲山自⿺㇉一夊
𱾲	⿳⿰屮屮⿱㇒罓⿱北仌
𱾳	⿱艹霅
𱾴	⿰𫉍壬
𱾵	⿱艹𣙺
𱾶	⿱艹𡼡
𱾷	⿰𡕩芽
𱾸	⿱艹⿹？里
𱾹	⿱艹⿱⿰阝𨐌𠔃
𱾺	⿱艹⿳罒冖𱭏
𱾻	⿱艹雔
𱾼	⿱艹㣈
𱾽	⿱艹黚
𱾾	⿱艹穙
𱾿	⿱艹濟
𱿀	⿰⿱⿱卝心隹⿸⿰丨？𡿨
𱿁	⿰登苦
𱿂	⿱艹顒
𱿃	⿱艹繙
𱿄	⿱艹鎫
𱿅	⿱艹𱤺
𱿆	⿱艹禮
𱿇	⿳艹⿲止自臣夊
𱿈	⿰屢𫇰
𱿉	⿱艹曩
𱿊	⿱蓬埋
𱿋	⿰夢萌
𱿌	⿰藥束
𱿍	⿰蕉着
𱿎	⿱虎力
𱿏	⿰厷虎
𱿐	⿰虎及
𱿑	⿰面虎
𱿒	⿰号虒
𱿓	⿰虖兮
𱿔	⿰幸虎
𱿕	⿱號乎
𱿖	⿰⿸虍⿱𠮛⿵𦉪丅⿺友丶
𱿗	⿱虎虤
𱿘	⿰虫刁
𱿙	⿰虫飞
𱿚	⿰虫历
𱿛	⿱无虫
𱿜	⿰虫心
𱿝	⿰虫𰆰
𱿞	⿰虫兰
𱿟	⿰虫而
𱿠	⿰虫艾
𱿡	⿰虫岁
𱿢	⿰虫忒
𱿣	⿰虫克
𱿤	⿰虫吕
𱿥	⿱你虫
𱿦	⿱每虫
𱿧	⿰虫间
𱿨	⿱林虫
𱿩	⿰虫进
𱿪	⿰虫𡊱
𱿫	⿰虫尚
𱿬	⿰虫⿱艹⿻几𠄠
𱿭	⿰虫徂
𱿮	⿱波虫
𱿯	⿰虫歪
𱿰	⿰虫拾
𱿱	⿺尧虾
𱿲	⿰虫革
𱿳	⿰虫厚
𱿴	⿱剌虫
𱿵	⿰虫苟
𱿶	⿰虫盆
𱿷	⿰虫⿱丘引
𱿸	⿰虫施
𱿹	⿰虫宪
𱿺	⿰虫音
𱿻	⿱娄虫
𱿼	⿰虫冓
𱿽	⿰虫罡
𱿾	⿱钱虫
𱿿	⿰虫爹
𲀀	⿰虫斋
𲀁	⿰虫戛
𲀂	⿰虫啬
𲀃	⿰虫崩
𲀄	⿰虫虚
𲀅	⿰虫⿱爫⿰丨臼
𲀆	⿰虫族
𲀇	⿱部虫
𲀈	⿰虫貳
𲀉	⿰虫⿱其牙
𲀊	⿰虫⿱死肉
𲀋	⿰⿱臼虫虫
𲀌	⿸䧹虫
𲀍	⿰虫𱢝
𲀎	⿱夢虫
𲀏	⿰蛋追
𲀐	⿰虫⿹⺄翟
𲀑	⿰⿱⿱㇒冈虫𧉴
𲀒	⿰虫⿱龶黽
𲀓	⿰虫爵
𲀔	⿱象䖵
𲀕	⿰虫爕
𲀖	⿰虫⿱卝⿳⿸⿹百止㔾八夊
𲀗	⿰卯血
𲀘	⿱血⿰夕⿻𱍸㇒
𲀙	⿰血某
𲀚	⿰血⿱乃見
𲀛	⿲彳巾亍
𲀜	⿲彳幺亍
𲀝	⿲彳车亍
𲀞	⿲彳⿳亠厶十亍
𲀟	⿲彳卖亍
𲀠	⿲彳忽亍
𲀡	⿲彳⿱去示亍
𲀢	⿲彳𤔔亍
𲀣	⿲彳⿱首寸亍
𲀤	⿰衤丁
𲀥	⿱𠆢衣
𲀦	⿰衤才
𲀧	⿱牙衣
𲀨	⿰衤丕
𲀩	⿰衤田
𲀪	⿱补方
𲀫	⿰衤⿱𠂉夫
𲀬	⿰衤⿱⿵𠆢一工
𲀭	⿳亠衣𧘇
𲀮	⿰衤羽
𲀯	⿳亠邪𧘇
𲀰	⿱⿰歹才衣
𲀱	⿱吻衣
𲀲	⿰衤邑
𲀳	⿰衤𭻾
𲀴	⿰衤幸
𲀵	⿰衤典
𲀶	⿳亠帙𧘇
𲀷	⿱屈衣
𲀸	⿰衤垕
𲀹	⿰衤禹
𲀺	⿰衤奕
𲀻	⿰衤原
𲀼	⿰衤烈
𲀽	⿰衤荒
𲀾	⿰衤舀
𲀿	⿰衤敖
𲁀	⿰衤祭
𲁁	⿰衤這
𲁂	⿰衤⿸广𣏼
𲁃	⿳⿱𰀉冖石衣
𲁄	⿰衤毳
𲁅	⿱雍衣
𲁆	⿰衤肅
𲁇	⿰衤𫉬
𲁈	⿰衤歛
𲁉	⿱覀壬
𲁊	⿰⿱覀土⿻九丶
𲁋	⿰垔元
𲁌	⿱覀朔
𲁍	⿱覀𨈡
𲁎	⿱守見
𲁏	⿰眷見
𲁐	⿰見犢
𲁑	⿱不见
𲁒	⿺见斤
𲁓	⿺见⿿见
𲁔	⿰厉见
𲁕	⿰吉见
𲁖	⿱𫇦见
𲁗	⿰亲见
𲁘	⿰音见
𲁙	⿰旁见
𲁚	⿰角可
𲁛	⿰角台
𲁜	⿺更角
𲁝	⿰妥角
𲁞	⿰角閑
𲁟	⿱⿰或或角
𲁠	⿰角屬
𲁡	⿰訁才
𲁢	⿰訁千
𲁣	⿰訁亡
𲁤	⿰訁义
𲁥	⿰訁尹
𲁦	⿰𰴨⿹𠃌一
𲁧	⿰訁𱤽
𲁨	⿱多言
𲁩	⿰訁庄
𲁪	⿰訁到
𲁫	⿰訁𱖔
𲁬	⿰訁徃
𲁭	⿰訁府
𲁮	⿱衍言
𲁯	⿰⿱㐅𡥉言
𲁰	⿰訁⿱免冫
𲁱	⿱𮘎于
𲁲	⿰訁夏
𲁳	⿰訁衰
𲁴	⿲訁⿱一勿艮
𲁵	⿰訁断
𲁶	⿰訁⿳可一吋
𲁷	⿰訁⿱虫虫
𲁸	⿰訁凖
𲁹	⿱𮘎⿰犭⿻𠃏㇒
𲁺	⿰訁過
𲁻	⿰訁𰰎
𲁼	⿰訁㥯
𲁽	⿰諞另
𲁾	⿰訁⿳虫口虫
𲁿	⿰訁駦
𲂀	⿰訁𮒛
𲂁	⿸广讐
𲂂	⿰讠凡
𲂃	⿰讠叉
𲂄	⿰讠云
𲂅	⿰讠及
𲂆	⿰讠甲
𲂇	⿰讠宁
𲂈	⿰讠而
𲂉	⿰讠亚
𲂊	⿰讠华
𲂋	⿰讠困
𲂌	⿰讠坚
𲂍	⿰讠言
𲂎	⿰讠⿱工白
𲂏	⿰讠表
𲂐	⿰讠南
𲂑	⿰讠昷
𲂒	⿰讠显
𲂓	⿰讠曹
𲂔	⿰讠庶
𲂕	⿰讠廉
𲂖	⿰讠遂
𲂗	⿰讠巤
𲂘	⿰含谷
𲂙	⿰宏谷
𲂚	⿰虛谷
𲂛	⿰容⿱宀𠮷
𲂜	⿰⿱宀⿳王口土谷
𲂝	⿰豆半
𲂞	⿰⿳土口䒑⿱欠口
𲂟	⿰壹⿱欠口
𲂠	⿰壴⿱次尒
𲂡	⿰豕⿱五𭇁
𲂢	⿰象為
𲂣	⿰豦芻
𲂤	⿰豸⿻冄丨
𲂥	⿰豸㐌
𲂦	⿰豸孟
𲂧	⿰豸畾
𲂨	⿰貝化
𲂩	⿸戶貝
𲂪	⿰貝本
𲂫	⿰⿰丨丿𧴲
𲂬	⿰貝必
𲂭	⿱吅貝
𲂮	⿰貝耒
𲂯	⿰貝字
𲂰	⿰貝卓
𲂱	⿰貝房
𲂲	⿰貝曷
𲂳	⿰貝重
𲂴	⿰貴平
𲂵	⿰危貧
𲂶	⿰改賣
𲂷	⿰買莫
𲂸	⿰貝戴
𲂹	⿰買謨
𲂺	⿱巛贝
𲂻	⿰贝贝
𲂼	⿰贝斤
𲂽	⿰贝六
𲂾	⿰贝古
𲂿	⿰贝可
𲃀	⿰⿰丨丿𲂺
𲃁	⿰贝半
𲃂	⿰贝店
𲃃	⿰贝录
𲃄	⿱保贝
𲃅	⿰贝娄
𲃆	⿰贵平
𲃇	⿰赤兒
𲃈	⿰赤𱽷
𲃉	⿺走马
𲃊	⿺走爪
𲃋	⿰走尼
𲃌	⿺走⿱口𫶧
𲃍	⿺走妥
𲃎	⿺走利
𲃏	⿺走责
𲃐	⿱起曳
𲃑	⿺走荅
𲃒	⿺走欶
𲃓	⿺走𰕎
𲃔	⿰𧾷乜
𲃕	⿱𡭔足
𲃖	⿰𧾷马
𲃗	⿱不足
𲃘	⿰𧾷尤
𲃙	⿰𧾷片
𲃚	⿰𧾷匝
𲃛	⿰𧾷由
𲃜	⿰𧾷鸟
𲃝	⿰𧾷团
𲃞	⿰𧾷杀
𲃟	⿰𧾷会
𲃠	⿰𧾷衣
𲃡	⿰𧾷军
𲃢	⿰𧾷舟
𲃣	⿰𧾷农
𲃤	⿰𧾷礼
𲃥	⿰𧾷尽
𲃦	⿰𧾷边
𲃧	⿰𧾷忒
𲃨	⿰𧾷呂
𲃩	⿰𧾷⿱艹寸
𲃪	⿰𧾷対
𲃫	⿰𧾷责
𲃬	⿰𧾷刮
𲃭	⿰𧾷实
𲃮	⿰𧾷空
𲃯	⿰𧾷⿵门𫠣
𲃰	⿰𧾷垔
𲃱	⿰𧾷皆
𲃲	⿰𧾷𰦫
𲃳	⿰𧾷品
𲃴	⿱茂足
𲃵	⿰𧾷迥
𲃶	⿰𧾷钦
𲃷	⿰𧾷胆
𲃸	⿰𧾷帣
𲃹	⿰𧾷洗
𲃺	⿰𧾷费
𲃻	⿻丁𰸙
𲃼	⿱𪜕足
𲃽	⿰𧾷荖
𲃾	⿰𧾷笔
𲃿	⿰𧾷衰
𲄀	⿰𧾷迷
𲄁	⿰𧾷⿱旧亦
𲄂	⿰𧾷逢
𲄃	⿰𧾷𤙭
𲄄	⿰𧾷鸾
𲄅	⿳亠保足
𲄆	⿱都足
𲄇	⿰𧾷堪
𲄈	⿰𧾷⿸厂黒
𲄉	⿰𧾷⿱穴佰
𲄊	⿱厭足
𲄋	⿱睹足
𲄌	⿰𧾷夢
𲄍	⿰𧾷蓝
𲄎	⿰𧾷審
𲄏	⿰𧾷適
𲄐	⿰𧾷練
𲄑	⿱薜足
𲄒	⿰𧾷壓
𲄓	⿰𧾷謗
𲄔	⿰𧾷謨
𲄕	⿰𧾷⿱蓺𧘇
𲄖	⿰𧾷饒
𲄗	⿹⺄身
𲄘	⿰身王
𲄙	⿰身历
𲄚	⿰身长
𲄛	⿰身巴
𲄜	⿰身白
𲄝	⿰当身
𲄞	⿰身𤆋
𲄟	⿰身⿱𠆢夫
𲄠	⿰身赤
𲄡	⿰身邑
𲄢	⿰身⿱⿱宀儿力
𲄣	⿰身來
𲄤	⿰身青
𲄥	⿰身贫
𲄦	⿰身隹
𲄧	⿰身娄
𲄨	⿰身建
𲄩	⿰身尃
𲄪	⿰身党
𲄫	⿰身衾
𲄬	⿰身紫
𲄭	⿰身遀
𲄮	⿰身⿱宀屓
𲄯	⿰身義
𲄰	⿰身箕
𲄱	⿰身臨
𲄲	⿰身黨
𲄳	⿰車犬
𲄴	⿰卢車
𲄵	⿰車年
𲄶	⿰車乔
𲄷	⿰車疌
𲄸	⿰車⿳𠀃乂于
𲄹	⿰車並
𲄺	⿰軍夋
𲄻	⿳⿴𦥑車一口
𲄼	⿰車离
𲄽	⿰車啇
𲄾	⿰車聚
𲄿	⿰篭車
𲅀	⿰车韦
𲅁	⿰车勾
𲅂	⿰车杘
𲅃	⿱鑫车
𲅄	⿰辛丿
𲅅	⿱辛亘
𲅆	⿰辛羽
𲅇	⿰⿸尸龶𨐌
𲅈	⿰辠古
𲅉	⿱辟歷
𲅊	⿰辰余
𲅋	⿺辶⿰㇇丶
𲅌	⿺辶小
𲅍	⿺辵亾
𲅎	⿺辶马
𲅏	⿺辶⿰㇇人
𲅐	⿺辶专
𲅑	⿺辶贝
𲅒	⿺辶化
𲅓	⿺辶布
𲅔	⿺辶⿸𠂆⿸𠂆丶
𲅕	⿺辶𬼉
𲅖	⿺辶皮
𲅗	⿺辶贞
𲅘	⿺辶自
𲅙	⿺辶约
𲅚	⿺辶⿱一甲
𲅛	⿺辶位
𲅜	⿺辶⿱爫工
𲅝	⿺辶⿸广午
𲅞	⿺辶⿸广𠤏
𲅟	⿺辶⿱耂斤
𲅠	⿺辶昂
𲅡	⿺辶𰏤
𲅢	⿺辶罙
𲅣	⿺辶宙
𲅤	⿺辶⿱⿱宀儿亐
𲅥	⿺辶居
𲅦	⿺辶⿱罒井
𲅧	⿺辶显
𲅨	⿺辶⿱由歹
𲅩	⿺辶拜
𲅪	⿺辶待
𲅫	⿺辶⿰⿱丷兀斤
𲅬	⿺辶⿱合灬
𲅭	⿺辶旅
𲅮	⿺辶⿱⿱⺊冖辛
𲅯	⿺辶⿳𠆢由方
𲅰	⿺辶𬀷
𲅱	⿺辶⿱䒑⿻⿳𫜹二冂丨
𲅲	⿺辶⿸尾少
𲅳	⿺辶𨟻
𲅴	⿺辶⿱一淮
𲅵	⿺辶⿳百冖歹
𲅶	⿺辶𰙫
𲅷	⿺辶等
𲅸	⿺辶貿
𲅹	⿺辶⿳夂火田
𲅺	⿺辶𥬬
𲅻	⿺辶須
𲅼	⿺辶⿱𭥍各
𲅽	⿰炎连
𲅾	⿱道⿲丶丶丶
𲅿	⿺辶童
𲆀	⿺辶賈
𲆁	⿺辶頓
𲆂	⿺辶⿱夂原
𲆃	⿺辶𡕝
𲆄	⿺辶⿱知石
𲆅	⿰炎連
𲆆	⿺辶⿰糹⿱一隹
𲆇	⿺辶⿱丵耳
𲆈	⿺辶𩄎
𲆉	⿱眾速
𲆊	⿺辶⿱立⿻⿱昌八土
𲆋	⿺辶辭
𲆌	⿺辶贊
𲆍	⿰⿱血𧰨速
𲆎	⿰甚遲
𲆏	⿰勺阝
𲆐	⿰𫠥阝
𲆑	⿰⿱工廾阝
𲆒	⿰⿱土方阝
𲆓	⿰灷阝
𲆔	⿰灵阝
𲆕	⿰⿱八𢀛阝
𲆖	⿰⿳彑𠂊巾阝
𲆗	⿰枼阝
𲆘	⿲乡⿱丑八阝
𲆙	⿰茶阝
𲆚	⿰𱑏阝
𲆛	⿲邑出邑
𲆜	⿰無邑
𲆝	⿰賀阝
𲆞	⿱𲉜邑
𲆟	⿰赫阝
𲆠	⿱那样
𲆡	⿲𨙨⿱廿𠬞邑
𲆢	⿰蔑阝
𲆣	⿰虢阝
𲆤	⿰䜌阝
𲆥	⿰酉⿱一几
𲆦	⿰酉夕
𲆧	⿰酉飞
𲆨	⿰酉午
𲆩	⿰酉公
𲆪	⿰酉合
𲆫	⿰酉旬
𲆬	⿰酉？
𲆭	⿰酉寿
𲆮	⿰五配
𲆯	⿱沈酉
𲆰	⿰酉易
𲆱	⿰酉朋
𲆲	⿰酉枼
𲆳	⿰酉品
𲆴	⿰酉𪽋
𲆵	⿰酉⿸辰寸
𲆶	⿰酉芻
𲆷	⿰酉⿱片皿
𲆸	⿰酉倘
𲆹	⿰酉畗
𲆺	⿰酉基
𲆻	⿰酉悶
𲆼	⿰酉蜀
𲆽	⿰酉萬
𲆾	⿱留酒
𲆿	⿰奠酋
𲇀	⿰釆尾
𲇁	⿰尔里
𲇂	⿰里坒
𲇃	⿰量劳
𲇄	⿰重𱢒
𲇅	⿰釒⿸廾丶
𲇆	⿰𨤾⿸卩？
𲇇	⿰釒毛
𲇈	⿰釒⿱又寸
𲇉	⿰釒⿻尺㇒
𲇊	⿰釒西
𲇋	⿰釒而
𲇌	⿰釒托
𲇍	⿱⿰⿰丨丨殳金
𲇎	⿰釒弄
𲇏	⿰釒间
𲇐	⿰釒刺
𲇑	⿱𲂻金
𲇒	⿰釒革
𲇓	⿰釒弯
𲇔	⿱𰯯金
𲇕	⿰釒监
𲇖	⿱䀠金
𲇗	⿰釒茫
𲇘	⿰釒⿱艹𡚯
𲇙	⿰釒臭
𲇚	⿰釒⿱⿱⺈⿵冂人比
𲇛	⿰釒恙
𲇜	⿰釒海
𲇝	⿰釒畧
𲇞	⿰釒圈
𲇟	⿰釒密
𲇠	⿰釒許
𲇡	⿰釒紫
𲇢	⿰釒㖾
𲇣	⿰釒菊
𲇤	⿰釒最
𲇥	⿰釒萃
𲇦	⿱號金
𲇧	⿰釒𰲡
𲇨	⿰釒𡙸
𲇩	⿳卝⿲水夕水金
𲇪	⿰釒㝯
𲇫	⿰釒墜
𲇬	⿰釒曇
𲇭	⿰钅才
𲇮	⿰钅与
𲇯	⿰钅山
𲇰	⿰钅刃
𲇱	⿰钅支
𲇲	⿰钅专
𲇳	⿰钅卬
𲇴	⿰钅心
𲇵	⿰钅双
𲇶	⿰钅尹
𲇷	⿰钅东
𲇸	⿰钅民
𲇹	⿰钅列
𲇺	⿰钅匡
𲇻	⿰钅存
𲇼	⿰钅而
𲇽	⿰钅志
𲇾	⿰钅两
𲇿	⿰钅兵
𲈀	⿰钅佥
𲈁	⿰钅坴
𲈂	⿰钅还
𲈃	⿰钅或
𲈄	⿰钅责
𲈅	⿰钅忠
𲈆	⿰钅尚
𲈇	⿰钅斧
𲈈	⿰钅匊
𲈉	⿰钅宝
𲈊	⿰钅录
𲈋	⿰钅胡
𲈌	⿰钅奎
𲈍	⿰钅耶
𲈎	⿰钅宣
𲈏	⿰钅亭
𲈐	⿰钅类
𲈑	⿰钅勇
𲈒	⿰钅晃
𲈓	⿰钅茶
𲈔	⿰钅鬼
𲈕	⿰钅乾
𲈖	⿰钅戛
𲈗	⿰钅章
𲈘	⿰钅盖
𲈙	⿰钅粟
𲈚	⿰钅景
𲈛	⿰钅童
𲈜	⿰钅曾
𲈝	⿰钅路
𲈞	⿰钅喿
𲈟	⿰钅盧
𲈠	⿰钅嬴
𲈡	⿰钅雚
𲈢	⿳⿻十从冖⿰镸⿱？又
𲈣	⿳𠆢韭⿱八長
𲈤	⿰长马
𲈥	⿰农长
𲈦	⿱万門
𲈧	⿵門爫
𲈨	⿵門皿
𲈩	⿵門𱘦
𲈪	⿵門弜
𲈫	⿵門㪯
𲈬	⿵門所
𲈭	⿵門彔
𲈮	⿵門皇
𲈯	⿵門彧
𲈰	⿵門畜
𲈱	⿵門連
𲈲	⿵門域
𲈳	⿵門𱑏
𲈴	⿰𱑏門
𲈵	⿵门水
𲈶	⿵门见
𲈷	⿵门双
𲈸	⿵门丑
𲈹	⿵门西
𲈺	⿵门光
𲈻	⿵门任
𲈼	⿵门朱
𲈽	⿵门吾
𲈾	⿰㪯门
𲈿	⿱㪯门
𲉀	⿵门初
𲉁	⿵门巷
𲉂	⿵门封
𲉃	⿵门若
𲉄	⿵门豈
𲉅	⿵门唐
𲉆	⿵门莫
𲉇	⿰美𫔭
𲉈	⿰馬𫔭
𲉉	⿰阝仑
𲉊	⿰阝六
𲉋	⿰阝卡
𲉌	⿰阝白
𲉍	⿰阝台
𲉎	⿰阝亘
𲉏	⿰阝聿
𲉐	⿰⿺𠃊𠂤耒
𲉑	⿰阝⿱左又
𲉒	⿰⿺𠃊⿰丨⿱？？⿱𫜹⿹⿻𠃌亅㇒
𲉓	⿰阝⿱且下
𲉔	⿰𨸏朋
𲉕	⿰𢍀帚
𲉖	⿰⿺𠃊⿰丨⿱？？來
𲉗	⿰阝桒
𲉘	⿰阝則
𲉙	⿰⿺𠃊𠂤⿻甲⿱冖冂
𲉚	⿰⿱⿰丨⿱？？厶⿱⺕木
𲉛	⿰⿱⿰丨⿱？？𠫔⿻𫜹⿻乛𰍧
𲉜	⿰𱀋㕛
𲉝	⿰阝倉
𲉞	⿰阝⿷匸⿱日𭑨
𲉟	⿰阝⿳⿰罒丨？大
𲉠	⿱⿰阝⿱文月土
𲉡	⿰⿱⿰丨⿱？？山⿻⿳𫜹冖冂丨
𲉢	⿱阿耶
𲉣	⿰阝敷
𲉤	⿱阿𨔍
𲉥	⿰阝⿱⿰𦚏㇯？⺊𡈽
𲉦	⿱阿磊
𲉧	⿰刀隹
𲉨	⿺九隹
𲉩	⿱隹双
𲉪	⿰召隹
𲉫	⿰隻少
𲉬	⿰⿱业隹久
𲉭	⿰⿱？方⿱隹乂
𲉮	⿰頁隹
𲉯	⿱𮥷南
𲉰	⿱雨乃
𲉱	⿱⿻丅⿱冖丷月
𲉲	⿱雨计
𲉳	⿱雨灭
𲉴	⿱雨必
𲉵	⿱雨执
𲉶	⿱雨伏
𲉷	⿱雨伐
𲉸	⿱雨呌
𲉹	⿰雩它
𲉺	⿱雨戔
𲉻	⿱雨耶
𲉼	⿱雨果
𲉽	⿱雨狐
𲉾	⿱雨往
𲉿	⿱雨泔
𲊀	⿱雨宜
𲊁	⿱雨𡬠
𲊂	⿱雨⿹𢦏⿻⿰丿亅八
𲊃	⿱⿻丅⿱冖八⿰亻⿳𫜹冖丈
𲊄	⿺雹吉
𲊅	⿱雨條
𲊆	⿱雨訪
𲊇	⿱雨麻
𲊈	⿱雨湜
𲊉	⿱雨渻
𲊊	⿱雨愈
𲊋	⿱雨達
𲊌	⿱雨䧻
𲊍	⿱雨暯
𲊎	⿱霝⿲人人人
𲊏	⿱雨潛
𲊐	⿱⿻丅⿱冖八⿰氵⿱𭑈日
𲊑	⿰雲對
𲊒	⿱雨謾
𲊓	⿰雲𤴡
𲊔	⿱雨懺
𲊕	⿰青乞
𲊖	⿰争青
𲊗	⿰青秀
𲊘	⿰青监
𲊙	⿱非射
𲊚	⿰姜面
𲊛	⿰革反
𲊜	⿱古⿱龷⿻中一
𲊝	⿰⿳䒑口十⿵𠘨仌
𲊞	⿰革⿱⿱宀儿又
𲊟	⿰革恣
𲊠	⿰革漢
𲊡	⿰革閵
𲊢	⿰韋化
𲊣	⿰韋冒
𲊤	⿰韋建
𲊥	⿰韦业
𲊦	⿱文韭
𲊧	⿰音向
𲊨	⿱知音
𲊩	⿰章⿱欠口
𲊪	⿰頁正
𲊫	⿰申頁
𲊬	⿰包頁
𲊭	⿰頁危
𲊮	⿰宅頁
𲊯	⿰囯頁
𲊰	⿰虎頁
𲊱	⿰𪰊頁
𲊲	⿰兒頁
𲊳	⿰壴頁
𲊴	⿰者頁
𲊵	⿰晏頁
𲊶	⿰倉頁
𲊷	⿰⿱日𧾷頁
𲊸	⿰其預
𲊹	⿰叉页
𲊺	⿰正页
𲊻	⿰可页
𲊼	⿰赤页
𲊽	⿰坌页
𲊾	⿰甚页
𲊿	⿰显页
𲋀	⿰娄页
𲋁	⿰衾页
𲋂	⿰替页
𲋃	⿰感页
𲋄	⿻𠘨二
𲋅	⿺風夋
𲋆	⿺風咸
𲋇	⿱俞𲋄
𲋈	⿰𲋄俞
𲋉	⿺風詹
𲋊	⿱風愈
𲋋	⿰𲋄逾
𲋌	⿺風監
𲋍	⿺風甍
𲋎	⿰厷风
𲋏	⿺风毛
𲋐	⿺风龙
𲋑	⿺风隶
𲋒	⿰悲飛
𲋓	⿰光⿹飞云
𲋔	⿰飠卂
𲋕	⿰飠禾
𲋖	⿱奴食
𲋗	⿱列食
𲋘	⿰飠尧
𲋙	⿰飠坚
𲋚	⿰飠侖
𲋛	⿱頁食
𲋜	⿰飠皆
𲋝	⿰飠𱏴
𲋞	⿰飠帮
𲋟	⿰飠莽
𲋠	⿰𩙿豦
𲋡	⿰𩙿廪
𲋢	⿰饣文
𲋣	⿰饣禾
𲋤	⿰饣召
𲋥	⿰饣农
𲋦	⿰饣劳
𲋧	⿰饣尚
𲋨	⿰饣皆
𲋩	⿰饣素
𲋪	⿰饣监
𲋫	⿰饣益
𲋬	⿰饣毫
𲋭	⿺是首
𲋮	⿰香束
𲋯	⿰香或
𲋰	⿰香東
𲋱	⿰香益
𲋲	⿰香蒦
𲋳	⿰馬比
𲋴	⿰馬反
𲋵	⿳爫一馬
𲋶	⿰馬永
𲋷	⿰馬⿱䒑⿻丶𬼂
𲋸	⿰馬⿱灭又
𲋹	⿰馬赤
𲋺	⿰馬𰦫
𲋻	⿰𫠉⿰月⿸卩？
𲋼	⿰馬总
𲋽	⿰馬袁
𲋾	⿳䄪人馬
𲋿	⿰馬專
𲌀	⿰馬終
𲌁	⿰馬斯
𲌂	⿰馬叅
𲌃	⿰馬義
𲌄	⿰马卜
𲌅	⿰马令
𲌆	⿰马克
𲌇	⿰奇马
𲌈	⿰马京
𲌉	⿰马居
𲌊	⿰马善
𲌋	⿰马登
𲌌	⿰骨厷
𲌍	⿰骨发
𲌎	⿰骨朶
𲌏	⿰骨录
𲌐	⿰骨兪
𲌑	⿰骨康
𲌒	⿰骨亶
𲌓	⿰骨遂
𲌔	⿰骨数
𲌕	⿰骨横
𲌖	⿱力高
𲌗	⿰高充
𲌘	⿰⿳亠口⿱回丨𡝤
𲌙	⿰高⿱品水
𲌚	⿱髟口
𲌛	⿱髟任
𲌜	⿱髟均
𲌝	⿱髟別
𲌞	⿱髟闲
𲌟	⿱髟隹
𲌠	⿱髟忿
𲌡	⿱髟啬
𲌢	⿱髟𦲸
𲌣	⿱髟暹
𲌤	⿳⿻十丷冖⿰鬯又
𲌥	⿳爫罒⿰鬯寸
𲌦	⿱⿻十丷⿸？⿰鬯寸
𲌧	⿱鬼示
𲌨	⿺鬼矢
𲌩	⿺鬼貝
𲌪	⿺鬼固
𲌫	⿰罔鬼
𲌬	⿺鬼非
𲌭	⿺⿱㇒⿸⿻日丿乚社
𲌮	⿺鬼京
𲌯	⿰白魅
𲌰	⿺鬼貌
𲌱	⿰魚丐
𲌲	⿰魚六
𲌳	⿱央魚
𲌴	⿰魚再
𲌵	⿱巫魚
𲌶	⿰⿱土魚攵
𲌷	⿰魚男
𲌸	⿰魚匋
𲌹	⿰魚肴
𲌺	⿰魚姑
𲌻	⿰魚𰦫
𲌼	⿰魚屋
𲌽	⿰魚域
𲌾	⿰魚彪
𲌿	⿰魚悤
𲍀	⿰魚船
𲍁	⿰魚道
𲍂	⿰禀魚
𲍃	⿰鮮哉
𲍄	⿰魚嶷
𲍅	⿲𩵋咢𩵋
𲍆	⿰鱼乜
𲍇	⿰鱼义
𲍈	⿰鱼亡
𲍉	⿱元鱼
𲍊	⿰鱼牛
𲍋	⿰鱼六
𲍌	⿰鱼古
𲍍	⿱对鱼
𲍎	⿰鱼共
𲍏	⿰鱼先
𲍐	⿰鱼米
𲍑	⿰鱼尧
𲍒	⿰鱼成
𲍓	⿰鱼严
𲍔	⿰鱼沙
𲍕	⿰鱼卑
𲍖	⿰鱼显
𲍗	⿰鱼爰
𲍘	⿰鱼乾
𲍙	⿰鱼敢
𲍚	⿰鳥士
𲍛	⿰屯鳥
𲍜	⿰鳥公
𲍝	⿱鳥丙
𲍞	⿰市鳥
𲍟	⿰李鳥
𲍠	⿰鳥孛
𲍡	⿰鳥过
𲍢	⿰鳥呌
𲍣	⿰𱙎鳥
𲍤	⿰冥鳥
𲍥	⿰皇⿱𠂉⿺⿹⿺㇉一灬𬺹
𲍦	⿰鳥買
𲍧	⿰𭵝鳥
𲍨	⿱歐鳥
𲍩	⿰鳥畾
𲍪	⿱顒鳥
𲍫	⿰丫鸟
𲍬	⿰鸟马
𲍭	⿰屯鸟
𲍮	⿰方鸟
𲍯	⿰鸟戋
𲍰	⿰尔鸟
𲍱	⿰乍鸟
𲍲	⿰召鸟
𲍳	⿰有鸟
𲍴	⿰毕鸟
𲍵	⿰此鸟
𲍶	⿰伏鸟
𲍷	⿰李鸟
𲍸	⿰肖鸟
𲍹	⿰呆鸟
𲍺	⿰宏鸟
𲍻	⿰间鸟
𲍼	⿱沃鸟
𲍽	⿰昌鸟
𲍾	⿰隹鸟
𲍿	⿰夜鸟
𲎀	⿰英鸟
𲎁	⿰辱鸟
𲎂	⿰隻鸟
𲎃	⿰累鸟
𲎄	⿱清鸟
𲎅	⿰𬈆鸟
𲎆	⿰鸟童
𲎇	⿰鼠鸟
𲎈	⿰鸟蒙
𲎉	⿰磨鸟
𲎊	⿰卤齐
𲎋	⿸鹿火
𲎌	⿸鹿彔
𲎍	⿸鹿魚
𲎎	⿰鹿冀
𲎏	⿻支𠈌
𲎐	⿺麥麥
𲎑	⿰麦连
𲎒	⿰麦夜
𲎓	⿺麦⿰⿳士一万攵
𲎔	⿸麻困
𲎕	⿰⿰丨丿黄
𲎖	⿱𫼉黑
𲎗	⿱顛黑
𲎘	⿰黑顛
𲎙	⿱罒鼎
𲎚	⿱弄鼓
𲎛	⿰鼓弄
𲎜	⿱鼓果
𲎝	⿺鼠尹
𲎞	⿺鼠君
𲎟	⿺鼠柔
𲎠	⿰鼠宴
𲎡	⿰⿱自𢌿⿱自勿
𲎢	⿰齒谷
𲎣	⿰夌齒
𲎤	⿱⿰坴刃齒
𲎥	⿰虘齒
𲎦	⿰痕齒
𲎧	⿰齿殳
𲎨	⿰齿合
𲎩	⿰齿夌
𲎪	⿰齿最
𲎫	⿰齿赞
𲎬	⿺竜㐱
𲎭	⿰竜㚅
𲎮	⿺龟斗
𲎯	⿱欪𠎤
𫜺	⿱山田
𫜻	⿱玨丁
𫜼	⿰出叕
𫜽	⿰耳休
𫜾	⿱𠔼⺼
𫜿	⿱𠡠心
𬺢	⿱一八
𬺣	⿱口一
𬺤	⿱亠公
𬺥	⿱亠早
𬺦	⿱⿱亠口吅
𬺧	⿱䒑儿
𬺨	⿱𠂊吅
𬺩	⿱卜日
𬺪	⿰犭罢
𬺫	⿱山謢
𬺬	⿰蠡瓜
𬺭	⿴行⿱矢口
𲎳	⿱三⿰三三
𲎴	⿱况下
𲎵	⿰右百
𲎶	⿰在乎
𲎷	⿰丢光
𲎸	⿰在男
𲎹	⿰上鄧
𲎺	⿱夭丨
𲎻	⿰？𭟯
𲎼	⿰谷中
𲎽	⿰中朋
𲎾	⿰串逐
𲎿	⿰㐅也
𲏀	⿸𠂝丶
𲏁	⿱乃卞
𲏂	⿰⿹？⿰丨丨⿱厶亅
𲏃	⿱千𠈌
𲏄	⿰类久
𲏅	⿱？𠂡
𲏇	⿷乙⺀
𲏈	⿱小乙
𲏉	⿱久乙
𲏊	⿹⺄𠂒
𲏋	⿱未乙
𲏌	⿹⺄𢆰
𲏍	⿱少乙
𲏎	⿱介乙
𲏏	⿱仇乙
𲏐	⿱勿乙
𲏑	⿺乙孔
𲏒	⿱⺄𭙉
𲏓	⿺乙平
𲏔	⿱古乙
𲏕	⿱未乙
𲏖	⿱右乙
𲏗	⿱叱乙
𲏘	⿺𠃊㠯
𲏙	⿱句乙
𲏚	⿱代乙
𲏛	⿺乙母
𲏜	⿱多乙
𲏝	⿱朴乙
𲏞	⿱此乙
𲏟	⿱朱乙
𲏠	⿱舛乙
𲏡	⿱艮乙
𲏢	⿱求乙
𲏣	⿰孛乙
𲏤	⿱余乙
𲏥	⿱条乙
𲏦	⿱尾乙
𲏧	⿱物乙
𲏨	⿱垂乙
𲏩	⿱居乙
𲏪	⿱阿乙
𲏫	⿱迲乙
𲏬	⿱茄乙
𲏭	⿱省乙
𲏮	⿱昭乙
𲏯	⿱飛乙
𲏰	⿱草乙
𲏱	⿱骨乙
𲏲	⿱條乙
𲏳	⿺乳下
𲏴	⿱高乙
𲏵	⿱玆乙
𲏶	⿱累乙
𲏷	⿰胃也
𲏸	⿺㐌杜
𲏹	⿱無乙
𲏺	⿱註乙
𲏻	⿱登乙
𲏼	⿱照乙
𲏽	⿺乳羽
𲏾	⿱道乙
𲏿	⿺乳所
𲐀	⿺乳事
𲐁	⿰耒了
𲐂	⿱二山
𲐃	⿱二百
𲐄	⿱云巴
𲐅	⿱勿云
𲐆	⿱二非
𲐇	⿰亚尔
𲐈	⿱云⿰云云
𲐉	⿰五茅
𲐊	⿰二為
𲐋	⿱五淫
𲐌	⿱亠𰀡
𲐍	⿱亠保
𲐎	⿱亠䍒
𲐏	⿺夜今
𲐐	⿱亠宮
𲐑	⿰亡涓
𲐒	⿺亮克
𲐓	⿱亠徵
𲐔	⿱亡罷
𲐕	⿰亻丅
𲐖	⿰乃人
𲐗	⿱𠆢亐
𲐘	⿰亻切
𲐙	⿱𠆢木
𲐚	⿱付人
𲐛	⿰亻𰀊
𲐜	⿰⿰亻丨欠
𲐝	⿰亻𫵲
𲐞	⿰亻犯
𲐟	⿱⿻弓人？
𲐠	⿰亻𪟩
𲐡	⿰亻西
𲐢	⿰仌⿱厶人
𲐣	⿱凹今
𲐤	⿰亻冏
𲐥	⿰亻旱
𲐦	⿱仍生
𲐧	⿰仍且
𲐨	⿰亻㐬
𲐩	⿰今尼
𲐪	⿰亻阴
𲐫	⿰亻忍
𲐬	⿱丅𠈌
𲐭	⿰亻社
𲐮	⿱巨代
𲐯	⿰亻岩
𲐰	⿰亻秉
𲐱	⿰亻𭾜
𲐲	⿰亻庚
𲐳	⿰亻𡥘
𲐴	⿰亻𲺋
𲐵	⿰亻𰦫
𲐶	⿱伏甲
𲐷	⿰亻昱
𲐸	⿰亻胃
𲐹	⿰亻⿱山西
𲐺	⿰亻弇
𲐻	⿰亻奐
𲐼	⿰仍但
𲐽	⿰亻冠
𲐾	⿰亻美
𲐿	⿰亻度
𲑀	⿰亻架
𲑁	⿰亻彧
𲑂	⿰亻扆
𲑃	⿰⿰亻丨㚅
𲑄	⿱但正
𲑅	⿱亠⿱𠈌十
𲑆	⿰亻⿱关灬
𲑇	⿰亻基
𲑈	⿰亻堅
𲑉	⿰孛𫢋
𲑊	⿰亻卨
𲑋	⿰亻常
𲑌	⿰亻造
𲑍	⿰亻部
𲑎	⿰何牢
𲑏	⿱𠆢⿱？𠈌
𲑐	⿰亻弼
𲑑	⿰亻隆
𲑒	⿰亻畫
𲑓	⿰亻雷
𲑔	⿰亻勤
𲑕	⿰亻睪
𲑖	⿱依冏
𲑗	⿰亻遂
𲑘	⿰亻⿱品尒
𲑙	⿰亻裹
𲑚	⿱倍夷
𲑛	⿰亻屢
𲑜	⿰亻鞋
𲑝	⿰亻⿰著力
𲑞	⿰亻賤
𲑟	⿰亻𪧨
𲑠	⿰亻毅
𲑡	⿰亻廛
𲑢	⿱合⿰并并
𲑣	⿰直候
𲑤	⿰亻蕢
𲑥	⿰亻錦
𲑦	⿰亻⿱覀國
𲑧	⿰亻𫶝
𲑨	⿰低會
𲑩	⿰責偏
𲑪	⿰亻靈
𲑫	⿱倍應
𲑬	⿰光入
𲑭	⿺光中
𲑮	⿰兆分
𲑯	⿰光另
𲑰	⿺尧吉
𲑱	⿰光豸
𲑲	⿰光昌
𲑳	⿰光其
𲑴	⿺光㒸
𲑵	⿰光除
𲑶	⿱敖免
𲑷	⿰光曾
𲑸	⿺先⿱成母
𲑹	⿺兒堯
𲑺	⿰吞入
𲑻	⿱入軰
𲑼	⿱秋全
𲑽	⿱入塵
𲑾	⿱丷了
𲑿	⿱加八
𲒀	⿰其令
𲒁	⿰娄六
𲒂	⿱杜具
𲒃	⿰养餒
𲒄	⿵⿵冂从人
𲒅	⿵⿵内一口
𲒆	⿵冂書
𲒇	⿱冖八
𲒈	⿱冖支
𲒉	⿱冖龰
𲒊	⿱㓁免
𲒋	⿰冫夕
𲒌	⿰冫甘
𲒍	⿰冫朱
𲒎	⿰冫麦
𲒏	⿰冫更
𲒐	⿰冫足
𲒑	⿰冫含
𲒒	⿰冫舍
𲒓	⿰冫⿰关刂
𲒔	⿰冫美
𲒕	⿰冫⿰𣧄刂
𲒖	⿰冷尼
𲒗	⿰冫票
𲒘	⿰冫累
𲒙	⿰冫雋
𲒚	⿰冫論
𲒛	⿰寒列
𲒜	⿰冷善
𲒝	⿰凛多
𲒞	⿵几丨
𲒟	⿺凣糝
𲒠	⿱巴出
𲒡	⿰凶我
𲒢	⿰出翟
𲒣	⿰出羅
𲒤	⿰止刂
𲒥	⿰甲刂
𲒦	⿰向刂
𲒧	⿰米刀
𲒨	⿰束刀
𲒩	⿱刀折
𲒪	⿱折刀
𲒫	⿰岑刂
𲒬	⿰齿刂
𲒭	⿰秉刂
𲒮	⿰怛刀
𲒯	⿰品刂
𲒰	⿱利分
𲒱	⿱胎刀
𲒲	⿰窄刂
𲒳	⿰處刂
𲒴	⿰淼刂
𲒵	⿱剛正
𲒶	⿰雷刂
𲒷	⿰先前
𲒸	⿰离分
𲒹	⿰滥刂
𲒺	⿰亘剛
𲒻	⿰𦶝刂
𲒼	⿰𬕔刂
𲒽	⿰金削
𲒾	⿱劎刀
𲒿	⿰魯刂
𲓀	⿰𦼔刂
𲓁	⿱剛振
𲓂	⿱此力
𲓃	⿰合力
𲓄	⿰巫力
𲓅	⿰昌力
𲓆	⿰要力
𲓇	⿰晉力
𲓈	⿱助㐌
𲓉	⿱𱡘力
𲓊	⿰力敏
𲓋	⿰𡕩力
𲓌	⿰鼐力
𲓍	⿱執助
𲓎	⿰劳辱
𲓏	⿰贊力
𲓐	⿰籚力
𲓑	⿹勹舌
𲓒	⿱勿正
𲓓	⿰勺育
𲓔	⿱渚勿
𲓕	⿱勿會
𲓖	⿰勿愛
𲓗	⿰勿著
𲓘	⿰𰍇包
𲓙	⿰會包
𲓚	⿱丿匹
𲓛	⿰匡侖
𲓜	⿱十冂
𲓝	⿱十八
𲓞	⿱㐅十
𲓠	⿰十六
𲓡	⿰千分
𲓢	⿱分千
𲓣	⿰卡千
𲓤	⿱十𪢴
𲓥	⿱⿰冫巨十
𲓦	⿱𲓜令
𲓧	⿱卌卌
𲓨	⿰育十
𲓩	⿰埋十
𲓪	⿱堆十
𲓫	⿰南粦
𲓬	⿱⺊艮
𲓭	⿰𠦝卜
𲓮	⿰占它
𲓯	⿱南卧
𲓰	⿱卦鬼
𲓱	⿰丁卩
𲓲	⿱天卩
𲓳	⿱內𰆊
𲓴	⿱古𰆊
𲓵	⿱白𰆊
𲓶	⿱加𰆊
𲓷	⿰𬼉卩
𲓸	⿱注𰆊
𲓹	⿱叙𰆊
𲓺	⿸厂自
𲓻	⿸厂？
𲓼	⿸厂住
𲓽	⿸厂孨
𲓾	⿰吏𱤽
𲓿	⿰台厚
𲔀	⿸厂⿰亻𠌵
𲔁	⿸厂⿳⿲有有有⿲有有有⿲有有有
𲔂	⿱𠫯二
𲔃	⿰⿱厶羊昌
𲔄	⿰去道
𲔅	⿰血又
𲔆	⿱论又
𲔇	⿱叒且
𲔈	⿰𭁈反
𲔉	⿰受丑
𲔊	⿱阻反
𲔋	⿰反者
𲔌	⿱双軫
𲔍	⿰口勹
𲔎	⿰口士
𲔏	⿰口小
𲔐	⿰口仄
𲔑	⿱二叱
𲔒	⿰口风
𲔓	⿰口丹
𲔔	⿱六口
𲔕	⿱又叱
𲔖	⿰口毋
𲔗	⿱士叱
𲔘	⿱土叱
𲔙	⿰口⿱丅口
𲔚	⿰口功
𲔛	⿰口㘞
𲔜	⿰口电
𲔝	⿰口㕣
𲔞	⿱也叱
𲔟	⿱地口
𲔠	⿱口地
𲔡	⿱五叱
𲔢	⿱艹叱
𲔣	⿰口㐁
𲔤	⿰口刚
𲔥	⿱毛叱
𲔦	⿰口𲐙
𲔧	⿱文叱
𲔨	⿱之叱
𲔩	⿰口决
𲔪	⿰口𱐁
𲔫	⿰口助
𲔬	⿱巨叱
𲔭	⿰口𰓀
𲔮	⿰口抓
𲔯	⿰口邪
𲔰	⿰口求
𲔱	⿱北叱
𲔲	⿰口妟
𲔳	⿰口肝
𲔴	⿰口沐
𲔵	⿰口没
𲔶	⿱况口
𲔷	⿰口况
𲔸	⿰口尿
𲔹	⿰口𡥘
𲔺	⿱𨸢口
𲔻	⿰口环
𲔼	⿱？叱
𲔽	⿰口坵
𲔾	⿰口協
𲔿	⿰口抱
𲕀	⿰口𡊰
𲕁	⿰口盂
𲕂	⿱昒口
𲕃	⿰口呵
𲕄	⿰口明
𲕅	⿰口畀
𲕆	⿱多叱
𲕇	⿱如可
𲕈	⿱伊叱
𲕉	⿱自叱
𲕊	⿱朱叱
𲕋	⿰口岳
𲕌	⿰口往
𲕍	⿰口房
𲕎	⿰口泥
𲕏	⿰口府
𲕐	⿰口怡
𲕑	⿰口炕
𲕒	⿰口𱻊
𲕓	⿱口於
𲕔	⿰口怩
𲕕	⿰口变
𲕖	⿰口𱣅
𲕗	⿱吾叱
𲕘	⿱求叱
𲕙	⿱扶叱
𲕚	⿰口赵
𲕛	⿰口柳
𲕜	⿰口剋
𲕝	⿱古弄
𲕞	⿱古那
𲕟	⿱吅𲰶
𲕠	⿰口昭
𲕡	⿰口昧
𲕢	⿰口思
𲕣	⿰口盼
𲕤	⿰口范
𲕥	⿰口𦬻
𲕦	⿱何叱
𲕧	⿰口禹
𲕨	⿰口盾
𲕩	⿰口瓮
𲕪	⿰口胆
𲕫	⿰口洗
𲕬	⿰口恰
𲕭	⿰口祈
𲕮	⿰口洞
𲕯	⿰口洡
𲕰	⿱東叱
𲕱	⿰口埔
𲕲	⿰口捛
𲕳	⿰口財
𲕴	⿰口峩
𲕵	⿰口般
𲕶	⿰口俱
𲕷	⿰口病
𲕸	⿰口送
𲕹	⿱𤇾口
𲕺	⿰口託
𲕻	⿰口悦
𲕼	⿰口娑
𲕽	⿰口哿
𲕾	⿱司來
𲕿	⿰口捲
𲖀	⿰口推
𲖁	⿰口聃
𲖂	⿰口桻
𲖃	⿰口掹
𲖄	⿰口掑
𲖅	⿰口⿱⿰三三皿
𲖆	⿰口莺
𲖇	⿰口啄
𲖈	⿰口⿸虍令
𲖉	⿰口貨
𲖊	⿰口够
𲖋	⿰口猛
𲖌	⿰口笞
𲖍	⿰口符
𲖎	⿰口盖
𲖏	⿰口痕
𲖐	⿱彦叱
𲖑	⿰口這
𲖒	⿰口毫
𲖓	⿰口𳁫
𲖔	⿰口淨
𲖕	⿰口𥩼
𲖖	⿱建叱
𲖗	⿰口尉
𲖘	⿰口屠
𲖙	⿰口揰
𲖚	⿰口⿰尨鸟
𲖛	⿰口殼
𲖜	⿰口揖
𲖝	⿰口揼
𲖞	⿰口萃
𲖟	⿰口菩
𲖠	⿰口鼎
𲖡	⿰口萌
𲖢	⿰口筛
𲖣	⿰口飯
𲖤	⿰口順
𲖥	⿰口傍
𲖦	⿰口傑
𲖧	⿱每味
𲖨	⿰口訶
𲖩	⿰口渣
𲖪	⿰口焙
𲖫	⿰口犀
𲖬	⿰口賀
𲖭	⿰口屠
𲖮	⿰口絞
𲖯	⿰口閑
𲖰	⿱帶叱
𲖱	⿱曹叱
𲖲	⿰口塌
𲖳	⿰口逼
𲖴	⿰口𪮙
𲖵	⿰口塢
𲖶	⿱排召
𲖷	⿰口葢
𲖸	⿰口嗄
𲖹	⿰口营
𲖺	⿰奚各
𲖻	⿰口爺
𲖼	⿰口煲
𲖽	⿰口債
𲖾	⿰口傾
𲖿	⿰咅舍
𲗀	⿱許叱
𲗁	⿰口痴
𲗂	⿰口𤚥
𲗃	⿰口随
𲗄	⿰口叠
𲗅	⿰口隘
𲗆	⿰口預
𲗇	⿰口瑪
𲗈	⿰口歌
𲗉	⿰口輒
𲗊	⿰口蒼
𲗋	⿰口署
𲗌	⿰口⿸虍命
𲗍	⿰口圖
𲗎	⿰口夥
𲗏	⿰婁后
𲗐	⿰口睿
𲗑	⿰口蒲
𲗒	⿰口演
𲗓	⿰口誒
𲗔	⿰口粹
𲗕	⿰呌高
𲗖	⿰口遜
𲗗	⿰口鴉
𲗘	⿰口標
𲗙	⿰口熱
𲗚	⿰口霆
𲗛	⿰口𤮃
𲗜	⿰口𤭹
𲗝	⿰唇枚
𲗞	⿰口𩒛
𲗟	⿰口暮
𲗠	⿰口蔴
𲗡	⿰口⿱焦寸
𲗢	⿱𦥯古
𲗣	⿰口寮
𲗤	⿰口複
𲗥	⿰口課
𲗦	⿰口慰
𲗧	⿰口𦂥
𲗨	⿰喜夋
𲗩	⿰口擔
𲗪	⿰口頭
𲗫	⿰口翰
𲗬	⿰口操
𲗭	⿰口瓢
𲗮	⿰喜芒
𲗯	⿰口蕉
𲗰	⿰口嶶
𲗱	⿰口蕭
𲗲	⿰口瞢
𲗳	⿱雔口
𲗴	⿰口穆
𲗵	⿰口獨
𲗶	⿱語叱
𲗷	⿰口營
𲗸	⿰口諾
𲗹	⿰口𳁵
𲗺	⿰口⿸尸萬
𲗻	⿰口壁
𲗼	⿰口𲔃
𲗽	⿰口壐
𲗾	⿰口壓
𲗿	⿰口韓
𲘀	⿰口駼
𲘁	⿰口闊
𲘂	⿰口虧
𲘃	⿰口獲
𲘄	⿱廣叱
𲘅	⿰口糞
𲘆	⿰口謝
𲘇	⿰口糜
𲘈	⿰口孻
𲘉	⿰口𪁪
𲘊	⿰口壘
𲘋	⿰口顕
𲘌	⿰口𧀒
𲘍	⿰口醮
𲘎	⿰口瓊
𲘏	⿱興同
𲘐	⿰口識
𲘑	⿰口顙
𲘒	⿰口飄
𲘓	⿰口蘓
𲘔	⿰口覺
𲘕	⿰口霹
𲘖	⿱羅叱
𲘗	⿰口䕶
𲘘	⿰口彎
𲘙	⿰口驚
𲘚	⿰口𫊗
𲘛	⿰口靈
𲘜	⿰口廳
𲘝	⿰口鑾
𲘞	⿴〇乙
𲘟	⿱丿囚
𲘠	⿴囗旡
𲘡	⿴囗匆
𲘢	⿴囗先
𲘣	⿴囗𰁜
𲘤	⿴囗弄
𲘥	⿴囗芒
𲘦	⿴囗其
𲘧	⿴囗芶
𲘨	⿴囗峦
𲘩	⿴囗恋
𲘪	⿴囗神
𲘫	⿴囗量
𲘬	⿴囗⿱罒面
𲘭	⿴囗魯
𲘮	⿱圓侖
𲘯	⿱侖圓
𲘰	⿰土刂
𲘱	⿰土万
𲘲	⿰土与
𲘳	⿰土夕
𲘴	⿰土厄
𲘵	⿰土长
𲘶	⿱六土
𲘷	⿰土丑
𲘸	⿰土厈
𲘹	⿰土右
𲘺	⿰土匝
𲘻	⿰土鸟
𲘼	⿱㐌土
𲘽	⿰土代
𲘾	⿱氾土
𲘿	⿱𰃮土
𲙀	⿰土⿱乃土
𲙁	⿰土𢀖
𲙂	⿰土刑
𲙃	⿰土𦫼
𲙄	⿱甪土
𲙅	⿰土舌
𲙆	⿰土产
𲙇	⿱不地
𲙈	⿰土⿳𠂊冖巾
𲙉	⿰土辰
𲙊	⿰土囦
𲙋	⿰土快
𲙌	⿰土㐬
𲙍	⿱地元
𲙎	⿰土忍
𲙏	⿰土斩
𲙐	⿱㚘土
𲙑	⿰土松
𲙒	⿰土奈
𲙓	⿰圭丙
𲙔	⿰土取
𲙕	⿰土招
𲙖	⿰土黾
𲙗	⿱叔土
𲙘	⿰土㝵
𲙙	⿰土⿱口且
𲙚	⿱和土
𲙛	⿱例土
𲙜	⿰土彼
𲙝	⿰土府
𲙞	⿰土这
𲙟	⿰土贲
𲙠	⿰土奎
𲙡	⿰土亟
𲙢	⿰土贵
𲙣	⿰土品
𲙤	⿰土显
𲙥	⿰土显
𲙦	⿱独土
𲙧	⿰土秋
𲙨	⿰土鳬
𲙩	⿱洛土
𲙪	⿰土客
𲙫	⿰土晉
𲙬	⿰土峯
𲙭	⿰坐𠂢
𲙮	⿰土針
𲙯	⿰土窊
𲙰	⿰土⿰关月
𲙱	⿰土⿺廴隶
𲙲	⿰土教
𲙳	⿰土⿸圧回
𲙴	⿰土婴
𲙵	⿰土⿱山⿰歹攵
𲙶	⿱⿰虫矛土
𲙷	⿰土⿱罒缶
𲙸	⿰土貫
𲙹	⿱敘土
𲙺	⿰土動
𲙻	⿰土宽
𲙼	⿱断土
𲙽	⿰土旋
𲙾	⿰土𱷥
𲙿	⿰土眷
𲚀	⿱𨺒土
𲚁	⿰土陷
𲚂	⿰土⿷匸晏
𲚃	⿰土都
𲚄	⿰土棧
𲚅	⿰土敞
𲚆	⿰土圍
𲚇	⿰土閒
𲚈	⿰土鲁
𲚉	⿰土富
𲚊	⿰土董
𲚋	⿰土𠪩
𲚌	⿱豤土
𲚍	⿰土厪
𲚎	⿰南坐
𲚏	⿰土觜
𲚐	⿰土雋
𲚑	⿰奚圭
𲚒	⿰土粤
𲚓	⿱源土
𲚔	⿰土肅
𲚕	⿰土奪
𲚖	⿱穀土
𲚗	⿰土碧
𲚘	⿰土管
𲚙	⿰土𥯎
𲚚	⿰土廖
𲚛	⿱⿰氵戚土
𲚜	⿱𤡜土
𲚝	⿱鋪土
𲚞	⿰土嶴
𲚟	⿰土燕
𲚠	⿱䠔土
𲚡	⿰土頺
𲚢	⿱⿰害各土
𲚣	⿰褱土
𲚤	⿰土壁
𲚥	⿰坐嵬
𲚦	⿰土營
𲚧	⿰土蹇
𲚨	⿱繞土
𲚩	⿱羅土
𲚪	⿰土簷
𲚫	⿰土競
𲚬	⿱刻士
𲚭	⿰壽歲
𲚮	⿰夌吝
𲚯	⿴⿹⺄𠃊夕
𲚰	⿱夕亏
𲚱	⿱䒑夕
𲚲	⿰夕巴
𲚳	⿱𡗗夕
𲚴	⿰多才
𲚵	⿰多巴
𲚶	⿰多匝
𲚷	⿰多有
𲚸	⿱甚多
𲚹	⿰多思
𲚺	⿰多禀
𲚻	⿰多險
𲚼	⿱夫𠃍
𲚽	⿱大日
𲚾	⿱⿵大一日
𲚿	⿱天本
𲛀	⿱大肉
𲛁	⿱大亨
𲛂	⿱枝大
𲛃	⿰夹业
𲛄	⿱大待
𲛅	⿰哥大
𲛆	⿰夷每
𲛇	⿱從大
𲛈	⿰奇𱺵
𲛉	⿱𦥯大
𲛊	⿰女充
𲛋	⿱打女
𲛌	⿰女另
𲛍	⿰女⿱小又
𲛎	⿰女邪
𲛏	⿰女助
𲛐	⿰忍女
𲛑	⿱⿰巴三女
𲛒	⿰女戔
𲛓	⿰女⿱口且
𲛔	⿱尚女
𲛕	⿰女𭁈
𲛖	⿰女受
𲛗	⿰女乖
𲛘	⿰女泥
𲛙	⿰女房
𲛚	⿱奴会
𲛛	⿰女屈
𲛜	⿰女亟
𲛝	⿰女厘
𲛞	⿰女⿸虍㐄
𲛟	⿰女客
𲛠	⿰女宦
𲛡	⿰女举
𲛢	⿰女⿱医女
𲛣	⿱䀠女
𲛤	⿰女卿
𲛥	⿰女畝
𲛦	⿱次妑
𲛧	⿱能女
𲛨	⿰女娶
𲛩	⿰女硏
𲛪	⿰女頃
𲛫	⿰女𮏄
𲛬	⿰女問
𲛭	⿰女淑
𲛮	⿱⿰未成女
𲛯	⿰女𡺋
𲛰	⿰女悲
𲛱	⿰女⿱臤示
𲛲	⿰女閝
𲛳	⿰女𡕱
𲛴	⿱債女
𲛵	⿰女辟
𲛶	⿰女閩
𲛷	⿰女熹
𲛸	⿰女蕃
𲛹	⿰每媒
𲛺	⿰女磨
𲛻	⿱⿲男男男女
𲛼	⿰子乃
𲛽	⿰子𪟽
𲛾	⿰子𠂢
𲛿	⿰子男
𲜀	⿰子孟
𲜁	⿰子宫
𲜂	⿰存昆
𲜃	⿰孚甫
𲜄	⿰孚使
𲜅	⿰子粦
𲜆	⿰孤兒
𲜇	⿰孤屈
𲜈	⿰子蜚
𲜉	⿱宀才
𲜊	⿱宀彡
𲜋	⿱宀户
𲜌	⿱宀央
𲜍	⿱宀⿻干艹
𲜎	⿰宁宁
𲜏	⿱宀⿱毋心
𲜐	⿱宀咸
𲜑	⿰守字
𲜒	⿰宗内
𲜓	⿰守守
𲜔	⿱宀总
𲜕	⿱宀衄
𲜖	⿱宀晤
𲜗	⿱宀悤
𲜘	⿱宀鹿
𲜙	⿰宜芽
𲜚	⿰宜宜
𲜛	⿰害利
𲜜	⿱宀鴦
𲜝	⿱宀⿰牙磊
𲜞	⿰弄寬
𲜟	⿰翥容
𲜠	⿱罒寸
𲜡	⿱宀㝴
𲜢	⿱⿱𰀉一吋
𲜣	⿰首寸
𲜤	⿰⿱爫豆寸
𲜥	⿱⿰𠕻長寸
𲜦	⿰尋未
𲜧	⿰寺厨
𲜨	⿺巴少
𲜩	⿰至少
𲜪	⿰小折
𲜫	⿱拙小
𲜬	⿱小⿰扌⿻冘二
𲜭	⿱少拙
𲜮	⿰卒少
𲜯	⿱幻京
𲜰	⿱閉小
𲜱	⿰尔悲
𲜲	⿸尸乙
𲜳	⿸尸元
𲜴	⿱尺三
𲜵	⿸尸可
𲜶	⿸尸弗
𲜷	⿱尸充
𲜸	⿸⿸尸？毛
𲜹	⿰屈亡
𲜺	⿺尾石
𲜻	⿰尸扁
𲜼	⿸⿸尸氺𠂕
𲜽	⿱剛尺
𲜾	⿸尸盖
𲜿	⿸尸⿱皮肉
𲝀	⿱居於
𲝁	⿱堆尾
𲝂	⿰尽會
𲝃	⿱山八
𲝄	⿰山亏
𲝅	⿱山仄
𲝆	⿰山不
𲝇	⿱山龰
𲝈	⿰山仓
𲝉	⿱山壬
𲝊	⿰山号
𲝋	⿰山瓜
𲝌	⿱山册
𲝍	⿱白山
𲝎	⿱山永
𲝏	⿰山庂
𲝐	⿱山皮
𲝑	⿱山旨
𲝒	⿰山耳
𲝓	⿱山地
𲝔	⿱刑山
𲝕	⿱山光
𲝖	⿰山尖
𲝗	⿱山任
𲝘	⿱山伏
𲝙	⿱山仰
𲝚	⿱好山
𲝛	⿰山赤
𲝜	⿱山劬
𲝝	⿰山甬
𲝞	⿱山阮
𲝟	⿱山妻
𲝠	⿱山枉
𲝡	⿱山長
𲝢	⿰山奔
𲝣	⿱山招
𲝤	⿱山枕
𲝥	⿱山罔
𲝦	⿰山昂
𲝧	⿱山忽
𲝨	⿰山底
𲝩	⿰山炎
𲝪	⿱⿰方方山
𲝫	⿰山定
𲝬	⿱山阿
𲝭	⿰岩五
𲝮	⿱山若
𲝯	⿱屾屾
𲝰	⿰山負
𲝱	⿱山限
𲝲	⿱山癸
𲝳	⿱山桂
𲝴	⿱山秦
𲝵	⿰山宫
𲝶	⿰山勘
𲝷	⿰山崙
𲝸	⿱山異
𲝹	⿱山曼
𲝺	⿰山異
𲝻	⿰山兜
𲝼	⿰山祭
𲝽	⿱山條
𲝾	⿱山甁
𲝿	⿱山粒
𲞀	⿱山陰
𲞁	⿰山雲
𲞂	⿰山越
𲞃	⿰崽才
𲞄	⿰山掌
𲞅	⿰山絜
𲞆	⿱山登
𲞇	⿱山塤
𲞈	⿰山禁
𲞉	⿰山粲
𲞊	⿰山筮
𲞋	⿰山遂
𲞌	⿰山蓉
𲞍	⿱山槃
𲞎	⿰山夐
𲞏	⿱齊山
𲞐	⿱磊山
𲞑	⿱山徵
𲞒	⿱山衝
𲞓	⿰山瑩
𲞔	⿱山調
𲞕	⿱山層
𲞖	⿱山隤
𲞗	⿰山鬳
𲞘	⿰山興
𲞙	⿱山興
𲞚	⿰山麗
𲞛	⿰川矣
𲞜	⿰𭗾宁
𲞝	⿱从工
𲞞	⿰左才
𲞟	⿱工白
𲞠	⿰工空
𲞡	⿱巨吝
𲞢	⿰夌巨
𲞣	⿱巨油
𲞤	⿰苔巨
𲞥	⿱巨拜
𲞦	⿱巨執
𲞧	⿰工署
𲞨	⿱巴低
𲞩	⿱巴⿰巴巴
𲞪	⿰巴為
𲞫	⿱巴蓝
𲞬	⿰改寄
𲞭	⿰巾元
𲞮	⿰巾色
𲞯	⿰巾金
𲞰	⿰巾欣
𲞱	⿰布尾
𲞲	⿰巾复
𲞳	⿱待巾
𲞴	⿰巾馬
𲞵	⿰巾兜
𲞶	⿱務巾
𲞷	⿰巾𦋐
𲞸	⿰巾雇
𲞹	⿱亠𰅭
𲞺	⿰干开
𲞻	⿰干艮
𲞼	⿰并尾
𲞽	⿰平朋
𲞾	⿰幺律
𲞿	⿰𱥯幾
𲟀	⿸广夫
𲟁	⿸广廿
𲟂	⿸广卬
𲟃	⿸广未
𲟄	⿸广古
𲟅	⿸广邑
𲟆	⿸广辛
𲟇	⿸广季
𲟈	⿸广屋
𲟉	⿸广𤲅
𲟊	⿸广悘
𲟋	⿸广⿱火貝
𲟌	⿸广𳂔
𲟍	⿰应羌
𲟎	⿰庄真
𲟏	⿸广⿱殸夂
𲟐	⿸广𫲲
𲟑	⿸广䢉
𲟒	⿰廛園
𲟓	⿺廴月
𲟔	⿺廴區
𲟕	⿺廴萑
𲟖	⿺廴𣕃
𲟗	⿱玨廾
𲟘	⿰弓凢
𲟙	⿰弯可
𲟚	⿰亘強
𲟛	⿰寻未
𲟜	⿰灵京
𲟝	⿰𰃦彡
𲟞	⿰悲彡
𲟟	⿰鬳彡
𲟠	⿰彳乇
𲟡	⿰彳云
𲟢	⿰彳用
𲟣	⿰彳并
𲟤	⿰彳咅
𲟥	⿰彳待
𲟦	⿰彳𰙩
𲟧	⿰彳鹿
𲟨	⿰彳悲
𲟩	⿰彳費
𲟪	⿰彳⿱⿱十罒衣
𲟫	⿰㣫欠
𲟬	⿱彼其
𲟭	⿰彳厭
𲟮	⿰彳鄭
𲟯	⿰彳⿰⿱⿱云𭕄𠕎攵
𲟰	⿱得特
𲟱	⿰忄井
𲟲	⿱毛心
𲟳	⿰忄火
𲟴	⿱引心
𲟵	⿱灭心
𲟶	⿰忄史
𲟷	⿰忄仔
𲟸	⿱存心
𲟹	⿰忄而
𲟺	⿱朱心
𲟻	⿱先心
𲟼	⿰忄仰
𲟽	⿱血心
𲟾	⿰忄字
𲟿	⿱论心
𲠀	⿱她心
𲠁	⿱别心
𲠂	⿰忄吟
𲠃	⿱我心
𲠄	⿰忄你
𲠅	⿰忄汪
𲠆	⿰忄岸
𲠇	⿱朋心
𲠈	⿰忄帛
𲠉	⿰忄岳
𲠊	⿱𢼄心
𲠋	⿱宀㤐
𲠌	⿱油心
𲠍	⿱妳心
𲠎	⿰忄垕
𲠏	⿺及急
𲠐	⿰急及
𲠑	⿰忄勉
𲠒	⿱⿰𦍍反心
𲠓	⿰忄屋
𲠔	⿰忄费
𲠕	⿱欯心
𲠖	⿱杜忌
𲠗	⿰乌恶
𲠘	⿰忄徐
𲠙	⿱𬀴心
𲠚	⿱記心
𲠛	⿰怠丙
𲠜	⿰忄欶
𲠝	⿱𱡘心
𲠞	⿰忄𱑏
𲠟	⿰息矢
𲠠	⿰忄竟
𲠡	⿰忄屚
𲠢	⿰忄超
𲠣	⿰忄雅
𲠤	⿱散心
𲠥	⿰忄絜
𲠦	⿰忄𳂔
𲠧	⿱中惢
𲠨	⿱跋心
𲠩	⿰忄𫒀
𲠪	⿰忄備
𲠫	⿰忄阑
𲠬	⿱鼓心
𲠭	⿰𢪀息
𲠮	⿰南念
𲠯	⿰忄盞
𲠰	⿰忄暗
𲠱	⿱當心
𲠲	⿰忄盟
𲠳	⿰忄虞
𲠴	⿱锡心
𲠵	⿰忄傾
𲠶	⿱稚心
𲠷	⿰育思
𲠸	⿰总叕
𲠹	⿱悁忘
𲠺	⿰忄䦚
𲠻	⿱蒜心
𲠼	⿰忄⿱宷日
𲠽	⿱⿰爽攵心
𲠾	⿱⿰爽欠心
𲠿	⿱數心
𲡀	⿰忄誾
𲡁	⿰倍急
𲡂	⿱論心
𲡃	⿰𭁈惡
𲡄	⿱錫心
𲡅	⿰愛免
𲡆	⿱⿰車貢心
𲡇	⿰其愚
𲡈	⿰垂愈
𲡉	⿰愚㚇
𲡊	⿰忄壘
𲡋	⿰忄𱶫
𲡌	⿱勸心
𲡍	⿰忄籌
𲡎	⿹𢦏𡉀
𲡏	⿵⿰冫戊占
𲡐	⿰春戈
𲡑	⿱年成
𲡒	⿰豈戈
𲡓	⿱些我
𲡔	⿰戒粦
𲡕	⿰蓁戒
𲡖	⿰所住
𲡗	⿰扁别
𲡘	⿰扇束
𲡙	⿰扌川
𲡚	⿰扌历
𲡛	⿱切手
𲡜	⿰扌五
𲡝	⿰扌贝
𲡞	⿰扌见
𲡟	⿱孔手
𲡠	⿰扌卉
𲡡	⿰扌厉
𲡢	⿰扌囚
𲡣	⿰扌生
𲡤	⿱他手
𲡥	⿰扌刋
𲡦	⿱队手
𲡧	⿱弗手
𲡨	⿰龵夸
𲡩	⿰扌地
𲡪	⿰扌⿳𠆢巛一
𲡫	⿰扌込
𲡬	⿱论手
𲡭	⿰手决
𲡮	⿰手江
𲡯	⿰扌声
𲡰	⿳去冖手
𲡱	⿰扌⿱木女
𲡲	⿰扌⿴囗攴
𲡳	⿰手吹
𲡴	⿰扌肝
𲡵	⿰扌间
𲡶	⿰扌闲
𲡷	⿰扌𫔭
𲡸	⿰扌阶
𲡹	⿰扌往
𲡺	⿰手制
𲡻	⿱泼手
𲡼	⿰扌厘
𲡽	⿰扌勃
𲡾	⿰扌匧
𲡿	⿰扌栈
𲢀	⿰扌⿱日弗
𲢁	⿰扌爯
𲢂	⿰扌神
𲢃	⿱𠔉𠰅
𲢄	⿰扌庠
𲢅	⿰扌⿺兑厶
𲢆	⿰扌𱒢
𲢇	⿰扌哥
𲢈	⿰扌厝
𲢉	⿰扌唇
𲢊	⿰扌晒
𲢋	⿰手罢
𲢌	⿰手骨
𲢍	⿰扌耸
𲢎	⿰扌缺
𲢏	⿰扌家
𲢐	⿰扌涩
𲢑	⿰扌訕
𲢒	⿱海手
𲢓	⿰扌⿱改口
𲢔	⿰扌娘
𲢕	⿰扌責
𲢖	⿺吏拜
𲢗	⿰扌唱
𲢘	⿰扌莎
𲢙	⿰扌荷
𲢚	⿰扌崇
𲢛	⿰扌𦰟
𲢜	⿰扌笮
𲢝	⿱折忌
𲢞	⿰扌⿱並弓
𲢟	⿰扌庵
𲢠	⿰扌斎
𲢡	⿰扌⿰氵⿱白工
𲢢	⿰扌粘
𲢣	⿰扌𡨸
𲢤	⿰扌𱱇
𲢥	⿰扌⿷匸晏
𲢦	⿰扌𠥔
𲢧	⿰扌琶
𲢨	⿱枝折
𲢩	⿰扌萌
𲢪	⿰扌⿱𠔿直
𲢫	⿰扌幂
𲢬	⿰扌𳁖
𲢭	⿰扌圍
𲢮	⿰扌敞
𲢯	⿰扌⿱⿱丿罒⿻一氺
𲢰	⿰扌掱
𲢱	⿱⿰合合手
𲢲	⿰手無
𲢳	⿰扌貂
𲢴	⿰扌⿱⿱⿱亠丷冖虫
𲢵	⿰扌湥
𲢶	⿱隊手
𲢷	⿱靴手
𲢸	⿰扌跟
𲢹	⿰扌罨
𲢺	⿰扌跳
𲢻	⿰扌頎
𲢼	⿰扌亂
𲢽	⿰扌愛
𲢾	⿰扌𥭗
𲢿	⿰扌鼠
𲣀	⿰扌傾
𲣁	⿰扌麀
𲣂	⿰扌廋
𲣃	⿰扌補
𲣄	⿰扌經
𲣅	⿰拙奉
𲣆	⿰扌𡼁
𲣇	⿰扌蒼
𲣈	⿰扌裳
𲣉	⿰扌夢
𲣊	⿰扌蒸
𲣋	⿰扌管
𲣌	⿰扌銀
𲣍	⿰扌䈁
𲣎	⿰扌敲
𲣏	⿰扌厲
𲣐	⿰扌槮
𲣑	⿰扌閱
𲣒	⿱蓺手
𲣓	⿰捠咅
𲣔	⿰扌箴
𲣕	⿰扌輩
𲣖	⿰扌餒
𲣗	⿱論手
𲣘	⿱潑手
𲣙	⿰扌劈
𲣚	⿰扌熨
𲣛	⿰扌覩
𲣜	⿰扌𬞕
𲣝	⿰扌噲
𲣞	⿰扌蹅
𲣟	⿰手彊
𲣠	⿰扌虧
𲣡	⿰扌獲
𲣢	⿰扌⿱竹祭
𲣣	⿰扌賽
𲣤	⿰扌甕
𲣥	⿰扌⿱𠂢𠃄
𲣦	⿰扌艶
𲣧	⿰扌囂
𲣨	⿰扌讖
𲣩	⿰扌觀
𲣪	⿰令支
𲣫	⿺支㐱
𲣬	⿰兊支
𲣭	⿰支离
𲣮	⿰𭓇攴
𲣯	⿰翌攵
𲣰	⿱巴数
𲣱	⿰數巴
𲣲	⿱敗俞
𲣳	⿰文尤
𲣴	⿰臣文
𲣵	⿰文臣
𲣶	⿰文尽
𲣷	⿱文赤
𲣸	⿰㪯巨
𲣹	⿰文閔
𲣺	⿰文粦
𲣻	⿰文盡
𲣼	⿱𦥯𫿱
𲣽	⿰古斗
𲣾	⿺更斗
𲣿	⿰䨾斗
𲤀	⿰屈斤
𲤁	⿱不断
𲤂	⿱占斬
𲤃	⿸𭤨亢
𲤄	⿰方便
𲤅	⿸𭤨⿱衣一
𲤆	⿸𭤨虎
𲤇	⿰方買
𲤈	⿰方無
𲤉	⿰方葻
𲤊	⿰方罂
𲤋	⿰方罌
𲤌	⿺旡彡
𲤍	⿱旡夊
𲤎	⿱兓旦
𲤏	⿰日土
𲤐	⿰日兮
𲤑	⿰日尺
𲤒	⿰日瓦
𲤓	⿱丕日
𲤔	⿰日占
𲤕	⿰日⿱八亏
𲤖	⿰日斥
𲤗	⿰日皮
𲤘	⿱土时
𲤙	⿰日里
𲤚	⿱日旴
𲤛	⿰日⿱爫亐
𲤜	⿰易也
𲤝	⿱日沁
𲤞	⿰日表
𲤟	⿰日岸
𲤠	⿰日罔
𲤡	⿰日和
𲤢	⿰日彼
𲤣	⿰日咅
𲤤	⿰日虽
𲤥	⿰日耑
𲤦	⿰日怎
𲤧	⿰勿是
𲤨	⿰日待
𲤩	⿰易以
𲤪	⿱祈日
𲤫	⿰早周
𲤬	⿰日泰
𲤭	⿱日烈
𲤮	⿱日班
𲤯	⿰日荅
𲤰	⿰冐多
𲤱	⿱光明
𲤲	⿰日兼
𲤳	⿺是早
𲤴	⿱日逐
𲤵	⿱日堂
𲤶	⿰日崗
𲤷	⿰日盘
𲤸	⿱日袞
𲤹	⿰日巢
𲤺	⿺堯日
𲤻	⿰日敟
𲤼	⿰申𬀷
𲤽	⿱日最
𲤾	⿰星成
𲤿	⿱日悲
𲥀	⿰日登
𲥁	⿱時徐
𲥂	⿰日萬
𲥃	⿰日當
𲥄	⿰日微
𲥅	⿰日禽
𲥆	⿰姜明
𲥇	⿰日滛
𲥈	⿰日聚
𲥉	⿰日疑
𲥊	⿰日榮
𲥋	⿺是𢼸
𲥌	⿰日⿱艹？
𲥍	⿰日𡼙
𲥎	⿰日質
𲥏	⿰日興
𲥐	⿱日懺
𲥑	⿱曲𠃍
𲥒	⿰曲工
𲥓	⿰曳畏
𲥔	⿰會占
𲥕	⿺更焦
𲥖	⿰會聚
𲥗	⿻月八
𲥘	⿺支月
𲥙	⿰月孕
𲥚	⿰月向
𲥛	⿰月全
𲥜	⿰月免
𲥝	⿰月芳
𲥞	⿰月㝵
𲥟	⿰尚月
𲥠	⿰月征
𲥡	⿰月⿱𠂉其
𲥢	⿰月海
𲥣	⿰章月
𲥤	⿰月發
𲥥	⿰月嗇
𲥦	⿰月歆
𲥧	⿰産有
𲥨	⿰月署
𲥩	⿱朋寂
𲥪	⿰望林
𲥫	⿰月𫂐
𲥬	⿰月⿱高羊
𲥭	⿰月嚴
𲥮	⿰木十
𲥯	⿰木亍
𲥰	⿱朴𠃍
𲥱	⿰木勿
𲥲	⿰木𫠣
𲥳	⿰木𠕵
𲥴	⿰木凸
𲥵	⿰木外
𲥶	⿰木矢
𲥷	⿰木权
𲥸	⿰有木
𲥹	⿱至木
𲥺	⿰木匠
𲥻	⿱𠖲木
𲥼	⿰木邚
𲥽	⿰木𮕜
𲥾	⿰木坎
𲥿	⿱𣦼木
𲦀	⿰束匹
𲦁	⿴林夕
𲦂	⿰木身
𲦃	⿴林彡
𲦄	⿰木没
𲦅	⿰木𰿖
𲦆	⿴林犬
𲦇	⿱拍木
𲦈	⿱直木
𲦉	⿰果文
𲦊	⿰木𥄀
𲦋	⿰木肥
𲦌	⿰木⿰曰𠃛
𲦍	⿰木匧
𲦎	⿰木巷
𲦏	⿰木𤯚
𲦐	⿰木𰦫
𲦑	⿰末季
𲦒	⿰木苔
𲦓	⿰木勉
𲦔	⿰季末
𲦕	⿰木侶
𲦖	⿰木阁
𲦗	⿰木弯
𲦘	⿰木⿱穴方
𲦙	⿰木秌
𲦚	⿰架户
𲦛	⿰木桓
𲦜	⿰木茷
𲦝	⿱杏杏
𲦞	⿰木笑
𲦟	⿱𨈕木
𲦠	⿰木浪
𲦡	⿰木烜
𲦢	⿰木⿱巛囱
𲦣	⿰本借
𲦤	⿰木𦰩
𲦥	⿰木⿱共未
𲦦	⿰木⿱林彡
𲦧	⿴林豆
𲦨	⿰木唯
𲦩	⿱船木
𲦪	⿰木⿱𰁜⿱一𧘇
𲦫	⿰木㫋
𲦬	⿰木窒
𲦭	⿰木韩
𲦮	⿰木⿷匸𭔰
𲦯	⿰木⿱𦣻夯
𲦰	⿰木彭
𲦱	⿰木𩂏
𲦲	⿱敞木
𲦳	⿰木⿱品亏
𲦴	⿰木𭸟
𲦵	⿱釆⿱𠀎木
𲦶	⿰木短
𲦷	⿰木𲏅
𲦸	⿰枚幸
𲦹	⿰木⿱亯干
𲦺	⿰木湯
𲦻	⿱林若
𲦼	⿰木碑
𲦽	⿰木募
𲦾	⿰木罩
𲦿	⿰木蒌
𲧀	⿰木⿱竹𭅗
𲧁	⿱毀木
𲧂	⿰木𰙔
𲧃	⿰𰗣㐬
𲧄	⿰渚未
𲧅	⿱殿木
𲧆	⿰木殿
𲧇	⿱豩木
𲧈	⿰木𧼋
𲧉	⿰木睿
𲧊	⿰木関
𲧋	⿰木䦚
𲧌	⿰木蒞
𲧍	⿰果羔
𲧎	⿰木舞
𲧏	⿰朱紫
𲧐	⿰枚唇
𲧑	⿰𰗣炎
𲧒	⿰木麽
𲧓	⿱漸木
𲧔	⿰木慼
𲧕	⿰木箱
𲧖	⿰梹咅
𲧗	⿰木⿸尸單
𲧘	⿰木⿱鳥囚
𲧙	⿰木篡
𲧚	⿰木聲
𲧛	⿰堯相
𲧜	⿰木臨
𲧝	⿰束榖
𲧞	⿰果債
𲧟	⿰木謝
𲧠	⿰木賽
𲧡	⿰木彌
𲧢	⿰木額
𲧣	⿰木簻
𲧤	⿰木⿱金⿱⿰水火土
𲧥	⿰極窒
𲧦	⿰木轟
𲧧	⿰木聽
𲧨	⿱果懶
𲧩	⿰木變
𲧪	⿰木㸑
𲧫	⿰目欠
𲧬	⿰⿸戶山欠
𲧭	⿰𭁈欠
𲧮	⿰⿱𠂉其欠
𲧯	⿰感欠
𲧰	⿰蕭欠
𲧱	⿱口止
𲧲	⿰正井
𲧳	⿱止剛
𲧴	⿱正倘
𲧵	⿰歳年
𲧶	⿱賏正
𲧷	⿰最歲
𲧸	⿰歹平
𲧹	⿰歹加
𲧺	⿰歹表
𲧻	⿰歹𭁈
𲧼	⿰歹迎
𲧽	⿰歹養
𲧾	⿰歹簽
𲧿	⿰歹靡
𲨀	⿰⿳⿸厂二一几殳
𲨁	⿰赤殳
𲨂	⿰𰮍殳
𲨃	⿸⿱𠂊𠃜比
𲨄	⿺毛卜
𲨅	⿺毛八
𲨆	⿺毛山
𲨇	⿺毛王
𲨈	⿰勿毛
𲨉	⿺毛主
𲨊	⿺毛如
𲨋	⿺毛别
𲨌	⿱冷毛
𲨍	⿱㱼毛
𲨎	⿺尾毛
𲨏	⿺毛昔
𲨐	⿺毛点
𲨑	⿺毛晏
𲨒	⿰毛芻
𲨓	⿰⿱左有毛
𲨔	⿹气土
𲨕	⿹气元
𲨖	⿹气公
𲨗	⿹气毛
𲨘	⿹气水
𲨙	⿹气尼
𲨚	⿰压气
𲨛	⿹气自
𲨜	⿹气糸
𲨝	⿹气夋
𲨞	⿰肯气
𲨟	⿹气罗
𲨠	⿹气金
𲨡	⿹气育
𲨢	⿹气阿
𲨣	⿹气剋
𲨤	⿹气曷
𲨥	⿹气亲
𲨦	⿹气臭
𲨧	⿹气唐
𲨨	⿹气密
𲨩	⿹气紫
𲨪	⿹气黑
𲨫	⿹气㥯
𲨬	⿹气緑
𲨭	⿹气養
𲨮	⿹气鮮
𲨯	⿹气羅
𲨰	⿰氵一
𲨱	⿻水丨
𲨲	⿰氵二
𲨳	⿰水卜
𲨴	⿰氵𬼁
𲨵	⿰氵三
𲨶	⿰氵丈
𲨷	⿰氵𬼄
𲨸	⿰氵匹
𲨹	⿰氵丐
𲨺	⿱水见
𲨻	⿱水牛
𲨼	⿰氵升
𲨽	⿱水文
𲨾	⿰水另
𲨿	⿰氵𠕄
𲩀	⿰氵圩
𲩁	⿰氵划
𲩂	⿱至水
𲩃	⿰汁中
𲩄	⿰氵向
𲩅	⿰氵年
𲩆	⿰氵伎
𲩇	⿰氵竹
𲩈	⿰氵企
𲩉	⿰氵⿱宀夕
𲩊	⿱水羽
𲩋	⿰氵𱰤
𲩌	⿰氵贡
𲩍	⿰世求
𲩎	⿰氵邢
𲩏	⿰氵岜
𲩐	⿰氵盁
𲩑	⿰氵那
𲩒	⿱泥入
𲩓	⿰氵阮
𲩔	⿰氵枕
𲩕	⿰氵顷
𲩖	⿰氵⿰丰月
𲩗	⿰氵⿱屯火
𲩘	⿰氵⿰扌⿻冘丶
𲩙	⿰氵卦
𲩚	⿰氵败
𲩛	⿰氵𱽐
𲩜	⿱𧢲水
𲩝	⿲氵𦍍亍
𲩞	⿰氵𫥾
𲩟	⿰法少
𲩠	⿰氵政
𲩡	⿰氵枮
𲩢	⿰汫令
𲩣	⿰氵苟
𲩤	⿱削水
𲩥	⿱泃分
𲩦	⿰氵看
𲩧	⿰氵⿱宀𠂢
𲩨	⿱水音
𲩩	⿰氵冠
𲩪	⿰氵庠
𲩫	⿰氵紅
𲩬	⿰氵架
𲩭	⿰氵飛
𲩮	⿰氵彧
𲩯	⿰氵䓁
𲩰	⿱𦭵水
𲩱	⿰氵追
𲩲	⿰氵恋
𲩳	⿰氵宴
𲩴	⿰氵恙
𲩵	⿰氵害
𲩶	⿰氵廽
𲩷	⿰氵⿱百禾
𲩸	⿴沐豆
𲩹	⿰氵捽
𲩺	⿰氵晟
𲩻	⿰氵⿰貝少
𲩼	⿰氵敗
𲩽	⿰氵彫
𲩾	⿰氵凰
𲩿	⿰氵欲
𲪀	⿰氵貧
𲪁	⿰氵𥬡
𲪂	⿰氵𥥴
𲪃	⿰氵𱷥
𲪄	⿰氵琵
𲪅	⿰氵都
𲪆	⿰氵菀
𲪇	⿰氵𫈖
𲪈	⿰氵創
𲪉	⿰氵詞
𲪊	⿰氵廊
𲪋	⿰氵⿰𫸧𫸧
𲪌	⿰氵⿱臤皿
𲪍	⿰求密
𲪎	⿰氵葢
𲪏	⿰氵萱
𲪐	⿰氵𬝑
𲪑	⿰氵罧
𲪒	⿰氵愛
𲪓	⿰㳉兹
𲪔	⿰氵数
𲪕	⿰氵殠
𲪖	⿰氵碩
𲪗	⿰氵𬚟
𲪘	⿰氵碧
𲪙	⿰氵⿵門米
𲪚	⿰氵熏
𲪛	⿰氵夐
𲪜	⿰氵領
𲪝	⿰氵兢
𲪞	⿰氵𥪞
𲪟	⿰氵察
𲪠	⿰氵𠏉
𲪡	⿰氵罵
𲪢	⿰氵輩
𲪣	⿰彼海
𲪤	⿰氵廚
𲪥	⿰滂平
𲪦	⿰氵𫇤
𲪧	⿰消剋
𲪨	⿰氵鮑
𲪩	⿰氵駦
𲪪	⿰氵篭
𲪫	⿱涼沝
𲪬	⿰氵遲
𲪭	⿰氵賷
𲪮	⿰氵壓
𲪯	⿰清星
𲪰	⿰氵𢀭
𲪱	⿰氵⿵門洛
𲪲	⿰氵⿺辶睪
𲪳	⿰氵簏
𲪴	⿰氵𣽨
𲪵	⿰涼頁
𲪶	⿰娄深
𲪷	⿰氵謠
𲪸	⿰漂見
𲪹	⿰氵⿱賏王
𲪺	⿰氵馥
𲪻	⿰氵鯈
𲪼	⿰氵雙
𲪽	⿰氵竅
𲪾	⿰氵繞
𲪿	⿰氵𲧶
𲫀	⿰氵𡗋
𲫁	⿱沈潭
𲫂	⿰氵𨆝
𲫃	⿰氵騰
𲫄	⿰氵籃
𲫅	⿰泉磊
𲫆	⿰氵鑒
𲫇	⿰氵孌
𲫈	⿰氵麟
𲫉	⿰氵戀
𲫊	⿰氵鷹
𲫋	⿺龍清
𲫌	⿰氵戇
𲫍	⿰火十
𲫎	⿱九灬
𲫏	⿱火下
𲫐	⿰火厄
𲫑	⿰火仒
𲫒	⿱水灬
𲫓	⿰火布
𲫔	⿰火世
𲫕	⿰火申
𲫖	⿰火丘
𲫗	⿰火曳
𲫘	⿰分灰
𲫙	⿱伝灬
𲫚	⿰火如
𲫛	⿰火𱰤
𲫜	⿰火𢒈
𲫝	⿰火芒
𲫞	⿱犾灬
𲫟	⿰火肜
𲫠	⿱佔灬
𲫡	⿰火寽
𲫢	⿱白灰
𲫣	⿰火弃
𲫤	⿱灶火
𲫥	⿰火対
𲫦	⿰𤆰戈
𲫧	⿱招灬
𲫨	⿰火析
𲫩	⿰火幸
𲫪	⿱芼灬
𲫫	⿰火帛
𲫬	⿰火乖
𲫭	⿱炏火
𲫮	⿰火法
𲫯	⿰火函
𲫰	⿱春灬
𲫱	⿰火毒
𲫲	⿰火昭
𲫳	⿰火茂
𲫴	⿱無𠃍
𲫵	⿰火律
𲫶	⿰火勇
𲫷	⿱姫灬
𲫸	⿰灵先
𲫹	⿰火秦
𲫺	⿰火耿
𲫻	⿰火聂
𲫼	⿰火𬙛
𲫽	⿰火窄
𲫾	⿰火除
𲫿	⿰火逐
𲬀	⿰火規
𲬁	⿰火⿱夭角
𲬂	⿱𤈽灬
𲬃	⿱淦火
𲬄	⿱⿰來尤灬
𲬅	⿰炭巠
𲬆	⿱⿱止𦨉灬
𲬇	⿱歮灬
𲬈	⿰火萃
𲬉	⿱晶灬
𲬊	⿰火掣
𲬋	⿱焱火
𲬌	⿱隆灬
𲬍	⿰君⿱玄火
𲬎	⿱𣔾火
𲬏	⿱楙火
𲬐	⿰火聖
𲬑	⿰火暑
𲬒	⿰火萲
𲬓	⿰火睘
𲬔	⿰火萱
𲬕	⿱當灬
𲬖	⿱暗灬
𲬗	⿰火敬
𲬘	⿰火督
𲬙	⿰火嵩
𲬚	⿰火惹
𲬛	⿰火路
𲬜	⿱𮘎灬
𲬝	⿰火運
𲬞	⿱歆火
𲬟	⿰火駁
𲬠	⿰䍃炎
𲬡	⿱⿰鹿彡灬
𲬢	⿱𤇾𡬠
𲬣	⿱辣灬
𲬤	⿰火敲
𲬥	⿱炏冡
𲬦	⿰火暫
𲬧	⿰火霄
𲬨	⿰火𤍳
𲬩	⿰無㐬
𲬪	⿰火𧛱
𲬫	⿰火慶
𲬬	⿰火𬞕
𲬭	⿱𥊚火
𲬮	⿰炙渚
𲬯	⿱耨火
𲬰	⿰炎紫
𲬱	⿰火⿵門𰌼
𲬲	⿰火螺
𲬳	⿰火篷
𲬴	⿰火簽
𲬵	⿱⿰⿱立？頁灬
𲬶	⿰熊冓
𲬷	⿰火鶯
𲬸	⿰火囊
𲬹	⿱⿶？同㷊
𲬺	⿱無⿰無無
𲬻	⿺爪圭
𲬼	⿺爪或
𲬽	⿱爫𡬠
𲬾	⿰爪夢
𲬿	⿱爫卛
𲭀	⿰父卜
𲭁	⿱父九
𲭂	⿱父木
𲭃	⿱父布
𲭄	⿱父坡
𲭅	⿰爿匕
𲭆	⿰爿反
𲭇	⿰爿瓜
𲭈	⿸𤕫易
𲭉	⿰爿害
𲭊	⿰爿眞
𲭋	⿰片手
𲭌	⿰片矢
𲭍	⿰片頁
𲭎	⿰片昷
𲭏	⿰片浸
𲭐	⿰片蜀
𲭑	⿰片糁
𲭒	⿰牙元
𲭓	⿰文牙
𲭔	⿰牙可
𲭕	⿰含牙
𲭖	⿺完牙
𲭗	⿰牙夌
𲭘	⿰牙肯
𲭙	⿰象牙
𲭚	⿰牜么
𲭛	⿰牜午
𲭜	⿰牜仇
𲭝	⿰牜公
𲭞	⿱奴牛
𲭟	⿰牜宅
𲭠	⿱匊牛
𲭡	⿰牜周
𲭢	⿰牜参
𲭣	⿰牜兹
𲭤	⿰娄牛
𲭥	⿰牜兼
𲭦	⿰牜鹿
𲭧	⿰牜麻
𲭨	⿱⿰牜君牛
𲭩	⿰牜僉
𲭪	⿰牜蹈
𲭫	⿰犭卜
𲭬	⿰犭又
𲭭	⿰犭口
𲭮	⿰犭不
𲭯	⿰犭夭
𲭰	⿰犭勾
𲭱	⿰犭方
𲭲	⿰犭𡗕
𲭳	⿰犭可
𲭴	⿰犭⿱大刀
𲭵	⿰犭目
𲭶	⿰犭失
𲭷	⿰犭乍
𲭸	⿰犭㐱
𲭹	⿰犭仕
𲭺	⿰犭立
𲭻	⿰犭考
𲭼	⿰犭朿
𲭽	⿰犭艾
𲭾	⿰犭仲
𲭿	⿰犭关
𲮀	⿰犭赤
𲮁	⿰犭克
𲮂	⿰犭寿
𲮃	⿰犭步
𲮄	⿰犭攸
𲮅	⿰犭⿱𠂉尼
𲮆	⿰犭秀
𲮇	⿰犭宋
𲮈	⿰犭冷
𲮉	⿰犭牢
𲮊	⿰犭努
𲮋	⿰犭妻
𲮌	⿰犭武
𲮍	⿰犭奈
𲮎	⿰犭些
𲮏	⿰犭尚
𲮐	⿰犭肯
𲮑	⿰犭劳
𲮒	⿰犭念
𲮓	⿰犭变
𲮔	⿰犭隶
𲮕	⿰犭居
𲮖	⿰犭頁
𲮗	⿰犭垚
𲮘	⿰犭苦
𲮙	⿰犭昭
𲮚	⿰犭秋
𲮛	⿰犭重
𲮜	⿰犭𱬹
𲮝	⿰犭客
𲮞	⿰犭前
𲮟	⿰犭𬙬
𲮠	⿰犭敄
𲮡	⿰犭屋
𲮢	⿰犭索
𲮣	⿰犭⿰虎几
𲮤	⿰犭氣
𲮥	⿰犭虒
𲮦	⿰犭隻
𲮧	⿰犭拿
𲮨	⿰犭窄
𲮩	⿰犭羔
𲮪	⿰犭家
𲮫	⿰犭害
𲮬	⿱𤇾犬
𲮭	⿰犭宰
𲮮	⿰隺犬
𲮯	⿰犭弱
𲮰	⿰犭盖
𲮱	⿰犭莽
𲮲	⿰犭魚
𲮳	⿰犭望
𲮴	⿰犭黑
𲮵	⿰犭奡
𲮶	⿰犭圍
𲮷	⿰犭間
𲮸	⿰犭就
𲮹	⿰犭勞
𲮺	⿰犭尊
𲮻	⿰焱犬
𲮼	⿰⿱穴里犬
𲮽	⿰犭發
𲮾	⿰嗇犬
𲮿	⿰䖒犬
𲯀	⿰犭𲺤
𲯁	⿰犭聚
𲯂	⿰犭厭
𲯃	⿰睿犬
𲯄	⿰犭僕
𲯅	⿰犭舞
𲯆	⿰犭察
𲯇	⿰犭麽
𲯈	⿰犭榮
𲯉	⿰犭賢
𲯊	⿰毒独
𲯋	⿰𠾧犬
𲯌	⿰犭黎
𲯍	⿰犭槩
𲯎	⿰犭瘦
𲯏	⿰犭遼
𲯐	⿰盧犬
𲯑	⿰犭舉
𲯒	⿰犭斂
𲯓	⿰犭壘
𲯔	⿰犭難
𲯕	⿰犭繭
𲯖	⿰犭觸
𲯗	⿰犭韃
𲯘	⿰犭鬻
𲯙	⿰犭巖
𲯚	⿰玄欠
𲯛	⿱元玉
𲯜	⿰𤣩戶
𲯝	⿰𤣩布
𲯞	⿱玨下
𲯟	⿰𤣩罕
𲯠	⿰𤣩直
𲯡	⿰𤣩尚
𲯢	⿰𤣩肴
𲯣	⿱𢼄玉
𲯤	⿰𤣩庚
𲯥	⿰𤣩咢
𲯦	⿰𤣩𣶒
𲯧	⿰𤣩⿱𠆢镸
𲯨	⿰𤣩㒸
𲯩	⿰𤣩盈
𲯪	⿰𤣩胥
𲯫	⿱琉玉
𲯬	⿱⿱玨冖玉
𲯭	⿰𤣩⿱𦉼㔾
𲯮	⿰𤣩逈
𲯯	⿰𤣩宫
𲯰	⿰𤣩逑
𲯱	⿰𤣩逐
𲯲	⿰𤣩乾
𲯳	⿰𤣩梁
𲯴	⿰𤣩宿
𲯵	⿰𤣩啟
𲯶	⿰𤣩替
𲯷	⿰𤣩森
𲯸	⿰𤣩朝
𲯹	⿰𤣩買
𲯺	⿰𤣩菱
𲯻	⿰𤣩𦊽
𲯼	⿱理尔
𲯽	⿰𤣩策
𲯾	⿰𤣩復
𲯿	⿰𤣩焱
𲰀	⿰𤣩零
𲰁	⿰珥每
𲰂	⿰礼理
𲰃	⿰𤣩農
𲰄	⿰𤣩韮
𲰅	⿰理多
𲰆	⿱𦥯王
𲰇	⿰𤣩雍
𲰈	⿰𤣩蓁
𲰉	⿰𤣩魁
𲰊	⿰𤣩翟
𲰋	⿰𤣩綠
𲰌	⿰𤣩輦
𲰍	⿰𤣩慶
𲰎	⿰𤣩蕃
𲰏	⿰𤣩冀
𲰐	⿰𤣩霝
𲰑	⿱臨玉
𲰒	⿰𤣩爵
𲰓	⿰𤣩賽
𲰔	⿰瓌欠
𲰕	⿰𤣩欝
𲰖	⿺瓜右
𲰗	⿰骨瓜
𲰘	⿰虛瓜
𲰙	⿺瓦万
𲰚	⿺瓦中
𲰛	⿺瓦缶
𲰜	⿰瓦会
𲰝	⿺瓦克
𲰞	⿰孚瓦
𲰟	⿱叀瓦
𲰠	⿰卷瓦
𲰡	⿰瓦區
𲰢	⿰第瓦
𲰣	⿱𨐓瓦
𲰤	⿰瓦會
𲰥	⿰甚蜀
𲰦	⿰稟甚
𲰧	⿰生乃
𲰨	⿰生申
𲰩	⿰生白
𲰪	⿰生尼
𲰫	⿰生亚
𲰬	⿰生存
𲰭	⿰生妄
𲰮	⿺礼生
𲰯	⿱生弄
𲰰	⿰生你
𲰱	⿱林生
𲰲	⿱𦉼生
𲰳	⿰生兒
𲰴	⿰生藍
𲰵	⿰弗用
𲰶	⿱田一
𲰷	⿰田几
𲰸	⿱刀田
𲰹	⿹？甲
𲰺	⿰田勾
𲰻	⿰田乏
𲰼	⿰男也
𲰽	⿰田同
𲰾	⿱田坐
𲰿	⿰田廷
𲱀	⿱况田
𲱁	⿰田岡
𲱂	⿰田垂
𲱃	⿰男光
𲱄	⿰申春
𲱅	⿰田思
𲱆	⿰田累
𲱇	⿺𱷥田
𲱈	⿰男要
𲱉	⿰異呂
𲱊	⿰田罪
𲱋	⿰田詹
𲱌	⿰田殿
𲱍	⿱畾共
𲱎	⿰番兼
𲱏	⿰異篭
𲱐	⿱斬疋
𲱑	⿰𤴔斬
𲱒	⿸疒内
𲱓	⿸疒灭
𲱔	⿸疒申
𲱕	⿸疒百
𲱖	⿸疒亘
𲱗	⿸疒耒
𲱘	⿸疒后
𲱙	⿸疒𱜢
𲱚	⿸疒麦
𲱛	⿸疒报
𲱜	⿸疒秀
𲱝	⿸疒完
𲱞	⿸疒弞
𲱟	⿸疒阴
𲱠	⿸疒乳
𲱡	⿸疒波
𲱢	⿸疒轸
𲱣	⿸疒𡘚
𲱤	⿸疒厚
𲱥	⿸疒背
𲱦	⿸疒兹
𲱧	⿸疒烕
𲱨	⿸疒麥
𲱩	⿸疒挐
𲱪	⿸疒莭
𲱫	⿸疒𨳒
𲱬	⿸疒粒
𲱭	⿸疒尉
𲱮	⿸疒博
𲱯	⿸疒⿱艹𤰅
𲱰	⿸疒普
𲱱	⿸疒阑
𲱲	⿸疒隊
𲱳	⿸疒鼓
𲱴	⿸疒塊
𲱵	⿸疒勤
𲱶	⿸疒暗
𲱷	⿸疒酸
𲱸	⿸疒榮
𲱹	⿸疒⿱𦍌盆
𲱺	⿸疒⿸广⿰尚欠
𲱻	⿸疒邊
𲱼	⿸疒嚴
𲱽	⿰癢我
𲱾	⿱癶匕
𲱿	⿰登包
𲲀	⿰白衣
𲲁	⿰白别
𲲂	⿱泉双
𲲃	⿱林百
𲲄	⿰白氣
𲲅	⿰皮句
𲲆	⿰半皮
𲲇	⿰皮合
𲲈	⿰皮芒
𲲉	⿰皮奄
𲲊	⿰律皮
𲲋	⿰皮巢
𲲌	⿰番皮
𲲍	⿰葉皮
𲲎	⿰補皮
𲲏	⿱公皿
𲲐	⿱世皿
𲲑	⿱芉皿
𲲒	⿱大盖
𲲓	⿱流皿
𲲔	⿰盖代
𲲕	⿰盗屯
𲲖	⿱𡩧皿
𲲗	⿱肅皿
𲲘	⿰曷盡
𲲙	⿰盗遁
𲲚	⿰目乃
𲲛	⿱比目
𲲜	⿰目𪟽
𲲝	⿱升目
𲲞	⿰目𫜵
𲲟	⿰目厉
𲲠	⿰目史
𲲡	⿰目因
𲲢	⿰目技
𲲣	⿰目䀏
𲲤	⿰目狂
𲲥	⿰目没
𲲦	⿰目玩
𲲧	⿰目虎
𲲨	⿰目迎
𲲩	⿰目房
𲲪	⿰目空
𲲫	⿰目計
𲲬	⿰目雩
𲲭	⿰末眼
𲲮	⿰目崔
𲲯	⿰目晉
𲲰	⿰目幾
𲲱	⿰目頓
𲲲	⿰目⿱罒夌
𲲳	⿰目粲
𲲴	⿰目𡕰
𲲵	⿱倘直
𲲶	⿰真員
𲲷	⿰目撩
𲲸	⿰目箴
𲲹	⿰眉皐
𲲺	⿰目蕊
𲲻	⿰睿⿱只夂
𲲼	⿰目攀
𲲽	⿰目鹽
𲲾	⿰務戊
𲲿	⿰務每
𲳀	⿰矛𲬹
𲳁	⿰矢西
𲳂	⿰矢定
𲳃	⿱知别
𲳄	⿱半短
𲳅	⿰矢數
𲳆	⿱短問
𲳇	⿰問短
𲳈	⿱石𠃍
𲳉	⿰石七
𲳊	⿰石又
𲳋	⿰石圡
𲳌	⿰石犬
𲳍	⿰石壬
𲳎	⿰石卬
𲳏	⿰石片
𲳐	⿰石化
𲳑	⿰石六
𲳒	⿱石心
𲳓	⿰石东
𲳔	⿱石平
𲳕	⿰石目
𲳖	⿰石尕
𲳗	⿰石外
𲳘	⿰石市
𲳙	⿰石压
𲳚	⿰石伏
𲳛	⿰多石
𲳜	⿰石农
𲳝	⿰石安
𲳞	⿰石汞
𲳟	⿰石却
𲳠	⿰石声
𲳡	⿰石酉
𲳢	⿰石冏
𲳣	⿰石寽
𲳤	⿰石夋
𲳥	⿰石奉
𲳦	⿱斩石
𲳧	⿰石拉
𲳨	⿰石忠
𲳩	⿰石欣
𲳪	⿰石的
𲳫	⿰石炎
𲳬	⿰石屈
𲳭	⿰石南
𲳮	⿰石㪅
𲳯	⿰石某
𲳰	⿱封石
𲳱	⿰石柬
𲳲	⿰石者
𲳳	⿰石𬙙
𲳴	⿰石音
𲳵	⿰石屏
𲳶	⿰石费
𲳷	⿰石聂
𲳸	⿰石秦
𲳹	⿰石聀
𲳺	⿰石莺
𲳻	⿰石茶
𲳼	⿰石盌
𲳽	⿱准石
𲳾	⿰石料
𲳿	⿰石曼
𲴀	⿰石畢
𲴁	⿰石貭
𲴂	⿰石商
𲴃	⿰石惠
𲴄	⿰石晶
𲴅	⿰石紫
𲴆	⿰石貴
𲴇	⿰石買
𲴈	⿰石進
𲴉	⿰石普
𲴊	⿰石費
𲴋	⿰石絫
𲴌	⿰石巽
𲴍	⿰石頓
𲴎	⿰石塊
𲴏	⿰石照
𲴐	⿰石粲
𲴑	⿰石匱
𲴒	⿰石蒼
𲴓	⿰石鼻
𲴔	⿰石箤
𲴕	⿰石管
𲴖	⿰石憂
𲴗	⿰石罷
𲴘	⿰石覧
𲴙	⿰石蕉
𲴚	⿰石盧
𲴛	⿰石憲
𲴜	⿰石麗
𲴝	⿰石爕
𲴞	⿰石獻
𲴟	⿰石竈
𲴠	⿰石鶯
𲴡	⿰石彎
𲴢	⿰石巖
𲴣	⿰礻犬
𲴤	⿰礻百
𲴥	⿰礻⿱口凡
𲴦	⿰礻吾
𲴧	⿰礻長
𲴨	⿰礻或
𲴩	⿰礻近
𲴪	⿰礻金
𲴫	⿰礻炎
𲴬	⿺礼里
𲴭	⿺礼呈
𲴮	⿰礻咢
𲴯	⿰礻保
𲴰	⿰礻盾
𲴱	⿰礻𫨻
𲴲	⿰礻追
𲴳	⿰礻崩
𲴴	⿰礻𢚩
𲴵	⿰礻庸
𲴶	⿰礻竟
𲴷	⿰礻盛
𲴸	⿰礻尋
𲴹	⿰礻楚
𲴺	⿰礻喿
𲴻	⿰礻過
𲴼	⿰礻義
𲴽	⿰礻嘉
𲴾	⿰礻⿰言男
𲴿	⿰礻榮
𲵀	⿰礻蔑
𲵁	⿰礻遷
𲵂	⿰礻𲬹
𲵃	⿰禹弗
𲵄	⿰离巢
𲵅	⿰禾尧
𲵆	⿰禾岂
𲵇	⿰禾向
𲵈	⿰禾牟
𲵉	⿰禾岙
𲵊	⿰禾坐
𲵋	⿰禾言
𲵌	⿰禾長
𲵍	⿰禾奈
𲵎	⿰禾宜
𲵏	⿰禾斉
𲵐	⿰禾𭖔
𲵑	⿰禾崙
𲵒	⿰禾庶
𲵓	⿰禾然
𲵔	⿰禾羡
𲵕	⿰禾巽
𲵖	⿰禾僉
𲵗	⿰移𡗶
𲵘	⿰禾榖
𲵙	⿰禾齒
𲵚	⿰禾養
𲵛	⿰禾篙
𲵜	⿰禾暨
𲵝	⿰禾⿱康米
𲵞	⿱穴山
𲵟	⿱穴⿱厶田
𲵠	⿱穴放
𲵡	⿱穴居
𲵢	⿱穴殷
𲵣	⿱穴射
𲵤	⿱穴髙
𲵥	⿰立刀
𲵦	⿰立及
𲵧	⿰立旦
𲵨	⿰立包
𲵩	⿰立而
𲵪	⿰立吉
𲵫	⿱知立
𲵬	⿰立定
𲵭	⿰急立
𲵮	⿰立扁
𲵯	⿰立庸
𲵰	⿰立意
𲵱	⿰童征
𲵲	⿰亲暮
𲵳	⿱竹木
𲵴	⿱竹介
𲵵	⿱竹卡
𲵶	⿱竹禾
𲵷	⿱竹⿱一右
𲵸	⿱竹伏
𲵹	⿱竹厽
𲵺	⿱竹孝
𲵻	⿱竹役
𲵼	⿱竹杪
𲵽	⿱竹杷
𲵾	⿱竹叔
𲵿	⿱竹果
𲶀	⿱竹𱻊
𲶁	⿵𥬑手
𲶂	⿱竹枯
𲶃	⿱竹炭
𲶄	⿱竹囿
𲶅	⿱竹看
𲶆	⿱竹桂
𲶇	⿱𮅕刀
𲶈	⿱竹閃
𲶉	⿱竹耙
𲶊	⿱竹适
𲶋	⿱竹酒
𲶌	⿱竹匾
𲶍	⿱竹勘
𲶎	⿱竹𤱱
𲶏	⿱竹㭪
𲶐	⿱竹異
𲶑	⿱竹⿱罒早
𲶒	⿰笛老
𲶓	⿱竹敛
𲶔	⿱竹悠
𲶕	⿱竹旋
𲶖	⿱竹𫂸
𲶗	⿱竹盛
𲶘	⿱竹朝
𲶙	⿱竹𠝣
𲶚	⿱竹勝
𲶛	⿱竹猴
𲶜	⿱竹𪲪
𲶝	⿱竹賈
𲶞	⿱竹鼓
𲶟	⿱竹禁
𲶠	⿱竹𪮏
𲶡	⿱竹⿰离刂
𲶢	⿱竹痴
𲶣	⿱竹綦
𲶤	⿱竹⿰彳條
𲶥	⿱竹撢
𲶦	⿱竹潜
𲶧	⿱竹擔
𲶨	⿱竹耨
𲶩	⿱竹積
𲶪	⿱竹鍄
𲶫	⿱竹澤
𲶬	⿱竹暨
𲶭	⿱竹檡
𲶮	⿰弄篭
𲶯	⿱竹𨗩
𲶰	⿰筆嵬
𲶱	⿰笨審
𲶲	⿱竹鑊
𲶳	⿱竹𳎂
𲶴	⿱竹靍
𲶵	⿰米卜
𲶶	⿰米于
𲶷	⿰米丸
𲶸	⿰米亡
𲶹	⿰米叉
𲶺	⿰米云
𲶻	⿰米內
𲶼	⿰米今
𲶽	⿰米及
𲶾	⿰米冘
𲶿	⿰米允
𲷀	⿰米只
𲷁	⿱米？
𲷂	⿰米汉
𲷃	⿰米各
𲷄	⿰米羊
𲷅	⿰米池
𲷆	⿰米酉
𲷇	⿰米困
𲷈	⿰米我
𲷉	⿰米矣
𲷊	⿰米奈
𲷋	⿰米放
𲷌	⿰米妾
𲷍	⿰米故
𲷎	⿰米勃
𲷏	⿰米品
𲷐	⿰米炭
𲷑	⿰米⿱士𠖀
𲷒	⿰米叟
𲷓	⿰米鬼
𲷔	⿰米笈
𲷕	⿰米恋
𲷖	⿰米能
𲷗	⿰米⿱禾而
𲷘	⿰米⿸尸禺
𲷙	⿰米犀
𲷚	⿰米碍
𲷛	⿰米嗇
𲷜	⿰米雷
𲷝	⿰精用
𲷞	⿰米𭵝
𲷟	⿰尾粦
𲷠	⿰米⿱夭馬
𲷡	⿰米畾
𲷢	⿰米箴
𲷣	⿰米審
𲷤	⿰粟朔
𲷥	⿰吉糞
𲷦	⿰米矯
𲷧	⿰米雚
𲷨	⿰米戀
𲷩	⿰糸巾
𲷪	⿰糸门
𲷫	⿰糸殳
𲷬	⿰糸扑
𲷭	⿰糸乏
𲷮	⿰糸灰
𲷯	⿰糸匡
𲷰	⿰糸执
𲷱	⿰糸老
𲷲	⿰糸曲
𲷳	⿰糸𫥞
𲷴	⿰糸宅
𲷵	⿰𥾽乃
𲷶	⿰糸江
𲷷	⿰糸却
𲷸	⿰糸均
𲷹	⿰糸别
𲷺	⿰糸狂
𲷻	⿱狂糸
𲷼	⿰糸忘
𲷽	⿰糸妙
𲷾	⿱卧糸
𲷿	⿰糸事
𲸀	⿰糸芳
𲸁	⿰糸些
𲸂	⿰糸𱽐
𲸃	⿰糸⿱玄小
𲸄	⿰糸底
𲸅	⿱絶弋
𲸆	⿰糸癸
𲸇	⿰糸栽
𲸈	⿰糸夏
𲸉	⿰糸茟
𲸊	⿰糸𢼸
𲸋	⿰臬糸
𲸌	⿰糸能
𲸍	⿱能糸
𲸎	⿰糸⿱䙲冫
𲸏	⿰糸基
𲸐	⿰糸崗
𲸑	⿰糸崙
𲸒	⿰糸章
𲸓	⿰糸𱱇
𲸔	⿰糸䙴
𲸕	⿰糸閑
𲸖	⿰糸象
𲸗	⿰糸⿱宀⿰亻囱
𲸘	⿰糸窘
𲸙	⿰糸詐
𲸚	⿰糸楣
𲸛	⿰糸葉
𲸜	⿱敬糸
𲸝	⿰糸罩
𲸞	⿱終侖
𲸟	⿰糸滅
𲸠	⿰絲貝
𲸡	⿰糸寨
𲸢	⿰糸槊
𲸣	⿰糸盡
𲸤	⿰糸⿱雨里
𲸥	⿰糸播
𲸦	⿱餒糸
𲸧	⿰糸寮
𲸨	⿰糸論
𲸩	⿰糸霍
𲸪	⿰紫細
𲸫	⿰糸矯
𲸬	⿰糸難
𲸭	⿰𦇒𠬠
𲸮	⿱論終
𲸯	⿰纟车
𲸰	⿰纟太
𲸱	⿰纟罗
𲸲	⿰缶犬
𲸳	⿰缶央
𲸴	⿰缶半
𲸵	⿰𦈢奉
𲸶	⿰𦈢𰏤
𲸷	⿰缶𦐇
𲸸	⿰缶專
𲸹	⿰缶𡭽
𲸺	⿰缶喬
𲸻	⿰缶曾
𲸼	⿰缶會
𲸽	⿱罒友
𲸾	⿱网𠕎
𲸿	⿱罒㓡
𲹀	⿱罒則
𲹁	⿰買由
𲹂	⿱罒⿰肖光
𲹃	⿱罒錐
𲹄	⿰羊⿱口𫶧
𲹅	⿰巠羊
𲹆	⿰羊肖
𲹇	⿰美号
𲹈	⿱𦍌取
𲹉	⿰美㐌
𲹊	⿰羊罗
𲹋	⿰羊帛
𲹌	⿰羊蚤
𲹍	⿰羊閃
𲹎	⿰羊芻
𲹏	⿱殸羊
𲹐	⿰美撑
𲹑	⿰羽十
𲹒	⿰羽士
𲹓	⿱羽个
𲹔	⿱㝉羽
𲹕	⿰江羽
𲹖	⿰羽免
𲹗	⿰庚羽
𲹘	⿰羽迥
𲹙	⿰昱羽
𲹚	⿰為羽
𲹛	⿰𦚏羽
𲹜	⿰康羽
𲹝	⿰羽巽
𲹞	⿰翟㐱
𲹟	⿰羽遂
𲹠	⿰羽憲
𲹡	⿰者𪟽
𲹢	⿰而二
𲹣	⿰而弍
𲹤	⿰耒公
𲹥	⿰串耒
𲹦	⿰其耒
𲹧	⿰耒咼
𲹨	⿰耳𡿨
𲹩	⿰耳弓
𲹪	⿰耳玄
𲹫	⿰耳台
𲹬	⿰耳米
𲹭	⿰耳肖
𲹮	⿰耳免
𲹯	⿰耳夌
𲹰	⿰耳迎
𲹱	⿰耳⿸⺶厶
𲹲	⿰宜耳
𲹳	⿰耳臿
𲹴	⿰耳段
𲹵	⿱記耳
𲹶	⿰耳㒼
𲹷	⿰耳𬀷
𲹸	⿰耳窓
𲹹	⿰耳參
𲹺	⿰耳閔
𲹻	⿰耳舜
𲹼	⿰耳葱
𲹽	⿰耳萬
𲹾	⿰耳義
𲹿	⿰耳蓋
𲺀	⿰⿹耳王悤
𲺁	⿰耳蓬
𲺂	⿱耳⿴弜畐
𲺃	⿰耳憲
𲺄	⿰聿劣
𲺅	⿰肉干
𲺆	⿰⺼亡
𲺇	⿰⺼丐
𲺈	⿰⺼公
𲺉	⿰⺼仑
𲺊	⿰⺼布
𲺋	⿱左月
𲺌	⿰⺼凹
𲺍	⿰⺼朿
𲺎	⿰⺼𱤽
𲺏	⿰肉耒
𲺐	⿰⺼艾
𲺑	⿰⺼当
𲺒	⿰肉吒
𲺓	⿰⺼后
𲺔	⿱肉充
𲺕	⿰⺼戒
𲺖	⿰⺼⿱丸内
𲺗	⿰⺼㐬
𲺘	⿰⺼枕
𲺙	⿰⺼图
𲺚	⿰⺼岩
𲺛	⿰⺼芣
𲺜	⿰肯介
𲺝	⿰⺼狔
𲺞	⿱泖月
𲺟	⿰⺼耍
𲺠	⿰⺼品
𲺡	⿱网𰮄
𲺢	⿰⺼苔
𲺣	⿰⺼苗
𲺤	⿰𦚏尤
𲺥	⿰背申
𲺦	⿰⺼晏
𲺧	⿰⺼爹
𲺨	⿰⺼拿
𲺩	⿰⺼帮
𲺪	⿰⺼俸
𲺫	⿰肉徒
𲺬	⿰肩共
𲺭	⿰⺼婪
𲺮	⿰⺼堇
𲺯	⿰⺼梢
𲺰	⿰肩更
𲺱	⿰⺼晝
𲺲	⿰台能
𲺳	⿰⺼提
𲺴	⿱晶⺼
𲺵	⿰⺼景
𲺶	⿰⺼氬
𲺷	⿰⺼𧗱
𲺸	⿰⺼窗
𲺹	⿰⺼詐
𲺺	⿰⺼極
𲺻	⿰肩拱
𲺼	⿰⺼赫
𲺽	⿰⺼慶
𲺾	⿰⺼顉
𲺿	⿰背預
𲻀	⿰⺼額
𲻁	⿰⺼甕
𲻂	⿰⺼證
𲻃	⿰⺼譖
𲻄	⿰卧坐
𲻅	⿱卧南
𲻆	⿰自己
𲻇	⿱自𢪀
𲻈	⿰至戾
𲻉	⿰厦至
𲻊	⿰至睘
𲻋	⿱𦥑⿱一八
𲻌	⿰臼叒
𲻍	⿱擧𠃍
𲻎	⿰舅后
𲻏	⿰舉吉
𲻐	⿰舌长
𲻑	⿰舌丹
𲻒	⿰舌尔
𲻓	⿰舌豸
𲻔	⿰舌罗
𲻕	⿰舍舌
𲻖	⿰香舌
𲻗	⿰舌婁
𲻘	⿰舍庸
𲻙	⿱壬舛
𲻚	⿰舟卬
𲻛	⿰舟左
𲻜	⿰舟右
𲻝	⿰舟冬
𲻞	⿰舟舟
𲻟	⿰舟長
𲻠	⿰舟朋
𲻡	⿰舟秋
𲻢	⿰舟郎
𲻣	⿰舟韋
𲻤	⿰舟堂
𲻥	⿰舟庶
𲻦	⿰舟訥
𲻧	⿰舟𱱇
𲻨	⿰舟萌
𲻩	⿰舟曾
𲻪	⿰舟雚
𲻫	⿺色号
𲻬	⿰骨色
𲻭	⿺色窄
𲻮	⿰色惡
𲻯	⿱艹门
𲻰	⿱艹马
𲻱	⿱艹攴
𲻲	⿱艹乌
𲻳	⿱艹壬
𲻴	⿱艹务
𲻵	⿱艹扣
𲻶	⿱艹尖
𲻷	⿱艹囝
𲻸	⿱艹𠮻
𲻹	⿱艹吐
𲻺	⿱艹凫
𲻻	⿱艹伍
𲻼	⿱艹色
𲻽	⿱艹向
𲻾	⿱艹⿰冫勻
𲻿	⿱艹㚥
𲼀	⿱艹⿰歹𠃓
𲼁	⿱艹帉
𲼂	⿱艹㽖
𲼃	⿱艹呌
𲼄	⿱艹判
𲼅	⿱艹㶥
𲼆	⿱艹防
𲼇	⿱艹顷
𲼈	⿱艹软
𲼉	⿱艹坡
𲼊	⿱艹帕
𲼋	⿱艹具
𲼌	⿰𫇰久
𲼍	⿱艹砀
𲼎	⿱艹彼
𲼏	⿱艹斦
𲼐	⿱艹侟
𲼑	⿱艹季
𲼒	⿱艹𬮠
𲼓	⿱艹⿰方方
𲼔	⿱荔十
𲼕	⿱艹孢
𲼖	⿱艹⿺友生
𲼗	⿱艹⿰？辛
𲼘	⿱艹⿷見厶
𲼙	⿱艹庥
𲼚	⿰子草
𲼛	⿱艹卺
𲼜	⿱艹孨
𲼝	⿱艹帮
𲼞	⿱艹耗
𲼟	⿰苦甘
𲼠	⿱艹閃
𲼡	⿱艹臬
𲼢	⿱艹狵
𲼣	⿱艹阆
𲼤	⿱艹挛
𲼥	⿱艹庫
𲼦	⿱艹绥
𲼧	⿱艹救
𲼨	⿰艹⿵大雨
𲼩	⿱苦亥
𲼪	⿱艹𧆨
𲼫	⿰𫇰光
𲼬	⿱艹⿰亻韭
𲼭	⿱艹涬
𲼮	⿱艹淥
𲼯	⿱卝惟
𲼰	⿱艹康
𲼱	⿱艹颉
𲼲	⿱艹翘
𲼳	⿱艹貰
𲼴	⿱艹敢
𲼵	⿱艹椒
𲼶	⿱艹赑
𲼷	⿱艹⿴囗⿱丛从
𲼸	⿱艹智
𲼹	⿱艹猫
𲼺	⿱艹衖
𲼻	⿱艹㴔
𲼼	⿱艹𣸹
𲼽	⿱艹滋
𲼾	⿱艹𣶬
𲼿	⿱艹⿰氵匍
𲽀	⿱艹詔
𲽁	⿱艹缕
𲽂	⿱艹⿰⻖彥
𲽃	⿱艹碓
𲽄	⿱艹煮
𲽅	⿱艹⿰天某
𲽆	⿱艹盟
𲽇	⿱艹暗
𲽈	⿱艹暘
𲽉	⿱艹𱶌
𲽊	⿱艹储
𲽋	⿱艹獅
𲽌	⿱艹𪻆
𲽍	⿱艹源
𲽎	⿱艹詢
𲽏	⿱艹該
𲽐	⿱艹⿰女隻
𲽑	⿱蒜心
𲽒	⿰毒茁
𲽓	⿱艹閣
𲽔	⿰草爭
𲽕	⿱艹𲮲
𲽖	⿱艹毓
𲽗	⿱艹𥠅
𲽘	⿱艹⿰氵𫔴
𲽙	⿱艹辣
𲽚	⿱艹𱰆
𲽛	⿱艹旗
𲽜	⿱𦶚木
𲽝	⿱艹誤
𲽞	⿱艹𦑕
𲽟	⿱艹綾
𲽠	⿱⿱苜⿰止巳夂
𲽡	⿱艹摯
𲽢	⿱𦭒𰙤
𲽣	⿱艹𥠺
𲽤	⿱艹稽
𲽥	⿱艹慶
𲽦	⿱艹麾
𲽧	⿱薜了
𲽨	⿱艹⿱⿰臣古皿
𲽩	⿰𦰩胡
𲽪	⿱苑鳥
𲽫	⿱艹龜
𲽬	⿱艹𧪍
𲽭	⿱艹𲸊
𲽮	⿰弄蓋
𲽯	⿱艹檑
𲽰	⿱艹瞧
𲽱	⿰夢芒
𲽲	⿱艹鎾
𲽳	⿱薈灬
𲽴	⿱艹𩳏
𲽵	⿱艹穚
𲽶	⿱艹賽
𲽷	⿰蒂卑
𲽸	⿱艹瓊
𲽹	⿰𦼔兆
𲽺	⿰𫇿蛮
𲽻	⿱艹麕
𲽼	⿱艹懶
𲽽	⿰𦲿葉
𲽾	⿰夢麻
𲽿	⿱艹纏
𲾀	⿰夢薄
𲾁	⿸虍丁
𲾂	⿺虎下
𲾃	⿱處月
𲾄	⿰虎含
𲾅	⿸虍鳥
𲾆	⿰俞虎
𲾇	⿺虎骨
𲾈	⿸虍齊
𲾉	⿰虚覺
𲾊	⿰虫十
𲾋	⿰虫千
𲾌	⿰虫叉
𲾍	⿰虫𠃓
𲾎	⿰虫仅
𲾏	⿰虫𠬠
𲾐	⿰虫予
𲾑	⿰虫匝
𲾒	⿰虫龙
𲾓	⿰虫四
𲾔	⿰虫丝
𲾕	⿰虫灰
𲾖	⿰虫囟
𲾗	⿰虫𦘭
𲾘	⿱竹虫
𲾙	⿰虫名
𲾚	⿰虫先
𲾛	⿰虫充
𲾜	⿰虫米
𲾝	⿱⿰丬夕虫
𲾞	⿰虫礼
𲾟	⿰虫好
𲾠	⿰虫𪪊
𲾡	⿰虫医
𲾢	⿰虫丽
𲾣	⿰虫戒
𲾤	⿰虫佣
𲾥	⿰𪪳虫
𲾦	⿰虫言
𲾧	⿰虫庐
𲾨	⿰虫牢
𲾩	⿰虫应
𲾪	⿰虫沔
𲾫	⿰虫亞
𲾬	⿰虫武
𲾭	⿰虫连
𲾮	⿰虫枚
𲾯	⿰虫芥
𲾰	⿰虫叔
𲾱	⿰虫岸
𲾲	⿰虫罗
𲾳	⿰虫质
𲾴	⿰虫服
𲾵	⿱牧虫
𲾶	⿰虫和
𲾷	⿰虫𦙄
𲾸	⿱宕虫
𲾹	⿰虫府
𲾺	⿰虫𱣅
𲾻	⿰虫刷
𲾼	⿰虫甚
𲾽	⿰虫貞
𲾾	⿰虫苗
𲾿	⿰虫保
𲿀	⿰虫㒸
𲿁	⿰虫美
𲿂	⿰虫𤇮
𲿃	⿰虫建
𲿄	⿰虫屏
𲿅	⿰虫⿱彐吋
𲿆	⿰虫埋
𲿇	⿱𦣢虫
𲿈	⿰虫珠
𲿉	⿰虫圂
𲿊	⿰虫員
𲿋	⿰虫⿸虍帀
𲿌	⿰虫時
𲿍	⿰虫臬
𲿎	⿰虫钳
𲿏	⿰虫𠊚
𲿐	⿰虫拳
𲿑	⿰虫宴
𲿒	⿰虫朗
𲿓	⿰虫記
𲿔	⿰虫雩
𲿕	⿱𱡘虫
𲿖	⿱𤭃虫
𲿗	⿰虫匿
𲿘	⿰虫聊
𲿙	⿰虫基
𲿚	⿰虫堅
𲿛	⿰虫梅
𲿜	⿱販虫
𲿝	⿰虫猛
𲿞	⿰虫貧
𲿟	⿰虫斛
𲿠	⿰虫皐
𲿡	⿰虫許
𲿢	⿰虫密
𲿣	⿰虫窓
𲿤	⿰虫産
𲿥	⿰虫斎
𲿦	⿰虫陶
𲿧	⿰虫蛋
𲿨	⿰虫䙴
𲿩	⿱揚虫
𲿪	⿰虫壹
𲿫	⿰虫提
𲿬	⿰虫𩂊
𲿭	⿰虫敢
𲿮	⿰虫琴
𲿯	⿱距虫
𲿰	⿰虫最
𲿱	⿰虫𦯧
𲿲	⿱敞虫
𲿳	⿰虫斐
𲿴	⿰虫棄
𲿵	⿰虫隋
𲿶	⿱隊虫
𲿷	⿰虫孱
𲿸	⿰虫媒
𲿹	⿰虫赖
𲿺	⿰虫勤
𲿻	⿱频虫
𲿼	⿰虫罩
𲿽	⿰虫䐍
𲿾	⿰虫僉
𲿿	⿱義虫
𳀀	⿰虫補
𳀁	⿱辟虫
𳀂	⿰虫蒼
𳀃	⿱兒䖵
𳀄	⿰虫嫩
𳀅	⿰祟蚤
𳀆	⿰求蜜
𳀇	⿰虫罷
𳀈	⿰虫蔓
𳀉	⿰虫審
𳀊	⿱彈虫
𳀋	⿰虫噩
𳀌	⿰虫霓
𳀍	⿰虫磨
𳀎	⿰虫諱
𳀏	⿰虫歛
𳀐	⿱蟲虫
𳀑	⿰虫簾
𳀒	⿰虫贊
𳀓	⿰蜜間
𳀔	⿺毛血
𳀕	⿰血毛
𳀖	⿰血贲
𳀗	⿱微血
𳀘	⿴行天
𳀙	⿴行水
𳀚	⿴行古
𳀛	⿴行白
𳀜	⿴行地
𳀝	⿴行灰
𳀞	⿴行红
𳀟	⿴行炭
𳀠	⿴行⿱火石
𳀡	⿴行勇
𳀢	⿴行臭
𳀣	⿱⿰氵⿱白工行
𳀤	⿴行绿
𳀥	⿴行硝
𳀦	⿴行黄
𳀧	⿴行黑
𳀨	⿴行皓
𳀩	⿴行⿱白金
𳀪	⿴行養
𳀫	⿴行藍
𳀬	⿴行⿱莎金
𳀭	⿰乃衣
𳀮	⿴衣龷
𳀯	⿰衤月
𳀰	⿰乌衣
𳀱	⿰衤号
𳀲	⿱夻衣
𳀳	⿰衤𬉵
𳀴	⿰衤岑
𳀵	⿰衤何
𳀶	⿰衤伯
𳀷	⿰衤冷
𳀸	⿰衤刼
𳀹	⿰衤所
𳀺	⿱刹衣
𳀻	⿰衤匊
𳀼	⿰衤垂
𳀽	⿰衤乖
𳀾	⿰衤厚
𳀿	⿰衤律
𳁀	⿰衤亲
𳁁	⿰衤穿
𳁂	⿱音衣
𳁃	⿰衤怠
𳁄	⿰衤党
𳁅	⿰衤拿
𳁆	⿱救衣
𳁇	⿰衤貫
𳁈	⿰衤𰲝
𳁉	⿰衤麻
𳁊	⿰衤通
𳁋	⿰衤廌
𳁌	⿰歴衣
𳁍	⿰衤磊
𳁎	⿰衤覧
𳁏	⿰衤鑊
𳁐	⿱覀非
𳁑	⿱覀𡬠
𳁒	⿰要臭
𳁓	⿰𬼀見
𳁔	⿱勿見
𳁕	⿺見未
𳁖	⿱𰀢見
𳁗	⿺見显
𳁘	⿺見𢼸
𳁙	⿰雐見
𳁚	⿰聞見
𳁛	⿰角士
𳁜	⿰角小
𳁝	⿰角互
𳁞	⿰角禾
𳁟	⿰角柬
𳁠	⿰角洛
𳁡	⿰角骨
𳁢	⿰角隺
𳁣	⿱減角
𳁤	⿱解会
𳁥	⿰角會
𳁦	⿰角数
𳁧	⿰言丂
𳁨	⿰言下
𳁩	⿰言上
𳁪	⿰言犬
𳁫	⿰言⿴冂？
𳁬	⿰言之
𳁭	⿰言冬
𳁮	⿰言𠯓
𳁯	⿰言明
𳁰	⿱𭁈言
𳁱	⿰言⿹勹𠮷
𳁲	⿰言⿱从龰
𳁳	⿰言⿱羽又
𳁴	⿰言奐
𳁵	⿰言美
𳁶	⿰言隼
𳁷	⿰言𥅍
𳁸	⿰言䙴
𳁹	⿰言粦
𳁺	⿰言雷
𳁻	⿱詔朝
𳁼	⿰讠申
𳁽	⿰讠凼
𳁾	⿰谷且
𳁿	⿰谷鬼
𳂀	⿰請谷
𳂁	⿺醜谷
𳂂	⿰谷闌
𳂃	⿰豆双
𳂄	⿱丰登
𳂅	⿰豆扁
𳂆	⿰豊豊
𳂇	⿰豕休
𳂈	⿰豕委
𳂉	⿰豸尺
𳂊	⿰豸兄
𳂋	⿰豸兑
𳂌	⿰豸面
𳂍	⿰豸⿱左巴
𳂎	⿰豸䝨
𳂏	⿰豸鹿
𳂐	⿰豸貴
𳂑	⿰貝乃
𳂒	⿱元貝
𳂓	⿰貝六
𳂔	⿱央貝
𳂕	⿱⿱十从貝
𳂖	⿰貝此
𳂗	⿱乑貝
𳂘	⿰貝全
𳂙	⿰貝見
𳂚	⿰貝坦
𳂛	⿰買久
𳂜	⿱亮貝
𳂝	⿰貝𢼸
𳂞	⿰買半
𳂟	⿰貝𦊚
𳂠	⿰貝欲
𳂡	⿱侖員
𳂢	⿱⿰臣虫貝
𳂣	⿰貝普
𳂤	⿰貝幾
𳂥	⿰弄賤
𳂦	⿰𬑉貴
𳂧	⿰賣奔
𳂨	⿰買造
𳂩	⿱渚貯
𳂪	⿰貝蹙
𳂫	⿰贝巴
𳂬	⿱不贵
𳂭	⿰赤反
𳂮	⿰赤半
𳂯	⿰它赤
𳂰	⿰者赤
𳂱	⿱堵赤
𳂲	⿱赤堵
𳂳	⿱走𠃍
𳂴	⿺走刀
𳂵	⿺走大
𳂶	⿺走毛
𳂷	⿺走及
𳂸	⿺走申
𳂹	⿺走永
𳂺	⿺走⿹勹水
𳂻	⿺走条
𳂼	⿺走兑
𳂽	⿺走頁
𳂾	⿺走思
𳂿	⿺走斿
𳃀	⿺走韋
𳃁	⿺起豸
𳃂	⿺走帶
𳃃	⿺走⿱辰方
𳃄	⿺走勞
𳃅	⿺越事
𳃆	⿺走過
𳃇	⿰𧾷区
𳃈	⿰𧾷车
𳃉	⿰𧾷孔
𳃊	⿰𧾷弔
𳃋	⿰𧾷丕
𳃌	⿰𧾷以
𳃍	⿰𧾷他
𳃎	⿰𧾷矢
𳃏	⿰𧾷奴
𳃐	⿰𧾷仰
𳃑	⿰𧾷⿱𡈼儿
𳃒	⿰𧾷寻
𳃓	⿰𧾷贡
𳃔	⿰足足
𳃕	⿰𧾷角
𳃖	⿰𧾷金
𳃗	⿰𧾷垢
𳃘	⿰𧾷律
𳃙	⿰𧾷前
𳃚	⿰𧾷党
𳃛	⿰𧾷倫
𳃜	⿰𧾷敉
𳃝	⿰𧾷孫
𳃞	⿰𧾷崙
𳃟	⿰𧾷脱
𳃠	⿰𧾷扈
𳃡	⿰𧾷𫻼
𳃢	⿱堵足
𳃣	⿰𧾷掌
𳃤	⿰𧾷毳
𳃥	⿰𧾷雽
𳃦	⿰𧾷赖
𳃧	⿰𧾷禀
𳃨	⿰𧾷預
𳃩	⿰𧾷罂
𳃪	⿰𧾷鳳
𳃫	⿰𧾷蔗
𳃬	⿱徵足
𳃭	⿰𧾷整
𳃮	⿰足覩
𳃯	⿰𧾷闊
𳃰	⿱𨄙而
𳃱	⿰身大
𳃲	⿰身犬
𳃳	⿰身屯
𳃴	⿰身勾
𳃵	⿰身亚
𳃶	⿰身至
𳃷	⿰身多
𳃸	⿰身更
𳃹	⿰身串
𳃺	⿰身其
𳃻	⿰命身
𳃼	⿰身育
𳃽	⿰身屈
𳃾	⿰身南
𳃿	⿰身真
𳄀	⿰身辱
𳄁	⿰身軗
𳄂	⿰身藏
𳄃	⿰車灭
𳄄	⿰車冉
𳄅	⿰車占
𳄆	⿰車西
𳄇	⿰車秀
𳄈	⿰車武
𳄉	⿰車延
𳄊	⿱保車
𳄋	⿱⿴𢆶車亾
𳄌	⿰車責
𳄍	⿰車盖
𳄎	⿰車參
𳄏	⿰車森
𳄐	⿰車間
𳄑	⿰車戠
𳄒	⿰翥載
𳄓	⿰车尤
𳄔	⿰𠂤辛
𳄕	⿰買辛
𳄖	⿱辰九
𳄗	⿺辶才
𳄘	⿺辶戈
𳄙	⿺辶为
𳄚	⿺辶戊
𳄛	⿺辶平
𳄜	⿺辶灭
𳄝	⿺辶夺
𳄞	⿺辶⿱山𡳾
𳄟	⿺辶男
𳄠	⿺辶旱
𳄡	⿺辶狇
𳄢	⿺辶芳
𳄣	⿺辶泣
𳄤	⿺辶⿱正日
𳄥	⿺辶奎
𳄦	⿺辶㡿
𳄧	⿺辶晋
𳄨	⿺辶⿱兀取
𳄩	⿺辶卨
𳄪	⿰貝近
𳄫	⿺辶鳥
𳄬	⿺毛速
𳄭	⿺辶⿱覀舛
𳄮	⿺辶喜
𳄯	⿺辶越
𳄰	⿺辶閕
𳄱	⿺辶⿱艹隶
𳄲	⿺辶腊
𳄳	⿺辶喿
𳄴	⿰這冰
𳄵	⿰及遇
𳄶	⿰弄速
𳄷	⿰甚迡
𳄸	⿺逐対
𳄹	⿺辶⿱白客
𳄺	⿺辶篇
𳄻	⿺辶⿰禾⿱夕炎
𳄼	⿺辶⿰𣁎糸
𳄽	⿺辶⿱豕㽞
𳄾	⿰卒遺
𳄿	⿺遲甚
𳅀	⿰率遺
𳅁	⿺遜篤
𳅂	⿺辶𰆂
𳅃	⿺辶⿳⿲日日日⿲日日日⿲日日日
𳅄	⿰子⻏
𳅅	⿰耳邑
𳅆	⿰赤邑
𳅇	⿰宋⻏
𳅈	⿰香邑
𳅉	⿰豈⻏
𳅊	⿰畢⻏
𳅋	⿰⿷匸晏⻏
𳅌	⿰⿱品亏⻏
𳅍	⿰嗇⻏
𳅎	⿰⿱旦來⻏
𳅏	⿱執邜
𳅐	⿰酉㘝
𳅑	⿰酉㐱
𳅒	⿰亚酉
𳅓	⿰酉而
𳅔	⿰酉安
𳅕	⿰酉聿
𳅖	⿰肖酉
𳅗	⿰酉谷
𳅘	⿱斩酉
𳅙	⿰酉尚
𳅚	⿰酉眠
𳅛	⿰酉浸
𳅜	⿰酉教
𳅝	⿱斬酉
𳅞	⿰匿酉
𳅟	⿰酉雀
𳅠	⿰酉嗇
𳅡	⿰朱酸
𳅢	⿰酉質
𳅣	⿰酉盧
𳅤	⿰酉𧃲
𳅥	⿰釆凡
𳅦	⿰釆爭
𳅧	⿰釆𪽗
𳅨	⿰采萬
𳅩	⿰重用
𳅪	⿰里甚
𳅫	⿱取厘
𳅬	⿱淡里
𳅭	⿰里琰
𳅮	⿱敖厘
𳅯	⿰金丂
𳅰	⿰金丹
𳅱	⿰金升
𳅲	⿰金六
𳅳	⿰金匜
𳅴	⿰金左
𳅵	⿰金四
𳅶	⿰金兄
𳅷	⿰金他
𳅸	⿰金幼
𳅹	⿱死金
𳅺	⿰金吐
𳅻	⿰金夙
𳅼	⿰金車
𳅽	⿰金狂
𳅾	⿰金岔
𳅿	⿰金伯
𳆀	⿰金沔
𳆁	⿱刾金
𳆂	⿱松金
𳆃	⿰金松
𳆄	⿰金拉
𳆅	⿰金到
𳆆	⿰果金
𳆇	⿰金帖
𳆈	⿰金所
𳆉	⿰金房
𳆊	⿰金店
𳆋	⿰金泊
𳆌	⿰金承
𳆍	⿰金垔
𳆎	⿰金虽
𳆏	⿰金𬙙
𳆐	⿰金眇
𳆑	⿰金炭
𳆒	⿰金虹
𳆓	⿰金苦
𳆔	⿰金昝
𳆕	⿰金𫥎
𳆖	⿰金負
𳆗	⿱信金
𳆘	⿰金信
𳆙	⿰金亯
𳆚	⿰金埋
𳆛	⿰金畟
𳆜	⿰金荆
𳆝	⿰金員
𳆞	⿰金⿸虍斗
𳆟	⿰金倭
𳆠	⿰金爹
𳆡	⿰金射
𳆢	⿰金隻
𳆣	⿰金粉
𳆤	⿰金迶
𳆥	⿰金⿱玄甲
𳆦	⿰金娘
𳆧	⿱䂫金
𳆨	⿰金規
𳆩	⿰金𪿙
𳆪	⿰金堇
𳆫	⿱琉金
𳆬	⿰金⿱罒早
𳆭	⿰金崙
𳆮	⿰金梟
𳆯	⿰金移
𳆰	⿰金⿱生色
𳆱	⿰金笛
𳆲	⿱渐金
𳆳	⿱断金
𳆴	⿰金盖
𳆵	⿰金堃
𳆶	⿲金韋刂
𳆷	⿰金壺
𳆸	⿰金堿
𳆹	⿰金堹
𳆺	⿰金雲
𳆻	⿰金森
𳆼	⿱森金
𳆽	⿰金都
𳆾	⿰金超
𳆿	⿰金虛
𳇀	⿰金⿸虍年
𳇁	⿰金菲
𳇂	⿰金𢔪
𳇃	⿰金氬
𳇄	⿰金殽
𳇅	⿰金智
𳇆	⿰金湛
𳇇	⿱隋金
𳇈	⿰金統
𳇉	⿰金䍜
𳇊	⿰金禽
𳇋	⿰金溥
𳇌	⿰金⿱亠䑕
𳇍	⿰金彙
𳇎	⿱殿金
𳇏	⿰金駁
𳇐	⿰金𢧢
𳇑	⿰金箕
𳇒	⿱鍂全
𳇓	⿰金𮭲
𳇔	⿰金滷
𳇕	⿰金𮥼
𳇖	⿰金養
𳇗	⿰金䛲
𳇘	⿰金蕭
𳇙	⿰金靜
𳇚	⿰金操
𳇛	⿰金勳
𳇜	⿰金寰
𳇝	⿰金磨
𳇞	⿰金燒
𳇟	⿰金簇
𳇠	⿰金題
𳇡	⿰金歸
𳇢	⿰金⿱紅苗
𳇣	⿰金⿱竹鼎
𳇤	⿰金礬
𳇥	⿰鐸某
𳇦	⿰金欝
𳇧	⿲金霜黄
𳇨	⿰金⿱⿰名無異
𳇩	⿰钅介
𳇪	⿰钅卉
𳇫	⿰钅⿱人石
𳇬	⿰钅刹
𳇭	⿰钅宜
𳇮	⿰钅玻
𳇯	⿰钅荣
𳇰	⿰钅莽
𳇱	⿰钅笛
𳇲	⿰钅掌
𳇳	⿰钅虞
𳇴	⿰钅塞
𳇵	⿰镸⿱夭水
𳇶	⿰镸重
𳇷	⿵門工
𳇸	⿵門巴
𳇹	⿵門末
𳇺	⿵門任
𳇻	⿵門朱
𳇼	⿵門芒
𳇽	⿵門足
𳇾	⿵門児
𳇿	⿵門谷
𳈀	⿵門初
𳈁	⿵門取
𳈂	⿵門壴
𳈃	⿵門耑
𳈄	⿰員門
𳈅	⿵門缼
𳈆	⿵門朔
𳈇	⿵門責
𳈈	⿰閉彼
𳈉	⿰門𱑏
𳈊	⿵門离
𳈋	⿰冷閒
𳈌	⿵門晶
𳈍	⿵門臧
𳈎	⿰及闔
𳈏	⿵門隠
𳈐	⿰開魯
𳈑	⿵门车
𳈒	⿰午门
𳈓	⿵门电
𳈔	⿵门在
𳈕	⿵门贡
𳈖	⿵门弄
𳈗	⿵门𭔰
𳈘	⿵门欲
𳈙	⿰𫔭馬
𳈚	⿱𠂤丩
𳈛	⿰⻖于
𳈜	⿰⻖云
𳈝	⿰⻖功
𳈞	⿰⻖尼
𳈟	⿰⻖弄
𳈠	⿰⻖⿱止马
𳈡	⿰⻖君
𳈢	⿰⻖長
𳈣	⿰阜坴
𳈤	⿱阿与
𳈥	⿰⻖京
𳈦	⿰⻖𡿺
𳈧	⿰⻖容
𳈨	⿰⻖差
𳈩	⿰⻖𡘷
𳈪	⿰⻖⿱昇土
𳈫	⿰⻖崇
𳈬	⿰⻖⿱匋土
𳈭	⿰⻖旋
𳈮	⿰⻖壹
𳈯	⿱阿⿺辶𪜀
𳈰	⿱阿批
𳈱	⿱阿來
𳈲	⿰⻖塞
𳈳	⿰⻖睿
𳈴	⿱阿計
𳈵	⿰⻖養
𳈶	⿱阿普
𳈷	⿰⻖豐
𳈸	⿰⻖麗
𳈹	⿰陳排
𳈺	⿰彳隹
𳈻	⿰尾隹
𳈼	⿰苟隹
𳈽	⿱雍公
𳈾	⿰浮隹
𳈿	⿰喬隹
𳉀	⿰雚安
𳉁	⿱雨乞
𳉂	⿱雨五
𳉃	⿱雨日
𳉄	⿱雨末
𳉅	⿱雨叹
𳉆	⿱雨卢
𳉇	⿱雨册
𳉈	⿱雨仙
𳉉	⿱雨禾
𳉊	⿱雨𢖱
𳉋	⿱雨召
𳉌	⿱雨亘
𳉍	⿱雨圭
𳉎	⿱雨車
𳉏	⿺電力
𳉐	⿰雷丁
𳉑	⿱雨𤰜
𳉒	⿱雨𠯐
𳉓	⿱雨別
𳉔	⿱雨我
𳉕	⿱雨乳
𳉖	⿱雨⿰⿸卩𠃌⿺几彡
𳉗	⿱雨泘
𳉘	⿱雨炓
𳉙	⿱雨炎
𳉚	⿱雨⿰弓⿺乚攵
𳉛	⿱雨哈
𳉜	⿱雨洡
𳉝	⿱雨桂
𳉞	⿱雨桓
𳉟	⿱雨釗
𳉠	⿱雨殺
𳉡	⿱雨浮
𳉢	⿱雨𰛮
𳉣	⿱雨浸
𳉤	⿱雨⿰弜戈
𳉥	⿱雨梵
𳉦	⿱雨啊
𳉧	⿱雨𲕄
𳉨	⿱雨鳥
𳉩	⿱雨𣷠
𳉪	⿱雨𳁫
𳉫	⿱雨訛
𳉬	⿱雨淡
𳉭	⿱雨朝
𳉮	⿱雨森
𳉯	⿱雨華
𳉰	⿱雨跛
𳉱	⿱雨㖿
𳉲	⿱雨啼
𳉳	⿱雨⿰飠化
𳉴	⿱雨焱
𳉵	⿱雨絳
𳉶	⿳雨唋土
𳉷	⿱雨䧛
𳉸	⿱霝冉
𳉹	⿱雨⿺鬼水
𳉺	⿱雨𳌳
𳉻	⿱雨⿰言邑
𳉼	⿱雨⿺鬼永
𳉽	⿱雨澄
𳉾	⿱雨潤
𳉿	⿱雨⿸攸⿱田灬
𳊀	⿱雨⿰飠知
𳊁	⿳雨𳁫玉
𳊂	⿱雨⿺鬼冏
𳊃	⿱雨⿺鬼𤰜
𳊄	⿱雨總
𳊅	⿱雨𭋳
𳊆	⿱雨𡂪
𳊇	⿱雨𮫣
𳊈	⿱雨鏡
𳊉	⿱雨𤃢
𳊊	⿱雨鐄
𳊋	⿱雨⿺鬼扇
𳊌	⿱雨聻
𳊍	⿱雨𡅗
𳊎	⿱雨⿺鬼雲
𳊏	⿱雨⿺鬼開
𳊐	⿱雨玃
𳊑	⿱雨⿺鬼維
𳊒	⿱雨讖
𳊓	⿱雨𩵄
𳊔	⿱雨⿺鬼攝
𳊕	⿰青夷
𳊖	⿰男青
𳊗	⿰告青
𳊘	⿱非乇
𳊙	⿰丕非
𳊚	⿱非䜵
𳊛	⿰面來
𳊜	⿰革虫
𳊝	⿰革舟
𳊞	⿰革酉
𳊟	⿰革厓
𳊠	⿰革𮩵
𳊡	⿰革革
𳊢	⿺是革
𳊣	⿰革晏
𳊤	⿰革虒
𳊥	⿰革迷
𳊦	⿰革當
𳊧	⿰革運
𳊨	⿰革綱
𳊩	⿰革魯
𳊪	⿰韋員
𳊫	⿰音勿
𳊬	⿱古音
𳊭	⿰音台
𳊮	⿱𫇦音
𳊯	⿱次音
𳊰	⿰音空
𳊱	⿰音曷
𳊲	⿰章舀
𳊳	⿰舟頁
𳊴	⿰頁成
𳊵	⿰昔頁
𳊶	⿰𮲡頁
𳊷	⿰⿱𠂤止頁
𳊸	⿰𫂵頁
𳊹	⿰隺頁
𳊺	⿰巢頁
𳊻	⿰零頁
𳊼	⿰會頁
𳊽	⿰意頁
𳊾	⿰旦額
𳊿	⿰昔页
𳋀	⿺風干
𳋁	⿺風也
𳋂	⿰句風
𳋃	⿰交風
𳋄	⿺風形
𳋅	⿰⿱龷月風
𳋆	⿰革風
𳋇	⿰南風
𳋈	⿺風南
𳋉	⿺風香
𳋊	⿱俞風
𳋋	⿰愈風
𳋌	⿰風逾
𳋍	⿱枚风
𳋎	⿺风英
𳋏	⿺辶𫖾
𳋐	⿺𲋄暴
𳋑	⿱飛悲
𳋒	⿰飠此
𳋓	⿰飠考
𳋔	⿰飠此
𳋕	⿰飠抗
𳋖	⿰飠把
𳋗	⿰飠𠬶
𳋘	⿰飠取
𳋙	⿱叔食
𳋚	⿰飠咎
𳋛	⿰飠周
𳋜	⿰飠孟
𳋝	⿰飠弩
𳋞	⿰飠爰
𳋟	⿰飠柴
𳋠	⿰飠𭓇
𳋡	⿰飠容
𳋢	⿰飠旁
𳋣	⿰飠庵
𳋤	⿰飠勞
𳋥	⿰𩙿尋
𳋦	⿰飠𱢒
𳋧	⿰餒食
𳋨	⿰饣殳
𳋩	⿰饣夬
𳋪	⿰饣肖
𳋫	⿰饣吝
𳋬	⿰饣宋
𳋭	⿰饣荅
𳋮	⿰饣鬼
𳋯	⿰饣𡨝
𳋰	⿰饣庵
𳋱	⿰饣善
𳋲	⿰饣遣
𳋳	⿰饣畾
𳋴	⿰首豆
𳋵	⿰首侖
𳋶	⿰首彔
𳋷	⿰首堆
𳋸	⿰首答
𳋹	⿰首隊
𳋺	⿰首雷
𳋻	⿰香力
𳋼	⿰香占
𳋽	⿰香咸
𳋾	⿰香英
𳋿	⿰香粗
𳌀	⿸厤香
𳌁	⿰香橐
𳌂	⿰香贊
𳌃	⿰馬方
𳌄	⿰馬立
𳌅	⿰因馬
𳌆	⿰馬名
𳌇	⿰馬合
𳌈	⿰馬呂
𳌉	⿰馬𫲺
𳌊	⿰馬㐬
𳌋	⿱宓馬
𳌌	⿰馬𱻊
𳌍	⿰馬孟
𳌎	⿰馬某
𳌏	⿰馬祭
𳌐	⿰馬焱
𳌑	⿰馬達
𳌒	⿰馬慮
𳌓	⿰馬離
𳌔	⿱⿰面鳥馬
𳌕	⿰马匕
𳌖	⿰马犬
𳌗	⿰马毛
𳌘	⿵𣎆马
𳌙	⿰骨夭
𳌚	⿰骨奔
𳌛	⿰骨或
𳌜	⿰骨間
𳌝	⿰骨肅
𳌞	⿵⿱？冂足
𳌟	⿰高𡉼
𳌠	⿰員高
𳌡	⿰高⿱臼升
𳌢	⿱髟央
𳌣	⿱髟奉
𳌤	⿱髟京
𳌥	⿱髟须
𳌦	⿱髟風
𳌧	⿱髟昬
𳌨	⿱髟隊
𳌩	⿱髟惷
𳌪	⿱髟裏
𳌫	⿱髟𣻃
𳌬	⿱髟頻
𳌭	⿱髟趨
𳌮	⿱⿶⿱𦥑冖缶鬯
𳌯	⿺鬼天
𳌰	⿺鬼元
𳌱	⿺⿱甶儿𠕀
𳌲	⿺鬼攴
𳌳	⿺鬼化
𳌴	⿰夬鬼
𳌵	⿺鬼白
𳌶	⿺鬼旨
𳌷	⿺鬼聿
𳌸	⿺鬼旱
𳌹	⿺尾鬼
𳌺	⿰鬼尾
𳌻	⿰肩鬼
𳌼	⿺鬼咢
𳌽	⿺鬼星
𳌾	⿺鬼飛
𳌿	⿺鬼索
𳍀	⿺嵬孤
𳍁	⿺鬼勝
𳍂	⿺鬼尊
𳍃	⿺鬼弼
𳍄	⿺鬼輔
𳍅	⿰魚天
𳍆	⿺爪魚
𳍇	⿰魚兄
𳍈	⿰魚卯
𳍉	⿰魚㐱
𳍊	⿰魚阞
𳍋	⿰魚吏
𳍌	⿰魚存
𳍍	⿰魚伩
𳍎	⿰魚屰
𳍏	⿰魚两
𳍐	⿰魚否
𳍑	⿰魚束
𳍒	⿰魚坂
𳍓	⿰𧾷魚
𳍔	⿰魚秃
𳍕	⿰魚坐
𳍖	⿱⿱⿱亠口冖魚
𳍗	⿰魚対
𳍘	⿰魚𳑳
𳍙	⿰魚厓
𳍚	⿱玫魚
𳍛	⿱咎魚
𳍜	⿰魚忽
𳍝	⿱放魚
𳍞	⿰魚厚
𳍟	⿰魚頁
𳍠	⿰魚亟
𳍡	⿰魚垔
𳍢	⿰魚勅
𳍣	⿰魚𪾋
𳍤	⿰魚俞
𳍥	⿰魚怱
𳍦	⿳⺈𭍯灬
𳍧	⿰魚架
𳍨	⿰魚姚
𳍩	⿱班魚
𳍪	⿹𣪊魚
𳍫	⿰魚原
𳍬	⿰魚荔
𳍭	⿰魚徐
𳍮	⿱浞魚
𳍯	⿰魚庭
𳍰	⿰魚能
𳍱	⿰魚𢛢
𳍲	⿰麥魚
𳍳	⿰魚敖
𳍴	⿰魚累
𳍵	⿱蛇魚
𳍶	⿰魚梟
𳍷	⿰魚脚
𳍸	⿰魚淮
𳍹	⿰魚宿
𳍺	⿰魚飡
𳍻	⿰魚牽
𳍼	⿰魚⿱品亐
𳍽	⿰魚𰕎
𳍾	⿰魚幾
𳍿	⿰魚費
𳎀	⿰魚飱
𳎁	⿰魚零
𳎂	⿰魚詹
𳎃	⿰魚雋
𳎄	⿰魚劄
𳎅	⿰魚箇
𳎆	⿰⿱关关⿹勹魚
𳎇	⿰魚劉
𳎈	⿰魚劍
𳎉	⿰魚敵
𳎊	⿰魚諸
𳎋	⿰廣魚
𳎌	⿰魚⿱𤇾交
𳎍	⿰魚澤
𳎎	⿰魚勵
𳎏	⿰魚薦
𳎐	⿰魚縻
𳎑	⿰鱼丁
𳎒	⿰鱼化
𳎓	⿰鱼为
𳎔	⿰鱼丑
𳎕	⿰鱼令
𳎖	⿱执鱼
𳎗	⿰鱼肙
𳎘	⿰鱼身
𳎙	⿰鱼㐬
𳎚	⿰鱼奇
𳎛	⿰鱼命
𳎜	⿰鱼享
𳎝	⿰鱼耶
𳎞	⿰鱼要
𳎟	⿰鱼盎
𳎠	⿰鱼奚
𳎡	⿰鱼脊
𳎢	⿰鱼崇
𳎣	⿰鱼笨
𳎤	⿰鱼冀
𳎥	⿰鱼霜
𳎦	⿰鳥匹
𳎧	⿱扎鳥
𳎨	⿰鳥支
𳎩	⿰升鳥
𳎪	⿰鳥孔
𳎫	⿰世鳥
𳎬	⿰鳥巧
𳎭	⿰另鳥
𳎮	⿰鳥乍
𳎯	⿰皮鳥
𳎰	⿱夹鳥
𳎱	⿰鳥而
𳎲	⿱执鳥
𳎳	⿰鳥夷
𳎴	⿰宇鳥
𳎵	⿰关鳥
𳎶	⿰鳥礼
𳎷	⿱𢆶鳥
𳎸	⿰吞鳥
𳎹	⿰呈鳥
𳎺	⿰矣鳥
𳎻	⿱壯鳥
𳎼	⿰拐鳥
𳎽	⿸厂𲾅
𳎾	⿱⿰牙攵鳥
𳎿	⿰押鳥
𳏀	⿰丽鳥
𳏁	⿰厓鳥
𳏂	⿱叔鳥
𳏃	⿰肯鳥
𳏄	⿰固鳥
𳏅	⿰鳥虎
𳏆	⿰岳鳥
𳏇	⿱和鳥
𳏈	⿰和鳥
𳏉	⿱宓鳥
𳏊	⿱放鳥
𳏋	⿰阿鳥
𳏌	⿰鳥冒
𳏍	⿰鳥則
𳏎	⿰⿱目火鳥
𳏏	⿰品鳥
𳏐	⿰禹鳥
𳏑	⿱秌鳥
𳏒	⿰恨鳥
𳏓	⿰鳥冠
𳏔	⿰亯鳥
𳏕	⿰弯鳥
𳏖	⿱⿰召殳鳥
𳏗	⿰馬鳥
𳏘	⿸㕍鳥
𳏙	⿰茶鳥
𳏚	⿰鳥桀
𳏛	⿱旅鳥
𳏜	⿰旁鳥
𳏝	⿱祝鳥
𳏞	⿰桑鳥
𳏟	⿰戚鳥
𳏠	⿰欶鳥
𳏡	⿰莊鳥
𳏢	⿰崖鳥
𳏣	⿱炏鳳
𳏤	⿰貫鳥
𳏥	⿰斑鳥
𳏦	⿰貴鳥
𳏧	⿱⿶⿱𦥑冖与鳥
𳏨	⿰欽鳥
𳏩	⿰鳥𤊙
𳏪	⿰善鳥
𳏫	⿰雇鳥
𳏬	⿰渺鳥
𳏭	⿱𢧐鳥
𳏮	⿰畫鳥
𳏯	⿱幹鳥
𳏰	⿰碎鳥
𳏱	⿱敬鳥
𳏲	⿰貲鳥
𳏳	⿰虜鳥
𳏴	⿰鳥粤
𳏵	⿱雍鳥
𳏶	⿰叠鳥
𳏷	⿸厭鳥
𳏸	⿰截鳥
𳏹	⿰潄鳥
𳏺	⿰實鳥
𳏻	⿰鴈鳥
𳏼	⿰⿱句奚鳥
𳏽	⿱賏⿱宀鳥
𳏾	⿰爵鳥
𳏿	⿱輿鳥
𳐀	⿰刁鸟
𳐁	⿰义鸟
𳐂	⿰匹鸟
𳐃	⿸厂⿰亻鸟
𳐄	⿰中鸟
𳐅	⿰末鸟
𳐆	⿰白鸟
𳐇	⿱老鸟
𳐈	⿰匠鸟
𳐉	⿰任鸟
𳐊	⿰应鸟
𳐋	⿱判鸟
𳐌	⿰雨鸟
𳐍	⿰𠦝鸟
𳐎	⿰鸟眇
𳐏	⿰臾鸟
𳐐	⿰架鸟
𳐑	⿸倝鸟
𳐒	⿱敞鸟
𳐓	⿰鸟敦
𳐔	⿰童鸟
𳐕	⿰登鸟
𳐖	⿰𨥫鸟
𳐗	⿰鹵犬
𳐘	⿰鹵𠬶
𳐙	⿰鹵奄
𳐚	⿰鹵麻
𳐛	⿰心鹹
𳐜	⿰卤肖
𳐝	⿰卤咸
𳐞	⿰卤曼
𳐟	⿸鹿日
𳐠	⿸鹿心
𳐡	⿸鹿引
𳐢	⿸鹿付
𳐣	⿸鹿令
𳐤	⿸鹿𢎤
𳐥	⿰鹿匡
𳐦	⿸鹿臣
𳐧	⿰鹿有
𳐨	⿸鹿肉
𳐩	⿸鹿早
𳐪	⿸鹿合
𳐫	⿸鹿酉
𳐬	⿸鹿吾
𳐭	⿸鹿囯
𳐮	⿸鹿角
𳐯	⿸鹿免
𳐰	⿰鹿寽
𳐱	⿸鹿汪
𳐲	⿰鹿奇
𳐳	⿸鹿其
𳐴	⿰鹿夌
𳐵	⿸鹿侖
𳐶	⿰鹿京
𳐷	⿰鹿咸
𳐸	⿱鹿英
𳐹	⿸鹿音
𳐺	⿸鹿癸
𳐻	⿸鹿原
𳐼	⿸鹿留
𳐽	⿰鹿隽
𳐾	⿸鹿郡
𳐿	⿸鹿敖
𳑀	⿸鹿戚
𳑁	⿸鹿國
𳑂	⿰鹿悤
𳑃	⿸鹿涼
𳑄	⿸鹿靈
𳑅	⿺麥失
𳑆	⿺麥宗
𳑇	⿺麦替
𳑈	⿰黍⿱刀刀
𳑉	⿰黍连
𳑊	⿰黍魚
𳑋	⿱龸黑
𳑌	⿰黑白
𳑍	⿰黑仕
𳑎	⿰黑原
𳑏	⿰黑𫐓
𳑐	⿰黑滛
𳑑	⿰黹弗
𳑒	⿱尔黾
𳑓	⿰鼎蒦
𳑔	⿱鼓弄
𳑕	⿰鼠予
𳑖	⿰鼠立
𳑗	⿰鼠回
𳑘	⿰鼠休
𳑙	⿺鼠多
𳑚	⿰鼠安
𳑛	⿰鼠夆
𳑜	⿰鼠余
𳑝	⿰鼠戾
𳑞	⿰鼠炎
𳑟	⿰匽鼠
𳑠	⿰鼠段
𳑡	⿰鼠音
𳑢	⿰鼠扁
𳑣	⿰鼠癸
𳑤	⿺鼠飛
𳑥	⿰鼠票
𳑦	⿰鼻近
𳑧	⿰鼻能
𳑨	⿰並齊
𳑩	⿰令齒
𳑪	⿰齒羽
𳑫	⿰齒成
𳑬	⿰齒助
𳑭	⿰齒㖾
𳑮	⿰齿亍
𳑯	⿰齿衣
𳑰	⿰齿角
𳑱	⿰齿蚩
𳑲	⿰歯或
𳑴	⿺龍内
𳑵	⿺龍朋
𳑶	⿱龍魚
𳑷	⿰竜奇
𳑸	⿺竜重
𳑹	⿺𱷥中
豈	⿱山豆
更	更
車	車
賈	賈
滑	滑
串	串
句	句
龜	龜
龜	龜
契	契
金	金
喇	喇
奈	奈
懶	懶
癩	癩
羅	羅
蘿	蘿
螺	螺
裸	裸
邏	邏
樂	樂
洛	洛
烙	烙
珞	珞
落	落
酪	酪
駱	駱
亂	亂
卵	卵
爛	爛
蘭	蘭
鸞	鸞
嵐	嵐
濫	濫
藍	藍
襤	襤
拉	拉
臘	臘
蠟	蠟
浪	浪
狼	狼
郎	郎
來	來
冷	冷
勞	勞
擄	擄
櫓	櫓
爐	爐
盧	盧
老	老
蘆	蘆
路	路
露	露
魯	魯
鷺	鷺
碌	碌
祿	祿
綠	綠
菉	菉
錄	錄
鹿	鹿
論	論
壟	壟
弄	弄
籠	籠
聾	聾
牢	牢
磊	磊
賂	賂
雷	雷
壘	壘
屢	屢
樓	樓
淚	淚
漏	漏
累	累
縷	縷
陋	陋
勒	勒
肋	肋
凜	凜
凌	凌
稜	稜
綾	綾
菱	菱
陵	陵
讀	讀
拏	拏
樂	樂
諾	諾
丹	丹
寧	寧
怒	怒
率	率
異	異
北	北
磻	磻
便	便
復	復
不	不
泌	泌
數	數
索	索
參	參
塞	塞
省	省
葉	葉
說	說
辰	辰
沈	沈
拾	拾
若	若
掠	掠
略	略
亮	亮
兩	兩
凉	凉
梁	梁
糧	糧
良	艮
諒	諒
量	量
勵	勵
呂	呂
女	女
廬	廬
旅	旅
濾	濾
礪	礪
閭	閭
驪	驪
麗	麗
黎	黎
力	力
曆	曆
歷	歷
轢	轢
年	年
憐	憐
戀	戀
撚	撚
漣	漣
煉	煉
璉	璉
秊	秊
練	練
聯	聯
輦	輦
蓮	蓮
連	連
鍊	鍊
列	列
劣	劣
咽	咽
烈	烈
裂	裂
說	說
廉	廉
念	念
捻	捻
殮	殮
簾	簾
獵	獵
令	令
囹	囹
寧	寧
嶺	嶺
怜	怜
玲	玲
瑩	瑩
羚	羚
聆	聆
鈴	鈴
零	零
靈	靈
領	領
例	例
禮	禮
醴	醴
隸	隸
惡	惡
了	了
僚	僚
寮	寮
尿	尿
料	料
樂	樂
燎	燎
療	療
蓼	蓼
遼	遼
龍	龍
暈	暈
阮	阮
劉	劉
杻	杻
柳	柳
流	流
溜	溜
琉	琉
留	留
硫	硫
紐	紐
六	六
戮	戮
陸	陸
倫	倫
崙	崙
淪	淪
輪	輪
律	律
慄	慄
栗	栗
率	率
利	利
吏	吏
履	履
易	易
李	李
梨	梨
泥	泥
理	理
痢	痢
罹	罹
裏	裏
裡	裡
里	里
離	離
匿	匿
溺	溺
吝	吝
燐	燐
璘	璘
藺	藺
隣	隣
鱗	鱗
麟	麟
林	林
淋	淋
臨	臨
立	立
笠	笠
粒	粒
狀	狀
炙	炙
識	識
什	什
茶	茶
刺	刺
切	切
度	度
拓	拓
糖	糖
宅	宅
洞	洞
暴	暴
輻	輻
行	行
降	降
見	見
廓	廓
兀	兀
嗀	嗀
晴	晴
益	⿱⿱⿱八一八皿
礼	⿰示乚
靖	⿰立靑
精	⿰米靑
羽	羽
逸	⿺⻌？
飯	飯
飼	飼
館	⿰⻞官
鶴	⿰寉鳥
郞	⿰良阝
隷	⿰⿱士示隶
恵	⿱⿺𤰔丶心
𤋮	⿱𭘍灬
舘	⿰舍官
𢡊	⿰忄⿱⿰夭夭心
丽	⿰⿱一𠔼⿱一𠔼
丸	⿻九丶
𠄢	⿴二囘
你	⿰亻尓
侮	⿰亻毎
侻	⿰亻兑
倂	⿰亻幷
偺	⿰亻⿱⿺夂卜日
備	⿰亻⿱卝⿸丆用
僧	⿰亻曽
像	⿰亻𧰼
㒞	⿰亻嶲
𠘺	⿱？儿
免	⿱刀⿱𫩏儿
兔	⿷免丶
兤	⿰光？
具	⿱目𬺢
𠔜	⿱𦥔⿱一八
㒹	⿰？？
內	⿻冂人
再	⿱一？
𠕋	⿻⿰冂冂二
冗	⿱冖儿
冤	⿱冖兔
仌	⿱人人
冬	⿱夂冫
况	⿰二兄
𩇟	⿰冫⿰靑見
刃	⿻刀丶
㓟	⿰皮刂
刻	⿰⿱？⿸？人刂
剆	⿰良刂
割	⿰？刂
剷	⿰産刂
㔕	⿺气力
勇	⿱？力
勉	⿺？力
勤	⿰⿱⺾？力
勺	⿹勹一
包	⿹勹己
匆	⿻勿乀
北	⿰？匕
卉	⿱十廾
博	⿰十⿱⿺⿻十日丶寸
即	⿰？卩
卽	⿰？卩
卿	⿲𠂎？卩
卿	⿴卯？
卿	⿴卯皀
𠨬	⿸𠂆𠤎
灰	⿸厂火
叟	⿱申又
𠭣	⿰⿱？𧰨又
叫	⿰口？
叱	⿰口匕
吆	⿰口么
咞	⿰口开
吸	⿰口及
呈	⿱口王
周	⿵？口
咢	⿱吅亐
哶	⿰口𦍋
唐	⿸广⿱？口
啓	⿱⿰戸攵口
啣	⿰口缷
善	⿱⿱羊？口
善	⿱⿱𦍌⺾口
喙	⿰口⿱？𧰨
喫	⿰口⿱⿰龶刀大
喳	⿰口査
嗂	⿰口？
圖	⿴囗⿳厶十回
嘆	⿰口𦰩
圗	⿴囗⿳厶？囬
噑	⿰口⿳白⿲𠄠丨𠄠十
噴	⿰口賁
切	⿰土刀
壮	⿰丬土
城	⿰土成
埴	⿰土⿱匕⿺𠃊目
堍	⿰土兔
型	⿱𠛬土
堲	⿱？土
報	⿰？㞋
墬	⿱⿰⻖⿱？𧰨土
𡓤	⿰土？
売	⿱士？
壷	⿳士冖亞
夆	⿱夂？
多	多
夢	⿳？冖夕
奢	⿱大者
𡚨	⿰女匕
𡛪	⿰女𡯎
姬	⿰女𦣝
娛	⿰女？
娧	⿰女兑
姘	⿰女幷
婦	⿰女⿳？冖巾
㛮	⿰女⿳穴人又
㛼	⿰女？
嬈	⿰女⿱垚几
嬾	⿰女？
嬾	⿰女頼
𡧈	⿱宀亏
寃	⿱宀兔
寘	⿱宀？
寧	⿱⿳宀心罒丁
寳	⿷⿱⿱宀王貝尔
𡬘	⿰？？
寿	⿸？寸
将	⿰丬⿱？寸
当	⿱小？
㞁	⿺尢？
屠	⿸尸者
屮	⿻凵丿
峀	⿱山由
岍	⿰山幵
𡷤	⿰山？
嵃	⿰山彥
𡷦	⿱？山
嵮	⿰山？
嵫	⿰山？
嵼	⿰山産
巡	⿺⻍巛
巢	⿱⿱巛𦥔木
巽	⿱⿰巳巳共
帨	⿰巾兑
帽	⿰巾冒
幩	⿰巾賁
㡢	⿰巾⿱⿱冃罒方
𢆃	⿰巾𧃰
㡼	⿸广曳
庰	⿸广幷
庳	⿸广？
庶	⿸石⺣
廊	⿸广郞
𪎒	⿸？？
廾	⿰𠂇十
𢌱	⿱？？
𢌱	⿱？廾
舁	⿱臼？
弢	⿰弓⿱山又
弢	⿰弓⿱屮又
㣇	⿱？𢁓
𣊸	⿰曶？
𦇚	⿱彑⿰？？
形	⿰幵彡
彫	⿰周彡
㣣	⿰彳㚒
徚	⿰彳東
忍	⿱刃心
志	⿱𰀁心
忹	⿰忄王
悁	⿰忄䏍
㤺	⿰忄？
㤜	⿰忄戌
悔	⿰忄毎
𢛔	⿰忄柬
惇	⿰忄⿳？？子
慈	⿱？心
慌	⿰忄𮎰
慎	⿰忄？
慌	⿰忄？
慺	⿰忄？
憎	⿰忄曽
憲	⿱？心
憤	⿰忄賁
憯	⿰忄⿱？日
懞	⿰忄⿱？冡
懲	⿱？心
懶	⿰忄頼
成	⿵戌亅
戛	⿱？戈
扝	⿰扌亐
抱	⿰扌包
拔	⿰扌？
捐	⿰扌䏍
𢬌	⿰扌⿱丿？
挽	⿰扌免
拼	⿰扌幷
捨	⿰扌舎
掃	⿰扌⿳？冖巾
揤	⿰扌？
𢯱	⿰扌？
搢	⿰扌晋
揅	⿱？手
掩	⿰扌𡘹
㨮	⿰扌⿱⿲？白？几
摩	⿸？手
摾	⿰扌强
撝	⿰扌？
摷	⿰扌巢
㩬	⿰扌？
敏	⿰毎攵
敬	⿰？攵
𣀊	⿰亷攵
旣	？
書	書
晉	⿳一？日
㬙	⿰日為
暑	⿱日者
㬈	⿰日𥁕
㫤	⿱日永
冒	⿱日目
冕	⿱日？
最	⿱日取
暜	⿱竝曰
肭	⿰？內
䏙	⿰？冘
朗	⿰良？
望	⿱⿰？？王
朡	⿰？㚇
杞	⿰木已
杓	⿰木勺
𣏃	⿻木？
㭉	⿱卝木
柺	⿰木另
枅	⿰木幵
桒	⿱𠦄木
梅	⿰木毎
𣑭	⿰木𠕋
梎	⿰木⿱白匕
栟	⿰木幷
椔	⿰木甾
㮝	⿰木？
楂	⿰木査
榣	⿰木？
槪	⿰木？
檨	⿰木？
𣚣	⿰木異
櫛	⿰木⿱⺮？
㰘	⿰木？
次	⿰冫欠
𣢧	⿰臾欠
歔	⿰？欠
㱎	⿰⿱⿱罒水魚欠
歲	⿱止𫀄
殟	⿰歹昷
殺	⿰杀？
殻	⿺？？
𣪍	⿰？？
𡴋	⿱屮母
𣫺	⿰每⿱？⺼
汎	⿰氵𠁽
𣲼	⿰氵⿻冖九
沿	⿰氵⿱几口
泍	⿰氵𠥽
汧	⿰氵幵
洖	⿰氵吳
派	？
海	⿰氵毎
流	⿰氵⿳？厶𫶧
浩	⿰氵吿
浸	⿰氵⿳？冖又
涅	⿰氵⿱日工
𣴞	𣴞
洴	⿰氵幷
港	⿰氵⿱共己
湮	⿰氵⿱覀土
㴳	⿰氵⿰土？
滋	⿰氵茲
滇	⿰氵？
𣻑	⿰氵⿰杀？
淹	⿰氵𡘹
潮	⿰氵？
𣽞	⿰氵⿱日⿱⿺夂卜口
𣾎	⿰氵⿱⿱⿻丂叹一灬
濆	⿰氵賁
瀹	⿰氵⿳亼罒𠕁
瀞	⿰氵？
瀛	⿰氵𡣍
㶖	⿰氵⿰？⿱夂黑
灊	⿰氵⿱⿰旡旡？
災	⿱𡿧火
灷	⿱火廾
炭	⿸？火
𠔥	⿳？？灬
煅	煅
𤉣	⿰火甾
熜	⿰火？
𤎫	⿳炎共人
爨	⿱興𤍾
爵	⿱爵？
牐	⿰片？
𤘈	⿱牙𦥑
犀	⿸尿牛
犕	⿰牜？
𤜵	⿰犭幵
𤠔	⿰犭貟
獺	⿰犭頼
王	王
㺬	⿰𤣩？
玥	⿰𤣩⺼
㺸	⿱𠆩王
㺸	⿱𠆩玉
瑇	⿰𤣩？
瑜	⿰𤣩？
瑱	⿰𤣩？
璅	⿰𤣩巢
瓊	⿰𤣩⿳⿱𠂊囚目夂
㼛	⿰幵瓦
甤	⿰？生
𤰶	？
甾	⿱𡿧田
𤲒	⿰田并
異	⿱田？
𢆟	⿰由？
瘐	⿸疒㬰
𤾡	⿰白為
𤾸	⿰白蔿
𥁄	⿱亏皿
㿼	⿱幵皿
䀈	⿱？皿
直	⿺𠃊𥃭
𥃳	⿰目亏
𥃲	⿱目廾
𥄙	⿰目？
𥄳	？
眞	？
真	？
真	⿱直八
睊	⿰目䏍
䀹	⿰目夾
瞋	⿰目？
䁆	⿰目𡘹
䂖	⿸⿸丆丨口
𥐝	⿰石勺
硎	⿰石𠛬
碌	⿰石？
磌	⿰石真
䃣	⿰石？
𥘦	⿰礻攵
祖	⿰？且
𥚚	𥚚
𥛅	⿰礻⿱卯田
福	⿰礻⿳一？田
秫	⿰禾术
䄯	⿰禾幵
穀	⿰⿳士冖禾？
穊	⿰禾？
穏	⿰禾？
𥥼	⿱？？
𥪧	⿰立？
𥪧	⿰立真
竮	⿰立？
䈂	⿱⺮幷
𥮫	⿱⺮？
篆	⿱⺮⿱？𧰨
築	⿱𥬑木
䈧	⿱⺮？
𥲀	⿱⺮巢
糒	⿰米？
䊠	⿱？米
糨	⿰米强
糣	⿰米？
紀	⿰糸已
𥾆	⿰糸？
絣	⿰糸幷
䌁	⿰糸？
緇	⿰糸甾
縂	⿰糸？
繅	⿰糸巢
䌴	⿰糸𡣍
𦈨	⿰缶幵
𦉇	⿰缶？
䍙	⿱罒每
𦋙	⿱网𡘹
罺	⿱罒巢
𦌾	？
羕	⿱𦍌𣱵
翺	⿰⿱自？？
𦓚	⿰卮？
𦔣	⿰？⿱？？
聠	⿰耳幷
𦖨	⿱刺耳
聰	⿰耳？
𣍟	⿱⿱冖一⺼
䏕	䏕
育	⿱⿱？厶？
脃	⿰？色
䐋	⿰⺼忩
脾	⿰⺼？
媵	⿸⿰⺼？女
𦞧	⿰⺼留
𦞵	⿰⺼⿱白本
𣎓	⿰⺼旋
𣎜	⿰⺼？
舁	⿱𦥑廾
舄	⿱？？
辞	⿰？辛
䑫	⿰舟幷
芑	⿱⺿已
芋	⿱⺾于
芝	⿱⺾之
劳	⿱？力
花	⿱⺾？
芳	⿱艸方
芽	⿱⺾牙
苦	⿱⺾古
𦬼	⿱⺿尔
若	⿱⺾右
茝	⿱⺿𦣝
荣	⿱？木
莭	⿱⻀即
茣	⿱⺿吴
莽	⿴？大
菧	⿱⺾㡳
著	⿱⺾者
荓	⿱⺾幷
菊	⿱⺾匊
菌	⿱⺾囷
菜	⿱⺾采
𦰶	？
𦵫	⿱⺾⿱⿱丅冖糸
𦳕	⿴？早
䔫	⿱⺾⿰𤴔朿
蓱	⿱⺾洴
蓳	？
蔖	⿱⺾⿸？旦
𧏊	𧏊
蕤	⿺⿱⺾？生
𦼬	⿱？皿
䕝	⿱⺾？
䕡	⿱⺿閭
𦾱	⿱⺿摷
𧃒	⿱⺾縷
䕫	⿱⺾⿱⿲止自㔾⿱八夂
虐	⿸？𰀂
虜	⿸？男
虧	⿰？亐
虩	⿰𡭽？
蚩	⿱㞢虫
蚈	⿰虫幵
蜎	⿰虫䏍
蛢	⿰虫幷
蝹	⿰虫昷
蜨	⿰虫⿳⺊？龰
蝫	⿰虫者
螆	⿰虫兹
䗗	⿰虫筓
蟡	⿰虫？
蠁	⿱？虫
䗹	⿰虫慈
衠	⿴行？
衣	？
𧙧	⿰衤开
裗	⿰衤⿳？厶𫶧
裞	⿰衤兑
䘵	⿰衤？
裺	⿰衤𡘹
㒻	⿱日見
𧢮	⿰？見
𧥦	⿰言亏
䚾	⿰言？
䛇	⿰言⿱几口
誠	⿰言⿵戊丅
諭	⿰言？
變	⿱？夂
豕	？
𧲨	⿰豸幵
貫	⿱母貝
賁	⿱𠦄貝
贛	⿸⿰章⿱夂𡕒貝
起	⿺走己
𧼯	⿺走？
𠠄	⿺走削
跋	跋
趼	⿰𧾷幵
跰	⿰𧾷幷
𠣞	𠣞
軔	⿰車刄
輸	⿰車？
𨗒	⿺⻍⿱雨𡈼
𨗭	⿺⻍⿳𦥔八土
邔	⿰已⻏
郱	⿰幷⻏
鄑	⿰晋⻏
𨜮	？
鄛	⿰巢⻖
鈸	？
鋗	⿰金䏍
鋘	⿰金？
鉼	⿰金幷
鏹	⿰金强
鐕	⿰金⿱？日
𨯺	𨯺
開	⿵門幵
䦕	⿵門幷
閷	⿰杀閃
𨵷	⿵門𥁕
䧦	⿰⻖為
雃	⿰幵隹
嶲	⿱屮雋
霣	⿱雨貟
𩅅	⿱雨洴
𩈚	⿰面幷
䩮	⿰革？
䩶	⿰革蚩
韠	⿰韋畢
𩐊	⿰市⿱次韭
䪲	⿰？頁
𩒖	⿰开頁
頋	⿰⿸厂㔾頁
頋	⿰⿸厂巳頁
頩	⿰幷頁
𩖶	⿺風术
飢	⿰飠儿
䬳	⿰⻟？
餩	？
馧	⿰香昷
駂	⿰𠤏馬
駾	⿰馬兑
䯎	⿰？？
𩬰	⿱髟⿰工？
鬒	⿱髟真
鱀	⿱？魚
鳽	⿰幵鳥
䳎	⿰𦥑鳥
䳭	⿰即鳥
鵧	⿰幷鳥
𪃎	⿰？鳥
䳸	⿸？鳥
𪄅	⿱？鳥
𪈎	⿰頼鳥
𪊑	⿸？幵
麻	⿸广𣏟
䵖	⿱𠭃黍
黹	⿱？？
黾	⿱口？
鼅	⿱知？
鼏	鼏
鼖	⿱𠦄鼓
鼻	⿱自𢌿
𪘀	⿰齒幷
並	⿱䒑⑥
况	⿰二兄
全	⿱人王
侀	⿰亻𠛬
充	⿱𠫓儿
冀	⿱北異
勇	⿱甬力
勺	⿹勹丶
喝	⿰口⿱日匂
啕	⿰口⿹勹𦈢
喙	⿰口⿱彐𧰨
嗢	⿰口昷
塚	⿰土⿱冖豕
墳	⿰土賁
奄	⿱大⿻日乚
奔	⿱大卉
婢	⿰女𤰞
嬨	⿰女⿱玆心
廒	⿸广敖
廙	⿸广異
彩	⿰釆彡
徭	⿰彳⿱爫𠙻
惘	⿰忄㒺
慎	⿰忄⿳十且八
愈	⿱⿱𠓛刖心
憎	⿰忄⿳八田日
慠	⿰忄敖
懲	⿱徴心
戴	⿹𢦏異
揄	⿰扌⿱𠓛刖
搜	⿰扌⿱𦥔又
摒	⿰土屏
敖	⿰𫠤攵
晴	⿰日青
朗	⿰⿱丶⑤月
望	⿱⿰亡⿴𠂊⺀𡈼
杖	⿰木𠀋
歹	⿱一夂
殺	⿰杀殳
流	⿰氵⿱𠫓𫶧
滛	⿰氵⿱爫𠙻
滋	⿰氵玆
漢	⿰氵𦰩
瀞	⿰氵靜
煮	⿱者灬
瞧	⿱睢灬
爵	⿳爫罒⿰⑤寸
犯	⿰犭巳
猪	⿰犭者
瑱	⿰王真
甆	⿱玆瓦
画	⿱一⿶凵由
瘝	⿸疒⿱罒水
瘟	⿸疒昷
益	⿱⿱䒑八皿
盛	⿱成皿
直	⿱十⿴且一
睊	⿰目䏍
着	⿸羊目
磌	⿰石真
窱	⿱穴⿰⿰亻丨⿱夂朩
節	⿱竹即
类	⿱米犬
絛	⿰⿰亻丨⿱夂糸
練	⿰糸東
缾	⿰缶幷
者	⿸耂日
荒	⿳艹兦𫶧
蝹	⿰虫𥁕
襁	⿰衤強
覆	⿱襾復
視	⿰礻見
調	⿰言⿵⺆𠮷
諸	⿰言者
請	⿰言青
謁	⿰言⿱日匂
諾	⿰言⿱艹右
諭	⿰言俞
謹	⿰言⿱廿⿻口土
變	⿱䜌夂
贈	⿰貝⿳八田日
輸	⿰車俞
遲	⿺辶𫵠
醙	⿰酉⿱𦥔又
鉶	⿰金𠛬
陼	⿰阝者
難	⿰𦰩隹
靖	⿰立青
韛	⿰韋𤰇
響	⿱郷音
頋	⿰⿸厂巳頁
頻	⿰歩頁
鬒	⿱髟真
𢡄	⿰忄⿱⿰夭夭日
𣏕	⿰木朮
㮝	⿰木郤
䀘	⿰目幵
䀹	⿰目㚒
𥉉	⿲目⿰亻丨⿱夂朩
𥳐	⿱竹開
𧻓	⿺走幷
齃	⿰鼻⿱日匂
龎	⿸厂龍
者	⿸耂⿱丶日
華	⿱艹⑦
龜	⿱⺈⿷⿻？？？
乁	
凵	
卑	⿱丿𤰞
及	
尢	⿸𠂇乚
㠯	⿰丨⿱？？
𲎰	
𲎱	
𲎲	
𲏆	
𲓟	
𳑳	
